date,SND baseline,Phase 6 locked candidate
2019-05-06,,
2019-05-07,,
2019-05-08,,
2019-05-09,,
2019-05-10,,
2019-05-11,,
2019-05-12,,
2019-05-13,,
2019-05-14,,
2019-05-15,,
2019-05-16,,
2019-05-17,,
2019-05-18,,
2019-05-19,,
2019-05-20,,
2019-05-21,,
2019-05-22,,
2019-05-23,,
2019-05-24,,
2019-05-25,0.9285714285714286,-5.484375
2019-05-26,0.9285714285714286,-5.484375
2019-05-27,1.052325581395349,-5.484375
2019-05-28,2.284090909090909,-5.425675675675675
2019-05-29,2.0572916666666665,-4.6125
2019-05-30,0.6078431372549019,-4.865853658536586
2019-05-31,-0.2688679245283019,-5.691860465116279
2019-06-01,-0.2688679245283019,-5.691860465116279
2019-06-02,-0.4305555555555556,-5.767045454545454
2019-06-03,0.793859649122807,-3.641304347826087
2019-06-04,-0.5208333333333334,-3.7127659574468086
2019-06-05,-0.819672131147541,-2.0625
2019-06-06,0.2782258064516129,-2.4019607843137254
2019-06-07,0.7757352941176471,-0.022727272727272728
2019-06-08,0.7757352941176471,-0.022727272727272728
2019-06-09,0.7757352941176471,-0.022727272727272728
2019-06-10,1.0357142857142858,-0.022727272727272728
2019-06-11,1.9075342465753424,-0.36637931034482757
2019-06-12,1.7833333333333334,-0.44583333333333336
2019-06-13,1.5584415584415585,-0.6229508196721312
2019-06-14,1.5759493670886076,-0.38306451612903225
2019-06-15,1.5759493670886076,-0.38306451612903225
2019-06-16,1.5759493670886076,-0.38306451612903225
2019-06-17,1.5061728395061729,-0.32421875
2019-06-18,1.3764705882352941,-0.4307692307692308
2019-06-19,1.4073033707865168,-1.0326086956521738
2019-06-20,0.6263736263736264,-1.1901408450704225
2019-06-21,0.4483695652173913,-1.3923611111111112
2019-06-22,0.4483695652173913,-1.3923611111111112
2019-06-23,0.4483695652173913,-1.3923611111111112
2019-06-24,0.4401041666666667,-1.162162162162162
2019-06-25,1.7396907216494846,-1.575657894736842
2019-06-26,1.8535353535353536,-1.146103896103896
2019-06-27,1.6782178217821782,-1.415625
2019-06-28,1.8480392156862746,-1.415625
2019-06-29,1.8480392156862746,-1.415625
2019-06-30,1.8480392156862746,-1.415625
2019-07-01,2.125,-0.9847560975609756
2019-07-02,2.3154205607476634,-0.5148809523809523
2019-07-03,2.1136363636363638,-0.6724137931034483
2019-07-04,1.90625,-0.6544943820224719
2019-07-05,1.4051724137931034,-0.8611111111111112
2019-07-06,1.4051724137931034,-0.8611111111111112
2019-07-07,1.4051724137931034,-0.8611111111111112
2019-07-08,1.3347457627118644,-0.9313186813186813
2019-07-09,0.9648760330578512,-1.14247311827957
2019-07-10,0.6350806451612904,-1.2657894736842106
2019-07-11,0.34523809523809523,-1.34375
2019-07-12,0.234375,-1.4097938144329898
2019-07-13,0.234375,-1.4097938144329898
2019-07-14,0.1434108527131783,-1.4097938144329898
2019-07-15,0.07633587786259542,-1.4671717171717171
2019-07-16,0.39849624060150374,-1.0123762376237624
2019-07-17,0.32649253731343286,-1.0490196078431373
2019-07-18,0.8833333333333333,-1.1538461538461537
2019-07-19,0.391304347826087,-1.3985849056603774
2019-07-20,0.391304347826087,-1.3985849056603774
2019-07-21,0.391304347826087,-1.3985849056603774
2019-07-22,0.2375886524822695,-1.4768518518518519
2019-07-23,-0.09246575342465753,-1.8274336283185841
2019-07-24,-0.3875838926174497,-2.126086956521739
2019-07-25,-0.6185064935064936,-2.35
2019-07-26,-0.38225806451612904,-2.0330578512396693
2019-07-27,-0.38225806451612904,-2.0330578512396693
2019-07-28,-0.38225806451612904,-2.0330578512396693
2019-07-29,-0.23076923076923078,-2.1077235772357725
2019-07-30,-0.19025157232704404,-2.1370967741935485
2019-07-31,0.2822085889570552,-1.4173228346456692
2019-08-01,2.036144578313253,-0.04007633587786259
2019-08-02,2.473529411764706,-0.04007633587786259
2019-08-03,2.473529411764706,-0.04007633587786259
2019-08-04,3.3875739644970415,1.1288461538461538
2019-08-05,2.8026315789473686,0.7253787878787878
2019-08-06,2.5248538011695905,0.4567669172932331
2019-08-07,1.5380116959064327,-0.5827067669172933
2019-08-08,1.5263157894736843,0.2840909090909091
2019-08-09,1.8034682080924855,0.25
2019-08-10,1.8034682080924855,0.25
2019-08-11,1.2325581395348837,-0.7030075187969925
2019-08-12,2.276627218934911,-0.21374045801526717
2019-08-13,1.4220588235294118,-0.041666666666666664
2019-08-14,0.5176470588235295,0.10687022900763359
2019-08-15,1.495639534883721,0.22388059701492538
2019-08-16,1.04,0.007352941176470588
2019-08-17,1.04,0.007352941176470588
2019-08-18,0.09,0.11481481481481481
2019-08-19,0.16428571428571428,0.25757575757575757
2019-08-20,0.03571428571428571,0.26515151515151514
2019-08-21,0.0,0.39341085271317827
2019-08-22,-0.16473988439306358,0.6082677165354331
2019-08-23,-0.7779329608938548,0.22093023255813954
2019-08-24,-0.7779329608938548,0.22093023255813954
2019-08-25,-1.0977653631284916,0.22093023255813954
2019-08-26,-0.44305555555555554,-0.125
2019-08-27,-0.5522598870056498,-0.3709677419354839
2019-08-28,-0.26857142857142857,-0.3870967741935484
2019-08-29,-0.42428571428571427,-0.11788617886178862
2019-08-30,-0.6709039548022598,-0.24193548387096775
2019-08-31,-0.6235795454545454,-0.17073170731707318
2019-09-01,-1.0589080459770115,-0.9282786885245902
2019-09-02,-0.8706896551724138,-1.127016129032258
2019-09-03,-1.015625,-2.002
2019-09-04,-0.8531073446327684,-1.0625
2019-09-05,-1.235632183908046,-2.2172131147540983
2019-09-06,-1.2669491525423728,-2.310483870967742
2019-09-07,-1.2669491525423728,-2.310483870967742
2019-09-08,-1.3942857142857144,-2.310483870967742
2019-09-09,-1.6077586206896552,-2.25
2019-09-10,-1.3764367816091954,-2.270661157024793
2019-09-11,-1.6494252873563218,-1.5454545454545454
2019-09-12,-1.717142857142857,-1.6577868852459017
2019-09-13,-1.8412921348314606,-1.7681451612903225
2019-09-14,-1.8412921348314606,-1.7681451612903225
2019-09-15,-1.8480113636363635,-2.0060975609756095
2019-09-16,-1.573699421965318,-2.1088709677419355
2019-09-17,-1.7691176470588235,-1.959016393442623
2019-09-18,-1.0905172413793103,-2.0725806451612905
2019-09-19,-0.8117816091954023,-1.9613821138211383
2019-09-20,-1.2932960893854748,-2.0873015873015874
2019-09-21,-1.2932960893854748,-2.0873015873015874
2019-09-22,-1.3285714285714285,-2.2358870967741935
2019-09-23,-1.9275568181818181,-2.097560975609756
2019-09-24,-2.525,-2.8188976377952755
2019-09-25,-2.5345303867403315,-2.692
2019-09-26,-2.7266483516483517,-2.795275590551181
2019-09-27,-2.5201612903225805,-3.1146616541353382
2019-09-28,-2.5201612903225805,-3.1146616541353382
2019-09-29,-2.724184782608696,-3.4103053435114505
2019-09-30,-3.054054054054054,-3.859848484848485
2019-10-01,-2.441576086956522,-3.8313953488372094
2019-10-02,-2.574324324324324,-3.955426356589147
2019-10-03,-1.8278688524590163,-3.0310077519379846
2019-10-04,-1.891304347826087,-3.0310077519379846
2019-10-05,-1.891304347826087,-3.0310077519379846
2019-10-06,-1.8818681318681318,-2.998046875
2019-10-07,-1.5708333333333333,-2.702755905511811
2019-10-08,-1.851388888888889,-2.6488095238095237
2019-10-09,-2.052197802197802,-2.904296875
2019-10-10,-2.3128415300546448,-3.331439393939394
2019-10-11,-2.681451612903226,-3.5
2019-10-12,-2.633783783783784,-3.5
2019-10-13,-2.616120218579235,-3.4886363636363638
2019-10-14,-2.8391891891891894,-3.783582089552239
2019-10-15,-2.992021276595745,-3.9191176470588234
2019-10-16,-3.4193121693121693,-3.8841911764705883
2019-10-17,-3.2247340425531914,-3.7555555555555555
2019-10-18,-3.3251295336787563,-3.5127737226277373
2019-10-19,-3.3251295336787563,-3.5127737226277373
2019-10-20,-3.2697368421052633,-3.4814814814814814
2019-10-21,-2.6733870967741935,-2.8740601503759398
2019-10-22,-1.9598930481283423,-1.873134328358209
2019-10-23,-1.9415760869565217,-1.8454198473282444
2019-10-24,-2.2934782608695654,-2.1365384615384615
2019-10-25,-1.814516129032258,-1.4147727272727273
2019-10-26,-1.814516129032258,-1.4147727272727273
2019-10-27,-1.95,-1.3346153846153845
2019-10-28,-2.01775956284153,-1.3115384615384615
2019-10-29,-2.2845303867403315,-1.564453125
2019-10-30,-3.579608938547486,-2.482
2019-10-31,-4.046348314606742,-2.142578125
2019-11-01,-3.8027777777777776,-2.1608527131782944
2019-11-02,-4.38268156424581,-2.958984375
2019-11-03,-3.5545977011494254,-2.439516129032258
2019-11-04,-3.315340909090909,-2.076
2019-11-05,-2.742897727272727,-1.694
2019-11-06,-2.9673295454545454,-2.2265625
2019-11-07,-3.104285714285714,-1.93359375
2019-11-08,-2.734375,-2.0
2019-11-09,-2.734375,-1.806640625
2019-11-10,-3.3693181818181817,-2.0216535433070866
2019-11-11,-2.9571428571428573,-1.9523809523809523
2019-11-12,-2.177142857142857,-2.076171875
2019-11-13,-2.7427745664739884,-2.1488095238095237
2019-11-14,-2.492816091954023,-2.134765625
2019-11-15,-2.204285714285714,-2.1980769230769233
2019-11-16,-2.1436781609195403,-2.116279069767442
2019-11-17,-2.2122093023255816,-2.116279069767442
2019-11-18,-2.1666666666666665,-2.0384615384615383
2019-11-19,-1.7189349112426036,-2.125
2019-11-20,-0.6852941176470588,-2.3214285714285716
2019-11-21,-0.03787878787878788,-1.8345864661654134
2019-11-22,-0.040419161676646706,-1.8563432835820894
2019-11-23,0.26656626506024095,-1.8563432835820894
2019-11-24,-0.7789634146341463,-1.3579545454545454
2019-11-25,-1.0406626506024097,-1.2614503816793894
2019-11-26,-1.0461309523809523,-1.2102272727272727
2019-11-27,-0.7113095238095238,-1.2349624060150375
2019-11-28,-0.31736526946107785,-1.1268939393939394
2019-11-29,-0.31736526946107785,-1.1541353383458646
2019-11-30,-0.28313253012048195,-1.1174242424242424
2019-12-01,0.05,-0.8837209302325582
2019-12-02,0.10692771084337349,-0.7558139534883721
2019-12-03,-1.0476190476190477,-1.634765625
2019-12-04,-0.9640718562874252,-1.5885826771653544
2019-12-05,-0.8997005988023952,-1.439453125
2019-12-06,-0.9270833333333334,-1.4709302325581395
2019-12-07,-0.9270833333333334,-1.4709302325581395
2019-12-08,-1.155688622754491,-1.4573643410852712
2019-12-09,-1.526946107784431,-1.603846153846154
2019-12-10,-0.9805389221556886,-1.9465648854961832
2019-12-11,-1.036144578313253,-1.9923076923076923
2019-12-12,-0.4696969696969697,-1.498091603053435
2019-12-13,-0.36377245508982037,-1.5227272727272727
2019-12-14,-0.36377245508982037,-1.3473282442748091
2019-12-15,-0.6551204819277109,-1.197674418604651
2019-12-16,-0.48042168674698793,-0.9765625
2019-12-17,-0.7546583850931677,-0.7560483870967742
2019-12-18,-1.103030303030303,-0.7599206349206349
2019-12-19,-0.6395705521472392,-0.6865079365079365
2019-12-20,-0.6554878048780488,-0.7066929133858267
2019-12-21,-0.6554878048780488,-0.7066929133858267
2019-12-22,-0.7854938271604939,-0.5972222222222222
2019-12-23,-0.12341772151898735,0.0040650406504065045
2019-12-24,-0.08598726114649681,-0.0040650406504065045
2019-12-25,0.08598726114649681,0.14754098360655737
2019-12-26,-0.0915032679738562,0.665948275862069
2019-12-27,0.17419354838709677,0.6029411764705882
2019-12-28,0.17419354838709677,0.6029411764705882
2019-12-29,0.423841059602649,0.8362068965517241
2019-12-30,-0.40728476821192056,0.8362068965517241
2019-12-31,-0.12416107382550336,0.9543478260869566
2020-01-01,-0.7465986394557823,0.08552631578947369
2020-01-02,-0.915,-0.09401709401709402
2020-01-03,-0.7203947368421053,-0.32142857142857145
2020-01-04,-0.7203947368421053,-0.32142857142857145
2020-01-05,-0.8509933774834437,-0.4851694915254237
2020-01-06,0.6006711409395973,-0.6470588235294118
2020-01-07,0.4867549668874172,-0.6911764705882353
2020-01-08,1.14,-0.23060344827586207
2020-01-09,1.47,-0.20085470085470086
2020-01-10,1.7796052631578947,-0.2584745762711864
2020-01-11,1.7796052631578947,-0.2584745762711864
2020-01-12,1.8513513513513513,-0.23684210526315788
2020-01-13,2.0238095238095237,0.0
2020-01-14,1.7983333333333333,-0.24130434782608695
2020-01-15,1.7066666666666668,-0.46336206896551724
2020-01-16,1.9554794520547945,-0.7434782608695653
2020-01-17,1.8445945945945945,-0.7737068965517241
2020-01-18,1.8445945945945945,-0.7737068965517241
2020-01-19,1.3333333333333333,-1.154867256637168
2020-01-20,0.7881944444444444,-1.9797297297297298
2020-01-21,0.8871527777777778,-1.9642857142857142
2020-01-22,0.7704081632653061,-2.0287610619469025
2020-01-23,0.5544217687074829,-2.908482142857143
2020-01-24,0.013333333333333334,-3.0065789473684212
2020-01-25,0.013333333333333334,-3.0065789473684212
2020-01-26,-0.23833333333333334,-3.0088495575221237
2020-01-27,-1.1414473684210527,-3.7850877192982457
2020-01-28,-1.923202614379085,-4.658695652173913
2020-01-29,-2.1493506493506493,-5.203947368421052
2020-01-30,-1.8912337662337662,-5.383620689655173
2020-01-31,-2.856918238993711,-5.435897435897436
2020-02-01,-2.856918238993711,-5.435897435897436
2020-02-02,-3.0923566878980893,-5.656521739130435
2020-02-03,-3.2596153846153846,-5.974137931034483
2020-02-04,-3.6217532467532467,-6.62280701754386
2020-02-05,-2.8725806451612903,-6.052173913043478
2020-02-06,-3.496794871794872,-6.239224137931035
2020-02-07,-3.1082802547770703,-6.497863247863248
2020-02-08,-3.1025641025641026,-6.519396551724138
2020-02-09,-3.3006535947712417,-6.532894736842105
2020-02-10,-3.357843137254902,-6.583333333333333
2020-02-11,-3.7743506493506493,-6.952586206896552
2020-02-12,-3.3088235294117645,-6.386956521739131
2020-02-13,-3.193548387096774,-6.6923076923076925
2020-02-14,-3.1977848101265822,-6.610416666666667
2020-02-15,-3.1977848101265822,-6.610416666666667
2020-02-16,-3.0641025641025643,-6.683760683760684
2020-02-17,-3.412974683544304,-6.696581196581197
2020-02-18,-3.5838607594936707,-6.497844827586207
2020-02-19,-3.6859375,-6.784188034188034
2020-02-20,-3.7127329192546585,-6.816239316239316
2020-02-21,-3.6150306748466257,-6.942796610169491
2020-02-22,-3.6150306748466257,-6.942796610169491
2020-02-23,-3.278125,-6.942796610169491
2020-02-24,-2.9444444444444446,-6.277310924369748
2020-02-25,-3.5884146341463414,-6.5399159663865545
2020-02-26,-3.0207100591715976,-5.6652892561983474
2020-02-27,-2.432584269662921,-4.810975609756097
2020-02-28,-1.2981283422459893,-4.198
2020-02-29,-1.3743243243243244,-4.198
2020-03-01,-1.2030386740331491,-4.115853658536586
2020-03-02,0.7827868852459017,-2.6706349206349205
2020-03-03,-0.6182795698924731,-3.76171875
2020-03-04,-0.3418918918918919,-3.0396825396825395
2020-03-05,-1.0949197860962567,-2.6015625
2020-03-06,-2.5416666666666665,-2.7270992366412212
2020-03-07,-2.5222513089005236,-2.7
2020-03-08,-2.9646596858638743,-2.537109375
2020-03-09,-3.8645833333333335,-3.8449612403100777
2020-03-10,-3.1692708333333335,-3.1884615384615387
2020-03-11,-3.447704081632653,-2.814453125
2020-03-12,-4.185929648241206,-3.1736641221374047
2020-03-13,-4.185929648241206,-3.1736641221374047
2020-03-14,-4.185929648241206,-3.1736641221374047
2020-03-15,-4.251262626262626,-3.2653846153846153
2020-03-16,-4.5111940298507465,-4.458333333333333
2020-03-17,-3.8756218905472637,-4.443181818181818
2020-03-18,-4.268472906403941,-2.854961832061069
2020-03-19,-3.2512254901960786,-2.851923076923077
2020-03-20,-3.0729665071770333,-1.293560606060606
2020-03-21,-3.0729665071770333,-1.293560606060606
2020-03-22,-2.641826923076923,-0.5954198473282443
2020-03-23,0.4007009345794392,2.4365671641791047
2020-03-24,0.34375,2.5625
2020-03-25,0.4697309417040359,1.8767857142857143
2020-03-26,-0.5390625,1.644927536231884
2020-03-27,0.5837004405286343,2.352517985611511
2020-03-28,0.5837004405286343,2.352517985611511
2020-03-29,0.25442477876106195,2.352517985611511
2020-03-30,-1.248913043478261,2.320143884892086
2020-03-31,-1.3235930735930737,2.1714285714285713
2020-04-01,-1.8181818181818181,2.0760869565217392
2020-04-02,-1.8365384615384615,1.6992753623188406
2020-04-03,-2.163135593220339,1.4874100719424461
2020-04-04,-2.163135593220339,1.4874100719424461
2020-04-05,-3.3934599156118144,1.686131386861314
2020-04-06,-3.278969957081545,1.7040441176470589
2020-04-07,-2.752127659574468,2.2153284671532845
2020-04-08,-1.7521367521367521,2.458955223880597
2020-04-09,-2.322340425531915,2.766544117647059
2020-04-10,-2.322340425531915,2.766544117647059
2020-04-11,-2.322340425531915,2.766544117647059
2020-04-12,-2.59656652360515,2.814814814814815
2020-04-13,-2.4054347826086957,3.9389312977099236
2020-04-14,-3.027056277056277,3.507575757575758
2020-04-15,-2.6014957264957266,4.352611940298507
2020-04-16,-2.6832627118644066,4.417293233082707
2020-04-17,-1.8266806722689075,5.130597014925373
2020-04-18,-1.8266806722689075,5.130597014925373
2020-04-19,-1.4233193277310925,5.847014925373134
2020-04-20,-0.6885416666666667,6.037878787878788
2020-04-21,0.6989583333333333,6.62037037037037
2020-04-22,1.3651452282157677,7.401851851851852
2020-04-23,1.2572916666666667,7.277985074626866
2020-04-24,1.4927685950413223,7.1
2020-04-25,1.6670124481327802,7.1
2020-04-26,2.1413502109704643,7.4793233082706765
2020-04-27,2.548523206751055,8.080827067669173
2020-04-28,3.0928270042194095,8.131481481481481
2020-04-29,2.2742616033755274,8.02962962962963
2020-04-30,2.975531914893617,7.976277372262774
2020-05-01,2.168067226890756,7.4625
2020-05-02,2.360169491525424,7.633093525179856
2020-05-03,2.6691810344827585,8.950367647058824
2020-05-04,3.6093073593073592,10.018518518518519
2020-05-05,2.5625,8.816666666666666
2020-05-06,2.4321120689655173,8.985074626865671
2020-05-07,2.8890086206896552,9.327067669172932
2020-05-08,2.4340425531914893,9.077777777777778
2020-05-09,2.4340425531914893,9.077777777777778
2020-05-10,2.6276824034334765,9.406015037593985
2020-05-11,2.7435064935064934,10.73091603053435
2020-05-12,2.3469827586206895,10.471590909090908
2020-05-13,1.8514957264957266,10.58969465648855
2020-05-14,1.0021186440677967,10.128846153846155
2020-05-15,0.6510416666666666,10.128846153846155
2020-05-16,0.6510416666666666,10.128846153846155
2020-05-17,0.8270042194092827,10.419921875
2020-05-18,-0.39644351464435146,9.668560606060606
2020-05-19,0.3260416666666667,10.915413533834586
2020-05-20,-0.1115702479338843,11.609022556390977
2020-05-21,-0.03469387755102041,12.116666666666667
2020-05-22,-0.4109311740890688,12.116666666666667
2020-05-23,-0.4109311740890688,12.116666666666667
2020-05-24,-0.565843621399177,11.778195488721805
2020-05-25,-0.32676348547717843,11.740671641791044
2020-05-26,-0.9177215189873418,10.93984962406015
2020-05-27,-1.1088362068965518,10.149621212121213
2020-05-28,-1.7632743362831858,9.566793893129772
2020-05-29,-1.683695652173913,9.075187969924812
2020-05-30,-1.683695652173913,9.075187969924812
2020-05-31,-2.8995535714285716,8.170542635658915
2020-06-01,-1.1443181818181818,8.918604651162791
2020-06-02,-1.5192307692307692,7.784351145038168
2020-06-03,-0.8,7.2288461538461535
2020-06-04,0.0375,6.930769230769231
2020-06-05,-0.1085972850678733,6.930769230769231
2020-06-06,0.4006849315068493,6.930769230769231
2020-06-07,1.0810185185185186,8.206692913385826
2020-06-08,0.17087155963302753,7.158203125
2020-06-09,0.7383177570093458,6.3125
2020-06-10,1.0188679245283019,6.561507936507937
2020-06-11,-0.097926267281106,5.5523255813953485
2020-06-12,-0.9075342465753424,5.371153846153846
2020-06-13,-0.9075342465753424,5.371153846153846
2020-06-14,-1.1382488479262673,6.589147286821706
2020-06-15,-0.8165887850467289,6.2109375
2020-06-16,-0.5533175355450237,4.083984375
2020-06-17,-1.375,3.858527131782946
2020-06-18,-1.541866028708134,2.505859375
2020-06-19,-1.0849056603773586,3.1846153846153844
2020-06-20,-1.5639810426540284,2.434108527131783
2020-06-21,-4.694581280788177,-0.688
2020-06-22,-5.485074626865671,-0.8852459016393442
2020-06-23,-4.648717948717949,-0.2706611570247934
2020-06-24,-2.271573604060914,0.4796747967479675
2020-06-25,-2.8743589743589744,-0.3360655737704918
2020-06-26,-1.5714285714285714,-0.8205645161290323
2020-06-27,-1.0666666666666667,-0.8205645161290323
2020-06-28,1.2552356020942408,0.046370967741935484
2020-06-29,1.3884615384615384,-0.49803149606299213
2020-06-30,1.6139896373056994,-0.374031007751938
2020-07-01,0.8285340314136126,0.15625
2020-07-02,0.8138020833333334,-0.11627906976744186
2020-07-03,0.8138020833333334,-0.2
2020-07-04,1.686842105263158,-0.2
2020-07-05,2.074074074074074,0.07945736434108527
2020-07-06,1.3,-0.3273809523809524
2020-07-07,0.4472972972972973,-0.5275590551181102
2020-07-08,0.7008196721311475,-0.966
2020-07-09,0.3918918918918919,-1.2322834645669292
2020-07-10,0.07845744680851063,-1.648076923076923
2020-07-11,0.5187165775401069,-1.648076923076923
2020-07-12,0.4391891891891892,-2.436046511627907
2020-07-13,0.5307486631016043,-2.3153846153846156
2020-07-14,-0.7366310160427807,-3.019230769230769
2020-07-15,-0.49594594594594593,-2.7954545454545454
2020-07-16,-0.9556451612903226,-2.7954545454545454
2020-07-17,-1.0949197860962567,-2.8947368421052633
2020-07-18,-1.6384408602150538,-3.6742424242424243
2020-07-19,-2.640710382513661,-3.7045454545454546
2020-07-20,-5.6530054644808745,-4.6461538461538465
2020-07-21,-6.968232044198895,-5.513461538461539
2020-07-22,-5.501358695652174,-4.511278195488722
2020-07-23,-5.741891891891892,-4.742481203007519
2020-07-24,-5.347883597883598,-3.7536764705882355
2020-07-25,-5.347883597883598,-3.7536764705882355
2020-07-26,-5.753989361702128,-4.111940298507463
2020-07-27,-6.838709677419355,-4.71969696969697
2020-07-28,-6.886363636363637,-4.584615384615384
2020-07-29,-7.11578947368421,-4.588461538461538
2020-07-30,-7.052083333333333,-4.5
2020-07-31,-5.844387755102041,-4.5
2020-08-01,-5.844387755102041,-5.31640625
2020-08-02,-6.793589743589743,-6.145669291338582
2020-08-03,-6.291237113402062,-5.423228346456693
2020-08-04,-5.563144329896907,-5.37890625
2020-08-05,-6.156410256410257,-5.240458015267175
2020-08-06,-5.912820512820513,-5.318702290076335
2020-08-07,-5.860552763819095,-5.661654135338346
2020-08-08,-5.860552763819095,-5.661654135338346
2020-08-09,-5.657360406091371,-6.370229007633588
2020-08-10,-5.019230769230769,-5.926356589147287
2020-08-11,-4.419689119170984,-5.740234375
2020-08-12,-4.055699481865285,-5.246124031007752
2020-08-13,-3.6230366492146597,-4.624045801526718
2020-08-14,-3.3255208333333335,-3.831439393939394
2020-08-15,-3.3255208333333335,-3.831439393939394
2020-08-16,-2.322192513368984,-3.498031496062992
2020-08-17,-3.462162162162162,-4.84349593495935
2020-08-18,-3.152173913043478,-5.722
2020-08-19,-3.5497237569060776,-6.618951612903226
2020-08-20,-3.1947513812154695,-6.742063492063492
2020-08-21,-3.110655737704918,-6.56640625
2020-08-22,-3.081043956043956,-6.551181102362205
2020-08-23,-2.7319444444444443,-6.381048387096774
2020-08-24,-1.635989010989011,-5.532
2020-08-25,-1.520718232044199,-4.608
2020-08-26,-0.7941988950276243,-4.571428571428571
2020-08-27,-0.8853591160220995,-4.352
2020-08-28,-0.8021978021978022,-4.204365079365079
2020-08-29,-0.8021978021978022,-4.204365079365079
2020-08-30,-1.7252747252747254,-3.8313008130081303
2020-08-31,-1.8579234972677596,-3.839430894308943
2020-09-01,-2.0355191256830603,-3.7113821138211383
2020-09-02,-1.8052486187845305,-3.3313008130081303
2020-09-03,-1.4799465240641712,-2.8333333333333335
2020-09-04,1.3244949494949494,-2.417307692307692
2020-09-05,1.3244949494949494,-2.417307692307692
2020-09-06,1.2423076923076923,-2.0846456692913384
2020-09-07,0.6096938775510204,-2.003875968992248
2020-09-08,1.0140306122448979,-0.9140625
2020-09-09,0.8166666666666667,-0.655511811023622
2020-09-10,2.3881909547738696,-0.927734375
2020-09-11,3.0073529411764706,-1.3778625954198473
2020-09-12,3.592821782178218,-1.2942307692307693
2020-09-13,2.7675,-0.877906976744186
2020-09-14,2.9502487562189055,-0.5234375
2020-09-15,3.4889162561576357,0.18846153846153846
2020-09-16,4.339460784313726,0.5190839694656488
2020-09-17,4.199029126213592,-1.1522556390977443
2020-09-18,4.123205741626794,-1.1522556390977443
2020-09-19,4.123205741626794,-1.1522556390977443
2020-09-20,4.89975845410628,-1.1522556390977443
2020-09-21,2.669392523364486,-1.376865671641791
2020-09-22,2.314252336448598,-1.6166666666666667
2020-09-23,0.8029953917050692,-1.677007299270073
2020-09-24,0.1187214611872146,-1.9324817518248176
2020-09-25,0.04035874439461883,-1.5696428571428571
2020-09-26,-0.4099099099099099,-2.300359712230216
2020-09-27,-0.4769585253456221,-1.7203703703703703
2020-09-28,-0.06712962962962964,-1.763157894736842
2020-09-29,0.5254629629629629,-1.4179104477611941
2020-09-30,1.5353881278538812,-0.45555555555555555
2020-10-01,1.3459821428571428,0.22058823529411764
2020-10-02,1.0043668122270741,0.5539568345323741
2020-10-03,0.9199561403508771,0.6666666666666666
2020-10-04,0.6899563318777293,0.6666666666666666
2020-10-05,0.0665938864628821,0.4550359712230216
2020-10-06,-0.5590128755364807,-0.4084507042253521
2020-10-07,-0.4364224137931034,-0.3475177304964539
2020-10-08,0.02282608695652174,0.4136690647482014
2020-10-09,-0.4051724137931034,0.2714285714285714
2020-10-10,-0.4051724137931034,0.2714285714285714
2020-10-11,0.32158590308370044,0.8143382352941176
2020-10-12,1.291111111111111,1.1333333333333333
2020-10-13,1.1850220264317182,0.8540145985401459
2020-10-14,1.0254424778761062,0.8540145985401459
2020-10-15,1.4989270386266094,1.2112676056338028
2020-10-16,1.9653361344537814,1.7291666666666667
2020-10-17,2.0537974683544302,1.8741258741258742
2020-10-18,3.21137339055794,2.095744680851064
2020-10-19,3.0263713080168775,2.895390070921986
2020-10-20,2.4590336134453783,3.625
2020-10-21,2.5762711864406778,3.5868794326241136
2020-10-22,2.9540598290598292,3.4290780141843973
2020-10-23,3.2690677966101696,3.3304195804195804
2020-10-24,3.4127659574468083,3.3304195804195804
2020-10-25,3.8497854077253217,3.877659574468085
2020-10-26,5.126059322033898,3.5839160839160837
2020-10-27,5.826508620689655,4.367021276595745
2020-10-28,6.041125541125541,4.26241134751773
2020-10-29,5.495633187772926,4.7027972027972025
2020-10-30,5.410944206008583,4.919520547945205
2020-10-31,5.410944206008583,4.919520547945205
2020-11-01,5.425324675324675,4.836805555555555
2020-11-02,5.796336206896552,5.739510489510489
2020-11-03,4.1424050632911396,5.477586206896552
2020-11-04,4.63655462184874,6.558620689655172
2020-11-05,4.241561181434599,6.689236111111111
2020-11-06,3.9623430962343096,6.082191780821918
2020-11-07,3.9623430962343096,6.082191780821918
2020-11-08,3.411764705882353,5.5625
2020-11-09,4.178125,5.896853146853147
2020-11-10,4.80801687763713,5.75
2020-11-11,3.471875,4.716783216783217
2020-11-12,3.5103734439834025,4.716783216783217
2020-11-13,3.5142857142857142,4.527777777777778
2020-11-14,3.5142857142857142,4.527777777777778
2020-11-15,3.77880658436214,4.527777777777778
2020-11-16,4.523958333333334,4.877659574468085
2020-11-17,5.161087866108787,5.5875
2020-11-18,5.699790794979079,6.4035714285714285
2020-11-19,4.961618257261411,6.235611510791367
2020-11-20,5.328512396694215,6.235611510791367
2020-11-21,5.328512396694215,6.235611510791367
2020-11-22,4.765756302521009,5.7846715328467155
2020-11-23,4.814618644067797,5.0588235294117645
2020-11-24,3.330168776371308,4.84375
2020-11-25,3.5972222222222223,4.985185185185185
2020-11-26,3.385593220338983,4.600364963503649
2020-11-27,3.259493670886076,4.600364963503649
2020-11-28,3.4512711864406778,4.600364963503649
2020-11-29,3.7553879310344827,4.940298507462686
2020-11-30,4.012987012987013,5.387037037037037
2020-12-01,3.5586956521739133,5.244402985074627
2020-12-02,3.6277777777777778,5.138257575757576
2020-12-03,1.327906976744186,4.99031007751938
2020-12-04,1.5783410138248848,4.721374045801527
2020-12-05,2.048611111111111,4.721374045801527
2020-12-06,2.0868544600938965,4.84765625
2020-12-07,2.436619718309859,3.678030303030303
2020-12-08,3.491706161137441,4.215648854961832
2020-12-09,1.994047619047619,4.370229007633588
2020-12-10,1.6358173076923077,4.6461538461538465
2020-12-11,1.9150717703349283,4.74236641221374
2020-12-12,1.9150717703349283,4.74236641221374
2020-12-13,1.9550970873786409,4.9788461538461535
2020-12-14,1.2169117647058822,4.359615384615385
2020-12-15,0.14460784313725492,3.3181818181818183
2020-12-16,-0.46551724137931033,3.9867424242424243
2020-12-17,-0.6391625615763546,3.8171641791044775
2020-12-18,-0.9203431372549019,3.577777777777778
2020-12-19,-0.9203431372549019,3.577777777777778
2020-12-20,0.14668367346938777,4.005725190839694
2020-12-21,-2.008974358974359,3.5
2020-12-22,-1.2268041237113403,3.366279069767442
2020-12-23,-1.505181347150259,4.07421875
2020-12-24,-1.481578947368421,3.576171875
2020-12-25,-1.481578947368421,3.576171875
2020-12-26,-1.481578947368421,3.576171875
2020-12-27,-1.734375,3.5775193798449614
2020-12-28,-2.078125,3.0755813953488373
2020-12-29,-2.808201058201058,2.91015625
2020-12-30,-2.4135135135135135,2.3174603174603177
2020-12-31,-2.2336065573770494,1.754
2021-01-01,-2.2336065573770494,1.754
2021-01-02,-1.9615384615384615,1.754
2021-01-03,-1.4847222222222223,2.225609756097561
2021-01-04,-1.225,4.06404958677686
2021-01-05,-0.39809782608695654,3.9858870967741935
2021-01-06,0.6209239130434783,3.01
2021-01-07,0.11005434782608696,2.942
2021-01-08,-0.07297297297297298,2.6507936507936507
2021-01-09,-0.07297297297297298,2.6507936507936507
2021-01-10,-0.42896174863387976,2.1693548387096775
2021-01-11,-0.4781420765027322,2.069672131147541
2021-01-12,-0.7554054054054054,1.9308943089430894
2021-01-13,-1.6527777777777777,2.409090909090909
2021-01-14,-2.9860335195530725,1.6145833333333333
2021-01-15,-2.8365384615384617,2.1322314049586777
2021-01-16,-2.8365384615384617,2.1322314049586777
2021-01-17,-2.669491525423729,1.3166666666666667
2021-01-18,-2.7614942528735633,0.6512605042016807
2021-01-19,-3.092857142857143,0.8256302521008403
2021-01-20,-4.132183908045977,0.0021551724137931034
2021-01-21,-4.138571428571429,0.7051282051282052
2021-01-22,-4.1709039548022595,0.5995762711864406
2021-01-23,-4.1709039548022595,0.5995762711864406
2021-01-24,-5.361111111111111,1.108695652173913
2021-01-25,-6.185672514619883,0.11521739130434783
2021-01-26,-4.8898809523809526,0.3925438596491228
2021-01-27,-4.284682080924855,2.158119658119658
2021-01-28,-2.6364942528735633,2.667391304347826
2021-01-29,-3.9293785310734464,3.711864406779661
2021-01-30,-3.9293785310734464,3.711864406779661
2021-01-31,-3.77,2.888888888888889
2021-02-01,-3.736842105263158,3.236607142857143
2021-02-02,-4.230769230769231,1.837837837837838
2021-02-03,-3.785928143712575,2.2545454545454544
2021-02-04,-3.3278443113772456,3.7
2021-02-05,-3.4613095238095237,3.434684684684685
2021-02-06,-3.194610778443114,3.434684684684685
2021-02-07,-4.925925925925926,3.3204545454545453
2021-02-08,-5.210365853658536,3.1986607142857144
2021-02-09,-3.6080246913580245,3.981981981981982
2021-02-10,-2.6564417177914113,2.9026548672566372
2021-02-11,-3.053125,2.8333333333333335
2021-02-12,-3.2267080745341614,2.6739130434782608
2021-02-13,-3.2267080745341614,2.6739130434782608
2021-02-14,-3.9609375,2.6739130434782608
2021-02-15,-4.6984375,2.110869565217391
2021-02-16,-5.540372670807454,1.184782608695652
2021-02-17,-5.1984375,1.0905172413793103
2021-02-18,-6.574074074074074,0.30416666666666664
2021-02-19,-7.287425149700598,-0.3649193548387097
2021-02-20,-7.287425149700598,-0.3649193548387097
2021-02-21,-7.706325301204819,-0.24390243902439024
2021-02-22,-7.927710843373494,-0.978
2021-02-23,-9.186764705882354,-1.61328125
2021-02-24,-10.232558139534884,-2.2674418604651163
2021-02-25,-11.375714285714286,-2.8442307692307693
2021-02-26,-11.06638418079096,-2.0591603053435112
2021-02-27,-11.06638418079096,-2.0591603053435112
2021-02-28,-11.834745762711865,-2.462890625
2021-03-01,-11.963483146067416,-2.8984375
2021-03-02,-12.377118644067796,-3.4765625
2021-03-03,-10.689944134078212,-3.044573643410853
2021-03-04,-11.32554945054945,-3.3115384615384613
2021-03-05,-11.330645161290322,-3.6393129770992365
2021-03-06,-11.330645161290322,-3.6393129770992365
2021-03-07,-11.297554347826088,-2.690944881889764
2021-03-08,-10.533602150537634,-1.8248031496062993
2021-03-09,-11.691176470588236,-1.9625984251968505
2021-03-10,-11.949468085106384,-1.752
2021-03-11,-12.781746031746032,-1.964
2021-03-12,-12.462041884816754,-1.3031496062992125
2021-03-13,-12.462041884816754,-1.3031496062992125
2021-03-14,-12.586436170212766,-1.221774193548387
2021-03-15,-11.45187165775401,-0.18089430894308944
2021-03-16,-11.809139784946236,0.14705882352941177
2021-03-17,-11.82620320855615,-0.07916666666666666
2021-03-18,-12.895287958115183,-0.11041666666666666
2021-03-19,-13.510309278350515,-0.20041322314049587
2021-03-20,-13.510309278350515,-0.20041322314049587
2021-03-21,-12.6282722513089,0.16041666666666668
2021-03-22,-12.76842105263158,0.058333333333333334
2021-03-23,-11.74609375,1.5426829268292683
2021-03-24,-10.394132653061224,1.875
2021-03-25,-10.16375,2.2913385826771653
2021-03-26,-9.828048780487805,2.5267175572519083
2021-03-27,-9.592821782178218,2.7344961240310077
2021-03-28,-9.369346733668342,3.0236220472440944
2021-03-29,-8.761363636363637,2.615079365079365
2021-03-30,-9.6,2.19140625
2021-03-31,-9.848258706467663,2.25
2021-04-01,-10.285539215686274,1.6590909090909092
2021-04-02,-10.285539215686274,1.6590909090909092
2021-04-03,-10.285539215686274,1.6590909090909092
2021-04-04,-9.82625,0.9942748091603053
2021-04-05,-10.857868020304569,0.8255813953488372
2021-04-06,-12.03643216080402,2.154296875
2021-04-07,-11.340452261306533,1.8634615384615385
2021-04-08,-11.3025,1.8206106870229009
2021-04-09,-11.264925373134329,1.696969696969697
2021-04-10,-11.264925373134329,1.696969696969697
2021-04-11,-11.384517766497462,1.9461538461538461
2021-04-12,-11.850253807106599,1.1
2021-04-13,-11.7260101010101,-0.03461538461538462
2021-04-14,-11.661167512690355,-0.04198473282442748
2021-04-15,-11.143401015228426,-0.462406015037594
2021-04-16,-11.29625,-0.462406015037594
2021-04-17,-11.29625,-0.462406015037594
2021-04-18,-11.47969543147208,-1.1908396946564885
2021-04-19,-11.516497461928934,-1.1057692307692308
2021-04-20,-10.170854271356784,-1.105263157894737
2021-04-21,-10.003787878787879,-1.0549242424242424
2021-04-22,-10.44875,-1.394736842105263
2021-04-23,-10.301980198019802,-1.3092592592592593
2021-04-24,-10.301980198019802,-1.3092592592592593
2021-04-25,-10.075,-1.212686567164179
2021-04-26,-10.866995073891626,-1.3592592592592592
2021-04-27,-11.433417085427136,-2.769083969465649
2021-04-28,-12.837179487179487,-3.488721804511278
2021-04-29,-12.184278350515465,-4.578846153846154
2021-04-30,-11.83974358974359,-4.578846153846154
2021-05-01,-12.931701030927835,-4.578846153846154
2021-05-02,-11.56413612565445,-4.578846153846154
2021-05-03,-11.214659685863875,-4.405038759689923
2021-05-04,-11.813802083333334,-4.405038759689923
2021-05-05,-12.22265625,-5.21484375
2021-05-06,-12.129441624365482,-4.7461832061068705
2021-05-07,-12.305555555555555,-4.825757575757576
2021-05-08,-12.305555555555555,-4.825757575757576
2021-05-09,-12.268041237113403,-4.53515625
2021-05-10,-13.00897435897436,-5.033203125
2021-05-11,-14.44559585492228,-5.267857142857143
2021-05-12,-13.222081218274111,-3.706692913385827
2021-05-13,-11.914141414141413,-2.797244094488189
2021-05-14,-12.83457711442786,-3.2131782945736433
2021-05-15,-12.83457711442786,-3.2131782945736433
2021-05-16,-12.87,-3.193359375
2021-05-17,-12.3125,-2.453488372093023
2021-05-18,-12.19375,-2.5310077519379846
2021-05-19,-11.01865671641791,-1.369140625
2021-05-20,-10.62,-0.23412698412698413
2021-05-21,-10.61318407960199,-0.3051181102362205
2021-05-22,-10.61318407960199,-0.3051181102362205
2021-05-23,-9.811868686868687,0.7217741935483871
2021-05-24,-9.39102564102564,1.1454918032786885
2021-05-25,-8.3828125,1.995798319327731
2021-05-26,-7.306578947368421,2.3125
2021-05-27,-7.536649214659686,1.5185950413223142
2021-05-28,-7.365284974093265,1.2784552845528456
2021-05-29,-6.8828125,1.2784552845528456
2021-05-30,-5.9523809523809526,2.097107438016529
2021-05-31,-5.515789473684211,2.2602459016393444
2021-06-01,-6.868489583333333,2.225806451612903
2021-06-02,-6.848167539267016,2.706967213114754
2021-06-03,-6.85,3.0389344262295084
2021-06-04,-6.66243654822335,2.380952380952381
2021-06-05,-7.206632653061225,1.6
2021-06-06,-7.671875,0.8064516129032258
2021-06-07,-5.815159574468085,1.0
2021-06-08,-5.692204301075269,1.0703125
2021-06-09,-5.183783783783784,1.068359375
2021-06-10,-4.538770053475936,0.337890625
2021-06-11,-4.354497354497354,0.14423076923076922
2021-06-12,-4.354497354497354,0.14423076923076922
2021-06-13,-5.327540106951871,-0.3799212598425197
2021-06-14,-5.1,-0.419921875
2021-06-15,-4.925271739130435,-0.21875
2021-06-16,-3.278688524590164,0.12115384615384615
2021-06-17,-2.0724043715846996,0.8606870229007634
2021-06-18,-2.1662162162162164,0.7367424242424242
2021-06-19,-2.1073369565217392,0.8416030534351145
2021-06-20,-1.9052197802197801,1.1724806201550388
2021-06-21,-2.941666666666667,-0.55078125
2021-06-22,-3.6983240223463687,-0.8273809523809523
2021-06-23,-4.011173184357542,-1.687007874015748
2021-06-24,-3.7005649717514126,-1.3956692913385826
2021-06-25,-3.543296089385475,-1.3956692913385826
2021-06-26,-3.543296089385475,-1.3956692913385826
2021-06-27,-4.362994350282486,-1.3035714285714286
2021-06-28,-3.9389204545454546,-1.106
2021-06-29,-2.930635838150289,-0.21774193548387097
2021-06-30,-2.300578034682081,0.4426229508196721
2021-07-01,-2.2951977401129944,0.05241935483870968
2021-07-02,-2.316011235955056,0.004
2021-07-03,-2.2951977401129944,0.05241935483870968
2021-07-04,-2.0171428571428573,0.44672131147540983
2021-07-05,-2.0568181818181817,-0.532258064516129
2021-07-06,-1.96045197740113,-0.17479674796747968
2021-07-07,-1.3072625698324023,0.8394308943089431
2021-07-08,-0.8652777777777778,0.7987804878048781
2021-07-09,-0.36675824175824173,1.498
2021-07-10,-0.36675824175824173,1.498
2021-07-11,0.011235955056179775,1.725609756097561
2021-07-12,-0.17372881355932204,1.9173553719008265
2021-07-13,0.09691011235955056,1.75
2021-07-14,-0.7248603351955307,1.3135245901639345
2021-07-15,0.054775280898876406,1.103658536585366
2021-07-16,-0.2969613259668508,0.832
2021-07-17,-0.2969613259668508,0.832
2021-07-18,-0.1005586592178771,0.969758064516129
2021-07-19,-1.9594972067039107,0.6565040650406504
2021-07-20,-2.8435754189944134,-0.11270491803278689
2021-07-21,-2.6033519553072626,-0.11382113821138211
2021-07-22,-3.106741573033708,-0.5060483870967742
2021-07-23,-3.1634078212290504,-0.608
2021-07-24,-3.1634078212290504,-0.608
2021-07-25,-2.7400568181818183,-0.41935483870967744
2021-07-26,-3.4096045197740112,-1.4126984126984128
2021-07-27,-4.255586592178771,-1.6028225806451613
2021-07-28,-3.974860335195531,-1.6028225806451613
2021-07-29,-4.666201117318436,-1.7162698412698412
2021-07-30,-4.2154696132596685,-2.0390625
2021-07-31,-4.2154696132596685,-2.0390625
2021-08-01,-4.60754189944134,-2.0390625
2021-08-02,-3.405027932960894,-2.12015503875969
2021-08-03,-3.4452247191011236,-2.353846153846154
2021-08-04,-3.153735632183908,-2.681640625
2021-08-05,-2.527142857142857,-2.7906976744186047
2021-08-06,-2.6508379888268156,-2.778409090909091
2021-08-07,-2.6508379888268156,-2.778409090909091
2021-08-08,-1.6685714285714286,-2.4288461538461537
2021-08-09,-0.9815340909090909,-2.0634615384615387
2021-08-10,-2.1123595505617976,-3.4282945736434107
2021-08-11,-2.946327683615819,-4.501923076923077
2021-08-12,-1.3177966101694916,-4.3307692307692305
2021-08-13,-1.5279329608938548,-4.242481203007519
2021-08-14,-1.5279329608938548,-4.242481203007519
2021-08-15,-2.0720338983050848,-4.888461538461539
2021-08-16,-1.1779661016949152,-5.038461538461538
2021-08-17,-1.1091954022988506,-4.814453125
2021-08-18,-0.8318713450292398,-5.438976377952756
2021-08-19,0.059322033898305086,-3.654580152671756
2021-08-20,-0.05337078651685393,-3.654580152671756
2021-08-21,0.018361581920903956,-3.5846153846153848
2021-08-22,0.324438202247191,-3.3893129770992365
2021-08-23,0.17837078651685392,-3.3882575757575757
2021-08-24,0.2053072625698324,-3.268796992481203
2021-08-25,0.2125,-3.361940298507463
2021-08-26,0.18406593406593408,-3.020220588235294
2021-08-27,-0.13378378378378378,-3.1322463768115942
2021-08-28,-0.13378378378378378,-3.1322463768115942
2021-08-29,-0.30601092896174864,-3.0036764705882355
2021-08-30,0.5321229050279329,-3.575187969924812
2021-08-31,0.7923728813559322,-3.5733082706766917
2021-09-01,1.0568181818181819,-3.701492537313433
2021-09-02,1.1647058823529413,-2.482824427480916
2021-09-03,0.8837209302325582,-2.482824427480916
2021-09-04,0.8837209302325582,-2.482824427480916
2021-09-05,1.0514705882352942,-2.313953488372093
2021-09-06,1.0970588235294119,-2.0892857142857144
2021-09-07,1.373546511627907,-2.1875
2021-09-08,-0.0043859649122807015,-1.311023622047244
2021-09-09,0.3669590643274854,-0.4153543307086614
2021-09-10,0.13352272727272727,-0.5387596899224806
2021-09-11,0.13352272727272727,-0.5387596899224806
2021-09-12,0.41761363636363635,-0.5290697674418605
2021-09-13,0.26420454545454547,-0.646484375
2021-09-14,-0.22869318181818182,-1.068359375
2021-09-15,0.16285714285714287,-2.294921875
2021-09-16,1.2028571428571428,-0.6065891472868217
2021-09-17,0.7053072625698324,-0.6065891472868217
2021-09-18,0.7053072625698324,-0.6065891472868217
2021-09-19,1.047752808988764,0.5452755905511811
2021-09-20,0.5210674157303371,0.990234375
2021-09-21,0.9176136363636364,0.764
2021-09-22,0.2714285714285714,-0.11788617886178862
2021-09-23,-0.5323033707865169,-0.921875
2021-09-24,-0.6402777777777777,-1.1724806201550388
2021-09-25,-0.6402777777777777,-1.1724806201550388
2021-09-26,-0.41201117318435754,-1.1124031007751938
2021-09-27,-1.9107142857142858,-2.4236641221374047
2021-09-28,-2.25,-2.3106060606060606
2021-09-29,-2.8152173913043477,-2.490530303030303
2021-09-30,-2.692513368983957,-2.742481203007519
2021-10-01,-1.6653439153439153,-2.9029850746268657
2021-10-02,-1.6653439153439153,-2.9029850746268657
2021-10-03,-1.5445945945945947,-2.812977099236641
2021-10-04,-0.553475935828877,-2.6136363636363638
2021-10-05,-0.8085106382978723,-3.225563909774436
2021-10-06,-1.768041237113402,-2.8676470588235294
2021-10-07,-2.439432989690722,-3.78125
2021-10-08,-2.3718274111675126,-3.9420289855072466
2021-10-09,-2.3718274111675126,-3.9420289855072466
2021-10-10,-1.958762886597938,-3.744485294117647
2021-10-11,-1.8445595854922279,-3.7092592592592593
2021-10-12,-0.9677835051546392,-3.2427007299270074
2021-10-13,-1.5438144329896908,-3.0863970588235294
2021-10-14,-0.9468911917098446,-2.1333333333333333
2021-10-15,-0.45489690721649484,-1.4227941176470589
2021-10-16,-0.45489690721649484,-1.4227941176470589
2021-10-17,0.2238219895287958,-1.125
2021-10-18,1.1822916666666667,-0.4540441176470588
2021-10-19,2.0907894736842105,-0.22962962962962963
2021-10-20,2.643979057591623,0.12407407407407407
2021-10-21,2.1435897435897435,0.09375
2021-10-22,2.35678391959799,-0.10144927536231885
2021-10-23,2.4305555555555554,-0.012773722627737226
2021-10-24,2.6804123711340204,0.18097014925373134
2021-10-25,2.690051020408163,0.34774436090225563
2021-10-26,3.9396984924623117,0.9981481481481481
2021-10-27,3.650497512437811,0.9123134328358209
2021-10-28,2.9713930348258706,1.0883458646616542
2021-10-29,2.9215686274509802,1.0551470588235294
2021-10-30,2.9215686274509802,1.0551470588235294
2021-10-31,2.652227722772277,1.1555555555555554
2021-11-01,3.295343137254902,1.3656716417910448
2021-11-02,3.269704433497537,1.4116541353383458
2021-11-03,2.767156862745098,1.6098484848484849
2021-11-04,2.98375,1.699612403100775
2021-11-05,2.93407960199005,1.6326923076923077
2021-11-06,2.93407960199005,1.6326923076923077
2021-11-07,2.5326633165829144,1.5368217054263567
2021-11-08,2.663659793814433,1.416015625
2021-11-09,1.8851010101010102,1.6182170542635659
2021-11-10,0.36683417085427134,1.4127906976744187
2021-11-11,0.93,2.232283464566929
2021-11-12,0.5173267326732673,1.9883720930232558
2021-11-13,0.6293532338308457,1.9883720930232558
2021-11-14,0.21085858585858586,2.4921259842519685
2021-11-15,-0.3560606060606061,1.608267716535433
2021-11-16,-0.4025,1.48046875
2021-11-17,-1.6071428571428572,-0.57
2021-11-18,-1.7283163265306123,-0.7755905511811023
2021-11-19,-1.8580402010050252,-0.865234375
2021-11-20,-1.7206632653061225,-0.7837301587301587
2021-11-21,-1.5786082474226804,-0.6350806451612904
2021-11-22,-1.895,-0.4583333333333333
2021-11-23,-1.6237373737373737,-1.1358267716535433
2021-11-24,-1.6616161616161615,-1.4233870967741935
2021-11-25,-1.4668367346938775,-1.4637096774193548
2021-11-26,-0.6905940594059405,-1.0531496062992125
2021-11-27,-0.6905940594059405,-1.0531496062992125
2021-11-28,-1.172029702970297,-1.1161417322834646
2021-11-29,-1.4829268292682927,-1.396484375
2021-11-30,-1.8900966183574879,-1.265748031496063
2021-12-01,-2.384433962264151,-2.9057692307692307
2021-12-02,-3.2895348837209304,-4.633333333333334
2021-12-03,-3.48868778280543,-5.313405797101449
2021-12-04,-3.48868778280543,-5.313405797101449
2021-12-05,-3.711187214611872,-5.704379562043796
2021-12-06,-3.165158371040724,-4.946691176470588
2021-12-07,-3.3034090909090907,-6.417279411764706
2021-12-08,-3.618181818181818,-7.4037037037037035
2021-12-09,-3.806451612903226,-7.389097744360902
2021-12-10,-4.051801801801802,-7.553308823529412
2021-12-11,-4.050904977375565,-7.5777777777777775
2021-12-12,-3.908256880733945,-7.462406015037594
2021-12-13,-2.2255813953488373,-7.568181818181818
2021-12-14,-2.529816513761468,-6.442164179104478
2021-12-15,-4.280133928571429,-8.430970149253731
2021-12-16,-4.589285714285714,-8.187956204379562
2021-12-17,-4.134868421052632,-7.403985507246377
2021-12-18,-4.593612334801762,-8.187956204379562
2021-12-19,-4.662946428571429,-8.796296296296296
2021-12-20,-4.84070796460177,-8.545955882352942
2021-12-21,-4.115638766519824,-8.427238805970148
2021-12-22,-3.562222222222222,-7.564885496183206
2021-12-23,-3.0055555555555555,-7.53030303030303
2021-12-24,-3.0055555555555555,-7.53030303030303
2021-12-25,-2.950892857142857,-7.471374045801527
2021-12-26,-2.3020361990950224,-7.182170542635659
2021-12-27,-2.621559633027523,-8.1875
2021-12-28,-1.068287037037037,-7.01171875
2021-12-29,-0.6011627906976744,-5.9375
2021-12-30,-1.3935185185185186,-5.793307086614173
2021-12-31,-0.9988532110091743,-5.058139534883721
2022-01-01,-0.9988532110091743,-5.058139534883721
2022-01-02,-1.6913145539906103,-5.23015873015873
2022-01-03,-2.5781990521327014,-5.57
2022-01-04,-2.6033653846153846,-6.346774193548387
2022-01-05,-3.257142857142857,-6.840725806451613
2022-01-06,-4.265476190476191,-6.709016393442623
2022-01-07,-5.168632075471698,-6.709016393442623
2022-01-08,-5.168632075471698,-6.709016393442623
2022-01-09,-5.1375598086124405,-6.55625
2022-01-10,-6.822115384615385,-7.6440677966101696
2022-01-11,-7.342417061611374,-7.848739495798319
2022-01-12,-7.701190476190476,-8.813025210084033
2022-01-13,-8.432783018867925,-9.875
2022-01-14,-8.876728110599078,-9.601626016260163
2022-01-15,-8.876728110599078,-9.601626016260163
2022-01-16,-9.675233644859814,-10.485416666666667
2022-01-17,-10.108796296296296,-9.657786885245901
2022-01-18,-10.234953703703704,-9.05
2022-01-19,-7.955479452054795,-7.963114754098361
2022-01-20,-7.638513513513513,-6.326612903225806
2022-01-21,-8.644273127753303,-8.037109375
2022-01-22,-8.644273127753303,-8.037109375
2022-01-23,-8.414414414414415,-8.037109375
2022-01-24,-9.445701357466064,-9.17578125
2022-01-25,-9.488888888888889,-10.084615384615384
2022-01-26,-10.205434782608696,-9.81439393939394
2022-01-27,-9.850877192982455,-10.340384615384615
2022-01-28,-9.903191489361703,-9.325925925925926
2022-01-29,-9.903191489361703,-9.325925925925926
2022-01-30,-10.34375,-9.238805970149254
2022-01-31,-11.107905982905983,-9.335185185185185
2022-02-01,-10.73611111111111,-8.612132352941176
2022-02-02,-9.26255230125523,-7.905797101449275
2022-02-03,-8.159090909090908,-6.845070422535211
2022-02-04,-9.383603238866396,-6.0979020979020975
2022-02-05,-9.383603238866396,-6.0979020979020975
2022-02-06,-9.26530612244898,-5.961267605633803
2022-02-07,-9.899793388429751,-6.023214285714285
2022-02-08,-9.49485596707819,-5.917857142857143
2022-02-09,-9.637860082304528,-6.156028368794326
2022-02-10,-9.154858299595142,-5.676056338028169
2022-02-11,-9.035,-4.832191780821918
2022-02-12,-9.035,-4.832191780821918
2022-02-13,-9.022088353413654,-4.781034482758621
2022-02-14,-8.756889763779528,-4.209183673469388
2022-02-15,-8.3466796875,-3.768581081081081
2022-02-16,-8.195945945945946,-2.9285714285714284
2022-02-17,-8.0968992248062,-2.356418918918919
2022-02-18,-9.206603773584906,-2.923841059602649
2022-02-19,-9.206603773584906,-2.923841059602649
2022-02-20,-9.16147859922179,-3.1037414965986394
2022-02-21,-9.38921568627451,-2.519230769230769
2022-02-22,-8.510658914728682,-2.0753424657534247
2022-02-23,-7.199233716475096,-1.217241379310345
2022-02-24,-8.753861003861005,-3.0396551724137932
2022-02-25,-8.844106463878328,-3.0907534246575343
2022-02-26,-9.14026717557252,-3.013793103448276
2022-02-27,-8.92023346303502,-2.737762237762238
2022-02-28,-8.983653846153846,-2.5574324324324325
2022-03-01,-9.53088803088803,-2.029310344827586
2022-03-02,-8.039883268482491,-0.46099290780141844
2022-03-03,-8.597058823529412,0.75
2022-03-04,-7.8187984496124034,1.9496527777777777
2022-03-05,-7.8187984496124034,1.9496527777777777
2022-03-06,-8.5800395256917,1.3961267605633803
2022-03-07,-8.272549019607844,2.4982517482517483
2022-03-08,-6.5836538461538465,3.4597902097902096
2022-03-09,-6.269083969465649,5.443493150684931
2022-03-10,-6.027671755725191,5.841379310344828
2022-03-11,-6.286654135338346,5.215986394557823
2022-03-12,-6.286654135338346,5.215986394557823
2022-03-13,-7.380188679245283,5.625862068965517
2022-03-14,-8.394886363636363,3.786206896551724
2022-03-15,-7.967898832684825,4.145833333333333
2022-03-16,-7.21875,4.685314685314685
2022-03-17,-7.450389105058366,4.003401360544218
2022-03-18,-7.47577519379845,3.8817567567567566
2022-03-19,-7.434824902723736,4.030612244897959
2022-03-20,-7.424901185770751,4.482758620689655
2022-03-21,-8.068725099601593,4.315068493150685
2022-03-22,-7.8612204724409445,3.807823129251701
2022-03-23,-8.844117647058823,3.6969178082191783
2022-03-24,-8.614864864864865,4.018456375838926
2022-03-25,-9.09980988593156,3.556291390728477
2022-03-26,-9.024809160305344,3.7716666666666665
2022-03-27,-8.560576923076923,4.47804054054054
2022-03-28,-8.89423076923077,3.4628378378378377
2022-03-29,-9.96168582375479,2.630794701986755
2022-03-30,-10.239463601532567,2.0065359477124183
2022-03-31,-11.123091603053435,1.399671052631579
2022-04-01,-10.776415094339622,1.2126623376623376
2022-04-02,-10.776415094339622,1.2126623376623376
2022-04-03,-10.301526717557252,1.4523026315789473
2022-04-04,-9.510576923076924,1.759933774834437
2022-04-05,-9.132183908045977,2.743377483443709
2022-04-06,-8.920112781954888,3.253267973856209
2022-04-07,-7.974813432835821,2.8141025641025643
2022-04-08,-8.248154981549815,2.2721518987341773
2022-04-09,-8.248154981549815,2.2721518987341773
2022-04-10,-7.969330855018588,2.6512738853503186
2022-04-11,-7.265037593984962,3.1202531645569622
2022-04-12,-6.628228782287823,3.2421875
2022-04-13,-6.150369003690037,4.05625
2022-04-14,-6.126865671641791,3.704113924050633
2022-04-15,-6.126865671641791,3.704113924050633
2022-04-16,-6.126865671641791,3.704113924050633
2022-04-17,-6.1335227272727275,3.4594155844155843
2022-04-18,-5.181390977443609,3.7580645161290325
2022-04-19,-6.925855513307985,2.9516129032258065
2022-04-20,-7.72007722007722,1.4029605263157894
2022-04-21,-7.10823754789272,2.0099337748344372
2022-04-22,-7.299242424242424,1.8594771241830066
2022-04-23,-7.299242424242424,1.8594771241830066
2022-04-24,-7.374038461538461,2.263245033112583
2022-04-25,-6.0813725490196076,4.082214765100671
2022-04-26,-5.670318725099602,3.6824324324324325
2022-04-27,-6.006944444444445,4.546979865771812
2022-04-28,-6.332329317269076,5.178571428571429
2022-04-29,-6.973107569721115,5.030405405405405
2022-04-30,-6.973107569721115,5.030405405405405
2022-05-01,-6.318273092369478,5.062925170068027
2022-05-02,-7.005040322580645,4.4229452054794525
2022-05-03,-8.177710843373495,4.090136054421769
2022-05-04,-10.507936507936508,3.0381944444444446
2022-05-05,-9.59475806451613,1.8246527777777777
2022-05-06,-10.017,1.1224137931034484
2022-05-07,-10.017,1.1224137931034484
2022-05-08,-9.29133064516129,1.2152777777777777
2022-05-09,-8.442622950819672,2.263986013986014
2022-05-10,-8.266129032258064,2.2810344827586206
2022-05-11,-9.206122448979592,1.1371527777777777
2022-05-12,-9.570564516129032,0.4454225352112676
2022-05-13,-10.340637450199203,-0.05419580419580419
2022-05-14,-10.340637450199203,-0.05419580419580419
2022-05-15,-10.776639344262295,-0.41007194244604317
2022-05-16,-9.170408163265305,-0.5802919708029197
2022-05-17,-9.031893004115226,-0.5802919708029197
2022-05-18,-9.492886178861788,-0.5036496350364964
2022-05-19,-7.103305785123967,0.4908759124087591
2022-05-20,-8.591093117408906,-0.45714285714285713
2022-05-21,-8.550813008130081,-0.3273381294964029
2022-05-22,-8.550813008130081,-0.3273381294964029
2022-05-23,-9.689049586776859,-0.7757352941176471
2022-05-24,-10.403455284552846,0.3339285714285714
2022-05-25,-8.725708502024291,1.3428571428571427
2022-05-26,-9.024193548387096,1.1637323943661972
2022-05-27,-9.287698412698413,1.0
2022-05-28,-9.287698412698413,1.0
2022-05-29,-9.044897959183674,1.010948905109489
2022-05-30,-7.785123966942149,1.8641304347826086
2022-05-31,-7.93904958677686,3.176258992805755
2022-06-01,-7.663179916317992,3.0611510791366907
2022-06-02,-8.826446280991735,2.023381294964029
2022-06-03,-10.035425101214575,1.6914893617021276
2022-06-04,-10.035425101214575,1.6914893617021276
2022-06-05,-9.965020576131687,1.29136690647482
2022-06-06,-11.71652719665272,1.7765957446808511
2022-06-07,-12.030590717299578,-0.7178571428571429
2022-06-08,-11.835470085470085,-0.21785714285714286
2022-06-09,-11.5758547008547,0.6
2022-06-10,-11.543067226890756,0.5734265734265734
2022-06-11,-11.543067226890756,0.5734265734265734
2022-06-12,-10.877136752136753,2.0431654676258995
2022-06-13,-10.615466101694915,1.8507194244604317
2022-06-14,-11.225531914893617,1.2864963503649636
2022-06-15,-10.808262711864407,1.4375
2022-06-16,-11.661764705882353,1.255514705882353
2022-06-17,-11.098140495867769,1.7050359712230216
2022-06-18,-11.098140495867769,1.7050359712230216
2022-06-19,-11.061203319502075,1.8623188405797102
2022-06-20,-11.14451476793249,2.0588235294117645
2022-06-21,-9.815400843881857,2.2664233576642334
2022-06-22,-9.155462184873949,1.7482014388489209
2022-06-23,-7.789583333333334,2.773381294964029
2022-06-24,-8.297131147540984,1.6118881118881119
2022-06-25,-8.297131147540984,1.6118881118881119
2022-06-26,-8.951446280991735,2.1382978723404253
2022-06-27,-8.446280991735538,3.164285714285714
2022-06-28,-7.802469135802469,3.5
2022-06-29,-7.073347107438017,3.4357142857142855
2022-06-30,-7.915650406504065,3.4280575539568345
2022-07-01,-7.073886639676114,3.1214285714285714
2022-07-02,-7.073886639676114,3.1214285714285714
2022-07-03,-7.181632653061224,3.3568840579710146
2022-07-04,-7.04835390946502,3.366788321167883
2022-07-05,-6.7331223628691985,2.1375
2022-07-06,-7.130341880341881,2.324275362318841
2022-07-07,-6.223290598290598,2.9466911764705883
2022-07-08,-6.758403361344538,2.0482142857142858
2022-07-09,-6.3400423728813555,2.414855072463768
2022-07-10,-6.585470085470085,2.1213235294117645
2022-07-11,-7.4342672413793105,1.537037037037037
2022-07-12,-7.978448275862069,0.5611111111111111
2022-07-13,-7.173404255319149,0.9018518518518519
2022-07-14,-6.75625,0.8941605839416058
2022-07-15,-6.607438016528926,1.0431654676258992
2022-07-16,-6.607438016528926,1.0431654676258992
2022-07-17,-7.950836820083682,-0.03467153284671533
2022-07-18,-6.9,-0.14338235294117646
2022-07-19,-7.115957446808511,0.4777777777777778
2022-07-20,-7.120171673819742,1.3400735294117647
2022-07-21,-7.335836909871245,1.5784671532846715
2022-07-22,-7.3575949367088604,2.147482014388489
2022-07-23,-7.3575949367088604,2.147482014388489
2022-07-24,-8.27127659574468,1.4384057971014492
2022-07-25,-7.873940677966102,1.7208029197080292
2022-07-26,-8.390889830508474,1.8621323529411764
2022-07-27,-8.683262711864407,0.375
2022-07-28,-8.504219409282701,0.3787313432835821
2022-07-29,-8.128125,1.0018382352941178
2022-07-30,-8.015690376569038,1.2685185185185186
2022-07-31,-7.590717299578059,1.4029850746268657
2022-08-01,-6.475531914893617,0.9699248120300752
2022-08-02,-4.114628820960698,1.125
2022-08-03,-2.9358695652173914,2.3721804511278197
2022-08-04,-2.0934782608695652,3.6259259259259258
2022-08-05,-2.3044871794871793,4.195255474452555
2022-08-06,-2.3044871794871793,4.195255474452555
2022-08-07,-2.7435622317596566,3.4908088235294117
2022-08-08,-2.5432900432900434,4.466666666666667
2022-08-09,-0.5595238095238095,5.402985074626866
2022-08-10,-0.462882096069869,4.983333333333333
2022-08-11,0.0927947598253275,5.098540145985401
2022-08-12,0.9577922077922078,5.5
2022-08-13,1.1021739130434782,5.5
2022-08-14,-0.5613839285714286,5.679856115107913
2022-08-15,-0.07589285714285714,4.825
2022-08-16,0.8130630630630631,5.003597122302159
2022-08-17,0.3088235294117647,4.437956204379562
2022-08-18,2.791095890410959,5.998161764705882
2022-08-19,1.9684684684684686,5.998161764705882
2022-08-20,1.9684684684684686,5.998161764705882
2022-08-21,2.164383561643836,6.203703703703703
2022-08-22,0.6793981481481481,4.065789473684211
2022-08-23,0.3204225352112676,4.5896946564885495
2022-08-24,1.4820574162679425,4.794573643410852
2022-08-25,3.2666666666666666,6.87593984962406
2022-08-26,2.9511627906976745,5.7463503649635035
2022-08-27,2.9511627906976745,5.7463503649635035
2022-08-28,2.192757009345794,5.194444444444445
2022-08-29,1.2651869158878504,3.651851851851852
2022-08-30,1.6751152073732718,3.212406015037594
2022-08-31,3.687793427230047,4.518939393939394
2022-09-01,6.369047619047619,4.214285714285714
2022-09-02,6.158018867924528,4.690298507462686
2022-09-03,6.158018867924528,4.690298507462686
2022-09-04,5.896428571428571,3.2518939393939394
2022-09-05,6.063397129186603,3.4980916030534353
2022-09-06,5.7995283018867925,4.431297709923665
2022-09-07,5.395539906103286,4.076923076923077
2022-09-08,5.428571428571429,4.9375
2022-09-09,4.82981220657277,4.775
2022-09-10,4.82981220657277,4.775
2022-09-11,5.080952380952381,5.162790697674419
2022-09-12,6.608333333333333,6.4179389312977095
2022-09-13,4.8971291866028706,4.92175572519084
2022-09-14,6.3954326923076925,4.7481060606060606
2022-09-15,6.813106796116505,4.026923076923077
2022-09-16,7.727163461538462,4.759541984732825
2022-09-17,7.727163461538462,4.759541984732825
2022-09-18,7.490291262135922,4.892307692307693
2022-09-19,7.519512195121951,4.9437984496124034
2022-09-20,7.115763546798029,4.433070866141732
2022-09-21,6.006127450980392,3.634920634920635
2022-09-22,6.564356435643564,4.741869918699187
2022-09-23,6.564356435643564,4.741869918699187
2022-09-24,6.564356435643564,4.741869918699187
2022-09-25,6.976010101010101,3.8781512605042017
2022-09-26,6.4051282051282055,3.7796610169491527
2022-09-27,5.5786802030456855,3.7012711864406778
2022-09-28,5.285897435897436,2.793388429752066
2022-09-29,5.089195979899498,3.227642276422764
2022-09-30,3.6654411764705883,2.806
2022-10-01,3.1908866995073892,2.806
2022-10-02,3.4775,2.4254032258064515
2022-10-03,3.6846733668341707,2.825
2022-10-04,3.4175,2.9541666666666666
2022-10-05,2.2103960396039604,2.8333333333333335
2022-10-06,3.56,5.717741935483871
2022-10-07,3.20935960591133,5.200396825396825
2022-10-08,3.20935960591133,5.200396825396825
2022-10-09,3.586683417085427,5.848790322580645
2022-10-10,2.987437185929648,6.451612903225806
2022-10-11,3.9911616161616164,5.0859375
2022-10-12,4.184010152284264,5.944230769230769
2022-10-13,2.43407960199005,4.619318181818182
2022-10-14,0.768957345971564,4.1989051094890515
2022-10-15,1.0488095238095239,4.1989051094890515
2022-10-16,0.036904761904761905,4.511111111111111
2022-10-17,0.41785714285714287,5.213235294117647
2022-10-18,0.5370813397129187,5.037037037037037
2022-10-19,2.1297619047619047,5.451492537313433
2022-10-20,2.1350710900473935,4.738721804511278
2022-10-21,1.683411214953271,4.325925925925926
2022-10-22,1.683411214953271,4.325925925925926
2022-10-23,2.4822274881516586,5.309259259259259
2022-10-24,2.6910377358490565,4.216666666666667
2022-10-25,2.585280373831776,4.281481481481482
2022-10-26,4.276744186046511,4.531021897810219
2022-10-27,3.7127906976744187,3.964814814814815
2022-10-28,3.2085253456221197,3.8125
2022-10-29,3.2085253456221197,3.8125
2022-10-30,1.9694835680751173,4.042910447761194
2022-10-31,1.4593023255813953,4.785185185185185
2022-11-01,-0.5559360730593608,3.9384328358208953
2022-11-02,-0.6095890410958904,3.0223880597014925
2022-11-03,-0.7052752293577982,2.0279850746268657
2022-11-04,-0.8344444444444444,1.2665441176470589
2022-11-05,-0.8344444444444444,1.2665441176470589
2022-11-06,-1.3068181818181819,-0.17669172932330826
2022-11-07,-2.73972602739726,-0.333955223880597
2022-11-08,-2.3647727272727272,-0.832089552238806
2022-11-09,-3.1447963800904977,-0.7367424242424242
2022-11-10,-4.7122222222222225,-1.6717557251908397
2022-11-11,-4.544956140350878,-1.2555970149253732
2022-11-12,-4.544956140350878,-1.2555970149253732
2022-11-13,-5.222466960352423,-1.2969924812030076
2022-11-14,-5.716814159292035,-2.3227611940298507
2022-11-15,-5.744517543859649,-0.6066176470588235
2022-11-16,-6.74890350877193,-1.4595588235294117
2022-11-17,-6.87987012987013,-1.6113138686131387
2022-11-18,-7.5405982905982905,-2.1384892086330933
2022-11-19,-7.5405982905982905,-2.1384892086330933
2022-11-20,-6.649563318777292,-1.8584558823529411
2022-11-21,-6.663043478260869,-1.1775362318840579
2022-11-22,-7.788461538461538,-1.822695035460993
2022-11-23,-8.51931330472103,-2.3967391304347827
2022-11-24,-8.408695652173913,-1.6388888888888888
2022-11-25,-7.9393939393939394,-0.8915441176470589
2022-11-26,-7.629347826086956,-0.8915441176470589
2022-11-27,-7.74780701754386,-0.5876865671641791
2022-11-28,-8.111842105263158,-0.5074626865671642
2022-11-29,-9.928728070175438,-2.3176691729323307
2022-11-30,-10.484848484848484,-1.9318181818181819
2022-12-01,-10.83982683982684,-2.4656488549618323
2022-12-02,-10.676282051282051,-2.2276119402985075
2022-12-03,-10.600858369098713,-2.031954887218045
2022-12-04,-10.551724137931034,-1.8806818181818181
2022-12-05,-10.007675438596491,-3.4389312977099236
2022-12-06,-10.044247787610619,-3.437022900763359
2022-12-07,-9.639130434782608,-4.507518796992481
2022-12-08,-9.554347826086957,-5.074626865671642
2022-12-09,-8.973175965665236,-4.292279411764706
2022-12-10,-8.973175965665236,-4.292279411764706
2022-12-11,-10.064935064935066,-5.66044776119403
2022-12-12,-9.56578947368421,-3.7969924812030076
2022-12-13,-8.681521739130435,-1.8665413533834587
2022-12-14,-9.794181034482758,-2.1574074074074074
2022-12-15,-10.669527896995708,-2.8363970588235294
2022-12-16,-10.979872881355933,-3.5323741007194243
2022-12-17,-10.979872881355933,-3.5323741007194243
2022-12-18,-11.756410256410257,-3.3840579710144927
2022-12-19,-12.555793991416309,-2.96875
2022-12-20,-12.10022026431718,-2.2445255474452557
2022-12-21,-11.94078947368421,-1.9257246376811594
2022-12-22,-12.12823275862069,-1.622340425531915
2022-12-23,-11.638297872340425,-0.9755244755244755
2022-12-24,-11.638297872340425,-0.9755244755244755
2022-12-25,-11.518162393162394,-0.5686619718309859
2022-12-26,-11.178260869565218,-0.36524822695035464
2022-12-27,-10.355434782608695,0.32142857142857145
2022-12-28,-11.233552631578947,-0.08812949640287769
2022-12-29,-10.015418502202643,0.8507194244604317
2022-12-30,-10.153930131004367,0.7482142857142857
2022-12-31,-10.153930131004367,0.7482142857142857
2023-01-01,-10.021929824561404,1.0431654676258992
2023-01-02,-9.725663716814159,1.2083333333333333
2023-01-03,-9.63495575221239,1.8065693430656935
2023-01-04,-9.972222222222221,-0.16165413533834586
2023-01-05,-8.966517857142858,0.1571969696969697
2023-01-06,-10.029605263157896,0.1571969696969697
2023-01-07,-10.029605263157896,0.1571969696969697
2023-01-08,-9.31,-0.08269230769230769
2023-01-09,-10.150669642857142,0.9543650793650794
2023-01-10,-10.603139013452914,0.6955645161290323
2023-01-11,-8.552272727272728,2.4166666666666665
2023-01-12,-6.526995305164319,3.6281512605042017
2023-01-13,-6.647674418604651,3.560416666666667
2023-01-14,-6.63785046728972,3.6638655462184873
2023-01-15,-6.489336492890995,2.847457627118644
2023-01-16,-6.2105263157894735,3.3162393162393164
2023-01-17,-6.462740384615385,3.5576923076923075
2023-01-18,-6.320913461538462,4.566239316239316
2023-01-19,-5.722222222222222,5.866379310344827
2023-01-20,-6.577014218009479,5.641949152542373
2023-01-21,-7.08452380952381,4.835470085470085
2023-01-22,-6.869565217391305,5.286637931034483
2023-01-23,-6.885922330097087,3.9855371900826446
2023-01-24,-7.544471153846154,3.987603305785124
2023-01-25,-7.929425837320574,3.5772357723577235
2023-01-26,-8.261961722488039,3.7438524590163933
2023-01-27,-8.517605633802816,3.370967741935484
2023-01-28,-8.517605633802816,3.370967741935484
2023-01-29,-9.088095238095239,2.8360655737704916
2023-01-30,-8.315533980582524,2.9651639344262297
2023-01-31,-8.568840579710145,3.9049586776859506
2023-02-01,-7.753521126760563,3.106
2023-02-02,-8.183962264150944,2.9384920634920637
2023-02-03,-8.842592592592593,2.443359375
2023-02-04,-8.842592592592593,2.443359375
2023-02-05,-8.642523364485982,2.738095238095238
2023-02-06,-8.163915094339623,4.517857142857143
2023-02-07,-7.469047619047619,4.404761904761905
2023-02-08,-6.069711538461538,5.374015748031496
2023-02-09,-6.904589371980676,4.838
2023-02-10,-6.185141509433962,5.992248062015504
2023-02-11,-6.127962085308057,6.181640625
2023-02-12,-5.962918660287081,6.587301587301587
2023-02-13,-7.194711538461538,5.008
2023-02-14,-6.081753554502369,5.78740157480315
2023-02-15,-4.453883495145631,5.881889763779528
2023-02-16,-3.449275362318841,5.49031007751938
2023-02-17,-2.8832547169811322,5.950381679389313
2023-02-18,-2.8832547169811322,5.950381679389313
2023-02-19,-3.285885167464115,5.5
2023-02-20,-2.266990291262136,6.568548387096774
2023-02-21,-2.8658536585365852,4.928861788617886
2023-02-22,-3.19390243902439,4.747967479674797
2023-02-23,-4.001201923076923,3.9536290322580645
2023-02-24,-3.863095238095238,3.658
2023-02-25,-3.436602870813397,3.658
2023-02-26,-3.0634146341463415,3.752016129032258
2023-02-27,-1.574390243902439,4.970238095238095
2023-02-28,-1.875,4.992063492063492
2023-03-01,-1.8671497584541064,4.992063492063492
2023-03-02,-1.0776699029126213,4.31
2023-03-03,-1.832535885167464,4.31
2023-03-04,-1.832535885167464,4.31
2023-03-05,-2.8028846153846154,4.362903225806452
2023-03-06,-2.582125603864734,4.264
2023-03-07,-2.279268292682927,5.405241935483871
2023-03-08,-1.4855072463768115,5.895161290322581
2023-03-09,-2.5182038834951457,4.76008064516129
2023-03-10,-2.533333333333333,4.190944881889764
2023-03-11,-2.533333333333333,4.190944881889764
2023-03-12,-2.0072115384615383,3.524193548387097
2023-03-13,-2.8617788461538463,2.316
2023-03-14,-1.6614832535885167,2.653225806451613
2023-03-15,-2.050724637681159,4.064
2023-03-16,-1.7548076923076923,5.637096774193548
2023-03-17,-1.6373239436619718,6.295634920634921
2023-03-18,-1.6373239436619718,6.295634920634921
2023-03-19,-1.1777251184834123,6.506
2023-03-20,-1.0210280373831775,5.208661417322834
2023-03-21,-1.397887323943662,4.926587301587301
2023-03-22,-1.0293427230046948,3.9901574803149606
2023-03-23,-2.199766355140187,3.126984126984127
2023-03-24,-2.556451612903226,2.8125
2023-03-25,-2.556451612903226,2.8125
2023-03-26,-2.556451612903226,2.8125
2023-03-27,-2.5651162790697675,2.9722222222222223
2023-03-28,-2.6132075471698113,3.3245967741935485
2023-03-29,-3.17018779342723,3.082
2023-03-30,-3.017605633802817,3.215725806451613
2023-03-31,-2.5569767441860467,3.134
2023-04-01,-2.5569767441860467,3.134
2023-04-02,-2.5569767441860467,3.134
2023-04-03,-2.619767441860465,2.033464566929134
2023-04-04,-2.5079908675799087,2.856589147286822
2023-04-05,-2.403669724770642,2.8468992248062017
2023-04-06,-1.3127906976744186,3.372137404580153
2023-04-07,-1.3935185185185186,3.2045454545454546
2023-04-08,-1.3935185185185186,3.2045454545454546
2023-04-09,-1.733568075117371,3.4713740458015265
2023-04-10,-1.1974299065420562,2.753846153846154
2023-04-11,-2.2546511627906978,1.9903846153846154
2023-04-12,-3.5046511627906978,1.176923076923077
2023-04-13,-3.610599078341014,1.0305343511450382
2023-04-14,-3.8873873873873874,1.1026119402985075
2023-04-15,-3.8873873873873874,1.1026119402985075
2023-04-16,-3.8625,1.2196969696969697
2023-04-17,-4.712328767123288,1.2102272727272727
2023-04-18,-4.887731481481482,0.375
2023-04-19,-5.427752293577981,-0.6902985074626866
2023-04-20,-3.728211009174312,0.0
2023-04-21,-4.052690582959642,-0.33211678832116787
2023-04-22,-4.052690582959642,-0.33211678832116787
2023-04-23,-3.104357798165138,0.8454198473282443
2023-04-24,-3.314516129032258,0.881578947368421
2023-04-25,-2.5538990825688073,1.855263157894737
2023-04-26,-2.1977272727272728,1.8022388059701493
2023-04-27,-2.3238636363636362,1.7988721804511278
2023-04-28,-1.6333333333333333,2.3425925925925926
2023-04-29,-1.6333333333333333,2.3425925925925926
2023-04-30,-1.4338565022421526,2.4365671641791047
2023-05-01,-1.7355555555555555,1.4522058823529411
2023-05-02,-2.0380184331797233,2.4599236641221376
2023-05-03,-0.7255813953488373,2.850378787878788
2023-05-04,0.26291079812206575,3.566287878787879
2023-05-05,-0.30275229357798167,3.6772388059701493
2023-05-06,-0.30275229357798167,3.6772388059701493
2023-05-07,-0.8011627906976744,2.950381679389313
2023-05-08,-0.5921658986175116,2.9022556390977443
2023-05-09,-1.3252314814814814,2.1553030303030303
2023-05-10,0.006787330316742082,2.7224264705882355
2023-05-11,-0.9634703196347032,1.1814814814814816
2023-05-12,-0.7894144144144144,1.414855072463768
2023-05-13,-0.7894144144144144,1.414855072463768
2023-05-14,-0.2762557077625571,1.5772058823529411
2023-05-15,-1.2546511627906978,0.9981203007518797
2023-05-16,-1.9205069124423964,0.8240740740740741
2023-05-17,-2.3299086757990866,1.511111111111111
2023-05-18,-2.51036866359447,1.6333333333333333
2023-05-19,-2.3127853881278537,1.4871323529411764
2023-05-20,-2.3127853881278537,1.4871323529411764
2023-05-21,-2.4711981566820276,1.4871323529411764
2023-05-22,-2.360599078341014,1.4816176470588236
2023-05-23,-2.4055299539170507,1.3996350364963503
2023-05-24,-1.6406976744186046,2.099264705882353
2023-05-25,-1.667808219178082,2.375
2023-05-26,-2.1919642857142856,2.8444055944055946
2023-05-27,-2.1919642857142856,2.8444055944055946
2023-05-28,-3.0382882882882885,2.0428571428571427
2023-05-29,-2.9850230414746544,2.323741007194245
2023-05-30,-2.4182027649769586,2.813380281690141
2023-05-31,-3.4724770642201834,3.007042253521127
2023-06-01,-3.4625,2.432758620689655
2023-06-02,-3.579954954954955,3.1010273972602738
2023-06-03,-3.579954954954955,3.1010273972602738
2023-06-04,-3.375,3.310763888888889
2023-06-05,-3.279816513761468,3.417832167832168
2023-06-06,-3.736111111111111,3.4667832167832167
2023-06-07,-3.3116438356164384,4.388111888111888
2023-06-08,-2.914746543778802,5.570921985815603
2023-06-09,-3.014705882352941,6.235915492957746
2023-06-10,-3.014705882352941,6.235915492957746
2023-06-11,-3.4135944700460827,5.9928057553956835
2023-06-12,-3.7893518518518516,6.796428571428572
2023-06-13,-2.988532110091743,4.889285714285714
2023-06-14,-2.4625,3.9571428571428573
2023-06-15,-2.6376146788990824,3.3315217391304346
2023-06-16,-2.8817567567567566,2.6773049645390072
2023-06-17,-2.8817567567567566,2.6773049645390072
2023-06-18,-3.5924657534246576,3.2409420289855073
2023-06-19,-3.202272727272727,3.2985611510791366
2023-06-20,-2.9536199095022626,3.72992700729927
2023-06-21,-1.7773972602739727,4.530797101449275
2023-06-22,-1.3045454545454545,4.996402877697841
2023-06-23,-0.6785714285714286,5.377659574468085
2023-06-24,-0.6785714285714286,5.377659574468085
2023-06-25,-0.47635135135135137,5.460992907801418
2023-06-26,-0.287117903930131,6.339655172413793
2023-06-27,-0.42400881057268724,5.896853146853147
2023-06-28,-0.75,5.309931506849315
2023-06-29,-1.1883116883116882,5.130952380952381
2023-06-30,-0.8493589743589743,5.77195945945946
2023-07-01,-0.8493589743589743,5.77195945945946
2023-07-02,-0.3624454148471616,6.340277777777778
2023-07-03,-0.6449115044247787,5.852836879432624
2023-07-04,-1.5947136563876652,5.888297872340425
2023-07-05,-1.5358695652173913,5.25886524822695
2023-07-06,-0.7381465517241379,6.643356643356643
2023-07-07,-1.0446808510638297,6.3310344827586205
2023-07-08,-1.0446808510638297,6.3310344827586205
2023-07-09,-1.5844155844155845,6.432291666666667
2023-07-10,-1.2083333333333333,6.419580419580419
2023-07-11,-0.38973799126637554,5.919520547945205
2023-07-12,-0.8623348017621145,6.712328767123288
2023-07-13,-0.18444444444444444,7.272413793103448
2023-07-14,-0.6293478260869565,6.802013422818792
2023-07-15,-0.6293478260869565,6.802013422818792
2023-07-16,-0.5668859649122807,6.26530612244898
2023-07-17,-0.459070796460177,6.3784246575342465
2023-07-18,-0.5881696428571429,6.428819444444445
2023-07-19,-1.5560538116591929,5.616319444444445
2023-07-20,-1.8721719457013575,6.409722222222222
2023-07-21,-2.0991189427312777,6.626712328767123
2023-07-22,-2.0991189427312777,6.626712328767123
2023-07-23,-2.296171171171171,6.625886524822695
2023-07-24,-2.6381278538812785,5.926785714285714
2023-07-25,-0.9288990825688074,6.551418439716312
2023-07-26,-0.5573394495412844,7.204545454545454
2023-07-27,-0.6550925925925926,6.503496503496503
2023-07-28,-1.1227064220183487,6.503496503496503
2023-07-29,-1.1227064220183487,6.503496503496503
2023-07-30,-0.9546511627906977,6.998214285714286
2023-07-31,-1.072093023255814,7.10251798561151
2023-08-01,-2.3122119815668203,7.299270072992701
2023-08-02,-3.5829545454545455,6.447463768115942
2023-08-03,-3.5045454545454544,5.875899280575539
2023-08-04,-2.8549107142857144,5.642857142857143
2023-08-05,-2.8549107142857144,5.642857142857143
2023-08-06,-2.618181818181818,6.100364963503649
2023-08-07,-2.8102272727272726,6.2536764705882355
2023-08-08,-3.2523041474654377,6.29074074074074
2023-08-09,-1.9481566820276497,6.635338345864661
2023-08-10,-1.6682027649769586,5.791044776119403
2023-08-11,-1.2771493212669682,5.633333333333334
2023-08-12,-1.2771493212669682,5.633333333333334
2023-08-13,-0.9006849315068494,5.766791044776119
2023-08-14,-1.1912442396313363,5.561567164179104
2023-08-15,-1.2967289719626167,5.458333333333333
2023-08-16,-2.0528169014084505,4.6965648854961835
2023-08-17,-2.3514150943396226,4.6603053435114505
2023-08-18,-1.2988372093023255,5.893656716417911
2023-08-19,-1.2988372093023255,5.893656716417911
2023-08-20,-1.3867924528301887,6.0056390977443606
2023-08-21,-1.5841121495327102,5.651851851851852
2023-08-22,-1.7009345794392523,5.365808823529412
2023-08-23,-1.8796728971962617,5.871268656716418
2023-08-24,-1.7910798122065728,4.847014925373134
2023-08-25,-1.0229357798165137,5.373161764705882
2023-08-26,-1.0229357798165137,5.373161764705882
2023-08-27,-1.0933179723502304,5.307407407407408
2023-08-28,0.04838709677419355,5.9440298507462686
2023-08-29,0.8852272727272728,5.842592592592593
2023-08-30,2.490867579908676,7.705882352941177
2023-08-31,2.740867579908676,6.90625
2023-09-01,2.748873873873874,6.802919708029197
2023-09-02,2.748873873873874,6.802919708029197
2023-09-03,2.3088235294117645,6.117647058823529
2023-09-04,2.5559360730593608,6.294776119402985
2023-09-05,3.0756880733944953,5.335820895522388
2023-09-06,3.2857142857142856,5.335820895522388
2023-09-07,4.846064814814815,6.727941176470588
2023-09-08,4.857954545454546,7.271739130434782
2023-09-09,4.857954545454546,7.271739130434782
2023-09-10,4.585253456221198,6.6875
2023-09-11,3.911697247706422,7.388888888888889
2023-09-12,4.470657276995305,7.688432835820896
2023-09-13,3.9264018691588785,8.261029411764707
2023-09-14,4.071596244131455,8.588235294117647
2023-09-15,3.019675925925926,8.588235294117647
2023-09-16,3.0802325581395347,8.725925925925926
2023-09-17,3.251179245283019,8.988721804511279
2023-09-18,3.235781990521327,9.061567164179104
2023-09-19,3.0318396226415096,8.327067669172932
2023-09-20,3.1285377358490565,7.992424242424242
2023-09-21,1.8215962441314555,7.244318181818182
2023-09-22,1.4608294930875576,7.378731343283582
2023-09-23,1.4976851851851851,7.4830827067669174
2023-09-24,1.3564593301435406,6.558139534883721
2023-09-25,2.092857142857143,7.116412213740458
2023-09-26,1.707142857142857,7.517307692307693
2023-09-27,2.5642857142857145,7.680232558139535
2023-09-28,3.1338862559241707,8.139312977099237
2023-09-29,3.201388888888889,7.704887218045113
2023-09-30,3.201388888888889,7.704887218045113
2023-10-01,3.239485981308411,7.704887218045113
2023-10-02,3.1203271028037385,7.693609022556391
2023-10-03,2.926605504587156,7.620300751879699
2023-10-04,1.5529953917050692,6.336538461538462
2023-10-05,1.478110599078341,6.5852713178294575
2023-10-06,0.40427927927927926,6.190839694656488
2023-10-07,0.40427927927927926,6.190839694656488
2023-10-08,0.25904977375565613,6.573643410852713
2023-10-09,0.5148401826484018,7.34765625
2023-10-10,1.2672018348623852,6.576771653543307
2023-10-11,0.2990867579908676,5.681102362204724
2023-10-12,0.1536697247706422,5.782
2023-10-13,-0.20795454545454545,5.066929133858268
2023-10-14,-0.20795454545454545,5.066929133858268
2023-10-15,-0.20795454545454545,5.066929133858268
2023-10-16,1.4113636363636364,5.761811023622047
2023-10-17,1.6018099547511313,6.7795275590551185
2023-10-18,2.840497737556561,7.138
2023-10-19,3.3164414414414414,7.257936507936508
2023-10-20,3.0591517857142856,7.124015748031496
2023-10-21,3.0591517857142856,7.124015748031496
2023-10-22,3.311936936936937,7.319444444444445
2023-10-23,2.6422222222222222,7.75390625
2023-10-24,2.314732142857143,7.059055118110236
2023-10-25,2.024663677130045,8.093253968253968
2023-10-26,2.4263392857142856,9.189922480620154
2023-10-27,2.3700440528634363,9.067307692307692
2023-10-28,2.5455555555555556,9.271317829457365
2023-10-29,2.703125,9.271317829457365
2023-10-30,3.7984234234234235,10.09108527131783
2023-10-31,5.307077625570776,10.6751968503937
2023-11-01,5.658256880733945,10.988095238095237
2023-11-02,5.072093023255814,11.29
2023-11-03,4.9411764705882355,11.671875
2023-11-04,4.9411764705882355,11.671875
2023-11-05,5.280963302752293,11.838582677165354
2023-11-06,4.798165137614679,11.182539682539682
2023-11-07,3.2771493212669682,11.098425196850394
2023-11-08,2.7104072398190047,11.672
2023-11-09,2.103881278538813,11.23611111111111
2023-11-10,2.0930493273542603,11.798828125
2023-11-11,2.0930493273542603,11.798828125
2023-11-12,2.4054054054054053,12.556
2023-11-13,2.8545454545454545,13.144308943089431
2023-11-14,3.248873873873874,12.329365079365079
2023-11-15,3.5877777777777777,12.404761904761905
2023-11-16,2.201111111111111,10.784
2023-11-17,2.048458149779736,10.375984251968504
2023-11-18,2.048458149779736,10.375984251968504
2023-11-19,2.6345291479820627,11.408536585365853
2023-11-20,1.8433333333333333,10.429435483870968
2023-11-21,1.915158371040724,9.764227642276422
2023-11-22,2.0875,9.766260162601625
2023-11-23,1.4895833333333333,9.200819672131148
2023-11-24,1.4895833333333333,9.091463414634147
2023-11-25,1.4895833333333333,9.091463414634147
2023-11-26,0.45348837209302323,7.948347107438017
2023-11-27,-0.2266355140186916,8.12396694214876
2023-11-28,-0.8502358490566038,7.1533613445378155
2023-11-29,-1.1150234741784038,6.94375
2023-11-30,-1.2883720930232558,6.575819672131147
2023-12-01,-0.8096330275229358,6.092
2023-12-02,-0.8096330275229358,6.092
2023-12-03,-0.9308755760368663,6.241935483870968
2023-12-04,-1.6342592592592593,6.272177419354839
2023-12-05,-1.8298611111111112,6.16
2023-12-06,-2.610981308411215,3.530241935483871
2023-12-07,-3.5478971962616823,2.7947154471544717
2023-12-08,-2.782258064516129,3.454
2023-12-09,-2.721064814814815,3.6108870967741935
2023-12-10,-2.5492957746478875,3.451219512195122
2023-12-11,-3.5011682242990654,3.2600806451612905
2023-12-12,-2.4656398104265405,3.341463414634146
2023-12-13,-2.5766509433962264,3.1048387096774195
2023-12-14,-1.1011904761904763,3.88
2023-12-15,-0.6880841121495327,4.854330708661418
2023-12-16,-0.6880841121495327,4.854330708661418
2023-12-17,-0.8559523809523809,5.018145161290323
2023-12-18,-1.2763157894736843,5.088709677419355
2023-12-19,-1.492822966507177,5.3
2023-12-20,-1.3654761904761905,5.238095238095238
2023-12-21,-1.2560096153846154,4.934
2023-12-22,-0.8133971291866029,4.843253968253968
2023-12-23,-0.8133971291866029,4.843253968253968
2023-12-24,-0.9609756097560975,4.412601626016261
2023-12-25,-0.10572139303482588,4.675619834710743
2023-12-26,-1.2613636363636365,4.7458677685950414
2023-12-27,-2.71356783919598,2.803719008264463
2023-12-28,-2.669642857142857,3.5351239669421486
2023-12-29,-3.0,3.034274193548387
2023-12-30,-3.0,3.034274193548387
2023-12-31,-2.818527918781726,3.1341463414634148
2024-01-01,-2.6335978835978837,3.384297520661157
2024-01-02,-2.339095744680851,3.384297520661157
2024-01-03,-2.0161290322580645,3.2231404958677685
2024-01-04,0.30601092896174864,3.4875
2024-01-05,0.8449197860962567,3.3615702479338845
2024-01-06,0.8449197860962567,3.3615702479338845
2024-01-07,0.11216216216216217,3.167372881355932
2024-01-08,0.8382352941176471,3.110169491525424
2024-01-09,1.288978494623656,2.944915254237288
2024-01-10,1.9435483870967742,3.4243697478991595
2024-01-11,2.015873015873016,3.810924369747899
2024-01-12,1.8638743455497382,3.541322314049587
2024-01-13,1.8638743455497382,3.541322314049587
2024-01-14,0.6097883597883598,3.23125
2024-01-15,0.5775401069518716,2.3833333333333333
2024-01-16,-0.6155913978494624,1.3822314049586777
2024-01-17,-0.7117486338797814,0.6428571428571429
2024-01-18,-0.22883597883597884,0.8975409836065574
2024-01-19,0.825,0.8975409836065574
2024-01-20,0.825,0.8975409836065574
2024-01-21,0.11141304347826086,-0.4194915254237288
2024-01-22,0.6401098901098901,-0.2841880341880342
2024-01-23,0.10851648351648352,-1.4152542372881356
2024-01-24,0.0013812154696132596,-3.106837606837607
2024-01-25,0.6480978260869565,-1.834710743801653
2024-01-26,0.9608108108108108,-1.0
2024-01-27,0.9608108108108108,-1.0
2024-01-28,0.23480662983425415,-1.475
2024-01-29,1.1736111111111112,-1.4090909090909092
2024-01-30,1.9245810055865922,-0.5702479338842975
2024-01-31,1.8232044198895028,-0.7601626016260162
2024-02-01,1.4590395480225988,-1.578512396694215
2024-02-02,0.8967391304347826,-2.0
2024-02-03,0.8967391304347826,-2.0
2024-02-04,1.1819444444444445,-1.743801652892562
2024-02-05,2.2855113636363638,-1.9979166666666666
2024-02-06,2.6519886363636362,-1.9264705882352942
2024-02-07,2.4417613636363638,-1.7665289256198347
2024-02-08,2.603448275862069,-2.5903361344537816
2024-02-09,2.377840909090909,-2.8326446280991737
2024-02-10,2.377840909090909,-2.8326446280991737
2024-02-11,2.335714285714286,-2.8326446280991737
2024-02-12,2.0997109826589595,-2.4684873949579833
2024-02-13,0.3160919540229885,-2.4520833333333334
2024-02-14,2.0218023255813953,-2.369747899159664
2024-02-15,2.8938953488372094,-2.207627118644068
2024-02-16,2.157303370786517,-2.3604166666666666
2024-02-17,2.157303370786517,-2.3604166666666666
2024-02-18,2.8160919540229883,-2.051282051282051
2024-02-19,2.782857142857143,-2.059322033898305
2024-02-20,3.1954022988505746,-1.6767241379310345
2024-02-21,2.73728813559322,-1.1016949152542372
2024-02-22,1.4680555555555554,-0.21822033898305085
2024-02-23,1.125,-0.29411764705882354
2024-02-24,0.9583333333333334,-0.29411764705882354
2024-02-25,1.1214285714285714,-0.08836206896551724
2024-02-26,1.1377840909090908,0.15948275862068967
2024-02-27,1.1228571428571428,1.2630434782608695
2024-02-28,0.8031609195402298,1.4690265486725664
2024-02-29,0.8053977272727273,1.7654867256637168
2024-03-01,1.9307909604519775,2.3232758620689653
2024-03-02,1.9307909604519775,2.3232758620689653
2024-03-03,2.3261494252873565,2.692982456140351
2024-03-04,2.2657142857142856,2.5109649122807016
2024-03-05,0.7696629213483146,1.958695652173913
2024-03-06,1.6377840909090908,1.85
2024-03-07,0.5400552486187845,1.088235294117647
2024-03-08,-0.22849462365591397,0.8647540983606558
2024-03-09,-0.13378378378378378,1.0185950413223142
2024-03-10,0.09836065573770492,1.3067226890756303
2024-03-11,-0.10215053763440861,1.0979166666666667
2024-03-12,-1.3797297297297297,1.6853448275862069
2024-03-13,-2.118279569892473,0.48504273504273504
2024-03-14,-2.1657608695652173,0.0405982905982906
2024-03-15,-1.077127659574468,-0.12815126050420167
2024-03-16,-1.077127659574468,-0.12815126050420167
2024-03-17,-1.0254010695187166,-0.06779661016949153
2024-03-18,-1.9472972972972973,-0.1934782608695652
2024-03-19,-0.3557692307692308,-0.25869565217391305
2024-03-20,-0.5,-0.2608695652173913
2024-03-21,-1.2950819672131149,-0.5926724137931034
2024-03-22,-1.4946524064171123,-1.2584033613445378
2024-03-23,-1.4946524064171123,-1.2584033613445378
2024-03-24,-1.5372340425531914,-1.3270833333333334
2024-03-25,-1.718586387434555,-1.863821138211382
2024-03-26,-0.8955026455026455,-0.6741803278688525
2024-03-27,-1.2367724867724867,-1.2028688524590163
2024-03-28,-1.1400523560209423,-1.0901639344262295
2024-03-29,-1.1400523560209423,-1.0901639344262295
2024-03-30,-1.1400523560209423,-1.0901639344262295
2024-03-31,-1.28125,-1.0901639344262295
2024-04-01,-0.7971938775510204,-0.7896825396825397
2024-04-02,-1.1351010101010102,-1.0511811023622046
2024-04-03,-2.2853535353535355,-1.181640625
2024-04-04,-3.5653266331658293,-1.3410852713178294
2024-04-05,-3.304726368159204,-1.4557692307692307
2024-04-06,-3.304726368159204,-1.4557692307692307
2024-04-07,-3.981060606060606,-1.321705426356589
2024-04-08,-3.5229591836734695,-0.19140625
2024-04-09,-3.700507614213198,-0.9140625
2024-04-10,-2.9987179487179487,-1.186046511627907
2024-04-11,-2.969543147208122,-1.197265625
2024-04-12,-3.61875,-1.4631782945736433
2024-04-13,-3.61875,-1.4631782945736433
2024-04-14,-3.595959595959596,-1.3937007874015748
2024-04-15,-3.332920792079208,-1.8972868217054264
2024-04-16,-2.955,-1.225
2024-04-17,-3.876923076923077,-1.58203125
2024-04-18,-5.80050505050505,-1.8442307692307693
2024-04-19,-4.998756218905473,-2.0896946564885495
2024-04-20,-4.998756218905473,-2.0896946564885495
2024-04-21,-4.9525,-1.9961538461538462
2024-04-22,-4.238916256157635,-2.1030534351145036
2024-04-23,-3.8223039215686274,-1.4866412213740459
2024-04-24,-4.080845771144278,-1.869140625
2024-04-25,-5.1048780487804875,-3.046511627906977
2024-04-26,-4.390625,-3.2480916030534353
2024-04-27,-4.390625,-3.2480916030534353
2024-04-28,-5.56280193236715,-3.199612403100775
2024-04-29,-6.300724637681159,-3.9089147286821704
2024-04-30,-6.543478260869565,-2.966796875
2024-05-01,-6.4110576923076925,-3.1865384615384613
2024-05-02,-6.620145631067961,-3.463740458015267
2024-05-03,-7.013221153846154,-3.509469696969697
2024-05-04,-7.013221153846154,-3.509469696969697
2024-05-05,-7.354368932038835,-3.25
2024-05-06,-6.734146341463415,-3.481060606060606
2024-05-07,-6.130434782608695,-3.0321969696969697
2024-05-08,-6.472222222222222,-3.093984962406015
2024-05-09,-6.5829326923076925,-3.077651515151515
2024-05-10,-6.4035714285714285,-3.1033834586466167
2024-05-11,-6.4035714285714285,-3.1033834586466167
2024-05-12,-6.2548076923076925,-2.9083969465648853
2024-05-13,-5.299019607843137,-2.881679389312977
2024-05-14,-6.780048076923077,-2.1809701492537314
2024-05-15,-7.65311004784689,-2.3407407407407406
2024-05-16,-7.334558823529412,-2.2667910447761193
2024-05-17,-6.814320388349515,-1.5533088235294117
2024-05-18,-6.814320388349515,-1.5533088235294117
2024-05-19,-6.795566502463054,-1.406015037593985
2024-05-20,-6.669512195121952,-0.7185185185185186
2024-05-21,-6.62192118226601,-1.2857142857142858
2024-05-22,-5.322303921568627,-1.5349264705882353
2024-05-23,-5.450721153846154,-1.9891304347826086
2024-05-24,-5.398809523809524,-1.2553956834532374
2024-05-25,-5.398809523809524,-1.2553956834532374
2024-05-26,-5.753623188405797,-1.8722627737226278
2024-05-27,-5.646844660194175,-2.6861313868613137
2024-05-28,-5.6414634146341465,-2.8568840579710146
2024-05-29,-6.5,-2.291970802919708
2024-05-30,-7.802184466019417,-3.119485294117647
2024-05-31,-7.18075117370892,-2.906474820143885
2024-06-01,-7.18075117370892,-2.906474820143885
2024-06-02,-7.587677725118484,-3.4708029197080292
2024-06-03,-5.938967136150235,-3.341240875912409
2024-06-04,-5.3584905660377355,-3.233455882352941
2024-06-05,-6.391148325358851,-3.712121212121212
2024-06-06,-6.063106796116505,-3.9656488549618323
2024-06-07,-6.525240384615385,-4.719924812030075
2024-06-08,-6.525240384615385,-4.719924812030075
2024-06-09,-6.9620098039215685,-5.374045801526718
2024-06-10,-5.639162561576355,-5.556390977443609
2024-06-11,-4.689655172413793,-5.365530303030303
2024-06-12,-5.13490099009901,-6.057251908396947
2024-06-13,-5.805418719211823,-5.806818181818182
2024-06-14,-5.469660194174757,-6.0335820895522385
2024-06-15,-5.371951219512195,-6.0335820895522385
2024-06-16,-4.562807881773399,-6.0335820895522385
2024-06-17,-5.7155172413793105,-5.840909090909091
2024-06-18,-4.893564356435643,-5.846590909090909
2024-06-19,-4.564676616915423,-5.42175572519084
2024-06-20,-3.9425,-4.926356589147287
2024-06-21,-3.6262135922330097,-4.488721804511278
2024-06-22,-3.597560975609756,-4.450757575757576
2024-06-23,-3.18407960199005,-3.99609375
2024-06-24,-3.16,-4.81496062992126
2024-06-25,-3.650990099009901,-5.558139534883721
2024-06-26,-3.2575,-5.709615384615384
2024-06-27,-3.4027093596059115,-5.0896946564885495
2024-06-28,-3.9190821256038646,-5.550373134328358
2024-06-29,-3.8009708737864076,-5.550373134328358
2024-06-30,-3.998762376237624,-6.0458015267175576
2024-07-01,-3.8930348258706466,-6.017175572519084
2024-07-02,-3.3131188118811883,-5.9961832061068705
2024-07-03,-2.75,-5.9375
2024-07-04,-2.82125,-5.537593984962406
2024-07-05,-1.7190594059405941,-5.369402985074627
2024-07-06,-1.7190594059405941,-5.369402985074627
2024-07-07,-1.9502487562189055,-6.161654135338346
2024-07-08,-1.5339195979899498,-5.127862595419847
2024-07-09,-2.03875,-4.627862595419847
2024-07-10,-2.4116915422885574,-4.526515151515151
2024-07-11,-2.5441176470588234,-4.662878787878788
2024-07-12,-1.9745145631067962,-4.893656716417911
2024-07-13,-1.9745145631067962,-4.893656716417911
2024-07-14,-1.695,-4.378846153846154
2024-07-15,-2.68407960199005,-4.957364341085271
2024-07-16,-2.4321608040201004,-4.923828125
2024-07-17,-1.7777777777777777,-3.8818897637795278
2024-07-18,-3.587121212121212,-3.858267716535433
2024-07-19,-2.5733830845771144,-2.7674418604651163
2024-07-20,-2.5733830845771144,-2.7674418604651163
2024-07-21,-3.0982142857142856,-2.4384920634920637
2024-07-22,-3.6941624365482233,-2.058
2024-07-23,-3.6931818181818183,-3.05
2024-07-24,-3.7474874371859297,-3.646484375
2024-07-25,-6.09875,-2.306201550387597
2024-07-26,-6.190298507462686,-2.306201550387597
2024-07-27,-6.190298507462686,-2.306201550387597
2024-07-28,-6.016414141414141,-2.2460629921259843
2024-07-29,-6.375,-3.5193798449612403
2024-07-30,-5.82286432160804,-3.4468503937007875
2024-07-31,-6.164572864321608,-1.13
2024-08-01,-5.566502463054187,-1.3203125
2024-08-02,-6.029411764705882,-1.3203125
2024-08-03,-6.029411764705882,-1.3203125
2024-08-04,-8.018203883495145,-1.4586614173228347
2024-08-05,-8.283980582524272,-1.889763779527559
2024-08-06,-7.658653846153846,-0.224609375
2024-08-07,-7.536904761904762,-1.1923076923076923
2024-08-08,-7.989336492890995,-0.3730769230769231
2024-08-09,-8.64906103286385,-0.3730769230769231
2024-08-10,-8.64906103286385,-0.3730769230769231
2024-08-11,-8.570754716981131,-0.296875
2024-08-12,-7.9014423076923075,-1.4424603174603174
2024-08-13,-7.211538461538462,-0.59251968503937
2024-08-14,-6.985714285714286,-0.32751937984496127
2024-08-15,-7.0059241706161135,-0.3557692307692308
2024-08-16,-6.747674418604651,0.07251908396946564
2024-08-17,-6.747674418604651,0.07251908396946564
2024-08-18,-7.0129716981132075,-0.517578125
2024-08-19,-7.203791469194313,-0.9341085271317829
2024-08-20,-6.663875598086125,-0.6567460317460317
2024-08-21,-6.323170731707317,0.636
2024-08-22,-7.200721153846154,-0.7066929133858267
2024-08-23,-6.558333333333334,0.080078125
2024-08-24,-6.558333333333334,0.080078125
2024-08-25,-6.534688995215311,0.17125984251968504
2024-08-26,-5.144927536231884,0.524
2024-08-27,-5.202439024390244,-0.594
2024-08-28,-5.096813725490196,-0.708
2024-08-29,-5.608208955223881,-1.6068548387096775
2024-08-30,-5.355392156862745,-0.794
2024-08-31,-5.355392156862745,-0.794
2024-09-01,-6.596733668341709,-0.25203252032520324
2024-09-02,-7.255,-0.54
2024-09-03,-7.88681592039801,-0.7678571428571429
2024-09-04,-6.915841584158416,-0.06692913385826772
2024-09-05,-6.732843137254902,1.3326771653543308
2024-09-06,-6.966507177033493,1.8527131782945736
2024-09-07,-6.966507177033493,1.8527131782945736
2024-09-08,-7.152644230769231,1.701171875
2024-09-09,-8.41425120772947,0.982421875
2024-09-10,-6.636255924170616,2.5697674418604652
2024-09-11,-8.182464454976303,1.611328125
2024-09-12,-7.198356807511737,3.377906976744186
2024-09-13,-6.565366972477064,3.1875
2024-09-14,-6.565366972477064,3.1875
2024-09-15,-6.408139534883721,3.269083969465649
2024-09-16,-6.716743119266055,3.1231060606060606
2024-09-17,-6.635746606334842,2.612781954887218
2024-09-18,-8.028153153153154,2.612781954887218
2024-09-19,-8.784246575342467,3.146153846153846
2024-09-20,-8.450226244343892,2.7881679389312977
2024-09-21,-8.450226244343892,2.7881679389312977
2024-09-22,-8.871004566210045,2.9057692307692307
2024-09-23,-8.041666666666666,3.6589147286821704
2024-09-24,-7.076834862385321,4.552734375
2024-09-25,-6.585253456221198,3.75968992248062
2024-09-26,-6.2827102803738315,4.4603174603174605
2024-09-27,-6.4467592592592595,4.015625
2024-09-28,-6.408139534883721,4.163385826771654
2024-09-29,-6.144366197183099,4.678
2024-09-30,-6.2959905660377355,4.590725806451613
2024-10-01,-5.183962264150943,5.745901639344262
2024-10-02,-4.962264150943396,5.355371900826446
2024-10-03,-6.079439252336448,4.887295081967213
2024-10-04,-5.6782407407407405,4.508130081300813
2024-10-05,-5.6782407407407405,4.508130081300813
2024-10-06,-5.921361502347418,3.9262295081967213
2024-10-07,-5.183962264150943,4.85625
2024-10-08,-4.5,5.159836065573771
2024-10-09,-3.289855072463768,5.502049180327869
2024-10-10,-3.088516746411483,6.929435483870968
2024-10-11,-2.483490566037736,6.51984126984127
2024-10-12,-2.483490566037736,6.51984126984127
2024-10-13,-2.09688995215311,6.642
2024-10-14,-1.9812206572769953,7.021484375
2024-10-15,-2.3848837209302327,6.217307692307692
2024-10-16,-0.5046296296296297,7.933206106870229
2024-10-17,-0.5897727272727272,6.629770992366412
2024-10-18,0.06334841628959276,6.316287878787879
2024-10-19,0.06334841628959276,6.316287878787879
2024-10-20,0.38940092165898615,5.601145038167939
2024-10-21,1.1534883720930234,6.461832061068702
2024-10-22,1.9229857819905214,7.588582677165355
2024-10-23,2.410377358490566,7.273809523809524
2024-10-24,2.325117370892019,7.057086614173229
2024-10-25,2.1347926267281108,7.445736434108527
2024-10-26,2.1347926267281108,7.445736434108527
2024-10-27,2.9398584905660377,8.168650793650794
2024-10-28,3.0292056074766354,8.001968503937007
2024-10-29,3.7758215962441315,6.591796875
2024-10-30,3.4845238095238096,6.898
2024-10-31,3.463443396226415,6.624015748031496
2024-11-01,4.296728971962617,6.323643410852713
2024-11-02,5.576190476190476,6.84765625
2024-11-03,5.872572815533981,7.381048387096774
2024-11-04,4.685679611650485,5.483870967741935
2024-11-05,4.922330097087379,7.099593495934959
2024-11-06,4.230676328502415,6.786290322580645
2024-11-07,5.496359223300971,7.532
2024-11-08,4.872037914691943,7.0703125
2024-11-09,4.872037914691943,7.0703125
2024-11-10,4.684523809523809,7.833333333333333
2024-11-11,3.7476415094339623,6.928571428571429
2024-11-12,3.7618483412322274,6.43
2024-11-13,4.155952380952381,6.628048780487805
2024-11-14,3.1339712918660285,5.528225806451613
2024-11-15,1.8419811320754718,4.843253968253968
2024-11-16,1.9632701421800949,4.843253968253968
2024-11-17,2.261904761904762,5.415322580645161
2024-11-18,1.7,4.952
2024-11-19,1.3325471698113207,4.222222222222222
2024-11-20,3.609004739336493,4.707661290322581
2024-11-21,2.7207943925233646,3.3551587301587302
2024-11-22,3.1313953488372093,3.094488188976378
2024-11-23,3.1313953488372093,3.094488188976378
2024-11-24,2.1121495327102804,3.094488188976378
2024-11-25,2.8564814814814814,4.3641732283464565
2024-11-26,3.811627906976744,4.609126984126984
2024-11-27,3.3539719626168223,5.413306451612903
2024-11-28,2.991822429906542,4.392
2024-11-29,2.0381944444444446,4.0137795275590555
2024-11-30,2.0813953488372094,4.103174603174603
2024-12-01,2.2593457943925235,4.4
2024-12-02,3.967857142857143,4.78
2024-12-03,2.8261904761904764,4.6875
2024-12-04,3.6850961538461537,4.838709677419355
2024-12-05,3.8115942028985508,3.898
2024-12-06,3.354066985645933,3.341796875
2024-12-07,3.640625,3.811023622047244
2024-12-08,4.141304347826087,4.634920634920635
2024-12-09,2.3024390243902437,2.7460629921259843
2024-12-10,4.014778325123153,4.791015625
2024-12-11,3.103233830845771,3.787109375
2024-12-12,3.144278606965174,4.631889763779528
2024-12-13,2.6820388349514563,3.650763358778626
2024-12-14,2.6820388349514563,3.650763358778626
2024-12-15,2.6683168316831685,3.9224806201550386
2024-12-16,2.591708542713568,4.259765625
2024-12-17,3.8341708542713566,3.9057692307692307
2024-12-18,4.3159203980099505,2.306390977443609
2024-12-19,5.33743842364532,3.8722222222222222
2024-12-20,5.3914634146341465,4.579044117647059
2024-12-21,5.3914634146341465,4.579044117647059
2024-12-22,5.012254901960785,4.898496240601504
2024-12-23,4.959756097560976,5.225378787878788
2024-12-24,5.109068627450981,6.198473282442748
2024-12-25,4.974264705882353,6.198473282442748
2024-12-26,6.522058823529412,6.303846153846154
2024-12-27,6.764563106796117,7.019083969465649
2024-12-28,6.764563106796117,7.019083969465649
2024-12-29,6.53921568627451,7.384615384615385
2024-12-30,4.603448275862069,5.85
2024-12-31,3.967233009708738,6.206439393939394
2025-01-01,4.204207920792079,6.569230769230769
2025-01-02,3.4443069306930694,6.234732824427481
2025-01-03,2.773170731707317,6.047348484848484
2025-01-04,2.773170731707317,6.047348484848484
2025-01-05,2.1002475247524752,5.330152671755725
2025-01-06,1.8409090909090908,5.25984251968504
2025-01-07,1.21125,4.174418604651163
2025-01-08,0.12125,3.9288461538461537
2025-01-09,0.1306532663316583,4.28515625
2025-01-10,0.9455445544554455,4.145348837209302
2025-01-11,0.9455445544554455,4.145348837209302
2025-01-12,1.2601522842639594,3.816
2025-01-13,1.3686224489795917,3.247983870967742
2025-01-14,2.4564102564102566,2.4613821138211383
2025-01-15,1.1108247422680413,3.214
2025-01-16,1.5215736040609138,4.41015625
2025-01-17,1.4675,5.063461538461539
2025-01-18,1.4675,5.063461538461539
2025-01-19,0.3055555555555556,4.525390625
2025-01-20,0.14676616915422885,5.344230769230769
2025-01-21,3.2055837563451774,5.092307692307692
2025-01-22,3.666243654822335,5.906488549618321
2025-01-23,3.5114795918367347,4.9602272727272725
2025-01-24,3.1381909547738696,4.649253731343284
2025-01-25,3.1381909547738696,4.649253731343284
2025-01-26,2.2066326530612246,5.068181818181818
2025-01-27,0.5685279187817259,3.43609022556391
2025-01-28,0.9949238578680203,3.9906716417910446
2025-01-29,3.014925373134328,4.4981481481481485
2025-01-30,1.9304878048780487,4.825367647058823
2025-01-31,1.603864734299517,4.590579710144928
2025-02-01,1.603864734299517,4.590579710144928
2025-02-02,2.3345588235294117,4.675182481751825
2025-02-03,1.436881188118812,4.084558823529412
2025-02-04,1.90375,3.414814814814815
2025-02-05,2.743811881188119,2.0496323529411766
2025-02-06,3.56875,2.8759259259259258
2025-02-07,2.3719512195121952,3.4562043795620436
2025-02-08,2.3719512195121952,3.4562043795620436
2025-02-09,3.490049751243781,3.832089552238806
2025-02-10,3.4665841584158414,4.964285714285714
2025-02-11,2.6914634146341463,4.964285714285714
2025-02-12,4.5588235294117645,5.604961832061068
2025-02-13,4.599282296650718,6.073076923076923
2025-02-14,4.380331753554502,5.700757575757576
2025-02-15,4.380331753554502,5.700757575757576
2025-02-16,3.9523809523809526,5.423076923076923
2025-02-17,4.411483253588517,5.459302325581396
2025-02-18,2.545238095238095,4.861742424242424
2025-02-19,3.496394230769231,5.925572519083969
2025-02-20,2.8125,5.761450381679389
2025-02-21,2.1860189573459716,5.138059701492537
2025-02-22,2.1860189573459716,5.138059701492537
2025-02-23,1.5817307692307692,4.197368421052632
2025-02-24,0.235781990521327,4.888059701492537
2025-02-25,0.6296296296296297,5.149635036496351
2025-02-26,1.1181192660550459,5.087591240875913
2025-02-27,1.9639639639639639,5.476449275362318
2025-02-28,1.6061946902654867,5.26241134751773
2025-03-01,1.6155555555555556,5.325
2025-03-02,1.7163677130044843,5.640510948905109
2025-03-03,1.0418502202643172,4.369565217391305
2025-03-04,1.8495670995670996,2.4910714285714284
2025-03-05,1.4025974025974026,2.380434782608696
2025-03-06,0.7891949152542372,2.8740740740740742
2025-03-07,0.5241596638655462,2.6875
2025-03-08,0.5241596638655462,2.6875
2025-03-09,0.7414893617021276,3.013157894736842
2025-03-10,1.2882978723404255,3.212406015037594
2025-03-11,0.21548117154811716,3.3134328358208953
2025-03-12,-0.5169491525423728,2.1809701492537314
2025-03-13,0.24364406779661016,3.8339694656488548
2025-03-14,-1.0435684647302905,3.4661654135338344
2025-03-15,-1.0435684647302905,3.4661654135338344
2025-03-16,-1.009375,3.5625
2025-03-17,-1.2123430962343096,3.701923076923077
2025-03-18,-0.11506276150627615,5.16015625
2025-03-19,-2.183609958506224,3.224609375
2025-03-20,-2.0185185185185186,2.9867424242424243
2025-03-21,-2.1144578313253013,2.2667910447761193
2025-03-22,-2.1144578313253013,2.2667910447761193
2025-03-23,-3.058641975308642,1.6496212121212122
2025-03-24,-3.6864754098360657,0.5281954887218046
2025-03-25,-3.6963562753036436,0.16296296296296298
2025-03-26,-4.441295546558704,1.0753676470588236
2025-03-27,-4.8221544715447155,0.14154411764705882
2025-03-28,-4.785714285714286,0.8704379562043796
2025-03-29,-4.785714285714286,0.8704379562043796
2025-03-30,-4.026,1.6084558823529411
2025-03-31,-4.645582329317269,-0.05474452554744526
2025-04-01,-5.132411067193676,-1.0585106382978724
2025-04-02,-4.934055118110236,-0.5053956834532374
2025-04-03,-5.4015748031496065,-0.7032374100719424
2025-04-04,-5.639846743295019,-1.4125
2025-04-05,-5.639846743295019,-1.4125
2025-04-06,-5.957854406130268,-1.4125
2025-04-07,-7.376908396946565,-1.1340579710144927
2025-04-08,-7.213207547169811,-1.2977941176470589
2025-04-09,-6.526951672862453,0.8884892086330936
2025-04-10,-6.768587360594796,2.4089285714285715
2025-04-11,-7.2951263537906135,2.375
2025-04-12,-7.2951263537906135,2.375
2025-04-13,-6.870909090909091,3.5602836879432624
2025-04-14,-7.353260869565218,2.5673758865248226
2025-04-15,-6.990842490842491,1.9692028985507246
2025-04-16,-8.530109489051094,1.0727611940298507
2025-04-17,-7.612727272727272,1.1278195488721805
2025-04-18,-7.612727272727272,1.1278195488721805
2025-04-19,-7.612727272727272,1.1278195488721805
2025-04-20,-7.88929889298893,0.4346153846153846
2025-04-21,-9.454044117647058,-0.5173076923076924
2025-04-22,-10.417870036101084,-1.0171755725190839
2025-04-23,-10.501798561151078,-0.3942307692307692
2025-04-24,-10.052678571428572,0.8492366412213741
2025-04-25,-10.38918439716312,0.8492366412213741
2025-04-26,-10.070284697508896,0.8492366412213741
2025-04-27,-8.96286231884058,2.328740157480315
2025-04-28,-8.790322580645162,0.7893700787401575
2025-04-29,-9.882299270072993,-0.17857142857142858
2025-04-30,-10.960332103321033,-0.37398373983739835
2025-05-01,-11.313186813186814,-1.4233870967741935
2025-05-02,-11.844545454545454,-0.612
2025-05-03,-11.784671532846716,-0.38911290322580644
2025-05-04,-11.452205882352942,-0.008130081300813009
2025-05-05,-10.422445255474452,1.486
2025-05-06,-12.260909090909092,1.2698412698412698
2025-05-07,-12.287003610108304,1.0992063492063493
2025-05-08,-11.458333333333334,0.326
2025-05-09,-11.096774193548388,1.117063492063492
2025-05-10,-11.496402877697841,1.117063492063492
2025-05-11,-12.078237410071942,0.21031746031746032
2025-05-12,-11.672101449275363,-0.996031746031746
2025-05-13,-12.327338129496402,-0.20078740157480315
2025-05-14,-10.91117216117216,0.7440944881889764
2025-05-15,-10.68592057761733,0.654296875
2025-05-16,-10.943548387096774,-0.07307692307692308
2025-05-17,-10.81474820143885,-0.07307692307692308
2025-05-18,-11.048913043478262,-0.0703125
2025-05-19,-11.162769784172662,0.12307692307692308
2025-05-20,-11.36913357400722,0.32945736434108525
2025-05-21,-10.703900709219859,0.11046511627906977
2025-05-22,-10.383928571428571,0.5334645669291339
2025-05-23,-10.068021201413428,0.9692307692307692
2025-05-24,-9.97695035460993,1.253875968992248
2025-05-25,-9.648381294964029,0.7322834645669292
2025-05-26,-9.678571428571429,0.16
2025-05-27,-10.397977941176471,0.04365079365079365
2025-05-28,-10.922794117647058,-0.234251968503937
2025-05-29,-10.76660516605166,-0.8313492063492064
2025-05-30,-10.06959706959707,-0.8313492063492064
2025-05-31,-10.06959706959707,-0.8313492063492064
2025-06-01,-9.390037593984962,0.3780487804878049
2025-06-02,-10.05916030534351,2.6041666666666665
2025-06-03,-9.698275862068966,2.803719008264463
2025-06-04,-8.543774319066149,3.5060975609756095
2025-06-05,-8.607142857142858,2.3286290322580645
2025-06-06,-8.567490494296578,3.11
2025-06-07,-8.567490494296578,3.11
2025-06-08,-9.435576923076923,1.7704918032786885
2025-06-09,-8.784046692607005,0.9208333333333333
2025-06-10,-7.7451923076923075,3.1145833333333335
2025-06-11,-7.357558139534884,3.1145833333333335
2025-06-12,-5.56949806949807,3.9669421487603307
2025-06-13,-5.776923076923077,3.44672131147541
2025-06-14,-5.776923076923077,3.44672131147541
2025-06-15,-5.729571984435798,3.7458677685950414
2025-06-16,-7.212745098039216,3.1512605042016806
2025-06-17,-6.849409448818897,3.722457627118644
2025-06-18,-7.277888446215139,2.879385964912281
2025-06-19,-7.14616935483871,3.258771929824561
2025-06-20,-7.920634920634921,2.0084745762711864
2025-06-21,-7.920634920634921,2.0084745762711864
2025-06-22,-7.785856573705179,2.3076923076923075
2025-06-23,-7.271825396825397,4.137711864406779
2025-06-24,-7.475393700787402,3.1504237288135593
2025-06-25,-7.353682170542636,3.081932773109244
2025-06-26,-7.160433070866142,2.7125
2025-06-27,-6.536538461538462,3.828
2025-06-28,-6.536538461538462,3.828
2025-06-29,-5.8984375,5.520661157024794
2025-06-30,-5.690196078431373,6.531512605042017
2025-07-01,-5.552529182879377,6.047520661157025
2025-07-02,-4.758720930232558,5.908536585365853
2025-07-03,-4.534722222222222,6.599593495934959
2025-07-04,-4.534722222222222,6.599593495934959
2025-07-05,-4.154382470119522,6.599593495934959
2025-07-06,-2.283132530120482,7.951612903225806
2025-07-07,-2.4258130081300813,6.877016129032258
2025-07-08,-3.772727272727273,4.170731707317073
2025-07-09,-4.061475409836065,2.88
2025-07-10,-3.157949790794979,3.7096774193548385
2025-07-11,-3.4118257261410787,3.3015873015873014
2025-07-12,-3.440376569037657,2.528
2025-07-13,-4.60531914893617,2.870967741935484
2025-07-14,-3.9141630901287554,2.942
2025-07-15,-2.9641304347826085,3.435546875
2025-07-16,-3.532608695652174,2.359375
2025-07-17,-3.5590128755364807,2.0057692307692307
2025-07-18,-3.610042735042735,1.8721374045801527
2025-07-19,-3.1963519313304722,1.8721374045801527
2025-07-20,-2.933982683982684,2.4205426356589146
2025-07-21,-2.2136563876651985,1.7692307692307692
2025-07-22,-2.3761061946902653,1.226923076923077
2025-07-23,-3.0944444444444446,-0.12790697674418605
2025-07-24,-2.7144444444444447,-0.18076923076923077
2025-07-25,-2.8711453744493394,-0.48863636363636365
2025-07-26,-2.8711453744493394,-0.48863636363636365
2025-07-27,-3.1052036199095023,0.5538461538461539
2025-07-28,-3.494369369369369,0.8473282442748091
2025-07-29,-1.6024774774774775,1.8171641791044777
2025-07-30,-0.6538461538461539,3.5391791044776117
2025-07-31,-0.6961883408071748,2.414814814814815
2025-08-01,-0.9867256637168141,2.1893382352941178
2025-08-02,-0.6488888888888888,2.1893382352941178
2025-08-03,-1.262443438914027,1.031954887218045
2025-08-04,-0.3287671232876712,1.5890151515151516
2025-08-05,-0.056712962962962965,0.8068181818181818
2025-08-06,0.020930232558139535,1.2649253731343284
2025-08-07,-0.37962962962962965,0.551094890510949
2025-08-08,-0.75,0.10638297872340426
2025-08-09,-0.11238532110091744,0.20892857142857144
2025-08-10,-0.8023255813953488,0.5845323741007195
2025-08-11,0.14018691588785046,-0.1358695652173913
2025-08-12,-0.8785046728971962,-0.2823741007194245
2025-08-13,-0.9071428571428571,-0.08876811594202899
2025-08-14,-0.6155660377358491,1.2
2025-08-15,0.46261682242990654,1.1684397163120568
2025-08-16,0.636150234741784,1.1684397163120568
2025-08-17,1.4526699029126213,1.6277777777777778
2025-08-18,0.32057416267942584,0.5643382352941176
2025-08-19,-0.05314009661835749,1.3460144927536233
2025-08-20,-0.43301435406698563,1.3134057971014492
2025-08-21,-0.23684210526315788,0.6727941176470589
2025-08-22,0.1643192488262911,0.5212765957446809
2025-08-23,0.1643192488262911,0.5212765957446809
2025-08-24,0.09642857142857143,0.6857142857142857
2025-08-25,0.30357142857142855,0.5975177304964538
2025-08-26,0.8398058252427184,0.4226618705035971
2025-08-27,1.3219512195121952,1.6241007194244603
2025-08-28,0.8939024390243903,2.5407801418439715
2025-08-29,0.22857142857142856,2.9427083333333335
2025-08-30,0.22857142857142856,2.9427083333333335
2025-08-31,-0.7214285714285714,2.0868055555555554
2025-09-01,-0.5204326923076923,2.236013986013986
2025-09-02,-2.3361244019138754,1.1013986013986015
2025-09-03,-1.8151658767772512,2.0493197278911564
2025-09-04,-2.2785714285714285,1.1904761904761905
2025-09-05,-1.9511627906976745,0.575
2025-09-06,-1.9511627906976745,0.575
2025-09-07,-1.9798578199052133,0.7837837837837838
2025-09-08,-3.4194711538461537,-0.6598639455782312
2025-09-09,-4.25,-0.8439597315436241
2025-09-10,-3.908536585365854,-0.6173469387755102
2025-09-11,-3.218599033816425,-0.3758503401360544
2025-09-12,-3.2632211538461537,-0.4577702702702703
2025-09-13,-3.2632211538461537,-0.4577702702702703
2025-09-14,-2.823170731707317,-0.4577702702702703
2025-09-15,-2.345771144278607,-0.5187074829931972
2025-09-16,-1.8321078431372548,0.1174496644295302
2025-09-17,-0.9019607843137255,1.0402684563758389
2025-09-18,-0.022277227722772276,1.6683673469387754
2025-09-19,-0.18226600985221675,1.4375
2025-09-20,-0.11138613861386139,1.5459183673469388
2025-09-21,-0.3413705583756345,0.3975694444444444
2025-09-22,-0.1951530612244898,1.1336805555555556
2025-09-23,-0.41237113402061853,0.8879310344827587
2025-09-24,-0.9497422680412371,0.3784722222222222
2025-09-25,-1.6143617021276595,-0.7086330935251799
2025-09-26,-1.6256476683937824,-0.5262237762237763
2025-09-27,-1.6256476683937824,-0.5262237762237763
2025-09-28,-1.2157894736842105,-0.30319148936170215
2025-09-29,-0.8763297872340425,0.5390070921985816
2025-09-30,-0.9852150537634409,0.9202898550724637
2025-10-01,-0.2992021276595745,1.1808510638297873
2025-10-02,-0.28534031413612565,0.9772727272727273
2025-10-03,-0.9256410256410257,0.6258620689655172
2025-10-04,-1.3199481865284974,0.11538461538461539
2025-10-05,-0.9391534391534392,0.35535714285714287
2025-10-06,-1.3979057591623036,-0.1954225352112676
2025-10-07,-1.0236842105263158,-0.4858156028368794
2025-10-08,-1.2329842931937174,-0.6083916083916084
2025-10-09,-0.0025906735751295338,0.050347222222222224
2025-10-10,-1.917487684729064,-1.0486577181208054
2025-10-11,-1.917487684729064,-1.0486577181208054
2025-10-12,-3.3682266009852215,-1.5777027027027026
2025-10-13,-3.3284313725490198,-1.8327702702702702
2025-10-14,-3.2636138613861387,-1.58843537414966
2025-10-15,-3.9591346153846154,-0.9847972972972973
2025-10-16,-5.408767772511848,-1.337837837837838
2025-10-17,-5.998831775700935,-1.337837837837838
2025-10-18,-5.998831775700935,-1.337837837837838
2025-10-19,-5.16627358490566,-0.9809027777777778
2025-10-20,-5.689858490566038,-0.9948275862068966
2025-10-21,-5.258333333333334,-0.3107638888888889
2025-10-22,-5.744131455399061,0.13448275862068965
2025-10-23,-4.819575471698113,0.4230769230769231
2025-10-24,-5.119158878504673,0.2048611111111111
2025-10-25,-5.119158878504673,0.2048611111111111
2025-10-26,-5.039099526066351,0.4379432624113475
2025-10-27,-5.748798076923077,-0.5126811594202898
2025-10-28,-6.008495145631068,-1.1838235294117647
2025-10-29,-6.094660194174757,-1.2849264705882353
2025-10-30,-4.532608695652174,0.3905109489051095
2025-10-31,-3.0248815165876777,0.9442446043165468
2025-11-01,-3.0248815165876777,0.9442446043165468
2025-11-02,-2.8839712918660285,1.217153284671533
2025-11-03,-3.9716981132075473,0.7010869565217391
2025-11-04,-4.984741784037559,-0.9748201438848921
2025-11-05,-5.356635071090047,-1.6788321167883211
2025-11-06,-6.6875,-2.233455882352941
2025-11-07,-6.979166666666667,-2.1115107913669067
2025-11-08,-6.979166666666667,-2.1115107913669067
2025-11-09,-7.946009389671362,-2.1115107913669067
2025-11-10,-9.14018691588785,-1.9782608695652173
2025-11-11,-8.30299539170507,-1.5392857142857144
2025-11-12,-7.209862385321101,-2.066546762589928
2025-11-13,-8.54372197309417,-1.8971631205673758
2025-11-14,-9.155555555555555,-2.2693661971830985
2025-11-15,-9.155555555555555,-2.2693661971830985
2025-11-16,-9.032805429864254,-2.551418439716312
2025-11-17,-10.870535714285714,-4.38986013986014
2025-11-18,-9.685840707964601,-3.8663194444444446
2025-11-19,-10.839130434782609,-3.622413793103448
2025-11-20,-13.366379310344827,-2.8882978723404253
2025-11-21,-11.29375,-3.306338028169014
2025-11-22,-11.29375,-3.306338028169014
2025-11-23,-11.15677966101695,-2.989130434782609
2025-11-24,-11.454255319148936,-2.729779411764706
2025-11-25,-11.580168776371307,-3.653703703703704
2025-11-26,-12.269874476987448,-4.830223880597015
2025-11-27,-11.828723404255319,-5.440839694656488
2025-11-28,-11.339662447257384,-4.665413533834586
2025-11-29,-11.188297872340426,-4.524621212121212
2025-11-30,-11.391949152542374,-4.427480916030534
2025-12-01,-9.052350427350428,-3.151923076923077
2025-12-02,-7.358050847457627,-1.75390625
2025-12-03,-5.2893617021276595,-0.767578125
2025-12-04,-6.202127659574468,-0.7984496124031008
2025-12-05,-5.613541666666666,-0.4041353383458647
2025-12-06,-5.613541666666666,-0.4041353383458647
2025-12-07,-5.185924369747899,-0.3087121212121212
2025-12-08,-5.5094537815126055,-1.2366412213740459
2025-12-09,-6.338983050847458,-2.0132575757575757
2025-12-10,-8.514583333333333,-2.274621212121212
2025-12-11,-7.742827868852459,-2.3693181818181817
2025-12-12,-8.823293172690763,-2.8041044776119404
2025-12-13,-8.823293172690763,-2.8041044776119404
2025-12-14,-8.779233870967742,-2.6766917293233083
2025-12-15,-9.98293172690763,-4.068181818181818
2025-12-16,-9.515810276679842,-4.860074626865671
2025-12-17,-9.837890625,-5.192164179104478
2025-12-18,-10.102140077821012,-5.395522388059701
2025-12-19,-10.102140077821012,-5.395522388059701
2025-12-20,-10.102140077821012,-5.395522388059701
2025-12-21,-10.404527559055119,-6.03219696969697
2025-12-22,-9.97549019607843,-5.812977099236641
2025-12-23,-10.0771484375,-5.788167938931298
2025-12-24,-10.075581395348838,-5.849624060150376
2025-12-25,-10.234189723320158,-6.211240310077519
2025-12-26,-10.151960784313726,-6.017307692307693
2025-12-27,-10.151960784313726,-6.017307692307693
2025-12-28,-10.49702380952381,-6.68359375
2025-12-29,-9.299603174603174,-6.68359375
2025-12-30,-9.906,-7.575396825396825
2025-12-31,-10.394153225806452,-7.546
2026-01-01,-10.227551020408164,-7.647177419354839
2026-01-02,-10.03024193548387,-7.322834645669292
2026-01-03,-10.03024193548387,-7.322834645669292
2026-01-04,-9.664959016393443,-6.607723577235772
2026-01-05,-9.308884297520661,-5.073770491803279
2026-01-06,-9.837809917355372,-6.010245901639344
2026-01-07,-11.042181069958847,-6.897540983606557
2026-01-08,-9.253177966101696,-5.008403361344538
2026-01-09,-8.65702479338843,-4.622916666666667
2026-01-10,-8.300829875518673,-3.8676470588235294
2026-01-11,-8.54936974789916,-4.262931034482759
2026-01-12,-9.722803347280335,-4.262931034482759
2026-01-13,-8.354525862068966,-3.965217391304348
2026-01-14,-6.668103448275862,-3.7823275862068964
2026-01-15,-5.573593073593074,-2.7266949152542375
2026-01-16,-4.784042553191489,-2.825
2026-01-17,-5.2318376068376065,-2.825
2026-01-18,-4.650862068965517,-2.502136752136752
2026-01-19,-4.693376068376068,-3.5889830508474576
2026-01-20,-3.2993697478991595,-2.638655462184874
2026-01-21,-4.1234567901234565,-4.08130081300813
2026-01-22,-3.4710743801652892,-3.016260162601626
2026-01-23,-1.836734693877551,-3.016260162601626
2026-01-24,-1.836734693877551,-3.016260162601626
2026-01-25,-1.836734693877551,-3.016260162601626
2026-01-26,-2.379,-2.994047619047619
2026-01-27,-1.8125,-3.029296875
2026-01-28,-2.4448979591836735,-3.840551181102362
2026-01-29,-5.021255060728745,-4.524
2026-01-30,-5.202620967741935,-4.884920634920635
2026-01-31,-5.202620967741935,-4.884920634920635
2026-02-01,-5.058401639344262,-4.014227642276423
2026-02-02,-4.810975609756097,-4.477642276422764
2026-02-03,-4.149193548387097,-3.2215447154471546
2026-02-04,-2.8851626016260163,-2.80327868852459
2026-02-05,-3.180722891566265,-3.3291666666666666
2026-02-06,-3.798804780876494,-3.3291666666666666
2026-02-07,-3.798804780876494,-3.3291666666666666
2026-02-08,-2.7813765182186234,-4.197478991596639
2026-02-09,-3.7024291497975708,-5.318376068376068
2026-02-10,-3.9938775510204083,-4.673913043478261
2026-02-11,-3.260330578512397,-3.1052631578947367
2026-02-12,-3.340816326530612,-1.7478070175438596
2026-02-13,-3.102409638554217,-1.3211206896551724
2026-02-14,-2.7903225806451615,-0.6326086956521739
2026-02-15,-1.1683884297520661,1.240990990990991
2026-02-16,-1.4958677685950412,0.6
2026-02-17,-0.9885892116182573,-0.6629464285714286
2026-02-18,2.134375,-2.4260869565217393
2026-02-19,0.8358369098712446,-1.9013157894736843
2026-02-20,1.6276371308016877,-2.0434782608695654
2026-02-21,1.6276371308016877,-2.0434782608695654
2026-02-22,1.6276371308016877,-2.0434782608695654
2026-02-23,-0.16772151898734178,-1.6776315789473684
2026-02-24,0.5871848739495799,-0.7051282051282052
2026-02-25,0.5640495867768595,-1.0729166666666667
2026-02-26,0.3343621399176955,-1.3822314049586777
2026-02-27,0.5,-1.7357723577235773
2026-02-28,0.8089430894308943,-1.7357723577235773
2026-03-01,-0.4139344262295082,-2.569672131147541
2026-03-02,-2.238541666666667,-4.3844537815126055
2026-03-03,-3.8913934426229506,-4.110655737704918
2026-03-04,-3.725,-3.457627118644068
2026-03-05,-3.9802904564315353,-2.6709401709401708
2026-03-06,-2.3266129032258065,-0.10416666666666667
2026-03-07,-2.3266129032258065,-0.10416666666666667
2026-03-08,-2.6128048780487805,-0.5252100840336135
2026-03-09,-3.07429718875502,-0.10714285714285714
2026-03-10,0.19779116465863453,0.985655737704918
2026-03-11,0.27530364372469635,1.6727642276422765
2026-03-12,0.9487704918032787,1.6158536585365855
2026-03-13,1.00199203187251,1.3359375
2026-03-14,1.00199203187251,1.3359375
2026-03-15,1.9291497975708503,2.145669291338583
2026-03-16,-0.11734693877551021,2.102
2026-03-17,1.3547717842323652,3.6411290322580645
2026-03-18,3.1116803278688523,3.4864341085271318
2026-03-19,3.2428861788617884,2.877862595419847
2026-03-20,2.144268774703557,2.3981481481481484
2026-03-21,2.144268774703557,2.3981481481481484
2026-03-22,2.0481927710843375,2.672932330827068
2026-03-23,2.030632411067194,3.5169172932330826
2026-03-24,1.8941176470588235,3.06390977443609
2026-03-25,1.8468992248062015,3.318014705882353
2026-03-26,0.2538167938931298,1.9873188405797102
2026-03-27,-0.9135687732342007,2.7077464788732395
2026-03-28,-0.9135687732342007,2.7077464788732395
2026-03-29,-2.3559479553903344,2.3286713286713288
2026-03-30,-2.649628252788104,2.8900709219858154
2026-03-31,-2.1081818181818184,2.9858156028368796
2026-04-01,-2.5949820788530467,3.7482394366197185
2026-04-02,-2.630824372759857,3.9078014184397163
2026-04-03,-2.8016014234875444,3.6901408450704225
2026-04-04,-2.8016014234875444,3.6901408450704225
2026-04-05,-3.8102836879432624,2.2816901408450705
2026-04-06,-2.048758865248227,3.2625
2026-04-07,-2.7596153846153846,3.0088652482269502
2026-04-08,-3.589160839160839,1.9734042553191489
2026-04-09,-4.171654929577465,1.1443661971830985
2026-04-10,-4.066433566433567,1.6354166666666667
2026-04-11,-4.066433566433567,1.6354166666666667
2026-04-12,-3.535335689045936,1.6354166666666667
2026-04-13,-3.98859649122807,1.6475694444444444
2026-04-14,-4.374113475177305,1.8968531468531469
2026-04-15,-4.743006993006993,1.36986301369863
2026-04-16,-5.222027972027972,1.836734693877551
2026-04-17,-5.069827586206896,2.0716666666666668
2026-04-18,-4.741349480968858,2.0716666666666668
2026-04-19,-4.3173076923076925,3.2701342281879193
2026-04-20,-5.158035714285714,1.8473154362416107
2026-04-21,-5.148181818181818,2.9845890410958904
2026-04-22,-5.493682310469314,2.1486486486486487
2026-04-23,-6.995519713261649,1.6821192052980132
2026-04-24,-7.046428571428572,1.53125
2026-04-25,-7.046428571428572,1.53125
2026-04-26,-6.625912408759124,1.7010135135135136
2026-04-27,-6.264440433212997,2.7260273972602738
2026-04-28,-6.885304659498208,2.0551724137931036
2026-04-29,-6.7437722419928825,1.226510067114094
2026-04-30,-5.688380281690141,0.755
2026-05-01,-5.783333333333333,0.5331125827814569
2026-05-02,-5.451584507042254,0.5331125827814569
2026-05-03,-5.070143884892087,2.171768707482993
2026-05-04,-3.9550359712230216,1.7465517241379311
2026-05-05,-4.120036101083032,3.029310344827586
2026-05-06,-3.589814814814815,3.3784722222222223
2026-05-07,-1.8736162361623616,4.7020547945205475
2026-05-08,-1.4990808823529411,5.350340136054422
2026-05-09,-1.4990808823529411,5.350340136054422
2026-05-10,-1.275186567164179,5.784246575342466
2026-05-11,-1.1046296296296296,5.784246575342466
2026-05-12,-0.5611111111111111,5.13448275862069
2026-05-13,-1.3485130111524164,4.475694444444445
2026-05-14,-0.4740740740740741,5.760344827586207
2026-05-15,-1.361913357400722,5.614864864864865
2026-05-16,-1.2653985507246377,5.843537414965986
2026-05-17,-1.9255514705882353,6.006849315068493
2026-05-18,-1.239814814814815,8.184482758620689
2026-05-19,-1.6186131386861313,9.817708333333334
2026-05-20,-1.7841726618705036,9.823630136986301
2026-05-21,-3.4292114695340503,9.61472602739726
2026-05-22,-3.00531914893617,8.885135135135135
2026-05-23,-2.6601423487544484,8.885135135135135
2026-05-24,-1.2545126353790614,8.885135135135135
2026-05-25,-1.9826642335766422,8.170689655172414
2026-05-26,-2.671245421245421,7.994827586206896
2026-05-27,-3.591726618705036,8.41609589041096
2026-05-28,-3.098181818181818,8.71896551724138
2026-05-29,-3.620503597122302,7.811224489795919
2026-05-30,-3.620503597122302,7.811224489795919
2026-05-31,-3.511861313868613,8.167808219178083
2026-06-01,-3.5839483394833946,8.197552447552448
2026-06-02,-2.3245454545454547,8.8125
2026-06-03,-1.1462093862815885,9.248299319727892
2026-06-04,-3.4181654676258995,7.596283783783784
2026-06-05,-4.46875,7.599673202614379
2026-06-06,-4.13588850174216,8.307565789473685
2026-06-07,-3.918727915194346,8.111666666666666
2026-06-08,-5.66546762589928,7.612244897959184
2026-06-09,-6.73936170212766,8.01006711409396
2026-06-10,-5.744736842105263,9.09
2026-06-11,-6.318661971830986,9.891156462585034
2026-06-12,-5.639455782312925,10.894039735099337
2026-06-13,-5.606655290102389,11.068333333333333
2026-06-14,-4.944444444444445,11.445945945945946
2026-06-15,-5.6818965517241375,11.149328859060402
2026-06-16,-6.524054982817869,12.76530612244898
2026-06-17,-5.673469387755102,15.197635135135135
2026-06-18,-4.371644295302014,17.70408163265306
2026-06-19,-4.691471571906354,17.70408163265306
2026-06-20,-4.691471571906354,17.70408163265306
2026-06-21,-3.8135593220338984,17.14041095890411
2026-06-22,-4.827118644067797,17.294827586206896
2026-06-23,-3.788135593220339,17.35211267605634
2026-06-24,-2.1403061224489797,18.394642857142856
2026-06-25,-2.5960884353741496,17.401079136690647
2026-06-26,-1.9538590604026846,16.8375
2026-06-27,-1.4552364864864864,17.32913669064748
2026-06-28,-1.4552364864864864,17.32913669064748
2026-06-29,-0.3400673400673401,17.67142857142857
2026-06-30,1.5058724832214765,17.757194244604317
2026-07-01,1.1638795986622072,17.189285714285713
2026-07-02,0.35016556291390727,18.09642857142857
2026-07-03,0.35016556291390727,18.09642857142857
2026-07-04,0.6454849498327759,18.358695652173914
2026-07-05,0.09797297297297297,17.76277372262774
2026-07-06,1.1374570446735395,18.977443609022558
2026-07-07,2.098976109215017,20.962406015037594
2026-07-08,1.4636824324324325,22.443181818181817
2026-07-09,2.2898671096345513,22.661654135338345
2026-07-10,2.9155737704918034,23.807407407407407
2026-07-11,2.9155737704918034,23.807407407407407
2026-07-12,2.727574750830565,23.513157894736842
2026-07-13,2.717821782178218,23.227443609022558
2026-07-14,4.0,23.984615384615385
2026-07-15,3.5836092715231787,22.61346153846154
2026-07-16,2.366776315789474,22.378846153846155
2026-07-17,2.0311475409836066,22.378846153846155
2026-07-18,1.7088815789473684,21.777131782945737
2026-07-19,2.5322847682119205,22.654761904761905
2026-07-20,3.962295081967213,23.608267716535433
2026-07-21,4.254111842105263,24.928
2026-07-22,4.16801948051948,22.956349206349206
2026-07-23,4.222843450479234,22.94291338582677
2026-07-24,4.297955974842767,23.544921875
2026-07-25,4.297955974842767,23.544921875
2026-07-26,3.890378548895899,22.146484375
2026-07-27,4.422118380062305,21.894736842105264
2026-07-28,3.9992283950617282,20.715073529411764
2026-07-29,2.586687306501548,20.64889705882353
2026-07-30,2.7815384615384615,21.044444444444444
2026-07-31,3.2545592705167175,20.621376811594203
2026-08-01,3.2545592705167175,20.621376811594203
2026-08-02,2.1376923076923076,20.621376811594203
2026-08-03,2.678680981595092,19.87230215827338
2026-08-04,2.324773413897281,18.721830985915492
2026-08-05,2.6305970149253732,16.538732394366196
2026-08-06,1.9391691394658754,14.727430555555555
2026-08-07,1.5464601769911503,14.424137931034483
2026-08-08,1.6338757396449703,14.71875
2026-08-09,1.1291291291291292,14.122377622377622
2026-08-10,0.5726047904191617,13.730902777777779
2026-08-11,2.0555555555555554,13.226027397260275
2026-08-12,0.6283783783783784,11.484375
2026-08-13,1.2545731707317074,11.276223776223777
2026-08-14,2.0014925373134327,12.387931034482758
2026-08-15,2.30688622754491,12.387931034482758
2026-08-16,2.007575757575758,11.455985915492958
2026-08-17,1.9447852760736197,10.427304964539006
2026-08-18,1.3302752293577982,10.790780141843971
2026-08-19,2.4490881458966567,11.216071428571428
2026-08-20,1.9916413373860182,11.74645390070922
2026-08-21,2.5838368580060425,12.367957746478874
2026-08-22,2.5838368580060425,12.367957746478874
2026-08-23,2.6893939393939394,12.76063829787234
2026-08-24,3.4757575757575756,13.055755395683454
2026-08-25,3.993846153846154,12.51268115942029
2026-08-26,3.9256134969325154,12.95863309352518
2026-08-27,4.5359327217125385,14.14568345323741
2026-08-28,4.0843373493975905,14.091071428571428
2026-08-29,4.0843373493975905,14.091071428571428
2026-08-30,4.265197568389058,13.080357142857142
2026-08-31,4.721036585365853,12.967153284671532
2026-09-01,2.0213414634146343,10.157608695652174
2026-09-02,3.1896024464831805,10.53623188405797
2026-09-03,3.8921875,10.107407407407408
