date,Sarah baseline,P4 · 1h reference,P4 · no BOS,P4 · normal RVOL,P4 · low impulse volume,P4 · first Sarah test,P4 · first physical touch,P4 · width ≤0.5 ATR,P4 · opposing room,P5 · first touch + opposing,P5 · first touch + width,P5 · first touch + low volume
2019-05-06,-104.0,-104.0,-104.0,,-64.0,-104.0,-104.0,,-104.0,-104.0,,-64.0
2019-05-07,-249.5,-154.5,-154.5,,-64.0,-154.5,-154.5,-18.5,-154.5,-154.5,-18.5,-64.0
2019-05-08,-244.0,-149.0,-149.0,,-39.0,-149.0,-149.0,-58.5,-174.0,-174.0,-58.5,-39.0
2019-05-09,-186.5,-6.0,27.0,,-52.5,4.5,4.5,131.0,-31.0,-20.5,141.5,-52.5
2019-05-10,-75.5,105.0,223.0,,-52.5,174.5,174.5,144.5,80.0,-50.5,155.0,-52.5
2019-05-11,-75.5,105.0,223.0,,-52.5,174.5,174.5,144.5,80.0,-50.5,155.0,-52.5
2019-05-12,-75.5,105.0,223.0,,-52.5,174.5,174.5,144.5,80.0,-50.5,155.0,-52.5
2019-05-13,124.5,305.0,423.0,,-102.5,374.5,374.5,344.5,280.0,149.5,355.0,-102.5
2019-05-14,-5.5,175.0,346.5,,-188.5,244.5,244.5,271.0,172.5,61.5,301.0,-188.5
2019-05-15,171.5,276.5,288.0,,-228.5,355.0,355.0,262.0,74.0,-28.0,301.0,-228.5
2019-05-16,143.0,308.5,320.0,,-228.5,316.0,316.0,294.0,106.0,-67.0,262.0,-228.5
2019-05-17,-20.0,145.5,236.5,,-228.5,153.0,153.0,274.0,49.5,-123.5,242.0,-228.5
2019-05-18,-20.0,145.5,236.5,,-228.5,153.0,153.0,274.0,49.5,-123.5,242.0,-228.5
2019-05-19,-20.0,145.5,236.5,,-228.5,153.0,153.0,274.0,49.5,-123.5,242.0,-228.5
2019-05-20,287.0,368.0,448.5,,-246.5,365.0,365.0,268.0,17.5,-178.0,236.0,-246.5
2019-05-21,276.0,331.0,393.5,18.0,-272.5,328.0,328.0,268.0,-19.5,-215.0,236.0,-272.5
2019-05-22,246.5,397.0,459.5,18.0,-206.5,394.0,394.0,334.0,6.0,-255.5,302.0,-206.5
2019-05-23,142.0,365.5,412.0,18.0,-231.5,362.5,362.5,286.5,-25.5,-287.0,254.5,-231.5
2019-05-24,78.0,301.5,357.0,78.5,-286.5,298.5,298.5,245.0,-89.5,-351.0,213.0,-286.5
2019-05-25,78.0,301.5,357.0,78.5,-286.5,298.5,298.5,245.0,-89.5,-351.0,213.0,-286.5
2019-05-26,78.0,301.5,357.0,78.5,-286.5,298.5,298.5,245.0,-89.5,-351.0,213.0,-286.5
2019-05-27,90.5,301.5,357.0,78.5,-286.5,298.5,298.5,245.0,-89.5,-351.0,213.0,-286.5
2019-05-28,201.0,412.0,467.5,9.0,-286.5,409.0,231.5,207.0,-140.0,-401.5,175.0,-286.5
2019-05-29,197.5,390.0,393.0,-20.0,-350.5,387.0,209.5,161.5,-107.5,-369.0,129.5,-350.5
2019-05-30,62.0,360.0,363.0,-50.0,-350.5,357.0,179.5,161.5,-137.5,-399.0,129.5,-350.5
2019-05-31,-28.5,269.5,273.5,-50.0,-350.5,266.5,89.0,161.5,-228.0,-489.5,129.5,-350.5
2019-06-01,-28.5,269.5,273.5,-50.0,-350.5,266.5,89.0,161.5,-228.0,-489.5,129.5,-350.5
2019-06-02,-46.5,251.5,255.5,-50.0,-350.5,248.5,71.0,143.5,-246.0,-507.5,111.5,-350.5
2019-06-03,90.5,424.0,255.5,-50.0,-350.5,421.0,243.5,343.5,-73.5,-335.0,311.5,-350.5
2019-06-04,-62.5,321.5,241.5,-64.0,-350.5,340.0,162.5,308.0,-109.0,-349.0,297.5,-350.5
2019-06-05,-100.0,312.5,232.5,87.0,-350.5,331.0,153.5,299.0,42.0,-198.0,288.5,-350.5
2019-06-06,34.5,252.0,197.0,40.0,-350.5,284.0,106.5,263.5,-18.5,-245.0,266.5,-350.5
2019-06-07,105.5,423.5,186.5,160.5,-350.5,526.5,349.0,439.5,224.0,-2.5,442.5,-350.5
2019-06-08,105.5,423.5,186.5,160.5,-350.5,526.5,349.0,439.5,224.0,-2.5,442.5,-350.5
2019-06-09,105.5,423.5,186.5,160.5,-350.5,526.5,349.0,439.5,224.0,-2.5,442.5,-350.5
2019-06-10,145.0,388.0,151.0,160.5,-350.5,526.5,349.0,439.5,188.5,-2.5,442.5,-350.5
2019-06-11,278.5,348.0,111.0,160.5,-359.5,486.5,309.0,399.5,148.5,-42.5,402.5,-359.5
2019-06-12,267.5,337.0,87.5,173.0,-383.0,475.5,298.0,412.0,137.5,-53.5,415.0,-383.0
2019-06-13,240.0,259.0,65.0,150.5,-383.0,397.5,220.0,389.0,115.0,-76.0,392.0,-383.0
2019-06-14,249.0,264.0,70.0,127.0,-383.0,402.5,225.0,365.5,143.5,-47.5,368.5,-383.0
2019-06-15,249.0,264.0,70.0,127.0,-383.0,402.5,225.0,365.5,143.5,-47.5,368.5,-383.0
2019-06-16,249.0,264.0,70.0,127.0,-383.0,402.5,225.0,365.5,143.5,-47.5,368.5,-383.0
2019-06-17,244.0,270.0,76.0,127.0,-363.5,408.5,231.0,352.0,149.5,-41.5,355.0,-363.5
2019-06-18,234.0,228.5,34.5,127.0,-390.5,367.0,189.5,329.5,135.0,-56.0,332.5,-390.5
2019-06-19,250.5,138.0,-4.5,114.5,-401.5,276.5,99.0,290.5,48.5,-142.5,293.5,-401.5
2019-06-20,114.0,111.5,-8.0,111.0,-401.5,250.0,72.5,287.0,22.0,-169.0,290.0,-401.5
2019-06-21,82.5,80.0,-39.5,79.5,-433.0,218.5,41.0,287.0,-9.5,-200.5,290.0,-433.0
2019-06-22,82.5,80.0,-39.5,79.5,-433.0,218.5,41.0,287.0,-9.5,-200.5,290.0,-433.0
2019-06-23,82.5,80.0,-39.5,79.5,-433.0,218.5,41.0,287.0,-9.5,-200.5,290.0,-433.0
2019-06-24,84.5,108.5,-11.0,108.0,-430.5,247.0,81.0,300.5,19.0,-172.0,303.5,-430.5
2019-06-25,337.5,41.0,-78.5,93.0,-430.5,179.5,13.5,270.5,-48.5,-239.5,273.5,-430.5
2019-06-26,367.0,70.5,-15.5,59.5,-401.0,209.0,43.0,260.0,14.5,-176.5,263.0,-401.0
2019-06-27,339.0,24.5,-61.5,19.0,-422.0,163.0,-3.0,254.5,-35.5,-226.5,257.5,-422.0
2019-06-28,377.0,58.5,-89.0,80.5,-422.0,197.0,-41.5,254.5,-35.5,-226.5,257.5,-422.0
2019-06-29,377.0,58.5,-89.0,80.5,-422.0,197.0,-41.5,254.5,-35.5,-226.5,257.5,-422.0
2019-06-30,377.0,58.5,-89.0,80.5,-422.0,197.0,-41.5,254.5,-35.5,-226.5,257.5,-422.0
2019-07-01,442.0,123.5,-24.0,157.5,-422.0,262.0,23.5,242.5,29.5,-161.5,245.5,-422.0
2019-07-02,495.5,177.0,29.5,141.0,-438.5,315.5,77.0,317.5,104.5,-86.5,320.5,-438.5
2019-07-03,465.0,146.5,9.0,120.5,-438.5,285.0,46.5,287.0,74.0,-117.0,290.0,-438.5
2019-07-04,427.0,147.0,9.5,120.5,-438.5,285.5,47.0,287.5,74.5,-116.5,290.5,-438.5
2019-07-05,326.0,96.5,-41.0,70.0,-438.5,235.0,8.5,275.5,24.0,-155.0,290.5,-438.5
2019-07-06,326.0,96.5,-41.0,70.0,-438.5,235.0,8.5,275.5,24.0,-155.0,290.5,-438.5
2019-07-07,326.0,96.5,-41.0,70.0,-438.5,235.0,8.5,275.5,24.0,-155.0,290.5,-438.5
2019-07-08,315.0,82.0,-55.5,70.0,-453.0,220.5,-6.0,261.0,9.5,-169.5,276.0,-453.0
2019-07-09,233.5,39.0,-98.5,70.0,-453.0,177.5,-49.0,250.0,-33.5,-212.5,265.0,-453.0
2019-07-10,157.5,-3.5,-126.5,70.0,-453.0,135.0,-91.5,235.5,-61.5,-240.5,250.5,-453.0
2019-07-11,87.0,-21.0,-144.0,70.0,-470.5,117.5,-109.0,218.0,-79.0,-258.0,233.0,-470.5
2019-07-12,60.0,-36.5,-159.5,70.0,-470.5,102.0,-124.5,202.5,-94.5,-273.5,217.5,-470.5
2019-07-13,60.0,-36.5,-159.5,70.0,-470.5,102.0,-124.5,202.5,-94.5,-273.5,217.5,-470.5
2019-07-14,37.0,-59.5,-182.5,47.0,-493.5,79.0,-147.5,202.5,-94.5,-273.5,217.5,-493.5
2019-07-15,20.0,-76.5,-188.0,30.0,-493.5,62.0,-164.5,185.5,-111.5,-290.5,200.5,-493.5
2019-07-16,106.0,9.5,-90.0,116.0,-486.5,148.0,-78.5,173.5,-25.5,-204.5,188.5,-486.5
2019-07-17,87.5,70.0,-29.5,116.0,-486.5,208.5,-18.0,164.0,-35.0,-214.0,179.0,-486.5
2019-07-18,238.5,44.0,-55.5,105.5,-486.5,182.5,-44.0,138.0,-61.0,-240.0,153.0,-486.5
2019-07-19,108.0,-12.5,-71.5,105.5,-527.0,126.0,-100.5,122.0,-117.5,-296.5,137.0,-527.0
2019-07-20,108.0,-12.5,-71.5,105.5,-527.0,126.0,-100.5,122.0,-117.5,-296.5,137.0,-527.0
2019-07-21,108.0,-12.5,-71.5,105.5,-527.0,126.0,-100.5,122.0,-117.5,-296.5,137.0,-527.0
2019-07-22,67.0,-53.5,-85.0,92.0,-536.0,85.0,-141.5,81.0,-140.0,-319.0,96.0,-536.0
2019-07-23,-27.0,-147.5,-152.0,54.5,-536.0,-9.0,-235.5,43.5,-234.0,-413.0,58.5,-536.0
2019-07-24,-115.5,-236.0,-240.5,0.0,-591.0,-85.0,-311.5,26.5,-322.5,-489.0,41.5,-591.0
2019-07-25,-190.5,-311.0,-271.5,-56.0,-625.0,-160.0,-386.5,25.5,-397.5,-564.0,40.5,-625.0
2019-07-26,-118.5,-239.0,-199.5,-72.5,-553.0,-88.0,-314.5,97.5,-325.5,-492.0,112.5,-553.0
2019-07-27,-118.5,-239.0,-199.5,-72.5,-553.0,-88.0,-314.5,97.5,-325.5,-492.0,112.5,-553.0
2019-07-28,-118.5,-239.0,-199.5,-72.5,-553.0,-88.0,-314.5,97.5,-325.5,-492.0,112.5,-553.0
2019-07-29,-72.0,-285.0,-226.0,-99.0,-553.0,-134.0,-341.0,71.0,-352.0,-518.5,86.0,-553.0
2019-07-30,-60.5,-273.5,-214.5,-99.0,-530.0,-122.5,-329.5,45.5,-363.5,-530.0,60.5,-530.0
2019-07-31,92.0,-121.0,-62.0,83.5,-611.0,30.0,-177.0,198.0,-193.5,-360.0,213.0,-611.0
2019-08-01,676.0,221.0,305.5,33.0,-611.0,393.5,172.5,540.0,148.5,-10.5,602.0,-611.0
2019-08-02,841.0,391.0,305.5,3.0,-611.0,593.5,372.5,740.0,318.5,-10.5,802.0,-611.0
2019-08-03,841.0,391.0,305.5,3.0,-611.0,593.5,372.5,740.0,318.5,-10.5,802.0,-611.0
2019-08-04,1041.0,591.0,505.5,203.0,-411.0,793.5,572.5,940.0,518.5,189.5,1002.0,-411.0
2019-08-05,709.0,363.5,406.0,155.0,-411.0,599.5,420.0,915.5,291.0,37.0,977.5,-411.0
2019-08-06,619.5,274.0,406.0,104.0,-462.0,510.0,330.5,826.0,201.5,-52.5,888.0,-462.0
2019-08-07,339.5,123.0,304.5,104.0,-462.0,359.0,179.5,675.0,78.5,-175.5,737.0,-462.0
2019-08-08,446.5,230.0,461.5,85.5,-480.5,484.5,355.0,832.0,210.0,24.5,912.5,-462.0
2019-08-09,548.5,221.5,453.0,77.0,-480.5,476.0,346.5,823.5,201.5,16.0,904.0,-462.0
2019-08-10,548.5,221.5,453.0,77.0,-480.5,476.0,346.5,823.5,201.5,16.0,904.0,-462.0
2019-08-11,548.5,168.0,399.5,23.5,-480.5,422.5,293.0,823.5,148.0,-37.5,904.0,-462.0
2019-08-12,764.0,153.5,357.5,119.5,-480.5,438.5,374.0,839.5,133.5,5.5,947.0,-462.0
2019-08-13,655.0,69.5,331.5,80.0,-480.5,354.5,329.5,903.0,49.5,-39.0,921.0,-462.0
2019-08-14,319.0,69.5,331.5,80.0,-480.5,354.5,329.5,903.0,49.5,-39.0,921.0,-462.0
2019-08-15,494.5,245.0,559.5,80.0,-480.5,530.0,557.5,855.5,25.0,-63.5,873.5,-462.0
2019-08-16,344.0,94.5,441.5,54.5,-513.0,379.5,499.5,797.5,-33.0,-121.5,815.5,-494.5
2019-08-17,344.0,94.5,441.5,54.5,-513.0,379.5,499.5,797.5,-33.0,-121.5,815.5,-494.5
2019-08-18,318.5,69.0,441.5,29.0,-513.0,354.0,474.0,772.0,-58.5,-147.0,790.0,-494.5
2019-08-19,333.5,58.0,430.5,29.0,-513.0,343.0,463.0,761.0,-58.5,-147.0,779.0,-494.5
2019-08-20,259.0,1.0,373.5,10.5,-528.0,286.0,406.0,727.5,-97.0,-185.5,745.5,-509.5
2019-08-21,142.0,-11.5,344.0,10.5,-528.0,256.5,376.5,727.5,-97.0,-185.5,745.5,-509.5
2019-08-22,21.0,-67.0,288.5,10.5,-539.0,201.0,321.0,716.5,-108.0,-196.5,734.5,-520.5
2019-08-23,-200.5,-223.0,206.5,-51.5,-539.0,2.0,122.0,669.0,-205.5,-294.0,687.0,-520.5
2019-08-24,-200.5,-223.0,206.5,-51.5,-539.0,2.0,122.0,669.0,-205.5,-294.0,687.0,-520.5
2019-08-25,-302.5,-325.0,104.5,-51.5,-539.0,2.0,122.0,669.0,-205.5,-294.0,687.0,-520.5
2019-08-26,41.5,-464.0,48.5,-163.5,-622.0,-137.0,-17.0,669.0,-344.5,-433.0,687.0,-603.5
2019-08-27,2.0,-503.5,9.0,-191.5,-622.0,-176.5,-56.5,629.5,-412.0,-461.0,647.5,-603.5
2019-08-28,-32.0,-537.5,-25.0,-191.5,-674.0,-210.5,-90.5,601.0,-446.0,-495.0,619.0,-655.5
2019-08-29,-177.0,-651.0,-25.0,-191.5,-674.0,-324.0,-204.0,577.5,-469.5,-518.5,595.5,-655.5
2019-08-30,-266.0,-740.0,-25.0,-249.5,-674.0,-413.0,-293.0,577.5,-500.5,-549.5,595.5,-655.5
2019-08-31,-266.0,-740.0,-25.0,-249.5,-674.0,-413.0,-293.0,577.5,-500.5,-549.5,595.5,-655.5
2019-09-01,-278.0,-752.0,-37.0,-249.5,-674.0,-425.0,-305.0,565.5,-512.5,-561.5,583.5,-655.5
2019-09-02,-365.5,-819.0,-60.0,-249.5,-697.0,-492.0,-372.0,498.5,-579.5,-628.5,516.5,-678.5
2019-09-03,-457.5,-911.0,-152.0,-290.5,-697.0,-584.0,-442.0,457.5,-671.5,-698.5,475.5,-678.5
2019-09-04,-267.5,-721.0,48.0,-90.5,-507.0,-394.0,-252.0,647.5,-481.5,-508.5,665.5,-488.5
2019-09-05,-324.5,-778.0,-9.0,-112.5,-529.0,-451.0,-309.0,590.5,-516.5,-543.5,608.5,-510.5
2019-09-06,-343.0,-815.0,-46.0,-126.0,-529.0,-488.0,-346.0,558.5,-548.5,-575.5,576.5,-510.5
2019-09-07,-343.0,-815.0,-46.0,-126.0,-529.0,-488.0,-346.0,558.5,-548.5,-575.5,576.5,-510.5
2019-09-08,-343.0,-815.0,-46.0,-126.0,-529.0,-488.0,-346.0,558.5,-548.5,-575.5,576.5,-510.5
2019-09-09,-281.0,-754.5,-62.0,-142.0,-529.0,-427.5,-285.5,542.5,-564.5,-591.5,560.5,-510.5
2019-09-10,-211.5,-882.5,-190.0,-199.0,-597.5,-555.5,-402.0,557.5,-549.5,-603.0,587.0,-579.0
2019-09-11,-334.0,-770.5,-37.0,-199.0,-597.5,-443.5,-290.0,710.5,-396.5,-450.0,740.0,-579.0
2019-09-12,-352.0,-788.5,-55.0,-199.0,-597.5,-461.5,-308.0,683.0,-398.5,-452.0,712.5,-579.0
2019-09-13,-406.5,-843.0,-97.0,-199.0,-618.0,-516.0,-342.0,628.5,-453.0,-486.0,678.5,-599.5
2019-09-14,-406.5,-843.0,-97.0,-199.0,-618.0,-516.0,-342.0,628.5,-453.0,-486.0,678.5,-599.5
2019-09-15,-406.5,-892.0,-146.0,-248.0,-618.0,-565.0,-391.0,612.0,-502.0,-535.0,678.5,-599.5
2019-09-16,-310.5,-936.0,-171.0,-248.0,-618.0,-609.0,-435.0,593.0,-546.0,-579.0,659.5,-599.5
2019-09-17,-351.0,-858.5,-93.5,-259.0,-648.5,-531.5,-357.5,701.0,-587.5,-620.5,767.5,-630.0
2019-09-18,-265.5,-921.0,-144.5,-259.0,-648.5,-594.0,-420.0,658.0,-667.5,-683.0,724.5,-630.0
2019-09-19,-200.0,-844.5,-68.0,-182.5,-666.5,-517.5,-343.5,640.0,-667.5,-683.0,706.5,-648.0
2019-09-20,-380.5,-954.5,-178.0,-266.0,-666.5,-561.0,-387.0,596.5,-711.0,-726.5,663.0,-648.0
2019-09-21,-380.5,-954.5,-178.0,-266.0,-666.5,-561.0,-387.0,596.5,-711.0,-726.5,663.0,-648.0
2019-09-22,-380.5,-954.5,-178.0,-266.0,-666.5,-561.0,-387.0,596.5,-711.0,-726.5,663.0,-648.0
2019-09-23,-341.0,-915.0,-111.0,-293.5,-666.5,-521.5,-347.5,557.5,-740.0,-755.5,624.0,-648.0
2019-09-24,-542.0,-1054.0,-215.5,-341.5,-714.5,-658.5,-484.5,517.0,-879.0,-892.5,585.5,-682.5
2019-09-25,-578.5,-1061.0,-222.5,-341.5,-514.5,-665.5,-491.5,510.0,-886.0,-899.5,578.5,-482.5
2019-09-26,-615.5,-1098.0,-242.5,-378.5,-514.5,-702.5,-528.5,473.0,-923.0,-936.5,541.5,-482.5
2019-09-27,-560.5,-1216.5,-317.5,-412.5,-514.5,-821.0,-647.0,380.5,-1041.5,-1055.0,449.0,-482.5
2019-09-28,-560.5,-1216.5,-317.5,-412.5,-514.5,-821.0,-647.0,380.5,-1041.5,-1055.0,449.0,-482.5
2019-09-29,-560.5,-1216.5,-317.5,-412.5,-514.5,-821.0,-647.0,380.5,-1041.5,-1055.0,449.0,-482.5
2019-09-30,-634.5,-1267.0,-345.5,-425.0,-514.5,-871.5,-697.5,330.0,-1092.0,-1105.5,398.5,-482.5
2019-10-01,-433.5,-1267.0,-345.5,-425.0,-514.5,-871.5,-697.5,330.0,-1092.0,-1105.5,398.5,-482.5
2019-10-02,-525.5,-1298.5,-377.0,-425.0,-514.5,-903.0,-729.0,298.5,-1123.5,-1137.0,367.0,-482.5
2019-10-03,-343.0,-1116.0,-194.5,-425.0,-514.5,-703.0,-529.0,481.0,-941.0,-937.0,567.0,-482.5
2019-10-04,-370.0,-1116.0,-194.5,-425.0,-514.5,-703.0,-529.0,481.0,-941.0,-937.0,567.0,-482.5
2019-10-05,-370.0,-1116.0,-194.5,-425.0,-514.5,-703.0,-529.0,481.0,-941.0,-937.0,567.0,-482.5
2019-10-06,-370.0,-1116.0,-194.5,-425.0,-514.5,-703.0,-529.0,481.0,-941.0,-937.0,567.0,-482.5
2019-10-07,-332.0,-1078.0,-230.0,-387.0,-476.5,-665.0,-491.0,481.0,-903.0,-899.0,567.0,-444.5
2019-10-08,-509.0,-1147.5,-239.0,-456.5,-537.0,-674.0,-500.0,472.0,-912.0,-908.0,558.0,-444.5
2019-10-09,-660.0,-1269.0,-332.5,-456.5,-537.0,-795.5,-621.5,393.5,-1005.5,-1001.5,479.5,-444.5
2019-10-10,-786.5,-1420.5,-463.0,-558.5,-537.0,-947.0,-773.0,349.0,-1157.0,-1153.0,435.0,-444.5
2019-10-11,-937.5,-1479.0,-463.0,-570.0,-537.0,-1005.5,-831.5,349.0,-1215.5,-1211.5,435.0,-444.5
2019-10-12,-937.5,-1479.0,-463.0,-570.0,-537.0,-1005.5,-831.5,349.0,-1215.5,-1211.5,435.0,-444.5
2019-10-13,-937.5,-1479.0,-463.0,-570.0,-537.0,-1005.5,-831.5,349.0,-1215.5,-1211.5,435.0,-444.5
2019-10-14,-944.5,-1486.0,-441.5,-548.5,-549.0,-1012.5,-838.5,370.5,-1222.5,-1218.5,456.5,-456.5
2019-10-15,-1037.5,-1579.0,-498.5,-574.0,-549.0,-1105.5,-900.0,303.0,-1315.5,-1280.0,420.5,-456.5
2019-10-16,-1054.0,-1595.5,-528.0,-590.5,-578.5,-1122.0,-916.5,303.0,-1332.0,-1296.5,420.5,-486.0
2019-10-17,-1104.5,-1609.5,-542.0,-590.5,-592.5,-1136.0,-930.5,289.0,-1346.0,-1310.5,406.5,-500.0
2019-10-18,-1175.5,-1571.5,-492.5,-539.0,-592.5,-1098.0,-879.0,264.0,-1308.0,-1259.0,395.0,-500.0
2019-10-19,-1175.5,-1571.5,-492.5,-539.0,-592.5,-1098.0,-879.0,264.0,-1308.0,-1259.0,395.0,-500.0
2019-10-20,-1175.5,-1571.5,-492.5,-539.0,-592.5,-1098.0,-879.0,264.0,-1308.0,-1259.0,395.0,-500.0
2019-10-21,-1021.5,-1417.5,-338.5,-385.0,-438.5,-944.0,-725.0,248.5,-1226.5,-1177.5,379.5,-346.0
2019-10-22,-848.5,-1231.0,-146.5,-190.5,-465.5,-757.5,-538.5,435.0,-1040.0,-991.0,566.0,-373.0
2019-10-23,-905.0,-1287.5,-183.5,-210.0,-465.5,-814.0,-595.0,415.5,-1096.5,-1047.5,546.5,-373.0
2019-10-24,-962.5,-1287.5,-183.5,-210.0,-465.5,-814.0,-595.0,415.5,-1096.5,-1047.5,546.5,-373.0
2019-10-25,-793.5,-1105.5,-1.5,-210.0,-517.0,-632.0,-413.0,597.5,-914.5,-865.5,728.5,-424.5
2019-10-26,-793.5,-1105.5,-1.5,-210.0,-517.0,-632.0,-413.0,597.5,-914.5,-865.5,728.5,-424.5
2019-10-27,-793.5,-1105.5,-1.5,-210.0,-517.0,-632.0,-413.0,597.5,-914.5,-865.5,728.5,-424.5
2019-10-28,-799.0,-1111.0,-7.0,-210.0,-517.0,-637.5,-418.5,592.0,-920.0,-871.0,723.0,-424.5
2019-10-29,-735.0,-993.0,111.0,-217.0,-399.0,-519.5,-300.5,710.0,-802.0,-760.5,841.0,-306.5
2019-10-30,-605.5,-863.5,240.5,-87.5,-399.0,-390.0,-171.0,710.0,-672.5,-631.0,841.0,-306.5
2019-10-31,-599.5,-818.5,185.0,-114.5,-417.0,-345.0,-126.0,681.5,-600.5,-559.0,812.5,-324.5
2019-11-01,-528.0,-827.5,185.0,-114.5,-426.0,-354.0,-135.0,672.5,-609.5,-568.0,803.5,-333.5
2019-11-02,-528.0,-827.5,185.0,-114.5,-426.0,-354.0,-135.0,672.5,-609.5,-568.0,803.5,-333.5
2019-11-03,-528.0,-827.5,185.0,-114.5,-426.0,-354.0,-135.0,672.5,-609.5,-568.0,803.5,-333.5
2019-11-04,-547.5,-844.0,168.0,-127.0,-414.0,-370.5,-151.5,644.0,-613.0,-571.5,775.0,-321.5
2019-11-05,-626.0,-889.0,123.0,-127.0,-423.5,-415.5,-179.0,616.5,-658.0,-599.0,747.5,-331.0
2019-11-06,-598.0,-835.5,110.0,-67.5,-348.5,-362.0,-125.5,670.0,-604.5,-545.5,801.0,-256.0
2019-11-07,-538.0,-769.0,176.5,-112.0,-348.5,-295.5,-59.0,631.5,-538.0,-479.0,762.5,-256.0
2019-11-08,-414.0,-835.0,123.0,-141.5,-369.5,-361.5,-125.0,602.0,-407.5,-500.0,733.0,-277.0
2019-11-09,-414.0,-835.0,123.0,-141.5,-369.5,-361.5,-125.0,602.0,-407.5,-500.0,733.0,-277.0
2019-11-10,-422.0,-843.0,115.0,-141.5,-377.5,-369.5,-133.0,594.0,-415.5,-508.0,725.0,-285.0
2019-11-11,-380.0,-785.5,172.5,-84.0,-377.5,-312.0,-75.5,571.0,-438.5,-531.0,702.0,-285.0
2019-11-12,-443.0,-832.0,126.0,-130.5,-400.0,-358.5,-115.0,561.0,-485.0,-570.5,692.0,-307.5
2019-11-13,-454.5,-866.5,91.5,-130.5,-400.0,-393.0,-149.5,547.5,-519.5,-605.0,678.5,-307.5
2019-11-14,-523.5,-974.0,28.5,-193.0,-418.0,-500.5,-257.0,502.5,-582.5,-668.0,633.5,-325.5
2019-11-15,-427.5,-1007.5,11.0,-201.5,-443.0,-534.0,-282.0,469.0,-616.0,-693.0,608.5,-350.5
2019-11-16,-427.5,-1007.5,11.0,-201.5,-443.0,-534.0,-282.0,469.0,-616.0,-693.0,608.5,-350.5
2019-11-17,-427.5,-1007.5,11.0,-201.5,-443.0,-534.0,-282.0,469.0,-616.0,-693.0,608.5,-350.5
2019-11-18,-482.0,-1022.0,-3.5,-229.0,-451.0,-548.5,-296.5,474.0,-638.5,-715.5,613.5,-358.5
2019-11-19,-439.0,-979.0,39.5,-186.0,-451.0,-505.5,-253.5,466.0,-626.5,-746.5,605.5,-358.5
2019-11-20,-212.0,-846.5,-29.0,125.5,-487.0,-373.0,-121.0,466.0,-726.5,-814.0,605.5,-394.5
2019-11-21,-213.0,-887.5,-70.0,151.5,-487.0,-414.0,-162.0,498.0,-694.5,-782.0,637.5,-394.5
2019-11-22,-214.0,-917.0,-90.0,151.5,-487.0,-443.5,-171.5,488.5,-704.0,-791.5,628.0,-394.5
2019-11-23,-214.0,-917.0,-90.0,151.5,-487.0,-443.5,-171.5,488.5,-704.0,-791.5,628.0,-394.5
2019-11-24,-214.0,-917.0,-90.0,151.5,-487.0,-443.5,-171.5,488.5,-704.0,-791.5,628.0,-394.5
2019-11-25,-343.5,-956.0,-129.0,119.0,-487.0,-450.0,-152.5,482.0,-743.0,-791.5,647.0,-394.5
2019-11-26,-383.5,-996.0,-160.0,96.0,-513.0,-490.0,-192.5,459.0,-766.0,-814.5,624.0,-420.5
2019-11-27,-416.0,-1028.5,-175.0,63.5,-513.0,-522.5,-225.0,459.0,-798.5,-847.0,624.0,-420.5
2019-11-28,-372.0,-987.5,-180.0,104.5,-531.5,-481.5,-184.0,454.0,-798.5,-847.0,619.0,-439.0
2019-11-29,-372.0,-987.5,-180.0,95.0,-531.5,-481.5,-184.0,444.5,-808.0,-856.5,609.5,-439.0
2019-11-30,-372.0,-987.5,-180.0,95.0,-531.5,-481.5,-184.0,444.5,-808.0,-856.5,609.5,-439.0
2019-12-01,-349.0,-941.0,-133.5,95.0,-531.5,-435.0,-137.5,444.5,-808.0,-856.5,609.5,-439.0
2019-12-02,-422.0,-1007.0,-151.5,63.0,-552.5,-501.0,-203.5,433.5,-624.0,-893.5,598.5,-460.0
2019-12-03,-619.5,-1126.5,-271.0,-23.0,-385.5,-567.5,-237.0,633.5,-743.5,-927.0,798.5,-260.0
2019-12-04,-646.5,-1153.5,-298.0,-30.0,-357.5,-594.5,-264.0,641.5,-763.5,-947.0,806.5,-232.0
2019-12-05,-643.5,-1150.5,-295.0,-27.0,-388.0,-591.5,-261.0,644.5,-760.5,-944.0,809.5,-262.5
2019-12-06,-654.5,-1161.5,-306.0,-27.0,-388.0,-602.5,-272.0,633.5,-771.5,-955.0,798.5,-262.5
2019-12-07,-654.5,-1161.5,-306.0,-27.0,-388.0,-602.5,-272.0,633.5,-771.5,-955.0,798.5,-262.5
2019-12-08,-667.0,-1174.0,-306.0,-39.5,-400.5,-615.0,-284.5,621.0,-784.0,-967.5,786.0,-275.0
2019-12-09,-721.5,-1226.5,-335.0,-63.0,-400.5,-667.5,-337.0,621.0,-836.5,-1020.0,786.0,-275.0
2019-12-10,-661.5,-1166.5,-217.0,55.0,-400.5,-607.5,-277.0,610.5,-776.5,-960.0,775.5,-275.0
2019-12-11,-696.0,-1201.0,-251.5,55.0,-348.5,-642.0,-311.5,652.5,-786.5,-970.0,817.5,-223.0
2019-12-12,-561.5,-1109.5,-267.0,90.0,-290.0,-550.5,-220.0,644.0,-695.0,-878.5,809.0,-164.5
2019-12-13,-528.0,-1119.0,-276.5,90.0,-290.0,-560.0,-229.5,634.5,-704.5,-888.0,799.5,-164.5
2019-12-14,-528.0,-1119.0,-276.5,90.0,-290.0,-560.0,-229.5,634.5,-704.5,-888.0,799.5,-164.5
2019-12-15,-528.0,-1119.0,-276.5,90.0,-290.0,-560.0,-229.5,634.5,-704.5,-888.0,799.5,-164.5
2019-12-16,-510.5,-1101.5,-259.0,90.0,-290.0,-542.5,-212.0,652.0,-687.0,-870.5,817.0,-164.5
2019-12-17,-508.5,-1082.5,-240.0,109.0,-290.0,-523.5,-193.0,652.0,-687.0,-870.5,817.0,-164.5
2019-12-18,-564.0,-1098.0,-259.0,109.0,-290.0,-539.0,-208.5,636.5,-691.0,-874.5,801.5,-164.5
2019-12-19,-589.0,-1123.0,-284.0,98.5,-290.0,-564.0,-233.5,611.5,-716.0,-899.5,776.5,-164.5
2019-12-20,-595.5,-1129.5,-290.5,98.5,-300.5,-570.5,-240.0,605.0,-722.5,-906.0,770.0,-175.0
2019-12-21,-595.5,-1129.5,-290.5,98.5,-300.5,-570.5,-240.0,605.0,-722.5,-906.0,770.0,-175.0
2019-12-22,-595.5,-1129.5,-290.5,98.5,-300.5,-570.5,-240.0,605.0,-722.5,-906.0,770.0,-175.0
2019-12-23,-581.0,-1115.0,-276.0,98.5,-300.5,-556.0,-225.5,591.5,-708.0,-891.5,756.5,-175.0
2019-12-24,-605.5,-1136.0,-297.0,98.5,-300.5,-577.0,-246.5,582.5,-717.0,-900.5,747.5,-175.0
2019-12-25,-588.5,-1136.0,-297.0,98.5,-300.5,-577.0,-246.5,582.5,-717.0,-900.5,747.5,-175.0
2019-12-26,-588.5,-1136.0,-297.0,98.5,-300.5,-577.0,-246.5,582.5,-717.0,-900.5,747.5,-175.0
2019-12-27,-506.5,-1054.0,-215.0,60.0,-300.5,-495.0,-164.5,582.5,-728.0,-911.5,747.5,-175.0
2019-12-28,-506.5,-1054.0,-215.0,60.0,-300.5,-495.0,-164.5,582.5,-728.0,-911.5,747.5,-175.0
2019-12-29,-506.5,-1054.0,-215.0,60.0,-300.5,-495.0,-164.5,582.5,-728.0,-911.5,747.5,-175.0
2019-12-30,-556.5,-1065.0,-226.0,60.0,-311.5,-506.0,-175.5,571.5,-728.0,-911.5,736.5,-186.0
2019-12-31,-562.5,-1071.0,-232.0,54.0,-311.5,-512.0,-181.5,565.5,-734.0,-917.5,730.5,-186.0
2020-01-01,-562.5,-1071.0,-232.0,54.0,-311.5,-512.0,-181.5,565.5,-734.0,-917.5,730.5,-186.0
2020-01-02,-644.5,-1126.5,-269.0,31.0,-311.5,-553.5,-223.0,541.0,-789.5,-959.0,706.0,-186.0
2020-01-03,-589.0,-1181.0,-297.5,31.0,-340.0,-608.0,-277.5,541.0,-844.0,-1013.5,706.0,-214.5
2020-01-04,-589.0,-1181.0,-297.5,31.0,-340.0,-608.0,-277.5,541.0,-844.0,-1013.5,706.0,-214.5
2020-01-05,-589.0,-1181.0,-297.5,31.0,-340.0,-608.0,-277.5,541.0,-844.0,-1013.5,706.0,-214.5
2020-01-06,-330.0,-1229.5,-346.0,31.0,-340.0,-656.5,-326.0,525.5,-892.5,-1062.0,690.5,-214.5
2020-01-07,-513.0,-1432.0,-444.5,-52.0,-340.0,-859.0,-470.0,489.0,-1055.0,-1166.0,654.0,-214.5
2020-01-08,-444.5,-1314.5,-465.0,65.5,-340.0,-741.5,-352.5,469.0,-1095.5,-1206.5,634.0,-214.5
2020-01-09,-496.5,-1366.5,-478.5,27.5,-340.0,-793.5,-404.5,441.5,-1147.5,-1258.5,606.5,-214.5
2020-01-10,-396.5,-1380.5,-488.5,6.5,-354.0,-807.5,-418.5,427.5,-1161.5,-1272.5,592.5,-228.5
2020-01-11,-396.5,-1380.5,-488.5,6.5,-354.0,-807.5,-418.5,427.5,-1161.5,-1272.5,592.5,-228.5
2020-01-12,-396.5,-1380.5,-488.5,6.5,-354.0,-807.5,-418.5,427.5,-1161.5,-1272.5,592.5,-228.5
2020-01-13,-442.5,-1414.5,-496.0,-1.0,-354.0,-841.5,-452.5,420.0,-1195.5,-1280.0,585.0,-228.5
2020-01-14,-514.5,-1486.5,-527.5,-62.0,-431.5,-913.5,-524.5,392.5,-1267.5,-1352.0,557.5,-306.0
2020-01-15,-592.5,-1552.5,-560.0,-62.0,-431.5,-979.5,-590.5,392.5,-1333.5,-1418.0,557.5,-306.0
2020-01-16,-604.5,-1564.5,-560.0,-62.0,-431.5,-991.5,-602.5,380.5,-1345.5,-1430.0,545.5,-306.0
2020-01-17,-629.5,-1573.0,-568.5,-70.5,-431.5,-1000.0,-611.0,372.0,-1354.0,-1438.5,537.0,-306.0
2020-01-18,-629.5,-1573.0,-568.5,-70.5,-431.5,-1000.0,-611.0,372.0,-1354.0,-1438.5,537.0,-306.0
2020-01-19,-629.5,-1573.0,-568.5,-70.5,-431.5,-1000.0,-611.0,372.0,-1354.0,-1438.5,537.0,-306.0
2020-01-20,-621.5,-1565.0,-560.5,-97.5,-423.5,-992.0,-630.0,380.0,-1346.0,-1430.5,545.0,-298.0
2020-01-21,-649.5,-1593.0,-569.0,-117.0,-443.0,-1020.0,-687.0,371.5,-1374.0,-1487.5,545.0,-317.5
2020-01-22,-736.0,-1636.0,-600.5,-128.5,-454.5,-1063.0,-717.0,347.0,-1405.5,-1506.0,533.5,-329.0
2020-01-23,-630.5,-1647.0,-611.5,-128.5,-454.5,-1074.0,-728.0,336.0,-1416.5,-1517.0,522.5,-329.0
2020-01-24,-789.5,-1681.0,-621.0,-148.0,-472.5,-1108.0,-762.0,302.0,-1450.5,-1551.0,488.5,-347.0
2020-01-25,-789.5,-1681.0,-621.0,-148.0,-472.5,-1108.0,-762.0,302.0,-1450.5,-1551.0,488.5,-347.0
2020-01-26,-870.5,-1681.0,-621.0,-148.0,-472.5,-1108.0,-762.0,302.0,-1450.5,-1551.0,488.5,-347.0
2020-01-27,-1082.0,-1750.5,-690.5,-148.0,-508.0,-1177.5,-831.5,302.0,-1523.0,-1623.5,488.5,-382.5
2020-01-28,-1194.0,-1829.5,-736.5,-148.0,-541.0,-1256.5,-910.5,302.0,-1602.0,-1702.5,488.5,-415.5
2020-01-29,-1261.5,-1933.5,-824.5,-236.0,-629.0,-1360.5,-1014.5,286.0,-1645.0,-1745.5,472.5,-503.5
2020-01-30,-1110.5,-1764.5,-986.0,-236.0,-652.0,-1191.5,-845.5,245.5,-1499.0,-1817.0,432.0,-526.5
2020-01-31,-1436.5,-1801.5,-944.5,-259.0,-675.0,-1214.5,-868.5,222.5,-1577.5,-1840.0,409.0,-549.5
2020-02-01,-1436.5,-1801.5,-944.5,-259.0,-675.0,-1214.5,-868.5,222.5,-1577.5,-1840.0,409.0,-549.5
2020-02-02,-1518.5,-1883.5,-944.5,-259.0,-707.5,-1296.5,-950.5,190.0,-1610.0,-1872.5,376.5,-582.0
2020-02-03,-1643.0,-1996.0,-1057.0,-63.5,-760.5,-1409.0,-1063.0,131.0,-1722.5,-1985.0,317.5,-635.0
2020-02-04,-1713.5,-2066.5,-1057.0,-99.5,-796.5,-1479.5,-1133.5,96.5,-1793.0,-2055.5,283.0,-671.0
2020-02-05,-1428.5,-1781.5,-1079.5,185.5,-796.5,-1295.0,-949.0,58.5,-1508.0,-1871.0,245.0,-671.0
2020-02-06,-1505.0,-1858.0,-1156.0,144.5,-796.5,-1371.5,-1025.5,46.0,-1584.5,-1947.5,232.5,-671.0
2020-02-07,-1390.0,-1743.0,-1041.0,133.5,-796.5,-1256.5,-910.5,161.0,-1657.5,-2020.5,347.5,-671.0
2020-02-08,-1390.0,-1743.0,-1041.0,133.5,-796.5,-1256.5,-910.5,161.0,-1657.5,-2020.5,347.5,-671.0
2020-02-09,-1390.0,-1743.0,-1041.0,133.5,-796.5,-1256.5,-910.5,161.0,-1657.5,-2020.5,347.5,-671.0
2020-02-10,-1470.5,-1821.0,-1119.0,110.5,-796.5,-1307.5,-961.5,83.0,-1735.5,-2071.5,296.5,-671.0
2020-02-11,-1617.0,-1967.5,-1175.5,7.0,-825.5,-1454.0,-1108.0,69.0,-1882.0,-2218.0,282.5,-700.0
2020-02-12,-1536.0,-1886.5,-1067.0,128.0,-825.5,-1373.0,-1027.0,177.5,-1801.0,-2137.0,391.0,-700.0
2020-02-13,-1417.5,-1768.0,-1098.5,46.5,-673.5,-1254.5,-908.5,146.0,-1937.5,-2259.0,359.5,-548.0
2020-02-14,-1438.0,-1788.5,-1153.0,68.5,-673.5,-1275.0,-929.0,124.5,-1958.0,-2279.5,338.0,-548.0
2020-02-15,-1438.0,-1788.5,-1153.0,68.5,-673.5,-1275.0,-929.0,124.5,-1958.0,-2279.5,338.0,-548.0
2020-02-16,-1438.0,-1788.5,-1153.0,68.5,-673.5,-1275.0,-929.0,124.5,-1958.0,-2279.5,338.0,-548.0
2020-02-17,-1517.5,-1854.5,-1185.0,36.5,-673.5,-1341.0,-963.0,90.5,-2024.0,-2313.5,304.0,-548.0
2020-02-18,-1344.5,-1662.5,-993.0,36.5,-473.5,-1149.0,-971.0,82.5,-1832.0,-2321.5,296.0,-548.0
2020-02-19,-1392.5,-1710.5,-1022.0,36.5,-473.5,-1197.0,-1019.0,34.5,-1880.0,-2369.5,248.0,-548.0
2020-02-20,-1409.5,-1527.5,-822.0,19.5,-473.5,-1214.0,-1036.0,17.5,-1697.0,-2386.5,231.0,-548.0
2020-02-21,-1392.5,-1571.0,-884.5,19.5,-473.5,-1257.5,-1079.5,17.5,-1759.5,-2430.0,231.0,-548.0
2020-02-22,-1392.5,-1571.0,-884.5,19.5,-473.5,-1257.5,-1079.5,17.5,-1759.5,-2430.0,231.0,-548.0
2020-02-23,-1392.5,-1571.0,-884.5,19.5,-473.5,-1257.5,-1079.5,17.5,-1759.5,-2430.0,231.0,-548.0
2020-02-24,-1337.5,-1249.5,-684.5,219.5,-473.5,-936.0,-958.0,382.0,-1438.0,-2308.5,395.5,-548.0
2020-02-25,-1593.0,-1373.0,-737.5,138.5,-473.5,-1031.0,-1053.0,329.0,-1646.0,-2403.5,371.0,-548.0
2020-02-26,-1393.0,-1104.5,-552.0,138.5,-73.5,-762.5,-784.5,514.5,-1460.5,-2218.0,556.5,-148.0
2020-02-27,-1238.0,-909.0,-406.5,169.0,-210.5,-521.5,-406.5,473.0,-1265.0,-2040.0,534.5,-348.0
2020-02-28,-857.5,-748.5,-160.0,149.0,-230.5,12.5,127.5,387.0,-1151.0,-1906.0,468.5,-348.0
2020-02-29,-857.5,-748.5,-160.0,149.0,-230.5,12.5,127.5,387.0,-1151.0,-1906.0,468.5,-348.0
2020-03-01,-857.5,-748.5,-160.0,149.0,-230.5,12.5,127.5,387.0,-1151.0,-1906.0,468.5,-348.0
2020-03-02,-333.0,-624.0,-92.0,349.0,-246.0,318.5,433.5,493.0,-1026.5,-1600.0,574.5,-348.0
2020-03-03,-876.5,-1201.5,-269.5,281.5,-246.0,-191.5,-76.5,315.5,-1404.0,-1910.0,464.5,-348.0
2020-03-04,-770.0,-1095.0,-163.0,422.0,-246.0,-85.0,30.0,456.0,-1357.0,-1710.0,664.5,-348.0
2020-03-05,-1064.0,-1108.5,-119.5,465.5,-246.0,4.0,119.0,345.0,-1370.5,-1621.0,553.5,-348.0
2020-03-06,-1630.5,-1157.0,-252.5,465.5,-246.0,-44.5,70.5,212.0,-1419.0,-1669.5,420.5,-348.0
2020-03-07,-1630.5,-1157.0,-252.5,465.5,-246.0,-44.5,70.5,212.0,-1419.0,-1669.5,420.5,-348.0
2020-03-08,-1854.0,-1321.5,-417.0,465.5,-246.0,-44.5,70.5,212.0,-1583.5,-1669.5,420.5,-348.0
2020-03-09,-2145.5,-1604.0,-582.5,348.5,-246.0,-327.0,-212.0,212.0,-1866.0,-1952.0,420.5,-348.0
2020-03-10,-1913.0,-1451.0,-429.5,501.5,-46.0,-174.0,-59.0,165.0,-1713.0,-1799.0,373.5,-148.0
2020-03-11,-1913.0,-851.0,170.5,701.5,154.0,26.0,141.0,165.0,-1113.0,-1599.0,373.5,-148.0
2020-03-12,-2194.0,-1132.0,92.5,701.5,193.5,-94.5,20.5,-116.0,-1394.0,-1719.5,253.0,52.0
2020-03-13,-2194.0,-1132.0,92.5,701.5,193.5,-94.5,20.5,-116.0,-1394.0,-1719.5,253.0,52.0
2020-03-14,-2194.0,-1132.0,92.5,701.5,193.5,-94.5,20.5,-116.0,-1394.0,-1719.5,253.0,52.0
2020-03-15,-2194.0,-1132.0,92.5,701.5,193.5,-94.5,20.5,-116.0,-1394.0,-1719.5,253.0,52.0
2020-03-16,-2322.0,-1460.0,-35.5,701.5,193.5,-422.5,-307.5,-244.0,-1722.0,-2047.5,125.0,52.0
2020-03-17,-2122.0,-1460.0,-235.5,501.5,193.5,-622.5,-507.5,-244.0,-1522.0,-2047.5,125.0,52.0
2020-03-18,-2322.0,-1060.0,164.5,701.5,393.5,-222.5,-107.5,-244.0,-1122.0,-1647.5,125.0,252.0
2020-03-19,-1922.0,-660.0,564.5,901.5,593.5,-222.5,-107.5,-244.0,-722.0,-1647.5,125.0,252.0
2020-03-20,-1880.0,-618.0,606.5,722.0,593.5,-2.0,113.0,-22.5,-500.5,-1247.5,525.0,252.0
2020-03-21,-1880.0,-618.0,606.5,722.0,593.5,-2.0,113.0,-22.5,-500.5,-1247.5,525.0,252.0
2020-03-22,-1680.0,-418.0,806.5,922.0,593.5,198.0,313.0,177.5,-300.5,-1047.5,725.0,252.0
2020-03-23,-434.0,828.0,1606.5,1522.0,593.5,998.0,1113.0,977.5,945.5,-247.5,1125.0,252.0
2020-03-24,-440.0,822.0,1756.5,1366.0,593.5,1042.0,1157.0,971.5,939.5,-203.5,1169.0,252.0
2020-03-25,-379.0,883.0,1775.0,944.0,593.5,903.0,1018.0,757.5,795.5,-375.0,955.0,252.0
2020-03-26,-748.0,654.5,1692.5,861.5,593.5,820.5,935.5,675.0,567.0,-457.5,872.5,252.0
2020-03-27,-241.5,761.0,1692.5,968.0,593.5,1020.5,1135.5,675.0,673.5,-257.5,872.5,252.0
2020-03-28,-241.5,761.0,1692.5,968.0,593.5,1020.5,1135.5,675.0,673.5,-257.5,872.5,252.0
2020-03-29,-441.5,761.0,1692.5,968.0,593.5,1020.5,1135.5,675.0,673.5,-257.5,872.5,252.0
2020-03-30,-1137.0,746.0,1692.5,953.0,593.5,1205.5,1320.5,660.0,658.5,-272.5,857.5,252.0
2020-03-31,-1174.0,709.0,1655.5,953.0,593.5,1168.5,1283.5,623.0,621.5,-309.5,820.5,252.0
2020-04-01,-1484.5,421.5,1709.5,728.0,480.5,881.0,1094.0,484.0,447.0,-386.0,681.5,139.0
2020-04-02,-1448.5,-30.5,1512.0,530.5,368.5,541.0,839.5,484.0,91.0,-544.5,681.5,139.0
2020-04-03,-1610.0,-86.0,1456.5,530.5,368.5,485.5,784.0,428.5,35.5,-600.0,626.0,139.0
2020-04-04,-1610.0,-86.0,1456.5,530.5,368.5,485.5,784.0,428.5,35.5,-600.0,626.0,139.0
2020-04-05,-1938.5,-214.5,1328.0,530.5,368.5,357.0,655.5,428.5,35.5,-600.0,626.0,139.0
2020-04-06,-2041.0,-317.0,1328.0,530.5,368.5,254.5,553.0,402.0,-67.0,-702.5,599.5,139.0
2020-04-07,-1738.0,-14.0,1240.0,530.5,368.5,357.5,656.0,286.0,236.0,-599.5,483.5,139.0
2020-04-08,-1316.5,-335.5,918.5,401.5,368.5,36.0,334.5,215.0,236.0,-599.5,412.5,139.0
2020-04-09,-1488.0,-209.5,1107.5,218.0,305.5,52.5,351.0,94.5,425.0,-520.0,292.0,76.0
2020-04-10,-1488.0,-209.5,1107.5,218.0,305.5,52.5,351.0,94.5,425.0,-520.0,292.0,76.0
2020-04-11,-1488.0,-209.5,1107.5,218.0,305.5,52.5,351.0,94.5,425.0,-520.0,292.0,76.0
2020-04-12,-1652.5,-209.5,1107.5,218.0,305.5,52.5,351.0,94.5,425.0,-520.0,292.0,76.0
2020-04-13,-1621.0,-178.0,1139.0,122.5,305.5,84.0,382.5,19.5,625.0,-320.0,217.0,76.0
2020-04-14,-1991.0,-430.5,1101.0,-49.5,216.0,-88.0,210.5,-63.0,372.5,-492.0,134.5,-13.5
2020-04-15,-1822.0,-261.5,1270.0,-171.5,216.0,81.0,379.5,-63.0,601.0,-263.5,134.5,-13.5
2020-04-16,-1896.0,-137.5,1394.0,28.5,216.0,281.0,579.5,-63.0,547.5,-263.5,134.5,-13.5
2020-04-17,-1499.0,62.5,1594.0,228.5,216.0,481.0,779.5,-164.5,747.5,-63.5,33.0,-13.5
2020-04-18,-1499.0,62.5,1594.0,228.5,216.0,481.0,779.5,-164.5,747.5,-63.5,33.0,-13.5
2020-04-19,-1299.0,262.5,1794.0,228.5,216.0,681.0,979.5,-164.5,947.5,136.5,33.0,-13.5
2020-04-20,-980.0,632.5,2164.0,398.5,216.0,851.0,1149.5,-194.5,1117.5,106.5,3.0,-13.5
2020-04-21,-400.5,740.5,2072.0,557.0,216.0,1026.0,1324.5,-228.5,1225.5,281.5,-31.0,-13.5
2020-04-22,27.5,1140.5,2272.0,957.0,216.0,1152.5,1451.0,-28.5,1625.5,481.5,169.0,-13.5
2020-04-23,-186.0,991.5,2123.0,808.0,134.0,1070.5,1369.0,-28.5,1476.5,399.5,169.0,-95.5
2020-04-24,-67.0,1110.5,2242.0,927.0,334.0,919.0,1217.5,171.5,1676.5,366.0,98.5,104.5
2020-04-25,-67.0,1110.5,2242.0,927.0,334.0,919.0,1217.5,171.5,1676.5,366.0,98.5,104.5
2020-04-26,-67.0,1110.5,2242.0,927.0,334.0,919.0,1217.5,171.5,1676.5,366.0,98.5,104.5
2020-04-27,14.0,1191.5,2323.0,1045.0,334.0,1000.0,1298.5,252.5,1757.5,447.0,179.5,104.5
2020-04-28,204.5,1425.5,2489.0,1279.0,334.0,1003.0,1301.5,153.5,1991.5,450.0,114.5,104.5
2020-04-29,-32.5,1326.5,2390.0,1236.5,334.0,904.0,1202.5,54.5,1892.5,351.0,15.5,104.5
2020-04-30,-38.0,1321.0,2426.5,1293.5,237.5,898.5,1197.0,49.0,1887.0,345.5,10.0,8.0
2020-05-01,-404.5,1225.0,2414.0,1281.0,187.0,802.5,1101.0,-1.5,1791.0,249.5,-40.5,-42.5
2020-05-02,-404.5,1225.0,2414.0,1281.0,187.0,802.5,1101.0,-1.5,1791.0,249.5,-40.5,-42.5
2020-05-03,-404.5,1425.0,2614.0,1481.0,187.0,1002.5,1301.0,198.5,1991.0,449.5,159.5,-42.5
2020-05-04,-46.0,1625.0,2814.0,1681.0,187.0,1202.5,1501.0,398.5,2191.0,649.5,359.5,-42.5
2020-05-05,-239.5,1431.5,2662.0,1586.0,187.0,1062.5,1361.0,303.5,1997.5,509.5,318.0,-42.5
2020-05-06,-376.5,1382.5,2613.0,1586.0,187.0,1013.5,1312.0,303.5,1948.5,460.5,318.0,-42.5
2020-05-07,-49.5,1382.5,2613.0,1586.0,187.0,1013.5,1312.0,303.5,1948.5,460.5,318.0,-42.5
2020-05-08,-246.0,1352.5,2597.5,1540.5,187.0,983.5,1282.0,258.0,1918.5,430.5,272.5,-42.5
2020-05-09,-246.0,1352.5,2597.5,1540.5,187.0,983.5,1282.0,258.0,1918.5,430.5,272.5,-42.5
2020-05-10,-246.0,1352.5,2597.5,1540.5,187.0,983.5,1282.0,258.0,1918.5,430.5,272.5,-42.5
2020-05-11,-349.5,1433.5,2712.5,1540.5,187.0,1122.0,1445.0,376.0,1999.5,593.5,472.5,-42.5
2020-05-12,-447.0,1467.5,2746.5,1414.0,187.0,1156.0,1479.0,376.0,2033.5,627.5,472.5,-42.5
2020-05-13,-551.0,1355.5,2634.5,1372.5,153.0,1044.0,1367.0,264.0,1921.5,515.5,360.5,-76.5
2020-05-14,-965.0,1154.0,2433.0,1344.5,113.0,842.5,1165.5,139.0,1760.0,354.0,235.5,-116.5
2020-05-15,-1125.5,1303.0,2433.0,1344.5,113.0,1042.5,1365.5,139.0,1760.0,354.0,235.5,-116.5
2020-05-16,-1125.5,1303.0,2433.0,1344.5,113.0,1042.5,1365.5,139.0,1760.0,354.0,235.5,-116.5
2020-05-17,-1125.5,1303.0,2433.0,1344.5,113.0,1042.5,1365.5,139.0,1760.0,354.0,235.5,-116.5
2020-05-18,-1534.0,1121.0,2253.0,1278.5,113.0,919.5,1242.5,16.0,1637.0,231.0,112.5,-116.5
2020-05-19,-1236.0,1424.0,2613.5,1639.0,113.0,1222.5,1545.5,16.0,1940.0,534.0,112.5,-116.5
2020-05-20,-1463.5,1359.5,2565.0,1598.0,79.5,1324.0,1713.0,183.5,1834.5,701.5,280.0,-150.0
2020-05-21,-1409.5,1470.0,2536.0,1738.0,279.5,1464.0,1853.0,94.0,1945.0,841.5,220.0,50.0
2020-05-22,-1595.5,1579.0,2645.0,1847.0,279.5,1573.0,1962.0,94.0,2145.0,841.5,220.0,50.0
2020-05-23,-1595.5,1579.0,2645.0,1847.0,279.5,1573.0,1962.0,94.0,2145.0,841.5,220.0,50.0
2020-05-24,-1612.5,1562.0,2628.0,1830.0,262.5,1556.0,1945.0,77.0,2128.0,824.5,203.0,33.0
2020-05-25,-1750.5,1424.0,2537.5,1771.0,203.5,1474.5,1863.5,74.5,2046.5,743.0,200.5,33.0
2020-05-26,-1828.0,1346.5,2537.5,1697.5,203.5,1401.0,1790.0,25.5,1969.0,692.0,178.0,33.0
2020-05-27,-1752.5,1422.0,2365.5,1525.5,203.5,1548.5,1937.5,-27.0,1844.5,639.5,125.5,33.0
2020-05-28,-1654.5,1323.0,2326.5,1525.5,203.5,1509.5,1898.5,-66.0,1745.5,600.5,86.5,33.0
2020-05-29,-1632.0,1467.5,2471.0,1470.0,203.5,1654.0,1806.0,-103.0,1890.0,508.0,49.5,33.0
2020-05-30,-1632.0,1467.5,2471.0,1470.0,203.5,1654.0,1806.0,-103.0,1890.0,508.0,49.5,33.0
2020-05-31,-1632.0,1467.5,2471.0,1470.0,203.5,1654.0,1806.0,-103.0,1890.0,508.0,49.5,33.0
2020-06-01,-1380.0,1350.5,2354.0,1353.0,203.5,1537.0,1689.0,-220.0,1773.0,391.0,-67.5,33.0
2020-06-02,-1441.5,1289.0,2315.5,1291.5,203.5,1475.5,1627.5,-281.5,1711.5,329.5,-129.0,33.0
2020-06-03,-1416.0,1314.5,2174.5,1186.0,203.5,1501.0,1653.0,-316.5,1701.5,258.5,-164.0,33.0
2020-06-04,-1614.0,1106.5,2073.0,1065.5,203.5,1338.5,1490.5,-339.5,1530.0,132.5,-187.0,33.0
2020-06-05,-1678.5,1106.5,2073.0,1065.5,203.5,1338.5,1490.5,-339.5,1530.0,132.5,-187.0,33.0
2020-06-06,-1678.5,1106.5,2073.0,1065.5,203.5,1338.5,1490.5,-339.5,1530.0,132.5,-187.0,33.0
2020-06-07,-1678.5,1106.5,2073.0,1065.5,203.5,1338.5,1490.5,-339.5,1530.0,132.5,-187.0,33.0
2020-06-08,-1838.5,970.5,2021.5,981.0,203.5,1202.5,1354.5,-392.0,1431.0,33.5,-239.5,33.0
2020-06-09,-1597.0,954.0,2005.0,981.0,203.5,1186.0,1338.0,-408.5,1414.5,17.0,-256.0,33.0
2020-06-10,-1762.0,802.0,1891.5,881.5,403.5,1034.0,1186.0,-453.0,1331.5,-66.0,-300.5,233.0
2020-06-11,-2236.5,534.5,1822.5,729.5,357.0,766.5,965.0,-453.0,1064.0,-287.0,-300.5,233.0
2020-06-12,-2591.5,379.5,1786.5,729.5,357.0,611.5,810.0,-489.0,1028.0,-323.0,-336.5,233.0
2020-06-13,-2591.5,379.5,1786.5,729.5,357.0,611.5,810.0,-489.0,1028.0,-323.0,-336.5,233.0
2020-06-14,-2816.0,155.0,1562.0,529.5,357.0,387.0,585.5,-513.5,1003.5,-347.5,-361.0,233.0
2020-06-15,-2471.5,-10.5,1562.0,474.0,357.0,221.5,420.0,-513.5,893.5,-457.5,-361.0,233.0
2020-06-16,-2555.5,-193.5,1417.5,474.0,470.0,38.5,275.5,-658.0,710.5,-602.0,-467.0,384.5
2020-06-17,-2505.0,-125.5,1485.5,420.5,470.0,238.5,475.5,-711.5,607.0,-652.0,-520.5,384.5
2020-06-18,-2524.5,-145.0,1466.0,401.0,470.0,219.0,456.0,-756.0,653.0,-606.0,-565.0,384.5
2020-06-19,-2340.0,39.5,1450.5,399.0,635.0,405.5,642.5,-569.5,837.5,-419.5,-378.5,584.5
2020-06-20,-2340.0,39.5,1450.5,399.0,635.0,405.5,642.5,-569.5,837.5,-419.5,-378.5,584.5
2020-06-21,-2340.0,39.5,1450.5,399.0,635.0,405.5,642.5,-569.5,837.5,-419.5,-378.5,584.5
2020-06-22,-2645.0,-83.5,1650.5,599.0,512.0,282.5,519.5,-569.5,837.5,-419.5,-378.5,461.5
2020-06-23,-2192.0,-104.5,1592.5,636.0,512.0,261.5,498.5,-627.5,816.5,-440.5,-436.5,461.5
2020-06-24,-1643.0,-99.5,1597.5,699.5,471.5,312.0,599.5,-513.5,821.5,-339.5,-277.0,421.0
2020-06-25,-1362.5,-129.5,1567.5,650.0,471.5,333.0,620.5,-450.0,821.5,-339.5,-162.5,421.0
2020-06-26,-857.5,-251.0,1544.5,551.5,471.5,211.5,499.0,-473.0,700.0,-461.0,-185.5,421.0
2020-06-27,-857.5,-251.0,1544.5,551.5,471.5,211.5,499.0,-473.0,700.0,-461.0,-185.5,421.0
2020-06-28,-657.5,-51.0,1544.5,551.5,671.5,411.5,699.0,-473.0,900.0,-261.0,-185.5,621.0
2020-06-29,-632.5,-26.0,1369.5,439.5,871.5,236.5,524.0,-584.0,925.0,-436.0,-296.5,621.0
2020-06-30,-861.5,-72.5,1281.5,434.0,871.5,190.0,477.5,-625.0,878.5,-482.5,-337.5,621.0
2020-07-01,-1132.0,-227.5,1259.5,279.0,871.5,168.0,455.5,-647.0,856.5,-504.5,-359.5,621.0
2020-07-02,-1297.5,-393.0,1094.0,279.0,739.5,2.5,290.0,-680.5,731.0,-630.0,-393.0,489.0
2020-07-03,-1297.5,-393.0,1094.0,279.0,739.5,2.5,290.0,-702.5,709.0,-652.0,-415.0,489.0
2020-07-04,-1297.5,-393.0,1094.0,279.0,739.5,2.5,290.0,-702.5,709.0,-652.0,-415.0,489.0
2020-07-05,-1257.0,-352.5,1134.5,319.5,739.5,43.0,330.5,-702.5,631.5,-682.0,-415.0,489.0
2020-07-06,-1257.0,-352.5,1134.5,319.5,739.5,43.0,330.5,-702.5,631.5,-682.0,-415.0,489.0
2020-07-07,-1151.0,-246.5,1240.5,425.5,739.5,243.0,530.5,-702.5,486.0,-733.5,-415.0,489.0
2020-07-08,-1231.5,-344.0,1212.5,356.0,739.5,145.5,433.0,-730.5,458.0,-761.5,-443.0,489.0
2020-07-09,-1343.0,-415.5,1184.0,327.5,711.0,74.0,361.5,-802.0,386.5,-833.0,-514.5,460.5
2020-07-10,-1458.5,-531.0,1068.5,301.0,711.0,-41.5,246.0,-844.5,271.0,-948.5,-557.0,460.5
2020-07-11,-1458.5,-531.0,1068.5,301.0,711.0,-41.5,246.0,-844.5,271.0,-948.5,-557.0,460.5
2020-07-12,-1458.5,-531.0,1068.5,301.0,711.0,-41.5,246.0,-844.5,271.0,-948.5,-557.0,460.5
2020-07-13,-1792.5,-676.5,1006.5,174.0,692.5,-187.0,100.5,-888.0,125.5,-1094.0,-600.5,442.0
2020-07-14,-2097.5,-753.5,852.0,103.0,692.5,-141.5,146.0,-952.0,48.5,-1048.5,-664.5,442.0
2020-07-15,-2079.5,-750.0,1099.0,103.0,692.5,-138.0,149.5,-948.5,95.5,-1001.5,-661.0,442.0
2020-07-16,-1854.5,-525.0,1324.0,103.0,692.5,14.5,349.5,-723.5,320.5,-801.5,-461.0,442.0
2020-07-17,-1908.5,-579.0,1270.0,71.0,638.5,-39.5,295.5,-755.5,266.5,-833.5,-493.0,388.0
2020-07-18,-1908.5,-579.0,1270.0,71.0,638.5,-39.5,295.5,-755.5,266.5,-833.5,-493.0,388.0
2020-07-19,-1946.5,-617.0,1232.0,33.0,638.5,-77.5,257.5,-793.5,228.5,-871.5,-531.0,388.0
2020-07-20,-2469.5,-774.0,1075.0,-22.0,638.5,-234.5,202.5,-848.5,71.5,-926.5,-586.0,388.0
2020-07-21,-2495.0,-799.5,1275.0,-22.0,613.0,-260.0,177.0,-874.0,46.0,-952.0,-611.5,362.5
2020-07-22,-2210.5,-448.0,1626.5,24.0,613.0,-108.5,328.5,-908.0,397.5,-800.5,-645.5,362.5
2020-07-23,-2191.5,-378.5,1696.0,188.5,518.0,-3.5,433.5,-743.5,267.0,-895.5,-445.5,267.5
2020-07-24,-2088.5,-204.5,1870.0,168.5,518.0,237.0,674.0,-703.0,441.0,-655.0,-405.0,267.5
2020-07-25,-2088.5,-204.5,1870.0,168.5,518.0,237.0,674.0,-703.0,441.0,-655.0,-405.0,267.5
2020-07-26,-2149.5,-265.5,1809.0,168.5,518.0,237.0,674.0,-764.0,380.0,-655.0,-405.0,267.5
2020-07-27,-2339.5,-406.5,1793.0,27.5,518.0,96.0,533.0,-780.0,239.0,-796.0,-421.0,267.5
2020-07-28,-2608.0,-275.0,1924.5,-41.0,518.0,227.5,664.5,-848.5,194.0,-841.0,-489.5,267.5
2020-07-29,-2742.0,-409.0,1790.5,-73.5,518.0,144.5,615.5,-975.5,153.5,-847.5,-582.5,267.5
2020-07-30,-3112.5,-579.5,1660.5,-244.0,518.0,80.5,551.5,-1039.5,36.0,-911.5,-646.5,267.5
2020-07-31,-2695.5,-542.5,1599.0,-244.0,718.0,117.5,690.0,-839.5,36.0,-911.5,-446.5,467.5
2020-08-01,-2695.5,-542.5,1599.0,-244.0,718.0,117.5,690.0,-839.5,36.0,-911.5,-446.5,467.5
2020-08-02,-2695.5,-542.5,1599.0,-244.0,718.0,117.5,690.0,-839.5,36.0,-911.5,-446.5,467.5
2020-08-03,-2680.5,-527.5,1494.5,-244.0,718.0,132.5,733.5,-915.5,51.0,-868.0,-522.5,467.5
2020-08-04,-2535.0,-382.0,1446.0,-292.5,684.5,-8.0,593.0,-964.0,196.5,-916.5,-571.0,434.0
2020-08-05,-2450.5,-378.0,1450.0,-257.5,667.5,-4.0,571.0,-948.0,200.5,-912.5,-555.0,417.0
2020-08-06,-2552.0,-473.5,1354.5,-293.0,643.0,-64.0,520.5,-998.5,105.0,-963.0,-605.5,392.5
2020-08-07,-2578.5,-586.0,1242.0,-405.5,567.0,-176.5,408.0,-998.5,-7.5,-1075.5,-605.5,316.5
2020-08-08,-2578.5,-586.0,1242.0,-405.5,567.0,-176.5,408.0,-998.5,-7.5,-1075.5,-605.5,316.5
2020-08-09,-2578.5,-586.0,1242.0,-405.5,567.0,-176.5,408.0,-998.5,-7.5,-1075.5,-605.5,316.5
2020-08-10,-2404.5,-412.0,1216.0,-405.5,541.0,-2.5,582.0,-1024.5,166.5,-901.5,-631.5,290.5
2020-08-11,-2257.0,-264.5,1196.5,-438.5,541.0,-55.0,529.5,-1077.0,314.0,-954.0,-684.0,290.5
2020-08-12,-2530.5,-310.0,1170.0,-468.5,514.5,-100.5,484.0,-1122.5,268.5,-999.5,-729.5,264.0
2020-08-13,-2509.5,-168.0,1112.0,-326.5,468.0,41.5,626.0,-1145.0,410.5,-857.5,-752.0,217.5
2020-08-14,-2402.5,32.0,1312.0,-126.5,468.0,241.5,826.0,-1145.0,610.5,-657.5,-752.0,217.5
2020-08-15,-2402.5,32.0,1312.0,-126.5,468.0,241.5,826.0,-1145.0,610.5,-657.5,-752.0,217.5
2020-08-16,-2402.5,32.0,1312.0,-126.5,468.0,241.5,826.0,-1145.0,610.5,-657.5,-752.0,217.5
2020-08-17,-2517.0,-71.0,1251.5,-229.5,468.0,241.5,826.0,-1145.0,610.5,-657.5,-752.0,217.5
2020-08-18,-2623.5,-159.5,1184.5,-229.5,441.0,153.0,737.5,-1183.5,539.0,-729.0,-790.5,190.5
2020-08-19,-2694.5,-230.5,1142.0,-277.0,370.0,82.0,666.5,-1207.0,468.0,-800.0,-814.0,119.5
2020-08-20,-2752.0,-288.0,1321.5,-103.5,333.0,24.5,609.0,-1264.5,410.5,-857.5,-871.5,82.5
2020-08-21,-2734.0,-270.0,1339.5,-141.0,333.0,42.5,627.0,-1284.5,428.5,-839.5,-891.5,82.5
2020-08-22,-2734.0,-270.0,1339.5,-141.0,333.0,42.5,627.0,-1284.5,428.5,-839.5,-891.5,82.5
2020-08-23,-2734.0,-270.0,1339.5,-141.0,333.0,42.5,627.0,-1284.5,428.5,-839.5,-891.5,82.5
2020-08-24,-2423.5,40.5,1539.5,-141.0,281.5,191.0,775.5,-1284.5,739.0,-691.0,-891.5,31.0
2020-08-25,-2303.0,161.0,1660.0,1.0,281.5,369.5,954.0,-1313.0,917.5,-512.5,-920.0,31.0
2020-08-26,-1942.0,122.0,1653.5,-20.0,275.0,330.5,915.0,-1352.0,878.5,-551.5,-959.0,24.5
2020-08-27,-1952.5,28.5,1560.0,-86.0,275.0,237.0,886.5,-1445.5,785.0,-580.0,-987.5,24.5
2020-08-28,-1924.0,57.0,1641.5,-4.5,275.0,265.5,915.0,-1445.5,813.5,-551.5,-987.5,24.5
2020-08-29,-1924.0,57.0,1641.5,-4.5,275.0,265.5,915.0,-1445.5,813.5,-551.5,-987.5,24.5
2020-08-30,-2008.0,-27.0,1641.5,-4.5,275.0,265.5,915.0,-1445.5,813.5,-551.5,-987.5,24.5
2020-08-31,-2121.5,-140.5,1528.0,-56.5,275.0,152.0,801.5,-1509.0,750.0,-615.0,-1051.0,24.5
2020-09-01,-2161.0,-180.0,1488.5,-69.0,248.0,112.5,762.0,-1548.5,710.5,-654.5,-1090.5,-2.5
2020-09-02,-2267.5,-240.5,1667.5,-156.5,160.5,52.0,701.5,-1636.0,678.0,-687.0,-1178.0,-90.0
2020-09-03,-2232.0,-442.5,1568.0,-264.0,19.0,58.0,769.5,-1707.5,513.5,-581.5,-1249.5,-90.0
2020-09-04,-1154.0,-210.0,1713.5,21.5,-114.5,3.5,715.0,-1730.5,886.0,-496.0,-1249.5,-223.5
2020-09-05,-1154.0,-210.0,1713.5,21.5,-114.5,3.5,715.0,-1730.5,886.0,-496.0,-1249.5,-223.5
2020-09-06,-1354.0,-410.0,1513.5,21.5,-114.5,-196.5,515.0,-1730.5,886.0,-496.0,-1249.5,-223.5
2020-09-07,-1358.0,-414.0,1568.0,172.5,-206.5,-200.5,511.0,-1734.5,882.0,-500.0,-1253.5,-315.5
2020-09-08,-1364.5,-375.5,1533.5,338.0,-206.5,-127.5,584.0,-1769.0,1047.5,-300.0,-1253.5,-315.5
2020-09-09,-1918.0,-529.0,1380.0,265.5,-279.0,-281.0,430.5,-1922.5,894.0,-453.5,-1407.0,-388.0
2020-09-10,-1641.0,-436.0,1553.0,465.5,-279.0,-188.0,523.5,-1949.5,787.0,-560.5,-1434.0,-388.0
2020-09-11,-1364.5,-159.5,1692.5,742.0,-279.0,-111.5,400.0,-1873.0,1063.5,-684.0,-1557.5,-388.0
2020-09-12,-1364.5,-159.5,1692.5,742.0,-279.0,-111.5,400.0,-1873.0,1063.5,-684.0,-1557.5,-388.0
2020-09-13,-1364.5,-159.5,1692.5,742.0,-279.0,-111.5,400.0,-1873.0,1063.5,-684.0,-1557.5,-388.0
2020-09-14,-1369.5,-75.0,1777.0,678.5,-279.0,-9.0,554.5,-1988.5,1211.5,-736.0,-1655.0,-388.0
2020-09-15,-1088.5,206.0,1910.0,878.5,-279.0,124.0,687.5,-2055.5,1292.5,-603.0,-1722.0,-388.0
2020-09-16,-754.0,273.5,1777.5,878.5,-79.0,257.0,820.5,-2055.5,1360.0,-470.0,-1722.0,-188.0
2020-09-17,-610.0,17.5,1618.0,754.5,-114.5,1.0,564.5,-2159.5,1104.0,-726.0,-1826.0,-223.5
2020-09-18,-616.5,-152.5,1448.0,603.0,-114.5,-169.0,394.5,-2204.0,1104.0,-726.0,-1870.5,-223.5
2020-09-19,-616.5,-152.5,1448.0,603.0,-114.5,-169.0,394.5,-2204.0,1104.0,-726.0,-1870.5,-223.5
2020-09-20,-616.5,-152.5,1448.0,603.0,-114.5,-169.0,394.5,-2204.0,1104.0,-726.0,-1870.5,-223.5
2020-09-21,-1049.5,-358.0,1042.5,403.0,-183.5,-452.5,111.0,-2139.0,1041.5,-809.5,-2005.5,-492.5
2020-09-22,-652.5,-399.0,1001.5,336.0,-183.5,-419.0,144.5,-2305.5,1000.5,-776.0,-2172.0,-492.5
2020-09-23,-1014.0,-422.0,972.5,313.0,-183.5,-442.0,121.5,-2334.5,977.5,-799.0,-2201.0,-492.5
2020-09-24,-805.5,-613.5,915.0,121.5,-183.5,-633.5,-70.0,-2392.0,786.0,-990.5,-2258.5,-492.5
2020-09-25,-839.5,-647.5,881.0,87.5,-183.5,-543.5,20.0,-2484.5,752.0,-900.5,-2351.0,-492.5
2020-09-26,-839.5,-647.5,881.0,87.5,-183.5,-543.5,20.0,-2484.5,752.0,-900.5,-2351.0,-492.5
2020-09-27,-839.5,-647.5,881.0,87.5,-183.5,-543.5,20.0,-2484.5,752.0,-900.5,-2351.0,-492.5
2020-09-28,-890.5,-698.5,830.0,36.5,-183.5,-594.5,-31.0,-2535.5,701.0,-951.5,-2402.0,-492.5
2020-09-29,-905.0,-677.0,884.5,3.5,-183.5,-527.5,36.0,-2517.5,722.5,-884.5,-2384.0,-492.5
2020-09-30,-625.0,-545.5,1084.5,203.5,-183.5,-396.0,167.5,-2586.0,854.0,-753.0,-2452.5,-492.5
2020-10-01,-694.5,-546.5,983.0,202.5,-183.5,-334.5,328.5,-2625.0,763.0,-592.0,-2491.5,-492.5
2020-10-02,-837.5,-540.5,1077.0,342.5,-183.5,-328.5,334.5,-2671.0,857.0,-498.0,-2537.5,-492.5
2020-10-03,-837.5,-540.5,1077.0,342.5,-183.5,-328.5,334.5,-2671.0,857.0,-498.0,-2537.5,-492.5
2020-10-04,-941.0,-644.0,1077.0,239.0,-183.5,-432.0,231.0,-2671.0,857.0,-498.0,-2537.5,-492.5
2020-10-05,-1120.5,-823.5,968.0,184.0,-183.5,-611.5,51.5,-2726.0,748.0,-607.0,-2592.5,-492.5
2020-10-06,-1492.0,-1050.5,846.5,-60.0,-183.5,-838.5,-175.5,-2787.0,477.5,-877.5,-2653.5,-492.5
2020-10-07,-1545.5,-1104.0,846.5,-60.0,-183.5,-892.0,-229.0,-2787.0,424.0,-931.0,-2653.5,-492.5
2020-10-08,-1448.0,-1006.5,816.0,37.5,-86.0,-794.5,-131.5,-2689.5,521.5,-833.5,-2556.0,-395.0
2020-10-09,-1646.5,-1165.0,777.0,37.5,-86.0,-833.5,-170.5,-2689.5,482.5,-872.5,-2556.0,-395.0
2020-10-10,-1646.5,-1165.0,777.0,37.5,-86.0,-833.5,-170.5,-2689.5,482.5,-872.5,-2556.0,-395.0
2020-10-11,-1646.5,-1165.0,739.0,-0.5,-86.0,-833.5,-170.5,-2689.5,482.5,-872.5,-2556.0,-395.0
2020-10-12,-1516.5,-1035.0,669.0,-70.5,-86.0,-703.5,-40.5,-2689.5,612.5,-742.5,-2556.0,-395.0
2020-10-13,-1541.5,-1060.0,644.0,129.5,-86.0,-728.5,-65.5,-2724.0,587.5,-767.5,-2590.5,-395.0
2020-10-14,-1391.0,-909.5,794.5,280.0,64.5,-578.0,85.0,-2773.5,787.5,-567.5,-2640.0,-244.5
2020-10-15,-1210.0,-728.5,1097.5,488.0,212.5,-397.0,207.5,-2895.5,1065.5,-489.5,-2762.0,-96.5
2020-10-16,-973.0,-491.5,1334.5,781.5,423.0,-303.5,361.5,-2787.5,1173.5,-335.5,-2608.0,-96.5
2020-10-17,-973.0,-491.5,1334.5,781.5,423.0,-303.5,361.5,-2787.5,1173.5,-335.5,-2608.0,-96.5
2020-10-18,-973.0,-491.5,1334.5,781.5,423.0,-303.5,361.5,-2787.5,1173.5,-335.5,-2608.0,-96.5
2020-10-19,-1060.5,-579.0,1188.5,928.5,423.0,-103.5,561.5,-2787.5,1086.0,-135.5,-2608.0,-96.5
2020-10-20,-1040.0,-351.5,1216.0,954.5,567.5,179.5,894.5,-2587.5,1380.5,214.5,-2408.0,103.5
2020-10-21,-975.5,-538.0,1029.5,866.5,477.5,-7.0,708.0,-2614.5,1282.0,116.0,-2435.0,13.5
2020-10-22,-706.0,-342.0,1195.5,1066.5,477.5,189.0,904.0,-2414.5,1478.0,312.0,-2235.0,13.5
2020-10-23,-545.5,-449.5,1097.5,968.5,477.5,91.0,889.5,-2429.0,1454.0,297.5,-2249.5,13.5
2020-10-24,-545.5,-449.5,1097.5,968.5,477.5,91.0,889.5,-2429.0,1454.0,297.5,-2249.5,13.5
2020-10-25,-545.5,-449.5,1097.5,968.5,477.5,91.0,889.5,-2429.0,1454.0,297.5,-2249.5,13.5
2020-10-26,-188.5,-533.5,1114.5,911.5,406.0,93.0,948.0,-2628.5,1198.0,184.0,-2363.0,-13.5
2020-10-27,-38.5,-333.5,1314.5,1111.5,406.0,293.0,1148.0,-2428.5,1398.0,384.0,-2163.0,-13.5
2020-10-28,-321.5,-616.0,1125.5,866.5,350.0,199.5,1054.5,-2562.5,1264.0,290.5,-2256.5,-69.5
2020-10-29,-178.5,-473.0,1068.5,809.5,350.0,342.5,1197.5,-2619.5,1407.0,433.5,-2313.5,-69.5
2020-10-30,-174.0,-468.5,1116.0,701.0,241.5,434.0,1289.0,-2728.0,1411.5,525.0,-2422.0,-178.0
2020-10-31,-174.0,-468.5,1116.0,701.0,241.5,434.0,1289.0,-2728.0,1411.5,525.0,-2422.0,-178.0
2020-11-01,-174.0,-468.5,1116.0,662.5,203.0,434.0,1289.0,-2766.5,1411.5,525.0,-2460.5,-216.5
2020-11-02,154.5,-440.0,1144.5,579.5,120.0,551.0,1406.0,-2766.5,1523.0,725.0,-2460.5,-299.5
2020-11-03,-487.0,-640.0,944.5,285.0,120.0,502.0,1357.0,-2845.5,1402.5,676.0,-2539.5,-299.5
2020-11-04,-345.0,-498.0,1207.5,364.0,320.0,765.0,1620.0,-2833.5,1544.5,939.0,-2476.5,-99.5
2020-11-05,-568.0,-708.0,997.5,154.0,232.0,555.0,1465.5,-2900.0,1334.5,851.0,-2543.0,-187.5
2020-11-06,-684.5,-858.5,847.0,154.0,232.0,404.5,1315.0,-2900.0,1184.0,700.5,-2543.0,-187.5
2020-11-07,-684.5,-858.5,847.0,154.0,232.0,404.5,1315.0,-2900.0,1184.0,700.5,-2543.0,-187.5
2020-11-08,-780.5,-954.5,751.0,58.0,232.0,404.5,1315.0,-2900.0,1088.0,700.5,-2543.0,-187.5
2020-11-09,-251.5,-1033.0,640.5,-52.5,121.5,436.5,1347.0,-2900.0,1009.5,732.5,-2543.0,-187.5
2020-11-10,-251.5,-1104.5,541.5,-252.5,121.5,365.0,1275.5,-2999.0,910.5,633.5,-2642.0,-187.5
2020-11-11,-843.0,-1373.0,399.5,-329.5,121.5,223.0,1133.5,-3084.5,642.0,491.5,-2727.5,-187.5
2020-11-12,-710.5,-1240.5,532.0,-197.0,121.5,423.0,1333.5,-3084.5,774.5,691.5,-2727.5,-187.5
2020-11-13,-680.5,-1057.0,715.5,-13.5,305.0,623.0,1533.5,-3166.0,713.0,646.5,-2809.0,12.5
2020-11-14,-680.5,-1057.0,715.5,-13.5,305.0,623.0,1533.5,-3166.0,713.0,646.5,-2809.0,12.5
2020-11-15,-680.5,-1057.0,715.5,-13.5,305.0,623.0,1533.5,-3166.0,713.0,646.5,-2809.0,12.5
2020-11-16,-452.0,-1057.0,715.5,-13.5,305.0,623.0,1533.5,-3166.0,713.0,646.5,-2809.0,12.5
2020-11-17,-227.5,-939.0,833.5,-4.0,305.0,741.0,1651.5,-3059.0,831.0,764.5,-2702.0,12.5
2020-11-18,-27.5,-807.5,1194.0,127.5,305.0,872.5,1822.5,-3121.0,962.5,935.5,-2764.0,12.5
2020-11-19,-342.5,-893.0,1155.5,47.5,305.0,787.0,1737.0,-3162.5,945.5,894.0,-2805.5,12.5
2020-11-20,-155.0,-705.5,1355.5,247.5,305.0,974.5,1737.0,-3162.5,1145.5,894.0,-2805.5,12.5
2020-11-21,-155.0,-705.5,1355.5,247.5,305.0,974.5,1737.0,-3162.5,1145.5,894.0,-2805.5,12.5
2020-11-22,-155.0,-705.5,1355.5,247.5,305.0,974.5,1737.0,-3162.5,1145.5,894.0,-2805.5,12.5
2020-11-23,-30.5,-612.5,1525.0,371.0,274.5,869.5,1632.0,-3162.5,1315.0,863.5,-2805.5,-18.0
2020-11-24,-363.5,-898.0,1348.0,255.0,209.0,688.0,1450.5,-3257.5,1167.5,766.0,-2900.5,-83.5
2020-11-25,-269.0,-898.0,1348.0,255.0,209.0,688.0,1450.5,-3257.5,1167.5,766.0,-2900.5,-83.5
2020-11-26,-326.0,-955.0,1320.0,255.0,209.0,631.0,1393.5,-3314.5,1110.5,709.0,-2957.5,-83.5
2020-11-27,-379.0,-965.5,1309.5,255.0,209.0,620.5,1383.0,-3325.0,1110.5,709.0,-2968.0,-83.5
2020-11-28,-379.0,-965.5,1309.5,255.0,209.0,620.5,1383.0,-3325.0,1110.5,709.0,-2968.0,-83.5
2020-11-29,-379.0,-965.5,1309.5,255.0,209.0,620.5,1383.0,-3325.0,1110.5,709.0,-2968.0,-83.5
2020-11-30,-307.0,-874.5,1400.5,203.0,152.0,711.5,1474.0,-3125.0,1201.5,800.0,-2768.0,-140.5
2020-12-01,-630.5,-1008.0,1267.0,173.0,109.5,593.5,1392.5,-3230.5,1068.0,718.5,-2837.0,-183.0
2020-12-02,-599.5,-951.5,1267.0,229.5,109.5,650.0,1449.0,-3247.5,1124.5,775.0,-2854.0,-183.0
2020-12-03,-583.0,-935.0,1283.5,136.0,126.0,666.5,1465.5,-3247.5,1141.0,791.5,-2854.0,-166.5
2020-12-04,-469.0,-821.0,1397.5,136.0,270.0,616.0,1415.0,-3298.0,1090.5,741.0,-2904.5,-166.5
2020-12-05,-469.0,-821.0,1397.5,136.0,270.0,616.0,1415.0,-3298.0,1090.5,741.0,-2904.5,-166.5
2020-12-06,-469.0,-821.0,1397.5,136.0,270.0,616.0,1415.0,-3298.0,1090.5,741.0,-2904.5,-166.5
2020-12-07,-326.5,-891.0,1345.0,118.5,264.5,546.0,1345.0,-3362.5,1020.5,671.0,-2969.0,-172.0
2020-12-08,-444.5,-984.0,1272.0,118.5,191.5,503.0,1302.0,-3405.5,950.5,651.0,-3012.0,-195.0
2020-12-09,-803.5,-1100.0,1428.0,269.0,125.0,436.5,1235.5,-3472.0,777.0,584.5,-3078.5,-261.5
2020-12-10,-684.0,-1265.0,1367.5,128.0,20.5,271.5,1070.5,-3496.0,716.5,524.0,-3102.5,-366.0
2020-12-11,-564.0,-1145.0,1487.5,162.5,20.5,391.5,1190.5,-3461.5,751.0,558.5,-3068.0,-366.0
2020-12-12,-564.0,-1145.0,1487.5,162.5,20.5,391.5,1190.5,-3461.5,751.0,558.5,-3068.0,-366.0
2020-12-13,-564.0,-1145.0,1487.5,162.5,20.5,391.5,1190.5,-3461.5,751.0,558.5,-3068.0,-366.0
2020-12-14,-592.0,-1173.0,1471.0,118.0,20.5,363.5,1162.5,-3478.0,723.0,530.5,-3084.5,-366.0
2020-12-15,-695.0,-1297.5,1346.5,44.0,-9.5,239.0,1038.0,-3551.0,598.5,406.0,-3157.5,-396.0
2020-12-16,-799.0,-1377.5,1294.5,-21.0,-9.5,159.0,958.5,-3600.5,518.5,326.5,-3207.0,-396.0
2020-12-17,-876.0,-1454.5,1275.5,-79.0,-9.5,82.0,881.5,-3630.0,489.0,297.0,-3236.5,-396.0
2020-12-18,-992.0,-1511.5,1218.5,-136.0,-9.5,25.0,824.5,-3643.0,432.0,240.0,-3249.5,-396.0
2020-12-19,-992.0,-1511.5,1218.5,-136.0,-9.5,25.0,824.5,-3643.0,432.0,240.0,-3249.5,-396.0
2020-12-20,-992.0,-1511.5,1218.5,-136.0,-9.5,25.0,824.5,-3643.0,432.0,240.0,-3249.5,-396.0
2020-12-21,-1436.0,-1766.0,964.0,-136.0,-49.0,-229.5,570.0,-3682.5,319.0,127.0,-3289.0,-435.5
2020-12-22,-1490.0,-1886.0,861.5,-216.0,-75.0,-349.5,450.0,-3766.0,261.5,69.5,-3372.5,-461.5
2020-12-23,-1386.5,-2017.0,730.5,-96.0,-126.0,-480.5,319.0,-3726.0,244.5,52.5,-3332.5,-512.5
2020-12-24,-1402.5,-2033.0,714.5,-112.0,-147.0,-496.5,303.0,-3763.5,207.0,15.0,-3370.0,-533.5
2020-12-25,-1402.5,-2033.0,714.5,-112.0,-147.0,-496.5,303.0,-3763.5,207.0,15.0,-3370.0,-533.5
2020-12-26,-1402.5,-2033.0,714.5,-112.0,-147.0,-496.5,303.0,-3763.5,207.0,15.0,-3370.0,-533.5
2020-12-27,-1556.5,-2000.0,747.5,-54.5,-147.0,-463.5,336.0,-3807.0,163.5,-28.5,-3413.5,-533.5
2020-12-28,-1703.0,-2062.5,710.0,-79.5,-184.5,-526.0,273.5,-3832.0,101.0,-91.0,-3438.5,-571.0
2020-12-29,-1686.5,-1979.5,800.5,11.0,-192.0,-443.0,356.5,-3839.5,184.0,-8.0,-3446.0,-578.5
2020-12-30,-1587.5,-2001.5,778.5,11.0,-214.0,-465.0,334.5,-3861.5,184.0,-8.0,-3468.0,-600.5
2020-12-31,-1655.0,-2081.0,747.0,2.0,-236.5,-539.0,260.5,-3884.0,132.5,-59.5,-3490.5,-623.0
2021-01-01,-1655.0,-2081.0,747.0,2.0,-236.5,-539.0,260.5,-3884.0,132.5,-59.5,-3490.5,-623.0
2021-01-02,-1655.0,-2081.0,747.0,2.0,-236.5,-539.0,260.5,-3884.0,132.5,-59.5,-3490.5,-623.0
2021-01-03,-1655.0,-2081.0,747.0,2.0,-236.5,-539.0,260.5,-3884.0,132.5,-59.5,-3490.5,-623.0
2021-01-04,-1933.0,-2029.0,799.0,-69.5,-236.5,-394.5,405.0,-3905.0,205.5,106.0,-3511.5,-623.0
2021-01-05,-1692.0,-2164.5,727.0,-318.0,-294.0,-530.0,269.5,-3825.0,126.5,57.5,-3401.0,-680.5
2021-01-06,-1219.5,-2303.0,700.5,-318.0,-294.0,-668.5,131.0,-3851.5,-12.0,-81.0,-3427.5,-680.5
2021-01-07,-1606.0,-2359.0,644.5,-318.0,-294.0,-724.5,75.0,-3907.5,-68.0,-137.0,-3483.5,-680.5
2021-01-08,-1673.5,-2426.5,577.0,-318.0,-294.0,-792.0,7.5,-3907.5,-135.5,-204.5,-3483.5,-680.5
2021-01-09,-1673.5,-2426.5,577.0,-318.0,-294.0,-792.0,7.5,-3907.5,-135.5,-204.5,-3483.5,-680.5
2021-01-10,-1673.5,-2426.5,577.0,-318.0,-294.0,-792.0,7.5,-3907.5,-135.5,-204.5,-3483.5,-680.5
2021-01-11,-1716.5,-2284.5,719.0,-147.5,-122.5,-650.0,149.5,-3965.5,-193.5,-262.5,-3541.5,-509.0
2021-01-12,-1670.5,-2163.5,689.0,-214.5,-122.5,-529.0,270.5,-3844.5,-23.5,-92.5,-3420.5,-509.0
2021-01-13,-1805.0,-2001.5,875.0,-228.5,-122.5,-343.0,456.5,-3717.0,138.5,93.5,-3269.0,-509.0
2021-01-14,-2042.0,-2087.0,789.5,-270.0,-122.5,-428.5,371.0,-3717.0,97.0,52.0,-3269.0,-509.0
2021-01-15,-2005.5,-2002.0,746.0,-192.0,-122.5,-343.5,456.0,-3717.0,182.0,180.5,-3269.0,-509.0
2021-01-16,-2005.5,-2002.0,746.0,-192.0,-122.5,-343.5,456.0,-3717.0,182.0,180.5,-3269.0,-509.0
2021-01-17,-2005.5,-2002.0,746.0,-192.0,-122.5,-343.5,456.0,-3717.0,182.0,180.5,-3269.0,-509.0
2021-01-18,-2001.0,-1889.5,946.0,-268.5,-122.5,-231.0,645.0,-3528.0,294.5,369.5,-3080.0,-509.0
2021-01-19,-2058.0,-1946.5,911.0,-325.5,-138.5,-288.0,588.0,-3585.0,237.5,312.5,-3137.0,-525.0
2021-01-20,-2144.0,-2000.5,857.0,-379.5,-192.5,-88.0,788.0,-3585.0,183.5,312.5,-3137.0,-325.0
2021-01-21,-1994.0,-1850.5,1007.0,-211.5,-192.5,62.0,938.0,-3635.0,333.5,462.5,-3187.0,-325.0
2021-01-22,-2022.0,-1874.0,983.5,-150.5,-192.5,38.5,914.5,-3658.5,310.0,439.0,-3210.5,-325.0
2021-01-23,-2022.0,-1874.0,983.5,-150.5,-192.5,38.5,914.5,-3658.5,310.0,439.0,-3210.5,-325.0
2021-01-24,-2022.0,-1874.0,983.5,-150.5,-192.5,38.5,914.5,-3658.5,310.0,439.0,-3210.5,-325.0
2021-01-25,-2154.0,-1974.5,911.5,-150.5,-192.5,10.0,886.0,-3687.0,209.5,410.5,-3239.0,-325.0
2021-01-26,-1964.5,-2020.0,881.0,-181.0,-192.5,-20.5,855.5,-3717.5,179.0,380.0,-3269.5,-325.0
2021-01-27,-1661.0,-1516.5,1072.0,-22.5,152.5,483.0,1359.0,-3326.5,737.5,938.5,-2878.5,-180.0
2021-01-28,-1091.5,-1249.0,1217.5,-22.5,74.5,683.0,1559.0,-3259.0,1005.0,1138.5,-2678.5,-180.0
2021-01-29,-1565.0,-1157.5,1446.5,-96.0,1.0,945.5,1821.5,-2956.5,1096.5,1401.0,-2278.5,-180.0
2021-01-30,-1565.0,-1157.5,1446.5,-96.0,1.0,945.5,1821.5,-2956.5,1096.5,1401.0,-2278.5,-180.0
2021-01-31,-1165.0,-1157.5,1446.5,-96.0,1.0,945.5,1821.5,-2956.5,1096.5,1401.0,-2278.5,-180.0
2021-02-01,-1765.0,-1106.5,1497.5,-212.0,-199.0,1029.5,2021.5,-2956.5,1096.5,1401.0,-2278.5,-380.0
2021-02-02,-1775.0,-1160.5,1416.5,-212.0,-226.0,975.5,1967.5,-3037.5,1042.5,1347.0,-2359.5,-407.0
2021-02-03,-1832.5,-1218.0,1616.5,-71.0,-226.0,918.0,1910.0,-2837.5,1042.5,1347.0,-2159.5,-407.0
2021-02-04,-1796.0,-1151.5,1683.0,-172.0,-226.0,984.5,2011.5,-2976.5,1175.0,1514.5,-2299.5,-407.0
2021-02-05,-1847.5,-1203.0,1683.0,-223.5,-226.0,933.0,1960.0,-2976.5,1123.5,1463.0,-2299.5,-407.0
2021-02-06,-1847.5,-1203.0,1683.0,-223.5,-226.0,933.0,1960.0,-2976.5,1123.5,1463.0,-2299.5,-407.0
2021-02-07,-1847.5,-1203.0,1683.0,-223.5,-226.0,933.0,1960.0,-2976.5,1123.5,1463.0,-2299.5,-407.0
2021-02-08,-1960.5,-1316.0,1613.5,-299.0,-226.0,820.0,1847.0,-3014.0,1010.5,1350.0,-2337.0,-407.0
2021-02-09,-2012.0,-1355.5,1636.5,-327.0,-257.5,780.5,1872.5,-3025.5,1036.0,1375.5,-2348.5,-438.5
2021-02-10,-1576.5,-1453.5,1688.0,-397.0,-257.5,752.5,1844.5,-2990.0,938.0,1347.5,-2313.0,-438.5
2021-02-11,-1657.5,-1335.5,1828.0,-457.0,-257.5,637.5,1729.5,-2812.0,1116.0,1292.5,-2335.0,-438.5
2021-02-12,-1719.5,-1135.5,2028.0,-257.0,-257.5,837.5,1929.5,-2843.0,1085.0,1261.5,-2366.0,-438.5
2021-02-13,-1719.5,-1135.5,2028.0,-257.0,-257.5,837.5,1929.5,-2843.0,1085.0,1261.5,-2366.0,-438.5
2021-02-14,-1719.5,-1135.5,2028.0,-257.0,-257.5,837.5,1929.5,-2843.0,1085.0,1261.5,-2366.0,-438.5
2021-02-15,-1731.0,-1147.0,2016.5,-257.0,-257.5,826.0,1918.0,-2854.5,1073.5,1250.0,-2377.5,-438.5
2021-02-16,-1811.5,-1227.5,1978.0,-279.0,-257.5,745.5,1837.5,-2896.5,1031.5,1208.0,-2419.5,-438.5
2021-02-17,-2006.0,-1381.0,1824.5,-394.5,-257.5,684.5,1776.5,-2957.5,878.0,1147.0,-2480.5,-438.5
2021-02-18,-2285.0,-1561.0,1723.5,-529.5,-257.5,504.5,1596.5,-3036.5,698.0,967.0,-2559.5,-438.5
2021-02-19,-2589.0,-1724.5,1603.0,-693.0,-257.5,341.0,1433.0,-3157.0,534.5,803.5,-2680.0,-438.5
2021-02-20,-2589.0,-1724.5,1603.0,-693.0,-257.5,341.0,1433.0,-3157.0,534.5,803.5,-2680.0,-438.5
2021-02-21,-2589.0,-1724.5,1603.0,-693.0,-257.5,341.0,1433.0,-3157.0,534.5,803.5,-2680.0,-438.5
2021-02-22,-2995.5,-1989.5,1462.0,-759.0,-349.5,59.0,1151.0,-3219.0,269.5,521.5,-2742.0,-530.5
2021-02-23,-3392.5,-2249.5,1202.0,-823.0,-413.5,-109.5,982.5,-3253.0,9.5,353.0,-2776.0,-594.5
2021-02-24,-3846.0,-2589.0,973.0,-823.0,-537.0,-449.0,643.0,-3358.5,-219.5,124.0,-2881.5,-718.0
2021-02-25,-4360.5,-2834.5,727.5,-914.0,-537.0,-694.5,397.5,-3449.5,-374.0,-30.5,-2972.5,-718.0
2021-02-26,-4296.5,-2766.5,927.5,-914.0,-537.0,-626.5,597.5,-3449.5,-174.0,169.5,-2972.5,-718.0
2021-02-27,-4296.5,-2766.5,927.5,-914.0,-537.0,-626.5,597.5,-3449.5,-174.0,169.5,-2972.5,-718.0
2021-02-28,-4496.5,-2966.5,727.5,-914.0,-537.0,-826.5,397.5,-3449.5,-174.0,169.5,-2972.5,-718.0
2021-03-01,-4889.5,-3159.5,669.5,-914.0,-537.0,-1019.5,204.5,-3507.5,-367.0,-23.5,-3030.5,-718.0
2021-03-02,-4981.0,-3251.0,578.0,-914.0,-537.0,-1111.0,113.0,-3507.5,-458.5,-115.0,-3030.5,-718.0
2021-03-03,-4410.0,-3119.0,510.0,-553.0,-337.0,-829.0,395.0,-3346.5,-337.5,6.0,-2869.5,-518.0
2021-03-04,-4591.5,-3538.0,277.5,-553.0,-337.0,-1155.0,69.0,-3472.5,-556.5,-120.0,-2995.5,-518.0
2021-03-05,-4684.0,-3899.5,-84.0,-553.0,-337.0,-1447.5,-223.5,-3472.5,-718.0,-212.5,-2995.5,-518.0
2021-03-06,-4684.0,-3899.5,-84.0,-553.0,-337.0,-1447.5,-223.5,-3472.5,-718.0,-212.5,-2995.5,-518.0
2021-03-07,-4484.0,-3699.5,-84.0,-553.0,-337.0,-1247.5,-23.5,-3472.5,-518.0,-12.5,-2995.5,-518.0
2021-03-08,-4363.0,-3378.5,237.0,-553.0,-337.0,-847.5,176.5,-3351.5,-397.0,187.5,-2795.5,-518.0
2021-03-09,-5176.0,-3991.5,-226.0,-553.0,-337.0,-1110.5,-86.5,-3453.0,-648.5,86.0,-2897.0,-518.0
2021-03-10,-5177.0,-3934.0,-35.5,-686.0,-470.0,-910.5,113.5,-3453.0,-591.0,86.0,-2897.0,-518.0
2021-03-11,-5395.5,-4152.5,-254.0,-886.0,-488.5,-1129.0,-105.0,-3471.5,-609.5,67.5,-2915.5,-536.5
2021-03-12,-5324.5,-4116.0,-217.5,-686.0,-488.5,-1092.5,55.0,-3511.5,-449.5,227.5,-2955.5,-536.5
2021-03-13,-5324.5,-4116.0,-217.5,-686.0,-488.5,-1092.5,55.0,-3511.5,-449.5,227.5,-2955.5,-536.5
2021-03-14,-5324.5,-4116.0,-217.5,-686.0,-488.5,-1092.5,55.0,-3511.5,-449.5,227.5,-2955.5,-536.5
2021-03-15,-4978.0,-4028.0,-129.5,-686.0,-523.5,-1004.5,143.0,-3623.5,-315.5,361.5,-3067.5,-571.5
2021-03-16,-5192.0,-4083.5,-144.0,-700.5,-523.5,-1045.5,102.0,-3679.0,-330.0,361.5,-3108.5,-571.5
2021-03-17,-5299.0,-4167.0,-197.5,-700.5,-543.0,-1129.0,18.5,-3762.5,-413.5,278.0,-3192.0,-591.0
2021-03-18,-5918.0,-4374.0,-404.5,-823.5,-543.0,-1276.5,-129.0,-3762.5,-537.5,213.5,-3192.0,-591.0
2021-03-19,-6234.0,-4396.0,-426.5,-845.5,-543.0,-1298.5,-151.0,-3784.5,-559.5,191.5,-3214.0,-591.0
2021-03-20,-6234.0,-4396.0,-426.5,-845.5,-543.0,-1298.5,-151.0,-3784.5,-559.5,191.5,-3214.0,-591.0
2021-03-21,-6260.0,-4422.0,-452.5,-871.5,-543.0,-1324.5,-177.0,-3810.5,-585.5,165.5,-3240.0,-591.0
2021-03-22,-6342.0,-4504.0,-503.5,-871.5,-543.0,-1406.5,-259.0,-3892.5,-667.5,83.5,-3322.0,-591.0
2021-03-23,-5897.0,-4187.0,-186.5,-796.5,-343.0,-1058.0,89.5,-3775.5,-350.5,432.0,-3173.5,-391.0
2021-03-24,-5477.0,-4027.0,166.5,-789.5,-190.0,-1098.0,49.5,-3707.0,-102.5,480.0,-3065.5,-438.0
2021-03-25,-5468.0,-4018.0,-24.5,-964.0,-254.5,-1089.0,58.5,-3523.5,14.5,597.0,-2882.0,-502.5
2021-03-26,-5432.0,-3982.0,46.5,-886.0,-98.5,-1009.0,138.5,-3487.5,50.5,677.0,-2802.0,-302.5
2021-03-27,-5432.0,-3982.0,46.5,-886.0,-98.5,-1009.0,138.5,-3487.5,50.5,677.0,-2802.0,-302.5
2021-03-28,-5432.0,-3982.0,46.5,-886.0,-98.5,-1009.0,138.5,-3487.5,50.5,677.0,-2802.0,-302.5
2021-03-29,-5156.0,-4107.5,-79.0,-985.5,-198.0,-1134.5,13.0,-3566.0,-75.0,651.0,-2880.5,-402.0
2021-03-30,-5427.5,-4285.5,-257.0,-1108.5,-241.0,-1312.5,-165.0,-3609.0,-173.0,553.0,-2923.5,-445.0
2021-03-31,-5614.0,-4322.0,-293.5,-1128.0,-241.0,-1349.0,-201.5,-3645.5,-209.5,516.5,-2960.0,-445.0
2021-04-01,-5851.5,-4460.0,-431.5,-1189.0,-302.0,-1487.0,-339.5,-3715.5,-347.5,378.5,-3030.0,-506.0
2021-04-02,-5851.5,-4460.0,-444.5,-1189.0,-302.0,-1487.0,-339.5,-3715.5,-347.5,378.5,-3030.0,-506.0
2021-04-03,-5851.5,-4460.0,-444.5,-1189.0,-302.0,-1487.0,-339.5,-3715.5,-347.5,378.5,-3030.0,-506.0
2021-04-04,-5863.5,-4472.0,-444.5,-1189.0,-302.0,-1499.0,-351.5,-3727.5,-359.5,366.5,-3042.0,-506.0
2021-04-05,-5970.0,-4568.0,-444.5,-1189.0,-302.0,-1595.0,-447.5,-3757.5,-455.5,270.5,-3072.0,-506.0
2021-04-06,-6010.0,-4358.5,-235.0,-1226.0,-302.0,-1432.0,-284.5,-3775.5,-209.0,470.5,-3090.0,-506.0
2021-04-07,-6119.5,-4468.0,-344.5,-1276.5,-387.5,-1541.5,-394.0,-3820.5,-409.0,347.5,-3108.5,-591.5
2021-04-08,-6194.5,-4543.0,-391.5,-1361.0,-387.5,-1616.5,-469.0,-3848.5,-484.0,272.5,-3136.5,-591.5
2021-04-09,-6202.0,-4572.0,-391.5,-1390.0,-387.5,-1645.5,-498.0,-3877.5,-513.0,243.5,-3165.5,-591.5
2021-04-10,-6202.0,-4572.0,-391.5,-1390.0,-387.5,-1645.5,-498.0,-3877.5,-513.0,243.5,-3165.5,-591.5
2021-04-11,-6202.0,-4572.0,-391.5,-1390.0,-387.5,-1645.5,-498.0,-3877.5,-513.0,243.5,-3165.5,-591.5
2021-04-12,-6339.5,-4709.5,-456.0,-1519.0,-387.5,-1783.0,-600.5,-3907.0,-598.0,193.5,-3195.0,-591.5
2021-04-13,-6448.5,-4818.5,-516.5,-1588.0,-422.5,-1892.0,-709.5,-3953.0,-707.0,84.5,-3241.0,-626.5
2021-04-14,-6636.5,-4909.0,-563.5,-1613.5,-422.5,-1982.5,-800.0,-4011.5,-750.5,41.0,-3299.5,-626.5
2021-04-15,-6396.0,-4668.5,-323.0,-1571.0,-422.5,-1742.0,-559.5,-4094.5,-734.0,57.5,-3382.5,-626.5
2021-04-16,-6524.0,-4714.5,-367.0,-1602.0,-422.5,-1788.0,-605.5,-4138.5,-734.0,57.5,-3426.5,-626.5
2021-04-17,-6524.0,-4714.5,-367.0,-1602.0,-422.5,-1788.0,-605.5,-4138.5,-734.0,57.5,-3426.5,-626.5
2021-04-18,-6524.0,-4714.5,-367.0,-1602.0,-446.0,-1788.0,-605.5,-4138.5,-734.0,57.5,-3426.5,-650.0
2021-04-19,-6595.5,-4786.0,-438.5,-1634.5,-446.0,-1820.5,-638.0,-4171.0,-805.5,25.0,-3459.0,-650.0
2021-04-20,-6192.0,-4792.5,-497.0,-1608.0,-394.0,-1827.0,-644.5,-4278.0,-812.0,18.5,-3566.0,-598.0
2021-04-21,-5955.5,-4592.5,-363.0,-1408.0,-194.0,-1693.0,-510.5,-4344.0,-646.5,184.0,-3632.0,-598.0
2021-04-22,-6201.5,-4838.5,-521.0,-1524.0,-282.0,-1916.5,-734.0,-4372.0,-785.0,68.0,-3660.0,-686.0
2021-04-23,-6184.0,-4821.0,-521.0,-1524.0,-282.0,-1899.0,-716.5,-4372.0,-767.5,85.5,-3660.0,-686.0
2021-04-24,-6184.0,-4821.0,-521.0,-1524.0,-282.0,-1899.0,-716.5,-4372.0,-767.5,85.5,-3660.0,-686.0
2021-04-25,-6184.0,-4821.0,-521.0,-1524.0,-282.0,-1899.0,-716.5,-4372.0,-767.5,85.5,-3660.0,-686.0
2021-04-26,-6376.5,-4987.0,-593.5,-1631.5,-282.0,-1971.5,-789.0,-4382.0,-840.0,13.0,-3670.0,-686.0
2021-04-27,-6211.5,-4801.0,-407.5,-1631.5,-282.0,-1785.5,-589.0,-4196.0,-654.0,213.0,-3470.0,-686.0
2021-04-28,-6098.0,-4825.5,-432.0,-1613.5,-304.0,-1810.0,-613.5,-4252.5,-656.5,210.5,-3526.5,-708.0
2021-04-29,-6292.5,-4899.5,-506.0,-1651.0,-304.0,-1810.0,-613.5,-4252.5,-792.5,210.5,-3526.5,-708.0
2021-04-30,-6182.5,-4900.0,-506.5,-1651.5,-243.5,-1810.5,-614.0,-4192.0,-792.5,210.5,-3466.0,-647.5
2021-05-01,-6182.5,-4900.0,-506.5,-1651.5,-243.5,-1810.5,-614.0,-4192.0,-792.5,210.5,-3466.0,-647.5
2021-05-02,-6182.5,-4900.0,-506.5,-1651.5,-243.5,-1810.5,-625.5,-4203.5,-792.5,210.5,-3477.5,-647.5
2021-05-03,-6059.0,-4942.5,-549.0,-1694.0,-243.5,-1853.0,-691.5,-4213.5,-792.5,210.5,-3487.5,-647.5
2021-05-04,-6369.0,-5070.5,-349.0,-1494.0,-280.0,-1653.0,-491.5,-4213.5,-792.5,210.5,-3487.5,-684.0
2021-05-05,-6489.5,-4901.5,-180.0,-1294.0,-280.0,-1484.0,-322.5,-4244.5,-823.5,179.5,-3518.5,-684.0
2021-05-06,-6626.5,-4913.0,-191.5,-1275.5,-318.0,-1444.0,-282.5,-4312.5,-835.0,219.5,-3586.5,-722.0
2021-05-07,-6720.5,-5007.0,-285.5,-1369.5,-118.0,-1274.5,-113.0,-4343.0,-865.5,189.0,-3617.0,-522.0
2021-05-08,-6720.5,-5007.0,-285.5,-1369.5,-118.0,-1274.5,-113.0,-4343.0,-865.5,189.0,-3617.0,-522.0
2021-05-09,-6720.5,-5007.0,-285.5,-1369.5,-118.0,-1274.5,-113.0,-4343.0,-865.5,189.0,-3617.0,-522.0
2021-05-10,-7085.5,-5160.0,-361.0,-1499.0,-169.0,-1376.5,-215.0,-4445.0,-1018.5,87.0,-3719.0,-522.0
2021-05-11,-7152.5,-5227.0,-428.0,-1499.0,-169.0,-1443.5,-282.0,-4445.0,-1085.5,20.0,-3719.0,-522.0
2021-05-12,-6867.0,-5007.5,-208.5,-1499.0,-169.0,-1112.5,49.0,-4314.0,-866.0,351.0,-3588.0,-522.0
2021-05-13,-6437.5,-4868.0,36.0,-1499.0,-169.0,-868.0,293.5,-4138.5,-690.5,551.0,-3388.0,-522.0
2021-05-14,-6879.0,-5146.5,-149.5,-1499.0,-169.0,-986.5,175.0,-4215.5,-860.5,432.5,-3413.5,-522.0
2021-05-15,-6879.0,-5146.5,-149.5,-1499.0,-169.0,-986.5,175.0,-4215.5,-860.5,432.5,-3413.5,-522.0
2021-05-16,-6879.0,-5146.5,-149.5,-1499.0,-169.0,-986.5,175.0,-4215.5,-860.5,432.5,-3413.5,-522.0
2021-05-17,-6736.5,-5004.0,17.0,-1556.5,-226.5,-844.0,317.5,-4249.0,-718.0,575.0,-3447.0,-579.5
2021-05-18,-6883.5,-5151.0,-90.5,-1637.5,-226.5,-925.0,236.5,-4330.0,-799.0,494.0,-3528.0,-579.5
2021-05-19,-6714.5,-5254.5,-121.5,-1664.0,-253.0,-875.0,286.5,-4407.5,-676.5,616.5,-3605.5,-606.0
2021-05-20,-6837.0,-5126.5,78.5,-1736.0,-53.0,-747.0,414.5,-4407.5,-548.5,744.5,-3605.5,-406.0
2021-05-21,-6855.5,-5145.0,78.5,-1754.5,-53.0,-765.5,396.0,-4426.0,-567.0,726.0,-3624.0,-406.0
2021-05-22,-6855.5,-5145.0,78.5,-1754.5,-53.0,-765.5,396.0,-4426.0,-567.0,726.0,-3624.0,-406.0
2021-05-23,-6881.0,-5170.5,78.5,-1754.5,-53.0,-791.0,370.5,-4451.5,-592.5,700.5,-3649.5,-406.0
2021-05-24,-7055.0,-5331.5,78.5,-1915.5,-53.0,-952.0,209.5,-4451.5,-660.5,632.5,-3649.5,-406.0
2021-05-25,-7065.0,-5341.5,68.5,-1949.0,-53.0,-962.0,199.5,-4485.0,-694.0,599.0,-3683.0,-406.0
2021-05-26,-7137.0,-5428.5,-18.5,-1949.0,-117.5,-1049.0,112.5,-4520.0,-768.5,524.5,-3718.0,-470.5
2021-05-27,-7175.5,-5464.0,-54.0,-2012.5,-180.5,-1084.5,77.0,-4589.0,-756.0,537.0,-3787.0,-533.5
2021-05-28,-7139.5,-5428.0,-18.0,-1976.5,-119.0,-1048.5,113.0,-4642.0,-809.0,484.0,-3840.0,-472.0
2021-05-29,-7139.5,-5428.0,-18.0,-1976.5,-119.0,-1048.5,113.0,-4642.0,-809.0,484.0,-3840.0,-472.0
2021-05-30,-7139.5,-5428.0,-18.0,-1976.5,-119.0,-1048.5,113.0,-4642.0,-809.0,484.0,-3840.0,-472.0
2021-05-31,-7077.0,-5366.0,74.5,-1965.5,-122.0,-986.5,175.0,-4656.0,-812.0,436.5,-3854.0,-486.0
2021-06-01,-7047.5,-5274.0,166.5,-1765.5,-122.0,-894.5,296.5,-4754.0,-720.0,558.0,-3922.5,-486.0
2021-06-02,-7207.5,-5336.5,104.0,-1765.5,-122.0,-957.0,234.0,-4771.5,-737.5,540.5,-3940.0,-486.0
2021-06-03,-7287.0,-5424.5,92.5,-1842.0,-122.0,-1045.0,146.0,-4783.0,-749.0,529.0,-3951.5,-486.0
2021-06-04,-7309.0,-5351.0,-17.5,-1827.0,-154.0,-986.5,204.5,-4857.0,-875.5,387.5,-4025.5,-518.0
2021-06-05,-7309.0,-5351.0,-17.5,-1827.0,-154.0,-986.5,204.5,-4857.0,-875.5,387.5,-4025.5,-518.0
2021-06-06,-7309.0,-5351.0,-17.5,-1827.0,-154.0,-986.5,204.5,-4857.0,-875.5,387.5,-4025.5,-518.0
2021-06-07,-7362.5,-5404.5,-48.5,-1827.0,-185.0,-1040.0,151.0,-4910.5,-929.0,334.0,-4079.0,-549.0
2021-06-08,-7294.5,-5503.0,-133.0,-1951.5,-355.0,-1138.5,52.5,-4949.5,-903.0,360.0,-4118.0,-719.0
2021-06-09,-7313.5,-5522.0,-152.0,-1829.5,-419.0,-1157.5,33.5,-4968.5,-922.0,341.0,-4137.0,-783.0
2021-06-10,-7022.0,-5688.5,-265.5,-1916.0,-431.5,-1271.0,6.5,-4995.5,-1088.5,314.0,-4164.0,-795.5
2021-06-11,-6970.5,-5737.5,-265.5,-1916.0,-431.5,-1320.0,-42.5,-5011.5,-1137.5,265.0,-4180.0,-795.5
2021-06-12,-6970.5,-5737.5,-265.5,-1916.0,-431.5,-1320.0,-42.5,-5011.5,-1137.5,265.0,-4180.0,-795.5
2021-06-13,-6970.5,-5737.5,-265.5,-1916.0,-431.5,-1320.0,-42.5,-5011.5,-1137.5,265.0,-4180.0,-795.5
2021-06-14,-7079.0,-5568.0,-96.0,-1916.0,-451.0,-1419.0,-122.0,-5042.0,-1148.5,254.0,-4210.5,-815.0
2021-06-15,-7111.5,-5600.0,-87.5,-1932.0,-442.5,-1451.0,-154.0,-5026.5,-1180.5,222.0,-4195.0,-806.5
2021-06-16,-7118.0,-5606.5,-168.0,-1932.0,-442.5,-1457.5,-160.5,-5044.5,-1175.5,245.0,-4213.0,-806.5
2021-06-17,-6992.5,-5481.0,4.0,-1932.0,-270.5,-1285.5,11.5,-5072.5,-1050.0,417.0,-4241.0,-634.5
2021-06-18,-7035.5,-5512.0,-27.0,-1963.0,-301.5,-1316.5,-19.5,-5103.5,-1081.0,386.0,-4272.0,-665.5
2021-06-19,-7035.5,-5512.0,-27.0,-1963.0,-301.5,-1316.5,-19.5,-5103.5,-1081.0,386.0,-4272.0,-665.5
2021-06-20,-7035.5,-5512.0,-27.0,-1963.0,-301.5,-1316.5,-19.5,-5103.5,-1081.0,386.0,-4272.0,-665.5
2021-06-21,-6956.0,-5607.0,-161.5,-1948.0,-411.5,-1411.5,-114.5,-5088.5,-1176.0,291.0,-4257.0,-775.5
2021-06-22,-6801.0,-5426.5,19.0,-1748.0,-418.5,-1231.0,66.0,-5108.0,-1195.5,271.5,-4276.5,-782.5
2021-06-23,-6904.0,-5529.5,-63.5,-1807.0,-472.0,-1334.0,-37.0,-5182.0,-1298.5,168.5,-4350.5,-836.0
2021-06-24,-6742.0,-5375.5,-88.0,-1853.0,-472.0,-1180.0,117.0,-5028.0,-1144.5,322.5,-4196.5,-836.0
2021-06-25,-6700.5,-5370.5,-117.5,-1848.0,-508.0,-1175.0,122.0,-5028.0,-1180.5,322.5,-4196.5,-872.0
2021-06-26,-6700.5,-5370.5,-117.5,-1848.0,-508.0,-1175.0,122.0,-5028.0,-1180.5,322.5,-4196.5,-872.0
2021-06-27,-6700.5,-5370.5,-117.5,-1848.0,-508.0,-1175.0,122.0,-5028.0,-1180.5,322.5,-4196.5,-872.0
2021-06-28,-6814.0,-5216.5,36.5,-1848.0,-508.0,-1021.0,276.0,-5042.0,-1226.5,276.5,-4210.5,-872.0
2021-06-29,-6628.0,-5030.5,185.0,-1662.0,-508.0,-835.0,462.0,-5080.5,-1040.5,462.5,-4249.0,-872.0
2021-06-30,-6647.5,-5050.0,209.0,-1662.0,-508.0,-854.5,442.5,-5093.0,-1016.5,486.5,-4261.5,-872.0
2021-07-01,-6664.0,-5020.0,308.5,-1632.0,-603.0,-824.5,347.5,-5111.5,-986.5,391.5,-4280.0,-967.0
2021-07-02,-6676.0,-5032.0,296.5,-1632.0,-603.0,-836.5,335.5,-5123.5,-998.5,379.5,-4292.0,-967.0
2021-07-03,-6676.0,-5032.0,296.5,-1632.0,-603.0,-836.5,335.5,-5123.5,-998.5,379.5,-4292.0,-967.0
2021-07-04,-6676.0,-5032.0,296.5,-1632.0,-603.0,-836.5,335.5,-5123.5,-998.5,379.5,-4292.0,-967.0
2021-07-05,-6734.0,-5090.0,255.5,-1675.0,-603.0,-894.5,277.5,-5181.5,-1039.5,338.5,-4350.0,-967.0
2021-07-06,-6813.5,-5124.0,221.5,-1709.0,-603.0,-928.5,243.5,-5195.5,-1073.5,304.5,-4364.0,-967.0
2021-07-07,-6662.5,-4973.0,398.0,-1534.5,-603.0,-752.0,420.0,-5046.5,-924.5,479.0,-4189.5,-967.0
2021-07-08,-6513.5,-5012.0,398.0,-1534.5,-642.0,-791.0,381.0,-5085.5,-963.5,440.0,-4228.5,-1006.0
2021-07-09,-6335.5,-4834.0,576.0,-1534.5,-442.0,-613.0,559.0,-4907.5,-785.5,618.0,-4050.5,-806.0
2021-07-10,-6335.5,-4834.0,576.0,-1534.5,-442.0,-613.0,559.0,-4907.5,-785.5,618.0,-4050.5,-806.0
2021-07-11,-6335.5,-4834.0,576.0,-1534.5,-442.0,-613.0,559.0,-4907.5,-785.5,618.0,-4050.5,-806.0
2021-07-12,-6510.0,-4981.5,428.5,-1580.5,-442.0,-760.5,411.5,-4953.5,-855.0,548.5,-4096.5,-806.0
2021-07-13,-6602.0,-5062.0,348.0,-1580.5,-442.0,-841.0,331.0,-4998.0,-935.5,468.0,-4141.0,-806.0
2021-07-14,-6655.5,-5059.5,379.0,-1621.5,-442.0,-838.5,333.5,-5039.0,-1025.5,378.0,-4182.0,-806.0
2021-07-15,-6504.5,-5108.5,379.0,-1621.5,-442.0,-887.5,284.5,-5088.0,-1074.5,329.0,-4231.0,-806.0
2021-07-16,-6631.5,-5235.5,252.0,-1665.0,-490.5,-1014.5,221.0,-5160.0,-1201.5,265.5,-4274.5,-826.0
2021-07-17,-6631.5,-5235.5,252.0,-1665.0,-490.5,-1014.5,221.0,-5160.0,-1201.5,265.5,-4274.5,-826.0
2021-07-18,-6631.5,-5235.5,252.0,-1665.0,-490.5,-1014.5,221.0,-5160.0,-1201.5,265.5,-4274.5,-826.0
2021-07-19,-6893.5,-5363.0,332.0,-1707.0,-515.0,-1142.0,135.5,-5184.5,-1329.0,180.0,-4299.0,-850.5
2021-07-20,-6973.5,-5443.0,275.5,-1707.0,-515.0,-1222.0,112.0,-5208.0,-1409.0,156.5,-4322.5,-850.5
2021-07-21,-7133.5,-5559.5,159.0,-1754.0,-631.5,-1338.5,-4.5,-5232.0,-1525.5,40.0,-4346.5,-967.0
2021-07-22,-7290.0,-5639.5,104.0,-1809.0,-660.0,-1418.5,-84.5,-5312.0,-1605.5,-40.0,-4426.5,-995.5
2021-07-23,-7316.5,-5666.0,88.0,-1825.0,-660.0,-1445.0,-111.0,-5338.5,-1632.0,-66.5,-4453.0,-995.5
2021-07-24,-7316.5,-5666.0,88.0,-1825.0,-660.0,-1445.0,-111.0,-5338.5,-1632.0,-66.5,-4453.0,-995.5
2021-07-25,-7341.0,-5690.5,88.0,-1849.5,-684.5,-1469.5,-135.5,-5363.0,-1656.5,-91.0,-4477.5,-1020.0
2021-07-26,-7418.5,-5768.0,-23.5,-1862.5,-697.5,-1547.0,-213.0,-5388.5,-1708.5,-143.0,-4503.0,-1033.0
2021-07-27,-7621.5,-5826.5,-82.0,-1877.0,-712.0,-1605.5,-271.5,-5403.0,-1767.0,-187.0,-4517.5,-1047.5
2021-07-28,-7715.5,-5920.5,-82.0,-1877.0,-812.0,-1699.5,-365.5,-5403.0,-1767.0,-187.0,-4517.5,-1147.5
2021-07-29,-7853.0,-5955.5,-117.0,-1900.0,-812.0,-1734.5,-400.5,-5438.0,-1802.0,-222.0,-4552.5,-1147.5
2021-07-30,-7708.5,-5811.0,83.0,-1934.0,-812.0,-1590.0,-200.5,-5472.0,-1891.5,-311.5,-4586.5,-1147.5
2021-07-31,-7708.5,-5811.0,83.0,-1934.0,-812.0,-1590.0,-200.5,-5472.0,-1891.5,-311.5,-4586.5,-1147.5
2021-08-01,-7708.5,-5811.0,83.0,-1934.0,-812.0,-1590.0,-200.5,-5472.0,-1891.5,-311.5,-4586.5,-1147.5
2021-08-02,-7588.0,-5847.5,271.5,-1970.5,-812.0,-1626.5,-225.5,-5508.5,-1928.0,-336.5,-4611.5,-1147.5
2021-08-03,-7716.0,-5934.0,213.0,-2057.0,-841.0,-1713.0,-283.0,-5567.0,-2024.0,-432.5,-4641.0,-1176.5
2021-08-04,-7724.0,-6028.5,118.5,-2100.0,-852.5,-1807.5,-377.5,-5618.5,-2058.5,-467.0,-4692.5,-1188.0
2021-08-05,-7605.0,-5910.0,33.0,-2160.0,-895.0,-1689.0,-259.0,-5678.5,-2122.5,-531.0,-4752.5,-1230.5
2021-08-06,-7669.5,-5954.5,-41.0,-2130.5,-895.0,-1702.5,-272.5,-5688.5,-2167.0,-544.5,-4762.5,-1230.5
2021-08-07,-7669.5,-5954.5,-41.0,-2130.5,-895.0,-1702.5,-272.5,-5688.5,-2167.0,-544.5,-4762.5,-1230.5
2021-08-08,-7669.5,-5954.5,-41.0,-2130.5,-895.0,-1702.5,-272.5,-5688.5,-2167.0,-544.5,-4762.5,-1230.5
2021-08-09,-7498.0,-5783.0,-34.5,-1959.0,-867.0,-1696.0,-266.0,-5710.0,-1939.0,-516.5,-4784.0,-1202.5
2021-08-10,-7619.0,-5896.5,-99.5,-1988.0,-920.0,-1761.0,-331.0,-5750.0,-1913.0,-533.5,-4824.0,-1255.5
2021-08-11,-7480.5,-5982.5,-156.0,-2044.5,-976.5,-1847.0,-417.0,-5779.5,-1999.0,-619.5,-4853.5,-1312.0
2021-08-12,-7345.5,-6056.5,-230.0,-2118.5,-1022.0,-1921.0,-491.0,-5808.0,-2073.0,-693.5,-4882.0,-1357.5
2021-08-13,-7426.0,-6059.0,-259.5,-2091.5,-1035.0,-1923.5,-493.5,-5837.5,-2075.5,-696.0,-4911.5,-1370.5
2021-08-14,-7426.0,-6059.0,-259.5,-2091.5,-1035.0,-1923.5,-493.5,-5837.5,-2075.5,-696.0,-4911.5,-1370.5
2021-08-15,-7470.0,-6103.0,-303.5,-2091.5,-1035.0,-1967.5,-537.5,-5837.5,-2075.5,-696.0,-4911.5,-1370.5
2021-08-16,-7300.5,-6223.0,-324.5,-2190.5,-1035.0,-2087.5,-657.5,-5858.5,-2195.5,-816.0,-4932.5,-1370.5
2021-08-17,-7100.5,-6023.0,-124.5,-2190.5,-835.0,-1887.5,-457.5,-5658.5,-1995.5,-616.0,-4732.5,-1170.5
2021-08-18,-7121.5,-6044.0,-145.5,-2190.5,-835.0,-1908.5,-478.5,-5679.5,-2016.5,-637.0,-4753.5,-1170.5
2021-08-19,-6834.5,-5687.0,63.5,-2236.5,-881.0,-1549.0,-119.0,-5670.5,-1613.5,-231.5,-4744.5,-1216.5
2021-08-20,-6874.5,-5727.0,23.5,-2236.5,-881.0,-1549.0,-119.0,-5710.5,-1653.5,-231.5,-4744.5,-1216.5
2021-08-21,-6874.5,-5727.0,23.5,-2236.5,-881.0,-1549.0,-119.0,-5710.5,-1653.5,-231.5,-4744.5,-1216.5
2021-08-22,-6939.5,-5764.0,-13.5,-2236.5,-906.0,-1573.0,-143.0,-5747.5,-1690.5,-255.5,-4768.5,-1228.5
2021-08-23,-7001.5,-5804.0,-31.0,-2276.5,-906.0,-1613.0,-183.0,-5765.0,-1730.5,-295.5,-4786.0,-1228.5
2021-08-24,-7063.5,-5853.5,-80.5,-2293.5,-938.5,-1662.5,-232.5,-5825.5,-1780.0,-345.0,-4846.5,-1261.0
2021-08-25,-7099.0,-5889.0,-116.0,-2317.0,-955.0,-1698.0,-268.0,-5865.5,-1799.0,-364.0,-4886.5,-1277.5
2021-08-26,-7072.5,-5862.5,-59.5,-2347.0,-984.5,-1671.5,-241.5,-5878.0,-1772.5,-337.5,-4899.0,-1307.0
2021-08-27,-7189.0,-5970.0,-102.5,-2434.0,-1005.0,-1714.5,-284.5,-5921.0,-1880.0,-380.5,-4942.0,-1327.5
2021-08-28,-7189.0,-5970.0,-102.5,-2434.0,-1005.0,-1714.5,-284.5,-5921.0,-1880.0,-380.5,-4942.0,-1327.5
2021-08-29,-7189.0,-5970.0,-102.5,-2434.0,-1005.0,-1714.5,-284.5,-5921.0,-1880.0,-380.5,-4942.0,-1327.5
2021-08-30,-6857.0,-5987.0,-149.0,-2434.0,-1005.0,-1731.5,-301.5,-5967.5,-1892.5,-393.0,-4988.5,-1327.5
2021-08-31,-6927.0,-6057.0,-166.0,-2504.0,-1005.0,-1801.5,-371.5,-5984.5,-1962.5,-410.0,-5005.5,-1327.5
2021-09-01,-6915.0,-6110.0,-184.0,-2522.0,-1058.0,-1854.5,-424.5,-6002.5,-2015.5,-463.0,-5023.5,-1380.5
2021-09-02,-6913.0,-5910.0,16.0,-2322.0,-1058.0,-1654.5,-224.5,-5802.5,-1815.5,-263.0,-4823.5,-1380.5
2021-09-03,-7005.0,-6002.0,-76.0,-2353.5,-1083.5,-1746.5,-316.5,-5802.5,-1815.5,-263.0,-4823.5,-1406.0
2021-09-04,-7005.0,-6002.0,-76.0,-2353.5,-1083.5,-1746.5,-316.5,-5802.5,-1815.5,-263.0,-4823.5,-1406.0
2021-09-05,-7005.0,-6002.0,-76.0,-2353.5,-1083.5,-1746.5,-316.5,-5802.5,-1815.5,-263.0,-4823.5,-1406.0
2021-09-06,-6921.5,-5918.5,7.5,-2373.5,-1075.5,-1663.0,-233.0,-5719.0,-1719.0,-166.5,-4740.0,-1398.0
2021-09-07,-6841.0,-5867.0,1.5,-2379.5,-1078.0,-1611.5,-239.0,-5704.0,-1771.5,-219.0,-4725.0,-1400.5
2021-09-08,-7023.5,-6094.5,201.5,-2179.5,-1078.0,-1499.0,-39.0,-5714.5,-1571.5,-19.0,-4735.5,-1400.5
2021-09-09,-6845.0,-5916.0,380.0,-2001.0,-878.0,-1320.5,139.5,-5536.0,-1393.0,159.5,-4557.0,-1200.5
2021-09-10,-6923.5,-5994.5,301.5,-2001.0,-892.5,-1343.5,106.0,-5538.0,-1471.5,126.0,-4590.5,-1215.0
2021-09-11,-6923.5,-5994.5,301.5,-2001.0,-892.5,-1343.5,106.0,-5538.0,-1471.5,126.0,-4590.5,-1215.0
2021-09-12,-6932.0,-6003.0,293.0,-2001.0,-901.0,-1352.0,97.5,-5546.5,-1480.0,117.5,-4599.0,-1223.5
2021-09-13,-7018.5,-6064.0,232.0,-2001.0,-901.0,-1413.0,36.5,-5607.5,-1541.0,56.5,-4660.0,-1223.5
2021-09-14,-7198.5,-6244.0,147.0,-2181.0,-1063.5,-1593.0,-143.5,-5631.5,-1626.0,-28.5,-4684.0,-1386.0
2021-09-15,-6935.5,-6163.0,86.0,-2216.0,-1147.5,-1512.0,-85.5,-5431.5,-1745.0,-170.5,-4484.0,-1470.0
2021-09-16,-6614.5,-5871.5,177.5,-2124.5,-975.5,-1184.0,270.5,-5259.5,-1420.0,229.5,-4284.0,-1270.0
2021-09-17,-6783.0,-6075.5,142.0,-2160.0,-975.5,-1219.5,235.0,-5259.5,-1588.5,229.5,-4284.0,-1270.0
2021-09-18,-6783.0,-6075.5,142.0,-2160.0,-975.5,-1219.5,235.0,-5259.5,-1588.5,229.5,-4284.0,-1270.0
2021-09-19,-6583.0,-5875.5,142.0,-2160.0,-775.5,-1019.5,435.0,-5259.5,-1388.5,429.5,-4284.0,-1070.0
2021-09-20,-6615.5,-5780.0,101.0,-2201.0,-775.5,-924.0,530.5,-5364.0,-1293.0,525.0,-4388.5,-1070.0
2021-09-21,-6581.0,-5745.5,84.5,-2201.0,-775.5,-1089.5,365.0,-5380.5,-1258.5,359.5,-4405.0,-1070.0
2021-09-22,-6647.0,-5811.5,18.5,-2231.5,-775.5,-1155.5,299.0,-5446.5,-1324.5,293.5,-4471.0,-1070.0
2021-09-23,-6890.0,-5818.5,-170.0,-2298.0,-621.0,-1362.5,92.0,-5513.0,-1331.5,86.5,-4537.5,-1115.5
2021-09-24,-6931.0,-5459.5,-11.0,-1939.0,-621.0,-1003.5,225.5,-5513.0,-1398.0,20.0,-4537.5,-1115.5
2021-09-25,-6931.0,-5459.5,-11.0,-1939.0,-621.0,-1003.5,225.5,-5513.0,-1398.0,20.0,-4537.5,-1115.5
2021-09-26,-6961.5,-5490.0,-41.5,-1939.0,-621.0,-1034.0,195.0,-5543.5,-1428.5,-10.5,-4568.0,-1115.5
2021-09-27,-7323.5,-5731.0,-192.0,-1889.5,-621.0,-1196.0,33.0,-5561.0,-1669.5,-172.5,-4585.5,-1115.5
2021-09-28,-7475.5,-5883.0,-199.5,-2096.0,-621.0,-1348.0,25.5,-5217.5,-1821.5,-123.5,-4242.0,-1115.5
2021-09-29,-7700.0,-6047.0,-363.5,-2096.0,-733.0,-1490.5,-117.0,-4855.0,-1985.5,-266.0,-4079.5,-1227.5
2021-09-30,-7683.0,-6243.5,-560.0,-2159.5,-753.5,-1574.5,-201.0,-4875.5,-2182.0,-350.0,-4100.0,-1248.0
2021-10-01,-7305.5,-5914.5,-680.0,-1759.5,-753.5,-1445.5,-72.0,-4924.0,-2230.5,-398.5,-4148.5,-1248.0
2021-10-02,-7305.5,-5914.5,-680.0,-1759.5,-753.5,-1445.5,-72.0,-4924.0,-2230.5,-398.5,-4148.5,-1248.0
2021-10-03,-7305.5,-5914.5,-680.0,-1759.5,-753.5,-1445.5,-72.0,-4924.0,-2230.5,-398.5,-4148.5,-1248.0
2021-10-04,-7020.5,-6275.5,-965.0,-1840.0,-1115.0,-1806.5,-302.0,-5099.0,-2440.5,-385.5,-4323.5,-1609.5
2021-10-05,-6966.5,-6309.0,-900.0,-1840.0,-1115.0,-1840.0,-335.5,-4939.0,-2434.0,-379.0,-4163.5,-1609.5
2021-10-06,-7199.5,-6429.0,-909.5,-1893.5,-1172.0,-1870.5,-366.0,-5128.0,-2484.5,-340.0,-4324.5,-1666.5
2021-10-07,-7282.0,-6511.5,-954.0,-1964.0,-1204.5,-1953.0,-436.5,-5198.5,-2567.0,-410.5,-4395.0,-1699.0
2021-10-08,-7270.0,-6488.5,-1034.0,-1881.5,-1122.0,-1930.0,-545.5,-5258.0,-2544.0,-470.0,-4454.5,-1616.5
2021-10-09,-7270.0,-6488.5,-1034.0,-1881.5,-1122.0,-1930.0,-545.5,-5258.0,-2544.0,-470.0,-4454.5,-1616.5
2021-10-10,-7270.0,-6488.5,-1034.0,-1881.5,-1122.0,-1930.0,-545.5,-5258.0,-2544.0,-470.0,-4454.5,-1616.5
2021-10-11,-7314.0,-6352.0,-1097.5,-1686.0,-922.0,-1993.5,-609.0,-5262.5,-2407.5,-533.5,-4459.0,-1616.5
2021-10-12,-7031.0,-6069.0,-760.5,-1302.5,-982.0,-1710.5,-326.0,-5429.5,-2384.5,-510.5,-4626.0,-1676.5
2021-10-13,-7103.5,-6141.5,-833.0,-1375.0,-982.0,-1710.5,-326.0,-5429.5,-2491.0,-510.5,-4626.0,-1676.5
2021-10-14,-6997.0,-5941.5,-860.0,-1175.0,-982.0,-1510.5,-126.0,-5456.5,-2291.0,-310.5,-4653.0,-1676.5
2021-10-15,-6808.0,-5752.5,-800.0,-986.0,-793.0,-1321.5,63.0,-5523.5,-2102.0,-121.5,-4694.0,-1487.5
2021-10-16,-6808.0,-5752.5,-800.0,-986.0,-793.0,-1321.5,63.0,-5523.5,-2102.0,-121.5,-4694.0,-1487.5
2021-10-17,-6808.0,-5752.5,-800.0,-986.0,-793.0,-1321.5,63.0,-5523.5,-2102.0,-121.5,-4694.0,-1487.5
2021-10-18,-6519.5,-5772.5,-711.5,-786.0,-623.0,-1292.0,217.5,-5612.5,-1991.0,33.0,-4783.0,-1517.5
2021-10-19,-6339.0,-5586.0,-766.5,-786.0,-623.0,-1105.5,404.0,-5426.0,-2046.0,-22.0,-4596.5,-1517.5
2021-10-20,-6280.0,-5519.5,-793.0,-786.0,-677.0,-1039.0,470.5,-5452.5,-2057.0,-6.5,-4623.0,-1571.5
2021-10-21,-6480.5,-5347.5,-621.0,-586.0,-711.5,-867.0,642.5,-5515.0,-2091.5,-41.0,-4685.5,-1606.0
2021-10-22,-6378.5,-5245.5,-519.0,-630.5,-540.0,-720.5,589.0,-5606.0,-1989.5,-94.5,-4739.0,-1634.5
2021-10-23,-6378.5,-5245.5,-519.0,-630.5,-540.0,-720.5,589.0,-5606.0,-1989.5,-94.5,-4739.0,-1634.5
2021-10-24,-6378.5,-5245.5,-519.0,-630.5,-540.0,-720.5,589.0,-5606.0,-1989.5,-94.5,-4739.0,-1634.5
2021-10-25,-6567.0,-5234.0,-407.5,-730.5,-628.5,-542.0,767.5,-5427.5,-2130.5,-94.5,-4560.5,-1634.5
2021-10-26,-6147.5,-4814.5,-49.5,-596.5,-363.0,-99.5,1010.0,-5069.5,-1776.5,82.5,-4383.5,-1369.0
2021-10-27,-6385.5,-5052.5,-287.5,-780.5,-423.0,-337.5,772.0,-5069.5,-1836.5,22.5,-4383.5,-1429.0
2021-10-28,-6514.0,-5181.0,-416.0,-780.5,-507.0,-466.0,643.5,-5069.5,-1881.0,-22.0,-4383.5,-1513.0
2021-10-29,-6516.5,-5183.5,-524.5,-707.5,-382.5,-468.5,641.0,-5102.5,-1883.5,-24.5,-4416.5,-1388.5
2021-10-30,-6516.5,-5183.5,-524.5,-707.5,-382.5,-468.5,641.0,-5102.5,-1883.5,-24.5,-4416.5,-1388.5
2021-10-31,-6516.5,-5183.5,-524.5,-707.5,-382.5,-468.5,641.0,-5102.5,-1883.5,-24.5,-4416.5,-1388.5
2021-11-01,-6371.5,-5025.5,-588.5,-507.5,-413.5,-510.5,599.0,-5144.5,-1725.5,-66.5,-4458.5,-1419.5
2021-11-02,-6396.5,-5050.5,-613.5,-507.5,-413.5,-535.5,574.0,-5169.5,-1750.5,-91.5,-4483.5,-1419.5
2021-11-03,-6476.0,-5081.0,-644.0,-507.5,-413.5,-566.0,543.5,-5200.0,-1765.0,-106.0,-4514.0,-1419.5
2021-11-04,-6476.0,-5081.0,-644.0,-507.5,-413.5,-566.0,543.5,-5200.0,-1765.0,-106.0,-4514.0,-1419.5
2021-11-05,-6490.0,-5095.0,-658.0,-507.5,-413.5,-580.0,529.5,-5214.0,-1779.0,-120.0,-4528.0,-1419.5
2021-11-06,-6490.0,-5095.0,-658.0,-507.5,-413.5,-580.0,529.5,-5214.0,-1779.0,-120.0,-4528.0,-1419.5
2021-11-07,-6490.0,-5095.0,-658.0,-507.5,-413.5,-580.0,529.5,-5214.0,-1779.0,-120.0,-4528.0,-1419.5
2021-11-08,-6585.5,-5146.0,-709.0,-558.5,-464.5,-631.0,478.5,-5214.0,-1830.0,-171.0,-4528.0,-1470.5
2021-11-09,-6734.0,-5294.5,-839.0,-707.0,-464.5,-711.5,398.0,-5214.0,-1929.0,-202.0,-4528.0,-1470.5
2021-11-10,-7199.5,-5606.5,-1024.0,-707.0,-464.5,-1023.5,86.0,-5214.0,-2056.0,-329.0,-4528.0,-1470.5
2021-11-11,-7054.0,-5426.0,-843.5,-707.0,-464.5,-877.0,232.5,-5214.0,-1856.0,-129.0,-4528.0,-1470.5
2021-11-12,-7217.0,-5508.0,-925.5,-789.0,-464.5,-959.0,150.5,-5296.0,-1910.0,-183.0,-4610.0,-1470.5
2021-11-13,-7217.0,-5508.0,-925.5,-789.0,-464.5,-959.0,150.5,-5296.0,-1910.0,-183.0,-4610.0,-1470.5
2021-11-14,-7217.0,-5508.0,-925.5,-789.0,-464.5,-959.0,150.5,-5296.0,-1910.0,-183.0,-4610.0,-1470.5
2021-11-15,-7241.5,-5532.5,-950.0,-813.5,-464.5,-983.5,126.0,-5320.5,-1934.5,-207.5,-4634.5,-1470.5
2021-11-16,-7282.5,-5583.0,-1000.5,-904.5,-464.5,-1034.0,75.5,-5335.5,-1985.0,-258.0,-4649.5,-1470.5
2021-11-17,-7464.5,-5699.0,-1017.0,-904.5,-464.5,-1150.0,-40.5,-5352.0,-2101.0,-374.0,-4666.0,-1470.5
2021-11-18,-7552.0,-5753.5,-1071.5,-904.5,-464.5,-1204.5,-95.0,-5406.5,-2155.5,-428.5,-4720.5,-1470.5
2021-11-19,-7614.0,-5778.0,-1096.0,-904.5,-489.0,-1229.0,-119.5,-5431.0,-2180.0,-453.0,-4745.0,-1495.0
2021-11-20,-7614.0,-5778.0,-1096.0,-904.5,-489.0,-1229.0,-119.5,-5431.0,-2180.0,-453.0,-4745.0,-1495.0
2021-11-21,-7614.0,-5778.0,-1096.0,-904.5,-489.0,-1229.0,-119.5,-5431.0,-2180.0,-453.0,-4745.0,-1495.0
2021-11-22,-7821.5,-5862.0,-1059.5,-934.0,-515.0,-1291.0,-127.0,-5351.0,-2264.0,-460.5,-4614.5,-1521.0
2021-11-23,-7742.0,-6054.0,-1130.5,-1093.5,-515.0,-1483.0,-319.0,-5454.5,-2456.0,-652.5,-4718.0,-1521.0
2021-11-24,-7730.5,-5863.5,-1168.5,-1093.5,-515.0,-1283.0,-119.0,-5492.5,-2494.0,-690.5,-4756.0,-1521.0
2021-11-25,-7764.0,-5961.0,-1213.0,-1127.0,-515.0,-1380.5,-197.0,-5545.5,-2547.0,-743.5,-4809.0,-1521.0
2021-11-26,-7468.0,-5789.0,-1241.0,-1127.0,-546.5,-1085.0,-101.5,-5577.0,-2451.5,-648.0,-4840.5,-1552.5
2021-11-27,-7468.0,-5789.0,-1241.0,-1127.0,-546.5,-1085.0,-101.5,-5577.0,-2451.5,-648.0,-4840.5,-1552.5
2021-11-28,-7330.5,-5789.0,-1269.5,-1127.0,-575.0,-1085.0,-101.5,-5605.5,-2307.5,-676.5,-4869.0,-1581.0
2021-11-29,-7535.0,-6079.5,-1360.5,-1175.0,-623.0,-1333.0,-349.5,-5744.5,-2441.0,-767.5,-5008.0,-1629.0
2021-11-30,-7697.5,-6042.0,-1411.5,-1120.5,-568.5,-1150.0,-166.5,-5795.5,-2603.5,-784.5,-5059.0,-1429.0
2021-12-01,-7924.0,-6010.0,-1797.0,-1272.0,-651.5,-1118.0,-134.5,-5944.5,-2837.5,-1018.5,-5208.0,-1512.0
2021-12-02,-8419.5,-6505.5,-2044.5,-1272.0,-874.5,-1613.5,-630.0,-6093.0,-3333.0,-1514.0,-5356.5,-1735.0
2021-12-03,-8547.0,-6768.5,-2307.5,-1440.0,-943.5,-1876.5,-845.5,-6176.0,-3596.0,-1729.5,-5439.5,-1735.0
2021-12-04,-8547.0,-6768.5,-2307.5,-1440.0,-943.5,-1876.5,-845.5,-6176.0,-3596.0,-1729.5,-5439.5,-1735.0
2021-12-05,-8547.0,-6768.5,-2307.5,-1440.0,-943.5,-1876.5,-845.5,-6176.0,-3596.0,-1729.5,-5439.5,-1735.0
2021-12-06,-8240.0,-6565.0,-2104.0,-1440.0,-978.5,-1511.5,-480.5,-6011.0,-3431.0,-1564.5,-5274.5,-1770.0
2021-12-07,-8477.0,-6765.0,-2104.0,-1640.0,-978.5,-1711.5,-680.5,-6011.0,-3631.0,-1764.5,-5274.5,-1770.0
2021-12-08,-8437.0,-6725.0,-2020.5,-1715.0,-1010.0,-1671.5,-640.5,-6042.5,-3706.0,-1839.5,-5306.0,-1801.5
2021-12-09,-8575.5,-6863.5,-2159.0,-1715.0,-1071.0,-1779.0,-748.0,-6042.5,-3706.0,-1839.5,-5306.0,-1862.5
2021-12-10,-8722.5,-6552.5,-2217.0,-1360.0,-879.0,-1668.0,-637.0,-6181.5,-3595.0,-1928.5,-5445.0,-1670.5
2021-12-11,-8722.5,-6552.5,-2217.0,-1360.0,-879.0,-1668.0,-637.0,-6181.5,-3595.0,-1928.5,-5445.0,-1670.5
2021-12-12,-8722.5,-6552.5,-2217.0,-1360.0,-879.0,-1668.0,-637.0,-6181.5,-3595.0,-1928.5,-5445.0,-1670.5
2021-12-13,-8155.5,-6703.0,-2204.0,-1623.5,-1042.5,-1818.5,-624.0,-5995.0,-3693.0,-2026.5,-5258.5,-1670.5
2021-12-14,-8038.5,-6586.0,-2255.5,-1636.0,-1042.5,-1701.5,-507.0,-6065.5,-3563.5,-1897.0,-5329.0,-1670.5
2021-12-15,-8532.0,-6931.0,-2287.0,-1888.5,-1183.0,-1775.0,-580.5,-6097.0,-3968.0,-2030.0,-5360.5,-1811.0
2021-12-16,-8839.0,-6955.0,-2311.0,-1938.5,-1256.5,-1759.0,-564.5,-6210.5,-3728.5,-2014.0,-5434.0,-1884.5
2021-12-17,-8668.5,-6784.5,-2189.0,-1968.0,-1208.0,-1637.0,-442.5,-6210.5,-3480.0,-1814.0,-5434.0,-1684.5
2021-12-18,-8668.5,-6784.5,-2189.0,-1968.0,-1208.0,-1637.0,-442.5,-6210.5,-3480.0,-1814.0,-5434.0,-1684.5
2021-12-19,-8704.5,-6820.5,-2225.0,-1968.0,-1208.0,-1673.0,-478.5,-6246.5,-3516.0,-1850.0,-5470.0,-1684.5
2021-12-20,-8769.0,-6821.0,-2425.5,-1830.5,-1060.5,-1788.0,-593.5,-6447.0,-3316.5,-1965.0,-5585.0,-1737.0
2021-12-21,-8515.5,-6567.5,-2372.0,-1830.5,-1060.5,-1388.0,-393.5,-6447.0,-3463.0,-1965.0,-5585.0,-1737.0
2021-12-22,-8493.0,-6545.0,-2468.5,-1630.5,-1238.0,-1365.5,-324.0,-6543.5,-3440.5,-1895.5,-5681.5,-1867.5
2021-12-23,-8283.5,-6617.5,-2497.5,-1630.5,-1238.0,-1438.0,-396.5,-6572.5,-3513.0,-1968.0,-5710.5,-1867.5
2021-12-24,-8283.5,-6617.5,-2497.5,-1630.5,-1238.0,-1438.0,-396.5,-6572.5,-3513.0,-1968.0,-5710.5,-1867.5
2021-12-25,-8283.5,-6617.5,-2497.5,-1630.5,-1238.0,-1438.0,-396.5,-6572.5,-3513.0,-1968.0,-5710.5,-1867.5
2021-12-26,-8341.0,-6675.0,-2555.0,-1630.5,-1238.0,-1495.5,-454.0,-6572.5,-3570.5,-2025.5,-5710.5,-1867.5
2021-12-27,-8618.5,-6869.0,-2646.0,-1721.5,-1148.0,-1689.5,-648.0,-6572.5,-3764.5,-2219.5,-5710.5,-1777.5
2021-12-28,-8161.5,-6836.5,-2677.0,-1721.5,-1205.5,-1588.5,-489.5,-6572.5,-3732.0,-2061.0,-5710.5,-1777.5
2021-12-29,-7941.5,-6645.5,-2711.5,-1521.5,-1231.0,-1397.5,-298.5,-6381.5,-3541.0,-1870.0,-5519.5,-1803.0
2021-12-30,-7907.5,-6611.5,-2555.5,-1561.5,-1231.0,-1319.5,-220.5,-6421.5,-3581.0,-1870.0,-5519.5,-1803.0
2021-12-31,-7741.0,-6445.0,-2355.5,-1561.5,-1231.0,-1153.0,-54.0,-6455.0,-3414.5,-1703.5,-5553.0,-1803.0
2022-01-01,-7741.0,-6445.0,-2355.5,-1561.5,-1231.0,-1153.0,-54.0,-6455.0,-3414.5,-1703.5,-5553.0,-1803.0
2022-01-02,-7741.0,-6445.0,-2355.5,-1561.5,-1231.0,-1153.0,-54.0,-6455.0,-3414.5,-1703.5,-5553.0,-1803.0
2022-01-03,-8054.5,-6583.0,-2493.5,-1561.5,-1274.0,-1221.0,-122.0,-6523.0,-3552.5,-1771.5,-5621.0,-1846.0
2022-01-04,-8282.5,-6736.0,-2549.5,-1601.0,-1274.0,-1374.0,-275.0,-6589.5,-3695.0,-1914.0,-5687.5,-1846.0
2022-01-05,-8650.0,-7026.5,-2742.5,-1785.0,-1274.0,-1567.0,-468.0,-6589.5,-3985.5,-2107.0,-5687.5,-1846.0
2022-01-06,-9061.5,-7093.5,-2809.5,-1852.0,-1274.0,-1634.0,-535.0,-6656.5,-3985.5,-2107.0,-5754.5,-1846.0
2022-01-07,-9461.5,-7093.5,-2809.5,-1852.0,-1274.0,-1634.0,-535.0,-6656.5,-3985.5,-2107.0,-5754.5,-1846.0
2022-01-08,-9461.5,-7093.5,-2809.5,-1852.0,-1274.0,-1634.0,-535.0,-6656.5,-3985.5,-2107.0,-5754.5,-1846.0
2022-01-09,-9461.5,-7093.5,-2809.5,-1852.0,-1274.0,-1634.0,-535.0,-6656.5,-3985.5,-2107.0,-5754.5,-1846.0
2022-01-10,-9869.0,-7345.0,-2961.0,-1852.0,-1307.0,-1841.5,-742.5,-6733.5,-4237.0,-2314.5,-5787.5,-1879.0
2022-01-11,-10202.0,-7486.0,-3102.0,-1852.0,-1307.0,-1782.5,-606.5,-6797.5,-4501.0,-2378.5,-5851.5,-1879.0
2022-01-12,-10231.5,-7515.5,-3102.0,-1852.0,-1307.0,-1812.0,-636.0,-6827.0,-4530.5,-2408.0,-5881.0,-1879.0
2022-01-13,-10383.5,-7599.0,-3185.5,-1935.5,-1307.0,-1895.5,-719.5,-6848.0,-4614.0,-2491.5,-5902.0,-1879.0
2022-01-14,-10660.5,-7676.0,-3224.0,-1974.0,-1556.5,-1887.5,-711.5,-6944.0,-4691.0,-2483.5,-5998.0,-2128.5
2022-01-15,-10660.5,-7676.0,-3224.0,-1974.0,-1556.5,-1887.5,-711.5,-6944.0,-4691.0,-2483.5,-5998.0,-2128.5
2022-01-16,-10660.5,-7676.0,-3224.0,-1974.0,-1556.5,-1887.5,-711.5,-6944.0,-4691.0,-2483.5,-5998.0,-2128.5
2022-01-17,-10706.0,-7661.5,-3209.5,-1917.5,-1598.5,-1782.5,-606.5,-6929.5,-4676.5,-2378.5,-5893.0,-2170.5
2022-01-18,-10701.5,-7657.0,-3205.0,-1917.5,-1598.5,-1382.5,-206.5,-6929.5,-4672.0,-2178.5,-5893.0,-2170.5
2022-01-19,-9965.0,-7834.5,-2953.5,-1821.0,-1793.5,-1461.5,-207.0,-6929.5,-4464.0,-1984.0,-5893.0,-2365.5
2022-01-20,-9770.0,-7439.5,-2802.0,-1877.5,-1793.5,-1141.0,113.5,-6809.0,-4069.0,-1663.5,-5772.5,-2365.5
2022-01-21,-10303.0,-7972.5,-3193.5,-1877.5,-1913.0,-1629.5,-375.0,-7022.5,-4602.0,-2152.0,-5941.5,-2485.0
2022-01-22,-10303.0,-7972.5,-3193.5,-1877.5,-1913.0,-1629.5,-375.0,-7022.5,-4602.0,-2152.0,-5941.5,-2485.0
2022-01-23,-10303.0,-7972.5,-3193.5,-1877.5,-1913.0,-1629.5,-375.0,-7022.5,-4602.0,-2152.0,-5941.5,-2485.0
2022-01-24,-10322.5,-7956.5,-3140.0,-1756.5,-1913.0,-1770.0,-489.5,-7137.0,-4786.0,-2266.5,-6056.0,-2485.0
2022-01-25,-10655.5,-8089.5,-3073.0,-1789.0,-1945.5,-2103.0,-822.5,-7271.5,-5119.0,-2599.5,-6190.5,-2517.5
2022-01-26,-11208.5,-7903.0,-2886.5,-1789.0,-1545.5,-2116.5,-836.0,-6885.0,-4932.5,-2613.0,-6004.0,-2317.5
2022-01-27,-11008.5,-7703.0,-2686.5,-1789.0,-1545.5,-2216.5,-936.0,-6985.0,-4732.5,-2713.0,-6104.0,-2317.5
2022-01-28,-11171.0,-7776.5,-2760.0,-1789.0,-1559.0,-2046.0,-765.5,-7058.5,-4806.0,-2542.5,-5933.5,-2202.0
2022-01-29,-11171.0,-7776.5,-2760.0,-1789.0,-1559.0,-2046.0,-765.5,-7058.5,-4806.0,-2542.5,-5933.5,-2202.0
2022-01-30,-11171.0,-7776.5,-2760.0,-1789.0,-1559.0,-2046.0,-765.5,-7058.5,-4806.0,-2542.5,-5933.5,-2202.0
2022-01-31,-11595.0,-7846.0,-2829.5,-1834.5,-1559.0,-2115.5,-835.0,-7128.0,-4875.5,-2612.0,-6003.0,-2202.0
2022-02-01,-11500.5,-7751.5,-2866.0,-1740.0,-1559.0,-1952.0,-671.5,-7033.5,-4781.0,-2448.5,-5839.5,-2202.0
2022-02-02,-10903.5,-7554.5,-2778.0,-1691.5,-1271.0,-1703.5,-423.0,-6924.5,-4672.0,-2288.0,-5679.0,-1914.0
2022-02-03,-10439.0,-7390.5,-2954.0,-1706.5,-1120.0,-1479.5,-199.0,-6874.0,-4508.0,-2064.0,-5568.5,-1763.0
2022-02-04,-11125.5,-7390.5,-2954.0,-1506.5,-1320.0,-1479.5,-199.0,-6674.0,-4308.0,-1864.0,-5368.5,-1963.0
2022-02-05,-11125.5,-7390.5,-2954.0,-1506.5,-1320.0,-1479.5,-199.0,-6674.0,-4308.0,-1864.0,-5368.5,-1963.0
2022-02-06,-11125.5,-7390.5,-2954.0,-1506.5,-1320.0,-1479.5,-199.0,-6674.0,-4308.0,-1864.0,-5368.5,-1963.0
2022-02-07,-11525.5,-7371.0,-2934.5,-1374.5,-1320.0,-1460.0,-179.5,-6566.5,-4132.5,-1888.5,-5461.0,-1963.0
2022-02-08,-11814.0,-7389.5,-2794.5,-1333.0,-1320.0,-1678.5,-398.0,-6664.0,-4230.0,-1986.0,-5558.5,-1963.0
2022-02-09,-11738.0,-7313.5,-2839.5,-1378.0,-1144.0,-1357.5,-77.0,-6519.0,-4109.0,-1865.0,-5413.5,-1787.0
2022-02-10,-11739.5,-7351.5,-2917.5,-1378.0,-1221.5,-1287.5,-7.0,-6549.5,-4147.0,-1795.0,-5413.5,-1787.0
2022-02-11,-11734.5,-7145.5,-2638.5,-1372.0,-821.5,-1086.5,194.0,-6149.5,-3941.0,-1594.0,-5213.5,-1587.0
2022-02-12,-11734.5,-7145.5,-2638.5,-1372.0,-821.5,-1086.5,194.0,-6149.5,-3941.0,-1594.0,-5213.5,-1587.0
2022-02-13,-11734.5,-7145.5,-2638.5,-1372.0,-821.5,-1086.5,194.0,-6213.5,-3941.0,-1594.0,-5277.5,-1587.0
2022-02-14,-11731.0,-7190.5,-2515.5,-1617.0,-789.5,-988.0,292.5,-6213.5,-3986.0,-1495.5,-5277.5,-1555.0
2022-02-15,-11738.0,-7238.5,-2563.5,-1665.0,-789.5,-982.0,298.5,-6261.5,-3980.0,-1489.5,-5271.5,-1555.0
2022-02-16,-11797.5,-7126.5,-2451.5,-1526.5,-789.5,-808.5,472.0,-6288.0,-3841.5,-1289.5,-5298.0,-1555.0
2022-02-17,-11792.0,-6987.5,-2251.5,-1326.5,-789.5,-669.5,611.0,-6149.0,-3702.5,-1150.5,-5159.0,-1555.0
2022-02-18,-12493.5,-7489.0,-2753.0,-1589.0,-957.0,-1055.0,225.5,-6242.0,-3998.5,-1336.0,-5252.0,-1612.0
2022-02-19,-12493.5,-7489.0,-2753.0,-1589.0,-957.0,-1055.0,225.5,-6242.0,-3998.5,-1336.0,-5252.0,-1612.0
2022-02-20,-12530.5,-7526.0,-2790.0,-1626.0,-957.0,-1092.0,188.5,-6279.0,-4035.5,-1373.0,-5289.0,-1612.0
2022-02-21,-12530.5,-7526.0,-2790.0,-1626.0,-957.0,-1092.0,188.5,-6279.0,-4035.5,-1373.0,-5289.0,-1612.0
2022-02-22,-12122.0,-7589.5,-2700.0,-1986.0,-957.0,-1155.5,125.0,-6202.5,-3959.0,-1296.5,-5212.5,-1612.0
2022-02-23,-11522.0,-7449.0,-2559.5,-1845.5,-957.0,-955.5,325.0,-5862.0,-3618.5,-1096.5,-5012.5,-1612.0
2022-02-24,-12002.5,-7929.5,-2807.0,-1845.5,-957.0,-1436.0,-155.5,-5977.5,-4051.5,-1529.5,-5128.0,-1612.0
2022-02-25,-12120.0,-8047.0,-3103.5,-2163.0,-957.0,-1553.5,-273.0,-6074.0,-4072.5,-1550.5,-5224.5,-1612.0
2022-02-26,-12120.0,-8047.0,-3103.5,-2163.0,-957.0,-1553.5,-273.0,-6074.0,-4072.5,-1550.5,-5224.5,-1612.0
2022-02-27,-12120.0,-8047.0,-3103.5,-2163.0,-957.0,-1553.5,-273.0,-6074.0,-4072.5,-1550.5,-5224.5,-1612.0
2022-02-28,-12369.0,-8083.5,-3042.5,-2042.5,-1049.0,-1544.5,-264.0,-6052.0,-4109.0,-1541.5,-5202.5,-1704.0
2022-03-01,-12861.0,-7549.0,-2508.0,-1508.0,-1049.0,-1210.0,70.5,-5917.5,-3974.5,-1607.0,-5268.0,-1704.0
2022-03-02,-12552.0,-7586.0,-2545.0,-1508.0,-1049.0,-1247.0,33.5,-5954.5,-3983.0,-1644.0,-5305.0,-1704.0
2022-03-03,-12931.5,-7688.5,-2647.5,-1508.0,-1049.0,-1149.5,131.0,-6057.0,-4057.0,-1518.0,-5407.5,-1504.0
2022-03-04,-12581.5,-7338.5,-2297.5,-1158.0,-1099.0,-799.5,481.0,-6107.0,-3707.0,-1168.0,-5457.5,-1554.0
2022-03-05,-12581.5,-7338.5,-2297.5,-1158.0,-1099.0,-799.5,481.0,-6107.0,-3707.0,-1168.0,-5457.5,-1554.0
2022-03-06,-12581.5,-7338.5,-2297.5,-1158.0,-1099.0,-799.5,481.0,-6107.0,-3707.0,-1168.0,-5457.5,-1554.0
2022-03-07,-12696.0,-7375.0,-2334.0,-1091.0,-1202.5,-785.0,495.5,-6040.0,-3640.0,-1050.0,-5339.5,-1657.5
2022-03-08,-11860.5,-6742.5,-1734.0,-1091.0,-1202.5,-385.0,895.5,-6040.0,-3040.0,-850.0,-5339.5,-1657.5
2022-03-09,-11860.5,-6342.5,-1734.0,-691.0,-1202.5,15.0,1295.5,-5640.0,-2440.0,-250.0,-4939.5,-1657.5
2022-03-10,-11881.0,-6299.0,-1534.0,-847.5,-1202.5,30.5,1311.0,-5240.0,-2224.5,-234.5,-4739.5,-1657.5
2022-03-11,-12067.0,-6545.0,-1652.5,-847.5,-1330.0,-130.0,1150.5,-5358.5,-2470.5,-395.0,-4772.5,-1785.0
2022-03-12,-12067.0,-6545.0,-1652.5,-847.5,-1330.0,-130.0,1150.5,-5358.5,-2470.5,-395.0,-4772.5,-1785.0
2022-03-13,-12067.0,-6545.0,-1652.5,-847.5,-1330.0,-130.0,1150.5,-5358.5,-2470.5,-395.0,-4772.5,-1785.0
2022-03-14,-12471.0,-7028.5,-2018.0,-927.0,-1330.0,-534.0,746.5,-5524.0,-2954.0,-799.0,-4858.5,-1785.0
2022-03-15,-12627.5,-7065.5,-2055.0,-927.0,-1330.0,-571.0,709.5,-5561.0,-2991.0,-836.0,-4895.5,-1785.0
2022-03-16,-12535.0,-6973.0,-2162.5,-996.5,-1330.0,-409.0,871.5,-5599.0,-2898.5,-674.0,-4933.5,-1785.0
2022-03-17,-12498.0,-6936.0,-2082.0,-830.5,-1330.0,-372.0,908.5,-5762.0,-2861.5,-637.0,-5096.5,-1785.0
2022-03-18,-12526.0,-6964.0,-2110.0,-830.5,-1330.0,-400.0,880.5,-5790.0,-2889.5,-665.0,-5124.5,-1785.0
2022-03-19,-12526.0,-6964.0,-2110.0,-830.5,-1330.0,-400.0,880.5,-5790.0,-2889.5,-665.0,-5124.5,-1785.0
2022-03-20,-12526.0,-6964.0,-2110.0,-830.5,-1330.0,-400.0,880.5,-5790.0,-2889.5,-665.0,-5124.5,-1785.0
2022-03-21,-12566.0,-7004.0,-2150.0,-830.5,-1330.0,-440.0,840.5,-5830.0,-2929.5,-705.0,-5164.5,-1785.0
2022-03-22,-12486.5,-7125.0,-2233.0,-918.5,-1382.0,-511.0,769.5,-5965.0,-3050.5,-776.0,-5249.5,-1837.0
2022-03-23,-12794.0,-7376.0,-2484.0,-1057.0,-1382.0,-762.0,518.5,-5765.0,-3163.0,-888.5,-5049.5,-1837.0
2022-03-24,-12746.0,-7258.0,-2566.0,-1108.0,-1382.0,-644.0,636.5,-5847.0,-3045.0,-770.5,-5131.5,-1837.0
2022-03-25,-13070.0,-7486.0,-2566.0,-1171.5,-1382.0,-767.5,513.0,-5897.5,-3273.0,-894.0,-5182.0,-1837.0
2022-03-26,-13070.0,-7486.0,-2566.0,-1171.5,-1382.0,-767.5,513.0,-5897.5,-3273.0,-894.0,-5182.0,-1837.0
2022-03-27,-13070.0,-7486.0,-2566.0,-1171.5,-1382.0,-767.5,513.0,-5897.5,-3273.0,-894.0,-5182.0,-1837.0
2022-03-28,-12786.5,-7771.0,-2566.0,-1456.5,-1382.0,-1052.5,228.0,-5923.0,-3415.0,-1036.0,-5207.5,-1837.0
2022-03-29,-13141.5,-7810.5,-2685.0,-1456.5,-1502.5,-1092.0,188.5,-5969.0,-3454.5,-1075.5,-5253.5,-1957.5
2022-03-30,-13252.5,-7921.5,-2865.5,-1637.0,-1625.5,-1272.5,8.0,-6009.5,-3565.5,-1256.0,-5294.0,-2080.5
2022-03-31,-13569.5,-8085.0,-3029.0,-1800.5,-1767.0,-1436.0,-155.5,-6031.5,-3587.5,-1278.0,-5316.0,-2222.0
2022-04-01,-13452.5,-8154.0,-3081.0,-1872.0,-1784.0,-1505.0,-224.5,-6083.5,-3639.5,-1330.0,-5368.0,-2239.0
2022-04-02,-13452.5,-8154.0,-3081.0,-1872.0,-1784.0,-1505.0,-224.5,-6083.5,-3639.5,-1330.0,-5368.0,-2239.0
2022-04-03,-13452.5,-8154.0,-3081.0,-1872.0,-1784.0,-1505.0,-224.5,-6083.5,-3639.5,-1330.0,-5368.0,-2239.0
2022-04-04,-13228.0,-8220.0,-2919.0,-1697.5,-1784.0,-1571.0,-244.0,-5974.0,-3738.5,-1382.5,-5258.5,-2239.0
2022-04-05,-13417.0,-7963.5,-2940.0,-1641.0,-1784.0,-1314.5,12.5,-5795.0,-3655.5,-1278.5,-5058.5,-2239.0
2022-04-06,-13807.0,-8004.0,-2973.0,-1681.5,-1817.0,-1248.5,78.5,-5828.0,-3595.0,-1111.5,-5091.5,-2272.0
2022-04-07,-13736.0,-8121.5,-3090.5,-1720.5,-1856.0,-1366.0,-39.0,-5945.5,-3712.5,-1229.0,-5209.0,-2311.0
2022-04-08,-13932.0,-8281.5,-3250.5,-1761.0,-1856.0,-1526.0,-199.0,-5986.0,-3872.5,-1389.0,-5249.5,-2311.0
2022-04-09,-13932.0,-8281.5,-3250.5,-1761.0,-1856.0,-1526.0,-199.0,-5986.0,-3872.5,-1389.0,-5249.5,-2311.0
2022-04-10,-14156.5,-8374.5,-3343.5,-1829.5,-1880.5,-1619.0,-292.0,-6079.0,-3965.5,-1482.0,-5342.5,-2335.5
2022-04-11,-14067.0,-8285.0,-3454.0,-1829.5,-1880.5,-1529.5,-202.5,-6079.0,-3876.0,-1392.5,-5342.5,-2335.5
2022-04-12,-13824.0,-8042.0,-3351.5,-1940.5,-1880.5,-1507.5,-180.5,-5984.5,-3633.0,-1370.5,-5202.0,-2335.5
2022-04-13,-13717.0,-7935.0,-3244.5,-1833.5,-1880.5,-1330.5,-3.5,-6007.5,-3526.0,-1193.5,-5225.0,-2335.5
2022-04-14,-13944.5,-8082.0,-3364.0,-1953.0,-1908.0,-1477.5,-150.5,-6035.0,-3645.5,-1313.0,-5252.5,-2363.0
2022-04-15,-13944.5,-8082.0,-3364.0,-1953.0,-1908.0,-1477.5,-150.5,-6035.0,-3645.5,-1313.0,-5252.5,-2363.0
2022-04-16,-13944.5,-8082.0,-3364.0,-1953.0,-1908.0,-1477.5,-150.5,-6035.0,-3645.5,-1313.0,-5252.5,-2363.0
2022-04-17,-13944.5,-8082.0,-3364.0,-1953.0,-1908.0,-1477.5,-150.5,-6035.0,-3645.5,-1313.0,-5252.5,-2363.0
2022-04-18,-13458.0,-7595.5,-2864.5,-1653.5,-1708.0,-991.0,136.0,-5635.0,-3146.0,-1013.5,-5052.5,-2163.0
2022-04-19,-13608.0,-7651.0,-2920.0,-1475.0,-1708.0,-1046.5,80.5,-5690.5,-3201.5,-1069.0,-5108.0,-2163.0
2022-04-20,-13769.0,-7812.0,-3088.0,-1417.0,-1876.0,-1207.5,-80.5,-5741.5,-3369.5,-1237.0,-5159.0,-2331.0
2022-04-21,-14013.5,-8300.0,-3406.5,-1773.5,-2124.5,-1591.5,-464.5,-5784.0,-3699.5,-1545.0,-5201.5,-2331.0
2022-04-22,-14157.0,-8443.5,-3435.0,-1773.5,-2124.5,-1629.5,-502.5,-5812.5,-3843.0,-1583.0,-5230.0,-2331.0
2022-04-23,-14157.0,-8443.5,-3435.0,-1773.5,-2124.5,-1629.5,-502.5,-5812.5,-3843.0,-1583.0,-5230.0,-2331.0
2022-04-24,-14157.0,-8443.5,-3435.0,-1773.5,-2124.5,-1629.5,-502.5,-5812.5,-3843.0,-1583.0,-5230.0,-2331.0
2022-04-25,-13757.0,-8043.5,-3035.0,-1773.5,-2124.5,-1429.5,-302.5,-5812.5,-3443.0,-1383.0,-5230.0,-2331.0
2022-04-26,-14055.0,-8183.5,-3136.0,-1802.5,-2124.5,-1569.5,-442.5,-5851.5,-3583.0,-1523.0,-5269.0,-2331.0
2022-04-27,-14036.0,-8164.5,-3171.0,-1802.5,-2124.5,-1404.5,-277.5,-5886.5,-3564.0,-1358.0,-5304.0,-2331.0
2022-04-28,-14324.5,-7888.0,-2864.0,-1726.0,-1756.0,-1128.0,60.5,-5810.0,-3287.5,-1020.0,-5166.0,-1931.0
2022-04-29,-14671.5,-8068.5,-3044.5,-1759.5,-1903.0,-1161.5,27.0,-5843.5,-3468.0,-1053.5,-5199.5,-1931.0
2022-04-30,-14671.5,-8068.5,-3044.5,-1759.5,-1903.0,-1161.5,27.0,-5843.5,-3468.0,-1053.5,-5199.5,-1931.0
2022-05-01,-14741.5,-8138.5,-3044.5,-1759.5,-1903.0,-1231.5,-43.0,-5913.5,-3538.0,-1123.5,-5269.5,-1931.0
2022-05-02,-14975.0,-8172.0,-3078.0,-1759.5,-1903.0,-1265.0,-76.5,-5947.0,-3571.5,-1157.0,-5303.0,-1931.0
2022-05-03,-14976.0,-8201.0,-3107.0,-1751.0,-1903.0,-1154.5,-166.0,-5584.5,-3439.5,-1085.5,-5140.5,-1931.0
2022-05-04,-15735.0,-8361.5,-3267.5,-1751.0,-1903.0,-1315.0,-269.5,-5745.0,-3600.0,-1189.0,-5244.0,-1931.0
2022-05-05,-15884.5,-8511.0,-3267.5,-1751.0,-1903.0,-1464.5,-419.0,-5745.0,-3749.5,-1338.5,-5244.0,-1931.0
2022-05-06,-16134.0,-8760.5,-3517.0,-1551.0,-1903.0,-1714.0,-619.0,-5345.0,-3949.5,-1538.5,-5044.0,-1931.0
2022-05-07,-16134.0,-8760.5,-3517.0,-1551.0,-1903.0,-1714.0,-619.0,-5345.0,-3949.5,-1538.5,-5044.0,-1931.0
2022-05-08,-16134.0,-8760.5,-3517.0,-1551.0,-1903.0,-1714.0,-619.0,-5345.0,-3949.5,-1538.5,-5044.0,-1931.0
2022-05-09,-15934.0,-8560.5,-3317.0,-1551.0,-1903.0,-1514.0,-419.0,-5145.0,-3749.5,-1338.5,-4844.0,-1931.0
2022-05-10,-15838.0,-8464.5,-3054.5,-1517.5,-1801.5,-1579.0,-484.0,-4882.5,-3453.5,-1203.5,-4542.5,-1829.5
2022-05-11,-16250.5,-8728.5,-3318.5,-1623.5,-1801.5,-1843.0,-748.0,-4988.5,-3517.5,-1467.5,-4648.5,-1829.5
2022-05-12,-16481.5,-8819.5,-3610.5,-1715.5,-1724.0,-1643.0,-548.0,-5080.5,-3808.5,-1467.5,-4740.5,-1629.5
2022-05-13,-16925.5,-9063.5,-3854.5,-1857.5,-1724.0,-1887.0,-792.0,-5182.5,-3950.5,-1609.5,-4842.5,-1629.5
2022-05-14,-16925.5,-9063.5,-3854.5,-1857.5,-1724.0,-1887.0,-792.0,-5182.5,-3950.5,-1609.5,-4842.5,-1629.5
2022-05-15,-16990.0,-9128.0,-3854.5,-1857.5,-1724.0,-1951.5,-856.5,-5247.0,-3950.5,-1609.5,-4907.0,-1629.5
2022-05-16,-16231.5,-8369.5,-3296.0,-1060.0,-1724.0,-1390.5,-295.5,-5286.0,-3989.5,-1648.5,-4946.0,-1629.5
2022-05-17,-16187.0,-8325.0,-3251.5,-1215.5,-1524.0,-1346.0,-95.5,-5086.0,-3789.5,-1448.5,-4746.0,-1429.5
2022-05-18,-16462.5,-8400.5,-3087.0,-1215.5,-1626.5,-1186.0,64.5,-4961.5,-3954.0,-1288.5,-4586.0,-1496.5
2022-05-19,-15931.5,-7913.5,-3000.0,-1284.5,-1226.5,-899.0,420.5,-4874.5,-3770.5,-1201.5,-4499.0,-1296.5
2022-05-20,-16737.5,-8395.0,-3481.5,-1690.5,-1226.5,-1380.5,-61.0,-5038.0,-4033.0,-1464.0,-4662.5,-1296.5
2022-05-21,-16737.5,-8395.0,-3481.5,-1690.5,-1226.5,-1380.5,-61.0,-5038.0,-4033.0,-1464.0,-4662.5,-1296.5
2022-05-22,-16737.5,-8395.0,-3481.5,-1690.5,-1226.5,-1380.5,-61.0,-5038.0,-4033.0,-1464.0,-4662.5,-1296.5
2022-05-23,-16811.5,-8331.0,-3417.5,-1583.0,-1226.5,-1316.5,3.0,-5081.5,-4076.5,-1507.5,-4706.0,-1296.5
2022-05-24,-16640.5,-7603.5,-2640.0,-855.5,-826.5,-642.5,707.5,-4754.0,-3549.0,-1003.0,-4401.5,-1157.0
2022-05-25,-16313.0,-7309.5,-2346.0,-507.5,-826.5,-887.5,462.5,-4704.5,-3499.5,-1153.5,-4552.0,-1157.0
2022-05-26,-16596.0,-7392.5,-2358.0,-507.5,-843.0,-970.5,379.5,-4750.0,-3566.0,-1220.0,-4597.5,-1173.5
2022-05-27,-16801.0,-7597.5,-2563.0,-597.0,-843.0,-1068.0,335.0,-4955.0,-3771.0,-1264.5,-4642.0,-1173.5
2022-05-28,-16801.0,-7597.5,-2563.0,-597.0,-843.0,-1068.0,335.0,-4955.0,-3771.0,-1264.5,-4642.0,-1173.5
2022-05-29,-16801.0,-7597.5,-2563.0,-597.0,-843.0,-1068.0,335.0,-4955.0,-3771.0,-1264.5,-4642.0,-1173.5
2022-05-30,-16629.0,-7425.5,-2363.0,-597.0,-843.0,-896.0,507.0,-4983.0,-3599.0,-1092.5,-4670.0,-1173.5
2022-05-31,-16394.5,-7190.5,-2231.5,-362.0,-843.0,-564.5,838.5,-4851.5,-3364.0,-761.0,-4538.5,-1173.5
2022-06-01,-16594.5,-7170.5,-2211.5,-436.0,-843.0,-470.5,932.5,-5031.5,-3344.0,-667.0,-4644.5,-1173.5
2022-06-02,-16853.5,-7407.0,-2260.5,-410.5,-843.0,-409.0,994.0,-5095.5,-3580.5,-605.5,-4708.5,-1173.5
2022-06-03,-17539.0,-7492.5,-2299.0,-449.0,-843.0,-494.5,908.5,-5142.5,-3666.0,-691.0,-4755.5,-1173.5
2022-06-04,-17539.0,-7492.5,-2299.0,-449.0,-843.0,-494.5,908.5,-5142.5,-3666.0,-691.0,-4755.5,-1173.5
2022-06-05,-17539.0,-7492.5,-2299.0,-449.0,-843.0,-494.5,908.5,-5142.5,-3666.0,-691.0,-4755.5,-1173.5
2022-06-06,-17461.0,-7076.0,-1882.5,-307.0,-843.0,-152.5,1250.5,-4668.0,-3249.5,-349.0,-4355.5,-1173.5
2022-06-07,-17563.0,-7178.0,-1984.5,-409.0,-843.0,-254.5,1148.5,-4770.0,-3351.5,-451.0,-4457.5,-1173.5
2022-06-08,-17420.0,-7022.5,-1829.0,-253.5,-843.0,-99.0,1304.0,-4814.5,-3196.0,-295.5,-4502.0,-1173.5
2022-06-09,-17484.5,-7071.0,-1746.0,-53.5,-843.0,-147.5,1255.5,-4814.5,-3127.5,-227.0,-4502.0,-1173.5
2022-06-10,-17561.5,-7075.0,-1589.5,-14.0,-843.0,-151.5,1251.5,-4658.0,-3131.5,-231.0,-4345.5,-1173.5
2022-06-11,-17561.5,-7075.0,-1589.5,-14.0,-843.0,-151.5,1251.5,-4658.0,-3131.5,-231.0,-4345.5,-1173.5
2022-06-12,-17561.5,-7075.0,-1589.5,-14.0,-843.0,-151.5,1251.5,-4658.0,-3260.0,-231.0,-4345.5,-1173.5
2022-06-13,-17638.0,-7151.5,-1575.5,0.0,-930.0,-129.0,1274.0,-4458.0,-3536.5,-321.5,-4145.5,-1260.5
2022-06-14,-17811.0,-7324.5,-1652.5,-77.0,-930.0,-277.0,1126.0,-4535.0,-3613.5,-321.5,-4197.5,-1260.5
2022-06-15,-17599.5,-7113.0,-1777.0,134.5,-730.0,-1.5,1201.5,-4523.5,-3402.0,-246.0,-4322.0,-1060.5
2022-06-16,-18077.0,-7190.5,-1777.0,57.0,-807.5,-79.0,1124.0,-4601.0,-3479.5,-323.5,-4399.5,-1138.0
2022-06-17,-17897.5,-7011.0,-1844.5,304.0,-807.5,53.5,1256.5,-4668.5,-3300.0,-191.0,-4467.0,-1138.0
2022-06-18,-17897.5,-7011.0,-1844.5,304.0,-807.5,53.5,1256.5,-4668.5,-3300.0,-191.0,-4467.0,-1138.0
2022-06-19,-17897.5,-7011.0,-1844.5,304.0,-807.5,53.5,1256.5,-4668.5,-3300.0,-191.0,-4467.0,-1138.0
2022-06-20,-17769.0,-6977.5,-1811.0,304.0,-733.5,87.0,1330.5,-4688.5,-3325.0,-216.0,-4487.0,-1064.0
2022-06-21,-17446.5,-6801.5,-1862.5,480.0,-791.0,263.0,1506.5,-4740.0,-3376.5,-267.5,-4538.5,-1121.5
2022-06-22,-17104.0,-6919.5,-1821.0,359.0,-890.0,246.0,1489.5,-4826.5,-3466.5,-284.5,-4625.0,-1192.5
2022-06-23,-16809.0,-6439.0,-1340.5,439.5,-890.0,646.0,1889.5,-4865.0,-3224.5,-123.0,-4663.5,-1192.5
2022-06-24,-17119.0,-6749.0,-1537.0,317.5,-890.0,336.0,1579.5,-5025.0,-3534.5,-433.0,-4823.5,-1192.5
2022-06-25,-17119.0,-6749.0,-1537.0,317.5,-890.0,336.0,1579.5,-5025.0,-3534.5,-433.0,-4823.5,-1192.5
2022-06-26,-17119.0,-6749.0,-1537.0,317.5,-890.0,336.0,1579.5,-5025.0,-3534.5,-433.0,-4823.5,-1192.5
2022-06-27,-17229.5,-6566.0,-1309.5,361.0,-1002.0,579.5,1823.0,-4730.0,-3351.5,-189.5,-4468.0,-1304.5
2022-06-28,-17044.5,-6713.0,-1456.5,214.0,-1002.0,432.5,1676.0,-4877.0,-3438.0,-276.0,-4615.0,-1304.5
2022-06-29,-16993.0,-6886.0,-1550.5,41.0,-1002.0,259.5,1503.0,-4971.0,-3478.0,-316.0,-4709.0,-1304.5
2022-06-30,-17347.0,-7283.5,-1755.0,-152.0,-1002.0,5.5,1249.0,-5032.0,-3682.5,-377.0,-4770.0,-1304.5
2022-07-01,-16947.0,-7362.5,-1834.0,-231.0,-1002.0,-73.5,1170.0,-5032.0,-3761.5,-456.0,-4770.0,-1304.5
2022-07-02,-16947.0,-7362.5,-1834.0,-231.0,-1002.0,-73.5,1170.0,-5032.0,-3761.5,-456.0,-4770.0,-1304.5
2022-07-03,-16747.0,-7162.5,-1634.0,-31.0,-802.0,126.5,1370.0,-4832.0,-3761.5,-456.0,-4570.0,-1104.5
2022-07-04,-16842.5,-7237.0,-1708.5,-138.0,-806.5,119.5,1437.5,-4906.5,-3661.5,-356.0,-4502.5,-1034.5
2022-07-05,-16998.5,-7533.0,-1867.0,-317.5,-861.5,-125.5,1230.0,-5126.0,-3907.0,-513.0,-4633.5,-1052.0
2022-07-06,-17073.0,-7607.5,-1867.0,-375.0,-861.5,-200.0,1155.5,-5183.5,-3981.5,-587.5,-4691.0,-1052.0
2022-07-07,-16844.5,-7858.0,-1989.0,-497.0,-861.5,-450.5,905.0,-5226.5,-3981.5,-587.5,-4734.0,-1052.0
2022-07-08,-17149.0,-8015.5,-2017.0,-450.5,-932.0,-478.5,677.0,-5026.5,-4009.5,-815.5,-4734.0,-1122.5
2022-07-09,-17149.0,-8015.5,-2017.0,-450.5,-932.0,-478.5,677.0,-5026.5,-4009.5,-815.5,-4734.0,-1122.5
2022-07-10,-17149.0,-8015.5,-2017.0,-450.5,-932.0,-478.5,677.0,-5026.5,-4009.5,-815.5,-4734.0,-1122.5
2022-07-11,-17273.5,-8155.5,-2083.0,-590.5,-932.0,-618.5,537.0,-5026.5,-4149.5,-955.5,-4734.0,-1122.5
2022-07-12,-17419.0,-8301.0,-2146.0,-677.0,-955.5,-764.0,391.5,-5109.0,-4236.0,-1042.0,-4816.5,-1146.0
2022-07-13,-17316.0,-8006.0,-2173.5,-677.0,-983.0,-591.5,564.0,-5136.5,-4263.5,-1069.5,-4844.0,-1173.5
2022-07-14,-17187.5,-8094.5,-2172.0,-765.5,-983.0,-680.0,475.5,-5135.0,-4262.0,-1068.0,-4842.5,-1173.5
2022-07-15,-17142.5,-8049.5,-2224.5,-818.0,-983.0,-635.0,520.5,-5090.0,-4217.0,-1023.0,-4797.5,-1173.5
2022-07-16,-17142.5,-8049.5,-2224.5,-818.0,-983.0,-635.0,520.5,-5090.0,-4217.0,-1023.0,-4797.5,-1173.5
2022-07-17,-17258.5,-8049.5,-2224.5,-818.0,-983.0,-635.0,520.5,-5090.0,-4217.0,-1023.0,-4797.5,-1173.5
2022-07-18,-16851.0,-7923.0,-2040.5,-634.0,-983.0,-720.0,435.5,-5232.5,-4090.5,-1108.0,-4882.5,-1173.5
2022-07-19,-17113.5,-7993.0,-2110.5,-704.0,-983.0,-720.0,435.5,-5302.5,-4160.5,-1108.0,-4882.5,-1173.5
2022-07-20,-17331.5,-8065.5,-2139.0,-776.5,-983.0,-792.5,363.0,-5375.0,-4233.0,-1180.5,-4955.0,-1173.5
2022-07-21,-17575.5,-8105.5,-2179.0,-915.5,-949.0,-762.5,393.0,-5440.0,-4273.0,-1150.5,-4955.0,-1069.5
2022-07-22,-17644.5,-8174.5,-2048.0,-915.5,-1149.0,-798.0,357.5,-5309.0,-4142.0,-986.0,-4790.5,-1269.5
2022-07-23,-17644.5,-8174.5,-2048.0,-915.5,-1149.0,-798.0,357.5,-5309.0,-4142.0,-986.0,-4790.5,-1269.5
2022-07-24,-17644.5,-8174.5,-2048.0,-915.5,-1149.0,-798.0,357.5,-5309.0,-4142.0,-986.0,-4790.5,-1269.5
2022-07-25,-17771.5,-8407.5,-1951.0,-1148.5,-1213.5,-1031.0,227.5,-5309.0,-4310.5,-1051.5,-4790.5,-1334.0
2022-07-26,-17996.5,-8271.5,-1778.5,-1211.5,-1213.5,-895.0,363.5,-5373.0,-4110.5,-851.5,-4854.5,-1334.0
2022-07-27,-18423.0,-8456.0,-1823.0,-1351.5,-1213.5,-963.0,295.5,-5373.0,-4295.0,-919.5,-4854.5,-1334.0
2022-07-28,-18702.5,-8829.5,-2196.5,-1598.5,-1213.5,-1289.5,-31.0,-5405.5,-4374.5,-952.0,-4887.0,-1334.0
2022-07-29,-18573.0,-8700.0,-2067.0,-1474.0,-1213.5,-1118.5,140.0,-5276.0,-4245.0,-781.0,-4716.0,-1334.0
2022-07-30,-18573.0,-8700.0,-2067.0,-1474.0,-1213.5,-1118.5,140.0,-5276.0,-4245.0,-781.0,-4716.0,-1334.0
2022-07-31,-18573.0,-8700.0,-2067.0,-1474.0,-1213.5,-1118.5,140.0,-5276.0,-4245.0,-781.0,-4716.0,-1334.0
2022-08-01,-18019.5,-8435.0,-1767.5,-1320.5,-1013.5,-853.5,405.0,-5176.5,-4345.5,-827.5,-4562.5,-1134.0
2022-08-02,-17619.5,-8333.5,-1666.0,-1120.5,-847.5,-952.0,306.5,-5210.5,-4210.0,-892.0,-4596.5,-1168.0
2022-08-03,-17235.0,-8149.0,-1481.5,-936.0,-847.5,-767.5,491.0,-5026.0,-4025.5,-707.5,-4412.0,-1168.0
2022-08-04,-17097.0,-8001.0,-1315.0,-800.0,-847.5,-619.5,639.0,-4878.0,-3877.5,-559.5,-4264.0,-1168.0
2022-08-05,-17212.5,-7716.5,-1144.5,-800.0,-877.0,-335.0,923.5,-4707.5,-3707.0,-389.0,-4093.5,-1197.5
2022-08-06,-17212.5,-7716.5,-1144.5,-800.0,-877.0,-335.0,923.5,-4707.5,-3707.0,-389.0,-4093.5,-1197.5
2022-08-07,-17212.5,-7716.5,-1144.5,-800.0,-877.0,-335.0,923.5,-4707.5,-3707.0,-389.0,-4093.5,-1197.5
2022-08-08,-17013.0,-7517.0,-650.0,-741.5,-877.0,-48.0,1210.5,-4316.0,-3252.5,2.5,-3946.5,-1197.5
2022-08-09,-16509.0,-7405.5,-538.5,-608.0,-877.0,-70.0,1188.5,-4204.5,-3141.0,-19.5,-3968.5,-1197.5
2022-08-10,-16693.5,-7590.0,-670.5,-681.0,-877.0,-172.5,1086.0,-4307.0,-3243.5,-122.0,-4071.0,-1197.5
2022-08-11,-16883.0,-7680.5,-738.5,-771.5,-877.0,-263.0,995.5,-4348.0,-3334.0,-212.5,-4112.0,-1197.5
2022-08-12,-16483.0,-7280.5,-338.5,-877.5,-677.0,137.0,1195.5,-4362.0,-3191.0,-69.5,-4126.0,-997.5
2022-08-13,-16483.0,-7280.5,-338.5,-877.5,-677.0,137.0,1195.5,-4362.0,-3191.0,-69.5,-4126.0,-997.5
2022-08-14,-16483.0,-7280.5,-338.5,-877.5,-677.0,137.0,1195.5,-4362.0,-3191.0,-69.5,-4126.0,-997.5
2022-08-15,-16221.0,-7289.5,-347.5,-886.5,-686.0,128.0,1186.5,-4390.0,-3219.0,-97.5,-4154.0,-1006.5
2022-08-16,-16101.5,-7105.5,-311.5,-617.5,-617.0,312.0,1403.5,-4423.0,-3052.0,102.5,-4187.0,-937.5
2022-08-17,-15795.0,-7336.5,-399.5,-848.5,-617.0,130.5,1222.0,-4423.0,-3189.5,14.5,-4187.0,-937.5
2022-08-18,-15515.0,-6983.5,0.5,-495.5,-217.0,283.5,1375.0,-4023.0,-2836.5,167.5,-3987.0,-737.5
2022-08-19,-15863.5,-7110.5,-126.5,-495.5,-289.5,283.5,1375.0,-4023.0,-2963.5,167.5,-3987.0,-737.5
2022-08-20,-15863.5,-7110.5,-126.5,-495.5,-289.5,283.5,1375.0,-4023.0,-2963.5,167.5,-3987.0,-737.5
2022-08-21,-15863.5,-7110.5,-126.5,-495.5,-289.5,283.5,1375.0,-4023.0,-2963.5,167.5,-3987.0,-737.5
2022-08-22,-16347.0,-7199.5,-215.5,-584.5,-303.5,194.5,1286.0,-4060.0,-3052.5,78.5,-4024.0,-751.5
2022-08-23,-16176.5,-7229.0,-245.0,-614.0,-303.5,165.0,1256.5,-4089.5,-2882.0,49.0,-4053.5,-751.5
2022-08-24,-15976.5,-7089.5,-105.5,-414.0,-103.5,304.5,1396.0,-4121.5,-2914.0,17.0,-4085.5,-551.5
2022-08-25,-15429.0,-6542.0,460.0,-98.5,96.5,852.0,1943.5,-3774.0,-2366.5,564.5,-3738.0,-351.5
2022-08-26,-15532.0,-6645.0,200.0,-212.5,-53.0,819.5,1911.0,-3818.0,-2691.5,310.0,-3799.0,-351.5
2022-08-27,-15532.0,-6645.0,200.0,-212.5,-53.0,819.5,1911.0,-3818.0,-2691.5,310.0,-3799.0,-351.5
2022-08-28,-15690.5,-6645.0,200.0,-212.5,-53.0,819.5,1911.0,-3818.0,-2691.5,310.0,-3799.0,-351.5
2022-08-29,-15853.0,-6807.5,95.0,-212.5,-130.5,657.0,1748.5,-3903.0,-2776.5,225.0,-3884.0,-429.0
2022-08-30,-15867.5,-6845.0,57.5,-212.5,-130.5,619.5,1711.0,-3940.5,-2814.0,187.5,-3921.5,-429.0
2022-08-31,-15282.5,-6622.0,280.5,-275.5,-130.5,956.5,2048.0,-3785.0,-2528.0,587.5,-3721.5,-429.0
2022-09-01,-14864.0,-6779.5,216.5,-433.0,-130.5,799.0,1890.5,-3785.0,-2685.5,430.0,-3721.5,-429.0
2022-09-02,-14928.0,-6643.5,352.5,-433.0,-130.5,935.0,2026.5,-3649.0,-2549.5,566.0,-3585.5,-429.0
2022-09-03,-14928.0,-6643.5,352.5,-433.0,-130.5,935.0,2026.5,-3649.0,-2549.5,566.0,-3585.5,-429.0
2022-09-04,-14984.5,-6700.0,352.5,-433.0,-187.0,878.5,1970.0,-3705.5,-2606.0,509.5,-3642.0,-485.5
2022-09-05,-15028.5,-6744.0,308.5,-433.0,-231.0,834.5,1926.0,-3749.5,-2650.0,465.5,-3686.0,-529.5
2022-09-06,-14961.0,-6528.0,427.5,-33.0,-60.5,1157.5,2526.0,-3656.5,-2434.0,865.5,-3486.0,-359.0
2022-09-07,-15186.0,-6525.0,312.5,52.0,57.5,960.5,2411.5,-3689.0,-2549.0,833.0,-3518.5,-441.0
2022-09-08,-15281.5,-6411.5,426.0,165.5,57.5,1160.5,2611.5,-3689.0,-2435.5,1033.0,-3518.5,-441.0
2022-09-09,-15504.0,-6434.0,426.0,165.5,57.5,1138.0,2589.0,-3767.0,-2458.0,1010.5,-3596.5,-441.0
2022-09-10,-15504.0,-6434.0,426.0,165.5,57.5,1138.0,2589.0,-3767.0,-2458.0,1010.5,-3596.5,-441.0
2022-09-11,-15504.0,-6434.0,426.0,165.5,57.5,1138.0,2589.0,-3767.0,-2458.0,1010.5,-3596.5,-441.0
2022-09-12,-15035.5,-6084.5,626.0,152.0,57.5,1487.5,2938.5,-3567.0,-2108.5,1360.0,-3396.5,-441.0
2022-09-13,-15552.5,-6502.5,563.0,-83.5,-43.5,1171.0,2622.0,-3630.0,-2526.5,1043.5,-3459.5,-542.0
2022-09-14,-15416.5,-6643.0,495.0,-224.0,-116.0,1030.5,2481.5,-3671.0,-2640.0,930.0,-3500.5,-614.5
2022-09-15,-15090.5,-6830.0,382.0,-298.0,-116.0,843.5,2294.5,-3471.0,-2714.0,856.0,-3300.5,-614.5
2022-09-16,-14683.0,-6430.0,782.0,-360.5,-116.0,1243.5,2494.5,-3071.0,-2420.0,1056.0,-3100.5,-614.5
2022-09-17,-14683.0,-6430.0,782.0,-360.5,-116.0,1243.5,2494.5,-3071.0,-2420.0,1056.0,-3100.5,-614.5
2022-09-18,-14683.0,-6430.0,782.0,-360.5,-116.0,1243.5,2494.5,-3071.0,-2420.0,1056.0,-3100.5,-614.5
2022-09-19,-14363.5,-6440.5,571.5,-507.0,-246.0,968.5,2236.0,-3087.5,-2484.5,1008.0,-3117.0,-744.5
2022-09-20,-14215.0,-6395.0,453.5,-461.5,-246.0,1014.0,2281.5,-3099.5,-2651.0,841.5,-3129.0,-744.5
2022-09-21,-14358.5,-6243.5,405.0,-310.0,-246.0,965.5,2233.0,-3148.0,-2465.0,793.0,-3177.5,-744.5
2022-09-22,-14467.0,-6352.0,296.5,-359.0,-295.0,857.0,2124.5,-3256.5,-2524.5,733.5,-3286.0,-793.5
2022-09-23,-14467.0,-6352.0,296.5,-359.0,-295.0,857.0,2124.5,-3256.5,-2524.5,733.5,-3286.0,-793.5
2022-09-24,-14467.0,-6352.0,296.5,-359.0,-295.0,857.0,2124.5,-3256.5,-2524.5,733.5,-3286.0,-793.5
2022-09-25,-14467.0,-6352.0,296.5,-359.0,-295.0,857.0,2124.5,-3256.5,-2524.5,733.5,-3286.0,-793.5
2022-09-26,-14546.5,-6469.5,179.0,-359.0,-295.0,739.5,2007.0,-3256.5,-2642.0,616.0,-3286.0,-793.5
2022-09-27,-14795.0,-6718.0,-69.5,-607.5,-478.5,610.0,1877.5,-3356.5,-2700.5,557.5,-3386.0,-977.0
2022-09-28,-15285.5,-6976.5,-328.0,-617.5,-478.5,351.5,1619.0,-3422.0,-2959.0,299.0,-3451.5,-977.0
2022-09-29,-14921.5,-6612.5,272.0,-331.0,-278.5,715.5,1983.0,-3022.0,-2920.0,338.0,-3051.5,-777.0
2022-09-30,-15451.5,-6993.5,-109.0,-684.0,-278.5,427.0,1694.5,-3207.0,-3105.0,245.5,-3144.0,-777.0
2022-10-01,-15451.5,-6993.5,-109.0,-684.0,-278.5,427.0,1694.5,-3207.0,-3105.0,245.5,-3144.0,-777.0
2022-10-02,-15451.5,-6993.5,-109.0,-684.0,-278.5,427.0,1694.5,-3207.0,-3105.0,245.5,-3144.0,-777.0
2022-10-03,-15532.0,-7074.0,-189.5,-684.0,-278.5,346.5,1614.0,-3207.0,-3185.5,165.0,-3144.0,-777.0
2022-10-04,-15706.0,-7248.0,-363.5,-750.5,-345.0,303.0,1570.5,-3273.5,-3252.0,121.5,-3187.5,-777.0
2022-10-05,-15951.5,-7260.0,-410.0,-762.5,-391.5,291.0,1558.5,-3320.0,-3264.0,109.5,-3234.0,-823.5
2022-10-06,-15725.0,-6536.5,313.5,-403.0,-234.0,784.0,2051.5,-2525.0,-2540.5,602.5,-2669.5,-666.0
2022-10-07,-15846.0,-6657.5,206.0,-416.5,-234.0,663.0,1930.5,-2632.5,-2648.0,495.0,-2777.0,-666.0
2022-10-08,-15846.0,-6657.5,206.0,-416.5,-234.0,663.0,1930.5,-2632.5,-2648.0,495.0,-2777.0,-666.0
2022-10-09,-15846.0,-6657.5,206.0,-416.5,-234.0,663.0,1930.5,-2632.5,-2648.0,495.0,-2777.0,-666.0
2022-10-10,-16230.0,-6907.0,93.5,-743.0,-371.0,513.5,1993.5,-2718.5,-2897.5,558.0,-2863.0,-803.0
2022-10-11,-15735.5,-7232.5,-120.0,-1036.5,-371.0,188.0,1668.0,-2855.5,-3223.0,232.5,-3000.0,-803.0
2022-10-12,-15539.0,-6987.5,125.0,-547.0,-371.0,433.0,1913.0,-2900.0,-2978.0,477.5,-3044.5,-803.0
2022-10-13,-16164.0,-7385.5,-73.0,-697.5,-371.0,81.0,1632.0,-2981.0,-3376.0,196.5,-3125.5,-803.0
2022-10-14,-16818.0,-7699.5,-256.5,-725.0,-298.0,-50.0,1501.0,-3338.0,-3628.0,127.5,-3482.5,-547.0
2022-10-15,-16818.0,-7699.5,-256.5,-725.0,-298.0,-50.0,1501.0,-3338.0,-3628.0,127.5,-3482.5,-547.0
2022-10-16,-16835.5,-7717.0,-256.5,-742.5,-298.0,-67.5,1483.5,-3355.5,-3645.5,110.0,-3500.0,-547.0
2022-10-17,-16938.0,-7619.5,-256.5,-645.0,-400.5,132.5,1683.5,-3155.5,-3548.0,310.0,-3300.0,-547.0
2022-10-18,-17107.0,-7788.5,-335.0,-814.0,-452.5,-36.5,1514.5,-3286.0,-3678.5,179.5,-3430.5,-599.0
2022-10-19,-16681.0,-7762.5,-370.0,-788.0,-391.5,94.5,1645.5,-3321.0,-3652.5,310.5,-3465.5,-433.0
2022-10-20,-16743.5,-7312.5,80.0,-624.0,-391.5,258.5,1809.5,-3357.0,-3402.5,274.5,-3501.5,-433.0
2022-10-21,-16924.0,-7493.0,-44.0,-716.5,-279.5,78.0,1717.0,-3449.5,-3583.0,182.0,-3594.0,-233.0
2022-10-22,-16924.0,-7493.0,-44.0,-716.5,-279.5,78.0,1717.0,-3449.5,-3583.0,182.0,-3594.0,-233.0
2022-10-23,-16724.0,-7293.0,-44.0,-716.5,-279.5,278.0,1917.0,-3449.5,-3383.0,382.0,-3594.0,-233.0
2022-10-24,-16855.5,-7424.5,-213.5,-811.5,-354.0,108.5,1747.5,-3524.0,-3478.0,287.0,-3668.5,-307.5
2022-10-25,-17316.5,-7676.5,-403.0,-862.0,-402.0,74.0,1713.0,-3713.5,-3592.5,236.5,-3794.0,-291.5
2022-10-26,-16863.5,-7623.5,-248.5,-1009.0,-202.0,127.0,1766.0,-3759.0,-3539.5,289.5,-3839.5,-91.5
2022-10-27,-16976.5,-7736.5,-248.5,-1009.0,-202.0,527.0,2166.0,-3759.0,-3539.5,289.5,-3839.5,108.5
2022-10-28,-17180.5,-7946.5,-248.5,-1219.0,-202.0,493.5,2132.5,-3792.5,-3749.5,256.0,-3873.0,108.5
2022-10-29,-17180.5,-7946.5,-248.5,-1219.0,-202.0,493.5,2132.5,-3792.5,-3749.5,256.0,-3873.0,108.5
2022-10-30,-17180.5,-7946.5,-248.5,-1219.0,-202.0,493.5,2132.5,-3792.5,-3749.5,256.0,-3873.0,108.5
2022-10-31,-16992.0,-7758.0,-60.0,-974.5,-202.0,682.0,2321.0,-3648.5,-3605.5,400.0,-3729.0,108.5
2022-11-01,-17478.5,-8108.0,-365.0,-1208.0,-202.0,492.0,2195.5,-3753.0,-3891.0,348.0,-3788.5,108.5
2022-11-02,-17364.0,-7993.5,-450.5,-1291.0,-323.0,606.5,2310.0,-3822.5,-3988.5,250.5,-3858.0,-12.5
2022-11-03,-17520.0,-8149.5,-540.0,-1404.5,-359.5,510.5,2214.0,-3978.5,-4144.5,154.5,-3954.0,-49.0
2022-11-04,-17588.0,-8538.0,-820.0,-1503.0,-541.0,322.0,2025.5,-3996.0,-4343.5,-44.5,-3971.5,-230.5
2022-11-05,-17588.0,-8538.0,-820.0,-1503.0,-541.0,322.0,2025.5,-3996.0,-4343.5,-44.5,-3971.5,-230.5
2022-11-06,-17588.0,-8538.0,-820.0,-1503.0,-541.0,322.0,2025.5,-3996.0,-4343.5,-44.5,-3971.5,-230.5
2022-11-07,-17709.0,-8439.0,-921.0,-1362.0,-563.5,421.0,2124.5,-4097.0,-4408.0,-109.0,-4072.5,-253.0
2022-11-08,-17734.0,-8739.0,-1019.5,-1598.0,-563.5,121.0,1824.5,-4182.5,-4644.0,-345.0,-4158.0,-253.0
2022-11-09,-18273.0,-9078.0,-1281.5,-1937.0,-625.5,-141.0,1562.5,-4244.5,-4783.0,-407.0,-4220.0,-315.0
2022-11-10,-18603.5,-9208.5,-1412.0,-1806.0,-425.5,-71.5,1632.0,-4306.0,-4883.5,-507.5,-4281.5,-115.0
2022-11-11,-18555.5,-9107.0,-1310.5,-1704.5,-425.5,30.0,1733.5,-4404.5,-4782.0,-406.0,-4380.0,-115.0
2022-11-12,-18555.5,-9107.0,-1310.5,-1704.5,-425.5,30.0,1733.5,-4404.5,-4782.0,-406.0,-4380.0,-115.0
2022-11-13,-18592.0,-9143.5,-1347.0,-1741.0,-462.0,-6.5,1697.0,-4441.0,-4818.5,-442.5,-4416.5,-151.5
2022-11-14,-18685.5,-9221.0,-1172.5,-1818.5,-514.0,-84.0,1619.5,-4518.5,-4896.0,-520.0,-4494.0,-203.5
2022-11-15,-18414.5,-8851.5,-1003.0,-1818.5,-314.0,285.5,1989.0,-4349.0,-4526.5,-150.5,-4324.5,-3.5
2022-11-16,-18592.5,-8943.5,-1095.0,-1818.5,-325.0,206.5,1910.0,-4373.0,-4618.5,-229.5,-4335.5,-14.5
2022-11-17,-19042.0,-9229.5,-1136.5,-2018.5,-342.5,120.5,1824.0,-4459.0,-4663.0,-274.0,-4421.5,-32.0
2022-11-18,-19392.5,-9382.5,-1199.5,-2171.5,-342.5,-32.5,1671.0,-4459.0,-4816.0,-427.0,-4421.5,-32.0
2022-11-19,-19392.5,-9382.5,-1199.5,-2171.5,-342.5,-32.5,1671.0,-4459.0,-4816.0,-427.0,-4421.5,-32.0
2022-11-20,-19392.5,-9382.5,-1199.5,-2171.5,-342.5,-32.5,1671.0,-4459.0,-4816.0,-427.0,-4421.5,-32.0
2022-11-21,-19241.5,-9231.5,-979.5,-2020.5,-142.5,118.5,1822.0,-4473.5,-4665.0,-276.0,-4436.0,168.0
2022-11-22,-19621.5,-9550.5,-1204.5,-2244.0,-267.0,-102.5,1601.0,-4531.5,-4984.0,-497.0,-4494.0,141.5
2022-11-23,-19399.0,-9328.0,-1182.0,-2311.0,-67.0,120.0,1890.5,-4331.5,-4651.0,-97.0,-4294.0,341.5
2022-11-24,-19400.0,-9363.5,-1192.5,-2346.5,-67.0,84.5,1855.0,-4367.0,-4686.5,-132.5,-4329.5,341.5
2022-11-25,-19200.0,-9163.5,-992.5,-2346.5,133.0,284.5,2055.0,-4167.0,-4486.5,67.5,-4129.5,541.5
2022-11-26,-19200.0,-9163.5,-992.5,-2346.5,133.0,284.5,2055.0,-4167.0,-4486.5,67.5,-4129.5,541.5
2022-11-27,-19386.0,-9253.0,-992.5,-2346.5,43.5,195.0,2055.0,-4167.0,-4486.5,67.5,-4129.5,541.5
2022-11-28,-19566.5,-9359.0,-1008.5,-2452.5,43.5,89.0,1949.0,-4183.0,-4502.5,51.5,-4145.5,541.5
2022-11-29,-19810.0,-9439.5,-1089.0,-2462.0,-37.0,8.5,1868.5,-4192.5,-4583.0,-29.0,-4155.0,461.0
2022-11-30,-19708.0,-9691.5,-1172.0,-2462.0,-60.5,-220.0,1817.5,-4220.0,-4713.0,-80.0,-4170.0,461.0
2022-12-01,-19936.0,-9691.5,-1172.0,-2462.0,-60.5,-220.0,1817.5,-4220.0,-4713.0,-80.0,-4170.0,461.0
2022-12-02,-19924.5,-9642.5,-1202.5,-2483.0,-60.5,-171.0,1866.5,-4171.0,-4664.0,-31.0,-4121.0,461.0
2022-12-03,-19924.5,-9642.5,-1202.5,-2483.0,-60.5,-171.0,1866.5,-4171.0,-4664.0,-31.0,-4121.0,461.0
2022-12-04,-19924.5,-9642.5,-1202.5,-2483.0,-60.5,-171.0,1866.5,-4171.0,-4664.0,-31.0,-4121.0,461.0
2022-12-05,-19524.5,-9686.0,-1246.0,-2487.5,-60.5,-214.5,1823.0,-4214.5,-4668.5,-35.5,-4164.5,461.0
2022-12-06,-19726.0,-9766.0,-1324.0,-2565.5,-92.5,-294.5,1743.0,-4246.5,-4778.5,-67.5,-4196.5,429.0
2022-12-07,-19715.5,-9614.0,-1372.0,-2403.0,107.5,-377.0,1660.5,-4345.0,-4877.0,-166.0,-4295.0,429.0
2022-12-08,-19899.0,-9797.5,-1409.0,-2509.0,38.5,-560.5,1477.0,-4382.0,-5060.5,-349.5,-4332.0,360.0
2022-12-09,-19685.5,-9744.5,-1556.0,-2609.5,38.5,-507.5,1569.0,-4389.5,-4907.0,-157.0,-4339.5,360.0
2022-12-10,-19685.5,-9744.5,-1556.0,-2609.5,38.5,-507.5,1569.0,-4389.5,-4907.0,-157.0,-4339.5,360.0
2022-12-11,-19685.5,-9744.5,-1556.0,-2609.5,38.5,-507.5,1569.0,-4389.5,-4907.0,-157.0,-4339.5,360.0
2022-12-12,-19914.5,-9590.5,-1365.5,-2590.0,258.0,-317.0,1759.5,-4199.0,-4753.0,33.5,-4149.0,579.5
2022-12-13,-19410.0,-8990.5,-1365.5,-2190.0,258.0,83.0,2159.5,-3999.0,-4153.0,433.5,-4149.0,579.5
2022-12-14,-19635.0,-9150.5,-1525.5,-2282.0,190.0,-77.0,1999.5,-4091.0,-4313.0,273.5,-4241.0,511.5
2022-12-15,-19655.0,-9170.5,-1545.5,-2307.0,159.0,-66.0,2010.5,-4147.0,-4338.5,284.5,-4266.0,511.5
2022-12-16,-19865.5,-9381.0,-1756.0,-2424.0,159.0,-276.5,1800.0,-4177.0,-4549.0,74.0,-4296.0,511.5
2022-12-17,-19865.5,-9381.0,-1756.0,-2424.0,159.0,-276.5,1800.0,-4177.0,-4549.0,74.0,-4296.0,511.5
2022-12-18,-19865.5,-9381.0,-1756.0,-2424.0,159.0,-276.5,1800.0,-4177.0,-4549.0,74.0,-4296.0,511.5
2022-12-19,-20066.0,-9421.0,-1756.0,-2464.0,159.0,-316.5,1760.0,-4217.0,-4589.0,34.0,-4336.0,511.5
2022-12-20,-19852.0,-9277.0,-1612.0,-2464.0,559.0,-172.5,1904.0,-4217.0,-4445.0,178.0,-4336.0,711.5
2022-12-21,-19912.0,-9295.5,-1630.5,-2592.0,559.0,-191.0,1885.5,-4107.5,-4463.5,202.0,-4226.5,711.5
2022-12-22,-20094.5,-9351.0,-1716.5,-2774.5,489.5,-173.5,1903.0,-4120.5,-4462.5,276.0,-4239.5,642.0
2022-12-23,-19937.0,-9116.0,-1481.5,-2596.0,468.0,61.5,2138.0,-4085.5,-4284.0,454.5,-4204.5,620.5
2022-12-24,-19937.0,-9116.0,-1481.5,-2596.0,468.0,61.5,2138.0,-4085.5,-4284.0,454.5,-4204.5,620.5
2022-12-25,-19937.0,-9116.0,-1481.5,-2596.0,468.0,61.5,2138.0,-4085.5,-4284.0,454.5,-4204.5,620.5
2022-12-26,-19937.0,-9116.0,-1481.5,-2596.0,468.0,61.5,2138.0,-4085.5,-4284.0,454.5,-4204.5,620.5
2022-12-27,-20049.0,-9228.0,-1538.0,-2617.5,468.0,-4.0,2072.5,-4202.5,-4396.0,389.0,-4270.0,620.5
2022-12-28,-20044.0,-9074.0,-1613.5,-2663.5,468.0,-79.5,1997.0,-4278.0,-4625.0,313.5,-4345.5,620.5
2022-12-29,-19998.5,-9067.5,-1445.0,-2657.0,436.5,-73.0,2003.5,-4109.5,-4456.5,482.0,-4177.0,589.0
2022-12-30,-20102.0,-9094.5,-1445.0,-2684.0,436.5,-100.0,1976.5,-4136.5,-4483.5,455.0,-4204.0,589.0
2022-12-31,-20102.0,-9094.5,-1445.0,-2684.0,436.5,-100.0,1976.5,-4136.5,-4483.5,455.0,-4204.0,589.0
2023-01-01,-20102.0,-9094.5,-1445.0,-2684.0,436.5,-100.0,1976.5,-4136.5,-4483.5,455.0,-4204.0,589.0
2023-01-02,-20102.0,-9094.5,-1445.0,-2684.0,436.5,-100.0,1976.5,-4136.5,-4483.5,455.0,-4204.0,589.0
2023-01-03,-20306.5,-9266.5,-1647.5,-2534.5,344.5,-272.0,1834.0,-3816.5,-4334.0,604.5,-3854.5,497.0
2023-01-04,-20212.5,-9101.5,-1482.5,-2369.5,309.5,-107.0,1799.0,-3661.5,-4179.0,559.5,-3899.5,462.0
2023-01-05,-19863.0,-9267.5,-1586.5,-2476.5,250.5,-211.0,1740.0,-3827.5,-4309.0,536.5,-3958.5,403.0
2023-01-06,-20419.5,-9104.5,-1423.5,-2313.5,250.5,-48.0,1903.0,-3912.5,-4360.5,536.5,-3992.0,403.0
2023-01-07,-20419.5,-9104.5,-1423.5,-2313.5,250.5,-48.0,1903.0,-3912.5,-4360.5,536.5,-3992.0,403.0
2023-01-08,-20419.5,-9104.5,-1423.5,-2313.5,250.5,-48.0,1903.0,-3912.5,-4360.5,536.5,-3992.0,403.0
2023-01-09,-20283.0,-9168.0,-1487.0,-2313.5,250.5,-111.5,1839.5,-3912.5,-4424.0,473.0,-3992.0,403.0
2023-01-10,-20268.0,-8991.0,-1546.0,-2313.5,450.5,65.5,2016.5,-3735.5,-4247.0,650.0,-3815.0,603.0
2023-01-11,-19927.0,-8871.0,-1599.0,-2340.5,423.5,206.5,2157.5,-3815.5,-4127.0,791.0,-3874.0,576.0
2023-01-12,-19598.5,-8542.5,-1599.0,-2340.5,423.5,406.5,2357.5,-3815.5,-3798.5,991.0,-3874.0,576.0
2023-01-13,-19676.5,-8565.0,-1621.5,-2349.5,401.0,384.0,2335.0,-3838.0,-3807.5,982.0,-3896.5,553.5
2023-01-14,-19676.5,-8565.0,-1621.5,-2349.5,401.0,384.0,2335.0,-3838.0,-3807.5,982.0,-3896.5,553.5
2023-01-15,-19676.5,-8565.0,-1621.5,-2349.5,401.0,384.0,2335.0,-3838.0,-3807.5,982.0,-3896.5,553.5
2023-01-16,-19703.0,-8591.5,-1648.0,-2376.0,401.0,357.5,2308.5,-3864.5,-3834.0,955.5,-3923.0,553.5
2023-01-17,-19369.5,-8258.0,-1314.5,-2042.5,734.5,691.0,2496.0,-3677.0,-3500.5,1143.0,-3735.5,741.0
2023-01-18,-19373.0,-8160.0,-1216.5,-2146.0,734.5,891.0,2696.0,-3532.5,-3402.5,1343.0,-3535.5,741.0
2023-01-19,-19293.0,-8080.0,-1266.0,-2315.5,734.5,971.0,2776.0,-3332.5,-3202.5,1543.0,-3335.5,741.0
2023-01-20,-19699.5,-8145.0,-1295.5,-2329.5,719.0,941.5,2746.5,-3397.5,-3267.5,1513.5,-3365.0,725.5
2023-01-21,-19699.5,-8145.0,-1295.5,-2329.5,719.0,941.5,2746.5,-3397.5,-3267.5,1513.5,-3365.0,725.5
2023-01-22,-19699.5,-8145.0,-1295.5,-2329.5,719.0,941.5,2746.5,-3397.5,-3267.5,1513.5,-3365.0,725.5
2023-01-23,-20153.5,-8457.5,-1529.0,-2546.0,683.5,629.0,2434.0,-3491.5,-3580.0,1201.0,-3459.0,690.0
2023-01-24,-20002.0,-8204.0,-1129.0,-2572.5,563.5,682.5,2487.5,-3518.0,-3326.5,1254.5,-3485.5,570.0
2023-01-25,-20291.0,-8289.0,-1163.5,-2607.0,563.5,597.5,2402.5,-3552.5,-3411.5,1169.5,-3520.0,570.0
2023-01-26,-20634.0,-8455.0,-1329.5,-2773.0,563.5,431.5,2236.5,-3552.5,-3411.5,1169.5,-3520.0,570.0
2023-01-27,-20809.0,-8572.0,-1407.0,-2773.0,563.5,314.5,2159.0,-3580.5,-3528.5,1092.0,-3548.0,570.0
2023-01-28,-20809.0,-8572.0,-1407.0,-2773.0,563.5,314.5,2159.0,-3580.5,-3528.5,1092.0,-3548.0,570.0
2023-01-29,-20809.0,-8572.0,-1407.0,-2773.0,563.5,314.5,2159.0,-3580.5,-3528.5,1092.0,-3548.0,570.0
2023-01-30,-20904.5,-8667.5,-1427.5,-2848.0,488.5,219.0,2063.5,-3601.0,-3549.0,1071.5,-3568.5,495.0
2023-01-31,-20911.5,-8661.5,-1503.5,-3042.0,828.0,225.0,2069.5,-3601.0,-3425.0,1195.5,-3568.5,834.5
2023-02-01,-20823.0,-8549.0,-1765.5,-2702.5,1028.0,137.5,1760.5,-3712.5,-3268.0,931.0,-3680.0,834.5
2023-02-02,-21058.0,-8801.0,-1805.0,-2787.0,960.5,-114.5,1508.5,-3729.5,-3503.0,696.0,-3697.0,767.0
2023-02-03,-21408.0,-9087.5,-2046.5,-2787.0,960.5,-401.0,1222.0,-3844.5,-3618.0,581.0,-3812.0,767.0
2023-02-04,-21408.0,-9087.5,-2046.5,-2787.0,960.5,-401.0,1222.0,-3844.5,-3618.0,581.0,-3812.0,767.0
2023-02-05,-21408.0,-9087.5,-2046.5,-2787.0,960.5,-401.0,1222.0,-3844.5,-3618.0,581.0,-3812.0,767.0
2023-02-06,-21195.5,-8875.0,-1976.5,-2774.5,1030.5,-188.5,1434.5,-3761.5,-3405.5,793.5,-3729.0,837.0
2023-02-07,-21410.0,-9073.0,-2174.5,-2972.5,1030.5,-386.5,1344.0,-3761.5,-3603.5,703.0,-3729.0,837.0
2023-02-08,-21128.5,-8839.5,-2020.0,-2913.0,1004.5,-153.0,1577.5,-3607.0,-3449.0,857.5,-3574.5,811.0
2023-02-09,-21414.0,-8893.5,-2074.0,-2913.0,1004.5,-207.0,1523.5,-3607.0,-3503.0,803.5,-3574.5,811.0
2023-02-10,-21178.0,-8619.5,-2000.0,-2814.0,979.5,104.5,1835.0,-3533.0,-3204.0,1140.0,-3463.0,786.0
2023-02-11,-21178.0,-8619.5,-2000.0,-2814.0,979.5,104.5,1835.0,-3533.0,-3204.0,1140.0,-3463.0,786.0
2023-02-12,-21178.0,-8619.5,-2000.0,-2814.0,979.5,104.5,1835.0,-3533.0,-3204.0,1140.0,-3463.0,786.0
2023-02-13,-21407.5,-8739.0,-2038.5,-2814.0,979.5,66.0,1796.5,-3554.5,-3323.5,1101.5,-3484.5,786.0
2023-02-14,-21159.0,-8490.5,-1990.0,-2633.5,965.5,409.0,2139.5,-3611.5,-3184.5,1240.5,-3541.5,772.0
2023-02-15,-20877.0,-8548.5,-2048.0,-2691.5,965.5,351.0,2102.0,-3669.5,-3205.0,1220.0,-3579.0,772.0
2023-02-16,-20820.5,-8579.0,-1961.0,-2804.5,769.5,120.5,1871.5,-3504.0,-3235.5,989.5,-3613.5,576.0
2023-02-17,-20615.0,-8373.5,-1961.0,-2813.5,769.5,520.5,2271.5,-3304.0,-3030.0,1132.0,-3413.5,576.0
2023-02-18,-20615.0,-8373.5,-1961.0,-2813.5,769.5,520.5,2271.5,-3304.0,-3030.0,1132.0,-3413.5,576.0
2023-02-19,-20615.0,-8373.5,-1961.0,-2813.5,769.5,520.5,2271.5,-3304.0,-3030.0,1132.0,-3413.5,576.0
2023-02-20,-20555.5,-8314.0,-1996.0,-2796.5,734.5,485.5,2236.5,-3244.5,-2935.5,1132.0,-3448.5,541.0
2023-02-21,-20574.0,-8114.0,-1796.0,-2813.0,934.5,685.5,2436.5,-3044.5,-2952.0,1115.5,-3248.5,741.0
2023-02-22,-20709.5,-8249.5,-1931.5,-2868.5,934.5,550.0,2301.0,-3044.5,-3032.0,1035.5,-3248.5,741.0
2023-02-23,-20864.5,-8259.5,-1966.0,-2844.0,912.0,540.0,2291.0,-3079.0,-3019.5,1048.0,-3283.0,718.5
2023-02-24,-20822.5,-8325.5,-1966.0,-2910.0,912.0,474.0,2225.0,-3079.0,-3085.5,982.0,-3283.0,718.5
2023-02-25,-20822.5,-8325.5,-1966.0,-2910.0,912.0,474.0,2225.0,-3079.0,-3085.5,982.0,-3283.0,718.5
2023-02-26,-20822.5,-8325.5,-1966.0,-2910.0,912.0,474.0,2225.0,-3079.0,-3085.5,982.0,-3283.0,718.5
2023-02-27,-20455.5,-8163.0,-1674.0,-2747.5,833.0,636.5,2387.5,-2837.5,-2844.0,1223.5,-3041.5,639.5
2023-02-28,-20480.5,-8166.0,-1645.5,-2601.0,755.5,662.5,2278.5,-2912.0,-2783.5,1178.0,-3087.0,562.0
2023-03-01,-20709.0,-8224.0,-1703.5,-2659.0,755.5,604.5,2220.5,-2912.0,-2783.5,1178.0,-3087.0,562.0
2023-03-02,-20368.5,-8415.0,-1835.0,-2742.0,696.0,473.0,2089.0,-2912.0,-2974.5,1046.5,-3087.0,562.0
2023-03-03,-20690.5,-8646.5,-1941.5,-2973.5,696.0,366.5,1982.5,-2956.0,-3162.0,1046.5,-3131.0,562.0
2023-03-04,-20690.5,-8646.5,-1941.5,-2973.5,696.0,366.5,1982.5,-2956.0,-3162.0,1046.5,-3131.0,562.0
2023-03-05,-20690.5,-8646.5,-1941.5,-2973.5,696.0,366.5,1982.5,-2956.0,-3162.0,1046.5,-3131.0,562.0
2023-03-06,-20795.0,-8702.5,-1997.5,-2994.5,667.0,318.5,1934.5,-3012.0,-3218.0,998.5,-3179.0,562.0
2023-03-07,-20650.0,-8557.5,-2021.5,-2825.5,812.0,494.5,2110.5,-3036.0,-3073.0,1174.5,-3203.0,738.0
2023-03-08,-20514.0,-8421.5,-2083.0,-2858.0,812.0,630.5,2046.0,-3097.5,-2934.5,1112.5,-3265.0,738.0
2023-03-09,-20723.0,-8578.0,-2123.0,-2858.0,812.0,541.5,1957.0,-3137.5,-3091.0,1023.5,-3305.0,738.0
2023-03-10,-20749.5,-8192.5,-1930.0,-2858.0,777.5,727.0,2142.5,-3253.5,-3267.5,907.5,-3421.0,703.5
2023-03-11,-20749.5,-8192.5,-1930.0,-2858.0,777.5,727.0,2142.5,-3253.5,-3267.5,907.5,-3421.0,703.5
2023-03-12,-20749.5,-8192.5,-1930.0,-2858.0,777.5,727.0,2142.5,-3253.5,-3267.5,907.5,-3421.0,703.5
2023-03-13,-20600.5,-7802.0,-1739.5,-2953.0,635.0,620.0,2035.5,-2951.0,-2976.0,1012.5,-3318.5,561.0
2023-03-14,-20329.5,-7619.0,-1556.5,-2953.0,618.0,803.0,2218.5,-3099.0,-2917.5,931.5,-3466.5,544.0
2023-03-15,-20504.0,-7212.5,-1119.0,-3115.5,618.0,1009.5,2425.0,-3130.0,-2348.5,1300.5,-3497.5,544.0
2023-03-16,-20595.5,-7104.0,-1010.5,-2978.5,618.0,1181.0,2596.5,-3214.0,-2240.0,1472.0,-3581.5,544.0
2023-03-17,-20563.0,-7033.0,-1106.0,-2907.5,618.0,1335.0,2785.0,-3260.0,-2169.0,1660.5,-3593.0,544.0
2023-03-18,-20563.0,-7033.0,-1106.0,-2907.5,618.0,1335.0,2785.0,-3260.0,-2169.0,1660.5,-3593.0,544.0
2023-03-19,-20563.0,-7033.0,-1106.0,-2907.5,618.0,1335.0,2785.0,-3260.0,-2169.0,1660.5,-3593.0,544.0
2023-03-20,-20289.0,-7192.5,-1265.5,-3013.5,618.0,1175.5,2625.5,-3313.5,-2328.5,1501.0,-3646.5,544.0
2023-03-21,-20507.5,-7250.0,-1265.5,-3071.0,618.0,1118.0,2568.0,-3313.5,-2386.0,1443.5,-3646.5,544.0
2023-03-22,-20533.0,-7432.0,-1384.0,-3115.0,574.0,936.0,2414.0,-3430.5,-2568.0,1289.5,-3735.5,500.0
2023-03-23,-20878.5,-7679.0,-1384.0,-3162.0,574.0,689.0,2167.0,-3477.5,-2615.0,1242.5,-3782.5,500.0
2023-03-24,-21046.5,-7747.0,-1402.5,-3180.5,574.0,621.0,2099.0,-3545.5,-2683.0,1174.5,-3850.5,500.0
2023-03-25,-21046.5,-7747.0,-1402.5,-3180.5,574.0,621.0,2099.0,-3545.5,-2683.0,1174.5,-3850.5,500.0
2023-03-26,-21046.5,-7747.0,-1402.5,-3180.5,574.0,621.0,2099.0,-3545.5,-2683.0,1174.5,-3850.5,500.0
2023-03-27,-21152.0,-7783.5,-1439.0,-3180.5,574.0,584.5,2062.5,-3582.0,-2719.5,1138.0,-3887.0,500.0
2023-03-28,-21152.0,-7783.5,-1439.0,-3180.5,574.0,584.5,2062.5,-3582.0,-2719.5,1138.0,-3887.0,500.0
2023-03-29,-21349.0,-7771.0,-1569.5,-3282.5,745.5,597.0,2177.0,-3410.5,-2605.0,1252.5,-3715.5,671.5
2023-03-30,-21387.5,-7803.5,-1602.0,-3315.0,745.5,564.5,2144.5,-3443.0,-2605.0,1252.5,-3748.0,671.5
2023-03-31,-21201.5,-7617.5,-1416.0,-3115.0,731.5,750.5,2330.5,-3457.0,-2619.0,1238.5,-3762.0,657.5
2023-04-01,-21201.5,-7617.5,-1416.0,-3115.0,731.5,750.5,2330.5,-3457.0,-2619.0,1238.5,-3762.0,657.5
2023-04-02,-21201.5,-7617.5,-1416.0,-3115.0,731.5,750.5,2330.5,-3457.0,-2619.0,1238.5,-3762.0,657.5
2023-04-03,-21433.0,-7849.0,-1533.5,-3229.0,731.5,519.0,2099.0,-3537.0,-2736.5,1121.0,-3842.0,657.5
2023-04-04,-21311.0,-7727.0,-1402.5,-3229.0,701.5,664.5,2044.5,-3406.0,-2584.5,1296.5,-3887.5,627.5
2023-04-05,-20911.0,-7797.5,-1473.0,-3299.5,701.5,639.0,2019.0,-3431.5,-2655.0,1271.0,-3913.0,627.5
2023-04-06,-20984.0,-7684.5,-1360.0,-3350.5,865.5,788.0,2168.0,-3267.5,-2542.0,1420.0,-3713.0,827.5
2023-04-07,-21021.5,-7722.0,-1397.5,-3388.0,828.0,750.5,2130.5,-3305.0,-2579.5,1382.5,-3750.5,790.0
2023-04-08,-21021.5,-7722.0,-1397.5,-3388.0,828.0,750.5,2130.5,-3305.0,-2579.5,1382.5,-3750.5,790.0
2023-04-09,-21021.5,-7722.0,-1397.5,-3388.0,828.0,750.5,2130.5,-3305.0,-2579.5,1382.5,-3750.5,790.0
2023-04-10,-20780.5,-7782.5,-1414.0,-3426.5,806.0,690.0,2070.0,-3365.5,-2596.0,1366.0,-3811.0,768.0
2023-04-11,-20896.5,-7898.5,-1500.0,-3473.5,806.0,574.0,2012.5,-3423.0,-2653.5,1308.5,-3868.5,768.0
2023-04-12,-21105.5,-7710.0,-1500.0,-3485.0,806.0,562.5,2001.0,-3434.5,-2465.0,1297.0,-3880.0,768.0
2023-04-13,-21243.5,-7755.0,-1545.0,-3530.0,806.0,517.5,1956.0,-3479.5,-2510.0,1252.0,-3925.0,768.0
2023-04-14,-21402.5,-7774.5,-1390.0,-3467.0,961.0,543.0,1981.5,-3324.5,-2529.5,1277.5,-3725.0,968.0
2023-04-15,-21402.5,-7774.5,-1390.0,-3467.0,961.0,543.0,1981.5,-3324.5,-2529.5,1277.5,-3725.0,968.0
2023-04-16,-21402.5,-7774.5,-1390.0,-3467.0,961.0,543.0,1981.5,-3324.5,-2529.5,1277.5,-3725.0,968.0
2023-04-17,-21433.5,-7589.5,-1205.0,-3482.0,1161.0,728.0,2166.5,-3139.5,-2344.5,1462.5,-3540.0,1168.0
2023-04-18,-21484.5,-7640.5,-1256.0,-3502.5,1130.5,707.5,2146.0,-3190.5,-2395.5,1442.0,-3560.5,1168.0
2023-04-19,-21659.5,-7815.5,-1396.0,-3537.5,1031.5,532.5,1971.0,-3239.5,-2479.5,1358.0,-3609.5,1069.0
2023-04-20,-21325.0,-7685.5,-1221.5,-3537.5,1031.5,688.0,2126.5,-3065.0,-2349.5,1513.5,-3409.5,1069.0
2023-04-21,-21507.0,-7850.5,-1332.5,-3430.5,1031.5,523.0,1982.5,-3123.0,-2461.5,1422.5,-3446.5,1069.0
2023-04-22,-21507.0,-7850.5,-1332.5,-3430.5,1031.5,523.0,1982.5,-3123.0,-2461.5,1422.5,-3446.5,1069.0
2023-04-23,-21507.0,-7850.5,-1332.5,-3430.5,1031.5,523.0,1982.5,-3123.0,-2461.5,1422.5,-3446.5,1069.0
2023-04-24,-21440.5,-7784.0,-1241.5,-3455.0,987.0,589.5,2049.0,-3184.5,-2395.0,1489.0,-3508.0,1024.5
2023-04-25,-21404.5,-7639.0,-1067.5,-3281.0,958.0,763.5,2223.0,-3039.5,-2250.0,1663.0,-3334.0,1024.5
2023-04-26,-21601.0,-7814.5,-1243.0,-3422.5,827.0,588.0,2047.5,-3084.0,-2294.5,1652.5,-3378.5,893.5
2023-04-27,-21831.5,-7721.0,-1378.5,-3304.5,827.0,681.5,2165.5,-3137.5,-2201.0,1570.5,-3378.5,893.5
2023-04-28,-21544.0,-7398.0,-1055.5,-2904.5,796.0,804.5,2288.5,-3214.5,-1847.0,1724.5,-3455.5,862.5
2023-04-29,-21544.0,-7398.0,-1055.5,-2904.5,796.0,804.5,2288.5,-3214.5,-1847.0,1724.5,-3455.5,862.5
2023-04-30,-21544.0,-7398.0,-1055.5,-2904.5,796.0,804.5,2288.5,-3214.5,-1847.0,1724.5,-3455.5,862.5
2023-05-01,-21692.5,-7532.0,-1131.0,-3023.0,780.5,670.5,2154.5,-3263.5,-1981.0,1590.5,-3504.5,847.0
2023-05-02,-21707.5,-7547.0,-1146.0,-3038.0,780.5,655.5,2139.5,-3278.5,-1996.0,1575.5,-3519.5,847.0
2023-05-03,-21370.0,-7791.0,-1256.0,-3138.5,706.5,411.5,1895.5,-3341.0,-2123.0,1448.5,-3582.0,773.0
2023-05-04,-21296.0,-7717.0,-1182.0,-3036.5,706.5,485.5,1969.5,-3369.0,-2049.0,1522.5,-3610.0,773.0
2023-05-05,-21540.0,-7900.0,-1190.0,-3044.5,654.5,302.5,1786.5,-3325.0,-2005.0,1566.5,-3566.0,721.0
2023-05-06,-21540.0,-7900.0,-1190.0,-3044.5,654.5,302.5,1786.5,-3325.0,-2005.0,1566.5,-3566.0,721.0
2023-05-07,-21540.0,-7900.0,-1190.0,-3044.5,654.5,302.5,1786.5,-3325.0,-2005.0,1566.5,-3566.0,721.0
2023-05-08,-21667.0,-8027.0,-1317.0,-2916.5,654.5,211.0,1695.0,-3412.0,-2132.0,1475.0,-3617.5,721.0
2023-05-09,-21701.0,-8061.0,-1365.5,-2938.5,654.5,177.0,1646.5,-3424.0,-2166.0,1426.5,-3629.5,721.0
2023-05-10,-21411.0,-7945.5,-1438.5,-2981.5,654.5,261.0,1730.5,-3463.5,-2017.0,1544.0,-3669.0,721.0
2023-05-11,-21600.0,-8097.5,-1523.5,-2998.0,654.5,109.0,1578.5,-3548.5,-2102.0,1459.0,-3754.0,721.0
2023-05-12,-21528.5,-8026.0,-1478.0,-2878.5,597.0,180.5,1650.0,-3596.5,-2030.5,1530.5,-3802.0,663.5
2023-05-13,-21528.5,-8026.0,-1478.0,-2878.5,597.0,180.5,1650.0,-3596.5,-2030.5,1530.5,-3802.0,663.5
2023-05-14,-21528.5,-8026.0,-1478.0,-2878.5,597.0,180.5,1650.0,-3596.5,-2030.5,1530.5,-3802.0,663.5
2023-05-15,-21698.5,-8106.5,-1502.5,-2878.5,597.0,100.0,1625.5,-3621.0,-2055.0,1506.0,-3826.5,663.5
2023-05-16,-21710.5,-8060.5,-1411.5,-2815.5,597.0,36.5,1562.0,-3656.5,-2009.0,1442.5,-3862.0,663.5
2023-05-17,-21841.0,-8118.0,-1501.5,-2873.0,597.0,-21.0,1504.5,-3665.5,-2054.0,1397.5,-3871.0,663.5
2023-05-18,-21704.5,-7942.5,-1326.0,-2697.5,597.0,154.5,1680.0,-3490.0,-1878.5,1573.0,-3695.5,663.5
2023-05-19,-21628.0,-7979.0,-1362.5,-2734.0,597.0,118.0,1643.5,-3526.5,-1915.0,1536.5,-3732.0,663.5
2023-05-20,-21628.0,-7979.0,-1362.5,-2734.0,597.0,118.0,1643.5,-3526.5,-1915.0,1536.5,-3732.0,663.5
2023-05-21,-21628.0,-7979.0,-1362.5,-2734.0,597.0,118.0,1643.5,-3526.5,-1915.0,1536.5,-3732.0,663.5
2023-05-22,-21598.5,-7997.0,-1380.5,-2734.0,597.0,100.0,1625.5,-3544.5,-1933.0,1518.5,-3750.0,663.5
2023-05-23,-21753.5,-8096.5,-1380.5,-2833.5,597.0,0.5,1526.0,-3571.5,-2032.5,1419.0,-3777.0,663.5
2023-05-24,-21570.0,-7913.0,-1197.0,-2650.0,597.0,200.5,1726.0,-3388.0,-1849.0,1619.0,-3577.0,663.5
2023-05-25,-21553.0,-7896.0,-1145.5,-2748.5,597.0,217.5,1743.0,-3270.0,-1821.0,1647.0,-3459.0,663.5
2023-05-26,-21804.5,-7947.5,-1197.0,-2948.5,563.5,166.0,1691.5,-3321.5,-1672.5,1795.5,-3510.5,630.0
2023-05-27,-21804.5,-7947.5,-1197.0,-2948.5,563.5,166.0,1691.5,-3321.5,-1672.5,1795.5,-3510.5,630.0
2023-05-28,-21804.5,-7947.5,-1197.0,-2948.5,563.5,166.0,1691.5,-3321.5,-1672.5,1795.5,-3510.5,630.0
2023-05-29,-21776.0,-7919.0,-1168.5,-2948.5,545.0,194.5,1720.0,-3321.5,-1644.0,1824.0,-3510.5,611.5
2023-05-30,-21758.5,-7690.5,-1109.0,-2670.0,745.0,426.0,1968.0,-2988.0,-1510.5,1977.0,-3157.5,811.5
2023-05-31,-21882.5,-7814.5,-1230.0,-2749.5,720.5,326.5,1868.5,-3112.0,-1666.5,1900.5,-3257.0,811.5
2023-06-01,-22214.0,-7963.0,-1378.5,-2854.5,677.0,178.0,1720.0,-3194.5,-1815.0,1752.0,-3339.5,768.0
2023-06-02,-22280.0,-7835.5,-1251.0,-2727.0,677.0,335.0,1877.0,-3067.0,-1644.5,1952.0,-3182.5,768.0
2023-06-03,-22280.0,-7835.5,-1251.0,-2727.0,677.0,335.0,1877.0,-3067.0,-1644.5,1952.0,-3182.5,768.0
2023-06-04,-22280.0,-7835.5,-1251.0,-2727.0,677.0,335.0,1877.0,-3067.0,-1644.5,1952.0,-3182.5,768.0
2023-06-05,-22080.0,-7635.5,-1051.0,-2527.0,652.0,535.0,2077.0,-2867.0,-1444.5,2152.0,-2982.5,743.0
2023-06-06,-22128.0,-7683.5,-1113.5,-2597.5,652.0,487.0,2029.0,-2952.0,-1492.5,2104.0,-3041.5,743.0
2023-06-07,-22173.5,-7644.5,-989.0,-2423.0,576.5,526.0,2153.5,-2977.5,-1403.5,2278.5,-3067.0,667.5
2023-06-08,-22014.5,-7444.5,-989.0,-2423.0,576.5,726.0,2353.5,-2977.5,-1203.5,2478.5,-3067.0,667.5
2023-06-09,-22082.0,-7201.5,-789.0,-2023.0,576.5,769.0,2396.5,-2777.5,-803.5,2678.5,-2867.0,667.5
2023-06-10,-22082.0,-7201.5,-789.0,-2023.0,576.5,769.0,2396.5,-2777.5,-803.5,2678.5,-2867.0,667.5
2023-06-11,-22082.0,-7201.5,-789.0,-2023.0,576.5,769.0,2396.5,-2777.5,-803.5,2678.5,-2867.0,667.5
2023-06-12,-21966.5,-7045.5,-606.5,-2049.5,576.5,925.0,2552.5,-2621.5,-647.5,2834.5,-2711.0,667.5
2023-06-13,-21807.0,-6970.5,-606.5,-1849.5,576.5,760.0,2387.5,-2661.5,-913.5,2669.5,-2751.0,667.5
2023-06-14,-21679.0,-7125.5,-696.0,-1938.5,576.5,639.0,2266.5,-2759.0,-1037.0,2580.0,-2814.5,667.5
2023-06-15,-21713.0,-6925.5,-496.0,-1938.5,776.5,839.0,2466.5,-2805.5,-1037.0,2580.0,-2861.0,867.5
2023-06-16,-21842.5,-6906.5,-384.5,-2088.0,776.5,858.0,2485.5,-2837.0,-1201.5,2415.5,-2892.5,867.5
2023-06-17,-21842.5,-6906.5,-384.5,-2088.0,776.5,858.0,2485.5,-2837.0,-1201.5,2415.5,-2892.5,867.5
2023-06-18,-21862.5,-6926.5,-404.5,-2108.0,776.5,838.0,2465.5,-2857.0,-1221.5,2395.5,-2912.5,867.5
2023-06-19,-21916.5,-6980.5,-445.0,-2148.5,763.0,784.0,2411.5,-2911.0,-1256.5,2360.5,-2966.5,854.0
2023-06-20,-21838.5,-6902.5,-339.0,-2197.0,938.5,662.0,2338.0,-2984.5,-1354.0,2311.5,-3040.0,829.5
2023-06-21,-21657.0,-6721.0,-157.5,-2015.5,938.5,843.5,2519.5,-2803.0,-1172.5,2493.0,-2858.5,829.5
2023-06-22,-21620.5,-6684.5,-321.0,-2179.0,1138.5,880.0,2556.0,-2849.5,-1102.0,2563.5,-2905.0,1029.5
2023-06-23,-21350.5,-6414.5,-121.0,-2179.0,1081.0,1207.5,2683.5,-2849.5,-832.0,2691.0,-2905.0,1029.5
2023-06-24,-21350.5,-6414.5,-121.0,-2179.0,1081.0,1207.5,2683.5,-2849.5,-832.0,2691.0,-2905.0,1029.5
2023-06-25,-21363.5,-6427.5,-134.0,-2192.0,1081.0,1194.5,2670.5,-2862.5,-845.0,2678.0,-2918.0,1029.5
2023-06-26,-21283.5,-6231.0,131.0,-1882.5,1036.5,1493.0,2969.0,-2797.5,-648.5,2976.5,-2819.5,985.0
2023-06-27,-21541.5,-6289.0,133.0,-1940.5,1036.5,1395.5,2871.5,-2797.5,-646.5,2939.0,-2819.5,985.0
2023-06-28,-21731.0,-6478.5,-17.0,-2028.0,967.0,1259.5,2735.5,-2824.5,-836.0,2803.0,-2846.5,915.5
2023-06-29,-21750.5,-6468.5,-118.0,-1997.0,967.0,1269.5,2634.5,-2880.5,-781.0,2747.0,-2902.5,915.5
2023-06-30,-21599.0,-6329.5,57.0,-1822.0,931.0,1405.5,2798.5,-2705.5,-606.0,2947.0,-2702.5,879.5
2023-07-01,-21599.0,-6329.5,57.0,-1822.0,931.0,1405.5,2798.5,-2705.5,-606.0,2947.0,-2702.5,879.5
2023-07-02,-21599.0,-6329.5,57.0,-1822.0,931.0,1405.5,2798.5,-2705.5,-606.0,2947.0,-2702.5,879.5
2023-07-03,-21602.5,-6333.0,41.5,-1837.5,931.0,1402.0,2795.0,-2721.0,-606.0,2947.0,-2718.0,879.5
2023-07-04,-21635.0,-6365.5,9.0,-1837.5,931.0,1369.5,2762.5,-2753.5,-621.5,2931.5,-2750.5,879.5
2023-07-05,-21690.5,-6385.0,68.5,-1849.5,912.0,1338.5,2731.5,-2784.5,-638.5,2903.0,-2781.5,860.5
2023-07-06,-21364.0,-6005.5,468.5,-1449.5,912.0,1718.0,3111.0,-2405.0,-259.0,3282.5,-2402.0,860.5
2023-07-07,-21512.5,-5857.5,646.5,-1279.5,912.0,1666.0,3047.0,-2257.0,-111.0,3218.5,-2424.0,860.5
2023-07-08,-21512.5,-5857.5,646.5,-1279.5,912.0,1666.0,3047.0,-2257.0,-111.0,3218.5,-2424.0,860.5
2023-07-09,-21512.5,-5877.0,646.5,-1279.5,912.0,1646.5,3027.5,-2276.5,-111.0,3218.5,-2443.5,860.5
2023-07-10,-21447.5,-5986.5,577.5,-1315.0,912.0,1572.5,2953.5,-2386.0,-220.5,3144.5,-2517.5,860.5
2023-07-11,-21284.0,-6105.5,553.5,-1434.0,912.0,1453.5,2834.5,-2462.0,-339.5,3025.5,-2593.5,860.5
2023-07-12,-21635.0,-5919.0,510.5,-1447.5,869.0,1640.0,3021.0,-2275.5,-153.0,3212.0,-2407.0,817.5
2023-07-13,-21485.5,-5769.5,685.0,-1272.5,869.0,1789.5,3195.5,-2126.0,-3.5,3386.5,-2232.5,817.5
2023-07-14,-21692.0,-5851.5,623.5,-1331.5,869.0,1707.5,3113.5,-2208.0,-85.5,3304.5,-2314.5,817.5
2023-07-15,-21692.0,-5851.5,623.5,-1331.5,869.0,1707.5,3113.5,-2208.0,-85.5,3304.5,-2314.5,817.5
2023-07-16,-21692.0,-5851.5,623.5,-1331.5,869.0,1707.5,3113.5,-2208.0,-85.5,3304.5,-2314.5,817.5
2023-07-17,-21692.0,-5851.5,623.5,-1331.5,869.0,1707.5,3113.5,-2208.0,-85.5,3304.5,-2314.5,817.5
2023-07-18,-21923.0,-5946.5,613.0,-1426.5,858.5,1612.5,3018.5,-2218.5,-180.5,3209.5,-2325.0,807.0
2023-07-19,-22019.0,-6025.0,599.0,-1505.0,794.0,1534.0,2940.0,-2232.5,-259.0,3131.0,-2339.0,742.5
2023-07-20,-22334.5,-5887.5,765.0,-1567.5,794.0,1671.5,3077.5,-2095.0,-121.5,3268.5,-2201.5,742.5
2023-07-21,-22460.0,-5987.5,665.0,-1558.5,794.0,1627.5,3112.0,-1920.5,-167.0,3357.5,-2001.5,742.5
2023-07-22,-22460.0,-5987.5,665.0,-1558.5,794.0,1627.5,3112.0,-1920.5,-167.0,3357.5,-2001.5,742.5
2023-07-23,-22460.0,-5987.5,665.0,-1558.5,794.0,1627.5,3112.0,-1920.5,-167.0,3357.5,-2001.5,742.5
2023-07-24,-22560.0,-6083.0,604.5,-1619.0,733.5,1532.0,3016.5,-1955.5,-202.0,3322.5,-2036.5,682.0
2023-07-25,-22006.0,-5529.0,804.5,-1287.5,933.5,2086.0,3570.5,-1978.0,-24.5,3500.0,-2059.0,882.0
2023-07-26,-22074.5,-5527.0,862.0,-1156.5,695.5,2078.5,3563.0,-1796.0,116.0,3631.0,-1877.0,725.5
2023-07-27,-21827.0,-5481.0,1035.5,-1176.5,695.5,1904.5,3389.0,-1622.5,169.0,3584.5,-1923.5,725.5
2023-07-28,-22033.5,-5613.0,903.5,-1176.5,695.5,1772.5,3257.0,-1622.5,169.0,3584.5,-1923.5,725.5
2023-07-29,-22033.5,-5613.0,903.5,-1176.5,695.5,1772.5,3257.0,-1622.5,169.0,3584.5,-1923.5,725.5
2023-07-30,-22103.0,-5647.5,903.5,-1176.5,695.5,1738.0,3222.5,-1657.0,134.5,3550.0,-1958.0,725.5
2023-07-31,-22168.5,-5562.5,988.5,-1202.0,695.5,1823.0,3307.5,-1572.0,134.5,3550.0,-1873.0,725.5
2023-08-01,-22373.5,-5774.0,822.0,-1278.5,695.5,1645.0,3129.5,-1626.0,33.0,3448.5,-1893.5,725.5
2023-08-02,-22872.5,-5935.0,704.5,-1334.0,695.5,1498.5,2983.0,-1725.0,-128.0,3302.0,-1978.0,725.5
2023-08-03,-23082.0,-5865.5,1053.0,-985.5,644.0,1596.5,2881.0,-1599.0,-58.5,3200.0,-2023.5,674.0
2023-08-04,-22819.0,-5519.0,1199.5,-785.5,644.0,1743.0,2827.5,-1599.0,288.0,3146.5,-2023.5,674.0
2023-08-05,-22819.0,-5519.0,1199.5,-785.5,644.0,1743.0,2827.5,-1599.0,288.0,3146.5,-2023.5,674.0
2023-08-06,-22819.0,-5519.0,1199.5,-785.5,644.0,1743.0,2827.5,-1599.0,288.0,3146.5,-2023.5,674.0
2023-08-07,-22937.5,-5804.5,1098.5,-1024.0,644.0,1457.5,2542.0,-1700.0,269.0,3127.5,-2124.5,674.0
2023-08-08,-22822.5,-5689.5,1277.0,-887.5,622.5,1572.5,2657.0,-1585.0,384.0,3242.5,-2009.5,652.5
2023-08-09,-22445.5,-5742.0,1258.5,-921.5,570.0,1520.0,2604.5,-1637.5,365.5,3224.0,-2062.0,600.0
2023-08-10,-22252.5,-5713.0,1341.0,-784.0,570.0,1349.0,2433.5,-1525.5,424.0,3082.5,-2150.0,600.0
2023-08-11,-22093.0,-5429.5,1310.0,-700.5,570.0,1518.0,2602.5,-1556.5,507.5,3051.5,-2181.0,600.0
2023-08-12,-22093.0,-5429.5,1310.0,-700.5,570.0,1518.0,2602.5,-1556.5,507.5,3051.5,-2181.0,600.0
2023-08-13,-22093.0,-5429.5,1310.0,-700.5,570.0,1518.0,2602.5,-1556.5,507.5,3051.5,-2181.0,600.0
2023-08-14,-22227.5,-5548.0,1221.5,-819.0,570.0,1399.5,2484.0,-1675.0,389.0,2933.0,-2299.5,600.0
2023-08-15,-22396.0,-5669.0,1177.5,-909.5,570.0,1278.5,2363.0,-1723.0,294.5,2838.5,-2347.5,600.0
2023-08-16,-22579.0,-5353.5,1346.5,-759.0,535.0,1594.0,2678.5,-1572.5,259.5,2803.5,-2197.0,565.0
2023-08-17,-22625.0,-5399.5,1300.5,-805.0,535.0,1548.0,2632.5,-1572.5,213.5,2757.5,-2197.0,565.0
2023-08-18,-22186.5,-5123.5,1576.5,-463.5,535.0,1862.5,2991.0,-1452.5,489.5,3116.0,-2038.5,565.0
2023-08-19,-22186.5,-5123.5,1576.5,-463.5,535.0,1862.5,2991.0,-1452.5,489.5,3116.0,-2038.5,565.0
2023-08-20,-22186.5,-5123.5,1576.5,-463.5,535.0,1862.5,2991.0,-1452.5,489.5,3116.0,-2038.5,565.0
2023-08-21,-22431.5,-5368.5,1485.5,-708.5,426.0,1617.5,2746.0,-1527.0,318.5,2945.0,-2113.0,456.0
2023-08-22,-22298.0,-5235.0,1419.0,-575.0,559.5,1751.0,2879.5,-1556.0,452.0,3078.5,-2142.0,589.5
2023-08-23,-22357.5,-5225.0,1536.0,-532.0,438.5,1891.5,3020.0,-1456.5,463.5,3220.5,-2000.0,556.5
2023-08-24,-22567.5,-5351.0,1477.5,-680.5,438.5,1765.5,2894.0,-1559.5,337.5,3094.5,-2070.5,556.5
2023-08-25,-22250.5,-5434.0,1477.5,-680.5,438.5,1728.0,2856.5,-1442.5,454.5,3257.0,-1908.0,556.5
2023-08-26,-22250.5,-5434.0,1477.5,-680.5,438.5,1728.0,2856.5,-1442.5,454.5,3257.0,-1908.0,556.5
2023-08-27,-22250.5,-5434.0,1477.5,-680.5,438.5,1728.0,2856.5,-1442.5,454.5,3257.0,-1908.0,556.5
2023-08-28,-21737.5,-4921.0,2077.5,-167.5,751.5,2241.0,3169.5,-842.5,967.5,3570.0,-1708.0,869.5
2023-08-29,-21493.0,-5013.0,1996.0,-217.5,712.0,2149.0,3077.5,-934.5,875.5,3478.0,-1800.0,830.0
2023-08-30,-21123.0,-4643.0,2180.0,-31.5,912.0,2519.0,3447.5,-564.5,1245.5,3848.0,-1630.0,1030.0
2023-08-31,-21079.5,-4599.5,2223.5,12.0,894.5,2562.5,3491.0,-582.0,1228.0,3830.5,-1647.5,1012.5
2023-09-01,-21059.5,-4481.5,2209.0,130.0,894.5,2762.5,3476.5,-596.5,1131.5,3816.0,-1662.0,1012.5
2023-09-02,-21059.5,-4481.5,2209.0,130.0,894.5,2762.5,3476.5,-596.5,1131.5,3816.0,-1662.0,1012.5
2023-09-03,-21059.5,-4481.5,2209.0,130.0,894.5,2762.5,3476.5,-596.5,1131.5,3816.0,-1662.0,1012.5
2023-09-04,-21008.5,-4430.5,2260.0,130.0,894.5,2813.5,3527.5,-651.0,1106.5,3791.0,-1716.5,1012.5
2023-09-05,-20832.5,-4113.5,2604.5,330.0,1068.0,3130.5,3844.5,-478.0,1024.0,3708.5,-1543.5,1212.5
2023-09-06,-20588.5,-4233.5,2491.5,194.0,1030.5,3330.5,4044.5,-278.0,1179.5,3908.5,-1343.5,1212.5
2023-09-07,-19988.5,-3633.5,2891.5,394.0,1230.5,3930.5,4644.5,122.0,1779.5,4508.5,-943.5,1412.5
2023-09-08,-19944.5,-3480.5,3091.5,371.0,1430.5,4107.5,4821.5,275.0,1932.5,4685.5,-966.5,1412.5
2023-09-09,-19944.5,-3480.5,3091.5,371.0,1430.5,4107.5,4821.5,275.0,1932.5,4685.5,-966.5,1412.5
2023-09-10,-19976.5,-3512.5,3059.5,371.0,1430.5,4075.5,4789.5,243.0,1900.5,4653.5,-998.5,1412.5
2023-09-11,-20101.5,-3637.5,2934.5,405.0,1430.5,3985.5,4699.5,220.0,1876.5,4664.5,-1021.5,1412.5
2023-09-12,-19774.5,-3729.5,2866.5,381.0,1430.5,3893.5,4607.5,196.0,1852.5,4640.5,-1045.5,1412.5
2023-09-13,-20032.5,-3498.0,2898.0,612.5,1359.5,4150.0,4935.0,349.0,1943.0,4827.0,-859.0,1341.5
2023-09-14,-20108.0,-3573.5,2822.5,639.0,1359.5,4074.5,4859.5,330.0,1867.5,4751.5,-878.0,1341.5
2023-09-15,-20538.0,-3946.5,2822.5,266.0,1359.5,3901.5,4686.5,330.0,1867.5,4751.5,-878.0,1341.5
2023-09-16,-20538.0,-3946.5,2822.5,266.0,1359.5,3901.5,4686.5,330.0,1867.5,4751.5,-878.0,1341.5
2023-09-17,-20538.0,-3946.5,2822.5,266.0,1359.5,3901.5,4686.5,330.0,1867.5,4751.5,-878.0,1341.5
2023-09-18,-20473.0,-3995.0,2744.0,206.5,1352.5,3853.0,4638.0,288.5,1856.0,4740.0,-919.5,1334.5
2023-09-19,-20371.5,-3795.0,2944.0,406.5,1352.5,4053.0,4838.0,261.0,1824.0,4708.0,-947.0,1334.5
2023-09-20,-20294.0,-3717.5,3021.5,504.0,1332.5,4018.5,4803.5,226.5,1701.5,4673.5,-981.5,1314.5
2023-09-21,-20574.5,-3959.0,2929.5,306.0,1209.5,3948.5,4733.5,178.0,1460.0,4603.5,-1008.0,1314.5
2023-09-22,-20716.5,-3928.5,2960.0,136.5,1175.0,3979.0,4764.0,143.5,1525.0,4668.5,-1042.5,1280.0
2023-09-23,-20716.5,-3928.5,2960.0,136.5,1175.0,3979.0,4764.0,143.5,1525.0,4668.5,-1042.5,1280.0
2023-09-24,-20716.5,-3928.5,2960.0,136.5,1175.0,3979.0,4764.0,143.5,1525.0,4668.5,-1042.5,1280.0
2023-09-25,-20662.5,-3850.5,3134.5,311.0,1175.0,4057.0,4899.0,78.5,1603.0,4803.5,-1107.5,1280.0
2023-09-26,-21014.0,-4055.0,2930.0,231.0,1071.0,3835.5,4677.5,32.5,1557.0,4757.5,-1153.5,1176.0
2023-09-27,-20673.5,-3843.0,3142.0,241.5,1071.0,4006.5,4648.5,203.5,1569.0,4728.5,-1182.5,1176.0
2023-09-28,-20276.5,-3492.0,3493.0,392.5,1071.0,4357.5,4999.5,203.5,1920.0,5079.5,-1182.5,1176.0
2023-09-29,-20216.0,-3431.5,3363.5,355.0,1071.0,4474.5,5116.5,144.5,1780.5,4996.5,-1241.5,1176.0
2023-09-30,-20216.0,-3431.5,3363.5,355.0,1071.0,4474.5,5116.5,144.5,1780.5,4996.5,-1241.5,1176.0
2023-10-01,-20216.0,-3431.5,3363.5,355.0,1071.0,4474.5,5116.5,144.5,1780.5,4996.5,-1241.5,1176.0
2023-10-02,-20299.5,-3250.0,3545.0,555.0,1071.0,4656.0,5298.0,126.0,1762.0,4978.0,-1260.0,1176.0
2023-10-03,-20414.5,-3244.5,3581.5,555.5,1071.0,4410.0,5052.0,78.0,1765.5,4930.0,-1308.0,1176.0
2023-10-04,-20690.0,-3444.5,3581.5,555.5,1071.0,4210.0,4852.0,78.0,1765.5,4930.0,-1308.0,1176.0
2023-10-05,-20871.0,-3625.5,3431.5,543.0,933.5,4060.0,4702.0,65.5,1753.0,4917.5,-1320.5,1038.5
2023-10-06,-21333.0,-3702.5,3354.5,516.5,933.5,3983.0,4625.0,-11.5,1676.0,4840.5,-1397.5,1038.5
2023-10-07,-21333.0,-3702.5,3354.5,516.5,933.5,3983.0,4625.0,-11.5,1676.0,4840.5,-1397.5,1038.5
2023-10-08,-21333.0,-3702.5,3354.5,516.5,933.5,3983.0,4625.0,-11.5,1676.0,4840.5,-1397.5,1038.5
2023-10-09,-21058.5,-3636.5,3220.5,716.5,933.5,4049.0,4691.0,-70.0,1742.0,4906.5,-1456.0,1038.5
2023-10-10,-21082.5,-3660.5,3196.5,716.5,933.5,4025.0,4667.0,-94.0,1718.0,4882.5,-1480.0,1038.5
2023-10-11,-21354.5,-3788.0,3069.0,589.0,933.5,3897.5,4539.5,-147.0,1665.0,4829.5,-1533.0,1038.5
2023-10-12,-21625.0,-3904.0,3016.0,515.0,916.0,3800.5,4442.5,-191.0,1542.0,4750.0,-1577.0,1021.0
2023-10-13,-21783.5,-4062.5,2857.5,356.5,784.5,3642.0,4284.0,-218.0,1383.5,4591.5,-1604.0,889.5
2023-10-14,-21783.5,-4062.5,2857.5,356.5,784.5,3642.0,4284.0,-218.0,1383.5,4591.5,-1604.0,889.5
2023-10-15,-21783.5,-4062.5,2857.5,356.5,784.5,3642.0,4284.0,-218.0,1383.5,4591.5,-1604.0,889.5
2023-10-16,-21302.0,-4044.5,2794.0,438.0,784.5,3660.0,4302.0,-218.0,1465.0,4673.0,-1604.0,889.5
2023-10-17,-21311.0,-3905.0,2933.5,597.5,784.5,3799.5,4441.5,-238.0,1645.0,4853.0,-1624.0,889.5
2023-10-18,-21079.0,-3626.5,2878.0,876.0,771.0,3944.0,4586.0,-93.5,1979.0,5053.0,-1479.5,876.0
2023-10-19,-20987.5,-3382.5,2837.0,1250.5,1171.0,3988.0,4630.0,-160.0,2312.5,5186.5,-1546.0,1076.0
2023-10-20,-21089.5,-3402.0,2817.5,1231.0,1171.0,3968.5,4610.5,-179.5,2293.0,5167.0,-1565.5,1076.0
2023-10-21,-21089.5,-3402.0,2817.5,1231.0,1171.0,3968.5,4610.5,-179.5,2293.0,5167.0,-1565.5,1076.0
2023-10-22,-21089.5,-3402.0,2817.5,1231.0,1171.0,3968.5,4610.5,-179.5,2293.0,5167.0,-1565.5,1076.0
2023-10-23,-20817.0,-3106.0,2975.5,1527.0,1171.0,4286.5,4928.5,-83.5,2589.0,5485.0,-1447.5,1076.0
2023-10-24,-21037.5,-3379.5,2823.0,1293.5,1079.5,4134.0,4776.0,-144.5,2407.0,5424.0,-1508.5,984.5
2023-10-25,-20924.0,-3212.0,3023.0,1461.0,1079.5,4334.0,4976.0,23.0,2574.5,5624.0,-1308.5,984.5
2023-10-26,-20946.5,-3071.0,3250.0,1756.5,1375.0,4665.5,5307.5,23.0,2715.5,5955.5,-1308.5,1384.5
2023-10-27,-20957.5,-3194.5,3126.5,1646.5,1265.0,4652.0,5294.0,9.5,2702.0,5942.0,-1322.0,1384.5
2023-10-28,-20957.5,-3194.5,3126.5,1646.5,1265.0,4652.0,5294.0,9.5,2702.0,5942.0,-1322.0,1384.5
2023-10-29,-20957.5,-3194.5,3126.5,1646.5,1265.0,4652.0,5294.0,9.5,2702.0,5942.0,-1322.0,1384.5
2023-10-30,-20687.0,-2884.5,3526.5,1956.5,1665.0,4762.0,5404.0,409.5,3012.0,6052.0,-1122.0,1584.5
2023-10-31,-20548.0,-2745.5,3665.5,2095.5,1665.0,5086.0,5728.0,371.0,2912.5,6013.5,-1160.5,1584.5
2023-11-01,-20615.0,-2815.5,3595.5,2041.0,1625.0,5016.0,5672.5,301.0,2813.5,5969.0,-1216.0,1544.5
2023-11-02,-20638.0,-2838.5,3572.5,2041.0,1625.0,5016.0,5672.5,278.0,2790.5,5969.0,-1216.0,1544.5
2023-11-03,-20635.0,-2873.0,3358.5,2241.0,1425.0,4981.5,5638.0,243.5,2956.0,6134.5,-1250.5,1344.5
2023-11-04,-20635.0,-2873.0,3358.5,2241.0,1425.0,4981.5,5638.0,243.5,2956.0,6134.5,-1250.5,1344.5
2023-11-05,-20635.0,-2873.0,3358.5,2241.0,1425.0,4981.5,5638.0,243.5,2956.0,6134.5,-1250.5,1344.5
2023-11-06,-20730.5,-2968.5,3263.0,2182.5,1402.0,4886.0,5542.5,199.0,2882.0,6060.5,-1295.0,1321.5
2023-11-07,-20997.0,-3235.0,3076.0,1950.5,1402.0,4758.0,5414.5,182.5,2726.0,6043.0,-1311.5,1321.5
2023-11-08,-21054.5,-3292.5,3018.5,1871.0,1386.5,4700.5,5357.0,140.0,2683.5,6000.5,-1354.0,1306.0
2023-11-09,-21171.5,-3409.5,2901.5,1852.5,1386.5,4583.5,5240.0,128.0,2566.0,5883.0,-1366.0,1306.0
2023-11-10,-21159.5,-3220.5,3090.5,2052.5,1586.5,4772.5,5429.0,117.0,2755.0,6072.0,-1377.0,1506.0
2023-11-11,-21159.5,-3220.5,3090.5,2052.5,1586.5,4772.5,5429.0,117.0,2755.0,6072.0,-1377.0,1506.0
2023-11-12,-21159.5,-3220.5,3090.5,2052.5,1586.5,4772.5,5429.0,117.0,2755.0,6072.0,-1377.0,1506.0
2023-11-13,-21140.0,-3220.5,3090.5,2052.5,1586.5,4772.5,5429.0,117.0,2755.0,6072.0,-1377.0,1506.0
2023-11-14,-21136.5,-3165.0,3146.0,1986.0,1485.5,4811.0,5467.5,282.0,2810.5,5910.5,-1212.0,1405.0
2023-11-15,-21010.5,-3089.0,3319.0,2120.5,1388.5,4887.0,5343.5,255.0,2745.0,5883.5,-1239.0,1308.0
2023-11-16,-21196.0,-3173.5,3222.5,2036.0,1342.5,4802.5,5259.0,221.0,2639.5,5812.0,-1273.0,1262.0
2023-11-17,-21256.5,-3234.0,3162.5,2036.0,1306.0,4742.0,5198.5,160.5,2579.0,5751.5,-1333.5,1225.5
2023-11-18,-21256.5,-3234.0,3162.5,2036.0,1306.0,4742.0,5198.5,160.5,2579.0,5751.5,-1333.5,1225.5
2023-11-19,-21256.5,-3234.0,3162.5,2036.0,1306.0,4742.0,5198.5,160.5,2579.0,5751.5,-1333.5,1225.5
2023-11-20,-21468.5,-3446.0,2964.5,1960.5,1306.0,4655.5,5112.0,135.5,2367.0,5665.0,-1358.5,1225.5
2023-11-21,-21511.0,-3488.5,2944.5,1938.0,1306.0,4613.0,5069.5,93.0,2324.5,5622.5,-1401.0,1225.5
2023-11-22,-21649.0,-3614.0,2819.0,1880.0,1238.5,4487.5,4944.0,75.5,2199.0,5497.0,-1418.5,1158.0
2023-11-23,-21607.0,-3572.0,2861.0,1880.0,1269.0,4529.5,4974.5,117.5,2204.0,5502.0,-1388.0,1188.5
2023-11-24,-21607.0,-3572.0,2861.0,1880.0,1269.0,4529.5,4939.0,117.5,2195.5,5493.5,-1396.5,1188.5
2023-11-25,-21607.0,-3572.0,2861.0,1880.0,1269.0,4529.5,4939.0,117.5,2195.5,5493.5,-1396.5,1188.5
2023-11-26,-21542.5,-3426.0,3007.0,1880.0,1269.0,4675.5,4939.0,263.5,2195.5,5493.5,-1396.5,1188.5
2023-11-27,-21590.0,-3526.0,2936.0,1880.0,1252.5,4590.5,4854.0,199.0,2131.0,5444.0,-1446.0,1172.0
2023-11-28,-21483.5,-3419.5,3136.0,1986.5,1252.5,4697.0,4960.5,182.5,2237.5,5550.5,-1462.5,1172.0
2023-11-29,-21554.5,-3490.5,3065.0,1938.5,1252.5,4626.0,4889.5,111.5,2184.0,5497.0,-1533.5,1172.0
2023-11-30,-21613.5,-3642.5,2999.0,1816.0,1252.5,4532.5,4813.0,18.0,2032.0,5420.5,-1610.0,1172.0
2023-12-01,-21412.5,-3773.0,2939.0,1685.5,1212.0,4402.0,4682.5,-23.0,1950.5,5339.0,-1651.0,1131.5
2023-12-02,-21412.5,-3773.0,2939.0,1685.5,1212.0,4402.0,4682.5,-23.0,1950.5,5339.0,-1651.0,1131.5
2023-12-03,-21412.5,-3773.0,2939.0,1685.5,1212.0,4402.0,4682.5,-23.0,1950.5,5339.0,-1651.0,1131.5
2023-12-04,-21538.5,-3848.0,2864.0,1661.0,1212.0,4327.0,4607.5,-47.5,1875.5,5264.0,-1675.5,1131.5
2023-12-05,-21379.0,-3708.5,3003.5,1800.5,1212.0,4511.5,4792.0,-63.0,2060.0,5448.5,-1691.0,1131.5
2023-12-06,-21106.0,-3863.5,2895.0,1719.5,1128.0,4356.5,4637.0,-134.5,1995.5,5384.0,-1762.5,1047.5
2023-12-07,-21463.0,-3884.0,2874.5,1699.0,1107.5,4336.0,4616.5,-155.0,1984.5,5373.0,-1783.0,1027.0
2023-12-08,-21152.0,-3708.0,3050.5,1875.0,1107.5,4512.0,4792.5,-179.0,2160.5,5549.0,-1807.0,1027.0
2023-12-09,-21152.0,-3708.0,3050.5,1875.0,1107.5,4512.0,4792.5,-179.0,2160.5,5549.0,-1807.0,1027.0
2023-12-10,-21187.5,-3743.5,3015.0,1875.0,1107.5,4476.5,4757.0,-214.5,2125.0,5513.5,-1842.5,1027.0
2023-12-11,-21273.0,-3808.0,2950.5,1875.0,1107.5,4412.0,4692.5,-233.0,2060.5,5449.0,-1861.0,1027.0
2023-12-12,-21073.0,-3608.0,3150.5,1875.0,1307.5,4612.0,4892.5,-33.0,2260.5,5649.0,-1661.0,1227.0
2023-12-13,-21200.5,-3735.5,3039.5,1875.0,1212.0,4484.5,4765.0,-89.5,2133.0,5521.5,-1717.5,1131.5
2023-12-14,-21000.5,-3535.5,3239.5,2075.0,1212.0,4684.5,4965.0,110.5,2333.0,5721.5,-1517.5,1131.5
2023-12-15,-20832.5,-3299.0,3476.0,2311.5,1212.0,4947.0,5227.5,284.5,2570.0,5984.5,-1317.5,1131.5
2023-12-16,-20832.5,-3299.0,3476.0,2311.5,1212.0,4947.0,5227.5,284.5,2570.0,5984.5,-1317.5,1131.5
2023-12-17,-20832.5,-3299.0,3476.0,2311.5,1212.0,4947.0,5227.5,284.5,2570.0,5984.5,-1317.5,1131.5
2023-12-18,-20905.0,-3371.5,3403.5,2297.0,1212.0,4874.5,5213.0,270.0,2555.5,5970.0,-1332.0,1131.5
2023-12-19,-20918.0,-3384.5,3326.0,2241.0,1255.0,4861.5,5200.0,234.0,2584.0,5998.5,-1368.0,1174.5
2023-12-20,-21148.0,-3533.0,3237.0,2136.5,1207.0,4769.5,5125.0,190.0,2435.5,5923.5,-1395.0,1126.5
2023-12-21,-21239.0,-3689.5,3080.5,2136.5,1207.0,4613.0,4968.5,168.5,2414.0,5902.0,-1416.5,1126.5
2023-12-22,-21056.5,-3761.0,3067.5,2065.0,1148.5,4541.5,4897.0,155.5,2401.0,5889.0,-1429.5,1068.0
2023-12-23,-21056.5,-3761.0,3067.5,2065.0,1148.5,4541.5,4897.0,155.5,2401.0,5889.0,-1429.5,1068.0
2023-12-24,-21056.5,-3761.0,3067.5,2065.0,1148.5,4541.5,4897.0,155.5,2401.0,5889.0,-1429.5,1068.0
2023-12-25,-21056.5,-3761.0,3067.5,2065.0,1148.5,4541.5,4897.0,155.5,2401.0,5889.0,-1429.5,1068.0
2023-12-26,-21173.0,-3773.0,3055.5,2065.0,1148.5,4529.5,4885.0,143.5,2389.0,5877.0,-1441.5,1068.0
2023-12-27,-21356.5,-3892.0,2982.5,1969.5,1130.0,4410.5,4766.0,125.0,2270.0,5758.0,-1460.0,1049.5
2023-12-28,-21262.5,-3798.0,3076.5,1962.0,1181.5,4504.5,4860.0,117.5,2364.0,5852.0,-1467.5,1101.0
2023-12-29,-21410.0,-3901.0,3012.0,1942.5,1162.0,4401.5,4757.0,98.0,2261.0,5749.0,-1487.0,1081.5
2023-12-30,-21410.0,-3901.0,3012.0,1942.5,1162.0,4401.5,4757.0,98.0,2261.0,5749.0,-1487.0,1081.5
2023-12-31,-21410.0,-3901.0,3012.0,1942.5,1162.0,4401.5,4757.0,98.0,2261.0,5749.0,-1487.0,1081.5
2024-01-01,-21410.0,-3901.0,3012.0,1942.5,1162.0,4401.5,4757.0,98.0,2261.0,5749.0,-1487.0,1081.5
2024-01-02,-21569.5,-3901.0,3012.0,1942.5,1162.0,4401.5,4757.0,98.0,2179.0,5749.0,-1487.0,1081.5
2024-01-03,-21621.0,-3952.5,3012.0,1942.5,1162.0,4350.0,4705.5,98.0,2127.5,5697.5,-1487.0,1081.5
2024-01-04,-21221.0,-3552.5,3192.0,1942.5,1562.0,4750.0,4905.5,78.0,2307.5,5677.5,-1507.0,1281.5
2024-01-05,-21017.0,-3361.0,3383.5,1934.0,1538.5,4741.5,4897.0,54.5,2484.0,5654.0,-1530.5,1258.0
2024-01-06,-21017.0,-3361.0,3383.5,1934.0,1538.5,4741.5,4897.0,54.5,2484.0,5654.0,-1530.5,1258.0
2024-01-07,-21017.0,-3361.0,3383.5,1934.0,1538.5,4741.5,4897.0,54.5,2484.0,5654.0,-1530.5,1258.0
2024-01-08,-20769.0,-3589.0,3253.0,1851.5,1538.5,4656.0,4811.5,17.0,2349.0,5616.5,-1568.0,1258.0
2024-01-09,-20875.0,-3681.0,3189.5,1851.5,1538.5,4564.0,4719.5,17.0,2257.0,5524.5,-1568.0,1258.0
2024-01-10,-20902.0,-3655.5,3103.0,1916.5,1618.5,4589.5,4760.0,-30.0,2282.5,5565.0,-1600.0,1338.0
2024-01-11,-21021.5,-3628.0,2997.0,2090.5,1818.5,4417.0,4587.5,-56.0,2416.0,5498.5,-1626.0,1338.0
2024-01-12,-21071.5,-3678.0,2947.0,2077.5,1818.5,4367.0,4537.5,-106.0,2366.0,5448.5,-1676.0,1338.0
2024-01-13,-21071.5,-3678.0,2947.0,2077.5,1818.5,4367.0,4537.5,-106.0,2366.0,5448.5,-1676.0,1338.0
2024-01-14,-21071.5,-3678.0,2947.0,2077.5,1818.5,4367.0,4537.5,-106.0,2366.0,5448.5,-1676.0,1338.0
2024-01-15,-21095.0,-3701.5,2923.5,2077.5,1819.5,4343.5,4514.0,-130.5,2342.5,5425.0,-1700.5,1339.0
2024-01-16,-21308.0,-3914.5,2723.5,2077.5,1819.5,4306.0,4476.5,-168.0,2305.0,5387.5,-1738.0,1339.0
2024-01-17,-21248.0,-4022.5,2615.5,2017.5,1819.5,4198.0,4368.5,-168.0,2257.0,5339.5,-1738.0,1339.0
2024-01-18,-21176.0,-3758.5,2745.5,2170.0,1877.5,4543.5,4656.0,13.5,2280.0,5386.0,-1556.5,1339.0
2024-01-19,-20776.0,-3758.5,2745.5,2170.0,1877.5,4543.5,4656.0,13.5,2280.0,5386.0,-1556.5,1339.0
2024-01-20,-20776.0,-3758.5,2745.5,2170.0,1877.5,4543.5,4656.0,13.5,2280.0,5386.0,-1556.5,1339.0
2024-01-21,-20776.0,-3758.5,2745.5,2170.0,1877.5,4543.5,4656.0,13.5,2280.0,5386.0,-1556.5,1339.0
2024-01-22,-20804.5,-3787.0,2717.0,2170.0,1849.0,4515.0,4627.5,-15.0,2251.5,5357.5,-1585.0,1310.5
2024-01-23,-20884.5,-3854.5,2693.5,2170.0,1849.0,4447.5,4560.0,-38.5,2184.0,5290.0,-1608.5,1310.5
2024-01-24,-20946.0,-3916.0,2654.0,2108.5,1849.0,4386.0,4498.5,-100.0,2122.5,5228.5,-1670.0,1310.5
2024-01-25,-20719.0,-3683.5,2829.5,2247.0,1849.0,4655.5,4768.0,-2.0,2355.0,5498.0,-1535.0,1310.5
2024-01-26,-20602.0,-3291.5,2821.5,2239.0,2249.0,4847.5,4960.0,-10.0,2755.0,5698.0,-1543.0,1510.5
2024-01-27,-20602.0,-3291.5,2821.5,2239.0,2249.0,4847.5,4960.0,-10.0,2755.0,5698.0,-1543.0,1510.5
2024-01-28,-20602.0,-3291.5,2821.5,2239.0,2249.0,4847.5,4960.0,-10.0,2755.0,5698.0,-1543.0,1510.5
2024-01-29,-20125.5,-3428.5,2684.5,2159.0,2217.5,4710.5,4823.0,-74.0,2729.5,5672.5,-1607.0,1479.0
2024-01-30,-19926.0,-3270.0,2884.5,2317.5,2217.5,4869.0,4981.5,84.5,2888.0,5831.0,-1448.5,1479.0
2024-01-31,-19978.0,-3319.0,2835.5,2268.5,2201.0,4820.0,4932.5,35.5,2839.0,5782.0,-1497.5,1462.5
2024-02-01,-20118.5,-3348.5,2806.0,2239.0,2201.0,4790.5,4903.0,6.0,2809.5,5752.5,-1527.0,1462.5
2024-02-02,-20305.0,-3535.0,2753.0,2127.5,2201.0,4648.0,4760.5,-149.0,2651.5,5638.5,-1620.0,1462.5
2024-02-03,-20305.0,-3535.0,2753.0,2127.5,2201.0,4648.0,4760.5,-149.0,2651.5,5638.5,-1620.0,1462.5
2024-02-04,-20305.0,-3535.0,2753.0,2127.5,2201.0,4648.0,4760.5,-149.0,2651.5,5638.5,-1620.0,1462.5
2024-02-05,-20192.5,-3649.0,2753.0,2013.5,2201.0,4534.0,4646.5,-188.0,2576.5,5563.5,-1659.0,1462.5
2024-02-06,-20121.0,-3687.0,2731.5,1997.0,2201.0,4496.0,4608.5,-226.0,2555.0,5542.0,-1697.0,1462.5
2024-02-07,-20312.0,-3857.0,2561.5,1827.0,2201.0,4326.0,4438.5,-312.5,2468.5,5455.5,-1783.5,1462.5
2024-02-08,-20253.5,-3797.0,2621.5,1827.0,2201.0,4386.0,4498.5,-345.0,2468.5,5455.5,-1816.0,1462.5
2024-02-09,-20322.5,-3866.0,2587.0,1827.0,2166.5,4317.0,4429.5,-379.5,2399.5,5386.5,-1850.5,1428.0
2024-02-10,-20322.5,-3866.0,2587.0,1827.0,2166.5,4317.0,4429.5,-379.5,2399.5,5386.5,-1850.5,1428.0
2024-02-11,-20322.5,-3866.0,2587.0,1827.0,2166.5,4317.0,4429.5,-379.5,2399.5,5386.5,-1850.5,1428.0
2024-02-12,-20410.0,-3929.5,2577.0,1827.0,2113.0,4253.5,4366.0,-389.5,2336.0,5323.0,-1860.5,1374.5
2024-02-13,-20900.5,-4020.0,2486.5,2027.0,2313.0,4205.0,4338.0,-438.0,2245.5,5295.0,-1888.5,1574.5
2024-02-14,-20500.5,-4206.0,2300.5,1841.0,2513.0,4019.0,4152.0,-438.0,2198.5,5248.0,-1888.5,1774.5
2024-02-15,-20261.0,-4223.5,2283.0,1823.5,2495.5,4001.5,4134.5,-455.5,2181.0,5230.5,-1906.0,1757.0
2024-02-16,-20488.5,-4161.0,2177.0,1926.5,2648.5,4067.0,4070.5,-543.0,2285.5,5185.0,-1970.0,1710.0
2024-02-17,-20488.5,-4161.0,2177.0,1926.5,2648.5,4067.0,4070.5,-543.0,2285.5,5185.0,-1970.0,1710.0
2024-02-18,-20488.5,-4161.0,2177.0,1926.5,2648.5,4067.0,4070.5,-543.0,2285.5,5185.0,-1970.0,1710.0
2024-02-19,-20537.0,-4228.0,2128.5,1898.5,2613.0,4000.0,4003.5,-610.0,2237.0,5136.5,-2037.0,1674.5
2024-02-20,-20537.0,-3856.5,2500.0,2070.0,2540.5,4371.5,4375.0,-638.5,2208.5,5108.0,-2065.5,1602.0
2024-02-21,-20638.0,-3831.5,2351.5,2121.5,2501.0,4505.5,4509.0,-704.5,2342.5,5242.0,-2131.5,1562.5
2024-02-22,-21078.5,-3725.5,2257.5,2321.5,2701.0,4611.5,4415.0,-704.5,2542.5,5442.0,-2131.5,1762.5
2024-02-23,-21197.5,-3744.0,2239.0,2303.0,2701.0,4593.0,4396.5,-723.0,2524.0,5423.5,-2150.0,1762.5
2024-02-24,-21197.5,-3744.0,2239.0,2303.0,2701.0,4593.0,4396.5,-723.0,2524.0,5423.5,-2150.0,1762.5
2024-02-25,-21197.5,-3744.0,2239.0,2303.0,2701.0,4593.0,4396.5,-723.0,2524.0,5423.5,-2150.0,1762.5
2024-02-26,-21083.0,-3580.0,2147.0,2503.0,2901.0,4757.0,4560.5,-559.0,2688.0,5587.5,-1986.0,1962.5
2024-02-27,-21161.5,-3199.5,2348.0,2883.5,3077.0,4936.5,4740.0,-436.0,3068.5,5787.5,-2063.0,1938.5
2024-02-28,-21334.0,-3209.0,2247.0,2899.5,3128.0,4800.5,4604.0,-496.5,3084.5,5752.5,-2123.5,1938.5
2024-02-29,-21129.0,-3275.5,2180.5,2865.5,3059.5,4734.0,4537.5,-581.0,3070.0,5738.0,-2208.0,1870.0
2024-03-01,-20729.0,-2938.0,2518.0,3218.0,3059.5,4874.0,4677.5,-596.0,3407.5,5878.0,-2223.0,1870.0
2024-03-02,-20729.0,-2938.0,2518.0,3218.0,3059.5,4874.0,4677.5,-596.0,3407.5,5878.0,-2223.0,1870.0
2024-03-03,-20729.0,-2938.0,2518.0,3218.0,3059.5,4874.0,4677.5,-596.0,3407.5,5878.0,-2223.0,1870.0
2024-03-04,-20586.0,-2795.0,2661.0,3375.0,3059.5,5017.0,4820.5,-610.0,3550.5,6021.0,-2237.0,1870.0
2024-03-05,-20832.0,-2981.5,2541.0,3255.0,2985.5,4830.5,4634.0,-610.0,3300.5,5834.5,-2237.0,1796.0
2024-03-06,-20886.5,-3017.5,2541.0,3219.0,2985.5,4794.5,4598.0,-646.0,3264.5,5798.5,-2273.0,1796.0
2024-03-07,-20956.5,-3077.0,2481.5,3194.0,2930.5,4804.0,4607.5,-519.5,3205.0,5808.0,-2114.0,1741.0
2024-03-08,-21237.0,-3329.5,2229.0,3133.5,2908.0,4956.0,4759.5,-569.0,2952.5,5760.0,-2163.5,1718.5
2024-03-09,-21237.0,-3329.5,2229.0,3133.5,2908.0,4956.0,4759.5,-569.0,2952.5,5760.0,-2163.5,1718.5
2024-03-10,-21237.0,-3329.5,2229.0,3133.5,2908.0,4956.0,4759.5,-569.0,2952.5,5760.0,-2163.5,1718.5
2024-03-11,-21111.0,-3269.5,2041.5,3038.5,2908.0,5016.0,4819.5,-216.5,3305.0,5912.5,-2011.0,1718.5
2024-03-12,-21711.0,-3568.0,1822.0,3038.5,2908.0,4796.5,4600.0,-236.0,3305.0,5912.5,-2030.5,1718.5
2024-03-13,-21788.5,-3645.5,1779.5,2996.0,2908.0,4719.0,4522.5,-313.5,3227.5,5835.0,-2108.0,1718.5
2024-03-14,-21629.5,-3486.5,1738.5,2955.0,2908.0,4878.0,4681.5,-354.5,3386.5,5994.0,-2149.0,1718.5
2024-03-15,-21237.5,-3094.5,1698.5,2964.0,2957.0,5087.0,4890.5,-394.5,3570.5,5954.0,-2189.0,1767.5
2024-03-16,-21237.5,-3094.5,1698.5,2964.0,2957.0,5087.0,4890.5,-394.5,3570.5,5954.0,-2189.0,1767.5
2024-03-17,-21288.5,-3145.5,1698.5,2913.0,2957.0,5036.0,4839.5,-445.5,3570.5,5954.0,-2240.0,1767.5
2024-03-18,-21638.5,-3295.5,1874.5,2889.0,2957.0,5036.0,4839.5,-445.5,3570.5,5954.0,-2240.0,1767.5
2024-03-19,-21277.5,-3476.5,1844.5,2859.0,2957.0,4855.0,4681.5,-551.5,3457.5,5864.0,-2323.0,1767.5
2024-03-20,-21421.0,-3514.0,1807.0,2810.0,2935.0,4817.5,4659.5,-589.0,3420.0,5842.0,-2345.0,1745.5
2024-03-21,-21530.5,-3604.5,1778.5,2719.5,2873.0,4727.0,4569.0,-617.5,3329.5,5751.5,-2373.5,1683.5
2024-03-22,-21615.5,-3689.5,1767.0,2634.5,2950.0,4642.0,4484.0,-643.5,3167.5,5589.5,-2399.5,1760.5
2024-03-23,-21615.5,-3689.5,1767.0,2634.5,2950.0,4642.0,4484.0,-643.5,3167.5,5589.5,-2399.5,1760.5
2024-03-24,-21634.5,-3708.5,1748.0,2634.5,2950.0,4623.0,4465.0,-662.5,3148.5,5570.5,-2418.5,1760.5
2024-03-25,-21829.5,-3903.5,1553.0,2495.5,2890.0,4488.0,4330.0,-710.0,2936.5,5418.5,-2466.0,1760.5
2024-03-26,-21695.0,-3769.0,1712.5,2655.0,2865.0,4622.5,4464.5,-535.0,3071.0,5593.5,-2291.0,1735.5
2024-03-27,-21730.0,-3804.0,1677.5,2855.0,2865.0,4587.5,4429.5,-570.0,3036.0,5558.5,-2326.0,1735.5
2024-03-28,-21845.5,-3823.5,1658.0,2854.0,2865.0,4568.0,4457.5,-502.0,2960.5,5483.0,-2258.0,1735.5
2024-03-29,-21845.5,-3823.5,1658.0,2854.0,2865.0,4568.0,4457.5,-502.0,2960.5,5483.0,-2258.0,1735.5
2024-03-30,-21845.5,-3823.5,1658.0,2854.0,2865.0,4568.0,4457.5,-502.0,2960.5,5483.0,-2258.0,1735.5
2024-03-31,-21902.0,-3880.0,1601.5,2797.5,2865.0,4511.5,4457.5,-502.0,2904.0,5483.0,-2258.0,1735.5
2024-04-01,-21882.0,-3712.0,1795.0,2842.5,2865.0,4449.0,4395.0,-327.5,3201.5,5550.0,-2314.0,1735.5
2024-04-02,-22070.5,-3900.5,1701.0,2817.5,2840.0,4329.5,4275.5,-352.5,3013.0,5430.5,-2339.0,1710.5
2024-04-03,-22126.0,-3956.0,1645.5,2817.5,2840.0,4274.0,4220.0,-408.0,2957.5,5375.0,-2394.5,1710.5
2024-04-04,-22436.0,-4062.0,1621.0,2775.0,2801.0,4168.0,4114.0,-471.5,2934.0,5308.0,-2458.0,1671.5
2024-04-05,-22345.5,-4094.5,1588.5,2775.0,2801.0,4135.5,4081.5,-504.0,2901.5,5275.5,-2490.5,1671.5
2024-04-06,-22345.5,-4094.5,1588.5,2775.0,2801.0,4135.5,4081.5,-504.0,2901.5,5275.5,-2490.5,1671.5
2024-04-07,-22345.5,-4094.5,1588.5,2775.0,2801.0,4135.5,4081.5,-504.0,2901.5,5275.5,-2490.5,1671.5
2024-04-08,-22256.0,-3857.0,1826.0,2710.0,2801.0,4173.0,4216.5,-561.5,3139.0,5475.5,-2548.0,1671.5
2024-04-09,-22360.0,-4001.5,1727.5,2623.5,2801.0,4028.5,4072.0,-573.5,2994.5,5331.0,-2560.0,1671.5
2024-04-10,-22191.0,-4140.0,1632.0,2485.0,2733.0,3890.0,3933.5,-669.0,2856.0,5192.5,-2655.5,1603.5
2024-04-11,-22241.5,-4390.5,1581.5,2434.5,2733.0,3639.5,3683.0,-669.0,2805.5,5142.0,-2655.5,1603.5
2024-04-12,-22519.0,-4591.5,1581.5,2177.5,2547.0,3438.5,3482.0,-730.0,2734.5,5071.0,-2716.5,1417.5
2024-04-13,-22519.0,-4591.5,1581.5,2177.5,2547.0,3438.5,3482.0,-730.0,2734.5,5071.0,-2716.5,1417.5
2024-04-14,-22519.0,-4591.5,1581.5,2177.5,2547.0,3438.5,3482.0,-730.0,2734.5,5071.0,-2716.5,1417.5
2024-04-15,-22654.5,-4927.0,1460.0,2126.0,2547.0,3265.5,3309.0,-803.5,2399.0,4898.0,-2790.0,1417.5
2024-04-16,-22430.0,-4881.5,1332.5,2048.5,2547.0,3311.0,3354.5,-603.5,2522.0,5021.0,-2590.0,1417.5
2024-04-17,-22688.0,-4921.5,1318.5,2048.5,2521.0,3271.0,3314.5,-643.5,2482.0,4981.0,-2630.0,1391.5
2024-04-18,-23073.0,-5271.0,1079.5,1901.0,2521.0,3196.5,3240.0,-718.0,2132.5,4906.5,-2704.5,1391.5
2024-04-19,-22785.5,-5339.0,1011.5,1901.0,2521.0,3128.5,3172.0,-786.0,2064.5,4838.5,-2772.5,1391.5
2024-04-20,-22785.5,-5339.0,1011.5,1901.0,2521.0,3128.5,3172.0,-786.0,2064.5,4838.5,-2772.5,1391.5
2024-04-21,-22785.5,-5339.0,1011.5,1901.0,2521.0,3128.5,3172.0,-786.0,2064.5,4838.5,-2772.5,1391.5
2024-04-22,-22605.5,-5373.0,879.0,1853.5,2521.0,3210.5,3254.0,-918.5,1849.0,4739.0,-2905.0,1391.5
2024-04-23,-22505.5,-5377.0,875.0,1849.5,2521.0,3206.5,3354.0,-718.5,1949.0,4839.0,-2705.0,1391.5
2024-04-24,-22359.5,-5231.0,875.0,1849.5,2521.0,3387.0,3534.5,-572.5,2095.0,5019.5,-2524.5,1391.5
2024-04-25,-22695.0,-5369.0,802.0,1776.5,2521.0,3279.5,3427.0,-645.5,1957.0,4912.0,-2567.0,1391.5
2024-04-26,-22428.5,-5450.5,737.0,1748.0,2504.5,3198.0,3345.5,-710.5,1892.0,4847.0,-2632.0,1375.0
2024-04-27,-22428.5,-5450.5,737.0,1748.0,2504.5,3198.0,3345.5,-710.5,1892.0,4847.0,-2632.0,1375.0
2024-04-28,-22428.5,-5450.5,737.0,1748.0,2504.5,3198.0,3345.5,-710.5,1892.0,4847.0,-2632.0,1375.0
2024-04-29,-22534.5,-5645.5,861.0,1909.5,2414.0,3284.5,3461.0,-824.0,1838.5,4822.5,-2716.5,1366.0
2024-04-30,-22687.0,-5598.0,908.5,1757.0,2414.0,3332.0,3508.5,-624.0,2038.5,5022.5,-2516.5,1366.0
2024-05-01,-22785.5,-5696.5,855.0,1757.0,2414.0,3233.5,3410.0,-722.5,1940.0,4924.0,-2615.0,1366.0
2024-05-02,-23032.5,-5943.5,777.5,1558.0,2389.5,2986.5,3217.0,-870.0,1747.0,4731.0,-2708.5,1341.5
2024-05-03,-23222.5,-6036.0,758.5,1539.0,2389.5,2967.5,3198.0,-889.0,1654.5,4712.0,-2727.5,1341.5
2024-05-04,-23222.5,-6036.0,758.5,1539.0,2389.5,2967.5,3198.0,-889.0,1654.5,4712.0,-2727.5,1341.5
2024-05-05,-23222.5,-6036.0,758.5,1539.0,2389.5,2967.5,3198.0,-889.0,1654.5,4712.0,-2727.5,1341.5
2024-05-06,-22882.0,-6131.5,713.5,1539.0,2344.5,2872.0,3102.5,-940.5,1565.5,4623.0,-2779.0,1296.5
2024-05-07,-22850.0,-6099.5,805.0,1539.0,2447.0,2904.0,3134.5,-975.5,1597.5,4655.0,-2814.0,1399.0
2024-05-08,-22933.0,-6122.0,782.5,1539.0,2447.0,2881.5,3112.0,-998.0,1575.0,4632.5,-2836.5,1399.0
2024-05-09,-23061.0,-5990.5,913.0,1539.0,2388.5,3013.0,3043.5,-1009.0,1716.5,4574.0,-2847.5,1340.5
2024-05-10,-23012.0,-6020.5,863.0,1478.0,2351.5,2952.0,2982.5,-1022.0,1703.5,4561.0,-2860.5,1340.5
2024-05-11,-23012.0,-6020.5,863.0,1478.0,2351.5,2952.0,2982.5,-1022.0,1703.5,4561.0,-2860.5,1340.5
2024-05-12,-23012.0,-6020.5,863.0,1478.0,2351.5,2952.0,2982.5,-1022.0,1703.5,4561.0,-2860.5,1340.5
2024-05-13,-23062.5,-6058.0,842.0,1457.5,2351.5,2914.5,2945.0,-1059.5,1682.5,4540.0,-2898.0,1340.5
2024-05-14,-23321.0,-6061.0,952.5,1384.0,2331.5,2944.5,2975.0,-928.5,1773.0,4663.5,-2734.0,1320.5
2024-05-15,-23460.0,-6126.0,887.5,1319.0,2331.5,2879.5,2910.0,-928.5,1708.0,4598.5,-2734.0,1320.5
2024-05-16,-23481.0,-6147.0,866.5,1319.0,2310.5,2858.5,2889.0,-949.5,1687.0,4577.5,-2755.0,1299.5
2024-05-17,-23296.0,-5962.0,1051.5,1519.0,2310.5,3043.5,3074.0,-964.5,1872.0,4762.5,-2770.0,1299.5
2024-05-18,-23296.0,-5962.0,1051.5,1519.0,2310.5,3043.5,3074.0,-964.5,1872.0,4762.5,-2770.0,1299.5
2024-05-19,-23296.0,-5962.0,1051.5,1519.0,2310.5,3043.5,3074.0,-964.5,1872.0,4762.5,-2770.0,1299.5
2024-05-20,-23271.5,-5832.0,1214.0,1449.0,2510.5,3179.5,3210.0,-1028.5,2023.5,4914.0,-2834.0,1499.5
2024-05-21,-23326.5,-5673.5,1172.5,1649.0,2496.5,3338.0,3368.5,-1042.5,2009.5,4900.0,-2848.0,1485.5
2024-05-22,-23250.0,-5549.0,1323.0,1649.0,2480.5,3462.5,3493.0,-1074.5,2134.0,5024.5,-2880.0,1469.5
2024-05-23,-23465.0,-5689.5,1306.0,1432.5,2483.5,3312.5,3343.0,-1123.0,1993.5,4874.5,-2928.5,1368.0
2024-05-24,-23465.0,-5489.5,1306.0,1632.5,2483.5,3512.5,3543.0,-923.0,2193.5,5074.5,-2728.5,1368.0
2024-05-25,-23465.0,-5489.5,1306.0,1632.5,2483.5,3512.5,3543.0,-923.0,2193.5,5074.5,-2728.5,1368.0
2024-05-26,-23465.0,-5489.5,1306.0,1632.5,2483.5,3512.5,3543.0,-923.0,2193.5,5074.5,-2728.5,1368.0
2024-05-27,-23488.0,-5512.5,1283.0,1632.5,2483.5,3489.5,3520.0,-946.0,2170.5,5051.5,-2751.5,1368.0
2024-05-28,-23647.0,-5600.0,1244.5,1632.5,2483.5,3402.0,3432.5,-946.0,2083.0,4964.0,-2751.5,1368.0
2024-05-29,-23781.0,-5734.0,1192.0,1383.0,2446.5,3295.5,3210.5,-773.5,2317.0,5110.0,-2551.5,1331.0
2024-05-30,-23943.5,-5814.5,1111.5,1383.0,2446.5,3215.0,3130.0,-810.0,2236.5,5029.5,-2588.0,1331.0
2024-05-31,-23788.0,-5902.0,955.0,1455.0,2446.5,3255.5,3170.5,-853.0,2149.0,5070.0,-2631.0,1331.0
2024-06-01,-23788.0,-5902.0,955.0,1455.0,2446.5,3255.5,3170.5,-853.0,2149.0,5070.0,-2631.0,1331.0
2024-06-02,-23788.0,-5902.0,955.0,1455.0,2446.5,3255.5,3170.5,-853.0,2149.0,5070.0,-2631.0,1331.0
2024-06-03,-23362.0,-5911.5,1041.0,1347.0,2592.5,3281.5,2930.0,-767.0,2162.5,4919.0,-2709.5,1312.5
2024-06-04,-23158.5,-5779.5,1173.0,1347.0,2592.5,3413.5,3062.0,-767.0,2162.5,4919.0,-2709.5,1312.5
2024-06-05,-23628.0,-5700.0,1064.0,1326.5,2592.5,3493.0,3171.0,-817.0,1983.0,4828.0,-2730.0,1312.5
2024-06-06,-23735.0,-5807.0,1006.0,1268.5,2592.5,3386.0,3064.0,-817.0,1876.0,4721.0,-2730.0,1312.5
2024-06-07,-23951.5,-6023.5,953.5,1252.5,2540.0,3169.5,2847.5,-833.0,1659.5,4504.5,-2746.0,1260.0
2024-06-08,-23951.5,-6023.5,953.5,1252.5,2540.0,3169.5,2847.5,-833.0,1659.5,4504.5,-2746.0,1260.0
2024-06-09,-23951.5,-6023.5,953.5,1252.5,2540.0,3169.5,2847.5,-833.0,1659.5,4504.5,-2746.0,1260.0
2024-06-10,-24000.5,-6093.5,934.0,1233.0,2540.0,3099.5,2777.5,-852.5,1589.5,4434.5,-2765.5,1260.0
2024-06-11,-23692.5,-6183.5,918.0,1159.0,2540.0,3009.5,2687.5,-868.5,1573.5,4418.5,-2781.5,1260.0
2024-06-12,-23704.0,-6195.0,906.5,1159.0,2540.0,2998.0,2676.0,-880.0,1562.0,4407.0,-2793.0,1260.0
2024-06-13,-23594.5,-5981.0,873.0,1159.0,2740.0,3212.0,2890.0,-923.5,1576.0,4421.0,-2836.5,1460.0
2024-06-14,-23491.0,-5883.5,779.0,1127.5,2908.5,3118.0,2796.0,-955.0,1483.5,4337.0,-2868.0,1428.5
2024-06-15,-23491.0,-5883.5,779.0,1127.5,2908.5,3118.0,2796.0,-955.0,1483.5,4337.0,-2868.0,1428.5
2024-06-16,-23491.0,-5883.5,779.0,1127.5,2908.5,3118.0,2796.0,-955.0,1483.5,4337.0,-2868.0,1428.5
2024-06-17,-23598.0,-5936.0,726.5,1127.5,2893.5,3065.5,2743.5,-970.0,1431.0,4322.0,-2883.0,1413.5
2024-06-18,-23398.0,-5736.0,926.5,1127.5,2893.5,3265.5,2943.5,-993.5,1407.5,4298.5,-2906.5,1413.5
2024-06-19,-23365.5,-5703.5,903.0,1127.5,2889.5,3298.0,2952.5,-984.5,1440.0,4331.0,-2897.5,1409.5
2024-06-20,-23192.5,-5530.5,903.0,1127.5,2889.5,3485.5,2940.0,-1011.5,1613.0,4318.5,-2910.0,1409.5
2024-06-21,-23109.5,-5560.5,945.5,1094.5,3089.5,3455.5,3017.0,-1062.0,1690.0,4395.5,-2960.5,1609.5
2024-06-22,-23109.5,-5560.5,945.5,1094.5,3089.5,3455.5,3017.0,-1062.0,1690.0,4395.5,-2960.5,1609.5
2024-06-23,-23109.5,-5560.5,945.5,1094.5,3089.5,3455.5,3017.0,-1062.0,1690.0,4395.5,-2960.5,1609.5
2024-06-24,-22959.0,-5410.0,1096.0,1294.5,3264.5,3655.5,3217.0,-862.0,2090.0,4370.5,-2760.5,1584.5
2024-06-25,-23205.0,-5656.0,1039.0,1154.0,3177.0,3409.5,2971.0,-971.0,1844.0,4124.5,-2869.5,1497.0
2024-06-26,-23148.5,-5864.5,905.5,1029.5,3142.0,3234.5,2796.0,-1130.5,1684.5,3998.5,-2995.5,1462.0
2024-06-27,-23227.0,-5513.5,1256.5,1380.5,3142.0,3585.5,3147.0,-930.5,1835.5,4149.5,-2795.5,1462.0
2024-06-28,-23468.0,-5731.5,1161.5,1316.5,3142.0,3431.5,2993.0,-998.5,1672.5,3995.5,-2854.5,1462.0
2024-06-29,-23468.0,-5731.5,1161.5,1316.5,3142.0,3431.5,2993.0,-998.5,1672.5,3995.5,-2854.5,1462.0
2024-06-30,-23497.5,-5761.0,1161.5,1316.5,3142.0,3402.0,2963.5,-1028.0,1643.0,3966.0,-2884.0,1462.0
2024-07-01,-23635.5,-5873.0,1161.5,1240.5,3142.0,3290.0,2851.5,-1064.0,1531.0,3854.0,-2920.0,1462.0
2024-07-02,-23464.5,-5923.0,1132.5,1240.5,3142.0,3240.0,2801.5,-1114.0,1481.0,3804.0,-2970.0,1462.0
2024-07-03,-23536.0,-5986.5,1069.0,1199.5,3097.5,3176.5,2738.0,-1177.5,1417.5,3740.5,-3033.5,1417.5
2024-07-04,-23474.0,-5924.5,1133.5,1274.5,3172.5,3238.5,2800.0,-1115.5,1479.5,3802.5,-2971.5,1492.5
2024-07-05,-23040.0,-5890.5,1133.5,1308.5,3172.5,3272.5,2834.0,-1081.5,1513.5,3836.5,-2937.5,1492.5
2024-07-06,-23040.0,-5890.5,1133.5,1308.5,3172.5,3272.5,2834.0,-1081.5,1513.5,3836.5,-2937.5,1492.5
2024-07-07,-23040.0,-5890.5,1133.5,1308.5,3172.5,3272.5,2834.0,-1081.5,1513.5,3836.5,-2937.5,1492.5
2024-07-08,-22970.5,-5814.5,1209.5,1402.0,3159.5,3348.5,2931.0,-934.0,1643.5,3987.5,-2790.0,1497.0
2024-07-09,-23006.5,-5850.5,1220.0,1412.0,3253.5,3312.5,2923.5,-980.0,1607.5,3980.0,-2807.5,1497.0
2024-07-10,-23211.0,-5990.0,1080.5,1294.5,3253.5,3173.0,2784.0,-1035.0,1552.5,3947.0,-2862.5,1497.0
2024-07-11,-23557.0,-6347.5,944.0,1044.0,3253.5,2936.0,2656.5,-1098.0,1215.5,3840.0,-2883.0,1497.0
2024-07-12,-23332.5,-6406.0,885.5,939.0,3253.5,2877.5,2598.0,-1156.5,1076.5,3759.5,-2941.5,1497.0
2024-07-13,-23332.5,-6406.0,885.5,939.0,3253.5,2877.5,2598.0,-1156.5,1076.5,3759.5,-2941.5,1497.0
2024-07-14,-23332.5,-6406.0,885.5,939.0,3253.5,2877.5,2598.0,-1156.5,1076.5,3759.5,-2941.5,1497.0
2024-07-15,-23509.0,-6423.5,868.0,939.0,3236.0,2860.0,2580.5,-1174.0,1059.0,3742.0,-2959.0,1479.5
2024-07-16,-23656.0,-6480.0,811.5,917.5,3236.0,2803.5,2524.0,-1195.5,1037.5,3720.5,-2980.5,1479.5
2024-07-17,-23777.0,-6601.0,490.5,917.5,3236.0,2682.5,2403.0,-995.5,1237.5,3920.5,-2780.5,1479.5
2024-07-18,-24206.0,-6663.0,428.5,917.5,3236.0,2620.5,2341.0,-995.5,1175.5,3858.5,-2780.5,1479.5
2024-07-19,-23820.0,-6397.0,694.5,917.5,3236.0,2886.5,2607.0,-795.5,1441.5,4124.5,-2580.5,1479.5
2024-07-20,-23820.0,-6397.0,694.5,917.5,3236.0,2886.5,2607.0,-795.5,1441.5,4124.5,-2580.5,1479.5
2024-07-21,-23820.0,-6397.0,694.5,917.5,3236.0,2886.5,2607.0,-795.5,1441.5,4124.5,-2580.5,1479.5
2024-07-22,-23961.0,-6428.0,463.5,1117.5,3236.0,2901.0,2621.5,-641.0,1596.0,4324.5,-2380.5,1479.5
2024-07-23,-23822.0,-6530.5,396.0,1048.0,3236.0,2833.5,2554.0,-743.5,1493.5,4257.0,-2448.0,1479.5
2024-07-24,-24186.5,-6809.0,117.5,1015.5,3157.5,2555.0,2275.5,-862.0,1017.5,3978.5,-2566.5,1401.0
2024-07-25,-24868.0,-6485.0,-32.0,889.0,3357.5,2679.0,2399.5,-862.0,1209.5,4252.0,-2566.5,1601.0
2024-07-26,-24917.0,-6485.0,-32.0,889.0,3357.5,2679.0,2399.5,-862.0,1209.5,4252.0,-2566.5,1601.0
2024-07-27,-24917.0,-6485.0,-32.0,889.0,3357.5,2679.0,2399.5,-862.0,1209.5,4252.0,-2566.5,1601.0
2024-07-28,-24917.0,-6485.0,-32.0,889.0,3357.5,2679.0,2399.5,-862.0,1209.5,4252.0,-2566.5,1601.0
2024-07-29,-25237.0,-6422.5,94.0,1067.5,3336.0,2741.5,2462.0,-999.5,1072.0,4114.5,-2704.0,1579.5
2024-07-30,-25103.0,-6288.5,228.0,1267.5,3336.0,2675.5,2396.0,-1065.5,1206.0,4048.5,-2770.0,1579.5
2024-07-31,-25486.0,-6135.0,381.5,1351.5,3405.5,2959.5,2680.0,-865.5,1475.5,4448.5,-2570.0,1779.5
2024-08-01,-25482.5,-6209.5,362.5,1351.5,3350.0,2885.0,2605.5,-805.0,1401.0,4374.0,-2509.5,1724.0
2024-08-02,-25682.5,-6274.5,297.5,1351.5,3350.0,2885.0,2605.5,-805.0,1336.0,4374.0,-2509.5,1724.0
2024-08-03,-25682.5,-6274.5,297.5,1351.5,3350.0,2885.0,2605.5,-805.0,1336.0,4374.0,-2509.5,1724.0
2024-08-04,-26185.5,-6441.5,130.5,1230.0,3350.0,2763.5,2484.0,-805.0,1169.0,4252.5,-2509.5,1724.0
2024-08-05,-26263.0,-6519.0,191.5,1291.0,3441.0,2686.0,2406.5,-634.5,1091.5,4175.0,-2339.0,1815.0
2024-08-06,-26119.0,-6375.0,335.5,1404.0,3441.0,3086.0,2806.5,-521.5,1235.5,4575.0,-2139.0,1815.0
2024-08-07,-26226.5,-6882.5,-72.5,1207.5,3244.5,2578.5,2299.0,-832.5,924.5,4264.0,-2450.0,1618.5
2024-08-08,-26383.5,-6682.5,127.5,1207.5,3244.5,2778.5,2499.0,-632.5,1124.5,4464.0,-2250.0,1618.5
2024-08-09,-26696.5,-6795.5,14.5,1207.5,3244.5,2778.5,2499.0,-745.5,1011.5,4464.0,-2250.0,1618.5
2024-08-10,-26696.5,-6795.5,14.5,1207.5,3244.5,2778.5,2499.0,-745.5,1011.5,4464.0,-2250.0,1618.5
2024-08-11,-26696.5,-6795.5,14.5,1207.5,3244.5,2778.5,2499.0,-745.5,1011.5,4464.0,-2250.0,1618.5
2024-08-12,-26608.0,-7024.5,74.0,1207.5,3169.0,2549.5,2335.0,-686.0,847.5,4300.0,-2125.5,1543.0
2024-08-13,-26460.0,-6876.5,248.5,1207.5,3117.0,2697.5,2483.0,-538.0,995.5,4448.0,-1977.5,1491.0
2024-08-14,-26415.0,-6831.5,424.5,1076.5,3317.0,2742.5,2528.0,-562.0,1040.5,4493.0,-2001.5,1691.0
2024-08-15,-26252.5,-6654.5,583.5,1076.5,3476.0,2919.5,2705.0,-403.0,1217.5,4670.0,-1842.5,1650.0
2024-08-16,-26197.5,-6427.0,895.0,1076.5,3476.0,2982.5,2768.0,-91.5,1329.0,4781.5,-1779.5,1650.0
2024-08-17,-26197.5,-6427.0,895.0,1076.5,3476.0,2982.5,2768.0,-91.5,1329.0,4781.5,-1779.5,1650.0
2024-08-18,-26245.0,-6474.5,847.5,1076.5,3476.0,2982.5,2768.0,-139.0,1329.0,4781.5,-1779.5,1650.0
2024-08-19,-26366.5,-6597.0,725.0,1012.0,3476.0,2860.0,2645.5,-139.0,1406.5,4659.0,-1779.5,1650.0
2024-08-20,-26035.5,-6525.0,597.0,1012.0,3676.0,2932.0,2717.5,-139.0,1606.5,4859.0,-1779.5,1850.0
2024-08-21,-26057.5,-5997.0,771.5,1012.0,4029.5,3260.0,3045.5,35.5,1781.0,5033.5,-1605.0,2003.5
2024-08-22,-26460.5,-6069.5,900.0,1012.0,3828.5,3345.0,3130.5,164.0,1485.0,4895.0,-1447.0,1930.5
2024-08-23,-26219.5,-5869.5,1100.0,1012.0,3828.5,3545.0,3330.5,364.0,1685.0,5095.0,-1247.0,1930.5
2024-08-24,-26219.5,-5869.5,1100.0,1012.0,3828.5,3545.0,3330.5,364.0,1685.0,5095.0,-1247.0,1930.5
2024-08-25,-26219.5,-5869.5,1100.0,1012.0,3828.5,3545.0,3330.5,364.0,1685.0,5095.0,-1247.0,1930.5
2024-08-26,-25777.0,-5869.5,1100.0,1012.0,3828.5,3545.0,3330.5,364.0,1685.0,5095.0,-1247.0,1930.5
2024-08-27,-25914.0,-6003.0,1043.0,955.0,3828.5,3411.5,3197.0,364.0,1551.5,4961.5,-1247.0,1930.5
2024-08-28,-26023.0,-6112.0,1020.5,868.5,3828.5,3302.5,3088.0,341.5,1442.5,4852.5,-1269.5,1930.5
2024-08-29,-26042.5,-6293.0,1020.5,790.0,3726.0,3121.5,2907.0,341.5,1261.5,4671.5,-1269.5,1828.0
2024-08-30,-25973.0,-6093.5,1220.0,675.0,4087.5,3046.0,2953.5,266.0,1539.5,4871.5,-1223.0,1914.5
2024-08-31,-25973.0,-6093.5,1220.0,675.0,4087.5,3046.0,2953.5,266.0,1539.5,4871.5,-1223.0,1914.5
2024-09-01,-25987.5,-6108.0,1205.5,675.0,4087.5,3031.5,2939.0,251.5,1525.0,4857.0,-1237.5,1914.5
2024-09-02,-26060.5,-6181.0,1132.5,675.0,4087.5,2958.5,2866.0,178.5,1452.0,4784.0,-1310.5,1914.5
2024-09-03,-26798.5,-6536.0,777.5,579.0,4087.5,2809.0,2716.5,-31.0,1097.0,4634.5,-1460.0,1914.5
2024-09-04,-26529.0,-6266.5,1142.0,507.0,4087.5,2878.5,2786.0,333.5,1366.5,4704.0,-1295.5,1914.5
2024-09-05,-26698.5,-6097.0,978.0,840.5,4087.5,2914.5,2822.0,272.5,1639.0,4843.0,-1356.5,1914.5
2024-09-06,-26863.5,-6069.5,1005.5,900.5,4087.5,3054.0,2961.5,179.5,1666.5,4982.5,-1417.0,1914.5
2024-09-07,-26863.5,-6069.5,1005.5,900.5,4087.5,3054.0,2961.5,179.5,1666.5,4982.5,-1417.0,1914.5
2024-09-08,-26976.0,-6182.0,1005.5,788.0,4087.5,2941.5,2849.0,179.5,1554.0,4870.0,-1417.0,1914.5
2024-09-09,-27176.0,-6382.0,805.5,588.0,4087.5,2741.5,2649.0,179.5,1354.0,4670.0,-1417.0,1914.5
2024-09-10,-26504.5,-5710.5,1477.0,1059.5,4087.5,3541.5,3449.0,321.0,1754.0,5070.0,-1275.5,1914.5
2024-09-11,-27047.5,-6105.0,1082.5,1059.5,4087.5,3305.0,3212.5,242.5,1211.5,4833.5,-1321.0,1914.5
2024-09-12,-26557.5,-5615.0,1457.5,1549.5,4087.5,3680.0,3587.5,217.5,1701.5,5208.5,-1346.0,1914.5
2024-09-13,-26353.5,-5411.0,1604.5,1719.5,4087.5,3884.0,3814.5,118.5,1648.5,5178.5,-1422.0,1914.5
2024-09-14,-26353.5,-5411.0,1604.5,1719.5,4087.5,3884.0,3814.5,118.5,1648.5,5178.5,-1422.0,1914.5
2024-09-15,-26353.5,-5411.0,1604.5,1719.5,4087.5,3884.0,3814.5,118.5,1648.5,5178.5,-1422.0,1914.5
2024-09-16,-26326.5,-5384.0,1431.5,1602.0,4050.0,4028.5,3759.0,63.0,1593.0,5123.0,-1477.5,1877.0
2024-09-17,-26298.5,-5277.0,1285.5,1531.0,4050.0,3931.5,3662.0,41.0,1425.0,5026.0,-1499.5,1877.0
2024-09-18,-26757.0,-5735.5,1027.0,1531.0,3972.5,3473.0,3203.5,-12.5,1335.0,5013.5,-1553.0,1799.5
2024-09-19,-26957.0,-5535.5,1227.0,1731.0,3972.5,3673.0,3403.5,187.5,1535.0,5213.5,-1353.0,1799.5
2024-09-20,-26844.5,-5423.0,1427.0,1843.5,3972.5,3585.5,3316.0,387.5,1647.5,5126.0,-1353.0,1799.5
2024-09-21,-26844.5,-5423.0,1427.0,1843.5,3972.5,3585.5,3316.0,387.5,1647.5,5126.0,-1353.0,1799.5
2024-09-22,-26844.5,-5423.0,1427.0,1843.5,3972.5,3585.5,3316.0,387.5,1647.5,5126.0,-1353.0,1799.5
2024-09-23,-26679.0,-5480.5,1385.5,1786.0,3931.0,3528.0,3258.5,371.5,1590.0,5068.5,-1369.0,1758.0
2024-09-24,-26234.0,-5594.0,1272.0,1777.0,3983.0,3562.5,3293.0,371.5,1885.5,5164.0,-1369.0,1958.0
2024-09-25,-26085.0,-5445.0,1181.0,1977.0,4183.0,3762.5,3493.0,276.0,1743.5,5119.5,-1413.5,2158.0
2024-09-26,-26157.0,-5517.0,1181.0,1905.0,4183.0,3690.5,3421.0,276.0,1743.5,5119.5,-1413.5,2158.0
2024-09-27,-26253.0,-5613.0,1085.0,1809.0,4183.0,3594.5,3325.0,180.0,1647.5,5023.5,-1509.5,2158.0
2024-09-28,-26253.0,-5613.0,1085.0,1809.0,4183.0,3594.5,3325.0,180.0,1647.5,5023.5,-1509.5,2158.0
2024-09-29,-26253.0,-5613.0,1085.0,1809.0,4183.0,3594.5,3325.0,180.0,1647.5,5023.5,-1509.5,2158.0
2024-09-30,-26134.0,-5494.0,1004.0,1928.0,4383.0,3513.5,3244.0,180.0,1566.5,4942.5,-1509.5,2158.0
2024-10-01,-25734.0,-5545.0,1153.0,1877.0,4383.0,3462.5,3193.0,129.0,1766.5,5142.5,-1560.5,2158.0
2024-10-02,-25578.0,-5389.0,1309.0,1833.0,4339.0,3370.0,3100.5,36.5,1922.5,5098.5,-1653.0,2114.0
2024-10-03,-25642.0,-5528.5,1169.5,1790.0,4339.0,3230.5,2961.0,-33.0,1853.0,5029.0,-1722.5,2114.0
2024-10-04,-25493.0,-5412.0,1033.0,1906.5,4286.0,3347.0,3077.5,83.5,1769.5,4945.5,-1606.0,2061.0
2024-10-05,-25493.0,-5412.0,1033.0,1906.5,4286.0,3347.0,3077.5,83.5,1769.5,4945.5,-1606.0,2061.0
2024-10-06,-25493.0,-5412.0,1033.0,1906.5,4286.0,3347.0,3077.5,83.5,1769.5,4945.5,-1606.0,2061.0
2024-10-07,-25204.5,-5238.5,1246.0,2080.0,4286.0,3471.5,3202.0,332.5,2018.5,5145.5,-1406.0,2061.0
2024-10-08,-25119.0,-5282.5,1163.5,2080.0,4286.0,3459.0,3189.5,288.5,2047.5,5206.0,-1418.5,2061.0
2024-10-09,-24919.0,-5082.5,1363.5,2056.5,4486.0,3659.0,3389.5,265.0,2024.0,5182.5,-1442.0,2261.0
2024-10-10,-24623.5,-4787.0,1659.0,2279.5,4671.0,3954.5,3685.0,450.0,2319.5,5478.0,-1242.0,2461.0
2024-10-11,-24385.5,-4549.0,1897.0,2517.5,4630.0,4120.0,3850.5,374.5,2215.5,5402.5,-1317.5,2420.0
2024-10-12,-24385.5,-4549.0,1897.0,2517.5,4630.0,4120.0,3850.5,374.5,2215.5,5402.5,-1317.5,2420.0
2024-10-13,-24385.5,-4549.0,1897.0,2517.5,4630.0,4120.0,3850.5,374.5,2215.5,5402.5,-1317.5,2420.0
2024-10-14,-24500.0,-4450.0,1996.0,2644.0,4581.0,4186.5,3917.0,241.0,2256.5,5518.0,-1451.0,2371.0
2024-10-15,-24802.5,-4553.0,1761.0,2568.5,4581.0,4205.5,3936.0,213.5,2153.5,5537.0,-1478.5,2371.0
2024-10-16,-24424.0,-4174.5,2208.0,2973.0,4781.0,4652.5,4336.0,460.5,2532.0,5937.0,-1278.5,2371.0
2024-10-17,-24079.5,-4282.0,2292.5,2708.5,4641.0,4604.5,4320.5,293.0,2364.5,5861.5,-1354.0,2231.0
2024-10-18,-23792.0,-4283.5,2291.0,2708.5,4641.0,4535.0,4251.0,223.5,2295.0,5792.0,-1423.5,2231.0
2024-10-19,-23792.0,-4283.5,2291.0,2708.5,4641.0,4535.0,4251.0,223.5,2295.0,5792.0,-1423.5,2231.0
2024-10-20,-23792.0,-4283.5,2291.0,2708.5,4641.0,4535.0,4251.0,223.5,2295.0,5792.0,-1423.5,2231.0
2024-10-21,-23326.0,-4125.5,2449.0,2908.5,4641.0,4693.0,4409.0,223.5,2453.0,5950.0,-1423.5,2231.0
2024-10-22,-23375.0,-4091.5,2483.0,2983.0,4641.0,4527.0,4243.0,139.0,2609.0,5906.0,-1508.0,2231.0
2024-10-23,-23846.0,-3954.5,2484.5,2984.5,4841.0,4804.0,4622.0,118.0,2648.0,6085.0,-1529.0,2431.0
2024-10-24,-23926.5,-3995.0,2444.0,2984.5,4841.0,4763.5,4581.5,77.5,2607.5,6044.5,-1569.5,2431.0
2024-10-25,-23990.5,-3980.0,2614.5,3155.0,4957.0,4862.5,4680.5,48.0,2736.0,6173.0,-1599.0,2631.0
2024-10-26,-23990.5,-3980.0,2614.5,3155.0,4957.0,4862.5,4680.5,48.0,2736.0,6173.0,-1599.0,2631.0
2024-10-27,-23990.5,-3980.0,2614.5,3128.5,4957.0,4862.5,4680.5,21.5,2736.0,6173.0,-1625.5,2631.0
2024-10-28,-23806.5,-3747.5,2847.0,3451.5,5157.0,5042.0,4913.0,113.5,2844.0,6081.0,-1533.5,2631.0
2024-10-29,-23877.5,-3818.5,2626.0,3380.5,5157.0,5097.0,4968.0,30.5,2899.0,6136.0,-1583.5,2631.0
2024-10-30,-24019.0,-3905.5,2588.5,3293.5,5157.0,5059.5,4930.5,-7.0,2812.0,6098.5,-1621.0,2631.0
2024-10-31,-24214.0,-4119.0,2486.0,3104.0,5157.0,4924.5,4795.5,-49.0,2691.5,6056.5,-1663.0,2631.0
2024-11-01,-23843.5,-4170.0,2435.0,3104.0,5157.0,4873.5,4744.5,-100.0,2640.5,6005.5,-1714.0,2631.0
2024-11-02,-23843.5,-4170.0,2435.0,3104.0,5157.0,4873.5,4744.5,-100.0,2640.5,6005.5,-1714.0,2631.0
2024-11-03,-23843.5,-4263.0,2342.0,3011.0,5157.0,4873.5,4744.5,-100.0,2640.5,6005.5,-1714.0,2631.0
2024-11-04,-24188.5,-4444.5,2071.5,2829.5,5157.0,4692.0,4563.0,-170.5,2570.0,5935.0,-1784.5,2631.0
2024-11-05,-24198.5,-4454.5,2223.5,2656.5,5269.5,4967.5,4838.5,-207.5,2550.5,6010.5,-1821.5,2743.5
2024-11-06,-24632.0,-4432.0,2046.0,2807.0,5269.5,5039.5,4910.5,-271.0,2637.5,6147.0,-1885.0,2743.5
2024-11-07,-24432.0,-4232.0,2246.0,3007.0,5269.5,5239.5,5110.5,-71.0,2837.5,6347.0,-1685.0,2743.5
2024-11-08,-24640.5,-4232.5,2334.5,3120.0,5333.5,5239.0,5110.0,-55.0,2764.5,6274.0,-1669.0,2807.5
2024-11-09,-24640.5,-4232.5,2334.5,3120.0,5333.5,5239.0,5110.0,-55.0,2764.5,6274.0,-1669.0,2807.5
2024-11-10,-24640.5,-4232.5,2334.5,3120.0,5333.5,5239.0,5110.0,-55.0,2764.5,6274.0,-1669.0,2807.5
2024-11-11,-24871.0,-4501.0,2089.5,2945.0,5207.0,5027.0,4992.0,-173.0,2534.0,6194.0,-1787.0,2775.0
2024-11-12,-24827.5,-4702.5,1888.0,2829.0,5207.0,4825.5,4840.0,-249.5,2440.5,6100.5,-1863.5,2775.0
2024-11-13,-24507.0,-4406.0,2184.5,2965.5,5207.0,5225.5,5040.0,-89.5,2737.0,6300.5,-1663.5,2775.0
2024-11-14,-24887.5,-4608.5,2025.0,2763.0,5102.0,5056.5,4871.0,-187.0,2555.5,6152.5,-1727.5,2670.0
2024-11-15,-25416.5,-4959.0,1874.5,2612.5,5102.0,4906.0,4720.5,-337.5,2405.0,6002.0,-1878.0,2670.0
2024-11-16,-25416.5,-4959.0,1874.5,2612.5,5102.0,4906.0,4720.5,-337.5,2405.0,6002.0,-1878.0,2670.0
2024-11-17,-25416.5,-4959.0,1874.5,2612.5,5102.0,4906.0,4720.5,-337.5,2405.0,6002.0,-1878.0,2670.0
2024-11-18,-25321.5,-4864.0,1969.5,2612.5,5102.0,5001.0,4815.5,-165.5,2500.0,6097.0,-1678.0,2670.0
2024-11-19,-25492.5,-4901.5,2131.5,2663.5,5102.0,5001.5,4816.0,-3.5,2462.5,6097.5,-1478.0,2670.0
2024-11-20,-24937.5,-4936.5,2096.5,2663.5,5102.0,4966.5,4781.0,-38.5,2427.5,6062.5,-1513.0,2670.0
2024-11-21,-25055.0,-5326.0,1707.0,2591.0,5102.0,4577.0,4391.5,-228.0,2305.5,5940.5,-1702.5,2670.0
2024-11-22,-24873.0,-5449.0,1643.5,2531.5,5102.0,4454.0,4268.5,-351.0,2246.0,5881.0,-1825.5,2670.0
2024-11-23,-24873.0,-5449.0,1643.5,2531.5,5102.0,4454.0,4268.5,-351.0,2246.0,5881.0,-1825.5,2670.0
2024-11-24,-24873.0,-5449.0,1643.5,2531.5,5102.0,4454.0,4268.5,-351.0,2246.0,5881.0,-1825.5,2670.0
2024-11-25,-24680.0,-5306.0,1643.5,2685.5,5091.0,4643.0,4457.5,-362.0,2389.0,6070.0,-1836.5,2659.0
2024-11-26,-24384.0,-5612.0,1529.0,2588.5,5291.0,4472.5,4287.0,-259.0,2333.0,6014.0,-1733.5,2859.0
2024-11-27,-24607.0,-5466.0,1675.0,2588.5,5237.0,4618.5,4487.0,-113.0,2279.0,6014.0,-1533.5,2859.0
2024-11-28,-24692.5,-5510.5,1675.0,2575.5,5237.0,4574.0,4442.5,-126.0,2234.5,5969.5,-1546.5,2859.0
2024-11-29,-25092.5,-5630.5,1611.5,2497.0,5237.0,4495.5,4364.0,-189.5,2114.5,5891.0,-1568.5,2859.0
2024-11-30,-25092.5,-5630.5,1611.5,2497.0,5237.0,4495.5,4364.0,-189.5,2114.5,5891.0,-1568.5,2859.0
2024-12-01,-25093.5,-5637.5,1604.5,2490.0,5237.0,4488.5,4357.0,-189.5,2107.5,5884.0,-1568.5,2859.0
2024-12-02,-25132.0,-5692.0,1550.0,2470.5,5199.0,4434.0,4302.5,-255.5,2053.0,5829.5,-1634.5,2821.0
2024-12-03,-25342.0,-5774.5,1467.5,2470.5,5199.0,4471.0,4339.5,-255.5,1970.5,5866.5,-1634.5,2821.0
2024-12-04,-25165.5,-5598.0,1467.5,2670.5,5199.0,4647.5,4516.0,-279.0,2147.0,6043.0,-1658.0,2821.0
2024-12-05,-25285.5,-5718.0,1430.5,2636.5,5150.0,4527.5,4396.0,-316.0,2061.0,5957.0,-1695.0,2772.0
2024-12-06,-25461.5,-5843.0,1326.5,2588.0,5150.0,4402.5,4271.0,-358.5,1942.0,5838.0,-1737.5,2772.0
2024-12-07,-25461.5,-5843.0,1326.5,2588.0,5150.0,4402.5,4271.0,-358.5,1942.0,5838.0,-1737.5,2772.0
2024-12-08,-25461.5,-5843.0,1326.5,2588.0,5150.0,4402.5,4271.0,-358.5,1942.0,5838.0,-1737.5,2772.0
2024-12-09,-25560.5,-5913.5,1256.0,2545.5,5107.5,4332.0,4200.5,-429.0,2114.0,5767.5,-1808.0,2729.5
2024-12-10,-25417.5,-5646.5,1404.0,2519.0,5107.5,4624.5,4493.0,-162.0,2381.0,6060.0,-1515.5,2729.5
2024-12-11,-25310.0,-5528.5,1522.0,2637.0,5307.5,4742.5,4611.0,-213.5,2499.0,6178.0,-1567.0,2929.5
2024-12-12,-25089.5,-5151.5,1403.5,3037.0,5307.5,4824.0,4692.5,-236.5,2876.0,6355.0,-1590.0,2929.5
2024-12-13,-25248.5,-5310.5,1310.0,2850.5,5307.5,4665.0,4533.5,-309.5,2656.0,6135.0,-1663.0,2929.5
2024-12-14,-25248.5,-5310.5,1310.0,2850.5,5307.5,4665.0,4533.5,-309.5,2656.0,6135.0,-1663.0,2929.5
2024-12-15,-25248.5,-5310.5,1310.0,2850.5,5307.5,4665.0,4533.5,-309.5,2656.0,6135.0,-1663.0,2929.5
2024-12-16,-25267.0,-5329.0,1291.5,2850.5,5307.5,4646.5,4515.0,-328.0,2637.5,6116.5,-1681.5,2929.5
2024-12-17,-25231.0,-5416.5,1204.0,2850.5,5307.5,4559.0,4427.5,-415.5,2550.0,6029.0,-1769.0,2929.5
2024-12-18,-25222.0,-5737.5,935.5,2691.0,5104.0,4357.0,4225.5,-480.5,2229.0,5827.0,-1834.0,2845.0
2024-12-19,-24677.5,-5193.0,1080.0,2691.0,5104.0,4701.5,4570.0,-136.0,2773.5,6171.5,-1689.5,2845.0
2024-12-20,-24634.0,-5149.5,1123.5,2691.0,5104.0,4901.5,4770.0,-136.0,2817.0,6371.5,-1689.5,2845.0
2024-12-21,-24634.0,-5149.5,1123.5,2691.0,5104.0,4901.5,4770.0,-136.0,2817.0,6371.5,-1689.5,2845.0
2024-12-22,-24634.0,-5149.5,1123.5,2691.0,5104.0,4901.5,4770.0,-136.0,2817.0,6371.5,-1689.5,2845.0
2024-12-23,-24200.5,-4716.0,1557.0,2691.0,5192.5,5273.5,5142.0,-112.0,2815.0,6543.5,-1554.0,3045.0
2024-12-24,-24000.5,-4516.0,1757.0,2891.0,5192.5,5473.5,5342.0,88.0,3015.0,6743.5,-1354.0,3045.0
2024-12-25,-24127.5,-4516.0,1757.0,2891.0,5192.5,5473.5,5342.0,88.0,3015.0,6743.5,-1354.0,3045.0
2024-12-26,-23592.0,-4597.0,1676.0,2891.0,5192.5,5392.5,5261.0,88.0,2934.0,6662.5,-1354.0,3045.0
2024-12-27,-23466.0,-4471.0,1876.0,2817.0,5192.5,5518.5,5461.0,288.0,3060.0,6862.5,-1154.0,3045.0
2024-12-28,-23466.0,-4471.0,1876.0,2817.0,5192.5,5518.5,5461.0,288.0,3060.0,6862.5,-1154.0,3045.0
2024-12-29,-23466.0,-4471.0,1876.0,2817.0,5192.5,5518.5,5461.0,288.0,3060.0,6862.5,-1154.0,3045.0
2024-12-30,-23865.0,-4670.0,1677.0,2618.0,4993.5,5319.5,5262.0,488.0,2861.0,6663.5,-954.0,2846.0
2024-12-31,-23943.5,-4694.5,1724.5,2763.5,4993.5,5295.0,5335.5,612.5,2836.5,6737.0,-808.5,2846.0
2025-01-01,-23943.5,-4694.5,1724.5,2763.5,4993.5,5295.0,5335.5,612.5,2836.5,6737.0,-808.5,2846.0
2025-01-02,-24101.5,-4852.5,1566.5,2694.0,4924.0,5137.0,5177.5,543.0,2678.5,6579.0,-878.0,2776.5
2025-01-03,-24356.0,-5107.0,1472.0,2532.0,4856.5,4940.0,4980.5,381.0,2584.0,6542.0,-982.5,2709.0
2025-01-04,-24356.0,-5107.0,1472.0,2532.0,4856.5,4940.0,4980.5,381.0,2584.0,6542.0,-982.5,2709.0
2025-01-05,-24356.0,-5107.0,1472.0,2532.0,4856.5,4940.0,4980.5,381.0,2584.0,6542.0,-982.5,2709.0
2025-01-06,-24390.0,-5141.0,1438.0,2532.0,4856.5,4906.0,4980.5,347.0,2550.0,6542.0,-982.5,2709.0
2025-01-07,-24434.5,-5185.5,1593.5,2532.0,4625.0,4906.0,4980.5,502.5,2223.0,6259.5,-782.5,2477.5
2025-01-08,-24575.0,-5069.5,1742.0,2604.5,4625.0,5022.0,5096.5,823.5,2463.0,6499.5,-461.5,2477.5
2025-01-09,-24333.5,-4869.5,1942.0,2804.5,4625.0,5022.0,5096.5,1023.5,2663.0,6499.5,-461.5,2477.5
2025-01-10,-24003.5,-4974.0,1837.5,2731.5,4552.0,4917.5,4996.0,992.0,2631.5,6472.0,-489.0,2404.5
2025-01-11,-24003.5,-4974.0,1837.5,2731.5,4552.0,4917.5,4996.0,992.0,2631.5,6472.0,-489.0,2404.5
2025-01-12,-24003.5,-4974.0,1837.5,2731.5,4552.0,4917.5,4996.0,992.0,2631.5,6472.0,-489.0,2404.5
2025-01-13,-24266.0,-5152.0,1659.5,2708.5,4552.0,4739.5,4866.5,1120.5,2453.5,6342.5,-312.0,2404.5
2025-01-14,-23466.0,-4752.0,2059.5,2708.5,4552.0,4939.5,5066.5,1120.5,2853.5,6542.5,-312.0,2404.5
2025-01-15,-23648.5,-4668.5,2161.0,2708.5,4752.0,5062.0,5189.0,1204.0,2937.0,6665.0,-189.5,2604.5
2025-01-16,-23192.5,-4412.5,2417.0,3040.5,4752.0,5318.0,5445.0,1336.0,3193.0,6921.0,-57.5,2604.5
2025-01-17,-23205.0,-4390.5,2451.5,3062.5,4739.5,5505.5,5632.5,1480.0,3337.0,7108.5,130.0,2592.0
2025-01-18,-23205.0,-4390.5,2451.5,3062.5,4739.5,5505.5,5632.5,1480.0,3337.0,7108.5,130.0,2592.0
2025-01-19,-23205.0,-4390.5,2451.5,3062.5,4739.5,5505.5,5632.5,1480.0,3337.0,7108.5,130.0,2592.0
2025-01-20,-23316.0,-4501.5,2302.0,3101.0,4590.0,5692.5,5819.5,1480.0,3226.0,7295.5,130.0,2442.5
2025-01-21,-22583.0,-4448.5,2192.5,2991.5,4590.0,5783.0,5910.0,1457.0,3302.0,7409.0,107.0,2442.5
2025-01-22,-22482.0,-4339.0,2336.0,3118.0,4761.5,5892.5,6048.0,1600.5,3445.5,7592.0,290.0,2642.5
2025-01-23,-22614.0,-4448.5,2249.0,3031.0,4733.0,5783.0,5938.5,1514.0,3336.0,7482.5,203.5,2614.0
2025-01-24,-22741.5,-4576.0,2185.5,2853.5,4733.0,5655.5,5811.0,1450.5,3272.5,7419.0,140.0,2614.0
2025-01-25,-22741.5,-4576.0,2185.5,2853.5,4733.0,5655.5,5811.0,1450.5,3272.5,7419.0,140.0,2614.0
2025-01-26,-22941.5,-4576.0,2185.5,2853.5,4733.0,5655.5,5811.0,1450.5,3272.5,7419.0,140.0,2614.0
2025-01-27,-23653.5,-5000.5,1761.0,2776.0,4642.0,5286.5,5442.0,1260.5,2848.0,7050.0,47.5,2578.5
2025-01-28,-23627.0,-4939.5,1904.0,2776.0,4642.0,5404.5,5560.0,1403.5,2909.0,7168.0,247.5,2578.5
2025-01-29,-23002.0,-4640.5,2165.5,2910.5,4842.0,5781.5,5937.0,1441.0,2946.5,7271.0,350.5,2778.5
2025-01-30,-23052.0,-4728.5,2077.5,3175.5,4539.5,6028.5,6184.0,1390.5,2658.5,7318.0,300.0,2676.0
2025-01-31,-23179.5,-4774.0,2055.0,3175.5,4539.5,5983.0,6138.5,1345.0,2813.0,7272.5,254.5,2676.0
2025-02-01,-23179.5,-4774.0,2055.0,3175.5,4539.5,5983.0,6138.5,1345.0,2813.0,7272.5,254.5,2676.0
2025-02-02,-23236.0,-4830.5,1998.5,3175.5,4539.5,5926.5,6082.0,1288.5,2756.5,7216.0,198.0,2676.0
2025-02-03,-23618.0,-5012.5,1904.0,3175.5,4452.0,5744.5,5900.0,1106.5,2662.0,7121.5,16.0,2588.5
2025-02-04,-23870.5,-5065.0,1851.5,3175.5,4452.0,5692.0,5847.5,1054.0,2609.5,7069.0,-36.5,2588.5
2025-02-05,-23323.5,-5029.5,1887.0,3375.5,4287.5,5727.5,5883.0,1001.0,2445.0,6904.5,-89.5,2424.0
2025-02-06,-23213.0,-4919.0,1833.0,3321.5,4287.5,5838.0,6029.0,1111.5,2555.5,7050.5,56.5,2424.0
2025-02-07,-23668.0,-5189.0,1606.0,3259.0,4287.5,5611.0,5802.0,1239.0,2683.0,7221.0,227.0,2424.0
2025-02-08,-23668.0,-5189.0,1606.0,3259.0,4287.5,5611.0,5802.0,1239.0,2683.0,7221.0,227.0,2424.0
2025-02-09,-23468.0,-4989.0,1806.0,3459.0,4287.5,5611.0,5802.0,1239.0,2883.0,7221.0,227.0,2424.0
2025-02-10,-23427.0,-4699.0,1806.0,3659.0,4210.5,5901.0,6092.0,1439.0,3083.0,7421.0,427.0,2347.0
2025-02-11,-23403.5,-4573.5,1975.0,3641.5,4210.5,6057.5,6248.5,1564.5,3252.0,7621.0,583.5,2347.0
2025-02-12,-23027.5,-4213.0,2375.0,3641.5,4210.5,6218.0,6409.0,1564.5,3252.0,7621.0,583.5,2347.0
2025-02-13,-23494.0,-4040.5,2347.5,3507.0,4076.0,6071.0,6262.0,1497.0,3003.5,7581.0,543.5,2240.0
2025-02-14,-23568.0,-4114.5,2273.5,3507.0,4076.0,5997.0,6188.0,1481.5,2929.5,7507.0,528.0,2240.0
2025-02-15,-23568.0,-4114.5,2273.5,3507.0,4076.0,5997.0,6188.0,1481.5,2929.5,7507.0,528.0,2240.0
2025-02-16,-23661.5,-4208.0,2180.0,3507.0,4076.0,5903.5,6094.5,1481.5,2929.5,7507.0,528.0,2240.0
2025-02-17,-23648.5,-4209.0,2180.0,3469.0,4076.0,5902.5,6093.5,1480.5,2928.5,7506.0,527.0,2240.0
2025-02-18,-23868.5,-4429.0,2073.5,3368.0,4013.5,5742.5,5933.5,1396.5,2708.5,7346.0,443.0,2177.5
2025-02-19,-23600.5,-4161.0,1967.5,3689.0,4013.5,5849.0,6040.0,1396.5,2976.5,7493.0,443.0,2177.5
2025-02-20,-23703.0,-4317.0,1811.5,3586.5,3857.5,5693.0,5884.0,1543.0,2874.0,7390.5,589.5,2021.5
2025-02-21,-23950.5,-4475.0,1689.5,3525.0,3857.5,5535.0,5751.5,1459.5,2716.0,7258.0,531.5,2021.5
2025-02-22,-23950.5,-4475.0,1689.5,3525.0,3857.5,5535.0,5751.5,1459.5,2716.0,7258.0,531.5,2021.5
2025-02-23,-24022.0,-4546.5,1689.5,3453.5,3857.5,5463.5,5680.0,1459.5,2644.5,7186.5,531.5,2021.5
2025-02-24,-24284.5,-4409.0,1827.0,3453.5,4057.5,5601.0,5817.5,1397.0,2982.0,7324.0,469.0,2221.5
2025-02-25,-24335.0,-3882.5,2128.0,3453.5,4057.5,5727.5,5944.0,2098.0,3483.0,7425.0,770.0,2221.5
2025-02-26,-24205.0,-4085.5,1962.5,3274.5,4033.5,5524.5,5791.5,1986.0,3371.0,7363.5,708.5,2197.5
2025-02-27,-24220.5,-3921.5,1958.5,3167.5,3904.5,5763.5,6030.5,2079.0,3335.0,7402.5,876.5,2068.5
2025-02-28,-24366.5,-4067.5,1772.5,2967.5,3654.5,5245.0,5898.0,2133.0,3266.5,7375.0,944.0,1963.5
2025-03-01,-24366.5,-4067.5,1772.5,2967.5,3654.5,5245.0,5898.0,2133.0,3266.5,7375.0,944.0,1963.5
2025-03-02,-24366.5,-4067.5,1772.5,2967.5,3654.5,5245.0,5898.0,2133.0,3266.5,7375.0,944.0,1963.5
2025-03-03,-24869.0,-4679.5,1607.0,2876.0,3706.5,4833.0,5486.0,2024.0,2764.0,7072.5,926.5,2015.5
2025-03-04,-24311.0,-4811.5,1620.0,3131.0,3906.5,4301.0,4954.0,1900.5,2832.0,6740.5,803.0,2015.5
2025-03-05,-24637.5,-4738.0,1693.5,3131.0,4106.5,4374.5,5027.5,1774.0,2705.5,6614.0,676.5,2215.5
2025-03-06,-25089.0,-4829.5,1602.0,2933.0,4306.5,3976.5,4629.5,1774.0,2412.0,6614.0,676.5,2215.5
2025-03-07,-25212.0,-4874.5,1557.0,2888.0,4306.5,3931.5,4584.5,1729.0,2367.0,6569.0,631.5,2215.5
2025-03-08,-25212.0,-4874.5,1557.0,2888.0,4306.5,3931.5,4584.5,1729.0,2367.0,6569.0,631.5,2215.5
2025-03-09,-25212.0,-4874.5,1557.0,2888.0,4306.5,3931.5,4584.5,1729.0,2367.0,6569.0,631.5,2215.5
2025-03-10,-24812.0,-4597.5,1757.0,3019.5,4438.0,4277.0,4930.0,2006.0,2644.0,6914.5,977.0,2415.5
2025-03-11,-25207.0,-4446.0,1908.5,3171.0,4438.0,4428.5,5081.5,1904.5,2795.5,7066.0,875.5,2415.5
2025-03-12,-25333.5,-4572.5,1855.5,3097.5,4385.0,4302.0,4955.0,1778.0,2669.0,6939.5,749.0,2362.5
2025-03-13,-25133.5,-4068.0,1760.0,3202.0,4785.0,4606.5,5259.5,1682.5,3069.0,7139.5,653.5,2562.5
2025-03-14,-25751.5,-4286.0,1677.5,2984.0,4785.0,4524.0,5177.0,1600.0,2986.5,7057.0,571.0,2562.5
2025-03-15,-25751.5,-4286.0,1677.5,2984.0,4785.0,4524.0,5177.0,1600.0,2986.5,7057.0,571.0,2562.5
2025-03-16,-25751.5,-4286.0,1677.5,2984.0,4785.0,4524.0,5177.0,1600.0,2986.5,7057.0,571.0,2562.5
2025-03-17,-25810.5,-4345.0,1684.0,2984.0,4919.5,4465.0,5118.0,1534.5,2921.0,6991.5,505.5,2697.0
2025-03-18,-25277.0,-4375.5,1777.0,2984.0,4675.5,4457.0,5110.0,1450.0,3175.5,7148.0,421.0,2573.5
2025-03-19,-25730.0,-4438.5,1583.5,2984.0,4606.0,4394.0,5089.5,1187.0,3024.5,6997.0,200.5,2504.0
2025-03-20,-25615.0,-4275.5,1593.5,3031.0,4806.0,4557.0,5252.5,1256.0,3187.5,7160.0,269.5,2704.0
2025-03-21,-25687.0,-4276.5,1291.0,2728.5,4806.0,4776.0,5271.5,1098.5,3108.0,6979.0,112.0,2704.0
2025-03-22,-25687.0,-4276.5,1291.0,2728.5,4806.0,4776.0,5271.5,1098.5,3108.0,6979.0,112.0,2704.0
2025-03-23,-25687.0,-4276.5,1291.0,2728.5,4806.0,4776.0,5271.5,1098.5,3108.0,6979.0,112.0,2704.0
2025-03-24,-25799.5,-4389.0,1178.5,2728.5,4806.0,4681.0,5176.5,986.0,2995.5,6884.0,17.0,2704.0
2025-03-25,-25953.5,-4507.5,1080.5,2728.5,4806.0,4562.5,5058.0,943.5,2899.0,6787.5,-25.5,2704.0
2025-03-26,-25786.0,-4340.0,1248.0,2928.5,4806.0,4730.0,5225.5,911.0,3066.5,6955.0,-58.0,2704.0
2025-03-27,-25838.5,-4394.0,1194.0,2874.5,4806.0,4676.0,5171.5,857.0,3012.5,6901.0,-112.0,2704.0
2025-03-28,-25878.0,-4724.0,1194.0,2674.5,5006.0,4676.0,5171.5,1057.0,2882.5,7101.0,88.0,2904.0
2025-03-29,-25878.0,-4724.0,1194.0,2674.5,5006.0,4676.0,5171.5,1057.0,2882.5,7101.0,88.0,2904.0
2025-03-30,-25878.0,-4724.0,1194.0,2674.5,5006.0,4676.0,5171.5,1057.0,2882.5,7101.0,88.0,2904.0
2025-03-31,-26257.0,-5103.0,946.5,2469.5,4923.0,4297.0,4792.5,983.5,2503.5,6722.0,14.5,2821.0
2025-04-01,-26540.5,-5386.5,725.0,2469.5,4823.5,4013.5,4509.0,799.5,2220.0,6438.5,-169.5,2721.5
2025-04-02,-26608.0,-5454.0,725.0,2202.0,4823.5,3946.0,4509.0,932.0,2152.5,6438.5,30.5,2721.5
2025-04-03,-27100.0,-5546.0,633.0,2202.0,4823.5,3854.0,4417.0,840.0,2060.5,6346.5,-61.5,2721.5
2025-04-04,-27300.0,-5346.0,833.0,2202.0,5223.5,3854.0,4417.0,840.0,1860.5,6146.5,-61.5,2921.5
2025-04-05,-27300.0,-5346.0,833.0,2202.0,5223.5,3854.0,4417.0,840.0,1860.5,6146.5,-61.5,2921.5
2025-04-06,-27500.0,-5346.0,833.0,2202.0,5223.5,3854.0,4417.0,840.0,1860.5,6146.5,-61.5,2921.5
2025-04-07,-28300.0,-6146.0,433.0,2202.0,5223.5,3454.0,4017.0,640.0,1260.5,5946.5,-261.5,2921.5
2025-04-08,-28398.0,-6125.0,180.5,2202.0,5223.5,3454.0,4017.0,861.0,1481.5,6146.5,-61.5,2921.5
2025-04-09,-27845.0,-5638.0,467.5,2202.0,5623.5,3906.0,4617.0,1461.0,1968.5,6746.5,338.5,3121.5
2025-04-10,-27645.0,-5438.0,667.5,2202.0,5623.5,4306.0,5017.0,1661.0,2168.5,7146.5,738.5,3121.5
2025-04-11,-28045.0,-5238.0,867.5,2202.0,5623.5,4506.0,5217.0,1861.0,2368.5,7146.5,738.5,3121.5
2025-04-12,-28045.0,-5238.0,867.5,2202.0,5623.5,4506.0,5217.0,1861.0,2368.5,7146.5,738.5,3121.5
2025-04-13,-28045.0,-5238.0,867.5,2402.0,5823.5,4506.0,5217.0,2061.0,2568.5,7346.5,938.5,3321.5
2025-04-14,-27525.0,-4718.0,1267.5,2802.0,6023.5,4626.0,5337.0,2181.0,2888.5,7266.5,858.5,3321.5
2025-04-15,-27465.5,-4576.0,1209.5,2744.0,6023.5,4568.0,5279.0,2123.0,2830.5,7208.5,800.5,3321.5
2025-04-16,-27867.0,-4577.5,1208.0,2744.0,6023.5,4696.0,5407.0,2051.0,2830.5,7208.5,728.5,3321.5
2025-04-17,-27392.0,-4102.5,1683.0,3019.0,6023.5,5296.0,6007.0,2126.0,3030.5,7408.5,928.5,3321.5
2025-04-18,-27392.0,-4102.5,1683.0,3019.0,6023.5,5296.0,6007.0,2126.0,3030.5,7408.5,928.5,3321.5
2025-04-19,-27392.0,-4102.5,1683.0,3019.0,6023.5,5296.0,6007.0,2126.0,3030.5,7408.5,928.5,3321.5
2025-04-20,-27592.0,-4302.5,1483.0,3019.0,6023.5,5296.0,6007.0,2126.0,3030.5,7408.5,928.5,3321.5
2025-04-21,-27726.0,-4436.5,1349.0,2962.0,6023.5,5162.0,5873.0,1992.0,2896.5,7274.5,794.5,3321.5
2025-04-22,-28253.5,-4564.0,1428.0,2877.5,6023.5,5128.5,5839.5,1880.5,2853.5,7325.5,683.0,3321.5
2025-04-23,-28453.0,-4563.5,1428.5,2732.0,5878.0,5183.0,5894.0,2026.5,2799.5,7380.0,883.0,3176.0
2025-04-24,-28371.0,-4481.5,1449.0,2690.5,5878.0,5444.5,6155.5,2195.0,2681.5,7641.5,1283.0,3176.0
2025-04-25,-28601.0,-4581.0,1449.0,2591.0,5878.0,5345.0,6056.0,2195.0,2681.5,7641.5,1283.0,3176.0
2025-04-26,-28601.0,-4581.0,1449.0,2591.0,5878.0,5345.0,6056.0,2195.0,2681.5,7641.5,1283.0,3176.0
2025-04-27,-28601.0,-4581.0,1449.0,2591.0,5878.0,5345.0,6056.0,2195.0,2681.5,7641.5,1283.0,3176.0
2025-04-28,-28532.0,-4442.0,1538.5,2530.0,5878.0,5472.0,6183.0,2195.0,2420.5,7368.5,1283.0,3176.0
2025-04-29,-28417.5,-4327.5,1481.5,2387.5,5878.0,5329.5,6040.5,2138.0,2735.0,7226.0,1226.0,3176.0
2025-04-30,-28992.5,-4465.5,1582.0,2387.5,5878.0,5191.5,5902.5,2238.5,2735.0,7226.0,1384.5,3176.0
2025-05-01,-29356.5,-4772.0,1514.0,2126.5,5771.5,4885.0,5596.0,2125.0,2428.5,6919.5,1271.0,3069.5
2025-05-02,-29694.0,-4709.5,1576.5,2189.0,5699.0,5085.0,5796.0,2052.5,2491.0,7119.5,1198.5,2997.0
2025-05-03,-29694.0,-4709.5,1576.5,2189.0,5699.0,5085.0,5796.0,2052.5,2491.0,7119.5,1198.5,2997.0
2025-05-04,-29848.0,-4863.5,1576.5,2035.0,5699.0,4931.0,5642.0,2052.5,2491.0,7119.5,1198.5,2997.0
2025-05-05,-29582.0,-4597.5,1921.5,2180.0,5620.0,5252.0,5963.0,2397.5,2757.0,7440.5,1598.5,2918.0
2025-05-06,-30067.0,-4898.0,1765.0,1980.5,5519.0,4951.5,5747.0,2282.5,2456.5,7224.5,1483.5,2817.0
2025-05-07,-30020.0,-4815.0,1799.5,1980.5,5519.0,5254.5,6050.0,2414.0,2491.0,7327.5,1683.5,2817.0
2025-05-08,-29993.0,-4788.0,1694.0,1955.5,5519.0,5629.5,6425.0,2241.0,2318.0,7302.5,1858.5,2817.0
2025-05-09,-29860.0,-4204.5,2107.0,2555.5,5600.5,5961.0,6756.5,2572.5,2718.0,7502.5,1990.0,3017.0
2025-05-10,-29860.0,-4204.5,2107.0,2555.5,5600.5,5961.0,6756.5,2572.5,2718.0,7502.5,1990.0,3017.0
2025-05-11,-30142.5,-4287.0,2024.5,2501.5,5600.5,5932.5,6728.0,2544.0,2635.5,7474.0,1961.5,3017.0
2025-05-12,-29846.5,-3991.0,2120.5,2293.0,6000.5,6228.5,7024.0,2744.0,2531.5,7370.0,2161.5,3417.0
2025-05-13,-29881.5,-3698.5,2413.0,2293.0,5906.0,6428.5,7224.0,2944.0,2824.0,7570.0,2361.5,3417.0
2025-05-14,-29451.5,-3468.5,2613.0,2323.0,6106.0,6658.5,7454.0,2944.0,3024.0,7770.0,2361.5,3617.0
2025-05-15,-29488.0,-3440.0,2641.5,2223.5,6030.0,6763.0,7558.5,2848.5,2787.5,7674.5,2266.0,3617.0
2025-05-16,-29674.5,-3626.5,2455.0,2090.0,6030.0,6576.5,7372.0,2795.5,2601.0,7488.0,2213.0,3617.0
2025-05-17,-29674.5,-3626.5,2455.0,2090.0,6030.0,6576.5,7372.0,2795.5,2601.0,7488.0,2213.0,3617.0
2025-05-18,-29747.5,-3699.5,2382.0,2090.0,6030.0,6576.5,7372.0,2795.5,2528.0,7488.0,2213.0,3617.0
2025-05-19,-30075.0,-3946.5,2249.0,2031.5,5955.5,6466.5,7262.0,2745.5,2281.0,7378.0,2163.0,3542.5
2025-05-20,-29899.0,-3738.5,2457.0,2031.5,5955.5,6666.5,7462.0,2904.5,2489.0,7578.0,2322.0,3542.5
2025-05-21,-29740.0,-4090.0,2105.5,1872.5,5811.5,6315.0,7159.0,2856.0,2281.5,7419.0,2322.0,3398.5
2025-05-22,-29765.5,-4115.5,2080.0,1847.0,5811.5,6289.5,7133.5,2830.5,2256.0,7393.5,2296.5,3398.5
2025-05-23,-29649.0,-3999.0,2196.5,1679.0,5964.5,6406.0,7250.0,2698.0,2372.5,7510.0,2164.0,3551.5
2025-05-24,-29649.0,-3999.0,2196.5,1679.0,5964.5,6406.0,7250.0,2698.0,2372.5,7510.0,2164.0,3551.5
2025-05-25,-29649.0,-3999.0,2196.5,1679.0,5964.5,6406.0,7250.0,2698.0,2372.5,7510.0,2164.0,3551.5
2025-05-26,-29619.5,-3864.5,2331.0,1675.5,5857.5,6612.0,7211.0,2596.0,2220.5,7465.0,2125.0,3551.5
2025-05-27,-29861.5,-4094.5,2144.5,1492.5,5857.5,6521.5,7120.5,2413.0,1990.5,7374.5,2034.5,3551.5
2025-05-28,-30162.5,-4201.5,2125.0,1469.5,5782.0,6490.0,7089.0,2382.5,1883.5,7343.0,2004.0,3551.5
2025-05-29,-30202.0,-4379.0,2066.5,1292.0,5782.0,6312.5,6911.5,2324.0,1706.0,7165.5,1945.5,3551.5
2025-05-30,-29864.5,-3979.0,2466.5,1292.0,5782.0,6512.5,7111.5,2724.0,1629.5,7165.5,2145.5,3551.5
2025-05-31,-29864.5,-3979.0,2466.5,1292.0,5782.0,6512.5,7111.5,2724.0,1629.5,7165.5,2145.5,3551.5
2025-06-01,-29864.5,-3979.0,2466.5,1292.0,5782.0,6512.5,7111.5,2724.0,1629.5,7165.5,2145.5,3551.5
2025-06-02,-29582.0,-3779.0,2666.5,1492.0,5782.0,6712.5,7311.5,2724.0,1829.5,7365.5,2145.5,3551.5
2025-06-03,-29700.0,-3897.0,2593.5,1374.0,5782.0,6594.5,7193.5,2606.0,1756.5,7292.5,2027.5,3551.5
2025-06-04,-29480.5,-3654.0,2836.5,1374.0,5766.5,6776.0,7375.0,2590.0,1999.5,7476.5,2011.5,3536.0
2025-06-05,-29670.5,-3784.0,2706.5,1174.0,5966.5,6386.5,6985.5,2590.0,1869.5,7146.5,2011.5,3536.0
2025-06-06,-29718.5,-3432.0,2706.5,1174.0,5966.5,6586.5,7185.5,2590.0,2221.5,7346.5,2011.5,3536.0
2025-06-07,-29718.5,-3432.0,2706.5,1174.0,5966.5,6586.5,7185.5,2590.0,2221.5,7346.5,2011.5,3536.0
2025-06-08,-29718.5,-3432.0,2706.5,1174.0,5966.5,6586.5,7185.5,2590.0,2221.5,7346.5,2011.5,3536.0
2025-06-09,-29722.0,-3435.5,2703.0,1140.0,6106.0,6583.0,7299.5,2764.5,2162.0,7287.0,2186.0,3675.5
2025-06-10,-29361.0,-2931.5,3207.0,1044.0,6306.0,6983.0,7699.5,3164.5,2666.0,7687.0,2386.0,3675.5
2025-06-11,-28930.0,-2500.5,3638.0,1444.0,6306.0,7183.0,7899.5,3116.5,3097.0,7887.0,2338.0,3675.5
2025-06-12,-28636.5,-2007.0,4131.5,1456.5,6306.0,7543.0,8259.5,3676.5,3566.0,8017.0,2498.0,3675.5
2025-06-13,-28755.5,-2126.0,4012.5,1337.5,6306.0,7424.0,8140.5,3676.5,3447.0,7898.0,2498.0,3675.5
2025-06-14,-28755.5,-2126.0,4012.5,1337.5,6306.0,7424.0,8140.5,3676.5,3447.0,7898.0,2498.0,3675.5
2025-06-15,-28755.5,-2126.0,4012.5,1337.5,6306.0,7424.0,8140.5,3676.5,3447.0,7898.0,2498.0,3675.5
2025-06-16,-28955.5,-1926.0,4212.5,1337.5,6306.0,7624.0,8340.5,3876.5,3447.0,7898.0,2698.0,3675.5
2025-06-17,-29209.5,-2091.0,4047.5,1337.5,6306.0,7511.5,8228.0,3938.5,3282.0,7875.5,2812.5,3675.5
2025-06-18,-29268.5,-2150.0,3988.5,1278.5,6306.0,7452.5,8169.0,3879.5,3223.0,7816.5,2753.5,3675.5
2025-06-19,-29231.5,-2244.5,3894.0,1278.5,6306.0,7358.0,8074.5,3785.0,3128.5,7722.0,2659.0,3675.5
2025-06-20,-29679.0,-2513.5,3773.0,1157.5,6306.0,7089.0,7805.5,3712.5,2859.5,7453.0,2586.5,3675.5
2025-06-21,-29679.0,-2513.5,3773.0,1157.5,6306.0,7089.0,7805.5,3712.5,2859.5,7453.0,2586.5,3675.5
2025-06-22,-29708.0,-2542.5,3773.0,1128.5,6306.0,7060.0,7776.5,3683.5,2830.5,7424.0,2557.5,3675.5
2025-06-23,-29618.5,-2325.0,4050.5,1245.5,6406.5,7400.0,8116.5,3860.5,3048.0,7764.0,2757.5,3875.5
2025-06-24,-29583.5,-2290.0,3921.0,1310.5,6541.0,7435.0,8151.5,3995.0,2982.5,7698.5,2892.0,4010.0
2025-06-25,-29633.0,-2383.0,3870.5,1268.0,6541.0,7342.0,8058.5,3902.0,2918.5,7634.5,2799.0,4010.0
2025-06-26,-29515.5,-2265.5,3788.0,1385.5,6541.0,7459.5,8176.0,3902.0,3036.0,7752.0,2799.0,4010.0
2025-06-27,-29277.0,-2027.0,3773.5,1306.0,6634.5,7765.5,8482.0,4048.5,3274.5,8058.0,2945.5,4171.0
2025-06-28,-29277.0,-2027.0,3773.5,1306.0,6634.5,7765.5,8482.0,4048.5,3274.5,8058.0,2945.5,4171.0
2025-06-29,-29277.0,-2027.0,3773.5,1306.0,6634.5,7765.5,8482.0,4048.5,3274.5,8058.0,2945.5,4171.0
2025-06-30,-29442.5,-2144.5,3637.0,1202.0,6582.0,7648.0,8364.5,3983.5,3209.5,7993.0,2880.5,4118.5
2025-07-01,-29462.0,-2109.0,3501.5,1362.0,6582.0,7712.5,8480.0,4019.0,3289.5,7902.0,2996.0,4118.5
2025-07-02,-29555.5,-2202.5,3433.0,1348.0,6502.5,7610.5,8378.0,3925.5,3196.0,7800.0,2894.0,4039.0
2025-07-03,-29585.5,-2232.5,3403.0,1318.0,6502.5,7580.5,8348.0,3895.5,3166.0,7770.0,2864.0,4039.0
2025-07-04,-29585.5,-2232.5,3403.0,1318.0,6502.5,7580.5,8348.0,3895.5,3166.0,7770.0,2864.0,4039.0
2025-07-05,-29585.5,-2232.5,3403.0,1318.0,6502.5,7580.5,8348.0,3895.5,3166.0,7770.0,2864.0,4039.0
2025-07-06,-29437.0,-2084.0,3551.5,1518.0,6502.5,7729.0,8496.5,3895.5,3314.5,7918.5,2864.0,4039.0
2025-07-07,-29591.5,-2199.0,3518.0,1424.5,6469.5,7614.0,8430.0,3829.0,3199.5,7852.0,2797.5,4006.0
2025-07-08,-29671.0,-2278.5,3438.5,1345.0,6469.5,7534.5,8350.5,3749.5,3120.0,7772.5,2718.0,4006.0
2025-07-09,-29627.0,-2234.5,3308.0,1242.0,6389.0,7628.5,8444.5,3843.5,3164.0,7866.5,2812.0,3925.5
2025-07-10,-29554.5,-2065.5,3508.0,1242.0,6352.0,7828.5,8644.5,4012.5,3333.0,8066.5,3012.0,3888.5
2025-07-11,-29689.5,-2153.5,3420.0,1242.0,6352.0,7740.5,8556.5,3981.5,3245.0,7978.5,2981.0,3888.5
2025-07-12,-29689.5,-2153.5,3420.0,1242.0,6352.0,7740.5,8556.5,3981.5,3245.0,7978.5,2981.0,3888.5
2025-07-13,-29689.5,-2153.5,3420.0,1242.0,6352.0,7740.5,8556.5,3981.5,3245.0,7978.5,2981.0,3888.5
2025-07-14,-29289.5,-2188.0,3379.5,1242.0,6340.0,7706.0,8522.0,3947.0,3210.5,7944.0,2946.5,3876.5
2025-07-15,-29230.5,-2044.0,3523.5,1186.0,6304.0,7850.0,8666.0,3891.0,3354.5,8088.0,2890.5,3840.5
2025-07-16,-29017.0,-2230.5,3337.0,1110.5,6304.0,7663.5,8528.0,3842.5,3230.5,8012.5,2842.0,3840.5
2025-07-17,-29050.5,-2225.5,3342.0,972.0,6248.0,7781.0,8645.5,3960.0,3035.5,7930.0,2959.5,3784.5
2025-07-18,-29081.5,-2256.5,3311.0,941.0,6248.0,7750.0,8614.5,3929.0,3004.5,7899.0,2928.5,3784.5
2025-07-19,-29081.5,-2256.5,3311.0,941.0,6248.0,7750.0,8614.5,3929.0,3004.5,7899.0,2928.5,3784.5
2025-07-20,-29081.5,-2256.5,3311.0,941.0,6248.0,7750.0,8614.5,3929.0,3004.5,7899.0,2928.5,3784.5
2025-07-21,-29258.5,-2433.5,3134.0,801.0,6248.0,7573.0,8469.0,3854.5,2827.5,7785.5,2854.0,3784.5
2025-07-22,-29527.0,-2520.0,3157.5,714.5,6248.0,7486.5,8382.5,3854.5,2741.0,7699.0,2854.0,3784.5
2025-07-23,-29763.5,-2649.5,3077.0,626.5,6248.0,7357.0,8253.0,3774.0,2650.5,7608.5,2773.5,3784.5
2025-07-24,-29822.5,-2701.5,3025.0,626.5,6234.0,7343.0,8239.0,3722.0,2598.5,7594.5,2759.5,3770.5
2025-07-25,-29904.5,-2783.5,2943.0,626.5,6234.0,7261.0,8157.0,3722.0,2516.5,7512.5,2759.5,3770.5
2025-07-26,-29904.5,-2783.5,2943.0,626.5,6234.0,7261.0,8157.0,3722.0,2516.5,7512.5,2759.5,3770.5
2025-07-27,-29904.5,-2783.5,2943.0,626.5,6234.0,7261.0,8157.0,3722.0,2516.5,7512.5,2759.5,3770.5
2025-07-28,-29969.0,-2848.0,2903.0,598.5,6197.5,7196.5,8092.5,3657.5,2452.0,7448.0,2695.0,3734.0
2025-07-29,-29704.0,-2583.0,2960.0,629.0,6397.5,7461.5,8357.5,3922.5,2717.0,7713.0,2960.0,3934.0
2025-07-30,-29645.5,-2708.0,2835.0,785.5,6571.5,7735.0,8712.5,3853.0,2592.0,7868.0,3115.0,4134.0
2025-07-31,-30004.5,-2804.5,2785.5,785.5,6571.5,7638.5,8616.0,3806.0,2495.5,7771.5,3068.0,4134.0
2025-08-01,-30140.0,-2740.0,2850.0,785.5,6436.0,7446.5,8424.0,4206.0,2634.0,7715.0,3211.5,3998.5
2025-08-02,-30140.0,-2740.0,2850.0,785.5,6436.0,7446.5,8424.0,4206.0,2634.0,7715.0,3211.5,3998.5
2025-08-03,-30140.0,-2740.0,2850.0,785.5,6436.0,7446.5,8424.0,4206.0,2634.0,7715.0,3211.5,3998.5
2025-08-04,-30211.0,-2811.0,2779.0,785.5,6436.0,7375.5,8353.0,4135.0,2563.0,7644.0,3140.5,3998.5
2025-08-05,-30044.5,-2644.5,2709.0,752.0,6436.0,7272.0,8249.5,4101.5,2459.5,7540.5,3107.0,3998.5
2025-08-06,-29984.0,-2543.5,2884.0,752.0,6436.0,7373.0,8350.5,4076.5,2519.5,7641.5,3082.0,3998.5
2025-08-07,-30024.0,-2570.0,2752.0,881.0,6436.0,7385.0,8362.5,4205.5,2493.0,7653.5,3249.5,3998.5
2025-08-08,-30191.5,-2745.5,2491.0,880.5,6436.0,7209.5,8187.0,4179.5,2372.0,7532.5,3223.5,3998.5
2025-08-09,-30191.5,-2745.5,2491.0,880.5,6436.0,7209.5,8187.0,4179.5,2372.0,7532.5,3223.5,3998.5
2025-08-10,-30191.5,-2745.5,2491.0,880.5,6436.0,7209.5,8187.0,4179.5,2372.0,7532.5,3223.5,3998.5
2025-08-11,-29821.5,-2375.5,2258.0,971.5,6357.0,6976.5,8033.0,4349.5,2572.0,7532.5,3193.5,3919.5
2025-08-12,-29827.5,-2216.5,2417.0,1171.5,6357.0,7135.5,8192.0,4308.5,2636.0,7691.5,3152.5,3919.5
2025-08-13,-29869.0,-2258.0,2404.0,1130.0,6357.0,7094.0,8150.5,4267.0,2594.5,7650.0,3111.0,3919.5
2025-08-14,-29935.5,-2117.0,2608.0,1134.0,6324.0,7235.0,8291.5,4412.0,2768.5,7824.0,3256.0,3886.5
2025-08-15,-29476.5,-1923.5,2801.5,1327.5,6317.5,7228.5,8285.0,4412.0,2962.0,7817.5,3256.0,3880.0
2025-08-16,-29476.5,-1923.5,2801.5,1327.5,6317.5,7228.5,8285.0,4412.0,2962.0,7817.5,3256.0,3880.0
2025-08-17,-29476.5,-1923.5,2801.5,1327.5,6317.5,7228.5,8285.0,4412.0,2962.0,7817.5,3256.0,3880.0
2025-08-18,-29765.0,-2185.0,2540.0,1109.0,6056.0,6971.0,8027.5,4253.0,2743.5,7731.5,3097.0,3751.0
2025-08-19,-29762.0,-2182.0,2662.5,912.0,6056.0,7030.0,8086.5,4231.5,2746.5,7790.5,3075.5,3751.0
2025-08-20,-29946.5,-2443.0,2401.5,732.0,6056.0,6850.0,7906.5,4197.0,2631.0,7756.0,3041.0,3751.0
2025-08-21,-29748.0,-2899.5,1945.0,782.5,6256.0,6393.5,7599.5,4397.0,2568.0,7693.0,3241.0,3951.0
2025-08-22,-29579.0,-2992.5,2068.5,877.5,6256.0,6357.5,7563.5,4472.5,2475.0,7657.0,3373.5,3951.0
2025-08-23,-29579.0,-2992.5,2068.5,877.5,6256.0,6357.5,7563.5,4472.5,2475.0,7657.0,3373.5,3951.0
2025-08-24,-29579.0,-2992.5,2068.5,877.5,6256.0,6357.5,7563.5,4472.5,2475.0,7657.0,3373.5,3951.0
2025-08-25,-29734.0,-3106.5,1954.5,798.0,6256.0,6243.5,7449.5,4355.0,2361.0,7543.0,3256.0,3951.0
2025-08-26,-29816.5,-3189.0,1932.0,775.5,6196.0,6161.0,7367.0,4332.5,2278.5,7460.5,3233.5,3891.0
2025-08-27,-29660.0,-3032.5,2088.5,932.0,6196.0,6317.5,7523.5,4514.0,2435.0,7617.0,3433.5,3891.0
2025-08-28,-29498.0,-2874.5,2246.5,1131.5,6196.0,6582.5,7788.5,4579.0,2593.0,7882.0,3498.5,3891.0
2025-08-29,-29768.5,-2867.0,2377.5,985.5,6373.5,6590.0,7796.0,4710.0,2724.0,8013.0,3629.5,4068.5
2025-08-30,-29768.5,-2867.0,2377.5,985.5,6373.5,6590.0,7796.0,4710.0,2724.0,8013.0,3629.5,4068.5
2025-08-31,-29885.0,-2983.5,2261.0,869.0,6327.0,6543.5,7749.5,4663.5,2607.5,7966.5,3583.0,4022.0
2025-09-01,-29916.5,-3018.0,2226.5,869.0,6327.0,6509.0,7715.0,4629.0,2573.0,7932.0,3548.5,4022.0
2025-09-02,-30457.0,-3158.5,2226.5,728.5,6281.0,6368.5,7574.5,4583.0,2432.5,7791.5,3502.5,3976.0
2025-09-03,-30436.5,-3103.0,2470.5,877.0,6201.0,6224.0,7424.0,4827.0,2596.0,7749.0,3540.5,3918.0
2025-09-04,-30675.5,-3224.5,2401.5,786.5,6170.0,6133.5,7333.5,4758.0,2512.5,7696.5,3502.5,3918.0
2025-09-05,-30557.5,-3439.5,2344.5,695.5,6170.0,5956.0,7156.0,4647.5,2297.5,7519.0,3429.5,3918.0
2025-09-06,-30557.5,-3439.5,2344.5,695.5,6170.0,5956.0,7156.0,4647.5,2297.5,7519.0,3429.5,3918.0
2025-09-07,-30557.5,-3439.5,2344.5,695.5,6170.0,5956.0,7156.0,4647.5,2297.5,7519.0,3429.5,3918.0
2025-09-08,-30783.5,-3497.5,2286.5,637.5,6144.0,5898.0,7098.0,4589.5,2271.5,7493.0,3371.5,3892.0
2025-09-09,-30698.0,-3407.0,2377.0,754.5,6144.0,5988.5,7286.5,4751.5,2387.5,7635.5,3560.0,3892.0
2025-09-10,-30239.0,-3229.0,2577.0,932.5,6344.0,6166.5,7464.5,4729.5,2587.5,7835.5,3538.0,4092.0
2025-09-11,-30088.0,-3077.0,2729.0,884.5,6296.0,6318.5,7616.5,4681.5,2539.5,7787.5,3490.0,4044.0
2025-09-12,-30113.0,-3102.0,2704.0,859.5,6269.0,6293.5,7591.5,4656.5,2514.5,7762.5,3465.0,4017.0
2025-09-13,-30113.0,-3102.0,2704.0,859.5,6269.0,6293.5,7591.5,4656.5,2514.5,7762.5,3465.0,4017.0
2025-09-14,-30113.0,-3102.0,2704.0,859.5,6269.0,6293.5,7591.5,4656.5,2514.5,7762.5,3465.0,4017.0
2025-09-15,-30152.5,-3141.5,2664.5,859.5,6229.5,6254.0,7552.0,4656.5,2475.0,7723.0,3465.0,3977.5
2025-09-16,-30016.0,-3005.0,2620.5,859.5,6407.0,6333.0,7631.0,4806.5,2603.5,7851.5,3637.5,4177.5
2025-09-17,-29599.5,-2939.5,2686.0,859.5,6332.0,6475.0,7773.0,4787.0,2707.5,8032.0,3618.0,4102.5
2025-09-18,-29688.0,-3028.0,2648.5,859.5,6332.0,6386.5,7684.5,4698.5,2619.0,7943.5,3529.5,4102.5
2025-09-19,-29753.0,-3093.0,2583.5,794.5,6332.0,6321.5,7619.5,4633.5,2554.0,7878.5,3464.5,4102.5
2025-09-20,-29753.0,-3093.0,2583.5,794.5,6332.0,6321.5,7619.5,4633.5,2554.0,7878.5,3464.5,4102.5
2025-09-21,-29753.0,-3093.0,2583.5,794.5,6332.0,6321.5,7619.5,4633.5,2554.0,7878.5,3464.5,4102.5
2025-09-22,-29660.0,-3000.0,2676.5,887.5,6332.0,6468.0,7766.0,4633.5,2647.0,8025.0,3464.5,4102.5
2025-09-23,-29793.0,-3133.0,2603.5,871.5,6332.0,6335.0,7633.0,4617.5,2514.0,7892.0,3448.5,4102.5
2025-09-24,-29884.0,-3164.0,2603.5,840.5,6301.0,6304.0,7602.0,4586.5,2483.0,7861.0,3417.5,4071.5
2025-09-25,-29884.0,-3164.0,2603.5,840.5,6301.0,6304.0,7602.0,4586.5,2483.0,7861.0,3417.5,4071.5
2025-09-26,-29904.5,-3184.5,2663.0,801.5,6301.0,6350.5,7648.5,4513.0,2462.5,7907.5,3344.0,4071.5
2025-09-27,-29904.5,-3184.5,2663.0,801.5,6301.0,6350.5,7648.5,4513.0,2462.5,7907.5,3344.0,4071.5
2025-09-28,-29904.5,-3184.5,2663.0,801.5,6301.0,6350.5,7648.5,4513.0,2462.5,7907.5,3344.0,4071.5
2025-09-29,-29791.5,-3071.5,2663.0,968.0,6301.0,6497.0,7795.0,4679.5,2575.5,8054.0,3544.0,4071.5
2025-09-30,-29922.0,-3126.5,2608.0,968.0,6301.0,6442.0,7740.0,4639.0,2575.5,8054.0,3503.5,4071.5
2025-10-01,-29698.0,-3077.5,2680.0,922.5,6301.0,6491.0,7789.0,4793.5,2624.5,8103.0,3658.0,4071.5
2025-10-02,-29694.5,-3044.0,2713.5,956.0,6301.0,6524.5,7822.5,4740.0,2571.0,8049.5,3604.5,4071.5
2025-10-03,-29946.5,-3296.0,2493.5,767.5,6203.0,6363.0,7661.0,4708.0,2382.5,7951.5,3572.5,3973.5
2025-10-04,-29946.5,-3296.0,2493.5,767.5,6203.0,6363.0,7661.0,4708.0,2382.5,7951.5,3572.5,3973.5
2025-10-05,-29946.5,-3296.0,2493.5,767.5,6203.0,6363.0,7661.0,4708.0,2382.5,7951.5,3572.5,3973.5
2025-10-06,-30205.0,-3530.5,2259.0,533.0,6167.5,6128.5,7426.5,4589.0,2148.0,7717.0,3453.5,3938.0
2025-10-07,-30016.0,-3341.5,2260.0,599.0,6274.5,6341.0,7639.0,4659.5,2137.0,7729.5,3524.0,4138.0
2025-10-08,-30025.5,-3178.5,2423.0,780.5,6274.5,6504.0,7802.0,4622.5,2300.0,7892.5,3487.0,4138.0
2025-10-09,-29690.5,-3105.0,2406.5,712.0,6274.5,6604.5,7902.5,4745.0,2373.5,7993.0,3636.5,4138.0
2025-10-10,-30468.0,-3334.5,2274.0,428.5,6224.0,6227.0,7575.5,4842.5,2144.0,7666.0,3586.0,4087.5
2025-10-11,-30468.0,-3334.5,2274.0,428.5,6224.0,6227.0,7575.5,4842.5,2144.0,7666.0,3586.0,4087.5
2025-10-12,-30657.0,-3523.5,2274.0,428.5,6035.0,6038.0,7386.5,4842.5,1955.0,7477.0,3586.0,3898.5
2025-10-13,-30588.5,-3455.0,2409.5,428.5,6035.0,6106.5,7455.0,4711.0,2023.5,7545.5,3454.5,3898.5
2025-10-14,-30335.5,-3602.0,2262.5,428.5,6035.0,6106.5,7455.0,4711.0,1876.5,7545.5,3454.5,3898.5
2025-10-15,-30697.5,-3764.0,2357.5,178.5,6062.0,6120.5,7548.0,4872.0,1714.5,7638.5,3747.5,4048.5
2025-10-16,-31364.0,-3899.5,2357.5,178.5,6062.0,5985.0,7412.5,4872.0,1579.0,7503.0,3747.5,4048.5
2025-10-17,-31649.0,-4099.5,2157.5,178.5,6062.0,5785.0,7212.5,4872.0,1579.0,7503.0,3747.5,4048.5
2025-10-18,-31649.0,-4099.5,2157.5,178.5,6062.0,5785.0,7212.5,4872.0,1579.0,7503.0,3747.5,4048.5
2025-10-19,-31449.0,-3899.5,2357.5,133.5,6017.0,5985.0,7412.5,4827.0,1579.0,7503.0,3702.5,4003.5
2025-10-20,-31939.5,-4106.5,2157.5,-37.0,6017.0,5747.5,7175.0,4649.0,1372.0,7410.5,3524.5,4003.5
2025-10-21,-31972.0,-4139.0,2218.0,23.5,6017.0,5808.0,7235.5,4757.5,1387.5,7519.0,3633.0,4003.5
2025-10-22,-32269.5,-4084.5,2272.5,-122.0,5871.5,5862.5,7290.0,4672.0,1502.0,7633.5,3547.5,3858.0
2025-10-23,-31948.0,-4044.0,2313.0,-122.0,5871.5,5862.5,7290.0,4672.0,1542.5,7633.5,3547.5,3858.0
2025-10-24,-32095.5,-4155.5,2201.5,-171.5,5871.5,5800.5,7228.0,4622.5,1480.5,7571.5,3547.5,3858.0
2025-10-25,-32095.5,-4155.5,2201.5,-171.5,5871.5,5800.5,7228.0,4622.5,1480.5,7571.5,3547.5,3858.0
2025-10-26,-32095.5,-4155.5,2201.5,-171.5,5871.5,5800.5,7228.0,4622.5,1480.5,7571.5,3547.5,3858.0
2025-10-27,-32095.5,-4155.5,2201.5,-171.5,5871.5,5800.5,7228.0,4622.5,1480.5,7571.5,3547.5,3858.0
2025-10-28,-32121.0,-4181.0,2176.0,-171.5,5871.5,5775.0,7202.5,4597.0,1455.0,7546.0,3522.0,3858.0
2025-10-29,-32515.5,-4305.0,2116.5,-231.0,5871.5,5651.0,7078.5,4597.0,1331.0,7422.0,3522.0,3858.0
2025-10-30,-32016.5,-3806.0,2415.5,-132.0,5871.5,6150.0,7678.5,4896.0,1731.0,7822.0,3821.0,3858.0
2025-10-31,-31416.5,-3606.0,2556.0,208.5,5671.5,6350.0,7634.0,5194.0,2029.0,7977.5,3976.5,3658.0
2025-11-01,-31416.5,-3606.0,2556.0,208.5,5671.5,6350.0,7634.0,5194.0,2029.0,7977.5,3976.5,3658.0
2025-11-02,-31416.5,-3606.0,2556.0,208.5,5671.5,6350.0,7634.0,5194.0,2029.0,7977.5,3976.5,3658.0
2025-11-03,-31728.5,-3649.5,2312.5,18.0,5493.0,6106.5,7390.5,5076.0,1985.5,7734.0,3858.5,3479.5
2025-11-04,-32107.5,-4013.0,2102.5,-192.0,5371.0,5743.0,7027.0,5019.0,1622.0,7370.5,3801.5,3357.5
2025-11-05,-32284.5,-4190.0,2022.0,-369.0,5274.5,5566.0,6850.0,4842.0,1445.0,7193.5,3624.5,3261.0
2025-11-06,-33027.0,-4458.5,1774.5,-390.0,5274.5,5297.5,6581.5,4773.5,1176.5,6925.0,3556.0,3261.0
2025-11-07,-33206.5,-4438.0,1906.0,-190.0,5274.5,5318.0,6602.0,4905.0,1197.0,6945.5,3687.5,3261.0
2025-11-08,-33206.5,-4438.0,1906.0,-190.0,5274.5,5318.0,6602.0,4905.0,1197.0,6945.5,3687.5,3261.0
2025-11-09,-33206.5,-4438.0,1906.0,-190.0,5274.5,5318.0,6602.0,4905.0,1197.0,6945.5,3687.5,3261.0
2025-11-10,-33739.5,-4305.5,2038.5,-190.0,5274.5,5518.0,6802.0,5037.5,1329.5,7145.5,3887.5,3261.0
2025-11-11,-33472.5,-4132.0,2012.0,-16.5,5392.0,5691.5,6975.5,5193.5,1403.0,7219.0,4043.5,3378.5
2025-11-12,-33079.0,-3641.0,2574.0,545.5,5792.0,5922.0,7206.0,5474.0,1694.0,7249.5,4124.0,3578.5
2025-11-13,-33287.0,-3888.5,2335.5,372.0,5720.5,5955.0,7239.0,5446.0,1592.0,7282.5,4096.0,3578.5
2025-11-14,-33596.5,-3998.0,2335.5,372.0,5720.5,5845.5,7129.5,5446.0,1482.5,7173.0,4096.0,3578.5
2025-11-15,-33596.5,-3998.0,2335.5,372.0,5720.5,5845.5,7129.5,5446.0,1482.5,7173.0,4096.0,3578.5
2025-11-16,-33757.5,-4159.0,2174.5,211.0,5720.5,5684.5,6968.5,5446.0,1321.5,7012.0,4096.0,3578.5
2025-11-17,-34632.0,-4833.5,1733.0,128.5,5720.5,5010.0,6294.0,5169.0,844.5,6535.0,3819.0,3578.5
2025-11-18,-34324.5,-4526.0,2040.5,128.5,6028.0,5317.5,6601.5,5076.5,952.0,6642.5,3726.5,3686.0
2025-11-19,-34734.0,-4605.0,1978.5,49.5,6028.0,5517.5,6801.5,5197.5,1073.0,6642.5,3926.5,3686.0
2025-11-20,-35781.0,-4816.5,1767.0,38.0,6028.0,5583.5,6867.5,5320.0,1273.0,6842.5,4126.5,3686.0
2025-11-21,-35000.0,-4428.5,1842.5,38.0,6028.0,5771.5,7055.5,5195.5,1348.5,6718.0,4002.0,3686.0
2025-11-22,-35000.0,-4428.5,1842.5,38.0,6028.0,5771.5,7055.5,5195.5,1348.5,6718.0,4002.0,3686.0
2025-11-23,-35000.0,-4428.5,1842.5,38.0,6028.0,5771.5,7055.5,5195.5,1348.5,6718.0,4002.0,3686.0
2025-11-24,-35200.0,-4331.0,1740.0,38.0,6028.0,5669.0,6953.0,5093.0,1348.5,6718.0,3899.5,3686.0
2025-11-25,-35149.0,-4311.0,1760.0,145.5,6135.5,5781.5,7065.5,5023.0,1168.5,6630.5,3829.5,3886.0
2025-11-26,-35363.0,-4325.0,1746.0,383.5,6064.5,6129.5,7465.5,4928.0,1073.5,6587.5,3734.5,3815.0
2025-11-27,-35328.0,-4290.0,1781.0,383.5,6099.5,6164.5,7500.5,4963.0,1053.0,6587.5,3769.5,3850.0
2025-11-28,-35143.5,-4105.5,1781.0,383.5,6099.5,6349.0,7685.0,4947.5,1237.5,6772.0,3754.0,3850.0
2025-11-29,-35143.5,-4105.5,1781.0,383.5,6099.5,6349.0,7685.0,4947.5,1237.5,6772.0,3754.0,3850.0
2025-11-30,-35293.5,-4191.5,1781.0,383.5,6099.5,6349.0,7685.0,4947.5,1151.5,6772.0,3754.0,3850.0
2025-12-01,-34693.5,-3791.5,1781.0,783.5,6099.5,6549.0,7885.0,4947.5,1551.5,6972.0,3754.0,3850.0
2025-12-02,-33909.5,-3424.5,2013.0,625.0,6099.5,6990.5,8326.5,5075.5,1879.5,7300.0,3882.0,3850.0
2025-12-03,-33161.5,-3264.0,2173.5,625.0,6099.5,7190.5,8526.5,5236.0,2040.0,7500.0,4082.0,3850.0
2025-12-04,-33472.5,-3563.0,1874.5,484.5,5973.0,6891.5,8227.5,5039.0,1744.0,7313.0,3885.0,3723.5
2025-12-05,-33252.0,-3264.5,2173.0,642.5,6096.5,7190.0,8526.0,4909.0,1778.5,7411.5,3755.0,3911.0
2025-12-06,-33252.0,-3264.5,2173.0,642.5,6096.5,7190.0,8526.0,4909.0,1778.5,7411.5,3755.0,3911.0
2025-12-07,-33252.0,-3264.5,2173.0,642.5,6096.5,7190.0,8526.0,4909.0,1778.5,7411.5,3755.0,3911.0
2025-12-08,-33320.5,-3241.0,2196.5,766.0,6096.5,7039.0,8375.0,4873.5,1678.5,7311.5,3719.5,3911.0
2025-12-09,-33231.0,-3091.5,2346.0,766.0,6096.5,7231.5,8567.5,5023.0,1671.0,7304.0,3912.0,3911.0
2025-12-10,-34175.0,-3469.0,2259.0,649.0,6054.5,6899.0,8235.0,4936.0,1554.0,7187.0,3870.0,3869.0
2025-12-11,-33891.5,-3451.5,2276.5,716.5,6054.5,6916.5,8252.5,4886.0,1504.0,7137.0,3820.0,3869.0
2025-12-12,-34507.0,-3853.0,1875.0,348.0,5902.0,6638.0,7974.0,4853.0,1255.0,7011.0,3787.0,3716.5
2025-12-13,-34507.0,-3853.0,1875.0,348.0,5902.0,6638.0,7974.0,4853.0,1255.0,7011.0,3787.0,3716.5
2025-12-14,-34507.0,-3853.0,1875.0,348.0,5902.0,6638.0,7974.0,4853.0,1255.0,7011.0,3787.0,3716.5
2025-12-15,-34987.5,-4333.5,1648.5,163.5,5845.5,6157.5,7493.5,4795.0,1021.5,6777.5,3729.0,3660.0
2025-12-16,-34414.5,-4371.5,1443.5,163.5,6045.5,5719.5,7055.5,5013.5,1173.5,6729.5,3747.5,3660.0
2025-12-17,-34725.0,-4450.0,1420.5,163.5,6144.5,5742.0,7078.0,4958.0,996.0,6552.0,3692.0,3860.0
2025-12-18,-34945.5,-4670.5,1319.5,62.5,6144.5,5521.5,6857.5,4857.0,876.5,6432.5,3591.0,3860.0
2025-12-19,-34945.5,-4670.5,1319.5,62.5,6144.5,5521.5,6857.5,4857.0,876.5,6432.5,3591.0,3860.0
2025-12-20,-34945.5,-4670.5,1319.5,62.5,6144.5,5521.5,6857.5,4857.0,876.5,6432.5,3591.0,3860.0
2025-12-21,-34945.5,-4670.5,1319.5,62.5,6144.5,5521.5,6857.5,4857.0,876.5,6432.5,3591.0,3860.0
2025-12-22,-34880.5,-4793.0,1236.5,211.5,6120.5,5399.0,6735.0,4734.5,813.0,6369.0,3468.5,3836.0
2025-12-23,-35043.5,-4817.5,1236.5,211.5,6120.5,5374.5,6710.5,4710.0,788.5,6344.5,3444.0,3836.0
2025-12-24,-35083.0,-4857.0,1197.0,211.5,6120.5,5335.0,6671.0,4670.5,749.0,6305.0,3404.5,3836.0
2025-12-25,-35083.0,-4857.0,1197.0,211.5,6120.5,5335.0,6671.0,4670.5,749.0,6305.0,3404.5,3836.0
2025-12-26,-35082.0,-4856.0,1198.0,211.5,6120.5,5336.0,6672.0,4670.5,787.0,6343.0,3404.5,3836.0
2025-12-27,-35082.0,-4856.0,1198.0,211.5,6120.5,5336.0,6672.0,4670.5,787.0,6343.0,3404.5,3836.0
2025-12-28,-35082.0,-4856.0,1198.0,211.5,6120.5,5336.0,6672.0,4670.5,787.0,6343.0,3404.5,3836.0
2025-12-29,-34609.0,-4856.0,1198.0,211.5,6103.5,5336.0,6672.0,4670.5,787.0,6343.0,3404.5,3819.0
2025-12-30,-34651.0,-5005.0,1157.5,103.0,6103.5,5187.0,6523.0,4630.0,638.0,6194.0,3364.0,3819.0
2025-12-31,-34850.0,-5036.0,1157.5,103.0,6103.5,5156.0,6492.0,4599.0,607.0,6163.0,3333.0,3819.0
2026-01-01,-34958.0,-5144.0,1157.5,-5.0,6103.5,5048.0,6384.0,4599.0,499.0,6055.0,3333.0,3819.0
2026-01-02,-34921.5,-5107.5,1325.0,64.0,6103.5,5084.5,6420.5,4766.5,535.5,6091.5,3500.5,3819.0
2026-01-03,-34921.5,-5107.5,1325.0,64.0,6103.5,5084.5,6420.5,4766.5,535.5,6091.5,3500.5,3819.0
2026-01-04,-34921.5,-5107.5,1325.0,64.0,6103.5,5084.5,6420.5,4766.5,535.5,6091.5,3500.5,3819.0
2026-01-05,-34521.5,-4707.5,1525.0,264.0,6103.5,5484.5,6820.5,4966.5,935.5,6491.5,3700.5,3819.0
2026-01-06,-34787.0,-4973.0,1459.5,198.5,6103.5,5619.0,6955.0,4901.0,670.0,6426.0,3635.0,3819.0
2026-01-07,-35057.0,-5181.0,1284.0,115.0,6103.5,5503.0,6839.0,4832.0,462.0,6310.0,3566.0,3819.0
2026-01-08,-34835.5,-5173.0,1448.0,315.0,6303.5,5613.5,6949.5,4942.5,523.5,6474.0,3676.5,4019.0
2026-01-09,-34658.0,-4828.5,1897.5,682.0,6270.5,5791.0,7127.0,4909.5,692.0,6556.5,3676.5,4019.0
2026-01-10,-34658.0,-4828.5,1897.5,682.0,6270.5,5791.0,7127.0,4909.5,692.0,6556.5,3676.5,4019.0
2026-01-11,-34658.0,-4828.5,1897.5,682.0,6270.5,5791.0,7127.0,4909.5,692.0,6556.5,3676.5,4019.0
2026-01-12,-34983.0,-4953.5,1772.5,682.0,6270.5,5724.0,7060.0,4842.5,634.0,6556.5,3609.5,4019.0
2026-01-13,-34574.0,-5021.5,1934.5,844.0,6232.5,5694.0,7030.0,4974.5,766.0,6726.5,3779.5,4019.0
2026-01-14,-34458.0,-5122.5,1902.0,743.0,6232.5,5593.0,6929.0,4873.5,665.0,6625.5,3678.5,4019.0
2026-01-15,-34224.0,-4888.5,2102.0,743.0,6232.5,5827.0,7163.0,4907.5,899.0,6859.5,3712.5,4019.0
2026-01-16,-33897.5,-4562.0,2267.5,743.0,6232.5,6009.0,7345.0,4817.5,1009.0,6825.0,3678.0,4019.0
2026-01-17,-33897.5,-4562.0,2267.5,743.0,6232.5,6009.0,7345.0,4817.5,1009.0,6825.0,3678.0,4019.0
2026-01-18,-34097.5,-4562.0,2267.5,743.0,6232.5,6009.0,7345.0,4817.5,1009.0,6825.0,3678.0,4019.0
2026-01-19,-34168.5,-4633.0,2314.5,943.0,6232.5,6022.0,7358.0,4984.0,1056.0,6672.0,3644.5,4019.0
2026-01-20,-33840.0,-4504.5,2144.0,1143.0,6365.5,6377.0,7713.0,5349.5,1488.5,7005.5,3911.0,4152.0
2026-01-21,-33952.0,-4880.5,1888.0,1072.5,6326.0,6001.0,7337.0,5190.0,1112.5,6629.5,3791.0,4152.0
2026-01-22,-33775.5,-4680.5,2088.0,1072.5,6326.0,6201.0,7537.0,5190.0,1312.5,6829.5,3791.0,4152.0
2026-01-23,-32995.5,-4541.0,2227.5,1012.0,6326.0,6140.5,7476.5,5129.5,1512.5,6829.5,3730.5,4152.0
2026-01-24,-32995.5,-4541.0,2227.5,1012.0,6326.0,6140.5,7476.5,5129.5,1512.5,6829.5,3730.5,4152.0
2026-01-25,-32995.5,-4541.0,2227.5,1012.0,6326.0,6140.5,7476.5,5129.5,1512.5,6829.5,3730.5,4152.0
2026-01-26,-33310.5,-4696.0,2189.5,964.0,6400.0,6102.5,7438.5,5081.5,1357.5,6791.5,3682.5,4226.0
2026-01-27,-33414.5,-4841.0,2057.0,831.5,6387.5,5957.5,7293.5,4995.5,1212.5,6646.5,3596.5,4213.5
2026-01-28,-33214.5,-4641.0,2257.0,1031.5,6387.5,6157.5,7493.5,4995.5,1300.5,6846.5,3596.5,4213.5
2026-01-29,-33897.0,-4816.5,2257.0,1056.0,6387.5,6557.5,7893.5,5195.5,1125.0,6846.5,3796.5,4213.5
2026-01-30,-33997.0,-4916.5,2157.0,956.0,6387.5,6457.5,7793.5,5095.5,1025.0,6746.5,3696.5,4213.5
2026-01-31,-33997.0,-4916.5,2157.0,956.0,6387.5,6457.5,7793.5,5095.5,1025.0,6746.5,3696.5,4213.5
2026-02-01,-34197.0,-4916.5,2157.0,956.0,6387.5,6457.5,7793.5,5095.5,1025.0,6746.5,3696.5,4213.5
2026-02-02,-34474.5,-5594.0,1825.5,810.0,6041.5,5780.0,7116.0,4964.0,547.5,6269.0,3565.0,3867.5
2026-02-03,-34342.5,-5262.0,2157.5,742.0,6041.5,5912.0,7248.0,4896.0,879.5,6401.0,3497.0,3867.5
2026-02-04,-34446.5,-5366.0,2213.5,742.0,5897.5,5808.0,7288.0,5030.0,719.5,6241.0,3631.0,3723.5
2026-02-05,-34790.5,-5360.0,2219.5,642.5,5803.0,5614.0,7193.5,5036.0,625.0,6146.5,3736.5,3629.0
2026-02-06,-35113.5,-5683.0,1896.5,642.5,5803.0,5614.0,7193.5,4913.0,102.0,6146.5,3736.5,3629.0
2026-02-07,-35113.5,-5683.0,1896.5,642.5,5803.0,5614.0,7193.5,4913.0,102.0,6146.5,3736.5,3629.0
2026-02-08,-35113.5,-5683.0,1896.5,642.5,5803.0,5614.0,7193.5,4913.0,102.0,6146.5,3736.5,3629.0
2026-02-09,-35301.5,-5871.0,1884.5,571.5,5803.0,5525.0,7221.5,4838.0,-169.0,5974.5,3877.5,3629.0
2026-02-10,-35036.0,-5605.5,2150.0,837.0,5803.0,5925.0,7621.5,5238.0,-103.5,6174.5,4077.5,3629.0
2026-02-11,-34865.0,-5249.5,2506.0,1193.0,5803.0,6325.0,8021.5,5594.0,252.5,6574.5,4477.5,3629.0
2026-02-12,-35233.5,-5618.0,2275.0,1098.5,5803.0,6430.5,8127.0,5727.0,-21.5,6774.5,4677.5,3629.0
2026-02-13,-35141.5,-5526.0,1967.0,1498.5,5803.0,6322.5,8019.0,6127.0,270.5,6866.5,4877.5,3629.0
2026-02-14,-35141.5,-5526.0,1967.0,1498.5,5803.0,6322.5,8019.0,6127.0,270.5,6866.5,4877.5,3629.0
2026-02-15,-35197.5,-5582.0,1911.0,1498.5,5747.0,6266.5,7963.0,6071.0,214.5,6810.5,4821.5,3573.0
2026-02-16,-35048.5,-5618.0,1875.0,1498.5,5747.0,6230.5,7927.0,6035.0,178.5,6774.5,4785.5,3573.0
2026-02-17,-35210.5,-5851.0,1637.0,1298.0,5672.5,6197.5,7894.0,5880.5,-102.0,6494.0,4631.0,3498.5
2026-02-18,-34756.5,-5712.0,1576.0,1383.0,5672.5,6251.5,7948.0,5819.5,-426.5,6284.5,4685.0,3498.5
2026-02-19,-34610.5,-5712.0,1576.0,1383.0,5672.5,6251.5,7948.0,5819.5,-426.5,6284.5,4685.0,3498.5
2026-02-20,-34228.5,-5820.0,1468.0,1383.0,5672.5,6143.5,7840.0,5711.5,-463.0,6248.0,4577.0,3498.5
2026-02-21,-34228.5,-5820.0,1468.0,1383.0,5672.5,6143.5,7840.0,5711.5,-463.0,6248.0,4577.0,3498.5
2026-02-22,-34428.5,-5820.0,1468.0,1383.0,5672.5,6143.5,7840.0,5711.5,-463.0,6248.0,4577.0,3498.5
2026-02-23,-35228.5,-5820.0,1468.0,1383.0,5621.0,6343.5,8040.0,5660.0,-443.0,6248.0,4525.5,3447.0
2026-02-24,-35083.5,-5675.0,1613.0,1471.5,5621.0,6518.0,8214.5,5680.0,-298.0,6422.5,4575.0,3447.0
2026-02-25,-35055.0,-5846.0,1481.5,1421.5,5611.0,6347.0,8083.0,5617.0,-430.0,6330.0,4551.5,3437.0
2026-02-26,-34981.0,-5738.5,1389.0,1621.5,5611.0,6454.5,8190.5,5524.5,-322.5,6437.5,4459.0,3437.0
2026-02-27,-34895.5,-5653.0,1274.5,1770.5,5547.5,6492.0,8291.5,5432.0,-466.0,6345.0,4366.5,3373.5
2026-02-28,-34895.5,-5653.0,1274.5,1770.5,5547.5,6492.0,8291.5,5432.0,-466.0,6345.0,4366.5,3373.5
2026-03-01,-34895.5,-5653.0,1274.5,1770.5,5547.5,6492.0,8291.5,5432.0,-466.0,6345.0,4366.5,3373.5
2026-03-02,-34984.0,-5741.5,1186.0,1770.5,5547.5,6403.5,8203.0,5343.5,-554.5,6256.5,4278.0,3373.5
2026-03-03,-35060.5,-5818.0,1109.5,1757.0,5547.5,6644.0,8443.5,5184.0,-231.0,6497.0,4118.5,3373.5
2026-03-04,-35260.5,-5818.0,1109.5,1757.0,5547.5,6644.0,8443.5,5184.0,-231.0,6497.0,4118.5,3373.5
2026-03-05,-35170.5,-5728.0,999.5,1757.0,5547.5,6534.0,8533.0,5184.0,258.5,6786.5,4118.5,3373.5
2026-03-06,-34406.0,-5395.0,1507.0,1690.0,5855.0,7134.0,9133.0,5291.5,766.0,7386.5,4318.5,3773.5
2026-03-07,-34406.0,-5395.0,1507.0,1690.0,5855.0,7134.0,9133.0,5291.5,766.0,7386.5,4318.5,3773.5
2026-03-08,-34606.0,-5595.0,1507.0,1690.0,5655.0,6934.0,8933.0,5291.5,566.0,7186.5,4318.5,3573.5
2026-03-09,-34762.0,-5751.0,1351.0,1890.0,5528.0,7026.0,9025.0,5383.5,410.0,7278.5,4410.5,3573.5
2026-03-10,-34076.5,-5843.5,1384.5,1867.0,5528.0,7030.5,9029.5,5380.0,462.0,7427.5,4504.0,3573.5
2026-03-11,-33755.5,-5522.5,1905.5,1988.0,5528.0,7351.5,9350.5,5901.0,783.0,7548.5,4825.0,3573.5
2026-03-12,-34044.0,-5662.5,1864.5,1848.0,5528.0,7211.5,9210.5,5761.0,643.0,7408.5,4685.0,3573.5
2026-03-13,-34004.0,-5790.5,1685.0,1934.5,5528.0,7156.0,9155.0,5799.0,515.0,7353.0,4795.5,3573.5
2026-03-14,-34004.0,-5790.5,1685.0,1934.5,5528.0,7156.0,9155.0,5799.0,515.0,7353.0,4795.5,3573.5
2026-03-15,-34034.5,-5821.0,1654.5,1934.5,5497.5,7125.5,9124.5,5768.5,484.5,7322.5,4765.0,3543.0
2026-03-16,-34472.0,-6258.5,1217.0,1734.5,5497.5,6688.0,8740.0,5660.0,364.0,7255.0,4709.5,3543.0
2026-03-17,-34072.0,-6058.5,1417.0,1734.5,5497.5,6888.0,8940.0,5860.0,564.0,7455.0,4909.5,3543.0
2026-03-18,-33427.0,-6384.0,1136.5,1687.5,5598.0,6710.0,8817.0,5671.5,286.5,7332.0,4776.0,3743.0
2026-03-19,-33350.0,-6446.5,1074.0,1802.5,5598.0,6447.5,8554.5,5526.0,341.0,7186.5,4630.5,3743.0
2026-03-20,-33860.5,-6553.0,1167.5,1696.0,5287.5,6341.0,8448.0,5887.0,434.5,7080.0,4791.5,3632.5
2026-03-21,-33860.5,-6553.0,1167.5,1696.0,5287.5,6341.0,8448.0,5887.0,434.5,7080.0,4791.5,3632.5
2026-03-22,-33860.5,-6553.0,1167.5,1696.0,5287.5,6341.0,8448.0,5887.0,434.5,7080.0,4791.5,3632.5
2026-03-23,-34016.0,-6108.5,1612.0,1740.5,5332.0,6741.0,8848.0,5931.5,834.5,7280.0,4991.5,3632.5
2026-03-24,-34117.0,-6068.5,1652.0,1652.5,5260.0,6581.0,8688.0,5971.5,874.5,7120.0,4831.5,3560.5
2026-03-25,-34130.0,-5526.5,2194.0,1594.5,5260.0,6923.0,9030.0,5859.0,1162.0,7207.5,4719.0,3560.5
2026-03-26,-34949.0,-6145.5,1754.0,1415.5,5260.0,6607.0,8714.0,5543.0,718.5,6891.5,4403.0,3560.5
2026-03-27,-35573.5,-6143.5,1556.0,1567.5,5260.0,6760.5,8867.5,5676.0,787.5,7112.0,4536.0,3560.5
2026-03-28,-35573.5,-6143.5,1556.0,1567.5,5260.0,6760.5,8867.5,5676.0,787.5,7112.0,4536.0,3560.5
2026-03-29,-35876.5,-6246.5,1556.0,1567.5,5260.0,6657.5,8764.5,5573.0,684.5,7009.0,4433.0,3560.5
2026-03-30,-36076.5,-6246.5,1556.0,1567.5,5260.0,6657.5,8764.5,5573.0,684.5,7009.0,4433.0,3560.5
2026-03-31,-36009.5,-5890.0,1993.5,1924.0,5660.0,6895.0,9002.0,5492.0,599.5,7005.0,4433.0,3760.5
2026-04-01,-36406.0,-6113.0,1793.5,2238.5,5574.5,6809.5,8916.5,5406.5,576.5,7119.5,4347.5,3675.0
2026-04-02,-36389.5,-6096.5,1793.5,2381.0,5717.0,6883.5,8990.5,5549.0,593.0,7193.5,4547.5,3875.0
2026-04-03,-36496.0,-6203.0,1687.0,2381.0,5884.5,6777.0,8936.5,5442.5,486.5,7139.5,4493.5,4042.5
2026-04-04,-36496.0,-6203.0,1687.0,2381.0,5884.5,6777.0,8936.5,5442.5,486.5,7139.5,4493.5,4042.5
2026-04-05,-36670.5,-6288.0,1802.0,2381.0,5799.5,6692.0,8936.5,5557.5,401.5,7139.5,4693.5,4042.5
2026-04-06,-35942.5,-5760.0,1930.0,2981.0,6399.5,7092.0,9336.5,5485.5,729.5,7339.5,4693.5,4442.5
2026-04-07,-36635.5,-6053.0,1745.5,2691.0,6399.5,6789.0,9033.5,5304.0,758.5,7158.5,4512.0,4442.5
2026-04-08,-36888.5,-6306.0,1620.5,2615.0,6399.5,6661.0,8905.5,5051.0,505.5,7030.5,4384.0,4442.5
2026-04-09,-37027.5,-6106.5,1820.0,2452.0,6799.5,6660.5,8905.0,5250.5,556.5,6881.5,4383.5,4642.5
2026-04-10,-36984.0,-5760.5,1766.0,2852.0,6799.5,7006.5,9051.0,5372.0,902.5,7027.5,4529.5,4642.5
2026-04-11,-36984.0,-5760.5,1766.0,2852.0,6799.5,7006.5,9051.0,5372.0,902.5,7027.5,4529.5,4642.5
2026-04-12,-36984.0,-5760.5,1766.0,2852.0,6799.5,7006.5,9051.0,5372.0,902.5,7027.5,4529.5,4642.5
2026-04-13,-36847.5,-5824.0,1789.5,2815.0,6799.5,7180.0,9224.5,5545.5,839.0,7201.0,4703.0,4642.5
2026-04-14,-36925.0,-5857.0,1756.5,2815.0,6799.5,7147.0,9191.5,5512.5,806.0,7168.0,4670.0,4642.5
2026-04-15,-36937.0,-5869.0,1604.0,2890.5,6799.5,7238.5,9283.0,5342.0,794.0,7259.5,4561.5,4642.5
2026-04-16,-36884.5,-5816.5,1656.5,3037.5,6690.5,7344.0,9388.5,5394.5,846.5,7365.0,4667.0,4533.5
2026-04-17,-36838.0,-5770.0,1597.5,3143.0,6617.5,7390.5,9435.0,5262.5,928.0,7446.5,4535.0,4460.5
2026-04-18,-36838.0,-5770.0,1597.5,3143.0,6617.5,7390.5,9435.0,5262.5,928.0,7446.5,4535.0,4460.5
2026-04-19,-36638.0,-5570.0,1597.5,3143.0,6617.5,7590.5,9635.0,5262.5,1128.0,7646.5,4535.0,4460.5
2026-04-20,-36728.5,-5660.5,1507.0,3162.0,6617.5,7500.0,9544.5,5239.5,1037.5,7556.0,4512.0,4460.5
2026-04-21,-36783.5,-5715.5,1452.0,3162.0,6572.5,7445.0,9489.5,5184.5,982.5,7501.0,4457.0,4415.5
2026-04-22,-36819.0,-5751.0,1392.5,3126.5,6572.5,7409.5,9454.0,5277.5,947.0,7465.5,4597.5,4415.5
2026-04-23,-36899.0,-5879.0,1318.5,3024.5,6572.5,7281.5,9326.0,5149.5,819.0,7337.5,4469.5,4415.5
2026-04-24,-36941.5,-5921.5,1276.0,3024.5,6572.5,7239.0,9283.5,5107.0,776.5,7295.0,4427.0,4415.5
2026-04-25,-36941.5,-5921.5,1276.0,3024.5,6572.5,7239.0,9283.5,5107.0,776.5,7295.0,4427.0,4415.5
2026-04-26,-36941.5,-5921.5,1276.0,3024.5,6572.5,7239.0,9283.5,5107.0,776.5,7295.0,4427.0,4415.5
2026-04-27,-36885.0,-5902.5,1295.0,3114.0,6572.5,7316.0,9360.5,5196.5,866.0,7442.5,4574.5,4415.5
2026-04-28,-37056.5,-6245.5,1170.0,2914.0,6447.5,6973.0,9017.5,5196.5,866.0,7442.5,4574.5,4290.5
2026-04-29,-37687.0,-6535.5,925.0,2728.5,6380.5,6742.5,8832.0,4906.5,576.0,7212.0,4344.0,4223.5
2026-04-30,-37228.0,-6974.5,486.0,2587.5,6239.5,6303.5,8393.0,4808.5,337.0,6973.0,4246.0,4082.5
2026-05-01,-37293.5,-7040.0,420.5,2587.5,6174.0,6238.0,8327.5,4743.0,271.5,6907.5,4180.5,4017.0
2026-05-02,-37293.5,-7040.0,420.5,2587.5,6174.0,6238.0,8327.5,4743.0,271.5,6907.5,4180.5,4017.0
2026-05-03,-37293.5,-7040.0,420.5,2587.5,6174.0,6238.0,8327.5,4743.0,271.5,6907.5,4180.5,4017.0
2026-05-04,-36541.5,-7088.0,372.5,2642.5,6229.0,6190.0,8279.5,4743.0,271.5,6907.5,4180.5,4072.0
2026-05-05,-36729.0,-6876.0,372.5,2642.5,6241.0,6402.0,8491.5,4743.0,483.5,7119.5,4180.5,4084.0
2026-05-06,-36729.0,-6876.0,372.5,2642.5,6241.0,6402.0,8491.5,4743.0,483.5,7119.5,4180.5,4084.0
2026-05-07,-36129.0,-6276.0,972.5,2842.5,6241.0,6802.0,8891.5,4943.0,1083.5,7519.5,4380.5,4084.0
2026-05-08,-35929.0,-6076.0,972.5,3042.5,6241.0,7002.0,9091.5,5143.0,1283.5,7719.5,4580.5,4084.0
2026-05-09,-35929.0,-6076.0,972.5,3042.5,6241.0,7002.0,9091.5,5143.0,1283.5,7719.5,4580.5,4084.0
2026-05-10,-35985.0,-6132.0,972.5,2986.5,6241.0,6946.0,9035.5,5087.0,1227.5,7663.5,4524.5,4084.0
2026-05-11,-35632.5,-5641.5,893.5,2907.5,6241.0,7346.0,9235.5,5008.0,1718.0,7863.5,4445.5,4084.0
2026-05-12,-35168.0,-5577.0,893.5,2842.5,6241.0,7546.0,9435.5,5072.5,1782.5,8063.5,4645.5,4084.0
2026-05-13,-35959.0,-5577.0,893.5,2842.5,6241.0,7546.0,9435.5,5072.5,1782.5,8063.5,4645.5,4084.0
2026-05-14,-35397.5,-5015.5,1455.0,2967.0,6514.5,8019.5,9909.0,5470.5,2344.0,8537.0,4919.0,4157.5
2026-05-15,-35896.0,-5415.5,1204.5,2879.0,6514.5,7834.0,9723.5,5382.5,2198.5,8528.5,4845.5,4157.5
2026-05-16,-35896.0,-5415.5,1204.5,2879.0,6514.5,7834.0,9723.5,5382.5,2198.5,8528.5,4845.5,4157.5
2026-05-17,-36096.0,-5615.5,1004.5,2879.0,6514.5,7834.0,9723.5,5382.5,1998.5,8528.5,4845.5,4157.5
2026-05-18,-35880.0,-5399.5,1220.5,2818.0,6644.5,8173.0,10062.5,5598.5,2214.5,8867.5,5184.5,4357.5
2026-05-19,-35643.5,-5563.0,1132.0,2943.0,6644.5,7884.5,9774.0,5590.5,2584.0,9112.0,5251.5,4357.5
2026-05-20,-35602.5,-5573.5,1121.5,2943.0,6644.5,7925.5,9815.0,5739.0,2573.5,9153.0,5451.5,4357.5
2026-05-21,-36142.0,-5786.0,909.0,2845.5,6644.5,7713.0,9602.5,5526.5,2476.0,9055.5,5239.0,4357.5
2026-05-22,-35923.5,-5963.5,731.5,2668.0,6644.5,7535.5,9425.0,5349.0,2298.5,8878.0,5061.5,4357.5
2026-05-23,-35923.5,-5963.5,731.5,2668.0,6644.5,7535.5,9425.0,5349.0,2298.5,8878.0,5061.5,4357.5
2026-05-24,-35923.5,-5963.5,731.5,2668.0,6644.5,7535.5,9425.0,5349.0,2298.5,8878.0,5061.5,4357.5
2026-05-25,-36170.0,-6049.5,619.0,2582.0,6604.5,7449.5,9339.0,5236.5,2212.5,8792.0,4949.0,4317.5
2026-05-26,-36513.5,-6393.0,336.0,2553.5,6572.5,7106.0,8995.5,5176.0,2069.0,8648.5,4888.5,4285.5
2026-05-27,-36978.0,-6419.5,309.5,2625.0,6643.5,7270.5,9160.0,5120.5,2124.5,8895.0,4833.0,4485.5
2026-05-28,-36599.5,-6441.0,288.0,2603.5,6592.0,7249.0,9138.5,5047.5,2103.0,8873.5,4760.0,4434.0
2026-05-29,-36908.5,-6750.0,91.5,2294.5,6592.0,6940.0,8829.5,4987.0,1871.0,8641.5,4699.5,4434.0
2026-05-30,-36908.5,-6750.0,91.5,2294.5,6592.0,6940.0,8829.5,4987.0,1871.0,8641.5,4699.5,4434.0
2026-05-31,-36908.5,-6750.0,91.5,2294.5,6592.0,6940.0,8829.5,4987.0,1871.0,8641.5,4699.5,4434.0
2026-06-01,-37003.0,-6644.5,197.0,2267.0,6564.5,7140.0,9029.5,4959.5,1976.5,8841.5,4672.0,4406.5
2026-06-02,-36539.0,-6462.0,179.5,2331.0,6564.5,7404.0,9293.5,4823.5,2159.0,9105.5,4536.0,4406.5
2026-06-03,-35805.5,-5836.0,605.5,2797.0,6724.5,7670.0,9604.5,4938.5,2874.0,9505.5,4736.0,4606.5
2026-06-04,-36306.5,-5750.0,664.0,2899.0,6881.0,7799.5,9734.0,5095.0,2960.0,9635.0,4936.0,4806.5
2026-06-05,-36980.0,-6175.0,656.0,2596.5,6881.0,7876.5,9811.0,4863.0,2535.0,9712.0,4813.0,4806.5
2026-06-06,-36980.0,-6175.0,656.0,2596.5,6881.0,7876.5,9811.0,4863.0,2535.0,9712.0,4813.0,4806.5
2026-06-07,-36980.0,-6175.0,656.0,2596.5,6881.0,7876.5,9811.0,4863.0,2535.0,9712.0,4813.0,4806.5
2026-06-08,-37226.5,-6421.5,609.5,2396.5,6881.0,7630.0,9564.5,4816.5,2488.5,9665.5,4766.5,4806.5
2026-06-09,-37556.5,-6151.5,679.5,2266.5,7081.0,7900.0,9834.5,4886.5,2758.5,9935.5,4836.5,5006.5
2026-06-10,-37318.5,-5913.5,717.5,2266.5,6681.0,8100.0,10034.5,4924.5,2996.5,10135.5,4836.5,4806.5
2026-06-11,-37593.0,-6188.0,643.0,2266.5,7081.0,8025.5,9960.0,4850.0,3122.0,10261.0,4762.0,5006.5
2026-06-12,-37320.0,-5915.0,1010.0,2687.5,6987.0,8713.5,10448.0,4923.0,3268.5,10643.0,4850.0,4912.5
2026-06-13,-37320.0,-5915.0,1010.0,2687.5,6987.0,8713.5,10448.0,4923.0,3268.5,10643.0,4850.0,4912.5
2026-06-14,-37320.0,-5915.0,1010.0,2687.5,6987.0,8713.5,10448.0,4923.0,3268.5,10643.0,4850.0,4912.5
2026-06-15,-37367.5,-5780.5,1210.0,2687.5,7187.0,8848.0,10582.5,5057.5,3403.0,10777.5,4984.5,5112.5
2026-06-16,-37224.0,-5637.0,1337.0,2687.5,7344.5,9155.5,10890.0,5201.0,3546.5,11085.0,5292.0,5312.5
2026-06-17,-36686.0,-5099.0,1675.0,3025.5,7344.5,9755.5,11490.0,5539.0,4084.5,11685.0,5692.0,5312.5
2026-06-18,-36466.0,-4669.5,1904.5,3543.5,7344.5,10555.5,12290.0,5457.0,4514.0,12285.0,5692.0,5312.5
2026-06-19,-36666.0,-4669.5,1904.5,3543.5,7344.5,10555.5,12290.0,5457.0,4514.0,12285.0,5692.0,5312.5
2026-06-20,-36666.0,-4669.5,1904.5,3543.5,7344.5,10555.5,12290.0,5457.0,4514.0,12285.0,5692.0,5312.5
2026-06-21,-36266.0,-4469.5,2104.5,3743.5,7344.5,10555.5,12290.0,5457.0,4714.0,12285.0,5692.0,5312.5
2026-06-22,-36965.0,-4819.0,1755.0,3594.0,7344.5,10206.0,11940.5,5457.0,4564.5,12135.5,5692.0,5312.5
2026-06-23,-36365.0,-4987.5,1755.0,3594.0,7344.5,10037.5,11772.0,5457.0,4564.5,12135.5,5692.0,5312.5
2026-06-24,-36207.5,-5230.0,1712.5,3351.5,7344.5,9595.0,11329.5,5363.5,4471.0,12042.0,5598.5,5312.5
2026-06-25,-37100.0,-5722.5,1220.0,3151.5,7144.5,9302.5,11037.0,5071.0,4178.5,11949.5,5306.0,5112.5
2026-06-26,-36738.0,-5360.5,1582.0,3113.5,7144.5,9464.5,11199.0,4948.0,4055.5,11826.5,5183.0,5112.5
2026-06-27,-36738.0,-5360.5,1582.0,3113.5,7144.5,9464.5,11199.0,4948.0,4055.5,11826.5,5183.0,5112.5
2026-06-28,-36938.0,-5360.5,1582.0,3113.5,7144.5,9464.5,11199.0,4948.0,4055.5,11826.5,5183.0,5112.5
2026-06-29,-36211.5,-4834.0,2108.5,3513.5,7271.0,9591.0,11325.5,5074.5,3982.0,11953.0,5309.5,5039.0
2026-06-30,-35508.5,-3931.0,2108.5,3913.5,7271.0,10094.0,11828.5,5177.5,4085.0,12056.0,5412.5,5039.0
2026-07-01,-35693.5,-3904.5,2108.5,3940.0,7086.0,9920.5,11655.0,5113.0,4220.5,12006.5,5348.0,4854.0
2026-07-02,-36284.5,-3895.5,2117.5,3940.0,7086.0,10120.5,11855.0,5113.0,4629.5,12206.5,5348.0,4854.0
2026-07-03,-36284.5,-3895.5,2117.5,3940.0,7086.0,10120.5,11855.0,5113.0,4629.5,12206.5,5348.0,4854.0
2026-07-04,-36284.5,-3895.5,2117.5,3940.0,7086.0,10120.5,11855.0,5113.0,4629.5,12206.5,5348.0,4854.0
2026-07-05,-35884.5,-3989.0,2024.0,3846.5,7086.0,10027.0,11761.5,5113.0,4629.5,12206.5,5348.0,4854.0
2026-07-06,-35973.5,-4078.0,1935.0,3757.5,7086.0,9938.0,11672.5,5024.0,4629.5,12206.5,5259.0,4854.0
2026-07-07,-35658.5,-3763.0,2407.5,4200.0,7086.0,10538.0,12272.5,5496.5,4902.0,12606.5,5659.0,4854.0
2026-07-08,-36161.0,-4265.5,1880.0,4115.0,7086.0,10439.0,12173.5,5411.5,4842.0,12806.5,5659.0,4854.0
2026-07-09,-35605.5,-3999.5,1897.0,3981.0,7103.0,10505.0,12239.5,5611.5,5178.0,13055.5,5859.0,4871.0
2026-07-10,-35205.5,-3199.5,2697.0,4464.0,7303.0,10905.0,12639.5,6211.5,5978.0,13455.5,6059.0,4871.0
2026-07-11,-35205.5,-3199.5,2697.0,4464.0,7303.0,10905.0,12639.5,6211.5,5978.0,13455.5,6059.0,4871.0
2026-07-12,-35205.5,-3199.5,2697.0,4464.0,7303.0,10905.0,12639.5,6211.5,5978.0,13455.5,6059.0,4871.0
2026-07-13,-35278.0,-3272.0,2697.0,4555.0,7194.0,10796.0,12530.5,6302.5,6105.5,13346.5,5950.0,4762.0
2026-07-14,-34529.0,-2923.0,2646.0,4955.0,7594.0,10945.0,12679.5,6651.5,6454.5,13495.5,6099.0,4962.0
2026-07-15,-34720.0,-3328.5,2240.5,4694.0,7594.0,10539.5,12274.0,6400.5,6203.5,13244.5,5848.0,4962.0
2026-07-16,-35399.0,-3708.0,1661.0,4574.5,7214.5,10160.0,11894.5,6421.0,6224.0,13265.0,5868.5,4582.5
2026-07-17,-35599.0,-3908.0,1661.0,4574.5,7214.5,9960.0,11694.5,6421.0,6224.0,13265.0,5868.5,4582.5
2026-07-18,-35599.0,-3908.0,1661.0,4574.5,7214.5,9960.0,11694.5,6421.0,6224.0,13265.0,5868.5,4582.5
2026-07-19,-35199.0,-3908.0,1661.0,4574.5,7214.5,9960.0,11694.5,6421.0,6224.0,13265.0,5868.5,4582.5
2026-07-20,-34366.5,-3475.5,1693.5,5007.0,7214.5,10192.5,11927.0,6853.5,6656.5,13497.5,6101.0,4582.5
2026-07-21,-34232.5,-3341.5,1893.5,4941.0,7148.5,10392.5,12127.0,6987.5,6790.5,13697.5,6301.0,4582.5
2026-07-22,-34331.5,-3516.5,1918.5,4859.5,6748.5,9817.5,11552.0,7050.5,6560.0,13122.5,6219.5,4182.5
2026-07-23,-34298.0,-3483.0,1952.0,4893.0,6348.5,9851.0,11585.5,7250.5,6760.0,13122.5,6419.5,3982.5
2026-07-24,-34208.0,-3414.0,2021.0,4962.0,6348.5,9920.0,11654.5,7650.5,7160.0,13322.5,6619.5,3982.5
2026-07-25,-34208.0,-3414.0,2021.0,4962.0,6348.5,9920.0,11654.5,7650.5,7160.0,13322.5,6619.5,3982.5
2026-07-26,-34418.5,-3424.5,2010.5,4951.5,6348.5,9709.5,11444.0,7761.0,7149.5,13112.0,6530.0,3982.5
2026-07-27,-34217.5,-3223.5,2212.0,5153.0,6220.5,9864.0,11598.5,7845.0,7504.0,13266.5,6614.0,4008.0
2026-07-28,-35095.5,-3791.5,1789.0,4807.0,5990.5,9444.0,11178.5,7897.5,6936.0,12846.5,6666.5,3978.0
2026-07-29,-35557.0,-4248.5,1532.0,4550.0,5990.5,8987.0,10721.5,7816.0,6679.0,12589.5,6585.0,3978.0
2026-07-30,-35485.5,-4577.0,1403.5,4421.5,5990.5,8787.0,10521.5,7687.5,6550.5,12589.5,6585.0,3978.0
2026-07-31,-35152.0,-4706.0,1274.5,4292.5,5990.5,8796.5,10531.0,7497.0,6421.5,12599.0,6394.5,3978.0
2026-08-01,-35152.0,-4706.0,1274.5,4292.5,5990.5,8796.5,10531.0,7497.0,6421.5,12599.0,6394.5,3978.0
2026-08-02,-35152.0,-4706.0,1274.5,4292.5,5990.5,8796.5,10531.0,7497.0,6421.5,12599.0,6394.5,3978.0
2026-08-03,-34982.5,-4736.5,1329.5,4137.5,6029.5,8841.5,10576.0,7466.5,6391.0,12644.0,6439.5,4092.5
2026-08-04,-35190.0,-4744.0,1191.0,4268.5,5863.5,8834.0,10568.5,7466.5,6383.5,12436.5,6439.5,3926.5
2026-08-05,-34366.5,-4429.0,1114.5,4383.5,5708.5,9014.0,10748.5,7680.0,6163.5,12216.5,6774.5,3771.5
2026-08-06,-34622.0,-4684.5,859.0,4128.0,5708.5,8758.5,10493.0,7595.0,5908.0,11961.0,6689.5,3771.5
2026-08-07,-34880.5,-4743.0,800.5,4128.0,5708.5,8700.0,10434.5,7536.5,5849.5,11902.5,6631.0,3771.5
2026-08-08,-34880.5,-4743.0,800.5,4128.0,5708.5,8700.0,10434.5,7536.5,5849.5,11902.5,6631.0,3771.5
2026-08-09,-34880.5,-4743.0,800.5,4128.0,5708.5,8700.0,10434.5,7536.5,5849.5,11902.5,6631.0,3771.5
2026-08-10,-34785.5,-4648.0,1068.0,4223.0,5491.5,8595.0,10329.5,7364.0,6165.0,12018.0,6458.5,3554.5
2026-08-11,-34590.0,-4614.0,1133.0,4192.0,5491.5,8764.0,10498.5,7271.5,5937.5,11925.5,6366.0,3554.5
2026-08-12,-34979.0,-4890.5,1011.5,3965.0,5336.5,8487.5,10222.0,7150.0,5856.5,11844.5,6244.5,3399.5
2026-08-13,-35073.0,-4984.5,917.5,3780.5,5336.5,8396.5,10131.0,7102.0,5762.5,11753.5,6199.5,3399.5
2026-08-14,-34555.0,-4328.0,1574.0,3980.5,5504.0,9164.0,10898.5,7758.5,6130.0,12121.0,6967.0,3567.0
2026-08-15,-34555.0,-4328.0,1574.0,3980.5,5504.0,9164.0,10898.5,7758.5,6130.0,12121.0,6967.0,3567.0
2026-08-16,-34555.0,-4328.0,1574.0,3980.5,5504.0,9164.0,10898.5,7758.5,6130.0,12121.0,6967.0,3567.0
2026-08-17,-34375.5,-4548.5,1353.5,3933.0,5519.0,9095.5,10830.0,7690.5,6062.0,12052.5,6898.5,3534.0
2026-08-18,-34732.5,-4205.0,1297.0,4333.0,5462.5,9439.0,10973.5,7834.0,6205.5,12196.0,7042.0,3477.5
2026-08-19,-34530.5,-3912.0,1260.0,4579.0,5462.5,9755.0,11289.5,7880.0,6252.5,12196.0,7158.0,3477.5
2026-08-20,-34613.0,-3994.5,1019.0,4599.0,5360.0,9672.5,11207.0,7874.5,6247.0,12190.5,7152.5,3375.0
2026-08-21,-34213.0,-3594.5,1019.0,4731.5,5360.0,9872.5,11407.0,8007.0,6647.0,12390.5,7085.0,3375.0
2026-08-22,-34213.0,-3594.5,1019.0,4731.5,5360.0,9872.5,11407.0,8007.0,6647.0,12390.5,7085.0,3375.0
2026-08-23,-34395.0,-3776.5,837.0,4549.5,5360.0,9690.5,11225.0,8007.0,6647.0,12390.5,7085.0,3375.0
2026-08-24,-34219.5,-3917.5,827.5,4408.5,5360.0,9778.0,11312.5,7935.5,6306.0,12278.0,7013.5,3375.0
2026-08-25,-34382.0,-4058.0,910.0,4372.0,5244.0,9637.5,11172.0,8122.0,6376.5,12348.5,7200.0,3259.0
2026-08-26,-34040.0,-3934.5,946.0,4608.0,5244.0,9965.0,11499.5,8049.5,6300.0,12476.0,7127.5,3259.0
2026-08-27,-33942.0,-3636.5,1444.0,5008.0,5644.0,10263.0,11797.5,7947.5,6398.0,12574.0,7025.5,3459.0
2026-08-28,-34196.5,-3796.0,2044.0,5048.5,6057.0,9903.5,11438.0,7906.0,6516.0,12587.0,6984.0,3672.0
2026-08-29,-34196.5,-3796.0,2044.0,5048.5,6057.0,9903.5,11438.0,7906.0,6516.0,12587.0,6984.0,3672.0
2026-08-30,-34196.5,-3879.0,2044.0,5048.5,5974.0,9820.5,11355.0,7823.0,6433.0,12504.0,6901.0,3589.0
2026-08-31,-33442.0,-3524.5,2398.5,5003.0,5974.0,9975.0,11509.5,8177.5,6787.5,12658.5,7055.5,3589.0
2026-09-01,-34479.5,-4039.5,2139.0,4567.5,5974.0,9825.5,11360.0,8109.0,6072.5,12309.0,7055.5,3589.0
2026-09-02,-34220.5,-3780.5,2398.0,4902.5,5845.0,9983.5,11518.0,8358.0,6407.5,12543.0,7104.5,3460.0
2026-09-03,-34489.0,-3903.0,2338.0,4842.5,5805.5,9881.5,11416.0,8235.5,6285.0,12441.0,7002.5,3420.5
