session,year,side,trigger_bracket,distance_rel,traversed
2019-05-08,2019,-1,0,0.6482558139534884,False
2019-05-08,2019,1,0,0.35174418604651164,True
2019-05-08,2019,-1,1,0.5145348837209303,False
2019-05-08,2019,1,1,0.48546511627906974,True
2019-05-08,2019,-1,2,0.9651162790697675,False
2019-05-08,2019,1,2,0.03488372093023256,True
2019-05-08,2019,-1,3,0.8982558139534884,False
2019-05-08,2019,1,3,0.10174418604651163,True
2019-05-08,2019,-1,4,0.7267441860465116,False
2019-05-08,2019,1,4,0.27325581395348836,True
2019-05-08,2019,-1,5,0.75,False
2019-05-08,2019,1,5,0.25,True
2019-05-08,2019,-1,6,0.9622093023255814,False
2019-05-08,2019,1,6,0.0377906976744186,True
2019-05-08,2019,-1,7,0.8895348837209303,False
2019-05-08,2019,1,7,0.11046511627906977,True
2019-05-08,2019,-1,8,0.8459302325581395,False
2019-05-08,2019,1,8,0.15406976744186046,True
2019-05-08,2019,-1,9,0.8401162790697675,False
2019-05-08,2019,1,9,0.15988372093023256,True
2019-05-08,2019,-1,10,0.8575581395348837,False
2019-05-08,2019,1,10,0.14244186046511628,True
2019-05-10,2019,-1,0,0.6536458333333334,True
2019-05-10,2019,1,0,0.3463541666666667,True
2019-05-10,2019,-1,1,0.24479166666666666,True
2019-05-10,2019,1,1,0.7552083333333334,True
2019-05-10,2019,-1,5,0.23697916666666666,False
2019-05-10,2019,1,5,0.7630208333333334,True
2019-05-10,2019,-1,6,0.40625,False
2019-05-10,2019,1,6,0.59375,True
2019-05-10,2019,-1,7,0.6354166666666666,False
2019-05-10,2019,1,7,0.3645833333333333,True
2019-05-10,2019,-1,8,0.859375,False
2019-05-10,2019,1,8,0.140625,True
2019-05-10,2019,-1,9,0.6927083333333334,False
2019-05-10,2019,1,9,0.3072916666666667,True
2019-05-10,2019,-1,10,0.9322916666666666,False
2019-05-10,2019,1,10,0.06770833333333333,True
2019-05-14,2019,-1,0,0.532608695652174,False
2019-05-14,2019,1,0,0.4673913043478261,True
2019-06-04,2019,-1,0,0.79375,False
2019-06-04,2019,1,0,0.20625,True
2019-06-12,2019,-1,0,0.10227272727272728,True
2019-06-12,2019,1,0,0.8977272727272727,False
2019-06-21,2019,-1,0,0.62,False
2019-06-21,2019,1,0,0.38,True
2019-06-21,2019,-1,1,0.745,False
2019-06-21,2019,1,1,0.255,True
2019-06-21,2019,-1,4,0.805,False
2019-06-21,2019,1,4,0.195,True
2019-06-21,2019,-1,5,0.71,False
2019-06-21,2019,1,5,0.29,True
2019-06-21,2019,-1,6,0.825,False
2019-06-21,2019,1,6,0.175,True
2019-06-21,2019,-1,7,0.86,False
2019-06-21,2019,1,7,0.14,True
2019-06-21,2019,-1,8,0.865,False
2019-06-21,2019,1,8,0.135,True
2019-06-21,2019,-1,9,0.735,False
2019-06-21,2019,1,9,0.265,True
2019-06-21,2019,-1,10,0.84,False
2019-06-21,2019,1,10,0.16,True
2019-06-21,2019,-1,11,0.935,False
2019-06-21,2019,1,11,0.065,True
2019-06-24,2019,-1,0,0.0,True
2019-06-24,2019,1,0,1.0,False
2019-06-24,2019,-1,1,0.7410714285714286,True
2019-06-24,2019,1,1,0.25892857142857145,False
2019-06-24,2019,-1,2,0.3392857142857143,True
2019-06-24,2019,1,2,0.6607142857142857,False
2019-06-24,2019,-1,3,0.625,True
2019-06-24,2019,1,3,0.375,False
2019-06-24,2019,-1,4,0.6696428571428571,True
2019-06-24,2019,1,4,0.33035714285714285,False
2019-06-24,2019,-1,5,0.5267857142857143,True
2019-06-24,2019,1,5,0.4732142857142857,False
2019-06-24,2019,-1,6,0.5803571428571429,True
2019-06-24,2019,1,6,0.41964285714285715,False
2019-06-24,2019,-1,7,0.375,True
2019-06-24,2019,1,7,0.625,False
2019-06-24,2019,-1,8,0.22321428571428573,True
2019-06-24,2019,1,8,0.7767857142857143,False
2019-06-24,2019,-1,9,0.15178571428571427,True
2019-06-24,2019,1,9,0.8482142857142857,False
2019-06-24,2019,-1,10,0.2857142857142857,True
2019-06-24,2019,1,10,0.7142857142857143,False
2019-06-24,2019,-1,11,0.08035714285714286,True
2019-06-24,2019,1,11,0.9196428571428571,False
2019-06-26,2019,-1,1,0.8982558139534884,False
2019-06-26,2019,1,1,0.10174418604651163,True
2019-06-26,2019,-1,2,0.8924418604651163,False
2019-06-26,2019,1,2,0.10755813953488372,False
2019-06-26,2019,-1,3,0.8488372093023255,False
2019-06-26,2019,1,3,0.1511627906976744,False
2019-06-26,2019,-1,4,0.8837209302325582,False
2019-06-26,2019,1,4,0.11627906976744186,False
2019-06-26,2019,-1,5,0.8459302325581395,False
2019-06-26,2019,1,5,0.15406976744186046,False
2019-06-26,2019,-1,6,0.8081395348837209,False
2019-06-26,2019,1,6,0.19186046511627908,False
2019-06-26,2019,-1,7,0.6104651162790697,False
2019-06-26,2019,1,7,0.38953488372093026,False
2019-06-26,2019,-1,8,0.5406976744186046,False
2019-06-26,2019,1,8,0.45930232558139533,False
2019-06-26,2019,-1,9,0.563953488372093,False
2019-06-26,2019,1,9,0.436046511627907,False
2019-06-26,2019,-1,10,0.4796511627906977,False
2019-06-26,2019,1,10,0.5203488372093024,False
2019-06-26,2019,-1,11,0.5145348837209303,False
2019-06-26,2019,1,11,0.48546511627906974,False
2019-06-27,2019,-1,0,0.5185185185185185,True
2019-06-27,2019,1,0,0.48148148148148145,False
2019-06-27,2019,-1,1,0.5046296296296297,True
2019-06-27,2019,1,1,0.49537037037037035,False
2019-06-27,2019,-1,2,0.46296296296296297,True
2019-06-27,2019,1,2,0.5370370370370371,False
2019-06-27,2019,-1,3,0.11574074074074074,True
2019-06-27,2019,1,3,0.8842592592592593,False
2019-06-27,2019,-1,4,0.18981481481481483,False
2019-06-27,2019,1,4,0.8101851851851852,False
2019-06-27,2019,-1,5,0.4305555555555556,False
2019-06-27,2019,1,5,0.5694444444444444,False
2019-06-27,2019,-1,6,0.4583333333333333,False
2019-06-27,2019,1,6,0.5416666666666666,False
2019-06-27,2019,-1,7,0.5138888888888888,False
2019-06-27,2019,1,7,0.4861111111111111,False
2019-06-27,2019,-1,8,0.5185185185185185,False
2019-06-27,2019,1,8,0.48148148148148145,False
2019-06-27,2019,-1,9,0.6018518518518519,False
2019-06-27,2019,1,9,0.39814814814814814,False
2019-06-27,2019,-1,10,0.44907407407407407,False
2019-06-27,2019,1,10,0.5509259259259259,False
2019-06-27,2019,-1,11,0.4583333333333333,False
2019-06-27,2019,1,11,0.5416666666666666,False
2019-07-02,2019,-1,0,0.45652173913043476,False
2019-07-02,2019,1,0,0.5434782608695652,True
2019-07-02,2019,-1,1,0.7119565217391305,False
2019-07-02,2019,1,1,0.28804347826086957,True
2019-07-02,2019,-1,2,0.7663043478260869,False
2019-07-02,2019,1,2,0.23369565217391305,True
2019-07-02,2019,-1,3,0.6413043478260869,False
2019-07-02,2019,1,3,0.358695652173913,True
2019-07-02,2019,-1,4,0.43478260869565216,False
2019-07-02,2019,1,4,0.5652173913043478,True
2019-07-02,2019,-1,5,0.31521739130434784,False
2019-07-02,2019,1,5,0.6847826086956522,True
2019-07-02,2019,-1,6,0.2717391304347826,False
2019-07-02,2019,1,6,0.7282608695652174,True
2019-07-02,2019,-1,7,0.483695652173913,False
2019-07-02,2019,1,7,0.5163043478260869,True
2019-07-02,2019,-1,8,0.5760869565217391,False
2019-07-02,2019,1,8,0.42391304347826086,True
2019-07-02,2019,-1,9,0.6847826086956522,False
2019-07-02,2019,1,9,0.31521739130434784,True
2019-07-02,2019,-1,10,0.6956521739130435,False
2019-07-02,2019,1,10,0.30434782608695654,True
2019-07-02,2019,-1,11,0.8858695652173914,False
2019-07-02,2019,1,11,0.11413043478260869,True
2019-07-08,2019,-1,10,0.09259259259259259,False
2019-07-08,2019,1,10,0.9074074074074074,False
2019-07-08,2019,-1,11,0.17592592592592593,False
2019-07-08,2019,1,11,0.8240740740740741,False
2019-07-12,2019,-1,0,0.5416666666666666,False
2019-07-12,2019,1,0,0.4583333333333333,True
2019-07-12,2019,-1,1,0.4166666666666667,False
2019-07-12,2019,1,1,0.5833333333333334,True
2019-07-12,2019,-1,2,0.3125,False
2019-07-12,2019,1,2,0.6875,True
2019-07-12,2019,-1,3,0.7986111111111112,False
2019-07-12,2019,1,3,0.2013888888888889,True
2019-07-12,2019,-1,4,0.8680555555555556,False
2019-07-12,2019,1,4,0.13194444444444445,True
2019-07-12,2019,-1,5,0.8680555555555556,False
2019-07-12,2019,1,5,0.13194444444444445,True
2019-07-12,2019,-1,7,1.0,False
2019-07-12,2019,1,7,0.0,True
2019-07-12,2019,-1,8,0.8611111111111112,False
2019-07-12,2019,1,8,0.1388888888888889,True
2019-07-12,2019,-1,9,0.9722222222222222,False
2019-07-12,2019,1,9,0.027777777777777776,True
2019-07-12,2019,-1,11,0.9791666666666666,False
2019-07-12,2019,1,11,0.020833333333333332,True
2019-07-17,2019,-1,0,0.25,True
2019-07-17,2019,1,0,0.75,False
2019-08-09,2019,-1,0,0.5047169811320755,True
2019-08-09,2019,1,0,0.49528301886792453,False
2019-08-09,2019,-1,1,0.22169811320754718,True
2019-08-09,2019,1,1,0.7783018867924528,False
2019-08-09,2019,-1,2,0.3278301886792453,True
2019-08-09,2019,1,2,0.6721698113207547,False
2019-08-09,2019,-1,6,0.21462264150943397,False
2019-08-09,2019,1,6,0.785377358490566,False
2019-08-09,2019,-1,7,0.455188679245283,False
2019-08-09,2019,1,7,0.5448113207547169,False
2019-08-09,2019,-1,8,0.45047169811320753,False
2019-08-09,2019,1,8,0.5495283018867925,False
2019-08-09,2019,-1,9,0.49292452830188677,False
2019-08-09,2019,1,9,0.5070754716981132,False
2019-08-09,2019,-1,10,0.4080188679245283,False
2019-08-09,2019,1,10,0.5919811320754716,False
2019-08-09,2019,-1,11,0.5471698113207547,False
2019-08-09,2019,1,11,0.4528301886792453,False
2019-08-15,2019,-1,0,0.3620689655172414,True
2019-08-15,2019,1,0,0.6379310344827587,False
2019-08-15,2019,-1,1,0.05603448275862069,True
2019-08-15,2019,1,1,0.9439655172413793,False
2019-08-15,2019,-1,4,0.2025862068965517,True
2019-08-15,2019,1,4,0.7974137931034483,False
2019-08-15,2019,-1,5,0.008620689655172414,True
2019-08-15,2019,1,5,0.9913793103448276,False
2019-08-26,2019,-1,0,0.10315533980582524,True
2019-08-26,2019,1,0,0.8968446601941747,False
2019-08-26,2019,-1,1,0.015776699029126214,True
2019-08-26,2019,1,1,0.9842233009708737,False
2019-08-26,2019,-1,2,0.06674757281553398,False
2019-08-26,2019,1,2,0.933252427184466,False
2019-08-26,2019,-1,3,0.14199029126213591,False
2019-08-26,2019,1,3,0.8580097087378641,False
2019-08-26,2019,-1,4,0.12014563106796117,False
2019-08-26,2019,1,4,0.8798543689320388,False
2019-08-26,2019,-1,5,0.220873786407767,False
2019-08-26,2019,1,5,0.779126213592233,False
2019-08-26,2019,-1,6,0.20388349514563106,False
2019-08-26,2019,1,6,0.7961165048543689,False
2019-08-26,2019,-1,7,0.1796116504854369,False
2019-08-26,2019,1,7,0.8203883495145631,False
2019-08-26,2019,-1,8,0.16140776699029127,False
2019-08-26,2019,1,8,0.8385922330097088,False
2019-08-26,2019,-1,9,0.0983009708737864,False
2019-08-26,2019,1,9,0.9016990291262136,False
2019-08-26,2019,-1,10,0.14441747572815533,False
2019-08-26,2019,1,10,0.8555825242718447,False
2019-08-26,2019,-1,11,0.14199029126213591,False
2019-08-26,2019,1,11,0.8580097087378641,False
2019-09-17,2019,-1,0,0.725,False
2019-09-17,2019,1,0,0.275,True
2019-09-17,2019,-1,1,0.5375,False
2019-09-17,2019,1,1,0.4625,True
2019-09-17,2019,-1,2,0.35,False
2019-09-17,2019,1,2,0.65,True
2019-09-17,2019,-1,3,0.9125,False
2019-09-17,2019,1,3,0.0875,True
2019-09-17,2019,-1,4,1.0,False
2019-09-17,2019,1,4,0.0,True
2019-09-17,2019,-1,5,0.85,False
2019-09-17,2019,1,5,0.15,True
2019-09-17,2019,-1,6,0.7,False
2019-09-17,2019,1,6,0.3,True
2019-09-17,2019,-1,7,0.85,False
2019-09-17,2019,1,7,0.15,True
2019-09-20,2019,-1,0,0.26704545454545453,True
2019-09-20,2019,1,0,0.7329545454545454,False
2019-09-20,2019,-1,1,0.3125,True
2019-09-20,2019,1,1,0.6875,False
2019-09-20,2019,-1,2,0.022727272727272728,True
2019-09-20,2019,1,2,0.9772727272727273,False
2019-09-25,2019,-1,1,0.0873015873015873,False
2019-09-25,2019,1,1,0.9126984126984127,True
2019-09-25,2019,-1,2,0.30158730158730157,False
2019-09-25,2019,1,2,0.6984126984126984,True
2019-09-25,2019,-1,3,0.39880952380952384,False
2019-09-25,2019,1,3,0.6011904761904762,True
2019-09-25,2019,-1,4,0.37896825396825395,False
2019-09-25,2019,1,4,0.621031746031746,True
2019-09-25,2019,-1,5,0.498015873015873,False
2019-09-25,2019,1,5,0.501984126984127,True
2019-09-25,2019,-1,6,0.47619047619047616,False
2019-09-25,2019,1,6,0.5238095238095238,True
2019-09-25,2019,-1,7,0.501984126984127,False
2019-09-25,2019,1,7,0.498015873015873,True
2019-09-25,2019,-1,8,0.6190476190476191,False
2019-09-25,2019,1,8,0.38095238095238093,True
2019-09-25,2019,-1,9,0.7281746031746031,False
2019-09-25,2019,1,9,0.2718253968253968,True
2019-09-25,2019,-1,10,0.878968253968254,False
2019-09-25,2019,1,10,0.12103174603174603,True
2019-09-25,2019,-1,11,0.9940476190476191,False
2019-09-25,2019,1,11,0.005952380952380952,True
2019-09-30,2019,-1,0,0.3701923076923077,False
2019-09-30,2019,1,0,0.6298076923076923,False
2019-09-30,2019,-1,1,0.3894230769230769,False
2019-09-30,2019,1,1,0.6105769230769231,False
2019-09-30,2019,-1,2,0.43509615384615385,False
2019-09-30,2019,1,2,0.5649038461538461,False
2019-09-30,2019,-1,3,0.5793269230769231,False
2019-09-30,2019,1,3,0.4206730769230769,False
2019-09-30,2019,-1,4,0.5625,False
2019-09-30,2019,1,4,0.4375,False
2019-09-30,2019,-1,5,0.7475961538461539,False
2019-09-30,2019,1,5,0.25240384615384615,False
2019-09-30,2019,-1,6,0.7788461538461539,False
2019-09-30,2019,1,6,0.22115384615384615,False
2019-09-30,2019,-1,7,0.7163461538461539,False
2019-09-30,2019,1,7,0.28365384615384615,False
2019-09-30,2019,-1,8,0.7668269230769231,False
2019-09-30,2019,1,8,0.23317307692307693,False
2019-09-30,2019,-1,9,0.7379807692307693,False
2019-09-30,2019,1,9,0.2620192307692308,False
2019-09-30,2019,-1,10,0.6586538461538461,False
2019-09-30,2019,1,10,0.34134615384615385,False
2019-09-30,2019,-1,11,0.6490384615384616,False
2019-09-30,2019,1,11,0.35096153846153844,False
2019-10-03,2019,-1,0,0.75,True
2019-10-03,2019,1,0,0.25,True
2019-10-03,2019,-1,1,0.02717391304347826,True
2019-10-03,2019,1,1,0.9728260869565217,True
2019-10-03,2019,-1,2,0.2717391304347826,False
2019-10-03,2019,1,2,0.7282608695652174,True
2019-10-07,2019,-1,0,0.484375,False
2019-10-07,2019,1,0,0.515625,True
2019-10-07,2019,-1,1,0.81640625,False
2019-10-07,2019,1,1,0.18359375,True
2019-10-07,2019,-1,2,0.97265625,False
2019-10-07,2019,1,2,0.02734375,True
2019-10-07,2019,-1,3,0.9921875,False
2019-10-07,2019,1,3,0.0078125,True
2019-10-07,2019,-1,5,0.94921875,False
2019-10-07,2019,1,5,0.05078125,True
2019-10-07,2019,-1,6,0.953125,False
2019-10-07,2019,1,6,0.046875,True
2019-10-07,2019,-1,7,0.8125,False
2019-10-07,2019,1,7,0.1875,True
2019-10-07,2019,-1,9,0.9375,False
2019-10-07,2019,1,9,0.0625,False
2019-10-07,2019,-1,10,0.6953125,False
2019-10-07,2019,1,10,0.3046875,False
2019-10-07,2019,-1,11,0.82421875,False
2019-10-07,2019,1,11,0.17578125,False
2019-10-16,2019,-1,1,0.2391304347826087,True
2019-10-16,2019,1,1,0.7608695652173914,False
2019-10-16,2019,-1,2,0.45108695652173914,True
2019-10-16,2019,1,2,0.5489130434782609,False
2019-10-16,2019,-1,3,0.15760869565217392,True
2019-10-16,2019,1,3,0.842391304347826,False
2019-10-16,2019,-1,4,0.1358695652173913,True
2019-10-16,2019,1,4,0.8641304347826086,False
2019-10-16,2019,-1,5,0.03804347826086957,True
2019-10-16,2019,1,5,0.9619565217391305,False
2019-10-16,2019,-1,10,0.15760869565217392,True
2019-10-16,2019,1,10,0.842391304347826,False
2019-10-18,2019,-1,0,0.5657894736842105,True
2019-10-18,2019,1,0,0.4342105263157895,False
2019-10-21,2019,-1,0,0.8535714285714285,False
2019-10-21,2019,1,0,0.14642857142857144,True
2019-10-30,2019,-1,2,0.125,True
2019-10-30,2019,1,2,0.875,True
2019-10-30,2019,-1,10,0.5416666666666666,False
2019-10-30,2019,1,10,0.4583333333333333,True
2019-11-18,2019,-1,2,0.4375,True
2019-11-18,2019,1,2,0.5625,True
2019-11-18,2019,-1,3,0.703125,False
2019-11-18,2019,1,3,0.296875,True
2019-11-18,2019,-1,5,0.71875,False
2019-11-18,2019,1,5,0.28125,True
2019-11-21,2019,-1,0,0.006756756756756757,True
2019-11-21,2019,1,0,0.9932432432432432,False
2019-11-21,2019,-1,7,0.016891891891891893,True
2019-11-21,2019,1,7,0.9831081081081081,False
2019-11-21,2019,-1,9,0.12162162162162163,True
2019-11-21,2019,1,9,0.8783783783783784,False
2019-11-21,2019,-1,10,0.14189189189189189,True
2019-11-21,2019,1,10,0.8581081081081081,False
2019-11-21,2019,-1,11,0.0777027027027027,True
2019-11-21,2019,1,11,0.9222972972972973,False
2019-12-09,2019,-1,3,0.8068181818181818,True
2019-12-09,2019,1,3,0.19318181818181818,False
2019-12-09,2019,-1,4,0.5681818181818182,True
2019-12-09,2019,1,4,0.4318181818181818,False
2019-12-09,2019,-1,5,0.38636363636363635,True
2019-12-09,2019,1,5,0.6136363636363636,False
2019-12-09,2019,-1,6,0.375,True
2019-12-09,2019,1,6,0.625,False
2019-12-09,2019,-1,7,0.32954545454545453,True
2019-12-09,2019,1,7,0.6704545454545454,False
2019-12-09,2019,-1,8,0.3068181818181818,True
2019-12-09,2019,1,8,0.6931818181818182,False
2019-12-09,2019,-1,11,0.011363636363636364,True
2019-12-09,2019,1,11,0.9886363636363636,False
2019-12-11,2019,-1,1,0.9583333333333334,False
2019-12-11,2019,1,1,0.041666666666666664,True
2019-12-11,2019,-1,2,0.6833333333333333,False
2019-12-11,2019,1,2,0.31666666666666665,True
2019-12-11,2019,-1,3,0.8333333333333334,False
2019-12-11,2019,1,3,0.16666666666666666,True
2019-12-11,2019,-1,4,0.6416666666666667,False
2019-12-11,2019,1,4,0.35833333333333334,True
2019-12-11,2019,-1,5,0.6083333333333333,False
2019-12-11,2019,1,5,0.39166666666666666,True
2019-12-11,2019,-1,6,0.625,False
2019-12-11,2019,1,6,0.375,True
2019-12-11,2019,-1,7,0.7833333333333333,False
2019-12-11,2019,1,7,0.21666666666666667,True
2019-12-11,2019,-1,8,0.7833333333333333,False
2019-12-11,2019,1,8,0.21666666666666667,True
2019-12-13,2019,-1,2,0.9375,False
2019-12-13,2019,1,2,0.0625,True
2019-12-13,2019,-1,3,0.7276785714285714,False
2019-12-13,2019,1,3,0.27232142857142855,True
2019-12-19,2019,-1,0,0.71875,False
2019-12-19,2019,1,0,0.28125,True
2019-12-19,2019,-1,2,1.0,False
2019-12-19,2019,1,2,0.0,True
2020-01-08,2020,-1,2,0.6041666666666666,False
2020-01-08,2020,1,2,0.3958333333333333,True
2020-01-13,2020,-1,0,0.8571428571428571,False
2020-01-13,2020,1,0,0.14285714285714285,True
2020-01-13,2020,-1,1,0.8154761904761905,False
2020-01-13,2020,1,1,0.18452380952380953,True
2020-01-13,2020,-1,2,0.9047619047619048,False
2020-01-13,2020,1,2,0.09523809523809523,True
2020-01-15,2020,-1,6,0.7307692307692307,True
2020-01-15,2020,1,6,0.2692307692307692,True
2020-01-15,2020,-1,7,0.5865384615384616,True
2020-01-15,2020,1,7,0.41346153846153844,True
2020-01-15,2020,-1,8,0.19230769230769232,True
2020-01-15,2020,1,8,0.8076923076923077,True
2020-01-15,2020,-1,10,0.5576923076923077,True
2020-01-15,2020,1,10,0.4423076923076923,False
2020-02-07,2020,-1,1,0.385,True
2020-02-07,2020,1,1,0.615,True
2020-02-07,2020,-1,2,0.545,True
2020-02-07,2020,1,2,0.455,True
2020-02-07,2020,-1,7,0.955,True
2020-02-07,2020,1,7,0.045,False
2020-02-07,2020,-1,8,0.265,True
2020-02-07,2020,1,8,0.735,False
2020-02-07,2020,-1,10,0.3,True
2020-02-07,2020,1,10,0.7,False
2020-02-07,2020,-1,11,0.035,True
2020-02-07,2020,1,11,0.965,False
2020-02-12,2020,-1,0,0.6166666666666667,False
2020-02-12,2020,1,0,0.38333333333333336,True
2020-02-12,2020,-1,1,0.49583333333333335,False
2020-02-12,2020,1,1,0.5041666666666667,True
2020-02-12,2020,-1,2,0.4583333333333333,False
2020-02-12,2020,1,2,0.5416666666666666,True
2020-02-12,2020,-1,4,0.95,False
2020-02-12,2020,1,4,0.05,True
2020-02-12,2020,-1,9,0.9583333333333334,False
2020-02-12,2020,1,9,0.041666666666666664,True
2020-02-14,2020,-1,0,0.46551724137931033,False
2020-02-14,2020,1,0,0.5344827586206896,True
2020-02-14,2020,-1,1,0.6163793103448276,False
2020-02-14,2020,1,1,0.38362068965517243,True
2020-02-14,2020,-1,2,0.9267241379310345,False
2020-02-14,2020,1,2,0.07327586206896551,True
2020-02-14,2020,-1,3,0.8362068965517241,False
2020-02-14,2020,1,3,0.16379310344827586,False
2020-02-14,2020,-1,4,0.7068965517241379,False
2020-02-14,2020,1,4,0.29310344827586204,False
2020-02-14,2020,-1,5,0.46120689655172414,False
2020-02-14,2020,1,5,0.5387931034482759,False
2020-02-14,2020,-1,6,0.34913793103448276,False
2020-02-14,2020,1,6,0.6508620689655172,False
2020-02-14,2020,-1,7,0.33189655172413796,False
2020-02-14,2020,1,7,0.6681034482758621,False
2020-02-14,2020,-1,8,0.27155172413793105,False
2020-02-14,2020,1,8,0.728448275862069,False
2020-02-14,2020,-1,9,0.4482758620689655,False
2020-02-14,2020,1,9,0.5517241379310345,False
2020-02-14,2020,-1,10,0.5172413793103449,False
2020-02-14,2020,1,10,0.4827586206896552,False
2020-02-14,2020,-1,11,0.3922413793103448,False
2020-02-14,2020,1,11,0.6077586206896551,False
2020-02-26,2020,-1,0,0.45792079207920794,True
2020-02-26,2020,1,0,0.5420792079207921,False
2020-02-26,2020,-1,1,0.6361386138613861,True
2020-02-26,2020,1,1,0.36386138613861385,False
2020-02-26,2020,-1,2,0.7178217821782178,True
2020-02-26,2020,1,2,0.28217821782178215,False
2020-02-26,2020,-1,3,0.7747524752475248,True
2020-02-26,2020,1,3,0.22524752475247525,False
2020-02-26,2020,-1,4,0.47648514851485146,True
2020-02-26,2020,1,4,0.5235148514851485,False
2020-02-26,2020,-1,5,0.2933168316831683,True
2020-02-26,2020,1,5,0.7066831683168316,False
2020-02-26,2020,-1,6,0.33292079207920794,True
2020-02-26,2020,1,6,0.6670792079207921,False
2020-02-26,2020,-1,7,0.31683168316831684,True
2020-02-26,2020,1,7,0.6831683168316832,False
2020-02-26,2020,-1,9,0.07301980198019802,True
2020-02-26,2020,1,9,0.926980198019802,False
2020-02-26,2020,-1,10,0.0,True
2020-02-26,2020,1,10,1.0,False
2020-02-26,2020,-1,11,0.16336633663366337,False
2020-02-26,2020,1,11,0.8366336633663366,False
2020-03-04,2020,-1,0,0.17387820512820512,False
2020-03-04,2020,1,0,0.8261217948717948,True
2020-03-04,2020,-1,1,0.46955128205128205,False
2020-03-04,2020,1,1,0.530448717948718,True
2020-03-04,2020,-1,2,0.26842948717948717,False
2020-03-04,2020,1,2,0.7315705128205128,True
2020-03-04,2020,-1,3,0.4126602564102564,False
2020-03-04,2020,1,3,0.5873397435897436,True
2020-03-04,2020,-1,4,0.26842948717948717,False
2020-03-04,2020,1,4,0.7315705128205128,True
2020-03-04,2020,-1,5,0.4230769230769231,False
2020-03-04,2020,1,5,0.5769230769230769,True
2020-03-04,2020,-1,6,0.5825320512820513,False
2020-03-04,2020,1,6,0.41746794871794873,True
2020-03-04,2020,-1,7,0.6594551282051282,False
2020-03-04,2020,1,7,0.3405448717948718,True
2020-03-04,2020,-1,8,0.6386217948717948,False
2020-03-04,2020,1,8,0.3613782051282051,True
2020-03-04,2020,-1,9,0.7091346153846154,False
2020-03-04,2020,1,9,0.29086538461538464,True
2020-03-04,2020,-1,10,0.6330128205128205,False
2020-03-04,2020,1,10,0.36698717948717946,True
2020-03-04,2020,-1,11,0.7988782051282052,False
2020-03-04,2020,1,11,0.20112179487179488,True
2020-03-11,2020,-1,0,0.7844387755102041,True
2020-03-11,2020,1,0,0.21556122448979592,True
2020-03-11,2020,-1,1,0.5586734693877551,True
2020-03-11,2020,1,1,0.4413265306122449,False
2020-03-11,2020,-1,2,0.4642857142857143,True
2020-03-11,2020,1,2,0.5357142857142857,False
2020-03-11,2020,-1,3,0.25510204081632654,True
2020-03-11,2020,1,3,0.7448979591836735,False
2020-03-11,2020,-1,4,0.3826530612244898,True
2020-03-11,2020,1,4,0.6173469387755102,False
2020-03-11,2020,-1,5,0.44005102040816324,True
2020-03-11,2020,1,5,0.5599489795918368,False
2020-03-11,2020,-1,6,0.16198979591836735,True
2020-03-11,2020,1,6,0.8380102040816326,False
2020-03-11,2020,-1,7,0.16198979591836735,True
2020-03-11,2020,1,7,0.8380102040816326,False
2020-03-11,2020,-1,8,0.07270408163265306,True
2020-03-11,2020,1,8,0.9272959183673469,False
2020-03-20,2020,-1,0,0.5256024096385542,True
2020-03-20,2020,1,0,0.4743975903614458,True
2020-03-20,2020,-1,1,0.8674698795180723,True
2020-03-20,2020,1,1,0.13253012048192772,True
2020-03-20,2020,-1,3,0.41566265060240964,True
2020-03-20,2020,1,3,0.5843373493975904,False
2020-03-20,2020,-1,4,0.2394578313253012,True
2020-03-20,2020,1,4,0.7605421686746988,False
2020-03-26,2020,-1,0,0.625,False
2020-03-26,2020,1,0,0.375,True
2020-03-26,2020,-1,1,0.7581018518518519,False
2020-03-26,2020,1,1,0.24189814814814814,True
2020-03-26,2020,-1,2,0.8391203703703703,False
2020-03-26,2020,1,2,0.16087962962962962,True
2020-03-26,2020,-1,7,0.8912037037037037,False
2020-03-26,2020,1,7,0.1087962962962963,True
2020-03-26,2020,-1,8,0.9791666666666666,False
2020-03-26,2020,1,8,0.020833333333333332,True
2020-03-27,2020,-1,6,0.017543859649122806,True
2020-03-27,2020,1,6,0.9824561403508771,True
2020-03-27,2020,-1,8,0.2719298245614035,True
2020-03-27,2020,1,8,0.7280701754385965,True
2020-03-27,2020,-1,9,0.4605263157894737,True
2020-03-27,2020,1,9,0.5394736842105263,True
2020-03-27,2020,-1,10,0.7149122807017544,True
2020-03-27,2020,1,10,0.2850877192982456,True
2020-03-31,2020,-1,0,0.5613207547169812,True
2020-03-31,2020,1,0,0.4386792452830189,True
2020-03-31,2020,-1,6,0.7617924528301887,True
2020-03-31,2020,1,6,0.23820754716981132,True
2020-03-31,2020,-1,7,0.6721698113207547,True
2020-03-31,2020,1,7,0.3278301886792453,True
2020-03-31,2020,-1,9,0.9834905660377359,True
2020-03-31,2020,1,9,0.01650943396226415,True
2020-03-31,2020,-1,10,0.8891509433962265,True
2020-03-31,2020,1,10,0.11084905660377359,True
2020-04-03,2020,-1,1,0.634090909090909,True
2020-04-03,2020,1,1,0.3659090909090909,False
2020-04-03,2020,-1,2,0.4659090909090909,True
2020-04-03,2020,1,2,0.5340909090909091,False
2020-04-03,2020,-1,3,0.25681818181818183,True
2020-04-03,2020,1,3,0.7431818181818182,False
2020-04-03,2020,-1,4,0.19772727272727272,True
2020-04-03,2020,1,4,0.8022727272727272,False
2020-04-08,2020,-1,0,0.13942307692307693,True
2020-04-08,2020,1,0,0.8605769230769231,True
2020-04-08,2020,-1,1,0.32532051282051283,False
2020-04-08,2020,1,1,0.6746794871794872,True
2020-04-08,2020,-1,2,0.5368589743589743,False
2020-04-08,2020,1,2,0.46314102564102566,True
2020-04-08,2020,-1,3,0.7435897435897436,False
2020-04-08,2020,1,3,0.2564102564102564,True
2020-04-08,2020,-1,4,0.7035256410256411,False
2020-04-08,2020,1,4,0.296474358974359,True
2020-04-08,2020,-1,5,0.6810897435897436,False
2020-04-08,2020,1,5,0.3189102564102564,True
2020-04-08,2020,-1,6,0.7884615384615384,False
2020-04-08,2020,1,6,0.21153846153846154,True
2020-04-08,2020,-1,7,0.7451923076923077,False
2020-04-08,2020,1,7,0.2548076923076923,True
2020-04-08,2020,-1,8,0.483974358974359,False
2020-04-08,2020,1,8,0.5160256410256411,True
2020-04-08,2020,-1,9,0.8782051282051282,False
2020-04-08,2020,1,9,0.12179487179487179,True
2020-04-13,2020,-1,1,0.021875,True
2020-04-13,2020,1,1,0.978125,True
2020-04-13,2020,-1,3,0.303125,False
2020-04-13,2020,1,3,0.696875,True
2020-04-13,2020,-1,4,0.33125,False
2020-04-13,2020,1,4,0.66875,True
2020-04-13,2020,-1,5,0.515625,False
2020-04-13,2020,1,5,0.484375,True
2020-04-13,2020,-1,6,0.35,False
2020-04-13,2020,1,6,0.65,True
2020-04-13,2020,-1,7,0.2875,False
2020-04-13,2020,1,7,0.7125,True
2020-04-13,2020,-1,8,0.79375,False
2020-04-13,2020,1,8,0.20625,True
2020-04-13,2020,-1,9,0.690625,False
2020-04-13,2020,1,9,0.309375,True
2020-04-13,2020,-1,10,0.95,False
2020-04-13,2020,1,10,0.05,True
2020-04-15,2020,-1,0,0.10917721518987342,True
2020-04-15,2020,1,0,0.8908227848101266,False
2020-04-15,2020,-1,1,0.17088607594936708,False
2020-04-15,2020,1,1,0.8291139240506329,False
2020-04-15,2020,-1,2,0.44145569620253167,False
2020-04-15,2020,1,2,0.5585443037974683,False
2020-04-15,2020,-1,3,0.29430379746835444,False
2020-04-15,2020,1,3,0.7056962025316456,False
2020-04-15,2020,-1,4,0.16772151898734178,False
2020-04-15,2020,1,4,0.8322784810126582,False
2020-04-15,2020,-1,5,0.33860759493670883,False
2020-04-15,2020,1,5,0.6613924050632911,False
2020-04-15,2020,-1,6,0.43354430379746833,False
2020-04-15,2020,1,6,0.5664556962025317,False
2020-04-15,2020,-1,7,0.46835443037974683,False
2020-04-15,2020,1,7,0.5316455696202531,False
2020-04-15,2020,-1,8,0.4462025316455696,False
2020-04-15,2020,1,8,0.5537974683544303,False
2020-04-15,2020,-1,9,0.7420886075949367,False
2020-04-15,2020,1,9,0.2579113924050633,False
2020-04-15,2020,-1,10,0.9177215189873418,False
2020-04-15,2020,1,10,0.08227848101265822,False
2020-04-15,2020,-1,11,0.6487341772151899,False
2020-04-15,2020,1,11,0.3512658227848101,False
2020-04-20,2020,-1,0,0.2692307692307692,True
2020-04-20,2020,1,0,0.7307692307692307,True
2020-04-20,2020,-1,1,0.875,True
2020-04-20,2020,1,1,0.125,True
2020-04-20,2020,-1,7,0.9775641025641025,True
2020-04-20,2020,1,7,0.022435897435897436,True
2020-04-20,2020,-1,9,0.4935897435897436,True
2020-04-20,2020,1,9,0.5064102564102564,True
2020-04-20,2020,-1,10,0.1858974358974359,True
2020-04-20,2020,1,10,0.8141025641025641,False
2020-04-20,2020,-1,11,0.40384615384615385,True
2020-04-20,2020,1,11,0.5961538461538461,False
2020-05-06,2020,-1,0,0.928030303030303,False
2020-05-06,2020,1,0,0.07196969696969698,True
2020-05-06,2020,-1,1,0.9848484848484849,False
2020-05-06,2020,1,1,0.015151515151515152,True
2020-05-14,2020,-1,2,0.11397058823529412,False
2020-05-14,2020,1,2,0.8860294117647058,True
2020-05-14,2020,-1,3,0.21691176470588236,False
2020-05-14,2020,1,3,0.7830882352941176,True
2020-05-14,2020,-1,4,0.11151960784313726,False
2020-05-14,2020,1,4,0.8884803921568627,True
2020-05-14,2020,-1,5,0.25245098039215685,False
2020-05-14,2020,1,5,0.7475490196078431,True
2020-05-14,2020,-1,6,0.4852941176470588,False
2020-05-14,2020,1,6,0.5147058823529411,True
2020-05-14,2020,-1,7,0.5723039215686274,False
2020-05-14,2020,1,7,0.42769607843137253,True
2020-05-14,2020,-1,8,0.44485294117647056,False
2020-05-14,2020,1,8,0.5551470588235294,True
2020-05-14,2020,-1,9,0.5147058823529411,False
2020-05-14,2020,1,9,0.4852941176470588,True
2020-05-14,2020,-1,10,0.5159313725490197,False
2020-05-14,2020,1,10,0.4840686274509804,True
2020-05-14,2020,-1,11,0.7708333333333334,False
2020-05-14,2020,1,11,0.22916666666666666,True
2020-05-15,2020,-1,2,0.8995098039215687,False
2020-05-15,2020,1,2,0.10049019607843138,True
2020-05-15,2020,-1,3,0.9975490196078431,False
2020-05-15,2020,1,3,0.0024509803921568627,True
2020-05-19,2020,-1,10,0.9178571428571428,True
2020-05-19,2020,1,10,0.08214285714285714,True
2020-05-29,2020,-1,0,0.5357142857142857,True
2020-05-29,2020,1,0,0.4642857142857143,True
2020-05-29,2020,-1,1,0.13293650793650794,True
2020-05-29,2020,1,1,0.8670634920634921,True
2020-05-29,2020,-1,2,0.15674603174603174,True
2020-05-29,2020,1,2,0.8432539682539683,True
2020-05-29,2020,-1,3,0.20833333333333334,True
2020-05-29,2020,1,3,0.7916666666666666,True
2020-05-29,2020,-1,4,0.44047619047619047,True
2020-05-29,2020,1,4,0.5595238095238095,True
2020-05-29,2020,-1,5,0.2857142857142857,True
2020-05-29,2020,1,5,0.7142857142857143,True
2020-05-29,2020,-1,6,0.44642857142857145,False
2020-05-29,2020,1,6,0.5535714285714286,True
2020-05-29,2020,-1,7,0.3888888888888889,False
2020-05-29,2020,1,7,0.6111111111111112,True
2020-05-29,2020,-1,8,0.37896825396825395,False
2020-05-29,2020,1,8,0.621031746031746,True
2020-05-29,2020,-1,9,0.7599206349206349,False
2020-05-29,2020,1,9,0.2400793650793651,True
2020-05-29,2020,-1,10,0.8492063492063492,False
2020-05-29,2020,1,10,0.15079365079365079,True
2020-05-29,2020,-1,11,0.9781746031746031,False
2020-05-29,2020,1,11,0.021825396825396824,True
2020-06-04,2020,-1,4,0.008333333333333333,True
2020-06-04,2020,1,4,0.9916666666666667,False
2020-06-08,2020,-1,0,0.265625,True
2020-06-08,2020,1,0,0.734375,True
2020-06-08,2020,-1,1,0.15625,False
2020-06-08,2020,1,1,0.84375,True
2020-06-08,2020,-1,2,0.459375,False
2020-06-08,2020,1,2,0.540625,True
2020-06-08,2020,-1,3,0.709375,False
2020-06-08,2020,1,3,0.290625,True
2020-06-08,2020,-1,4,0.590625,False
2020-06-08,2020,1,4,0.409375,True
2020-06-08,2020,-1,5,0.4625,False
2020-06-08,2020,1,5,0.5375,True
2020-06-08,2020,-1,6,0.68125,False
2020-06-08,2020,1,6,0.31875,True
2020-06-08,2020,-1,7,0.7875,False
2020-06-08,2020,1,7,0.2125,True
2020-06-12,2020,-1,0,0.40646853146853146,True
2020-06-12,2020,1,0,0.5935314685314685,False
2020-06-12,2020,-1,1,0.21416083916083917,True
2020-06-12,2020,1,1,0.7858391608391608,False
2020-06-12,2020,-1,4,0.08041958041958042,True
2020-06-12,2020,1,4,0.9195804195804196,False
2020-06-18,2020,-1,0,0.20089285714285715,True
2020-06-18,2020,1,0,0.7991071428571429,False
2020-06-18,2020,-1,1,0.017857142857142856,True
2020-06-18,2020,1,1,0.9821428571428571,False
2020-06-18,2020,-1,2,0.71875,True
2020-06-18,2020,1,2,0.28125,False
2020-06-18,2020,-1,3,0.6607142857142857,True
2020-06-18,2020,1,3,0.3392857142857143,False
2020-06-18,2020,-1,4,0.21875,True
2020-06-18,2020,1,4,0.78125,False
2020-06-18,2020,-1,5,0.45089285714285715,True
2020-06-18,2020,1,5,0.5491071428571429,False
2020-06-18,2020,-1,6,0.40625,True
2020-06-18,2020,1,6,0.59375,False
2020-06-18,2020,-1,7,0.4732142857142857,True
2020-06-18,2020,1,7,0.5267857142857143,False
2020-06-18,2020,-1,8,0.7053571428571429,True
2020-06-18,2020,1,8,0.29464285714285715,False
2020-06-18,2020,-1,9,0.25892857142857145,True
2020-06-18,2020,1,9,0.7410714285714286,False
2020-06-18,2020,-1,11,0.16071428571428573,False
2020-06-18,2020,1,11,0.8392857142857143,False
2020-06-22,2020,-1,0,0.3269230769230769,False
2020-06-22,2020,1,0,0.6730769230769231,True
2020-06-22,2020,-1,1,0.5307692307692308,False
2020-06-22,2020,1,1,0.46923076923076923,True
2020-06-22,2020,-1,2,0.33653846153846156,False
2020-06-22,2020,1,2,0.6634615384615384,True
2020-06-22,2020,-1,3,0.551923076923077,False
2020-06-22,2020,1,3,0.4480769230769231,True
2020-06-22,2020,-1,4,0.6115384615384616,False
2020-06-22,2020,1,4,0.38846153846153847,True
2020-06-22,2020,-1,5,0.8576923076923076,False
2020-06-22,2020,1,5,0.1423076923076923,True
2020-06-22,2020,-1,6,0.8865384615384615,False
2020-06-22,2020,1,6,0.11346153846153846,True
2020-06-22,2020,-1,7,0.8403846153846154,False
2020-06-22,2020,1,7,0.1596153846153846,True
2020-06-22,2020,-1,8,0.9038461538461539,False
2020-06-22,2020,1,8,0.09615384615384616,True
2020-06-22,2020,-1,9,0.9192307692307692,False
2020-06-22,2020,1,9,0.08076923076923077,True
2020-06-22,2020,-1,11,0.7692307692307693,False
2020-06-22,2020,1,11,0.23076923076923078,True
2020-06-25,2020,-1,0,0.07922535211267606,True
2020-06-25,2020,1,0,0.920774647887324,True
2020-06-25,2020,-1,1,0.43661971830985913,False
2020-06-25,2020,1,1,0.5633802816901409,True
2020-06-25,2020,-1,2,0.3961267605633803,False
2020-06-25,2020,1,2,0.6038732394366197,True
2020-06-25,2020,-1,3,0.3996478873239437,False
2020-06-25,2020,1,3,0.6003521126760564,True
2020-06-25,2020,-1,4,0.43661971830985913,False
2020-06-25,2020,1,4,0.5633802816901409,True
2020-06-25,2020,-1,5,0.6056338028169014,False
2020-06-25,2020,1,5,0.39436619718309857,True
2020-06-25,2020,-1,6,0.5440140845070423,False
2020-06-25,2020,1,6,0.45598591549295775,True
2020-06-25,2020,-1,7,0.5052816901408451,False
2020-06-25,2020,1,7,0.49471830985915494,True
2020-06-25,2020,-1,8,0.5545774647887324,False
2020-06-25,2020,1,8,0.4454225352112676,True
2020-06-25,2020,-1,9,0.3890845070422535,False
2020-06-25,2020,1,9,0.6109154929577465,True
2020-06-25,2020,-1,10,0.4119718309859155,False
2020-06-25,2020,1,10,0.5880281690140845,True
2020-06-25,2020,-1,11,0.8926056338028169,False
2020-06-25,2020,1,11,0.1073943661971831,True
2020-07-07,2020,-1,9,0.9044117647058824,True
2020-07-07,2020,1,9,0.09558823529411764,False
2020-07-07,2020,-1,10,0.8786764705882353,True
2020-07-07,2020,1,10,0.1213235294117647,False
2020-07-07,2020,-1,11,0.5992647058823529,True
2020-07-07,2020,1,11,0.4007352941176471,False
2020-07-10,2020,-1,0,0.25,True
2020-07-10,2020,1,0,0.75,True
2020-07-10,2020,-1,1,0.6120689655172413,False
2020-07-10,2020,1,1,0.3879310344827586,True
2020-07-10,2020,-1,2,0.5969827586206896,False
2020-07-10,2020,1,2,0.40301724137931033,True
2020-07-10,2020,-1,3,0.6724137931034483,False
2020-07-10,2020,1,3,0.3275862068965517,True
2020-07-10,2020,-1,4,0.834051724137931,False
2020-07-10,2020,1,4,0.16594827586206898,True
2020-07-10,2020,-1,5,0.6530172413793104,False
2020-07-10,2020,1,5,0.34698275862068967,True
2020-07-10,2020,-1,6,0.8254310344827587,False
2020-07-10,2020,1,6,0.17456896551724138,True
2020-07-10,2020,-1,9,0.9827586206896551,False
2020-07-10,2020,1,9,0.017241379310344827,True
2020-07-23,2020,-1,0,0.7580645161290323,True
2020-07-23,2020,1,0,0.24193548387096775,False
2020-07-23,2020,-1,1,0.2661290322580645,True
2020-07-23,2020,1,1,0.7338709677419355,False
2020-07-23,2020,-1,2,0.23387096774193547,True
2020-07-23,2020,1,2,0.7661290322580645,False
2020-07-23,2020,-1,3,0.2661290322580645,True
2020-07-23,2020,1,3,0.7338709677419355,False
2020-07-28,2020,-1,0,0.47093023255813954,True
2020-07-28,2020,1,0,0.5290697674418605,True
2020-07-28,2020,-1,1,0.7848837209302325,True
2020-07-28,2020,1,1,0.21511627906976744,True
2020-07-28,2020,-1,2,0.9040697674418605,True
2020-07-28,2020,1,2,0.09593023255813954,True
2020-07-28,2020,-1,3,0.8662790697674418,True
2020-07-28,2020,1,3,0.13372093023255813,True
2020-07-28,2020,-1,4,0.7936046511627907,True
2020-07-28,2020,1,4,0.2063953488372093,True
2020-07-28,2020,-1,5,0.813953488372093,True
2020-07-28,2020,1,5,0.18604651162790697,True
2020-07-28,2020,-1,6,0.9709302325581395,True
2020-07-28,2020,1,6,0.029069767441860465,True
2020-07-28,2020,-1,7,0.9680232558139535,True
2020-07-28,2020,1,7,0.03197674418604651,True
2020-07-28,2020,-1,9,0.7441860465116279,True
2020-07-28,2020,1,9,0.2558139534883721,False
2020-07-28,2020,-1,10,0.6133720930232558,True
2020-07-28,2020,1,10,0.3866279069767442,False
2020-07-28,2020,-1,11,0.125,True
2020-07-28,2020,1,11,0.875,False
2020-07-29,2020,-1,0,0.19230769230769232,True
2020-07-29,2020,1,0,0.8076923076923077,True
2020-07-29,2020,-1,1,0.5913461538461539,True
2020-07-29,2020,1,1,0.40865384615384615,True
2020-07-29,2020,-1,2,0.9326923076923077,True
2020-07-29,2020,1,2,0.0673076923076923,True
2020-07-29,2020,-1,3,0.9663461538461539,True
2020-07-29,2020,1,3,0.03365384615384615,True
2020-07-29,2020,-1,4,0.6634615384615384,True
2020-07-29,2020,1,4,0.33653846153846156,True
2020-07-29,2020,-1,5,0.46153846153846156,False
2020-07-29,2020,1,5,0.5384615384615384,True
2020-07-29,2020,-1,6,0.6682692307692307,False
2020-07-29,2020,1,6,0.3317307692307692,True
2020-07-29,2020,-1,7,0.6826923076923077,False
2020-07-29,2020,1,7,0.3173076923076923,True
2020-07-29,2020,-1,8,0.5192307692307693,False
2020-07-29,2020,1,8,0.4807692307692308,True
2020-07-29,2020,-1,9,0.8894230769230769,False
2020-07-29,2020,1,9,0.11057692307692307,True
2020-07-29,2020,-1,10,0.9326923076923077,False
2020-07-29,2020,1,10,0.0673076923076923,True
2020-08-06,2020,-1,2,0.8020833333333334,False
2020-08-06,2020,1,2,0.19791666666666666,True
2020-08-06,2020,-1,3,0.9583333333333334,False
2020-08-06,2020,1,3,0.041666666666666664,True
2020-08-11,2020,-1,0,0.11538461538461539,True
2020-08-11,2020,1,0,0.8846153846153846,False
2020-08-11,2020,-1,1,0.038461538461538464,True
2020-08-11,2020,1,1,0.9615384615384616,False
2020-08-11,2020,-1,2,0.11778846153846154,True
2020-08-11,2020,1,2,0.8822115384615384,False
2020-08-11,2020,-1,3,0.65625,True
2020-08-11,2020,1,3,0.34375,False
2020-08-11,2020,-1,4,0.2932692307692308,True
2020-08-11,2020,1,4,0.7067307692307693,False
2020-08-11,2020,-1,5,0.6682692307692307,True
2020-08-11,2020,1,5,0.3317307692307692,False
2020-08-11,2020,-1,6,0.6394230769230769,True
2020-08-11,2020,1,6,0.3605769230769231,False
2020-08-11,2020,-1,7,0.6682692307692307,True
2020-08-11,2020,1,7,0.3317307692307692,False
2020-08-11,2020,-1,8,0.46153846153846156,True
2020-08-11,2020,1,8,0.5384615384615384,False
2020-08-11,2020,-1,10,0.0889423076923077,True
2020-08-11,2020,1,10,0.9110576923076923,False
2020-08-13,2020,-1,9,0.8829787234042553,False
2020-08-13,2020,1,9,0.11702127659574468,True
2020-08-13,2020,-1,10,0.7021276595744681,False
2020-08-13,2020,1,10,0.2978723404255319,True
2020-08-14,2020,-1,0,0.325,True
2020-08-14,2020,1,0,0.675,False
2020-08-14,2020,-1,3,0.021875,True
2020-08-14,2020,1,3,0.978125,False
2020-08-14,2020,-1,5,0.04375,True
2020-08-14,2020,1,5,0.95625,False
2020-08-14,2020,-1,6,0.2625,True
2020-08-14,2020,1,6,0.7375,False
2020-08-14,2020,-1,7,0.25,True
2020-08-14,2020,1,7,0.75,False
2020-08-14,2020,-1,8,0.221875,True
2020-08-14,2020,1,8,0.778125,False
2020-08-25,2020,-1,0,0.7604166666666666,False
2020-08-25,2020,1,0,0.23958333333333334,True
2020-08-25,2020,-1,1,0.6770833333333334,False
2020-08-25,2020,1,1,0.3229166666666667,True
2020-08-28,2020,-1,0,0.9829545454545454,False
2020-08-28,2020,1,0,0.017045454545454544,True
2020-08-28,2020,-1,1,0.9744318181818182,False
2020-08-28,2020,1,1,0.02556818181818182,True
2020-08-28,2020,-1,2,0.4375,False
2020-08-28,2020,1,2,0.5625,True
2020-08-28,2020,-1,3,0.8835227272727273,False
2020-08-28,2020,1,3,0.11647727272727272,True
2020-08-28,2020,-1,4,0.8465909090909091,False
2020-08-28,2020,1,4,0.1534090909090909,True
2020-08-28,2020,-1,5,0.6732954545454546,False
2020-08-28,2020,1,5,0.32670454545454547,True
2020-08-28,2020,-1,6,0.71875,False
2020-08-28,2020,1,6,0.28125,True
2020-08-28,2020,-1,7,0.14204545454545456,False
2020-08-28,2020,1,7,0.8579545454545454,True
2020-08-28,2020,-1,8,0.5255681818181818,False
2020-08-28,2020,1,8,0.4744318181818182,True
2020-08-28,2020,-1,9,0.53125,False
2020-08-28,2020,1,9,0.46875,True
2020-08-28,2020,-1,10,0.5085227272727273,False
2020-08-28,2020,1,10,0.4914772727272727,True
2020-08-28,2020,-1,11,0.7130681818181818,False
2020-08-28,2020,1,11,0.2869318181818182,True
2020-09-04,2020,-1,10,0.016865079365079364,True
2020-09-04,2020,1,10,0.9831349206349206,False
2020-09-04,2020,-1,11,0.21825396825396826,True
2020-09-04,2020,1,11,0.7817460317460317,False
2020-09-09,2020,-1,0,0.5098314606741573,False
2020-09-09,2020,1,0,0.4901685393258427,True
2020-09-09,2020,-1,1,0.9971910112359551,False
2020-09-09,2020,1,1,0.0028089887640449437,True
2020-09-14,2020,-1,7,0.9029126213592233,False
2020-09-14,2020,1,7,0.0970873786407767,True
2020-09-14,2020,-1,8,0.9842233009708737,False
2020-09-14,2020,1,8,0.015776699029126214,True
2020-09-14,2020,-1,9,0.9842233009708737,False
2020-09-14,2020,1,9,0.015776699029126214,True
2020-09-16,2020,-1,0,0.7327586206896551,True
2020-09-16,2020,1,0,0.2672413793103448,False
2020-09-16,2020,-1,1,0.17672413793103448,True
2020-09-16,2020,1,1,0.8232758620689655,False
2020-09-16,2020,-1,3,0.22844827586206898,True
2020-09-16,2020,1,3,0.771551724137931,False
2020-09-16,2020,-1,9,0.004310344827586207,True
2020-09-16,2020,1,9,0.9956896551724138,False
2020-09-25,2020,-1,0,0.5189393939393939,True
2020-09-25,2020,1,0,0.4810606060606061,True
2020-09-25,2020,-1,1,0.7746212121212122,False
2020-09-25,2020,1,1,0.22537878787878787,True
2020-09-25,2020,-1,2,0.990530303030303,False
2020-09-25,2020,1,2,0.00946969696969697,True
2020-09-25,2020,-1,4,0.9924242424242424,False
2020-09-25,2020,1,4,0.007575757575757576,True
2020-10-05,2020,-1,0,0.8196428571428571,False
2020-10-05,2020,1,0,0.18035714285714285,True
2020-10-06,2020,-1,0,0.8851351351351351,True
2020-10-06,2020,1,0,0.11486486486486487,True
2020-10-06,2020,-1,2,0.8986486486486487,True
2020-10-06,2020,1,2,0.10135135135135136,True
2020-10-06,2020,-1,3,0.23648648648648649,True
2020-10-06,2020,1,3,0.7635135135135135,True
2020-10-06,2020,-1,5,0.6283783783783784,True
2020-10-06,2020,1,5,0.3716216216216216,True
2020-10-06,2020,-1,6,0.8378378378378378,True
2020-10-06,2020,1,6,0.16216216216216217,True
2020-10-06,2020,-1,7,0.8445945945945946,True
2020-10-06,2020,1,7,0.1554054054054054,True
2020-10-06,2020,-1,8,0.9932432432432432,True
2020-10-06,2020,1,8,0.006756756756756757,True
2020-10-07,2020,-1,0,0.5028735632183908,False
2020-10-07,2020,1,0,0.49712643678160917,True
2020-10-07,2020,-1,1,0.30028735632183906,False
2020-10-07,2020,1,1,0.6997126436781609,True
2020-10-07,2020,-1,2,0.521551724137931,False
2020-10-07,2020,1,2,0.47844827586206895,True
2020-10-07,2020,-1,3,0.5977011494252874,False
2020-10-07,2020,1,3,0.40229885057471265,True
2020-10-07,2020,-1,4,0.603448275862069,False
2020-10-07,2020,1,4,0.39655172413793105,True
2020-10-07,2020,-1,5,0.5330459770114943,False
2020-10-07,2020,1,5,0.46695402298850575,True
2020-10-07,2020,-1,6,0.7600574712643678,False
2020-10-07,2020,1,6,0.23994252873563218,True
2020-10-07,2020,-1,7,0.8362068965517241,False
2020-10-07,2020,1,7,0.16379310344827586,True
2020-10-07,2020,-1,8,0.896551724137931,False
2020-10-07,2020,1,8,0.10344827586206896,True
2020-10-07,2020,-1,9,0.9870689655172413,False
2020-10-07,2020,1,9,0.01293103448275862,True
2020-10-07,2020,-1,10,0.9727011494252874,False
2020-10-07,2020,1,10,0.027298850574712645,True
2020-10-07,2020,-1,11,0.9497126436781609,False
2020-10-07,2020,1,11,0.05028735632183908,True
2020-10-13,2020,-1,0,0.47036082474226804,False
2020-10-13,2020,1,0,0.529639175257732,False
2020-10-13,2020,-1,1,0.49742268041237114,False
2020-10-13,2020,1,1,0.5025773195876289,False
2020-10-13,2020,-1,2,0.6262886597938144,False
2020-10-13,2020,1,2,0.37371134020618557,False
2020-10-13,2020,-1,3,0.7873711340206185,False
2020-10-13,2020,1,3,0.21262886597938144,False
2020-10-13,2020,-1,4,0.6765463917525774,False
2020-10-13,2020,1,4,0.3234536082474227,False
2020-10-13,2020,-1,5,0.5657216494845361,False
2020-10-13,2020,1,5,0.43427835051546393,False
2020-10-13,2020,-1,6,0.5798969072164949,False
2020-10-13,2020,1,6,0.42010309278350516,False
2020-10-13,2020,-1,7,0.5244845360824743,False
2020-10-13,2020,1,7,0.47551546391752575,False
2020-10-13,2020,-1,8,0.19974226804123713,False
2020-10-13,2020,1,8,0.8002577319587629,False
2020-10-13,2020,-1,9,0.2345360824742268,False
2020-10-13,2020,1,9,0.7654639175257731,False
2020-10-13,2020,-1,10,0.3917525773195876,False
2020-10-13,2020,1,10,0.6082474226804123,False
2020-10-13,2020,-1,11,0.6701030927835051,False
2020-10-13,2020,1,11,0.32989690721649484,False
2020-10-14,2020,-1,1,0.13513513513513514,True
2020-10-14,2020,1,1,0.8648648648648649,False
2020-10-14,2020,-1,2,0.6283783783783784,True
2020-10-14,2020,1,2,0.3716216216216216,False
2020-10-14,2020,-1,3,0.18243243243243243,True
2020-10-14,2020,1,3,0.8175675675675675,False
2020-10-21,2020,-1,2,0.7222222222222222,True
2020-10-21,2020,1,2,0.2777777777777778,True
2020-10-21,2020,-1,3,0.3416666666666667,True
2020-10-21,2020,1,3,0.6583333333333333,True
2020-10-21,2020,-1,4,0.2722222222222222,True
2020-10-21,2020,1,4,0.7277777777777777,True
2020-10-21,2020,-1,5,0.6527777777777778,True
2020-10-21,2020,1,5,0.3472222222222222,True
2020-10-21,2020,-1,6,0.05555555555555555,True
2020-10-21,2020,1,6,0.9444444444444444,True
2020-10-21,2020,-1,7,0.5277777777777778,False
2020-10-21,2020,1,7,0.4722222222222222,True
2020-10-21,2020,-1,8,0.5472222222222223,False
2020-10-21,2020,1,8,0.4527777777777778,True
2020-10-21,2020,-1,9,0.8972222222222223,False
2020-10-21,2020,1,9,0.10277777777777777,True
2020-10-22,2020,-1,0,0.1875,True
2020-10-22,2020,1,0,0.8125,False
2020-10-22,2020,-1,11,0.046875,True
2020-10-22,2020,1,11,0.953125,False
2020-10-23,2020,-1,0,0.24813432835820895,True
2020-10-23,2020,1,0,0.7518656716417911,False
2020-10-23,2020,-1,1,0.20149253731343283,True
2020-10-23,2020,1,1,0.7985074626865671,False
2020-10-23,2020,-1,2,0.16044776119402984,True
2020-10-23,2020,1,2,0.8395522388059702,False
2020-10-23,2020,-1,3,0.09888059701492537,True
2020-10-23,2020,1,3,0.9011194029850746,False
2020-10-23,2020,-1,4,0.016791044776119403,True
2020-10-23,2020,1,4,0.9832089552238806,False
2020-10-23,2020,-1,5,0.016791044776119403,True
2020-10-23,2020,1,5,0.9832089552238806,False
2020-10-23,2020,-1,6,0.0914179104477612,False
2020-10-23,2020,1,6,0.9085820895522388,False
2020-10-23,2020,-1,7,0.3208955223880597,False
2020-10-23,2020,1,7,0.6791044776119403,False
2020-10-23,2020,-1,8,0.31716417910447764,False
2020-10-23,2020,1,8,0.6828358208955224,False
2020-10-23,2020,-1,9,0.4626865671641791,False
2020-10-23,2020,1,9,0.5373134328358209,False
2020-10-23,2020,-1,10,0.3041044776119403,False
2020-10-23,2020,1,10,0.6958955223880597,False
2020-10-23,2020,-1,11,0.4608208955223881,False
2020-10-23,2020,1,11,0.539179104477612,False
2020-10-27,2020,-1,1,0.7659313725490197,False
2020-10-27,2020,1,1,0.2340686274509804,True
2020-11-06,2020,-1,3,0.1206896551724138,True
2020-11-06,2020,1,3,0.8793103448275862,True
2020-11-06,2020,-1,4,0.4051724137931034,False
2020-11-06,2020,1,4,0.5948275862068966,True
2020-11-06,2020,-1,5,0.1724137931034483,False
2020-11-06,2020,1,5,0.8275862068965517,True
2020-11-06,2020,-1,6,0.6508620689655172,False
2020-11-06,2020,1,6,0.34913793103448276,True
2020-11-06,2020,-1,8,0.9956896551724138,False
2020-11-06,2020,1,8,0.004310344827586207,True
2020-11-06,2020,-1,9,0.8362068965517241,False
2020-11-06,2020,1,9,0.16379310344827586,True
2020-11-06,2020,-1,10,0.6293103448275862,False
2020-11-06,2020,1,10,0.3706896551724138,True
2020-11-06,2020,-1,11,0.5732758620689655,False
2020-11-06,2020,1,11,0.4267241379310345,True
2020-11-13,2020,-1,0,0.7196969696969697,False
2020-11-13,2020,1,0,0.2803030303030303,True
2020-11-13,2020,-1,1,0.6212121212121212,False
2020-11-13,2020,1,1,0.3787878787878788,True
2020-11-13,2020,-1,2,0.23674242424242425,False
2020-11-13,2020,1,2,0.7632575757575758,True
2020-11-13,2020,-1,3,0.44696969696969696,False
2020-11-13,2020,1,3,0.553030303030303,True
2020-11-13,2020,-1,4,0.6590909090909091,False
2020-11-13,2020,1,4,0.3409090909090909,True
2020-11-13,2020,-1,5,0.6818181818181818,False
2020-11-13,2020,1,5,0.3181818181818182,True
2020-11-13,2020,-1,6,0.8446969696969697,False
2020-11-13,2020,1,6,0.1553030303030303,True
2020-11-13,2020,-1,7,0.7272727272727273,False
2020-11-13,2020,1,7,0.2727272727272727,True
2020-11-13,2020,-1,8,0.5757575757575758,False
2020-11-13,2020,1,8,0.42424242424242425,True
2020-11-13,2020,-1,9,0.7215909090909091,False
2020-11-13,2020,1,9,0.2784090909090909,True
2020-11-13,2020,-1,10,0.8674242424242424,False
2020-11-13,2020,1,10,0.13257575757575757,True
2020-11-13,2020,-1,11,0.9659090909090909,False
2020-11-13,2020,1,11,0.03409090909090909,True
2020-12-02,2020,-1,0,0.21428571428571427,False
2020-12-02,2020,1,0,0.7857142857142857,True
2020-12-02,2020,-1,1,0.5870535714285714,False
2020-12-02,2020,1,1,0.41294642857142855,True
2020-12-02,2020,-1,2,0.5424107142857143,False
2020-12-02,2020,1,2,0.4575892857142857,True
2020-12-02,2020,-1,3,0.7589285714285714,False
2020-12-02,2020,1,3,0.24107142857142858,True
2020-12-02,2020,-1,4,0.9464285714285714,False
2020-12-02,2020,1,4,0.05357142857142857,True
2020-12-02,2020,-1,5,0.921875,False
2020-12-02,2020,1,5,0.078125,True
2020-12-02,2020,-1,6,0.7477678571428571,False
2020-12-02,2020,1,6,0.25223214285714285,True
2020-12-02,2020,-1,7,0.8102678571428571,False
2020-12-02,2020,1,7,0.18973214285714285,True
2020-12-02,2020,-1,8,0.6473214285714286,False
2020-12-02,2020,1,8,0.35267857142857145,True
2020-12-02,2020,-1,9,0.8571428571428571,False
2020-12-02,2020,1,9,0.14285714285714285,True
2020-12-02,2020,-1,10,0.9620535714285714,False
2020-12-02,2020,1,10,0.03794642857142857,True
2020-12-02,2020,-1,11,0.7611607142857143,False
2020-12-02,2020,1,11,0.23883928571428573,False
2020-12-03,2020,-1,8,0.993421052631579,False
2020-12-03,2020,1,8,0.006578947368421052,True
2020-12-08,2020,-1,4,0.65,False
2020-12-08,2020,1,4,0.35,True
2020-12-08,2020,-1,5,0.6833333333333333,False
2020-12-08,2020,1,5,0.31666666666666665,True
2020-12-23,2020,-1,0,0.4230769230769231,True
2020-12-23,2020,1,0,0.5769230769230769,True
2020-12-23,2020,-1,1,0.3269230769230769,True
2020-12-23,2020,1,1,0.6730769230769231,True
2020-12-23,2020,-1,2,0.3894230769230769,True
2020-12-23,2020,1,2,0.6105769230769231,True
2020-12-23,2020,-1,3,0.11538461538461539,True
2020-12-23,2020,1,3,0.8846153846153846,True
2020-12-23,2020,-1,4,0.5625,True
2020-12-23,2020,1,4,0.4375,True
2020-12-23,2020,-1,5,0.6875,True
2020-12-23,2020,1,5,0.3125,True
2020-12-23,2020,-1,6,0.8269230769230769,True
2020-12-23,2020,1,6,0.17307692307692307,True
2020-12-23,2020,-1,9,0.8317307692307693,True
2020-12-23,2020,1,9,0.16826923076923078,False
2020-12-23,2020,-1,10,0.6442307692307693,True
2020-12-23,2020,1,10,0.3557692307692308,False
2020-12-23,2020,-1,11,0.5192307692307693,True
2020-12-23,2020,1,11,0.4807692307692308,False
2021-01-05,2021,-1,0,0.35374149659863946,False
2021-01-05,2021,1,0,0.6462585034013606,False
2021-01-05,2021,-1,1,0.3299319727891156,False
2021-01-05,2021,1,1,0.6700680272108843,False
2021-01-05,2021,-1,2,0.22789115646258504,False
2021-01-05,2021,1,2,0.7721088435374149,False
2021-01-05,2021,-1,3,0.28401360544217685,False
2021-01-05,2021,1,3,0.7159863945578231,False
2021-01-05,2021,-1,4,0.28061224489795916,False
2021-01-05,2021,1,4,0.7193877551020408,False
2021-01-05,2021,-1,5,0.21683673469387754,False
2021-01-05,2021,1,5,0.7831632653061225,False
2021-01-05,2021,-1,6,0.27465986394557823,False
2021-01-05,2021,1,6,0.7253401360544217,False
2021-01-05,2021,-1,7,0.2653061224489796,False
2021-01-05,2021,1,7,0.7346938775510204,False
2021-01-05,2021,-1,8,0.3554421768707483,False
2021-01-05,2021,1,8,0.6445578231292517,False
2021-01-05,2021,-1,9,0.46598639455782315,False
2021-01-05,2021,1,9,0.5340136054421769,False
2021-01-05,2021,-1,10,0.4302721088435374,False
2021-01-05,2021,1,10,0.5697278911564626,False
2021-01-05,2021,-1,11,0.3792517006802721,False
2021-01-05,2021,1,11,0.6207482993197279,False
2021-01-13,2021,-1,0,0.9193548387096774,False
2021-01-13,2021,1,0,0.08064516129032258,True
2021-01-14,2021,-1,0,0.9407894736842105,True
2021-01-14,2021,1,0,0.05921052631578947,True
2021-01-14,2021,-1,4,0.743421052631579,True
2021-01-14,2021,1,4,0.2565789473684211,False
2021-01-14,2021,-1,5,0.6875,True
2021-01-14,2021,1,5,0.3125,False
2021-01-14,2021,-1,6,0.7828947368421053,True
2021-01-14,2021,1,6,0.21710526315789475,False
2021-01-14,2021,-1,7,0.39473684210526316,True
2021-01-14,2021,1,7,0.6052631578947368,False
2021-01-14,2021,-1,8,0.3125,True
2021-01-14,2021,1,8,0.6875,False
2021-01-14,2021,-1,9,0.40131578947368424,True
2021-01-14,2021,1,9,0.5986842105263158,False
2021-01-14,2021,-1,10,0.3717105263157895,True
2021-01-14,2021,1,10,0.6282894736842105,False
2021-01-22,2021,-1,0,0.6891025641025641,True
2021-01-22,2021,1,0,0.3108974358974359,False
2021-01-22,2021,-1,1,0.24358974358974358,True
2021-01-22,2021,1,1,0.7564102564102564,False
2021-01-22,2021,-1,2,0.27564102564102566,False
2021-01-22,2021,1,2,0.7243589743589743,False
2021-01-22,2021,-1,3,0.21794871794871795,False
2021-01-22,2021,1,3,0.782051282051282,False
2021-01-22,2021,-1,4,0.4935897435897436,False
2021-01-22,2021,1,4,0.5064102564102564,False
2021-01-22,2021,-1,5,0.5384615384615384,False
2021-01-22,2021,1,5,0.46153846153846156,False
2021-01-22,2021,-1,6,0.358974358974359,False
2021-01-22,2021,1,6,0.6410256410256411,False
2021-01-22,2021,-1,7,0.4423076923076923,False
2021-01-22,2021,1,7,0.5576923076923077,False
2021-01-22,2021,-1,8,0.358974358974359,False
2021-01-22,2021,1,8,0.6410256410256411,False
2021-01-22,2021,-1,9,0.4967948717948718,False
2021-01-22,2021,1,9,0.5032051282051282,False
2021-01-22,2021,-1,10,0.75,False
2021-01-22,2021,1,10,0.25,False
2021-01-22,2021,-1,11,0.7371794871794872,False
2021-01-22,2021,1,11,0.26282051282051283,False
2021-02-01,2021,-1,0,0.8048469387755102,False
2021-02-01,2021,1,0,0.1951530612244898,True
2021-02-04,2021,-1,0,0.15714285714285714,True
2021-02-04,2021,1,0,0.8428571428571429,True
2021-02-04,2021,-1,2,0.125,True
2021-02-04,2021,1,2,0.875,True
2021-02-04,2021,-1,3,0.275,False
2021-02-04,2021,1,3,0.725,True
2021-02-04,2021,-1,4,0.44285714285714284,False
2021-02-04,2021,1,4,0.5571428571428572,True
2021-02-04,2021,-1,5,0.6107142857142858,False
2021-02-04,2021,1,5,0.3892857142857143,True
2021-02-04,2021,-1,6,0.7678571428571429,False
2021-02-04,2021,1,6,0.23214285714285715,True
2021-02-04,2021,-1,8,1.0,False
2021-02-04,2021,1,8,0.0,True
2021-02-04,2021,-1,9,1.0,False
2021-02-04,2021,1,9,0.0,True
2021-02-12,2021,-1,0,0.21634615384615385,True
2021-02-12,2021,1,0,0.7836538461538461,True
2021-02-12,2021,-1,1,0.09134615384615384,True
2021-02-12,2021,1,1,0.9086538461538461,True
2021-02-12,2021,-1,2,0.7788461538461539,False
2021-02-12,2021,1,2,0.22115384615384615,True
2021-02-12,2021,-1,7,0.9038461538461539,False
2021-02-12,2021,1,7,0.09615384615384616,True
2021-02-12,2021,-1,8,0.7548076923076923,False
2021-02-12,2021,1,8,0.24519230769230768,True
2021-02-12,2021,-1,9,0.8798076923076923,False
2021-02-12,2021,1,9,0.1201923076923077,True
2021-02-24,2021,-1,0,0.7174479166666666,False
2021-02-24,2021,1,0,0.2825520833333333,True
2021-02-24,2021,-1,1,0.9635416666666666,False
2021-02-24,2021,1,1,0.036458333333333336,True
2021-02-25,2021,-1,0,0.6207264957264957,True
2021-02-25,2021,1,0,0.37927350427350426,False
2021-02-25,2021,-1,1,0.3344017094017094,True
2021-02-25,2021,1,1,0.6655982905982906,False
2021-02-25,2021,-1,2,0.24358974358974358,True
2021-02-25,2021,1,2,0.7564102564102564,False
2021-02-25,2021,-1,3,0.11324786324786325,True
2021-02-25,2021,1,3,0.8867521367521367,False
2021-02-26,2021,-1,2,0.2169811320754717,False
2021-02-26,2021,1,2,0.7830188679245284,False
2021-02-26,2021,-1,3,0.1360062893081761,False
2021-02-26,2021,1,3,0.8639937106918238,False
2021-02-26,2021,-1,4,0.3922955974842767,False
2021-02-26,2021,1,4,0.6077044025157232,False
2021-02-26,2021,-1,5,0.48977987421383645,False
2021-02-26,2021,1,5,0.5102201257861635,False
2021-02-26,2021,-1,6,0.3388364779874214,False
2021-02-26,2021,1,6,0.6611635220125787,False
2021-02-26,2021,-1,7,0.5039308176100629,False
2021-02-26,2021,1,7,0.4960691823899371,False
2021-02-26,2021,-1,8,0.20754716981132076,False
2021-02-26,2021,1,8,0.7924528301886793,False
2021-02-26,2021,-1,9,0.19339622641509435,False
2021-02-26,2021,1,9,0.8066037735849056,False
2021-02-26,2021,-1,10,0.32075471698113206,False
2021-02-26,2021,1,10,0.6792452830188679,False
2021-02-26,2021,-1,11,0.22877358490566038,False
2021-02-26,2021,1,11,0.7712264150943396,False
2021-03-05,2021,-1,6,0.16589506172839505,True
2021-03-05,2021,1,6,0.8341049382716049,False
2021-03-05,2021,-1,7,0.38348765432098764,False
2021-03-05,2021,1,7,0.6165123456790124,False
2021-03-05,2021,-1,8,0.36419753086419754,False
2021-03-05,2021,1,8,0.6358024691358025,False
2021-03-05,2021,-1,9,0.37808641975308643,False
2021-03-05,2021,1,9,0.6219135802469136,False
2021-03-05,2021,-1,10,0.6118827160493827,False
2021-03-05,2021,1,10,0.3881172839506173,False
2021-03-05,2021,-1,11,0.5756172839506173,False
2021-03-05,2021,1,11,0.4243827160493827,False
2021-03-18,2021,-1,0,0.35110294117647056,True
2021-03-18,2021,1,0,0.6488970588235294,False
2021-03-18,2021,-1,1,0.06433823529411764,True
2021-03-18,2021,1,1,0.9356617647058824,False
2021-03-18,2021,-1,2,0.1323529411764706,True
2021-03-18,2021,1,2,0.8676470588235294,False
2021-03-18,2021,-1,3,0.1801470588235294,True
2021-03-18,2021,1,3,0.8198529411764706,False
2021-03-18,2021,-1,4,0.04411764705882353,True
2021-03-18,2021,1,4,0.9558823529411765,False
2021-03-18,2021,-1,5,0.3272058823529412,True
2021-03-18,2021,1,5,0.6727941176470589,False
2021-03-18,2021,-1,7,0.10661764705882353,True
2021-03-18,2021,1,7,0.8933823529411765,False
2021-03-18,2021,-1,8,0.17095588235294118,True
2021-03-18,2021,1,8,0.8290441176470589,False
2021-03-23,2021,-1,0,0.4548611111111111,True
2021-03-23,2021,1,0,0.5451388888888888,True
2021-03-23,2021,-1,1,0.640625,True
2021-03-23,2021,1,1,0.359375,True
2021-03-23,2021,-1,2,0.7725694444444444,True
2021-03-23,2021,1,2,0.22743055555555555,True
2021-03-23,2021,-1,3,0.9496527777777778,True
2021-03-23,2021,1,3,0.050347222222222224,True
2021-03-23,2021,-1,4,0.6961805555555556,True
2021-03-23,2021,1,4,0.3038194444444444,False
2021-03-23,2021,-1,5,0.5746527777777778,True
2021-03-23,2021,1,5,0.4253472222222222,False
2021-03-23,2021,-1,6,0.7361111111111112,True
2021-03-23,2021,1,6,0.2638888888888889,False
2021-03-23,2021,-1,7,0.7395833333333334,True
2021-03-23,2021,1,7,0.2604166666666667,False
2021-03-23,2021,-1,8,0.4670138888888889,True
2021-03-23,2021,1,8,0.5329861111111112,False
2021-03-23,2021,-1,9,0.6805555555555556,True
2021-03-23,2021,1,9,0.3194444444444444,False
2021-03-23,2021,-1,10,0.2048611111111111,True
2021-03-23,2021,1,10,0.7951388888888888,False
2021-03-26,2021,-1,3,0.7697368421052632,False
2021-03-26,2021,1,3,0.23026315789473684,True
2021-03-26,2021,-1,8,1.0,False
2021-03-26,2021,1,8,0.0,True
2021-03-26,2021,-1,9,0.6052631578947368,False
2021-03-26,2021,1,9,0.39473684210526316,True
2021-03-26,2021,-1,10,0.9232456140350878,False
2021-03-26,2021,1,10,0.07675438596491228,True
2021-03-30,2021,-1,3,0.11830357142857142,True
2021-03-30,2021,1,3,0.8816964285714286,False
2021-03-30,2021,-1,7,0.11830357142857142,True
2021-03-30,2021,1,7,0.8816964285714286,False
2021-03-30,2021,-1,10,0.28794642857142855,True
2021-03-30,2021,1,10,0.7120535714285714,False
2021-03-30,2021,-1,11,0.3125,True
2021-03-30,2021,1,11,0.6875,False
2021-04-06,2021,-1,0,0.8970588235294118,False
2021-04-06,2021,1,0,0.10294117647058823,True
2021-04-06,2021,-1,1,0.8137254901960784,False
2021-04-06,2021,1,1,0.18627450980392157,True
2021-04-06,2021,-1,2,0.9901960784313726,False
2021-04-06,2021,1,2,0.00980392156862745,True
2021-04-06,2021,-1,7,0.4950980392156863,False
2021-04-06,2021,1,7,0.5049019607843137,True
2021-04-06,2021,-1,8,0.8529411764705882,False
2021-04-06,2021,1,8,0.14705882352941177,True
2021-04-06,2021,-1,9,1.0,False
2021-04-06,2021,1,9,0.0,True
2021-04-06,2021,-1,10,0.9852941176470589,False
2021-04-06,2021,1,10,0.014705882352941176,True
2021-04-06,2021,-1,11,0.9191176470588235,False
2021-04-06,2021,1,11,0.08088235294117647,False
2021-04-15,2021,-1,0,0.8694852941176471,False
2021-04-15,2021,1,0,0.13051470588235295,True
2021-04-15,2021,-1,3,0.9797794117647058,False
2021-04-15,2021,1,3,0.02022058823529412,True
2021-04-15,2021,-1,4,0.9080882352941176,False
2021-04-15,2021,1,4,0.09191176470588236,True
2021-04-20,2021,-1,0,0.6611842105263158,True
2021-04-20,2021,1,0,0.33881578947368424,False
2021-04-20,2021,-1,1,0.3782894736842105,True
2021-04-20,2021,1,1,0.6217105263157895,False
2021-04-21,2021,-1,0,0.5746527777777778,False
2021-04-21,2021,1,0,0.4253472222222222,True
2021-04-21,2021,-1,1,0.6701388888888888,False
2021-04-21,2021,1,1,0.3298611111111111,True
2021-04-21,2021,-1,2,0.4444444444444444,False
2021-04-21,2021,1,2,0.5555555555555556,True
2021-04-21,2021,-1,3,0.8871527777777778,False
2021-04-21,2021,1,3,0.11284722222222222,True
2021-04-21,2021,-1,5,0.921875,False
2021-04-21,2021,1,5,0.078125,True
2021-04-21,2021,-1,6,0.8194444444444444,False
2021-04-21,2021,1,6,0.18055555555555555,True
2021-04-21,2021,-1,7,0.9479166666666666,False
2021-04-21,2021,1,7,0.052083333333333336,True
2021-04-21,2021,-1,8,0.9704861111111112,False
2021-04-21,2021,1,8,0.029513888888888888,True
2021-04-21,2021,-1,9,0.984375,False
2021-04-21,2021,1,9,0.015625,True
2021-04-21,2021,-1,10,0.9444444444444444,False
2021-04-21,2021,1,10,0.05555555555555555,True
2021-04-23,2021,-1,0,0.6535326086956522,False
2021-04-23,2021,1,0,0.34646739130434784,True
2021-04-23,2021,-1,1,0.6834239130434783,False
2021-04-23,2021,1,1,0.31657608695652173,True
2021-04-23,2021,-1,2,0.8913043478260869,False
2021-04-23,2021,1,2,0.10869565217391304,True
2021-04-26,2021,-1,0,0.6492537313432836,False
2021-04-26,2021,1,0,0.35074626865671643,True
2021-04-26,2021,-1,1,0.8041044776119403,False
2021-04-26,2021,1,1,0.1958955223880597,True
2021-04-26,2021,-1,2,0.8507462686567164,False
2021-04-26,2021,1,2,0.14925373134328357,True
2021-04-26,2021,-1,3,0.9944029850746269,False
2021-04-26,2021,1,3,0.005597014925373134,True
2021-04-26,2021,-1,4,0.9384328358208955,False
2021-04-26,2021,1,4,0.061567164179104475,True
2021-04-26,2021,-1,5,0.9272388059701493,False
2021-04-26,2021,1,5,0.07276119402985075,True
2021-04-26,2021,-1,7,0.957089552238806,False
2021-04-26,2021,1,7,0.04291044776119403,True
2021-04-28,2021,-1,1,0.34558823529411764,True
2021-04-28,2021,1,1,0.6544117647058824,True
2021-04-28,2021,-1,10,0.4632352941176471,True
2021-04-28,2021,1,10,0.5367647058823529,False
2021-05-17,2021,-1,0,0.3476027397260274,True
2021-05-17,2021,1,0,0.6523972602739726,False
2021-05-17,2021,-1,1,0.3030821917808219,True
2021-05-17,2021,1,1,0.696917808219178,False
2021-05-17,2021,-1,2,0.3938356164383562,True
2021-05-17,2021,1,2,0.6061643835616438,False
2021-05-17,2021,-1,3,0.1969178082191781,True
2021-05-17,2021,1,3,0.803082191780822,False
2021-05-17,2021,-1,4,0.025684931506849314,True
2021-05-17,2021,1,4,0.9743150684931506,False
2021-05-17,2021,-1,5,0.08047945205479452,True
2021-05-17,2021,1,5,0.9195205479452054,False
2021-05-17,2021,-1,6,0.008561643835616438,True
2021-05-17,2021,1,6,0.9914383561643836,False
2021-05-17,2021,-1,10,0.1643835616438356,False
2021-05-17,2021,1,10,0.8356164383561644,False
2021-05-17,2021,-1,11,0.1284246575342466,False
2021-05-17,2021,1,11,0.8715753424657534,False
2021-05-27,2021,-1,1,0.38333333333333336,True
2021-05-27,2021,1,1,0.6166666666666667,True
2021-05-27,2021,-1,3,0.25,True
2021-05-27,2021,1,3,0.75,True
2021-05-27,2021,-1,4,0.8166666666666667,True
2021-05-27,2021,1,4,0.18333333333333332,True
2021-05-27,2021,-1,5,0.6583333333333333,True
2021-05-27,2021,1,5,0.3416666666666667,False
2021-05-27,2021,-1,6,0.65,True
2021-05-27,2021,1,6,0.35,False
2021-05-27,2021,-1,7,0.48333333333333334,True
2021-05-27,2021,1,7,0.5166666666666667,False
2021-05-27,2021,-1,8,0.11666666666666667,True
2021-05-27,2021,1,8,0.8833333333333333,False
2021-06-02,2021,-1,0,0.8397435897435898,True
2021-06-02,2021,1,0,0.16025641025641027,True
2021-06-02,2021,-1,2,0.907051282051282,True
2021-06-02,2021,1,2,0.09294871794871795,True
2021-06-02,2021,-1,5,0.6442307692307693,True
2021-06-02,2021,1,5,0.3557692307692308,False
2021-06-02,2021,-1,6,0.7243589743589743,True
2021-06-02,2021,1,6,0.27564102564102566,False
2021-06-02,2021,-1,7,0.22435897435897437,True
2021-06-02,2021,1,7,0.7756410256410257,False
2021-06-02,2021,-1,8,0.1891025641025641,True
2021-06-02,2021,1,8,0.8108974358974359,False
2021-06-02,2021,-1,9,0.21794871794871795,False
2021-06-02,2021,1,9,0.782051282051282,False
2021-06-02,2021,-1,10,0.2980769230769231,False
2021-06-02,2021,1,10,0.7019230769230769,False
2021-06-02,2021,-1,11,0.34615384615384615,False
2021-06-02,2021,1,11,0.6538461538461539,False
2021-06-07,2021,-1,0,0.5092592592592593,True
2021-06-07,2021,1,0,0.49074074074074076,True
2021-06-07,2021,-1,1,0.16203703703703703,True
2021-06-07,2021,1,1,0.8379629629629629,True
2021-06-07,2021,-1,2,0.4537037037037037,True
2021-06-07,2021,1,2,0.5462962962962963,True
2021-06-07,2021,-1,4,0.2361111111111111,False
2021-06-07,2021,1,4,0.7638888888888888,True
2021-06-07,2021,-1,5,0.5277777777777778,False
2021-06-07,2021,1,5,0.4722222222222222,True
2021-06-07,2021,-1,6,0.5648148148148148,False
2021-06-07,2021,1,6,0.4351851851851852,True
2021-06-07,2021,-1,7,0.4027777777777778,False
2021-06-07,2021,1,7,0.5972222222222222,True
2021-06-07,2021,-1,8,0.21296296296296297,False
2021-06-07,2021,1,8,0.7870370370370371,True
2021-06-07,2021,-1,9,0.5601851851851852,False
2021-06-07,2021,1,9,0.4398148148148148,True
2021-06-07,2021,-1,10,0.9351851851851852,False
2021-06-07,2021,1,10,0.06481481481481481,True
2021-06-16,2021,-1,0,0.875,True
2021-06-16,2021,1,0,0.125,True
2021-06-16,2021,-1,1,0.91796875,True
2021-06-16,2021,1,1,0.08203125,False
2021-06-16,2021,-1,2,0.57421875,True
2021-06-16,2021,1,2,0.42578125,False
2021-06-16,2021,-1,3,0.4140625,True
2021-06-16,2021,1,3,0.5859375,False
2021-06-16,2021,-1,4,0.02734375,True
2021-06-16,2021,1,4,0.97265625,False
2021-06-25,2021,-1,1,0.4322916666666667,True
2021-06-25,2021,1,1,0.5677083333333334,False
2021-06-25,2021,-1,3,0.171875,True
2021-06-25,2021,1,3,0.828125,False
2021-06-25,2021,-1,4,0.19270833333333334,True
2021-06-25,2021,1,4,0.8072916666666666,False
2021-06-25,2021,-1,10,0.125,True
2021-06-25,2021,1,10,0.875,False
2021-07-26,2021,-1,0,0.8516949152542372,False
2021-07-26,2021,1,0,0.1483050847457627,True
2021-07-26,2021,-1,1,0.8008474576271186,False
2021-07-26,2021,1,1,0.19915254237288135,True
2021-07-26,2021,-1,2,0.7923728813559322,False
2021-07-26,2021,1,2,0.2076271186440678,True
2021-07-26,2021,-1,3,0.9110169491525424,False
2021-07-26,2021,1,3,0.08898305084745763,True
2021-07-26,2021,-1,5,0.9279661016949152,False
2021-07-26,2021,1,5,0.07203389830508475,True
2021-07-26,2021,-1,6,0.836864406779661,False
2021-07-26,2021,1,6,0.163135593220339,True
2021-07-26,2021,-1,8,0.9067796610169492,False
2021-07-26,2021,1,8,0.09322033898305085,True
2021-07-26,2021,-1,9,0.8961864406779662,False
2021-07-26,2021,1,9,0.1038135593220339,True
2021-07-29,2021,-1,11,0.7916666666666666,False
2021-07-29,2021,1,11,0.20833333333333334,True
2021-08-03,2021,-1,4,0.91015625,False
2021-08-03,2021,1,4,0.08984375,True
2021-08-03,2021,-1,5,0.5390625,False
2021-08-03,2021,1,5,0.4609375,True
2021-08-03,2021,-1,7,1.0,False
2021-08-03,2021,1,7,0.0,True
2021-08-12,2021,-1,1,0.6213235294117647,False
2021-08-12,2021,1,1,0.3786764705882353,True
2021-08-12,2021,-1,3,0.9926470588235294,False
2021-08-12,2021,1,3,0.007352941176470588,True
2021-08-12,2021,-1,6,0.9705882352941176,False
2021-08-12,2021,1,6,0.029411764705882353,True
2021-08-17,2021,-1,0,0.3595890410958904,True
2021-08-17,2021,1,0,0.6404109589041096,False
2021-08-17,2021,-1,1,0.6061643835616438,True
2021-08-17,2021,1,1,0.3938356164383562,False
2021-08-17,2021,-1,2,0.6952054794520548,True
2021-08-17,2021,1,2,0.3047945205479452,False
2021-08-17,2021,-1,3,0.4006849315068493,True
2021-08-17,2021,1,3,0.5993150684931506,False
2021-08-17,2021,-1,4,0.10787671232876712,True
2021-08-17,2021,1,4,0.8921232876712328,False
2021-08-17,2021,-1,5,0.339041095890411,True
2021-08-17,2021,1,5,0.660958904109589,False
2021-08-17,2021,-1,7,0.1832191780821918,True
2021-08-17,2021,1,7,0.8167808219178082,False
2021-08-17,2021,-1,8,0.10787671232876712,False
2021-08-17,2021,1,8,0.8921232876712328,False
2021-08-17,2021,-1,9,0.2208904109589041,False
2021-08-17,2021,1,9,0.7791095890410958,False
2021-08-17,2021,-1,10,0.3732876712328767,False
2021-08-17,2021,1,10,0.6267123287671232,False
2021-08-17,2021,-1,11,0.3458904109589041,False
2021-08-17,2021,1,11,0.6541095890410958,False
2021-08-18,2021,-1,2,0.8375,True
2021-08-18,2021,1,2,0.1625,True
2021-08-18,2021,-1,3,0.63125,True
2021-08-18,2021,1,3,0.36875,True
2021-08-18,2021,-1,4,0.584375,True
2021-08-18,2021,1,4,0.415625,True
2021-08-18,2021,-1,5,0.59375,True
2021-08-18,2021,1,5,0.40625,True
2021-08-18,2021,-1,6,0.71875,True
2021-08-18,2021,1,6,0.28125,True
2021-08-18,2021,-1,7,0.515625,True
2021-08-18,2021,1,7,0.484375,True
2021-08-18,2021,-1,8,0.58125,True
2021-08-18,2021,1,8,0.41875,True
2021-08-18,2021,-1,9,0.765625,True
2021-08-18,2021,1,9,0.234375,False
2021-08-18,2021,-1,10,0.7,True
2021-08-18,2021,1,10,0.3,False
2021-08-18,2021,-1,11,0.19375,True
2021-08-18,2021,1,11,0.80625,False
2021-08-24,2021,-1,0,0.9505208333333334,False
2021-08-24,2021,1,0,0.049479166666666664,True
2021-08-27,2021,-1,0,0.22348484848484848,True
2021-08-27,2021,1,0,0.7765151515151515,True
2021-08-31,2021,-1,1,0.025,True
2021-08-31,2021,1,1,0.975,False
2021-08-31,2021,-1,2,0.15714285714285714,True
2021-08-31,2021,1,2,0.8428571428571429,False
2021-08-31,2021,-1,3,0.2571428571428571,False
2021-08-31,2021,1,3,0.7428571428571429,False
2021-08-31,2021,-1,4,0.4785714285714286,False
2021-08-31,2021,1,4,0.5214285714285715,False
2021-08-31,2021,-1,5,0.6142857142857143,False
2021-08-31,2021,1,5,0.38571428571428573,False
2021-08-31,2021,-1,6,0.7035714285714286,False
2021-08-31,2021,1,6,0.29642857142857143,False
2021-08-31,2021,-1,7,0.3,False
2021-08-31,2021,1,7,0.7,False
2021-08-31,2021,-1,8,0.5535714285714286,False
2021-08-31,2021,1,8,0.44642857142857145,False
2021-08-31,2021,-1,9,0.575,False
2021-08-31,2021,1,9,0.425,False
2021-08-31,2021,-1,10,0.7357142857142858,False
2021-08-31,2021,1,10,0.2642857142857143,False
2021-08-31,2021,-1,11,0.3392857142857143,False
2021-08-31,2021,1,11,0.6607142857142857,False
2021-09-02,2021,-1,0,0.019736842105263157,True
2021-09-02,2021,1,0,0.9802631578947368,False
2021-09-02,2021,-1,3,0.08552631578947369,True
2021-09-02,2021,1,3,0.9144736842105263,False
2021-09-10,2021,-1,0,0.7587209302325582,True
2021-09-10,2021,1,0,0.24127906976744187,False
2021-09-10,2021,-1,1,0.22093023255813954,True
2021-09-10,2021,1,1,0.7790697674418605,False
2021-09-10,2021,-1,2,0.0436046511627907,True
2021-09-10,2021,1,2,0.9563953488372093,False
2021-09-15,2021,-1,6,0.40131578947368424,False
2021-09-15,2021,1,6,0.5986842105263158,True
2021-09-15,2021,-1,7,0.4407894736842105,False
2021-09-15,2021,1,7,0.5592105263157895,True
2021-09-15,2021,-1,8,0.5263157894736842,False
2021-09-15,2021,1,8,0.47368421052631576,True
2021-09-15,2021,-1,9,0.6447368421052632,False
2021-09-15,2021,1,9,0.35526315789473684,True
2021-09-15,2021,-1,10,0.7346491228070176,False
2021-09-15,2021,1,10,0.26535087719298245,True
2021-09-15,2021,-1,11,0.9320175438596491,False
2021-09-15,2021,1,11,0.06798245614035088,True
2021-09-21,2021,-1,0,0.8671875,False
2021-09-21,2021,1,0,0.1328125,True
2021-09-21,2021,-1,1,0.7645089285714286,False
2021-09-21,2021,1,1,0.23549107142857142,True
2021-09-21,2021,-1,2,0.5602678571428571,False
2021-09-21,2021,1,2,0.43973214285714285,True
2021-09-21,2021,-1,3,0.7834821428571429,False
2021-09-21,2021,1,3,0.21651785714285715,True
2021-09-21,2021,-1,4,0.96875,False
2021-09-21,2021,1,4,0.03125,True
2021-09-21,2021,-1,5,0.9453125,False
2021-09-21,2021,1,5,0.0546875,True
2021-09-21,2021,-1,6,0.8270089285714286,False
2021-09-21,2021,1,6,0.17299107142857142,True
2021-09-21,2021,-1,7,0.6629464285714286,False
2021-09-21,2021,1,7,0.33705357142857145,True
2021-09-21,2021,-1,8,0.6551339285714286,False
2021-09-21,2021,1,8,0.34486607142857145,True
2021-09-21,2021,-1,9,0.5926339285714286,False
2021-09-21,2021,1,9,0.40736607142857145,True
2021-09-21,2021,-1,10,0.8638392857142857,False
2021-09-21,2021,1,10,0.13616071428571427,True
2021-09-21,2021,-1,11,0.9419642857142857,False
2021-09-21,2021,1,11,0.05803571428571429,False
2021-09-22,2021,-1,0,0.8090277777777778,False
2021-09-22,2021,1,0,0.1909722222222222,True
2021-09-29,2021,-1,1,0.96875,True
2021-09-29,2021,1,1,0.03125,True
2021-09-29,2021,-1,3,0.46153846153846156,True
2021-09-29,2021,1,3,0.5384615384615384,False
2021-09-29,2021,-1,4,0.38221153846153844,True
2021-09-29,2021,1,4,0.6177884615384616,False
2021-09-29,2021,-1,6,0.08653846153846154,True
2021-09-29,2021,1,6,0.9134615384615384,False
2021-09-29,2021,-1,8,0.052884615384615384,True
2021-09-29,2021,1,8,0.9471153846153846,False
2021-09-29,2021,-1,9,0.6322115384615384,True
2021-09-29,2021,1,9,0.36778846153846156,False
2021-09-29,2021,-1,10,0.8197115384615384,True
2021-09-29,2021,1,10,0.18028846153846154,False
2021-09-29,2021,-1,11,0.53125,True
2021-09-29,2021,1,11,0.46875,False
2021-09-30,2021,-1,0,0.575,True
2021-09-30,2021,1,0,0.425,False
2021-09-30,2021,-1,1,0.4583333333333333,True
2021-09-30,2021,1,1,0.5416666666666666,False
2021-09-30,2021,-1,2,0.09583333333333334,True
2021-09-30,2021,1,2,0.9041666666666667,False
2021-09-30,2021,-1,3,0.475,True
2021-09-30,2021,1,3,0.525,False
2021-09-30,2021,-1,9,0.25416666666666665,True
2021-09-30,2021,1,9,0.7458333333333333,False
2021-09-30,2021,-1,10,0.029166666666666667,True
2021-09-30,2021,1,10,0.9708333333333333,False
2021-09-30,2021,-1,11,0.01875,True
2021-09-30,2021,1,11,0.98125,False
2021-10-04,2021,-1,0,0.24666666666666667,True
2021-10-04,2021,1,0,0.7533333333333333,False
2021-10-22,2021,-1,0,0.7419354838709677,True
2021-10-22,2021,1,0,0.25806451612903225,True
2021-10-22,2021,-1,2,0.4112903225806452,True
2021-10-22,2021,1,2,0.5887096774193549,False
2021-10-27,2021,-1,1,0.7916666666666666,False
2021-10-27,2021,1,1,0.20833333333333334,True
2021-10-27,2021,-1,2,0.8253968253968254,False
2021-10-27,2021,1,2,0.1746031746031746,True
2021-11-11,2021,-1,0,0.48267326732673266,False
2021-11-11,2021,1,0,0.5173267326732673,False
2021-11-11,2021,-1,1,0.25742574257425743,False
2021-11-11,2021,1,1,0.7425742574257426,False
2021-11-11,2021,-1,2,0.3886138613861386,False
2021-11-11,2021,1,2,0.6113861386138614,False
2021-11-11,2021,-1,3,0.375,False
2021-11-11,2021,1,3,0.625,False
2021-11-11,2021,-1,4,0.3849009900990099,False
2021-11-11,2021,1,4,0.6150990099009901,False
2021-11-11,2021,-1,5,0.21287128712871287,False
2021-11-11,2021,1,5,0.7871287128712872,False
2021-11-11,2021,-1,6,0.27722772277227725,False
2021-11-11,2021,1,6,0.7227722772277227,False
2021-11-11,2021,-1,7,0.23638613861386137,False
2021-11-11,2021,1,7,0.7636138613861386,False
2021-11-11,2021,-1,8,0.28094059405940597,False
2021-11-11,2021,1,8,0.719059405940594,False
2021-11-11,2021,-1,9,0.30198019801980197,False
2021-11-11,2021,1,9,0.698019801980198,False
2021-11-11,2021,-1,10,0.2079207920792079,False
2021-11-11,2021,1,10,0.7920792079207921,False
2021-11-11,2021,-1,11,0.15965346534653466,False
2021-11-11,2021,1,11,0.8403465346534653,False
2021-11-12,2021,-1,1,0.4375,False
2021-11-12,2021,1,1,0.5625,True
2021-11-16,2021,-1,1,0.8988095238095238,False
2021-11-16,2021,1,1,0.10119047619047619,True
2021-11-17,2021,-1,0,0.5815217391304348,False
2021-11-17,2021,1,0,0.41847826086956524,True
2021-11-17,2021,-1,1,0.8885869565217391,False
2021-11-17,2021,1,1,0.11141304347826086,True
2021-11-17,2021,-1,5,0.8532608695652174,False
2021-11-17,2021,1,5,0.14673913043478262,True
2021-11-17,2021,-1,6,0.8043478260869565,False
2021-11-17,2021,1,6,0.1956521739130435,True
2021-11-17,2021,-1,11,0.9103260869565217,False
2021-11-17,2021,1,11,0.08967391304347826,True
2021-11-24,2021,-1,0,0.22242647058823528,False
2021-11-24,2021,1,0,0.7775735294117647,True
2021-11-24,2021,-1,1,0.7224264705882353,False
2021-11-24,2021,1,1,0.2775735294117647,True
2021-11-24,2021,-1,2,0.7095588235294118,False
2021-11-24,2021,1,2,0.29044117647058826,True
2021-11-24,2021,-1,5,0.9669117647058824,False
2021-11-24,2021,1,5,0.03308823529411765,True
2021-11-24,2021,-1,9,0.9540441176470589,False
2021-11-24,2021,1,9,0.04595588235294118,True
2021-11-30,2021,-1,0,0.801829268292683,True
2021-11-30,2021,1,0,0.19817073170731708,True
2021-11-30,2021,-1,1,0.864329268292683,True
2021-11-30,2021,1,1,0.13567073170731708,True
2021-12-06,2021,-1,0,0.6085858585858586,False
2021-12-06,2021,1,0,0.39141414141414144,True
2021-12-06,2021,-1,2,0.9343434343434344,False
2021-12-06,2021,1,2,0.06565656565656566,True
2021-12-06,2021,-1,3,0.7992424242424242,False
2021-12-06,2021,1,3,0.20075757575757575,True
2021-12-06,2021,-1,4,0.8573232323232324,False
2021-12-06,2021,1,4,0.14267676767676768,True
2021-12-09,2021,-1,1,0.03676470588235294,True
2021-12-09,2021,1,1,0.9632352941176471,True
2021-12-09,2021,-1,2,0.5147058823529411,True
2021-12-09,2021,1,2,0.4852941176470588,True
2021-12-09,2021,-1,3,0.9558823529411765,True
2021-12-09,2021,1,3,0.04411764705882353,True
2021-12-09,2021,-1,4,0.2867647058823529,True
2021-12-09,2021,1,4,0.7132352941176471,False
2021-12-09,2021,-1,5,0.13602941176470587,True
2021-12-09,2021,1,5,0.8639705882352942,False
2021-12-09,2021,-1,6,0.49264705882352944,True
2021-12-09,2021,1,6,0.5073529411764706,False
2021-12-10,2021,-1,1,0.505,True
2021-12-10,2021,1,1,0.495,False
2021-12-10,2021,-1,4,0.2,True
2021-12-10,2021,1,4,0.8,False
2021-12-10,2021,-1,5,0.15166666666666667,True
2021-12-10,2021,1,5,0.8483333333333334,False
2021-12-10,2021,-1,6,0.26,False
2021-12-10,2021,1,6,0.74,False
2021-12-10,2021,-1,7,0.34833333333333333,False
2021-12-10,2021,1,7,0.6516666666666666,False
2021-12-10,2021,-1,8,0.31166666666666665,False
2021-12-10,2021,1,8,0.6883333333333334,False
2021-12-10,2021,-1,9,0.2916666666666667,False
2021-12-10,2021,1,9,0.7083333333333334,False
2021-12-10,2021,-1,10,0.11666666666666667,False
2021-12-10,2021,1,10,0.8833333333333333,False
2021-12-10,2021,-1,11,0.35333333333333333,False
2021-12-10,2021,1,11,0.6466666666666666,False
2021-12-15,2021,-1,0,0.24857954545454544,True
2021-12-15,2021,1,0,0.7514204545454546,True
2021-12-15,2021,-1,1,0.34232954545454547,True
2021-12-15,2021,1,1,0.6576704545454546,True
2021-12-15,2021,-1,2,0.29261363636363635,True
2021-12-15,2021,1,2,0.7073863636363636,True
2021-12-15,2021,-1,3,0.09375,True
2021-12-15,2021,1,3,0.90625,True
2021-12-15,2021,-1,6,0.004261363636363636,True
2021-12-15,2021,1,6,0.9957386363636364,True
2021-12-15,2021,-1,7,0.03125,True
2021-12-15,2021,1,7,0.96875,True
2021-12-15,2021,-1,8,0.25426136363636365,True
2021-12-15,2021,1,8,0.7457386363636364,True
2021-12-15,2021,-1,9,0.6619318181818182,False
2021-12-15,2021,1,9,0.3380681818181818,True
2021-12-29,2021,-1,0,0.44871794871794873,True
2021-12-29,2021,1,0,0.5512820512820513,False
2021-12-29,2021,-1,9,0.08974358974358974,False
2021-12-29,2021,1,9,0.9102564102564102,False
2021-12-29,2021,-1,10,0.3108974358974359,False
2021-12-29,2021,1,10,0.6891025641025641,False
2021-12-29,2021,-1,11,0.14743589743589744,False
2021-12-29,2021,1,11,0.8525641025641025,False
2021-12-30,2021,-1,0,0.9847560975609756,True
2021-12-30,2021,1,0,0.01524390243902439,True
2021-12-30,2021,-1,11,0.9359756097560976,True
2021-12-30,2021,1,11,0.06402439024390244,True
2022-01-03,2022,-1,4,0.7329545454545454,False
2022-01-03,2022,1,4,0.26704545454545453,True
2022-01-05,2022,-1,0,0.3219026548672566,True
2022-01-05,2022,1,0,0.6780973451327433,False
2022-01-05,2022,-1,1,0.25110619469026546,True
2022-01-05,2022,1,1,0.7488938053097345,False
2022-01-05,2022,-1,2,0.1415929203539823,True
2022-01-05,2022,1,2,0.8584070796460177,False
2022-01-05,2022,-1,3,0.13163716814159293,True
2022-01-05,2022,1,3,0.8683628318584071,False
2022-01-19,2022,-1,1,0.46136363636363636,True
2022-01-19,2022,1,1,0.5386363636363637,False
2022-01-19,2022,-1,5,0.5704545454545454,True
2022-01-19,2022,1,5,0.42954545454545456,False
2022-01-19,2022,-1,6,0.7318181818181818,True
2022-01-19,2022,1,6,0.2681818181818182,False
2022-01-19,2022,-1,7,0.2409090909090909,True
2022-01-19,2022,1,7,0.759090909090909,False
2022-01-19,2022,-1,8,0.19545454545454546,True
2022-01-19,2022,1,8,0.8045454545454546,False
2022-01-25,2022,-1,0,0.4212328767123288,False
2022-01-25,2022,1,0,0.5787671232876712,True
2022-01-25,2022,-1,1,0.803082191780822,False
2022-01-25,2022,1,1,0.1969178082191781,True
2022-01-25,2022,-1,2,0.5188356164383562,False
2022-01-25,2022,1,2,0.4811643835616438,True
2022-01-25,2022,-1,3,0.5162671232876712,False
2022-01-25,2022,1,3,0.4837328767123288,True
2022-01-25,2022,-1,4,0.19434931506849315,False
2022-01-25,2022,1,4,0.8056506849315068,True
2022-01-25,2022,-1,5,0.5008561643835616,False
2022-01-25,2022,1,5,0.4991438356164384,True
2022-01-25,2022,-1,6,0.4066780821917808,False
2022-01-25,2022,1,6,0.5933219178082192,True
2022-01-25,2022,-1,7,0.6763698630136986,False
2022-01-25,2022,1,7,0.3236301369863014,True
2022-01-25,2022,-1,11,0.833904109589041,False
2022-01-25,2022,1,11,0.1660958904109589,True
2022-02-16,2022,-1,9,0.9725609756097561,False
2022-02-16,2022,1,9,0.027439024390243903,True
2022-02-17,2022,-1,0,0.1053921568627451,True
2022-02-17,2022,1,0,0.8946078431372549,False
2022-02-17,2022,-1,3,0.031862745098039214,True
2022-02-17,2022,1,3,0.9681372549019608,False
2022-02-23,2022,-1,0,0.5113636363636364,True
2022-02-23,2022,1,0,0.48863636363636365,False
2022-02-23,2022,-1,1,0.008838383838383838,True
2022-02-23,2022,1,1,0.9911616161616161,False
2022-02-23,2022,-1,4,0.04419191919191919,True
2022-02-23,2022,1,4,0.9558080808080808,False
2022-02-23,2022,-1,5,0.2563131313131313,True
2022-02-23,2022,1,5,0.7436868686868687,False
2022-02-28,2022,-1,0,0.7896039603960396,False
2022-02-28,2022,1,0,0.2103960396039604,True
2022-02-28,2022,-1,1,0.5420792079207921,False
2022-02-28,2022,1,1,0.45792079207920794,True
2022-02-28,2022,-1,5,0.8155940594059405,False
2022-02-28,2022,1,5,0.1844059405940594,True
2022-02-28,2022,-1,6,0.6175742574257426,False
2022-02-28,2022,1,6,0.38242574257425743,True
2022-02-28,2022,-1,7,0.6658415841584159,False
2022-02-28,2022,1,7,0.3341584158415842,True
2022-02-28,2022,-1,8,0.7698019801980198,False
2022-02-28,2022,1,8,0.2301980198019802,True
2022-02-28,2022,-1,9,0.16212871287128713,False
2022-02-28,2022,1,9,0.8378712871287128,True
2022-02-28,2022,-1,10,0.46782178217821785,False
2022-02-28,2022,1,10,0.5321782178217822,True
2022-02-28,2022,-1,11,0.6051980198019802,False
2022-02-28,2022,1,11,0.3948019801980198,True
2022-03-02,2022,-1,0,0.1641304347826087,True
2022-03-02,2022,1,0,0.8358695652173913,True
2022-03-02,2022,-1,1,0.2141304347826087,True
2022-03-02,2022,1,1,0.7858695652173913,True
2022-03-02,2022,-1,2,0.03804347826086957,True
2022-03-02,2022,1,2,0.9619565217391305,True
2022-03-02,2022,-1,3,0.558695652173913,False
2022-03-02,2022,1,3,0.44130434782608696,True
2022-03-02,2022,-1,4,0.5413043478260869,False
2022-03-02,2022,1,4,0.45869565217391306,True
2022-03-02,2022,-1,5,0.616304347826087,False
2022-03-02,2022,1,5,0.38369565217391305,True
2022-03-02,2022,-1,6,0.6630434782608695,False
2022-03-02,2022,1,6,0.33695652173913043,True
2022-03-02,2022,-1,7,0.8673913043478261,False
2022-03-02,2022,1,7,0.13260869565217392,True
2022-03-02,2022,-1,8,0.8489130434782609,False
2022-03-02,2022,1,8,0.15108695652173912,True
2022-03-02,2022,-1,9,0.8532608695652174,False
2022-03-02,2022,1,9,0.14673913043478262,True
2022-03-02,2022,-1,10,0.8706521739130435,False
2022-03-02,2022,1,10,0.12934782608695652,True
2022-03-02,2022,-1,11,0.975,False
2022-03-02,2022,1,11,0.025,True
2022-03-15,2022,-1,0,0.6298076923076923,False
2022-03-15,2022,1,0,0.3701923076923077,True
2022-03-15,2022,-1,1,0.9365384615384615,False
2022-03-15,2022,1,1,0.06346153846153846,True
2022-03-24,2022,-1,0,0.13690476190476192,True
2022-03-24,2022,1,0,0.8630952380952381,True
2022-03-24,2022,-1,2,0.4583333333333333,False
2022-03-24,2022,1,2,0.5416666666666666,True
2022-03-28,2022,-1,4,0.6735074626865671,False
2022-03-28,2022,1,4,0.32649253731343286,True
2022-03-28,2022,-1,5,0.6492537313432836,False
2022-03-28,2022,1,5,0.35074626865671643,True
2022-03-30,2022,-1,0,0.9780701754385965,True
2022-03-30,2022,1,0,0.021929824561403508,True
2022-03-30,2022,-1,2,0.7127192982456141,True
2022-03-30,2022,1,2,0.28728070175438597,True
2022-03-30,2022,-1,3,0.36403508771929827,True
2022-03-30,2022,1,3,0.6359649122807017,True
2022-03-30,2022,-1,4,0.6864035087719298,True
2022-03-30,2022,1,4,0.31359649122807015,True
2022-03-30,2022,-1,5,0.7192982456140351,True
2022-03-30,2022,1,5,0.2807017543859649,True
2022-03-30,2022,-1,7,0.7192982456140351,True
2022-03-30,2022,1,7,0.2807017543859649,False
2022-03-30,2022,-1,8,0.4517543859649123,True
2022-03-30,2022,1,8,0.5482456140350878,False
2022-03-30,2022,-1,9,0.25219298245614036,True
2022-03-30,2022,1,9,0.7478070175438597,False
2022-03-30,2022,-1,10,0.04824561403508772,True
2022-03-30,2022,1,10,0.9517543859649122,False
2022-04-05,2022,-1,0,0.27291666666666664,True
2022-04-05,2022,1,0,0.7270833333333333,False
2022-04-07,2022,-1,1,0.7403846153846154,True
2022-04-07,2022,1,1,0.25961538461538464,True
2022-04-07,2022,-1,2,0.31009615384615385,True
2022-04-07,2022,1,2,0.6899038461538461,True
2022-04-07,2022,-1,7,0.21634615384615385,True
2022-04-07,2022,1,7,0.7836538461538461,True
2022-04-07,2022,-1,8,0.5673076923076923,False
2022-04-07,2022,1,8,0.4326923076923077,True
2022-04-07,2022,-1,9,0.41346153846153844,False
2022-04-07,2022,1,9,0.5865384615384616,True
2022-04-08,2022,-1,2,0.2689873417721519,True
2022-04-08,2022,1,2,0.7310126582278481,False
2022-04-08,2022,-1,3,0.01740506329113924,True
2022-04-08,2022,1,3,0.9825949367088608,False
2022-04-08,2022,-1,4,0.1281645569620253,True
2022-04-08,2022,1,4,0.8718354430379747,False
2022-04-08,2022,-1,5,0.40031645569620256,True
2022-04-08,2022,1,5,0.5996835443037974,False
2022-04-08,2022,-1,6,0.34335443037974683,True
2022-04-08,2022,1,6,0.6566455696202531,False
2022-04-14,2022,-1,0,0.24116161616161616,True
2022-04-14,2022,1,0,0.7588383838383839,False
2022-04-14,2022,-1,3,0.030303030303030304,True
2022-04-14,2022,1,3,0.9696969696969697,False
2022-04-29,2022,-1,1,0.5621428571428572,True
2022-04-29,2022,1,1,0.43785714285714283,False
2022-04-29,2022,-1,2,0.5014285714285714,True
2022-04-29,2022,1,2,0.49857142857142855,False
2022-04-29,2022,-1,3,0.48214285714285715,True
2022-04-29,2022,1,3,0.5178571428571429,False
2022-04-29,2022,-1,4,0.3942857142857143,True
2022-04-29,2022,1,4,0.6057142857142858,False
2022-04-29,2022,-1,5,0.23857142857142857,True
2022-04-29,2022,1,5,0.7614285714285715,False
2022-04-29,2022,-1,6,0.11285714285714285,True
2022-04-29,2022,1,6,0.8871428571428571,False
2022-04-29,2022,-1,7,0.19142857142857142,True
2022-04-29,2022,1,7,0.8085714285714286,False
2022-04-29,2022,-1,8,0.05857142857142857,True
2022-04-29,2022,1,8,0.9414285714285714,False
2022-05-04,2022,-1,0,0.0026041666666666665,True
2022-05-04,2022,1,0,0.9973958333333334,True
2022-05-04,2022,-1,5,0.4166666666666667,True
2022-05-04,2022,1,5,0.5833333333333334,True
2022-05-04,2022,-1,6,0.8697916666666666,True
2022-05-04,2022,1,6,0.13020833333333334,True
2022-05-04,2022,-1,7,0.8255208333333334,True
2022-05-04,2022,1,7,0.17447916666666666,True
2022-05-06,2022,-1,2,0.38073394495412843,True
2022-05-06,2022,1,2,0.6192660550458715,False
2022-05-06,2022,-1,3,0.5791284403669725,True
2022-05-06,2022,1,3,0.4208715596330275,False
2022-05-06,2022,-1,5,0.14678899082568808,True
2022-05-06,2022,1,5,0.8532110091743119,False
2022-05-06,2022,-1,6,0.47706422018348627,True
2022-05-06,2022,1,6,0.5229357798165137,False
2022-05-06,2022,-1,7,0.0963302752293578,True
2022-05-06,2022,1,7,0.9036697247706422,False
2022-05-16,2022,-1,0,0.03697183098591549,True
2022-05-16,2022,1,0,0.9630281690140845,True
2022-05-16,2022,-1,1,0.8450704225352113,True
2022-05-16,2022,1,1,0.15492957746478872,True
2022-05-16,2022,-1,4,0.5774647887323944,True
2022-05-16,2022,1,4,0.4225352112676056,True
2022-05-16,2022,-1,5,0.1936619718309859,True
2022-05-16,2022,1,5,0.8063380281690141,True
2022-05-16,2022,-1,7,0.5334507042253521,True
2022-05-16,2022,1,7,0.4665492957746479,True
2022-05-16,2022,-1,8,0.545774647887324,True
2022-05-16,2022,1,8,0.45422535211267606,True
2022-05-16,2022,-1,9,0.9559859154929577,True
2022-05-16,2022,1,9,0.04401408450704225,True
2022-05-16,2022,-1,10,0.8151408450704225,True
2022-05-16,2022,1,10,0.18485915492957747,False
2022-05-16,2022,-1,11,0.24471830985915494,True
2022-05-16,2022,1,11,0.7552816901408451,False
2022-06-01,2022,-1,1,0.09177215189873418,True
2022-06-01,2022,1,1,0.9082278481012658,False
2022-06-01,2022,-1,2,0.2848101265822785,True
2022-06-01,2022,1,2,0.7151898734177216,False
2022-06-01,2022,-1,9,0.22468354430379747,True
2022-06-01,2022,1,9,0.7753164556962026,False
2022-06-01,2022,-1,10,0.07753164556962025,True
2022-06-01,2022,1,10,0.9224683544303798,False
2022-06-01,2022,-1,11,0.1518987341772152,True
2022-06-01,2022,1,11,0.8481012658227848,False
2022-06-02,2022,-1,0,0.19318181818181818,True
2022-06-02,2022,1,0,0.8068181818181818,True
2022-06-02,2022,-1,1,0.15584415584415584,False
2022-06-02,2022,1,1,0.8441558441558441,True
2022-06-02,2022,-1,2,0.6363636363636364,False
2022-06-02,2022,1,2,0.36363636363636365,True
2022-06-03,2022,-1,0,0.3704268292682927,True
2022-06-03,2022,1,0,0.6295731707317073,False
2022-06-03,2022,-1,1,0.20045731707317074,True
2022-06-03,2022,1,1,0.7995426829268293,False
2022-06-03,2022,-1,5,0.007621951219512195,True
2022-06-03,2022,1,5,0.9923780487804879,False
2022-06-03,2022,-1,6,0.10594512195121951,True
2022-06-03,2022,1,6,0.8940548780487805,False
2022-06-03,2022,-1,7,0.009908536585365854,True
2022-06-03,2022,1,7,0.9900914634146342,False
2022-06-03,2022,-1,9,0.08841463414634146,True
2022-06-03,2022,1,9,0.9115853658536586,False
2022-06-03,2022,-1,10,0.01676829268292683,True
2022-06-03,2022,1,10,0.9832317073170732,False
2022-06-08,2022,-1,5,0.9066455696202531,False
2022-06-08,2022,1,5,0.09335443037974683,False
2022-06-08,2022,-1,6,0.634493670886076,False
2022-06-08,2022,1,6,0.36550632911392406,False
2022-06-08,2022,-1,7,0.49050632911392406,False
2022-06-08,2022,1,7,0.509493670886076,False
2022-06-08,2022,-1,8,0.5506329113924051,False
2022-06-08,2022,1,8,0.44936708860759494,False
2022-06-08,2022,-1,9,0.3813291139240506,False
2022-06-08,2022,1,9,0.6186708860759493,False
2022-06-08,2022,-1,10,0.4430379746835443,False
2022-06-08,2022,1,10,0.5569620253164557,False
2022-06-08,2022,-1,11,0.5680379746835443,False
2022-06-08,2022,1,11,0.4319620253164557,False
2022-06-14,2022,-1,0,0.3890845070422535,True
2022-06-14,2022,1,0,0.6109154929577465,False
2022-06-14,2022,-1,4,0.20422535211267606,True
2022-06-14,2022,1,4,0.795774647887324,False
2022-06-14,2022,-1,6,0.04225352112676056,True
2022-06-14,2022,1,6,0.9577464788732394,False
2022-06-14,2022,-1,7,0.3380281690140845,True
2022-06-14,2022,1,7,0.6619718309859155,False
2022-06-14,2022,-1,9,0.040492957746478875,True
2022-06-14,2022,1,9,0.9595070422535211,False
2022-06-17,2022,-1,1,0.75,False
2022-06-17,2022,1,1,0.25,True
2022-06-17,2022,-1,2,0.4934210526315789,False
2022-06-17,2022,1,2,0.506578947368421,True
2022-06-23,2022,-1,0,0.4475806451612903,True
2022-06-23,2022,1,0,0.5524193548387096,True
2022-06-23,2022,-1,1,0.5100806451612904,True
2022-06-23,2022,1,1,0.4899193548387097,True
2022-06-23,2022,-1,3,0.9838709677419355,True
2022-06-23,2022,1,3,0.016129032258064516,True
2022-06-23,2022,-1,4,0.4879032258064516,True
2022-06-23,2022,1,4,0.5120967741935484,True
2022-06-23,2022,-1,5,0.34274193548387094,True
2022-06-23,2022,1,5,0.657258064516129,True
2022-06-23,2022,-1,8,0.2217741935483871,False
2022-06-23,2022,1,8,0.7782258064516129,True
2022-06-23,2022,-1,9,0.4314516129032258,False
2022-06-23,2022,1,9,0.5685483870967742,True
2022-06-23,2022,-1,10,0.6229838709677419,False
2022-06-23,2022,1,10,0.37701612903225806,True
2022-06-23,2022,-1,11,0.8266129032258065,False
2022-06-23,2022,1,11,0.17338709677419356,True
2022-06-28,2022,-1,0,0.9864864864864865,True
2022-06-28,2022,1,0,0.013513513513513514,True
2022-06-29,2022,-1,0,0.06971153846153846,True
2022-06-29,2022,1,0,0.9302884615384616,False
2022-06-29,2022,-1,1,0.07371794871794872,True
2022-06-29,2022,1,1,0.9262820512820513,False
2022-06-29,2022,-1,2,0.07932692307692307,True
2022-06-29,2022,1,2,0.9206730769230769,False
2022-06-29,2022,-1,3,0.027243589743589744,True
2022-06-29,2022,1,3,0.9727564102564102,False
2022-06-29,2022,-1,4,0.08173076923076923,True
2022-06-29,2022,1,4,0.9182692307692307,False
2022-06-29,2022,-1,8,0.07772435897435898,True
2022-06-29,2022,1,8,0.9222756410256411,False
2022-06-29,2022,-1,9,0.1282051282051282,True
2022-06-29,2022,1,9,0.8717948717948718,False
2022-06-29,2022,-1,11,0.1674679487179487,True
2022-06-29,2022,1,11,0.8325320512820513,False
2022-07-01,2022,-1,0,0.4637096774193548,True
2022-07-01,2022,1,0,0.5362903225806451,False
2022-07-01,2022,-1,3,0.07795698924731183,True
2022-07-01,2022,1,3,0.9220430107526881,False
2022-07-01,2022,-1,5,0.0967741935483871,True
2022-07-01,2022,1,5,0.9032258064516129,False
2022-07-01,2022,-1,7,0.036290322580645164,False
2022-07-01,2022,1,7,0.9637096774193549,False
2022-07-01,2022,-1,8,0.28360215053763443,False
2022-07-01,2022,1,8,0.7163978494623656,False
2022-07-01,2022,-1,9,0.40725806451612906,False
2022-07-01,2022,1,9,0.592741935483871,False
2022-07-01,2022,-1,10,0.5860215053763441,False
2022-07-01,2022,1,10,0.41397849462365593,False
2022-07-01,2022,-1,11,0.571236559139785,False
2022-07-01,2022,1,11,0.42876344086021506,False
2022-07-08,2022,-1,0,0.1504237288135593,True
2022-07-08,2022,1,0,0.8495762711864406,True
2022-07-08,2022,-1,5,0.8389830508474576,False
2022-07-08,2022,1,5,0.16101694915254236,True
2022-07-08,2022,-1,6,0.597457627118644,False
2022-07-08,2022,1,6,0.4025423728813559,True
2022-07-12,2022,-1,3,0.5277777777777778,True
2022-07-12,2022,1,3,0.4722222222222222,False
2022-07-12,2022,-1,4,0.17708333333333334,True
2022-07-12,2022,1,4,0.8229166666666666,False
2022-07-12,2022,-1,5,0.3055555555555556,True
2022-07-12,2022,1,5,0.6944444444444444,False
2022-07-12,2022,-1,6,0.4375,True
2022-07-12,2022,1,6,0.5625,False
2022-07-12,2022,-1,7,0.013888888888888888,True
2022-07-12,2022,1,7,0.9861111111111112,False
2022-07-12,2022,-1,8,0.2743055555555556,True
2022-07-12,2022,1,8,0.7256944444444444,False
2022-07-19,2022,-1,0,0.3603723404255319,False
2022-07-19,2022,1,0,0.6396276595744681,True
2022-07-19,2022,-1,1,0.46143617021276595,False
2022-07-19,2022,1,1,0.538563829787234,True
2022-07-19,2022,-1,2,0.7686170212765957,False
2022-07-19,2022,1,2,0.23138297872340424,True
2022-07-19,2022,-1,3,0.9082446808510638,False
2022-07-19,2022,1,3,0.09175531914893617,True
2022-07-19,2022,-1,4,0.9773936170212766,False
2022-07-19,2022,1,4,0.022606382978723406,True
2022-07-21,2022,-1,0,0.8865384615384615,True
2022-07-21,2022,1,0,0.11346153846153846,True
2022-07-21,2022,-1,1,0.11153846153846154,True
2022-07-21,2022,1,1,0.8884615384615384,True
2022-07-21,2022,-1,2,0.7288461538461538,False
2022-07-21,2022,1,2,0.27115384615384613,True
2022-07-21,2022,-1,3,0.9615384615384616,False
2022-07-21,2022,1,3,0.038461538461538464,True
2022-07-22,2022,-1,0,0.6177325581395349,True
2022-07-22,2022,1,0,0.38226744186046513,False
2022-07-22,2022,-1,1,0.6526162790697675,True
2022-07-22,2022,1,1,0.34738372093023256,False
2022-07-22,2022,-1,2,0.6409883720930233,True
2022-07-22,2022,1,2,0.35901162790697677,False
2022-07-22,2022,-1,3,0.08430232558139535,True
2022-07-22,2022,1,3,0.9156976744186046,False
2022-08-01,2022,-1,7,0.9921875,False
2022-08-01,2022,1,7,0.0078125,True
2022-08-01,2022,-1,8,0.953125,False
2022-08-01,2022,1,8,0.046875,True
2022-08-04,2022,-1,0,0.9747340425531915,False
2022-08-04,2022,1,0,0.02526595744680851,True
2022-08-04,2022,-1,1,0.6303191489361702,False
2022-08-04,2022,1,1,0.3696808510638298,True
2022-08-04,2022,-1,2,0.7061170212765957,False
2022-08-04,2022,1,2,0.29388297872340424,True
2022-08-04,2022,-1,3,0.538563829787234,False
2022-08-04,2022,1,3,0.46143617021276595,True
2022-08-04,2022,-1,4,0.8656914893617021,False
2022-08-04,2022,1,4,0.13430851063829788,True
2022-08-04,2022,-1,5,0.9960106382978723,False
2022-08-04,2022,1,5,0.003989361702127659,True
2022-08-04,2022,-1,6,0.6781914893617021,False
2022-08-04,2022,1,6,0.32180851063829785,True
2022-08-04,2022,-1,7,0.9587765957446809,False
2022-08-04,2022,1,7,0.041223404255319146,True
2022-08-04,2022,-1,8,0.9428191489361702,False
2022-08-04,2022,1,8,0.057180851063829786,True
2022-08-04,2022,-1,9,0.9547872340425532,False
2022-08-04,2022,1,9,0.04521276595744681,True
2022-08-12,2022,-1,0,0.7108585858585859,False
2022-08-12,2022,1,0,0.28914141414141414,True
2022-08-12,2022,-1,1,0.7474747474747475,False
2022-08-12,2022,1,1,0.25252525252525254,True
2022-08-12,2022,-1,2,0.7348484848484849,False
2022-08-12,2022,1,2,0.26515151515151514,True
2022-08-12,2022,-1,3,0.922979797979798,False
2022-08-12,2022,1,3,0.07702020202020202,True
2022-08-12,2022,-1,4,0.8611111111111112,False
2022-08-12,2022,1,4,0.1388888888888889,True
2022-08-12,2022,-1,6,0.9823232323232324,False
2022-08-12,2022,1,6,0.017676767676767676,True
2022-08-16,2022,-1,0,0.2734375,True
2022-08-16,2022,1,0,0.7265625,True
2022-08-16,2022,-1,3,0.396484375,False
2022-08-16,2022,1,3,0.603515625,True
2022-08-16,2022,-1,4,0.755859375,False
2022-08-16,2022,1,4,0.244140625,True
2022-08-16,2022,-1,5,0.578125,False
2022-08-16,2022,1,5,0.421875,True
2022-08-16,2022,-1,6,0.568359375,False
2022-08-16,2022,1,6,0.431640625,True
2022-08-16,2022,-1,7,0.712890625,False
2022-08-16,2022,1,7,0.287109375,True
2022-08-16,2022,-1,8,0.94921875,False
2022-08-16,2022,1,8,0.05078125,True
2022-08-16,2022,-1,10,0.349609375,False
2022-08-16,2022,1,10,0.650390625,False
2022-08-16,2022,-1,11,0.52734375,False
2022-08-16,2022,1,11,0.47265625,False
2022-08-18,2022,-1,1,0.0985576923076923,True
2022-08-18,2022,1,1,0.9014423076923077,True
2022-08-18,2022,-1,2,0.49038461538461536,False
2022-08-18,2022,1,2,0.5096153846153846,True
2022-08-18,2022,-1,3,0.90625,False
2022-08-18,2022,1,3,0.09375,True
2022-08-18,2022,-1,4,0.9302884615384616,False
2022-08-18,2022,1,4,0.06971153846153846,True
2022-08-18,2022,-1,5,0.5480769230769231,False
2022-08-18,2022,1,5,0.4519230769230769,True
2022-08-18,2022,-1,6,0.5096153846153846,False
2022-08-18,2022,1,6,0.49038461538461536,True
2022-08-18,2022,-1,7,0.8245192307692307,False
2022-08-18,2022,1,7,0.17548076923076922,True
2022-08-18,2022,-1,8,0.7884615384615384,False
2022-08-18,2022,1,8,0.21153846153846154,True
2022-08-18,2022,-1,9,0.7644230769230769,False
2022-08-18,2022,1,9,0.23557692307692307,True
2022-08-18,2022,-1,10,0.7932692307692307,False
2022-08-18,2022,1,10,0.20673076923076922,True
2022-09-07,2022,-1,0,0.8458333333333333,False
2022-09-07,2022,1,0,0.15416666666666667,True
2022-09-07,2022,-1,1,0.7958333333333333,False
2022-09-07,2022,1,1,0.20416666666666666,True
2022-09-07,2022,-1,2,0.8291666666666667,False
2022-09-07,2022,1,2,0.17083333333333334,True
2022-09-20,2022,-1,0,0.6282894736842105,True
2022-09-20,2022,1,0,0.3717105263157895,True
2022-09-20,2022,-1,1,0.7664473684210527,True
2022-09-20,2022,1,1,0.23355263157894737,True
2022-09-20,2022,-1,7,0.12828947368421054,True
2022-09-20,2022,1,7,0.8717105263157895,True
2022-09-20,2022,-1,9,0.11842105263157894,True
2022-09-20,2022,1,9,0.881578947368421,True
2022-09-20,2022,-1,10,0.4473684210526316,False
2022-09-20,2022,1,10,0.5526315789473685,True
2022-09-20,2022,-1,11,0.7368421052631579,False
2022-09-20,2022,1,11,0.2631578947368421,True
2022-09-21,2022,-1,0,0.9638157894736842,True
2022-09-21,2022,1,0,0.03618421052631579,True
2022-09-21,2022,-1,2,0.7730263157894737,True
2022-09-21,2022,1,2,0.22697368421052633,True
2022-09-21,2022,-1,3,0.8717105263157895,True
2022-09-21,2022,1,3,0.12828947368421054,True
2022-09-21,2022,-1,4,0.9210526315789473,True
2022-09-21,2022,1,4,0.07894736842105263,True
2022-09-26,2022,-1,3,0.6835106382978723,True
2022-09-26,2022,1,3,0.31648936170212766,True
2022-09-26,2022,-1,5,0.15691489361702127,True
2022-09-26,2022,1,5,0.8430851063829787,False
2022-09-26,2022,-1,6,0.6223404255319149,True
2022-09-26,2022,1,6,0.3776595744680851,False
2022-09-26,2022,-1,7,0.10904255319148937,True
2022-09-26,2022,1,7,0.8909574468085106,False
2022-09-26,2022,-1,9,0.11436170212765957,True
2022-09-26,2022,1,9,0.8856382978723404,False
2022-09-26,2022,-1,10,0.7340425531914894,True
2022-09-26,2022,1,10,0.26595744680851063,False
2022-09-26,2022,-1,11,0.6888297872340425,True
2022-09-26,2022,1,11,0.31117021276595747,False
2022-09-28,2022,-1,0,0.3598130841121495,False
2022-09-28,2022,1,0,0.6401869158878505,True
2022-09-28,2022,-1,1,0.8060747663551402,False
2022-09-28,2022,1,1,0.1939252336448598,True
2022-09-28,2022,-1,2,0.7651869158878505,False
2022-09-28,2022,1,2,0.23481308411214954,True
2022-09-28,2022,-1,3,0.9135514018691588,False
2022-09-28,2022,1,3,0.08644859813084112,True
2022-09-30,2022,-1,0,0.6391509433962265,True
2022-09-30,2022,1,0,0.3608490566037736,True
2022-09-30,2022,-1,1,0.9056603773584906,True
2022-09-30,2022,1,1,0.09433962264150944,True
2022-09-30,2022,-1,4,0.7759433962264151,True
2022-09-30,2022,1,4,0.2240566037735849,False
2022-09-30,2022,-1,5,0.6108490566037735,True
2022-09-30,2022,1,5,0.3891509433962264,False
2022-09-30,2022,-1,6,0.5966981132075472,True
2022-09-30,2022,1,6,0.4033018867924528,False
2022-09-30,2022,-1,7,0.6014150943396226,True
2022-09-30,2022,1,7,0.39858490566037735,False
2022-09-30,2022,-1,9,0.014150943396226415,True
2022-09-30,2022,1,9,0.9858490566037735,False
2022-10-12,2022,-1,0,0.5970394736842105,False
2022-10-12,2022,1,0,0.4029605263157895,False
2022-10-12,2022,-1,1,0.4309210526315789,False
2022-10-12,2022,1,1,0.569078947368421,False
2022-10-12,2022,-1,2,0.24342105263157895,False
2022-10-12,2022,1,2,0.756578947368421,False
2022-10-12,2022,-1,3,0.5953947368421053,False
2022-10-12,2022,1,3,0.40460526315789475,False
2022-10-12,2022,-1,4,0.7417763157894737,False
2022-10-12,2022,1,4,0.2582236842105263,False
2022-10-12,2022,-1,5,0.41118421052631576,False
2022-10-12,2022,1,5,0.5888157894736842,False
2022-10-12,2022,-1,6,0.5411184210526315,False
2022-10-12,2022,1,6,0.4588815789473684,False
2022-10-12,2022,-1,7,0.4868421052631579,False
2022-10-12,2022,1,7,0.5131578947368421,False
2022-10-12,2022,-1,8,0.3305921052631579,False
2022-10-12,2022,1,8,0.6694078947368421,False
2022-10-12,2022,-1,9,0.7088815789473685,False
2022-10-12,2022,1,9,0.2911184210526316,False
2022-10-12,2022,-1,10,0.375,False
2022-10-12,2022,1,10,0.625,False
2022-10-12,2022,-1,11,0.40789473684210525,False
2022-10-12,2022,1,11,0.5921052631578947,False
2022-10-19,2022,-1,0,0.2403846153846154,True
2022-10-19,2022,1,0,0.7596153846153846,True
2022-10-19,2022,-1,2,0.5657051282051282,True
2022-10-19,2022,1,2,0.4342948717948718,False
2022-10-19,2022,-1,3,0.5544871794871795,True
2022-10-19,2022,1,3,0.44551282051282054,False
2022-10-19,2022,-1,4,0.6586538461538461,True
2022-10-19,2022,1,4,0.34134615384615385,False
2022-10-19,2022,-1,5,0.328525641025641,True
2022-10-19,2022,1,5,0.6714743589743589,False
2022-10-19,2022,-1,6,0.1330128205128205,True
2022-10-19,2022,1,6,0.8669871794871795,False
2022-10-19,2022,-1,9,0.27884615384615385,True
2022-10-19,2022,1,9,0.7211538461538461,False
2022-10-19,2022,-1,10,0.019230769230769232,True
2022-10-19,2022,1,10,0.9807692307692307,False
2022-10-19,2022,-1,11,0.10737179487179487,False
2022-10-19,2022,1,11,0.8926282051282052,False
2022-10-20,2022,-1,0,0.8564814814814815,True
2022-10-20,2022,1,0,0.14351851851851852,True
2022-10-20,2022,-1,5,0.7407407407407407,True
2022-10-20,2022,1,5,0.25925925925925924,False
2022-10-20,2022,-1,6,0.6111111111111112,True
2022-10-20,2022,1,6,0.3888888888888889,False
2022-10-20,2022,-1,7,0.3333333333333333,True
2022-10-20,2022,1,7,0.6666666666666666,False
2022-10-31,2022,-1,0,0.2951923076923077,False
2022-10-31,2022,1,0,0.7048076923076924,False
2022-10-31,2022,-1,1,0.18846153846153846,False
2022-10-31,2022,1,1,0.8115384615384615,False
2022-10-31,2022,-1,2,0.2548076923076923,False
2022-10-31,2022,1,2,0.7451923076923077,False
2022-10-31,2022,-1,3,0.4355769230769231,False
2022-10-31,2022,1,3,0.5644230769230769,False
2022-10-31,2022,-1,4,0.43846153846153846,False
2022-10-31,2022,1,4,0.5615384615384615,False
2022-10-31,2022,-1,5,0.5009615384615385,False
2022-10-31,2022,1,5,0.49903846153846154,False
2022-10-31,2022,-1,6,0.38653846153846155,False
2022-10-31,2022,1,6,0.6134615384615385,False
2022-10-31,2022,-1,7,0.5451923076923076,False
2022-10-31,2022,1,7,0.4548076923076923,False
2022-10-31,2022,-1,8,0.48846153846153845,False
2022-10-31,2022,1,8,0.5115384615384615,False
2022-10-31,2022,-1,9,0.4634615384615385,False
2022-10-31,2022,1,9,0.5365384615384615,False
2022-10-31,2022,-1,10,0.47115384615384615,False
2022-10-31,2022,1,10,0.5288461538461539,False
2022-10-31,2022,-1,11,0.4125,False
2022-10-31,2022,1,11,0.5875,False
2022-11-14,2022,-1,0,0.8142857142857143,False
2022-11-14,2022,1,0,0.18571428571428572,True
2022-11-14,2022,-1,1,0.9785714285714285,False
2022-11-14,2022,1,1,0.02142857142857143,True
2022-11-14,2022,-1,3,0.8154761904761905,False
2022-11-14,2022,1,3,0.18452380952380953,True
2022-11-21,2022,-1,0,0.35714285714285715,True
2022-11-21,2022,1,0,0.6428571428571429,False
2022-11-22,2022,-1,1,0.5740740740740741,False
2022-11-22,2022,1,1,0.42592592592592593,True
2022-11-30,2022,-1,0,0.8291666666666667,False
2022-11-30,2022,1,0,0.17083333333333334,True
2022-11-30,2022,-1,1,0.7479166666666667,False
2022-11-30,2022,1,1,0.2520833333333333,True
2022-11-30,2022,-1,2,0.5291666666666667,False
2022-11-30,2022,1,2,0.4708333333333333,True
2022-11-30,2022,-1,3,0.71875,False
2022-11-30,2022,1,3,0.28125,True
2022-11-30,2022,-1,4,0.7770833333333333,False
2022-11-30,2022,1,4,0.22291666666666668,True
2022-11-30,2022,-1,5,0.42916666666666664,False
2022-11-30,2022,1,5,0.5708333333333333,True
2022-11-30,2022,-1,6,0.5416666666666666,False
2022-11-30,2022,1,6,0.4583333333333333,True
2022-11-30,2022,-1,7,0.79375,False
2022-11-30,2022,1,7,0.20625,True
2022-12-05,2022,-1,0,0.8005952380952381,True
2022-12-05,2022,1,0,0.19940476190476192,True
2022-12-05,2022,-1,1,0.22023809523809523,True
2022-12-05,2022,1,1,0.7797619047619048,True
2022-12-05,2022,-1,2,0.6755952380952381,True
2022-12-05,2022,1,2,0.3244047619047619,True
2022-12-05,2022,-1,3,0.29464285714285715,True
2022-12-05,2022,1,3,0.7053571428571429,False
2022-12-09,2022,-1,0,0.2833333333333333,True
2022-12-09,2022,1,0,0.7166666666666667,True
2022-12-09,2022,-1,1,0.5458333333333333,True
2022-12-09,2022,1,1,0.45416666666666666,True
2022-12-09,2022,-1,7,0.875,True
2022-12-09,2022,1,7,0.125,True
2022-12-09,2022,-1,11,0.7541666666666667,True
2022-12-09,2022,1,11,0.24583333333333332,False
2022-12-14,2022,-1,0,0.5932835820895522,True
2022-12-14,2022,1,0,0.40671641791044777,False
2022-12-14,2022,-1,1,0.6819029850746269,True
2022-12-14,2022,1,1,0.3180970149253731,False
2022-12-14,2022,-1,2,0.6688432835820896,True
2022-12-14,2022,1,2,0.33115671641791045,False
2022-12-14,2022,-1,3,0.7341417910447762,True
2022-12-14,2022,1,3,0.2658582089552239,False
2022-12-14,2022,-1,4,0.6819029850746269,True
2022-12-14,2022,1,4,0.3180970149253731,False
2022-12-14,2022,-1,5,0.5727611940298507,True
2022-12-14,2022,1,5,0.42723880597014924,False
2022-12-14,2022,-1,6,0.5317164179104478,True
2022-12-14,2022,1,6,0.46828358208955223,False
2022-12-14,2022,-1,7,0.6091417910447762,True
2022-12-14,2022,1,7,0.3908582089552239,False
2022-12-14,2022,-1,8,0.4673507462686567,True
2022-12-14,2022,1,8,0.5326492537313433,False
2022-12-14,2022,-1,9,0.1044776119402985,True
2022-12-14,2022,1,9,0.8955223880597015,False
2022-12-16,2022,-1,0,0.2977941176470588,True
2022-12-16,2022,1,0,0.7022058823529411,False
2022-12-19,2022,-1,1,0.16964285714285715,True
2022-12-19,2022,1,1,0.8303571428571429,False
2022-12-21,2022,-1,0,0.8988095238095238,False
2022-12-21,2022,1,0,0.10119047619047619,True
2022-12-23,2022,-1,0,0.16333333333333333,False
2022-12-23,2022,1,0,0.8366666666666667,True
2022-12-23,2022,-1,1,0.84,False
2022-12-23,2022,1,1,0.16,True
2022-12-23,2022,-1,2,0.67,False
2022-12-23,2022,1,2,0.33,True
2022-12-23,2022,-1,3,0.6833333333333333,False
2022-12-23,2022,1,3,0.31666666666666665,True
2022-12-23,2022,-1,4,0.7866666666666666,False
2022-12-23,2022,1,4,0.21333333333333335,True
2022-12-23,2022,-1,5,0.9566666666666667,False
2022-12-23,2022,1,5,0.043333333333333335,True
2022-12-23,2022,-1,6,0.855,False
2022-12-23,2022,1,6,0.145,True
2022-12-23,2022,-1,7,0.9,False
2022-12-23,2022,1,7,0.1,True
2022-12-23,2022,-1,8,0.8233333333333334,False
2022-12-23,2022,1,8,0.17666666666666667,True
2022-12-23,2022,-1,9,0.8733333333333333,False
2022-12-23,2022,1,9,0.12666666666666668,True
2022-12-23,2022,-1,11,0.9266666666666666,False
2022-12-23,2022,1,11,0.07333333333333333,True
2023-01-24,2023,-1,0,0.2842741935483871,True
2023-01-24,2023,1,0,0.7157258064516129,False
2023-01-24,2023,-1,1,0.40725806451612906,False
2023-01-24,2023,1,1,0.592741935483871,False
2023-01-24,2023,-1,2,0.6693548387096774,False
2023-01-24,2023,1,2,0.33064516129032256,False
2023-01-24,2023,-1,3,0.7116935483870968,False
2023-01-24,2023,1,3,0.28830645161290325,False
2023-01-24,2023,-1,4,0.5564516129032258,False
2023-01-24,2023,1,4,0.4435483870967742,False
2023-01-24,2023,-1,5,0.6149193548387096,False
2023-01-24,2023,1,5,0.3850806451612903,False
2023-01-24,2023,-1,6,0.4173387096774194,False
2023-01-24,2023,1,6,0.5826612903225806,False
2023-01-24,2023,-1,7,0.530241935483871,False
2023-01-24,2023,1,7,0.46975806451612906,False
2023-01-24,2023,-1,8,0.594758064516129,False
2023-01-24,2023,1,8,0.40524193548387094,False
2023-01-24,2023,-1,9,0.4596774193548387,False
2023-01-24,2023,1,9,0.5403225806451613,False
2023-01-24,2023,-1,10,0.5584677419354839,False
2023-01-24,2023,1,10,0.4415322580645161,False
2023-01-24,2023,-1,11,0.45564516129032256,False
2023-01-24,2023,1,11,0.5443548387096774,False
2023-02-14,2023,-1,2,0.3559322033898305,True
2023-02-14,2023,1,2,0.6440677966101694,True
2023-02-14,2023,-1,3,0.17584745762711865,True
2023-02-14,2023,1,3,0.8241525423728814,True
2023-02-14,2023,-1,4,0.16101694915254236,False
2023-02-14,2023,1,4,0.8389830508474576,True
2023-02-14,2023,-1,5,0.4194915254237288,False
2023-02-14,2023,1,5,0.5805084745762712,True
2023-02-14,2023,-1,6,0.6228813559322034,False
2023-02-14,2023,1,6,0.3771186440677966,True
2023-02-15,2023,-1,0,0.4583333333333333,False
2023-02-15,2023,1,0,0.5416666666666666,True
2023-02-15,2023,-1,1,0.5654761904761905,False
2023-02-15,2023,1,1,0.43452380952380953,True
2023-02-15,2023,-1,2,0.45089285714285715,False
2023-02-15,2023,1,2,0.5491071428571429,True
2023-02-15,2023,-1,3,0.8675595238095238,False
2023-02-15,2023,1,3,0.1324404761904762,True
2023-02-15,2023,-1,4,0.9613095238095238,False
2023-02-15,2023,1,4,0.03869047619047619,True
2023-02-15,2023,-1,5,0.7827380952380952,False
2023-02-15,2023,1,5,0.21726190476190477,True
2023-02-15,2023,-1,6,0.8690476190476191,False
2023-02-15,2023,1,6,0.13095238095238096,True
2023-02-22,2023,-1,0,0.24074074074074073,True
2023-02-22,2023,1,0,0.7592592592592593,False
2023-02-22,2023,-1,2,0.03009259259259259,True
2023-02-22,2023,1,2,0.9699074074074074,False
2023-02-22,2023,-1,4,0.11574074074074074,True
2023-02-22,2023,1,4,0.8842592592592593,False
2023-02-22,2023,-1,5,0.20601851851851852,True
2023-02-22,2023,1,5,0.7939814814814815,False
2023-02-22,2023,-1,6,0.34953703703703703,True
2023-02-22,2023,1,6,0.6504629629629629,False
2023-02-22,2023,-1,7,0.6180555555555556,True
2023-02-22,2023,1,7,0.3819444444444444,False
2023-02-22,2023,-1,8,0.4791666666666667,True
2023-02-22,2023,1,8,0.5208333333333334,False
2023-02-22,2023,-1,9,0.17824074074074073,True
2023-02-22,2023,1,9,0.8217592592592593,False
2023-03-07,2023,-1,0,0.16810344827586207,True
2023-03-07,2023,1,0,0.8318965517241379,False
2023-03-15,2023,-1,0,0.06018518518518518,True
2023-03-15,2023,1,0,0.9398148148148148,True
2023-03-15,2023,-1,2,0.25925925925925924,True
2023-03-15,2023,1,2,0.7407407407407407,True
2023-03-15,2023,-1,3,0.3425925925925926,True
2023-03-15,2023,1,3,0.6574074074074074,True
2023-03-15,2023,-1,4,0.5324074074074074,True
2023-03-15,2023,1,4,0.4675925925925926,True
2023-03-15,2023,-1,5,0.18518518518518517,True
2023-03-15,2023,1,5,0.8148148148148148,True
2023-03-15,2023,-1,7,0.7384259259259259,False
2023-03-15,2023,1,7,0.26157407407407407,True
2023-03-15,2023,-1,8,0.7847222222222222,False
2023-03-15,2023,1,8,0.2152777777777778,True
2023-03-17,2023,-1,1,0.8521959459459459,False
2023-03-17,2023,1,1,0.14780405405405406,False
2023-03-17,2023,-1,2,0.7027027027027027,False
2023-03-17,2023,1,2,0.2972972972972973,False
2023-03-17,2023,-1,3,0.581081081081081,False
2023-03-17,2023,1,3,0.4189189189189189,False
2023-03-17,2023,-1,4,0.6072635135135135,False
2023-03-17,2023,1,4,0.3927364864864865,False
2023-03-17,2023,-1,5,0.6993243243243243,False
2023-03-17,2023,1,5,0.30067567567567566,False
2023-03-17,2023,-1,6,0.6807432432432432,False
2023-03-17,2023,1,6,0.31925675675675674,False
2023-03-17,2023,-1,7,0.7820945945945946,False
2023-03-17,2023,1,7,0.2179054054054054,False
2023-03-17,2023,-1,8,0.8260135135135135,False
2023-03-17,2023,1,8,0.17398648648648649,False
2023-03-17,2023,-1,9,0.589527027027027,False
2023-03-17,2023,1,9,0.41047297297297297,False
2023-03-17,2023,-1,10,0.6258445945945946,False
2023-03-17,2023,1,10,0.37415540540540543,False
2023-03-17,2023,-1,11,0.7660472972972973,False
2023-03-17,2023,1,11,0.23395270270270271,False
2023-03-20,2023,-1,1,0.09635416666666667,True
2023-03-20,2023,1,1,0.9036458333333334,True
2023-03-20,2023,-1,2,0.4895833333333333,True
2023-03-20,2023,1,2,0.5104166666666666,True
2023-03-20,2023,-1,3,0.9921875,True
2023-03-20,2023,1,3,0.0078125,True
2023-03-20,2023,-1,4,0.203125,True
2023-03-20,2023,1,4,0.796875,True
2023-03-20,2023,-1,5,0.078125,True
2023-03-20,2023,1,5,0.921875,True
2023-03-20,2023,-1,6,0.4166666666666667,False
2023-03-20,2023,1,6,0.5833333333333334,True
2023-03-20,2023,-1,7,0.5703125,False
2023-03-20,2023,1,7,0.4296875,True
2023-03-20,2023,-1,8,0.6692708333333334,False
2023-03-20,2023,1,8,0.3307291666666667,True
2023-03-20,2023,-1,9,0.7213541666666666,False
2023-03-20,2023,1,9,0.2786458333333333,True
2023-03-20,2023,-1,10,0.6770833333333334,False
2023-03-20,2023,1,10,0.3229166666666667,True
2023-03-20,2023,-1,11,0.6666666666666666,False
2023-03-20,2023,1,11,0.3333333333333333,True
2023-04-03,2023,-1,0,0.8048245614035088,False
2023-04-03,2023,1,0,0.19517543859649122,True
2023-04-03,2023,-1,2,0.36622807017543857,False
2023-04-03,2023,1,2,0.6337719298245614,True
2023-04-03,2023,-1,3,0.4232456140350877,False
2023-04-03,2023,1,3,0.5767543859649122,True
2023-04-03,2023,-1,4,0.43859649122807015,False
2023-04-03,2023,1,4,0.5614035087719298,True
2023-04-03,2023,-1,5,0.4583333333333333,False
2023-04-03,2023,1,5,0.5416666666666666,True
2023-04-03,2023,-1,6,0.31798245614035087,False
2023-04-03,2023,1,6,0.6820175438596491,True
2023-04-03,2023,-1,7,0.2149122807017544,False
2023-04-03,2023,1,7,0.7850877192982456,True
2023-04-03,2023,-1,8,0.3333333333333333,False
2023-04-03,2023,1,8,0.6666666666666666,True
2023-04-03,2023,-1,9,0.40350877192982454,False
2023-04-03,2023,1,9,0.5964912280701754,True
2023-04-03,2023,-1,10,0.7719298245614035,False
2023-04-03,2023,1,10,0.22807017543859648,True
2023-04-03,2023,-1,11,0.9407894736842105,False
2023-04-03,2023,1,11,0.05921052631578947,True
2023-04-06,2023,-1,1,0.26666666666666666,False
2023-04-06,2023,1,1,0.7333333333333333,True
2023-04-06,2023,-1,2,0.18055555555555555,False
2023-04-06,2023,1,2,0.8194444444444444,True
2023-04-06,2023,-1,3,0.7333333333333333,False
2023-04-06,2023,1,3,0.26666666666666666,True
2023-04-10,2023,-1,3,0.221875,True
2023-04-10,2023,1,3,0.778125,False
2023-04-10,2023,-1,4,0.14375,True
2023-04-10,2023,1,4,0.85625,False
2023-04-10,2023,-1,5,0.109375,False
2023-04-10,2023,1,5,0.890625,False
2023-04-10,2023,-1,6,0.5296875,False
2023-04-10,2023,1,6,0.4703125,False
2023-04-10,2023,-1,7,0.65625,False
2023-04-10,2023,1,7,0.34375,False
2023-04-10,2023,-1,8,0.596875,False
2023-04-10,2023,1,8,0.403125,False
2023-04-10,2023,-1,9,0.6984375,False
2023-04-10,2023,1,9,0.3015625,False
2023-04-10,2023,-1,10,0.8,False
2023-04-10,2023,1,10,0.2,False
2023-04-10,2023,-1,11,0.6765625,False
2023-04-10,2023,1,11,0.3234375,False
2023-04-11,2023,-1,0,0.5880281690140845,False
2023-04-11,2023,1,0,0.4119718309859155,False
2023-04-11,2023,-1,1,0.5809859154929577,False
2023-04-11,2023,1,1,0.41901408450704225,False
2023-04-11,2023,-1,2,0.29225352112676056,False
2023-04-11,2023,1,2,0.7077464788732394,False
2023-04-11,2023,-1,3,0.3644366197183099,False
2023-04-11,2023,1,3,0.6355633802816901,False
2023-04-11,2023,-1,4,0.3714788732394366,False
2023-04-11,2023,1,4,0.6285211267605634,False
2023-04-11,2023,-1,5,0.448943661971831,False
2023-04-11,2023,1,5,0.551056338028169,False
2023-04-11,2023,-1,6,0.522887323943662,False
2023-04-11,2023,1,6,0.477112676056338,False
2023-04-11,2023,-1,7,0.5492957746478874,False
2023-04-11,2023,1,7,0.4507042253521127,False
2023-04-11,2023,-1,8,0.698943661971831,False
2023-04-11,2023,1,8,0.301056338028169,False
2023-04-11,2023,-1,9,0.7306338028169014,False
2023-04-11,2023,1,9,0.26936619718309857,False
2023-04-11,2023,-1,10,0.7306338028169014,False
2023-04-11,2023,1,10,0.26936619718309857,False
2023-04-11,2023,-1,11,0.7095070422535211,False
2023-04-11,2023,1,11,0.2904929577464789,False
2023-04-13,2023,-1,0,0.5285087719298246,False
2023-04-13,2023,1,0,0.47149122807017546,True
2023-04-13,2023,-1,2,0.8969298245614035,False
2023-04-13,2023,1,2,0.10307017543859649,True
2023-04-14,2023,-1,1,0.7438524590163934,False
2023-04-14,2023,1,1,0.25614754098360654,True
2023-04-14,2023,-1,2,0.7520491803278688,False
2023-04-14,2023,1,2,0.24795081967213115,True
2023-04-14,2023,-1,3,0.6926229508196722,False
2023-04-14,2023,1,3,0.3073770491803279,True
2023-04-14,2023,-1,4,0.6311475409836066,False
2023-04-14,2023,1,4,0.36885245901639346,True
2023-04-14,2023,-1,5,0.4651639344262295,False
2023-04-14,2023,1,5,0.5348360655737705,True
2023-04-14,2023,-1,6,0.15163934426229508,False
2023-04-14,2023,1,6,0.8483606557377049,True
2023-04-14,2023,-1,7,0.2581967213114754,False
2023-04-14,2023,1,7,0.7418032786885246,True
2023-04-14,2023,-1,8,0.46311475409836067,False
2023-04-14,2023,1,8,0.5368852459016393,True
2023-04-14,2023,-1,9,0.8340163934426229,False
2023-04-14,2023,1,9,0.16598360655737704,True
2023-04-14,2023,-1,10,0.9549180327868853,False
2023-04-14,2023,1,10,0.045081967213114756,True
2023-04-14,2023,-1,11,0.8790983606557377,False
2023-04-14,2023,1,11,0.12090163934426229,True
2023-04-17,2023,-1,0,0.625,True
2023-04-17,2023,1,0,0.375,False
2023-04-17,2023,-1,1,0.5319148936170213,True
2023-04-17,2023,1,1,0.46808510638297873,False
2023-04-17,2023,-1,2,0.3803191489361702,True
2023-04-17,2023,1,2,0.6196808510638298,False
2023-04-17,2023,-1,3,0.17553191489361702,True
2023-04-17,2023,1,3,0.824468085106383,False
2023-04-17,2023,-1,6,0.07712765957446809,True
2023-04-17,2023,1,6,0.9228723404255319,False
2023-04-17,2023,-1,7,0.17553191489361702,True
2023-04-17,2023,1,7,0.824468085106383,False
2023-04-17,2023,-1,9,0.0398936170212766,False
2023-04-17,2023,1,9,0.9601063829787234,False
2023-04-17,2023,-1,10,0.42819148936170215,False
2023-04-17,2023,1,10,0.5718085106382979,False
2023-04-17,2023,-1,11,0.7553191489361702,False
2023-04-17,2023,1,11,0.24468085106382978,False
2023-04-24,2023,-1,1,0.9181034482758621,True
2023-04-24,2023,1,1,0.08189655172413793,False
2023-04-24,2023,-1,8,0.06465517241379311,True
2023-04-24,2023,1,8,0.9353448275862069,False
2023-04-24,2023,-1,9,0.14655172413793102,True
2023-04-24,2023,1,9,0.853448275862069,False
2023-04-24,2023,-1,10,0.1939655172413793,True
2023-04-24,2023,1,10,0.8060344827586207,False
2023-04-24,2023,-1,11,0.15086206896551724,True
2023-04-24,2023,1,11,0.8491379310344828,False
2023-04-25,2023,-1,0,0.0546875,True
2023-04-25,2023,1,0,0.9453125,False
2023-04-26,2023,-1,0,0.6,True
2023-04-26,2023,1,0,0.4,False
2023-04-26,2023,-1,1,0.27307692307692305,True
2023-04-26,2023,1,1,0.7269230769230769,False
2023-04-26,2023,-1,2,0.45576923076923076,True
2023-04-26,2023,1,2,0.5442307692307692,False
2023-04-26,2023,-1,3,0.7192307692307692,True
2023-04-26,2023,1,3,0.28076923076923077,False
2023-04-26,2023,-1,4,0.8,True
2023-04-26,2023,1,4,0.2,False
2023-04-26,2023,-1,5,0.8384615384615385,True
2023-04-26,2023,1,5,0.16153846153846155,False
2023-04-26,2023,-1,6,0.5557692307692308,True
2023-04-26,2023,1,6,0.4442307692307692,False
2023-04-26,2023,-1,7,0.5288461538461539,True
2023-04-26,2023,1,7,0.47115384615384615,False
2023-04-26,2023,-1,8,0.29615384615384616,True
2023-04-26,2023,1,8,0.7038461538461539,False
2023-04-26,2023,-1,9,0.3038461538461538,True
2023-04-26,2023,1,9,0.6961538461538461,False
2023-04-26,2023,-1,10,0.03653846153846154,True
2023-04-26,2023,1,10,0.9634615384615385,False
2023-04-26,2023,-1,11,0.06153846153846154,True
2023-04-26,2023,1,11,0.9384615384615385,False
2023-05-02,2023,-1,0,0.22282608695652173,True
2023-05-02,2023,1,0,0.7771739130434783,False
2023-05-03,2023,-1,1,0.8027777777777778,True
2023-05-03,2023,1,1,0.19722222222222222,True
2023-05-03,2023,-1,2,0.8527777777777777,True
2023-05-03,2023,1,2,0.14722222222222223,True
2023-05-03,2023,-1,3,0.7138888888888889,True
2023-05-03,2023,1,3,0.2861111111111111,True
2023-05-03,2023,-1,11,0.008333333333333333,True
2023-05-03,2023,1,11,0.9916666666666667,False
2023-05-08,2023,-1,0,0.4426229508196721,False
2023-05-08,2023,1,0,0.5573770491803278,True
2023-05-08,2023,-1,1,0.444672131147541,False
2023-05-08,2023,1,1,0.555327868852459,True
2023-05-08,2023,-1,2,0.5860655737704918,False
2023-05-08,2023,1,2,0.4139344262295082,True
2023-05-08,2023,-1,3,0.5922131147540983,False
2023-05-08,2023,1,3,0.4077868852459016,True
2023-05-08,2023,-1,4,0.8524590163934426,False
2023-05-08,2023,1,4,0.14754098360655737,True
2023-05-08,2023,-1,5,0.8094262295081968,False
2023-05-08,2023,1,5,0.19057377049180327,True
2023-05-08,2023,-1,6,0.8995901639344263,False
2023-05-08,2023,1,6,0.10040983606557377,True
2023-05-08,2023,-1,7,0.9979508196721312,False
2023-05-08,2023,1,7,0.0020491803278688526,True
2023-05-09,2023,-1,0,0.7265625,True
2023-05-09,2023,1,0,0.2734375,False
2023-05-09,2023,-1,1,0.296875,True
2023-05-09,2023,1,1,0.703125,False
2023-05-09,2023,-1,2,0.46875,True
2023-05-09,2023,1,2,0.53125,False
2023-05-09,2023,-1,3,0.1875,True
2023-05-09,2023,1,3,0.8125,False
2023-05-09,2023,-1,4,0.01171875,True
2023-05-09,2023,1,4,0.98828125,False
2023-05-09,2023,-1,6,0.3515625,True
2023-05-09,2023,1,6,0.6484375,False
2023-05-09,2023,-1,7,0.2734375,True
2023-05-09,2023,1,7,0.7265625,False
2023-05-09,2023,-1,8,0.3515625,True
2023-05-09,2023,1,8,0.6484375,False
2023-05-09,2023,-1,9,0.3359375,True
2023-05-09,2023,1,9,0.6640625,False
2023-05-09,2023,-1,10,0.18359375,True
2023-05-09,2023,1,10,0.81640625,False
2023-05-09,2023,-1,11,0.00390625,True
2023-05-09,2023,1,11,0.99609375,False
2023-05-15,2023,-1,0,0.4867021276595745,False
2023-05-15,2023,1,0,0.5132978723404256,True
2023-05-15,2023,-1,1,0.3723404255319149,False
2023-05-15,2023,1,1,0.6276595744680851,True
2023-05-15,2023,-1,2,0.5664893617021277,False
2023-05-15,2023,1,2,0.43351063829787234,True
2023-05-17,2023,-1,1,0.4625,False
2023-05-17,2023,1,1,0.5375,True
2023-05-17,2023,-1,2,0.8,False
2023-05-17,2023,1,2,0.2,True
2023-05-17,2023,-1,3,0.8291666666666667,False
2023-05-17,2023,1,3,0.17083333333333334,True
2023-05-22,2023,-1,5,0.8365384615384616,False
2023-05-22,2023,1,5,0.16346153846153846,True
2023-06-01,2023,-1,0,0.5296052631578947,False
2023-06-01,2023,1,0,0.47039473684210525,True
2023-06-01,2023,-1,1,0.4243421052631579,False
2023-06-01,2023,1,1,0.5756578947368421,True
2023-06-05,2023,-1,0,0.7837837837837838,False
2023-06-05,2023,1,0,0.21621621621621623,True
2023-06-05,2023,-1,1,0.9121621621621622,False
2023-06-05,2023,1,1,0.08783783783783784,True
2023-06-05,2023,-1,10,0.9391891891891891,False
2023-06-05,2023,1,10,0.060810810810810814,True
2023-06-05,2023,-1,11,0.7128378378378378,False
2023-06-05,2023,1,11,0.28716216216216217,False
2023-06-08,2023,-1,0,0.3321078431372549,False
2023-06-08,2023,1,0,0.6678921568627451,True
2023-06-08,2023,-1,1,0.5049019607843137,False
2023-06-08,2023,1,1,0.4950980392156863,True
2023-06-08,2023,-1,2,0.7156862745098039,False
2023-06-08,2023,1,2,0.28431372549019607,True
2023-06-08,2023,-1,3,0.8823529411764706,False
2023-06-08,2023,1,3,0.11764705882352941,True
2023-06-08,2023,-1,4,0.8995098039215687,False
2023-06-08,2023,1,4,0.10049019607843138,True
2023-06-08,2023,-1,6,0.8357843137254902,False
2023-06-08,2023,1,6,0.1642156862745098,True
2023-06-08,2023,-1,7,0.7316176470588235,False
2023-06-08,2023,1,7,0.26838235294117646,True
2023-06-08,2023,-1,8,0.6642156862745098,False
2023-06-08,2023,1,8,0.33578431372549017,True
2023-06-08,2023,-1,9,0.7671568627450981,False
2023-06-08,2023,1,9,0.23284313725490197,True
2023-06-08,2023,-1,10,0.8468137254901961,False
2023-06-08,2023,1,10,0.15318627450980393,True
2023-06-08,2023,-1,11,0.8700980392156863,False
2023-06-08,2023,1,11,0.12990196078431374,True
2023-06-14,2023,-1,9,0.1111111111111111,True
2023-06-14,2023,1,9,0.8888888888888888,True
2023-06-26,2023,-1,2,0.9722222222222222,True
2023-06-26,2023,1,2,0.027777777777777776,False
2023-06-26,2023,-1,4,0.03125,True
2023-06-26,2023,1,4,0.96875,False
2023-06-27,2023,-1,0,0.5035714285714286,False
2023-06-27,2023,1,0,0.49642857142857144,True
2023-06-27,2023,-1,1,0.3773809523809524,False
2023-06-27,2023,1,1,0.6226190476190476,True
2023-06-27,2023,-1,2,0.3952380952380952,False
2023-06-27,2023,1,2,0.6047619047619047,True
2023-06-27,2023,-1,3,0.6154761904761905,False
2023-06-27,2023,1,3,0.38452380952380955,True
2023-06-27,2023,-1,4,0.7452380952380953,False
2023-06-27,2023,1,4,0.25476190476190474,True
2023-06-27,2023,-1,5,0.8345238095238096,False
2023-06-27,2023,1,5,0.16547619047619047,True
2023-06-27,2023,-1,6,0.9595238095238096,False
2023-06-27,2023,1,6,0.04047619047619048,True
2023-06-29,2023,-1,0,0.4713541666666667,True
2023-06-29,2023,1,0,0.5286458333333334,False
2023-06-29,2023,-1,1,0.09114583333333333,True
2023-06-29,2023,1,1,0.9088541666666666,False
2023-06-29,2023,-1,2,0.16927083333333334,True
2023-06-29,2023,1,2,0.8307291666666666,False
2023-06-29,2023,-1,3,0.8177083333333334,True
2023-06-29,2023,1,3,0.18229166666666666,False
2023-06-29,2023,-1,4,0.7317708333333334,True
2023-06-29,2023,1,4,0.2682291666666667,False
2023-06-29,2023,-1,5,0.6875,True
2023-06-29,2023,1,5,0.3125,False
2023-06-29,2023,-1,6,0.3828125,True
2023-06-29,2023,1,6,0.6171875,False
2023-06-29,2023,-1,7,0.4635416666666667,True
2023-06-29,2023,1,7,0.5364583333333334,False
2023-06-29,2023,-1,8,0.09114583333333333,True
2023-06-29,2023,1,8,0.9088541666666666,False
2023-06-29,2023,-1,9,0.20833333333333334,True
2023-06-29,2023,1,9,0.7916666666666666,False
2023-06-29,2023,-1,10,0.265625,False
2023-06-29,2023,1,10,0.734375,False
2023-06-29,2023,-1,11,0.2760416666666667,False
2023-06-29,2023,1,11,0.7239583333333334,False
2023-07-24,2023,-1,1,0.21341463414634146,True
2023-07-24,2023,1,1,0.7865853658536586,False
2023-07-24,2023,-1,8,0.24695121951219512,True
2023-07-24,2023,1,8,0.7530487804878049,False
2023-07-24,2023,-1,9,0.17682926829268292,True
2023-07-24,2023,1,9,0.823170731707317,False
2023-07-24,2023,-1,10,0.009146341463414634,True
2023-07-24,2023,1,10,0.9908536585365854,False
2023-07-26,2023,-1,0,0.23170731707317074,True
2023-07-26,2023,1,0,0.7682926829268293,False
2023-07-26,2023,-1,10,0.3048780487804878,True
2023-07-26,2023,1,10,0.6951219512195121,False
2023-07-28,2023,-1,0,0.5169491525423728,False
2023-07-28,2023,1,0,0.4830508474576271,False
2023-07-28,2023,-1,1,0.5529661016949152,False
2023-07-28,2023,1,1,0.4470338983050847,False
2023-07-28,2023,-1,2,0.6324152542372882,False
2023-07-28,2023,1,2,0.3675847457627119,False
2023-07-28,2023,-1,3,0.8336864406779662,False
2023-07-28,2023,1,3,0.1663135593220339,False
2023-07-28,2023,-1,4,0.965042372881356,False
2023-07-28,2023,1,4,0.034957627118644065,False
2023-07-28,2023,-1,5,0.9523305084745762,False
2023-07-28,2023,1,5,0.04766949152542373,False
2023-07-28,2023,-1,6,0.7966101694915254,False
2023-07-28,2023,1,6,0.2033898305084746,False
2023-07-28,2023,-1,7,0.6832627118644068,False
2023-07-28,2023,1,7,0.3167372881355932,False
2023-07-28,2023,-1,8,0.7108050847457628,False
2023-07-28,2023,1,8,0.2891949152542373,False
2023-07-28,2023,-1,9,0.8082627118644068,False
2023-07-28,2023,1,9,0.1917372881355932,False
2023-07-28,2023,-1,10,0.8411016949152542,False
2023-07-28,2023,1,10,0.15889830508474576,False
2023-07-28,2023,-1,11,0.7521186440677966,False
2023-07-28,2023,1,11,0.2478813559322034,False
2023-07-31,2023,-1,0,0.47435897435897434,False
2023-07-31,2023,1,0,0.5256410256410257,True
2023-07-31,2023,-1,1,0.8942307692307693,False
2023-07-31,2023,1,1,0.10576923076923077,True
2023-07-31,2023,-1,2,0.8910256410256411,False
2023-07-31,2023,1,2,0.10897435897435898,True
2023-07-31,2023,-1,3,0.7884615384615384,False
2023-07-31,2023,1,3,0.21153846153846154,False
2023-07-31,2023,-1,4,0.6891025641025641,False
2023-07-31,2023,1,4,0.3108974358974359,False
2023-07-31,2023,-1,5,0.875,False
2023-07-31,2023,1,5,0.125,False
2023-07-31,2023,-1,6,0.46474358974358976,False
2023-07-31,2023,1,6,0.5352564102564102,False
2023-07-31,2023,-1,7,0.46794871794871795,False
2023-07-31,2023,1,7,0.532051282051282,False
2023-07-31,2023,-1,8,0.6185897435897436,False
2023-07-31,2023,1,8,0.3814102564102564,False
2023-07-31,2023,-1,9,0.48717948717948717,False
2023-07-31,2023,1,9,0.5128205128205128,False
2023-07-31,2023,-1,10,0.7692307692307693,False
2023-07-31,2023,1,10,0.23076923076923078,False
2023-07-31,2023,-1,11,0.49038461538461536,False
2023-07-31,2023,1,11,0.5096153846153846,False
2023-08-07,2023,-1,1,0.015822784810126583,True
2023-08-07,2023,1,1,0.9841772151898734,False
2023-08-07,2023,-1,5,0.0,True
2023-08-07,2023,1,5,1.0,False
2023-08-07,2023,-1,6,0.015822784810126583,True
2023-08-07,2023,1,6,0.9841772151898734,False
2023-08-07,2023,-1,7,0.0189873417721519,True
2023-08-07,2023,1,7,0.9810126582278481,False
2023-08-07,2023,-1,8,0.15348101265822786,True
2023-08-07,2023,1,8,0.8465189873417721,False
2023-08-07,2023,-1,9,0.0379746835443038,False
2023-08-07,2023,1,9,0.9620253164556962,False
2023-08-07,2023,-1,10,0.16930379746835442,False
2023-08-07,2023,1,10,0.8306962025316456,False
2023-08-07,2023,-1,11,0.1439873417721519,False
2023-08-07,2023,1,11,0.8560126582278481,False
2023-08-14,2023,-1,0,0.9916666666666667,False
2023-08-14,2023,1,0,0.008333333333333333,True
2023-08-15,2023,-1,0,0.24744897959183673,True
2023-08-15,2023,1,0,0.7525510204081632,False
2023-08-15,2023,-1,3,0.15051020408163265,True
2023-08-15,2023,1,3,0.8494897959183674,False
2023-08-15,2023,-1,4,0.3877551020408163,True
2023-08-15,2023,1,4,0.6122448979591837,False
2023-08-15,2023,-1,5,0.27040816326530615,True
2023-08-15,2023,1,5,0.7295918367346939,False
2023-08-15,2023,-1,6,0.04591836734693878,True
2023-08-15,2023,1,6,0.9540816326530612,False
2023-08-15,2023,-1,7,0.19642857142857142,True
2023-08-15,2023,1,7,0.8035714285714286,False
2023-08-15,2023,-1,10,0.04336734693877551,True
2023-08-15,2023,1,10,0.9566326530612245,False
2023-08-25,2023,-1,0,0.35080645161290325,True
2023-08-25,2023,1,0,0.6491935483870968,False
2023-08-25,2023,-1,1,0.10786290322580645,True
2023-08-25,2023,1,1,0.8921370967741935,False
2023-08-25,2023,-1,3,0.0,True
2023-08-25,2023,1,3,1.0,False
2023-08-25,2023,-1,5,0.07862903225806452,True
2023-08-25,2023,1,5,0.9213709677419355,False
2023-08-25,2023,-1,6,0.08568548387096774,True
2023-08-25,2023,1,6,0.9143145161290323,False
2023-08-25,2023,-1,7,0.03326612903225806,True
2023-08-25,2023,1,7,0.9667338709677419,False
2023-08-25,2023,-1,8,0.08165322580645161,False
2023-08-25,2023,1,8,0.9183467741935484,False
2023-08-25,2023,-1,9,0.45161290322580644,False
2023-08-25,2023,1,9,0.5483870967741935,False
2023-08-25,2023,-1,10,0.5403225806451613,False
2023-08-25,2023,1,10,0.4596774193548387,False
2023-08-25,2023,-1,11,0.6139112903225806,False
2023-08-25,2023,1,11,0.3860887096774194,False
2023-08-30,2023,-1,1,0.8661764705882353,False
2023-08-30,2023,1,1,0.1338235294117647,True
2023-09-08,2023,-1,10,0.805921052631579,False
2023-09-08,2023,1,10,0.19407894736842105,True
2023-09-08,2023,-1,11,0.7269736842105263,False
2023-09-08,2023,1,11,0.2730263157894737,True
2023-09-12,2023,-1,1,0.55625,True
2023-09-12,2023,1,1,0.44375,False
2023-09-12,2023,-1,2,0.075,True
2023-09-12,2023,1,2,0.925,False
2023-09-12,2023,-1,3,0.09375,True
2023-09-12,2023,1,3,0.90625,False
2023-09-12,2023,-1,4,0.196875,True
2023-09-12,2023,1,4,0.803125,False
2023-09-12,2023,-1,5,0.315625,True
2023-09-12,2023,1,5,0.684375,False
2023-09-12,2023,-1,6,0.275,True
2023-09-12,2023,1,6,0.725,False
2023-09-12,2023,-1,7,0.78125,True
2023-09-12,2023,1,7,0.21875,False
2023-09-12,2023,-1,8,0.053125,True
2023-09-12,2023,1,8,0.946875,False
2023-09-12,2023,-1,9,0.0,True
2023-09-12,2023,1,9,1.0,False
2023-09-22,2023,-1,0,0.2782258064516129,True
2023-09-22,2023,1,0,0.7217741935483871,True
2023-09-22,2023,-1,1,0.3185483870967742,True
2023-09-22,2023,1,1,0.6814516129032258,True
2023-09-22,2023,-1,4,0.7338709677419355,True
2023-09-22,2023,1,4,0.2661290322580645,True
2023-09-22,2023,-1,7,0.1935483870967742,True
2023-09-22,2023,1,7,0.8064516129032258,False
2023-09-22,2023,-1,11,0.3064516129032258,True
2023-09-22,2023,1,11,0.6935483870967742,False
2023-09-27,2023,-1,0,0.725,True
2023-09-27,2023,1,0,0.275,True
2023-09-27,2023,-1,1,0.69375,True
2023-09-27,2023,1,1,0.30625,True
2023-09-27,2023,-1,3,0.396875,True
2023-09-27,2023,1,3,0.603125,True
2023-09-27,2023,-1,10,0.40625,True
2023-09-27,2023,1,10,0.59375,True
2023-09-27,2023,-1,11,0.734375,True
2023-09-27,2023,1,11,0.265625,False
2023-09-28,2023,-1,0,0.6186440677966102,False
2023-09-28,2023,1,0,0.3813559322033898,True
2023-09-28,2023,-1,1,0.4682203389830508,False
2023-09-28,2023,1,1,0.5317796610169492,True
2023-09-28,2023,-1,2,0.934322033898305,False
2023-09-28,2023,1,2,0.06567796610169492,True
2023-10-02,2023,-1,0,0.31470588235294117,True
2023-10-02,2023,1,0,0.6852941176470588,True
2023-10-02,2023,-1,1,0.36470588235294116,True
2023-10-02,2023,1,1,0.6352941176470588,True
2023-10-02,2023,-1,2,0.36617647058823527,True
2023-10-02,2023,1,2,0.6338235294117647,True
2023-10-02,2023,-1,3,0.9897058823529412,True
2023-10-02,2023,1,3,0.010294117647058823,True
2023-10-02,2023,-1,4,0.2823529411764706,True
2023-10-02,2023,1,4,0.7176470588235294,False
2023-10-02,2023,-1,5,0.2426470588235294,True
2023-10-02,2023,1,5,0.7573529411764706,False
2023-10-02,2023,-1,6,0.11323529411764706,True
2023-10-02,2023,1,6,0.8867647058823529,False
2023-10-02,2023,-1,7,0.2514705882352941,True
2023-10-02,2023,1,7,0.7485294117647059,False
2023-10-02,2023,-1,8,0.225,True
2023-10-02,2023,1,8,0.775,False
2023-10-02,2023,-1,9,0.06323529411764706,True
2023-10-02,2023,1,9,0.9367647058823529,False
2023-10-02,2023,-1,10,0.1323529411764706,True
2023-10-02,2023,1,10,0.8676470588235294,False
2023-10-02,2023,-1,11,0.2823529411764706,False
2023-10-02,2023,1,11,0.7176470588235294,False
2023-10-04,2023,-1,1,0.5241935483870968,False
2023-10-04,2023,1,1,0.47580645161290325,True
2023-10-04,2023,-1,2,0.8245967741935484,False
2023-10-04,2023,1,2,0.17540322580645162,True
2023-10-09,2023,-1,0,0.7194293478260869,False
2023-10-09,2023,1,0,0.280570652173913,True
2023-10-09,2023,-1,1,0.6630434782608695,False
2023-10-09,2023,1,1,0.33695652173913043,True
2023-10-09,2023,-1,2,0.5475543478260869,False
2023-10-09,2023,1,2,0.452445652173913,True
2023-10-09,2023,-1,3,0.65625,False
2023-10-09,2023,1,3,0.34375,True
2023-10-09,2023,-1,4,0.7072010869565217,False
2023-10-09,2023,1,4,0.29279891304347827,True
2023-10-09,2023,-1,5,0.75,False
2023-10-09,2023,1,5,0.25,True
2023-10-09,2023,-1,6,0.7438858695652174,False
2023-10-09,2023,1,6,0.2561141304347826,True
2023-10-09,2023,-1,7,0.8546195652173914,False
2023-10-09,2023,1,7,0.1453804347826087,True
2023-10-11,2023,-1,0,0.7758620689655172,False
2023-10-11,2023,1,0,0.22413793103448276,True
2023-10-11,2023,-1,1,0.6616379310344828,False
2023-10-11,2023,1,1,0.33836206896551724,True
2023-10-11,2023,-1,3,0.6271551724137931,False
2023-10-11,2023,1,3,0.3728448275862069,True
2023-10-11,2023,-1,4,0.6293103448275862,False
2023-10-11,2023,1,4,0.3706896551724138,True
2023-10-11,2023,-1,5,0.47629310344827586,False
2023-10-11,2023,1,5,0.5237068965517241,True
2023-10-11,2023,-1,6,0.5431034482758621,False
2023-10-11,2023,1,6,0.45689655172413796,True
2023-10-11,2023,-1,7,0.3728448275862069,False
2023-10-11,2023,1,7,0.6271551724137931,True
2023-10-11,2023,-1,8,0.35129310344827586,False
2023-10-11,2023,1,8,0.6487068965517241,True
2023-10-11,2023,-1,9,0.5991379310344828,False
2023-10-11,2023,1,9,0.40086206896551724,True
2023-10-11,2023,-1,10,0.7306034482758621,False
2023-10-11,2023,1,10,0.26939655172413796,True
2023-10-11,2023,-1,11,0.8556034482758621,False
2023-10-11,2023,1,11,0.14439655172413793,True
2023-10-13,2023,-1,0,0.2565789473684211,True
2023-10-13,2023,1,0,0.743421052631579,False
2023-10-16,2023,-1,0,0.8308080808080808,False
2023-10-16,2023,1,0,0.1691919191919192,True
2023-10-24,2023,-1,3,0.9117647058823529,False
2023-10-24,2023,1,3,0.08823529411764706,True
2023-10-24,2023,-1,5,0.5661764705882353,False
2023-10-24,2023,1,5,0.4338235294117647,True
2023-10-24,2023,-1,6,0.4485294117647059,False
2023-10-24,2023,1,6,0.5514705882352942,True
2023-10-24,2023,-1,7,0.7441176470588236,False
2023-10-24,2023,1,7,0.25588235294117645,True
2023-10-24,2023,-1,8,0.7397058823529412,False
2023-10-24,2023,1,8,0.26029411764705884,True
2023-10-24,2023,-1,9,0.9426470588235294,False
2023-10-24,2023,1,9,0.057352941176470586,True
2023-10-27,2023,-1,0,0.9342948717948718,False
2023-10-27,2023,1,0,0.06570512820512821,True
2023-10-27,2023,-1,1,0.9519230769230769,False
2023-10-27,2023,1,1,0.04807692307692308,True
2023-10-27,2023,-1,6,0.8157051282051282,False
2023-10-27,2023,1,6,0.1842948717948718,False
2023-10-27,2023,-1,7,0.5112179487179487,False
2023-10-27,2023,1,7,0.48878205128205127,False
2023-10-27,2023,-1,8,0.42948717948717946,False
2023-10-27,2023,1,8,0.5705128205128205,False
2023-10-27,2023,-1,9,0.3333333333333333,False
2023-10-27,2023,1,9,0.6666666666666666,False
2023-10-27,2023,-1,10,0.3157051282051282,False
2023-10-27,2023,1,10,0.6842948717948718,False
2023-10-27,2023,-1,11,0.5128205128205128,False
2023-10-27,2023,1,11,0.48717948717948717,False
2023-10-30,2023,-1,1,0.5735294117647058,False
2023-10-30,2023,1,1,0.4264705882352941,True
2023-10-30,2023,-1,2,0.5919117647058824,False
2023-10-30,2023,1,2,0.40808823529411764,True
2023-10-30,2023,-1,3,0.5680147058823529,False
2023-10-30,2023,1,3,0.4319852941176471,True
2023-10-30,2023,-1,4,0.9595588235294118,False
2023-10-30,2023,1,4,0.04044117647058824,True
2023-10-30,2023,-1,5,0.6139705882352942,False
2023-10-30,2023,1,5,0.3860294117647059,True
2023-10-30,2023,-1,6,0.49264705882352944,False
2023-10-30,2023,1,6,0.5073529411764706,True
2023-10-30,2023,-1,7,0.9926470588235294,False
2023-10-30,2023,1,7,0.007352941176470588,True
2023-10-31,2023,-1,0,0.175,True
2023-10-31,2023,1,0,0.825,True
2023-10-31,2023,-1,1,0.7325,False
2023-10-31,2023,1,1,0.2675,True
2023-10-31,2023,-1,2,0.93,False
2023-10-31,2023,1,2,0.07,True
2023-10-31,2023,-1,3,0.5625,False
2023-10-31,2023,1,3,0.4375,True
2023-10-31,2023,-1,4,0.9125,False
2023-10-31,2023,1,4,0.0875,True
2023-10-31,2023,-1,5,0.73,False
2023-10-31,2023,1,5,0.27,True
2023-11-06,2023,-1,0,1.0,False
2023-11-06,2023,1,0,0.0,True
2023-11-06,2023,-1,1,0.9661016949152542,False
2023-11-06,2023,1,1,0.03389830508474576,True
2023-11-06,2023,-1,5,0.885593220338983,False
2023-11-06,2023,1,5,0.11440677966101695,True
2023-11-06,2023,-1,6,0.9088983050847458,False
2023-11-06,2023,1,6,0.09110169491525423,True
2023-11-06,2023,-1,7,0.4724576271186441,False
2023-11-06,2023,1,7,0.527542372881356,True
2023-11-06,2023,-1,8,0.597457627118644,False
2023-11-06,2023,1,8,0.4025423728813559,True
2023-11-06,2023,-1,9,0.6398305084745762,False
2023-11-06,2023,1,9,0.3601694915254237,True
2023-11-06,2023,-1,10,0.9216101694915254,False
2023-11-06,2023,1,10,0.07838983050847458,True
2023-11-06,2023,-1,11,0.9067796610169492,False
2023-11-06,2023,1,11,0.09322033898305085,True
2023-11-08,2023,-1,0,0.7604166666666666,True
2023-11-08,2023,1,0,0.23958333333333334,False
2023-11-08,2023,-1,1,0.3515625,True
2023-11-08,2023,1,1,0.6484375,False
2023-11-08,2023,-1,2,0.2838541666666667,True
2023-11-08,2023,1,2,0.7161458333333334,False
2023-11-08,2023,-1,3,0.3020833333333333,True
2023-11-08,2023,1,3,0.6979166666666666,False
2023-11-08,2023,-1,4,0.22395833333333334,True
2023-11-08,2023,1,4,0.7760416666666666,False
2023-11-08,2023,-1,6,0.12760416666666666,False
2023-11-08,2023,1,6,0.8723958333333334,False
2023-11-08,2023,-1,7,0.4088541666666667,False
2023-11-08,2023,1,7,0.5911458333333334,False
2023-11-08,2023,-1,8,0.4375,False
2023-11-08,2023,1,8,0.5625,False
2023-11-08,2023,-1,9,0.6536458333333334,False
2023-11-08,2023,1,9,0.3463541666666667,False
2023-11-08,2023,-1,10,0.3984375,False
2023-11-08,2023,1,10,0.6015625,False
2023-11-08,2023,-1,11,0.5546875,False
2023-11-08,2023,1,11,0.4453125,False
2023-11-10,2023,-1,0,0.49107142857142855,False
2023-11-10,2023,1,0,0.5089285714285714,True
2023-11-10,2023,-1,1,0.12276785714285714,False
2023-11-10,2023,1,1,0.8772321428571429,True
2023-11-10,2023,-1,2,0.47098214285714285,False
2023-11-10,2023,1,2,0.5290178571428571,True
2023-11-17,2023,-1,0,0.75,True
2023-11-17,2023,1,0,0.25,True
2023-11-17,2023,-1,1,0.6875,True
2023-11-17,2023,1,1,0.3125,True
2023-11-17,2023,-1,2,0.5384615384615384,True
2023-11-17,2023,1,2,0.46153846153846156,True
2023-11-17,2023,-1,3,0.47596153846153844,False
2023-11-17,2023,1,3,0.5240384615384616,True
2023-11-17,2023,-1,4,0.8653846153846154,False
2023-11-17,2023,1,4,0.1346153846153846,True
2023-11-17,2023,-1,5,0.6490384615384616,False
2023-11-17,2023,1,5,0.35096153846153844,True
2023-11-21,2023,-1,0,0.46828358208955223,True
2023-11-21,2023,1,0,0.5317164179104478,False
2023-11-21,2023,-1,1,0.03171641791044776,True
2023-11-21,2023,1,1,0.9682835820895522,False
2023-11-21,2023,-1,2,0.14738805970149255,False
2023-11-21,2023,1,2,0.8526119402985075,False
2023-11-21,2023,-1,3,0.1865671641791045,False
2023-11-21,2023,1,3,0.8134328358208955,False
2023-11-21,2023,-1,4,0.2873134328358209,False
2023-11-21,2023,1,4,0.7126865671641791,False
2023-11-21,2023,-1,5,0.3675373134328358,False
2023-11-21,2023,1,5,0.6324626865671642,False
2023-11-21,2023,-1,6,0.47947761194029853,False
2023-11-21,2023,1,6,0.5205223880597015,False
2023-11-21,2023,-1,7,0.23507462686567165,False
2023-11-21,2023,1,7,0.7649253731343284,False
2023-11-21,2023,-1,8,0.40111940298507465,False
2023-11-21,2023,1,8,0.5988805970149254,False
2023-11-21,2023,-1,9,0.38619402985074625,False
2023-11-21,2023,1,9,0.6138059701492538,False
2023-11-21,2023,-1,10,0.47201492537313433,False
2023-11-21,2023,1,10,0.5279850746268657,False
2023-11-21,2023,-1,11,0.5149253731343284,False
2023-11-21,2023,1,11,0.48507462686567165,False
2023-12-01,2023,-1,0,0.49728260869565216,True
2023-12-01,2023,1,0,0.5027173913043478,True
2023-12-01,2023,-1,1,0.16032608695652173,True
2023-12-01,2023,1,1,0.8396739130434783,True
2023-12-01,2023,-1,2,0.532608695652174,False
2023-12-01,2023,1,2,0.4673913043478261,True
2023-12-07,2023,-1,0,0.5056818181818182,False
2023-12-07,2023,1,0,0.4943181818181818,True
2023-12-08,2023,-1,0,0.42892156862745096,False
2023-12-08,2023,1,0,0.571078431372549,True
2023-12-08,2023,-1,3,0.9779411764705882,False
2023-12-08,2023,1,3,0.022058823529411766,True
2023-12-08,2023,-1,4,0.7058823529411765,False
2023-12-08,2023,1,4,0.29411764705882354,True
2023-12-08,2023,-1,5,0.9803921568627451,False
2023-12-08,2023,1,5,0.0196078431372549,True
2023-12-15,2023,-1,0,0.6987704918032787,False
2023-12-15,2023,1,0,0.3012295081967213,True
2023-12-15,2023,-1,6,0.5389344262295082,False
2023-12-15,2023,1,6,0.4610655737704918,True
2023-12-15,2023,-1,7,0.8114754098360656,False
2023-12-15,2023,1,7,0.1885245901639344,True
2023-12-15,2023,-1,8,0.35655737704918034,False
2023-12-15,2023,1,8,0.6434426229508197,True
2023-12-15,2023,-1,9,0.4426229508196721,False
2023-12-15,2023,1,9,0.5573770491803278,True
2023-12-15,2023,-1,10,0.6331967213114754,False
2023-12-15,2023,1,10,0.3668032786885246,True
2023-12-15,2023,-1,11,0.7807377049180327,False
2023-12-15,2023,1,11,0.2192622950819672,True
2023-12-21,2023,-1,0,0.1375598086124402,True
2023-12-21,2023,1,0,0.8624401913875598,False
2023-12-21,2023,-1,1,0.06698564593301436,True
2023-12-21,2023,1,1,0.9330143540669856,False
2023-12-21,2023,-1,2,0.0430622009569378,True
2023-12-21,2023,1,2,0.9569377990430622,False
2023-12-21,2023,-1,3,0.15789473684210525,True
2023-12-21,2023,1,3,0.8421052631578947,False
2023-12-21,2023,-1,4,0.07057416267942583,True
2023-12-21,2023,1,4,0.9294258373205742,False
2023-12-21,2023,-1,7,0.0035885167464114833,True
2023-12-21,2023,1,7,0.9964114832535885,False
2023-12-21,2023,-1,8,0.07775119617224881,False
2023-12-21,2023,1,8,0.9222488038277512,False
2023-12-21,2023,-1,9,0.07655502392344497,False
2023-12-21,2023,1,9,0.9234449760765551,False
2023-12-21,2023,-1,10,0.09688995215311005,False
2023-12-21,2023,1,10,0.90311004784689,False
2023-12-21,2023,-1,11,0.3576555023923445,False
2023-12-21,2023,1,11,0.6423444976076556,False
2024-01-09,2024,-1,0,0.5531609195402298,False
2024-01-09,2024,1,0,0.4468390804597701,True
2024-01-09,2024,-1,1,0.6839080459770115,False
2024-01-09,2024,1,1,0.3160919540229885,True
2024-01-09,2024,-1,2,0.7169540229885057,False
2024-01-09,2024,1,2,0.28304597701149425,True
2024-01-09,2024,-1,3,0.9827586206896551,False
2024-01-09,2024,1,3,0.017241379310344827,True
2024-01-10,2024,-1,0,0.7686567164179104,False
2024-01-10,2024,1,0,0.23134328358208955,True
2024-01-10,2024,-1,1,0.914179104477612,False
2024-01-10,2024,1,1,0.08582089552238806,True
2024-01-10,2024,-1,3,0.9832089552238806,False
2024-01-10,2024,1,3,0.016791044776119403,True
2024-01-23,2024,-1,0,0.39338235294117646,True
2024-01-23,2024,1,0,0.6066176470588235,True
2024-01-23,2024,-1,1,0.27205882352941174,True
2024-01-23,2024,1,1,0.7279411764705882,True
2024-01-23,2024,-1,2,0.08455882352941177,True
2024-01-23,2024,1,2,0.9154411764705882,True
2024-01-23,2024,-1,4,0.29044117647058826,True
2024-01-23,2024,1,4,0.7095588235294118,True
2024-01-23,2024,-1,5,0.0661764705882353,True
2024-01-23,2024,1,5,0.9338235294117647,True
2024-01-23,2024,-1,6,0.6286764705882353,False
2024-01-23,2024,1,6,0.3713235294117647,True
2024-01-23,2024,-1,7,0.4375,False
2024-01-23,2024,1,7,0.5625,True
2024-01-23,2024,-1,8,0.5183823529411765,False
2024-01-23,2024,1,8,0.48161764705882354,True
2024-01-23,2024,-1,9,0.3860294117647059,False
2024-01-23,2024,1,9,0.6139705882352942,True
2024-01-23,2024,-1,10,0.6948529411764706,False
2024-01-23,2024,1,10,0.30514705882352944,True
2024-01-23,2024,-1,11,0.9227941176470589,False
2024-01-23,2024,1,11,0.07720588235294118,True
2024-01-25,2024,-1,0,0.10141509433962265,True
2024-01-25,2024,1,0,0.8985849056603774,False
2024-01-25,2024,-1,1,0.6745283018867925,True
2024-01-25,2024,1,1,0.32547169811320753,False
2024-01-25,2024,-1,2,0.45990566037735847,True
2024-01-25,2024,1,2,0.5400943396226415,False
2024-01-25,2024,-1,3,0.6108490566037735,True
2024-01-25,2024,1,3,0.3891509433962264,False
2024-01-25,2024,-1,4,0.6108490566037735,True
2024-01-25,2024,1,4,0.3891509433962264,False
2024-01-25,2024,-1,5,0.19339622641509435,True
2024-01-25,2024,1,5,0.8066037735849056,False
2024-01-29,2024,-1,0,0.668918918918919,False
2024-01-29,2024,1,0,0.3310810810810811,True
2024-01-29,2024,-1,1,0.5675675675675675,False
2024-01-29,2024,1,1,0.43243243243243246,True
2024-01-29,2024,-1,2,0.28716216216216217,False
2024-01-29,2024,1,2,0.7128378378378378,True
2024-01-29,2024,-1,3,0.668918918918919,False
2024-01-29,2024,1,3,0.3310810810810811,True
2024-01-29,2024,-1,4,0.9763513513513513,False
2024-01-29,2024,1,4,0.02364864864864865,True
2024-02-01,2024,-1,0,0.0985576923076923,True
2024-02-01,2024,1,0,0.9014423076923077,True
2024-02-01,2024,-1,1,0.7283653846153846,True
2024-02-01,2024,1,1,0.27163461538461536,True
2024-02-01,2024,-1,4,0.30528846153846156,False
2024-02-01,2024,1,4,0.6947115384615384,True
2024-02-01,2024,-1,5,0.49759615384615385,False
2024-02-01,2024,1,5,0.5024038461538461,True
2024-02-01,2024,-1,6,0.8725961538461539,False
2024-02-01,2024,1,6,0.12740384615384615,True
2024-02-01,2024,-1,7,0.7764423076923077,False
2024-02-01,2024,1,7,0.22355769230769232,True
2024-02-01,2024,-1,8,0.7740384615384616,False
2024-02-01,2024,1,8,0.22596153846153846,True
2024-02-01,2024,-1,9,0.9855769230769231,False
2024-02-01,2024,1,9,0.014423076923076924,True
2024-02-05,2024,-1,0,0.6090116279069767,True
2024-02-05,2024,1,0,0.39098837209302323,False
2024-02-05,2024,-1,1,0.14825581395348839,True
2024-02-05,2024,1,1,0.8517441860465116,False
2024-02-05,2024,-1,3,0.06540697674418605,False
2024-02-05,2024,1,3,0.934593023255814,False
2024-02-05,2024,-1,4,0.3444767441860465,False
2024-02-05,2024,1,4,0.6555232558139535,False
2024-02-05,2024,-1,5,0.5058139534883721,False
2024-02-05,2024,1,5,0.4941860465116279,False
2024-02-05,2024,-1,6,0.5479651162790697,False
2024-02-05,2024,1,6,0.45203488372093026,False
2024-02-05,2024,-1,7,0.46075581395348836,False
2024-02-05,2024,1,7,0.5392441860465116,False
2024-02-05,2024,-1,8,0.559593023255814,False
2024-02-05,2024,1,8,0.44040697674418605,False
2024-02-05,2024,-1,9,0.6540697674418605,False
2024-02-05,2024,1,9,0.34593023255813954,False
2024-02-05,2024,-1,10,0.7834302325581395,False
2024-02-05,2024,1,10,0.21656976744186046,False
2024-02-05,2024,-1,11,0.6642441860465116,False
2024-02-05,2024,1,11,0.33575581395348836,False
2024-02-08,2024,-1,0,0.8375,False
2024-02-08,2024,1,0,0.1625,True
2024-02-08,2024,-1,1,0.6416666666666667,False
2024-02-08,2024,1,1,0.35833333333333334,True
2024-02-08,2024,-1,6,0.9291666666666667,False
2024-02-08,2024,1,6,0.07083333333333333,True
2024-02-08,2024,-1,9,0.6958333333333333,False
2024-02-08,2024,1,9,0.30416666666666664,True
2024-02-12,2024,-1,0,0.7204545454545455,True
2024-02-12,2024,1,0,0.27954545454545454,True
2024-02-12,2024,-1,1,0.6545454545454545,True
2024-02-12,2024,1,1,0.34545454545454546,True
2024-02-12,2024,-1,7,0.8568181818181818,True
2024-02-12,2024,1,7,0.1431818181818182,False
2024-02-12,2024,-1,8,0.5431818181818182,True
2024-02-12,2024,1,8,0.45681818181818185,False
2024-02-12,2024,-1,9,0.15681818181818183,True
2024-02-12,2024,1,9,0.8431818181818181,False
2024-02-12,2024,-1,11,0.1159090909090909,True
2024-02-12,2024,1,11,0.884090909090909,False
2024-02-26,2024,-1,1,0.38920454545454547,True
2024-02-26,2024,1,1,0.6107954545454546,False
2024-02-26,2024,-1,2,0.3465909090909091,True
2024-02-26,2024,1,2,0.6534090909090909,False
2024-02-26,2024,-1,3,0.34375,True
2024-02-26,2024,1,3,0.65625,False
2024-02-26,2024,-1,4,0.6732954545454546,True
2024-02-26,2024,1,4,0.32670454545454547,False
2024-02-26,2024,-1,5,0.7130681818181818,True
2024-02-26,2024,1,5,0.2869318181818182,False
2024-02-26,2024,-1,6,0.45738636363636365,True
2024-02-26,2024,1,6,0.5426136363636364,False
2024-02-26,2024,-1,7,0.14488636363636365,True
2024-02-26,2024,1,7,0.8551136363636364,False
2024-02-26,2024,-1,8,0.3153409090909091,True
2024-02-26,2024,1,8,0.6846590909090909,False
2024-02-26,2024,-1,9,0.5085227272727273,True
2024-02-26,2024,1,9,0.4914772727272727,False
2024-02-26,2024,-1,10,0.33238636363636365,True
2024-02-26,2024,1,10,0.6676136363636364,False
2024-02-26,2024,-1,11,0.3125,True
2024-02-26,2024,1,11,0.6875,False
2024-02-27,2024,-1,1,0.29605263157894735,True
2024-02-27,2024,1,1,0.7039473684210527,False
2024-02-27,2024,-1,2,0.3815789473684211,True
2024-02-27,2024,1,2,0.618421052631579,False
2024-02-27,2024,-1,4,0.05263157894736842,True
2024-02-27,2024,1,4,0.9473684210526315,False
2024-02-27,2024,-1,9,0.19078947368421054,False
2024-02-27,2024,1,9,0.8092105263157895,False
2024-02-27,2024,-1,10,0.7368421052631579,False
2024-02-27,2024,1,10,0.2631578947368421,False
2024-02-27,2024,-1,11,0.7105263157894737,False
2024-02-27,2024,1,11,0.2894736842105263,False
2024-03-04,2024,-1,0,0.6173469387755102,False
2024-03-04,2024,1,0,0.3826530612244898,False
2024-03-04,2024,-1,1,0.5892857142857143,False
2024-03-04,2024,1,1,0.4107142857142857,False
2024-03-04,2024,-1,2,0.75,False
2024-03-04,2024,1,2,0.25,False
2024-03-04,2024,-1,3,0.6581632653061225,False
2024-03-04,2024,1,3,0.34183673469387754,False
2024-03-04,2024,-1,4,0.7232142857142857,False
2024-03-04,2024,1,4,0.2767857142857143,False
2024-03-04,2024,-1,5,0.7614795918367347,False
2024-03-04,2024,1,5,0.2385204081632653,False
2024-03-04,2024,-1,6,0.6543367346938775,False
2024-03-04,2024,1,6,0.34566326530612246,False
2024-03-04,2024,-1,7,0.5637755102040817,False
2024-03-04,2024,1,7,0.4362244897959184,False
2024-03-04,2024,-1,8,0.6492346938775511,False
2024-03-04,2024,1,8,0.350765306122449,False
2024-03-04,2024,-1,9,0.6403061224489796,False
2024-03-04,2024,1,9,0.3596938775510204,False
2024-03-04,2024,-1,10,0.798469387755102,False
2024-03-04,2024,1,10,0.20153061224489796,False
2024-03-04,2024,-1,11,0.7461734693877551,False
2024-03-04,2024,1,11,0.2538265306122449,False
2024-03-13,2024,-1,6,0.04891304347826087,True
2024-03-13,2024,1,6,0.9510869565217391,False
2024-03-13,2024,-1,7,0.2916666666666667,True
2024-03-13,2024,1,7,0.7083333333333334,False
2024-03-13,2024,-1,8,0.31521739130434784,True
2024-03-13,2024,1,8,0.6847826086956522,False
2024-03-13,2024,-1,9,0.2807971014492754,True
2024-03-13,2024,1,9,0.7192028985507246,False
2024-03-13,2024,-1,10,0.2536231884057971,True
2024-03-13,2024,1,10,0.7463768115942029,False
2024-04-01,2024,-1,2,0.28125,True
2024-04-01,2024,1,2,0.71875,True
2024-04-01,2024,-1,3,0.0,True
2024-04-01,2024,1,3,1.0,True
2024-04-01,2024,-1,5,0.1,True
2024-04-01,2024,1,5,0.9,True
2024-04-03,2024,-1,0,0.8088235294117647,False
2024-04-03,2024,1,0,0.19117647058823528,True
2024-04-08,2024,-1,0,0.44,False
2024-04-08,2024,1,0,0.56,False
2024-04-08,2024,-1,1,0.7016666666666667,False
2024-04-08,2024,1,1,0.29833333333333334,False
2024-04-08,2024,-1,2,0.8633333333333333,False
2024-04-08,2024,1,2,0.13666666666666666,False
2024-04-08,2024,-1,3,0.6733333333333333,False
2024-04-08,2024,1,3,0.32666666666666666,False
2024-04-08,2024,-1,4,0.44333333333333336,False
2024-04-08,2024,1,4,0.5566666666666666,False
2024-04-08,2024,-1,5,0.31333333333333335,False
2024-04-08,2024,1,5,0.6866666666666666,False
2024-04-08,2024,-1,6,0.5366666666666666,False
2024-04-08,2024,1,6,0.4633333333333333,False
2024-04-08,2024,-1,7,0.5116666666666667,False
2024-04-08,2024,1,7,0.48833333333333334,False
2024-04-08,2024,-1,8,0.485,False
2024-04-08,2024,1,8,0.515,False
2024-04-08,2024,-1,9,0.5233333333333333,False
2024-04-08,2024,1,9,0.4766666666666667,False
2024-04-08,2024,-1,10,0.5516666666666666,False
2024-04-08,2024,1,10,0.4483333333333333,False
2024-04-08,2024,-1,11,0.5383333333333333,False
2024-04-08,2024,1,11,0.46166666666666667,False
2024-04-12,2024,-1,0,0.805952380952381,True
2024-04-12,2024,1,0,0.19404761904761905,False
2024-04-12,2024,-1,1,0.5059523809523809,True
2024-04-12,2024,1,1,0.49404761904761907,False
2024-04-12,2024,-1,2,0.14166666666666666,True
2024-04-12,2024,1,2,0.8583333333333333,False
2024-04-12,2024,-1,3,0.4452380952380952,True
2024-04-12,2024,1,3,0.5547619047619048,False
2024-04-12,2024,-1,4,0.4154761904761905,True
2024-04-12,2024,1,4,0.5845238095238096,False
2024-04-12,2024,-1,5,0.15833333333333333,True
2024-04-12,2024,1,5,0.8416666666666667,False
2024-04-18,2024,-1,1,0.09736842105263158,True
2024-04-18,2024,1,1,0.9026315789473685,False
2024-04-18,2024,-1,2,0.4118421052631579,True
2024-04-18,2024,1,2,0.5881578947368421,False
2024-04-18,2024,-1,3,0.37894736842105264,True
2024-04-18,2024,1,3,0.6210526315789474,False
2024-04-18,2024,-1,4,0.3105263157894737,True
2024-04-18,2024,1,4,0.6894736842105263,False
2024-04-18,2024,-1,5,0.2710526315789474,True
2024-04-18,2024,1,5,0.7289473684210527,False
2024-04-22,2024,-1,0,0.30357142857142855,True
2024-04-22,2024,1,0,0.6964285714285714,False
2024-04-22,2024,-1,4,0.1746031746031746,False
2024-04-22,2024,1,4,0.8253968253968254,False
2024-04-22,2024,-1,5,0.20535714285714285,False
2024-04-22,2024,1,5,0.7946428571428571,False
2024-04-22,2024,-1,6,0.26587301587301587,False
2024-04-22,2024,1,6,0.7341269841269841,False
2024-04-22,2024,-1,7,0.5446428571428571,False
2024-04-22,2024,1,7,0.45535714285714285,False
2024-04-22,2024,-1,8,0.7549603174603174,False
2024-04-22,2024,1,8,0.24503968253968253,False
2024-04-22,2024,-1,9,0.8779761904761905,False
2024-04-22,2024,1,9,0.12202380952380952,False
2024-04-22,2024,-1,10,0.8095238095238095,False
2024-04-22,2024,1,10,0.19047619047619047,False
2024-04-22,2024,-1,11,0.7242063492063492,False
2024-04-22,2024,1,11,0.2757936507936508,False
2024-05-09,2024,-1,0,0.13020833333333334,True
2024-05-09,2024,1,0,0.8697916666666666,True
2024-05-09,2024,-1,1,0.010416666666666666,True
2024-05-09,2024,1,1,0.9895833333333334,True
2024-05-09,2024,-1,4,0.5833333333333334,False
2024-05-09,2024,1,4,0.4166666666666667,True
2024-05-09,2024,-1,5,0.9427083333333334,False
2024-05-09,2024,1,5,0.057291666666666664,True
2024-05-14,2024,-1,0,0.6160714285714286,True
2024-05-14,2024,1,0,0.38392857142857145,True
2024-05-16,2024,-1,7,0.9138888888888889,False
2024-05-16,2024,1,7,0.08611111111111111,True
2024-05-16,2024,-1,9,0.8375,False
2024-05-16,2024,1,9,0.1625,False
2024-05-16,2024,-1,10,0.9472222222222222,False
2024-05-16,2024,1,10,0.05277777777777778,False
2024-05-16,2024,-1,11,0.9166666666666666,False
2024-05-16,2024,1,11,0.08333333333333333,False
2024-05-24,2024,-1,0,0.1053639846743295,False
2024-05-24,2024,1,0,0.8946360153256705,False
2024-05-24,2024,-1,1,0.42624521072796934,False
2024-05-24,2024,1,1,0.5737547892720306,False
2024-05-24,2024,-1,2,0.5373563218390804,False
2024-05-24,2024,1,2,0.46264367816091956,False
2024-05-24,2024,-1,3,0.685823754789272,False
2024-05-24,2024,1,3,0.31417624521072796,False
2024-05-24,2024,-1,4,0.6704980842911877,False
2024-05-24,2024,1,4,0.32950191570881227,False
2024-05-24,2024,-1,5,0.7059386973180076,False
2024-05-24,2024,1,5,0.2940613026819923,False
2024-05-24,2024,-1,6,0.6264367816091954,False
2024-05-24,2024,1,6,0.3735632183908046,False
2024-05-24,2024,-1,7,0.6657088122605364,False
2024-05-24,2024,1,7,0.3342911877394636,False
2024-05-24,2024,-1,8,0.696360153256705,False
2024-05-24,2024,1,8,0.303639846743295,False
2024-05-24,2024,-1,9,0.6810344827586207,False
2024-05-24,2024,1,9,0.31896551724137934,False
2024-05-24,2024,-1,10,0.5699233716475096,False
2024-05-24,2024,1,10,0.43007662835249044,False
2024-05-24,2024,-1,11,0.5383141762452107,False
2024-05-24,2024,1,11,0.4616858237547893,False
2024-06-04,2024,-1,0,0.6836734693877551,False
2024-06-04,2024,1,0,0.3163265306122449,True
2024-06-04,2024,-1,1,0.7716836734693877,False
2024-06-04,2024,1,1,0.22831632653061223,True
2024-06-04,2024,-1,2,0.6785714285714286,False
2024-06-04,2024,1,2,0.32142857142857145,True
2024-06-04,2024,-1,3,0.6772959183673469,False
2024-06-04,2024,1,3,0.3227040816326531,True
2024-06-04,2024,-1,4,0.5994897959183674,False
2024-06-04,2024,1,4,0.4005102040816326,True
2024-06-04,2024,-1,5,0.7091836734693877,False
2024-06-04,2024,1,5,0.29081632653061223,True
2024-06-04,2024,-1,6,0.8150510204081632,False
2024-06-04,2024,1,6,0.18494897959183673,True
2024-06-04,2024,-1,7,0.8762755102040817,False
2024-06-04,2024,1,7,0.12372448979591837,True
2024-06-04,2024,-1,8,0.8150510204081632,False
2024-06-04,2024,1,8,0.18494897959183673,True
2024-06-11,2024,-1,1,0.6,False
2024-06-11,2024,1,1,0.4,True
2024-06-11,2024,-1,3,0.9625,False
2024-06-11,2024,1,3,0.0375,True
2024-06-11,2024,-1,4,0.484375,False
2024-06-11,2024,1,4,0.515625,True
2024-06-11,2024,-1,5,0.715625,False
2024-06-11,2024,1,5,0.284375,True
2024-06-11,2024,-1,6,0.75,False
2024-06-11,2024,1,6,0.25,True
2024-06-11,2024,-1,7,1.0,False
2024-06-11,2024,1,7,0.0,True
2024-06-18,2024,-1,0,0.6760204081632653,False
2024-06-18,2024,1,0,0.3239795918367347,False
2024-06-18,2024,-1,1,0.6785714285714286,False
2024-06-18,2024,1,1,0.32142857142857145,False
2024-06-18,2024,-1,2,0.6147959183673469,False
2024-06-18,2024,1,2,0.3852040816326531,False
2024-06-18,2024,-1,3,0.5977891156462585,False
2024-06-18,2024,1,3,0.40221088435374147,False
2024-06-18,2024,-1,4,0.6989795918367347,False
2024-06-18,2024,1,4,0.3010204081632653,False
2024-06-18,2024,-1,5,0.6641156462585034,False
2024-06-18,2024,1,5,0.3358843537414966,False
2024-06-18,2024,-1,6,0.7593537414965986,False
2024-06-18,2024,1,6,0.24064625850340135,False
2024-06-18,2024,-1,7,0.7908163265306123,False
2024-06-18,2024,1,7,0.20918367346938777,False
2024-06-18,2024,-1,8,0.7525510204081632,False
2024-06-18,2024,1,8,0.24744897959183673,False
2024-06-18,2024,-1,9,0.6913265306122449,False
2024-06-18,2024,1,9,0.3086734693877551,False
2024-06-18,2024,-1,10,0.7431972789115646,False
2024-06-18,2024,1,10,0.2568027210884354,False
2024-06-18,2024,-1,11,0.717687074829932,False
2024-06-18,2024,1,11,0.282312925170068,False
2024-06-21,2024,-1,1,0.01273148148148148,True
2024-06-21,2024,1,1,0.9872685185185185,False
2024-06-21,2024,-1,2,0.22453703703703703,True
2024-06-21,2024,1,2,0.7754629629629629,False
2024-06-21,2024,-1,3,0.16087962962962962,True
2024-06-21,2024,1,3,0.8391203703703703,False
2024-06-21,2024,-1,4,0.4895833333333333,True
2024-06-21,2024,1,4,0.5104166666666666,False
2024-06-21,2024,-1,5,0.38425925925925924,True
2024-06-21,2024,1,5,0.6157407407407407,False
2024-06-21,2024,-1,6,0.16319444444444445,True
2024-06-21,2024,1,6,0.8368055555555556,False
2024-06-21,2024,-1,7,0.05555555555555555,True
2024-06-21,2024,1,7,0.9444444444444444,False
2024-06-21,2024,-1,9,0.18055555555555555,False
2024-06-21,2024,1,9,0.8194444444444444,False
2024-06-21,2024,-1,10,0.09722222222222222,False
2024-06-21,2024,1,10,0.9027777777777778,False
2024-06-21,2024,-1,11,0.16087962962962962,False
2024-06-21,2024,1,11,0.8391203703703703,False
2024-06-25,2024,-1,0,0.011666666666666667,True
2024-06-25,2024,1,0,0.9883333333333333,True
2024-06-25,2024,-1,1,0.34,False
2024-06-25,2024,1,1,0.66,True
2024-06-25,2024,-1,2,0.24333333333333335,False
2024-06-25,2024,1,2,0.7566666666666667,True
2024-06-25,2024,-1,3,0.6833333333333333,False
2024-06-25,2024,1,3,0.31666666666666665,True
2024-06-25,2024,-1,4,0.8633333333333333,False
2024-06-25,2024,1,4,0.13666666666666666,True
2024-06-25,2024,-1,5,0.6116666666666667,False
2024-06-25,2024,1,5,0.3883333333333333,True
2024-06-25,2024,-1,6,0.295,False
2024-06-25,2024,1,6,0.705,True
2024-06-25,2024,-1,7,0.45166666666666666,False
2024-06-25,2024,1,7,0.5483333333333333,True
2024-06-25,2024,-1,8,0.63,False
2024-06-25,2024,1,8,0.37,True
2024-06-25,2024,-1,9,0.8966666666666666,False
2024-06-25,2024,1,9,0.10333333333333333,True
2024-06-25,2024,-1,10,0.8016666666666666,False
2024-06-25,2024,1,10,0.19833333333333333,True
2024-06-26,2024,-1,1,0.9285714285714286,False
2024-06-26,2024,1,1,0.07142857142857142,True
2024-06-26,2024,-1,3,0.9056122448979592,False
2024-06-26,2024,1,3,0.09438775510204081,True
2024-06-26,2024,-1,7,0.9642857142857143,False
2024-06-26,2024,1,7,0.03571428571428571,True
2024-06-26,2024,-1,10,0.8443877551020408,False
2024-06-26,2024,1,10,0.1556122448979592,True
2024-06-26,2024,-1,11,0.9311224489795918,False
2024-06-26,2024,1,11,0.06887755102040816,True
2024-06-27,2024,-1,3,0.8794642857142857,False
2024-06-27,2024,1,3,0.12053571428571429,True
2024-06-27,2024,-1,4,0.8214285714285714,False
2024-06-27,2024,1,4,0.17857142857142858,True
2024-06-28,2024,-1,5,0.9558823529411765,True
2024-06-28,2024,1,5,0.04411764705882353,True
2024-06-28,2024,-1,6,0.4522058823529412,True
2024-06-28,2024,1,6,0.5477941176470589,False
2024-06-28,2024,-1,7,0.6580882352941176,True
2024-06-28,2024,1,7,0.34191176470588236,False
2024-06-28,2024,-1,8,0.5183823529411765,True
2024-06-28,2024,1,8,0.48161764705882354,False
2024-06-28,2024,-1,9,0.1213235294117647,True
2024-06-28,2024,1,9,0.8786764705882353,False
2024-06-28,2024,-1,10,0.09558823529411764,True
2024-06-28,2024,1,10,0.9044117647058824,False
2024-07-08,2024,-1,0,0.978515625,False
2024-07-08,2024,1,0,0.021484375,True
2024-07-08,2024,-1,1,0.89453125,False
2024-07-08,2024,1,1,0.10546875,True
2024-07-08,2024,-1,2,0.775390625,False
2024-07-08,2024,1,2,0.224609375,True
2024-07-08,2024,-1,5,0.884765625,False
2024-07-08,2024,1,5,0.115234375,True
2024-07-08,2024,-1,6,0.9765625,False
2024-07-08,2024,1,6,0.0234375,True
2024-07-08,2024,-1,11,0.89453125,False
2024-07-08,2024,1,11,0.10546875,True
2024-07-12,2024,-1,0,0.5349025974025974,False
2024-07-12,2024,1,0,0.4650974025974026,True
2024-07-12,2024,-1,1,0.560064935064935,False
2024-07-12,2024,1,1,0.43993506493506496,True
2024-07-12,2024,-1,2,0.8400974025974026,False
2024-07-12,2024,1,2,0.1599025974025974,True
2024-07-12,2024,-1,3,0.9017857142857143,False
2024-07-12,2024,1,3,0.09821428571428571,True
2024-07-12,2024,-1,4,0.7069805194805194,False
2024-07-12,2024,1,4,0.2930194805194805,True
2024-07-12,2024,-1,5,0.672077922077922,False
2024-07-12,2024,1,5,0.32792207792207795,True
2024-07-12,2024,-1,6,0.8214285714285714,False
2024-07-12,2024,1,6,0.17857142857142858,True
2024-07-12,2024,-1,7,0.9407467532467533,False
2024-07-12,2024,1,7,0.05925324675324675,True
2024-07-12,2024,-1,11,0.9675324675324676,False
2024-07-12,2024,1,11,0.032467532467532464,False
2024-07-15,2024,-1,0,0.725609756097561,True
2024-07-15,2024,1,0,0.27439024390243905,True
2024-07-15,2024,-1,5,0.9451219512195121,True
2024-07-15,2024,1,5,0.054878048780487805,True
2024-07-15,2024,-1,6,0.8734756097560976,True
2024-07-15,2024,1,6,0.12652439024390244,False
2024-07-15,2024,-1,7,0.586890243902439,True
2024-07-15,2024,1,7,0.41310975609756095,False
2024-07-15,2024,-1,8,0.36890243902439024,True
2024-07-15,2024,1,8,0.6310975609756098,False
2024-07-15,2024,-1,9,0.5609756097560976,True
2024-07-15,2024,1,9,0.43902439024390244,False
2024-07-15,2024,-1,10,0.663109756097561,True
2024-07-15,2024,1,10,0.33689024390243905,False
2024-07-15,2024,-1,11,0.6829268292682927,True
2024-07-15,2024,1,11,0.3170731707317073,False
2024-07-16,2024,-1,0,0.15086206896551724,True
2024-07-16,2024,1,0,0.8491379310344828,False
2024-07-16,2024,-1,10,0.22844827586206898,True
2024-07-16,2024,1,10,0.771551724137931,False
2024-07-16,2024,-1,11,0.12284482758620689,True
2024-07-16,2024,1,11,0.8771551724137931,False
2024-07-19,2024,-1,0,0.5154639175257731,True
2024-07-19,2024,1,0,0.4845360824742268,False
2024-07-19,2024,-1,1,0.09278350515463918,True
2024-07-19,2024,1,1,0.9072164948453608,False
2024-07-19,2024,-1,2,0.21649484536082475,True
2024-07-19,2024,1,2,0.7835051546391752,False
2024-07-19,2024,-1,4,0.17396907216494845,True
2024-07-19,2024,1,4,0.8260309278350515,False
2024-07-23,2024,-1,0,0.8662280701754386,True
2024-07-23,2024,1,0,0.1337719298245614,True
2024-07-23,2024,-1,1,0.9714912280701754,True
2024-07-23,2024,1,1,0.02850877192982456,True
2024-07-23,2024,-1,2,0.5328947368421053,True
2024-07-23,2024,1,2,0.46710526315789475,True
2024-07-23,2024,-1,5,0.49780701754385964,True
2024-07-23,2024,1,5,0.5021929824561403,False
2024-07-23,2024,-1,6,0.3618421052631579,True
2024-07-23,2024,1,6,0.6381578947368421,False
2024-07-23,2024,-1,7,0.45394736842105265,True
2024-07-23,2024,1,7,0.5460526315789473,False
2024-07-23,2024,-1,8,0.6293859649122807,True
2024-07-23,2024,1,8,0.3706140350877193,False
2024-07-23,2024,-1,9,0.4692982456140351,True
2024-07-23,2024,1,9,0.5307017543859649,False
2024-07-23,2024,-1,10,0.6008771929824561,True
2024-07-23,2024,1,10,0.3991228070175439,False
2024-07-23,2024,-1,11,0.6995614035087719,True
2024-07-23,2024,1,11,0.30043859649122806,False
2024-07-25,2024,-1,2,0.08759124087591241,True
2024-07-25,2024,1,2,0.9124087591240876,False
2024-07-25,2024,-1,3,0.04470802919708029,True
2024-07-25,2024,1,3,0.9552919708029197,False
2024-07-25,2024,-1,4,0.1633211678832117,True
2024-07-25,2024,1,4,0.8366788321167883,False
2024-07-25,2024,-1,5,0.5547445255474452,True
2024-07-25,2024,1,5,0.44525547445255476,False
2024-07-25,2024,-1,6,0.5264598540145985,True
2024-07-25,2024,1,6,0.47354014598540145,False
2024-07-25,2024,-1,7,0.27007299270072993,True
2024-07-25,2024,1,7,0.7299270072992701,False
2024-07-25,2024,-1,8,0.3658759124087591,True
2024-07-25,2024,1,8,0.6341240875912408,False
2024-07-25,2024,-1,9,0.11587591240875912,True
2024-07-25,2024,1,9,0.8841240875912408,False
2024-07-25,2024,-1,11,0.0948905109489051,True
2024-07-25,2024,1,11,0.9051094890510949,False
2024-07-26,2024,-1,0,0.2680084745762712,True
2024-07-26,2024,1,0,0.7319915254237288,False
2024-07-26,2024,-1,1,0.2807203389830508,True
2024-07-26,2024,1,1,0.7192796610169492,False
2024-07-26,2024,-1,2,0.24364406779661016,False
2024-07-26,2024,1,2,0.7563559322033898,False
2024-07-26,2024,-1,3,0.15995762711864406,False
2024-07-26,2024,1,3,0.840042372881356,False
2024-07-26,2024,-1,4,0.4830508474576271,False
2024-07-26,2024,1,4,0.5169491525423728,False
2024-07-26,2024,-1,5,0.676906779661017,False
2024-07-26,2024,1,5,0.3230932203389831,False
2024-07-26,2024,-1,6,0.871822033898305,False
2024-07-26,2024,1,6,0.1281779661016949,False
2024-07-26,2024,-1,7,0.9279661016949152,False
2024-07-26,2024,1,7,0.07203389830508475,False
2024-07-26,2024,-1,8,0.524364406779661,False
2024-07-26,2024,1,8,0.475635593220339,False
2024-07-26,2024,-1,9,0.4523305084745763,False
2024-07-26,2024,1,9,0.5476694915254238,False
2024-07-26,2024,-1,10,0.2489406779661017,False
2024-07-26,2024,1,10,0.7510593220338984,False
2024-07-26,2024,-1,11,0.4788135593220339,False
2024-07-26,2024,1,11,0.5211864406779662,False
2024-07-30,2024,-1,0,0.0625,True
2024-07-30,2024,1,0,0.9375,False
2024-08-01,2024,-1,1,0.24795081967213115,True
2024-08-01,2024,1,1,0.7520491803278688,False
2024-08-06,2024,-1,0,0.8760245901639344,False
2024-08-06,2024,1,0,0.12397540983606557,True
2024-08-06,2024,-1,1,0.9569672131147541,False
2024-08-06,2024,1,1,0.0430327868852459,True
2024-08-08,2024,-1,1,0.4770710059171598,False
2024-08-08,2024,1,1,0.5229289940828402,False
2024-08-08,2024,-1,2,0.5702662721893491,False
2024-08-08,2024,1,2,0.4297337278106509,False
2024-08-08,2024,-1,3,0.4807692307692308,False
2024-08-08,2024,1,3,0.5192307692307693,False
2024-08-08,2024,-1,4,0.5443786982248521,False
2024-08-08,2024,1,4,0.4556213017751479,False
2024-08-08,2024,-1,5,0.639792899408284,False
2024-08-08,2024,1,5,0.36020710059171596,False
2024-08-08,2024,-1,6,0.5539940828402367,False
2024-08-08,2024,1,6,0.4460059171597633,False
2024-08-08,2024,-1,7,0.8165680473372781,False
2024-08-08,2024,1,7,0.1834319526627219,False
2024-08-08,2024,-1,8,0.871301775147929,False
2024-08-08,2024,1,8,0.128698224852071,False
2024-08-08,2024,-1,9,0.863905325443787,False
2024-08-08,2024,1,9,0.13609467455621302,False
2024-08-08,2024,-1,10,0.8069526627218935,False
2024-08-08,2024,1,10,0.1930473372781065,False
2024-08-08,2024,-1,11,0.6612426035502958,False
2024-08-08,2024,1,11,0.33875739644970415,False
2024-08-09,2024,-1,0,0.49782608695652175,False
2024-08-09,2024,1,0,0.5021739130434782,True
2024-08-09,2024,-1,1,0.7760869565217391,False
2024-08-09,2024,1,1,0.22391304347826088,True
2024-08-09,2024,-1,2,0.9119565217391304,False
2024-08-09,2024,1,2,0.08804347826086957,True
2024-08-09,2024,-1,3,0.8347826086956521,False
2024-08-09,2024,1,3,0.16521739130434782,True
2024-08-09,2024,-1,4,0.7097826086956521,False
2024-08-09,2024,1,4,0.2902173913043478,True
2024-08-09,2024,-1,5,0.7152173913043478,False
2024-08-09,2024,1,5,0.2847826086956522,True
2024-08-09,2024,-1,6,0.925,False
2024-08-09,2024,1,6,0.075,True
2024-08-16,2024,-1,0,0.29044117647058826,False
2024-08-16,2024,1,0,0.7095588235294118,True
2024-08-16,2024,-1,1,0.8051470588235294,False
2024-08-16,2024,1,1,0.1948529411764706,True
2024-08-16,2024,-1,2,0.4577205882352941,False
2024-08-16,2024,1,2,0.5422794117647058,True
2024-08-16,2024,-1,3,0.5422794117647058,False
2024-08-16,2024,1,3,0.4577205882352941,True
2024-08-16,2024,-1,4,0.8658088235294118,False
2024-08-16,2024,1,4,0.13419117647058823,True
2024-08-19,2024,-1,0,0.5301724137931034,False
2024-08-19,2024,1,0,0.4698275862068966,True
2024-08-19,2024,-1,1,0.7349137931034483,False
2024-08-19,2024,1,1,0.2650862068965517,True
2024-08-19,2024,-1,4,0.9719827586206896,False
2024-08-19,2024,1,4,0.028017241379310345,True
2024-08-21,2024,-1,2,0.7263513513513513,True
2024-08-21,2024,1,2,0.27364864864864863,True
2024-08-21,2024,-1,4,0.5945945945945946,True
2024-08-21,2024,1,4,0.40540540540540543,True
2024-08-21,2024,-1,5,0.8108108108108109,False
2024-08-21,2024,1,5,0.1891891891891892,True
2024-08-23,2024,-1,0,0.19827586206896552,True
2024-08-23,2024,1,0,0.8017241379310345,False
2024-08-23,2024,-1,1,0.5933908045977011,True
2024-08-23,2024,1,1,0.40660919540229884,False
2024-08-23,2024,-1,2,0.1278735632183908,True
2024-08-23,2024,1,2,0.8721264367816092,False
2024-08-23,2024,-1,3,0.27227011494252873,True
2024-08-23,2024,1,3,0.7277298850574713,False
2024-08-23,2024,-1,4,0.11709770114942529,True
2024-08-23,2024,1,4,0.8829022988505747,False
2024-08-23,2024,-1,6,0.013649425287356323,True
2024-08-23,2024,1,6,0.9863505747126436,False
2024-08-23,2024,-1,7,0.14295977011494254,False
2024-08-23,2024,1,7,0.8570402298850575,False
2024-08-23,2024,-1,8,0.16379310344827586,False
2024-08-23,2024,1,8,0.8362068965517241,False
2024-08-23,2024,-1,9,0.21695402298850575,False
2024-08-23,2024,1,9,0.7830459770114943,False
2024-08-23,2024,-1,10,0.1810344827586207,False
2024-08-23,2024,1,10,0.8189655172413793,False
2024-08-23,2024,-1,11,0.3563218390804598,False
2024-08-23,2024,1,11,0.6436781609195402,False
2024-08-26,2024,-1,0,0.09705882352941177,True
2024-08-26,2024,1,0,0.9029411764705882,False
2024-08-28,2024,-1,1,0.07758620689655173,True
2024-08-28,2024,1,1,0.9224137931034483,False
2024-08-29,2024,-1,9,0.8830645161290323,False
2024-08-29,2024,1,9,0.11693548387096774,False
2024-08-29,2024,-1,10,0.49193548387096775,False
2024-08-29,2024,1,10,0.5080645161290323,False
2024-08-29,2024,-1,11,0.5060483870967742,False
2024-08-29,2024,1,11,0.4939516129032258,False
2024-08-30,2024,-1,0,0.3767361111111111,True
2024-08-30,2024,1,0,0.6232638888888888,False
2024-08-30,2024,-1,1,0.0763888888888889,True
2024-08-30,2024,1,1,0.9236111111111112,False
2024-08-30,2024,-1,11,0.1840277777777778,True
2024-08-30,2024,1,11,0.8159722222222222,False
2024-09-09,2024,-1,1,0.8029661016949152,False
2024-09-09,2024,1,1,0.19703389830508475,True
2024-09-09,2024,-1,2,0.3633474576271186,False
2024-09-09,2024,1,2,0.6366525423728814,True
2024-09-09,2024,-1,3,0.5783898305084746,False
2024-09-09,2024,1,3,0.4216101694915254,True
2024-09-09,2024,-1,4,0.899364406779661,False
2024-09-09,2024,1,4,0.10063559322033898,True
2024-09-09,2024,-1,8,0.8813559322033898,False
2024-09-09,2024,1,8,0.11864406779661017,True
2024-09-09,2024,-1,9,0.6949152542372882,False
2024-09-09,2024,1,9,0.3050847457627119,True
2024-09-09,2024,-1,10,0.7288135593220338,False
2024-09-09,2024,1,10,0.2711864406779661,True
2024-09-09,2024,-1,11,0.9036016949152542,False
2024-09-09,2024,1,11,0.09639830508474577,True
2024-09-18,2024,-1,0,0.2152777777777778,True
2024-09-18,2024,1,0,0.7847222222222222,True
2024-09-18,2024,-1,1,0.16805555555555557,True
2024-09-18,2024,1,1,0.8319444444444445,True
2024-09-18,2024,-1,2,0.11944444444444445,True
2024-09-18,2024,1,2,0.8805555555555555,True
2024-09-18,2024,-1,5,0.001388888888888889,True
2024-09-18,2024,1,5,0.9986111111111111,True
2024-09-18,2024,-1,6,0.20555555555555555,True
2024-09-18,2024,1,6,0.7944444444444444,True
2024-09-18,2024,-1,7,0.19027777777777777,True
2024-09-18,2024,1,7,0.8097222222222222,True
2024-09-18,2024,-1,8,0.13055555555555556,True
2024-09-18,2024,1,8,0.8694444444444445,True
2024-09-18,2024,-1,9,0.7819444444444444,True
2024-09-18,2024,1,9,0.21805555555555556,True
2024-09-18,2024,-1,10,0.29305555555555557,True
2024-09-18,2024,1,10,0.7069444444444445,False
2024-09-18,2024,-1,11,0.4097222222222222,True
2024-09-18,2024,1,11,0.5902777777777778,False
2024-09-25,2024,-1,3,0.9375,False
2024-09-25,2024,1,3,0.0625,True
2024-09-25,2024,-1,4,0.9670138888888888,False
2024-09-25,2024,1,4,0.03298611111111111,True
2024-09-25,2024,-1,5,0.984375,False
2024-09-25,2024,1,5,0.015625,True
2024-09-25,2024,-1,6,0.7690972222222222,False
2024-09-25,2024,1,6,0.2309027777777778,False
2024-09-25,2024,-1,7,0.7899305555555556,False
2024-09-25,2024,1,7,0.21006944444444445,False
2024-09-25,2024,-1,8,0.921875,False
2024-09-25,2024,1,8,0.078125,False
2024-09-25,2024,-1,9,0.9079861111111112,False
2024-09-25,2024,1,9,0.0920138888888889,False
2024-09-25,2024,-1,10,0.8489583333333334,False
2024-09-25,2024,1,10,0.15104166666666666,False
2024-09-25,2024,-1,11,0.7899305555555556,False
2024-09-25,2024,1,11,0.21006944444444445,False
2024-10-02,2024,-1,0,0.26506024096385544,False
2024-10-02,2024,1,0,0.7349397590361446,True
2024-10-02,2024,-1,1,0.7996987951807228,False
2024-10-02,2024,1,1,0.2003012048192771,True
2024-10-02,2024,-1,2,0.7545180722891566,False
2024-10-02,2024,1,2,0.24548192771084337,True
2024-10-02,2024,-1,6,0.6536144578313253,False
2024-10-02,2024,1,6,0.3463855421686747,True
2024-10-02,2024,-1,7,0.8719879518072289,False
2024-10-02,2024,1,7,0.1280120481927711,True
2024-10-02,2024,-1,9,0.8945783132530121,False
2024-10-02,2024,1,9,0.10542168674698796,True
2024-10-02,2024,-1,10,0.9201807228915663,False
2024-10-02,2024,1,10,0.07981927710843373,True
2024-10-07,2024,-1,0,0.5466101694915254,True
2024-10-07,2024,1,0,0.4533898305084746,True
2024-10-07,2024,-1,3,0.9936440677966102,True
2024-10-07,2024,1,3,0.006355932203389831,True
2024-10-07,2024,-1,4,0.8983050847457628,True
2024-10-07,2024,1,4,0.1016949152542373,True
2024-10-07,2024,-1,5,0.9322033898305084,True
2024-10-07,2024,1,5,0.06779661016949153,True
2024-10-07,2024,-1,6,0.7754237288135594,True
2024-10-07,2024,1,6,0.2245762711864407,True
2024-10-07,2024,-1,7,0.690677966101695,True
2024-10-07,2024,1,7,0.3093220338983051,False
2024-10-07,2024,-1,8,0.8813559322033898,True
2024-10-07,2024,1,8,0.11864406779661017,False
2024-10-07,2024,-1,9,0.5233050847457628,True
2024-10-07,2024,1,9,0.4766949152542373,False
2024-10-08,2024,-1,0,0.7105263157894737,False
2024-10-08,2024,1,0,0.2894736842105263,True
2024-10-10,2024,-1,0,0.19666666666666666,False
2024-10-10,2024,1,0,0.8033333333333333,True
2024-10-10,2024,-1,1,0.505,False
2024-10-10,2024,1,1,0.495,True
2024-10-10,2024,-1,2,0.36333333333333334,False
2024-10-10,2024,1,2,0.6366666666666667,True
2024-10-10,2024,-1,3,0.705,False
2024-10-10,2024,1,3,0.295,True
2024-10-10,2024,-1,4,0.9833333333333333,False
2024-10-10,2024,1,4,0.016666666666666666,True
2024-10-10,2024,-1,5,0.9433333333333334,False
2024-10-10,2024,1,5,0.056666666666666664,False
2024-10-10,2024,-1,6,0.74,False
2024-10-10,2024,1,6,0.26,False
2024-10-10,2024,-1,7,0.8783333333333333,False
2024-10-10,2024,1,7,0.12166666666666667,False
2024-10-10,2024,-1,8,0.785,False
2024-10-10,2024,1,8,0.215,False
2024-10-10,2024,-1,9,0.5266666666666666,False
2024-10-10,2024,1,9,0.47333333333333333,False
2024-10-10,2024,-1,10,0.61,False
2024-10-10,2024,1,10,0.39,False
2024-10-10,2024,-1,11,0.5816666666666667,False
2024-10-10,2024,1,11,0.41833333333333333,False
2024-10-15,2024,-1,0,0.7263513513513513,True
2024-10-15,2024,1,0,0.27364864864864863,False
2024-10-16,2024,-1,1,0.35714285714285715,True
2024-10-16,2024,1,1,0.6428571428571429,False
2024-10-16,2024,-1,2,0.05994897959183673,False
2024-10-16,2024,1,2,0.9400510204081632,False
2024-10-16,2024,-1,3,0.2602040816326531,False
2024-10-16,2024,1,3,0.7397959183673469,False
2024-10-16,2024,-1,4,0.06760204081632654,False
2024-10-16,2024,1,4,0.9323979591836735,False
2024-10-16,2024,-1,5,0.2181122448979592,False
2024-10-16,2024,1,5,0.7818877551020408,False
2024-10-16,2024,-1,6,0.375,False
2024-10-16,2024,1,6,0.625,False
2024-10-16,2024,-1,7,0.25510204081632654,False
2024-10-16,2024,1,7,0.7448979591836735,False
2024-10-16,2024,-1,8,0.38392857142857145,False
2024-10-16,2024,1,8,0.6160714285714286,False
2024-10-16,2024,-1,9,0.5535714285714286,False
2024-10-16,2024,1,9,0.44642857142857145,False
2024-10-16,2024,-1,10,0.5089285714285714,False
2024-10-16,2024,1,10,0.49107142857142855,False
2024-10-16,2024,-1,11,0.44260204081632654,False
2024-10-16,2024,1,11,0.5573979591836735,False
2024-10-18,2024,-1,0,0.8670212765957447,False
2024-10-18,2024,1,0,0.13297872340425532,True
2024-10-18,2024,-1,2,0.6808510638297872,False
2024-10-18,2024,1,2,0.3191489361702128,True
2024-10-18,2024,-1,4,0.8058510638297872,False
2024-10-18,2024,1,4,0.19414893617021275,True
2024-10-18,2024,-1,5,0.7207446808510638,False
2024-10-18,2024,1,5,0.27925531914893614,True
2024-10-18,2024,-1,8,0.976063829787234,False
2024-10-18,2024,1,8,0.023936170212765957,True
2024-10-23,2024,-1,0,0.225,True
2024-10-23,2024,1,0,0.775,False
2024-10-23,2024,-1,1,0.09545454545454546,True
2024-10-23,2024,1,1,0.9045454545454545,False
2024-10-24,2024,-1,0,0.8421052631578947,False
2024-10-24,2024,1,0,0.15789473684210525,True
2024-10-24,2024,-1,1,0.7689144736842105,False
2024-10-24,2024,1,1,0.23108552631578946,True
2024-10-24,2024,-1,2,0.772203947368421,False
2024-10-24,2024,1,2,0.22779605263157895,True
2024-10-24,2024,-1,3,0.850328947368421,False
2024-10-24,2024,1,3,0.14967105263157895,True
2024-10-24,2024,-1,4,0.8092105263157895,False
2024-10-24,2024,1,4,0.19078947368421054,True
2024-10-24,2024,-1,5,0.805921052631579,False
2024-10-24,2024,1,5,0.19407894736842105,True
2024-10-24,2024,-1,6,0.9054276315789473,False
2024-10-24,2024,1,6,0.09457236842105263,True
2024-10-24,2024,-1,7,0.9103618421052632,False
2024-10-24,2024,1,7,0.08963815789473684,True
2024-10-24,2024,-1,8,0.865953947368421,False
2024-10-24,2024,1,8,0.13404605263157895,True
2024-10-24,2024,-1,9,0.9276315789473685,False
2024-10-24,2024,1,9,0.07236842105263158,True
2024-10-24,2024,-1,10,0.9424342105263158,False
2024-10-24,2024,1,10,0.05756578947368421,True
2024-10-28,2024,-1,0,0.12202380952380952,True
2024-10-28,2024,1,0,0.8779761904761905,False
2024-10-28,2024,-1,1,0.3794642857142857,True
2024-10-28,2024,1,1,0.6205357142857143,False
2024-10-28,2024,-1,2,0.23809523809523808,True
2024-10-28,2024,1,2,0.7619047619047619,False
2024-10-28,2024,-1,3,0.14583333333333334,True
2024-10-28,2024,1,3,0.8541666666666666,False
2024-10-28,2024,-1,5,0.13095238095238096,True
2024-10-28,2024,1,5,0.8690476190476191,False
2024-10-28,2024,-1,7,0.010416666666666666,True
2024-10-28,2024,1,7,0.9895833333333334,False
2024-10-28,2024,-1,8,0.11607142857142858,True
2024-10-28,2024,1,8,0.8839285714285714,False
2024-10-30,2024,-1,0,0.8161764705882353,False
2024-10-30,2024,1,0,0.18382352941176472,True
2024-10-30,2024,-1,2,0.8982843137254902,False
2024-10-30,2024,1,2,0.1017156862745098,True
2024-10-30,2024,-1,5,0.9044117647058824,False
2024-10-30,2024,1,5,0.09558823529411764,False
2024-10-30,2024,-1,6,0.8799019607843137,False
2024-10-30,2024,1,6,0.12009803921568628,False
2024-10-30,2024,-1,7,0.7524509803921569,False
2024-10-30,2024,1,7,0.24754901960784315,False
2024-10-30,2024,-1,8,0.5416666666666666,False
2024-10-30,2024,1,8,0.4583333333333333,False
2024-10-30,2024,-1,9,0.6384803921568627,False
2024-10-30,2024,1,9,0.36151960784313725,False
2024-10-30,2024,-1,10,0.6801470588235294,False
2024-10-30,2024,1,10,0.31985294117647056,False
2024-10-30,2024,-1,11,0.5183823529411765,False
2024-10-30,2024,1,11,0.48161764705882354,False
2024-11-08,2024,-1,0,0.707089552238806,False
2024-11-08,2024,1,0,0.292910447761194,True
2024-11-08,2024,-1,1,0.5876865671641791,False
2024-11-08,2024,1,1,0.4123134328358209,True
2024-11-08,2024,-1,2,0.6268656716417911,False
2024-11-08,2024,1,2,0.373134328358209,True
2024-11-08,2024,-1,3,0.7238805970149254,False
2024-11-08,2024,1,3,0.27611940298507465,True
2024-11-08,2024,-1,4,0.7854477611940298,False
2024-11-08,2024,1,4,0.21455223880597016,True
2024-11-08,2024,-1,5,0.6716417910447762,False
2024-11-08,2024,1,5,0.3283582089552239,True
2024-11-08,2024,-1,6,0.7798507462686567,False
2024-11-08,2024,1,6,0.22014925373134328,True
2024-11-08,2024,-1,7,0.8899253731343284,False
2024-11-08,2024,1,7,0.11007462686567164,True
2024-11-08,2024,-1,10,0.9048507462686567,False
2024-11-08,2024,1,10,0.09514925373134328,False
2024-11-08,2024,-1,11,0.792910447761194,False
2024-11-08,2024,1,11,0.20708955223880596,False
2024-11-12,2024,-1,1,0.8790322580645161,True
2024-11-12,2024,1,1,0.12096774193548387,True
2024-11-12,2024,-1,2,0.3629032258064516,True
2024-11-12,2024,1,2,0.6370967741935484,False
2024-11-12,2024,-1,3,0.3185483870967742,True
2024-11-12,2024,1,3,0.6814516129032258,False
2024-11-12,2024,-1,8,0.32661290322580644,False
2024-11-12,2024,1,8,0.6733870967741935,False
2024-11-12,2024,-1,9,0.46774193548387094,False
2024-11-12,2024,1,9,0.532258064516129,False
2024-11-12,2024,-1,10,0.4314516129032258,False
2024-11-12,2024,1,10,0.5685483870967742,False
2024-11-12,2024,-1,11,0.38306451612903225,False
2024-11-12,2024,1,11,0.6169354838709677,False
2024-11-14,2024,-1,3,0.11479591836734694,True
2024-11-14,2024,1,3,0.8852040816326531,False
2024-11-14,2024,-1,4,0.015306122448979591,True
2024-11-14,2024,1,4,0.9846938775510204,False
2024-11-18,2024,-1,0,0.6277777777777778,False
2024-11-18,2024,1,0,0.37222222222222223,True
2024-11-20,2024,-1,0,0.15476190476190477,True
2024-11-20,2024,1,0,0.8452380952380952,False
2024-11-20,2024,-1,2,0.2154761904761905,True
2024-11-20,2024,1,2,0.7845238095238095,False
2024-11-20,2024,-1,4,0.5095238095238095,True
2024-11-20,2024,1,4,0.49047619047619045,False
2024-11-20,2024,-1,5,0.22738095238095238,True
2024-11-20,2024,1,5,0.7726190476190476,False
2024-11-20,2024,-1,6,0.12023809523809524,True
2024-11-20,2024,1,6,0.8797619047619047,False
2024-11-20,2024,-1,7,0.21904761904761905,True
2024-11-20,2024,1,7,0.780952380952381,False
2024-11-20,2024,-1,8,0.039285714285714285,True
2024-11-20,2024,1,8,0.9607142857142857,False
2024-11-20,2024,-1,10,0.12857142857142856,False
2024-11-20,2024,1,10,0.8714285714285714,False
2024-11-20,2024,-1,11,0.3488095238095238,False
2024-11-20,2024,1,11,0.6511904761904762,False
2024-11-22,2024,-1,0,0.90125,False
2024-11-22,2024,1,0,0.09875,True
2024-11-22,2024,-1,1,0.32875,False
2024-11-22,2024,1,1,0.67125,True
2024-11-22,2024,-1,2,0.835,False
2024-11-22,2024,1,2,0.165,True
2024-11-22,2024,-1,3,0.5175,False
2024-11-22,2024,1,3,0.4825,True
2024-11-22,2024,-1,4,0.6875,False
2024-11-22,2024,1,4,0.3125,True
2024-11-22,2024,-1,5,0.81125,False
2024-11-22,2024,1,5,0.18875,True
2024-11-22,2024,-1,6,0.89625,False
2024-11-22,2024,1,6,0.10375,True
2024-11-22,2024,-1,7,0.87875,False
2024-11-22,2024,1,7,0.12125,False
2024-11-22,2024,-1,8,0.855,False
2024-11-22,2024,1,8,0.145,False
2024-11-22,2024,-1,9,0.75625,False
2024-11-22,2024,1,9,0.24375,False
2024-11-22,2024,-1,10,0.85625,False
2024-11-22,2024,1,10,0.14375,False
2024-11-22,2024,-1,11,0.74,False
2024-11-22,2024,1,11,0.26,False
2024-11-26,2024,-1,5,0.9486607142857143,False
2024-11-26,2024,1,5,0.05133928571428571,True
2024-11-26,2024,-1,9,0.7544642857142857,False
2024-11-26,2024,1,9,0.24553571428571427,True
2024-11-26,2024,-1,10,0.84375,False
2024-11-26,2024,1,10,0.15625,True
2024-12-09,2024,-1,0,0.475,True
2024-12-09,2024,1,0,0.525,False
2024-12-10,2024,-1,0,0.9035087719298246,True
2024-12-10,2024,1,0,0.09649122807017543,True
2024-12-10,2024,-1,2,0.5394736842105263,True
2024-12-10,2024,1,2,0.4605263157894737,False
2024-12-10,2024,-1,3,0.26096491228070173,True
2024-12-10,2024,1,3,0.7390350877192983,False
2024-12-10,2024,-1,4,0.3508771929824561,True
2024-12-10,2024,1,4,0.6491228070175439,False
2024-12-10,2024,-1,5,0.32456140350877194,True
2024-12-10,2024,1,5,0.6754385964912281,False
2024-12-10,2024,-1,6,0.2324561403508772,True
2024-12-10,2024,1,6,0.7675438596491229,False
2024-12-10,2024,-1,7,0.29605263157894735,True
2024-12-10,2024,1,7,0.7039473684210527,False
2024-12-10,2024,-1,8,0.08333333333333333,True
2024-12-10,2024,1,8,0.9166666666666666,False
2024-12-10,2024,-1,9,0.07236842105263158,True
2024-12-10,2024,1,9,0.9276315789473685,False
2024-12-17,2024,-1,0,0.15517241379310345,True
2024-12-17,2024,1,0,0.8448275862068966,False
2024-12-17,2024,-1,2,0.15948275862068967,True
2024-12-17,2024,1,2,0.8405172413793104,False
2024-12-17,2024,-1,3,0.34339080459770116,True
2024-12-17,2024,1,3,0.6566091954022989,False
2024-12-17,2024,-1,4,0.34195402298850575,True
2024-12-17,2024,1,4,0.6580459770114943,False
2024-12-17,2024,-1,5,0.3390804597701149,True
2024-12-17,2024,1,5,0.6609195402298851,False
2024-12-17,2024,-1,6,0.33620689655172414,True
2024-12-17,2024,1,6,0.6637931034482759,False
2024-12-17,2024,-1,7,0.20977011494252873,True
2024-12-17,2024,1,7,0.7902298850574713,False
2024-12-17,2024,-1,8,0.14942528735632185,True
2024-12-17,2024,1,8,0.8505747126436781,False
2024-12-17,2024,-1,9,0.040229885057471264,True
2024-12-17,2024,1,9,0.9597701149425287,False
2024-12-17,2024,-1,10,0.01867816091954023,True
2024-12-17,2024,1,10,0.9813218390804598,False
2024-12-18,2024,-1,0,0.24609375,True
2024-12-18,2024,1,0,0.75390625,True
2024-12-18,2024,-1,1,0.640625,True
2024-12-18,2024,1,1,0.359375,True
2024-12-18,2024,-1,2,0.75390625,True
2024-12-18,2024,1,2,0.24609375,True
2024-12-18,2024,-1,3,0.609375,True
2024-12-18,2024,1,3,0.390625,False
2024-12-18,2024,-1,4,0.53125,True
2024-12-18,2024,1,4,0.46875,False
2024-12-18,2024,-1,5,0.4765625,True
2024-12-18,2024,1,5,0.5234375,False
2024-12-18,2024,-1,6,0.4765625,True
2024-12-18,2024,1,6,0.5234375,False
2024-12-18,2024,-1,7,0.33984375,True
2024-12-18,2024,1,7,0.66015625,False
2024-12-18,2024,-1,8,0.421875,True
2024-12-18,2024,1,8,0.578125,False
2024-12-23,2024,-1,0,0.4551282051282051,True
2024-12-23,2024,1,0,0.5448717948717948,False
2024-12-23,2024,-1,1,0.17147435897435898,False
2024-12-23,2024,1,1,0.8285256410256411,False
2024-12-23,2024,-1,2,0.23076923076923078,False
2024-12-23,2024,1,2,0.7692307692307693,False
2024-12-23,2024,-1,3,0.4639423076923077,False
2024-12-23,2024,1,3,0.5360576923076923,False
2024-12-23,2024,-1,4,0.6578525641025641,False
2024-12-23,2024,1,4,0.3421474358974359,False
2024-12-23,2024,-1,5,0.5897435897435898,False
2024-12-23,2024,1,5,0.41025641025641024,False
2024-12-23,2024,-1,6,0.6634615384615384,False
2024-12-23,2024,1,6,0.33653846153846156,False
2024-12-23,2024,-1,7,0.7443910256410257,False
2024-12-23,2024,1,7,0.25560897435897434,False
2024-12-23,2024,-1,8,0.8245192307692307,False
2024-12-23,2024,1,8,0.17548076923076922,False
2024-12-23,2024,-1,9,0.8653846153846154,False
2024-12-23,2024,1,9,0.1346153846153846,False
2024-12-23,2024,-1,10,0.7051282051282052,False
2024-12-23,2024,1,10,0.2948717948717949,False
2024-12-23,2024,-1,11,0.7035256410256411,False
2024-12-23,2024,1,11,0.296474358974359,False
2024-12-31,2024,-1,0,0.42045454545454547,True
2024-12-31,2024,1,0,0.5795454545454546,False
2024-12-31,2024,-1,1,0.3375,True
2024-12-31,2024,1,1,0.6625,False
2024-12-31,2024,-1,2,0.16818181818181818,True
2024-12-31,2024,1,2,0.8318181818181818,False
2025-01-02,2025,-1,1,0.475,True
2025-01-02,2025,1,1,0.525,False
2025-01-02,2025,-1,2,0.41973684210526313,True
2025-01-02,2025,1,2,0.5802631578947368,False
2025-01-02,2025,-1,3,0.5013157894736842,True
2025-01-02,2025,1,3,0.4986842105263158,False
2025-01-02,2025,-1,4,0.625,True
2025-01-02,2025,1,4,0.375,False
2025-01-03,2025,-1,1,0.9361510791366906,False
2025-01-03,2025,1,1,0.06384892086330936,True
2025-01-29,2025,-1,0,0.5673913043478261,True
2025-01-29,2025,1,0,0.4326086956521739,False
2025-01-29,2025,-1,1,0.5010869565217392,True
2025-01-29,2025,1,1,0.4989130434782609,False
2025-01-29,2025,-1,2,0.5163043478260869,True
2025-01-29,2025,1,2,0.483695652173913,False
2025-01-29,2025,-1,3,0.4391304347826087,True
2025-01-29,2025,1,3,0.5608695652173913,False
2025-01-29,2025,-1,4,0.41847826086956524,True
2025-01-29,2025,1,4,0.5815217391304348,False
2025-01-29,2025,-1,5,0.6130434782608696,True
2025-01-29,2025,1,5,0.3869565217391304,False
2025-01-29,2025,-1,6,0.42282608695652174,True
2025-01-29,2025,1,6,0.5771739130434783,False
2025-01-29,2025,-1,7,0.45543478260869563,True
2025-01-29,2025,1,7,0.5445652173913044,False
2025-01-29,2025,-1,8,0.34782608695652173,True
2025-01-29,2025,1,8,0.6521739130434783,False
2025-01-29,2025,-1,9,0.05434782608695652,True
2025-01-29,2025,1,9,0.9456521739130435,False
2025-01-29,2025,-1,10,0.6532608695652173,False
2025-01-29,2025,1,10,0.3467391304347826,False
2025-01-29,2025,-1,11,0.8532608695652174,False
2025-01-29,2025,1,11,0.14673913043478262,False
2025-02-26,2025,-1,6,0.9739010989010989,True
2025-02-26,2025,1,6,0.0260989010989011,True
2025-02-26,2025,-1,7,0.5480769230769231,True
2025-02-26,2025,1,7,0.4519230769230769,False
2025-02-26,2025,-1,8,0.16483516483516483,True
2025-02-26,2025,1,8,0.8351648351648352,False
2025-02-26,2025,-1,9,0.28846153846153844,False
2025-02-26,2025,1,9,0.7115384615384616,False
2025-02-26,2025,-1,10,0.12087912087912088,False
2025-02-26,2025,1,10,0.8791208791208791,False
2025-02-26,2025,-1,11,0.42032967032967034,False
2025-02-26,2025,1,11,0.5796703296703297,False
2025-03-07,2025,-1,0,0.3869760479041916,True
2025-03-07,2025,1,0,0.6130239520958084,False
2025-03-07,2025,-1,1,0.1437125748502994,True
2025-03-07,2025,1,1,0.8562874251497006,False
2025-03-07,2025,-1,2,0.030688622754491017,True
2025-03-07,2025,1,2,0.969311377245509,False
2025-03-07,2025,-1,7,0.12949101796407186,False
2025-03-07,2025,1,7,0.8705089820359282,False
2025-03-07,2025,-1,8,0.4752994011976048,False
2025-03-07,2025,1,8,0.5247005988023952,False
2025-03-07,2025,-1,9,0.7223053892215568,False
2025-03-07,2025,1,9,0.2776946107784431,False
2025-03-07,2025,-1,10,0.5456586826347305,False
2025-03-07,2025,1,10,0.45434131736526945,False
2025-03-07,2025,-1,11,0.6429640718562875,False
2025-03-07,2025,1,11,0.3570359281437126,False
2025-03-17,2025,-1,2,0.8716216216216216,False
2025-03-17,2025,1,2,0.12837837837837837,True
2025-03-17,2025,-1,3,0.8327702702702703,False
2025-03-17,2025,1,3,0.16722972972972974,True
2025-03-17,2025,-1,4,0.8344594594594594,False
2025-03-17,2025,1,4,0.16554054054054054,True
2025-03-17,2025,-1,5,0.7516891891891891,False
2025-03-17,2025,1,5,0.2483108108108108,True
2025-03-17,2025,-1,6,0.956081081081081,False
2025-03-17,2025,1,6,0.04391891891891892,True
2025-03-20,2025,-1,0,0.8724226804123711,False
2025-03-20,2025,1,0,0.12757731958762886,True
2025-03-20,2025,-1,5,0.5966494845360825,False
2025-03-20,2025,1,5,0.40335051546391754,False
2025-03-20,2025,-1,6,0.5734536082474226,False
2025-03-20,2025,1,6,0.4265463917525773,False
2025-03-20,2025,-1,7,0.3402061855670103,False
2025-03-20,2025,1,7,0.6597938144329897,False
2025-03-20,2025,-1,8,0.43041237113402064,False
2025-03-20,2025,1,8,0.5695876288659794,False
2025-03-20,2025,-1,9,0.22164948453608246,False
2025-03-20,2025,1,9,0.7783505154639175,False
2025-03-20,2025,-1,10,0.2822164948453608,False
2025-03-20,2025,1,10,0.7177835051546392,False
2025-03-20,2025,-1,11,0.35180412371134023,False
2025-03-20,2025,1,11,0.6481958762886598,False
2025-04-11,2025,-1,0,0.7138429752066116,False
2025-04-11,2025,1,0,0.28615702479338845,True
2025-04-11,2025,-1,1,0.20506198347107438,False
2025-04-11,2025,1,1,0.7949380165289256,True
2025-04-11,2025,-1,2,0.431301652892562,False
2025-04-11,2025,1,2,0.568698347107438,True
2025-04-11,2025,-1,3,0.43285123966942146,False
2025-04-11,2025,1,3,0.5671487603305785,True
2025-04-11,2025,-1,4,0.7510330578512396,False
2025-04-11,2025,1,4,0.24896694214876033,True
2025-04-11,2025,-1,5,0.7515495867768595,False
2025-04-11,2025,1,5,0.2484504132231405,True
2025-04-11,2025,-1,7,0.9085743801652892,False
2025-04-11,2025,1,7,0.09142561983471074,True
2025-04-15,2025,-1,0,0.6037581699346405,False
2025-04-15,2025,1,0,0.39624183006535946,False
2025-04-15,2025,-1,1,0.2777777777777778,False
2025-04-15,2025,1,1,0.7222222222222222,False
2025-04-15,2025,-1,2,0.44281045751633985,False
2025-04-15,2025,1,2,0.5571895424836601,False
2025-04-15,2025,-1,3,0.42320261437908496,False
2025-04-15,2025,1,3,0.576797385620915,False
2025-04-15,2025,-1,4,0.5465686274509803,False
2025-04-15,2025,1,4,0.4534313725490196,False
2025-04-15,2025,-1,5,0.6053921568627451,False
2025-04-15,2025,1,5,0.3946078431372549,False
2025-04-15,2025,-1,6,0.26552287581699346,False
2025-04-15,2025,1,6,0.7344771241830066,False
2025-04-15,2025,-1,7,0.13725490196078433,False
2025-04-15,2025,1,7,0.8627450980392157,False
2025-04-15,2025,-1,8,0.22630718954248366,False
2025-04-15,2025,1,8,0.7736928104575164,False
2025-04-15,2025,-1,9,0.11601307189542484,False
2025-04-15,2025,1,9,0.8839869281045751,False
2025-04-15,2025,-1,10,0.30310457516339867,False
2025-04-15,2025,1,10,0.6968954248366013,False
2025-04-15,2025,-1,11,0.25980392156862747,False
2025-04-15,2025,1,11,0.7401960784313726,False
2025-04-17,2025,-1,0,0.28475935828877,True
2025-04-17,2025,1,0,0.7152406417112299,False
2025-04-17,2025,-1,5,0.22727272727272727,True
2025-04-17,2025,1,5,0.7727272727272727,False
2025-04-17,2025,-1,6,0.25,True
2025-04-17,2025,1,6,0.75,False
2025-04-17,2025,-1,7,0.0213903743315508,True
2025-04-17,2025,1,7,0.9786096256684492,False
2025-04-17,2025,-1,8,0.24866310160427807,True
2025-04-17,2025,1,8,0.7513368983957219,False
2025-04-17,2025,-1,9,0.321524064171123,True
2025-04-17,2025,1,9,0.678475935828877,False
2025-04-17,2025,-1,10,0.1590909090909091,True
2025-04-17,2025,1,10,0.8409090909090909,False
2025-04-17,2025,-1,11,0.03676470588235294,True
2025-04-17,2025,1,11,0.9632352941176471,False
2025-04-29,2025,-1,0,0.6767241379310345,False
2025-04-29,2025,1,0,0.3232758620689655,True
2025-04-29,2025,-1,1,0.6487068965517241,False
2025-04-29,2025,1,1,0.35129310344827586,True
2025-04-29,2025,-1,3,0.8933189655172413,False
2025-04-29,2025,1,3,0.10668103448275862,True
2025-04-29,2025,-1,4,0.8275862068965517,False
2025-04-29,2025,1,4,0.1724137931034483,True
2025-04-29,2025,-1,5,0.9428879310344828,False
2025-04-29,2025,1,5,0.057112068965517244,True
2025-04-29,2025,-1,6,0.6325431034482759,False
2025-04-29,2025,1,6,0.36745689655172414,True
2025-04-29,2025,-1,7,0.915948275862069,False
2025-04-29,2025,1,7,0.08405172413793104,True
2025-05-07,2025,-1,0,0.8724489795918368,True
2025-05-07,2025,1,0,0.12755102040816327,True
2025-05-07,2025,-1,6,0.4897959183673469,True
2025-05-07,2025,1,6,0.5102040816326531,True
2025-05-07,2025,-1,7,0.49744897959183676,True
2025-05-07,2025,1,7,0.5025510204081632,True
2025-05-07,2025,-1,10,0.35714285714285715,True
2025-05-07,2025,1,10,0.6428571428571429,True
2025-05-09,2025,-1,0,0.6491596638655462,True
2025-05-09,2025,1,0,0.35084033613445376,False
2025-05-09,2025,-1,1,0.14285714285714285,True
2025-05-09,2025,1,1,0.8571428571428571,False
2025-05-09,2025,-1,2,0.17857142857142858,True
2025-05-09,2025,1,2,0.8214285714285714,False
2025-05-09,2025,-1,3,0.1407563025210084,True
2025-05-09,2025,1,3,0.8592436974789915,False
2025-05-09,2025,-1,4,0.29516806722689076,True
2025-05-09,2025,1,4,0.7048319327731093,False
2025-05-09,2025,-1,5,0.005252100840336135,True
2025-05-09,2025,1,5,0.9947478991596639,False
2025-05-09,2025,-1,7,0.018907563025210083,True
2025-05-09,2025,1,7,0.9810924369747899,False
2025-05-09,2025,-1,8,0.23529411764705882,False
2025-05-09,2025,1,8,0.7647058823529411,False
2025-05-09,2025,-1,9,0.10189075630252101,False
2025-05-09,2025,1,9,0.898109243697479,False
2025-05-09,2025,-1,10,0.17647058823529413,False
2025-05-09,2025,1,10,0.8235294117647058,False
2025-05-09,2025,-1,11,0.24054621848739496,False
2025-05-09,2025,1,11,0.759453781512605,False
2025-05-14,2025,-1,0,0.9166666666666666,False
2025-05-14,2025,1,0,0.08333333333333333,True
2025-05-14,2025,-1,7,0.7973484848484849,False
2025-05-14,2025,1,7,0.20265151515151514,True
2025-05-16,2025,-1,0,0.6447368421052632,False
2025-05-16,2025,1,0,0.35526315789473684,True
2025-05-16,2025,-1,1,0.49473684210526314,False
2025-05-16,2025,1,1,0.5052631578947369,True
2025-05-16,2025,-1,2,0.3815789473684211,False
2025-05-16,2025,1,2,0.618421052631579,True
2025-05-16,2025,-1,3,0.42105263157894735,False
2025-05-16,2025,1,3,0.5789473684210527,True
2025-05-16,2025,-1,4,0.4934210526315789,False
2025-05-16,2025,1,4,0.506578947368421,True
2025-05-16,2025,-1,5,0.6131578947368421,False
2025-05-16,2025,1,5,0.3868421052631579,True
2025-05-16,2025,-1,6,0.5723684210526315,False
2025-05-16,2025,1,6,0.4276315789473684,True
2025-05-16,2025,-1,7,0.7328947368421053,False
2025-05-16,2025,1,7,0.26710526315789473,True
2025-05-16,2025,-1,8,0.6631578947368421,False
2025-05-16,2025,1,8,0.3368421052631579,True
2025-05-16,2025,-1,9,0.7355263157894737,False
2025-05-16,2025,1,9,0.2644736842105263,True
2025-05-16,2025,-1,10,0.8302631578947368,False
2025-05-16,2025,1,10,0.16973684210526316,True
2025-05-16,2025,-1,11,0.9328947368421052,False
2025-05-16,2025,1,11,0.06710526315789474,True
2025-05-20,2025,-1,0,0.046370967741935484,True
2025-05-20,2025,1,0,0.9536290322580645,False
2025-05-20,2025,-1,1,0.04838709677419355,True
2025-05-20,2025,1,1,0.9516129032258065,False
2025-05-20,2025,-1,2,0.1532258064516129,True
2025-05-20,2025,1,2,0.8467741935483871,False
2025-05-20,2025,-1,3,0.2721774193548387,True
2025-05-20,2025,1,3,0.7278225806451613,False
2025-05-20,2025,-1,4,0.3810483870967742,True
2025-05-20,2025,1,4,0.6189516129032258,False
2025-05-20,2025,-1,5,0.34274193548387094,True
2025-05-20,2025,1,5,0.657258064516129,False
2025-05-20,2025,-1,6,0.5625,True
2025-05-20,2025,1,6,0.4375,False
2025-05-20,2025,-1,7,0.5241935483870968,True
2025-05-20,2025,1,7,0.47580645161290325,False
2025-05-20,2025,-1,8,0.34274193548387094,True
2025-05-20,2025,1,8,0.657258064516129,False
2025-05-30,2025,-1,1,0.26071428571428573,True
2025-05-30,2025,1,1,0.7392857142857143,False
2025-05-30,2025,-1,2,0.048214285714285716,True
2025-05-30,2025,1,2,0.9517857142857142,False
2025-05-30,2025,-1,3,0.14464285714285716,True
2025-05-30,2025,1,3,0.8553571428571428,False
2025-05-30,2025,-1,11,0.28214285714285714,True
2025-05-30,2025,1,11,0.7178571428571429,False
2025-06-02,2025,-1,0,0.45331325301204817,False
2025-06-02,2025,1,0,0.5466867469879518,True
2025-06-02,2025,-1,1,0.8810240963855421,False
2025-06-02,2025,1,1,0.11897590361445783,True
2025-06-02,2025,-1,2,0.9894578313253012,False
2025-06-02,2025,1,2,0.010542168674698794,True
2025-06-02,2025,-1,3,0.8253012048192772,False
2025-06-02,2025,1,3,0.1746987951807229,True
2025-06-04,2025,-1,0,0.9767857142857143,False
2025-06-04,2025,1,0,0.023214285714285715,True
2025-06-04,2025,-1,1,0.9375,False
2025-06-04,2025,1,1,0.0625,True
2025-06-04,2025,-1,5,0.7678571428571429,False
2025-06-04,2025,1,5,0.23214285714285715,True
2025-06-06,2025,-1,0,0.86625,False
2025-06-06,2025,1,0,0.13375,True
2025-06-06,2025,-1,1,0.59,False
2025-06-06,2025,1,1,0.41,True
2025-06-06,2025,-1,2,0.76375,False
2025-06-06,2025,1,2,0.23625,True
2025-06-06,2025,-1,3,0.61875,False
2025-06-06,2025,1,3,0.38125,True
2025-06-06,2025,-1,4,0.6975,False
2025-06-06,2025,1,4,0.3025,True
2025-06-06,2025,-1,5,0.6125,False
2025-06-06,2025,1,5,0.3875,True
2025-06-06,2025,-1,6,0.44125,False
2025-06-06,2025,1,6,0.55875,True
2025-06-06,2025,-1,7,0.6075,False
2025-06-06,2025,1,7,0.3925,True
2025-06-06,2025,-1,8,0.77375,False
2025-06-06,2025,1,8,0.22625,True
2025-06-06,2025,-1,9,0.88625,False
2025-06-06,2025,1,9,0.11375,True
2025-06-06,2025,-1,10,0.84125,False
2025-06-06,2025,1,10,0.15875,False
2025-06-06,2025,-1,11,0.71,False
2025-06-06,2025,1,11,0.29,False
2025-06-09,2025,-1,0,0.036290322580645164,False
2025-06-09,2025,1,0,0.9637096774193549,True
2025-06-09,2025,-1,2,0.9233870967741935,False
2025-06-09,2025,1,2,0.07661290322580645,True
2025-06-09,2025,-1,3,0.6411290322580645,False
2025-06-09,2025,1,3,0.3588709677419355,True
2025-06-09,2025,-1,4,0.875,False
2025-06-09,2025,1,4,0.125,True
2025-06-09,2025,-1,5,0.7298387096774194,False
2025-06-09,2025,1,5,0.2701612903225806,True
2025-06-10,2025,-1,0,0.6346153846153846,True
2025-06-10,2025,1,0,0.36538461538461536,True
2025-06-10,2025,-1,1,0.9230769230769231,True
2025-06-10,2025,1,1,0.07692307692307693,True
2025-06-10,2025,-1,2,0.5528846153846154,True
2025-06-10,2025,1,2,0.44711538461538464,True
2025-06-10,2025,-1,3,0.6298076923076923,True
2025-06-10,2025,1,3,0.3701923076923077,True
2025-06-10,2025,-1,4,0.9615384615384616,True
2025-06-10,2025,1,4,0.038461538461538464,True
2025-06-10,2025,-1,8,0.9423076923076923,True
2025-06-10,2025,1,8,0.057692307692307696,True
2025-06-10,2025,-1,9,0.9375,False
2025-06-10,2025,1,9,0.0625,True
2025-06-18,2025,-1,0,0.075,True
2025-06-18,2025,1,0,0.925,False
2025-06-18,2025,-1,1,0.555,True
2025-06-18,2025,1,1,0.445,False
2025-06-18,2025,-1,2,0.5983333333333334,True
2025-06-18,2025,1,2,0.40166666666666667,False
2025-06-18,2025,-1,3,0.4033333333333333,True
2025-06-18,2025,1,3,0.5966666666666667,False
2025-06-18,2025,-1,4,0.3283333333333333,True
2025-06-18,2025,1,4,0.6716666666666666,False
2025-06-18,2025,-1,5,0.25833333333333336,True
2025-06-18,2025,1,5,0.7416666666666667,False
2025-06-18,2025,-1,6,0.255,True
2025-06-18,2025,1,6,0.745,False
2025-06-18,2025,-1,8,0.28,True
2025-06-18,2025,1,8,0.72,False
2025-06-18,2025,-1,9,0.14833333333333334,True
2025-06-18,2025,1,9,0.8516666666666667,False
2025-06-23,2025,-1,5,0.5767857142857142,True
2025-06-23,2025,1,5,0.4232142857142857,True
2025-06-23,2025,-1,6,0.4357142857142857,False
2025-06-23,2025,1,6,0.5642857142857143,True
2025-07-02,2025,-1,0,0.6228070175438597,False
2025-07-02,2025,1,0,0.37719298245614036,True
2025-07-25,2025,-1,0,0.75,False
2025-07-25,2025,1,0,0.25,True
2025-07-30,2025,-1,0,0.39285714285714285,True
2025-07-30,2025,1,0,0.6071428571428571,True
2025-07-30,2025,-1,1,0.5575396825396826,True
2025-07-30,2025,1,1,0.44246031746031744,True
2025-07-30,2025,-1,2,0.6448412698412699,True
2025-07-30,2025,1,2,0.3551587301587302,True
2025-07-30,2025,-1,3,0.4246031746031746,True
2025-07-30,2025,1,3,0.5753968253968254,True
2025-07-30,2025,-1,4,0.7638888888888888,True
2025-07-30,2025,1,4,0.2361111111111111,True
2025-07-30,2025,-1,5,0.8075396825396826,True
2025-07-30,2025,1,5,0.19246031746031747,True
2025-07-30,2025,-1,6,0.7976190476190477,True
2025-07-30,2025,1,6,0.20238095238095238,True
2025-07-30,2025,-1,7,0.7321428571428571,True
2025-07-30,2025,1,7,0.26785714285714285,True
2025-07-30,2025,-1,8,0.8452380952380952,True
2025-07-30,2025,1,8,0.15476190476190477,True
2025-07-30,2025,-1,9,0.9623015873015873,True
2025-07-30,2025,1,9,0.037698412698412696,True
2025-08-06,2025,-1,0,0.626984126984127,False
2025-08-06,2025,1,0,0.373015873015873,True
2025-08-06,2025,-1,1,0.6170634920634921,False
2025-08-06,2025,1,1,0.38293650793650796,True
2025-08-08,2025,-1,0,0.9579439252336449,False
2025-08-08,2025,1,0,0.04205607476635514,True
2025-08-08,2025,-1,2,1.0,False
2025-08-08,2025,1,2,0.0,True
2025-08-12,2025,-1,1,0.8625,False
2025-08-12,2025,1,1,0.1375,True
2025-08-21,2025,-1,0,0.12729357798165136,True
2025-08-21,2025,1,0,0.8727064220183486,False
2025-08-21,2025,-1,1,0.8532110091743119,True
2025-08-21,2025,1,1,0.14678899082568808,False
2025-08-21,2025,-1,2,0.625,True
2025-08-21,2025,1,2,0.375,False
2025-08-21,2025,-1,3,0.44724770642201833,True
2025-08-21,2025,1,3,0.5527522935779816,False
2025-08-21,2025,-1,4,0.20756880733944955,True
2025-08-21,2025,1,4,0.7924311926605505,False
2025-08-21,2025,-1,5,0.10894495412844037,True
2025-08-21,2025,1,5,0.8910550458715596,False
2025-08-21,2025,-1,6,0.011467889908256881,True
2025-08-21,2025,1,6,0.9885321100917431,False
2025-08-21,2025,-1,8,0.2591743119266055,False
2025-08-21,2025,1,8,0.7408256880733946,False
2025-08-21,2025,-1,9,0.1823394495412844,False
2025-08-21,2025,1,9,0.8176605504587156,False
2025-08-21,2025,-1,10,0.30619266055045874,False
2025-08-21,2025,1,10,0.6938073394495413,False
2025-08-21,2025,-1,11,0.35894495412844035,False
2025-08-21,2025,1,11,0.6410550458715596,False
2025-08-22,2025,-1,0,0.8858695652173914,False
2025-08-22,2025,1,0,0.11413043478260869,True
2025-08-27,2025,-1,0,0.7592592592592593,False
2025-08-27,2025,1,0,0.24074074074074073,True
2025-09-09,2025,-1,0,0.3952702702702703,True
2025-09-09,2025,1,0,0.6047297297297297,True
2025-09-09,2025,-1,1,0.33783783783783783,True
2025-09-09,2025,1,1,0.6621621621621622,True
2025-09-09,2025,-1,2,0.0,True
2025-09-09,2025,1,2,1.0,True
2025-09-09,2025,-1,5,0.4358108108108108,False
2025-09-09,2025,1,5,0.5641891891891891,True
2025-09-09,2025,-1,6,0.4797297297297297,False
2025-09-09,2025,1,6,0.5202702702702703,True
2025-09-09,2025,-1,7,0.7601351351351351,False
2025-09-09,2025,1,7,0.23986486486486486,True
2025-09-09,2025,-1,8,0.7263513513513513,False
2025-09-09,2025,1,8,0.27364864864864863,True
2025-09-09,2025,-1,9,0.6452702702702703,False
2025-09-09,2025,1,9,0.3547297297297297,True
2025-09-09,2025,-1,10,0.7871621621621622,False
2025-09-09,2025,1,10,0.21283783783783783,True
2025-09-09,2025,-1,11,0.956081081081081,False
2025-09-09,2025,1,11,0.04391891891891892,True
2025-09-11,2025,-1,0,0.9728260869565217,False
2025-09-11,2025,1,0,0.02717391304347826,True
2025-09-11,2025,-1,1,0.8260869565217391,False
2025-09-11,2025,1,1,0.17391304347826086,True
2025-09-17,2025,-1,11,0.2777777777777778,True
2025-09-17,2025,1,11,0.7222222222222222,False
2025-09-19,2025,-1,0,0.9613095238095238,True
2025-09-19,2025,1,0,0.03869047619047619,True
2025-09-19,2025,-1,1,0.8660714285714286,True
2025-09-19,2025,1,1,0.13392857142857142,True
2025-09-19,2025,-1,2,0.6458333333333334,True
2025-09-19,2025,1,2,0.3541666666666667,True
2025-09-19,2025,-1,3,0.2113095238095238,True
2025-09-19,2025,1,3,0.7886904761904762,True
2025-09-19,2025,-1,4,0.7321428571428571,False
2025-09-19,2025,1,4,0.26785714285714285,True
2025-09-26,2025,-1,1,0.24632352941176472,False
2025-09-26,2025,1,1,0.7536764705882353,True
2025-09-26,2025,-1,2,0.21875,False
2025-09-26,2025,1,2,0.78125,True
2025-09-26,2025,-1,3,0.7077205882352942,False
2025-09-26,2025,1,3,0.2922794117647059,True
2025-09-26,2025,-1,4,0.33088235294117646,False
2025-09-26,2025,1,4,0.6691176470588235,True
2025-09-26,2025,-1,5,0.9246323529411765,False
2025-09-26,2025,1,5,0.07536764705882353,True
2025-09-30,2025,-1,2,0.33958333333333335,True
2025-09-30,2025,1,2,0.6604166666666667,False
2025-09-30,2025,-1,4,0.075,True
2025-09-30,2025,1,4,0.925,False
2025-09-30,2025,-1,5,0.075,True
2025-09-30,2025,1,5,0.925,False
2025-09-30,2025,-1,9,0.21458333333333332,False
2025-09-30,2025,1,9,0.7854166666666667,False
2025-09-30,2025,-1,10,0.3,False
2025-09-30,2025,1,10,0.7,False
2025-09-30,2025,-1,11,0.5020833333333333,False
2025-09-30,2025,1,11,0.4979166666666667,False
2025-10-01,2025,-1,0,0.3875,False
2025-10-01,2025,1,0,0.6125,True
2025-10-08,2025,-1,0,0.9502551020408163,False
2025-10-08,2025,1,0,0.04974489795918367,True
2025-10-13,2025,-1,0,0.29249291784702547,False
2025-10-13,2025,1,0,0.7075070821529745,False
2025-10-13,2025,-1,1,0.20219546742209632,False
2025-10-13,2025,1,1,0.7978045325779037,False
2025-10-13,2025,-1,2,0.10835694050991501,False
2025-10-13,2025,1,2,0.8916430594900849,False
2025-10-13,2025,-1,3,0.27797450424929177,False
2025-10-13,2025,1,3,0.7220254957507082,False
2025-10-13,2025,-1,4,0.2988668555240793,False
2025-10-13,2025,1,4,0.7011331444759207,False
2025-10-13,2025,-1,5,0.32152974504249293,False
2025-10-13,2025,1,5,0.6784702549575071,False
2025-10-13,2025,-1,6,0.3771246458923513,False
2025-10-13,2025,1,6,0.6228753541076487,False
2025-10-13,2025,-1,7,0.31444759206798867,False
2025-10-13,2025,1,7,0.6855524079320113,False
2025-10-13,2025,-1,8,0.34702549575070823,False
2025-10-13,2025,1,8,0.6529745042492918,False
2025-10-13,2025,-1,9,0.3810198300283286,False
2025-10-13,2025,1,9,0.6189801699716714,False
2025-10-13,2025,-1,10,0.31090651558073656,False
2025-10-13,2025,1,10,0.6890934844192634,False
2025-10-13,2025,-1,11,0.3296742209631728,False
2025-10-13,2025,1,11,0.6703257790368272,False
2025-10-16,2025,-1,3,0.931,True
2025-10-16,2025,1,3,0.069,True
2025-10-16,2025,-1,4,0.666,True
2025-10-16,2025,1,4,0.334,False
2025-10-16,2025,-1,5,0.281,True
2025-10-16,2025,1,5,0.719,False
2025-10-16,2025,-1,6,0.487,True
2025-10-16,2025,1,6,0.513,False
2025-10-16,2025,-1,7,0.495,True
2025-10-16,2025,1,7,0.505,False
2025-10-16,2025,-1,8,0.237,True
2025-10-16,2025,1,8,0.763,False
2025-10-21,2025,-1,2,0.4639423076923077,True
2025-10-21,2025,1,2,0.5360576923076923,False
2025-10-21,2025,-1,3,0.25,False
2025-10-21,2025,1,3,0.75,False
2025-10-21,2025,-1,4,0.7019230769230769,False
2025-10-21,2025,1,4,0.2980769230769231,False
2025-10-21,2025,-1,5,0.8317307692307693,False
2025-10-21,2025,1,5,0.16826923076923078,False
2025-10-21,2025,-1,6,0.34375,False
2025-10-21,2025,1,6,0.65625,False
2025-10-21,2025,-1,7,0.3317307692307692,False
2025-10-21,2025,1,7,0.6682692307692307,False
2025-10-21,2025,-1,8,0.6105769230769231,False
2025-10-21,2025,1,8,0.3894230769230769,False
2025-10-21,2025,-1,9,0.6346153846153846,False
2025-10-21,2025,1,9,0.36538461538461536,False
2025-10-21,2025,-1,10,0.5745192307692307,False
2025-10-21,2025,1,10,0.4254807692307692,False
2025-10-21,2025,-1,11,0.5649038461538461,False
2025-10-21,2025,1,11,0.43509615384615385,False
2025-10-22,2025,-1,0,0.19256756756756757,True
2025-10-22,2025,1,0,0.8074324324324325,False
2025-10-23,2025,-1,1,0.9972222222222222,False
2025-10-23,2025,1,1,0.002777777777777778,True
2025-11-11,2025,-1,0,0.7116477272727273,True
2025-11-11,2025,1,0,0.2883522727272727,True
2025-11-11,2025,-1,1,0.25142045454545453,True
2025-11-11,2025,1,1,0.7485795454545454,True
2025-11-11,2025,-1,2,0.061079545454545456,True
2025-11-11,2025,1,2,0.9389204545454546,True
2025-11-11,2025,-1,3,0.052556818181818184,True
2025-11-11,2025,1,3,0.9474431818181818,True
2025-11-11,2025,-1,4,0.04971590909090909,False
2025-11-11,2025,1,4,0.9502840909090909,True
2025-11-11,2025,-1,5,0.35511363636363635,False
2025-11-11,2025,1,5,0.6448863636363636,True
2025-11-11,2025,-1,6,0.6576704545454546,False
2025-11-11,2025,1,6,0.34232954545454547,True
2025-11-11,2025,-1,7,0.8011363636363636,False
2025-11-11,2025,1,7,0.19886363636363635,True
2025-11-11,2025,-1,9,0.9176136363636364,False
2025-11-11,2025,1,9,0.08238636363636363,True
2025-11-11,2025,-1,10,0.9190340909090909,False
2025-11-11,2025,1,10,0.08096590909090909,True
2025-11-11,2025,-1,11,0.8948863636363636,False
2025-11-11,2025,1,11,0.10511363636363637,True
2025-11-17,2025,-1,0,0.6870748299319728,True
2025-11-17,2025,1,0,0.3129251700680272,False
2025-11-17,2025,-1,1,0.47619047619047616,True
2025-11-17,2025,1,1,0.5238095238095238,False
2025-11-17,2025,-1,2,0.28061224489795916,True
2025-11-17,2025,1,2,0.7193877551020408,False
2025-11-17,2025,-1,3,0.2465986394557823,True
2025-11-17,2025,1,3,0.7534013605442177,False
2025-11-17,2025,-1,4,0.6751700680272109,True
2025-11-17,2025,1,4,0.32482993197278914,False
2025-11-17,2025,-1,5,0.516156462585034,True
2025-11-17,2025,1,5,0.483843537414966,False
2025-11-17,2025,-1,6,0.011054421768707483,True
2025-11-17,2025,1,6,0.9889455782312925,False
2025-11-19,2025,-1,2,0.9205508474576272,True
2025-11-19,2025,1,2,0.07944915254237288,True
2025-11-19,2025,-1,3,0.6588983050847458,True
2025-11-19,2025,1,3,0.3411016949152542,True
2025-11-19,2025,-1,4,0.6917372881355932,True
2025-11-19,2025,1,4,0.3082627118644068,True
2025-11-19,2025,-1,5,0.3400423728813559,True
2025-11-19,2025,1,5,0.659957627118644,True
2025-11-19,2025,-1,6,0.3559322033898305,False
2025-11-19,2025,1,6,0.6440677966101694,True
2025-11-19,2025,-1,7,0.20127118644067796,False
2025-11-19,2025,1,7,0.798728813559322,True
2025-11-19,2025,-1,8,0.5847457627118644,False
2025-11-19,2025,1,8,0.4152542372881356,True
2025-11-19,2025,-1,9,0.17584745762711865,False
2025-11-19,2025,1,9,0.8241525423728814,True
2025-11-19,2025,-1,10,0.451271186440678,False
2025-11-19,2025,1,10,0.548728813559322,True
2025-11-19,2025,-1,11,0.934322033898305,False
2025-11-19,2025,1,11,0.06567796610169492,True
2025-11-25,2025,-1,0,0.36203703703703705,True
2025-11-25,2025,1,0,0.637962962962963,True
2025-11-25,2025,-1,1,0.2361111111111111,False
2025-11-25,2025,1,1,0.7638888888888888,True
2025-11-25,2025,-1,2,0.3712962962962963,False
2025-11-25,2025,1,2,0.6287037037037037,True
2025-11-25,2025,-1,3,0.5055555555555555,False
2025-11-25,2025,1,3,0.49444444444444446,True
2025-11-25,2025,-1,4,0.6731481481481482,False
2025-11-25,2025,1,4,0.32685185185185184,True
2025-11-25,2025,-1,6,0.9935185185185185,False
2025-11-25,2025,1,6,0.006481481481481481,True
2025-11-25,2025,-1,9,0.9805555555555555,False
2025-11-25,2025,1,9,0.019444444444444445,True
2025-12-09,2025,-1,0,0.3958333333333333,False
2025-12-09,2025,1,0,0.6041666666666666,True
2025-12-09,2025,-1,1,0.61875,False
2025-12-09,2025,1,1,0.38125,True
2025-12-09,2025,-1,2,0.84375,False
2025-12-09,2025,1,2,0.15625,True
2025-12-09,2025,-1,3,0.8916666666666667,False
2025-12-09,2025,1,3,0.10833333333333334,True
2025-12-09,2025,-1,10,0.9979166666666667,False
2025-12-09,2025,1,10,0.0020833333333333333,True
2025-12-09,2025,-1,11,0.95,False
2025-12-09,2025,1,11,0.05,True
2025-12-10,2025,-1,3,0.03977272727272727,True
2025-12-10,2025,1,3,0.9602272727272727,True
2025-12-10,2025,-1,4,0.07670454545454546,True
2025-12-10,2025,1,4,0.9232954545454546,True
2025-12-10,2025,-1,6,0.24147727272727273,True
2025-12-10,2025,1,6,0.7585227272727273,True
2025-12-10,2025,-1,9,0.2755681818181818,True
2025-12-10,2025,1,9,0.7244318181818182,True
2025-12-11,2025,-1,1,0.3169642857142857,True
2025-12-11,2025,1,1,0.6830357142857143,True
2025-12-11,2025,-1,5,0.3482142857142857,False
2025-12-11,2025,1,5,0.6517857142857143,True
2025-12-11,2025,-1,6,0.27827380952380953,False
2025-12-11,2025,1,6,0.7217261904761905,True
2025-12-11,2025,-1,7,0.4583333333333333,False
2025-12-11,2025,1,7,0.5416666666666666,True
2025-12-11,2025,-1,8,0.5476190476190477,False
2025-12-11,2025,1,8,0.4523809523809524,True
2025-12-11,2025,-1,9,0.9032738095238095,False
2025-12-11,2025,1,9,0.09672619047619048,True
2025-12-11,2025,-1,10,0.8571428571428571,False
2025-12-11,2025,1,10,0.14285714285714285,True
2025-12-11,2025,-1,11,0.7931547619047619,False
2025-12-11,2025,1,11,0.20684523809523808,True
2025-12-12,2025,-1,0,0.5436746987951807,True
2025-12-12,2025,1,0,0.4563253012048193,False
2025-12-30,2025,-1,1,0.2610294117647059,True
2025-12-30,2025,1,1,0.7389705882352942,True
2025-12-30,2025,-1,2,0.9485294117647058,True
2025-12-30,2025,1,2,0.051470588235294115,True
2025-12-30,2025,-1,4,0.5882352941176471,True
2025-12-30,2025,1,4,0.4117647058823529,False
2025-12-30,2025,-1,5,0.6176470588235294,True
2025-12-30,2025,1,5,0.38235294117647056,False
2025-12-30,2025,-1,6,0.7242647058823529,True
2025-12-30,2025,1,6,0.2757352941176471,False
2025-12-30,2025,-1,7,0.8382352941176471,True
2025-12-30,2025,1,7,0.16176470588235295,False
2025-12-30,2025,-1,8,0.7867647058823529,True
2025-12-30,2025,1,8,0.21323529411764705,False
2025-12-30,2025,-1,9,0.8272058823529411,True
2025-12-30,2025,1,9,0.17279411764705882,False
2025-12-30,2025,-1,10,0.47058823529411764,True
2025-12-30,2025,1,10,0.5294117647058824,False
2025-12-30,2025,-1,11,0.36764705882352944,True
2025-12-30,2025,1,11,0.6323529411764706,False
2026-01-13,2026,-1,0,0.5647321428571429,True
2026-01-13,2026,1,0,0.43526785714285715,True
2026-01-13,2026,-1,2,0.09598214285714286,True
2026-01-13,2026,1,2,0.9040178571428571,True
2026-01-13,2026,-1,3,0.1875,True
2026-01-13,2026,1,3,0.8125,True
2026-01-13,2026,-1,5,0.7410714285714286,True
2026-01-13,2026,1,5,0.25892857142857145,False
2026-01-23,2026,-1,0,0.6029411764705882,False
2026-01-23,2026,1,0,0.39705882352941174,True
2026-01-23,2026,-1,6,0.8651960784313726,False
2026-01-23,2026,1,6,0.13480392156862744,True
2026-01-30,2026,-1,0,0.7563868613138686,True
2026-01-30,2026,1,0,0.24361313868613138,True
2026-01-30,2026,-1,1,0.6368613138686131,True
2026-01-30,2026,1,1,0.36313868613138683,True
2026-01-30,2026,-1,2,0.8083941605839416,True
2026-01-30,2026,1,2,0.19160583941605838,False
2026-01-30,2026,-1,3,0.6532846715328468,True
2026-01-30,2026,1,3,0.3467153284671533,False
2026-01-30,2026,-1,4,0.5027372262773723,True
2026-01-30,2026,1,4,0.4972627737226277,False
2026-01-30,2026,-1,5,0.593065693430657,True
2026-01-30,2026,1,5,0.40693430656934304,False
2026-01-30,2026,-1,6,0.21897810218978103,True
2026-01-30,2026,1,6,0.781021897810219,False
2026-01-30,2026,-1,7,0.18704379562043796,True
2026-01-30,2026,1,7,0.8129562043795621,False
2026-01-30,2026,-1,8,0.44343065693430656,True
2026-01-30,2026,1,8,0.5565693430656934,False
2026-01-30,2026,-1,9,0.3531021897810219,True
2026-01-30,2026,1,9,0.6468978102189781,False
2026-01-30,2026,-1,10,0.14051094890510948,True
2026-01-30,2026,1,10,0.8594890510948905,False
2026-02-09,2026,-1,0,0.9680232558139535,False
2026-02-09,2026,1,0,0.03197674418604651,True
2026-02-10,2026,-1,0,0.8434782608695652,True
2026-02-10,2026,1,0,0.1565217391304348,True
2026-02-10,2026,-1,1,0.8826086956521739,True
2026-02-10,2026,1,1,0.11739130434782609,True
2026-02-10,2026,-1,2,0.7695652173913043,True
2026-02-10,2026,1,2,0.23043478260869565,False
2026-02-10,2026,-1,3,0.6630434782608695,True
2026-02-10,2026,1,3,0.33695652173913043,False
2026-02-10,2026,-1,4,0.5630434782608695,True
2026-02-10,2026,1,4,0.4369565217391304,False
2026-02-10,2026,-1,5,0.7380434782608696,True
2026-02-10,2026,1,5,0.2619565217391304,False
2026-02-10,2026,-1,6,0.808695652173913,True
2026-02-10,2026,1,6,0.19130434782608696,False
2026-02-10,2026,-1,7,0.4097826086956522,True
2026-02-10,2026,1,7,0.5902173913043478,False
2026-02-10,2026,-1,8,0.5,True
2026-02-10,2026,1,8,0.5,False
2026-02-10,2026,-1,9,0.44456521739130433,True
2026-02-10,2026,1,9,0.5554347826086956,False
2026-02-10,2026,-1,10,0.41956521739130437,True
2026-02-10,2026,1,10,0.5804347826086956,False
2026-02-10,2026,-1,11,0.2467391304347826,True
2026-02-10,2026,1,11,0.7532608695652174,False
2026-02-13,2026,-1,1,0.33890374331550804,True
2026-02-13,2026,1,1,0.661096256684492,False
2026-02-13,2026,-1,2,0.23863636363636365,False
2026-02-13,2026,1,2,0.7613636363636364,False
2026-02-13,2026,-1,3,0.34692513368983957,False
2026-02-13,2026,1,3,0.6530748663101604,False
2026-02-13,2026,-1,4,0.46189839572192515,False
2026-02-13,2026,1,4,0.5381016042780749,False
2026-02-13,2026,-1,5,0.6096256684491979,False
2026-02-13,2026,1,5,0.39037433155080214,False
2026-02-13,2026,-1,6,0.5788770053475936,False
2026-02-13,2026,1,6,0.42112299465240643,False
2026-02-13,2026,-1,7,0.6236631016042781,False
2026-02-13,2026,1,7,0.37633689839572193,False
2026-02-13,2026,-1,8,0.5828877005347594,False
2026-02-13,2026,1,8,0.41711229946524064,False
2026-02-13,2026,-1,9,0.5421122994652406,False
2026-02-13,2026,1,9,0.45788770053475936,False
2026-02-13,2026,-1,10,0.3502673796791444,False
2026-02-13,2026,1,10,0.6497326203208557,False
2026-02-13,2026,-1,11,0.1163101604278075,False
2026-02-13,2026,1,11,0.8836898395721925,False
2026-02-23,2026,-1,0,0.00872093023255814,True
2026-02-23,2026,1,0,0.9912790697674418,False
2026-03-11,2026,-1,0,0.7934210526315789,True
2026-03-11,2026,1,0,0.20657894736842106,True
2026-03-11,2026,-1,1,0.4052631578947368,True
2026-03-11,2026,1,1,0.5947368421052631,False
2026-03-11,2026,-1,2,0.6013157894736842,True
2026-03-11,2026,1,2,0.3986842105263158,False
2026-03-11,2026,-1,5,0.006578947368421052,True
2026-03-11,2026,1,5,0.993421052631579,False
2026-03-11,2026,-1,6,0.29605263157894735,True
2026-03-11,2026,1,6,0.7039473684210527,False
2026-03-11,2026,-1,7,0.29736842105263156,True
2026-03-11,2026,1,7,0.7026315789473684,False
2026-03-11,2026,-1,8,0.007894736842105263,True
2026-03-11,2026,1,8,0.9921052631578947,False
2026-03-11,2026,-1,10,0.03684210526315789,True
2026-03-11,2026,1,10,0.9631578947368421,False
2026-03-13,2026,-1,1,0.740909090909091,True
2026-03-13,2026,1,1,0.2590909090909091,True
2026-03-31,2026,-1,2,0.832,False
2026-03-31,2026,1,2,0.168,True
2026-03-31,2026,-1,4,0.98,False
2026-03-31,2026,1,4,0.02,True
2026-04-06,2026,-1,8,0.984375,False
2026-04-06,2026,1,8,0.015625,True
2026-04-09,2026,-1,0,0.275,True
2026-04-09,2026,1,0,0.725,True
2026-04-09,2026,-1,2,0.33541666666666664,False
2026-04-09,2026,1,2,0.6645833333333333,True
2026-04-09,2026,-1,3,0.48333333333333334,False
2026-04-09,2026,1,3,0.5166666666666667,True
2026-04-20,2026,-1,0,0.3399122807017544,True
2026-04-20,2026,1,0,0.6600877192982456,False
2026-04-23,2026,-1,0,0.6509433962264151,True
2026-04-23,2026,1,0,0.3490566037735849,True
2026-04-23,2026,-1,1,0.6391509433962265,True
2026-04-23,2026,1,1,0.3608490566037736,True
2026-04-27,2026,-1,0,0.7569444444444444,False
2026-04-27,2026,1,0,0.24305555555555555,False
2026-04-27,2026,-1,1,0.5613425925925926,False
2026-04-27,2026,1,1,0.4386574074074074,False
2026-04-27,2026,-1,2,0.6018518518518519,False
2026-04-27,2026,1,2,0.39814814814814814,False
2026-04-27,2026,-1,3,0.4930555555555556,False
2026-04-27,2026,1,3,0.5069444444444444,False
2026-04-27,2026,-1,4,0.5972222222222222,False
2026-04-27,2026,1,4,0.4027777777777778,False
2026-04-27,2026,-1,5,0.6400462962962963,False
2026-04-27,2026,1,5,0.3599537037037037,False
2026-04-27,2026,-1,6,0.7060185185185185,False
2026-04-27,2026,1,6,0.29398148148148145,False
2026-04-27,2026,-1,7,0.7997685185185185,False
2026-04-27,2026,1,7,0.20023148148148148,False
2026-04-27,2026,-1,8,0.8819444444444444,False
2026-04-27,2026,1,8,0.11805555555555555,False
2026-04-27,2026,-1,9,0.8807870370370371,False
2026-04-27,2026,1,9,0.11921296296296297,False
2026-04-27,2026,-1,10,0.7465277777777778,False
2026-04-27,2026,1,10,0.2534722222222222,False
2026-04-27,2026,-1,11,0.8564814814814815,False
2026-04-27,2026,1,11,0.14351851851851852,False
2026-04-29,2026,-1,0,0.940625,False
2026-04-29,2026,1,0,0.059375,True
2026-04-29,2026,-1,5,0.825,False
2026-04-29,2026,1,5,0.175,True
2026-04-29,2026,-1,6,0.8078125,False
2026-04-29,2026,1,6,0.1921875,True
2026-04-29,2026,-1,7,0.896875,False
2026-04-29,2026,1,7,0.103125,True
2026-04-29,2026,-1,9,0.865625,False
2026-04-29,2026,1,9,0.134375,True
2026-05-04,2026,-1,1,0.7093023255813954,True
2026-05-04,2026,1,1,0.29069767441860467,True
2026-05-04,2026,-1,2,0.8343023255813954,True
2026-05-04,2026,1,2,0.16569767441860464,True
2026-05-11,2026,-1,0,0.9543269230769231,False
2026-05-11,2026,1,0,0.04567307692307692,True
2026-05-11,2026,-1,1,0.8353365384615384,False
2026-05-11,2026,1,1,0.16466346153846154,True
2026-05-14,2026,-1,0,0.9314024390243902,False
2026-05-14,2026,1,0,0.06859756097560976,True
2026-05-18,2026,-1,0,0.1778846153846154,True
2026-05-18,2026,1,0,0.8221153846153846,False
2026-05-19,2026,-1,0,0.3580827067669173,True
2026-05-19,2026,1,0,0.6419172932330827,True
2026-05-19,2026,-1,5,0.2575187969924812,False
2026-05-19,2026,1,5,0.7424812030075187,True
2026-05-19,2026,-1,6,0.6757518796992481,False
2026-05-19,2026,1,6,0.3242481203007519,True
2026-05-19,2026,-1,7,0.9022556390977443,False
2026-05-19,2026,1,7,0.09774436090225563,True
2026-05-19,2026,-1,8,0.8515037593984962,False
2026-05-19,2026,1,8,0.14849624060150377,False
2026-05-19,2026,-1,9,0.681390977443609,False
2026-05-19,2026,1,9,0.31860902255639095,False
2026-05-19,2026,-1,10,0.4398496240601504,False
2026-05-19,2026,1,10,0.5601503759398496,False
2026-05-19,2026,-1,11,0.5075187969924813,False
2026-05-19,2026,1,11,0.4924812030075188,False
2026-05-20,2026,-1,0,0.9846938775510204,False
2026-05-20,2026,1,0,0.015306122448979591,True
2026-05-21,2026,-1,0,0.625,True
2026-05-21,2026,1,0,0.375,True
2026-05-21,2026,-1,1,0.14705882352941177,True
2026-05-21,2026,1,1,0.8529411764705882,True
2026-05-21,2026,-1,2,0.3627450980392157,True
2026-05-21,2026,1,2,0.6372549019607843,True
2026-05-21,2026,-1,3,0.36887254901960786,False
2026-05-21,2026,1,3,0.6311274509803921,True
2026-05-21,2026,-1,4,0.5208333333333334,False
2026-05-21,2026,1,4,0.4791666666666667,True
2026-05-21,2026,-1,5,0.4252450980392157,False
2026-05-21,2026,1,5,0.5747549019607843,True
2026-05-21,2026,-1,6,0.47549019607843135,False
2026-05-21,2026,1,6,0.5245098039215687,True
2026-05-21,2026,-1,10,0.866421568627451,False
2026-05-21,2026,1,10,0.13357843137254902,True
2026-05-28,2026,-1,0,0.44140625,False
2026-05-28,2026,1,0,0.55859375,True
2026-06-08,2026,-1,0,0.017279411764705883,True
2026-06-08,2026,1,0,0.9827205882352941,False
2026-06-08,2026,-1,1,0.26323529411764707,False
2026-06-08,2026,1,1,0.736764705882353,False
2026-06-08,2026,-1,2,0.49669117647058825,False
2026-06-08,2026,1,2,0.5033088235294118,False
2026-06-08,2026,-1,3,0.4290441176470588,False
2026-06-08,2026,1,3,0.5709558823529411,False
2026-06-08,2026,-1,4,0.40036764705882355,False
2026-06-08,2026,1,4,0.5996323529411764,False
2026-06-08,2026,-1,5,0.36470588235294116,False
2026-06-08,2026,1,5,0.6352941176470588,False
2026-06-08,2026,-1,6,0.35661764705882354,False
2026-06-08,2026,1,6,0.6433823529411765,False
2026-06-08,2026,-1,7,0.38786764705882354,False
2026-06-08,2026,1,7,0.6121323529411765,False
2026-06-08,2026,-1,8,0.3235294117647059,False
2026-06-08,2026,1,8,0.6764705882352942,False
2026-06-08,2026,-1,9,0.37169117647058825,False
2026-06-08,2026,1,9,0.6283088235294118,False
2026-06-08,2026,-1,10,0.29963235294117646,False
2026-06-08,2026,1,10,0.7003676470588235,False
2026-06-08,2026,-1,11,0.14558823529411766,False
2026-06-08,2026,1,11,0.8544117647058823,False
2026-06-10,2026,-1,0,0.7004089979550102,False
2026-06-10,2026,1,0,0.2995910020449898,False
2026-06-10,2026,-1,1,0.8540388548057259,False
2026-06-10,2026,1,1,0.14596114519427403,False
2026-06-10,2026,-1,2,0.5792433537832311,False
2026-06-10,2026,1,2,0.4207566462167689,False
2026-06-10,2026,-1,3,0.46549079754601225,False
2026-06-10,2026,1,3,0.5345092024539877,False
2026-06-10,2026,-1,4,0.5304192229038854,False
2026-06-10,2026,1,4,0.4695807770961145,False
2026-06-10,2026,-1,5,0.4143660531697341,False
2026-06-10,2026,1,5,0.5856339468302658,False
2026-06-10,2026,-1,6,0.38982617586912066,False
2026-06-10,2026,1,6,0.6101738241308794,False
2026-06-10,2026,-1,7,0.36068507157464214,False
2026-06-10,2026,1,7,0.6393149284253579,False
2026-06-10,2026,-1,8,0.45296523517382414,False
2026-06-10,2026,1,8,0.5470347648261759,False
2026-06-10,2026,-1,9,0.3857361963190184,False
2026-06-10,2026,1,9,0.6142638036809815,False
2026-06-10,2026,-1,10,0.2773517382413088,False
2026-06-10,2026,1,10,0.7226482617586912,False
2026-06-10,2026,-1,11,0.21523517382413088,False
2026-06-10,2026,1,11,0.7847648261758691,False
2026-06-11,2026,-1,0,0.7465909090909091,False
2026-06-11,2026,1,0,0.2534090909090909,True
2026-06-11,2026,-1,1,0.6778409090909091,False
2026-06-11,2026,1,1,0.3221590909090909,True
2026-06-11,2026,-1,2,0.175,False
2026-06-11,2026,1,2,0.825,True
2026-06-11,2026,-1,3,0.42159090909090907,False
2026-06-11,2026,1,3,0.5784090909090909,True
2026-06-11,2026,-1,4,0.6494318181818182,False
2026-06-11,2026,1,4,0.35056818181818183,True
2026-06-11,2026,-1,5,0.6210227272727272,False
2026-06-11,2026,1,5,0.3789772727272727,True
2026-06-11,2026,-1,6,0.44772727272727275,False
2026-06-11,2026,1,6,0.5522727272727272,True
2026-06-16,2026,-1,0,0.3946629213483146,True
2026-06-16,2026,1,0,0.6053370786516854,False
2026-06-17,2026,-1,1,0.388671875,True
2026-06-17,2026,1,1,0.611328125,False
2026-06-17,2026,-1,3,0.14908854166666666,True
2026-06-17,2026,1,3,0.8509114583333334,False
2026-06-17,2026,-1,4,0.23111979166666666,True
2026-06-17,2026,1,4,0.7688802083333334,False
2026-06-17,2026,-1,5,0.255859375,True
2026-06-17,2026,1,5,0.744140625,False
2026-06-17,2026,-1,6,0.126953125,True
2026-06-17,2026,1,6,0.873046875,False
2026-06-17,2026,-1,7,0.15104166666666666,True
2026-06-17,2026,1,7,0.8489583333333334,False
2026-06-17,2026,-1,8,0.291015625,True
2026-06-17,2026,1,8,0.708984375,False
2026-06-24,2026,-1,0,0.09453781512605042,True
2026-06-24,2026,1,0,0.9054621848739496,True
2026-06-24,2026,-1,1,0.18487394957983194,True
2026-06-24,2026,1,1,0.8151260504201681,True
2026-06-24,2026,-1,2,0.9611344537815126,True
2026-06-24,2026,1,2,0.038865546218487396,True
2026-06-24,2026,-1,3,0.5808823529411765,True
2026-06-24,2026,1,3,0.41911764705882354,False
2026-06-24,2026,-1,4,0.3960084033613445,True
2026-06-24,2026,1,4,0.6039915966386554,False
2026-06-24,2026,-1,5,0.3855042016806723,True
2026-06-24,2026,1,5,0.6144957983193278,False
2026-07-10,2026,-1,0,0.6881443298969072,True
2026-07-10,2026,1,0,0.3118556701030928,True
2026-07-10,2026,-1,1,0.6095360824742269,True
2026-07-10,2026,1,1,0.3904639175257732,True
2026-07-10,2026,-1,2,0.1481958762886598,True
2026-07-10,2026,1,2,0.8518041237113402,True
2026-07-10,2026,-1,3,0.9832474226804123,False
2026-07-10,2026,1,3,0.01675257731958763,True
2026-07-10,2026,-1,4,0.8015463917525774,False
2026-07-10,2026,1,4,0.19845360824742267,True
2026-07-16,2026,-1,1,0.10195035460992907,True
2026-07-16,2026,1,1,0.8980496453900709,False
2026-07-29,2026,-1,9,0.049019607843137254,True
2026-07-29,2026,1,9,0.9509803921568627,True
2026-07-29,2026,-1,10,0.9665032679738562,True
2026-07-29,2026,1,10,0.03349673202614379,True
2026-08-10,2026,-1,0,0.9729166666666667,False
2026-08-10,2026,1,0,0.027083333333333334,True
2026-08-10,2026,-1,2,0.7458333333333333,False
2026-08-10,2026,1,2,0.25416666666666665,True
2026-08-10,2026,-1,3,0.73125,False
2026-08-10,2026,1,3,0.26875,True
2026-08-10,2026,-1,5,1.0,False
2026-08-10,2026,1,5,0.0,True
2026-08-10,2026,-1,6,0.7479166666666667,False
2026-08-10,2026,1,6,0.2520833333333333,True
2026-08-10,2026,-1,7,0.80625,False
2026-08-10,2026,1,7,0.19375,False
2026-08-10,2026,-1,8,0.5770833333333333,False
2026-08-10,2026,1,8,0.42291666666666666,False
2026-08-10,2026,-1,9,0.47291666666666665,False
2026-08-10,2026,1,9,0.5270833333333333,False
2026-08-10,2026,-1,10,0.7666666666666667,False
2026-08-10,2026,1,10,0.23333333333333334,False
2026-08-10,2026,-1,11,0.7645833333333333,False
2026-08-10,2026,1,11,0.23541666666666666,False
2026-08-14,2026,-1,0,0.8160377358490566,True
2026-08-14,2026,1,0,0.18396226415094338,True
2026-08-14,2026,-1,1,0.18396226415094338,True
2026-08-14,2026,1,1,0.8160377358490566,False
2026-09-02,2026,-1,1,0.8768656716417911,False
2026-09-02,2026,1,1,0.12313432835820895,True
2026-09-02,2026,-1,2,0.375,False
2026-09-02,2026,1,2,0.625,True
2026-09-02,2026,-1,4,0.8563432835820896,False
2026-09-02,2026,1,4,0.14365671641791045,False
2026-09-02,2026,-1,5,0.6138059701492538,False
2026-09-02,2026,1,5,0.38619402985074625,False
2026-09-02,2026,-1,6,0.6305970149253731,False
2026-09-02,2026,1,6,0.3694029850746269,False
2026-09-02,2026,-1,7,0.5988805970149254,False
2026-09-02,2026,1,7,0.40111940298507465,False
2026-09-02,2026,-1,8,0.667910447761194,False
2026-09-02,2026,1,8,0.332089552238806,False
2026-09-02,2026,-1,9,0.6623134328358209,False
2026-09-02,2026,1,9,0.3376865671641791,False
2026-09-02,2026,-1,10,0.5652985074626866,False
2026-09-02,2026,1,10,0.43470149253731344,False
2026-09-02,2026,-1,11,0.7294776119402985,False
2026-09-02,2026,1,11,0.27052238805970147,False
