reference_close,reference_ts,reference_age_hours,asia_start_ts,asia_end_ts,side,ny_close,entry_price,raw_gap_points,gap_points,gap_bps,filled,fill_bar_ts,fill_minutes_upper_bound,exit_ts,exit_price,gross_points,net_points,gross_pnl_dollars,net_pnl_dollars,mae_points_bar_based,mfe_points_bar_based,asia_bars
16:00,2020-01-02 16:00:00-05:00,2.0,2020-01-02 18:00:00-05:00,2020-01-03 00:00:00-05:00,Short,8888.75,8898.0,9.25,9.25,10.406412600196878,True,2020-01-02 20:40:00-05:00,165.0,2020-01-02 20:45:00-05:00,8888.75,9.25,9.0,18.5,18.0,9.75,18.25,72
16:00,2020-01-06 16:00:00-05:00,2.0,2020-01-06 18:00:00-05:00,2020-01-07 00:00:00-05:00,Long,8863.75,8851.75,-12.0,12.0,13.538287970667044,True,2020-01-06 19:35:00-05:00,100.0,2020-01-06 19:40:00-05:00,8863.75,12.0,11.75,24.0,23.5,5.75,12.25,72
16:00,2020-01-07 16:00:00-05:00,2.0,2020-01-07 18:00:00-05:00,2020-01-08 00:00:00-05:00,Long,8862.25,8843.0,-19.25,19.25,21.721346159271068,False,,,2020-01-08 00:00:00-05:00,8807.0,-36.0,-36.25,-72.0,-72.5,164.75,4.5,72
16:00,2020-01-08 16:00:00-05:00,2.0,2020-01-08 18:00:00-05:00,2020-01-09 00:00:00-05:00,Short,8929.75,8948.5,18.75,18.75,20.997228365855708,False,,,2020-01-09 00:00:00-05:00,8954.25,-5.75,-6.0,-11.5,-12.0,16.25,16.0,72
16:00,2020-01-09 16:00:00-05:00,2.0,2020-01-09 18:00:00-05:00,2020-01-10 00:00:00-05:00,Short,9006.25,9008.5,2.25,2.25,2.4982650936849407,False,,,2020-01-10 00:00:00-05:00,9037.0,-28.5,-28.75,-57.0,-57.5,32.75,0.0,72
16:00,2020-01-13 16:00:00-05:00,2.0,2020-01-13 18:00:00-05:00,2020-01-14 00:00:00-05:00,Short,9085.0,9088.5,3.5,3.5,3.8525041276829937,True,2020-01-13 22:20:00-05:00,265.0,2020-01-13 22:25:00-05:00,9085.0,3.5,3.25,7.0,6.5,26.25,4.5,72
16:00,2020-01-14 16:00:00-05:00,2.0,2020-01-14 18:00:00-05:00,2020-01-15 00:00:00-05:00,Short,9050.5,9062.5,12.0,12.0,13.258935970388377,True,2020-01-14 18:15:00-05:00,20.0,2020-01-14 18:20:00-05:00,9050.5,12.0,11.75,24.0,23.5,1.5,12.25,72
16:00,2020-01-15 16:00:00-05:00,2.0,2020-01-15 18:00:00-05:00,2020-01-16 00:00:00-05:00,Short,9052.5,9060.5,8.0,8.0,8.83733775200221,False,,,2020-01-16 00:00:00-05:00,9074.5,-14.0,-14.25,-28.0,-28.5,22.5,0.0,72
16:00,2020-01-16 16:00:00-05:00,2.0,2020-01-16 18:00:00-05:00,2020-01-17 00:00:00-05:00,Long,9138.0,9136.5,-1.5,1.5,1.6414970453053184,True,2020-01-16 18:00:00-05:00,5.0,2020-01-16 18:05:00-05:00,9138.0,1.5,1.25,3.0,2.5,2.5,4.0,72
16:00,2020-01-21 16:00:00-05:00,2.0,2020-01-21 18:00:00-05:00,2020-01-22 00:00:00-05:00,Long,9179.75,9179.0,-0.75,0.75,0.8170157139355647,True,2020-01-21 18:00:00-05:00,5.0,2020-01-21 18:05:00-05:00,9179.75,0.75,0.5,1.5,1.0,2.25,3.5,72
16:00,2020-01-22 16:00:00-05:00,2.0,2020-01-22 18:00:00-05:00,2020-01-23 00:00:00-05:00,Long,9200.5,9189.25,-11.25,11.25,12.227596326286614,True,2020-01-22 20:25:00-05:00,150.0,2020-01-22 20:30:00-05:00,9200.5,11.25,11.0,22.5,22.0,11.5,12.25,72
16:00,2020-01-23 16:00:00-05:00,2.0,2020-01-23 18:00:00-05:00,2020-01-24 00:00:00-05:00,Short,9227.5,9251.0,23.5,23.5,25.467353020861555,False,,,2020-01-24 00:00:00-05:00,9269.0,-18.0,-18.25,-36.0,-36.5,21.25,1.5,72
16:00,2020-01-27 16:00:00-05:00,2.0,2020-01-27 18:00:00-05:00,2020-01-28 00:00:00-05:00,Long,8961.25,8954.0,-7.25,7.25,8.09038917561724,True,2020-01-27 18:00:00-05:00,5.0,2020-01-27 18:05:00-05:00,8961.25,7.25,7.0,14.5,14.0,1.5,19.75,72
16:00,2020-01-28 16:00:00-05:00,2.0,2020-01-28 18:00:00-05:00,2020-01-29 00:00:00-05:00,Short,9098.25,9120.75,22.5,22.5,24.73003050037095,True,2020-01-28 18:05:00-05:00,10.0,2020-01-28 18:10:00-05:00,9098.25,22.5,22.25,45.0,44.5,5.5,23.5,72
16:00,2020-01-29 16:00:00-05:00,2.0,2020-01-29 18:00:00-05:00,2020-01-30 00:00:00-05:00,Short,9109.5,9110.5,1.0,1.0,1.0977550908392337,True,2020-01-29 18:00:00-05:00,5.0,2020-01-29 18:05:00-05:00,9109.5,1.0,0.75,2.0,1.5,23.5,4.25,72
16:00,2020-01-30 16:00:00-05:00,2.0,2020-01-30 18:00:00-05:00,2020-01-31 00:00:00-05:00,Short,9144.0,9226.5,82.5,82.5,90.2230971128609,False,,,2020-01-31 00:00:00-05:00,9241.0,-14.5,-14.75,-29.0,-29.5,22.5,23.0,72
16:00,2020-02-03 16:00:00-05:00,2.0,2020-02-03 18:00:00-05:00,2020-02-04 00:00:00-05:00,Long,9131.25,9100.25,-31.0,31.0,33.94934976043806,True,2020-02-03 20:20:00-05:00,145.0,2020-02-03 20:25:00-05:00,9131.25,31.0,30.75,62.0,61.5,27.0,46.25,72
16:00,2020-02-04 16:00:00-05:00,2.0,2020-02-04 18:00:00-05:00,2020-02-05 00:00:00-05:00,Short,9340.75,9355.5,14.75,14.75,15.791023204774776,True,2020-02-04 18:50:00-05:00,55.0,2020-02-04 18:55:00-05:00,9340.75,14.75,14.5,29.5,29.0,9.0,17.25,72
16:00,2020-02-05 16:00:00-05:00,2.0,2020-02-05 18:00:00-05:00,2020-02-06 00:00:00-05:00,Short,9375.5,9392.0,16.5,16.5,17.599061383392886,True,2020-02-05 19:00:00-05:00,65.0,2020-02-05 19:05:00-05:00,9375.5,16.5,16.25,33.0,32.5,5.75,16.75,72
16:00,2020-02-06 16:00:00-05:00,2.0,2020-02-06 18:00:00-05:00,2020-02-07 00:00:00-05:00,Short,9453.0,9464.5,11.5,11.5,12.165450121654501,True,2020-02-06 19:35:00-05:00,100.0,2020-02-06 19:40:00-05:00,9453.0,11.5,11.25,23.0,22.5,12.5,21.75,72
16:00,2020-02-10 16:00:00-05:00,2.0,2020-02-10 18:00:00-05:00,2020-02-11 00:00:00-05:00,Long,9525.25,9523.0,-2.25,2.25,2.362142725912706,True,2020-02-10 18:00:00-05:00,5.0,2020-02-10 18:05:00-05:00,9525.25,2.25,2.0,4.5,4.0,2.75,4.5,72
16:00,2020-02-11 16:00:00-05:00,2.0,2020-02-11 18:00:00-05:00,2020-02-12 00:00:00-05:00,Short,9525.25,9536.0,10.75,10.75,11.28579302380515,True,2020-02-11 19:45:00-05:00,110.0,2020-02-11 19:50:00-05:00,9525.25,10.75,10.5,21.5,21.0,11.75,11.75,72
16:00,2020-02-12 16:00:00-05:00,2.0,2020-02-12 18:00:00-05:00,2020-02-13 00:00:00-05:00,Short,9620.5,9621.25,0.75,0.75,0.7795852606413388,True,2020-02-12 18:00:00-05:00,5.0,2020-02-12 18:05:00-05:00,9620.5,0.75,0.5,1.5,1.0,1.0,5.5,72
16:00,2020-02-13 16:00:00-05:00,2.0,2020-02-13 18:00:00-05:00,2020-02-14 00:00:00-05:00,Short,9604.5,9625.25,20.75,20.75,21.60445624446874,True,2020-02-13 18:40:00-05:00,45.0,2020-02-13 18:45:00-05:00,9604.5,20.75,20.5,41.5,41.0,2.75,24.5,72
16:00,2020-02-18 16:00:00-05:00,2.0,2020-02-18 18:00:00-05:00,2020-02-19 00:00:00-05:00,Short,9636.0,9642.5,6.5,6.5,6.745537567455376,False,,,2020-02-19 00:00:00-05:00,9666.5,-24.0,-24.25,-48.0,-48.5,35.25,2.0,72
16:00,2020-02-19 16:00:00-05:00,2.0,2020-02-19 18:00:00-05:00,2020-02-20 00:00:00-05:00,Short,9728.25,9740.0,11.75,11.75,12.078225785727135,True,2020-02-19 21:15:00-05:00,200.0,2020-02-19 21:20:00-05:00,9728.25,11.75,11.5,23.5,23.0,23.0,12.25,72
16:00,2020-02-20 16:00:00-05:00,2.0,2020-02-20 18:00:00-05:00,2020-02-21 00:00:00-05:00,Long,9634.5,9618.25,-16.25,16.25,16.86646945871607,False,,,2020-02-21 00:00:00-05:00,9578.25,-40.0,-40.25,-80.0,-80.5,55.5,5.25,72
16:00,2020-02-24 16:00:00-05:00,2.0,2020-02-24 18:00:00-05:00,2020-02-25 00:00:00-05:00,Short,9085.0,9092.75,7.75,7.75,8.5305448541552,True,2020-02-24 18:00:00-05:00,5.0,2020-02-24 18:05:00-05:00,9085.0,7.75,7.5,15.5,15.0,18.5,39.5,72
16:00,2020-02-25 16:00:00-05:00,2.0,2020-02-25 18:00:00-05:00,2020-02-26 00:00:00-05:00,Short,8839.25,8867.5,28.25,28.25,31.959725089798344,False,,,2020-02-26 00:00:00-05:00,8917.75,-50.25,-50.5,-100.5,-101.0,80.25,26.5,72
16:00,2020-02-26 16:00:00-05:00,2.0,2020-02-26 18:00:00-05:00,2020-02-27 00:00:00-05:00,Long,8879.75,8817.5,-62.25,62.25,70.10332498099609,False,,,2020-02-27 00:00:00-05:00,8703.5,-114.0,-114.25,-228.0,-228.5,116.5,60.75,72
16:00,2020-02-27 16:00:00-05:00,2.0,2020-02-27 18:00:00-05:00,2020-02-28 00:00:00-05:00,Long,8432.25,8353.75,-78.5,78.5,93.09496279166297,True,2020-02-27 21:10:00-05:00,195.0,2020-02-27 21:15:00-05:00,8432.25,78.5,78.25,157.0,156.5,40.75,85.25,72
16:00,2020-03-02 16:00:00-05:00,2.0,2020-03-02 18:00:00-05:00,2020-03-03 00:00:00-05:00,Long,8876.5,8830.25,-46.25,46.25,52.10386976848984,True,2020-03-02 19:00:00-05:00,65.0,2020-03-02 19:05:00-05:00,8876.5,46.25,46.0,92.5,92.0,30.25,61.0,72
16:00,2020-03-03 16:00:00-05:00,2.0,2020-03-03 18:00:00-05:00,2020-03-04 00:00:00-05:00,Long,8596.0,8559.0,-37.0,37.0,43.04327594229875,True,2020-03-03 19:05:00-05:00,70.0,2020-03-03 19:10:00-05:00,8596.0,37.0,36.75,74.0,73.5,51.75,72.25,72
16:00,2020-03-04 16:00:00-05:00,2.0,2020-03-04 18:00:00-05:00,2020-03-05 00:00:00-05:00,Long,8943.25,8889.75,-53.5,53.5,59.821653202135685,False,,,2020-03-05 00:00:00-05:00,8828.0,-61.75,-62.0,-123.5,-124.0,73.75,10.0,72
16:00,2020-03-05 16:00:00-05:00,2.0,2020-03-05 18:00:00-05:00,2020-03-06 00:00:00-05:00,Short,8671.5,8675.5,4.0,4.0,4.612812085567664,True,2020-03-05 18:00:00-05:00,5.0,2020-03-05 18:05:00-05:00,8671.5,4.0,3.75,8.0,7.5,7.0,11.0,72
16:00,2020-03-09 16:00:00-04:00,2.0,2020-03-09 18:00:00-04:00,2020-03-10 00:00:00-04:00,Long,7932.75,7894.5,-38.25,38.25,48.21783114304623,True,2020-03-09 18:25:00-04:00,30.0,2020-03-09 18:30:00-04:00,7932.75,38.25,38.0,76.5,76.0,79.0,43.75,72
16:00,2020-03-10 16:00:00-04:00,2.0,2020-03-10 18:00:00-04:00,2020-03-11 00:00:00-04:00,Long,8365.75,8324.25,-41.5,41.5,49.60702865851837,False,,,2020-03-11 00:00:00-04:00,8178.25,-146.0,-146.25,-292.0,-292.5,209.0,10.25,72
16:00,2020-03-11 16:00:00-04:00,2.0,2020-03-11 18:00:00-04:00,2020-03-12 00:00:00-04:00,Short,7998.5,7999.0,0.5,0.5,0.625117209476777,True,2020-03-11 18:00:00-04:00,5.0,2020-03-11 18:05:00-04:00,7998.5,0.5,0.25,1.0,0.5,30.75,13.75,72
16:00,2020-03-12 16:00:00-04:00,2.0,2020-03-12 18:00:00-04:00,2020-03-13 00:00:00-04:00,Long,7261.0,7167.75,-93.25,93.25,128.42583666161687,False,,,2020-03-13 00:00:00-04:00,6956.25,-211.5,-211.75,-423.0,-423.5,225.25,79.25,72
16:00,2020-03-16 16:00:00-04:00,2.0,2020-03-16 18:00:00-04:00,2020-03-17 00:00:00-04:00,Short,6943.25,7059.75,116.5,116.5,167.7888596838656,False,,,2020-03-17 00:00:00-04:00,7294.25,-234.5,-234.75,-469.0,-469.5,234.5,73.5,65
16:00,2020-03-17 16:00:00-04:00,2.0,2020-03-17 18:00:00-04:00,2020-03-18 00:00:00-04:00,Long,7444.5,7368.0,-76.5,76.5,102.76042716099134,False,,,2020-03-18 00:00:00-04:00,7153.5,-214.5,-214.75,-429.0,-429.5,258.5,26.5,72
16:00,2020-03-18 16:00:00-04:00,2.0,2020-03-18 18:00:00-04:00,2020-03-19 00:00:00-04:00,Short,7226.25,7249.5,23.25,23.25,32.174364296834455,True,2020-03-18 18:00:00-04:00,5.0,2020-03-18 18:05:00-04:00,7226.25,23.25,23.0,46.5,46.0,4.0,87.5,72
16:00,2020-03-19 16:00:00-04:00,2.0,2020-03-19 18:00:00-04:00,2020-03-20 00:00:00-04:00,Long,7288.25,7197.5,-90.75,90.75,124.51548725688608,True,2020-03-19 21:05:00-04:00,190.0,2020-03-19 21:10:00-04:00,7288.25,90.75,90.5,181.5,181.0,47.25,117.25,72
16:00,2020-03-23 16:00:00-04:00,2.0,2020-03-23 18:00:00-04:00,2020-03-24 00:00:00-04:00,Short,6993.75,7005.25,11.5,11.5,16.44325290437891,False,,,2020-03-24 00:00:00-04:00,7153.25,-148.0,-148.25,-296.0,-296.5,259.25,0.0,72
16:00,2020-03-24 16:00:00-04:00,2.0,2020-03-24 18:00:00-04:00,2020-03-25 00:00:00-04:00,Short,7532.5,7550.75,18.25,18.25,24.228343843345503,True,2020-03-24 18:00:00-04:00,5.0,2020-03-24 18:05:00-04:00,7532.5,18.25,18.0,36.5,36.0,6.25,38.75,72
16:00,2020-03-25 16:00:00-04:00,2.0,2020-03-25 18:00:00-04:00,2020-03-26 00:00:00-04:00,Short,7461.75,7486.0,24.25,24.25,32.499078634368615,True,2020-03-25 19:00:00-04:00,65.0,2020-03-25 19:05:00-04:00,7461.75,24.25,24.0,48.5,48.0,57.5,26.5,72
16:00,2020-03-26 16:00:00-04:00,2.0,2020-03-26 18:00:00-04:00,2020-03-27 00:00:00-04:00,Short,7868.0,7875.5,7.5,7.5,9.532282663955261,True,2020-03-26 18:00:00-04:00,5.0,2020-03-26 18:05:00-04:00,7868.0,7.5,7.25,15.0,14.5,24.75,26.75,72
16:00,2020-03-30 16:00:00-04:00,2.0,2020-03-30 18:00:00-04:00,2020-03-31 00:00:00-04:00,Long,7865.5,7855.25,-10.25,10.25,13.03159366855254,True,2020-03-30 18:10:00-04:00,15.0,2020-03-30 18:15:00-04:00,7865.5,10.25,10.0,20.5,20.0,13.0,12.5,72
16:00,2020-03-31 16:00:00-04:00,2.0,2020-03-31 18:00:00-04:00,2020-04-01 00:00:00-04:00,Long,7799.5,7778.75,-20.75,20.75,26.604269504455413,False,,,2020-04-01 00:00:00-04:00,7693.25,-85.5,-85.75,-171.0,-171.5,91.0,0.0,72
16:00,2020-04-01 16:00:00-04:00,2.0,2020-04-01 18:00:00-04:00,2020-04-02 00:00:00-04:00,Short,7466.75,7473.0,6.25,6.25,8.370442294170825,True,2020-04-01 18:00:00-04:00,5.0,2020-04-01 18:05:00-04:00,7466.75,6.25,6.0,12.5,12.0,20.0,11.25,72
16:00,2020-04-02 16:00:00-04:00,2.0,2020-04-02 18:00:00-04:00,2020-04-03 00:00:00-04:00,Short,7617.75,7624.5,6.75,6.75,8.860884119326572,True,2020-04-02 18:00:00-04:00,5.0,2020-04-02 18:05:00-04:00,7617.75,6.75,6.5,13.5,13.0,1.0,17.75,72
16:00,2020-04-06 16:00:00-04:00,2.0,2020-04-06 18:00:00-04:00,2020-04-07 00:00:00-04:00,Long,8052.5,8034.25,-18.25,18.25,22.663769015833594,True,2020-04-06 19:40:00-04:00,105.0,2020-04-06 19:45:00-04:00,8052.5,18.25,18.0,36.5,36.0,37.0,33.5,72
16:00,2020-04-07 16:00:00-04:00,2.0,2020-04-07 18:00:00-04:00,2020-04-08 00:00:00-04:00,Long,8040.5,8012.75,-27.75,27.75,34.512779056028855,True,2020-04-07 19:30:00-04:00,95.0,2020-04-07 19:35:00-04:00,8040.5,27.75,27.5,55.5,55.0,33.5,33.25,72
16:00,2020-04-08 16:00:00-04:00,2.0,2020-04-08 18:00:00-04:00,2020-04-09 00:00:00-04:00,Long,8212.0,8193.75,-18.25,18.25,22.223575255723333,True,2020-04-08 19:20:00-04:00,85.0,2020-04-08 19:25:00-04:00,8212.0,18.25,18.0,36.5,36.0,34.5,22.25,72
16:00,2020-04-13 16:00:00-04:00,2.0,2020-04-13 18:00:00-04:00,2020-04-14 00:00:00-04:00,Short,8316.75,8335.75,19.0,19.0,22.84546247031593,False,,,2020-04-14 00:00:00-04:00,8448.75,-113.0,-113.25,-226.0,-226.5,130.0,16.75,72
16:00,2020-04-14 16:00:00-04:00,2.0,2020-04-14 18:00:00-04:00,2020-04-15 00:00:00-04:00,Short,8681.5,8705.75,24.25,24.25,27.932960893854748,True,2020-04-14 19:15:00-04:00,80.0,2020-04-14 19:20:00-04:00,8681.5,24.25,24.0,48.5,48.0,0.25,28.0,72
16:00,2020-04-15 16:00:00-04:00,2.0,2020-04-15 18:00:00-04:00,2020-04-16 00:00:00-04:00,Long,8582.0,8577.75,-4.25,4.25,4.952225588440923,True,2020-04-15 18:00:00-04:00,5.0,2020-04-15 18:05:00-04:00,8582.0,4.25,4.0,8.5,8.0,4.75,12.75,72
16:00,2020-04-16 16:00:00-04:00,2.0,2020-04-16 18:00:00-04:00,2020-04-17 00:00:00-04:00,Short,8743.5,8879.75,136.25,136.25,155.83004517641677,False,,,2020-04-17 00:00:00-04:00,8916.0,-36.25,-36.5,-72.5,-73.0,88.0,4.5,72
16:00,2020-04-20 16:00:00-04:00,2.0,2020-04-20 18:00:00-04:00,2020-04-21 00:00:00-04:00,Long,8712.75,8698.25,-14.5,14.5,16.642277122607673,True,2020-04-20 18:00:00-04:00,5.0,2020-04-20 18:05:00-04:00,8712.75,14.5,14.25,29.0,28.5,1.75,31.5,72
16:00,2020-04-21 16:00:00-04:00,2.0,2020-04-21 18:00:00-04:00,2020-04-22 00:00:00-04:00,Short,8391.0,8444.75,53.75,53.75,64.05672744607317,False,,,2020-04-22 00:00:00-04:00,8458.0,-13.25,-13.5,-26.5,-27.0,45.25,45.25,72
16:00,2020-04-22 16:00:00-04:00,2.0,2020-04-22 18:00:00-04:00,2020-04-23 00:00:00-04:00,Long,8648.5,8634.25,-14.25,14.25,16.476845695785396,True,2020-04-22 21:05:00-04:00,190.0,2020-04-22 21:10:00-04:00,8648.5,14.25,14.0,28.5,28.0,48.75,18.25,72
16:00,2020-04-23 16:00:00-04:00,2.0,2020-04-23 18:00:00-04:00,2020-04-24 00:00:00-04:00,Long,8628.0,8587.0,-41.0,41.0,47.519703291608714,False,,,2020-04-24 00:00:00-04:00,8535.75,-51.25,-51.5,-102.5,-103.0,89.0,5.75,72
16:00,2020-04-27 16:00:00-04:00,2.0,2020-04-27 18:00:00-04:00,2020-04-28 00:00:00-04:00,Long,8824.0,8818.5,-5.5,5.5,6.233000906618313,True,2020-04-27 19:00:00-04:00,65.0,2020-04-27 19:05:00-04:00,8824.0,5.5,5.25,11.0,10.5,17.5,7.5,72
16:00,2020-04-28 16:00:00-04:00,2.0,2020-04-28 18:00:00-04:00,2020-04-29 00:00:00-04:00,Short,8666.5,8757.75,91.25,91.25,105.29048635550684,False,,,2020-04-29 00:00:00-04:00,8838.5,-80.75,-81.0,-161.5,-162.0,101.75,24.25,72
16:00,2020-04-29 16:00:00-04:00,2.0,2020-04-29 18:00:00-04:00,2020-04-30 00:00:00-04:00,Short,8963.0,9109.75,146.75,146.75,163.72866227825506,False,,,2020-04-30 00:00:00-04:00,9117.25,-7.5,-7.75,-15.0,-15.5,18.25,65.75,72
16:00,2020-04-30 16:00:00-04:00,2.0,2020-04-30 18:00:00-04:00,2020-05-01 00:00:00-04:00,Long,8982.25,8847.25,-135.0,135.0,150.29641793537255,False,,,2020-05-01 00:00:00-04:00,8815.0,-32.25,-32.5,-64.5,-65.0,60.0,14.25,72
16:00,2020-05-04 16:00:00-04:00,2.0,2020-05-04 18:00:00-04:00,2020-05-05 00:00:00-04:00,Long,8818.0,8805.5,-12.5,12.5,14.175550011340441,True,2020-05-04 18:20:00-04:00,25.0,2020-05-04 18:25:00-04:00,8818.0,12.5,12.25,25.0,24.5,8.75,21.75,72
16:00,2020-05-05 16:00:00-04:00,2.0,2020-05-05 18:00:00-04:00,2020-05-06 00:00:00-04:00,Short,8918.25,8930.0,11.75,11.75,13.175230566534914,True,2020-05-05 18:00:00-04:00,5.0,2020-05-05 18:05:00-04:00,8918.25,11.75,11.5,23.5,23.0,17.75,16.5,72
16:00,2020-05-06 16:00:00-04:00,2.0,2020-05-06 18:00:00-04:00,2020-05-07 00:00:00-04:00,Long,8972.0,8949.75,-22.25,22.25,24.79937583593402,True,2020-05-06 20:00:00-04:00,125.0,2020-05-06 20:05:00-04:00,8972.0,22.25,22.0,44.5,44.0,19.75,28.0,72
16:00,2020-05-07 16:00:00-04:00,2.0,2020-05-07 18:00:00-04:00,2020-05-08 00:00:00-04:00,Short,9091.0,9115.0,24.0,24.0,26.399736002639973,False,,,2020-05-08 00:00:00-04:00,9208.0,-93.0,-93.25,-186.0,-186.5,102.0,12.25,72
16:00,2020-05-11 16:00:00-04:00,2.0,2020-05-11 18:00:00-04:00,2020-05-12 00:00:00-04:00,Long,9286.75,9281.25,-5.5,5.5,5.922416345869114,True,2020-05-11 18:00:00-04:00,5.0,2020-05-11 18:05:00-04:00,9286.75,5.5,5.25,11.0,10.5,1.0,10.25,72
16:00,2020-05-12 16:00:00-04:00,2.0,2020-05-12 18:00:00-04:00,2020-05-13 00:00:00-04:00,Long,9102.25,9047.75,-54.5,54.5,59.875305556318494,False,,,2020-05-13 00:00:00-04:00,9087.25,39.5,39.25,79.0,78.5,49.75,41.75,72
16:00,2020-05-13 16:00:00-04:00,2.0,2020-05-13 18:00:00-04:00,2020-05-14 00:00:00-04:00,Short,8990.75,9011.5,20.75,20.75,23.079275922475876,True,2020-05-13 20:00:00-04:00,125.0,2020-05-13 20:05:00-04:00,8990.75,20.75,20.5,41.5,41.0,26.75,27.5,72
16:00,2020-05-14 16:00:00-04:00,2.0,2020-05-14 18:00:00-04:00,2020-05-15 00:00:00-04:00,Long,9086.75,9085.75,-1.0,1.0,1.1005034803422566,True,2020-05-14 18:00:00-04:00,5.0,2020-05-14 18:05:00-04:00,9086.75,1.0,0.75,2.0,1.5,7.75,7.0,72
16:00,2020-05-18 16:00:00-04:00,2.0,2020-05-18 18:00:00-04:00,2020-05-19 00:00:00-04:00,Long,9320.0,9317.0,-3.0,3.0,3.218884120171674,True,2020-05-18 18:00:00-04:00,5.0,2020-05-18 18:05:00-04:00,9320.0,3.0,2.75,6.0,5.5,6.75,16.75,72
16:00,2020-05-20 16:00:00-04:00,2.0,2020-05-20 18:00:00-04:00,2020-05-21 00:00:00-04:00,Short,9480.25,9496.25,16.0,16.0,16.877192057171488,True,2020-05-20 19:35:00-04:00,100.0,2020-05-20 19:40:00-04:00,9480.25,16.0,15.75,32.0,31.5,7.0,16.0,72
16:00,2020-05-21 16:00:00-04:00,2.0,2020-05-21 18:00:00-04:00,2020-05-22 00:00:00-04:00,Long,9378.0,9361.0,-17.0,17.0,18.127532522925996,True,2020-05-21 18:10:00-04:00,15.0,2020-05-21 18:15:00-04:00,9378.0,17.0,16.75,34.0,33.5,11.5,19.75,72
16:00,2020-05-26 16:00:00-04:00,2.0,2020-05-26 18:00:00-04:00,2020-05-27 00:00:00-04:00,Short,9388.0,9409.75,21.75,21.75,23.167873881550918,True,2020-05-26 20:05:00-04:00,130.0,2020-05-26 20:10:00-04:00,9388.0,21.75,21.5,43.5,43.0,7.0,31.0,72
16:00,2020-05-27 16:00:00-04:00,2.0,2020-05-27 18:00:00-04:00,2020-05-28 00:00:00-04:00,Short,9434.5,9437.0,2.5,2.5,2.649848958609359,True,2020-05-27 18:00:00-04:00,5.0,2020-05-27 18:05:00-04:00,9434.5,2.5,2.25,5.0,4.5,4.25,13.75,72
16:00,2020-05-28 16:00:00-04:00,2.0,2020-05-28 18:00:00-04:00,2020-05-29 00:00:00-04:00,Short,9415.0,9454.75,39.75,39.75,42.219861922464155,True,2020-05-28 19:55:00-04:00,120.0,2020-05-28 20:00:00-04:00,9415.0,39.75,39.5,79.5,79.0,5.75,39.75,72
16:00,2020-06-01 16:00:00-04:00,2.0,2020-06-01 18:00:00-04:00,2020-06-02 00:00:00-04:00,Long,9594.0,9589.0,-5.0,5.0,5.211590577444236,True,2020-06-01 18:00:00-04:00,5.0,2020-06-01 18:05:00-04:00,9594.0,5.0,4.75,10.0,9.5,3.75,7.0,72
16:00,2020-06-02 16:00:00-04:00,2.0,2020-06-02 18:00:00-04:00,2020-06-03 00:00:00-04:00,Short,9655.0,9657.0,2.0,2.0,2.0714655618850335,True,2020-06-02 18:00:00-04:00,5.0,2020-06-02 18:05:00-04:00,9655.0,2.0,1.75,4.0,3.5,2.25,11.25,72
16:00,2020-06-03 16:00:00-04:00,2.0,2020-06-03 18:00:00-04:00,2020-06-04 00:00:00-04:00,Long,9697.0,9684.0,-13.0,13.0,13.40620810559967,True,2020-06-03 19:25:00-04:00,90.0,2020-06-03 19:30:00-04:00,9697.0,13.0,12.75,26.0,25.5,16.75,15.5,72
16:00,2020-06-04 16:00:00-04:00,2.0,2020-06-04 18:00:00-04:00,2020-06-05 00:00:00-04:00,Short,9627.5,9642.25,14.75,14.75,15.320695923136848,True,2020-06-04 18:15:00-04:00,20.0,2020-06-04 18:20:00-04:00,9627.5,14.75,14.5,29.5,29.0,1.75,15.0,72
16:00,2020-06-08 16:00:00-04:00,2.0,2020-06-08 18:00:00-04:00,2020-06-09 00:00:00-04:00,Long,9896.5,9887.25,-9.25,9.25,9.346738746021321,True,2020-06-08 20:05:00-04:00,130.0,2020-06-08 20:10:00-04:00,9896.5,9.25,9.0,18.5,18.0,16.0,9.75,72
16:00,2020-06-09 16:00:00-04:00,2.0,2020-06-09 18:00:00-04:00,2020-06-10 00:00:00-04:00,Long,9963.75,9960.0,-3.75,3.75,3.763643206624012,True,2020-06-09 18:00:00-04:00,5.0,2020-06-09 18:05:00-04:00,9963.75,3.75,3.5,7.5,7.0,2.5,10.0,72
16:00,2020-06-10 16:00:00-04:00,2.0,2020-06-10 18:00:00-04:00,2020-06-11 00:00:00-04:00,Long,10089.25,10086.25,-3.0,3.0,2.9734618529623114,True,2020-06-10 18:00:00-04:00,5.0,2020-06-10 18:05:00-04:00,10089.25,3.0,2.75,6.0,5.5,3.5,12.75,72
16:00,2020-06-11 16:00:00-04:00,2.0,2020-06-11 18:00:00-04:00,2020-06-12 00:00:00-04:00,Short,9592.5,9618.0,25.5,25.5,26.583268178264266,False,,,2020-06-12 00:00:00-04:00,9717.0,-99.0,-99.25,-198.0,-198.5,105.0,23.25,72
16:00,2020-06-15 16:00:00-04:00,2.0,2020-06-15 18:00:00-04:00,2020-06-16 00:00:00-04:00,Short,9778.25,9816.25,38.0,38.0,38.861759517296036,False,,,2020-06-16 00:00:00-04:00,9929.0,-112.75,-113.0,-225.5,-226.0,143.0,16.75,72
16:00,2020-06-16 16:00:00-04:00,2.0,2020-06-16 18:00:00-04:00,2020-06-17 00:00:00-04:00,Short,9953.25,9962.75,9.5,9.5,9.544621103659608,True,2020-06-16 18:00:00-04:00,5.0,2020-06-16 18:05:00-04:00,9953.25,9.5,9.25,19.0,18.5,4.25,15.0,72
16:00,2020-06-17 16:00:00-04:00,2.0,2020-06-17 18:00:00-04:00,2020-06-18 00:00:00-04:00,Short,9979.0,9998.5,19.5,19.5,19.541036175969538,True,2020-06-17 18:00:00-04:00,5.0,2020-06-17 18:05:00-04:00,9979.0,19.5,19.25,39.0,38.5,0.0,22.0,72
16:00,2020-06-18 16:00:00-04:00,2.0,2020-06-18 18:00:00-04:00,2020-06-19 00:00:00-04:00,Long,10010.75,9995.75,-15.0,15.0,14.983892315760558,True,2020-06-18 18:15:00-04:00,20.0,2020-06-18 18:20:00-04:00,10010.75,15.0,14.75,30.0,29.5,0.25,21.0,72
16:00,2020-06-22 16:00:00-04:00,2.0,2020-06-22 18:00:00-04:00,2020-06-23 00:00:00-04:00,Short,10115.0,10120.5,5.5,5.5,5.437469105289175,True,2020-06-22 18:30:00-04:00,35.0,2020-06-22 18:35:00-04:00,10115.0,5.5,5.25,11.0,10.5,19.0,6.0,72
16:00,2020-06-23 16:00:00-04:00,2.0,2020-06-23 18:00:00-04:00,2020-06-24 00:00:00-04:00,Long,10197.75,10183.5,-14.25,14.25,13.973670662646171,True,2020-06-23 18:00:00-04:00,5.0,2020-06-23 18:05:00-04:00,10197.75,14.25,14.0,28.5,28.0,8.5,15.0,72
16:00,2020-06-24 16:00:00-04:00,2.0,2020-06-24 18:00:00-04:00,2020-06-25 00:00:00-04:00,Short,9993.5,10005.75,12.25,12.25,12.257967678991344,True,2020-06-24 18:10:00-04:00,15.0,2020-06-24 18:15:00-04:00,9993.5,12.25,12.0,24.5,24.0,16.5,14.25,72
16:00,2020-06-25 16:00:00-04:00,2.0,2020-06-25 18:00:00-04:00,2020-06-26 00:00:00-04:00,Short,10087.25,10088.0,0.75,0.75,0.7435128503804308,True,2020-06-25 18:00:00-04:00,5.0,2020-06-25 18:05:00-04:00,10087.25,0.75,0.5,1.5,1.0,10.75,3.0,72
16:00,2020-06-29 16:00:00-04:00,2.0,2020-06-29 18:00:00-04:00,2020-06-30 00:00:00-04:00,Short,9950.75,9984.0,33.25,33.25,33.41456674120041,False,,,2020-06-30 00:00:00-04:00,10008.0,-24.0,-24.25,-48.0,-48.5,38.75,9.75,72
16:00,2020-07-01 16:00:00-04:00,2.0,2020-07-01 18:00:00-04:00,2020-07-02 00:00:00-04:00,Long,10264.5,10256.25,-8.25,8.25,8.037410492474061,True,2020-07-01 18:20:00-04:00,25.0,2020-07-01 18:25:00-04:00,10264.5,8.25,8.0,16.5,16.0,8.5,8.75,72
16:00,2020-07-02 16:00:00-04:00,2.0,2020-07-02 18:00:00-04:00,2020-07-03 00:00:00-04:00,Short,10335.25,10350.0,14.75,14.75,14.271546406714885,False,,,2020-07-03 00:00:00-04:00,10352.75,-2.75,-3.0,-5.5,-6.0,22.0,10.0,72
16:00,2020-07-06 16:00:00-04:00,2.0,2020-07-06 18:00:00-04:00,2020-07-07 00:00:00-04:00,Short,10591.5,10599.0,7.5,7.5,7.0811499787565495,True,2020-07-06 21:55:00-04:00,240.0,2020-07-06 22:00:00-04:00,10591.5,7.5,7.25,15.0,14.5,65.75,10.25,72
16:00,2020-07-07 16:00:00-04:00,2.0,2020-07-07 18:00:00-04:00,2020-07-08 00:00:00-04:00,Short,10516.5,10527.75,11.25,11.25,10.69747539580659,False,,,2020-07-08 00:00:00-04:00,10546.75,-19.0,-19.25,-38.0,-38.5,45.0,3.0,72
16:00,2020-07-08 16:00:00-04:00,2.0,2020-07-08 18:00:00-04:00,2020-07-09 00:00:00-04:00,Short,10654.25,10674.0,19.75,19.75,18.537203463406623,True,2020-07-08 21:10:00-04:00,195.0,2020-07-08 21:15:00-04:00,10654.25,19.75,19.5,39.5,39.0,24.0,20.75,72
16:00,2020-07-09 16:00:00-04:00,2.0,2020-07-09 18:00:00-04:00,2020-07-10 00:00:00-04:00,Long,10741.0,10727.5,-13.5,13.5,12.568662135741551,True,2020-07-09 19:20:00-04:00,85.0,2020-07-09 19:25:00-04:00,10741.0,13.5,13.25,27.0,26.5,3.75,14.25,72
16:00,2020-07-13 16:00:00-04:00,2.0,2020-07-13 18:00:00-04:00,2020-07-14 00:00:00-04:00,Short,10599.0,10601.25,2.25,2.25,2.122841777526182,False,,,2020-07-14 00:00:00-04:00,10627.25,-26.0,-26.25,-52.0,-52.5,59.75,1.25,72
16:00,2020-07-14 16:00:00-04:00,2.0,2020-07-14 18:00:00-04:00,2020-07-15 00:00:00-04:00,Short,10673.0,10686.5,13.5,13.5,12.648739810737375,True,2020-07-14 23:15:00-04:00,320.0,2020-07-14 23:20:00-04:00,10673.0,13.5,13.25,27.0,26.5,53.5,22.5,72
16:00,2020-07-15 16:00:00-04:00,2.0,2020-07-15 18:00:00-04:00,2020-07-16 00:00:00-04:00,Short,10687.25,10692.75,5.5,5.5,5.146319212145313,True,2020-07-15 18:00:00-04:00,5.0,2020-07-15 18:05:00-04:00,10687.25,5.5,5.25,11.0,10.5,2.75,6.0,72
16:00,2020-07-16 16:00:00-04:00,2.0,2020-07-16 18:00:00-04:00,2020-07-17 00:00:00-04:00,Long,10613.5,10534.0,-79.5,79.5,74.90460262872756,False,,,2020-07-17 00:00:00-04:00,10592.75,58.75,58.5,117.5,117.0,10.5,73.75,72
16:00,2020-07-20 16:00:00-04:00,2.0,2020-07-20 18:00:00-04:00,2020-07-21 00:00:00-04:00,Short,10936.5,10952.25,15.75,15.75,14.401316691811823,True,2020-07-20 18:40:00-04:00,45.0,2020-07-20 18:45:00-04:00,10936.5,15.75,15.5,31.5,31.0,27.75,20.5,72
16:00,2020-07-21 16:00:00-04:00,2.0,2020-07-21 18:00:00-04:00,2020-07-22 00:00:00-04:00,Short,10823.5,10850.5,27.0,27.0,24.945719961195547,False,,,2020-07-22 00:00:00-04:00,10895.5,-45.0,-45.25,-90.0,-90.5,65.75,7.5,72
16:00,2020-07-22 16:00:00-04:00,2.0,2020-07-22 18:00:00-04:00,2020-07-23 00:00:00-04:00,Long,10859.0,10849.75,-9.25,9.25,8.518279767934432,True,2020-07-22 18:15:00-04:00,20.0,2020-07-22 18:20:00-04:00,10859.0,9.25,9.0,18.5,18.0,17.5,11.5,72
16:00,2020-07-23 16:00:00-04:00,2.0,2020-07-23 18:00:00-04:00,2020-07-24 00:00:00-04:00,Long,10572.25,10566.25,-6.0,6.0,5.675234694601433,True,2020-07-23 18:00:00-04:00,5.0,2020-07-23 18:05:00-04:00,10572.25,6.0,5.75,12.0,11.5,0.0,12.5,72
16:00,2020-07-27 16:00:00-04:00,2.0,2020-07-27 18:00:00-04:00,2020-07-28 00:00:00-04:00,Short,10660.75,10683.0,22.25,22.25,20.870951856107684,False,,,2020-07-28 00:00:00-04:00,10696.25,-13.25,-13.5,-26.5,-27.0,75.5,2.5,72
16:00,2020-07-28 16:00:00-04:00,2.0,2020-07-28 18:00:00-04:00,2020-07-29 00:00:00-04:00,Short,10525.5,10557.75,32.25,32.25,30.639874590280748,True,2020-07-28 21:35:00-04:00,220.0,2020-07-28 21:40:00-04:00,10525.5,32.25,32.0,64.5,64.0,21.75,33.0,72
16:00,2020-07-29 16:00:00-04:00,2.0,2020-07-29 18:00:00-04:00,2020-07-30 00:00:00-04:00,Short,10650.25,10699.5,49.25,49.25,46.24304593788879,False,,,2020-07-30 00:00:00-04:00,10674.0,25.5,25.25,51.0,50.5,3.25,47.75,72
16:00,2020-07-30 16:00:00-04:00,2.0,2020-07-30 18:00:00-04:00,2020-07-31 00:00:00-04:00,Short,10704.75,10905.0,200.25,200.25,187.0664891753661,False,,,2020-07-31 00:00:00-04:00,10906.5,-1.5,-1.75,-3.0,-3.5,34.25,26.5,72
16:00,2020-08-03 16:00:00-04:00,2.0,2020-08-03 18:00:00-04:00,2020-08-04 00:00:00-04:00,Short,11038.0,11052.5,14.5,14.5,13.136437760463851,True,2020-08-03 18:00:00-04:00,5.0,2020-08-03 18:05:00-04:00,11038.0,14.5,14.25,29.0,28.5,2.0,21.75,72
16:00,2020-08-04 16:00:00-04:00,2.0,2020-08-04 18:00:00-04:00,2020-08-05 00:00:00-04:00,Long,11084.25,11079.25,-5.0,5.0,4.510905113110946,True,2020-08-04 22:45:00-04:00,290.0,2020-08-04 22:50:00-04:00,11084.25,5.0,4.75,10.0,9.5,23.5,11.5,72
16:00,2020-08-05 16:00:00-04:00,2.0,2020-08-05 18:00:00-04:00,2020-08-06 00:00:00-04:00,Long,11111.0,11093.5,-17.5,17.5,15.750157501575016,True,2020-08-05 20:20:00-04:00,145.0,2020-08-05 20:25:00-04:00,11111.0,17.5,17.25,35.0,34.5,9.0,20.0,72
16:00,2020-08-06 16:00:00-04:00,2.0,2020-08-06 18:00:00-04:00,2020-08-07 00:00:00-04:00,Short,11254.25,11260.25,6.0,6.0,5.331319279383344,True,2020-08-06 18:00:00-04:00,5.0,2020-08-06 18:05:00-04:00,11254.25,6.0,5.75,12.0,11.5,4.5,7.75,72
16:00,2020-08-10 16:00:00-04:00,2.0,2020-08-10 18:00:00-04:00,2020-08-11 00:00:00-04:00,Long,11078.5,11072.5,-6.0,6.0,5.415895653743738,True,2020-08-10 20:00:00-04:00,125.0,2020-08-10 20:05:00-04:00,11078.5,6.0,5.75,12.0,11.5,14.25,6.0,72
16:00,2020-08-11 16:00:00-04:00,2.0,2020-08-11 18:00:00-04:00,2020-08-12 00:00:00-04:00,Short,10868.75,10923.25,54.5,54.5,50.143760782058656,False,,,2020-08-12 00:00:00-04:00,10911.75,11.5,11.25,23.0,22.5,26.25,45.0,72
16:00,2020-08-12 16:00:00-04:00,2.0,2020-08-12 18:00:00-04:00,2020-08-13 00:00:00-04:00,Long,11146.5,11115.75,-30.75,30.75,27.587134975104295,True,2020-08-12 20:15:00-04:00,140.0,2020-08-12 20:20:00-04:00,11146.5,30.75,30.5,61.5,61.0,10.5,32.25,72
16:00,2020-08-13 16:00:00-04:00,2.0,2020-08-13 18:00:00-04:00,2020-08-14 00:00:00-04:00,Short,11170.0,11181.0,11.0,11.0,9.847806624888092,False,,,2020-08-14 00:00:00-04:00,11201.0,-20.0,-20.25,-40.0,-40.5,33.25,0.5,72
16:00,2020-08-17 16:00:00-04:00,2.0,2020-08-17 18:00:00-04:00,2020-08-18 00:00:00-04:00,Short,11284.25,11285.25,1.0,1.0,0.8861909298358331,True,2020-08-17 18:00:00-04:00,5.0,2020-08-17 18:05:00-04:00,11284.25,1.0,0.75,2.0,1.5,3.5,3.25,72
16:00,2020-08-18 16:00:00-04:00,2.0,2020-08-18 18:00:00-04:00,2020-08-19 00:00:00-04:00,Short,11394.0,11413.5,19.5,19.5,17.114270668773038,False,,,2020-08-19 00:00:00-04:00,11423.75,-10.25,-10.5,-20.5,-21.0,31.25,14.75,72
16:00,2020-08-19 16:00:00-04:00,2.0,2020-08-19 18:00:00-04:00,2020-08-20 00:00:00-04:00,Short,11319.25,11327.5,8.25,8.25,7.288468758972547,True,2020-08-19 18:00:00-04:00,5.0,2020-08-19 18:05:00-04:00,11319.25,8.25,8.0,16.5,16.0,5.75,12.75,72
16:00,2020-08-20 16:00:00-04:00,2.0,2020-08-20 18:00:00-04:00,2020-08-21 00:00:00-04:00,Short,11473.5,11479.0,5.5,5.5,4.7936549440013945,False,,,2020-08-21 00:00:00-04:00,11504.25,-25.25,-25.5,-50.5,-51.0,45.25,0.0,72
16:00,2020-08-24 16:00:00-04:00,2.0,2020-08-24 18:00:00-04:00,2020-08-25 00:00:00-04:00,Short,11626.25,11634.75,8.5,8.5,7.311041823459844,False,,,2020-08-25 00:00:00-04:00,11676.0,-41.25,-41.5,-82.5,-83.0,55.25,3.25,72
16:00,2020-08-25 16:00:00-04:00,2.0,2020-08-25 18:00:00-04:00,2020-08-26 00:00:00-04:00,Short,11715.5,11739.25,23.75,23.75,20.272288848107205,False,,,2020-08-26 00:00:00-04:00,11742.25,-3.0,-3.25,-6.0,-6.5,18.5,9.5,72
16:00,2020-08-26 16:00:00-04:00,2.0,2020-08-26 18:00:00-04:00,2020-08-27 00:00:00-04:00,Short,11965.0,11983.75,18.75,18.75,15.670706226493941,True,2020-08-26 18:10:00-04:00,15.0,2020-08-26 18:15:00-04:00,11965.0,18.75,18.5,37.5,37.0,0.0,18.75,72
16:00,2020-08-27 16:00:00-04:00,2.0,2020-08-27 18:00:00-04:00,2020-08-28 00:00:00-04:00,Short,11928.0,11951.75,23.75,23.75,19.911133467471497,False,,,2020-08-28 00:00:00-04:00,12007.75,-56.0,-56.25,-112.0,-112.5,64.25,16.75,72
16:00,2020-08-31 16:00:00-04:00,2.0,2020-08-31 18:00:00-04:00,2020-09-01 00:00:00-04:00,Short,12092.5,12109.0,16.5,16.5,13.644821170146786,False,,,2020-09-01 00:00:00-04:00,12157.0,-48.0,-48.25,-96.0,-96.5,65.75,16.0,72
16:00,2020-09-01 16:00:00-04:00,2.0,2020-09-01 18:00:00-04:00,2020-09-02 00:00:00-04:00,Short,12294.0,12326.75,32.75,32.75,26.63901089962583,False,,,2020-09-02 00:00:00-04:00,12381.25,-54.5,-54.75,-109.0,-109.5,89.75,12.25,72
16:00,2020-09-02 16:00:00-04:00,2.0,2020-09-02 18:00:00-04:00,2020-09-03 00:00:00-04:00,Long,12410.75,12408.25,-2.5,2.5,2.0143826924239066,True,2020-09-02 18:00:00-04:00,5.0,2020-09-02 18:05:00-04:00,12410.75,2.5,2.25,5.0,4.5,6.75,4.0,72
16:00,2020-09-03 16:00:00-04:00,2.0,2020-09-03 18:00:00-04:00,2020-09-04 00:00:00-04:00,Long,11773.5,11748.75,-24.75,24.75,21.021786214804433,False,,,2020-09-04 00:00:00-04:00,11643.75,-105.0,-105.25,-210.0,-210.5,166.5,0.0,72
16:00,2020-09-08 16:00:00-04:00,2.0,2020-09-08 18:00:00-04:00,2020-09-09 00:00:00-04:00,Long,11068.5,11014.25,-54.25,54.25,49.01296471970005,True,2020-09-08 20:10:00-04:00,135.0,2020-09-08 20:15:00-04:00,11068.5,54.25,54.0,108.5,108.0,79.25,54.75,72
16:00,2020-09-09 16:00:00-04:00,2.0,2020-09-09 18:00:00-04:00,2020-09-10 00:00:00-04:00,Long,11386.25,11374.75,-11.5,11.5,10.09990119661873,True,2020-09-09 18:00:00-04:00,5.0,2020-09-09 18:05:00-04:00,11386.25,11.5,11.25,23.0,22.5,0.0,22.25,72
16:00,2020-09-10 16:00:00-04:00,2.0,2020-09-10 18:00:00-04:00,2020-09-11 00:00:00-04:00,Short,11156.75,11187.25,30.5,30.5,27.337710354717995,False,,,2020-09-11 00:00:00-04:00,11248.25,-61.0,-61.25,-122.0,-122.5,80.75,7.75,72
16:00,2020-09-14 16:00:00-04:00,2.0,2020-09-14 18:00:00-04:00,2020-09-15 00:00:00-04:00,Short,11275.0,11279.0,4.0,4.0,3.5476718403547673,True,2020-09-14 20:20:00-04:00,145.0,2020-09-14 20:25:00-04:00,11275.0,4.0,3.75,8.0,7.5,39.0,21.25,72
16:00,2020-09-15 16:00:00-04:00,2.0,2020-09-15 18:00:00-04:00,2020-09-16 00:00:00-04:00,Short,11438.25,11461.0,22.75,22.75,19.889406159158963,True,2020-09-15 19:20:00-04:00,85.0,2020-09-15 19:25:00-04:00,11438.25,22.75,22.5,45.5,45.0,17.5,23.75,72
16:00,2020-09-16 16:00:00-04:00,2.0,2020-09-16 18:00:00-04:00,2020-09-17 00:00:00-04:00,Short,11249.5,11269.25,19.75,19.75,17.556335837148318,True,2020-09-16 20:20:00-04:00,145.0,2020-09-16 20:25:00-04:00,11249.5,19.75,19.5,39.5,39.0,33.25,63.0,72
16:00,2020-09-17 16:00:00-04:00,2.0,2020-09-17 18:00:00-04:00,2020-09-18 00:00:00-04:00,Long,11085.0,11062.25,-22.75,22.75,20.523229589535408,True,2020-09-17 18:00:00-04:00,5.0,2020-09-17 18:05:00-04:00,11085.0,22.75,22.5,45.5,45.0,2.0,24.5,72
16:00,2020-09-21 16:00:00-04:00,2.0,2020-09-21 18:00:00-04:00,2020-09-22 00:00:00-04:00,Short,10963.75,10972.75,9.0,9.0,8.208870140234865,True,2020-09-21 18:00:00-04:00,5.0,2020-09-21 18:05:00-04:00,10963.75,9.0,8.75,18.0,17.5,3.5,17.75,72
16:00,2020-09-22 16:00:00-04:00,2.0,2020-09-22 18:00:00-04:00,2020-09-23 00:00:00-04:00,Long,11164.75,11160.25,-4.5,4.5,4.030542555811818,True,2020-09-22 18:00:00-04:00,5.0,2020-09-22 18:05:00-04:00,11164.75,4.5,4.25,9.0,8.5,10.75,6.75,72
16:00,2020-09-23 16:00:00-04:00,2.0,2020-09-23 18:00:00-04:00,2020-09-24 00:00:00-04:00,Long,10820.75,10803.25,-17.5,17.5,16.172631287110413,True,2020-09-23 18:00:00-04:00,5.0,2020-09-23 18:05:00-04:00,10820.75,17.5,17.25,35.0,34.5,18.0,26.0,72
16:00,2020-09-24 16:00:00-04:00,2.0,2020-09-24 18:00:00-04:00,2020-09-25 00:00:00-04:00,Short,10877.75,10910.75,33.0,33.0,30.337156121440557,False,,,2020-09-25 00:00:00-04:00,10934.0,-23.25,-23.5,-46.5,-47.0,65.75,0.0,72
16:00,2020-09-28 16:00:00-04:00,2.0,2020-09-28 18:00:00-04:00,2020-09-29 00:00:00-04:00,Short,11360.0,11388.5,28.5,28.5,25.088028169014084,False,,,2020-09-29 00:00:00-04:00,11410.75,-22.25,-22.5,-44.5,-45.0,55.0,5.5,72
16:00,2020-09-29 16:00:00-04:00,2.0,2020-09-29 18:00:00-04:00,2020-09-30 00:00:00-04:00,Short,11310.0,11321.25,11.25,11.25,9.946949602122016,True,2020-09-29 23:00:00-04:00,305.0,2020-09-29 23:05:00-04:00,11310.0,11.25,11.0,22.5,22.0,105.5,13.0,72
16:00,2020-09-30 16:00:00-04:00,2.0,2020-09-30 18:00:00-04:00,2020-10-01 00:00:00-04:00,Long,11403.0,11372.25,-30.75,30.75,26.9665877400684,True,2020-09-30 18:00:00-04:00,5.0,2020-09-30 18:05:00-04:00,11403.0,30.75,30.5,61.5,61.0,0.0,38.75,72
16:00,2020-10-01 16:00:00-04:00,2.0,2020-10-01 18:00:00-04:00,2020-10-02 00:00:00-04:00,Long,11572.75,11567.75,-5.0,5.0,4.320494264543864,True,2020-10-01 18:00:00-04:00,5.0,2020-10-01 18:05:00-04:00,11572.75,5.0,4.75,10.0,9.5,5.25,9.5,72
16:00,2020-10-05 16:00:00-04:00,2.0,2020-10-05 18:00:00-04:00,2020-10-06 00:00:00-04:00,Long,11489.5,11475.0,-14.5,14.5,12.620218460333348,True,2020-10-05 18:15:00-04:00,20.0,2020-10-05 18:20:00-04:00,11489.5,14.5,14.25,29.0,28.5,8.75,16.25,72
16:00,2020-10-06 16:00:00-04:00,2.0,2020-10-06 18:00:00-04:00,2020-10-07 00:00:00-04:00,Long,11275.5,11217.25,-58.25,58.25,51.660680235909716,True,2020-10-06 21:55:00-04:00,240.0,2020-10-06 22:00:00-04:00,11275.5,58.25,58.0,116.5,116.0,8.75,67.75,72
16:00,2020-10-07 16:00:00-04:00,2.0,2020-10-07 18:00:00-04:00,2020-10-08 00:00:00-04:00,Long,11479.75,11474.5,-5.25,5.25,4.573270323831093,True,2020-10-07 18:00:00-04:00,5.0,2020-10-07 18:05:00-04:00,11479.75,5.25,5.0,10.5,10.0,4.5,9.0,72
16:00,2020-10-08 16:00:00-04:00,2.0,2020-10-08 18:00:00-04:00,2020-10-09 00:00:00-04:00,Short,11536.25,11561.0,24.75,24.75,21.454112038140643,False,,,2020-10-09 00:00:00-04:00,11595.75,-34.75,-35.0,-69.5,-70.0,41.25,2.0,72
16:00,2020-10-12 16:00:00-04:00,2.0,2020-10-12 18:00:00-04:00,2020-10-13 00:00:00-04:00,Short,12075.0,12098.75,23.75,23.75,19.668737060041405,True,2020-10-12 20:15:00-04:00,140.0,2020-10-12 20:20:00-04:00,12075.0,23.75,23.5,47.5,47.0,23.75,29.0,72
16:00,2020-10-13 16:00:00-04:00,2.0,2020-10-13 18:00:00-04:00,2020-10-14 00:00:00-04:00,Short,12074.25,12080.0,5.75,5.75,4.7622005507588465,True,2020-10-13 18:00:00-04:00,5.0,2020-10-13 18:05:00-04:00,12074.25,5.75,5.5,11.5,11.0,13.5,7.0,72
16:00,2020-10-14 16:00:00-04:00,2.0,2020-10-14 18:00:00-04:00,2020-10-15 00:00:00-04:00,Long,11977.25,11951.0,-26.25,26.25,21.916550126281077,True,2020-10-14 18:10:00-04:00,15.0,2020-10-14 18:15:00-04:00,11977.25,26.25,26.0,52.5,52.0,5.25,31.0,72
16:00,2020-10-15 16:00:00-04:00,2.0,2020-10-15 18:00:00-04:00,2020-10-16 00:00:00-04:00,Short,11890.25,11891.25,1.0,1.0,0.8410252097306616,True,2020-10-15 18:30:00-04:00,35.0,2020-10-15 18:35:00-04:00,11890.25,1.0,0.75,2.0,1.5,15.5,1.25,72
16:00,2020-10-19 16:00:00-04:00,2.0,2020-10-19 18:00:00-04:00,2020-10-20 00:00:00-04:00,Short,11629.25,11697.75,68.5,68.5,58.903196680783374,False,,,2020-10-20 00:00:00-04:00,11716.0,-18.25,-18.5,-36.5,-37.0,50.0,30.25,72
16:00,2020-10-20 16:00:00-04:00,2.0,2020-10-20 18:00:00-04:00,2020-10-21 00:00:00-04:00,Short,11663.25,11673.0,9.75,9.75,8.359591023085333,False,,,2020-10-21 00:00:00-04:00,11729.5,-56.5,-56.75,-113.0,-113.5,70.75,8.75,72
16:00,2020-10-21 16:00:00-04:00,2.0,2020-10-21 18:00:00-04:00,2020-10-22 00:00:00-04:00,Short,11652.5,11686.25,33.75,33.75,28.963741686333407,True,2020-10-21 19:35:00-04:00,100.0,2020-10-21 19:40:00-04:00,11652.5,33.75,33.5,67.5,67.0,15.25,95.25,72
16:00,2020-10-22 16:00:00-04:00,2.0,2020-10-22 18:00:00-04:00,2020-10-23 00:00:00-04:00,Short,11654.0,11666.75,12.75,12.75,10.940449631027974,True,2020-10-22 19:10:00-04:00,75.0,2020-10-22 19:15:00-04:00,11654.0,12.75,12.5,25.5,25.0,15.5,23.75,72
16:00,2020-10-26 16:00:00-04:00,2.0,2020-10-26 18:00:00-04:00,2020-10-27 00:00:00-04:00,Short,11495.0,11497.5,2.5,2.5,2.174858634188778,True,2020-10-26 18:00:00-04:00,5.0,2020-10-26 18:05:00-04:00,11495.0,2.5,2.25,5.0,4.5,11.0,2.5,72
16:00,2020-10-27 16:00:00-04:00,2.0,2020-10-27 18:00:00-04:00,2020-10-28 00:00:00-04:00,Long,11585.75,11560.75,-25.0,25.0,21.57823187967978,False,,,2020-10-28 00:00:00-04:00,11536.25,-24.5,-24.75,-49.0,-49.5,53.75,0.0,72
16:00,2020-10-28 16:00:00-04:00,2.0,2020-10-28 18:00:00-04:00,2020-10-29 00:00:00-04:00,Short,11137.0,11181.75,44.75,44.75,40.181377390679714,False,,,2020-10-29 00:00:00-04:00,11244.5,-62.75,-63.0,-125.5,-126.0,64.75,15.5,72
16:00,2020-10-29 16:00:00-04:00,2.0,2020-10-29 18:00:00-04:00,2020-10-30 00:00:00-04:00,Long,11325.0,11218.5,-106.5,106.5,94.03973509933775,False,,,2020-10-30 00:00:00-04:00,11203.75,-14.75,-15.0,-29.5,-30.0,60.5,19.5,72
16:00,2020-11-02 16:00:00-05:00,2.0,2020-11-02 18:00:00-05:00,2020-11-03 00:00:00-05:00,Short,11069.0,11075.25,6.25,6.25,5.646399855452163,True,2020-11-02 18:00:00-05:00,5.0,2020-11-02 18:05:00-05:00,11069.0,6.25,6.0,12.5,12.0,10.25,10.25,72
16:00,2020-11-03 16:00:00-05:00,2.0,2020-11-03 18:00:00-05:00,2020-11-04 00:00:00-05:00,Long,11257.0,11256.5,-0.5,0.5,0.44416807319889845,True,2020-11-03 18:00:00-05:00,5.0,2020-11-03 18:05:00-05:00,11257.0,0.5,0.25,1.0,0.5,12.25,27.25,72
16:00,2020-11-04 16:00:00-05:00,2.0,2020-11-04 18:00:00-05:00,2020-11-05 00:00:00-05:00,Short,11760.0,11817.75,57.75,57.75,49.107142857142854,False,,,2020-11-05 00:00:00-05:00,11937.0,-119.25,-119.5,-238.5,-239.0,169.25,46.5,72
16:00,2020-11-05 16:00:00-05:00,2.0,2020-11-05 18:00:00-05:00,2020-11-06 00:00:00-05:00,Short,12066.25,12087.75,21.5,21.5,17.818294830622605,True,2020-11-05 18:05:00-05:00,10.0,2020-11-05 18:10:00-05:00,12066.25,21.5,21.25,43.0,42.5,1.25,22.5,72
16:00,2020-11-09 16:00:00-05:00,2.0,2020-11-09 18:00:00-05:00,2020-11-10 00:00:00-05:00,Short,11825.5,11863.25,37.75,37.75,31.922540273138555,True,2020-11-09 19:15:00-05:00,80.0,2020-11-09 19:20:00-05:00,11825.5,37.75,37.5,75.5,75.0,38.0,60.5,72
16:00,2020-11-10 16:00:00-05:00,2.0,2020-11-10 18:00:00-05:00,2020-11-11 00:00:00-05:00,Short,11619.75,11634.75,15.0,15.0,12.909055702575357,True,2020-11-10 18:20:00-05:00,25.0,2020-11-10 18:25:00-05:00,11619.75,15.0,14.75,30.0,29.5,20.0,19.0,72
16:00,2020-11-11 16:00:00-05:00,2.0,2020-11-11 18:00:00-05:00,2020-11-12 00:00:00-05:00,Short,11880.5,11899.75,19.25,19.25,16.203021758343503,True,2020-11-11 19:20:00-05:00,85.0,2020-11-11 19:25:00-05:00,11880.5,19.25,19.0,38.5,38.0,12.75,22.0,72
16:00,2020-11-12 16:00:00-05:00,2.0,2020-11-12 18:00:00-05:00,2020-11-13 00:00:00-05:00,Short,11824.75,11861.25,36.5,36.5,30.867460200004228,True,2020-11-12 19:45:00-05:00,110.0,2020-11-12 19:50:00-05:00,11824.75,36.5,36.25,73.0,72.5,6.75,37.0,72
16:00,2020-11-16 16:00:00-05:00,2.0,2020-11-16 18:00:00-05:00,2020-11-17 00:00:00-05:00,Short,12013.5,12060.25,46.75,46.75,38.91455445956632,True,2020-11-16 21:25:00-05:00,210.0,2020-11-16 21:30:00-05:00,12013.5,46.75,46.5,93.5,93.0,32.75,48.0,72
16:00,2020-11-17 16:00:00-05:00,2.0,2020-11-17 18:00:00-05:00,2020-11-18 00:00:00-05:00,Long,11977.25,11973.0,-4.25,4.25,3.5483938299693167,True,2020-11-17 18:00:00-05:00,5.0,2020-11-17 18:05:00-05:00,11977.25,4.25,4.0,8.5,8.0,8.5,6.5,72
16:00,2020-11-18 16:00:00-05:00,2.0,2020-11-18 18:00:00-05:00,2020-11-19 00:00:00-05:00,Long,11892.25,11876.75,-15.5,15.5,13.033698417036305,True,2020-11-18 18:20:00-05:00,25.0,2020-11-18 18:25:00-05:00,11892.25,15.5,15.25,31.0,30.5,9.75,15.75,72
16:00,2020-11-19 16:00:00-05:00,2.0,2020-11-19 18:00:00-05:00,2020-11-20 00:00:00-05:00,Long,11981.25,11960.25,-21.0,21.0,17.52738654147105,True,2020-11-19 22:00:00-05:00,245.0,2020-11-19 22:05:00-05:00,11981.25,21.0,20.75,42.0,41.5,36.75,28.75,72
16:00,2020-11-23 16:00:00-05:00,2.0,2020-11-23 18:00:00-05:00,2020-11-24 00:00:00-05:00,Short,11904.25,11915.0,10.75,10.75,9.030388306697187,False,,,2020-11-24 00:00:00-05:00,11971.5,-56.5,-56.75,-113.0,-113.5,64.0,1.75,72
16:00,2020-11-24 16:00:00-05:00,2.0,2020-11-24 18:00:00-05:00,2020-11-25 00:00:00-05:00,Short,12075.5,12099.0,23.5,23.5,19.460891888534636,False,,,2020-11-25 00:00:00-05:00,12131.25,-32.25,-32.5,-64.5,-65.0,74.5,6.0,72
16:00,2020-11-25 16:00:00-05:00,2.0,2020-11-25 18:00:00-05:00,2020-11-26 00:00:00-05:00,Short,12153.75,12168.25,14.5,14.5,11.93047413349789,False,,,2020-11-26 00:00:00-05:00,12193.75,-25.5,-25.75,-51.0,-51.5,44.75,2.0,72
16:00,2020-11-30 16:00:00-05:00,2.0,2020-11-30 18:00:00-05:00,2020-12-01 00:00:00-05:00,Short,12273.75,12327.5,53.75,53.75,43.79264690905387,False,,,2020-12-01 00:00:00-05:00,12374.25,-46.75,-47.0,-93.5,-94.0,74.25,15.5,72
16:00,2020-12-01 16:00:00-05:00,2.0,2020-12-01 18:00:00-05:00,2020-12-02 00:00:00-05:00,Short,12450.5,12458.25,7.75,7.75,6.224649612465362,True,2020-12-01 18:15:00-05:00,20.0,2020-12-01 18:20:00-05:00,12450.5,7.75,7.5,15.5,15.0,14.0,12.75,72
16:00,2020-12-02 16:00:00-05:00,2.0,2020-12-02 18:00:00-05:00,2020-12-03 00:00:00-05:00,Short,12457.5,12471.75,14.25,14.25,11.43889223359422,True,2020-12-02 21:20:00-05:00,205.0,2020-12-02 21:25:00-05:00,12457.5,14.25,14.0,28.5,28.0,14.25,16.25,72
16:00,2020-12-03 16:00:00-05:00,2.0,2020-12-03 18:00:00-05:00,2020-12-04 00:00:00-05:00,Short,12472.5,12488.0,15.5,15.5,12.427340148326318,False,,,2020-12-04 00:00:00-05:00,12492.75,-4.75,-5.0,-9.5,-10.0,11.5,14.0,72
16:00,2020-12-07 16:00:00-05:00,2.0,2020-12-07 18:00:00-05:00,2020-12-08 00:00:00-05:00,Long,12597.25,12572.25,-25.0,25.0,19.845601222489034,False,,,2020-12-08 00:00:00-05:00,12567.25,-5.0,-5.25,-10.0,-10.5,17.5,16.75,72
16:00,2020-12-08 16:00:00-05:00,2.0,2020-12-08 18:00:00-05:00,2020-12-09 00:00:00-05:00,Short,12637.0,12657.5,20.5,20.5,16.222204637176546,True,2020-12-08 20:45:00-05:00,170.0,2020-12-08 20:50:00-05:00,12637.0,20.5,20.25,41.0,40.5,17.25,21.25,72
16:00,2020-12-09 16:00:00-05:00,2.0,2020-12-09 18:00:00-05:00,2020-12-10 00:00:00-05:00,Long,12355.25,12344.0,-11.25,11.25,9.105441006859431,True,2020-12-09 18:00:00-05:00,5.0,2020-12-09 18:05:00-05:00,12355.25,11.25,11.0,22.5,22.0,1.5,16.0,72
16:00,2020-12-10 16:00:00-05:00,2.0,2020-12-10 18:00:00-05:00,2020-12-11 00:00:00-05:00,Long,12398.25,12393.75,-4.5,4.5,3.629544492166233,True,2020-12-10 18:00:00-05:00,5.0,2020-12-10 18:05:00-05:00,12398.25,4.5,4.25,9.0,8.5,18.75,6.75,72
16:00,2020-12-14 16:00:00-05:00,2.0,2020-12-14 18:00:00-05:00,2020-12-15 00:00:00-05:00,Short,12453.25,12463.0,9.75,9.75,7.82928151285809,True,2020-12-14 20:45:00-05:00,170.0,2020-12-14 20:50:00-05:00,12453.25,9.75,9.5,19.5,19.0,19.75,9.75,72
16:00,2020-12-15 16:00:00-05:00,2.0,2020-12-15 18:00:00-05:00,2020-12-16 00:00:00-05:00,Short,12593.5,12598.5,5.0,5.0,3.9703021399928535,True,2020-12-15 18:20:00-05:00,25.0,2020-12-15 18:25:00-05:00,12593.5,5.0,4.75,10.0,9.5,8.5,6.0,72
16:00,2020-12-16 16:00:00-05:00,2.0,2020-12-16 18:00:00-05:00,2020-12-17 00:00:00-05:00,Short,12666.75,12676.75,10.0,10.0,7.894684903388794,False,,,2020-12-17 00:00:00-05:00,12702.25,-25.5,-25.75,-51.0,-51.5,31.0,9.25,72
16:00,2020-12-21 16:00:00-05:00,2.0,2020-12-21 18:00:00-05:00,2020-12-22 00:00:00-05:00,Short,12684.75,12697.5,12.75,12.75,10.051439720924732,True,2020-12-21 19:55:00-05:00,120.0,2020-12-21 20:00:00-05:00,12684.75,12.75,12.5,25.5,25.0,18.75,14.0,72
16:00,2020-12-22 16:00:00-05:00,2.0,2020-12-22 18:00:00-05:00,2020-12-23 00:00:00-05:00,Long,12713.75,12706.0,-7.75,7.75,6.095762461901485,True,2020-12-22 18:15:00-05:00,20.0,2020-12-22 18:20:00-05:00,12713.75,7.75,7.5,15.5,15.0,4.5,8.0,72
16:00,2020-12-23 16:00:00-05:00,2.0,2020-12-23 18:00:00-05:00,2020-12-24 00:00:00-05:00,Short,12649.75,12660.0,10.25,10.25,8.102926935314928,True,2020-12-23 18:30:00-05:00,35.0,2020-12-23 18:35:00-05:00,12649.75,10.25,10.0,20.5,20.0,7.25,10.75,72
16:00,2020-12-28 16:00:00-05:00,2.0,2020-12-28 18:00:00-05:00,2020-12-29 00:00:00-05:00,Short,12833.5,12843.0,9.5,9.5,7.402501266217322,False,,,2020-12-29 00:00:00-05:00,12865.75,-22.75,-23.0,-45.5,-46.0,26.25,2.75,72
16:00,2020-12-29 16:00:00-05:00,2.0,2020-12-29 18:00:00-05:00,2020-12-30 00:00:00-05:00,Short,12846.75,12860.0,13.25,13.25,10.313892618755716,True,2020-12-29 18:15:00-05:00,20.0,2020-12-29 18:20:00-05:00,12846.75,13.25,13.0,26.5,26.0,4.25,16.75,72
16:00,2020-12-30 16:00:00-05:00,2.0,2020-12-30 18:00:00-05:00,2020-12-31 00:00:00-05:00,Long,12843.25,12840.0,-3.25,3.25,2.5305121367255174,True,2020-12-30 18:00:00-05:00,5.0,2020-12-30 18:05:00-05:00,12843.25,3.25,3.0,6.5,6.0,0.0,9.0,72
16:00,2021-01-04 16:00:00-05:00,2.0,2021-01-04 18:00:00-05:00,2021-01-05 00:00:00-05:00,Long,12688.25,12684.5,-3.75,3.75,2.9554903158433983,True,2021-01-04 18:00:00-05:00,5.0,2021-01-04 18:05:00-05:00,12688.25,3.75,3.5,7.5,7.0,23.75,5.5,72
16:00,2021-01-05 16:00:00-05:00,2.0,2021-01-05 18:00:00-05:00,2021-01-06 00:00:00-05:00,Short,12791.5,12801.25,9.75,9.75,7.6222491498260565,True,2021-01-05 18:05:00-05:00,10.0,2021-01-05 18:10:00-05:00,12791.5,9.75,9.5,19.5,19.0,8.75,12.0,72
16:00,2021-01-06 16:00:00-05:00,2.0,2021-01-06 18:00:00-05:00,2021-01-07 00:00:00-05:00,Short,12618.25,12659.25,41.0,41.0,32.49261981653557,False,,,2021-01-07 00:00:00-05:00,12699.75,-40.5,-40.75,-81.0,-81.5,82.5,13.0,72
16:00,2021-01-07 16:00:00-05:00,2.0,2021-01-07 18:00:00-05:00,2021-01-08 00:00:00-05:00,Short,12925.75,12927.0,1.25,1.25,0.9670618726186101,True,2021-01-07 18:00:00-05:00,5.0,2021-01-07 18:05:00-05:00,12925.75,1.25,1.0,2.5,2.0,8.0,1.75,72
16:00,2021-01-11 16:00:00-05:00,2.0,2021-01-11 18:00:00-05:00,2021-01-12 00:00:00-05:00,Short,12896.25,12915.0,18.75,18.75,14.539110206455366,True,2021-01-11 20:30:00-05:00,155.0,2021-01-11 20:35:00-05:00,12896.25,18.75,18.5,37.5,37.0,29.75,18.75,72
16:00,2021-01-12 16:00:00-05:00,2.0,2021-01-12 18:00:00-05:00,2021-01-13 00:00:00-05:00,Short,12882.5,12885.75,3.25,3.25,2.5228022511158548,True,2021-01-12 18:00:00-05:00,5.0,2021-01-12 18:05:00-05:00,12882.5,3.25,3.0,6.5,6.0,1.75,13.25,72
16:00,2021-01-13 16:00:00-05:00,2.0,2021-01-13 18:00:00-05:00,2021-01-14 00:00:00-05:00,Short,12968.0,12975.25,7.25,7.25,5.590684762492288,True,2021-01-13 18:40:00-05:00,45.0,2021-01-13 18:45:00-05:00,12968.0,7.25,7.0,14.5,14.0,12.75,8.0,72
16:00,2021-01-14 16:00:00-05:00,2.0,2021-01-14 18:00:00-05:00,2021-01-15 00:00:00-05:00,Short,12897.5,12908.0,10.5,10.5,8.14111261872456,True,2021-01-14 19:35:00-05:00,100.0,2021-01-14 19:40:00-05:00,12897.5,10.5,10.25,21.0,20.5,19.75,21.5,72
16:00,2021-01-19 16:00:00-05:00,2.0,2021-01-19 18:00:00-05:00,2021-01-20 00:00:00-05:00,Short,12984.75,13029.75,45.0,45.0,34.65603881476348,False,,,2021-01-20 00:00:00-05:00,13031.0,-1.25,-1.5,-2.5,-3.0,26.5,11.75,72
16:00,2021-01-20 16:00:00-05:00,2.0,2021-01-20 18:00:00-05:00,2021-01-21 00:00:00-05:00,Short,13286.0,13290.25,4.25,4.25,3.1988559385819664,False,,,2021-01-21 00:00:00-05:00,13379.25,-89.0,-89.25,-178.0,-178.5,102.0,3.25,72
16:00,2021-01-21 16:00:00-05:00,2.0,2021-01-21 18:00:00-05:00,2021-01-22 00:00:00-05:00,Long,13397.5,13394.75,-2.75,2.75,2.0526217577906327,True,2021-01-21 18:00:00-05:00,5.0,2021-01-21 18:05:00-05:00,13397.5,2.75,2.5,5.5,5.0,8.25,5.75,72
16:00,2021-01-25 16:00:00-05:00,2.0,2021-01-25 18:00:00-05:00,2021-01-26 00:00:00-05:00,Long,13474.25,13460.25,-14.0,14.0,10.390188693248234,True,2021-01-25 18:15:00-05:00,20.0,2021-01-25 18:20:00-05:00,13474.25,14.0,13.75,28.0,27.5,10.0,14.25,72
16:00,2021-01-26 16:00:00-05:00,2.0,2021-01-26 18:00:00-05:00,2021-01-27 00:00:00-05:00,Short,13485.0,13553.0,68.0,68.0,50.426399703374116,False,,,2021-01-27 00:00:00-05:00,13548.25,4.75,4.5,9.5,9.0,33.75,17.5,72
16:00,2021-01-27 16:00:00-05:00,2.0,2021-01-27 18:00:00-05:00,2021-01-28 00:00:00-05:00,Long,13120.25,13053.75,-66.5,66.5,50.685009813075204,True,2021-01-27 20:50:00-05:00,175.0,2021-01-27 20:55:00-05:00,13120.25,66.5,66.25,133.0,132.5,99.0,75.25,72
16:00,2021-01-28 16:00:00-05:00,2.0,2021-01-28 18:00:00-05:00,2021-01-29 00:00:00-05:00,Long,13185.25,13159.25,-26.0,26.0,19.719004190288388,True,2021-01-28 18:25:00-05:00,30.0,2021-01-28 18:30:00-05:00,13185.25,26.0,25.75,52.0,51.5,28.75,26.75,72
16:00,2021-02-01 16:00:00-05:00,2.0,2021-02-01 18:00:00-05:00,2021-02-02 00:00:00-05:00,Short,13230.5,13232.75,2.25,2.25,1.700616000906995,True,2021-02-01 18:00:00-05:00,5.0,2021-02-01 18:05:00-05:00,13230.5,2.25,2.0,4.5,4.0,20.25,2.75,72
16:00,2021-02-02 16:00:00-05:00,2.0,2021-02-02 18:00:00-05:00,2021-02-03 00:00:00-05:00,Short,13448.5,13503.75,55.25,55.25,41.08264862252296,False,,,2021-02-03 00:00:00-05:00,13517.5,-13.75,-14.0,-27.5,-28.0,30.25,27.75,72
16:00,2021-02-03 16:00:00-05:00,2.0,2021-02-03 18:00:00-05:00,2021-02-04 00:00:00-05:00,Short,13388.75,13427.5,38.75,38.75,28.94220894407618,True,2021-02-03 22:40:00-05:00,285.0,2021-02-03 22:45:00-05:00,13388.75,38.75,38.5,77.5,77.0,25.5,63.25,72
16:00,2021-02-04 16:00:00-05:00,2.0,2021-02-04 18:00:00-05:00,2021-02-05 00:00:00-05:00,Short,13550.0,13563.0,13.0,13.0,9.59409594095941,True,2021-02-04 18:30:00-05:00,35.0,2021-02-04 18:35:00-05:00,13550.0,13.0,12.75,26.0,25.5,2.5,14.0,72
16:00,2021-02-09 16:00:00-05:00,2.0,2021-02-09 18:00:00-05:00,2021-02-10 00:00:00-05:00,Short,13680.5,13698.75,18.25,18.25,13.340155696063741,True,2021-02-09 19:05:00-05:00,70.0,2021-02-09 19:10:00-05:00,13680.5,18.25,18.0,36.5,36.0,4.25,19.75,72
16:00,2021-02-10 16:00:00-05:00,2.0,2021-02-10 18:00:00-05:00,2021-02-11 00:00:00-05:00,Short,13650.5,13667.25,16.75,16.75,12.270612798066004,True,2021-02-10 18:00:00-05:00,5.0,2021-02-10 18:05:00-05:00,13650.5,16.75,16.5,33.5,33.0,4.25,18.0,72
16:00,2021-02-11 16:00:00-05:00,2.0,2021-02-11 18:00:00-05:00,2021-02-12 00:00:00-05:00,Long,13726.25,13710.25,-16.0,16.0,11.656497586740734,True,2021-02-11 18:20:00-05:00,25.0,2021-02-11 18:25:00-05:00,13726.25,16.0,15.75,32.0,31.5,12.25,16.5,72
16:00,2021-02-16 16:00:00-05:00,2.0,2021-02-16 18:00:00-05:00,2021-02-17 00:00:00-05:00,Long,13764.5,13757.75,-6.75,6.75,4.903919503069491,True,2021-02-16 18:00:00-05:00,5.0,2021-02-16 18:05:00-05:00,13764.5,6.75,6.5,13.5,13.0,5.25,7.5,72
16:00,2021-02-17 16:00:00-05:00,2.0,2021-02-17 18:00:00-05:00,2021-02-18 00:00:00-05:00,Long,13699.5,13699.0,-0.5,0.5,0.3649768239716778,True,2021-02-17 18:00:00-05:00,5.0,2021-02-17 18:05:00-05:00,13699.5,0.5,0.25,1.0,0.5,6.75,10.75,72
16:00,2021-02-18 16:00:00-05:00,2.0,2021-02-18 18:00:00-05:00,2021-02-19 00:00:00-05:00,Short,13638.0,13638.5,0.5,0.5,0.3666226719460331,True,2021-02-18 18:00:00-05:00,5.0,2021-02-18 18:05:00-05:00,13638.0,0.5,0.25,1.0,0.5,13.0,4.25,72
16:00,2021-02-22 16:00:00-05:00,2.0,2021-02-22 18:00:00-05:00,2021-02-23 00:00:00-05:00,Long,13226.75,13226.5,-0.25,0.25,0.1890109059292721,True,2021-02-22 18:00:00-05:00,5.0,2021-02-22 18:05:00-05:00,13226.75,0.25,0.0,0.5,0.0,1.25,18.0,72
16:00,2021-02-23 16:00:00-05:00,2.0,2021-02-23 18:00:00-05:00,2021-02-24 00:00:00-05:00,Long,13188.25,13171.5,-16.75,16.75,12.70069948628514,True,2021-02-23 18:00:00-05:00,5.0,2021-02-23 18:05:00-05:00,13188.25,16.75,16.5,33.5,33.0,6.0,17.25,72
16:00,2021-02-24 16:00:00-05:00,2.0,2021-02-24 18:00:00-05:00,2021-02-25 00:00:00-05:00,Short,13294.5,13308.25,13.75,13.75,10.342622889164693,True,2021-02-24 18:00:00-05:00,5.0,2021-02-24 18:05:00-05:00,13294.5,13.75,13.5,27.5,27.0,0.0,23.0,72
16:00,2021-02-25 16:00:00-05:00,2.0,2021-02-25 18:00:00-05:00,2021-02-26 00:00:00-05:00,Long,12826.25,12800.5,-25.75,25.75,20.076015982847675,True,2021-02-25 18:15:00-05:00,20.0,2021-02-25 18:20:00-05:00,12826.25,25.75,25.5,51.5,51.0,44.25,30.75,72
16:00,2021-03-01 16:00:00-05:00,2.0,2021-03-01 18:00:00-05:00,2021-03-02 00:00:00-05:00,Short,13274.5,13311.75,37.25,37.25,28.061320577046217,True,2021-03-01 20:55:00-05:00,180.0,2021-03-01 21:00:00-05:00,13274.5,37.25,37.0,74.5,74.0,16.25,39.5,72
16:00,2021-03-02 16:00:00-05:00,2.0,2021-03-02 18:00:00-05:00,2021-03-03 00:00:00-05:00,Short,13058.0,13061.0,3.0,3.0,2.297442181038444,False,,,2021-03-03 00:00:00-05:00,13138.25,-77.25,-77.5,-154.5,-155.0,82.75,2.0,72
16:00,2021-03-03 16:00:00-05:00,2.0,2021-03-03 18:00:00-05:00,2021-03-04 00:00:00-05:00,Short,12680.25,12682.75,2.5,2.5,1.9715699611600719,True,2021-03-03 18:00:00-05:00,5.0,2021-03-03 18:05:00-05:00,12680.25,2.5,2.25,5.0,4.5,5.75,14.5,72
16:00,2021-03-04 16:00:00-05:00,2.0,2021-03-04 18:00:00-05:00,2021-03-05 00:00:00-05:00,Long,12471.5,12437.0,-34.5,34.5,27.663071803712466,False,,,2021-03-05 00:00:00-05:00,12397.5,-39.5,-39.75,-79.0,-79.5,131.5,22.0,72
16:00,2021-03-08 16:00:00-05:00,2.0,2021-03-08 18:00:00-05:00,2021-03-09 00:00:00-05:00,Short,12300.5,12346.5,46.0,46.0,37.39685378643144,False,,,2021-03-09 00:00:00-05:00,12456.25,-109.75,-110.0,-219.5,-220.0,116.5,21.0,72
16:00,2021-03-09 16:00:00-05:00,2.0,2021-03-09 18:00:00-05:00,2021-03-10 00:00:00-05:00,Short,12786.75,12811.5,24.75,24.75,19.355973957416857,True,2021-03-09 19:15:00-05:00,80.0,2021-03-09 19:20:00-05:00,12786.75,24.75,24.5,49.5,49.0,16.25,25.25,72
16:00,2021-03-10 16:00:00-05:00,2.0,2021-03-10 18:00:00-05:00,2021-03-11 00:00:00-05:00,Short,12752.25,12794.5,42.25,42.25,33.13140818286969,True,2021-03-10 19:50:00-05:00,115.0,2021-03-10 19:55:00-05:00,12752.25,42.25,42.0,84.5,84.0,5.25,69.5,72
16:00,2021-03-11 16:00:00-05:00,2.0,2021-03-11 18:00:00-05:00,2021-03-12 00:00:00-05:00,Short,13046.25,13051.75,5.5,5.5,4.2157708153684,True,2021-03-11 18:00:00-05:00,5.0,2021-03-11 18:05:00-05:00,13046.25,5.5,5.25,11.0,10.5,12.25,6.0,72
16:00,2021-03-15 16:00:00-04:00,2.0,2021-03-15 18:00:00-04:00,2021-03-16 00:00:00-04:00,Short,13077.75,13082.25,4.5,4.5,3.4409588805413778,True,2021-03-15 18:05:00-04:00,10.0,2021-03-15 18:10:00-04:00,13077.75,4.5,4.25,9.0,8.5,9.0,5.25,72
16:00,2021-03-16 16:00:00-04:00,2.0,2021-03-16 18:00:00-04:00,2021-03-17 00:00:00-04:00,Short,13149.25,13168.0,18.75,18.75,14.259368405042112,True,2021-03-16 20:00:00-04:00,125.0,2021-03-16 20:05:00-04:00,13149.25,18.75,18.5,37.5,37.0,16.0,22.25,72
16:00,2021-03-17 16:00:00-04:00,2.0,2021-03-17 18:00:00-04:00,2021-03-18 00:00:00-04:00,Long,13205.0,13198.5,-6.5,6.5,4.922377887163953,True,2021-03-17 18:00:00-04:00,5.0,2021-03-17 18:05:00-04:00,13205.0,6.5,6.25,13.0,12.5,7.0,18.0,72
16:00,2021-03-18 16:00:00-04:00,2.0,2021-03-18 18:00:00-04:00,2021-03-19 00:00:00-04:00,Short,12797.0,12813.5,16.5,16.5,12.893646948503555,True,2021-03-18 19:10:00-04:00,75.0,2021-03-18 19:15:00-04:00,12797.0,16.5,16.25,33.0,32.5,30.0,24.5,72
16:00,2021-03-22 16:00:00-04:00,2.0,2021-03-22 18:00:00-04:00,2021-03-23 00:00:00-04:00,Long,13070.75,13068.75,-2.0,2.0,1.5301340779985846,True,2021-03-22 18:00:00-04:00,5.0,2021-03-22 18:05:00-04:00,13070.75,2.0,1.75,4.0,3.5,5.75,8.25,72
16:00,2021-03-23 16:00:00-04:00,2.0,2021-03-23 18:00:00-04:00,2021-03-24 00:00:00-04:00,Short,13005.5,13050.0,44.5,44.5,34.21629310676252,False,,,2021-03-24 00:00:00-04:00,13060.25,-10.25,-10.5,-20.5,-21.0,23.5,33.75,72
16:00,2021-03-24 16:00:00-04:00,2.0,2021-03-24 18:00:00-04:00,2021-03-25 00:00:00-04:00,Short,12790.25,12804.0,13.75,13.75,10.750376263169212,True,2021-03-24 18:15:00-04:00,20.0,2021-03-24 18:20:00-04:00,12790.25,13.75,13.5,27.5,27.0,11.25,16.25,72
16:00,2021-03-25 16:00:00-04:00,2.0,2021-03-25 18:00:00-04:00,2021-03-26 00:00:00-04:00,Short,12772.5,12799.25,26.75,26.75,20.943433157173615,True,2021-03-25 18:00:00-04:00,5.0,2021-03-25 18:05:00-04:00,12772.5,26.75,26.5,53.5,53.0,0.75,35.75,72
16:00,2021-03-29 16:00:00-04:00,2.0,2021-03-29 18:00:00-04:00,2021-03-30 00:00:00-04:00,Short,12956.0,12974.75,18.75,18.75,14.4720592775548,True,2021-03-29 20:05:00-04:00,130.0,2021-03-29 20:10:00-04:00,12956.0,18.75,18.5,37.5,37.0,9.25,25.75,72
16:00,2021-03-30 16:00:00-04:00,2.0,2021-03-30 18:00:00-04:00,2021-03-31 00:00:00-04:00,Long,12895.5,12891.75,-3.75,3.75,2.9079911597068744,True,2021-03-30 18:00:00-04:00,5.0,2021-03-30 18:05:00-04:00,12895.5,3.75,3.5,7.5,7.0,18.0,4.5,72
16:00,2021-03-31 16:00:00-04:00,2.0,2021-03-31 18:00:00-04:00,2021-04-01 00:00:00-04:00,Short,13084.75,13093.75,9.0,9.0,6.878236114560844,False,,,2021-04-01 00:00:00-04:00,13122.25,-28.5,-28.75,-57.0,-57.5,45.0,3.75,72
16:00,2021-04-01 16:00:00-04:00,2.0,2021-04-01 18:00:00-04:00,2021-04-02 00:00:00-04:00,Short,13314.25,13333.0,18.75,18.75,14.082655801115347,False,,,2021-04-02 00:00:00-04:00,13359.75,-26.75,-27.0,-53.5,-54.0,39.25,10.0,72
16:00,2021-04-05 16:00:00-04:00,2.0,2021-04-05 18:00:00-04:00,2021-04-06 00:00:00-04:00,Short,13582.0,13603.0,21.0,21.0,15.461640406420262,True,2021-04-05 21:35:00-04:00,220.0,2021-04-05 21:40:00-04:00,13582.0,21.0,20.75,42.0,41.5,19.5,22.5,72
16:00,2021-04-06 16:00:00-04:00,2.0,2021-04-06 18:00:00-04:00,2021-04-07 00:00:00-04:00,Short,13572.0,13580.0,8.0,8.0,5.894488653109343,True,2021-04-06 21:40:00-04:00,225.0,2021-04-06 21:45:00-04:00,13572.0,8.0,7.75,16.0,15.5,17.75,15.0,72
16:00,2021-04-07 16:00:00-04:00,2.0,2021-04-07 18:00:00-04:00,2021-04-08 00:00:00-04:00,Short,13604.5,13621.75,17.25,17.25,12.679628064243449,False,,,2021-04-08 00:00:00-04:00,13700.75,-79.0,-79.25,-158.0,-158.5,86.0,7.0,72
16:00,2021-04-08 16:00:00-04:00,2.0,2021-04-08 18:00:00-04:00,2021-04-09 00:00:00-04:00,Short,13749.5,13787.0,37.5,37.5,27.273719044328885,False,,,2021-04-09 00:00:00-04:00,13796.75,-9.75,-10.0,-19.5,-20.0,54.0,13.5,72
16:00,2021-04-12 16:00:00-04:00,2.0,2021-04-12 18:00:00-04:00,2021-04-13 00:00:00-04:00,Short,13811.75,13825.5,13.75,13.75,9.955291690046518,True,2021-04-12 19:00:00-04:00,65.0,2021-04-12 19:05:00-04:00,13811.75,13.75,13.5,27.5,27.0,7.5,16.25,72
16:00,2021-04-13 16:00:00-04:00,2.0,2021-04-13 18:00:00-04:00,2021-04-14 00:00:00-04:00,Short,13975.25,13977.0,1.75,1.75,1.252213734995796,True,2021-04-13 18:00:00-04:00,5.0,2021-04-13 18:05:00-04:00,13975.25,1.75,1.5,3.5,3.0,3.25,3.0,72
16:00,2021-04-14 16:00:00-04:00,2.0,2021-04-14 18:00:00-04:00,2021-04-15 00:00:00-04:00,Short,13808.5,13827.5,19.0,19.0,13.759640800955932,True,2021-04-14 19:45:00-04:00,110.0,2021-04-14 19:50:00-04:00,13808.5,19.0,18.75,38.0,37.5,9.25,24.25,72
16:00,2021-04-15 16:00:00-04:00,2.0,2021-04-15 18:00:00-04:00,2021-04-16 00:00:00-04:00,Long,14016.0,13999.75,-16.25,16.25,11.593892694063927,True,2021-04-15 19:35:00-04:00,100.0,2021-04-15 19:40:00-04:00,14016.0,16.25,16.0,32.5,32.0,10.5,18.5,72
16:00,2021-04-19 16:00:00-04:00,2.0,2021-04-19 18:00:00-04:00,2021-04-20 00:00:00-04:00,Long,13904.0,13899.5,-4.5,4.5,3.2364787111622553,True,2021-04-19 18:00:00-04:00,5.0,2021-04-19 18:05:00-04:00,13904.0,4.5,4.25,9.0,8.5,3.5,6.25,72
16:00,2021-04-20 16:00:00-04:00,2.0,2021-04-20 18:00:00-04:00,2021-04-21 00:00:00-04:00,Long,13799.25,13742.25,-57.0,57.0,41.30659274960596,False,,,2021-04-21 00:00:00-04:00,13736.5,-5.75,-6.0,-11.5,-12.0,32.25,18.5,72
16:00,2021-04-21 16:00:00-04:00,2.0,2021-04-21 18:00:00-04:00,2021-04-22 00:00:00-04:00,Long,13918.5,13895.25,-23.25,23.25,16.70438624851816,False,,,2021-04-22 00:00:00-04:00,13903.0,7.75,7.5,15.5,15.0,17.25,19.5,72
16:00,2021-04-22 16:00:00-04:00,2.0,2021-04-22 18:00:00-04:00,2021-04-23 00:00:00-04:00,Short,13750.5,13757.25,6.75,6.75,4.908912403185338,True,2021-04-22 18:00:00-04:00,5.0,2021-04-22 18:05:00-04:00,13750.5,6.75,6.5,13.5,13.0,6.5,7.75,72
16:00,2021-04-26 16:00:00-04:00,2.0,2021-04-26 18:00:00-04:00,2021-04-27 00:00:00-04:00,Short,14013.5,14023.25,9.75,9.75,6.957576622542548,False,,,2021-04-27 00:00:00-04:00,14021.0,2.25,2.0,4.5,4.0,8.25,9.5,72
16:00,2021-04-27 16:00:00-04:00,2.0,2021-04-27 18:00:00-04:00,2021-04-28 00:00:00-04:00,Short,13951.5,13954.0,2.5,2.5,1.7919220155538833,False,,,2021-04-28 00:00:00-04:00,13973.0,-19.0,-19.25,-38.0,-38.5,25.5,0.75,72
16:00,2021-04-28 16:00:00-04:00,2.0,2021-04-28 18:00:00-04:00,2021-04-29 00:00:00-04:00,Short,13896.0,13970.75,74.75,74.75,53.79245826137018,False,,,2021-04-29 00:00:00-04:00,14017.25,-46.5,-46.75,-93.0,-93.5,59.5,18.25,72
16:00,2021-04-29 16:00:00-04:00,2.0,2021-04-29 18:00:00-04:00,2021-04-30 00:00:00-04:00,Long,13954.75,13948.0,-6.75,6.75,4.8370626489188275,False,,,2021-04-30 00:00:00-04:00,13898.0,-50.0,-50.25,-100.0,-100.5,62.0,4.0,72
16:00,2021-05-03 16:00:00-04:00,2.0,2021-05-03 18:00:00-04:00,2021-05-04 00:00:00-04:00,Long,13790.25,13786.25,-4.0,4.0,2.900600061637751,True,2021-05-03 18:00:00-04:00,5.0,2021-05-03 18:05:00-04:00,13790.25,4.0,3.75,8.0,7.5,3.5,6.25,72
16:00,2021-05-04 16:00:00-04:00,2.0,2021-05-04 18:00:00-04:00,2021-05-05 00:00:00-04:00,Long,13543.25,13526.75,-16.5,16.5,12.183190888449966,True,2021-05-04 20:15:00-04:00,140.0,2021-05-04 20:20:00-04:00,13543.25,16.5,16.25,33.0,32.5,19.0,17.75,72
16:00,2021-05-05 16:00:00-04:00,2.0,2021-05-05 18:00:00-04:00,2021-05-06 00:00:00-04:00,Long,13494.0,13486.0,-8.0,8.0,5.9285608418556395,True,2021-05-05 18:00:00-04:00,5.0,2021-05-05 18:05:00-04:00,13494.0,8.0,7.75,16.0,15.5,2.0,11.0,72
16:00,2021-05-06 16:00:00-04:00,2.0,2021-05-06 18:00:00-04:00,2021-05-07 00:00:00-04:00,Short,13596.5,13605.75,9.25,9.25,6.803221417276505,False,,,2021-05-07 00:00:00-04:00,13631.0,-25.25,-25.5,-50.5,-51.0,55.0,4.25,72
16:00,2021-05-10 16:00:00-04:00,2.0,2021-05-10 18:00:00-04:00,2021-05-11 00:00:00-04:00,Long,13356.25,13316.0,-40.25,40.25,30.135704258306035,False,,,2021-05-11 00:00:00-04:00,13233.0,-83.0,-83.25,-166.0,-166.5,139.5,28.5,72
16:00,2021-05-11 16:00:00-04:00,2.0,2021-05-11 18:00:00-04:00,2021-05-12 00:00:00-04:00,Long,13344.0,13321.5,-22.5,22.5,16.861510791366907,True,2021-05-11 20:00:00-04:00,125.0,2021-05-11 20:05:00-04:00,13344.0,22.5,22.25,45.0,44.5,16.25,23.25,72
16:00,2021-05-12 16:00:00-04:00,2.0,2021-05-12 18:00:00-04:00,2021-05-13 00:00:00-04:00,Long,12998.25,12968.5,-29.75,29.75,22.887696420672015,True,2021-05-12 18:10:00-04:00,15.0,2021-05-12 18:15:00-04:00,12998.25,29.75,29.5,59.5,59.0,0.75,34.25,72
16:00,2021-05-13 16:00:00-04:00,2.0,2021-05-13 18:00:00-04:00,2021-05-14 00:00:00-04:00,Long,13098.0,13095.5,-2.5,2.5,1.9086883493663154,True,2021-05-13 18:00:00-04:00,5.0,2021-05-13 18:05:00-04:00,13098.0,2.5,2.25,5.0,4.5,5.0,9.5,72
16:00,2021-05-17 16:00:00-04:00,2.0,2021-05-17 18:00:00-04:00,2021-05-18 00:00:00-04:00,Short,13305.75,13310.0,4.25,4.25,3.19410781053304,True,2021-05-17 18:00:00-04:00,5.0,2021-05-17 18:05:00-04:00,13305.75,4.25,4.0,8.5,8.0,11.25,4.5,72
16:00,2021-05-18 16:00:00-04:00,2.0,2021-05-18 18:00:00-04:00,2021-05-19 00:00:00-04:00,Long,13212.5,13182.25,-30.25,30.25,22.894985808893093,True,2021-05-18 18:45:00-04:00,50.0,2021-05-18 18:50:00-04:00,13212.5,30.25,30.0,60.5,60.0,0.75,31.0,72
16:00,2021-05-19 16:00:00-04:00,2.0,2021-05-19 18:00:00-04:00,2021-05-20 00:00:00-04:00,Long,13230.75,13221.0,-9.75,9.75,7.369196757553427,True,2021-05-19 20:35:00-04:00,160.0,2021-05-19 20:40:00-04:00,13230.75,9.75,9.5,19.5,19.0,43.5,18.0,72
16:00,2021-05-20 16:00:00-04:00,2.0,2021-05-20 18:00:00-04:00,2021-05-21 00:00:00-04:00,Short,13487.0,13493.25,6.25,6.25,4.634092088677987,True,2021-05-20 18:00:00-04:00,5.0,2021-05-20 18:05:00-04:00,13487.0,6.25,6.0,12.5,12.0,5.25,6.75,72
16:00,2021-05-24 16:00:00-04:00,2.0,2021-05-24 18:00:00-04:00,2021-05-25 00:00:00-04:00,Short,13637.75,13654.5,16.75,16.75,12.282084654726768,True,2021-05-24 20:25:00-04:00,150.0,2021-05-24 20:30:00-04:00,13637.75,16.75,16.5,33.5,33.0,15.5,22.0,72
16:00,2021-05-25 16:00:00-04:00,2.0,2021-05-25 18:00:00-04:00,2021-05-26 00:00:00-04:00,Short,13656.5,13671.0,14.5,14.5,10.617654596712187,False,,,2021-05-26 00:00:00-04:00,13705.25,-34.25,-34.5,-68.5,-69.0,49.75,7.5,72
16:00,2021-05-26 16:00:00-04:00,2.0,2021-05-26 18:00:00-04:00,2021-05-27 00:00:00-04:00,Short,13701.75,13703.75,2.0,2.0,1.4596675607130478,True,2021-05-26 18:00:00-04:00,5.0,2021-05-26 18:05:00-04:00,13701.75,2.0,1.75,4.0,3.5,7.25,7.25,72
16:00,2021-05-27 16:00:00-04:00,2.0,2021-05-27 18:00:00-04:00,2021-05-28 00:00:00-04:00,Short,13652.25,13694.5,42.25,42.25,30.947279752421764,False,,,2021-05-28 00:00:00-04:00,13700.75,-6.25,-6.5,-12.5,-13.0,21.5,11.75,72
16:00,2021-06-01 16:00:00-04:00,2.0,2021-06-01 18:00:00-04:00,2021-06-02 00:00:00-04:00,Short,13651.0,13653.0,2.0,2.0,1.465094132298,True,2021-06-01 18:00:00-04:00,5.0,2021-06-01 18:05:00-04:00,13651.0,2.0,1.75,4.0,3.5,0.0,19.25,72
16:00,2021-06-02 16:00:00-04:00,2.0,2021-06-02 18:00:00-04:00,2021-06-03 00:00:00-04:00,Short,13674.25,13678.5,4.25,4.25,3.1080315190961114,True,2021-06-02 19:15:00-04:00,80.0,2021-06-02 19:20:00-04:00,13674.25,4.25,4.0,8.5,8.0,10.0,4.25,72
16:00,2021-06-03 16:00:00-04:00,2.0,2021-06-03 18:00:00-04:00,2021-06-04 00:00:00-04:00,Short,13528.0,13530.0,2.0,2.0,1.4784151389710232,True,2021-06-03 18:25:00-04:00,30.0,2021-06-03 18:30:00-04:00,13528.0,2.0,1.75,4.0,3.5,13.0,6.25,72
16:00,2021-06-07 16:00:00-04:00,2.0,2021-06-07 18:00:00-04:00,2021-06-08 00:00:00-04:00,Short,13802.0,13823.5,21.5,21.5,15.577452543109693,False,,,2021-06-08 00:00:00-04:00,13834.5,-11.0,-11.25,-22.0,-22.5,43.25,11.5,72
16:00,2021-06-08 16:00:00-04:00,2.0,2021-06-08 18:00:00-04:00,2021-06-09 00:00:00-04:00,Short,13809.0,13813.0,4.0,4.0,2.896661597508871,True,2021-06-08 18:00:00-04:00,5.0,2021-06-08 18:05:00-04:00,13809.0,4.0,3.75,8.0,7.5,4.0,9.0,72
16:00,2021-06-10 16:00:00-04:00,2.0,2021-06-10 18:00:00-04:00,2021-06-11 00:00:00-04:00,Short,13960.0,13974.5,14.5,14.5,10.386819484240688,False,,,2021-06-11 00:00:00-04:00,13976.5,-2.0,-2.25,-4.0,-4.5,11.5,13.25,72
16:00,2021-06-14 16:00:00-04:00,2.0,2021-06-14 18:00:00-04:00,2021-06-15 00:00:00-04:00,Long,14130.75,14121.25,-9.5,9.5,6.7229269500911135,True,2021-06-14 20:15:00-04:00,140.0,2021-06-14 20:20:00-04:00,14130.75,9.5,9.25,19.0,18.5,11.0,11.5,72
16:00,2021-06-15 16:00:00-04:00,2.0,2021-06-15 18:00:00-04:00,2021-06-16 00:00:00-04:00,Short,14035.75,14047.75,12.0,12.0,8.549596565912045,True,2021-06-15 19:20:00-04:00,85.0,2021-06-15 19:25:00-04:00,14035.75,12.0,11.75,24.0,23.5,3.75,13.0,72
16:00,2021-06-16 16:00:00-04:00,2.0,2021-06-16 18:00:00-04:00,2021-06-17 00:00:00-04:00,Long,13983.75,13948.5,-35.25,35.25,25.207830517565032,False,,,2021-06-17 00:00:00-04:00,13913.5,-35.0,-35.25,-70.0,-70.5,98.0,1.5,72
16:00,2021-06-17 16:00:00-04:00,2.0,2021-06-17 18:00:00-04:00,2021-06-18 00:00:00-04:00,Short,14165.0,14171.25,6.25,6.25,4.412283798093894,False,,,2021-06-18 00:00:00-04:00,14202.75,-31.5,-31.75,-63.0,-63.5,41.0,0.0,72
16:00,2021-06-21 16:00:00-04:00,2.0,2021-06-21 18:00:00-04:00,2021-06-22 00:00:00-04:00,Short,14128.25,14137.0,8.75,8.75,6.193265266398882,False,,,2021-06-22 00:00:00-04:00,14137.25,-0.25,-0.5,-0.5,-1.0,17.5,8.0,72
16:00,2021-06-22 16:00:00-04:00,2.0,2021-06-22 18:00:00-04:00,2021-06-23 00:00:00-04:00,Short,14258.0,14273.5,15.5,15.5,10.871089914434004,False,,,2021-06-23 00:00:00-04:00,14293.0,-19.5,-19.75,-39.0,-39.5,28.5,10.25,72
16:00,2021-06-23 16:00:00-04:00,2.0,2021-06-23 18:00:00-04:00,2021-06-24 00:00:00-04:00,Short,14263.25,14274.25,11.0,11.0,7.712127320211032,False,,,2021-06-24 00:00:00-04:00,14305.0,-30.75,-31.0,-61.5,-62.0,33.75,5.25,72
16:00,2021-06-24 16:00:00-04:00,2.0,2021-06-24 18:00:00-04:00,2021-06-25 00:00:00-04:00,Short,14354.25,14364.75,10.5,10.5,7.31490673493913,True,2021-06-24 18:00:00-04:00,5.0,2021-06-24 18:05:00-04:00,14354.25,10.5,10.25,21.0,20.5,3.0,13.5,72
16:00,2021-06-28 16:00:00-04:00,2.0,2021-06-28 18:00:00-04:00,2021-06-29 00:00:00-04:00,Long,14511.25,14506.75,-4.5,4.5,3.101042294771298,False,,,2021-06-29 00:00:00-04:00,14480.5,-26.25,-26.5,-52.5,-53.0,35.75,0.25,72
16:00,2021-06-29 16:00:00-04:00,2.0,2021-06-29 18:00:00-04:00,2021-06-30 00:00:00-04:00,Short,14564.0,14584.0,20.0,20.0,13.732491073880801,False,,,2021-06-30 00:00:00-04:00,14580.5,3.5,3.25,7.0,6.5,15.0,15.25,72
16:00,2021-06-30 16:00:00-04:00,2.0,2021-06-30 18:00:00-04:00,2021-07-01 00:00:00-04:00,Short,14543.75,14558.0,14.25,14.25,9.798023205844434,False,,,2021-07-01 00:00:00-04:00,14559.0,-1.0,-1.25,-2.0,-2.5,18.0,5.0,72
16:00,2021-07-01 16:00:00-04:00,2.0,2021-07-01 18:00:00-04:00,2021-07-02 00:00:00-04:00,Long,14547.75,14542.25,-5.5,5.5,3.780653365640735,False,,,2021-07-02 00:00:00-04:00,14523.75,-18.5,-18.75,-37.0,-37.5,23.5,4.75,72
16:00,2021-07-06 16:00:00-04:00,2.0,2021-07-06 18:00:00-04:00,2021-07-07 00:00:00-04:00,Long,14776.25,14758.5,-17.75,17.75,12.01252009136283,True,2021-07-06 21:25:00-04:00,210.0,2021-07-06 21:30:00-04:00,14776.25,17.75,17.5,35.5,35.0,4.5,18.75,72
16:00,2021-07-07 16:00:00-04:00,2.0,2021-07-07 18:00:00-04:00,2021-07-08 00:00:00-04:00,Short,14802.0,14811.75,9.75,9.75,6.58694770976895,True,2021-07-07 21:05:00-04:00,190.0,2021-07-07 21:10:00-04:00,14802.0,9.75,9.5,19.5,19.0,10.0,14.25,72
16:00,2021-07-08 16:00:00-04:00,2.0,2021-07-08 18:00:00-04:00,2021-07-09 00:00:00-04:00,Long,14723.5,14712.75,-10.75,10.75,7.301253098787652,False,,,2021-07-09 00:00:00-04:00,14675.0,-37.75,-38.0,-75.5,-76.0,72.25,4.0,72
16:00,2021-07-12 16:00:00-04:00,2.0,2021-07-12 18:00:00-04:00,2021-07-13 00:00:00-04:00,Short,14868.5,14880.0,11.5,11.5,7.734472206342267,True,2021-07-12 18:55:00-04:00,60.0,2021-07-12 19:00:00-04:00,14868.5,11.5,11.25,23.0,22.5,3.75,12.0,72
16:00,2021-07-13 16:00:00-04:00,2.0,2021-07-13 18:00:00-04:00,2021-07-14 00:00:00-04:00,Short,14865.5,14868.0,2.5,2.5,1.681746325384279,True,2021-07-13 18:00:00-04:00,5.0,2021-07-13 18:05:00-04:00,14865.5,2.5,2.25,5.0,4.5,2.0,6.0,72
16:00,2021-07-14 16:00:00-04:00,2.0,2021-07-14 18:00:00-04:00,2021-07-15 00:00:00-04:00,Short,14894.5,14896.25,1.75,1.75,1.1749303434153546,True,2021-07-14 18:00:00-04:00,5.0,2021-07-14 18:05:00-04:00,14894.5,1.75,1.5,3.5,3.0,3.25,11.0,72
16:00,2021-07-15 16:00:00-04:00,2.0,2021-07-15 18:00:00-04:00,2021-07-16 00:00:00-04:00,Long,14790.25,14778.0,-12.25,12.25,8.282483392775646,False,,,2021-07-16 00:00:00-04:00,14775.5,-2.5,-2.75,-5.0,-5.5,42.25,5.5,72
16:00,2021-07-19 16:00:00-04:00,2.0,2021-07-19 18:00:00-04:00,2021-07-20 00:00:00-04:00,Short,14553.75,14593.5,39.75,39.75,27.312548312290645,False,,,2021-07-20 00:00:00-04:00,14595.5,-2.0,-2.25,-4.0,-4.5,50.5,15.5,72
16:00,2021-07-20 16:00:00-04:00,2.0,2021-07-20 18:00:00-04:00,2021-07-21 00:00:00-04:00,Short,14718.25,14729.5,11.25,11.25,7.643571756153076,True,2021-07-20 22:05:00-04:00,250.0,2021-07-20 22:10:00-04:00,14718.25,11.25,11.0,22.5,22.0,22.0,12.75,72
16:00,2021-07-21 16:00:00-04:00,2.0,2021-07-21 18:00:00-04:00,2021-07-22 00:00:00-04:00,Short,14828.25,14838.0,9.75,9.75,6.575287036568712,True,2021-07-21 18:15:00-04:00,20.0,2021-07-21 18:20:00-04:00,14828.25,9.75,9.5,19.5,19.0,1.25,14.75,72
16:00,2021-07-22 16:00:00-04:00,2.0,2021-07-22 18:00:00-04:00,2021-07-23 00:00:00-04:00,Short,14928.75,14978.25,49.5,49.5,33.157498116051244,False,,,2021-07-23 00:00:00-04:00,14972.75,5.5,5.25,11.0,10.5,19.25,14.0,72
16:00,2021-07-26 16:00:00-04:00,2.0,2021-07-26 18:00:00-04:00,2021-07-27 00:00:00-04:00,Short,15116.75,15125.0,8.25,8.25,5.457522284882663,True,2021-07-26 18:00:00-04:00,5.0,2021-07-26 18:05:00-04:00,15116.75,8.25,8.0,16.5,16.0,0.25,9.75,72
16:00,2021-07-27 16:00:00-04:00,2.0,2021-07-27 18:00:00-04:00,2021-07-28 00:00:00-04:00,Long,14950.0,14876.25,-73.75,73.75,49.331103678929765,True,2021-07-27 21:00:00-04:00,185.0,2021-07-27 21:05:00-04:00,14950.0,73.75,73.5,147.5,147.0,9.75,77.25,72
16:00,2021-07-28 16:00:00-04:00,2.0,2021-07-28 18:00:00-04:00,2021-07-29 00:00:00-04:00,Long,15006.0,14984.25,-21.75,21.75,14.494202319072372,False,,,2021-07-29 00:00:00-04:00,14964.25,-20.0,-20.25,-40.0,-40.5,39.75,9.75,72
16:00,2021-07-29 16:00:00-04:00,2.0,2021-07-29 18:00:00-04:00,2021-07-30 00:00:00-04:00,Long,15035.0,14910.0,-125.0,125.0,83.13934153641503,False,,,2021-07-30 00:00:00-04:00,14843.25,-66.75,-67.0,-133.5,-134.0,89.5,26.75,72
16:00,2021-08-02 16:00:00-04:00,2.0,2021-08-02 18:00:00-04:00,2021-08-03 00:00:00-04:00,Short,14955.0,14963.75,8.75,8.75,5.850885991307255,True,2021-08-02 19:40:00-04:00,105.0,2021-08-02 19:45:00-04:00,14955.0,8.75,8.5,17.5,17.0,10.0,11.75,72
16:00,2021-08-03 16:00:00-04:00,2.0,2021-08-03 18:00:00-04:00,2021-08-04 00:00:00-04:00,Long,15043.75,15039.0,-4.75,4.75,3.157457415870378,True,2021-08-03 18:00:00-04:00,5.0,2021-08-03 18:05:00-04:00,15043.75,4.75,4.5,9.5,9.0,4.0,5.75,72
16:00,2021-08-04 16:00:00-04:00,2.0,2021-08-04 18:00:00-04:00,2021-08-05 00:00:00-04:00,Short,15068.5,15081.0,12.5,12.5,8.295450774795102,False,,,2021-08-05 00:00:00-04:00,15089.5,-8.5,-8.75,-17.0,-17.5,22.5,7.75,72
16:00,2021-08-05 16:00:00-04:00,2.0,2021-08-05 18:00:00-04:00,2021-08-06 00:00:00-04:00,Short,15166.5,15168.0,1.5,1.5,0.9890218573830482,True,2021-08-05 18:00:00-04:00,5.0,2021-08-05 18:05:00-04:00,15166.5,1.5,1.25,3.0,2.5,2.0,5.0,72
16:00,2021-08-09 16:00:00-04:00,2.0,2021-08-09 18:00:00-04:00,2021-08-10 00:00:00-04:00,Short,15122.75,15127.75,5.0,5.0,3.3062769668215104,True,2021-08-09 18:20:00-04:00,25.0,2021-08-09 18:25:00-04:00,15122.75,5.0,4.75,10.0,9.5,3.0,5.75,72
16:00,2021-08-10 16:00:00-04:00,2.0,2021-08-10 18:00:00-04:00,2021-08-11 00:00:00-04:00,Long,15046.25,15045.25,-1.0,1.0,0.664617429592091,True,2021-08-10 18:00:00-04:00,5.0,2021-08-10 18:05:00-04:00,15046.25,1.0,0.75,2.0,1.5,6.25,1.0,72
16:00,2021-08-11 16:00:00-04:00,2.0,2021-08-11 18:00:00-04:00,2021-08-12 00:00:00-04:00,Long,15022.25,15007.75,-14.5,14.5,9.65234901562682,False,,,2021-08-12 00:00:00-04:00,15009.5,1.75,1.5,3.5,3.0,17.5,7.0,72
16:00,2021-08-12 16:00:00-04:00,2.0,2021-08-12 18:00:00-04:00,2021-08-13 00:00:00-04:00,Short,15076.25,15077.0,0.75,0.75,0.49747118812702096,True,2021-08-12 18:00:00-04:00,5.0,2021-08-12 18:05:00-04:00,15076.25,0.75,0.5,1.5,1.0,5.0,5.5,72
16:00,2021-08-16 16:00:00-04:00,2.0,2021-08-16 18:00:00-04:00,2021-08-17 00:00:00-04:00,Long,15134.25,15133.75,-0.5,0.5,0.330376463980706,True,2021-08-16 18:00:00-04:00,5.0,2021-08-16 18:05:00-04:00,15134.25,0.5,0.25,1.0,0.5,7.5,1.0,72
16:00,2021-08-17 16:00:00-04:00,2.0,2021-08-17 18:00:00-04:00,2021-08-18 00:00:00-04:00,Long,14999.75,14971.0,-28.75,28.75,19.166986116435275,True,2021-08-17 22:35:00-04:00,280.0,2021-08-17 22:40:00-04:00,14999.75,28.75,28.5,57.5,57.0,19.25,31.25,72
16:00,2021-08-18 16:00:00-04:00,2.0,2021-08-18 18:00:00-04:00,2021-08-19 00:00:00-04:00,Long,14856.0,14840.75,-15.25,15.25,10.265212708669898,True,2021-08-18 18:40:00-04:00,45.0,2021-08-18 18:45:00-04:00,14856.0,15.25,15.0,30.5,30.0,7.0,15.75,72
16:00,2021-08-19 16:00:00-04:00,2.0,2021-08-19 18:00:00-04:00,2021-08-20 00:00:00-04:00,Short,14928.75,14943.0,14.25,14.25,9.545340366742025,True,2021-08-19 18:40:00-04:00,45.0,2021-08-19 18:45:00-04:00,14928.75,14.25,14.0,28.5,28.0,3.25,19.0,72
16:00,2021-08-23 16:00:00-04:00,2.0,2021-08-23 18:00:00-04:00,2021-08-24 00:00:00-04:00,Short,15306.5,15327.5,21.0,21.0,13.719661581680985,False,,,2021-08-24 00:00:00-04:00,15324.75,2.75,2.5,5.5,5.0,8.25,5.5,72
16:00,2021-08-24 16:00:00-04:00,2.0,2021-08-24 18:00:00-04:00,2021-08-25 00:00:00-04:00,Short,15356.25,15361.25,5.0,5.0,3.256003256003256,True,2021-08-24 19:00:00-04:00,65.0,2021-08-24 19:05:00-04:00,15356.25,5.0,4.75,10.0,9.5,3.25,5.0,72
16:00,2021-08-25 16:00:00-04:00,2.0,2021-08-25 18:00:00-04:00,2021-08-26 00:00:00-04:00,Short,15362.5,15367.0,4.5,4.5,2.9292107404393817,True,2021-08-25 18:00:00-04:00,5.0,2021-08-25 18:05:00-04:00,15362.5,4.5,4.25,9.0,8.5,1.5,5.25,72
16:00,2021-08-26 16:00:00-04:00,2.0,2021-08-26 18:00:00-04:00,2021-08-27 00:00:00-04:00,Short,15273.75,15286.5,12.75,12.75,8.347655290940338,True,2021-08-26 19:50:00-04:00,115.0,2021-08-26 19:55:00-04:00,15273.75,12.75,12.5,25.5,25.0,5.25,13.25,72
16:00,2021-08-30 16:00:00-04:00,2.0,2021-08-30 18:00:00-04:00,2021-08-31 00:00:00-04:00,Short,15599.25,15603.75,4.5,4.5,2.884754074715131,True,2021-08-30 19:45:00-04:00,110.0,2021-08-30 19:50:00-04:00,15599.25,4.5,4.25,9.0,8.5,7.5,7.75,72
16:00,2021-08-31 16:00:00-04:00,2.0,2021-08-31 18:00:00-04:00,2021-09-01 00:00:00-04:00,Short,15584.25,15601.25,17.0,17.0,10.908449235606463,True,2021-08-31 20:20:00-04:00,145.0,2021-08-31 20:25:00-04:00,15584.25,17.0,16.75,34.0,33.5,1.5,20.25,72
16:00,2021-09-01 16:00:00-04:00,2.0,2021-09-01 18:00:00-04:00,2021-09-02 00:00:00-04:00,Long,15611.5,15609.0,-2.5,2.5,1.6013835954264484,True,2021-09-01 18:00:00-04:00,5.0,2021-09-01 18:05:00-04:00,15611.5,2.5,2.25,5.0,4.5,2.25,8.0,72
16:00,2021-09-02 16:00:00-04:00,2.0,2021-09-02 18:00:00-04:00,2021-09-03 00:00:00-04:00,Long,15605.25,15599.25,-6.0,6.0,3.844859902917287,True,2021-09-02 18:30:00-04:00,35.0,2021-09-02 18:35:00-04:00,15605.25,6.0,5.75,12.0,11.5,3.75,6.5,72
16:00,2021-09-07 16:00:00-04:00,2.0,2021-09-07 18:00:00-04:00,2021-09-08 00:00:00-04:00,Long,15673.75,15671.0,-2.75,2.75,1.7545258792567189,True,2021-09-07 18:00:00-04:00,5.0,2021-09-07 18:05:00-04:00,15673.75,2.75,2.5,5.5,5.0,2.75,3.0,72
16:00,2021-09-08 16:00:00-04:00,2.0,2021-09-08 18:00:00-04:00,2021-09-09 00:00:00-04:00,Long,15622.75,15610.0,-12.75,12.75,8.16117520923013,False,,,2021-09-09 00:00:00-04:00,15584.75,-25.25,-25.5,-50.5,-51.0,38.25,2.5,72
16:00,2021-09-09 16:00:00-04:00,2.0,2021-09-09 18:00:00-04:00,2021-09-10 00:00:00-04:00,Long,15564.25,15561.25,-3.0,3.0,1.9274940970493277,True,2021-09-09 18:00:00-04:00,5.0,2021-09-09 18:05:00-04:00,15564.25,3.0,2.75,6.0,5.5,2.5,8.5,72
16:00,2021-09-13 16:00:00-04:00,2.0,2021-09-13 18:00:00-04:00,2021-09-14 00:00:00-04:00,Short,15438.25,15452.75,14.5,14.5,9.392256246660082,False,,,2021-09-14 00:00:00-04:00,15460.25,-7.5,-7.75,-15.0,-15.5,17.0,12.5,72
16:00,2021-09-14 16:00:00-04:00,2.0,2021-09-14 18:00:00-04:00,2021-09-15 00:00:00-04:00,Short,15390.75,15395.5,4.75,4.75,3.086269350096649,True,2021-09-14 18:30:00-04:00,35.0,2021-09-14 18:35:00-04:00,15390.75,4.75,4.5,9.5,9.0,10.0,4.75,72
16:00,2021-09-15 16:00:00-04:00,2.0,2021-09-15 18:00:00-04:00,2021-09-16 00:00:00-04:00,Short,15505.0,15510.5,5.5,5.5,3.547242824895195,True,2021-09-15 20:00:00-04:00,125.0,2021-09-15 20:05:00-04:00,15505.0,5.5,5.25,11.0,10.5,8.25,7.75,72
16:00,2021-09-16 16:00:00-04:00,2.0,2021-09-16 18:00:00-04:00,2021-09-17 00:00:00-04:00,Long,15519.5,15505.5,-14.0,14.0,9.02090917877509,True,2021-09-16 23:15:00-04:00,320.0,2021-09-16 23:20:00-04:00,15519.5,14.0,13.75,28.0,27.5,30.5,19.5,72
16:00,2021-09-20 16:00:00-04:00,2.0,2021-09-20 18:00:00-04:00,2021-09-21 00:00:00-04:00,Long,15004.75,14991.25,-13.5,13.5,8.9971509022143,True,2021-09-20 18:00:00-04:00,5.0,2021-09-20 18:05:00-04:00,15004.75,13.5,13.25,27.0,26.5,2.5,16.0,72
16:00,2021-09-21 16:00:00-04:00,2.0,2021-09-21 18:00:00-04:00,2021-09-22 00:00:00-04:00,Long,15018.5,14992.25,-26.25,26.25,17.478443253320904,True,2021-09-21 21:10:00-04:00,195.0,2021-09-21 21:15:00-04:00,15018.5,26.25,26.0,52.5,52.0,63.0,41.25,72
16:00,2021-09-22 16:00:00-04:00,2.0,2021-09-22 18:00:00-04:00,2021-09-23 00:00:00-04:00,Short,15161.75,15177.75,16.0,16.0,10.552871535277921,False,,,2021-09-23 00:00:00-04:00,15184.5,-6.75,-7.0,-13.5,-14.0,39.25,3.25,72
16:00,2021-09-23 16:00:00-04:00,2.0,2021-09-23 18:00:00-04:00,2021-09-24 00:00:00-04:00,Long,15299.5,15298.75,-0.75,0.75,0.4902120984345894,True,2021-09-23 18:00:00-04:00,5.0,2021-09-23 18:05:00-04:00,15299.5,0.75,0.5,1.5,1.0,6.5,7.25,72
16:00,2021-09-27 16:00:00-04:00,2.0,2021-09-27 18:00:00-04:00,2021-09-28 00:00:00-04:00,Long,15194.25,15172.5,-21.75,21.75,14.314625598499433,False,,,2021-09-28 00:00:00-04:00,15148.75,-23.75,-24.0,-47.5,-48.0,39.75,19.5,72
16:00,2021-09-28 16:00:00-04:00,2.0,2021-09-28 18:00:00-04:00,2021-09-29 00:00:00-04:00,Short,14764.5,14770.0,5.5,5.5,3.7251515459378917,True,2021-09-28 18:40:00-04:00,45.0,2021-09-28 18:45:00-04:00,14764.5,5.5,5.25,11.0,10.5,12.5,8.25,72
16:00,2021-09-29 16:00:00-04:00,2.0,2021-09-29 18:00:00-04:00,2021-09-30 00:00:00-04:00,Short,14742.5,14762.0,19.5,19.5,13.227064609123284,False,,,2021-09-30 00:00:00-04:00,14836.0,-74.0,-74.25,-148.0,-148.5,82.0,7.5,72
16:00,2021-09-30 16:00:00-04:00,2.0,2021-09-30 18:00:00-04:00,2021-10-01 00:00:00-04:00,Short,14676.25,14700.5,24.25,24.25,16.52329443829316,True,2021-09-30 21:00:00-04:00,185.0,2021-09-30 21:05:00-04:00,14676.25,24.25,24.0,48.5,48.0,31.5,62.0,72
16:00,2021-10-04 16:00:00-04:00,2.0,2021-10-04 18:00:00-04:00,2021-10-05 00:00:00-04:00,Short,14467.25,14488.5,21.25,21.25,14.688347820076379,True,2021-10-04 20:15:00-04:00,140.0,2021-10-04 20:20:00-04:00,14467.25,21.25,21.0,42.5,42.0,21.5,24.5,72
16:00,2021-10-05 16:00:00-04:00,2.0,2021-10-05 18:00:00-04:00,2021-10-06 00:00:00-04:00,Short,14658.0,14661.75,3.75,3.75,2.55832992222677,True,2021-10-05 19:10:00-04:00,75.0,2021-10-05 19:15:00-04:00,14658.0,3.75,3.5,7.5,7.0,13.0,4.0,72
16:00,2021-10-06 16:00:00-04:00,2.0,2021-10-06 18:00:00-04:00,2021-10-07 00:00:00-04:00,Short,14753.5,14767.0,13.5,13.5,9.150371098383435,False,,,2021-10-07 00:00:00-04:00,14863.75,-96.75,-97.0,-193.5,-194.0,124.0,2.0,72
16:00,2021-10-07 16:00:00-04:00,2.0,2021-10-07 18:00:00-04:00,2021-10-08 00:00:00-04:00,Short,14886.25,14894.0,7.75,7.75,5.206146611806196,True,2021-10-07 20:15:00-04:00,140.0,2021-10-07 20:20:00-04:00,14886.25,7.75,7.5,15.5,15.0,32.25,18.5,72
16:00,2021-10-11 16:00:00-04:00,2.0,2021-10-11 18:00:00-04:00,2021-10-12 00:00:00-04:00,Long,14700.0,14688.25,-11.75,11.75,7.993197278911564,False,,,2021-10-12 00:00:00-04:00,14620.25,-68.0,-68.25,-136.0,-136.5,92.25,8.0,72
16:00,2021-10-12 16:00:00-04:00,2.0,2021-10-12 18:00:00-04:00,2021-10-13 00:00:00-04:00,Long,14650.25,14595.0,-55.25,55.25,37.71266701933414,False,,,2021-10-13 00:00:00-04:00,14618.75,23.75,23.5,47.5,47.0,4.75,50.5,72
16:00,2021-10-13 16:00:00-04:00,2.0,2021-10-13 18:00:00-04:00,2021-10-14 00:00:00-04:00,Short,14766.5,14770.0,3.5,3.5,2.370229912301493,False,,,2021-10-14 00:00:00-04:00,14821.5,-51.5,-51.75,-103.0,-103.5,70.25,3.25,72
16:00,2021-10-14 16:00:00-04:00,2.0,2021-10-14 18:00:00-04:00,2021-10-15 00:00:00-04:00,Short,15036.75,15064.5,27.75,27.75,18.45478577485161,True,2021-10-14 20:35:00-04:00,160.0,2021-10-14 20:40:00-04:00,15036.75,27.75,27.5,55.5,55.0,13.25,33.25,72
16:00,2021-10-18 16:00:00-04:00,2.0,2021-10-18 18:00:00-04:00,2021-10-19 00:00:00-04:00,Short,15286.25,15290.25,4.0,4.0,2.616730722054134,True,2021-10-18 18:00:00-04:00,5.0,2021-10-18 18:05:00-04:00,15286.25,4.0,3.75,8.0,7.5,3.5,4.75,72
16:00,2021-10-19 16:00:00-04:00,2.0,2021-10-19 18:00:00-04:00,2021-10-20 00:00:00-04:00,Short,15400.25,15410.5,10.25,10.25,6.655736108180062,True,2021-10-19 18:05:00-04:00,10.0,2021-10-19 18:10:00-04:00,15400.25,10.25,10.0,20.5,20.0,2.25,11.25,72
16:00,2021-10-20 16:00:00-04:00,2.0,2021-10-20 18:00:00-04:00,2021-10-21 00:00:00-04:00,Long,15382.75,15358.25,-24.5,24.5,15.926931140400773,False,,,2021-10-21 00:00:00-04:00,15336.75,-21.5,-21.75,-43.0,-43.5,32.0,9.0,72
16:00,2021-10-21 16:00:00-04:00,2.0,2021-10-21 18:00:00-04:00,2021-10-22 00:00:00-04:00,Long,15475.25,15385.5,-89.75,89.75,57.99583205440946,False,,,2021-10-22 00:00:00-04:00,15408.0,22.5,22.25,45.0,44.5,12.5,34.5,72
16:00,2021-10-25 16:00:00-04:00,2.0,2021-10-25 18:00:00-04:00,2021-10-26 00:00:00-04:00,Short,15501.25,15543.5,42.25,42.25,27.255866462382066,False,,,2021-10-26 00:00:00-04:00,15567.75,-24.25,-24.5,-48.5,-49.0,42.75,19.75,72
16:00,2021-10-26 16:00:00-04:00,2.0,2021-10-26 18:00:00-04:00,2021-10-27 00:00:00-04:00,Long,15545.0,15523.25,-21.75,21.75,13.991637182373752,True,2021-10-26 18:05:00-04:00,10.0,2021-10-26 18:10:00-04:00,15545.0,21.75,21.5,43.5,43.0,0.25,29.75,72
16:00,2021-10-27 16:00:00-04:00,2.0,2021-10-27 18:00:00-04:00,2021-10-28 00:00:00-04:00,Short,15585.0,15596.0,11.0,11.0,7.058068655758742,False,,,2021-10-28 00:00:00-04:00,15615.5,-19.5,-19.75,-39.0,-39.5,34.5,1.75,72
16:00,2021-10-28 16:00:00-04:00,2.0,2021-10-28 18:00:00-04:00,2021-10-29 00:00:00-04:00,Long,15761.5,15677.0,-84.5,84.5,53.611648637502775,False,,,2021-10-29 00:00:00-04:00,15669.75,-7.25,-7.5,-14.5,-15.0,33.5,15.5,72
16:00,2021-11-01 16:00:00-04:00,2.0,2021-11-01 18:00:00-04:00,2021-11-02 00:00:00-04:00,Long,15893.75,15891.25,-2.5,2.5,1.5729453401494298,True,2021-11-01 18:40:00-04:00,45.0,2021-11-01 18:45:00-04:00,15893.75,2.5,2.25,5.0,4.5,16.0,3.0,72
16:00,2021-11-02 16:00:00-04:00,2.0,2021-11-02 18:00:00-04:00,2021-11-03 00:00:00-04:00,Long,15962.0,15958.5,-3.5,3.5,2.1927076807417616,True,2021-11-02 21:15:00-04:00,200.0,2021-11-02 21:20:00-04:00,15962.0,3.5,3.25,7.0,6.5,21.0,4.5,72
16:00,2021-11-03 16:00:00-04:00,2.0,2021-11-03 18:00:00-04:00,2021-11-04 00:00:00-04:00,Short,16129.75,16130.0,0.25,0.25,0.15499310280692508,True,2021-11-03 18:00:00-04:00,5.0,2021-11-03 18:05:00-04:00,16129.75,0.25,0.0,0.5,0.0,9.75,2.0,72
16:00,2021-11-04 16:00:00-04:00,2.0,2021-11-04 18:00:00-04:00,2021-11-05 00:00:00-04:00,Short,16334.75,16335.5,0.75,0.75,0.45914384976813233,True,2021-11-04 18:00:00-04:00,5.0,2021-11-04 18:05:00-04:00,16334.75,0.75,0.5,1.5,1.0,0.0,11.5,72
16:00,2021-11-08 16:00:00-05:00,2.0,2021-11-08 18:00:00-05:00,2021-11-09 00:00:00-05:00,Long,16329.25,16313.25,-16.0,16.0,9.798367959336773,False,,,2021-11-09 00:00:00-05:00,16300.75,-12.5,-12.75,-25.0,-25.5,31.25,9.75,72
16:00,2021-11-09 16:00:00-05:00,2.0,2021-11-09 18:00:00-05:00,2021-11-10 00:00:00-05:00,Long,16217.25,16202.25,-15.0,15.0,9.249410350090182,False,,,2021-11-10 00:00:00-05:00,16158.5,-43.75,-44.0,-87.5,-88.0,69.5,0.0,72
16:00,2021-11-10 16:00:00-05:00,2.0,2021-11-10 18:00:00-05:00,2021-11-11 00:00:00-05:00,Short,15978.25,15990.25,12.0,12.0,7.510209190618497,True,2021-11-10 18:35:00-05:00,40.0,2021-11-10 18:40:00-05:00,15978.25,12.0,11.75,24.0,23.5,6.25,12.5,72
16:00,2021-11-11 16:00:00-05:00,2.0,2021-11-11 18:00:00-05:00,2021-11-12 00:00:00-05:00,Short,16022.75,16042.0,19.25,19.25,12.014167355790986,False,,,2021-11-12 00:00:00-05:00,16055.25,-13.25,-13.5,-26.5,-27.0,51.75,4.0,72
16:00,2021-11-15 16:00:00-05:00,2.0,2021-11-15 18:00:00-05:00,2021-11-16 00:00:00-05:00,Short,16188.5,16199.0,10.5,10.5,6.486085801649319,True,2021-11-15 18:15:00-05:00,20.0,2021-11-15 18:20:00-05:00,16188.5,10.5,10.25,21.0,20.5,0.75,14.0,72
16:00,2021-11-16 16:00:00-05:00,2.0,2021-11-16 18:00:00-05:00,2021-11-17 00:00:00-05:00,Long,16304.75,16296.75,-8.0,8.0,4.906545638540916,True,2021-11-16 18:40:00-05:00,45.0,2021-11-16 18:45:00-05:00,16304.75,8.0,7.75,16.0,15.5,4.5,9.25,72
16:00,2021-11-17 16:00:00-05:00,2.0,2021-11-17 18:00:00-05:00,2021-11-18 00:00:00-05:00,Short,16313.25,16322.0,8.75,8.75,5.363738065682804,False,,,2021-11-18 00:00:00-05:00,16346.75,-24.75,-25.0,-49.5,-50.0,26.0,2.0,72
16:00,2021-11-18 16:00:00-05:00,2.0,2021-11-18 18:00:00-05:00,2021-11-19 00:00:00-05:00,Short,16481.25,16505.5,24.25,24.25,14.71368979901403,False,,,2021-11-19 00:00:00-05:00,16571.25,-65.75,-66.0,-131.5,-132.0,84.25,15.5,72
16:00,2021-11-22 16:00:00-05:00,2.0,2021-11-22 18:00:00-05:00,2021-11-23 00:00:00-05:00,Short,16383.75,16399.75,16.0,16.0,9.76577401388571,True,2021-11-22 20:15:00-05:00,140.0,2021-11-22 20:20:00-05:00,16383.75,16.0,15.75,32.0,31.5,15.0,21.25,72
16:00,2021-11-23 16:00:00-05:00,2.0,2021-11-23 18:00:00-05:00,2021-11-24 00:00:00-05:00,Long,16305.5,16299.0,-6.5,6.5,3.986384962129343,True,2021-11-23 18:00:00-05:00,5.0,2021-11-23 18:05:00-05:00,16305.5,6.5,6.25,13.0,12.5,1.0,49.25,72
16:00,2021-11-24 16:00:00-05:00,2.0,2021-11-24 18:00:00-05:00,2021-11-25 00:00:00-05:00,Long,16362.25,16361.0,-1.25,1.25,0.7639536127366346,True,2021-11-24 18:00:00-05:00,5.0,2021-11-24 18:05:00-05:00,16362.25,1.25,1.0,2.5,2.0,4.75,4.0,72
16:00,2021-11-29 16:00:00-05:00,2.0,2021-11-29 18:00:00-05:00,2021-11-30 00:00:00-05:00,Short,16390.75,16418.75,28.0,28.0,17.082805850861003,True,2021-11-29 22:15:00-05:00,260.0,2021-11-29 22:20:00-05:00,16390.75,28.0,27.75,56.0,55.5,22.25,31.5,72
16:00,2021-11-30 16:00:00-05:00,2.0,2021-11-30 18:00:00-05:00,2021-12-01 00:00:00-05:00,Short,16150.0,16235.75,85.75,85.75,53.09597523219814,False,,,2021-12-01 00:00:00-05:00,16371.0,-135.25,-135.5,-270.5,-271.0,143.0,53.5,72
16:00,2021-12-01 16:00:00-05:00,2.0,2021-12-01 18:00:00-05:00,2021-12-02 00:00:00-05:00,Short,15875.5,15890.5,15.0,15.0,9.448521306415547,True,2021-12-01 18:20:00-05:00,25.0,2021-12-01 18:25:00-05:00,15875.5,15.0,14.75,30.0,29.5,44.5,21.75,72
16:00,2021-12-02 16:00:00-05:00,2.0,2021-12-02 18:00:00-05:00,2021-12-03 00:00:00-05:00,Short,15991.5,16019.0,27.5,27.5,17.196635712722383,True,2021-12-02 18:15:00-05:00,20.0,2021-12-02 18:20:00-05:00,15991.5,27.5,27.25,55.0,54.5,12.0,42.0,72
16:00,2021-12-06 16:00:00-05:00,2.0,2021-12-06 18:00:00-05:00,2021-12-07 00:00:00-05:00,Short,15843.0,15849.0,6.0,6.0,3.787161522438932,True,2021-12-06 18:10:00-05:00,15.0,2021-12-06 18:15:00-05:00,15843.0,6.0,5.75,12.0,11.5,11.0,13.0,72
16:00,2021-12-07 16:00:00-05:00,2.0,2021-12-07 18:00:00-05:00,2021-12-08 00:00:00-05:00,Short,16321.0,16363.75,42.75,42.75,26.19324796274738,False,,,2021-12-08 00:00:00-05:00,16396.0,-32.25,-32.5,-64.5,-65.0,54.0,36.5,72
16:00,2021-12-08 16:00:00-05:00,2.0,2021-12-08 18:00:00-05:00,2021-12-09 00:00:00-05:00,Long,16388.25,16380.75,-7.5,7.5,4.576449590407761,True,2021-12-08 18:15:00-05:00,20.0,2021-12-08 18:20:00-05:00,16388.25,7.5,7.25,15.0,14.5,8.75,9.75,72
16:00,2021-12-09 16:00:00-05:00,2.0,2021-12-09 18:00:00-05:00,2021-12-10 00:00:00-05:00,Short,16148.25,16159.0,10.75,10.75,6.657068103354853,True,2021-12-09 20:05:00-05:00,130.0,2021-12-09 20:10:00-05:00,16148.25,10.75,10.5,21.5,21.0,30.5,12.75,72
16:00,2021-12-13 16:00:00-05:00,2.0,2021-12-13 18:00:00-05:00,2021-12-14 00:00:00-05:00,Short,16087.5,16092.5,5.0,5.0,3.108003108003108,True,2021-12-13 18:00:00-05:00,5.0,2021-12-13 18:05:00-05:00,16087.5,5.0,4.75,10.0,9.5,6.75,8.5,72
16:00,2021-12-14 16:00:00-05:00,2.0,2021-12-14 18:00:00-05:00,2021-12-15 00:00:00-05:00,Short,15928.75,15932.0,3.25,3.25,2.0403358706740957,True,2021-12-14 18:00:00-05:00,5.0,2021-12-14 18:05:00-05:00,15928.75,3.25,3.0,6.5,6.0,9.0,4.25,72
16:00,2021-12-15 16:00:00-05:00,2.0,2021-12-15 18:00:00-05:00,2021-12-16 00:00:00-05:00,Short,16287.0,16288.0,1.0,1.0,0.613986615091791,True,2021-12-15 20:50:00-05:00,175.0,2021-12-15 20:55:00-05:00,16287.0,1.0,0.75,2.0,1.5,54.25,7.25,72
16:00,2021-12-16 16:00:00-05:00,2.0,2021-12-16 18:00:00-05:00,2021-12-17 00:00:00-05:00,Short,15866.0,15877.5,11.5,11.5,7.248203706038069,True,2021-12-16 18:00:00-05:00,5.0,2021-12-16 18:05:00-05:00,15866.0,11.5,11.25,23.0,22.5,2.5,14.75,72
16:00,2021-12-20 16:00:00-05:00,2.0,2021-12-20 18:00:00-05:00,2021-12-21 00:00:00-05:00,Short,15625.25,15679.25,54.0,54.0,34.55944704884722,False,,,2021-12-21 00:00:00-05:00,15766.0,-86.75,-87.0,-173.5,-174.0,97.75,8.25,72
16:00,2021-12-21 16:00:00-05:00,2.0,2021-12-21 18:00:00-05:00,2021-12-22 00:00:00-05:00,Short,15973.5,15980.25,6.75,6.75,4.22574889661001,True,2021-12-21 18:00:00-05:00,5.0,2021-12-21 18:05:00-05:00,15973.5,6.75,6.5,13.5,13.0,14.75,20.0,72
16:00,2021-12-22 16:00:00-05:00,2.0,2021-12-22 18:00:00-05:00,2021-12-23 00:00:00-05:00,Short,16168.0,16181.5,13.5,13.5,8.34982681840673,True,2021-12-22 19:10:00-05:00,75.0,2021-12-22 19:15:00-05:00,16168.0,13.5,13.25,27.0,26.5,13.5,14.0,72
16:00,2021-12-27 16:00:00-05:00,2.0,2021-12-27 18:00:00-05:00,2021-12-28 00:00:00-05:00,Short,16560.25,16569.25,9.0,9.0,5.4347005630953635,True,2021-12-27 18:20:00-05:00,25.0,2021-12-27 18:25:00-05:00,16560.25,9.0,8.75,18.0,17.5,2.5,10.75,72
16:00,2021-12-28 16:00:00-05:00,2.0,2021-12-28 18:00:00-05:00,2021-12-29 00:00:00-05:00,Short,16494.5,16518.25,23.75,23.75,14.39873897359726,False,,,2021-12-29 00:00:00-05:00,16541.5,-23.25,-23.5,-46.5,-47.0,35.0,20.0,72
16:00,2021-12-29 16:00:00-05:00,2.0,2021-12-29 18:00:00-05:00,2021-12-30 00:00:00-05:00,Long,16489.25,16487.5,-1.75,1.75,1.061297512015404,True,2021-12-29 18:00:00-05:00,5.0,2021-12-29 18:05:00-05:00,16489.25,1.75,1.5,3.5,3.0,19.75,5.75,72
16:00,2021-12-30 16:00:00-05:00,2.0,2021-12-30 18:00:00-05:00,2021-12-31 00:00:00-05:00,Short,16428.5,16430.25,1.75,1.75,1.0652220227044464,True,2021-12-30 19:15:00-05:00,80.0,2021-12-30 19:20:00-05:00,16428.5,1.75,1.5,3.5,3.0,15.75,16.25,72
16:00,2022-01-03 16:00:00-05:00,2.0,2022-01-03 18:00:00-05:00,2022-01-04 00:00:00-05:00,Short,16489.5,16496.5,7.0,7.0,4.245125686042633,True,2022-01-03 18:35:00-05:00,40.0,2022-01-03 18:40:00-05:00,16489.5,7.0,6.75,14.0,13.5,13.0,7.0,72
16:00,2022-01-04 16:00:00-05:00,2.0,2022-01-04 18:00:00-05:00,2022-01-05 00:00:00-05:00,Long,16273.0,16265.75,-7.25,7.25,4.455232593867142,False,,,2022-01-05 00:00:00-05:00,16205.25,-60.5,-60.75,-121.0,-121.5,68.5,4.25,72
16:00,2022-01-05 16:00:00-05:00,2.0,2022-01-05 18:00:00-05:00,2022-01-06 00:00:00-05:00,Long,15764.0,15761.5,-2.5,2.5,1.5858919056077136,True,2022-01-05 18:00:00-05:00,5.0,2022-01-05 18:05:00-05:00,15764.0,2.5,2.25,5.0,4.5,20.0,6.0,72
16:00,2022-01-06 16:00:00-05:00,2.0,2022-01-06 18:00:00-05:00,2022-01-07 00:00:00-05:00,Short,15758.25,15800.75,42.5,42.5,26.969999841352944,False,,,2022-01-07 00:00:00-05:00,15787.5,13.25,13.0,26.5,26.0,52.5,26.25,72
16:00,2022-01-10 16:00:00-05:00,2.0,2022-01-10 18:00:00-05:00,2022-01-11 00:00:00-05:00,Short,15604.25,15616.75,12.5,12.5,8.010638127433232,True,2022-01-10 18:00:00-05:00,5.0,2022-01-10 18:05:00-05:00,15604.25,12.5,12.25,25.0,24.5,8.25,13.0,72
16:00,2022-01-11 16:00:00-05:00,2.0,2022-01-11 18:00:00-05:00,2022-01-12 00:00:00-05:00,Long,15832.0,15826.75,-5.25,5.25,3.3160687215765536,True,2022-01-11 18:00:00-05:00,5.0,2022-01-11 18:05:00-05:00,15832.0,5.25,5.0,10.5,10.0,2.75,8.75,72
16:00,2022-01-12 16:00:00-05:00,2.0,2022-01-12 18:00:00-05:00,2022-01-13 00:00:00-05:00,Short,15895.5,15901.5,6.0,6.0,3.7746532037369067,True,2022-01-12 18:00:00-05:00,5.0,2022-01-12 18:05:00-05:00,15895.5,6.0,5.75,12.0,11.5,0.0,14.25,72
16:00,2022-01-13 16:00:00-05:00,2.0,2022-01-13 18:00:00-05:00,2022-01-14 00:00:00-05:00,Short,15497.25,15506.0,8.75,8.75,5.646163028924486,True,2022-01-13 18:15:00-05:00,20.0,2022-01-13 18:20:00-05:00,15497.25,8.75,8.5,17.5,17.0,10.5,10.5,72
16:00,2022-01-18 16:00:00-05:00,2.0,2022-01-18 18:00:00-05:00,2022-01-19 00:00:00-05:00,Short,15214.0,15240.0,26.0,26.0,17.089522807940057,True,2022-01-18 18:30:00-05:00,35.0,2022-01-18 18:35:00-05:00,15214.0,26.0,25.75,52.0,51.5,8.5,31.75,72
16:00,2022-01-19 16:00:00-05:00,2.0,2022-01-19 18:00:00-05:00,2022-01-20 00:00:00-05:00,Short,15037.5,15042.0,4.5,4.5,2.992518703241895,True,2022-01-19 18:10:00-05:00,15.0,2022-01-19 18:15:00-05:00,15037.5,4.5,4.25,9.0,8.5,13.75,8.0,72
16:00,2022-01-20 16:00:00-05:00,2.0,2022-01-20 18:00:00-05:00,2022-01-21 00:00:00-05:00,Long,14836.75,14737.0,-99.75,99.75,67.23170505670042,False,,,2022-01-21 00:00:00-05:00,14644.25,-92.75,-93.0,-185.5,-186.0,134.25,21.25,72
16:00,2022-01-24 16:00:00-05:00,2.0,2022-01-24 18:00:00-05:00,2022-01-25 00:00:00-05:00,Long,14506.25,14494.25,-12.0,12.0,8.272296423955192,False,,,2022-01-25 00:00:00-05:00,14230.5,-263.75,-264.0,-527.5,-528.0,284.25,5.0,72
16:00,2022-01-25 16:00:00-05:00,2.0,2022-01-25 18:00:00-05:00,2022-01-26 00:00:00-05:00,Long,14151.5,13945.0,-206.5,206.5,145.92092711020032,True,2022-01-25 18:10:00-05:00,15.0,2022-01-25 18:15:00-05:00,14151.5,206.5,206.25,413.0,412.5,1.25,210.0,72
16:00,2022-01-26 16:00:00-05:00,2.0,2022-01-26 18:00:00-05:00,2022-01-27 00:00:00-05:00,Short,14148.25,14178.25,30.0,30.0,21.20403583482056,True,2022-01-26 20:00:00-05:00,125.0,2022-01-26 20:05:00-05:00,14148.25,30.0,29.75,60.0,59.5,104.0,68.0,72
16:00,2022-01-27 16:00:00-05:00,2.0,2022-01-27 18:00:00-05:00,2022-01-28 00:00:00-05:00,Short,13987.5,14142.0,154.5,154.5,110.45576407506702,False,,,2022-01-28 00:00:00-05:00,14098.0,44.0,43.75,88.0,87.5,41.5,90.5,72
16:00,2022-01-31 16:00:00-05:00,2.0,2022-01-31 18:00:00-05:00,2022-02-01 00:00:00-05:00,Long,14898.25,14865.75,-32.5,32.5,21.814642659372744,False,,,2022-02-01 00:00:00-05:00,14870.5,4.75,4.5,9.5,9.0,48.25,19.75,72
16:00,2022-02-01 16:00:00-05:00,2.0,2022-02-01 18:00:00-05:00,2022-02-02 00:00:00-05:00,Short,14991.25,15128.5,137.25,137.25,91.55340615358959,False,,,2022-02-02 00:00:00-05:00,15145.0,-16.5,-16.75,-33.0,-33.5,20.5,24.75,72
16:00,2022-02-02 16:00:00-05:00,2.0,2022-02-02 18:00:00-05:00,2022-02-03 00:00:00-05:00,Long,15114.25,14857.0,-257.25,257.25,170.203615793043,False,,,2022-02-03 00:00:00-05:00,14786.0,-71.0,-71.25,-142.0,-142.5,105.25,9.25,72
16:00,2022-02-03 16:00:00-05:00,2.0,2022-02-03 18:00:00-05:00,2022-02-04 00:00:00-05:00,Short,14503.5,14776.75,273.25,273.25,188.40279932430104,False,,,2022-02-04 00:00:00-05:00,14777.75,-1.0,-1.25,-2.0,-2.5,12.75,77.0,72
16:00,2022-02-07 16:00:00-05:00,2.0,2022-02-07 18:00:00-05:00,2022-02-08 00:00:00-05:00,Short,14566.0,14603.0,37.0,37.0,25.401620211451323,True,2022-02-07 20:50:00-05:00,175.0,2022-02-07 20:55:00-05:00,14566.0,37.0,36.75,74.0,73.5,19.25,38.25,72
16:00,2022-02-08 16:00:00-05:00,2.0,2022-02-08 18:00:00-05:00,2022-02-09 00:00:00-05:00,Short,14733.25,14744.75,11.5,11.5,7.805474012862064,False,,,2022-02-09 00:00:00-05:00,14811.25,-66.5,-66.75,-133.0,-133.5,75.25,4.75,72
16:00,2022-02-09 16:00:00-05:00,2.0,2022-02-09 18:00:00-05:00,2022-02-10 00:00:00-05:00,Short,15042.75,15058.75,16.0,16.0,10.636353060444401,True,2022-02-09 18:20:00-05:00,25.0,2022-02-09 18:25:00-05:00,15042.75,16.0,15.75,32.0,31.5,2.75,16.5,72
16:00,2022-02-10 16:00:00-05:00,2.0,2022-02-10 18:00:00-05:00,2022-02-11 00:00:00-05:00,Long,14702.25,14700.0,-2.25,2.25,1.5303780033668315,True,2022-02-10 18:05:00-05:00,10.0,2022-02-10 18:10:00-05:00,14702.25,2.25,2.0,4.5,4.0,23.75,3.25,72
16:00,2022-02-14 16:00:00-05:00,2.0,2022-02-14 18:00:00-05:00,2022-02-15 00:00:00-05:00,Long,14256.75,14250.25,-6.5,6.5,4.559243866940221,True,2022-02-14 18:00:00-05:00,5.0,2022-02-14 18:05:00-05:00,14256.75,6.5,6.25,13.0,12.5,0.0,24.75,72
16:00,2022-02-15 16:00:00-05:00,2.0,2022-02-15 18:00:00-05:00,2022-02-16 00:00:00-05:00,Long,14608.0,14594.0,-14.0,14.0,9.583789704271632,False,,,2022-02-16 00:00:00-05:00,14565.5,-28.5,-28.75,-57.0,-57.5,48.0,1.0,72
16:00,2022-02-16 16:00:00-05:00,2.0,2022-02-16 18:00:00-05:00,2022-02-17 00:00:00-05:00,Long,14601.25,14593.25,-8.0,8.0,5.478982963787347,True,2022-02-16 18:00:00-05:00,5.0,2022-02-16 18:05:00-05:00,14601.25,8.0,7.75,16.0,15.5,9.75,15.75,72
16:00,2022-02-17 16:00:00-05:00,2.0,2022-02-17 18:00:00-05:00,2022-02-18 00:00:00-05:00,Long,14165.25,14156.0,-9.25,9.25,6.530064771183,True,2022-02-17 18:15:00-05:00,20.0,2022-02-17 18:20:00-05:00,14165.25,9.25,9.0,18.5,18.0,18.75,11.0,72
16:00,2022-02-22 16:00:00-05:00,2.0,2022-02-22 18:00:00-05:00,2022-02-23 00:00:00-05:00,Short,13865.5,13925.5,60.0,60.0,43.272871515632325,False,,,2022-02-23 00:00:00-05:00,13973.5,-48.0,-48.25,-96.0,-96.5,64.0,13.5,72
16:00,2022-02-23 16:00:00-05:00,2.0,2022-02-23 18:00:00-05:00,2022-02-24 00:00:00-05:00,Long,13507.5,13484.75,-22.75,22.75,16.842494910235054,True,2022-02-23 18:00:00-05:00,5.0,2022-02-23 18:05:00-05:00,13507.5,22.75,22.5,45.5,45.0,4.5,31.25,72
16:00,2022-02-24 16:00:00-05:00,2.0,2022-02-24 18:00:00-05:00,2022-02-25 00:00:00-05:00,Long,13966.5,13911.0,-55.5,55.5,39.73794436687788,False,,,2022-02-25 00:00:00-05:00,13871.0,-40.0,-40.25,-80.0,-80.5,104.75,29.75,72
16:00,2022-02-28 16:00:00-05:00,2.0,2022-02-28 18:00:00-05:00,2022-03-01 00:00:00-05:00,Long,14234.0,14218.0,-16.0,16.0,11.240691302515105,True,2022-02-28 18:20:00-05:00,25.0,2022-02-28 18:25:00-05:00,14234.0,16.0,15.75,32.0,31.5,12.75,19.25,72
16:00,2022-03-01 16:00:00-05:00,2.0,2022-03-01 18:00:00-05:00,2022-03-02 00:00:00-05:00,Short,14004.25,14026.5,22.25,22.25,15.888033989681704,True,2022-03-01 21:00:00-05:00,185.0,2022-03-01 21:05:00-05:00,14004.25,22.25,22.0,44.5,44.0,40.25,40.5,72
16:00,2022-03-02 16:00:00-05:00,2.0,2022-03-02 18:00:00-05:00,2022-03-03 00:00:00-05:00,Long,14237.0,14195.25,-41.75,41.75,29.324998244012082,True,2022-03-02 22:00:00-05:00,245.0,2022-03-02 22:05:00-05:00,14237.0,41.75,41.5,83.5,83.0,12.75,44.25,72
16:00,2022-03-03 16:00:00-05:00,2.0,2022-03-03 18:00:00-05:00,2022-03-04 00:00:00-05:00,Short,14035.25,14065.25,30.0,30.0,21.374752854420123,True,2022-03-03 19:05:00-05:00,70.0,2022-03-03 19:10:00-05:00,14035.25,30.0,29.75,60.0,59.5,20.75,34.0,72
16:00,2022-03-07 16:00:00-05:00,2.0,2022-03-07 18:00:00-05:00,2022-03-08 00:00:00-05:00,Long,13320.5,13282.5,-38.0,38.0,28.52745767801509,True,2022-03-07 20:00:00-05:00,125.0,2022-03-07 20:05:00-05:00,13320.5,38.0,37.75,76.0,75.5,30.0,44.0,72
16:00,2022-03-08 16:00:00-05:00,2.0,2022-03-08 18:00:00-05:00,2022-03-09 00:00:00-05:00,Long,13255.0,13194.25,-60.75,60.75,45.83176159939645,True,2022-03-08 18:30:00-05:00,35.0,2022-03-08 18:35:00-05:00,13255.0,60.75,60.5,121.5,121.0,2.25,62.0,72
16:00,2022-03-09 16:00:00-05:00,2.0,2022-03-09 18:00:00-05:00,2022-03-10 00:00:00-05:00,Short,13740.5,13774.25,33.75,33.75,24.56242494814599,True,2022-03-09 18:20:00-05:00,25.0,2022-03-09 18:25:00-05:00,13740.5,33.75,33.5,67.5,67.0,5.75,43.0,72
16:00,2022-03-10 16:00:00-05:00,2.0,2022-03-10 18:00:00-05:00,2022-03-11 00:00:00-05:00,Long,13591.25,13575.25,-16.0,16.0,11.772279959532787,True,2022-03-10 18:05:00-05:00,10.0,2022-03-10 18:10:00-05:00,13591.25,16.0,15.75,32.0,31.5,17.25,18.5,72
16:00,2022-03-14 16:00:00-04:00,2.0,2022-03-14 18:00:00-04:00,2022-03-15 00:00:00-04:00,Short,13049.5,13082.0,32.5,32.5,24.905168780413042,False,,,2022-03-15 00:00:00-04:00,13109.5,-27.5,-27.75,-55.0,-55.5,61.0,31.0,72
16:00,2022-03-15 16:00:00-04:00,2.0,2022-03-15 18:00:00-04:00,2022-03-16 00:00:00-04:00,Long,13457.25,13443.5,-13.75,13.75,10.217540730832821,True,2022-03-15 18:00:00-04:00,5.0,2022-03-15 18:05:00-04:00,13457.25,13.75,13.5,27.5,27.0,51.75,26.5,72
16:00,2022-03-16 16:00:00-04:00,2.0,2022-03-16 18:00:00-04:00,2022-03-17 00:00:00-04:00,Short,13959.5,14000.0,40.5,40.5,29.012500447723774,True,2022-03-16 18:30:00-04:00,35.0,2022-03-16 18:35:00-04:00,13959.5,40.5,40.25,81.0,80.5,0.0,43.5,72
16:00,2022-03-17 16:00:00-04:00,2.0,2022-03-17 18:00:00-04:00,2022-03-18 00:00:00-04:00,Long,14124.25,14052.75,-71.5,71.5,50.62215692868648,False,,,2022-03-18 00:00:00-04:00,13998.5,-54.25,-54.5,-108.5,-109.0,81.75,21.0,72
16:00,2022-03-21 16:00:00-04:00,2.0,2022-03-21 18:00:00-04:00,2022-03-22 00:00:00-04:00,Short,14371.75,14389.0,17.25,17.25,12.002713657000713,True,2022-03-21 18:05:00-04:00,10.0,2022-03-21 18:10:00-04:00,14371.75,17.25,17.0,34.5,34.0,2.25,19.5,72
16:00,2022-03-22 16:00:00-04:00,2.0,2022-03-22 18:00:00-04:00,2022-03-23 00:00:00-04:00,Long,14655.0,14652.75,-2.25,2.25,1.5353121801432958,True,2022-03-22 18:20:00-04:00,25.0,2022-03-22 18:25:00-04:00,14655.0,2.25,2.0,4.5,4.0,23.0,4.5,72
16:00,2022-03-23 16:00:00-04:00,2.0,2022-03-23 18:00:00-04:00,2022-03-24 00:00:00-04:00,Short,14444.25,14463.5,19.25,19.25,13.327102480225694,False,,,2022-03-24 00:00:00-04:00,14518.75,-55.25,-55.5,-110.5,-111.0,55.75,15.5,72
16:00,2022-03-24 16:00:00-04:00,2.0,2022-03-24 18:00:00-04:00,2022-03-25 00:00:00-04:00,Long,14766.75,14763.0,-3.75,3.75,2.5394890548021736,True,2022-03-24 18:00:00-04:00,5.0,2022-03-24 18:05:00-04:00,14766.75,3.75,3.5,7.5,7.0,4.75,12.0,72
16:00,2022-03-28 16:00:00-04:00,2.0,2022-03-28 18:00:00-04:00,2022-03-29 00:00:00-04:00,Long,14987.0,14982.25,-4.75,4.75,3.1694134916928003,True,2022-03-28 19:40:00-04:00,105.0,2022-03-28 19:45:00-04:00,14987.0,4.75,4.5,9.5,9.0,17.75,5.25,72
16:00,2022-03-29 16:00:00-04:00,2.0,2022-03-29 18:00:00-04:00,2022-03-30 00:00:00-04:00,Long,15240.75,15220.0,-20.75,20.75,13.61481554385447,True,2022-03-29 21:25:00-04:00,210.0,2022-03-29 21:30:00-04:00,15240.75,20.75,20.5,41.5,41.0,18.25,31.5,72
16:00,2022-03-30 16:00:00-04:00,2.0,2022-03-30 18:00:00-04:00,2022-03-31 00:00:00-04:00,Short,15080.0,15100.0,20.0,20.0,13.26259946949602,False,,,2022-03-31 00:00:00-04:00,15146.0,-46.0,-46.25,-92.0,-92.5,67.25,4.0,72
16:00,2022-03-31 16:00:00-04:00,2.0,2022-03-31 18:00:00-04:00,2022-04-01 00:00:00-04:00,Short,14870.5,14921.5,51.0,51.0,34.296089573316294,False,,,2022-04-01 00:00:00-04:00,14923.5,-2.0,-2.25,-4.0,-4.5,15.25,45.5,72
16:00,2022-04-04 16:00:00-04:00,2.0,2022-04-04 18:00:00-04:00,2022-04-05 00:00:00-04:00,Long,15164.0,15160.0,-4.0,4.0,2.637826431020839,True,2022-04-04 19:30:00-04:00,95.0,2022-04-04 19:35:00-04:00,15164.0,4.0,3.75,8.0,7.5,7.75,4.25,72
16:00,2022-04-05 16:00:00-04:00,2.0,2022-04-05 18:00:00-04:00,2022-04-06 00:00:00-04:00,Short,14831.25,14860.75,29.5,29.5,19.890434049726085,True,2022-04-05 20:00:00-04:00,125.0,2022-04-05 20:05:00-04:00,14831.25,29.5,29.25,59.0,58.5,3.25,35.5,72
16:00,2022-04-06 16:00:00-04:00,2.0,2022-04-06 18:00:00-04:00,2022-04-07 00:00:00-04:00,Long,14505.75,14492.0,-13.75,13.75,9.478999707012736,True,2022-04-06 18:00:00-04:00,5.0,2022-04-06 18:05:00-04:00,14505.75,13.75,13.5,27.5,27.0,1.5,18.0,72
16:00,2022-04-07 16:00:00-04:00,2.0,2022-04-07 18:00:00-04:00,2022-04-08 00:00:00-04:00,Long,14543.25,14534.5,-8.75,8.75,6.016536881371082,True,2022-04-07 18:00:00-04:00,5.0,2022-04-07 18:05:00-04:00,14543.25,8.75,8.5,17.5,17.0,0.0,10.5,72
16:00,2022-04-11 16:00:00-04:00,2.0,2022-04-11 18:00:00-04:00,2022-04-12 00:00:00-04:00,Short,14000.75,14004.5,3.75,3.75,2.6784279413602845,True,2022-04-11 18:00:00-04:00,5.0,2022-04-11 18:05:00-04:00,14000.75,3.75,3.5,7.5,7.0,11.5,4.5,72
16:00,2022-04-12 16:00:00-04:00,2.0,2022-04-12 18:00:00-04:00,2022-04-13 00:00:00-04:00,Short,13941.75,13954.0,12.25,12.25,8.78655835888608,True,2022-04-12 18:20:00-04:00,25.0,2022-04-12 18:25:00-04:00,13941.75,12.25,12.0,24.5,24.0,13.75,12.75,72
16:00,2022-04-13 16:00:00-04:00,2.0,2022-04-13 18:00:00-04:00,2022-04-14 00:00:00-04:00,Long,14221.75,14210.5,-11.25,11.25,7.910418900627559,True,2022-04-13 18:15:00-04:00,20.0,2022-04-13 18:20:00-04:00,14221.75,11.25,11.0,22.5,22.0,0.0,12.5,72
16:00,2022-04-18 16:00:00-04:00,2.0,2022-04-18 18:00:00-04:00,2022-04-19 00:00:00-04:00,Short,13916.75,13960.75,44.0,44.0,31.616577146244634,False,,,2022-04-19 00:00:00-04:00,13992.25,-31.5,-31.75,-63.0,-63.5,58.75,27.75,72
16:00,2022-04-19 16:00:00-04:00,2.0,2022-04-19 18:00:00-04:00,2022-04-20 00:00:00-04:00,Long,14212.25,14099.0,-113.25,113.25,79.68477897588348,False,,,2022-04-20 00:00:00-04:00,14123.0,24.0,23.75,48.0,47.5,54.75,25.0,72
16:00,2022-04-20 16:00:00-04:00,2.0,2022-04-20 18:00:00-04:00,2022-04-21 00:00:00-04:00,Short,14003.5,14070.25,66.75,66.75,47.66665476488021,False,,,2022-04-21 00:00:00-04:00,14082.5,-12.25,-12.5,-24.5,-25.0,54.75,7.25,72
16:00,2022-04-21 16:00:00-04:00,2.0,2022-04-21 18:00:00-04:00,2022-04-22 00:00:00-04:00,Long,13721.25,13719.0,-2.25,2.25,1.639792292976223,True,2022-04-21 18:30:00-04:00,35.0,2022-04-21 18:35:00-04:00,13721.25,2.25,2.0,4.5,4.0,26.0,8.5,72
16:00,2022-04-25 16:00:00-04:00,2.0,2022-04-25 18:00:00-04:00,2022-04-26 00:00:00-04:00,Long,13531.5,13528.0,-3.5,3.5,2.586557292244023,True,2022-04-25 18:00:00-04:00,5.0,2022-04-25 18:05:00-04:00,13531.5,3.5,3.25,7.0,6.5,20.5,4.0,72
16:00,2022-04-26 16:00:00-04:00,2.0,2022-04-26 18:00:00-04:00,2022-04-27 00:00:00-04:00,Long,13009.75,12861.75,-148.0,148.0,113.76083322123792,True,2022-04-26 18:25:00-04:00,30.0,2022-04-26 18:30:00-04:00,13009.75,148.0,147.75,296.0,295.5,1.75,169.25,72
16:00,2022-04-27 16:00:00-04:00,2.0,2022-04-27 18:00:00-04:00,2022-04-28 00:00:00-04:00,Short,13002.75,13188.0,185.25,185.25,142.46986214454634,False,,,2022-04-28 00:00:00-04:00,13179.0,9.0,8.75,18.0,17.5,10.0,55.0,72
16:00,2022-04-28 16:00:00-04:00,2.0,2022-04-28 18:00:00-04:00,2022-04-29 00:00:00-04:00,Long,13463.0,13250.0,-213.0,213.0,158.21139419148778,False,,,2022-04-29 00:00:00-04:00,13333.25,83.25,83.0,166.5,166.0,133.0,96.25,72
16:00,2022-05-02 16:00:00-04:00,2.0,2022-05-02 18:00:00-04:00,2022-05-03 00:00:00-04:00,Long,13070.75,13055.5,-15.25,15.25,11.667272344739207,True,2022-05-02 20:00:00-04:00,125.0,2022-05-02 20:05:00-04:00,13070.75,15.25,15.0,30.5,30.0,27.0,20.0,72
16:00,2022-05-03 16:00:00-04:00,2.0,2022-05-03 18:00:00-04:00,2022-05-04 00:00:00-04:00,Short,13090.25,13120.25,30.0,30.0,22.917820515269,True,2022-05-03 23:40:00-04:00,345.0,2022-05-03 23:45:00-04:00,13090.25,30.0,29.75,60.0,59.5,27.5,32.25,72
16:00,2022-05-04 16:00:00-04:00,2.0,2022-05-04 18:00:00-04:00,2022-05-05 00:00:00-04:00,Long,13533.0,13496.75,-36.25,36.25,26.786374048621887,True,2022-05-04 18:15:00-04:00,20.0,2022-05-04 18:20:00-04:00,13533.0,36.25,36.0,72.5,72.0,0.5,39.0,72
16:00,2022-05-05 16:00:00-04:00,2.0,2022-05-05 18:00:00-04:00,2022-05-06 00:00:00-04:00,Short,12859.75,12890.0,30.25,30.25,23.523007834522442,True,2022-05-05 18:15:00-04:00,20.0,2022-05-05 18:20:00-04:00,12859.75,30.25,30.0,60.5,60.0,0.75,33.5,72
16:00,2022-05-09 16:00:00-04:00,2.0,2022-05-09 18:00:00-04:00,2022-05-10 00:00:00-04:00,Short,12196.75,12205.0,8.25,8.25,6.764096993051427,True,2022-05-09 20:10:00-04:00,135.0,2022-05-09 20:15:00-04:00,12196.75,8.25,8.0,16.5,16.0,46.0,39.75,72
16:00,2022-05-10 16:00:00-04:00,2.0,2022-05-10 18:00:00-04:00,2022-05-11 00:00:00-04:00,Long,12343.0,12330.5,-12.5,12.5,10.127197601879608,True,2022-05-10 18:20:00-04:00,25.0,2022-05-10 18:25:00-04:00,12343.0,12.5,12.25,25.0,24.5,7.75,13.5,72
16:00,2022-05-11 16:00:00-04:00,2.0,2022-05-11 18:00:00-04:00,2022-05-12 00:00:00-04:00,Short,11974.5,12003.25,28.75,28.75,24.009353208902247,True,2022-05-11 18:10:00-04:00,15.0,2022-05-11 18:15:00-04:00,11974.5,28.75,28.5,57.5,57.0,4.75,43.5,72
16:00,2022-05-12 16:00:00-04:00,2.0,2022-05-12 18:00:00-04:00,2022-05-13 00:00:00-04:00,Long,11948.0,11890.25,-57.75,57.75,48.334449280214265,True,2022-05-12 19:00:00-04:00,65.0,2022-05-12 19:05:00-04:00,11948.0,57.75,57.5,115.5,115.0,0.25,67.75,72
16:00,2022-05-16 16:00:00-04:00,2.0,2022-05-16 18:00:00-04:00,2022-05-17 00:00:00-04:00,Long,12247.25,12238.0,-9.25,9.25,7.552715915817836,True,2022-05-16 18:00:00-04:00,5.0,2022-05-16 18:05:00-04:00,12247.25,9.25,9.0,18.5,18.0,8.0,20.5,72
16:00,2022-05-17 16:00:00-04:00,2.0,2022-05-17 18:00:00-04:00,2022-05-18 00:00:00-04:00,Short,12563.5,12574.25,10.75,10.75,8.556532813308394,True,2022-05-17 19:25:00-04:00,90.0,2022-05-17 19:30:00-04:00,12563.5,10.75,10.5,21.5,21.0,19.25,11.0,72
16:00,2022-05-18 16:00:00-04:00,2.0,2022-05-18 18:00:00-04:00,2022-05-19 00:00:00-04:00,Long,11940.5,11904.25,-36.25,36.25,30.358862694192037,True,2022-05-18 23:20:00-04:00,325.0,2022-05-18 23:25:00-04:00,11940.5,36.25,36.0,72.5,72.0,98.0,40.75,72
16:00,2022-05-19 16:00:00-04:00,2.0,2022-05-19 18:00:00-04:00,2022-05-20 00:00:00-04:00,Short,11877.25,11899.25,22.0,22.0,18.52280620514008,False,,,2022-05-20 00:00:00-04:00,11982.0,-82.75,-83.0,-165.5,-166.0,110.0,16.25,72
16:00,2022-05-23 16:00:00-04:00,2.0,2022-05-23 18:00:00-04:00,2022-05-24 00:00:00-04:00,Long,12034.75,11934.0,-100.75,100.75,83.71590602214421,False,,,2022-05-24 00:00:00-04:00,11872.5,-61.5,-61.75,-123.0,-123.5,113.5,2.0,72
16:00,2022-05-24 16:00:00-04:00,2.0,2022-05-24 18:00:00-04:00,2022-05-25 00:00:00-04:00,Short,11782.0,11810.5,28.5,28.5,24.18944152096418,False,,,2022-05-25 00:00:00-04:00,11885.0,-74.5,-74.75,-149.0,-149.5,81.5,22.75,72
16:00,2022-05-25 16:00:00-04:00,2.0,2022-05-25 18:00:00-04:00,2022-05-26 00:00:00-04:00,Long,11949.75,11882.25,-67.5,67.5,56.48653737525889,True,2022-05-25 20:10:00-04:00,135.0,2022-05-25 20:15:00-04:00,11949.75,67.5,67.25,135.0,134.5,0.0,93.75,72
16:00,2022-05-26 16:00:00-04:00,2.0,2022-05-26 18:00:00-04:00,2022-05-27 00:00:00-04:00,Long,12274.25,12251.75,-22.5,22.5,18.33105892417052,True,2022-05-26 18:10:00-04:00,15.0,2022-05-26 18:15:00-04:00,12274.25,22.5,22.25,45.0,44.5,4.0,25.75,72
16:00,2022-05-31 16:00:00-04:00,2.0,2022-05-31 18:00:00-04:00,2022-06-01 00:00:00-04:00,Short,12645.25,12646.5,1.25,1.25,0.988513473438643,False,,,2022-06-01 00:00:00-04:00,12682.0,-35.5,-35.75,-71.0,-71.5,79.5,0.0,72
16:00,2022-06-01 16:00:00-04:00,2.0,2022-06-01 18:00:00-04:00,2022-06-02 00:00:00-04:00,Long,12549.5,12549.25,-0.25,0.25,0.19921112394916132,True,2022-06-01 18:00:00-04:00,5.0,2022-06-01 18:05:00-04:00,12549.5,0.25,0.0,0.5,0.0,34.25,8.5,72
16:00,2022-06-02 16:00:00-04:00,2.0,2022-06-02 18:00:00-04:00,2022-06-03 00:00:00-04:00,Short,12893.75,12894.5,0.75,0.75,0.58167716917111,True,2022-06-02 18:00:00-04:00,5.0,2022-06-02 18:05:00-04:00,12893.75,0.75,0.5,1.5,1.0,14.25,1.5,72
16:00,2022-06-06 16:00:00-04:00,2.0,2022-06-06 18:00:00-04:00,2022-06-07 00:00:00-04:00,Short,12600.25,12604.75,4.5,4.5,3.5713577111565247,True,2022-06-06 18:00:00-04:00,5.0,2022-06-06 18:05:00-04:00,12600.25,4.5,4.25,9.0,8.5,9.75,4.5,72
16:00,2022-06-07 16:00:00-04:00,2.0,2022-06-07 18:00:00-04:00,2022-06-08 00:00:00-04:00,Long,12711.0,12683.75,-27.25,27.25,21.438124459129885,True,2022-06-07 22:10:00-04:00,255.0,2022-06-07 22:15:00-04:00,12711.0,27.25,27.0,54.5,54.0,21.25,27.5,72
16:00,2022-06-08 16:00:00-04:00,2.0,2022-06-08 18:00:00-04:00,2022-06-09 00:00:00-04:00,Long,12619.0,12617.75,-1.25,1.25,0.9905697757350028,True,2022-06-08 18:00:00-04:00,5.0,2022-06-08 18:05:00-04:00,12619.0,1.25,1.0,2.5,2.0,9.0,3.5,72
16:00,2022-06-09 16:00:00-04:00,2.0,2022-06-09 18:00:00-04:00,2022-06-10 00:00:00-04:00,Short,12271.5,12298.25,26.75,26.75,21.798476143910687,True,2022-06-09 20:10:00-04:00,135.0,2022-06-09 20:15:00-04:00,12271.5,26.75,26.5,53.5,53.0,9.75,31.0,72
16:00,2022-06-13 16:00:00-04:00,2.0,2022-06-13 18:00:00-04:00,2022-06-14 00:00:00-04:00,Short,11295.75,11333.5,37.75,37.75,33.41964898302459,False,,,2022-06-14 00:00:00-04:00,11396.5,-63.0,-63.25,-126.0,-126.5,69.5,18.5,72
16:00,2022-06-14 16:00:00-04:00,2.0,2022-06-14 18:00:00-04:00,2022-06-15 00:00:00-04:00,Short,11318.25,11334.0,15.75,15.75,13.915578821814325,False,,,2022-06-15 00:00:00-04:00,11375.75,-41.75,-42.0,-83.5,-84.0,82.25,8.5,72
16:00,2022-06-15 16:00:00-04:00,2.0,2022-06-15 18:00:00-04:00,2022-06-16 00:00:00-04:00,Short,11596.5,11605.75,9.25,9.25,7.976544647091795,False,,,2022-06-16 00:00:00-04:00,11647.75,-42.0,-42.25,-84.0,-84.5,132.0,0.0,72
16:00,2022-06-16 16:00:00-04:00,2.0,2022-06-16 18:00:00-04:00,2022-06-17 00:00:00-04:00,Short,11132.75,11173.0,40.25,40.25,36.15458893804316,True,2022-06-16 19:20:00-04:00,85.0,2022-06-16 19:25:00-04:00,11132.75,40.25,40.0,80.5,80.0,22.5,43.5,72
16:00,2022-06-21 16:00:00-04:00,2.0,2022-06-21 18:00:00-04:00,2022-06-22 00:00:00-04:00,Long,11579.25,11579.0,-0.25,0.25,0.2159034479780642,True,2022-06-21 18:00:00-04:00,5.0,2022-06-21 18:05:00-04:00,11579.25,0.25,0.0,0.5,0.0,15.5,1.5,72
16:00,2022-06-22 16:00:00-04:00,2.0,2022-06-22 18:00:00-04:00,2022-06-23 00:00:00-04:00,Long,11558.5,11543.5,-15.0,15.0,12.977462473504348,True,2022-06-22 18:00:00-04:00,5.0,2022-06-22 18:05:00-04:00,11558.5,15.0,14.75,30.0,29.5,4.75,15.25,72
16:00,2022-06-23 16:00:00-04:00,2.0,2022-06-23 18:00:00-04:00,2022-06-24 00:00:00-04:00,Long,11733.75,11690.0,-43.75,43.75,37.28560775540642,True,2022-06-23 20:45:00-04:00,170.0,2022-06-23 20:50:00-04:00,11733.75,43.75,43.5,87.5,87.0,5.75,46.75,72
16:00,2022-06-27 16:00:00-04:00,2.0,2022-06-27 18:00:00-04:00,2022-06-28 00:00:00-04:00,Short,12045.0,12075.0,30.0,30.0,24.906600249066003,True,2022-06-27 21:45:00-04:00,230.0,2022-06-27 21:50:00-04:00,12045.0,30.0,29.75,60.0,59.5,21.0,41.0,72
16:00,2022-06-28 16:00:00-04:00,2.0,2022-06-28 18:00:00-04:00,2022-06-29 00:00:00-04:00,Short,11673.75,11680.75,7.0,7.0,5.9963593532498125,True,2022-06-28 18:00:00-04:00,5.0,2022-06-28 18:05:00-04:00,11673.75,7.0,6.75,14.0,13.5,6.25,14.25,72
16:00,2022-06-29 16:00:00-04:00,2.0,2022-06-29 18:00:00-04:00,2022-06-30 00:00:00-04:00,Short,11689.25,11695.0,5.75,5.75,4.919049554077464,True,2022-06-29 18:00:00-04:00,5.0,2022-06-29 18:05:00-04:00,11689.25,5.75,5.5,11.5,11.0,1.25,10.0,72
16:00,2022-06-30 16:00:00-04:00,2.0,2022-06-30 18:00:00-04:00,2022-07-01 00:00:00-04:00,Long,11538.75,11511.0,-27.75,27.75,24.049398765030876,True,2022-06-30 19:50:00-04:00,115.0,2022-06-30 19:55:00-04:00,11538.75,27.75,27.5,55.5,55.0,29.5,33.5,72
16:00,2022-07-05 16:00:00-04:00,2.0,2022-07-05 18:00:00-04:00,2022-07-06 00:00:00-04:00,Short,11812.5,11813.75,1.25,1.25,1.0582010582010581,True,2022-07-05 18:00:00-04:00,5.0,2022-07-05 18:05:00-04:00,11812.5,1.25,1.0,2.5,2.0,52.25,1.75,72
16:00,2022-07-06 16:00:00-04:00,2.0,2022-07-06 18:00:00-04:00,2022-07-07 00:00:00-04:00,Short,11886.25,11903.5,17.25,17.25,14.512567041749922,True,2022-07-06 18:35:00-04:00,40.0,2022-07-06 18:40:00-04:00,11886.25,17.25,17.0,34.5,34.0,7.75,17.25,72
16:00,2022-07-07 16:00:00-04:00,2.0,2022-07-07 18:00:00-04:00,2022-07-08 00:00:00-04:00,Long,12136.25,12115.75,-20.5,20.5,16.891543928313936,False,,,2022-07-08 00:00:00-04:00,12078.0,-37.75,-38.0,-75.5,-76.0,50.0,14.75,72
16:00,2022-07-11 16:00:00-04:00,2.0,2022-07-11 18:00:00-04:00,2022-07-12 00:00:00-04:00,Short,11890.75,11900.0,9.25,9.25,7.779156066690494,True,2022-07-11 18:00:00-04:00,5.0,2022-07-11 18:05:00-04:00,11890.75,9.25,9.0,18.5,18.0,0.5,10.0,72
16:00,2022-07-12 16:00:00-04:00,2.0,2022-07-12 18:00:00-04:00,2022-07-13 00:00:00-04:00,Short,11778.75,11779.5,0.75,0.75,0.6367398917542184,True,2022-07-12 18:00:00-04:00,5.0,2022-07-12 18:05:00-04:00,11778.75,0.75,0.5,1.5,1.0,7.5,3.5,72
16:00,2022-07-13 16:00:00-04:00,2.0,2022-07-13 18:00:00-04:00,2022-07-14 00:00:00-04:00,Long,11755.75,11730.5,-25.25,25.25,21.478850775152583,True,2022-07-13 23:20:00-04:00,325.0,2022-07-13 23:25:00-04:00,11755.75,25.25,25.0,50.5,50.0,67.25,26.5,72
16:00,2022-07-14 16:00:00-04:00,2.0,2022-07-14 18:00:00-04:00,2022-07-15 00:00:00-04:00,Short,11800.0,11808.0,8.0,8.0,6.779661016949153,False,,,2022-07-15 00:00:00-04:00,11853.5,-45.5,-45.75,-91.0,-91.5,60.25,5.0,72
16:00,2022-07-18 16:00:00-04:00,2.0,2022-07-18 18:00:00-04:00,2022-07-19 00:00:00-04:00,Short,11906.75,11911.5,4.75,4.75,3.9893337812585297,True,2022-07-18 18:00:00-04:00,5.0,2022-07-18 18:05:00-04:00,11906.75,4.75,4.5,9.5,9.0,6.5,8.75,72
16:00,2022-07-19 16:00:00-04:00,2.0,2022-07-19 18:00:00-04:00,2022-07-20 00:00:00-04:00,Short,12268.75,12333.25,64.5,64.5,52.57259296994396,False,,,2022-07-20 00:00:00-04:00,12348.25,-15.0,-15.25,-30.0,-30.5,71.75,35.0,72
16:00,2022-07-20 16:00:00-04:00,2.0,2022-07-20 18:00:00-04:00,2022-07-21 00:00:00-04:00,Long,12466.0,12431.25,-34.75,34.75,27.875822236483238,False,,,2022-07-21 00:00:00-04:00,12432.25,1.0,0.75,2.0,1.5,36.0,17.75,72
16:00,2022-07-21 16:00:00-04:00,2.0,2022-07-21 18:00:00-04:00,2022-07-22 00:00:00-04:00,Long,12645.25,12560.0,-85.25,85.25,67.41661888851544,False,,,2022-07-22 00:00:00-04:00,12548.75,-11.25,-11.5,-22.5,-23.0,31.0,9.75,72
16:00,2022-07-25 16:00:00-04:00,2.0,2022-07-25 18:00:00-04:00,2022-07-26 00:00:00-04:00,Long,12355.25,12318.5,-36.75,36.75,29.744440622407478,False,,,2022-07-26 00:00:00-04:00,12310.25,-8.25,-8.5,-16.5,-17.0,41.0,0.25,72
16:00,2022-07-26 16:00:00-04:00,2.0,2022-07-26 18:00:00-04:00,2022-07-27 00:00:00-04:00,Short,12110.5,12192.75,82.25,82.25,67.91627100450023,False,,,2022-07-27 00:00:00-04:00,12277.25,-84.5,-84.75,-169.0,-169.5,114.25,2.5,72
16:00,2022-07-27 16:00:00-04:00,2.0,2022-07-27 18:00:00-04:00,2022-07-28 00:00:00-04:00,Long,12615.5,12582.75,-32.75,32.75,25.960128413459632,False,,,2022-07-28 00:00:00-04:00,12561.5,-21.25,-21.5,-42.5,-43.0,31.5,10.0,72
16:00,2022-07-28 16:00:00-04:00,2.0,2022-07-28 18:00:00-04:00,2022-07-29 00:00:00-04:00,Short,12738.5,12923.75,185.25,185.25,145.42528555167405,False,,,2022-07-29 00:00:00-04:00,12890.0,33.75,33.5,67.5,67.0,0.25,52.5,72
16:00,2022-08-01 16:00:00-04:00,2.0,2022-08-01 18:00:00-04:00,2022-08-02 00:00:00-04:00,Short,12962.5,12975.25,12.75,12.75,9.836065573770492,True,2022-08-01 18:00:00-04:00,5.0,2022-08-01 18:05:00-04:00,12962.5,12.75,12.5,25.5,25.0,1.25,17.5,72
16:00,2022-08-02 16:00:00-04:00,2.0,2022-08-02 18:00:00-04:00,2022-08-03 00:00:00-04:00,Long,12922.0,12921.5,-0.5,0.5,0.38693700665531655,True,2022-08-02 18:00:00-04:00,5.0,2022-08-02 18:05:00-04:00,12922.0,0.5,0.25,1.0,0.5,15.25,13.0,72
16:00,2022-08-03 16:00:00-04:00,2.0,2022-08-03 18:00:00-04:00,2022-08-04 00:00:00-04:00,Long,13271.75,13248.0,-23.75,23.75,17.895153239022736,True,2022-08-03 21:35:00-04:00,220.0,2022-08-03 21:40:00-04:00,13271.75,23.75,23.5,47.5,47.0,20.25,24.25,72
16:00,2022-08-04 16:00:00-04:00,2.0,2022-08-04 18:00:00-04:00,2022-08-05 00:00:00-04:00,Long,13330.75,13322.0,-8.75,8.75,6.563771730772837,True,2022-08-04 18:00:00-04:00,5.0,2022-08-04 18:05:00-04:00,13330.75,8.75,8.5,17.5,17.0,3.5,8.75,72
16:00,2022-08-08 16:00:00-04:00,2.0,2022-08-08 18:00:00-04:00,2022-08-09 00:00:00-04:00,Short,13181.5,13210.75,29.25,29.25,22.190190797708908,True,2022-08-08 21:20:00-04:00,205.0,2022-08-08 21:25:00-04:00,13181.5,29.25,29.0,58.5,58.0,22.75,34.25,72
16:00,2022-08-09 16:00:00-04:00,2.0,2022-08-09 18:00:00-04:00,2022-08-10 00:00:00-04:00,Short,13032.25,13048.5,16.25,16.25,12.469067121947477,True,2022-08-09 20:05:00-04:00,130.0,2022-08-09 20:10:00-04:00,13032.25,16.25,16.0,32.5,32.0,7.25,33.25,72
16:00,2022-08-10 16:00:00-04:00,2.0,2022-08-10 18:00:00-04:00,2022-08-11 00:00:00-04:00,Long,13393.75,13380.25,-13.5,13.5,10.079328044797014,True,2022-08-10 19:30:00-04:00,95.0,2022-08-10 19:35:00-04:00,13393.75,13.5,13.25,27.0,26.5,10.25,14.25,72
16:00,2022-08-11 16:00:00-04:00,2.0,2022-08-11 18:00:00-04:00,2022-08-12 00:00:00-04:00,Short,13317.25,13347.5,30.25,30.25,22.71489984794158,True,2022-08-11 20:45:00-04:00,170.0,2022-08-11 20:50:00-04:00,13317.25,30.25,30.0,60.5,60.0,11.75,34.5,72
16:00,2022-08-15 16:00:00-04:00,2.0,2022-08-15 18:00:00-04:00,2022-08-16 00:00:00-04:00,Long,13685.25,13673.5,-11.75,11.75,8.585886264408762,True,2022-08-15 19:50:00-04:00,115.0,2022-08-15 19:55:00-04:00,13685.25,11.75,11.5,23.5,23.0,8.5,13.0,72
16:00,2022-08-16 16:00:00-04:00,2.0,2022-08-16 18:00:00-04:00,2022-08-17 00:00:00-04:00,Short,13653.75,13663.0,9.25,9.25,6.774695596447862,True,2022-08-16 18:00:00-04:00,5.0,2022-08-16 18:05:00-04:00,13653.75,9.25,9.0,18.5,18.0,0.0,18.25,72
16:00,2022-08-17 16:00:00-04:00,2.0,2022-08-17 18:00:00-04:00,2022-08-18 00:00:00-04:00,Short,13496.0,13502.5,6.5,6.5,4.816241849436871,True,2022-08-17 18:00:00-04:00,5.0,2022-08-17 18:05:00-04:00,13496.0,6.5,6.25,13.0,12.5,2.25,17.25,72
16:00,2022-08-18 16:00:00-04:00,2.0,2022-08-18 18:00:00-04:00,2022-08-19 00:00:00-04:00,Short,13528.5,13534.75,6.25,6.25,4.6198765568984,True,2022-08-18 18:00:00-04:00,5.0,2022-08-18 18:05:00-04:00,13528.5,6.25,6.0,12.5,12.0,0.25,12.5,72
16:00,2022-08-22 16:00:00-04:00,2.0,2022-08-22 18:00:00-04:00,2022-08-23 00:00:00-04:00,Short,12916.0,12935.5,19.5,19.5,15.09755342211211,False,,,2022-08-23 00:00:00-04:00,12934.0,1.5,1.25,3.0,2.5,22.0,14.0,72
16:00,2022-08-23 16:00:00-04:00,2.0,2022-08-23 18:00:00-04:00,2022-08-24 00:00:00-04:00,Long,12898.75,12890.5,-8.25,8.25,6.395968601608683,True,2022-08-23 18:05:00-04:00,10.0,2022-08-23 18:10:00-04:00,12898.75,8.25,8.0,16.5,16.0,50.5,9.5,72
16:00,2022-08-24 16:00:00-04:00,2.0,2022-08-24 18:00:00-04:00,2022-08-25 00:00:00-04:00,Short,12934.0,12945.25,11.25,11.25,8.698005257460956,True,2022-08-24 19:45:00-04:00,110.0,2022-08-24 19:50:00-04:00,12934.0,11.25,11.0,22.5,22.0,11.25,14.5,72
16:00,2022-08-25 16:00:00-04:00,2.0,2022-08-25 18:00:00-04:00,2022-08-26 00:00:00-04:00,Long,13158.5,13155.5,-3.0,3.0,2.279895124824258,True,2022-08-25 18:00:00-04:00,5.0,2022-08-25 18:05:00-04:00,13158.5,3.0,2.75,6.0,5.5,25.25,27.5,72
16:00,2022-08-29 16:00:00-04:00,2.0,2022-08-29 18:00:00-04:00,2022-08-30 00:00:00-04:00,Short,12494.75,12502.0,7.25,7.25,5.802437023549891,True,2022-08-29 18:30:00-04:00,35.0,2022-08-29 18:35:00-04:00,12494.75,7.25,7.0,14.5,14.0,9.25,8.75,72
16:00,2022-08-30 16:00:00-04:00,2.0,2022-08-30 18:00:00-04:00,2022-08-31 00:00:00-04:00,Short,12353.75,12360.5,6.75,6.75,5.463927957098047,True,2022-08-30 18:05:00-04:00,10.0,2022-08-30 18:10:00-04:00,12353.75,6.75,6.5,13.5,13.0,11.5,8.5,72
16:00,2022-08-31 16:00:00-04:00,2.0,2022-08-31 18:00:00-04:00,2022-09-01 00:00:00-04:00,Short,12281.75,12290.0,8.25,8.25,6.717283774706373,True,2022-08-31 18:00:00-04:00,5.0,2022-08-31 18:05:00-04:00,12281.75,8.25,8.0,16.5,16.0,3.5,24.5,72
16:00,2022-09-01 16:00:00-04:00,2.0,2022-09-01 18:00:00-04:00,2022-09-02 00:00:00-04:00,Short,12285.75,12300.0,14.25,14.25,11.598803491850314,True,2022-09-01 18:40:00-04:00,45.0,2022-09-01 18:45:00-04:00,12285.75,14.25,14.0,28.5,28.0,19.5,19.75,72
16:00,2022-09-06 16:00:00-04:00,2.0,2022-09-06 18:00:00-04:00,2022-09-07 00:00:00-04:00,Long,12021.5,12019.25,-2.25,2.25,1.8716466331156678,True,2022-09-06 18:05:00-04:00,10.0,2022-09-06 18:10:00-04:00,12021.5,2.25,2.0,4.5,4.0,11.25,5.0,72
16:00,2022-09-07 16:00:00-04:00,2.0,2022-09-07 18:00:00-04:00,2022-09-08 00:00:00-04:00,Short,12262.0,12262.75,0.75,0.75,0.6116457347904093,True,2022-09-07 19:35:00-04:00,100.0,2022-09-07 19:40:00-04:00,12262.0,0.75,0.5,1.5,1.0,26.5,6.5,72
16:00,2022-09-08 16:00:00-04:00,2.0,2022-09-08 18:00:00-04:00,2022-09-09 00:00:00-04:00,Short,12326.25,12346.25,20.0,20.0,16.22553493560491,False,,,2022-09-09 00:00:00-04:00,12387.5,-41.25,-41.5,-82.5,-83.0,52.75,17.0,72
16:00,2022-09-12 16:00:00-04:00,2.0,2022-09-12 18:00:00-04:00,2022-09-13 00:00:00-04:00,Short,12742.75,12771.75,29.0,29.0,22.758038884856095,True,2022-09-12 21:35:00-04:00,220.0,2022-09-12 21:40:00-04:00,12742.75,29.0,28.75,58.0,57.5,11.25,29.5,72
16:00,2022-09-13 16:00:00-04:00,2.0,2022-09-13 18:00:00-04:00,2022-09-14 00:00:00-04:00,Short,12040.25,12045.0,4.75,4.75,3.945100807707481,True,2022-09-13 18:00:00-04:00,5.0,2022-09-13 18:05:00-04:00,12040.25,4.75,4.5,9.5,9.0,10.5,14.0,72
16:00,2022-09-14 16:00:00-04:00,2.0,2022-09-14 18:00:00-04:00,2022-09-15 00:00:00-04:00,Short,12137.5,12160.0,22.5,22.5,18.537590113285273,True,2022-09-14 21:20:00-04:00,205.0,2022-09-14 21:25:00-04:00,12137.5,22.5,22.25,45.0,44.5,27.75,28.0,72
16:00,2022-09-15 16:00:00-04:00,2.0,2022-09-15 18:00:00-04:00,2022-09-16 00:00:00-04:00,Long,11932.25,11880.0,-52.25,52.25,43.78889144964277,False,,,2022-09-16 00:00:00-04:00,11830.5,-49.5,-49.75,-99.0,-99.5,58.75,5.0,72
16:00,2022-09-19 16:00:00-04:00,2.0,2022-09-19 18:00:00-04:00,2022-09-20 00:00:00-04:00,Short,12027.25,12043.75,16.5,16.5,13.718846785424764,False,,,2022-09-20 00:00:00-04:00,12056.25,-12.5,-12.75,-25.0,-25.5,48.75,11.25,72
16:00,2022-09-20 16:00:00-04:00,2.0,2022-09-20 18:00:00-04:00,2022-09-21 00:00:00-04:00,Short,11925.75,11948.0,22.25,22.25,18.657107519443223,True,2022-09-20 18:15:00-04:00,20.0,2022-09-20 18:20:00-04:00,11925.75,22.25,22.0,44.5,44.0,0.75,24.0,72
16:00,2022-09-21 16:00:00-04:00,2.0,2022-09-21 18:00:00-04:00,2022-09-22 00:00:00-04:00,Long,11703.75,11663.75,-40.0,40.0,34.177079995727865,False,,,2022-09-22 00:00:00-04:00,11610.25,-53.5,-53.75,-107.0,-107.5,113.5,14.75,72
16:00,2022-09-22 16:00:00-04:00,2.0,2022-09-22 18:00:00-04:00,2022-09-23 00:00:00-04:00,Short,11562.75,11580.0,17.25,17.25,14.918596354673411,True,2022-09-22 18:40:00-04:00,45.0,2022-09-22 18:45:00-04:00,11562.75,17.25,17.0,34.5,34.0,6.5,22.25,72
16:00,2022-09-26 16:00:00-04:00,2.0,2022-09-26 18:00:00-04:00,2022-09-27 00:00:00-04:00,Long,11319.75,11316.0,-3.75,3.75,3.312794010468429,True,2022-09-26 18:00:00-04:00,5.0,2022-09-26 18:05:00-04:00,11319.75,3.75,3.5,7.5,7.0,10.75,11.0,72
16:00,2022-09-27 16:00:00-04:00,2.0,2022-09-27 18:00:00-04:00,2022-09-28 00:00:00-04:00,Short,11332.75,11357.5,24.75,24.75,21.839359378791556,True,2022-09-27 21:20:00-04:00,205.0,2022-09-27 21:25:00-04:00,11332.75,24.75,24.5,49.5,49.0,35.5,39.75,72
16:00,2022-09-28 16:00:00-04:00,2.0,2022-09-28 18:00:00-04:00,2022-09-29 00:00:00-04:00,Long,11554.0,11540.0,-14.0,14.0,12.117015752120478,True,2022-09-28 18:00:00-04:00,5.0,2022-09-28 18:05:00-04:00,11554.0,14.0,13.75,28.0,27.5,0.75,16.0,72
16:00,2022-09-29 16:00:00-04:00,2.0,2022-09-29 18:00:00-04:00,2022-09-30 00:00:00-04:00,Long,11231.0,11224.75,-6.25,6.25,5.564954144777848,True,2022-09-29 18:00:00-04:00,5.0,2022-09-29 18:05:00-04:00,11231.0,6.25,6.0,12.5,12.0,9.75,14.75,72
16:00,2022-10-03 16:00:00-04:00,2.0,2022-10-03 18:00:00-04:00,2022-10-04 00:00:00-04:00,Short,11290.75,11315.0,24.25,24.25,21.477758342005625,True,2022-10-03 18:30:00-04:00,35.0,2022-10-03 18:35:00-04:00,11290.75,24.25,24.0,48.5,48.0,15.25,32.25,72
16:00,2022-10-04 16:00:00-04:00,2.0,2022-10-04 18:00:00-04:00,2022-10-05 00:00:00-04:00,Long,11643.75,11632.0,-11.75,11.75,10.091250670960816,True,2022-10-04 18:00:00-04:00,5.0,2022-10-04 18:05:00-04:00,11643.75,11.75,11.5,23.5,23.0,8.5,13.5,72
16:00,2022-10-05 16:00:00-04:00,2.0,2022-10-05 18:00:00-04:00,2022-10-06 00:00:00-04:00,Long,11636.25,11628.75,-7.5,7.5,6.445375443119563,True,2022-10-05 18:15:00-04:00,20.0,2022-10-05 18:20:00-04:00,11636.25,7.5,7.25,15.0,14.5,13.5,10.5,72
16:00,2022-10-06 16:00:00-04:00,2.0,2022-10-06 18:00:00-04:00,2022-10-07 00:00:00-04:00,Long,11542.5,11498.25,-44.25,44.25,38.33658219623132,True,2022-10-06 21:40:00-04:00,225.0,2022-10-06 21:45:00-04:00,11542.5,44.25,44.0,88.5,88.0,21.0,45.75,72
16:00,2022-10-10 16:00:00-04:00,2.0,2022-10-10 18:00:00-04:00,2022-10-11 00:00:00-04:00,Short,10980.75,10989.0,8.25,8.25,7.513148009015778,True,2022-10-10 20:00:00-04:00,125.0,2022-10-10 20:05:00-04:00,10980.75,8.25,8.0,16.5,16.0,42.5,10.75,72
16:00,2022-10-11 16:00:00-04:00,2.0,2022-10-11 18:00:00-04:00,2022-10-12 00:00:00-04:00,Short,10844.0,10876.5,32.5,32.5,29.9704905938768,True,2022-10-11 20:00:00-04:00,125.0,2022-10-11 20:05:00-04:00,10844.0,32.5,32.25,65.0,64.5,1.5,35.0,72
16:00,2022-10-12 16:00:00-04:00,2.0,2022-10-12 18:00:00-04:00,2022-10-13 00:00:00-04:00,Short,10836.75,10855.0,18.25,18.25,16.84084250351812,True,2022-10-12 22:15:00-04:00,260.0,2022-10-12 22:20:00-04:00,10836.75,18.25,18.0,36.5,36.0,23.5,20.25,72
16:00,2022-10-13 16:00:00-04:00,2.0,2022-10-13 18:00:00-04:00,2022-10-14 00:00:00-04:00,Long,11081.75,11070.0,-11.75,11.75,10.603018476323687,True,2022-10-13 18:00:00-04:00,5.0,2022-10-13 18:05:00-04:00,11081.75,11.75,11.5,23.5,23.0,0.75,12.5,72
16:00,2022-10-17 16:00:00-04:00,2.0,2022-10-17 18:00:00-04:00,2022-10-18 00:00:00-04:00,Short,11110.75,11161.75,51.0,51.0,45.901491798483455,False,,,2022-10-18 00:00:00-04:00,11297.25,-135.5,-135.75,-271.0,-271.5,154.25,2.5,72
16:00,2022-10-18 16:00:00-04:00,2.0,2022-10-18 18:00:00-04:00,2022-10-19 00:00:00-04:00,Short,11203.0,11323.75,120.75,120.75,107.78362938498617,False,,,2022-10-19 00:00:00-04:00,11332.0,-8.25,-8.5,-16.5,-17.0,58.75,16.25,72
16:00,2022-10-19 16:00:00-04:00,2.0,2022-10-19 18:00:00-04:00,2022-10-20 00:00:00-04:00,Long,11154.75,11141.75,-13.0,13.0,11.654228019453596,False,,,2022-10-20 00:00:00-04:00,11029.5,-112.25,-112.5,-224.5,-225.0,133.75,4.0,72
16:00,2022-10-20 16:00:00-04:00,2.0,2022-10-20 18:00:00-04:00,2022-10-21 00:00:00-04:00,Long,11087.25,11062.75,-24.5,24.5,22.097454283072896,False,,,2022-10-21 00:00:00-04:00,11025.5,-37.25,-37.5,-74.5,-75.0,76.5,1.25,72
16:00,2022-10-24 16:00:00-04:00,2.0,2022-10-24 18:00:00-04:00,2022-10-25 00:00:00-04:00,Long,11480.0,11459.75,-20.25,20.25,17.639372822299652,True,2022-10-24 18:40:00-04:00,45.0,2022-10-24 18:45:00-04:00,11480.0,20.25,20.0,40.5,40.0,5.0,23.0,72
16:00,2022-10-25 16:00:00-04:00,2.0,2022-10-25 18:00:00-04:00,2022-10-26 00:00:00-04:00,Long,11713.0,11520.0,-193.0,193.0,164.77418253222916,False,,,2022-10-26 00:00:00-04:00,11494.25,-25.75,-26.0,-51.5,-52.0,83.25,7.75,72
16:00,2022-10-26 16:00:00-04:00,2.0,2022-10-26 18:00:00-04:00,2022-10-27 00:00:00-04:00,Long,11453.25,11423.0,-30.25,30.25,26.41171719817519,True,2022-10-26 18:25:00-04:00,30.0,2022-10-26 18:30:00-04:00,11453.25,30.25,30.0,60.5,60.0,6.0,31.5,72
16:00,2022-10-27 16:00:00-04:00,2.0,2022-10-27 18:00:00-04:00,2022-10-28 00:00:00-04:00,Long,11241.25,11124.5,-116.75,116.75,103.85855665517624,False,,,2022-10-28 00:00:00-04:00,11159.0,34.5,34.25,69.0,68.5,1.0,66.25,72
16:00,2022-10-31 16:00:00-04:00,2.0,2022-10-31 18:00:00-04:00,2022-11-01 00:00:00-04:00,Short,11448.25,11451.75,3.5,3.5,3.057235822068875,True,2022-10-31 18:00:00-04:00,5.0,2022-10-31 18:05:00-04:00,11448.25,3.5,3.25,7.0,6.5,16.75,4.5,72
16:00,2022-11-01 16:00:00-04:00,2.0,2022-11-01 18:00:00-04:00,2022-11-02 00:00:00-04:00,Long,11330.75,11319.0,-11.75,11.75,10.370010811287868,True,2022-11-01 18:00:00-04:00,5.0,2022-11-01 18:05:00-04:00,11330.75,11.75,11.5,23.5,23.0,0.25,20.5,72
16:00,2022-11-02 16:00:00-04:00,2.0,2022-11-02 18:00:00-04:00,2022-11-03 00:00:00-04:00,Short,10938.75,10944.75,6.0,6.0,5.485087418580735,True,2022-11-02 18:00:00-04:00,5.0,2022-11-02 18:05:00-04:00,10938.75,6.0,5.75,12.0,11.5,1.5,26.5,72
16:00,2022-11-07 16:00:00-05:00,2.0,2022-11-07 18:00:00-05:00,2022-11-08 00:00:00-05:00,Short,11014.0,11014.5,0.5,0.5,0.45396767750136185,True,2022-11-07 18:00:00-05:00,5.0,2022-11-07 18:05:00-05:00,11014.0,0.5,0.25,1.0,0.5,4.0,10.0,72
16:00,2022-11-08 16:00:00-05:00,2.0,2022-11-08 18:00:00-05:00,2022-11-09 00:00:00-05:00,Long,11093.75,11079.0,-14.75,14.75,13.295774647887324,True,2022-11-08 18:00:00-05:00,5.0,2022-11-08 18:05:00-05:00,11093.75,14.75,14.5,29.5,29.0,0.0,18.5,72
16:00,2022-11-09 16:00:00-05:00,2.0,2022-11-09 18:00:00-05:00,2022-11-10 00:00:00-05:00,Short,10831.25,10841.75,10.5,10.5,9.694171956145412,False,,,2022-11-10 00:00:00-05:00,10878.0,-36.25,-36.5,-72.5,-73.0,41.5,7.25,72
16:00,2022-11-10 16:00:00-05:00,2.0,2022-11-10 18:00:00-05:00,2022-11-11 00:00:00-05:00,Short,11628.25,11670.0,41.75,41.75,35.90394083374541,True,2022-11-10 20:40:00-05:00,165.0,2022-11-10 20:45:00-05:00,11628.25,41.75,41.5,83.5,83.0,14.75,43.75,72
16:00,2022-11-14 16:00:00-05:00,2.0,2022-11-14 18:00:00-05:00,2022-11-15 00:00:00-05:00,Short,11742.25,11769.0,26.75,26.75,22.78098320168622,False,,,2022-11-15 00:00:00-05:00,11804.5,-35.5,-35.75,-71.0,-71.5,43.5,7.5,72
16:00,2022-11-15 16:00:00-05:00,2.0,2022-11-15 18:00:00-05:00,2022-11-16 00:00:00-05:00,Long,11906.25,11889.0,-17.25,17.25,14.488188976377952,True,2022-11-15 22:45:00-05:00,290.0,2022-11-15 22:50:00-05:00,11906.25,17.25,17.0,34.5,34.0,50.5,19.75,72
16:00,2022-11-16 16:00:00-05:00,2.0,2022-11-16 18:00:00-05:00,2022-11-17 00:00:00-05:00,Short,11740.25,11773.75,33.5,33.5,28.534315708779626,False,,,2022-11-17 00:00:00-05:00,11749.25,24.5,24.25,49.0,48.5,17.0,30.75,72
16:00,2022-11-17 16:00:00-05:00,2.0,2022-11-17 18:00:00-05:00,2022-11-18 00:00:00-05:00,Short,11712.0,11746.5,34.5,34.5,29.45696721311475,False,,,2022-11-18 00:00:00-05:00,11724.75,21.75,21.5,43.5,43.0,14.0,31.0,72
16:00,2022-11-21 16:00:00-05:00,2.0,2022-11-21 18:00:00-05:00,2022-11-22 00:00:00-05:00,Short,11587.25,11587.75,0.5,0.5,0.4315087704157587,True,2022-11-21 18:00:00-05:00,5.0,2022-11-21 18:05:00-05:00,11587.25,0.5,0.25,1.0,0.5,7.25,5.75,72
16:00,2022-11-22 16:00:00-05:00,2.0,2022-11-22 18:00:00-05:00,2022-11-23 00:00:00-05:00,Long,11751.75,11741.0,-10.75,10.75,9.147573765609376,True,2022-11-22 18:00:00-05:00,5.0,2022-11-22 18:05:00-05:00,11751.75,10.75,10.5,21.5,21.0,11.0,10.75,72
16:00,2022-11-23 16:00:00-05:00,2.0,2022-11-23 18:00:00-05:00,2022-11-24 00:00:00-05:00,Short,11868.25,11878.0,9.75,9.75,8.215196006150865,False,,,2022-11-24 00:00:00-05:00,11895.5,-17.5,-17.75,-35.0,-35.5,26.75,6.0,72
16:00,2022-11-28 16:00:00-05:00,2.0,2022-11-28 18:00:00-05:00,2022-11-29 00:00:00-05:00,Short,11611.0,11625.5,14.5,14.5,12.488157781414175,False,,,2022-11-29 00:00:00-05:00,11667.5,-42.0,-42.25,-84.0,-84.5,45.25,14.0,72
16:00,2022-11-29 16:00:00-05:00,2.0,2022-11-29 18:00:00-05:00,2022-11-30 00:00:00-05:00,Long,11523.25,11519.25,-4.0,4.0,3.4712429219187295,True,2022-11-29 19:40:00-05:00,105.0,2022-11-29 19:45:00-05:00,11523.25,4.0,3.75,8.0,7.5,21.5,5.25,72
16:00,2022-11-30 16:00:00-05:00,2.0,2022-11-30 18:00:00-05:00,2022-12-01 00:00:00-05:00,Short,12052.0,12074.75,22.75,22.75,18.876535014935282,True,2022-11-30 20:35:00-05:00,160.0,2022-11-30 20:40:00-05:00,12052.0,22.75,22.5,45.5,45.0,12.75,26.5,72
16:00,2022-12-01 16:00:00-05:00,2.0,2022-12-01 18:00:00-05:00,2022-12-02 00:00:00-05:00,Long,12059.75,12039.0,-20.75,20.75,17.205995149153175,False,,,2022-12-02 00:00:00-05:00,12024.75,-14.25,-14.5,-28.5,-29.0,41.5,9.5,72
16:00,2022-12-05 16:00:00-05:00,2.0,2022-12-05 18:00:00-05:00,2022-12-06 00:00:00-05:00,Short,11802.25,11813.0,10.75,10.75,9.108432714101125,True,2022-12-05 18:00:00-05:00,5.0,2022-12-05 18:05:00-05:00,11802.25,10.75,10.5,21.5,21.0,1.25,11.5,72
16:00,2022-12-06 16:00:00-05:00,2.0,2022-12-06 18:00:00-05:00,2022-12-07 00:00:00-05:00,Short,11562.5,11568.5,6.0,6.0,5.189189189189189,True,2022-12-06 18:00:00-05:00,5.0,2022-12-06 18:05:00-05:00,11562.5,6.0,5.75,12.0,11.5,5.0,8.5,72
16:00,2022-12-07 16:00:00-05:00,2.0,2022-12-07 18:00:00-05:00,2022-12-08 00:00:00-05:00,Long,11507.75,11500.0,-7.75,7.75,6.734591905455019,True,2022-12-07 18:00:00-05:00,5.0,2022-12-07 18:05:00-05:00,11507.75,7.75,7.5,15.5,15.0,1.5,13.25,72
16:00,2022-12-08 16:00:00-05:00,2.0,2022-12-08 18:00:00-05:00,2022-12-09 00:00:00-05:00,Long,11645.75,11638.75,-7.0,7.0,6.010776463516733,True,2022-12-08 18:00:00-05:00,5.0,2022-12-08 18:05:00-05:00,11645.75,7.0,6.75,14.0,13.5,2.0,11.75,72
16:00,2022-12-12 16:00:00-05:00,2.0,2022-12-12 18:00:00-05:00,2022-12-13 00:00:00-05:00,Long,11714.75,11699.0,-15.75,15.75,13.44458908640816,True,2022-12-12 18:50:00-05:00,55.0,2022-12-12 18:55:00-05:00,11714.75,15.75,15.5,31.5,31.0,1.25,17.5,72
16:00,2022-12-13 16:00:00-05:00,2.0,2022-12-13 18:00:00-05:00,2022-12-14 00:00:00-05:00,Long,11840.25,11831.5,-8.75,8.75,7.39004666286607,True,2022-12-13 18:00:00-05:00,5.0,2022-12-13 18:05:00-05:00,11840.25,8.75,8.5,17.5,17.0,0.0,18.0,72
16:00,2022-12-14 16:00:00-05:00,2.0,2022-12-14 18:00:00-05:00,2022-12-15 00:00:00-05:00,Short,11744.75,11765.25,20.5,20.5,17.454607377764532,True,2022-12-14 20:45:00-05:00,170.0,2022-12-14 20:50:00-05:00,11744.75,20.5,20.25,41.0,40.5,14.0,22.75,72
16:00,2022-12-15 16:00:00-05:00,2.0,2022-12-15 18:00:00-05:00,2022-12-16 00:00:00-05:00,Long,11348.25,11333.0,-15.25,15.25,13.438195316458485,True,2022-12-15 18:00:00-05:00,5.0,2022-12-15 18:05:00-05:00,11348.25,15.25,15.0,30.5,30.0,0.0,24.25,72
16:00,2022-12-19 16:00:00-05:00,2.0,2022-12-19 18:00:00-05:00,2022-12-20 00:00:00-05:00,Long,11188.0,11182.25,-5.75,5.75,5.139435109045405,True,2022-12-19 18:00:00-05:00,5.0,2022-12-19 18:05:00-05:00,11188.0,5.75,5.5,11.5,11.0,0.0,14.25,72
16:00,2022-12-20 16:00:00-05:00,2.0,2022-12-20 18:00:00-05:00,2022-12-21 00:00:00-05:00,Short,11175.5,11201.5,26.0,26.0,23.265178291799025,False,,,2022-12-21 00:00:00-05:00,11211.25,-9.75,-10.0,-19.5,-20.0,61.75,0.0,72
16:00,2022-12-21 16:00:00-05:00,2.0,2022-12-21 18:00:00-05:00,2022-12-22 00:00:00-05:00,Short,11336.25,11359.75,23.5,23.5,20.72995920167604,False,,,2022-12-22 00:00:00-05:00,11370.75,-11.0,-11.25,-22.0,-22.5,21.25,21.75,72
16:00,2022-12-22 16:00:00-05:00,2.0,2022-12-22 18:00:00-05:00,2022-12-23 00:00:00-05:00,Long,11055.25,11053.5,-1.75,1.75,1.5829583229687254,True,2022-12-22 18:00:00-05:00,5.0,2022-12-22 18:05:00-05:00,11055.25,1.75,1.5,3.5,3.0,8.25,13.75,72
16:00,2022-12-27 16:00:00-05:00,2.0,2022-12-27 18:00:00-05:00,2022-12-28 00:00:00-05:00,Long,10918.75,10918.0,-0.75,0.75,0.6868918145392101,True,2022-12-27 18:00:00-05:00,5.0,2022-12-27 18:05:00-05:00,10918.75,0.75,0.5,1.5,1.0,7.75,5.0,72
16:00,2022-12-28 16:00:00-05:00,2.0,2022-12-28 18:00:00-05:00,2022-12-29 00:00:00-05:00,Short,10770.75,10786.75,16.0,16.0,14.855047234408003,False,,,2022-12-29 00:00:00-05:00,10804.0,-17.25,-17.5,-34.5,-35.0,20.5,9.25,72
16:00,2022-12-29 16:00:00-05:00,2.0,2022-12-29 18:00:00-05:00,2022-12-30 00:00:00-05:00,Short,11032.25,11032.75,0.5,0.5,0.4532167055677672,True,2022-12-29 18:00:00-05:00,5.0,2022-12-29 18:05:00-05:00,11032.25,0.5,0.25,1.0,0.5,3.5,7.25,72
16:00,2023-01-03 16:00:00-05:00,2.0,2023-01-03 18:00:00-05:00,2023-01-04 00:00:00-05:00,Long,10942.5,10941.75,-0.75,0.75,0.6854009595613433,True,2023-01-03 18:20:00-05:00,25.0,2023-01-03 18:25:00-05:00,10942.5,0.75,0.5,1.5,1.0,18.5,3.0,72
16:00,2023-01-04 16:00:00-05:00,2.0,2023-01-04 18:00:00-05:00,2023-01-05 00:00:00-05:00,Long,10996.5,10983.75,-12.75,12.75,11.594598281271313,True,2023-01-04 18:00:00-05:00,5.0,2023-01-04 18:05:00-05:00,10996.5,12.75,12.5,25.5,25.0,0.5,14.5,72
16:00,2023-01-05 16:00:00-05:00,2.0,2023-01-05 18:00:00-05:00,2023-01-06 00:00:00-05:00,Short,10820.25,10837.75,17.5,17.5,16.173378618793468,False,,,2023-01-06 00:00:00-05:00,10874.25,-36.5,-36.75,-73.0,-73.5,47.25,7.75,72
16:00,2023-01-09 16:00:00-05:00,2.0,2023-01-09 18:00:00-05:00,2023-01-10 00:00:00-05:00,Long,11187.75,11181.25,-6.5,6.5,5.809926035172399,False,,,2023-01-10 00:00:00-05:00,11146.0,-35.25,-35.5,-70.5,-71.0,57.5,6.25,72
16:00,2023-01-10 16:00:00-05:00,2.0,2023-01-10 18:00:00-05:00,2023-01-11 00:00:00-05:00,Long,11285.5,11281.75,-3.75,3.75,3.322847902175358,True,2023-01-10 18:00:00-05:00,5.0,2023-01-10 18:05:00-05:00,11285.5,3.75,3.5,7.5,7.0,10.5,5.25,72
16:00,2023-01-11 16:00:00-05:00,2.0,2023-01-11 18:00:00-05:00,2023-01-12 00:00:00-05:00,Long,11476.0,11471.75,-4.25,4.25,3.7033809689787383,True,2023-01-11 18:00:00-05:00,5.0,2023-01-11 18:05:00-05:00,11476.0,4.25,4.0,8.5,8.0,3.5,8.25,72
16:00,2023-01-12 16:00:00-05:00,2.0,2023-01-12 18:00:00-05:00,2023-01-13 00:00:00-05:00,Long,11531.25,11529.75,-1.5,1.5,1.3008130081300813,True,2023-01-12 19:00:00-05:00,65.0,2023-01-12 19:05:00-05:00,11531.25,1.5,1.25,3.0,2.5,15.5,2.25,72
16:00,2023-01-17 16:00:00-05:00,2.0,2023-01-17 18:00:00-05:00,2023-01-18 00:00:00-05:00,Long,11627.0,11622.0,-5.0,5.0,4.300335426163241,True,2023-01-17 21:40:00-05:00,225.0,2023-01-17 21:45:00-05:00,11627.0,5.0,4.75,10.0,9.5,40.0,71.25,72
16:00,2023-01-18 16:00:00-05:00,2.0,2023-01-18 18:00:00-05:00,2023-01-19 00:00:00-05:00,Long,11479.5,11470.0,-9.5,9.5,8.27562176052964,True,2023-01-18 18:00:00-05:00,5.0,2023-01-18 18:05:00-05:00,11479.5,9.5,9.25,19.0,18.5,5.25,9.75,72
16:00,2023-01-19 16:00:00-05:00,2.0,2023-01-19 18:00:00-05:00,2023-01-20 00:00:00-05:00,Short,11360.5,11405.5,45.0,45.0,39.610932617402405,False,,,2023-01-20 00:00:00-05:00,11399.25,6.25,6.0,12.5,12.0,2.0,23.25,72
16:00,2023-01-23 16:00:00-05:00,2.0,2023-01-23 18:00:00-05:00,2023-01-24 00:00:00-05:00,Short,11931.25,11933.0,1.75,1.75,1.466736511262441,True,2023-01-23 18:00:00-05:00,5.0,2023-01-23 18:05:00-05:00,11931.25,1.75,1.5,3.5,3.0,3.0,4.0,72
16:00,2023-01-24 16:00:00-05:00,2.0,2023-01-24 18:00:00-05:00,2023-01-25 00:00:00-05:00,Short,11905.5,11973.0,67.5,67.5,56.69648481794129,True,2023-01-24 18:15:00-05:00,20.0,2023-01-24 18:20:00-05:00,11905.5,67.5,67.25,135.0,134.5,3.5,94.0,72
16:00,2023-01-26 16:00:00-05:00,2.0,2023-01-26 18:00:00-05:00,2023-01-27 00:00:00-05:00,Long,12104.75,12050.25,-54.5,54.5,45.023647741589045,False,,,2023-01-27 00:00:00-05:00,12033.5,-16.75,-17.0,-33.5,-34.0,24.75,9.25,72
16:00,2023-01-30 16:00:00-05:00,2.0,2023-01-30 18:00:00-05:00,2023-01-31 00:00:00-05:00,Short,11971.0,11984.25,13.25,13.25,11.068415337064572,True,2023-01-30 22:15:00-05:00,260.0,2023-01-30 22:20:00-05:00,11971.0,13.25,13.0,26.5,26.0,20.25,16.25,72
16:00,2023-01-31 16:00:00-05:00,2.0,2023-01-31 18:00:00-05:00,2023-02-01 00:00:00-05:00,Long,12153.75,12121.25,-32.5,32.5,26.74071788542631,False,,,2023-02-01 00:00:00-05:00,12107.0,-14.25,-14.5,-28.5,-29.0,36.5,1.5,72
16:00,2023-02-01 16:00:00-05:00,2.0,2023-02-01 18:00:00-05:00,2023-02-02 00:00:00-05:00,Short,12420.25,12514.0,93.75,93.75,75.4815724321169,False,,,2023-02-02 00:00:00-05:00,12540.25,-26.25,-26.5,-52.5,-53.0,45.75,12.75,72
16:00,2023-02-02 16:00:00-05:00,2.0,2023-02-02 18:00:00-05:00,2023-02-03 00:00:00-05:00,Long,12855.0,12739.5,-115.5,115.5,89.84830805134189,False,,,2023-02-03 00:00:00-05:00,12656.0,-83.5,-83.75,-167.0,-167.5,120.25,22.0,72
16:00,2023-02-06 16:00:00-05:00,2.0,2023-02-06 18:00:00-05:00,2023-02-07 00:00:00-05:00,Short,12513.25,12517.0,3.75,3.75,2.996823367230735,True,2023-02-06 18:00:00-05:00,5.0,2023-02-06 18:05:00-05:00,12513.25,3.75,3.5,7.5,7.0,2.5,5.0,72
16:00,2023-02-07 16:00:00-05:00,2.0,2023-02-07 18:00:00-05:00,2023-02-08 00:00:00-05:00,Long,12772.25,12746.0,-26.25,26.25,20.55236939458592,True,2023-02-07 18:05:00-05:00,10.0,2023-02-07 18:10:00-05:00,12772.25,26.25,26.0,52.5,52.0,3.0,30.25,72
16:00,2023-02-08 16:00:00-05:00,2.0,2023-02-08 18:00:00-05:00,2023-02-09 00:00:00-05:00,Short,12543.5,12557.25,13.75,13.75,10.961852752421574,True,2023-02-08 18:15:00-05:00,20.0,2023-02-08 18:20:00-05:00,12543.5,13.75,13.5,27.5,27.0,1.5,15.75,72
16:00,2023-02-09 16:00:00-05:00,2.0,2023-02-09 18:00:00-05:00,2023-02-10 00:00:00-05:00,Short,12427.5,12445.75,18.25,18.25,14.68517400925367,True,2023-02-09 19:00:00-05:00,65.0,2023-02-09 19:05:00-05:00,12427.5,18.25,18.0,36.5,36.0,5.75,24.75,72
16:00,2023-02-13 16:00:00-05:00,2.0,2023-02-13 18:00:00-05:00,2023-02-14 00:00:00-05:00,Short,12544.5,12547.75,3.25,3.25,2.590776834469289,True,2023-02-13 18:00:00-05:00,5.0,2023-02-13 18:05:00-05:00,12544.5,3.25,3.0,6.5,6.0,2.5,12.25,72
16:00,2023-02-14 16:00:00-05:00,2.0,2023-02-14 18:00:00-05:00,2023-02-15 00:00:00-05:00,Long,12631.0,12618.75,-12.25,12.25,9.698361174887182,False,,,2023-02-15 00:00:00-05:00,12563.5,-55.25,-55.5,-110.5,-111.0,79.25,5.75,72
16:00,2023-02-15 16:00:00-05:00,2.0,2023-02-15 18:00:00-05:00,2023-02-16 00:00:00-05:00,Short,12734.0,12743.75,9.75,9.75,7.656667190199466,True,2023-02-15 18:00:00-05:00,5.0,2023-02-15 18:05:00-05:00,12734.0,9.75,9.5,19.5,19.0,0.0,12.5,72
16:00,2023-02-16 16:00:00-05:00,2.0,2023-02-16 18:00:00-05:00,2023-02-17 00:00:00-05:00,Long,12481.75,12461.0,-20.75,20.75,16.624271436296993,False,,,2023-02-17 00:00:00-05:00,12413.5,-47.5,-47.75,-95.0,-95.5,59.5,3.0,72
16:00,2023-02-21 16:00:00-05:00,2.0,2023-02-21 18:00:00-05:00,2023-02-22 00:00:00-05:00,Short,12098.0,12111.25,13.25,13.25,10.952223508017855,False,,,2023-02-22 00:00:00-05:00,12128.75,-17.5,-17.75,-35.0,-35.5,33.75,12.75,72
16:00,2023-02-22 16:00:00-05:00,2.0,2023-02-22 18:00:00-05:00,2023-02-23 00:00:00-05:00,Short,12102.75,12175.5,72.75,72.75,60.110305509078515,False,,,2023-02-23 00:00:00-05:00,12206.5,-31.0,-31.25,-62.0,-62.5,37.25,23.75,72
16:00,2023-02-23 16:00:00-05:00,2.0,2023-02-23 18:00:00-05:00,2023-02-24 00:00:00-05:00,Long,12206.0,12191.25,-14.75,14.75,12.084220874979518,True,2023-02-23 20:00:00-05:00,125.0,2023-02-23 20:05:00-05:00,12206.0,14.75,14.5,29.5,29.0,21.25,23.0,72
16:00,2023-02-27 16:00:00-05:00,2.0,2023-02-27 18:00:00-05:00,2023-02-28 00:00:00-05:00,Short,12083.75,12092.0,8.25,8.25,6.827350781007551,False,,,2023-02-28 00:00:00-05:00,12106.25,-14.25,-14.5,-28.5,-29.0,37.0,3.75,72
16:00,2023-02-28 16:00:00-05:00,2.0,2023-02-28 18:00:00-05:00,2023-03-01 00:00:00-05:00,Long,12064.5,12042.75,-21.75,21.75,18.02809896804675,True,2023-02-28 22:20:00-05:00,265.0,2023-02-28 22:25:00-05:00,12064.5,21.75,21.5,43.5,43.0,53.5,28.75,72
16:00,2023-03-01 16:00:00-05:00,2.0,2023-03-01 18:00:00-05:00,2023-03-02 00:00:00-05:00,Short,11965.25,11968.5,3.25,3.25,2.716198992916989,True,2023-03-01 18:00:00-05:00,5.0,2023-03-01 18:05:00-05:00,11965.25,3.25,3.0,6.5,6.0,7.0,3.75,72
16:00,2023-03-02 16:00:00-05:00,2.0,2023-03-02 18:00:00-05:00,2023-03-03 00:00:00-05:00,Long,12066.0,12050.75,-15.25,15.25,12.638819824299684,False,,,2023-03-03 00:00:00-05:00,12033.5,-17.25,-17.5,-34.5,-35.0,38.5,6.75,72
16:00,2023-03-06 16:00:00-05:00,2.0,2023-03-06 18:00:00-05:00,2023-03-07 00:00:00-05:00,Long,12323.75,12322.5,-1.25,1.25,1.0143016533116949,True,2023-03-06 18:00:00-05:00,5.0,2023-03-06 18:05:00-05:00,12323.75,1.25,1.0,2.5,2.0,10.0,4.75,72
16:00,2023-03-07 16:00:00-05:00,2.0,2023-03-07 18:00:00-05:00,2023-03-08 00:00:00-05:00,Short,12169.5,12174.75,5.25,5.25,4.3140638481449525,True,2023-03-07 19:00:00-05:00,65.0,2023-03-07 19:05:00-05:00,12169.5,5.25,5.0,10.5,10.0,9.75,7.75,72
16:00,2023-03-08 16:00:00-05:00,2.0,2023-03-08 18:00:00-05:00,2023-03-09 00:00:00-05:00,Long,12231.0,12223.0,-8.0,8.0,6.540757092633473,True,2023-03-08 18:00:00-05:00,5.0,2023-03-08 18:05:00-05:00,12231.0,8.0,7.75,16.0,15.5,0.5,19.0,72
16:00,2023-03-09 16:00:00-05:00,2.0,2023-03-09 18:00:00-05:00,2023-03-10 00:00:00-05:00,Short,12006.5,12008.75,2.25,2.25,1.8739849248323823,True,2023-03-09 18:00:00-05:00,5.0,2023-03-09 18:05:00-05:00,12006.5,2.25,2.0,4.5,4.0,3.25,53.75,72
16:00,2023-03-13 16:00:00-04:00,2.0,2023-03-13 18:00:00-04:00,2023-03-14 00:00:00-04:00,Short,11929.75,11956.25,26.5,26.5,22.213374127705944,False,,,2023-03-14 00:00:00-04:00,11991.5,-35.25,-35.5,-70.5,-71.0,57.0,22.0,72
16:00,2023-03-14 16:00:00-04:00,2.0,2023-03-14 18:00:00-04:00,2023-03-15 00:00:00-04:00,Short,12200.25,12203.25,3.0,3.0,2.4589660047949837,True,2023-03-14 18:00:00-04:00,5.0,2023-03-14 18:05:00-04:00,12200.25,3.0,2.75,6.0,5.5,0.5,10.5,72
16:00,2023-03-15 16:00:00-04:00,2.0,2023-03-15 18:00:00-04:00,2023-03-16 00:00:00-04:00,Short,12262.5,12265.5,3.0,3.0,2.446483180428135,True,2023-03-15 18:00:00-04:00,5.0,2023-03-15 18:05:00-04:00,12262.5,3.0,2.75,6.0,5.5,8.0,9.25,72
16:00,2023-03-16 16:00:00-04:00,2.0,2023-03-16 18:00:00-04:00,2023-03-17 00:00:00-04:00,Long,12583.25,12580.75,-2.5,2.5,1.986768124292214,True,2023-03-16 18:50:00-04:00,55.0,2023-03-16 18:55:00-04:00,12583.25,2.5,2.25,5.0,4.5,80.75,6.25,72
16:00,2023-03-20 16:00:00-04:00,2.0,2023-03-20 18:00:00-04:00,2023-03-21 00:00:00-04:00,Short,12693.0,12698.75,5.75,5.75,4.530055936342866,True,2023-03-20 18:00:00-04:00,5.0,2023-03-20 18:05:00-04:00,12693.0,5.75,5.5,11.5,11.0,2.75,13.25,72
16:00,2023-03-21 16:00:00-04:00,2.0,2023-03-21 18:00:00-04:00,2023-03-22 00:00:00-04:00,Long,12877.0,12873.5,-3.5,3.5,2.7180243845616214,True,2023-03-21 19:25:00-04:00,90.0,2023-03-21 19:30:00-04:00,12877.0,3.5,3.25,7.0,6.5,11.25,3.5,72
16:00,2023-03-22 16:00:00-04:00,2.0,2023-03-22 18:00:00-04:00,2023-03-23 00:00:00-04:00,Long,12698.75,12698.25,-0.5,0.5,0.3937395412934344,True,2023-03-22 18:00:00-04:00,5.0,2023-03-22 18:05:00-04:00,12698.75,0.5,0.25,1.0,0.5,3.25,19.25,72
16:00,2023-03-23 16:00:00-04:00,2.0,2023-03-23 18:00:00-04:00,2023-03-24 00:00:00-04:00,Short,12847.25,12872.0,24.75,24.75,19.264823211193058,True,2023-03-23 18:15:00-04:00,20.0,2023-03-23 18:20:00-04:00,12847.25,24.75,24.5,49.5,49.0,9.0,26.75,72
16:00,2023-03-27 16:00:00-04:00,2.0,2023-03-27 18:00:00-04:00,2023-03-28 00:00:00-04:00,Short,12799.75,12812.0,12.25,12.25,9.570499423816871,True,2023-03-27 21:50:00-04:00,235.0,2023-03-27 21:55:00-04:00,12799.75,12.25,12.0,24.5,24.0,14.25,13.25,72
16:00,2023-03-28 16:00:00-04:00,2.0,2023-03-28 18:00:00-04:00,2023-03-29 00:00:00-04:00,Short,12732.75,12747.0,14.25,14.25,11.19161218118631,False,,,2023-03-29 00:00:00-04:00,12774.0,-27.0,-27.25,-54.0,-54.5,44.25,5.0,72
16:00,2023-03-29 16:00:00-04:00,2.0,2023-03-29 18:00:00-04:00,2023-03-30 00:00:00-04:00,Long,12969.0,12965.0,-4.0,4.0,3.0842778934381987,True,2023-03-29 18:05:00-04:00,10.0,2023-03-29 18:10:00-04:00,12969.0,4.0,3.75,8.0,7.5,10.75,6.0,72
16:00,2023-03-30 16:00:00-04:00,2.0,2023-03-30 18:00:00-04:00,2023-03-31 00:00:00-04:00,Long,13085.0,13080.0,-5.0,5.0,3.8211692777990063,True,2023-03-30 18:00:00-04:00,5.0,2023-03-30 18:05:00-04:00,13085.0,5.0,4.75,10.0,9.5,8.5,9.0,72
16:00,2023-04-03 16:00:00-04:00,2.0,2023-04-03 18:00:00-04:00,2023-04-04 00:00:00-04:00,Long,13268.75,13261.75,-7.0,7.0,5.27555346208196,False,,,2023-04-04 00:00:00-04:00,13244.5,-17.25,-17.5,-34.5,-35.0,35.5,0.25,72
16:00,2023-04-04 16:00:00-04:00,2.0,2023-04-04 18:00:00-04:00,2023-04-05 00:00:00-04:00,Short,13223.25,13232.0,8.75,8.75,6.617132701869813,True,2023-04-04 21:55:00-04:00,240.0,2023-04-04 22:00:00-04:00,13223.25,8.75,8.5,17.5,17.0,15.25,9.0,72
16:00,2023-04-05 16:00:00-04:00,2.0,2023-04-05 18:00:00-04:00,2023-04-06 00:00:00-04:00,Long,13079.5,13075.25,-4.25,4.25,3.24935968500325,False,,,2023-04-06 00:00:00-04:00,13026.0,-49.25,-49.5,-98.5,-99.0,57.0,0.0,72
16:00,2023-04-06 16:00:00-04:00,2.0,2023-04-06 18:00:00-04:00,2023-04-07 00:00:00-04:00,Long,13171.5,13164.25,-7.25,7.25,5.504308544964506,False,,,2023-04-07 00:00:00-04:00,13160.0,-4.25,-4.5,-8.5,-9.0,19.75,5.0,72
16:00,2023-04-10 16:00:00-04:00,2.0,2023-04-10 18:00:00-04:00,2023-04-11 00:00:00-04:00,Short,13164.25,13168.75,4.5,4.5,3.4183489374632052,True,2023-04-10 18:00:00-04:00,5.0,2023-04-10 18:05:00-04:00,13164.25,4.5,4.25,9.0,8.5,0.0,10.0,72
16:00,2023-04-11 16:00:00-04:00,2.0,2023-04-11 18:00:00-04:00,2023-04-12 00:00:00-04:00,Long,13077.0,13076.0,-1.0,1.0,0.7647013841095053,True,2023-04-11 18:00:00-04:00,5.0,2023-04-11 18:05:00-04:00,13077.0,1.0,0.75,2.0,1.5,4.0,4.5,72
16:00,2023-04-12 16:00:00-04:00,2.0,2023-04-12 18:00:00-04:00,2023-04-13 00:00:00-04:00,Long,12958.5,12955.0,-3.5,3.5,2.7009298915769575,True,2023-04-12 20:40:00-04:00,165.0,2023-04-12 20:45:00-04:00,12958.5,3.5,3.25,7.0,6.5,29.75,4.5,72
16:00,2023-04-13 16:00:00-04:00,2.0,2023-04-13 18:00:00-04:00,2023-04-14 00:00:00-04:00,Long,13210.5,13181.0,-29.5,29.5,22.330721774346166,True,2023-04-13 20:35:00-04:00,160.0,2023-04-13 20:40:00-04:00,13210.5,29.5,29.25,59.0,58.5,4.25,31.0,72
16:00,2023-04-17 16:00:00-04:00,2.0,2023-04-17 18:00:00-04:00,2023-04-18 00:00:00-04:00,Long,13189.5,13185.75,-3.75,3.75,2.8431707039690663,False,,,2023-04-18 00:00:00-04:00,13169.0,-16.75,-17.0,-33.5,-34.0,19.75,0.25,72
16:00,2023-04-18 16:00:00-04:00,2.0,2023-04-18 18:00:00-04:00,2023-04-19 00:00:00-04:00,Long,13189.0,13174.0,-15.0,15.0,11.373113958601865,False,,,2023-04-19 00:00:00-04:00,13171.25,-2.75,-3.0,-5.5,-6.0,12.0,12.5,72
16:00,2023-04-19 16:00:00-04:00,2.0,2023-04-19 18:00:00-04:00,2023-04-20 00:00:00-04:00,Long,13183.5,13166.0,-17.5,17.5,13.274168468160958,False,,,2023-04-20 00:00:00-04:00,13140.25,-25.75,-26.0,-51.5,-52.0,44.0,0.0,72
16:00,2023-04-20 16:00:00-04:00,2.0,2023-04-20 18:00:00-04:00,2023-04-21 00:00:00-04:00,Short,13077.5,13090.0,12.5,12.5,9.558401835213152,True,2023-04-20 18:15:00-04:00,20.0,2023-04-20 18:20:00-04:00,13077.5,12.5,12.25,25.0,24.5,0.0,13.25,72
16:00,2023-04-24 16:00:00-04:00,2.0,2023-04-24 18:00:00-04:00,2023-04-25 00:00:00-04:00,Long,13059.5,13050.25,-9.25,9.25,7.082966422910524,True,2023-04-24 20:00:00-04:00,125.0,2023-04-24 20:05:00-04:00,13059.5,9.25,9.0,18.5,18.0,7.5,9.5,72
16:00,2023-04-25 16:00:00-04:00,2.0,2023-04-25 18:00:00-04:00,2023-04-26 00:00:00-04:00,Short,12808.75,12929.75,121.0,121.0,94.4666731726359,False,,,2023-04-26 00:00:00-04:00,12970.0,-40.25,-40.5,-80.5,-81.0,67.0,6.5,72
16:00,2023-04-26 16:00:00-04:00,2.0,2023-04-26 18:00:00-04:00,2023-04-27 00:00:00-04:00,Short,12882.25,12962.0,79.75,79.75,61.906887383803294,False,,,2023-04-27 00:00:00-04:00,12952.25,9.75,9.5,19.5,19.0,7.25,26.0,72
16:00,2023-04-27 16:00:00-04:00,2.0,2023-04-27 18:00:00-04:00,2023-04-28 00:00:00-04:00,Long,13231.25,13220.0,-11.25,11.25,8.502598016060464,False,,,2023-04-28 00:00:00-04:00,13201.75,-18.25,-18.5,-36.5,-37.0,32.25,10.75,72
16:00,2023-05-01 16:00:00-04:00,2.0,2023-05-01 18:00:00-04:00,2023-05-02 00:00:00-04:00,Long,13303.5,13288.5,-15.0,15.0,11.275228323373549,True,2023-05-01 21:35:00-04:00,220.0,2023-05-01 21:40:00-04:00,13303.5,15.0,14.75,30.0,29.5,20.5,17.5,72
16:00,2023-05-02 16:00:00-04:00,2.0,2023-05-02 18:00:00-04:00,2023-05-03 00:00:00-04:00,Long,13184.75,13163.25,-21.5,21.5,16.306717988585298,True,2023-05-02 20:15:00-04:00,140.0,2023-05-02 20:20:00-04:00,13184.75,21.5,21.25,43.0,42.5,6.75,21.5,72
16:00,2023-05-03 16:00:00-04:00,2.0,2023-05-03 18:00:00-04:00,2023-05-04 00:00:00-04:00,Long,13100.25,13067.75,-32.5,32.5,24.80868685712105,True,2023-05-03 20:00:00-04:00,125.0,2023-05-03 20:05:00-04:00,13100.25,32.5,32.25,65.0,64.5,24.75,34.0,72
16:00,2023-05-04 16:00:00-04:00,2.0,2023-05-04 18:00:00-04:00,2023-05-05 00:00:00-04:00,Short,13048.0,13059.0,11.0,11.0,8.430410790925812,False,,,2023-05-05 00:00:00-04:00,13111.0,-52.0,-52.25,-104.0,-104.5,55.25,3.25,72
16:00,2023-05-08 16:00:00-04:00,2.0,2023-05-08 18:00:00-04:00,2023-05-09 00:00:00-04:00,Long,13354.5,13336.0,-18.5,18.5,13.853008349245574,False,,,2023-05-09 00:00:00-04:00,13341.0,5.0,4.75,10.0,9.5,9.5,6.5,72
16:00,2023-05-09 16:00:00-04:00,2.0,2023-05-09 18:00:00-04:00,2023-05-10 00:00:00-04:00,Long,13266.0,13261.5,-4.5,4.5,3.3921302578018993,True,2023-05-09 18:25:00-04:00,30.0,2023-05-09 18:30:00-04:00,13266.0,4.5,4.25,9.0,8.5,7.75,5.0,72
16:00,2023-05-10 16:00:00-04:00,2.0,2023-05-10 18:00:00-04:00,2023-05-11 00:00:00-04:00,Long,13410.75,13408.5,-2.25,2.25,1.6777585146244618,True,2023-05-10 18:00:00-04:00,5.0,2023-05-10 18:05:00-04:00,13410.75,2.25,2.0,4.5,4.0,5.0,5.0,72
16:00,2023-05-11 16:00:00-04:00,2.0,2023-05-11 18:00:00-04:00,2023-05-12 00:00:00-04:00,Long,13447.0,13444.0,-3.0,3.0,2.2309808879303934,True,2023-05-11 18:00:00-04:00,5.0,2023-05-11 18:05:00-04:00,13447.0,3.0,2.75,6.0,5.5,0.0,12.25,72
16:00,2023-05-15 16:00:00-04:00,2.0,2023-05-15 18:00:00-04:00,2023-05-16 00:00:00-04:00,Long,13472.0,13466.75,-5.25,5.25,3.8969714964370548,False,,,2023-05-16 00:00:00-04:00,13459.0,-7.75,-8.0,-15.5,-16.0,15.75,1.0,72
16:00,2023-05-16 16:00:00-04:00,2.0,2023-05-16 18:00:00-04:00,2023-05-17 00:00:00-04:00,Short,13482.0,13500.5,18.5,18.5,13.721999703308116,False,,,2023-05-17 00:00:00-04:00,13515.25,-14.75,-15.0,-29.5,-30.0,22.5,15.5,72
16:00,2023-05-17 16:00:00-04:00,2.0,2023-05-17 18:00:00-04:00,2023-05-18 00:00:00-04:00,Long,13644.75,13641.5,-3.25,3.25,2.381868484215541,True,2023-05-17 18:25:00-04:00,30.0,2023-05-17 18:30:00-04:00,13644.75,3.25,3.0,6.5,6.0,5.25,3.5,72
16:00,2023-05-18 16:00:00-04:00,2.0,2023-05-18 18:00:00-04:00,2023-05-19 00:00:00-04:00,Short,13889.5,13908.25,18.75,18.75,13.49940602613485,False,,,2023-05-19 00:00:00-04:00,13929.0,-20.75,-21.0,-41.5,-42.0,52.25,9.0,72
16:00,2023-05-22 16:00:00-04:00,2.0,2023-05-22 18:00:00-04:00,2023-05-23 00:00:00-04:00,Short,13905.25,13911.5,6.25,6.25,4.4947052372305425,False,,,2023-05-23 00:00:00-04:00,13936.5,-25.0,-25.25,-50.0,-50.5,65.75,0.25,72
16:00,2023-05-23 16:00:00-04:00,2.0,2023-05-23 18:00:00-04:00,2023-05-24 00:00:00-04:00,Short,13725.25,13732.0,6.75,6.75,4.917943206863263,False,,,2023-05-24 00:00:00-04:00,13744.25,-12.25,-12.5,-24.5,-25.0,23.75,3.5,72
16:00,2023-05-24 16:00:00-04:00,2.0,2023-05-24 18:00:00-04:00,2023-05-25 00:00:00-04:00,Short,13653.5,13871.25,217.75,217.75,159.4829164683048,False,,,2023-05-25 00:00:00-04:00,13837.75,33.5,33.25,67.0,66.5,12.75,68.25,72
16:00,2023-05-25 16:00:00-04:00,2.0,2023-05-25 18:00:00-04:00,2023-05-26 00:00:00-04:00,Short,13977.75,13981.75,4.0,4.0,2.8616909016114898,True,2023-05-25 18:00:00-04:00,5.0,2023-05-25 18:05:00-04:00,13977.75,4.0,3.75,8.0,7.5,4.0,5.75,72
16:00,2023-05-30 16:00:00-04:00,2.0,2023-05-30 18:00:00-04:00,2023-05-31 00:00:00-04:00,Short,14397.0,14398.0,1.0,1.0,0.694589150517469,True,2023-05-30 18:00:00-04:00,5.0,2023-05-30 18:05:00-04:00,14397.0,1.0,0.75,2.0,1.5,0.0,15.5,72
16:00,2023-05-31 16:00:00-04:00,2.0,2023-05-31 18:00:00-04:00,2023-06-01 00:00:00-04:00,Long,14302.0,14290.0,-12.0,12.0,8.3904349042092,True,2023-05-31 19:35:00-04:00,100.0,2023-05-31 19:40:00-04:00,14302.0,12.0,11.75,24.0,23.5,5.75,13.5,72
16:00,2023-06-01 16:00:00-04:00,2.0,2023-06-01 18:00:00-04:00,2023-06-02 00:00:00-04:00,Short,14473.5,14494.5,21.0,21.0,14.509275572598197,False,,,2023-06-02 00:00:00-04:00,14507.75,-13.25,-13.5,-26.5,-27.0,19.25,20.75,72
16:00,2023-06-05 16:00:00-04:00,2.0,2023-06-05 18:00:00-04:00,2023-06-06 00:00:00-04:00,Long,14587.5,14582.0,-5.5,5.5,3.770351328191945,True,2023-06-05 18:00:00-04:00,5.0,2023-06-05 18:05:00-04:00,14587.5,5.5,5.25,11.0,10.5,6.5,5.5,72
16:00,2023-06-06 16:00:00-04:00,2.0,2023-06-06 18:00:00-04:00,2023-06-07 00:00:00-04:00,Short,14584.0,14593.5,9.5,9.5,6.513987931980252,True,2023-06-06 18:20:00-04:00,25.0,2023-06-06 18:25:00-04:00,14584.0,9.5,9.25,19.0,18.5,4.75,10.25,72
16:00,2023-06-07 16:00:00-04:00,2.0,2023-06-07 18:00:00-04:00,2023-06-08 00:00:00-04:00,Long,14331.75,14318.75,-13.0,13.0,9.070769445461998,True,2023-06-07 18:10:00-04:00,15.0,2023-06-07 18:15:00-04:00,14331.75,13.0,12.75,26.0,25.5,2.75,15.0,72
16:00,2023-06-08 16:00:00-04:00,2.0,2023-06-08 18:00:00-04:00,2023-06-09 00:00:00-04:00,Short,14500.0,14518.75,18.75,18.75,12.931034482758621,True,2023-06-08 19:20:00-04:00,85.0,2023-06-08 19:25:00-04:00,14500.0,18.75,18.5,37.5,37.0,0.25,21.75,72
16:00,2023-06-12 16:00:00-04:00,2.0,2023-06-12 18:00:00-04:00,2023-06-13 00:00:00-04:00,Short,14802.75,14825.0,22.25,22.25,15.030990863184206,False,,,2023-06-13 00:00:00-04:00,14866.0,-41.0,-41.25,-82.0,-82.5,46.25,16.0,72
16:00,2023-06-13 16:00:00-04:00,2.0,2023-06-13 18:00:00-04:00,2023-06-14 00:00:00-04:00,Short,14911.25,14928.0,16.75,16.75,11.233129348646157,True,2023-06-13 20:10:00-04:00,135.0,2023-06-13 20:15:00-04:00,14911.25,16.75,16.5,33.5,33.0,9.5,21.25,72
16:00,2023-06-14 16:00:00-04:00,2.0,2023-06-14 18:00:00-04:00,2023-06-15 00:00:00-04:00,Short,15016.25,15041.0,24.75,24.75,16.482144343627738,True,2023-06-14 21:10:00-04:00,195.0,2023-06-14 21:15:00-04:00,15016.25,24.75,24.5,49.5,49.0,3.75,25.75,72
16:00,2023-06-15 16:00:00-04:00,2.0,2023-06-15 18:00:00-04:00,2023-06-16 00:00:00-04:00,Short,15190.75,15193.75,3.0,3.0,1.9748860326185342,True,2023-06-15 18:00:00-04:00,5.0,2023-06-15 18:05:00-04:00,15190.75,3.0,2.75,6.0,5.5,0.0,25.25,72
16:00,2023-06-20 16:00:00-04:00,2.0,2023-06-20 18:00:00-04:00,2023-06-21 00:00:00-04:00,Long,15253.75,15247.0,-6.75,6.75,4.425141358682291,True,2023-06-20 18:00:00-04:00,5.0,2023-06-20 18:05:00-04:00,15253.75,6.75,6.5,13.5,13.0,2.0,6.75,72
16:00,2023-06-21 16:00:00-04:00,2.0,2023-06-21 18:00:00-04:00,2023-06-22 00:00:00-04:00,Long,15045.5,15042.0,-3.5,3.5,2.3262769598883386,True,2023-06-21 18:00:00-04:00,5.0,2023-06-21 18:05:00-04:00,15045.5,3.5,3.25,7.0,6.5,5.0,7.0,72
16:00,2023-06-22 16:00:00-04:00,2.0,2023-06-22 18:00:00-04:00,2023-06-23 00:00:00-04:00,Short,15213.5,15236.0,22.5,22.5,14.78949617116377,True,2023-06-22 20:15:00-04:00,140.0,2023-06-22 20:20:00-04:00,15213.5,22.5,22.25,45.0,44.5,0.5,23.75,72
16:00,2023-06-26 16:00:00-04:00,2.0,2023-06-26 18:00:00-04:00,2023-06-27 00:00:00-04:00,Short,14857.75,14874.75,17.0,17.0,11.4418401171106,False,,,2023-06-27 00:00:00-04:00,14876.0,-1.25,-1.5,-2.5,-3.0,20.75,12.25,72
16:00,2023-06-27 16:00:00-04:00,2.0,2023-06-27 18:00:00-04:00,2023-06-28 00:00:00-04:00,Long,15108.75,15087.0,-21.75,21.75,14.395631670389676,False,,,2023-06-28 00:00:00-04:00,15063.0,-24.0,-24.25,-48.0,-48.5,50.25,5.75,72
16:00,2023-06-28 16:00:00-04:00,2.0,2023-06-28 18:00:00-04:00,2023-06-29 00:00:00-04:00,Short,15139.5,15160.5,21.0,21.0,13.870999702764292,False,,,2023-06-29 00:00:00-04:00,15147.75,12.75,12.5,25.5,25.0,24.25,19.5,72
16:00,2023-06-29 16:00:00-04:00,2.0,2023-06-29 18:00:00-04:00,2023-06-30 00:00:00-04:00,Short,15103.25,15107.0,3.75,3.75,2.482909307599358,True,2023-06-29 18:00:00-04:00,5.0,2023-06-29 18:05:00-04:00,15103.25,3.75,3.5,7.5,7.0,0.0,8.25,72
16:00,2023-07-05 16:00:00-04:00,2.0,2023-07-05 18:00:00-04:00,2023-07-06 00:00:00-04:00,Long,15360.0,15355.0,-5.0,5.0,3.255208333333333,True,2023-07-05 18:05:00-04:00,10.0,2023-07-05 18:10:00-04:00,15360.0,5.0,4.75,10.0,9.5,5.0,5.75,72
16:00,2023-07-06 16:00:00-04:00,2.0,2023-07-06 18:00:00-04:00,2023-07-07 00:00:00-04:00,Long,15235.75,15214.0,-21.75,21.75,14.275634609389101,True,2023-07-06 19:20:00-04:00,85.0,2023-07-06 19:25:00-04:00,15235.75,21.75,21.5,43.5,43.0,2.5,23.0,72
16:00,2023-07-10 16:00:00-04:00,2.0,2023-07-10 18:00:00-04:00,2023-07-11 00:00:00-04:00,Short,15190.25,15192.75,2.5,2.5,1.6457925313934925,True,2023-07-10 18:00:00-04:00,5.0,2023-07-10 18:05:00-04:00,15190.25,2.5,2.25,5.0,4.5,5.25,11.25,72
16:00,2023-07-11 16:00:00-04:00,2.0,2023-07-11 18:00:00-04:00,2023-07-12 00:00:00-04:00,Short,15259.0,15260.0,1.0,1.0,0.6553509404285995,True,2023-07-11 18:00:00-04:00,5.0,2023-07-11 18:05:00-04:00,15259.0,1.0,0.75,2.0,1.5,3.0,6.75,72
16:00,2023-07-12 16:00:00-04:00,2.0,2023-07-12 18:00:00-04:00,2023-07-13 00:00:00-04:00,Short,15452.0,15459.75,7.75,7.75,5.015531969971525,False,,,2023-07-13 00:00:00-04:00,15501.5,-41.75,-42.0,-83.5,-84.0,46.0,4.0,72
16:00,2023-07-13 16:00:00-04:00,2.0,2023-07-13 18:00:00-04:00,2023-07-14 00:00:00-04:00,Long,15706.0,15699.5,-6.5,6.5,4.138545778683306,True,2023-07-13 18:05:00-04:00,10.0,2023-07-13 18:10:00-04:00,15706.0,6.5,6.25,13.0,12.5,2.0,8.75,72
16:00,2023-07-17 16:00:00-04:00,2.0,2023-07-17 18:00:00-04:00,2023-07-18 00:00:00-04:00,Long,15844.75,15827.0,-17.75,17.75,11.202448760630492,False,,,2023-07-18 00:00:00-04:00,15813.75,-13.25,-13.5,-26.5,-27.0,28.75,8.0,72
16:00,2023-07-18 16:00:00-04:00,2.0,2023-07-18 18:00:00-04:00,2023-07-19 00:00:00-04:00,Long,15972.75,15952.0,-20.75,20.75,12.990875084127655,False,,,2023-07-19 00:00:00-04:00,15963.25,11.25,11.0,22.5,22.0,7.5,15.75,72
16:00,2023-07-19 16:00:00-04:00,2.0,2023-07-19 18:00:00-04:00,2023-07-20 00:00:00-04:00,Long,15957.25,15925.75,-31.5,31.5,19.74024346300271,False,,,2023-07-20 00:00:00-04:00,15883.75,-42.0,-42.25,-84.0,-84.5,84.5,0.0,72
16:00,2023-07-20 16:00:00-04:00,2.0,2023-07-20 18:00:00-04:00,2023-07-21 00:00:00-04:00,Short,15588.0,15594.0,6.0,6.0,3.8491147036181674,True,2023-07-20 18:05:00-04:00,10.0,2023-07-20 18:10:00-04:00,15588.0,6.0,5.75,12.0,11.5,3.0,12.5,72
16:00,2023-07-24 16:00:00-04:00,2.0,2023-07-24 18:00:00-04:00,2023-07-25 00:00:00-04:00,Short,15563.75,15569.25,5.5,5.5,3.533852702594169,True,2023-07-24 18:00:00-04:00,5.0,2023-07-24 18:05:00-04:00,15563.75,5.5,5.25,11.0,10.5,2.75,7.5,72
16:00,2023-07-25 16:00:00-04:00,2.0,2023-07-25 18:00:00-04:00,2023-07-26 00:00:00-04:00,Short,15667.0,15725.25,58.25,58.25,37.18005999872343,True,2023-07-25 18:05:00-04:00,10.0,2023-07-25 18:10:00-04:00,15667.0,58.25,58.0,116.5,116.0,14.25,65.25,72
16:00,2023-07-26 16:00:00-04:00,2.0,2023-07-26 18:00:00-04:00,2023-07-27 00:00:00-04:00,Short,15613.5,15639.25,25.75,25.75,16.4921382137253,False,,,2023-07-27 00:00:00-04:00,15700.25,-61.0,-61.25,-122.0,-122.5,68.5,8.0,72
16:00,2023-07-27 16:00:00-04:00,2.0,2023-07-27 18:00:00-04:00,2023-07-28 00:00:00-04:00,Short,15566.0,15584.0,18.0,18.0,11.563664396762173,False,,,2023-07-28 00:00:00-04:00,15612.5,-28.5,-28.75,-57.0,-57.5,87.75,15.75,72
16:00,2023-07-31 16:00:00-04:00,2.0,2023-07-31 18:00:00-04:00,2023-08-01 00:00:00-04:00,Short,15863.0,15867.5,4.5,4.5,2.836790014499149,True,2023-07-31 18:30:00-04:00,35.0,2023-07-31 18:35:00-04:00,15863.0,4.5,4.25,9.0,8.5,10.25,8.5,72
16:00,2023-08-01 16:00:00-04:00,2.0,2023-08-01 18:00:00-04:00,2023-08-02 00:00:00-04:00,Long,15816.75,15769.5,-47.25,47.25,29.873393712361896,False,,,2023-08-02 00:00:00-04:00,15727.25,-42.25,-42.5,-84.5,-85.0,85.5,20.5,72
16:00,2023-08-02 16:00:00-04:00,2.0,2023-08-02 18:00:00-04:00,2023-08-03 00:00:00-04:00,Long,15468.0,15452.5,-15.5,15.5,10.020687871735195,True,2023-08-02 18:00:00-04:00,5.0,2023-08-02 18:05:00-04:00,15468.0,15.5,15.25,31.0,30.5,0.25,18.0,72
16:00,2023-08-03 16:00:00-04:00,2.0,2023-08-03 18:00:00-04:00,2023-08-04 00:00:00-04:00,Short,15431.0,15444.0,13.0,13.0,8.424599831508003,True,2023-08-03 18:00:00-04:00,5.0,2023-08-03 18:05:00-04:00,15431.0,13.0,12.75,26.0,25.5,24.25,15.0,72
16:00,2023-08-07 16:00:00-04:00,2.0,2023-08-07 18:00:00-04:00,2023-08-08 00:00:00-04:00,Short,15486.25,15490.75,4.5,4.5,2.9058035353943015,True,2023-08-07 18:10:00-04:00,15.0,2023-08-07 18:15:00-04:00,15486.25,4.5,4.25,9.0,8.5,7.25,5.25,72
16:00,2023-08-08 16:00:00-04:00,2.0,2023-08-08 18:00:00-04:00,2023-08-09 00:00:00-04:00,Short,15350.0,15351.5,1.5,1.5,0.9771986970684039,True,2023-08-08 18:05:00-04:00,10.0,2023-08-08 18:10:00-04:00,15350.0,1.5,1.25,3.0,2.5,8.5,3.0,72
16:00,2023-08-09 16:00:00-04:00,2.0,2023-08-09 18:00:00-04:00,2023-08-10 00:00:00-04:00,Short,15180.25,15202.25,22.0,22.0,14.492514945406038,False,,,2023-08-10 00:00:00-04:00,15239.75,-37.5,-37.75,-75.0,-75.5,42.0,4.25,72
16:00,2023-08-10 16:00:00-04:00,2.0,2023-08-10 18:00:00-04:00,2023-08-11 00:00:00-04:00,Short,15200.75,15218.75,18.0,18.0,11.841520977583343,False,,,2023-08-11 00:00:00-04:00,15211.75,7.0,6.75,14.0,13.5,48.0,13.25,72
16:00,2023-08-14 16:00:00-04:00,2.0,2023-08-14 18:00:00-04:00,2023-08-15 00:00:00-04:00,Short,15272.5,15281.75,9.25,9.25,6.05663774758553,False,,,2023-08-15 00:00:00-04:00,15319.5,-37.75,-38.0,-75.5,-76.0,53.25,8.0,72
16:00,2023-08-15 16:00:00-04:00,2.0,2023-08-15 18:00:00-04:00,2023-08-16 00:00:00-04:00,Short,15105.25,15113.0,7.75,7.75,5.130666490127605,True,2023-08-15 20:35:00-04:00,160.0,2023-08-15 20:40:00-04:00,15105.25,7.75,7.5,15.5,15.0,15.5,12.25,72
16:00,2023-08-16 16:00:00-04:00,2.0,2023-08-16 18:00:00-04:00,2023-08-17 00:00:00-04:00,Short,14939.5,14942.5,3.0,3.0,2.0080993339803874,True,2023-08-16 18:00:00-04:00,5.0,2023-08-16 18:05:00-04:00,14939.5,3.0,2.75,6.0,5.5,6.25,4.5,72
16:00,2023-08-17 16:00:00-04:00,2.0,2023-08-17 18:00:00-04:00,2023-08-18 00:00:00-04:00,Long,14772.0,14750.0,-22.0,22.0,14.893040888166803,True,2023-08-17 20:40:00-04:00,165.0,2023-08-17 20:45:00-04:00,14772.0,22.0,21.75,44.0,43.5,19.75,23.5,72
16:00,2023-08-21 16:00:00-04:00,2.0,2023-08-21 18:00:00-04:00,2023-08-22 00:00:00-04:00,Long,14987.0,14972.0,-15.0,15.0,10.008674184293055,False,,,2023-08-22 00:00:00-04:00,14974.0,2.0,1.75,4.0,3.5,29.0,12.5,72
16:00,2023-08-22 16:00:00-04:00,2.0,2023-08-22 18:00:00-04:00,2023-08-23 00:00:00-04:00,Short,14960.25,14964.0,3.75,3.75,2.5066426028976787,True,2023-08-22 18:00:00-04:00,5.0,2023-08-22 18:05:00-04:00,14960.25,3.75,3.5,7.5,7.0,11.0,4.0,72
16:00,2023-08-23 16:00:00-04:00,2.0,2023-08-23 18:00:00-04:00,2023-08-24 00:00:00-04:00,Short,15198.5,15341.25,142.75,142.75,93.9237424745863,False,,,2023-08-24 00:00:00-04:00,15383.5,-42.25,-42.5,-84.5,-85.0,57.25,45.75,72
16:00,2023-08-24 16:00:00-04:00,2.0,2023-08-24 18:00:00-04:00,2023-08-25 00:00:00-04:00,Long,14859.0,14838.0,-21.0,21.0,14.13284877851807,True,2023-08-24 18:20:00-04:00,25.0,2023-08-24 18:25:00-04:00,14859.0,21.0,20.75,42.0,41.5,8.0,21.25,72
16:00,2023-08-28 16:00:00-04:00,2.0,2023-08-28 18:00:00-04:00,2023-08-29 00:00:00-04:00,Short,15090.75,15096.0,5.25,5.25,3.478952338352965,True,2023-08-28 20:00:00-04:00,125.0,2023-08-28 20:05:00-04:00,15090.75,5.25,5.0,10.5,10.0,16.25,8.5,72
16:00,2023-08-29 16:00:00-04:00,2.0,2023-08-29 18:00:00-04:00,2023-08-30 00:00:00-04:00,Short,15413.5,15424.25,10.75,10.75,6.974405553573167,False,,,2023-08-30 00:00:00-04:00,15455.75,-31.5,-31.75,-63.0,-63.5,44.0,1.25,72
16:00,2023-08-30 16:00:00-04:00,2.0,2023-08-30 18:00:00-04:00,2023-08-31 00:00:00-04:00,Short,15501.5,15512.5,11.0,11.0,7.096087475405606,True,2023-08-30 19:50:00-04:00,115.0,2023-08-30 19:55:00-04:00,15501.5,11.0,10.75,22.0,21.5,3.5,11.25,72
16:00,2023-08-31 16:00:00-04:00,2.0,2023-08-31 18:00:00-04:00,2023-09-01 00:00:00-04:00,Short,15532.25,15534.75,2.5,2.5,1.6095543144103397,True,2023-08-31 18:00:00-04:00,5.0,2023-08-31 18:05:00-04:00,15532.25,2.5,2.25,5.0,4.5,1.25,8.5,72
16:00,2023-09-05 16:00:00-04:00,2.0,2023-09-05 18:00:00-04:00,2023-09-06 00:00:00-04:00,Long,15534.25,15512.5,-21.75,21.75,14.001319664612065,False,,,2023-09-06 00:00:00-04:00,15502.25,-10.25,-10.5,-20.5,-21.0,18.75,20.25,72
16:00,2023-09-06 16:00:00-04:00,2.0,2023-09-06 18:00:00-04:00,2023-09-07 00:00:00-04:00,Long,15398.25,15388.75,-9.5,9.5,6.169532252041628,False,,,2023-09-07 00:00:00-04:00,15386.0,-2.75,-3.0,-5.5,-6.0,20.0,6.75,72
16:00,2023-09-07 16:00:00-04:00,2.0,2023-09-07 18:00:00-04:00,2023-09-08 00:00:00-04:00,Short,15277.0,15287.0,10.0,10.0,6.545787785559993,True,2023-09-07 19:10:00-04:00,75.0,2023-09-07 19:15:00-04:00,15277.0,10.0,9.75,20.0,19.5,3.0,10.0,72
16:00,2023-09-11 16:00:00-04:00,2.0,2023-09-11 18:00:00-04:00,2023-09-12 00:00:00-04:00,Long,15475.0,15464.0,-11.0,11.0,7.108239095315024,False,,,2023-09-12 00:00:00-04:00,15471.25,7.25,7.0,14.5,14.0,21.0,10.0,72
16:00,2023-09-12 16:00:00-04:00,2.0,2023-09-12 18:00:00-04:00,2023-09-13 00:00:00-04:00,Short,15302.5,15308.0,5.5,5.5,3.5941839568697924,True,2023-09-12 20:25:00-04:00,150.0,2023-09-12 20:30:00-04:00,15302.5,5.5,5.25,11.0,10.5,7.75,7.25,72
16:00,2023-09-13 16:00:00-04:00,2.0,2023-09-13 18:00:00-04:00,2023-09-14 00:00:00-04:00,Short,15358.75,15373.25,14.5,14.5,9.440872466834866,False,,,2023-09-14 00:00:00-04:00,15428.25,-55.0,-55.25,-110.0,-110.5,55.5,5.25,72
16:00,2023-09-14 16:00:00-04:00,2.0,2023-09-14 18:00:00-04:00,2023-09-15 00:00:00-04:00,Long,15476.75,15476.0,-0.75,0.75,0.4845978645387436,True,2023-09-14 18:00:00-04:00,5.0,2023-09-14 18:05:00-04:00,15476.75,0.75,0.5,1.5,1.0,3.5,7.75,72
16:00,2023-09-18 16:00:00-04:00,2.0,2023-09-18 18:00:00-04:00,2023-09-19 00:00:00-04:00,Short,15413.25,15424.5,11.25,11.25,7.298914894652329,True,2023-09-18 21:25:00-04:00,210.0,2023-09-18 21:30:00-04:00,15413.25,11.25,11.0,22.5,22.0,12.75,11.75,72
16:00,2023-09-19 16:00:00-04:00,2.0,2023-09-19 18:00:00-04:00,2023-09-20 00:00:00-04:00,Short,15377.25,15378.75,1.5,1.5,0.9754670048285617,True,2023-09-19 18:35:00-04:00,40.0,2023-09-19 18:40:00-04:00,15377.25,1.5,1.25,3.0,2.5,7.75,1.5,72
16:00,2023-09-20 16:00:00-04:00,2.0,2023-09-20 18:00:00-04:00,2023-09-21 00:00:00-04:00,Long,15152.0,15133.0,-19.0,19.0,12.539598732840549,False,,,2023-09-21 00:00:00-04:00,15095.75,-37.25,-37.5,-74.5,-75.0,52.5,15.0,72
16:00,2023-09-21 16:00:00-04:00,2.0,2023-09-21 18:00:00-04:00,2023-09-22 00:00:00-04:00,Long,14861.5,14850.0,-11.5,11.5,7.738115264273459,True,2023-09-21 18:00:00-04:00,5.0,2023-09-21 18:05:00-04:00,14861.5,11.5,11.25,23.0,22.5,0.0,14.0,72
16:00,2023-09-25 16:00:00-04:00,2.0,2023-09-25 18:00:00-04:00,2023-09-26 00:00:00-04:00,Short,14936.75,14952.5,15.75,15.75,10.544462483471973,True,2023-09-25 19:05:00-04:00,70.0,2023-09-25 19:10:00-04:00,14936.75,15.75,15.5,31.5,31.0,0.0,16.25,72
16:00,2023-09-26 16:00:00-04:00,2.0,2023-09-26 18:00:00-04:00,2023-09-27 00:00:00-04:00,Short,14709.0,14726.5,17.5,17.5,11.897477734720239,False,,,2023-09-27 00:00:00-04:00,14738.5,-12.0,-12.25,-24.0,-24.5,25.5,13.5,72
16:00,2023-09-27 16:00:00-04:00,2.0,2023-09-27 18:00:00-04:00,2023-09-28 00:00:00-04:00,Short,14744.25,14771.0,26.75,26.75,18.142665784967022,True,2023-09-27 18:25:00-04:00,30.0,2023-09-27 18:30:00-04:00,14744.25,26.75,26.5,53.5,53.0,4.0,27.75,72
16:00,2023-09-28 16:00:00-04:00,2.0,2023-09-28 18:00:00-04:00,2023-09-29 00:00:00-04:00,Short,14858.5,14877.0,18.5,18.5,12.45078574553286,True,2023-09-28 20:05:00-04:00,130.0,2023-09-28 20:10:00-04:00,14858.5,18.5,18.25,37.0,36.5,17.75,22.0,72
16:00,2023-10-02 16:00:00-04:00,2.0,2023-10-02 18:00:00-04:00,2023-10-03 00:00:00-04:00,Short,14988.25,14992.0,3.75,3.75,2.501959868563708,True,2023-10-02 18:00:00-04:00,5.0,2023-10-02 18:05:00-04:00,14988.25,3.75,3.5,7.5,7.0,0.5,5.5,72
16:00,2023-10-03 16:00:00-04:00,2.0,2023-10-03 18:00:00-04:00,2023-10-04 00:00:00-04:00,Long,14720.0,14715.0,-5.0,5.0,3.3967391304347827,True,2023-10-03 18:50:00-04:00,55.0,2023-10-03 18:55:00-04:00,14720.0,5.0,4.75,10.0,9.5,14.5,5.0,72
16:00,2023-10-04 16:00:00-04:00,2.0,2023-10-04 18:00:00-04:00,2023-10-05 00:00:00-04:00,Long,14919.25,14904.25,-15.0,15.0,10.054124704660087,True,2023-10-04 20:55:00-04:00,180.0,2023-10-04 21:00:00-04:00,14919.25,15.0,14.75,30.0,29.5,19.25,15.5,72
16:00,2023-10-05 16:00:00-04:00,2.0,2023-10-05 18:00:00-04:00,2023-10-06 00:00:00-04:00,Long,14865.75,14856.0,-9.75,9.75,6.558700368296251,True,2023-10-05 20:20:00-04:00,145.0,2023-10-05 20:25:00-04:00,14865.75,9.75,9.5,19.5,19.0,11.5,10.75,72
16:00,2023-10-09 16:00:00-04:00,2.0,2023-10-09 18:00:00-04:00,2023-10-10 00:00:00-04:00,Short,15190.5,15199.0,8.5,8.5,5.595602514729601,True,2023-10-09 18:00:00-04:00,5.0,2023-10-09 18:05:00-04:00,15190.5,8.5,8.25,17.0,16.5,0.0,10.0,72
16:00,2023-10-10 16:00:00-04:00,2.0,2023-10-10 18:00:00-04:00,2023-10-11 00:00:00-04:00,Short,15270.25,15278.75,8.5,8.5,5.566379070414695,False,,,2023-10-11 00:00:00-04:00,15297.0,-18.25,-18.5,-36.5,-37.0,25.0,4.25,72
16:00,2023-10-11 16:00:00-04:00,2.0,2023-10-11 18:00:00-04:00,2023-10-12 00:00:00-04:00,Short,15377.0,15408.25,31.25,31.25,20.322559667035183,False,,,2023-10-12 00:00:00-04:00,15424.5,-16.25,-16.5,-32.5,-33.0,23.25,11.25,72
16:00,2023-10-12 16:00:00-04:00,2.0,2023-10-12 18:00:00-04:00,2023-10-13 00:00:00-04:00,Short,15314.75,15326.0,11.25,11.25,7.34585938392726,True,2023-10-12 18:00:00-04:00,5.0,2023-10-12 18:05:00-04:00,15314.75,11.25,11.0,22.5,22.0,0.75,12.5,72
16:00,2023-10-16 16:00:00-04:00,2.0,2023-10-16 18:00:00-04:00,2023-10-17 00:00:00-04:00,Short,15293.5,15304.75,11.25,11.25,7.3560663026776085,True,2023-10-16 18:15:00-04:00,20.0,2023-10-16 18:20:00-04:00,15293.5,11.25,11.0,22.5,22.0,0.75,12.75,72
16:00,2023-10-17 16:00:00-04:00,2.0,2023-10-17 18:00:00-04:00,2023-10-18 00:00:00-04:00,Short,15240.75,15243.0,2.25,2.25,1.4763052999360269,True,2023-10-17 18:00:00-04:00,5.0,2023-10-17 18:05:00-04:00,15240.75,2.25,2.0,4.5,4.0,0.0,20.5,72
16:00,2023-10-18 16:00:00-04:00,2.0,2023-10-18 18:00:00-04:00,2023-10-19 00:00:00-04:00,Short,15023.75,15048.0,24.25,24.25,16.14110990931026,True,2023-10-18 21:40:00-04:00,225.0,2023-10-18 21:45:00-04:00,15023.75,24.25,24.0,48.5,48.0,9.25,29.0,72
16:00,2023-10-19 16:00:00-04:00,2.0,2023-10-19 18:00:00-04:00,2023-10-20 00:00:00-04:00,Long,14885.75,14850.25,-35.5,35.5,23.848311304435448,False,,,2023-10-20 00:00:00-04:00,14847.0,-3.25,-3.5,-6.5,-7.0,32.75,6.0,72
16:00,2023-10-23 16:00:00-04:00,2.0,2023-10-23 18:00:00-04:00,2023-10-24 00:00:00-04:00,Short,14706.25,14746.0,39.75,39.75,27.029324266893326,False,,,2023-10-24 00:00:00-04:00,14754.75,-8.75,-9.0,-17.5,-18.0,22.0,26.0,72
16:00,2023-10-24 16:00:00-04:00,2.0,2023-10-24 18:00:00-04:00,2023-10-25 00:00:00-04:00,Long,14846.5,14831.5,-15.0,15.0,10.103391371703768,True,2023-10-24 18:00:00-04:00,5.0,2023-10-24 18:05:00-04:00,14846.5,15.0,14.75,30.0,29.5,49.5,23.0,72
16:00,2023-10-25 16:00:00-04:00,2.0,2023-10-25 18:00:00-04:00,2023-10-26 00:00:00-04:00,Long,14476.5,14430.75,-45.75,45.75,31.602942700238316,False,,,2023-10-26 00:00:00-04:00,14320.75,-110.0,-110.25,-220.0,-220.5,128.5,0.0,72
16:00,2023-10-26 16:00:00-04:00,2.0,2023-10-26 18:00:00-04:00,2023-10-27 00:00:00-04:00,Short,14194.5,14244.0,49.5,49.5,34.87266194652859,False,,,2023-10-27 00:00:00-04:00,14307.0,-63.0,-63.25,-126.0,-126.5,74.25,0.0,72
16:00,2023-10-30 16:00:00-04:00,2.0,2023-10-30 18:00:00-04:00,2023-10-31 00:00:00-04:00,Long,14418.75,14412.0,-6.75,6.75,4.6814044213263974,False,,,2023-10-31 00:00:00-04:00,14344.75,-67.25,-67.5,-134.5,-135.0,84.5,4.5,72
16:00,2023-10-31 16:00:00-04:00,2.0,2023-10-31 18:00:00-04:00,2023-11-01 00:00:00-04:00,Long,14489.25,14458.0,-31.25,31.25,21.567713994858256,False,,,2023-11-01 00:00:00-04:00,14470.0,12.0,11.75,24.0,23.5,19.0,20.0,72
16:00,2023-11-01 16:00:00-04:00,2.0,2023-11-01 18:00:00-04:00,2023-11-02 00:00:00-04:00,Short,14742.75,14760.0,17.25,17.25,11.70066642926184,False,,,2023-11-02 00:00:00-04:00,14806.0,-46.0,-46.25,-92.0,-92.5,57.25,0.25,72
16:00,2023-11-02 16:00:00-04:00,2.0,2023-11-02 18:00:00-04:00,2023-11-03 00:00:00-04:00,Long,14999.25,14931.25,-68.0,68.0,45.335600113339,False,,,2023-11-03 00:00:00-04:00,14957.25,26.0,25.75,52.0,51.5,7.0,36.5,72
16:00,2023-11-06 16:00:00-05:00,2.0,2023-11-06 18:00:00-05:00,2023-11-07 00:00:00-05:00,Long,15233.5,15216.75,-16.75,16.75,10.995503331473397,False,,,2023-11-07 00:00:00-05:00,15206.0,-10.75,-11.0,-21.5,-22.0,17.75,6.25,72
16:00,2023-11-07 16:00:00-05:00,2.0,2023-11-07 18:00:00-05:00,2023-11-08 00:00:00-05:00,Long,15374.75,15372.0,-2.75,2.75,1.7886469698694287,True,2023-11-07 18:15:00-05:00,20.0,2023-11-07 18:20:00-05:00,15374.75,2.75,2.5,5.5,5.0,9.25,2.75,72
16:00,2023-11-08 16:00:00-05:00,2.0,2023-11-08 18:00:00-05:00,2023-11-09 00:00:00-05:00,Long,15384.0,15360.0,-24.0,24.0,15.600624024960998,False,,,2023-11-09 00:00:00-05:00,15372.5,12.5,12.25,25.0,24.5,15.5,17.25,72
16:00,2023-11-09 16:00:00-05:00,2.0,2023-11-09 18:00:00-05:00,2023-11-10 00:00:00-05:00,Long,15258.5,15254.75,-3.75,3.75,2.457646557656388,False,,,2023-11-10 00:00:00-05:00,15248.25,-6.5,-6.75,-13.0,-13.5,47.75,0.0,72
16:00,2023-11-13 16:00:00-05:00,2.0,2023-11-13 18:00:00-05:00,2023-11-14 00:00:00-05:00,Short,15547.75,15559.5,11.75,11.75,7.557363605666414,False,,,2023-11-14 00:00:00-05:00,15572.5,-13.0,-13.25,-26.0,-26.5,18.75,7.75,72
16:00,2023-11-14 16:00:00-05:00,2.0,2023-11-14 18:00:00-05:00,2023-11-15 00:00:00-05:00,Short,15878.75,15894.25,15.5,15.5,9.761473667637567,False,,,2023-11-15 00:00:00-05:00,15921.25,-27.0,-27.25,-54.0,-54.5,39.0,0.0,72
16:00,2023-11-15 16:00:00-05:00,2.0,2023-11-15 18:00:00-05:00,2023-11-16 00:00:00-05:00,Long,15890.5,15844.0,-46.5,46.5,29.262767062081117,False,,,2023-11-16 00:00:00-05:00,15850.5,6.5,6.25,13.0,12.5,19.5,36.75,72
16:00,2023-11-16 16:00:00-05:00,2.0,2023-11-16 18:00:00-05:00,2023-11-17 00:00:00-05:00,Short,15897.25,15898.25,1.0,1.0,0.6290396137696772,True,2023-11-16 18:00:00-05:00,5.0,2023-11-16 18:05:00-05:00,15897.25,1.0,0.75,2.0,1.5,1.75,12.5,72
16:00,2023-11-20 16:00:00-05:00,2.0,2023-11-20 18:00:00-05:00,2023-11-21 00:00:00-05:00,Short,16088.75,16089.75,1.0,1.0,0.621552326936524,True,2023-11-20 18:00:00-05:00,5.0,2023-11-20 18:05:00-05:00,16088.75,1.0,0.75,2.0,1.5,5.0,7.25,72
16:00,2023-11-21 16:00:00-05:00,2.0,2023-11-21 18:00:00-05:00,2023-11-22 00:00:00-05:00,Long,15988.75,15970.0,-18.75,18.75,11.726995543741694,False,,,2023-11-22 00:00:00-05:00,15971.5,1.5,1.25,3.0,2.5,27.5,14.0,72
16:00,2023-11-22 16:00:00-05:00,2.0,2023-11-22 18:00:00-05:00,2023-11-23 00:00:00-05:00,Long,16047.5,16039.75,-7.75,7.75,4.829412681102975,True,2023-11-22 19:55:00-05:00,120.0,2023-11-22 20:00:00-05:00,16047.5,7.75,7.5,15.5,15.0,5.75,8.25,72
16:00,2023-11-27 16:00:00-05:00,2.0,2023-11-27 18:00:00-05:00,2023-11-28 00:00:00-05:00,Long,16007.25,16004.0,-3.25,3.25,2.030330006715707,True,2023-11-27 18:00:00-05:00,5.0,2023-11-27 18:05:00-05:00,16007.25,3.25,3.0,6.5,6.0,2.0,8.25,72
16:00,2023-11-28 16:00:00-05:00,2.0,2023-11-28 18:00:00-05:00,2023-11-29 00:00:00-05:00,Short,16047.75,16054.75,7.0,7.0,4.3619822093439895,True,2023-11-28 18:00:00-05:00,5.0,2023-11-28 18:05:00-05:00,16047.75,7.0,6.75,14.0,13.5,3.0,14.0,72
16:00,2023-11-29 16:00:00-05:00,2.0,2023-11-29 18:00:00-05:00,2023-11-30 00:00:00-05:00,Short,16025.75,16041.5,15.75,15.75,9.827933170054443,False,,,2023-11-30 00:00:00-05:00,16055.0,-13.5,-13.75,-27.0,-27.5,16.25,6.25,72
16:00,2023-11-30 16:00:00-05:00,2.0,2023-11-30 18:00:00-05:00,2023-12-01 00:00:00-05:00,Long,15980.75,15955.0,-25.75,25.75,16.113136116890633,False,,,2023-12-01 00:00:00-05:00,15955.25,0.25,0.0,0.5,0.0,8.0,15.75,72
16:00,2023-12-04 16:00:00-05:00,2.0,2023-12-04 18:00:00-05:00,2023-12-05 00:00:00-05:00,Long,15871.25,15860.75,-10.5,10.5,6.61573600063007,False,,,2023-12-05 00:00:00-05:00,15828.0,-32.75,-33.0,-65.5,-66.0,33.5,1.75,72
16:00,2023-12-05 16:00:00-05:00,2.0,2023-12-05 18:00:00-05:00,2023-12-06 00:00:00-05:00,Long,15912.0,15898.75,-13.25,13.25,8.327048768225238,True,2023-12-05 18:35:00-05:00,40.0,2023-12-05 18:40:00-05:00,15912.0,13.25,13.0,26.5,26.0,7.75,18.25,72
16:00,2023-12-06 16:00:00-05:00,2.0,2023-12-06 18:00:00-05:00,2023-12-07 00:00:00-05:00,Short,15815.0,15816.25,1.25,1.25,0.7903888713246918,True,2023-12-06 18:00:00-05:00,5.0,2023-12-06 18:05:00-05:00,15815.0,1.25,1.0,2.5,2.0,0.0,16.25,72
16:00,2023-12-07 16:00:00-05:00,2.0,2023-12-07 18:00:00-05:00,2023-12-08 00:00:00-05:00,Long,16035.25,16018.5,-16.75,16.75,10.445736736252943,False,,,2023-12-08 00:00:00-05:00,16026.75,8.25,8.0,16.5,16.0,11.75,12.25,72
16:00,2023-12-11 16:00:00-05:00,2.0,2023-12-11 18:00:00-05:00,2023-12-12 00:00:00-05:00,Short,16234.25,16238.25,4.0,4.0,2.4639265749880654,True,2023-12-11 18:00:00-05:00,5.0,2023-12-11 18:05:00-05:00,16234.25,4.0,3.75,8.0,7.5,4.5,7.75,72
16:00,2023-12-12 16:00:00-05:00,2.0,2023-12-12 18:00:00-05:00,2023-12-13 00:00:00-05:00,Short,16365.0,16380.5,15.5,15.5,9.47143293614421,False,,,2023-12-13 00:00:00-05:00,16395.0,-14.5,-14.75,-29.0,-29.5,20.75,2.75,72
16:00,2023-12-13 16:00:00-05:00,2.0,2023-12-13 18:00:00-05:00,2023-12-14 00:00:00-05:00,Long,16566.5,16563.25,-3.25,3.25,1.9617903600639846,True,2023-12-13 18:00:00-05:00,5.0,2023-12-13 18:05:00-05:00,16566.5,3.25,3.0,6.5,6.0,1.25,20.75,72
16:00,2023-12-14 16:00:00-05:00,2.0,2023-12-14 18:00:00-05:00,2023-12-15 00:00:00-05:00,Long,16544.75,16525.0,-19.75,19.75,11.937321506822407,True,2023-12-14 18:25:00-05:00,30.0,2023-12-14 18:30:00-05:00,16544.75,19.75,19.5,39.5,39.0,5.75,23.0,72
16:00,2023-12-18 16:00:00-05:00,2.0,2023-12-18 18:00:00-05:00,2023-12-19 00:00:00-05:00,Long,16938.0,16920.0,-18.0,18.0,10.626992561105206,True,2023-12-18 22:20:00-05:00,265.0,2023-12-18 22:25:00-05:00,16938.0,18.0,17.75,36.0,35.5,9.0,18.5,72
16:00,2023-12-19 16:00:00-05:00,2.0,2023-12-19 18:00:00-05:00,2023-12-20 00:00:00-05:00,Short,17021.0,17023.0,2.0,2.0,1.1750190940602785,True,2023-12-19 18:00:00-05:00,5.0,2023-12-19 18:05:00-05:00,17021.0,2.0,1.75,4.0,3.5,3.0,3.0,72
16:00,2023-12-20 16:00:00-05:00,2.0,2023-12-20 18:00:00-05:00,2023-12-21 00:00:00-05:00,Short,16764.0,16793.75,29.75,29.75,17.74636125029826,False,,,2023-12-21 00:00:00-05:00,16838.0,-44.25,-44.5,-88.5,-89.0,44.75,3.75,72
16:00,2023-12-21 16:00:00-05:00,2.0,2023-12-21 18:00:00-05:00,2023-12-22 00:00:00-05:00,Short,16950.75,16954.5,3.75,3.75,2.2122914915269236,True,2023-12-21 18:00:00-05:00,5.0,2023-12-21 18:05:00-05:00,16950.75,3.75,3.5,7.5,7.0,0.0,22.75,72
16:00,2023-12-26 16:00:00-05:00,2.0,2023-12-26 18:00:00-05:00,2023-12-27 00:00:00-05:00,Short,17084.0,17085.0,1.0,1.0,0.5853430110044486,True,2023-12-26 19:15:00-05:00,80.0,2023-12-26 19:20:00-05:00,17084.0,1.0,0.75,2.0,1.5,18.0,1.5,72
16:00,2023-12-27 16:00:00-05:00,2.0,2023-12-27 18:00:00-05:00,2023-12-28 00:00:00-05:00,Short,17116.75,17129.0,12.25,12.25,7.156732440445762,False,,,2023-12-28 00:00:00-05:00,17141.0,-12.0,-12.25,-24.0,-24.5,26.5,11.25,72
16:00,2023-12-28 16:00:00-05:00,2.0,2023-12-28 18:00:00-05:00,2023-12-29 00:00:00-05:00,Long,17090.75,17089.75,-1.0,1.0,0.5851118294984129,True,2023-12-28 18:00:00-05:00,5.0,2023-12-28 18:05:00-05:00,17090.75,1.0,0.75,2.0,1.5,7.75,6.75,72
16:00,2024-01-02 16:00:00-05:00,2.0,2024-01-02 18:00:00-05:00,2024-01-03 00:00:00-05:00,Short,16721.0,16740.0,19.0,19.0,11.362956760959273,True,2024-01-02 18:20:00-05:00,25.0,2024-01-02 18:25:00-05:00,16721.0,19.0,18.75,38.0,37.5,0.0,22.75,72
16:00,2024-01-03 16:00:00-05:00,2.0,2024-01-03 18:00:00-05:00,2024-01-04 00:00:00-05:00,Short,16540.5,16543.25,2.75,2.75,1.6625857743115382,True,2024-01-03 19:00:00-05:00,65.0,2024-01-03 19:05:00-05:00,16540.5,2.75,2.5,5.5,5.0,19.75,4.0,72
16:00,2024-01-04 16:00:00-05:00,2.0,2024-01-04 18:00:00-05:00,2024-01-05 00:00:00-05:00,Short,16444.0,16454.0,10.0,10.0,6.081245439065921,True,2024-01-04 23:50:00-05:00,355.0,2024-01-04 23:55:00-05:00,16444.0,10.0,9.75,20.0,19.5,15.25,11.75,72
16:00,2024-01-08 16:00:00-05:00,2.0,2024-01-08 18:00:00-05:00,2024-01-09 00:00:00-05:00,Long,16801.5,16790.0,-11.5,11.5,6.844626967830253,False,,,2024-01-09 00:00:00-05:00,16781.5,-8.5,-8.75,-17.0,-17.5,13.0,6.0,72
16:00,2024-01-09 16:00:00-05:00,2.0,2024-01-09 18:00:00-05:00,2024-01-10 00:00:00-05:00,Long,16831.75,16829.5,-2.25,2.25,1.3367593981612131,True,2024-01-09 18:45:00-05:00,50.0,2024-01-09 18:50:00-05:00,16831.75,2.25,2.0,4.5,4.0,12.75,3.0,72
16:00,2024-01-10 16:00:00-05:00,2.0,2024-01-10 18:00:00-05:00,2024-01-11 00:00:00-05:00,Short,16941.5,16955.5,14.0,14.0,8.263731074580173,False,,,2024-01-11 00:00:00-05:00,16997.5,-42.0,-42.25,-84.0,-84.5,54.25,13.5,72
16:00,2024-01-11 16:00:00-05:00,2.0,2024-01-11 18:00:00-05:00,2024-01-12 00:00:00-05:00,Long,16965.25,16958.0,-7.25,7.25,4.273441299126155,False,,,2024-01-12 00:00:00-05:00,16946.25,-11.75,-12.0,-23.5,-24.0,37.25,7.0,72
16:00,2024-01-16 16:00:00-05:00,2.0,2024-01-16 18:00:00-05:00,2024-01-17 00:00:00-05:00,Short,16967.75,16979.5,11.75,11.75,6.924901651662713,True,2024-01-16 18:40:00-05:00,45.0,2024-01-16 18:45:00-05:00,16967.75,11.75,11.5,23.5,23.0,1.75,12.75,72
16:00,2024-01-17 16:00:00-05:00,2.0,2024-01-17 18:00:00-05:00,2024-01-18 00:00:00-05:00,Long,16868.75,16859.5,-9.25,9.25,5.483512412004446,True,2024-01-17 20:05:00-05:00,130.0,2024-01-17 20:10:00-05:00,16868.75,9.25,9.0,18.5,18.0,25.75,11.0,72
16:00,2024-01-18 16:00:00-05:00,2.0,2024-01-18 18:00:00-05:00,2024-01-19 00:00:00-05:00,Short,17109.0,17117.75,8.75,8.75,5.1142673446723945,True,2024-01-18 18:00:00-05:00,5.0,2024-01-18 18:05:00-05:00,17109.0,8.75,8.5,17.5,17.0,0.25,10.5,72
16:00,2024-01-22 16:00:00-05:00,2.0,2024-01-22 18:00:00-05:00,2024-01-23 00:00:00-05:00,Long,17460.5,17457.0,-3.5,3.5,2.004524498152974,True,2024-01-22 18:05:00-05:00,10.0,2024-01-22 18:10:00-05:00,17460.5,3.5,3.25,7.0,6.5,7.0,8.25,72
16:00,2024-01-23 16:00:00-05:00,2.0,2024-01-23 18:00:00-05:00,2024-01-24 00:00:00-05:00,Short,17529.25,17551.5,22.25,22.25,12.693070154170885,False,,,2024-01-24 00:00:00-05:00,17594.25,-42.75,-43.0,-85.5,-86.0,46.0,0.0,72
16:00,2024-01-24 16:00:00-05:00,2.0,2024-01-24 18:00:00-05:00,2024-01-25 00:00:00-05:00,Long,17624.75,17618.75,-6.0,6.0,3.4043036071433637,True,2024-01-24 18:00:00-05:00,5.0,2024-01-24 18:05:00-05:00,17624.75,6.0,5.75,12.0,11.5,5.25,7.25,72
16:00,2024-01-25 16:00:00-05:00,2.0,2024-01-25 18:00:00-05:00,2024-01-26 00:00:00-05:00,Long,17637.75,17574.25,-63.5,63.5,36.002324559538486,False,,,2024-01-26 00:00:00-05:00,17491.25,-83.0,-83.25,-166.0,-166.5,90.75,0.0,72
16:00,2024-01-29 16:00:00-05:00,2.0,2024-01-29 18:00:00-05:00,2024-01-30 00:00:00-05:00,Short,17707.75,17708.0,0.25,0.25,0.14118112126046503,True,2024-01-29 18:00:00-05:00,5.0,2024-01-29 18:05:00-05:00,17707.75,0.25,0.0,0.5,0.0,15.75,8.0,72
16:00,2024-01-30 16:00:00-05:00,2.0,2024-01-30 18:00:00-05:00,2024-01-31 00:00:00-05:00,Long,17583.75,17427.5,-156.25,156.25,88.8604535437549,False,,,2024-01-31 00:00:00-05:00,17449.75,22.25,22.0,44.5,44.0,18.5,34.5,72
16:00,2024-01-31 16:00:00-05:00,2.0,2024-01-31 18:00:00-05:00,2024-02-01 00:00:00-05:00,Short,17238.25,17275.0,36.75,36.75,21.318869374791525,False,,,2024-02-01 00:00:00-05:00,17317.75,-42.75,-43.0,-85.5,-86.0,51.0,8.0,72
16:00,2024-02-01 16:00:00-05:00,2.0,2024-02-01 18:00:00-05:00,2024-02-02 00:00:00-05:00,Short,17440.0,17592.0,152.0,152.0,87.1559633027523,False,,,2024-02-02 00:00:00-05:00,17606.5,-14.5,-14.75,-29.0,-29.5,39.0,12.5,72
16:00,2024-02-05 16:00:00-05:00,2.0,2024-02-05 18:00:00-05:00,2024-02-06 00:00:00-05:00,Short,17697.25,17702.0,4.75,4.75,2.684032829959457,True,2024-02-05 18:45:00-05:00,50.0,2024-02-05 18:50:00-05:00,17697.25,4.75,4.5,9.5,9.0,9.0,5.0,72
16:00,2024-02-06 16:00:00-05:00,2.0,2024-02-06 18:00:00-05:00,2024-02-07 00:00:00-05:00,Long,17661.75,17648.0,-13.75,13.75,7.785185499738134,True,2024-02-06 18:10:00-05:00,15.0,2024-02-06 18:15:00-05:00,17661.75,13.75,13.5,27.5,27.0,2.0,14.75,72
16:00,2024-02-07 16:00:00-05:00,2.0,2024-02-07 18:00:00-05:00,2024-02-08 00:00:00-05:00,Short,17841.25,17851.0,9.75,9.75,5.46486372871856,True,2024-02-07 18:05:00-05:00,10.0,2024-02-07 18:10:00-05:00,17841.25,9.75,9.5,19.5,19.0,3.75,16.0,72
16:00,2024-02-08 16:00:00-05:00,2.0,2024-02-08 18:00:00-05:00,2024-02-09 00:00:00-05:00,Long,17865.25,17857.25,-8.0,8.0,4.477967002980647,True,2024-02-08 18:35:00-05:00,40.0,2024-02-08 18:40:00-05:00,17865.25,8.0,7.75,16.0,15.5,5.5,10.0,72
16:00,2024-02-12 16:00:00-05:00,2.0,2024-02-12 18:00:00-05:00,2024-02-13 00:00:00-05:00,Long,17963.5,17929.75,-33.75,33.75,18.788098087789127,False,,,2024-02-13 00:00:00-05:00,17929.5,-0.25,-0.5,-0.5,-1.0,13.0,10.75,72
16:00,2024-02-13 16:00:00-05:00,2.0,2024-02-13 18:00:00-05:00,2024-02-14 00:00:00-05:00,Short,17680.25,17703.0,22.75,22.75,12.867465109373452,True,2024-02-13 19:20:00-05:00,85.0,2024-02-13 19:25:00-05:00,17680.25,22.75,22.5,45.5,45.0,3.0,27.25,72
16:00,2024-02-14 16:00:00-05:00,2.0,2024-02-14 18:00:00-05:00,2024-02-15 00:00:00-05:00,Short,17869.5,17873.25,3.75,3.75,2.0985478049189963,True,2024-02-14 18:00:00-05:00,5.0,2024-02-14 18:05:00-05:00,17869.5,3.75,3.5,7.5,7.0,0.75,7.5,72
16:00,2024-02-15 16:00:00-05:00,2.0,2024-02-15 18:00:00-05:00,2024-02-16 00:00:00-05:00,Short,17914.0,17949.25,35.25,35.25,19.677347326113654,True,2024-02-15 20:40:00-05:00,165.0,2024-02-15 20:45:00-05:00,17914.0,35.25,35.0,70.5,70.0,10.75,38.0,72
16:00,2024-02-20 16:00:00-05:00,2.0,2024-02-20 18:00:00-05:00,2024-02-21 00:00:00-05:00,Long,17612.25,17574.75,-37.5,37.5,21.29199846697611,False,,,2024-02-21 00:00:00-05:00,17554.75,-20.0,-20.25,-40.0,-40.5,36.25,16.0,72
16:00,2024-02-21 16:00:00-05:00,2.0,2024-02-21 18:00:00-05:00,2024-02-22 00:00:00-05:00,Short,17536.75,17704.0,167.25,167.25,95.37114915819636,False,,,2024-02-22 00:00:00-05:00,17798.0,-94.0,-94.25,-188.0,-188.5,98.25,28.5,72
16:00,2024-02-22 16:00:00-05:00,2.0,2024-02-22 18:00:00-05:00,2024-02-23 00:00:00-05:00,Long,18044.75,18025.25,-19.5,19.5,10.806467255018774,True,2024-02-22 18:35:00-05:00,40.0,2024-02-22 18:40:00-05:00,18044.75,19.5,19.25,39.0,38.5,6.25,22.5,72
16:00,2024-02-26 16:00:00-05:00,2.0,2024-02-26 18:00:00-05:00,2024-02-27 00:00:00-05:00,Long,17977.25,17953.75,-23.5,23.5,13.072077208694322,False,,,2024-02-27 00:00:00-05:00,17954.75,1.0,0.75,2.0,1.5,15.5,16.25,72
16:00,2024-02-27 16:00:00-05:00,2.0,2024-02-27 18:00:00-05:00,2024-02-28 00:00:00-05:00,Long,18017.5,18014.0,-3.5,3.5,1.9425558484806438,True,2024-02-27 18:00:00-05:00,5.0,2024-02-27 18:05:00-05:00,18017.5,3.5,3.25,7.0,6.5,3.25,5.25,72
16:00,2024-02-28 16:00:00-05:00,2.0,2024-02-28 18:00:00-05:00,2024-02-29 00:00:00-05:00,Long,17917.5,17868.25,-49.25,49.25,27.487093623552393,True,2024-02-28 23:20:00-05:00,325.0,2024-02-28 23:25:00-05:00,17917.5,49.25,49.0,98.5,98.0,3.25,49.25,72
16:00,2024-02-29 16:00:00-05:00,2.0,2024-02-29 18:00:00-05:00,2024-03-01 00:00:00-05:00,Short,18066.75,18071.5,4.75,4.75,2.629139164487249,True,2024-02-29 18:15:00-05:00,20.0,2024-02-29 18:20:00-05:00,18066.75,4.75,4.5,9.5,9.0,11.0,11.0,72
16:00,2024-03-04 16:00:00-05:00,2.0,2024-03-04 18:00:00-05:00,2024-03-05 00:00:00-05:00,Long,18258.25,18248.5,-9.75,9.75,5.340051757424726,False,,,2024-03-05 00:00:00-05:00,18208.25,-40.25,-40.5,-80.5,-81.0,63.25,5.5,72
16:00,2024-03-05 16:00:00-05:00,2.0,2024-03-05 18:00:00-05:00,2024-03-06 00:00:00-05:00,Short,17931.75,17982.0,50.25,50.25,28.022920239240456,False,,,2024-03-06 00:00:00-05:00,17981.0,1.0,0.75,2.0,1.5,5.75,39.5,72
16:00,2024-03-06 16:00:00-05:00,2.0,2024-03-06 18:00:00-05:00,2024-03-07 00:00:00-05:00,Long,18044.5,18040.0,-4.5,4.5,2.4938346864695613,True,2024-03-06 18:00:00-05:00,5.0,2024-03-06 18:05:00-05:00,18044.5,4.5,4.25,9.0,8.5,6.0,8.0,72
16:00,2024-03-07 16:00:00-05:00,2.0,2024-03-07 18:00:00-05:00,2024-03-08 00:00:00-05:00,Long,18308.75,18275.0,-33.75,33.75,18.433808971120364,True,2024-03-07 23:20:00-05:00,325.0,2024-03-07 23:25:00-05:00,18308.75,33.75,33.5,67.5,67.0,26.5,35.0,72
16:00,2024-03-11 16:00:00-04:00,2.0,2024-03-11 18:00:00-04:00,2024-03-12 00:00:00-04:00,Short,17970.5,18008.0,37.5,37.5,20.86753290114354,False,,,2024-03-12 00:00:00-04:00,18053.25,-45.25,-45.5,-90.5,-91.0,57.5,10.0,72
16:00,2024-03-12 16:00:00-04:00,2.0,2024-03-12 18:00:00-04:00,2024-03-13 00:00:00-04:00,Short,18226.75,18227.5,0.75,0.75,0.41148312233393225,True,2024-03-12 18:00:00-04:00,5.0,2024-03-12 18:05:00-04:00,18226.75,0.75,0.5,1.5,1.0,0.0,12.25,72
16:00,2024-03-13 16:00:00-04:00,2.0,2024-03-13 18:00:00-04:00,2024-03-14 00:00:00-04:00,Short,18079.75,18093.0,13.25,13.25,7.328641159308066,False,,,2024-03-14 00:00:00-04:00,18121.5,-28.5,-28.75,-57.0,-57.5,37.75,3.0,72
16:00,2024-03-14 16:00:00-04:00,2.0,2024-03-14 18:00:00-04:00,2024-03-15 00:00:00-04:00,Long,18030.0,18012.75,-17.25,17.25,9.56738768718802,False,,,2024-03-15 00:00:00-04:00,17997.0,-15.75,-16.0,-31.5,-32.0,36.75,8.25,72
16:00,2024-03-18 16:00:00-04:00,2.0,2024-03-18 18:00:00-04:00,2024-03-19 00:00:00-04:00,Long,18229.25,18224.0,-5.25,5.25,2.8799868343459005,False,,,2024-03-19 00:00:00-04:00,18179.5,-44.5,-44.75,-89.0,-89.5,72.75,3.0,72
16:00,2024-03-19 16:00:00-04:00,2.0,2024-03-19 18:00:00-04:00,2024-03-20 00:00:00-04:00,Short,18270.0,18275.0,5.0,5.0,2.736726874657909,True,2024-03-19 18:00:00-04:00,5.0,2024-03-19 18:05:00-04:00,18270.0,5.0,4.75,10.0,9.5,3.0,5.75,72
16:00,2024-03-20 16:00:00-04:00,2.0,2024-03-20 18:00:00-04:00,2024-03-21 00:00:00-04:00,Short,18484.5,18537.0,52.5,52.5,28.402174795098595,False,,,2024-03-21 00:00:00-04:00,18592.25,-55.25,-55.5,-110.5,-111.0,59.75,10.5,72
16:00,2024-03-21 16:00:00-04:00,2.0,2024-03-21 18:00:00-04:00,2024-03-22 00:00:00-04:00,Short,18558.75,18579.5,20.75,20.75,11.180709907725465,True,2024-03-21 22:30:00-04:00,275.0,2024-03-21 22:35:00-04:00,18558.75,20.75,20.5,41.5,41.0,16.0,24.0,72
16:00,2024-03-25 16:00:00-04:00,2.0,2024-03-25 18:00:00-04:00,2024-03-26 00:00:00-04:00,Short,18509.75,18534.0,24.25,24.25,13.101203419819283,False,,,2024-03-26 00:00:00-04:00,18523.5,10.5,10.25,21.0,20.5,22.5,17.25,72
16:00,2024-03-26 16:00:00-04:00,2.0,2024-03-26 18:00:00-04:00,2024-03-27 00:00:00-04:00,Short,18450.5,18478.0,27.5,27.5,14.904745128858297,False,,,2024-03-27 00:00:00-04:00,18497.0,-19.0,-19.25,-38.0,-38.5,24.25,10.0,72
16:00,2024-03-27 16:00:00-04:00,2.0,2024-03-27 18:00:00-04:00,2024-03-28 00:00:00-04:00,Long,18507.0,18506.0,-1.0,1.0,0.5403360890473875,True,2024-03-27 18:00:00-04:00,5.0,2024-03-27 18:05:00-04:00,18507.0,1.0,0.75,2.0,1.5,24.0,1.0,72
16:00,2024-04-01 16:00:00-04:00,2.0,2024-04-01 18:00:00-04:00,2024-04-02 00:00:00-04:00,Short,18495.0,18497.75,2.75,2.75,1.4868883482022166,True,2024-04-01 18:00:00-04:00,5.0,2024-04-01 18:05:00-04:00,18495.0,2.75,2.5,5.5,5.0,1.0,13.75,72
16:00,2024-04-02 16:00:00-04:00,2.0,2024-04-02 18:00:00-04:00,2024-04-03 00:00:00-04:00,Short,18330.75,18347.75,17.0,17.0,9.274034068436915,True,2024-04-02 18:10:00-04:00,15.0,2024-04-02 18:15:00-04:00,18330.75,17.0,16.75,34.0,33.5,0.0,17.25,72
16:00,2024-04-03 16:00:00-04:00,2.0,2024-04-03 18:00:00-04:00,2024-04-04 00:00:00-04:00,Short,18370.75,18389.0,18.25,18.25,9.934270511546888,False,,,2024-04-04 00:00:00-04:00,18453.25,-64.25,-64.5,-128.5,-129.0,96.25,11.25,72
16:00,2024-04-04 16:00:00-04:00,2.0,2024-04-04 18:00:00-04:00,2024-04-05 00:00:00-04:00,Short,18075.75,18088.0,12.25,12.25,6.777035531029141,True,2024-04-04 18:20:00-04:00,25.0,2024-04-04 18:25:00-04:00,18075.75,12.25,12.0,24.5,24.0,30.5,13.25,72
16:00,2024-04-08 16:00:00-04:00,2.0,2024-04-08 18:00:00-04:00,2024-04-09 00:00:00-04:00,Short,18297.25,18317.0,19.75,19.75,10.793971771714329,True,2024-04-08 20:05:00-04:00,130.0,2024-04-08 20:10:00-04:00,18297.25,19.75,19.5,39.5,39.0,7.75,19.75,72
16:00,2024-04-09 16:00:00-04:00,2.0,2024-04-09 18:00:00-04:00,2024-04-10 00:00:00-04:00,Short,18362.25,18384.0,21.75,21.75,11.844953641302128,False,,,2024-04-10 00:00:00-04:00,18378.75,5.25,5.0,10.5,10.0,1.0,17.25,72
16:00,2024-04-10 16:00:00-04:00,2.0,2024-04-10 18:00:00-04:00,2024-04-11 00:00:00-04:00,Long,18191.5,18190.75,-0.75,0.75,0.41228046065470136,True,2024-04-10 22:15:00-04:00,260.0,2024-04-10 22:20:00-04:00,18191.5,0.75,0.5,1.5,1.0,48.25,2.5,72
16:00,2024-04-11 16:00:00-04:00,2.0,2024-04-11 18:00:00-04:00,2024-04-12 00:00:00-04:00,Short,18481.75,18485.5,3.75,3.75,2.029028636357488,True,2024-04-11 18:00:00-04:00,5.0,2024-04-11 18:05:00-04:00,18481.75,3.75,3.5,7.5,7.0,1.25,8.5,72
16:00,2024-04-15 16:00:00-04:00,2.0,2024-04-15 18:00:00-04:00,2024-04-16 00:00:00-04:00,Short,17876.0,17882.0,6.0,6.0,3.356455582904453,True,2024-04-15 18:00:00-04:00,5.0,2024-04-15 18:05:00-04:00,17876.0,6.0,5.75,12.0,11.5,9.75,7.75,72
16:00,2024-04-16 16:00:00-04:00,2.0,2024-04-16 18:00:00-04:00,2024-04-17 00:00:00-04:00,Short,17876.75,17897.75,21.0,21.0,11.747101682352778,False,,,2024-04-17 00:00:00-04:00,17929.5,-31.75,-32.0,-63.5,-64.0,42.25,7.75,72
16:00,2024-04-17 16:00:00-04:00,2.0,2024-04-17 18:00:00-04:00,2024-04-18 00:00:00-04:00,Short,17654.5,17674.0,19.5,19.5,11.04534254722592,False,,,2024-04-18 00:00:00-04:00,17729.0,-55.0,-55.25,-110.0,-110.5,59.5,4.0,72
16:00,2024-04-18 16:00:00-04:00,2.0,2024-04-18 18:00:00-04:00,2024-04-19 00:00:00-04:00,Long,17545.0,17530.0,-15.0,15.0,8.549444286121402,False,,,2024-04-19 00:00:00-04:00,17337.75,-192.25,-192.5,-384.5,-385.0,349.75,13.0,72
16:00,2024-04-22 16:00:00-04:00,2.0,2024-04-22 18:00:00-04:00,2024-04-23 00:00:00-04:00,Long,17350.75,17350.0,-0.75,0.75,0.43225797155742546,True,2024-04-22 18:00:00-04:00,5.0,2024-04-22 18:05:00-04:00,17350.75,0.75,0.5,1.5,1.0,0.0,21.75,72
16:00,2024-04-23 16:00:00-04:00,2.0,2024-04-23 18:00:00-04:00,2024-04-24 00:00:00-04:00,Short,17608.0,17680.25,72.25,72.25,41.03248523398455,False,,,2024-04-24 00:00:00-04:00,17732.5,-52.25,-52.5,-104.5,-105.0,65.25,16.25,72
16:00,2024-04-24 16:00:00-04:00,2.0,2024-04-24 18:00:00-04:00,2024-04-25 00:00:00-04:00,Long,17658.25,17451.5,-206.75,206.75,117.0840825110076,False,,,2024-04-25 00:00:00-04:00,17460.25,8.75,8.5,17.5,17.0,14.25,43.0,72
16:00,2024-04-25 16:00:00-04:00,2.0,2024-04-25 18:00:00-04:00,2024-04-26 00:00:00-04:00,Short,17567.5,17811.0,243.5,243.5,138.6082254162516,False,,,2024-04-26 00:00:00-04:00,17769.25,41.75,41.5,83.5,83.0,11.5,69.0,72
16:00,2024-04-29 16:00:00-04:00,2.0,2024-04-29 18:00:00-04:00,2024-04-30 00:00:00-04:00,Short,17905.25,17912.75,7.5,7.5,4.188715600173134,True,2024-04-29 18:45:00-04:00,50.0,2024-04-29 18:50:00-04:00,17905.25,7.5,7.25,15.0,14.5,7.25,8.25,72
16:00,2024-04-30 16:00:00-04:00,2.0,2024-04-30 18:00:00-04:00,2024-05-01 00:00:00-04:00,Long,17563.5,17471.5,-92.0,92.0,52.381359068522784,False,,,2024-05-01 00:00:00-04:00,17526.5,55.0,54.75,110.0,109.5,17.75,56.5,72
16:00,2024-05-01 16:00:00-04:00,2.0,2024-05-01 18:00:00-04:00,2024-05-02 00:00:00-04:00,Short,17431.5,17484.0,52.5,52.5,30.117890026675845,False,,,2024-05-02 00:00:00-04:00,17549.0,-65.0,-65.25,-130.0,-130.5,77.0,0.0,72
16:00,2024-05-02 16:00:00-04:00,2.0,2024-05-02 18:00:00-04:00,2024-05-03 00:00:00-04:00,Short,17648.25,17745.0,96.75,96.75,54.82129956227955,False,,,2024-05-03 00:00:00-04:00,17763.0,-18.0,-18.25,-36.0,-36.5,63.0,23.0,72
16:00,2024-05-06 16:00:00-04:00,2.0,2024-05-06 18:00:00-04:00,2024-05-07 00:00:00-04:00,Long,18198.0,18184.75,-13.25,13.25,7.281019892295857,False,,,2024-05-07 00:00:00-04:00,18187.75,3.0,2.75,6.0,5.5,15.75,12.25,72
16:00,2024-05-07 16:00:00-04:00,2.0,2024-05-07 18:00:00-04:00,2024-05-08 00:00:00-04:00,Long,18196.25,18195.0,-1.25,1.25,0.6869547296833138,True,2024-05-07 18:20:00-04:00,25.0,2024-05-07 18:25:00-04:00,18196.25,1.25,1.0,2.5,2.0,14.25,1.5,72
16:00,2024-05-08 16:00:00-04:00,2.0,2024-05-08 18:00:00-04:00,2024-05-09 00:00:00-04:00,Long,18183.5,18164.0,-19.5,19.5,10.724008029257295,False,,,2024-05-09 00:00:00-04:00,18159.75,-4.25,-4.5,-8.5,-9.0,10.75,12.25,72
16:00,2024-05-09 16:00:00-04:00,2.0,2024-05-09 18:00:00-04:00,2024-05-10 00:00:00-04:00,Short,18215.75,18222.0,6.25,6.25,3.4310967157542236,True,2024-05-09 18:00:00-04:00,5.0,2024-05-09 18:05:00-04:00,18215.75,6.25,6.0,12.5,12.0,4.25,6.25,72
16:00,2024-05-13 16:00:00-04:00,2.0,2024-05-13 18:00:00-04:00,2024-05-14 00:00:00-04:00,Long,18295.5,18284.75,-10.75,10.75,5.875761799349567,False,,,2024-05-14 00:00:00-04:00,18266.25,-18.5,-18.75,-37.0,-37.5,22.0,5.75,72
16:00,2024-05-14 16:00:00-04:00,2.0,2024-05-14 18:00:00-04:00,2024-05-15 00:00:00-04:00,Long,18411.25,18411.0,-0.25,0.25,0.13578654355353384,True,2024-05-14 18:05:00-04:00,10.0,2024-05-14 18:10:00-04:00,18411.25,0.25,0.0,0.5,0.0,9.0,4.5,72
16:00,2024-05-15 16:00:00-04:00,2.0,2024-05-15 18:00:00-04:00,2024-05-16 00:00:00-04:00,Short,18693.25,18694.5,1.25,1.25,0.6686905701255801,True,2024-05-15 18:00:00-04:00,5.0,2024-05-15 18:05:00-04:00,18693.25,1.25,1.0,2.5,2.0,4.75,7.0,72
16:00,2024-05-16 16:00:00-04:00,2.0,2024-05-16 18:00:00-04:00,2024-05-17 00:00:00-04:00,Long,18650.75,18640.0,-10.75,10.75,5.76384327708001,True,2024-05-16 18:00:00-04:00,5.0,2024-05-16 18:05:00-04:00,18650.75,10.75,10.5,21.5,21.0,0.0,13.5,72
16:00,2024-05-20 16:00:00-04:00,2.0,2024-05-20 18:00:00-04:00,2024-05-21 00:00:00-04:00,Long,18766.5,18747.75,-18.75,18.75,9.991207737191273,False,,,2024-05-21 00:00:00-04:00,18751.0,3.25,3.0,6.5,6.0,6.25,12.0,72
16:00,2024-05-21 16:00:00-04:00,2.0,2024-05-21 18:00:00-04:00,2024-05-22 00:00:00-04:00,Long,18800.5,18799.0,-1.5,1.5,0.7978511209808249,True,2024-05-21 18:00:00-04:00,5.0,2024-05-21 18:05:00-04:00,18800.5,1.5,1.25,3.0,2.5,4.0,4.0,72
16:00,2024-05-22 16:00:00-04:00,2.0,2024-05-22 18:00:00-04:00,2024-05-23 00:00:00-04:00,Short,18793.75,18854.0,60.25,60.25,32.058530096441636,False,,,2024-05-23 00:00:00-04:00,18962.0,-108.0,-108.25,-216.0,-216.5,111.75,11.0,72
16:00,2024-05-23 16:00:00-04:00,2.0,2024-05-23 18:00:00-04:00,2024-05-24 00:00:00-04:00,Long,18696.5,18685.75,-10.75,10.75,5.749739256010483,True,2024-05-23 19:05:00-04:00,70.0,2024-05-23 19:10:00-04:00,18696.5,10.75,10.5,21.5,21.0,7.75,10.75,72
16:00,2024-05-28 16:00:00-04:00,2.0,2024-05-28 18:00:00-04:00,2024-05-29 00:00:00-04:00,Short,18943.0,18950.0,7.0,7.0,3.695296415562477,True,2024-05-28 18:00:00-04:00,5.0,2024-05-28 18:05:00-04:00,18943.0,7.0,6.75,14.0,13.5,1.0,12.75,72
16:00,2024-05-29 16:00:00-04:00,2.0,2024-05-29 18:00:00-04:00,2024-05-30 00:00:00-04:00,Long,18811.0,18754.0,-57.0,57.0,30.30141938227633,False,,,2024-05-30 00:00:00-04:00,18686.25,-67.75,-68.0,-135.5,-136.0,77.0,11.5,72
16:00,2024-05-30 16:00:00-04:00,2.0,2024-05-30 18:00:00-04:00,2024-05-31 00:00:00-04:00,Long,18604.25,18591.0,-13.25,13.25,7.122028568741014,False,,,2024-05-31 00:00:00-04:00,18562.25,-28.75,-29.0,-57.5,-58.0,88.5,1.75,72
16:00,2024-06-03 16:00:00-04:00,2.0,2024-06-03 18:00:00-04:00,2024-06-04 00:00:00-04:00,Short,18652.75,18663.0,10.25,10.25,5.495168272774792,True,2024-06-03 18:00:00-04:00,5.0,2024-06-03 18:05:00-04:00,18652.75,10.25,10.0,20.5,20.0,0.5,10.5,72
16:00,2024-06-04 16:00:00-04:00,2.0,2024-06-04 18:00:00-04:00,2024-06-05 00:00:00-04:00,Short,18701.75,18713.75,12.0,12.0,6.416511823759809,True,2024-06-04 18:05:00-04:00,10.0,2024-06-04 18:10:00-04:00,18701.75,12.0,11.75,24.0,23.5,2.0,18.25,72
16:00,2024-06-05 16:00:00-04:00,2.0,2024-06-05 18:00:00-04:00,2024-06-06 00:00:00-04:00,Short,19077.25,19088.0,10.75,10.75,5.634984077893826,True,2024-06-05 18:00:00-04:00,5.0,2024-06-05 18:05:00-04:00,19077.25,10.75,10.5,21.5,21.0,5.25,16.25,72
16:00,2024-06-06 16:00:00-04:00,2.0,2024-06-06 18:00:00-04:00,2024-06-07 00:00:00-04:00,Short,19065.75,19068.0,2.25,2.25,1.180126666928917,True,2024-06-06 18:00:00-04:00,5.0,2024-06-06 18:05:00-04:00,19065.75,2.25,2.0,4.5,4.0,0.5,9.75,72
16:00,2024-06-10 16:00:00-04:00,2.0,2024-06-10 18:00:00-04:00,2024-06-11 00:00:00-04:00,Long,19112.5,19106.0,-6.5,6.5,3.4009156311314586,False,,,2024-06-11 00:00:00-04:00,19090.75,-15.25,-15.5,-30.5,-31.0,31.0,0.0,72
16:00,2024-06-11 16:00:00-04:00,2.0,2024-06-11 18:00:00-04:00,2024-06-12 00:00:00-04:00,Short,19242.5,19250.0,7.5,7.5,3.897622450305314,True,2024-06-11 18:00:00-04:00,5.0,2024-06-11 18:05:00-04:00,19242.5,7.5,7.25,15.0,14.5,0.0,15.75,72
16:00,2024-06-12 16:00:00-04:00,2.0,2024-06-12 18:00:00-04:00,2024-06-13 00:00:00-04:00,Short,19491.75,19603.5,111.75,111.75,57.33194813190196,False,,,2024-06-13 00:00:00-04:00,19637.0,-33.5,-33.75,-67.0,-67.5,35.5,21.0,72
16:00,2024-06-13 16:00:00-04:00,2.0,2024-06-13 18:00:00-04:00,2024-06-14 00:00:00-04:00,Short,19593.0,19602.5,9.5,9.5,4.848670443525749,True,2024-06-13 18:00:00-04:00,5.0,2024-06-13 18:05:00-04:00,19593.0,9.5,9.25,19.0,18.5,6.5,10.25,72
16:00,2024-06-17 16:00:00-04:00,2.0,2024-06-17 18:00:00-04:00,2024-06-18 00:00:00-04:00,Long,19925.5,19917.0,-8.5,8.5,4.265890441896063,True,2024-06-17 18:00:00-04:00,5.0,2024-06-17 18:05:00-04:00,19925.5,8.5,8.25,17.0,16.5,2.75,13.25,72
16:00,2024-06-18 16:00:00-04:00,2.0,2024-06-18 18:00:00-04:00,2024-06-19 00:00:00-04:00,Short,19923.25,19935.5,12.25,12.25,6.148595234211285,False,,,2024-06-19 00:00:00-04:00,19944.0,-8.5,-8.75,-17.0,-17.5,20.0,7.5,72
16:00,2024-06-20 16:00:00-04:00,2.0,2024-06-20 18:00:00-04:00,2024-06-21 00:00:00-04:00,Short,19767.5,19778.0,10.5,10.5,5.311749083090932,True,2024-06-20 20:55:00-04:00,180.0,2024-06-20 21:00:00-04:00,19767.5,10.5,10.25,21.0,20.5,30.0,11.0,72
16:00,2024-06-24 16:00:00-04:00,2.0,2024-06-24 18:00:00-04:00,2024-06-25 00:00:00-04:00,Short,19745.0,19758.5,13.5,13.5,6.837173968093189,True,2024-06-24 21:15:00-04:00,200.0,2024-06-24 21:20:00-04:00,19745.0,13.5,13.25,27.0,26.5,17.25,15.75,72
16:00,2024-06-25 16:00:00-04:00,2.0,2024-06-25 18:00:00-04:00,2024-06-26 00:00:00-04:00,Short,19967.25,19972.0,4.75,4.75,2.3788954412851044,True,2024-06-25 18:00:00-04:00,5.0,2024-06-25 18:05:00-04:00,19967.25,4.75,4.5,9.5,9.0,11.75,5.75,72
16:00,2024-06-26 16:00:00-04:00,2.0,2024-06-26 18:00:00-04:00,2024-06-27 00:00:00-04:00,Long,20005.0,19951.0,-54.0,54.0,26.99325168707823,False,,,2024-06-27 00:00:00-04:00,19911.5,-39.5,-39.75,-79.0,-79.5,77.5,12.25,72
16:00,2024-06-27 16:00:00-04:00,2.0,2024-06-27 18:00:00-04:00,2024-06-28 00:00:00-04:00,Short,20047.75,20066.75,19.0,19.0,9.477372772505642,False,,,2024-06-28 00:00:00-04:00,20130.5,-63.75,-64.0,-127.5,-128.0,74.0,6.25,72
16:00,2024-07-01 16:00:00-04:00,2.0,2024-07-01 18:00:00-04:00,2024-07-02 00:00:00-04:00,Long,20049.0,20048.0,-1.0,1.0,0.49877799391490846,True,2024-07-01 18:00:00-04:00,5.0,2024-07-01 18:05:00-04:00,20049.0,1.0,0.75,2.0,1.5,5.75,5.5,72
16:00,2024-07-02 16:00:00-04:00,2.0,2024-07-02 18:00:00-04:00,2024-07-03 00:00:00-04:00,Long,20256.25,20243.5,-12.75,12.75,6.294353594569577,False,,,2024-07-03 00:00:00-04:00,20236.0,-7.5,-7.75,-15.0,-15.5,12.25,9.25,72
16:00,2024-07-08 16:00:00-04:00,2.0,2024-07-08 18:00:00-04:00,2024-07-09 00:00:00-04:00,Short,20666.25,20680.5,14.25,14.25,6.895300308473961,False,,,2024-07-09 00:00:00-04:00,20734.0,-53.5,-53.75,-107.0,-107.5,68.25,8.0,72
16:00,2024-07-09 16:00:00-04:00,2.0,2024-07-09 18:00:00-04:00,2024-07-10 00:00:00-04:00,Short,20679.5,20687.75,8.25,8.25,3.9894581590463987,False,,,2024-07-10 00:00:00-04:00,20710.0,-22.25,-22.5,-44.5,-45.0,27.75,5.75,72
16:00,2024-07-10 16:00:00-04:00,2.0,2024-07-10 18:00:00-04:00,2024-07-11 00:00:00-04:00,Short,20893.75,20894.75,1.0,1.0,0.4786120251271313,True,2024-07-10 18:00:00-04:00,5.0,2024-07-10 18:05:00-04:00,20893.75,1.0,0.75,2.0,1.5,4.75,5.25,72
16:00,2024-07-11 16:00:00-04:00,2.0,2024-07-11 18:00:00-04:00,2024-07-12 00:00:00-04:00,Short,20429.5,20430.75,1.25,1.25,0.6118603000562912,True,2024-07-11 18:00:00-04:00,5.0,2024-07-11 18:05:00-04:00,20429.5,1.25,1.0,2.5,2.0,18.25,12.0,72
16:00,2024-07-15 16:00:00-04:00,2.0,2024-07-15 18:00:00-04:00,2024-07-16 00:00:00-04:00,Short,20593.5,20625.0,31.5,31.5,15.296088571636682,False,,,2024-07-16 00:00:00-04:00,20647.75,-22.75,-23.0,-45.5,-46.0,30.0,6.25,72
16:00,2024-07-16 16:00:00-04:00,2.0,2024-07-16 18:00:00-04:00,2024-07-17 00:00:00-04:00,Long,20599.75,20592.0,-7.75,7.75,3.762181579873542,False,,,2024-07-17 00:00:00-04:00,20535.5,-56.5,-56.75,-113.0,-113.5,66.75,5.75,72
16:00,2024-07-17 16:00:00-04:00,2.0,2024-07-17 18:00:00-04:00,2024-07-18 00:00:00-04:00,Short,19992.5,20024.25,31.75,31.75,15.880955358259348,False,,,2024-07-18 00:00:00-04:00,20050.5,-26.25,-26.5,-52.5,-53.0,56.25,0.0,72
16:00,2024-07-18 16:00:00-04:00,2.0,2024-07-18 18:00:00-04:00,2024-07-19 00:00:00-04:00,Short,19893.5,19950.0,56.5,56.5,28.401236584814136,False,,,2024-07-19 00:00:00-04:00,19955.75,-5.75,-6.0,-11.5,-12.0,26.75,14.75,72
16:00,2024-07-22 16:00:00-04:00,2.0,2024-07-22 18:00:00-04:00,2024-07-23 00:00:00-04:00,Long,19998.0,19982.0,-16.0,16.0,8.000800080008002,True,2024-07-22 18:35:00-04:00,40.0,2024-07-22 18:40:00-04:00,19998.0,16.0,15.75,32.0,31.5,9.0,16.25,72
16:00,2024-07-23 16:00:00-04:00,2.0,2024-07-23 18:00:00-04:00,2024-07-24 00:00:00-04:00,Long,19924.5,19886.75,-37.75,37.75,18.946523124796105,False,,,2024-07-24 00:00:00-04:00,19799.0,-87.75,-88.0,-175.5,-176.0,100.75,0.0,72
16:00,2024-07-24 16:00:00-04:00,2.0,2024-07-24 18:00:00-04:00,2024-07-25 00:00:00-04:00,Short,19204.75,19258.0,53.25,53.25,27.727515328239107,False,,,2024-07-25 00:00:00-04:00,19268.0,-10.0,-10.25,-20.0,-20.5,46.75,42.25,72
16:00,2024-07-25 16:00:00-04:00,2.0,2024-07-25 18:00:00-04:00,2024-07-26 00:00:00-04:00,Short,18991.25,19000.25,9.0,9.0,4.739024550779964,False,,,2024-07-26 00:00:00-04:00,19072.75,-72.5,-72.75,-145.0,-145.5,91.5,5.5,72
16:00,2024-07-29 16:00:00-04:00,2.0,2024-07-29 18:00:00-04:00,2024-07-30 00:00:00-04:00,Short,19209.0,19220.0,11.0,11.0,5.726482378051955,True,2024-07-29 18:40:00-04:00,45.0,2024-07-29 18:45:00-04:00,19209.0,11.0,10.75,22.0,21.5,14.5,13.5,72
16:00,2024-07-30 16:00:00-04:00,2.0,2024-07-30 18:00:00-04:00,2024-07-31 00:00:00-04:00,Long,18939.25,18870.0,-69.25,69.25,36.56427788851195,True,2024-07-30 18:00:00-04:00,5.0,2024-07-30 18:05:00-04:00,18939.25,69.25,69.0,138.5,138.0,8.0,89.5,72
16:00,2024-07-31 16:00:00-04:00,2.0,2024-07-31 18:00:00-04:00,2024-08-01 00:00:00-04:00,Short,19496.0,19588.0,92.0,92.0,47.189167008617154,False,,,2024-08-01 00:00:00-04:00,19683.75,-95.75,-96.0,-191.5,-192.0,128.75,5.25,72
16:00,2024-08-01 16:00:00-04:00,2.0,2024-08-01 18:00:00-04:00,2024-08-02 00:00:00-04:00,Long,19028.0,18961.0,-67.0,67.0,35.2112676056338,False,,,2024-08-02 00:00:00-04:00,18789.25,-171.75,-172.0,-343.5,-344.0,275.25,20.5,72
16:00,2024-08-05 16:00:00-04:00,2.0,2024-08-05 18:00:00-04:00,2024-08-06 00:00:00-04:00,Short,18020.5,18164.5,144.0,144.0,79.90899253627812,False,,,2024-08-06 00:00:00-04:00,18391.5,-227.0,-227.25,-454.0,-454.5,271.0,0.0,72
16:00,2024-08-06 16:00:00-04:00,2.0,2024-08-06 18:00:00-04:00,2024-08-07 00:00:00-04:00,Long,18171.25,18040.25,-131.0,131.0,72.09190341886222,True,2024-08-06 20:30:00-04:00,155.0,2024-08-06 20:35:00-04:00,18171.25,131.0,130.75,262.0,261.5,12.75,146.5,72
16:00,2024-08-07 16:00:00-04:00,2.0,2024-08-07 18:00:00-04:00,2024-08-08 00:00:00-04:00,Long,17972.25,17881.25,-91.0,91.0,50.63361571311327,True,2024-08-07 21:15:00-04:00,200.0,2024-08-07 21:20:00-04:00,17972.25,91.0,90.75,182.0,181.5,136.25,96.75,72
16:00,2024-08-08 16:00:00-04:00,2.0,2024-08-08 18:00:00-04:00,2024-08-09 00:00:00-04:00,Short,18519.0,18551.75,32.75,32.75,17.68454020195475,True,2024-08-08 20:30:00-04:00,155.0,2024-08-08 20:35:00-04:00,18519.0,32.75,32.5,65.5,65.0,65.5,38.25,72
16:00,2024-08-12 16:00:00-04:00,2.0,2024-08-12 18:00:00-04:00,2024-08-13 00:00:00-04:00,Long,18644.5,18644.0,-0.5,0.5,0.2681756013837861,True,2024-08-12 18:00:00-04:00,5.0,2024-08-12 18:05:00-04:00,18644.5,0.5,0.25,1.0,0.5,11.5,6.0,72
16:00,2024-08-13 16:00:00-04:00,2.0,2024-08-13 18:00:00-04:00,2024-08-14 00:00:00-04:00,Long,19101.25,19100.0,-1.25,1.25,0.654407434068451,True,2024-08-13 18:00:00-04:00,5.0,2024-08-13 18:05:00-04:00,19101.25,1.25,1.0,2.5,2.0,0.75,24.75,72
16:00,2024-08-14 16:00:00-04:00,2.0,2024-08-14 18:00:00-04:00,2024-08-15 00:00:00-04:00,Short,19108.0,19148.25,40.25,40.25,21.064475612308982,True,2024-08-14 19:45:00-04:00,110.0,2024-08-14 19:50:00-04:00,19108.0,40.25,40.0,80.5,80.0,1.75,48.0,72
16:00,2024-08-15 16:00:00-04:00,2.0,2024-08-15 18:00:00-04:00,2024-08-16 00:00:00-04:00,Long,19588.0,19569.0,-19.0,19.0,9.699816214008576,True,2024-08-15 18:20:00-04:00,25.0,2024-08-15 18:25:00-04:00,19588.0,19.0,18.75,38.0,37.5,7.5,20.0,72
16:00,2024-08-19 16:00:00-04:00,2.0,2024-08-19 18:00:00-04:00,2024-08-20 00:00:00-04:00,Long,19860.25,19854.0,-6.25,6.25,3.146989589758437,True,2024-08-19 18:00:00-04:00,5.0,2024-08-19 18:05:00-04:00,19860.25,6.25,6.0,12.5,12.0,0.0,26.5,72
16:00,2024-08-20 16:00:00-04:00,2.0,2024-08-20 18:00:00-04:00,2024-08-21 00:00:00-04:00,Long,19811.75,19805.0,-6.75,6.75,3.4070690373137156,True,2024-08-20 18:00:00-04:00,5.0,2024-08-20 18:05:00-04:00,19811.75,6.75,6.5,13.5,13.0,8.5,12.25,72
16:00,2024-08-21 16:00:00-04:00,2.0,2024-08-21 18:00:00-04:00,2024-08-22 00:00:00-04:00,Short,19906.0,19917.75,11.75,11.75,5.902742891590475,True,2024-08-21 22:15:00-04:00,260.0,2024-08-21 22:20:00-04:00,19906.0,11.75,11.5,23.5,23.0,28.25,29.25,72
16:00,2024-08-22 16:00:00-04:00,2.0,2024-08-22 18:00:00-04:00,2024-08-23 00:00:00-04:00,Short,19584.75,19621.25,36.5,36.5,18.636949667470866,False,,,2024-08-23 00:00:00-04:00,19666.5,-45.25,-45.5,-90.5,-91.0,59.5,10.5,72
16:00,2024-08-26 16:00:00-04:00,2.0,2024-08-26 18:00:00-04:00,2024-08-27 00:00:00-04:00,Long,19593.25,19555.25,-38.0,38.0,19.39443430773353,True,2024-08-26 22:30:00-04:00,275.0,2024-08-26 22:35:00-04:00,19593.25,38.0,37.75,76.0,75.5,34.75,45.25,72
16:00,2024-08-27 16:00:00-04:00,2.0,2024-08-27 18:00:00-04:00,2024-08-28 00:00:00-04:00,Long,19651.25,19638.0,-13.25,13.25,6.74257362763183,False,,,2024-08-28 00:00:00-04:00,19618.75,-19.25,-19.5,-38.5,-39.0,78.0,8.25,72
16:00,2024-08-28 16:00:00-04:00,2.0,2024-08-28 18:00:00-04:00,2024-08-29 00:00:00-04:00,Long,19421.5,19240.75,-180.75,180.75,93.06696187215199,False,,,2024-08-29 00:00:00-04:00,19275.0,34.25,34.0,68.5,68.0,101.75,37.75,72
16:00,2024-08-29 16:00:00-04:00,2.0,2024-08-29 18:00:00-04:00,2024-08-30 00:00:00-04:00,Short,19393.25,19449.0,55.75,55.75,28.747115620125562,False,,,2024-08-30 00:00:00-04:00,19452.75,-3.75,-4.0,-7.5,-8.0,25.75,55.5,72
16:00,2024-09-03 16:00:00-04:00,2.0,2024-09-03 18:00:00-04:00,2024-09-04 00:00:00-04:00,Long,19012.0,18991.0,-21.0,21.0,11.045655375552283,False,,,2024-09-04 00:00:00-04:00,18880.75,-110.25,-110.5,-220.5,-221.0,166.75,16.0,72
16:00,2024-09-04 16:00:00-04:00,2.0,2024-09-04 18:00:00-04:00,2024-09-05 00:00:00-04:00,Short,18957.25,18968.5,11.25,11.25,5.93440504292553,True,2024-09-04 19:05:00-04:00,70.0,2024-09-04 19:10:00-04:00,18957.25,11.25,11.0,22.5,22.0,16.75,11.5,72
16:00,2024-09-05 16:00:00-04:00,2.0,2024-09-05 18:00:00-04:00,2024-09-06 00:00:00-04:00,Long,18975.5,18920.0,-55.5,55.5,29.2482411530658,False,,,2024-09-06 00:00:00-04:00,18871.25,-48.75,-49.0,-97.5,-98.0,129.5,14.25,72
16:00,2024-09-09 16:00:00-04:00,2.0,2024-09-09 18:00:00-04:00,2024-09-10 00:00:00-04:00,Short,18688.75,18723.75,35.0,35.0,18.727844291351747,True,2024-09-09 20:05:00-04:00,130.0,2024-09-09 20:10:00-04:00,18688.75,35.0,34.75,70.0,69.5,18.25,42.0,72
16:00,2024-09-10 16:00:00-04:00,2.0,2024-09-10 18:00:00-04:00,2024-09-11 00:00:00-04:00,Long,18855.25,18841.75,-13.5,13.5,7.159809602100211,True,2024-09-10 19:20:00-04:00,85.0,2024-09-10 19:25:00-04:00,18855.25,13.5,13.25,27.0,26.5,16.75,14.75,72
16:00,2024-09-11 16:00:00-04:00,2.0,2024-09-11 18:00:00-04:00,2024-09-12 00:00:00-04:00,Long,19255.25,19246.0,-9.25,9.25,4.803884654834396,True,2024-09-11 20:10:00-04:00,135.0,2024-09-11 20:15:00-04:00,19255.25,9.25,9.0,18.5,18.0,18.0,14.5,72
16:00,2024-09-12 16:00:00-04:00,2.0,2024-09-12 18:00:00-04:00,2024-09-13 00:00:00-04:00,Long,19451.75,19410.0,-41.75,41.75,21.463364478774405,True,2024-09-12 19:05:00-04:00,70.0,2024-09-12 19:10:00-04:00,19451.75,41.75,41.5,83.5,83.0,0.0,52.25,72
16:00,2024-09-16 16:00:00-04:00,2.0,2024-09-16 18:00:00-04:00,2024-09-17 00:00:00-04:00,Long,19438.0,19427.25,-10.75,10.75,5.530404362588744,True,2024-09-16 18:05:00-04:00,10.0,2024-09-16 18:10:00-04:00,19438.0,10.75,10.5,21.5,21.0,38.5,16.75,72
16:00,2024-09-17 16:00:00-04:00,2.0,2024-09-17 18:00:00-04:00,2024-09-18 00:00:00-04:00,Long,19445.0,19440.0,-5.0,5.0,2.5713551041398817,True,2024-09-17 18:00:00-04:00,5.0,2024-09-17 18:05:00-04:00,19445.0,5.0,4.75,10.0,9.5,0.0,17.25,72
16:00,2024-09-18 16:00:00-04:00,2.0,2024-09-18 18:00:00-04:00,2024-09-19 00:00:00-04:00,Short,19350.5,19404.75,54.25,54.25,28.035451280328676,False,,,2024-09-19 00:00:00-04:00,19629.25,-224.5,-224.75,-449.0,-449.5,228.25,5.0,72
16:00,2024-09-19 16:00:00-04:00,2.0,2024-09-19 18:00:00-04:00,2024-09-20 00:00:00-04:00,Long,19844.5,19815.0,-29.5,29.5,14.86557988359495,False,,,2024-09-20 00:00:00-04:00,19817.25,2.25,2.0,4.5,4.0,28.75,23.0,72
16:00,2024-09-23 16:00:00-04:00,2.0,2024-09-23 18:00:00-04:00,2024-09-24 00:00:00-04:00,Long,20076.5,20065.25,-11.25,11.25,5.603566358678056,True,2024-09-23 20:15:00-04:00,140.0,2024-09-23 20:20:00-04:00,20076.5,11.25,11.0,22.5,22.0,23.5,12.25,72
16:00,2024-09-24 16:00:00-04:00,2.0,2024-09-24 18:00:00-04:00,2024-09-25 00:00:00-04:00,Short,20171.0,20184.25,13.25,13.25,6.568836448366467,True,2024-09-24 20:05:00-04:00,130.0,2024-09-24 20:10:00-04:00,20171.0,13.25,13.0,26.5,26.0,8.25,16.0,72
16:00,2024-09-25 16:00:00-04:00,2.0,2024-09-25 18:00:00-04:00,2024-09-26 00:00:00-04:00,Short,20194.75,20241.75,47.0,47.0,23.27337550601023,False,,,2024-09-26 00:00:00-04:00,20363.75,-122.0,-122.25,-244.0,-244.5,128.5,12.75,72
16:00,2024-09-26 16:00:00-04:00,2.0,2024-09-26 18:00:00-04:00,2024-09-27 00:00:00-04:00,Short,20341.5,20344.5,3.0,3.0,1.4748174913354473,True,2024-09-26 19:45:00-04:00,110.0,2024-09-26 19:50:00-04:00,20341.5,3.0,2.75,6.0,5.5,37.5,14.75,72
16:00,2024-09-30 16:00:00-04:00,2.0,2024-09-30 18:00:00-04:00,2024-10-01 00:00:00-04:00,Long,20270.25,20232.0,-38.25,38.25,18.87001887001887,True,2024-09-30 20:45:00-04:00,170.0,2024-09-30 20:50:00-04:00,20270.25,38.25,38.0,76.5,76.0,18.75,46.5,72
16:00,2024-10-01 16:00:00-04:00,2.0,2024-10-01 18:00:00-04:00,2024-10-02 00:00:00-04:00,Long,19978.5,19972.0,-6.5,6.5,3.2534975098230596,True,2024-10-01 18:00:00-04:00,5.0,2024-10-01 18:05:00-04:00,19978.5,6.5,6.25,13.0,12.5,37.0,14.0,72
16:00,2024-10-02 16:00:00-04:00,2.0,2024-10-02 18:00:00-04:00,2024-10-03 00:00:00-04:00,Short,20009.75,20056.5,46.75,46.75,23.363610240007993,True,2024-10-02 20:05:00-04:00,130.0,2024-10-02 20:10:00-04:00,20009.75,46.75,46.5,93.5,93.0,11.75,49.5,72
16:00,2024-10-03 16:00:00-04:00,2.0,2024-10-03 18:00:00-04:00,2024-10-04 00:00:00-04:00,Long,19988.0,19971.75,-16.25,16.25,8.129877926756054,True,2024-10-03 18:50:00-04:00,55.0,2024-10-03 18:55:00-04:00,19988.0,16.25,16.0,32.5,32.0,30.5,24.75,72
16:00,2024-10-07 16:00:00-04:00,2.0,2024-10-07 18:00:00-04:00,2024-10-08 00:00:00-04:00,Short,19999.0,20032.0,33.0,33.0,16.50082504125206,True,2024-10-07 18:30:00-04:00,35.0,2024-10-07 18:35:00-04:00,19999.0,33.0,32.75,66.0,65.5,2.75,129.5,72
16:00,2024-10-08 16:00:00-04:00,2.0,2024-10-08 18:00:00-04:00,2024-10-09 00:00:00-04:00,Long,20300.0,20298.0,-2.0,2.0,0.9852216748768473,False,,,2024-10-09 00:00:00-04:00,20238.0,-60.0,-60.25,-120.0,-120.5,64.0,0.0,72
16:00,2024-10-09 16:00:00-04:00,2.0,2024-10-09 18:00:00-04:00,2024-10-10 00:00:00-04:00,Long,20458.5,20447.75,-10.75,10.75,5.254539677884498,True,2024-10-09 19:15:00-04:00,80.0,2024-10-09 19:20:00-04:00,20458.5,10.75,10.5,21.5,21.0,12.25,13.75,72
16:00,2024-10-10 16:00:00-04:00,2.0,2024-10-10 18:00:00-04:00,2024-10-11 00:00:00-04:00,Short,20429.5,20441.5,12.0,12.0,5.8738588805403955,True,2024-10-10 18:00:00-04:00,5.0,2024-10-10 18:05:00-04:00,20429.5,12.0,11.75,24.0,23.5,0.0,14.0,72
16:00,2024-10-14 16:00:00-04:00,2.0,2024-10-14 18:00:00-04:00,2024-10-15 00:00:00-04:00,Short,20621.5,20637.5,16.0,16.0,7.7588924181073144,True,2024-10-14 18:35:00-04:00,40.0,2024-10-14 18:40:00-04:00,20621.5,16.0,15.75,32.0,31.5,4.0,21.75,72
16:00,2024-10-15 16:00:00-04:00,2.0,2024-10-15 18:00:00-04:00,2024-10-16 00:00:00-04:00,Long,20343.75,20340.0,-3.75,3.75,1.8433179723502304,True,2024-10-15 18:50:00-04:00,55.0,2024-10-15 18:55:00-04:00,20343.75,3.75,3.5,7.5,7.0,33.25,11.25,72
16:00,2024-10-16 16:00:00-04:00,2.0,2024-10-16 18:00:00-04:00,2024-10-17 00:00:00-04:00,Long,20346.5,20332.0,-14.5,14.5,7.126532818912343,False,,,2024-10-17 00:00:00-04:00,20297.75,-34.25,-34.5,-68.5,-69.0,55.25,5.25,72
16:00,2024-10-17 16:00:00-04:00,2.0,2024-10-17 18:00:00-04:00,2024-10-18 00:00:00-04:00,Short,20364.0,20385.5,21.5,21.5,10.557847181300335,True,2024-10-17 20:25:00-04:00,150.0,2024-10-17 20:30:00-04:00,20364.0,21.5,21.25,43.0,42.5,30.25,63.0,72
16:00,2024-10-21 16:00:00-04:00,2.0,2024-10-21 18:00:00-04:00,2024-10-22 00:00:00-04:00,Short,20520.5,20539.0,18.5,18.5,9.015374869033405,True,2024-10-21 18:40:00-04:00,45.0,2024-10-21 18:45:00-04:00,20520.5,18.5,18.25,37.0,36.5,4.75,22.0,72
16:00,2024-10-22 16:00:00-04:00,2.0,2024-10-22 18:00:00-04:00,2024-10-23 00:00:00-04:00,Long,20540.25,20522.75,-17.5,17.5,8.519857353245458,False,,,2024-10-23 00:00:00-04:00,20512.25,-10.5,-10.75,-21.0,-21.5,32.25,14.75,72
16:00,2024-10-23 16:00:00-04:00,2.0,2024-10-23 18:00:00-04:00,2024-10-24 00:00:00-04:00,Short,20218.5,20299.5,81.0,81.0,40.06231916314267,False,,,2024-10-24 00:00:00-04:00,20320.0,-20.5,-20.75,-41.0,-41.5,43.75,31.5,72
16:00,2024-10-24 16:00:00-04:00,2.0,2024-10-24 18:00:00-04:00,2024-10-25 00:00:00-04:00,Short,20380.0,20385.0,5.0,5.0,2.453385672227674,True,2024-10-24 18:05:00-04:00,10.0,2024-10-24 18:10:00-04:00,20380.0,5.0,4.75,10.0,9.5,13.5,8.75,72
16:00,2024-10-28 16:00:00-04:00,2.0,2024-10-28 18:00:00-04:00,2024-10-29 00:00:00-04:00,Short,20500.0,20508.0,8.0,8.0,3.9024390243902443,True,2024-10-28 18:10:00-04:00,15.0,2024-10-28 18:15:00-04:00,20500.0,8.0,7.75,16.0,15.5,12.0,13.5,72
16:00,2024-10-29 16:00:00-04:00,2.0,2024-10-29 18:00:00-04:00,2024-10-30 00:00:00-04:00,Short,20695.25,20725.0,29.75,29.75,14.37527935154202,False,,,2024-10-30 00:00:00-04:00,20729.0,-4.0,-4.25,-8.0,-8.5,64.75,10.5,72
16:00,2024-10-30 16:00:00-04:00,2.0,2024-10-30 18:00:00-04:00,2024-10-31 00:00:00-04:00,Long,20536.0,20486.0,-50.0,50.0,24.347487339306586,False,,,2024-10-31 00:00:00-04:00,20422.25,-63.75,-64.0,-127.5,-128.0,85.75,10.5,72
16:00,2024-10-31 16:00:00-04:00,2.0,2024-10-31 18:00:00-04:00,2024-11-01 00:00:00-04:00,Short,20012.5,20065.25,52.75,52.75,26.358525921299186,False,,,2024-11-01 00:00:00-04:00,20086.75,-21.5,-21.75,-43.0,-43.5,46.5,47.5,72
16:00,2024-11-04 16:00:00-05:00,2.0,2024-11-04 18:00:00-05:00,2024-11-05 00:00:00-05:00,Short,20085.75,20128.0,42.25,42.25,21.034813238241043,True,2024-11-04 18:55:00-05:00,60.0,2024-11-04 19:00:00-05:00,20085.75,42.25,42.0,84.5,84.0,6.0,43.25,72
16:00,2024-11-05 16:00:00-05:00,2.0,2024-11-05 18:00:00-05:00,2024-11-06 00:00:00-05:00,Short,20341.25,20365.0,23.75,23.75,11.67578197013458,True,2024-11-05 18:15:00-05:00,20.0,2024-11-05 18:20:00-05:00,20341.25,23.75,23.5,47.5,47.0,0.5,25.0,72
16:00,2024-11-06 16:00:00-05:00,2.0,2024-11-06 18:00:00-05:00,2024-11-07 00:00:00-05:00,Short,20893.5,20924.25,30.75,30.75,14.71749587192189,True,2024-11-06 18:50:00-05:00,55.0,2024-11-06 18:55:00-05:00,20893.5,30.75,30.5,61.5,61.0,0.0,34.25,72
16:00,2024-11-07 16:00:00-05:00,2.0,2024-11-07 18:00:00-05:00,2024-11-08 00:00:00-05:00,Short,21221.75,21225.0,3.25,3.25,1.5314476892810442,True,2024-11-07 18:00:00-05:00,5.0,2024-11-07 18:05:00-05:00,21221.75,3.25,3.0,6.5,6.0,6.0,21.75,72
16:00,2024-11-11 16:00:00-05:00,2.0,2024-11-11 18:00:00-05:00,2024-11-12 00:00:00-05:00,Long,21220.0,21218.0,-2.0,2.0,0.942507068803016,True,2024-11-11 19:00:00-05:00,65.0,2024-11-11 19:05:00-05:00,21220.0,2.0,1.75,4.0,3.5,17.0,2.75,72
16:00,2024-11-12 16:00:00-05:00,2.0,2024-11-12 18:00:00-05:00,2024-11-13 00:00:00-05:00,Long,21185.25,21180.5,-4.75,4.75,2.2421260074816205,False,,,2024-11-13 00:00:00-05:00,21140.25,-40.25,-40.5,-80.5,-81.0,49.25,1.5,72
16:00,2024-11-13 16:00:00-05:00,2.0,2024-11-13 18:00:00-05:00,2024-11-14 00:00:00-05:00,Short,21159.0,21166.0,7.0,7.0,3.3082848905902926,True,2024-11-13 18:00:00-05:00,5.0,2024-11-13 18:05:00-05:00,21159.0,7.0,6.75,14.0,13.5,0.5,19.75,72
16:00,2024-11-14 16:00:00-05:00,2.0,2024-11-14 18:00:00-05:00,2024-11-15 00:00:00-05:00,Long,21008.75,20980.0,-28.75,28.75,13.684774201225679,False,,,2024-11-15 00:00:00-05:00,20919.25,-60.75,-61.0,-121.5,-122.0,96.5,1.0,72
16:00,2024-11-18 16:00:00-05:00,2.0,2024-11-18 18:00:00-05:00,2024-11-19 00:00:00-05:00,Short,20631.25,20634.25,3.0,3.0,1.4541048167222053,True,2024-11-18 18:00:00-05:00,5.0,2024-11-18 18:05:00-05:00,20631.25,3.0,2.75,6.0,5.5,5.75,17.25,72
16:00,2024-11-19 16:00:00-05:00,2.0,2024-11-19 18:00:00-05:00,2024-11-20 00:00:00-05:00,Short,20765.25,20766.0,0.75,0.75,0.3611803373424351,True,2024-11-19 18:00:00-05:00,5.0,2024-11-19 18:05:00-05:00,20765.25,0.75,0.5,1.5,1.0,3.0,16.0,72
16:00,2024-11-20 16:00:00-05:00,2.0,2024-11-20 18:00:00-05:00,2024-11-21 00:00:00-05:00,Long,20752.0,20739.25,-12.75,12.75,6.143986121819584,True,2024-11-20 18:30:00-05:00,35.0,2024-11-20 18:35:00-05:00,20752.0,12.75,12.5,25.5,25.0,52.0,20.25,72
16:00,2024-11-21 16:00:00-05:00,2.0,2024-11-21 18:00:00-05:00,2024-11-22 00:00:00-05:00,Long,20823.5,20804.0,-19.5,19.5,9.364420006242947,True,2024-11-21 21:40:00-05:00,225.0,2024-11-21 21:45:00-05:00,20823.5,19.5,19.25,39.0,38.5,45.25,21.75,72
16:00,2024-11-25 16:00:00-05:00,2.0,2024-11-25 18:00:00-05:00,2024-11-26 00:00:00-05:00,Short,20878.0,20910.0,32.0,32.0,15.327138614809849,True,2024-11-25 18:40:00-05:00,45.0,2024-11-25 18:45:00-05:00,20878.0,32.0,31.75,64.0,63.5,24.25,55.75,72
16:00,2024-11-26 16:00:00-05:00,2.0,2024-11-26 18:00:00-05:00,2024-11-27 00:00:00-05:00,Short,20989.5,20998.25,8.75,8.75,4.16875104218776,True,2024-11-26 18:00:00-05:00,5.0,2024-11-26 18:05:00-05:00,20989.5,8.75,8.5,17.5,17.0,0.0,29.5,72
16:00,2024-11-27 16:00:00-05:00,2.0,2024-11-27 18:00:00-05:00,2024-11-28 00:00:00-05:00,Long,20816.75,20814.75,-2.0,2.0,0.9607647687559298,True,2024-11-27 18:00:00-05:00,5.0,2024-11-27 18:05:00-05:00,20816.75,2.0,1.75,4.0,3.5,8.25,16.75,72
16:00,2024-12-02 16:00:00-05:00,2.0,2024-12-02 18:00:00-05:00,2024-12-03 00:00:00-05:00,Long,21217.0,21215.0,-2.0,2.0,0.9426403355799594,True,2024-12-02 18:00:00-05:00,5.0,2024-12-02 18:05:00-05:00,21217.0,2.0,1.75,4.0,3.5,11.25,2.5,72
16:00,2024-12-03 16:00:00-05:00,2.0,2024-12-03 18:00:00-05:00,2024-12-04 00:00:00-05:00,Short,21279.0,21321.25,42.25,42.25,19.85525635603177,False,,,2024-12-04 00:00:00-05:00,21352.0,-30.75,-31.0,-61.5,-62.0,33.75,15.75,72
16:00,2024-12-04 16:00:00-05:00,2.0,2024-12-04 18:00:00-05:00,2024-12-05 00:00:00-05:00,Long,21537.25,21511.0,-26.25,26.25,12.18818558543918,False,,,2024-12-05 00:00:00-05:00,21510.25,-0.75,-1.0,-1.5,-2.0,16.0,12.75,72
16:00,2024-12-05 16:00:00-05:00,2.0,2024-12-05 18:00:00-05:00,2024-12-06 00:00:00-05:00,Long,21475.25,21449.25,-26.0,26.0,12.106960338063585,True,2024-12-05 21:30:00-05:00,215.0,2024-12-05 21:35:00-05:00,21475.25,26.0,25.75,52.0,51.5,25.25,28.0,72
16:00,2024-12-09 16:00:00-05:00,2.0,2024-12-09 18:00:00-05:00,2024-12-10 00:00:00-05:00,Long,21485.75,21480.0,-5.75,5.75,2.676192360052593,False,,,2024-12-10 00:00:00-05:00,21468.25,-11.75,-12.0,-23.5,-24.0,21.5,5.0,72
16:00,2024-12-10 16:00:00-05:00,2.0,2024-12-10 18:00:00-05:00,2024-12-11 00:00:00-05:00,Short,21408.0,21438.25,30.25,30.25,14.130231689088193,False,,,2024-12-11 00:00:00-05:00,21431.25,7.0,6.75,14.0,13.5,4.25,29.75,72
16:00,2024-12-11 16:00:00-05:00,2.0,2024-12-11 18:00:00-05:00,2024-12-12 00:00:00-05:00,Long,21791.5,21756.75,-34.75,34.75,15.946584677511876,False,,,2024-12-12 00:00:00-05:00,21761.25,4.5,4.25,9.0,8.5,14.25,10.5,72
16:00,2024-12-12 16:00:00-05:00,2.0,2024-12-12 18:00:00-05:00,2024-12-13 00:00:00-05:00,Short,21643.25,21700.5,57.25,57.25,26.451665068785882,False,,,2024-12-13 00:00:00-05:00,21718.0,-17.5,-17.75,-35.0,-35.5,68.25,3.0,72
16:00,2024-12-16 16:00:00-05:00,2.0,2024-12-16 18:00:00-05:00,2024-12-17 00:00:00-05:00,Short,22111.5,22113.0,1.5,1.5,0.6783800284919612,True,2024-12-16 18:00:00-05:00,5.0,2024-12-16 18:05:00-05:00,22111.5,1.5,1.25,3.0,2.5,4.0,7.75,72
16:00,2024-12-17 16:00:00-05:00,2.0,2024-12-17 18:00:00-05:00,2024-12-18 00:00:00-05:00,Short,22015.75,22018.25,2.5,2.5,1.1355506853048385,True,2024-12-17 18:00:00-05:00,5.0,2024-12-17 18:05:00-05:00,22015.75,2.5,2.25,5.0,4.5,0.0,116.5,72
16:00,2024-12-18 16:00:00-05:00,2.0,2024-12-18 18:00:00-05:00,2024-12-19 00:00:00-05:00,Long,21211.75,21197.0,-14.75,14.75,6.953693118200997,True,2024-12-18 18:00:00-05:00,5.0,2024-12-18 18:05:00-05:00,21211.75,14.75,14.5,29.5,29.0,10.0,48.5,72
16:00,2024-12-19 16:00:00-05:00,2.0,2024-12-19 18:00:00-05:00,2024-12-20 00:00:00-05:00,Short,21111.25,21155.0,43.75,43.75,20.72354787139558,True,2024-12-19 18:35:00-05:00,40.0,2024-12-19 18:40:00-05:00,21111.25,43.75,43.5,87.5,87.0,10.0,49.25,72
16:00,2024-12-23 16:00:00-05:00,2.0,2024-12-23 18:00:00-05:00,2024-12-24 00:00:00-05:00,Long,21755.75,21738.75,-17.0,17.0,7.814026176987692,True,2024-12-23 18:00:00-05:00,5.0,2024-12-23 18:05:00-05:00,21755.75,17.0,16.75,34.0,33.5,1.0,19.75,72
16:00,2024-12-26 16:00:00-05:00,2.0,2024-12-26 18:00:00-05:00,2024-12-27 00:00:00-05:00,Long,22007.25,21984.0,-23.25,23.25,10.564700269229457,True,2024-12-26 19:00:00-05:00,65.0,2024-12-26 19:05:00-05:00,22007.25,23.25,23.0,46.5,46.0,9.75,24.75,72
16:00,2024-12-30 16:00:00-05:00,2.0,2024-12-30 18:00:00-05:00,2024-12-31 00:00:00-05:00,Long,21412.0,21391.25,-20.75,20.75,9.69082757332337,True,2024-12-30 20:35:00-05:00,160.0,2024-12-30 20:40:00-05:00,21412.0,20.75,20.5,41.5,41.0,48.0,23.5,72
16:00,2025-01-02 16:00:00-05:00,2.0,2025-01-02 18:00:00-05:00,2025-01-03 00:00:00-05:00,Short,21169.5,21191.5,22.0,22.0,10.392309690828787,True,2025-01-02 18:05:00-05:00,10.0,2025-01-02 18:10:00-05:00,21169.5,22.0,21.75,44.0,43.5,0.0,27.75,72
16:00,2025-01-06 16:00:00-05:00,2.0,2025-01-06 18:00:00-05:00,2025-01-07 00:00:00-05:00,Short,21750.0,21781.0,31.0,31.0,14.252873563218392,True,2025-01-06 20:00:00-05:00,125.0,2025-01-06 20:05:00-05:00,21750.0,31.0,30.75,62.0,61.5,15.75,32.25,72
16:00,2025-01-07 16:00:00-05:00,2.0,2025-01-07 18:00:00-05:00,2025-01-08 00:00:00-05:00,Short,21359.5,21386.25,26.75,26.75,12.523701397504624,True,2025-01-07 18:00:00-05:00,5.0,2025-01-07 18:05:00-05:00,21359.5,26.75,26.5,53.5,53.0,0.0,28.25,72
16:00,2025-01-08 16:00:00-05:00,2.0,2025-01-08 18:00:00-05:00,2025-01-09 00:00:00-05:00,Long,21360.25,21348.75,-11.5,11.5,5.383832118069779,False,,,2025-01-09 00:00:00-05:00,21311.25,-37.5,-37.75,-75.0,-75.5,77.5,0.0,72
16:00,2025-01-13 16:00:00-05:00,2.0,2025-01-13 18:00:00-05:00,2025-01-14 00:00:00-05:00,Short,20948.0,21020.0,72.0,72.0,34.3708229902616,False,,,2025-01-14 00:00:00-05:00,21042.75,-22.75,-23.0,-45.5,-46.0,68.75,22.75,72
16:00,2025-01-14 16:00:00-05:00,2.0,2025-01-14 18:00:00-05:00,2025-01-15 00:00:00-05:00,Short,20923.75,20975.75,52.0,52.0,24.8521417050003,False,,,2025-01-15 00:00:00-05:00,20945.0,30.75,30.5,61.5,61.0,0.0,49.0,72
16:00,2025-01-15 16:00:00-05:00,2.0,2025-01-15 18:00:00-05:00,2025-01-16 00:00:00-05:00,Long,21396.0,21386.25,-9.75,9.75,4.556926528323051,True,2025-01-15 18:05:00-05:00,10.0,2025-01-15 18:10:00-05:00,21396.0,9.75,9.5,19.5,19.0,9.25,16.75,72
16:00,2025-01-16 16:00:00-05:00,2.0,2025-01-16 18:00:00-05:00,2025-01-17 00:00:00-05:00,Long,21248.0,21225.0,-23.0,23.0,10.824548192771084,True,2025-01-16 20:00:00-05:00,125.0,2025-01-16 20:05:00-05:00,21248.0,23.0,22.75,46.0,45.5,16.25,32.5,72
16:00,2025-01-21 16:00:00-05:00,2.0,2025-01-21 18:00:00-05:00,2025-01-22 00:00:00-05:00,Short,21714.5,21800.0,85.5,85.5,39.37461143475558,False,,,2025-01-22 00:00:00-05:00,21869.25,-69.25,-69.5,-138.5,-139.0,77.0,31.0,72
16:00,2025-01-22 16:00:00-05:00,2.0,2025-01-22 18:00:00-05:00,2025-01-23 00:00:00-05:00,Long,21997.25,21982.5,-14.75,14.75,6.705383627498892,False,,,2025-01-23 00:00:00-05:00,21964.0,-18.5,-18.75,-37.0,-37.5,56.25,2.5,72
16:00,2025-01-23 16:00:00-05:00,2.0,2025-01-23 18:00:00-05:00,2025-01-24 00:00:00-05:00,Long,22042.0,22018.0,-24.0,24.0,10.888304146629162,True,2025-01-23 21:15:00-05:00,200.0,2025-01-23 21:20:00-05:00,22042.0,24.0,23.75,48.0,47.5,23.5,41.0,72
16:00,2025-01-27 16:00:00-05:00,2.0,2025-01-27 18:00:00-05:00,2025-01-28 00:00:00-05:00,Short,21258.5,21340.0,81.5,81.5,38.33760613401698,True,2025-01-27 18:20:00-05:00,25.0,2025-01-27 18:25:00-05:00,21258.5,81.5,81.25,163.0,162.5,16.5,94.0,72
16:00,2025-01-28 16:00:00-05:00,2.0,2025-01-28 18:00:00-05:00,2025-01-29 00:00:00-05:00,Long,21576.0,21558.0,-18.0,18.0,8.342602892102336,True,2025-01-28 18:15:00-05:00,20.0,2025-01-28 18:20:00-05:00,21576.0,18.0,17.75,36.0,35.5,27.0,19.25,72
16:00,2025-01-29 16:00:00-05:00,2.0,2025-01-29 18:00:00-05:00,2025-01-30 00:00:00-05:00,Short,21530.0,21555.75,25.75,25.75,11.960055736182072,True,2025-01-29 18:20:00-05:00,25.0,2025-01-29 18:25:00-05:00,21530.0,25.75,25.5,51.5,51.0,29.25,33.75,72
16:00,2025-01-30 16:00:00-05:00,2.0,2025-01-30 18:00:00-05:00,2025-01-31 00:00:00-05:00,Short,21624.25,21684.0,59.75,59.75,27.631016104604782,False,,,2025-01-31 00:00:00-05:00,21729.5,-45.5,-45.75,-91.0,-91.5,103.0,23.5,72
16:00,2025-02-03 16:00:00-05:00,2.0,2025-02-03 18:00:00-05:00,2025-02-04 00:00:00-05:00,Short,21406.75,21592.25,185.5,185.5,86.65491025027153,False,,,2025-02-04 00:00:00-05:00,21449.5,142.75,142.5,285.5,285.0,7.75,165.25,72
16:00,2025-02-04 16:00:00-05:00,2.0,2025-02-04 18:00:00-05:00,2025-02-05 00:00:00-05:00,Long,21668.0,21566.0,-102.0,102.0,47.07402621377146,False,,,2025-02-05 00:00:00-05:00,21561.75,-4.25,-4.5,-8.5,-9.0,32.0,58.5,72
16:00,2025-02-05 16:00:00-05:00,2.0,2025-02-05 18:00:00-05:00,2025-02-06 00:00:00-05:00,Short,21761.5,21768.0,6.5,6.5,2.9869264526801924,True,2025-02-05 18:00:00-05:00,5.0,2025-02-05 18:05:00-05:00,21761.5,6.5,6.25,13.0,12.5,0.0,15.0,72
16:00,2025-02-06 16:00:00-05:00,2.0,2025-02-06 18:00:00-05:00,2025-02-07 00:00:00-05:00,Long,21871.0,21819.75,-51.25,51.25,23.43285629372228,True,2025-02-06 20:05:00-05:00,130.0,2025-02-06 20:10:00-05:00,21871.0,51.25,51.0,102.5,102.0,13.75,55.0,72
16:00,2025-02-10 16:00:00-05:00,2.0,2025-02-10 18:00:00-05:00,2025-02-11 00:00:00-05:00,Long,21843.0,21832.0,-11.0,11.0,5.035938286865357,False,,,2025-02-11 00:00:00-05:00,21783.5,-48.5,-48.75,-97.0,-97.5,82.0,0.0,72
16:00,2025-02-11 16:00:00-05:00,2.0,2025-02-11 18:00:00-05:00,2025-02-12 00:00:00-05:00,Short,21790.25,21802.0,11.75,11.75,5.392319959614966,True,2025-02-11 18:10:00-05:00,15.0,2025-02-11 18:15:00-05:00,21790.25,11.75,11.5,23.5,23.0,12.25,20.5,72
16:00,2025-02-12 16:00:00-05:00,2.0,2025-02-12 18:00:00-05:00,2025-02-13 00:00:00-05:00,Short,21801.75,21865.0,63.25,63.25,29.011432568486477,False,,,2025-02-13 00:00:00-05:00,21906.75,-41.75,-42.0,-83.5,-84.0,62.0,19.75,72
16:00,2025-02-13 16:00:00-05:00,2.0,2025-02-13 18:00:00-05:00,2025-02-14 00:00:00-05:00,Long,22109.0,22072.5,-36.5,36.5,16.50911393550138,True,2025-02-13 20:05:00-05:00,130.0,2025-02-13 20:10:00-05:00,22109.0,36.5,36.25,73.0,72.5,4.5,41.5,72
16:00,2025-02-18 16:00:00-05:00,2.0,2025-02-18 18:00:00-05:00,2025-02-19 00:00:00-05:00,Long,22238.75,22227.0,-11.75,11.75,5.283570344556236,True,2025-02-18 18:00:00-05:00,5.0,2025-02-18 18:05:00-05:00,22238.75,11.75,11.5,23.5,23.0,5.5,24.0,72
16:00,2025-02-19 16:00:00-05:00,2.0,2025-02-19 18:00:00-05:00,2025-02-20 00:00:00-05:00,Long,22246.75,22215.0,-31.75,31.75,14.27174755863216,False,,,2025-02-20 00:00:00-05:00,22175.75,-39.25,-39.5,-78.5,-79.0,57.5,20.0,72
16:00,2025-02-20 16:00:00-05:00,2.0,2025-02-20 18:00:00-05:00,2025-02-21 00:00:00-05:00,Long,22145.25,22134.75,-10.5,10.5,4.741423104277441,True,2025-02-20 18:00:00-05:00,5.0,2025-02-20 18:05:00-05:00,22145.25,10.5,10.25,21.0,20.5,9.75,19.5,72
16:00,2025-02-24 16:00:00-05:00,2.0,2025-02-24 18:00:00-05:00,2025-02-25 00:00:00-05:00,Short,21421.75,21440.25,18.5,18.5,8.636082486258125,True,2025-02-24 18:15:00-05:00,20.0,2025-02-24 18:20:00-05:00,21421.75,18.5,18.25,37.0,36.5,13.0,19.75,72
16:00,2025-02-25 16:00:00-05:00,2.0,2025-02-25 18:00:00-05:00,2025-02-26 00:00:00-05:00,Short,21150.25,21225.0,74.75,74.75,35.342371839576366,False,,,2025-02-26 00:00:00-05:00,21251.5,-26.5,-26.75,-53.0,-53.5,41.75,26.5,72
16:00,2025-02-26 16:00:00-05:00,2.0,2025-02-26 18:00:00-05:00,2025-02-27 00:00:00-05:00,Short,21192.0,21250.75,58.75,58.75,27.72272555681389,True,2025-02-26 18:20:00-05:00,25.0,2025-02-26 18:25:00-05:00,21192.0,58.75,58.5,117.5,117.0,11.75,88.5,72
16:00,2025-02-27 16:00:00-05:00,2.0,2025-02-27 18:00:00-05:00,2025-02-28 00:00:00-05:00,Short,20608.5,20649.5,41.0,41.0,19.894703641701238,True,2025-02-27 20:30:00-05:00,155.0,2025-02-27 20:35:00-05:00,20608.5,41.0,40.75,82.0,81.5,38.25,111.25,72
16:00,2025-03-03 16:00:00-05:00,2.0,2025-03-03 18:00:00-05:00,2025-03-04 00:00:00-05:00,Short,20473.25,20525.0,51.75,51.75,25.27688569230581,True,2025-03-03 20:30:00-05:00,155.0,2025-03-03 20:35:00-05:00,20473.25,51.75,51.5,103.5,103.0,45.75,58.75,72
16:00,2025-03-04 16:00:00-05:00,2.0,2025-03-04 18:00:00-05:00,2025-03-05 00:00:00-05:00,Short,20397.25,20553.25,156.0,156.0,76.48089816029122,False,,,2025-03-05 00:00:00-05:00,20537.0,16.25,16.0,32.5,32.0,41.5,112.75,72
16:00,2025-03-05 16:00:00-05:00,2.0,2025-03-05 18:00:00-05:00,2025-03-06 00:00:00-05:00,Long,20658.0,20608.0,-50.0,50.0,24.203698325104078,False,,,2025-03-06 00:00:00-05:00,20637.75,29.75,29.5,59.5,59.0,25.75,39.5,72
16:00,2025-03-06 16:00:00-05:00,2.0,2025-03-06 18:00:00-05:00,2025-03-07 00:00:00-05:00,Short,20094.0,20212.0,118.0,118.0,58.723997213098436,False,,,2025-03-07 00:00:00-05:00,20183.25,28.75,28.5,57.5,57.0,13.0,70.75,72
16:00,2025-03-10 16:00:00-04:00,2.0,2025-03-10 18:00:00-04:00,2025-03-11 00:00:00-04:00,Long,19463.25,19439.0,-24.25,24.25,12.4593785724378,True,2025-03-10 23:05:00-04:00,310.0,2025-03-10 23:10:00-04:00,19463.25,24.25,24.0,48.5,48.0,299.0,53.0,72
16:00,2025-03-11 16:00:00-04:00,2.0,2025-03-11 18:00:00-04:00,2025-03-12 00:00:00-04:00,Short,19392.75,19412.0,19.25,19.25,9.926390016887755,False,,,2025-03-12 00:00:00-04:00,19450.75,-38.75,-39.0,-77.5,-78.0,88.25,9.75,72
16:00,2025-03-12 16:00:00-04:00,2.0,2025-03-12 18:00:00-04:00,2025-03-13 00:00:00-04:00,Long,19609.25,19575.0,-34.25,34.25,17.46624679679233,True,2025-03-12 18:15:00-04:00,20.0,2025-03-12 18:20:00-04:00,19609.25,34.25,34.0,68.5,68.0,8.0,49.5,72
16:00,2025-03-13 16:00:00-04:00,2.0,2025-03-13 18:00:00-04:00,2025-03-14 00:00:00-04:00,Short,19252.0,19310.0,58.0,58.0,30.12674007895284,False,,,2025-03-14 00:00:00-04:00,19449.5,-139.5,-139.75,-279.0,-279.5,149.25,11.75,72
16:00,2025-03-17 16:00:00-04:00,2.0,2025-03-17 18:00:00-04:00,2025-03-18 00:00:00-04:00,Long,19832.5,19830.5,-2.0,2.0,1.0084457330139922,True,2025-03-17 18:00:00-04:00,5.0,2025-03-17 18:05:00-04:00,19832.5,2.0,1.75,4.0,3.5,5.5,17.0,72
16:00,2025-03-18 16:00:00-04:00,2.0,2025-03-18 18:00:00-04:00,2025-03-19 00:00:00-04:00,Long,19501.75,19491.5,-10.25,10.25,5.255938569615547,True,2025-03-18 18:00:00-04:00,5.0,2025-03-18 18:05:00-04:00,19501.75,10.25,10.0,20.5,20.0,4.25,13.25,72
16:00,2025-03-19 16:00:00-04:00,2.0,2025-03-19 18:00:00-04:00,2025-03-20 00:00:00-04:00,Short,19749.25,19755.0,5.75,5.75,2.911502968467157,True,2025-03-19 18:00:00-04:00,5.0,2025-03-19 18:05:00-04:00,19749.25,5.75,5.5,11.5,11.0,4.25,12.25,72
16:00,2025-03-20 16:00:00-04:00,2.0,2025-03-20 18:00:00-04:00,2025-03-21 00:00:00-04:00,Short,19681.0,19691.0,10.0,10.0,5.081042629947665,True,2025-03-20 18:00:00-04:00,5.0,2025-03-20 18:05:00-04:00,19681.0,10.0,9.75,20.0,19.5,8.5,11.5,72
16:00,2025-03-24 16:00:00-04:00,2.0,2025-03-24 18:00:00-04:00,2025-03-25 00:00:00-04:00,Long,20366.0,20358.25,-7.75,7.75,3.8053618776392026,True,2025-03-24 18:00:00-04:00,5.0,2025-03-24 18:05:00-04:00,20366.0,7.75,7.5,15.5,15.0,0.75,9.5,72
16:00,2025-03-25 16:00:00-04:00,2.0,2025-03-25 18:00:00-04:00,2025-03-26 00:00:00-04:00,Short,20488.25,20513.0,24.75,24.75,12.080094688418972,True,2025-03-25 22:20:00-04:00,265.0,2025-03-25 22:25:00-04:00,20488.25,24.75,24.5,49.5,49.0,23.75,36.0,72
16:00,2025-03-26 16:00:00-04:00,2.0,2025-03-26 18:00:00-04:00,2025-03-27 00:00:00-04:00,Long,20112.5,20057.5,-55.0,55.0,27.346177750155377,True,2025-03-26 22:10:00-04:00,255.0,2025-03-26 22:15:00-04:00,20112.5,55.0,54.75,110.0,109.5,54.5,55.5,72
16:00,2025-03-27 16:00:00-04:00,2.0,2025-03-27 18:00:00-04:00,2025-03-28 00:00:00-04:00,Short,19995.25,19998.25,3.0,3.0,1.5003563346294746,True,2025-03-27 18:00:00-04:00,5.0,2025-03-27 18:05:00-04:00,19995.25,3.0,2.75,6.0,5.5,13.0,9.75,72
16:00,2025-03-31 16:00:00-04:00,2.0,2025-03-31 18:00:00-04:00,2025-04-01 00:00:00-04:00,Long,19450.25,19413.0,-37.25,37.25,19.151424788884462,False,,,2025-04-01 00:00:00-04:00,19360.5,-52.5,-52.75,-105.0,-105.5,129.25,0.25,72
16:00,2025-04-01 16:00:00-04:00,2.0,2025-04-01 18:00:00-04:00,2025-04-02 00:00:00-04:00,Long,19603.25,19597.75,-5.5,5.5,2.8056572252050045,True,2025-04-01 18:00:00-04:00,5.0,2025-04-01 18:05:00-04:00,19603.25,5.5,5.25,11.0,10.5,3.5,16.25,72
16:00,2025-04-02 16:00:00-04:00,2.0,2025-04-02 18:00:00-04:00,2025-04-03 00:00:00-04:00,Long,19746.5,19023.5,-723.0,723.0,366.14083508469855,False,,,2025-04-03 00:00:00-04:00,19104.0,80.5,80.25,161.0,160.5,206.0,117.0,72
16:00,2025-04-03 16:00:00-04:00,2.0,2025-04-03 18:00:00-04:00,2025-04-04 00:00:00-04:00,Long,18686.25,18656.5,-29.75,29.75,15.92079737775102,True,2025-04-03 18:00:00-04:00,5.0,2025-04-03 18:05:00-04:00,18686.25,29.75,29.5,59.5,59.0,0.5,41.5,72
16:00,2025-04-07 16:00:00-04:00,2.0,2025-04-07 18:00:00-04:00,2025-04-08 00:00:00-04:00,Short,17560.25,17650.25,90.0,90.0,51.25211770903034,False,,,2025-04-08 00:00:00-04:00,17771.25,-121.0,-121.25,-242.0,-242.5,234.75,6.25,72
16:00,2025-04-08 16:00:00-04:00,2.0,2025-04-08 18:00:00-04:00,2025-04-09 00:00:00-04:00,Long,17239.25,17226.0,-13.25,13.25,7.685949214728018,True,2025-04-08 18:00:00-04:00,5.0,2025-04-08 18:05:00-04:00,17239.25,13.25,13.0,26.5,26.0,156.25,17.0,72
16:00,2025-04-09 16:00:00-04:00,2.0,2025-04-09 18:00:00-04:00,2025-04-10 00:00:00-04:00,Long,19272.0,19266.0,-6.0,6.0,3.1133250311332503,True,2025-04-09 18:00:00-04:00,5.0,2025-04-09 18:05:00-04:00,19272.0,6.0,5.75,12.0,11.5,30.0,68.75,72
16:00,2025-04-10 16:00:00-04:00,2.0,2025-04-10 18:00:00-04:00,2025-04-11 00:00:00-04:00,Long,18483.25,18470.0,-13.25,13.25,7.16865269906537,True,2025-04-10 18:00:00-04:00,5.0,2025-04-10 18:05:00-04:00,18483.25,13.25,13.0,26.5,26.0,3.5,58.75,72
16:00,2025-04-14 16:00:00-04:00,2.0,2025-04-14 18:00:00-04:00,2025-04-15 00:00:00-04:00,Long,18941.0,18903.75,-37.25,37.25,19.666332295021384,True,2025-04-14 21:15:00-04:00,200.0,2025-04-14 21:20:00-04:00,18941.0,37.25,37.0,74.5,74.0,94.0,46.25,72
16:00,2025-04-15 16:00:00-04:00,2.0,2025-04-15 18:00:00-04:00,2025-04-16 00:00:00-04:00,Long,18959.75,18810.0,-149.75,149.75,78.9831089544957,False,,,2025-04-16 00:00:00-04:00,18673.75,-136.25,-136.5,-272.5,-273.0,173.25,0.0,72
16:00,2025-04-16 16:00:00-04:00,2.0,2025-04-16 18:00:00-04:00,2025-04-17 00:00:00-04:00,Long,18387.5,18381.0,-6.5,6.5,3.5350101971447994,True,2025-04-16 18:00:00-04:00,5.0,2025-04-16 18:05:00-04:00,18387.5,6.5,6.25,13.0,12.5,0.0,45.25,72
16:00,2025-04-21 16:00:00-04:00,2.0,2025-04-21 18:00:00-04:00,2025-04-22 00:00:00-04:00,Long,17922.25,17912.0,-10.25,10.25,5.719147986441434,True,2025-04-21 18:00:00-04:00,5.0,2025-04-21 18:05:00-04:00,17922.25,10.25,10.0,20.5,20.0,21.75,19.0,72
16:00,2025-04-22 16:00:00-04:00,2.0,2025-04-22 18:00:00-04:00,2025-04-23 00:00:00-04:00,Short,18379.75,18618.25,238.5,238.5,129.76237435220827,False,,,2025-04-23 00:00:00-04:00,18702.75,-84.5,-84.75,-169.0,-169.5,183.0,0.0,72
16:00,2025-04-23 16:00:00-04:00,2.0,2025-04-23 18:00:00-04:00,2025-04-24 00:00:00-04:00,Short,18788.0,18832.0,44.0,44.0,23.4192037470726,True,2025-04-23 18:00:00-04:00,5.0,2025-04-23 18:05:00-04:00,18788.0,44.0,43.75,88.0,87.5,14.0,67.5,72
16:00,2025-04-24 16:00:00-04:00,2.0,2025-04-24 18:00:00-04:00,2025-04-25 00:00:00-04:00,Short,19319.25,19396.75,77.5,77.5,40.11542891157783,False,,,2025-04-25 00:00:00-04:00,19447.25,-50.5,-50.75,-101.0,-101.5,70.25,43.75,72
16:00,2025-04-28 16:00:00-04:00,2.0,2025-04-28 18:00:00-04:00,2025-04-29 00:00:00-04:00,Long,19524.0,19479.75,-44.25,44.25,22.66441303011678,True,2025-04-28 19:45:00-04:00,110.0,2025-04-28 19:50:00-04:00,19524.0,44.25,44.0,88.5,88.0,24.5,45.25,72
16:00,2025-04-29 16:00:00-04:00,2.0,2025-04-29 18:00:00-04:00,2025-04-30 00:00:00-04:00,Long,19645.0,19595.0,-50.0,50.0,25.451768897938408,False,,,2025-04-30 00:00:00-04:00,19523.5,-71.5,-71.75,-143.0,-143.5,110.0,16.0,72
16:00,2025-04-30 16:00:00-04:00,2.0,2025-04-30 18:00:00-04:00,2025-05-01 00:00:00-04:00,Short,19642.5,19835.0,192.5,192.5,98.00178185057909,False,,,2025-05-01 00:00:00-04:00,19957.75,-122.75,-123.0,-245.5,-246.0,129.5,23.0,72
16:00,2025-05-01 16:00:00-04:00,2.0,2025-05-01 18:00:00-04:00,2025-05-02 00:00:00-04:00,Long,19877.5,19781.75,-95.75,95.75,48.1700415042133,True,2025-05-01 20:30:00-04:00,155.0,2025-05-01 20:35:00-04:00,19877.5,95.75,95.5,191.5,191.0,33.5,105.25,72
16:00,2025-05-05 16:00:00-04:00,2.0,2025-05-05 18:00:00-04:00,2025-05-06 00:00:00-04:00,Long,20065.5,20009.75,-55.75,55.75,27.78400737584411,False,,,2025-05-06 00:00:00-04:00,19987.0,-22.75,-23.0,-45.5,-46.0,77.75,27.75,72
16:00,2025-05-06 16:00:00-04:00,2.0,2025-05-06 18:00:00-04:00,2025-05-07 00:00:00-04:00,Long,19875.75,19812.5,-63.25,63.25,31.822698514521463,True,2025-05-06 18:00:00-04:00,5.0,2025-05-06 18:05:00-04:00,19875.75,63.25,63.0,126.5,126.0,11.25,279.5,72
16:00,2025-05-07 16:00:00-04:00,2.0,2025-05-07 18:00:00-04:00,2025-05-08 00:00:00-04:00,Long,19950.0,19935.5,-14.5,14.5,7.268170426065163,True,2025-05-07 18:25:00-04:00,30.0,2025-05-07 18:30:00-04:00,19950.0,14.5,14.25,29.0,28.5,25.25,15.0,72
16:00,2025-05-08 16:00:00-04:00,2.0,2025-05-08 18:00:00-04:00,2025-05-09 00:00:00-04:00,Short,20152.75,20164.0,11.25,11.25,5.58236468968255,True,2025-05-08 18:00:00-04:00,5.0,2025-05-08 18:05:00-04:00,20152.75,11.25,11.0,22.5,22.0,18.5,16.0,72
16:00,2025-05-12 16:00:00-04:00,2.0,2025-05-12 18:00:00-04:00,2025-05-13 00:00:00-04:00,Short,20949.75,20957.5,7.75,7.75,3.6993281542739176,True,2025-05-12 18:00:00-04:00,5.0,2025-05-12 18:05:00-04:00,20949.75,7.75,7.5,15.5,15.0,2.25,24.0,72
16:00,2025-05-13 16:00:00-04:00,2.0,2025-05-13 18:00:00-04:00,2025-05-14 00:00:00-04:00,Long,21270.5,21248.25,-22.25,22.25,10.460496932371125,True,2025-05-13 18:10:00-04:00,15.0,2025-05-13 18:15:00-04:00,21270.5,22.25,22.0,44.5,44.0,3.25,22.75,72
16:00,2025-05-14 16:00:00-04:00,2.0,2025-05-14 18:00:00-04:00,2025-05-15 00:00:00-04:00,Long,21396.75,21382.0,-14.75,14.75,6.893570285206866,True,2025-05-14 21:00:00-04:00,185.0,2025-05-14 21:05:00-04:00,21396.75,14.75,14.5,29.5,29.0,25.0,15.5,72
16:00,2025-05-15 16:00:00-04:00,2.0,2025-05-15 18:00:00-04:00,2025-05-16 00:00:00-04:00,Long,21419.25,21397.25,-22.0,22.0,10.271134610222113,True,2025-05-15 20:00:00-04:00,125.0,2025-05-15 20:05:00-04:00,21419.25,22.0,21.75,44.0,43.5,18.0,35.25,72
16:00,2025-05-19 16:00:00-04:00,2.0,2025-05-19 18:00:00-04:00,2025-05-20 00:00:00-04:00,Long,21523.0,21516.75,-6.25,6.25,2.9038702783069272,True,2025-05-19 19:10:00-04:00,75.0,2025-05-19 19:15:00-04:00,21523.0,6.25,6.0,12.5,12.0,24.0,9.25,72
16:00,2025-05-20 16:00:00-04:00,2.0,2025-05-20 18:00:00-04:00,2025-05-21 00:00:00-04:00,Long,21447.25,21413.75,-33.5,33.5,15.619718145683013,False,,,2025-05-21 00:00:00-04:00,21378.25,-35.5,-35.75,-71.0,-71.5,71.0,30.25,72
16:00,2025-05-21 16:00:00-04:00,2.0,2025-05-21 18:00:00-04:00,2025-05-22 00:00:00-04:00,Long,21148.75,21147.5,-1.25,1.25,0.5910514805839588,True,2025-05-21 18:00:00-04:00,5.0,2025-05-21 18:05:00-04:00,21148.75,1.25,1.0,2.5,2.0,10.5,31.5,72
16:00,2025-05-22 16:00:00-04:00,2.0,2025-05-22 18:00:00-04:00,2025-05-23 00:00:00-04:00,Short,21183.75,21222.0,38.25,38.25,18.05629314922995,True,2025-05-22 18:40:00-04:00,45.0,2025-05-22 18:45:00-04:00,21183.75,38.25,38.0,76.5,76.0,14.25,39.25,72
16:00,2025-05-27 16:00:00-04:00,2.0,2025-05-27 18:00:00-04:00,2025-05-28 00:00:00-04:00,Short,21465.75,21478.5,12.75,12.75,5.939694629817267,True,2025-05-27 18:00:00-04:00,5.0,2025-05-27 18:05:00-04:00,21465.75,12.75,12.5,25.5,25.0,1.5,17.0,72
16:00,2025-05-28 16:00:00-04:00,2.0,2025-05-28 18:00:00-04:00,2025-05-29 00:00:00-04:00,Short,21372.75,21518.0,145.25,145.25,67.96037009743716,False,,,2025-05-29 00:00:00-04:00,21783.25,-265.25,-265.5,-530.5,-531.0,315.25,28.0,72
16:00,2025-05-29 16:00:00-04:00,2.0,2025-05-29 18:00:00-04:00,2025-05-30 00:00:00-04:00,Long,21411.75,21370.75,-41.0,41.0,19.1483647997011,False,,,2025-05-30 00:00:00-04:00,21346.25,-24.5,-24.75,-49.0,-49.5,102.5,26.25,72
16:00,2025-06-02 16:00:00-04:00,2.0,2025-06-02 18:00:00-04:00,2025-06-03 00:00:00-04:00,Short,21533.25,21551.75,18.5,18.5,8.591364517664543,True,2025-06-02 18:10:00-04:00,15.0,2025-06-02 18:15:00-04:00,21533.25,18.5,18.25,37.0,36.5,3.0,20.0,72
16:00,2025-06-03 16:00:00-04:00,2.0,2025-06-03 18:00:00-04:00,2025-06-04 00:00:00-04:00,Long,21704.0,21685.75,-18.25,18.25,8.408588278658312,True,2025-06-03 18:10:00-04:00,15.0,2025-06-03 18:15:00-04:00,21704.0,18.25,18.0,36.5,36.0,4.75,22.75,72
16:00,2025-06-04 16:00:00-04:00,2.0,2025-06-04 18:00:00-04:00,2025-06-05 00:00:00-04:00,Long,21757.5,21745.25,-12.25,12.25,5.630242445133862,True,2025-06-04 18:10:00-04:00,15.0,2025-06-04 18:15:00-04:00,21757.5,12.25,12.0,24.5,24.0,33.25,14.5,72
16:00,2025-06-05 16:00:00-04:00,2.0,2025-06-05 18:00:00-04:00,2025-06-06 00:00:00-04:00,Long,21587.5,21487.5,-100.0,100.0,46.32310364794441,True,2025-06-05 20:10:00-04:00,135.0,2025-06-05 20:15:00-04:00,21587.5,100.0,99.75,200.0,199.5,16.5,101.0,72
16:00,2025-06-09 16:00:00-04:00,2.0,2025-06-09 18:00:00-04:00,2025-06-10 00:00:00-04:00,Short,21818.5,21822.0,3.5,3.5,1.6041432729106033,True,2025-06-09 20:05:00-04:00,130.0,2025-06-09 20:10:00-04:00,21818.5,3.5,3.25,7.0,6.5,22.0,5.75,72
16:00,2025-06-10 16:00:00-04:00,2.0,2025-06-10 18:00:00-04:00,2025-06-11 00:00:00-04:00,Long,21964.75,21950.75,-14.0,14.0,6.373849008069748,True,2025-06-10 18:50:00-04:00,55.0,2025-06-10 18:55:00-04:00,21964.75,14.0,13.75,28.0,27.5,14.75,32.75,72
16:00,2025-06-11 16:00:00-04:00,2.0,2025-06-11 18:00:00-04:00,2025-06-12 00:00:00-04:00,Long,21887.75,21871.0,-16.75,16.75,7.652682436522713,True,2025-06-11 18:25:00-04:00,30.0,2025-06-11 18:30:00-04:00,21887.75,16.75,16.5,33.5,33.0,23.75,18.5,72
16:00,2025-06-12 16:00:00-04:00,2.0,2025-06-12 18:00:00-04:00,2025-06-13 00:00:00-04:00,Long,21936.75,21911.0,-25.75,25.75,11.738293047055741,False,,,2025-06-13 00:00:00-04:00,21574.25,-336.75,-337.0,-673.5,-674.0,440.5,9.0,72
16:00,2025-06-16 16:00:00-04:00,2.0,2025-06-16 18:00:00-04:00,2025-06-17 00:00:00-04:00,Long,21948.5,21934.5,-14.0,14.0,6.378568011481422,True,2025-06-16 18:00:00-04:00,5.0,2025-06-16 18:05:00-04:00,21948.5,14.0,13.75,28.0,27.5,2.25,15.5,72
16:00,2025-06-17 16:00:00-04:00,2.0,2025-06-17 18:00:00-04:00,2025-06-18 00:00:00-04:00,Long,21730.5,21718.75,-11.75,11.75,5.407146637214974,True,2025-06-17 20:05:00-04:00,130.0,2025-06-17 20:10:00-04:00,21730.5,11.75,11.5,23.5,23.0,79.25,21.75,72
16:00,2025-06-18 16:00:00-04:00,2.0,2025-06-18 18:00:00-04:00,2025-06-19 00:00:00-04:00,Long,21723.75,21717.0,-6.75,6.75,3.1071983428275507,True,2025-06-18 18:00:00-04:00,5.0,2025-06-18 18:05:00-04:00,21723.75,6.75,6.5,13.5,13.0,0.5,36.75,72
16:00,2025-06-23 16:00:00-04:00,2.0,2025-06-23 18:00:00-04:00,2025-06-24 00:00:00-04:00,Short,22073.0,22077.25,4.25,4.25,1.9254292574638698,True,2025-06-23 18:00:00-04:00,5.0,2025-06-23 18:05:00-04:00,22073.0,4.25,4.0,8.5,8.0,70.5,12.75,72
16:00,2025-06-24 16:00:00-04:00,2.0,2025-06-24 18:00:00-04:00,2025-06-25 00:00:00-04:00,Short,22405.25,22410.75,5.5,5.5,2.4547818033719775,True,2025-06-24 18:00:00-04:00,5.0,2025-06-24 18:05:00-04:00,22405.25,5.5,5.25,11.0,10.5,0.25,24.75,72
16:00,2025-06-25 16:00:00-04:00,2.0,2025-06-25 18:00:00-04:00,2025-06-26 00:00:00-04:00,Short,22463.0,22466.0,3.0,3.0,1.3355295374616036,True,2025-06-25 18:00:00-04:00,5.0,2025-06-25 18:05:00-04:00,22463.0,3.0,2.75,6.0,5.5,5.25,14.75,72
16:00,2025-06-26 16:00:00-04:00,2.0,2025-06-26 18:00:00-04:00,2025-06-27 00:00:00-04:00,Short,22673.25,22676.5,3.25,3.25,1.43340720893564,True,2025-06-26 18:00:00-04:00,5.0,2025-06-26 18:05:00-04:00,22673.25,3.25,3.0,6.5,6.0,18.0,7.5,72
16:00,2025-06-30 16:00:00-04:00,2.0,2025-06-30 18:00:00-04:00,2025-07-01 00:00:00-04:00,Long,22885.75,22866.75,-19.0,19.0,8.302109391215058,True,2025-06-30 19:50:00-04:00,115.0,2025-06-30 19:55:00-04:00,22885.75,19.0,18.75,38.0,37.5,21.25,20.75,72
16:00,2025-07-01 16:00:00-04:00,2.0,2025-07-01 18:00:00-04:00,2025-07-02 00:00:00-04:00,Short,22693.0,22696.5,3.5,3.5,1.5423258273476403,True,2025-07-01 18:00:00-04:00,5.0,2025-07-01 18:05:00-04:00,22693.0,3.5,3.25,7.0,6.5,11.75,15.25,72
16:00,2025-07-02 16:00:00-04:00,2.0,2025-07-02 18:00:00-04:00,2025-07-03 00:00:00-04:00,Short,22844.75,22846.75,2.0,2.0,0.8754746714234124,True,2025-07-02 18:00:00-04:00,5.0,2025-07-02 18:05:00-04:00,22844.75,2.0,1.75,4.0,3.5,16.25,4.75,72
16:00,2025-07-07 16:00:00-04:00,2.0,2025-07-07 18:00:00-04:00,2025-07-08 00:00:00-04:00,Long,22883.75,22840.25,-43.5,43.5,19.009122193696403,True,2025-07-07 20:35:00-04:00,160.0,2025-07-07 20:40:00-04:00,22883.75,43.5,43.25,87.0,86.5,30.75,47.5,72
16:00,2025-07-08 16:00:00-04:00,2.0,2025-07-08 18:00:00-04:00,2025-07-09 00:00:00-04:00,Short,22891.75,22909.0,17.25,17.25,7.535465833761071,True,2025-07-08 20:00:00-04:00,125.0,2025-07-08 20:05:00-04:00,22891.75,17.25,17.0,34.5,34.0,15.0,26.5,72
16:00,2025-07-09 16:00:00-04:00,2.0,2025-07-09 18:00:00-04:00,2025-07-10 00:00:00-04:00,Long,23051.0,23043.25,-7.75,7.75,3.3621101036831376,True,2025-07-09 18:05:00-04:00,10.0,2025-07-09 18:10:00-04:00,23051.0,7.75,7.5,15.5,15.0,10.75,11.5,72
16:00,2025-07-10 16:00:00-04:00,2.0,2025-07-10 18:00:00-04:00,2025-07-11 00:00:00-04:00,Long,23015.0,23010.75,-4.25,4.25,1.8466217684119053,True,2025-07-10 18:00:00-04:00,5.0,2025-07-10 18:05:00-04:00,23015.0,4.25,4.0,8.5,8.0,7.0,12.5,72
16:00,2025-07-14 16:00:00-04:00,2.0,2025-07-14 18:00:00-04:00,2025-07-15 00:00:00-04:00,Short,23034.5,23036.5,2.0,2.0,0.8682628231565694,True,2025-07-14 18:00:00-04:00,5.0,2025-07-14 18:05:00-04:00,23034.5,2.0,1.75,4.0,3.5,1.5,17.5,72
16:00,2025-07-15 16:00:00-04:00,2.0,2025-07-15 18:00:00-04:00,2025-07-16 00:00:00-04:00,Long,23052.0,23018.75,-33.25,33.25,14.423911157383307,False,,,2025-07-16 00:00:00-04:00,23015.5,-3.25,-3.5,-6.5,-7.0,45.0,15.5,72
16:00,2025-07-16 16:00:00-04:00,2.0,2025-07-16 18:00:00-04:00,2025-07-17 00:00:00-04:00,Long,23074.5,23069.25,-5.25,5.25,2.275238900084509,False,,,2025-07-17 00:00:00-04:00,23038.75,-30.5,-30.75,-61.0,-61.5,52.25,1.75,72
16:00,2025-07-17 16:00:00-04:00,2.0,2025-07-17 18:00:00-04:00,2025-07-18 00:00:00-04:00,Short,23257.75,23260.0,2.25,2.25,0.9674194623297611,True,2025-07-17 18:00:00-04:00,5.0,2025-07-17 18:05:00-04:00,23257.75,2.25,2.0,4.5,4.0,3.25,14.5,72
16:00,2025-07-21 16:00:00-04:00,2.0,2025-07-21 18:00:00-04:00,2025-07-22 00:00:00-04:00,Long,23344.25,23338.0,-6.25,6.25,2.6773188258350555,True,2025-07-21 18:00:00-04:00,5.0,2025-07-21 18:05:00-04:00,23344.25,6.25,6.0,12.5,12.0,4.75,14.0,72
16:00,2025-07-22 16:00:00-04:00,2.0,2025-07-22 18:00:00-04:00,2025-07-23 00:00:00-04:00,Long,23221.0,23190.0,-31.0,31.0,13.34998492743637,True,2025-07-22 19:10:00-04:00,75.0,2025-07-22 19:15:00-04:00,23221.0,31.0,30.75,62.0,61.5,19.75,50.0,72
16:00,2025-07-23 16:00:00-04:00,2.0,2025-07-23 18:00:00-04:00,2025-07-24 00:00:00-04:00,Short,23324.5,23401.0,76.5,76.5,32.79813072091577,False,,,2025-07-24 00:00:00-04:00,23379.25,21.75,21.5,43.5,43.0,21.5,25.75,72
16:00,2025-07-24 16:00:00-04:00,2.0,2025-07-24 18:00:00-04:00,2025-07-25 00:00:00-04:00,Short,23376.5,23391.25,14.75,14.75,6.3097555237097085,False,,,2025-07-25 00:00:00-04:00,23428.25,-37.0,-37.25,-74.0,-74.5,50.75,6.25,72
16:00,2025-07-28 16:00:00-04:00,2.0,2025-07-28 18:00:00-04:00,2025-07-29 00:00:00-04:00,Short,23491.75,23505.25,13.5,13.5,5.746698308980812,False,,,2025-07-29 00:00:00-04:00,23543.75,-38.5,-38.75,-77.0,-77.5,41.5,2.25,72
16:00,2025-07-29 16:00:00-04:00,2.0,2025-07-29 18:00:00-04:00,2025-07-30 00:00:00-04:00,Long,23457.0,23451.5,-5.5,5.5,2.3447158630685934,True,2025-07-29 18:00:00-04:00,5.0,2025-07-29 18:05:00-04:00,23457.0,5.5,5.25,11.0,10.5,3.25,18.75,72
16:00,2025-07-30 16:00:00-04:00,2.0,2025-07-30 18:00:00-04:00,2025-07-31 00:00:00-04:00,Short,23484.25,23698.0,213.75,213.75,91.0184485346562,False,,,2025-07-31 00:00:00-04:00,23797.5,-99.5,-99.75,-199.0,-199.5,103.0,9.75,72
16:00,2025-07-31 16:00:00-04:00,2.0,2025-07-31 18:00:00-04:00,2025-08-01 00:00:00-04:00,Long,23354.0,23323.5,-30.5,30.5,13.059861265736062,False,,,2025-08-01 00:00:00-04:00,23304.0,-19.5,-19.75,-39.0,-39.5,92.0,24.0,72
16:00,2025-08-04 16:00:00-04:00,2.0,2025-08-04 18:00:00-04:00,2025-08-05 00:00:00-04:00,Short,23296.75,23352.5,55.75,55.75,23.930376554669643,False,,,2025-08-05 00:00:00-04:00,23342.75,9.75,9.5,19.5,19.0,22.25,38.5,72
16:00,2025-08-05 16:00:00-04:00,2.0,2025-08-05 18:00:00-04:00,2025-08-06 00:00:00-04:00,Long,23133.75,23092.0,-41.75,41.75,18.04722537418274,True,2025-08-05 21:55:00-04:00,240.0,2025-08-05 22:00:00-04:00,23133.75,41.75,41.5,83.5,83.0,46.75,48.5,72
16:00,2025-08-06 16:00:00-04:00,2.0,2025-08-06 18:00:00-04:00,2025-08-07 00:00:00-04:00,Long,23424.75,23416.75,-8.0,8.0,3.415191197344689,True,2025-08-06 18:00:00-04:00,5.0,2025-08-06 18:05:00-04:00,23424.75,8.0,7.75,16.0,15.5,31.5,20.25,72
16:00,2025-08-07 16:00:00-04:00,2.0,2025-08-07 18:00:00-04:00,2025-08-08 00:00:00-04:00,Short,23502.0,23519.5,17.5,17.5,7.446174793634585,False,,,2025-08-08 00:00:00-04:00,23553.25,-33.75,-34.0,-67.5,-68.0,63.75,4.0,72
16:00,2025-08-11 16:00:00-04:00,2.0,2025-08-11 18:00:00-04:00,2025-08-12 00:00:00-04:00,Long,23638.5,23632.0,-6.5,6.5,2.7497514647714536,True,2025-08-11 18:00:00-04:00,5.0,2025-08-11 18:05:00-04:00,23638.5,6.5,6.25,13.0,12.5,4.0,18.0,72
16:00,2025-08-12 16:00:00-04:00,2.0,2025-08-12 18:00:00-04:00,2025-08-13 00:00:00-04:00,Short,23934.0,23947.25,13.25,13.25,5.5360574914347795,True,2025-08-12 18:00:00-04:00,5.0,2025-08-12 18:05:00-04:00,23934.0,13.25,13.0,26.5,26.0,0.0,16.75,72
16:00,2025-08-13 16:00:00-04:00,2.0,2025-08-13 18:00:00-04:00,2025-08-14 00:00:00-04:00,Long,23943.25,23930.0,-13.25,13.25,5.533918745366648,True,2025-08-13 18:45:00-04:00,50.0,2025-08-13 18:50:00-04:00,23943.25,13.25,13.0,26.5,26.0,17.75,17.0,72
16:00,2025-08-14 16:00:00-04:00,2.0,2025-08-14 18:00:00-04:00,2025-08-15 00:00:00-04:00,Long,23921.5,23891.25,-30.25,30.25,12.64552808143302,True,2025-08-14 22:10:00-04:00,255.0,2025-08-14 22:15:00-04:00,23921.5,30.25,30.0,60.5,60.0,19.25,32.0,72
16:00,2025-08-18 16:00:00-04:00,2.0,2025-08-18 18:00:00-04:00,2025-08-19 00:00:00-04:00,Short,23796.75,23799.0,2.25,2.25,0.9455072646474834,True,2025-08-18 18:00:00-04:00,5.0,2025-08-18 18:05:00-04:00,23796.75,2.25,2.0,4.5,4.0,22.25,8.0,72
16:00,2025-08-19 16:00:00-04:00,2.0,2025-08-19 18:00:00-04:00,2025-08-20 00:00:00-04:00,Long,23470.25,23456.0,-14.25,14.25,6.071516068214017,True,2025-08-19 18:00:00-04:00,5.0,2025-08-19 18:05:00-04:00,23470.25,14.25,14.0,28.5,28.0,6.25,29.5,72
16:00,2025-08-20 16:00:00-04:00,2.0,2025-08-20 18:00:00-04:00,2025-08-21 00:00:00-04:00,Long,23324.75,23322.0,-2.75,2.75,1.1790051340314471,True,2025-08-20 18:00:00-04:00,5.0,2025-08-20 18:05:00-04:00,23324.75,2.75,2.5,5.5,5.0,3.25,17.75,72
16:00,2025-08-21 16:00:00-04:00,2.0,2025-08-21 18:00:00-04:00,2025-08-22 00:00:00-04:00,Short,23218.0,23228.0,10.0,10.0,4.307003187182358,True,2025-08-21 20:05:00-04:00,130.0,2025-08-21 20:10:00-04:00,23218.0,10.0,9.75,20.0,19.5,25.0,15.75,72
16:00,2025-08-25 16:00:00-04:00,2.0,2025-08-25 18:00:00-04:00,2025-08-26 00:00:00-04:00,Short,23495.5,23510.25,14.75,14.75,6.277797876189057,True,2025-08-25 19:40:00-04:00,105.0,2025-08-25 19:45:00-04:00,23495.5,14.75,14.5,29.5,29.0,10.25,15.25,72
16:00,2025-08-26 16:00:00-04:00,2.0,2025-08-26 18:00:00-04:00,2025-08-27 00:00:00-04:00,Short,23587.0,23607.25,20.25,20.25,8.585237630898376,False,,,2025-08-27 00:00:00-04:00,23613.5,-6.25,-6.5,-12.5,-13.0,21.75,12.75,72
16:00,2025-08-27 16:00:00-04:00,2.0,2025-08-27 18:00:00-04:00,2025-08-28 00:00:00-04:00,Long,23620.0,23543.0,-77.0,77.0,32.59949195596952,False,,,2025-08-28 00:00:00-04:00,23575.25,32.25,32.0,64.5,64.0,56.25,41.5,72
16:00,2025-08-28 16:00:00-04:00,2.0,2025-08-28 18:00:00-04:00,2025-08-29 00:00:00-04:00,Long,23766.25,23761.0,-5.25,5.25,2.2090148845526745,False,,,2025-08-29 00:00:00-04:00,23727.75,-33.25,-33.5,-66.5,-67.0,43.0,1.75,72
16:00,2025-09-02 16:00:00-04:00,2.0,2025-09-02 18:00:00-04:00,2025-09-03 00:00:00-04:00,Short,23277.25,23381.5,104.25,104.25,44.78621830327895,False,,,2025-09-03 00:00:00-04:00,23324.5,57.0,56.75,114.0,113.5,6.0,81.75,72
16:00,2025-09-03 16:00:00-04:00,2.0,2025-09-03 18:00:00-04:00,2025-09-04 00:00:00-04:00,Short,23452.0,23456.0,4.0,4.0,1.7056114617090228,True,2025-09-03 18:00:00-04:00,5.0,2025-09-03 18:05:00-04:00,23452.0,4.0,3.75,8.0,7.5,4.25,17.0,72
16:00,2025-09-04 16:00:00-04:00,2.0,2025-09-04 18:00:00-04:00,2025-09-05 00:00:00-04:00,Short,23666.25,23694.0,27.75,27.75,11.725558548565996,False,,,2025-09-05 00:00:00-04:00,23741.25,-47.25,-47.5,-94.5,-95.0,49.25,2.25,72
16:00,2025-09-08 16:00:00-04:00,2.0,2025-09-08 18:00:00-04:00,2025-09-09 00:00:00-04:00,Long,23803.5,23799.75,-3.75,3.75,1.5753985758396873,True,2025-09-08 18:00:00-04:00,5.0,2025-09-08 18:05:00-04:00,23803.5,3.75,3.5,7.5,7.0,1.25,19.0,72
16:00,2025-09-09 16:00:00-04:00,2.0,2025-09-09 18:00:00-04:00,2025-09-10 00:00:00-04:00,Short,23867.25,23900.25,33.0,33.0,13.8264777048047,False,,,2025-09-10 00:00:00-04:00,23917.5,-17.25,-17.5,-34.5,-35.0,19.5,26.25,72
16:00,2025-09-10 16:00:00-04:00,2.0,2025-09-10 18:00:00-04:00,2025-09-11 00:00:00-04:00,Long,23873.75,23856.75,-17.0,17.0,7.1207916644850515,True,2025-09-10 18:00:00-04:00,5.0,2025-09-10 18:05:00-04:00,23873.75,17.0,16.75,34.0,33.5,5.25,21.75,72
16:00,2025-09-11 16:00:00-04:00,2.0,2025-09-11 18:00:00-04:00,2025-09-12 00:00:00-04:00,Short,24011.75,24028.0,16.25,16.25,6.767520068299895,True,2025-09-11 18:00:00-04:00,5.0,2025-09-11 18:05:00-04:00,24011.75,16.25,16.0,32.5,32.0,1.5,17.25,72
16:00,2025-09-15 16:00:00-04:00,2.0,2025-09-15 18:00:00-04:00,2025-09-16 00:00:00-04:00,Long,24311.5,24294.5,-17.0,17.0,6.992575530098924,True,2025-09-15 21:10:00-04:00,195.0,2025-09-15 21:15:00-04:00,24311.5,17.0,16.75,34.0,33.5,10.25,19.5,72
16:00,2025-09-16 16:00:00-04:00,2.0,2025-09-16 18:00:00-04:00,2025-09-17 00:00:00-04:00,Short,24286.25,24294.0,7.75,7.75,3.191106078542385,True,2025-09-16 22:10:00-04:00,255.0,2025-09-16 22:15:00-04:00,24286.25,7.75,7.5,15.5,15.0,18.75,9.0,72
16:00,2025-09-17 16:00:00-04:00,2.0,2025-09-17 18:00:00-04:00,2025-09-18 00:00:00-04:00,Short,24231.75,24260.0,28.25,28.25,11.658258276847524,False,,,2025-09-18 00:00:00-04:00,24393.75,-133.75,-134.0,-267.5,-268.0,142.75,11.25,72
16:00,2025-09-18 16:00:00-04:00,2.0,2025-09-18 18:00:00-04:00,2025-09-19 00:00:00-04:00,Short,24456.5,24470.5,14.0,14.0,5.724449532844029,True,2025-09-18 20:25:00-04:00,150.0,2025-09-18 20:30:00-04:00,24456.5,14.0,13.75,28.0,27.5,34.25,16.25,72
16:00,2025-09-22 16:00:00-04:00,2.0,2025-09-22 18:00:00-04:00,2025-09-23 00:00:00-04:00,Short,24998.5,24999.75,1.25,1.25,0.500030001800108,True,2025-09-22 18:00:00-04:00,5.0,2025-09-22 18:05:00-04:00,24998.5,1.25,1.0,2.5,2.0,0.25,12.25,72
16:00,2025-09-23 16:00:00-04:00,2.0,2025-09-23 18:00:00-04:00,2025-09-24 00:00:00-04:00,Short,24831.0,24839.75,8.75,8.75,3.523821030163908,True,2025-09-23 20:05:00-04:00,130.0,2025-09-23 20:10:00-04:00,24831.0,8.75,8.5,17.5,17.0,23.25,29.0,72
16:00,2025-09-24 16:00:00-04:00,2.0,2025-09-24 18:00:00-04:00,2025-09-25 00:00:00-04:00,Short,24739.5,24747.0,7.5,7.5,3.0315891590371673,True,2025-09-24 18:10:00-04:00,15.0,2025-09-24 18:15:00-04:00,24739.5,7.5,7.25,15.0,14.5,7.25,7.75,72
16:00,2025-09-25 16:00:00-04:00,2.0,2025-09-25 18:00:00-04:00,2025-09-26 00:00:00-04:00,Short,24632.0,24640.0,8.0,8.0,3.2478077297823966,True,2025-09-25 18:00:00-04:00,5.0,2025-09-25 18:05:00-04:00,24632.0,8.0,7.75,16.0,15.5,6.5,13.75,72
16:00,2025-09-29 16:00:00-04:00,2.0,2025-09-29 18:00:00-04:00,2025-09-30 00:00:00-04:00,Long,24837.25,24812.0,-25.25,25.25,10.166181843803159,True,2025-09-29 18:55:00-04:00,60.0,2025-09-29 19:00:00-04:00,24837.25,25.25,25.0,50.5,50.0,4.25,25.5,72
16:00,2025-09-30 16:00:00-04:00,2.0,2025-09-30 18:00:00-04:00,2025-10-01 00:00:00-04:00,Long,24897.75,24844.5,-53.25,53.25,21.38747477181673,False,,,2025-10-01 00:00:00-04:00,24772.25,-72.25,-72.5,-144.5,-145.0,81.75,32.5,72
16:00,2025-10-01 16:00:00-04:00,2.0,2025-10-01 18:00:00-04:00,2025-10-02 00:00:00-04:00,Long,25011.5,25009.5,-2.0,2.0,0.799632169202167,True,2025-10-01 18:00:00-04:00,5.0,2025-10-01 18:05:00-04:00,25011.5,2.0,1.75,4.0,3.5,8.5,8.25,72
16:00,2025-10-02 16:00:00-04:00,2.0,2025-10-02 18:00:00-04:00,2025-10-03 00:00:00-04:00,Long,25108.25,25105.0,-3.25,3.25,1.2943952684874493,True,2025-10-02 19:10:00-04:00,75.0,2025-10-02 19:15:00-04:00,25108.25,3.25,3.0,6.5,6.0,32.0,11.5,72
16:00,2025-10-07 16:00:00-04:00,2.0,2025-10-07 18:00:00-04:00,2025-10-08 00:00:00-04:00,Short,25045.25,25055.0,9.75,9.75,3.8929537537057923,True,2025-10-07 19:20:00-04:00,85.0,2025-10-07 19:25:00-04:00,25045.25,9.75,9.5,19.5,19.0,27.75,14.25,72
16:00,2025-10-08 16:00:00-04:00,2.0,2025-10-08 18:00:00-04:00,2025-10-09 00:00:00-04:00,Short,25329.5,25354.5,25.0,25.0,9.8699145265402,True,2025-10-08 21:15:00-04:00,200.0,2025-10-08 21:20:00-04:00,25329.5,25.0,24.75,50.0,49.5,38.5,27.25,72
16:00,2025-10-09 16:00:00-04:00,2.0,2025-10-09 18:00:00-04:00,2025-10-10 00:00:00-04:00,Long,25294.75,25284.75,-10.0,10.0,3.9533895373545893,True,2025-10-09 18:00:00-04:00,5.0,2025-10-09 18:05:00-04:00,25294.75,10.0,9.75,20.0,19.5,0.25,24.75,72
16:00,2025-10-13 16:00:00-04:00,2.0,2025-10-13 18:00:00-04:00,2025-10-14 00:00:00-04:00,Long,24920.75,24905.0,-15.75,15.75,6.320034509394781,True,2025-10-13 18:00:00-04:00,5.0,2025-10-13 18:05:00-04:00,24920.75,15.75,15.5,31.5,31.0,1.25,16.5,72
16:00,2025-10-14 16:00:00-04:00,2.0,2025-10-14 18:00:00-04:00,2025-10-15 00:00:00-04:00,Long,24757.0,24752.5,-4.5,4.5,1.817667730338894,True,2025-10-14 18:00:00-04:00,5.0,2025-10-14 18:05:00-04:00,24757.0,4.5,4.25,9.0,8.5,0.0,63.5,72
16:00,2025-10-15 16:00:00-04:00,2.0,2025-10-15 18:00:00-04:00,2025-10-16 00:00:00-04:00,Short,24924.75,24939.0,14.25,14.25,5.717208798483435,True,2025-10-15 20:10:00-04:00,135.0,2025-10-15 20:15:00-04:00,24924.75,14.25,14.0,28.5,28.0,53.25,15.75,72
16:00,2025-10-16 16:00:00-04:00,2.0,2025-10-16 18:00:00-04:00,2025-10-17 00:00:00-04:00,Long,24830.75,24793.75,-37.0,37.0,14.90087895049485,True,2025-10-16 18:00:00-04:00,5.0,2025-10-16 18:05:00-04:00,24830.75,37.0,36.75,74.0,73.5,13.75,40.25,72
16:00,2025-10-20 16:00:00-04:00,2.0,2025-10-20 18:00:00-04:00,2025-10-21 00:00:00-04:00,Short,25299.75,25326.25,26.5,26.5,10.474411802488167,False,,,2025-10-21 00:00:00-04:00,25329.75,-3.5,-3.75,-7.0,-7.5,41.75,18.25,72
16:00,2025-10-21 16:00:00-04:00,2.0,2025-10-21 18:00:00-04:00,2025-10-22 00:00:00-04:00,Long,25291.25,25277.0,-14.25,14.25,5.634359709385657,True,2025-10-21 23:55:00-04:00,360.0,2025-10-22 00:00:00-04:00,25291.25,14.25,14.0,28.5,28.0,61.0,15.75,72
16:00,2025-10-22 16:00:00-04:00,2.0,2025-10-22 18:00:00-04:00,2025-10-23 00:00:00-04:00,Long,25040.75,25014.75,-26.0,26.0,10.383075586793526,True,2025-10-22 18:15:00-04:00,20.0,2025-10-22 18:20:00-04:00,25040.75,26.0,25.75,52.0,51.5,16.25,43.25,72
16:00,2025-10-23 16:00:00-04:00,2.0,2025-10-23 18:00:00-04:00,2025-10-24 00:00:00-04:00,Short,25252.5,25285.0,32.5,32.5,12.87001287001287,False,,,2025-10-24 00:00:00-04:00,25328.75,-43.75,-44.0,-87.5,-88.0,45.0,9.5,72
16:00,2025-10-27 16:00:00-04:00,2.0,2025-10-27 18:00:00-04:00,2025-10-28 00:00:00-04:00,Short,25961.0,26002.5,41.5,41.5,15.985516736643428,False,,,2025-10-28 00:00:00-04:00,25982.25,20.25,20.0,40.5,40.0,16.0,41.25,72
16:00,2025-10-28 16:00:00-04:00,2.0,2025-10-28 18:00:00-04:00,2025-10-29 00:00:00-04:00,Short,26160.25,26180.25,20.0,20.0,7.645186877036726,False,,,2025-10-29 00:00:00-04:00,26245.0,-64.75,-65.0,-129.5,-130.0,72.5,15.5,72
16:00,2025-10-29 16:00:00-04:00,2.0,2025-10-29 18:00:00-04:00,2025-10-30 00:00:00-04:00,Long,26280.25,26160.5,-119.75,119.75,45.566537609041006,True,2025-10-29 20:10:00-04:00,135.0,2025-10-29 20:15:00-04:00,26280.25,119.75,119.5,239.5,239.0,9.0,119.75,72
16:00,2025-10-30 16:00:00-04:00,2.0,2025-10-30 18:00:00-04:00,2025-10-31 00:00:00-04:00,Short,25871.75,26156.0,284.25,284.25,109.8688724187579,False,,,2025-10-31 00:00:00-04:00,26192.25,-36.25,-36.5,-72.5,-73.0,58.0,28.75,72
16:00,2025-11-03 16:00:00-05:00,2.0,2025-11-03 18:00:00-05:00,2025-11-04 00:00:00-05:00,Long,26110.25,26105.5,-4.75,4.75,1.8192089313583748,False,,,2025-11-04 00:00:00-05:00,25922.75,-182.75,-183.0,-365.5,-366.0,199.75,0.0,72
16:00,2025-11-04 16:00:00-05:00,2.0,2025-11-04 18:00:00-05:00,2025-11-05 00:00:00-05:00,Long,25579.5,25545.0,-34.5,34.5,13.487362927344163,False,,,2025-11-05 00:00:00-05:00,25465.25,-79.75,-80.0,-159.5,-160.0,262.25,29.5,72
16:00,2025-11-05 16:00:00-05:00,2.0,2025-11-05 18:00:00-05:00,2025-11-06 00:00:00-05:00,Long,25741.25,25732.0,-9.25,9.25,3.5934540863400186,True,2025-11-05 18:00:00-05:00,5.0,2025-11-05 18:05:00-05:00,25741.25,9.25,9.0,18.5,18.0,15.75,23.5,72
16:00,2025-11-06 16:00:00-05:00,2.0,2025-11-06 18:00:00-05:00,2025-11-07 00:00:00-05:00,Short,25259.0,25311.0,52.0,52.0,20.586721564590842,True,2025-11-06 20:20:00-05:00,145.0,2025-11-06 20:25:00-05:00,25259.0,52.0,51.75,104.0,103.5,39.0,54.25,72
16:00,2025-11-10 16:00:00-05:00,2.0,2025-11-10 18:00:00-05:00,2025-11-11 00:00:00-05:00,Short,25713.0,25721.0,8.0,8.0,3.111266674444833,True,2025-11-10 18:00:00-05:00,5.0,2025-11-10 18:05:00-05:00,25713.0,8.0,7.75,16.0,15.5,16.0,11.75,72
16:00,2025-11-11 16:00:00-05:00,2.0,2025-11-11 18:00:00-05:00,2025-11-12 00:00:00-05:00,Short,25647.25,25676.5,29.25,29.25,11.404731501428028,True,2025-11-11 18:10:00-05:00,15.0,2025-11-11 18:15:00-05:00,25647.25,29.25,29.0,58.5,58.0,0.0,47.25,72
16:00,2025-11-12 16:00:00-05:00,2.0,2025-11-12 18:00:00-05:00,2025-11-13 00:00:00-05:00,Short,25625.75,25626.25,0.5,0.5,0.19511624050027804,True,2025-11-12 18:00:00-05:00,5.0,2025-11-12 18:05:00-05:00,25625.75,0.5,0.25,1.0,0.5,10.5,99.75,72
16:00,2025-11-17 16:00:00-05:00,2.0,2025-11-17 18:00:00-05:00,2025-11-18 00:00:00-05:00,Short,24888.0,24904.75,16.75,16.75,6.730151076824172,True,2025-11-17 18:15:00-05:00,20.0,2025-11-17 18:20:00-05:00,24888.0,16.75,16.5,33.5,33.0,49.75,22.75,72
16:00,2025-11-18 16:00:00-05:00,2.0,2025-11-18 18:00:00-05:00,2025-11-19 00:00:00-05:00,Long,24585.0,24547.0,-38.0,38.0,15.456579214968478,True,2025-11-18 18:00:00-05:00,5.0,2025-11-18 18:05:00-05:00,24585.0,38.0,37.75,76.0,75.5,8.0,43.0,72
16:00,2025-11-19 16:00:00-05:00,2.0,2025-11-19 18:00:00-05:00,2025-11-20 00:00:00-05:00,Short,24724.5,24968.75,244.25,244.25,98.78865093328479,False,,,2025-11-20 00:00:00-05:00,25186.75,-218.0,-218.25,-436.0,-436.5,227.5,18.25,72
16:00,2025-11-20 16:00:00-05:00,2.0,2025-11-20 18:00:00-05:00,2025-11-21 00:00:00-05:00,Long,24137.0,24096.75,-40.25,40.25,16.6756432033807,True,2025-11-20 18:30:00-05:00,35.0,2025-11-20 18:35:00-05:00,24137.0,40.25,40.0,80.5,80.0,78.75,51.25,72
16:00,2025-11-24 16:00:00-05:00,2.0,2025-11-24 18:00:00-05:00,2025-11-25 00:00:00-05:00,Short,24935.5,24973.25,37.75,37.75,15.139058771630808,True,2025-11-24 19:00:00-05:00,65.0,2025-11-24 19:05:00-05:00,24935.5,37.75,37.5,75.5,75.0,13.5,40.5,72
16:00,2025-11-25 16:00:00-05:00,2.0,2025-11-25 18:00:00-05:00,2025-11-26 00:00:00-05:00,Long,25079.25,25070.0,-9.25,9.25,3.6883080634388987,True,2025-11-25 18:00:00-05:00,5.0,2025-11-25 18:05:00-05:00,25079.25,9.25,9.0,18.5,18.0,5.5,14.75,72
16:00,2025-11-26 16:00:00-05:00,2.0,2025-11-26 18:00:00-05:00,2025-11-27 00:00:00-05:00,Short,25296.0,25316.75,20.75,20.75,8.202877925363694,False,,,2025-11-27 00:00:00-05:00,25325.0,-8.25,-8.5,-16.5,-17.0,22.75,13.5,72
16:00,2025-12-01 16:00:00-05:00,2.0,2025-12-01 18:00:00-05:00,2025-12-02 00:00:00-05:00,Short,25401.75,25422.75,21.0,21.0,8.267146948537011,True,2025-12-01 18:05:00-05:00,10.0,2025-12-01 18:10:00-05:00,25401.75,21.0,20.75,42.0,41.5,0.25,42.75,72
16:00,2025-12-02 16:00:00-05:00,2.0,2025-12-02 18:00:00-05:00,2025-12-03 00:00:00-05:00,Short,25600.0,25613.5,13.5,13.5,5.2734375,True,2025-12-02 19:20:00-05:00,85.0,2025-12-02 19:25:00-05:00,25600.0,13.5,13.25,27.0,26.5,25.25,29.5,72
16:00,2025-12-03 16:00:00-05:00,2.0,2025-12-03 18:00:00-05:00,2025-12-04 00:00:00-05:00,Long,25657.25,25649.75,-7.5,7.5,2.9231503765992066,True,2025-12-03 18:00:00-05:00,5.0,2025-12-03 18:05:00-05:00,25657.25,7.5,7.25,15.0,14.5,15.5,9.0,72
16:00,2025-12-04 16:00:00-05:00,2.0,2025-12-04 18:00:00-05:00,2025-12-05 00:00:00-05:00,Short,25627.5,25631.0,3.5,3.5,1.3657204175202418,True,2025-12-04 18:10:00-05:00,15.0,2025-12-04 18:15:00-05:00,25627.5,3.5,3.25,7.0,6.5,16.75,3.5,72
16:00,2025-12-08 16:00:00-05:00,2.0,2025-12-08 18:00:00-05:00,2025-12-09 00:00:00-05:00,Short,25668.75,25713.0,44.25,44.25,17.238860482103725,False,,,2025-12-09 00:00:00-05:00,25687.25,25.75,25.5,51.5,51.0,16.5,37.75,72
16:00,2025-12-09 16:00:00-05:00,2.0,2025-12-09 18:00:00-05:00,2025-12-10 00:00:00-05:00,Long,25703.0,25681.0,-22.0,22.0,8.559312142551454,True,2025-12-09 23:35:00-05:00,340.0,2025-12-09 23:40:00-05:00,25703.0,22.0,21.75,44.0,43.5,41.0,28.5,72
16:00,2025-12-10 16:00:00-05:00,2.0,2025-12-10 18:00:00-05:00,2025-12-11 00:00:00-05:00,Long,25800.25,25777.75,-22.5,22.5,8.720845728239068,False,,,2025-12-11 00:00:00-05:00,25508.5,-269.25,-269.5,-538.5,-539.0,395.75,14.75,72
16:00,2025-12-11 16:00:00-05:00,2.0,2025-12-11 18:00:00-05:00,2025-12-12 00:00:00-05:00,Short,25714.75,25719.5,4.75,4.75,1.847188870200955,True,2025-12-11 18:00:00-05:00,5.0,2025-12-11 18:05:00-05:00,25714.75,4.75,4.5,9.5,9.0,14.25,21.75,72
16:00,2025-12-15 16:00:00-05:00,2.0,2025-12-15 18:00:00-05:00,2025-12-16 00:00:00-05:00,Short,25084.75,25100.0,15.25,15.25,6.07939086496776,True,2025-12-15 18:30:00-05:00,35.0,2025-12-15 18:35:00-05:00,25084.75,15.25,15.0,30.5,30.0,23.0,31.75,72
16:00,2025-12-16 16:00:00-05:00,2.0,2025-12-16 18:00:00-05:00,2025-12-17 00:00:00-05:00,Long,25131.5,25100.0,-31.5,31.5,12.534070787656926,True,2025-12-16 21:45:00-05:00,230.0,2025-12-16 21:50:00-05:00,25131.5,31.5,31.25,63.0,62.5,74.5,31.5,72
16:00,2025-12-17 16:00:00-05:00,2.0,2025-12-17 18:00:00-05:00,2025-12-18 00:00:00-05:00,Short,24662.0,24740.0,78.0,78.0,31.62760522260968,False,,,2025-12-18 00:00:00-05:00,24761.0,-21.0,-21.25,-42.0,-42.5,44.75,65.5,72
16:00,2025-12-18 16:00:00-05:00,2.0,2025-12-18 18:00:00-05:00,2025-12-19 00:00:00-05:00,Long,25018.75,24987.5,-31.25,31.25,12.490632025980515,True,2025-12-18 18:00:00-05:00,5.0,2025-12-18 18:05:00-05:00,25018.75,31.25,31.0,62.5,62.0,0.0,32.5,72
16:00,2025-12-22 16:00:00-05:00,2.0,2025-12-22 18:00:00-05:00,2025-12-23 00:00:00-05:00,Short,25688.25,25701.25,13.0,13.0,5.060679493542767,True,2025-12-22 23:35:00-05:00,340.0,2025-12-22 23:40:00-05:00,25688.25,13.0,12.75,26.0,25.5,37.25,14.0,72
16:00,2025-12-23 16:00:00-05:00,2.0,2025-12-23 18:00:00-05:00,2025-12-24 00:00:00-05:00,Short,25811.25,25812.0,0.75,0.75,0.2905709719599012,True,2025-12-23 18:00:00-05:00,5.0,2025-12-23 18:05:00-05:00,25811.25,0.75,0.5,1.5,1.0,4.5,10.0,72
16:00,2025-12-29 16:00:00-05:00,2.0,2025-12-29 18:00:00-05:00,2025-12-30 00:00:00-05:00,Short,25741.25,25747.5,6.25,6.25,2.42800951779731,True,2025-12-29 18:00:00-05:00,5.0,2025-12-29 18:05:00-05:00,25741.25,6.25,6.0,12.5,12.0,0.25,17.0,72
16:00,2025-12-30 16:00:00-05:00,2.0,2025-12-30 18:00:00-05:00,2025-12-31 00:00:00-05:00,Short,25678.0,25678.25,0.25,0.25,0.09735960744606277,True,2025-12-30 18:00:00-05:00,5.0,2025-12-30 18:05:00-05:00,25678.0,0.25,0.0,0.5,0.0,12.25,2.25,72
16:00,2026-01-05 16:00:00-05:00,2.0,2026-01-05 18:00:00-05:00,2026-01-06 00:00:00-05:00,Long,25587.0,25581.0,-6.0,6.0,2.344940790245046,True,2026-01-05 18:00:00-05:00,5.0,2026-01-05 18:05:00-05:00,25587.0,6.0,5.75,12.0,11.5,0.75,14.25,72
16:00,2026-01-06 16:00:00-05:00,2.0,2026-01-06 18:00:00-05:00,2026-01-07 00:00:00-05:00,Short,25813.25,25834.5,21.25,21.25,8.232206328145429,True,2026-01-06 20:20:00-05:00,145.0,2026-01-06 20:25:00-05:00,25813.25,21.25,21.0,42.5,42.0,10.25,23.0,72
16:00,2026-01-07 16:00:00-05:00,2.0,2026-01-07 18:00:00-05:00,2026-01-08 00:00:00-05:00,Short,25834.75,25839.25,4.5,4.5,1.7418399636148985,True,2026-01-07 18:05:00-05:00,10.0,2026-01-07 18:10:00-05:00,25834.75,4.5,4.25,9.0,8.5,11.0,9.5,72
16:00,2026-01-08 16:00:00-05:00,2.0,2026-01-08 18:00:00-05:00,2026-01-09 00:00:00-05:00,Short,25682.75,25720.5,37.75,37.75,14.698581732875178,True,2026-01-08 18:50:00-05:00,55.0,2026-01-08 18:55:00-05:00,25682.75,37.75,37.5,75.5,75.0,6.5,45.0,72
16:00,2026-01-12 16:00:00-05:00,2.0,2026-01-12 18:00:00-05:00,2026-01-13 00:00:00-05:00,Long,25952.0,25948.0,-4.0,4.0,1.5413070283600494,True,2026-01-12 18:00:00-05:00,5.0,2026-01-12 18:05:00-05:00,25952.0,4.0,3.75,8.0,7.5,33.0,6.0,72
16:00,2026-01-13 16:00:00-05:00,2.0,2026-01-13 18:00:00-05:00,2026-01-14 00:00:00-05:00,Long,25904.0,25900.0,-4.0,4.0,1.5441630636195183,True,2026-01-13 18:00:00-05:00,5.0,2026-01-13 18:05:00-05:00,25904.0,4.0,3.75,8.0,7.5,5.0,14.0,72
16:00,2026-01-14 16:00:00-05:00,2.0,2026-01-14 18:00:00-05:00,2026-01-15 00:00:00-05:00,Long,25636.75,25597.25,-39.5,39.5,15.407569212166129,True,2026-01-14 20:00:00-05:00,125.0,2026-01-14 20:05:00-05:00,25636.75,39.5,39.25,79.0,78.5,34.5,45.25,72
16:00,2026-01-15 16:00:00-05:00,2.0,2026-01-15 18:00:00-05:00,2026-01-16 00:00:00-05:00,Short,25719.0,25720.0,1.0,1.0,0.38881760566118434,True,2026-01-15 18:00:00-05:00,5.0,2026-01-15 18:05:00-05:00,25719.0,1.0,0.75,2.0,1.5,4.5,9.5,72
16:00,2026-01-20 16:00:00-05:00,2.0,2026-01-20 18:00:00-05:00,2026-01-21 00:00:00-05:00,Short,25142.75,25147.0,4.25,4.25,1.6903481122788875,True,2026-01-20 18:00:00-05:00,5.0,2026-01-20 18:05:00-05:00,25142.75,4.25,4.0,8.5,8.0,28.5,8.75,72
16:00,2026-01-21 16:00:00-05:00,2.0,2026-01-21 18:00:00-05:00,2026-01-22 00:00:00-05:00,Short,25471.5,25529.0,57.5,57.5,22.574249651571364,False,,,2026-01-22 00:00:00-05:00,25575.0,-46.0,-46.25,-92.0,-92.5,73.75,6.0,72
16:00,2026-01-22 16:00:00-05:00,2.0,2026-01-22 18:00:00-05:00,2026-01-23 00:00:00-05:00,Long,25661.5,25609.75,-51.75,51.75,20.166397131890186,True,2026-01-22 20:00:00-05:00,125.0,2026-01-22 20:05:00-05:00,25661.5,51.75,51.5,103.5,103.0,32.5,66.25,72
16:00,2026-01-26 16:00:00-05:00,2.0,2026-01-26 18:00:00-05:00,2026-01-27 00:00:00-05:00,Short,25844.5,25857.25,12.75,12.75,4.933351390044304,True,2026-01-26 18:00:00-05:00,5.0,2026-01-26 18:05:00-05:00,25844.5,12.75,12.5,25.5,25.0,5.75,17.5,72
16:00,2026-01-27 16:00:00-05:00,2.0,2026-01-27 18:00:00-05:00,2026-01-28 00:00:00-05:00,Short,26076.0,26112.0,36.0,36.0,13.805798435342844,False,,,2026-01-28 00:00:00-05:00,26220.25,-108.25,-108.5,-216.5,-217.0,116.5,2.5,72
16:00,2026-01-28 16:00:00-05:00,2.0,2026-01-28 18:00:00-05:00,2026-01-29 00:00:00-05:00,Short,26150.5,26278.0,127.5,127.5,48.7562379304411,True,2026-01-28 19:00:00-05:00,65.0,2026-01-28 19:05:00-05:00,26150.5,127.5,127.25,255.0,254.5,16.5,173.25,72
16:00,2026-01-29 16:00:00-05:00,2.0,2026-01-29 18:00:00-05:00,2026-01-30 00:00:00-05:00,Short,25992.25,25994.5,2.25,2.25,0.8656426434802682,True,2026-01-29 18:00:00-05:00,5.0,2026-01-29 18:05:00-05:00,25992.25,2.25,2.0,4.5,4.0,17.75,44.5,72
16:00,2026-02-02 16:00:00-05:00,2.0,2026-02-02 18:00:00-05:00,2026-02-03 00:00:00-05:00,Short,25856.25,25873.25,17.0,17.0,6.574812666183225,False,,,2026-02-03 00:00:00-05:00,25979.0,-105.75,-106.0,-211.5,-212.0,117.5,7.25,72
16:00,2026-02-03 16:00:00-05:00,2.0,2026-02-03 18:00:00-05:00,2026-02-04 00:00:00-05:00,Long,25445.25,25390.25,-55.0,55.0,21.615036205185643,True,2026-02-03 20:15:00-05:00,140.0,2026-02-03 20:20:00-05:00,25445.25,55.0,54.75,110.0,109.5,28.75,59.75,72
16:00,2026-02-04 16:00:00-05:00,2.0,2026-02-04 18:00:00-05:00,2026-02-05 00:00:00-05:00,Short,24998.0,25067.25,69.25,69.25,27.702216177294183,True,2026-02-04 21:15:00-05:00,200.0,2026-02-04 21:20:00-05:00,24998.0,69.25,69.0,138.5,138.0,102.0,108.0,72
16:00,2026-02-05 16:00:00-05:00,2.0,2026-02-05 18:00:00-05:00,2026-02-06 00:00:00-05:00,Long,24639.25,24410.0,-229.25,229.25,93.04260478707752,False,,,2026-02-06 00:00:00-05:00,24454.5,44.5,44.25,89.0,88.5,169.5,168.25,72
16:00,2026-02-09 16:00:00-05:00,2.0,2026-02-09 18:00:00-05:00,2026-02-10 00:00:00-05:00,Short,25338.25,25361.25,23.0,23.0,9.077185677779642,True,2026-02-09 18:30:00-05:00,35.0,2026-02-09 18:35:00-05:00,25338.25,23.0,22.75,46.0,45.5,35.0,25.5,72
16:00,2026-02-10 16:00:00-05:00,2.0,2026-02-10 18:00:00-05:00,2026-02-11 00:00:00-05:00,Short,25219.0,25254.0,35.0,35.0,13.878424997026054,False,,,2026-02-11 00:00:00-05:00,25307.0,-53.0,-53.25,-106.0,-106.5,91.25,0.0,72
16:00,2026-02-11 16:00:00-05:00,2.0,2026-02-11 18:00:00-05:00,2026-02-12 00:00:00-05:00,Short,25278.25,25281.75,3.5,3.5,1.3845895186573436,True,2026-02-11 18:00:00-05:00,5.0,2026-02-11 18:05:00-05:00,25278.25,3.5,3.25,7.0,6.5,12.75,16.5,72
16:00,2026-02-12 16:00:00-05:00,2.0,2026-02-12 18:00:00-05:00,2026-02-13 00:00:00-05:00,Short,24764.0,24838.75,74.75,74.75,30.18494588919399,True,2026-02-12 18:35:00-05:00,40.0,2026-02-12 18:40:00-05:00,24764.0,74.75,74.5,149.5,149.0,16.75,86.5,72
16:00,2026-02-17 16:00:00-05:00,2.0,2026-02-17 18:00:00-05:00,2026-02-18 00:00:00-05:00,Short,24776.75,24786.0,9.25,9.25,3.7333387147224717,True,2026-02-17 18:00:00-05:00,5.0,2026-02-17 18:05:00-05:00,24776.75,9.25,9.0,18.5,18.0,0.0,43.0,72
16:00,2026-02-18 16:00:00-05:00,2.0,2026-02-18 18:00:00-05:00,2026-02-19 00:00:00-05:00,Long,24957.5,24940.25,-17.25,17.25,6.911749974957427,True,2026-02-18 18:00:00-05:00,5.0,2026-02-18 18:05:00-05:00,24957.5,17.25,17.0,34.5,34.0,0.0,36.5,72
16:00,2026-02-19 16:00:00-05:00,2.0,2026-02-19 18:00:00-05:00,2026-02-20 00:00:00-05:00,Long,24863.0,24844.0,-19.0,19.0,7.641877488637735,True,2026-02-19 18:25:00-05:00,30.0,2026-02-19 18:30:00-05:00,24863.0,19.0,18.75,38.0,37.5,18.75,23.5,72
16:00,2026-02-23 16:00:00-05:00,2.0,2026-02-23 18:00:00-05:00,2026-02-24 00:00:00-05:00,Short,24768.0,24787.0,19.0,19.0,7.671188630490956,False,,,2026-02-24 00:00:00-05:00,24876.25,-89.25,-89.5,-178.5,-179.0,97.75,17.75,72
16:00,2026-02-24 16:00:00-05:00,2.0,2026-02-24 18:00:00-05:00,2026-02-25 00:00:00-05:00,Long,25029.75,25020.5,-9.25,9.25,3.6956022333423224,True,2026-02-24 18:30:00-05:00,35.0,2026-02-24 18:35:00-05:00,25029.75,9.25,9.0,18.5,18.0,28.25,12.25,72
16:00,2026-02-25 16:00:00-05:00,2.0,2026-02-25 18:00:00-05:00,2026-02-26 00:00:00-05:00,Short,25384.0,25398.75,14.75,14.75,5.8107469271982355,True,2026-02-25 18:00:00-05:00,5.0,2026-02-25 18:05:00-05:00,25384.0,14.75,14.5,29.5,29.0,19.75,32.5,72
16:00,2026-02-26 16:00:00-05:00,2.0,2026-02-26 18:00:00-05:00,2026-02-27 00:00:00-05:00,Long,25083.0,25026.0,-57.0,57.0,22.72455447912929,False,,,2026-02-27 00:00:00-05:00,25023.75,-2.25,-2.5,-4.5,-5.0,72.0,10.75,72
16:00,2026-03-02 16:00:00-05:00,2.0,2026-03-02 18:00:00-05:00,2026-03-03 00:00:00-05:00,Long,25022.25,25002.75,-19.5,19.5,7.793064172886131,False,,,2026-03-03 00:00:00-05:00,24810.5,-192.25,-192.5,-384.5,-385.0,210.0,8.5,72
16:00,2026-03-03 16:00:00-05:00,2.0,2026-03-03 18:00:00-05:00,2026-03-04 00:00:00-05:00,Long,24756.75,24711.5,-45.25,45.25,18.27784341644198,True,2026-03-03 18:10:00-05:00,15.0,2026-03-03 18:15:00-05:00,24756.75,45.25,45.0,90.5,90.0,42.75,48.25,72
16:00,2026-03-04 16:00:00-05:00,2.0,2026-03-04 18:00:00-05:00,2026-03-05 00:00:00-05:00,Short,25120.0,25154.5,34.5,34.5,13.734076433121018,True,2026-03-04 20:40:00-05:00,165.0,2026-03-04 20:45:00-05:00,25120.0,34.5,34.25,69.0,68.5,88.5,82.5,72
16:00,2026-03-05 16:00:00-05:00,2.0,2026-03-05 18:00:00-05:00,2026-03-06 00:00:00-05:00,Long,25048.0,25015.75,-32.25,32.25,12.875279463430214,True,2026-03-05 18:25:00-05:00,30.0,2026-03-05 18:30:00-05:00,25048.0,32.25,32.0,64.5,64.0,15.0,38.75,72
16:00,2026-03-09 16:00:00-04:00,2.0,2026-03-09 18:00:00-04:00,2026-03-10 00:00:00-04:00,Long,24992.0,24978.0,-14.0,14.0,5.60179257362356,True,2026-03-09 21:55:00-04:00,240.0,2026-03-09 22:00:00-04:00,24992.0,14.0,13.75,28.0,27.5,145.5,20.25,72
16:00,2026-03-10 16:00:00-04:00,2.0,2026-03-10 18:00:00-04:00,2026-03-11 00:00:00-04:00,Short,24985.75,25015.0,29.25,29.25,11.706672803497995,True,2026-03-10 18:00:00-04:00,5.0,2026-03-10 18:05:00-04:00,24985.75,29.25,29.0,58.5,58.0,0.0,35.75,72
16:00,2026-03-11 16:00:00-04:00,2.0,2026-03-11 18:00:00-04:00,2026-03-12 00:00:00-04:00,Long,24984.0,24940.0,-44.0,44.0,17.61127121357669,False,,,2026-03-12 00:00:00-04:00,24730.0,-210.0,-210.25,-420.0,-420.5,243.75,9.75,72
16:00,2026-03-12 16:00:00-04:00,2.0,2026-03-12 18:00:00-04:00,2026-03-13 00:00:00-04:00,Short,24555.75,24565.0,9.25,9.25,3.766938497093349,True,2026-03-12 18:00:00-04:00,5.0,2026-03-12 18:05:00-04:00,24555.75,9.25,9.0,18.5,18.0,16.75,27.0,72
16:00,2026-03-16 16:00:00-04:00,2.0,2026-03-16 18:00:00-04:00,2026-03-17 00:00:00-04:00,Long,24669.5,24660.0,-9.5,9.5,3.850909017207483,False,,,2026-03-17 00:00:00-04:00,24579.25,-80.75,-81.0,-161.5,-162.0,93.25,7.75,72
16:00,2026-03-17 16:00:00-04:00,2.0,2026-03-17 18:00:00-04:00,2026-03-18 00:00:00-04:00,Short,24791.75,24810.0,18.25,18.25,7.361319793883046,True,2026-03-17 18:00:00-04:00,5.0,2026-03-17 18:05:00-04:00,24791.75,18.25,18.0,36.5,36.0,0.0,22.0,72
16:00,2026-03-18 16:00:00-04:00,2.0,2026-03-18 18:00:00-04:00,2026-03-19 00:00:00-04:00,Long,24434.25,24393.25,-41.0,41.0,16.779725180842465,True,2026-03-18 21:35:00-04:00,220.0,2026-03-18 21:40:00-04:00,24434.25,41.0,40.75,82.0,81.5,46.75,52.25,72
16:00,2026-03-19 16:00:00-04:00,2.0,2026-03-19 18:00:00-04:00,2026-03-20 00:00:00-04:00,Short,24360.0,24390.0,30.0,30.0,12.31527093596059,False,,,2026-03-20 00:00:00-04:00,24398.75,-8.75,-9.0,-17.5,-18.0,55.0,23.5,72
16:00,2026-03-23 16:00:00-04:00,2.0,2026-03-23 18:00:00-04:00,2026-03-24 00:00:00-04:00,Short,24398.75,24408.25,9.5,9.5,3.8936420923203032,True,2026-03-23 18:00:00-04:00,5.0,2026-03-23 18:05:00-04:00,24398.75,9.5,9.25,19.0,18.5,10.25,24.25,72
16:00,2026-03-24 16:00:00-04:00,2.0,2026-03-24 18:00:00-04:00,2026-03-25 00:00:00-04:00,Short,24218.75,24422.5,203.75,203.75,84.12903225806451,False,,,2026-03-25 00:00:00-04:00,24380.25,42.25,42.0,84.5,84.0,71.5,102.25,72
16:00,2026-03-25 16:00:00-04:00,2.0,2026-03-25 18:00:00-04:00,2026-03-26 00:00:00-04:00,Long,24372.25,24368.25,-4.0,4.0,1.6412108032701125,True,2026-03-25 20:15:00-04:00,140.0,2026-03-25 20:20:00-04:00,24372.25,4.0,3.75,8.0,7.5,84.5,12.5,72
16:00,2026-03-26 16:00:00-04:00,2.0,2026-03-26 18:00:00-04:00,2026-03-27 00:00:00-04:00,Short,23787.0,23830.0,43.0,43.0,18.07710093748686,False,,,2026-03-27 00:00:00-04:00,23895.5,-65.5,-65.75,-131.0,-131.5,79.75,24.75,72
16:00,2026-03-30 16:00:00-04:00,2.0,2026-03-30 18:00:00-04:00,2026-03-31 00:00:00-04:00,Long,23135.75,23112.0,-23.75,23.75,10.265498200836367,True,2026-03-30 18:00:00-04:00,5.0,2026-03-30 18:05:00-04:00,23135.75,23.75,23.5,47.5,47.0,0.75,33.0,72
16:00,2026-03-31 16:00:00-04:00,2.0,2026-03-31 18:00:00-04:00,2026-04-01 00:00:00-04:00,Long,23910.0,23895.0,-15.0,15.0,6.273525721455457,True,2026-03-31 18:00:00-04:00,5.0,2026-03-31 18:05:00-04:00,23910.0,15.0,14.75,30.0,29.5,14.75,50.75,72
16:00,2026-04-01 16:00:00-04:00,2.0,2026-04-01 18:00:00-04:00,2026-04-02 00:00:00-04:00,Long,24199.75,24181.5,-18.25,18.25,7.541400221076664,True,2026-04-01 18:00:00-04:00,5.0,2026-04-01 18:05:00-04:00,24199.75,18.25,18.0,36.5,36.0,7.0,23.0,72
16:00,2026-04-02 16:00:00-04:00,2.0,2026-04-02 18:00:00-04:00,2026-04-03 00:00:00-04:00,Long,24221.0,24213.75,-7.25,7.25,2.993270302629949,True,2026-04-02 20:00:00-04:00,125.0,2026-04-02 20:05:00-04:00,24221.0,7.25,7.0,14.5,14.0,36.25,41.75,72
16:00,2026-04-06 16:00:00-04:00,2.0,2026-04-06 18:00:00-04:00,2026-04-07 00:00:00-04:00,Long,24363.5,24342.0,-21.5,21.5,8.824676257516366,True,2026-04-06 18:00:00-04:00,5.0,2026-04-06 18:05:00-04:00,24363.5,21.5,21.25,43.0,42.5,3.25,31.25,72
16:00,2026-04-07 16:00:00-04:00,2.0,2026-04-07 18:00:00-04:00,2026-04-08 00:00:00-04:00,Short,24369.25,24490.0,120.75,120.75,49.55015029186372,True,2026-04-07 18:30:00-04:00,35.0,2026-04-07 18:35:00-04:00,24369.25,120.75,120.5,241.5,241.0,258.0,130.0,72
16:00,2026-04-08 16:00:00-04:00,2.0,2026-04-08 18:00:00-04:00,2026-04-09 00:00:00-04:00,Long,25079.5,25038.75,-40.75,40.75,16.248330309615422,False,,,2026-04-09 00:00:00-04:00,25018.5,-20.25,-20.5,-40.5,-41.0,58.0,27.5,72
16:00,2026-04-09 16:00:00-04:00,2.0,2026-04-09 18:00:00-04:00,2026-04-10 00:00:00-04:00,Long,25248.75,25242.25,-6.5,6.5,2.574384870538146,True,2026-04-09 18:00:00-04:00,5.0,2026-04-09 18:05:00-04:00,25248.75,6.5,6.25,13.0,12.5,20.25,8.0,72
16:00,2026-04-13 16:00:00-04:00,2.0,2026-04-13 18:00:00-04:00,2026-04-14 00:00:00-04:00,Short,25538.0,25581.0,43.0,43.0,16.837653692536612,False,,,2026-04-14 00:00:00-04:00,25583.25,-2.25,-2.5,-4.5,-5.0,37.75,21.5,72
16:00,2026-04-14 16:00:00-04:00,2.0,2026-04-14 18:00:00-04:00,2026-04-15 00:00:00-04:00,Long,26001.0,25986.75,-14.25,14.25,5.480558440059998,True,2026-04-14 18:05:00-04:00,10.0,2026-04-14 18:10:00-04:00,26001.0,14.25,14.0,28.5,28.0,10.5,28.75,72
16:00,2026-04-15 16:00:00-04:00,2.0,2026-04-15 18:00:00-04:00,2026-04-16 00:00:00-04:00,Long,26364.0,26345.25,-18.75,18.75,7.111970869367319,True,2026-04-15 18:00:00-04:00,5.0,2026-04-15 18:05:00-04:00,26364.0,18.75,18.5,37.5,37.0,1.25,27.25,72
16:00,2026-04-16 16:00:00-04:00,2.0,2026-04-16 18:00:00-04:00,2026-04-17 00:00:00-04:00,Long,26484.0,26464.25,-19.75,19.75,7.457332729194985,True,2026-04-16 18:25:00-04:00,30.0,2026-04-16 18:30:00-04:00,26484.0,19.75,19.5,39.5,39.0,17.75,20.75,72
16:00,2026-04-20 16:00:00-04:00,2.0,2026-04-20 18:00:00-04:00,2026-04-21 00:00:00-04:00,Short,26745.25,26776.5,31.25,31.25,11.68431777605369,False,,,2026-04-21 00:00:00-04:00,26812.25,-35.75,-36.0,-71.5,-72.0,62.25,25.0,72
16:00,2026-04-21 16:00:00-04:00,2.0,2026-04-21 18:00:00-04:00,2026-04-22 00:00:00-04:00,Short,26642.0,26735.0,93.0,93.0,34.90728924254936,False,,,2026-04-22 00:00:00-04:00,26808.0,-73.0,-73.25,-146.0,-146.5,98.75,7.0,72
16:00,2026-04-22 16:00:00-04:00,2.0,2026-04-22 18:00:00-04:00,2026-04-23 00:00:00-04:00,Short,27080.0,27080.75,0.75,0.75,0.27695716395864106,True,2026-04-22 18:00:00-04:00,5.0,2026-04-22 18:05:00-04:00,27080.0,0.75,0.5,1.5,1.0,12.5,15.75,72
16:00,2026-04-23 16:00:00-04:00,2.0,2026-04-23 18:00:00-04:00,2026-04-24 00:00:00-04:00,Short,26926.25,26990.75,64.5,64.5,23.954319669467527,False,,,2026-04-24 00:00:00-04:00,27031.25,-40.5,-40.75,-81.0,-81.5,146.75,0.0,72
16:00,2026-04-27 16:00:00-04:00,2.0,2026-04-27 18:00:00-04:00,2026-04-28 00:00:00-04:00,Long,27444.75,27425.75,-19.0,19.0,6.922999845143424,True,2026-04-27 18:00:00-04:00,5.0,2026-04-27 18:05:00-04:00,27444.75,19.0,18.75,38.0,37.5,6.5,23.25,72
16:00,2026-04-28 16:00:00-04:00,2.0,2026-04-28 18:00:00-04:00,2026-04-29 00:00:00-04:00,Short,27169.5,27196.0,26.5,26.5,9.753583982038682,False,,,2026-04-29 00:00:00-04:00,27283.75,-87.75,-88.0,-175.5,-176.0,98.0,4.5,72
16:00,2026-04-29 16:00:00-04:00,2.0,2026-04-29 18:00:00-04:00,2026-04-30 00:00:00-04:00,Long,27334.75,27202.75,-132.0,132.0,48.29018008212989,True,2026-04-29 18:05:00-04:00,10.0,2026-04-29 18:10:00-04:00,27334.75,132.0,131.75,264.0,263.5,0.0,183.0,72
16:00,2026-04-30 16:00:00-04:00,2.0,2026-04-30 18:00:00-04:00,2026-05-01 00:00:00-04:00,Short,27578.25,27630.0,51.75,51.75,18.764787468385414,True,2026-04-30 18:50:00-04:00,55.0,2026-04-30 18:55:00-04:00,27578.25,51.75,51.5,103.5,103.0,18.0,63.25,72
16:00,2026-05-04 16:00:00-04:00,2.0,2026-05-04 18:00:00-04:00,2026-05-05 00:00:00-04:00,Long,27779.75,27754.0,-25.75,25.75,9.269341876726752,True,2026-05-04 18:00:00-04:00,5.0,2026-05-04 18:05:00-04:00,27779.75,25.75,25.5,51.5,51.0,8.0,32.5,72
16:00,2026-05-05 16:00:00-04:00,2.0,2026-05-05 18:00:00-04:00,2026-05-06 00:00:00-04:00,Short,28135.0,28246.5,111.5,111.5,39.63035365203483,False,,,2026-05-06 00:00:00-04:00,28312.75,-66.25,-66.5,-132.5,-133.0,217.5,1.25,72
16:00,2026-05-06 16:00:00-04:00,2.0,2026-05-06 18:00:00-04:00,2026-05-07 00:00:00-04:00,Long,28710.5,28663.75,-46.75,46.75,16.283241322860974,True,2026-05-06 21:50:00-04:00,235.0,2026-05-06 21:55:00-04:00,28710.5,46.75,46.5,93.5,93.0,26.25,53.5,72
16:00,2026-05-07 16:00:00-04:00,2.0,2026-05-07 18:00:00-04:00,2026-05-08 00:00:00-04:00,Long,28684.5,28588.0,-96.5,96.5,33.6418623298297,True,2026-05-07 20:00:00-04:00,125.0,2026-05-07 20:05:00-04:00,28684.5,96.5,96.25,193.0,192.5,46.0,112.0,72
16:00,2026-05-11 16:00:00-04:00,2.0,2026-05-11 18:00:00-04:00,2026-05-12 00:00:00-04:00,Long,29429.0,29399.75,-29.25,29.25,9.93917564307316,True,2026-05-11 18:10:00-04:00,15.0,2026-05-11 18:15:00-04:00,29429.0,29.25,29.0,58.5,58.0,7.75,30.25,72
16:00,2026-05-12 16:00:00-04:00,2.0,2026-05-12 18:00:00-04:00,2026-05-13 00:00:00-04:00,Long,29174.25,29148.0,-26.25,26.25,8.997660608241857,True,2026-05-12 18:15:00-04:00,20.0,2026-05-12 18:20:00-04:00,29174.25,26.25,26.0,52.5,52.0,14.25,35.0,72
16:00,2026-05-13 16:00:00-04:00,2.0,2026-05-13 18:00:00-04:00,2026-05-14 00:00:00-04:00,Short,29475.5,29537.0,61.5,61.5,20.864786008719104,False,,,2026-05-14 00:00:00-04:00,29536.0,1.0,0.75,2.0,1.5,156.5,15.75,72
16:00,2026-05-14 16:00:00-04:00,2.0,2026-05-14 18:00:00-04:00,2026-05-15 00:00:00-04:00,Short,29686.5,29695.25,8.75,8.75,2.9474677041752986,True,2026-05-14 18:00:00-04:00,5.0,2026-05-14 18:05:00-04:00,29686.5,8.75,8.5,17.5,17.0,17.75,20.5,72
16:00,2026-05-18 16:00:00-04:00,2.0,2026-05-18 18:00:00-04:00,2026-05-19 00:00:00-04:00,Short,29099.5,29100.0,0.5,0.5,0.17182425814876545,True,2026-05-18 18:00:00-04:00,5.0,2026-05-18 18:05:00-04:00,29099.5,0.5,0.25,1.0,0.5,35.0,6.5,72
16:00,2026-05-19 16:00:00-04:00,2.0,2026-05-19 18:00:00-04:00,2026-05-20 00:00:00-04:00,Short,28923.75,28930.0,6.25,6.25,2.160853969488742,True,2026-05-19 18:00:00-04:00,5.0,2026-05-19 18:05:00-04:00,28923.75,6.25,6.0,12.5,12.0,6.25,16.25,72
16:00,2026-05-20 16:00:00-04:00,2.0,2026-05-20 18:00:00-04:00,2026-05-21 00:00:00-04:00,Long,29395.25,29260.0,-135.25,135.25,46.01083508389961,False,,,2026-05-21 00:00:00-04:00,29362.0,102.0,101.75,204.0,203.5,147.0,121.5,72
16:00,2026-05-21 16:00:00-04:00,2.0,2026-05-21 18:00:00-04:00,2026-05-22 00:00:00-04:00,Short,29445.75,29450.0,4.25,4.25,1.4433322296086872,True,2026-05-21 18:00:00-04:00,5.0,2026-05-21 18:05:00-04:00,29445.75,4.25,4.0,8.5,8.0,58.25,6.5,72
16:00,2026-05-26 16:00:00-04:00,2.0,2026-05-26 18:00:00-04:00,2026-05-27 00:00:00-04:00,Long,30079.25,30053.75,-25.5,25.5,8.477604993475568,True,2026-05-26 19:30:00-04:00,95.0,2026-05-26 19:35:00-04:00,30079.25,25.5,25.25,51.0,50.5,26.75,31.25,72
16:00,2026-05-27 16:00:00-04:00,2.0,2026-05-27 18:00:00-04:00,2026-05-28 00:00:00-04:00,Short,30047.5,30114.0,66.5,66.5,22.131624927198605,True,2026-05-27 18:30:00-04:00,35.0,2026-05-27 18:35:00-04:00,30047.5,66.5,66.25,133.0,132.5,23.5,87.75,72
16:00,2026-05-28 16:00:00-04:00,2.0,2026-05-28 18:00:00-04:00,2026-05-29 00:00:00-04:00,Short,30306.0,30323.0,17.0,17.0,5.60945027387316,True,2026-05-28 18:10:00-04:00,15.0,2026-05-28 18:15:00-04:00,30306.0,17.0,16.75,34.0,33.5,41.75,47.0,72
16:00,2026-06-01 16:00:00-04:00,2.0,2026-06-01 18:00:00-04:00,2026-06-02 00:00:00-04:00,Long,30571.25,30542.75,-28.5,28.5,9.322484360305843,False,,,2026-06-02 00:00:00-04:00,30363.25,-179.5,-179.75,-359.0,-359.5,225.0,7.25,72
16:00,2026-06-02 16:00:00-04:00,2.0,2026-06-02 18:00:00-04:00,2026-06-03 00:00:00-04:00,Short,30707.25,30743.0,35.75,35.75,11.642201760170643,True,2026-06-02 18:50:00-04:00,55.0,2026-06-02 18:55:00-04:00,30707.25,35.75,35.5,71.5,71.0,14.25,40.0,72
16:00,2026-06-03 16:00:00-04:00,2.0,2026-06-03 18:00:00-04:00,2026-06-04 00:00:00-04:00,Long,30635.75,30460.5,-175.25,175.25,57.20440988061333,False,,,2026-06-04 00:00:00-04:00,30480.25,19.75,19.5,39.5,39.0,108.0,70.5,72
16:00,2026-06-04 16:00:00-04:00,2.0,2026-06-04 18:00:00-04:00,2026-06-05 00:00:00-04:00,Long,30485.25,30410.0,-75.25,75.25,24.68406852494239,False,,,2026-06-05 00:00:00-04:00,30163.0,-247.0,-247.25,-494.0,-494.5,357.75,13.0,72
16:00,2026-06-08 16:00:00-04:00,2.0,2026-06-08 18:00:00-04:00,2026-06-09 00:00:00-04:00,Long,29452.5,29436.75,-15.75,15.75,5.347593582887701,True,2026-06-08 18:00:00-04:00,5.0,2026-06-08 18:05:00-04:00,29452.5,15.75,15.5,31.5,31.0,33.75,31.75,72
16:00,2026-06-09 16:00:00-04:00,2.0,2026-06-09 18:00:00-04:00,2026-06-10 00:00:00-04:00,Long,29116.0,29102.0,-14.0,14.0,4.808352795713697,True,2026-06-09 18:15:00-04:00,20.0,2026-06-09 18:20:00-04:00,29116.0,14.0,13.75,28.0,27.5,73.75,15.0,72
16:00,2026-06-10 16:00:00-04:00,2.0,2026-06-10 18:00:00-04:00,2026-06-11 00:00:00-04:00,Long,28528.75,28458.0,-70.75,70.75,24.799544319326998,True,2026-06-10 20:15:00-04:00,140.0,2026-06-10 20:20:00-04:00,28528.75,70.75,70.5,141.5,141.0,193.75,113.5,72
16:00,2026-06-11 16:00:00-04:00,2.0,2026-06-11 18:00:00-04:00,2026-06-12 00:00:00-04:00,Long,29457.0,29450.0,-7.0,7.0,2.3763451811114504,True,2026-06-11 18:00:00-04:00,5.0,2026-06-11 18:05:00-04:00,29457.0,7.0,6.75,14.0,13.5,5.0,56.25,72
16:00,2026-06-15 16:00:00-04:00,2.0,2026-06-15 18:00:00-04:00,2026-06-16 00:00:00-04:00,Long,30567.0,30528.0,-39.0,39.0,12.758857591520266,False,,,2026-06-16 00:00:00-04:00,30525.25,-2.75,-3.0,-5.5,-6.0,75.5,34.5,72
16:00,2026-06-16 16:00:00-04:00,2.0,2026-06-16 18:00:00-04:00,2026-06-17 00:00:00-04:00,Short,29991.25,30000.0,8.75,8.75,2.9175176093027138,False,,,2026-06-17 00:00:00-04:00,30150.5,-150.5,-150.75,-301.0,-301.5,154.75,7.0,72
16:00,2026-06-17 16:00:00-04:00,2.0,2026-06-17 18:00:00-04:00,2026-06-18 00:00:00-04:00,Short,29678.75,29850.0,171.25,171.25,57.701217200859205,False,,,2026-06-18 00:00:00-04:00,30075.5,-225.5,-225.75,-451.0,-451.5,268.5,63.5,72
16:00,2026-06-22 16:00:00-04:00,2.0,2026-06-22 18:00:00-04:00,2026-06-23 00:00:00-04:00,Short,30654.0,30662.0,8.0,8.0,2.6097736021400144,True,2026-06-22 18:00:00-04:00,5.0,2026-06-22 18:05:00-04:00,30654.0,8.0,7.75,16.0,15.5,37.75,17.5,72
16:00,2026-06-23 16:00:00-04:00,2.0,2026-06-23 18:00:00-04:00,2026-06-24 00:00:00-04:00,Short,29650.75,29766.25,115.5,115.5,38.95348347006399,True,2026-06-23 18:40:00-04:00,45.0,2026-06-23 18:45:00-04:00,29650.75,115.5,115.25,231.0,230.5,38.5,133.25,72
16:00,2026-06-24 16:00:00-04:00,2.0,2026-06-24 18:00:00-04:00,2026-06-25 00:00:00-04:00,Short,29513.75,30095.75,582.0,582.0,197.19622209986872,False,,,2026-06-25 00:00:00-04:00,30033.0,62.75,62.5,125.5,125.0,73.25,171.75,72
16:00,2026-06-25 16:00:00-04:00,2.0,2026-06-25 18:00:00-04:00,2026-06-26 00:00:00-04:00,Long,29749.5,29748.0,-1.5,1.5,0.5042101547925175,True,2026-06-25 18:00:00-04:00,5.0,2026-06-25 18:05:00-04:00,29749.5,1.5,1.25,3.0,2.5,51.0,13.75,72
16:00,2026-06-29 16:00:00-04:00,2.0,2026-06-29 18:00:00-04:00,2026-06-30 00:00:00-04:00,Long,30046.25,30005.5,-40.75,40.75,13.5624245954154,True,2026-06-29 19:30:00-04:00,95.0,2026-06-29 19:35:00-04:00,30046.25,40.75,40.5,81.5,81.0,34.0,48.0,72
16:00,2026-06-30 16:00:00-04:00,2.0,2026-06-30 18:00:00-04:00,2026-07-01 00:00:00-04:00,Long,30513.5,30502.5,-11.0,11.0,3.604961738247005,True,2026-06-30 18:00:00-04:00,5.0,2026-06-30 18:05:00-04:00,30513.5,11.0,10.75,22.0,21.5,10.5,23.75,72
16:00,2026-07-01 16:00:00-04:00,2.0,2026-07-01 18:00:00-04:00,2026-07-02 00:00:00-04:00,Short,30080.75,30084.75,4.0,4.0,1.3297540786050879,True,2026-07-01 18:00:00-04:00,5.0,2026-07-01 18:05:00-04:00,30080.75,4.0,3.75,8.0,7.5,24.5,20.5,72
16:00,2026-07-02 16:00:00-04:00,2.0,2026-07-02 18:00:00-04:00,2026-07-03 00:00:00-04:00,Short,29538.5,29566.0,27.5,27.5,9.309883711088919,True,2026-07-02 20:30:00-04:00,155.0,2026-07-02 20:35:00-04:00,29538.5,27.5,27.25,55.0,54.5,72.5,32.5,72
16:00,2026-07-06 16:00:00-04:00,2.0,2026-07-06 18:00:00-04:00,2026-07-07 00:00:00-04:00,Short,29951.5,29960.0,8.5,8.5,2.837921306111547,True,2026-07-06 18:00:00-04:00,5.0,2026-07-06 18:05:00-04:00,29951.5,8.5,8.25,17.0,16.5,9.75,16.0,72
16:00,2026-07-07 16:00:00-04:00,2.0,2026-07-07 18:00:00-04:00,2026-07-08 00:00:00-04:00,Long,29395.25,29387.0,-8.25,8.25,2.806575892363562,True,2026-07-07 18:40:00-04:00,45.0,2026-07-07 18:45:00-04:00,29395.25,8.25,8.0,16.5,16.0,68.0,15.0,72
16:00,2026-07-08 16:00:00-04:00,2.0,2026-07-08 18:00:00-04:00,2026-07-09 00:00:00-04:00,Long,29457.25,29410.0,-47.25,47.25,16.04019384022609,True,2026-07-08 19:35:00-04:00,100.0,2026-07-08 19:40:00-04:00,29457.25,47.25,47.0,94.5,94.0,15.0,78.0,72
16:00,2026-07-09 16:00:00-04:00,2.0,2026-07-09 18:00:00-04:00,2026-07-10 00:00:00-04:00,Long,29948.25,29936.5,-11.75,11.75,3.9234345913367226,True,2026-07-09 18:05:00-04:00,10.0,2026-07-09 18:10:00-04:00,29948.25,11.75,11.5,23.5,23.0,12.0,25.5,72
16:00,2026-07-13 16:00:00-04:00,2.0,2026-07-13 18:00:00-04:00,2026-07-14 00:00:00-04:00,Long,29467.25,29440.0,-27.25,27.25,9.247554488457526,True,2026-07-13 18:00:00-04:00,5.0,2026-07-13 18:05:00-04:00,29467.25,27.25,27.0,54.5,54.0,0.75,40.0,72
16:00,2026-07-14 16:00:00-04:00,2.0,2026-07-14 18:00:00-04:00,2026-07-15 00:00:00-04:00,Short,29786.0,29798.0,12.0,12.0,4.028738333445243,True,2026-07-14 18:00:00-04:00,5.0,2026-07-14 18:05:00-04:00,29786.0,12.0,11.75,24.0,23.5,8.75,18.75,72
16:00,2026-07-15 16:00:00-04:00,2.0,2026-07-15 18:00:00-04:00,2026-07-16 00:00:00-04:00,Short,29700.75,29707.75,7.0,7.0,2.3568428406690067,True,2026-07-15 18:00:00-04:00,5.0,2026-07-15 18:05:00-04:00,29700.75,7.0,6.75,14.0,13.5,34.0,9.75,72
16:00,2026-07-16 16:00:00-04:00,2.0,2026-07-16 18:00:00-04:00,2026-07-17 00:00:00-04:00,Long,29217.25,29186.75,-30.5,30.5,10.439038581659807,True,2026-07-16 18:00:00-04:00,5.0,2026-07-16 18:05:00-04:00,29217.25,30.5,30.25,61.0,60.5,0.0,33.25,72
16:00,2026-07-20 16:00:00-04:00,2.0,2026-07-20 18:00:00-04:00,2026-07-21 00:00:00-04:00,Long,28785.75,28783.25,-2.5,2.5,0.8684852748321652,True,2026-07-20 18:00:00-04:00,5.0,2026-07-20 18:05:00-04:00,28785.75,2.5,2.25,5.0,4.5,55.0,18.5,72
16:00,2026-07-21 16:00:00-04:00,2.0,2026-07-21 18:00:00-04:00,2026-07-22 00:00:00-04:00,Long,29310.75,29309.0,-1.75,1.75,0.5970505701832945,True,2026-07-21 18:00:00-04:00,5.0,2026-07-21 18:05:00-04:00,29310.75,1.75,1.5,3.5,3.0,23.75,2.75,72
16:00,2026-07-22 16:00:00-04:00,2.0,2026-07-22 18:00:00-04:00,2026-07-23 00:00:00-04:00,Long,29161.0,29107.5,-53.5,53.5,18.346421590480436,True,2026-07-22 20:00:00-04:00,125.0,2026-07-22 20:05:00-04:00,29161.0,53.5,53.25,107.0,106.5,81.75,56.0,72
16:00,2026-07-23 16:00:00-04:00,2.0,2026-07-23 18:00:00-04:00,2026-07-24 00:00:00-04:00,Short,28614.25,28708.0,93.75,93.75,32.763395860454146,True,2026-07-23 21:55:00-04:00,240.0,2026-07-23 22:00:00-04:00,28614.25,93.75,93.5,187.5,187.0,26.75,99.5,72
16:00,2026-07-27 16:00:00-04:00,2.0,2026-07-27 18:00:00-04:00,2026-07-28 00:00:00-04:00,Short,28193.0,28210.5,17.5,17.5,6.207214556804881,True,2026-07-27 18:00:00-04:00,5.0,2026-07-27 18:05:00-04:00,28193.0,17.5,17.25,35.0,34.5,18.5,22.5,72
16:00,2026-07-28 16:00:00-04:00,2.0,2026-07-28 18:00:00-04:00,2026-07-29 00:00:00-04:00,Short,27919.5,27962.25,42.75,42.75,15.311878794391017,True,2026-07-28 18:20:00-04:00,25.0,2026-07-28 18:25:00-04:00,27919.5,42.75,42.5,85.5,85.0,51.75,48.5,72
16:00,2026-07-29 16:00:00-04:00,2.0,2026-07-29 18:00:00-04:00,2026-07-30 00:00:00-04:00,Long,27336.5,27208.0,-128.5,128.5,47.0067492180784,True,2026-07-29 18:00:00-04:00,5.0,2026-07-29 18:05:00-04:00,27336.5,128.5,128.25,257.0,256.5,3.25,147.5,72
16:00,2026-07-30 16:00:00-04:00,2.0,2026-07-30 18:00:00-04:00,2026-07-31 00:00:00-04:00,Short,28230.0,28317.25,87.25,87.25,30.906836698547643,False,,,2026-07-31 00:00:00-04:00,28458.75,-141.5,-141.75,-283.0,-283.5,262.75,13.0,72
16:00,2026-08-03 16:00:00-04:00,2.0,2026-08-03 18:00:00-04:00,2026-08-04 00:00:00-04:00,Short,28900.75,28930.0,29.25,29.25,10.120844614759132,True,2026-08-03 20:20:00-04:00,145.0,2026-08-03 20:25:00-04:00,28900.75,29.25,29.0,58.5,58.0,49.0,30.0,72
16:00,2026-08-04 16:00:00-04:00,2.0,2026-08-04 18:00:00-04:00,2026-08-05 00:00:00-04:00,Long,29874.75,29781.25,-93.5,93.5,31.29733303207558,True,2026-08-04 20:30:00-04:00,155.0,2026-08-04 20:35:00-04:00,29874.75,93.5,93.25,187.0,186.5,5.75,96.25,72
16:00,2026-08-05 16:00:00-04:00,2.0,2026-08-05 18:00:00-04:00,2026-08-06 00:00:00-04:00,Long,29606.75,29576.0,-30.75,30.75,10.386145051381865,True,2026-08-05 18:20:00-04:00,25.0,2026-08-05 18:25:00-04:00,29606.75,30.75,30.5,61.5,61.0,16.0,62.5,72
16:00,2026-08-06 16:00:00-04:00,2.0,2026-08-06 18:00:00-04:00,2026-08-07 00:00:00-04:00,Short,29497.25,29515.0,17.75,17.75,6.0175101068743695,True,2026-08-06 18:00:00-04:00,5.0,2026-08-06 18:05:00-04:00,29497.25,17.75,17.5,35.5,35.0,14.75,21.0,72
17:00,2020-01-02 17:00:00-05:00,1.0,2020-01-02 18:00:00-05:00,2020-01-03 00:00:00-05:00,Long,8901.25,8898.0,-3.25,3.25,3.651172588119646,True,2020-01-02 18:00:00-05:00,5.0,2020-01-02 18:05:00-05:00,8901.25,3.25,3.0,6.5,6.0,0.0,5.75,72
17:00,2020-01-06 17:00:00-05:00,1.0,2020-01-06 18:00:00-05:00,2020-01-07 00:00:00-05:00,Long,8852.5,8851.75,-0.75,0.75,0.8472182999152782,True,2020-01-06 18:00:00-05:00,5.0,2020-01-06 18:05:00-05:00,8852.5,0.75,0.5,1.5,1.0,2.25,4.25,72
17:00,2020-01-07 17:00:00-05:00,1.0,2020-01-07 18:00:00-05:00,2020-01-08 00:00:00-05:00,Long,8844.0,8843.0,-1.0,1.0,1.1307100859339665,True,2020-01-07 18:00:00-05:00,5.0,2020-01-07 18:05:00-05:00,8844.0,1.0,0.75,2.0,1.5,5.5,4.5,72
17:00,2020-01-08 17:00:00-05:00,1.0,2020-01-08 18:00:00-05:00,2020-01-09 00:00:00-05:00,Short,8946.25,8948.5,2.25,2.25,2.5150202598854268,True,2020-01-08 18:00:00-05:00,5.0,2020-01-08 18:05:00-05:00,8946.25,2.25,2.0,4.5,4.0,8.0,2.25,72
17:00,2020-01-13 17:00:00-05:00,1.0,2020-01-13 18:00:00-05:00,2020-01-14 00:00:00-05:00,Long,9089.75,9088.5,-1.25,1.25,1.375175334855194,True,2020-01-13 18:00:00-05:00,5.0,2020-01-13 18:05:00-05:00,9089.75,1.25,1.0,2.5,2.0,0.5,4.75,72
17:00,2020-01-14 17:00:00-05:00,1.0,2020-01-14 18:00:00-05:00,2020-01-15 00:00:00-05:00,Long,9063.0,9062.5,-0.5,0.5,0.5516936996579499,True,2020-01-14 18:00:00-05:00,5.0,2020-01-14 18:05:00-05:00,9063.0,0.5,0.25,1.0,0.5,8.5,1.5,72
17:00,2020-01-15 17:00:00-05:00,1.0,2020-01-15 18:00:00-05:00,2020-01-16 00:00:00-05:00,Long,9061.75,9060.5,-1.25,1.25,1.3794245040968907,True,2020-01-15 18:00:00-05:00,5.0,2020-01-15 18:05:00-05:00,9061.75,1.25,1.0,2.5,2.0,0.0,11.75,72
17:00,2020-01-16 17:00:00-05:00,1.0,2020-01-16 18:00:00-05:00,2020-01-17 00:00:00-05:00,Long,9138.0,9136.5,-1.5,1.5,1.6414970453053184,True,2020-01-16 18:00:00-05:00,5.0,2020-01-16 18:05:00-05:00,9138.0,1.5,1.25,3.0,2.5,2.5,4.0,72
17:00,2020-01-21 17:00:00-05:00,1.0,2020-01-21 18:00:00-05:00,2020-01-22 00:00:00-05:00,Short,9175.0,9179.0,4.0,4.0,4.35967302452316,True,2020-01-21 18:35:00-05:00,40.0,2020-01-21 18:40:00-05:00,9175.0,4.0,3.75,8.0,7.5,5.25,4.5,72
17:00,2020-01-22 17:00:00-05:00,1.0,2020-01-22 18:00:00-05:00,2020-01-23 00:00:00-05:00,Short,9187.5,9189.25,1.75,1.75,1.9047619047619049,True,2020-01-22 18:00:00-05:00,5.0,2020-01-22 18:05:00-05:00,9187.5,1.75,1.5,3.5,3.0,6.75,3.25,72
17:00,2020-01-23 17:00:00-05:00,1.0,2020-01-23 18:00:00-05:00,2020-01-24 00:00:00-05:00,Long,9251.25,9251.0,-0.25,0.25,0.2702337521956492,True,2020-01-23 18:00:00-05:00,5.0,2020-01-23 18:05:00-05:00,9251.25,0.25,0.0,0.5,0.0,1.5,21.25,72
17:00,2020-01-27 17:00:00-05:00,1.0,2020-01-27 18:00:00-05:00,2020-01-28 00:00:00-05:00,Long,8960.25,8954.0,-6.25,6.25,6.975251806590218,True,2020-01-27 18:00:00-05:00,5.0,2020-01-27 18:05:00-05:00,8960.25,6.25,6.0,12.5,12.0,1.5,19.75,72
17:00,2020-01-28 17:00:00-05:00,1.0,2020-01-28 18:00:00-05:00,2020-01-29 00:00:00-05:00,Long,9124.0,9120.75,-3.25,3.25,3.5620341955282773,True,2020-01-28 18:00:00-05:00,5.0,2020-01-28 18:05:00-05:00,9124.0,3.25,3.0,6.5,6.0,19.25,5.5,72
17:00,2020-01-29 17:00:00-05:00,1.0,2020-01-29 18:00:00-05:00,2020-01-30 00:00:00-05:00,Short,9105.75,9110.5,4.75,4.75,5.216484089723526,True,2020-01-29 19:20:00-05:00,85.0,2020-01-29 19:25:00-05:00,9105.75,4.75,4.5,9.5,9.0,26.5,5.0,72
17:00,2020-01-30 17:00:00-05:00,1.0,2020-01-30 18:00:00-05:00,2020-01-31 00:00:00-05:00,Long,9237.5,9226.5,-11.0,11.0,11.907983761840326,True,2020-01-30 20:00:00-05:00,125.0,2020-01-30 20:05:00-05:00,9237.5,11.0,10.75,22.0,21.5,23.0,17.0,72
17:00,2020-02-03 17:00:00-05:00,1.0,2020-02-03 18:00:00-05:00,2020-02-04 00:00:00-05:00,Long,9105.75,9100.25,-5.5,5.5,6.040139472311451,True,2020-02-03 19:05:00-05:00,70.0,2020-02-03 19:10:00-05:00,9105.75,5.5,5.25,11.0,10.5,27.0,6.75,72
17:00,2020-02-04 17:00:00-05:00,1.0,2020-02-04 18:00:00-05:00,2020-02-05 00:00:00-05:00,Long,9361.25,9355.5,-5.75,5.75,6.142342101749232,True,2020-02-04 18:20:00-05:00,25.0,2020-02-04 18:25:00-05:00,9361.25,5.75,5.5,11.5,11.0,9.0,7.25,72
17:00,2020-02-05 17:00:00-05:00,1.0,2020-02-05 18:00:00-05:00,2020-02-06 00:00:00-05:00,Short,9388.5,9392.0,3.5,3.5,3.727965063641689,True,2020-02-05 18:05:00-05:00,10.0,2020-02-05 18:10:00-05:00,9388.5,3.5,3.25,7.0,6.5,5.75,6.0,72
17:00,2020-02-06 17:00:00-05:00,1.0,2020-02-06 18:00:00-05:00,2020-02-07 00:00:00-05:00,Short,9463.25,9464.5,1.25,1.25,1.3208992682218053,True,2020-02-06 18:00:00-05:00,5.0,2020-02-06 18:05:00-05:00,9463.25,1.25,1.0,2.5,2.0,12.5,4.25,72
17:00,2020-02-10 17:00:00-05:00,1.0,2020-02-10 18:00:00-05:00,2020-02-11 00:00:00-05:00,Long,9526.75,9523.0,-3.75,3.75,3.936284672107487,True,2020-02-10 18:00:00-05:00,5.0,2020-02-10 18:05:00-05:00,9526.75,3.75,3.5,7.5,7.0,2.75,4.5,72
17:00,2020-02-11 17:00:00-05:00,1.0,2020-02-11 18:00:00-05:00,2020-02-12 00:00:00-05:00,Short,9532.5,9536.0,3.5,3.5,3.671649619722004,True,2020-02-11 19:05:00-05:00,70.0,2020-02-11 19:10:00-05:00,9532.5,3.5,3.25,7.0,6.5,11.75,6.0,72
17:00,2020-02-12 17:00:00-05:00,1.0,2020-02-12 18:00:00-05:00,2020-02-13 00:00:00-05:00,Long,9623.25,9621.25,-2.0,2.0,2.078299950640376,True,2020-02-12 18:30:00-05:00,35.0,2020-02-12 18:35:00-05:00,9623.25,2.0,1.75,4.0,3.5,5.5,3.0,72
17:00,2020-02-13 17:00:00-05:00,1.0,2020-02-13 18:00:00-05:00,2020-02-14 00:00:00-05:00,Long,9625.5,9625.25,-0.25,0.25,0.25972676744065243,True,2020-02-13 18:00:00-05:00,5.0,2020-02-13 18:05:00-05:00,9625.5,0.25,0.0,0.5,0.0,6.5,2.75,72
17:00,2020-02-18 17:00:00-05:00,1.0,2020-02-18 18:00:00-05:00,2020-02-19 00:00:00-05:00,Short,9640.5,9642.5,2.0,2.0,2.0745811939214773,True,2020-02-18 18:00:00-05:00,5.0,2020-02-18 18:05:00-05:00,9640.5,2.0,1.75,4.0,3.5,7.5,2.0,72
17:00,2020-02-19 17:00:00-05:00,1.0,2020-02-19 18:00:00-05:00,2020-02-20 00:00:00-05:00,Short,9733.75,9740.0,6.25,6.25,6.420958006934634,True,2020-02-19 21:10:00-05:00,195.0,2020-02-19 21:15:00-05:00,9733.75,6.25,6.0,12.5,12.0,23.0,11.25,72
17:00,2020-02-24 17:00:00-05:00,1.0,2020-02-24 18:00:00-05:00,2020-02-25 00:00:00-05:00,Long,9096.75,9092.75,-4.0,4.0,4.397174815181246,True,2020-02-24 18:00:00-05:00,5.0,2020-02-24 18:05:00-05:00,9096.75,4.0,3.75,8.0,7.5,39.5,18.5,72
17:00,2020-02-25 17:00:00-05:00,1.0,2020-02-25 18:00:00-05:00,2020-02-26 00:00:00-05:00,Long,8873.5,8867.5,-6.0,6.0,6.761706203865442,True,2020-02-25 18:00:00-05:00,5.0,2020-02-25 18:05:00-05:00,8873.5,6.0,5.75,12.0,11.5,4.0,22.5,72
17:00,2020-02-26 17:00:00-05:00,1.0,2020-02-26 18:00:00-05:00,2020-02-27 00:00:00-05:00,Long,8822.5,8817.5,-5.0,5.0,5.667327854916407,True,2020-02-26 18:00:00-05:00,5.0,2020-02-26 18:05:00-05:00,8822.5,5.0,4.75,10.0,9.5,12.75,10.5,72
17:00,2020-02-27 17:00:00-05:00,1.0,2020-02-27 18:00:00-05:00,2020-02-28 00:00:00-05:00,Short,8346.75,8353.75,7.0,7.0,8.386497738640788,True,2020-02-27 18:00:00-05:00,5.0,2020-02-27 18:05:00-05:00,8346.75,7.0,6.75,14.0,13.5,25.0,40.75,72
17:00,2020-03-02 17:00:00-05:00,1.0,2020-03-02 18:00:00-05:00,2020-03-03 00:00:00-05:00,Short,8819.5,8830.25,10.75,10.75,12.188899597482852,True,2020-03-02 18:20:00-05:00,25.0,2020-03-02 18:25:00-05:00,8819.5,10.75,10.5,21.5,21.0,21.5,19.25,72
17:00,2020-03-03 17:00:00-05:00,1.0,2020-03-03 18:00:00-05:00,2020-03-04 00:00:00-05:00,Long,8559.75,8559.0,-0.75,0.75,0.8761938140716727,True,2020-03-03 18:00:00-05:00,5.0,2020-03-03 18:05:00-05:00,8559.75,0.75,0.5,1.5,1.0,38.75,19.0,72
17:00,2020-03-04 17:00:00-05:00,1.0,2020-03-04 18:00:00-05:00,2020-03-05 00:00:00-05:00,Short,8889.0,8889.75,0.75,0.75,0.8437394532568343,True,2020-03-04 18:00:00-05:00,5.0,2020-03-04 18:05:00-05:00,8889.0,0.75,0.5,1.5,1.0,10.0,8.25,72
17:00,2020-03-05 17:00:00-05:00,1.0,2020-03-05 18:00:00-05:00,2020-03-06 00:00:00-05:00,Short,8674.0,8675.5,1.5,1.5,1.7293059718699562,True,2020-03-05 18:00:00-05:00,5.0,2020-03-05 18:05:00-05:00,8674.0,1.5,1.25,3.0,2.5,7.0,11.0,72
17:00,2020-03-09 17:00:00-04:00,1.0,2020-03-09 18:00:00-04:00,2020-03-10 00:00:00-04:00,Long,7913.25,7894.5,-18.75,18.75,23.69443654629893,True,2020-03-09 18:15:00-04:00,20.0,2020-03-09 18:20:00-04:00,7913.25,18.75,18.5,37.5,37.0,79.0,20.5,72
17:00,2020-03-10 17:00:00-04:00,1.0,2020-03-10 18:00:00-04:00,2020-03-11 00:00:00-04:00,Long,8356.5,8324.25,-32.25,32.25,38.592712259917434,False,,,2020-03-11 00:00:00-04:00,8178.25,-146.0,-146.25,-292.0,-292.5,209.0,10.25,72
17:00,2020-03-11 17:00:00-04:00,1.0,2020-03-11 18:00:00-04:00,2020-03-12 00:00:00-04:00,Long,8005.5,7999.0,-6.5,6.5,8.119417900193618,True,2020-03-11 18:00:00-04:00,5.0,2020-03-11 18:05:00-04:00,8005.5,6.5,6.25,13.0,12.5,13.75,30.75,72
17:00,2020-03-12 17:00:00-04:00,1.0,2020-03-12 18:00:00-04:00,2020-03-13 00:00:00-04:00,Short,7161.75,7167.75,6.0,6.0,8.377840611582366,True,2020-03-12 18:00:00-04:00,5.0,2020-03-12 18:05:00-04:00,7161.75,6.0,5.75,12.0,11.5,26.25,45.5,72
17:00,2020-03-16 17:00:00-04:00,1.0,2020-03-16 18:00:00-04:00,2020-03-17 00:00:00-04:00,Short,7056.75,7059.75,3.0,3.0,4.251248804336274,True,2020-03-16 18:00:00-04:00,5.0,2020-03-16 18:05:00-04:00,7056.75,3.0,2.75,6.0,5.5,90.25,35.0,65
17:00,2020-03-17 17:00:00-04:00,1.0,2020-03-17 18:00:00-04:00,2020-03-18 00:00:00-04:00,Short,7365.75,7368.0,2.25,2.25,3.054678749618165,True,2020-03-17 18:00:00-04:00,5.0,2020-03-17 18:05:00-04:00,7365.75,2.25,2.0,4.5,4.0,26.5,38.5,72
17:00,2020-03-18 17:00:00-04:00,1.0,2020-03-18 18:00:00-04:00,2020-03-19 00:00:00-04:00,Long,7254.0,7249.5,-4.5,4.5,6.20347394540943,True,2020-03-18 18:45:00-04:00,50.0,2020-03-18 18:50:00-04:00,7254.0,4.5,4.25,9.0,8.5,129.25,6.75,72
17:00,2020-03-19 17:00:00-04:00,1.0,2020-03-19 18:00:00-04:00,2020-03-20 00:00:00-04:00,Long,7205.0,7197.5,-7.5,7.5,10.40943789035392,True,2020-03-19 18:00:00-04:00,5.0,2020-03-19 18:05:00-04:00,7205.0,7.5,7.25,15.0,14.5,23.75,24.25,72
17:00,2020-03-23 17:00:00-04:00,1.0,2020-03-23 18:00:00-04:00,2020-03-24 00:00:00-04:00,Short,6972.75,7005.25,32.5,32.5,46.61001756839124,False,,,2020-03-24 00:00:00-04:00,7153.25,-148.0,-148.25,-296.0,-296.5,259.25,0.0,72
17:00,2020-03-24 17:00:00-04:00,1.0,2020-03-24 18:00:00-04:00,2020-03-25 00:00:00-04:00,Long,7557.25,7550.75,-6.5,6.5,8.601012272982897,True,2020-03-24 18:05:00-04:00,10.0,2020-03-24 18:10:00-04:00,7557.25,6.5,6.25,13.0,12.5,38.75,19.25,72
17:00,2020-03-25 17:00:00-04:00,1.0,2020-03-25 18:00:00-04:00,2020-03-26 00:00:00-04:00,Short,7478.0,7486.0,8.0,8.0,10.698047606311848,True,2020-03-25 18:00:00-04:00,5.0,2020-03-25 18:05:00-04:00,7478.0,8.0,7.75,16.0,15.5,57.5,24.0,72
17:00,2020-03-26 17:00:00-04:00,1.0,2020-03-26 18:00:00-04:00,2020-03-27 00:00:00-04:00,Short,7863.75,7875.5,11.75,11.75,14.94198060721666,True,2020-03-26 18:00:00-04:00,5.0,2020-03-26 18:05:00-04:00,7863.75,11.75,11.5,23.5,23.0,24.75,26.75,72
17:00,2020-03-30 17:00:00-04:00,1.0,2020-03-30 18:00:00-04:00,2020-03-31 00:00:00-04:00,Short,7855.0,7855.25,0.25,0.25,0.31826861871419476,True,2020-03-30 18:00:00-04:00,5.0,2020-03-30 18:05:00-04:00,7855.0,0.25,0.0,0.5,0.0,3.25,13.0,72
17:00,2020-03-31 17:00:00-04:00,1.0,2020-03-31 18:00:00-04:00,2020-04-01 00:00:00-04:00,Long,7780.5,7778.75,-1.75,1.75,2.249212775528565,False,,,2020-04-01 00:00:00-04:00,7693.25,-85.5,-85.75,-171.0,-171.5,91.0,0.0,72
17:00,2020-04-01 17:00:00-04:00,1.0,2020-04-01 18:00:00-04:00,2020-04-02 00:00:00-04:00,Short,7463.25,7473.0,9.75,9.75,13.064013666968144,True,2020-04-01 18:00:00-04:00,5.0,2020-04-01 18:05:00-04:00,7463.25,9.75,9.5,19.5,19.0,20.0,11.25,72
17:00,2020-04-02 17:00:00-04:00,1.0,2020-04-02 18:00:00-04:00,2020-04-03 00:00:00-04:00,Short,7622.25,7624.5,2.25,2.25,2.951884286135983,True,2020-04-02 18:00:00-04:00,5.0,2020-04-02 18:05:00-04:00,7622.25,2.25,2.0,4.5,4.0,1.0,17.75,72
17:00,2020-04-06 17:00:00-04:00,1.0,2020-04-06 18:00:00-04:00,2020-04-07 00:00:00-04:00,Long,8037.25,8034.25,-3.0,3.0,3.7326199881800366,True,2020-04-06 19:20:00-04:00,85.0,2020-04-06 19:25:00-04:00,8037.25,3.0,2.75,6.0,5.5,37.0,11.25,72
17:00,2020-04-07 17:00:00-04:00,1.0,2020-04-07 18:00:00-04:00,2020-04-08 00:00:00-04:00,Short,8000.25,8012.75,12.5,12.5,15.624511734008314,True,2020-04-07 18:00:00-04:00,5.0,2020-04-07 18:05:00-04:00,8000.25,12.5,12.25,25.0,24.5,10.75,17.5,72
17:00,2020-04-08 17:00:00-04:00,1.0,2020-04-08 18:00:00-04:00,2020-04-09 00:00:00-04:00,Long,8201.25,8193.75,-7.5,7.5,9.144947416552354,True,2020-04-08 19:15:00-04:00,80.0,2020-04-08 19:20:00-04:00,8201.25,7.5,7.25,15.0,14.5,34.5,8.25,72
17:00,2020-04-13 17:00:00-04:00,1.0,2020-04-13 18:00:00-04:00,2020-04-14 00:00:00-04:00,Long,8336.5,8335.75,-0.75,0.75,0.899658129910634,True,2020-04-13 18:00:00-04:00,5.0,2020-04-13 18:05:00-04:00,8336.5,0.75,0.5,1.5,1.0,3.0,18.25,72
17:00,2020-04-14 17:00:00-04:00,1.0,2020-04-14 18:00:00-04:00,2020-04-15 00:00:00-04:00,Short,8703.5,8705.75,2.25,2.25,2.5851668868845867,True,2020-04-14 18:00:00-04:00,5.0,2020-04-14 18:05:00-04:00,8703.5,2.25,2.0,4.5,4.0,0.25,19.0,72
17:00,2020-04-15 17:00:00-04:00,1.0,2020-04-15 18:00:00-04:00,2020-04-16 00:00:00-04:00,Long,8579.0,8577.75,-1.25,1.25,1.4570462757897191,True,2020-04-15 18:00:00-04:00,5.0,2020-04-15 18:05:00-04:00,8579.0,1.25,1.0,2.5,2.0,4.75,12.75,72
17:00,2020-04-16 17:00:00-04:00,1.0,2020-04-16 18:00:00-04:00,2020-04-17 00:00:00-04:00,Short,8836.5,8879.75,43.25,43.25,48.94471793130764,False,,,2020-04-17 00:00:00-04:00,8916.0,-36.25,-36.5,-72.5,-73.0,88.0,4.5,72
17:00,2020-04-20 17:00:00-04:00,1.0,2020-04-20 18:00:00-04:00,2020-04-21 00:00:00-04:00,Long,8715.0,8698.25,-16.75,16.75,19.219736087205966,True,2020-04-20 18:00:00-04:00,5.0,2020-04-20 18:05:00-04:00,8715.0,16.75,16.5,33.5,33.0,1.75,31.5,72
17:00,2020-04-21 17:00:00-04:00,1.0,2020-04-21 18:00:00-04:00,2020-04-22 00:00:00-04:00,Short,8437.0,8444.75,7.75,7.75,9.185729524712576,True,2020-04-21 19:05:00-04:00,70.0,2020-04-21 19:10:00-04:00,8437.0,7.75,7.5,15.5,15.0,30.75,17.25,72
17:00,2020-04-22 17:00:00-04:00,1.0,2020-04-22 18:00:00-04:00,2020-04-23 00:00:00-04:00,Short,8632.25,8634.25,2.0,2.0,2.3168930464247444,True,2020-04-22 18:00:00-04:00,5.0,2020-04-22 18:05:00-04:00,8632.25,2.0,1.75,4.0,3.5,10.25,19.0,72
17:00,2020-04-23 17:00:00-04:00,1.0,2020-04-23 18:00:00-04:00,2020-04-24 00:00:00-04:00,Long,8601.5,8587.0,-14.5,14.5,16.857524850316807,False,,,2020-04-24 00:00:00-04:00,8535.75,-51.25,-51.5,-102.5,-103.0,89.0,5.75,72
17:00,2020-04-27 17:00:00-04:00,1.0,2020-04-27 18:00:00-04:00,2020-04-28 00:00:00-04:00,Short,8816.75,8818.5,1.75,1.75,1.9848583661780135,True,2020-04-27 18:00:00-04:00,5.0,2020-04-27 18:05:00-04:00,8816.75,1.75,1.5,3.5,3.0,2.0,15.75,72
17:00,2020-04-28 17:00:00-04:00,1.0,2020-04-28 18:00:00-04:00,2020-04-29 00:00:00-04:00,Short,8699.25,8757.75,58.5,58.5,67.2471764807311,False,,,2020-04-29 00:00:00-04:00,8838.5,-80.75,-81.0,-161.5,-162.0,101.75,24.25,72
17:00,2020-04-29 17:00:00-04:00,1.0,2020-04-29 18:00:00-04:00,2020-04-30 00:00:00-04:00,Long,9118.5,9109.75,-8.75,8.75,9.59587651477765,True,2020-04-29 23:50:00-04:00,355.0,2020-04-29 23:55:00-04:00,9118.5,8.75,8.5,17.5,17.0,65.75,18.25,72
17:00,2020-04-30 17:00:00-04:00,1.0,2020-04-30 18:00:00-04:00,2020-05-01 00:00:00-04:00,Long,8870.25,8847.25,-23.0,23.0,25.929370649079786,False,,,2020-05-01 00:00:00-04:00,8815.0,-32.25,-32.5,-64.5,-65.0,60.0,14.25,72
17:00,2020-05-04 17:00:00-04:00,1.0,2020-05-04 18:00:00-04:00,2020-05-05 00:00:00-04:00,Long,8808.5,8805.5,-3.0,3.0,3.4058012147357664,True,2020-05-04 18:00:00-04:00,5.0,2020-05-04 18:05:00-04:00,8808.5,3.0,2.75,6.0,5.5,8.75,12.25,72
17:00,2020-05-05 17:00:00-04:00,1.0,2020-05-05 18:00:00-04:00,2020-05-06 00:00:00-04:00,Long,8933.0,8930.0,-3.0,3.0,3.358334266203963,True,2020-05-05 18:00:00-04:00,5.0,2020-05-05 18:05:00-04:00,8933.0,3.0,2.75,6.0,5.5,16.5,17.75,72
17:00,2020-05-06 17:00:00-04:00,1.0,2020-05-06 18:00:00-04:00,2020-05-07 00:00:00-04:00,Short,8946.25,8949.75,3.5,3.5,3.912253737599553,True,2020-05-06 18:25:00-04:00,30.0,2020-05-06 18:30:00-04:00,8946.25,3.5,3.25,7.0,6.5,18.5,12.75,72
17:00,2020-05-07 17:00:00-04:00,1.0,2020-05-07 18:00:00-04:00,2020-05-08 00:00:00-04:00,Long,9118.0,9115.0,-3.0,3.0,3.290195218249616,True,2020-05-07 18:20:00-04:00,25.0,2020-05-07 18:25:00-04:00,9118.0,3.0,2.75,6.0,5.5,12.25,3.75,72
17:00,2020-05-11 17:00:00-04:00,1.0,2020-05-11 18:00:00-04:00,2020-05-12 00:00:00-04:00,Short,9280.25,9281.25,1.0,1.0,1.077557177877751,True,2020-05-11 18:00:00-04:00,5.0,2020-05-11 18:05:00-04:00,9280.25,1.0,0.75,2.0,1.5,10.25,1.0,72
17:00,2020-05-12 17:00:00-04:00,1.0,2020-05-12 18:00:00-04:00,2020-05-13 00:00:00-04:00,Short,9043.25,9047.75,4.5,4.5,4.976087136814751,True,2020-05-12 18:00:00-04:00,5.0,2020-05-12 18:05:00-04:00,9043.25,4.5,4.25,9.0,8.5,6.0,22.75,72
17:00,2020-05-13 17:00:00-04:00,1.0,2020-05-13 18:00:00-04:00,2020-05-14 00:00:00-04:00,Long,9012.75,9011.5,-1.25,1.25,1.386924079775873,True,2020-05-13 18:00:00-04:00,5.0,2020-05-13 18:05:00-04:00,9012.75,1.25,1.0,2.5,2.0,0.0,19.25,72
17:00,2020-05-14 17:00:00-04:00,1.0,2020-05-14 18:00:00-04:00,2020-05-15 00:00:00-04:00,Long,9088.25,9085.75,-2.5,2.5,2.750804610348527,True,2020-05-14 18:00:00-04:00,5.0,2020-05-14 18:05:00-04:00,9088.25,2.5,2.25,5.0,4.5,7.75,7.0,72
17:00,2020-05-18 17:00:00-04:00,1.0,2020-05-18 18:00:00-04:00,2020-05-19 00:00:00-04:00,Long,9318.0,9317.0,-1.0,1.0,1.073191672032625,True,2020-05-18 18:00:00-04:00,5.0,2020-05-18 18:05:00-04:00,9318.0,1.0,0.75,2.0,1.5,6.75,16.75,72
17:00,2020-05-19 17:00:00-04:00,1.0,2020-05-19 18:00:00-04:00,2020-05-20 00:00:00-04:00,Long,9294.25,9291.0,-3.25,3.25,3.4967856470398364,True,2020-05-19 18:00:00-04:00,5.0,2020-05-19 18:05:00-04:00,9294.25,3.25,3.0,6.5,6.0,10.5,3.25,72
17:00,2020-05-20 17:00:00-04:00,1.0,2020-05-20 18:00:00-04:00,2020-05-21 00:00:00-04:00,Short,9494.0,9496.25,2.25,2.25,2.3699178428481145,True,2020-05-20 18:00:00-04:00,5.0,2020-05-20 18:05:00-04:00,9494.0,2.25,2.0,4.5,4.0,7.0,7.0,72
17:00,2020-05-21 17:00:00-04:00,1.0,2020-05-21 18:00:00-04:00,2020-05-22 00:00:00-04:00,Short,9359.25,9361.0,1.75,1.75,1.8698079440126079,True,2020-05-21 18:00:00-04:00,5.0,2020-05-21 18:05:00-04:00,9359.25,1.75,1.5,3.5,3.0,7.0,11.5,72
17:00,2020-05-26 17:00:00-04:00,1.0,2020-05-26 18:00:00-04:00,2020-05-27 00:00:00-04:00,Long,9412.5,9409.75,-2.75,2.75,2.921646746347941,True,2020-05-26 18:00:00-04:00,5.0,2020-05-26 18:05:00-04:00,9412.5,2.75,2.5,5.5,5.0,13.75,3.75,72
17:00,2020-05-27 17:00:00-04:00,1.0,2020-05-27 18:00:00-04:00,2020-05-28 00:00:00-04:00,Long,9442.5,9437.0,-5.5,5.5,5.824728620598359,True,2020-05-27 19:55:00-04:00,120.0,2020-05-27 20:00:00-04:00,9442.5,5.5,5.25,11.0,10.5,25.0,7.5,72
17:00,2020-05-28 17:00:00-04:00,1.0,2020-05-28 18:00:00-04:00,2020-05-29 00:00:00-04:00,Long,9460.25,9454.75,-5.5,5.5,5.813799846727095,True,2020-05-28 18:00:00-04:00,5.0,2020-05-28 18:05:00-04:00,9460.25,5.5,5.25,11.0,10.5,7.5,5.5,72
17:00,2020-06-01 17:00:00-04:00,1.0,2020-06-01 18:00:00-04:00,2020-06-02 00:00:00-04:00,Long,9594.25,9589.0,-5.25,5.25,5.4720275164812255,True,2020-06-01 18:00:00-04:00,5.0,2020-06-01 18:05:00-04:00,9594.25,5.25,5.0,10.5,10.0,3.75,7.0,72
17:00,2020-06-02 17:00:00-04:00,1.0,2020-06-02 18:00:00-04:00,2020-06-03 00:00:00-04:00,Long,9658.25,9657.0,-1.25,1.25,1.2942303212279658,True,2020-06-02 18:00:00-04:00,5.0,2020-06-02 18:05:00-04:00,9658.25,1.25,1.0,2.5,2.0,11.25,2.25,72
17:00,2020-06-03 17:00:00-04:00,1.0,2020-06-03 18:00:00-04:00,2020-06-04 00:00:00-04:00,Long,9689.5,9684.0,-5.5,5.5,5.67624748439032,True,2020-06-03 18:00:00-04:00,5.0,2020-06-03 18:05:00-04:00,9689.5,5.5,5.25,11.0,10.5,10.25,11.25,72
17:00,2020-06-04 17:00:00-04:00,1.0,2020-06-04 18:00:00-04:00,2020-06-05 00:00:00-04:00,Long,9643.5,9642.25,-1.25,1.25,1.2962098823041428,True,2020-06-04 18:00:00-04:00,5.0,2020-06-04 18:05:00-04:00,9643.5,1.25,1.0,2.5,2.0,3.0,1.75,72
17:00,2020-06-08 17:00:00-04:00,1.0,2020-06-08 18:00:00-04:00,2020-06-09 00:00:00-04:00,Short,9884.25,9887.25,3.0,3.0,3.035131648835268,True,2020-06-08 18:00:00-04:00,5.0,2020-06-08 18:05:00-04:00,9884.25,3.0,2.75,6.0,5.5,0.0,14.25,72
17:00,2020-06-09 17:00:00-04:00,1.0,2020-06-09 18:00:00-04:00,2020-06-10 00:00:00-04:00,Long,9961.75,9960.0,-1.75,1.75,1.756719451903531,True,2020-06-09 18:00:00-04:00,5.0,2020-06-09 18:05:00-04:00,9961.75,1.75,1.5,3.5,3.0,2.5,10.0,72
17:00,2020-06-10 17:00:00-04:00,1.0,2020-06-10 18:00:00-04:00,2020-06-11 00:00:00-04:00,Long,10088.0,10086.25,-1.75,1.75,1.7347343378271214,True,2020-06-10 18:00:00-04:00,5.0,2020-06-10 18:05:00-04:00,10088.0,1.75,1.5,3.5,3.0,3.5,12.75,72
17:00,2020-06-11 17:00:00-04:00,1.0,2020-06-11 18:00:00-04:00,2020-06-12 00:00:00-04:00,Long,9618.25,9618.0,-0.25,0.25,0.2599225430821615,True,2020-06-11 18:00:00-04:00,5.0,2020-06-11 18:05:00-04:00,9618.25,0.25,0.0,0.5,0.0,18.0,19.0,72
17:00,2020-06-15 17:00:00-04:00,1.0,2020-06-15 18:00:00-04:00,2020-06-16 00:00:00-04:00,Short,9813.5,9816.25,2.75,2.75,2.8022621898405258,True,2020-06-15 18:00:00-04:00,5.0,2020-06-15 18:05:00-04:00,9813.5,2.75,2.5,5.5,5.0,17.5,16.25,72
17:00,2020-06-16 17:00:00-04:00,1.0,2020-06-16 18:00:00-04:00,2020-06-17 00:00:00-04:00,Long,9969.25,9962.75,-6.5,6.5,6.520049151139754,True,2020-06-16 18:55:00-04:00,60.0,2020-06-16 19:00:00-04:00,9969.25,6.5,6.25,13.0,12.5,32.75,9.25,72
17:00,2020-06-17 17:00:00-04:00,1.0,2020-06-17 18:00:00-04:00,2020-06-18 00:00:00-04:00,Long,9998.75,9998.5,-0.25,0.25,0.25003125390673836,True,2020-06-17 18:30:00-04:00,35.0,2020-06-17 18:35:00-04:00,9998.75,0.25,0.0,0.5,0.0,22.0,3.75,72
17:00,2020-06-18 17:00:00-04:00,1.0,2020-06-18 18:00:00-04:00,2020-06-19 00:00:00-04:00,Long,10007.0,9995.75,-11.25,11.25,11.24213050864395,True,2020-06-18 18:00:00-04:00,5.0,2020-06-18 18:05:00-04:00,10007.0,11.25,11.0,22.5,22.0,0.25,14.0,72
17:00,2020-06-23 17:00:00-04:00,1.0,2020-06-23 18:00:00-04:00,2020-06-24 00:00:00-04:00,Short,10177.5,10183.5,6.0,6.0,5.895357406042741,True,2020-06-23 18:00:00-04:00,5.0,2020-06-23 18:05:00-04:00,10177.5,6.0,5.75,12.0,11.5,15.0,8.5,72
17:00,2020-06-24 17:00:00-04:00,1.0,2020-06-24 18:00:00-04:00,2020-06-25 00:00:00-04:00,Long,10015.5,10005.75,-9.75,9.75,9.734910888123409,True,2020-06-24 18:00:00-04:00,5.0,2020-06-24 18:05:00-04:00,10015.5,9.75,9.5,19.5,19.0,11.25,16.5,72
17:00,2020-06-25 17:00:00-04:00,1.0,2020-06-25 18:00:00-04:00,2020-06-26 00:00:00-04:00,Long,10097.0,10088.0,-9.0,9.0,8.913538674853918,True,2020-06-25 18:00:00-04:00,5.0,2020-06-25 18:05:00-04:00,10097.0,9.0,8.75,18.0,17.5,3.0,10.75,72
17:00,2020-06-29 17:00:00-04:00,1.0,2020-06-29 18:00:00-04:00,2020-06-30 00:00:00-04:00,Long,9986.0,9984.0,-2.0,2.0,2.002803925495694,True,2020-06-29 18:00:00-04:00,5.0,2020-06-29 18:05:00-04:00,9986.0,2.0,1.75,4.0,3.5,9.75,2.0,72
17:00,2020-07-01 17:00:00-04:00,1.0,2020-07-01 18:00:00-04:00,2020-07-02 00:00:00-04:00,Short,10255.5,10256.25,0.75,0.75,0.7313149041977475,True,2020-07-01 18:00:00-04:00,5.0,2020-07-01 18:05:00-04:00,10255.5,0.75,0.5,1.5,1.0,7.5,3.25,72
17:00,2020-07-02 17:00:00-04:00,1.0,2020-07-02 18:00:00-04:00,2020-07-03 00:00:00-04:00,Long,10350.25,10350.0,-0.25,0.25,0.24154005941885462,True,2020-07-02 18:00:00-04:00,5.0,2020-07-02 18:05:00-04:00,10350.25,0.25,0.0,0.5,0.0,8.75,4.5,72
17:00,2020-07-06 17:00:00-04:00,1.0,2020-07-06 18:00:00-04:00,2020-07-07 00:00:00-04:00,Short,10598.25,10599.0,0.75,0.75,0.7076640011322624,True,2020-07-06 18:00:00-04:00,5.0,2020-07-06 18:05:00-04:00,10598.25,0.75,0.5,1.5,1.0,8.75,0.75,72
17:00,2020-07-07 17:00:00-04:00,1.0,2020-07-07 18:00:00-04:00,2020-07-08 00:00:00-04:00,Short,10527.0,10527.75,0.75,0.75,0.7124536905101169,True,2020-07-07 18:00:00-04:00,5.0,2020-07-07 18:05:00-04:00,10527.0,0.75,0.5,1.5,1.0,12.0,3.0,72
17:00,2020-07-08 17:00:00-04:00,1.0,2020-07-08 18:00:00-04:00,2020-07-09 00:00:00-04:00,Short,10671.5,10674.0,2.5,2.5,2.342688469287354,True,2020-07-08 18:20:00-04:00,25.0,2020-07-08 18:25:00-04:00,10671.5,2.5,2.25,5.0,4.5,24.0,2.5,72
17:00,2020-07-09 17:00:00-04:00,1.0,2020-07-09 18:00:00-04:00,2020-07-10 00:00:00-04:00,Short,10723.75,10727.5,3.75,3.75,3.496911061895326,True,2020-07-09 18:00:00-04:00,5.0,2020-07-09 18:05:00-04:00,10723.75,3.75,3.5,7.5,7.0,6.75,3.75,72
17:00,2020-07-13 17:00:00-04:00,1.0,2020-07-13 18:00:00-04:00,2020-07-14 00:00:00-04:00,Long,10601.5,10601.25,-0.25,0.25,0.2358156864594633,True,2020-07-13 18:00:00-04:00,5.0,2020-07-13 18:05:00-04:00,10601.5,0.25,0.0,0.5,0.0,1.25,33.5,72
17:00,2020-07-14 17:00:00-04:00,1.0,2020-07-14 18:00:00-04:00,2020-07-15 00:00:00-04:00,Short,10642.5,10686.5,44.0,44.0,41.343669250645995,False,,,2020-07-15 00:00:00-04:00,10676.75,9.75,9.5,19.5,19.0,53.5,24.75,72
17:00,2020-07-15 17:00:00-04:00,1.0,2020-07-15 18:00:00-04:00,2020-07-16 00:00:00-04:00,Short,10688.5,10692.75,4.25,4.25,3.9762361416475653,True,2020-07-15 18:00:00-04:00,5.0,2020-07-15 18:05:00-04:00,10688.5,4.25,4.0,8.5,8.0,2.75,6.0,72
17:00,2020-07-16 17:00:00-04:00,1.0,2020-07-16 18:00:00-04:00,2020-07-17 00:00:00-04:00,Long,10535.0,10534.0,-1.0,1.0,0.9492168960607499,True,2020-07-16 18:00:00-04:00,5.0,2020-07-16 18:05:00-04:00,10535.0,1.0,0.75,2.0,1.5,10.5,10.0,72
17:00,2020-07-20 17:00:00-04:00,1.0,2020-07-20 18:00:00-04:00,2020-07-21 00:00:00-04:00,Short,10947.25,10952.25,5.0,5.0,4.567357098814771,True,2020-07-20 18:30:00-04:00,35.0,2020-07-20 18:35:00-04:00,10947.25,5.0,4.75,10.0,9.5,27.75,9.75,72
17:00,2020-07-21 17:00:00-04:00,1.0,2020-07-21 18:00:00-04:00,2020-07-22 00:00:00-04:00,Short,10845.75,10850.5,4.75,4.75,4.379595694165918,True,2020-07-21 18:00:00-04:00,5.0,2020-07-21 18:05:00-04:00,10845.75,4.75,4.5,9.5,9.0,4.75,7.5,72
17:00,2020-07-22 17:00:00-04:00,1.0,2020-07-22 18:00:00-04:00,2020-07-23 00:00:00-04:00,Short,10844.5,10849.75,5.25,5.25,4.841163723546498,True,2020-07-22 18:00:00-04:00,5.0,2020-07-22 18:05:00-04:00,10844.5,5.25,5.0,10.5,10.0,1.25,17.5,72
17:00,2020-07-23 17:00:00-04:00,1.0,2020-07-23 18:00:00-04:00,2020-07-24 00:00:00-04:00,Short,10564.75,10566.25,1.5,1.5,1.4198158972053292,True,2020-07-23 21:45:00-04:00,230.0,2020-07-23 21:50:00-04:00,10564.75,1.5,1.25,3.0,2.5,31.5,19.0,72
17:00,2020-07-27 17:00:00-04:00,1.0,2020-07-27 18:00:00-04:00,2020-07-28 00:00:00-04:00,Short,10682.75,10683.0,0.25,0.25,0.23402213849430156,True,2020-07-27 18:00:00-04:00,5.0,2020-07-27 18:05:00-04:00,10682.75,0.25,0.0,0.5,0.0,12.0,2.5,72
17:00,2020-07-28 17:00:00-04:00,1.0,2020-07-28 18:00:00-04:00,2020-07-29 00:00:00-04:00,Short,10548.5,10557.75,9.25,9.25,8.769019291842442,True,2020-07-28 19:20:00-04:00,85.0,2020-07-28 19:25:00-04:00,10548.5,9.25,9.0,18.5,18.0,17.25,10.0,72
17:00,2020-07-30 17:00:00-04:00,1.0,2020-07-30 18:00:00-04:00,2020-07-31 00:00:00-04:00,Short,10891.75,10905.0,13.25,13.25,12.165170886221222,True,2020-07-30 18:20:00-04:00,25.0,2020-07-30 18:25:00-04:00,10891.75,13.25,13.0,26.5,26.0,23.75,20.5,72
17:00,2020-08-03 17:00:00-04:00,1.0,2020-08-03 18:00:00-04:00,2020-08-04 00:00:00-04:00,Short,11052.0,11052.5,0.5,0.5,0.4524068041983351,True,2020-08-03 18:00:00-04:00,5.0,2020-08-03 18:05:00-04:00,11052.0,0.5,0.25,1.0,0.5,2.0,21.75,72
17:00,2020-08-04 17:00:00-04:00,1.0,2020-08-04 18:00:00-04:00,2020-08-05 00:00:00-04:00,Short,11078.5,11079.25,0.75,0.75,0.6769869567179673,True,2020-08-04 18:00:00-04:00,5.0,2020-08-04 18:05:00-04:00,11078.5,0.75,0.5,1.5,1.0,2.5,9.25,72
17:00,2020-08-05 17:00:00-04:00,1.0,2020-08-05 18:00:00-04:00,2020-08-06 00:00:00-04:00,Long,11096.25,11093.5,-2.75,2.75,2.478314745972739,True,2020-08-05 18:20:00-04:00,25.0,2020-08-05 18:25:00-04:00,11096.25,2.75,2.5,5.5,5.0,9.0,6.0,72
17:00,2020-08-06 17:00:00-04:00,1.0,2020-08-06 18:00:00-04:00,2020-08-07 00:00:00-04:00,Short,11259.0,11260.25,1.25,1.25,1.1102229327648991,True,2020-08-06 18:00:00-04:00,5.0,2020-08-06 18:05:00-04:00,11259.0,1.25,1.0,2.5,2.0,4.5,7.75,72
17:00,2020-08-10 17:00:00-04:00,1.0,2020-08-10 18:00:00-04:00,2020-08-11 00:00:00-04:00,Long,11080.0,11072.5,-7.5,7.5,6.768953068592057,True,2020-08-10 20:30:00-04:00,155.0,2020-08-10 20:35:00-04:00,11080.0,7.5,7.25,15.0,14.5,14.25,11.0,72
17:00,2020-08-11 17:00:00-04:00,1.0,2020-08-11 18:00:00-04:00,2020-08-12 00:00:00-04:00,Short,10910.25,10923.25,13.0,13.0,11.915400655347035,True,2020-08-11 20:35:00-04:00,160.0,2020-08-11 20:40:00-04:00,10910.25,13.0,12.75,26.0,25.5,26.25,19.25,72
17:00,2020-08-12 17:00:00-04:00,1.0,2020-08-12 18:00:00-04:00,2020-08-13 00:00:00-04:00,Long,11117.5,11115.75,-1.75,1.75,1.5740948954351248,True,2020-08-12 18:00:00-04:00,5.0,2020-08-12 18:05:00-04:00,11117.5,1.75,1.5,3.5,3.0,10.5,13.25,72
17:00,2020-08-13 17:00:00-04:00,1.0,2020-08-13 18:00:00-04:00,2020-08-14 00:00:00-04:00,Long,11181.75,11181.0,-0.75,0.75,0.6707357971694949,True,2020-08-13 18:00:00-04:00,5.0,2020-08-13 18:05:00-04:00,11181.75,0.75,0.5,1.5,1.0,0.0,13.5,72
17:00,2020-08-17 17:00:00-04:00,1.0,2020-08-17 18:00:00-04:00,2020-08-18 00:00:00-04:00,Long,11287.25,11285.25,-2.0,2.0,1.7719107842920108,True,2020-08-17 18:00:00-04:00,5.0,2020-08-17 18:05:00-04:00,11287.25,2.0,1.75,4.0,3.5,3.25,3.5,72
17:00,2020-08-18 17:00:00-04:00,1.0,2020-08-18 18:00:00-04:00,2020-08-19 00:00:00-04:00,Long,11414.0,11413.5,-0.5,0.5,0.4380585246188891,True,2020-08-18 18:00:00-04:00,5.0,2020-08-18 18:05:00-04:00,11414.0,0.5,0.25,1.0,0.5,3.75,31.25,72
17:00,2020-08-19 17:00:00-04:00,1.0,2020-08-19 18:00:00-04:00,2020-08-20 00:00:00-04:00,Short,11321.5,11327.5,6.0,6.0,5.299651106302169,True,2020-08-19 18:00:00-04:00,5.0,2020-08-19 18:05:00-04:00,11321.5,6.0,5.75,12.0,11.5,5.75,12.75,72
17:00,2020-08-20 17:00:00-04:00,1.0,2020-08-20 18:00:00-04:00,2020-08-21 00:00:00-04:00,Long,11481.25,11479.0,-2.25,2.25,1.9597169297768102,True,2020-08-20 18:00:00-04:00,5.0,2020-08-20 18:05:00-04:00,11481.25,2.25,2.0,4.5,4.0,0.0,13.5,72
17:00,2020-08-24 17:00:00-04:00,1.0,2020-08-24 18:00:00-04:00,2020-08-25 00:00:00-04:00,Short,11633.0,11634.75,1.75,1.75,1.5043410985988137,True,2020-08-24 19:05:00-04:00,70.0,2020-08-24 19:10:00-04:00,11633.0,1.75,1.5,3.5,3.0,9.0,2.5,72
17:00,2020-08-25 17:00:00-04:00,1.0,2020-08-25 18:00:00-04:00,2020-08-26 00:00:00-04:00,Short,11735.75,11739.25,3.5,3.5,2.9823402850265213,True,2020-08-25 18:00:00-04:00,5.0,2020-08-25 18:05:00-04:00,11735.75,3.5,3.25,7.0,6.5,2.5,6.75,72
17:00,2020-08-26 17:00:00-04:00,1.0,2020-08-26 18:00:00-04:00,2020-08-27 00:00:00-04:00,Long,11984.0,11983.75,-0.25,0.25,0.20861148197596796,False,,,2020-08-27 00:00:00-04:00,11964.25,-19.5,-19.75,-39.0,-39.5,49.25,0.0,72
17:00,2020-08-27 17:00:00-04:00,1.0,2020-08-27 18:00:00-04:00,2020-08-28 00:00:00-04:00,Short,11945.5,11951.75,6.25,6.25,5.232095768280942,True,2020-08-27 18:00:00-04:00,5.0,2020-08-27 18:05:00-04:00,11945.5,6.25,6.0,12.5,12.0,8.0,6.75,72
17:00,2020-08-31 17:00:00-04:00,1.0,2020-08-31 18:00:00-04:00,2020-09-01 00:00:00-04:00,Short,12106.5,12109.0,2.5,2.5,2.0650064015198444,True,2020-08-31 18:10:00-04:00,15.0,2020-08-31 18:15:00-04:00,12106.5,2.5,2.25,5.0,4.5,16.5,10.0,72
17:00,2020-09-01 17:00:00-04:00,1.0,2020-09-01 18:00:00-04:00,2020-09-02 00:00:00-04:00,Long,12329.25,12326.75,-2.5,2.5,2.0276983595920273,True,2020-09-01 18:55:00-04:00,60.0,2020-09-01 19:00:00-04:00,12329.25,2.5,2.25,5.0,4.5,12.25,4.75,72
17:00,2020-09-02 17:00:00-04:00,1.0,2020-09-02 18:00:00-04:00,2020-09-03 00:00:00-04:00,Short,12406.5,12408.25,1.75,1.75,1.410550920888244,True,2020-09-02 18:00:00-04:00,5.0,2020-09-02 18:05:00-04:00,12406.5,1.75,1.5,3.5,3.0,4.0,6.75,72
17:00,2020-09-03 17:00:00-04:00,1.0,2020-09-03 18:00:00-04:00,2020-09-04 00:00:00-04:00,Long,11801.0,11748.75,-52.25,52.25,44.275908821286336,False,,,2020-09-04 00:00:00-04:00,11643.75,-105.0,-105.25,-210.0,-210.5,166.5,0.0,72
17:00,2020-09-08 17:00:00-04:00,1.0,2020-09-08 18:00:00-04:00,2020-09-09 00:00:00-04:00,Long,11044.0,11014.25,-29.75,29.75,26.93770373053242,True,2020-09-08 19:15:00-04:00,80.0,2020-09-08 19:20:00-04:00,11044.0,29.75,29.5,59.5,59.0,79.25,31.0,72
17:00,2020-09-09 17:00:00-04:00,1.0,2020-09-09 18:00:00-04:00,2020-09-10 00:00:00-04:00,Short,11370.25,11374.75,4.5,4.5,3.95769662056683,True,2020-09-09 21:20:00-04:00,205.0,2020-09-09 21:25:00-04:00,11370.25,4.5,4.25,9.0,8.5,73.0,17.25,72
17:00,2020-09-10 17:00:00-04:00,1.0,2020-09-10 18:00:00-04:00,2020-09-11 00:00:00-04:00,Short,11174.75,11187.25,12.5,12.5,11.18593257119846,False,,,2020-09-11 00:00:00-04:00,11248.25,-61.0,-61.25,-122.0,-122.5,80.75,7.75,72
17:00,2020-09-14 17:00:00-04:00,1.0,2020-09-14 18:00:00-04:00,2020-09-15 00:00:00-04:00,Short,11273.0,11279.0,6.0,6.0,5.322451876164287,True,2020-09-14 20:20:00-04:00,145.0,2020-09-14 20:25:00-04:00,11273.0,6.0,5.75,12.0,11.5,39.0,21.25,72
17:00,2020-09-15 17:00:00-04:00,1.0,2020-09-15 18:00:00-04:00,2020-09-16 00:00:00-04:00,Long,11461.25,11461.0,-0.25,0.25,0.2181262951248773,True,2020-09-15 18:00:00-04:00,5.0,2020-09-15 18:05:00-04:00,11461.25,0.25,0.0,0.5,0.0,0.0,17.5,72
17:00,2020-09-16 17:00:00-04:00,1.0,2020-09-16 18:00:00-04:00,2020-09-17 00:00:00-04:00,Short,11262.25,11269.25,7.0,7.0,6.215454283113943,True,2020-09-16 18:00:00-04:00,5.0,2020-09-16 18:05:00-04:00,11262.25,7.0,6.75,14.0,13.5,11.25,11.0,72
17:00,2020-09-17 17:00:00-04:00,1.0,2020-09-17 18:00:00-04:00,2020-09-18 00:00:00-04:00,Long,11079.25,11062.25,-17.0,17.0,15.343998916894195,True,2020-09-17 18:00:00-04:00,5.0,2020-09-17 18:05:00-04:00,11079.25,17.0,16.75,34.0,33.5,2.0,24.5,72
17:00,2020-09-21 17:00:00-04:00,1.0,2020-09-21 18:00:00-04:00,2020-09-22 00:00:00-04:00,Long,10985.0,10972.75,-12.25,12.25,11.151570323167956,True,2020-09-21 18:55:00-04:00,60.0,2020-09-21 19:00:00-04:00,10985.0,12.25,12.0,24.5,24.0,17.75,12.75,72
17:00,2020-09-22 17:00:00-04:00,1.0,2020-09-22 18:00:00-04:00,2020-09-23 00:00:00-04:00,Short,11152.75,11160.25,7.5,7.5,6.724798816435409,True,2020-09-22 18:00:00-04:00,5.0,2020-09-22 18:05:00-04:00,11152.75,7.5,7.25,15.0,14.5,6.75,10.75,72
17:00,2020-09-23 17:00:00-04:00,1.0,2020-09-23 18:00:00-04:00,2020-09-24 00:00:00-04:00,Long,10819.0,10803.25,-15.75,15.75,14.55772252518717,True,2020-09-23 18:00:00-04:00,5.0,2020-09-23 18:05:00-04:00,10819.0,15.75,15.5,31.5,31.0,18.0,26.0,72
17:00,2020-09-24 17:00:00-04:00,1.0,2020-09-24 18:00:00-04:00,2020-09-25 00:00:00-04:00,Short,10908.75,10910.75,2.0,2.0,1.8333906267904205,False,,,2020-09-25 00:00:00-04:00,10934.0,-23.25,-23.5,-46.5,-47.0,65.75,0.0,72
17:00,2020-09-28 17:00:00-04:00,1.0,2020-09-28 18:00:00-04:00,2020-09-29 00:00:00-04:00,Long,11395.75,11388.5,-7.25,7.25,6.362020928855056,True,2020-09-28 18:00:00-04:00,5.0,2020-09-28 18:05:00-04:00,11395.75,7.25,7.0,14.5,14.0,5.5,11.75,72
17:00,2020-09-29 17:00:00-04:00,1.0,2020-09-29 18:00:00-04:00,2020-09-30 00:00:00-04:00,Short,11319.75,11321.25,1.5,1.5,1.3251176041873716,True,2020-09-29 18:00:00-04:00,5.0,2020-09-29 18:05:00-04:00,11319.75,1.5,1.25,3.0,2.5,4.75,9.75,72
17:00,2020-09-30 17:00:00-04:00,1.0,2020-09-30 18:00:00-04:00,2020-10-01 00:00:00-04:00,Short,11357.75,11372.25,14.5,14.5,12.766613105588695,False,,,2020-10-01 00:00:00-04:00,11462.0,-89.75,-90.0,-179.5,-180.0,105.25,0.0,72
17:00,2020-10-01 17:00:00-04:00,1.0,2020-10-01 18:00:00-04:00,2020-10-02 00:00:00-04:00,Long,11572.75,11567.75,-5.0,5.0,4.320494264543864,True,2020-10-01 18:00:00-04:00,5.0,2020-10-01 18:05:00-04:00,11572.75,5.0,4.75,10.0,9.5,5.25,9.5,72
17:00,2020-10-05 17:00:00-04:00,1.0,2020-10-05 18:00:00-04:00,2020-10-06 00:00:00-04:00,Short,11468.75,11475.0,6.25,6.25,5.4495912806539515,True,2020-10-05 18:00:00-04:00,5.0,2020-10-05 18:05:00-04:00,11468.75,6.25,6.0,12.5,12.0,7.0,8.75,72
17:00,2020-10-06 17:00:00-04:00,1.0,2020-10-06 18:00:00-04:00,2020-10-07 00:00:00-04:00,Short,11208.25,11217.25,9.0,9.0,8.029799478063033,False,,,2020-10-07 00:00:00-04:00,11286.0,-68.75,-69.0,-137.5,-138.0,83.25,8.75,72
17:00,2020-10-07 17:00:00-04:00,1.0,2020-10-07 18:00:00-04:00,2020-10-08 00:00:00-04:00,Long,11475.0,11474.5,-0.5,0.5,0.43572984749455335,True,2020-10-07 18:00:00-04:00,5.0,2020-10-07 18:05:00-04:00,11475.0,0.5,0.25,1.0,0.5,4.5,9.0,72
17:00,2020-10-12 17:00:00-04:00,1.0,2020-10-12 18:00:00-04:00,2020-10-13 00:00:00-04:00,Short,12089.25,12098.75,9.5,9.5,7.858221146886697,True,2020-10-12 20:05:00-04:00,130.0,2020-10-12 20:10:00-04:00,12089.25,9.5,9.25,19.0,18.5,23.75,13.75,72
17:00,2020-10-14 17:00:00-04:00,1.0,2020-10-14 18:00:00-04:00,2020-10-15 00:00:00-04:00,Short,11943.25,11951.0,7.75,7.75,6.489020995122768,True,2020-10-14 18:40:00-04:00,45.0,2020-10-14 18:45:00-04:00,11943.25,7.75,7.5,15.5,15.0,32.75,15.75,72
17:00,2020-10-15 17:00:00-04:00,1.0,2020-10-15 18:00:00-04:00,2020-10-16 00:00:00-04:00,Short,11882.75,11891.25,8.5,8.5,7.153226315457281,True,2020-10-15 23:15:00-04:00,320.0,2020-10-15 23:20:00-04:00,11882.75,8.5,8.25,17.0,16.5,50.25,16.75,72
17:00,2020-10-19 17:00:00-04:00,1.0,2020-10-19 18:00:00-04:00,2020-10-20 00:00:00-04:00,Short,11693.5,11697.75,4.25,4.25,3.6344977979219224,True,2020-10-19 18:05:00-04:00,10.0,2020-10-19 18:10:00-04:00,11693.5,4.25,4.0,8.5,8.0,14.25,4.25,72
17:00,2020-10-20 17:00:00-04:00,1.0,2020-10-20 18:00:00-04:00,2020-10-21 00:00:00-04:00,Short,11652.5,11673.0,20.5,20.5,17.592791246513624,False,,,2020-10-21 00:00:00-04:00,11729.5,-56.5,-56.75,-113.0,-113.5,70.75,8.75,72
17:00,2020-10-21 17:00:00-04:00,1.0,2020-10-21 18:00:00-04:00,2020-10-22 00:00:00-04:00,Long,11688.0,11686.25,-1.75,1.75,1.4972621492128677,True,2020-10-21 18:25:00-04:00,30.0,2020-10-21 18:30:00-04:00,11688.0,1.75,1.5,3.5,3.0,24.5,11.5,72
17:00,2020-10-22 17:00:00-04:00,1.0,2020-10-22 18:00:00-04:00,2020-10-23 00:00:00-04:00,Short,11657.25,11666.75,9.5,9.5,8.149434901027258,True,2020-10-22 19:10:00-04:00,75.0,2020-10-22 19:15:00-04:00,11657.25,9.5,9.25,19.0,18.5,15.5,23.75,72
17:00,2020-10-26 17:00:00-04:00,1.0,2020-10-26 18:00:00-04:00,2020-10-27 00:00:00-04:00,Long,11497.75,11497.5,-0.25,0.25,0.21743384575242983,True,2020-10-26 18:00:00-04:00,5.0,2020-10-26 18:05:00-04:00,11497.75,0.25,0.0,0.5,0.0,2.5,11.0,72
17:00,2020-10-27 17:00:00-04:00,1.0,2020-10-27 18:00:00-04:00,2020-10-28 00:00:00-04:00,Short,11554.0,11560.75,6.75,6.75,5.842132594772373,True,2020-10-27 18:00:00-04:00,5.0,2020-10-27 18:05:00-04:00,11554.0,6.75,6.5,13.5,13.0,0.0,17.25,72
17:00,2020-10-28 17:00:00-04:00,1.0,2020-10-28 18:00:00-04:00,2020-10-29 00:00:00-04:00,Short,11177.5,11181.75,4.25,4.25,3.8022813688212924,True,2020-10-28 18:00:00-04:00,5.0,2020-10-28 18:05:00-04:00,11177.5,4.25,4.0,8.5,8.0,13.25,15.5,72
17:00,2020-10-29 17:00:00-04:00,1.0,2020-10-29 18:00:00-04:00,2020-10-30 00:00:00-04:00,Long,11245.0,11218.5,-26.5,26.5,23.566029346376165,False,,,2020-10-30 00:00:00-04:00,11203.75,-14.75,-15.0,-29.5,-30.0,60.5,19.5,72
17:00,2020-11-02 17:00:00-05:00,1.0,2020-11-02 18:00:00-05:00,2020-11-03 00:00:00-05:00,Short,11074.5,11075.25,0.75,0.75,0.6772314777190844,True,2020-11-02 18:00:00-05:00,5.0,2020-11-02 18:05:00-05:00,11074.5,0.75,0.5,1.5,1.0,10.25,10.25,72
17:00,2020-11-03 17:00:00-05:00,1.0,2020-11-03 18:00:00-05:00,2020-11-04 00:00:00-05:00,Short,11246.5,11256.5,10.0,10.0,8.891655181612057,True,2020-11-03 18:00:00-05:00,5.0,2020-11-03 18:05:00-05:00,11246.5,10.0,9.75,20.0,19.5,27.25,12.25,72
17:00,2020-11-04 17:00:00-05:00,1.0,2020-11-04 18:00:00-05:00,2020-11-05 00:00:00-05:00,Short,11814.25,11817.75,3.5,3.5,2.962524070508073,True,2020-11-04 18:00:00-05:00,5.0,2020-11-04 18:05:00-05:00,11814.25,3.5,3.25,7.0,6.5,22.0,16.5,72
17:00,2020-11-05 17:00:00-05:00,1.0,2020-11-05 18:00:00-05:00,2020-11-06 00:00:00-05:00,Long,12091.75,12087.75,-4.0,4.0,3.3080406061984413,False,,,2020-11-06 00:00:00-05:00,11927.25,-160.5,-160.75,-321.0,-321.5,176.5,1.25,72
17:00,2020-11-09 17:00:00-05:00,1.0,2020-11-09 18:00:00-05:00,2020-11-10 00:00:00-05:00,Short,11845.25,11863.25,18.0,18.0,15.195964627171229,True,2020-11-09 19:00:00-05:00,65.0,2020-11-09 19:05:00-05:00,11845.25,18.0,17.75,36.0,35.5,38.0,24.5,72
17:00,2020-11-10 17:00:00-05:00,1.0,2020-11-10 18:00:00-05:00,2020-11-11 00:00:00-05:00,Short,11625.75,11634.75,9.0,9.0,7.74143603638475,True,2020-11-10 18:20:00-05:00,25.0,2020-11-10 18:25:00-05:00,11625.75,9.0,8.75,18.0,17.5,20.0,19.0,72
17:00,2020-11-11 17:00:00-05:00,1.0,2020-11-11 18:00:00-05:00,2020-11-12 00:00:00-05:00,Short,11898.75,11899.75,1.0,1.0,0.8404244143292363,True,2020-11-11 18:00:00-05:00,5.0,2020-11-11 18:05:00-05:00,11898.75,1.0,0.75,2.0,1.5,0.25,18.75,72
17:00,2020-11-12 17:00:00-05:00,1.0,2020-11-12 18:00:00-05:00,2020-11-13 00:00:00-05:00,Long,11862.5,11861.25,-1.25,1.25,1.053740779768177,True,2020-11-12 18:00:00-05:00,5.0,2020-11-12 18:05:00-05:00,11862.5,1.25,1.0,2.5,2.0,13.5,1.5,72
17:00,2020-11-16 17:00:00-05:00,1.0,2020-11-16 18:00:00-05:00,2020-11-17 00:00:00-05:00,Short,12040.0,12060.25,20.25,20.25,16.81893687707641,True,2020-11-16 19:20:00-05:00,85.0,2020-11-16 19:25:00-05:00,12040.0,20.25,20.0,40.5,40.0,32.75,24.0,72
17:00,2020-11-17 17:00:00-05:00,1.0,2020-11-17 18:00:00-05:00,2020-11-18 00:00:00-05:00,Short,11969.25,11973.0,3.75,3.75,3.1330283852371705,True,2020-11-17 18:00:00-05:00,5.0,2020-11-17 18:05:00-05:00,11969.25,3.75,3.5,7.5,7.0,6.5,8.5,72
17:00,2020-11-18 17:00:00-05:00,1.0,2020-11-18 18:00:00-05:00,2020-11-19 00:00:00-05:00,Short,11874.25,11876.75,2.5,2.5,2.1053961302819126,True,2020-11-18 18:00:00-05:00,5.0,2020-11-18 18:05:00-05:00,11874.25,2.5,2.25,5.0,4.5,10.25,9.75,72
17:00,2020-11-19 17:00:00-05:00,1.0,2020-11-19 18:00:00-05:00,2020-11-20 00:00:00-05:00,Long,11965.0,11960.25,-4.75,4.75,3.9699122440451315,True,2020-11-19 20:15:00-05:00,140.0,2020-11-19 20:20:00-05:00,11965.0,4.75,4.5,9.5,9.0,36.75,9.25,72
17:00,2020-11-23 17:00:00-05:00,1.0,2020-11-23 18:00:00-05:00,2020-11-24 00:00:00-05:00,Long,11916.25,11915.0,-1.25,1.25,1.0489877268435959,True,2020-11-23 18:00:00-05:00,5.0,2020-11-23 18:05:00-05:00,11916.25,1.25,1.0,2.5,2.0,1.75,12.5,72
17:00,2020-11-24 17:00:00-05:00,1.0,2020-11-24 18:00:00-05:00,2020-11-25 00:00:00-05:00,Long,12101.75,12099.0,-2.75,2.75,2.2723986200342927,True,2020-11-24 18:00:00-05:00,5.0,2020-11-24 18:05:00-05:00,12101.75,2.75,2.5,5.5,5.0,6.0,4.5,72
17:00,2020-11-30 17:00:00-05:00,1.0,2020-11-30 18:00:00-05:00,2020-12-01 00:00:00-05:00,Short,12319.75,12327.5,7.75,7.75,6.290712068020861,True,2020-11-30 18:20:00-05:00,25.0,2020-11-30 18:25:00-05:00,12319.75,7.75,7.5,15.5,15.0,14.75,8.75,72
17:00,2020-12-02 17:00:00-05:00,1.0,2020-12-02 18:00:00-05:00,2020-12-03 00:00:00-05:00,Short,12462.75,12471.75,9.0,9.0,7.221520129987362,True,2020-12-02 19:20:00-05:00,85.0,2020-12-02 19:25:00-05:00,12462.75,9.0,8.75,18.0,17.5,14.25,9.75,72
17:00,2020-12-07 17:00:00-05:00,1.0,2020-12-07 18:00:00-05:00,2020-12-08 00:00:00-05:00,Short,12571.75,12572.25,0.5,0.5,0.39771710382404996,True,2020-12-07 18:00:00-05:00,5.0,2020-12-07 18:05:00-05:00,12571.75,0.5,0.25,1.0,0.5,9.0,0.75,72
17:00,2020-12-08 17:00:00-05:00,1.0,2020-12-08 18:00:00-05:00,2020-12-09 00:00:00-05:00,Short,12648.0,12657.5,9.5,9.5,7.5110689437065155,True,2020-12-08 18:35:00-05:00,40.0,2020-12-08 18:40:00-05:00,12648.0,9.5,9.25,19.0,18.5,17.25,12.5,72
17:00,2020-12-09 17:00:00-05:00,1.0,2020-12-09 18:00:00-05:00,2020-12-10 00:00:00-05:00,Long,12351.75,12344.0,-7.75,7.75,6.274414556641771,True,2020-12-09 18:00:00-05:00,5.0,2020-12-09 18:05:00-05:00,12351.75,7.75,7.5,15.5,15.0,1.5,16.0,72
17:00,2020-12-10 17:00:00-05:00,1.0,2020-12-10 18:00:00-05:00,2020-12-11 00:00:00-05:00,Short,12390.5,12393.75,3.25,3.25,2.622977280981397,True,2020-12-10 18:00:00-05:00,5.0,2020-12-10 18:05:00-05:00,12390.5,3.25,3.0,6.5,6.0,6.75,18.75,72
17:00,2020-12-14 17:00:00-05:00,1.0,2020-12-14 18:00:00-05:00,2020-12-15 00:00:00-05:00,Long,12464.5,12463.0,-1.5,1.5,1.203417706285852,True,2020-12-14 18:00:00-05:00,5.0,2020-12-14 18:05:00-05:00,12464.5,1.5,1.25,3.0,2.5,2.25,12.5,72
17:00,2020-12-15 17:00:00-05:00,1.0,2020-12-15 18:00:00-05:00,2020-12-16 00:00:00-05:00,Short,12597.0,12598.5,1.5,1.5,1.1907597046915932,True,2020-12-15 18:00:00-05:00,5.0,2020-12-15 18:05:00-05:00,12597.0,1.5,1.25,3.0,2.5,8.5,1.5,72
17:00,2020-12-17 17:00:00-05:00,1.0,2020-12-17 18:00:00-05:00,2020-12-18 00:00:00-05:00,Long,12753.75,12749.75,-4.0,4.0,3.136332451239831,True,2020-12-17 18:40:00-05:00,45.0,2020-12-17 18:45:00-05:00,12753.75,4.0,3.75,8.0,7.5,9.75,5.0,71
17:00,2020-12-21 17:00:00-05:00,1.0,2020-12-21 18:00:00-05:00,2020-12-22 00:00:00-05:00,Short,12691.0,12697.5,6.5,6.5,5.121739815617366,True,2020-12-21 19:45:00-05:00,110.0,2020-12-21 19:50:00-05:00,12691.0,6.5,6.25,13.0,12.5,18.75,7.25,72
17:00,2020-12-22 17:00:00-05:00,1.0,2020-12-22 18:00:00-05:00,2020-12-23 00:00:00-05:00,Long,12706.25,12706.0,-0.25,0.25,0.19675356615838663,True,2020-12-22 18:00:00-05:00,5.0,2020-12-22 18:05:00-05:00,12706.25,0.25,0.0,0.5,0.0,4.5,5.5,72
17:00,2020-12-23 17:00:00-05:00,1.0,2020-12-23 18:00:00-05:00,2020-12-24 00:00:00-05:00,Short,12656.75,12660.0,3.25,3.25,2.567799790625555,True,2020-12-23 18:00:00-05:00,5.0,2020-12-23 18:05:00-05:00,12656.75,3.25,3.0,6.5,6.0,7.25,6.25,72
17:00,2020-12-28 17:00:00-05:00,1.0,2020-12-28 18:00:00-05:00,2020-12-29 00:00:00-05:00,Short,12842.0,12843.0,1.0,1.0,0.778694907335306,True,2020-12-28 18:00:00-05:00,5.0,2020-12-28 18:05:00-05:00,12842.0,1.0,0.75,2.0,1.5,5.0,2.75,72
17:00,2020-12-29 17:00:00-05:00,1.0,2020-12-29 18:00:00-05:00,2020-12-30 00:00:00-05:00,Short,12858.0,12860.0,2.0,2.0,1.5554518587649713,True,2020-12-29 18:00:00-05:00,5.0,2020-12-29 18:05:00-05:00,12858.0,2.0,1.75,4.0,3.5,4.25,7.0,72
17:00,2020-12-30 17:00:00-05:00,1.0,2020-12-30 18:00:00-05:00,2020-12-31 00:00:00-05:00,Long,12842.0,12840.0,-2.0,2.0,1.557389814670612,True,2020-12-30 18:00:00-05:00,5.0,2020-12-30 18:05:00-05:00,12842.0,2.0,1.75,4.0,3.5,0.0,9.0,72
17:00,2021-01-04 17:00:00-05:00,1.0,2021-01-04 18:00:00-05:00,2021-01-05 00:00:00-05:00,Long,12688.75,12684.5,-4.25,4.25,3.3494237020983157,True,2021-01-04 18:00:00-05:00,5.0,2021-01-04 18:05:00-05:00,12688.75,4.25,4.0,8.5,8.0,23.75,5.5,72
17:00,2021-01-05 17:00:00-05:00,1.0,2021-01-05 18:00:00-05:00,2021-01-06 00:00:00-05:00,Long,12804.5,12801.25,-3.25,3.25,2.5381701745480103,True,2021-01-05 18:00:00-05:00,5.0,2021-01-05 18:05:00-05:00,12804.5,3.25,3.0,6.5,6.0,8.75,8.75,72
17:00,2021-01-06 17:00:00-05:00,1.0,2021-01-06 18:00:00-05:00,2021-01-07 00:00:00-05:00,Short,12658.25,12659.25,1.0,1.0,0.7899986175024193,True,2021-01-06 18:00:00-05:00,5.0,2021-01-06 18:05:00-05:00,12658.25,1.0,0.75,2.0,1.5,6.5,13.0,72
17:00,2021-01-07 17:00:00-05:00,1.0,2021-01-07 18:00:00-05:00,2021-01-08 00:00:00-05:00,Short,12925.25,12927.0,1.75,1.75,1.3539389953772654,True,2021-01-07 18:00:00-05:00,5.0,2021-01-07 18:05:00-05:00,12925.25,1.75,1.5,3.5,3.0,8.0,1.75,72
17:00,2021-01-11 17:00:00-05:00,1.0,2021-01-11 18:00:00-05:00,2021-01-12 00:00:00-05:00,Short,12905.25,12915.0,9.75,9.75,7.5550647992096245,True,2021-01-11 18:00:00-05:00,5.0,2021-01-11 18:05:00-05:00,12905.25,9.75,9.5,19.5,19.0,3.25,16.75,72
17:00,2021-01-12 17:00:00-05:00,1.0,2021-01-12 18:00:00-05:00,2021-01-13 00:00:00-05:00,Short,12883.0,12885.75,2.75,2.75,2.1345959791973916,True,2021-01-12 18:00:00-05:00,5.0,2021-01-12 18:05:00-05:00,12883.0,2.75,2.5,5.5,5.0,1.75,13.25,72
17:00,2021-01-14 17:00:00-05:00,1.0,2021-01-14 18:00:00-05:00,2021-01-15 00:00:00-05:00,Short,12900.0,12908.0,8.0,8.0,6.2015503875969,True,2021-01-14 19:35:00-05:00,100.0,2021-01-14 19:40:00-05:00,12900.0,8.0,7.75,16.0,15.5,19.75,21.5,72
17:00,2021-01-19 17:00:00-05:00,1.0,2021-01-19 18:00:00-05:00,2021-01-20 00:00:00-05:00,Long,13031.0,13029.75,-1.25,1.25,0.9592510168060778,True,2021-01-19 18:00:00-05:00,5.0,2021-01-19 18:05:00-05:00,13031.0,1.25,1.0,2.5,2.0,1.5,18.25,72
17:00,2021-01-21 17:00:00-05:00,1.0,2021-01-21 18:00:00-05:00,2021-01-22 00:00:00-05:00,Long,13396.5,13394.75,-1.75,1.75,1.3063113499794723,True,2021-01-21 18:00:00-05:00,5.0,2021-01-21 18:05:00-05:00,13396.5,1.75,1.5,3.5,3.0,8.25,5.75,72
17:00,2021-01-25 17:00:00-05:00,1.0,2021-01-25 18:00:00-05:00,2021-01-26 00:00:00-05:00,Long,13463.25,13460.25,-3.0,3.0,2.2282881176536127,True,2021-01-25 18:00:00-05:00,5.0,2021-01-25 18:05:00-05:00,13463.25,3.0,2.75,6.0,5.5,10.0,5.0,72
17:00,2021-01-26 17:00:00-05:00,1.0,2021-01-26 18:00:00-05:00,2021-01-27 00:00:00-05:00,Long,13553.5,13553.0,-0.5,0.5,0.368908400044269,True,2021-01-26 18:00:00-05:00,5.0,2021-01-26 18:05:00-05:00,13553.5,0.5,0.25,1.0,0.5,5.0,17.75,72
17:00,2021-01-27 17:00:00-05:00,1.0,2021-01-27 18:00:00-05:00,2021-01-28 00:00:00-05:00,Long,13058.75,13053.75,-5.0,5.0,3.828850387671102,True,2021-01-27 20:05:00-05:00,130.0,2021-01-27 20:10:00-05:00,13058.75,5.0,4.75,10.0,9.5,99.0,22.75,72
17:00,2021-01-28 17:00:00-05:00,1.0,2021-01-28 18:00:00-05:00,2021-01-29 00:00:00-05:00,Short,13152.75,13159.25,6.5,6.5,4.941932295527551,True,2021-01-28 18:00:00-05:00,5.0,2021-01-28 18:05:00-05:00,13152.75,6.5,6.25,13.0,12.5,10.0,28.0,72
17:00,2021-02-01 17:00:00-05:00,1.0,2021-02-01 18:00:00-05:00,2021-02-02 00:00:00-05:00,Long,13234.75,13232.75,-2.0,2.0,1.5111732371219706,True,2021-02-01 18:00:00-05:00,5.0,2021-02-01 18:05:00-05:00,13234.75,2.0,1.75,4.0,3.5,2.75,20.25,72
17:00,2021-02-02 17:00:00-05:00,1.0,2021-02-02 18:00:00-05:00,2021-02-03 00:00:00-05:00,Short,13499.75,13503.75,4.0,4.0,2.9630178336635864,True,2021-02-02 18:00:00-05:00,5.0,2021-02-02 18:05:00-05:00,13499.75,4.0,3.75,8.0,7.5,11.25,8.25,72
17:00,2021-02-03 17:00:00-05:00,1.0,2021-02-03 18:00:00-05:00,2021-02-04 00:00:00-05:00,Short,13415.25,13427.5,12.25,12.25,9.131398967592851,True,2021-02-03 20:15:00-05:00,140.0,2021-02-03 20:20:00-05:00,13415.25,12.25,12.0,24.5,24.0,25.5,14.5,72
17:00,2021-02-04 17:00:00-05:00,1.0,2021-02-04 18:00:00-05:00,2021-02-05 00:00:00-05:00,Long,13563.75,13563.0,-0.75,0.75,0.552944429084877,True,2021-02-04 18:00:00-05:00,5.0,2021-02-04 18:05:00-05:00,13563.75,0.75,0.5,1.5,1.0,11.25,2.5,72
17:00,2021-02-09 17:00:00-05:00,1.0,2021-02-09 18:00:00-05:00,2021-02-10 00:00:00-05:00,Short,13696.25,13698.75,2.5,2.5,1.8253171488546134,True,2021-02-09 18:00:00-05:00,5.0,2021-02-09 18:05:00-05:00,13696.25,2.5,2.25,5.0,4.5,4.25,7.0,72
17:00,2021-02-10 17:00:00-05:00,1.0,2021-02-10 18:00:00-05:00,2021-02-11 00:00:00-05:00,Short,13666.0,13667.25,1.25,1.25,0.914678764817796,True,2021-02-10 18:00:00-05:00,5.0,2021-02-10 18:05:00-05:00,13666.0,1.25,1.0,2.5,2.0,4.25,18.0,72
17:00,2021-02-11 17:00:00-05:00,1.0,2021-02-11 18:00:00-05:00,2021-02-12 00:00:00-05:00,Long,13710.5,13710.25,-0.25,0.25,0.18234200065643122,True,2021-02-11 18:00:00-05:00,5.0,2021-02-11 18:05:00-05:00,13710.5,0.25,0.0,0.5,0.0,12.25,6.75,72
17:00,2021-02-16 17:00:00-05:00,1.0,2021-02-16 18:00:00-05:00,2021-02-17 00:00:00-05:00,Short,13754.25,13757.75,3.5,3.5,2.5446680117054727,True,2021-02-16 18:00:00-05:00,5.0,2021-02-16 18:05:00-05:00,13754.25,3.5,3.25,7.0,6.5,7.5,5.25,72
17:00,2021-02-18 17:00:00-05:00,1.0,2021-02-18 18:00:00-05:00,2021-02-19 00:00:00-05:00,Long,13640.25,13638.5,-1.75,1.75,1.2829676875423837,True,2021-02-18 18:00:00-05:00,5.0,2021-02-18 18:05:00-05:00,13640.25,1.75,1.5,3.5,3.0,4.25,13.0,72
17:00,2021-02-22 17:00:00-05:00,1.0,2021-02-22 18:00:00-05:00,2021-02-23 00:00:00-05:00,Short,13221.0,13226.5,5.5,5.5,4.160048407836019,True,2021-02-22 19:00:00-05:00,65.0,2021-02-22 19:05:00-05:00,13221.0,5.5,5.25,11.0,10.5,30.0,25.0,72
17:00,2021-02-23 17:00:00-05:00,1.0,2021-02-23 18:00:00-05:00,2021-02-24 00:00:00-05:00,Short,13158.25,13171.5,13.25,13.25,10.069728117340832,True,2021-02-23 18:15:00-05:00,20.0,2021-02-23 18:20:00-05:00,13158.25,13.25,13.0,26.5,26.0,17.75,37.75,72
17:00,2021-02-24 17:00:00-05:00,1.0,2021-02-24 18:00:00-05:00,2021-02-25 00:00:00-05:00,Long,13314.75,13308.25,-6.5,6.5,4.8818040143449934,True,2021-02-24 18:30:00-05:00,35.0,2021-02-24 18:35:00-05:00,13314.75,6.5,6.25,13.0,12.5,23.0,15.5,72
17:00,2021-02-25 17:00:00-05:00,1.0,2021-02-25 18:00:00-05:00,2021-02-26 00:00:00-05:00,Short,12789.5,12800.5,11.0,11.0,8.600805348137143,True,2021-02-25 18:00:00-05:00,5.0,2021-02-25 18:05:00-05:00,12789.5,11.0,10.75,22.0,21.5,16.75,44.25,72
17:00,2021-03-01 17:00:00-05:00,1.0,2021-03-01 18:00:00-05:00,2021-03-02 00:00:00-05:00,Long,13312.5,13311.75,-0.75,0.75,0.5633802816901409,True,2021-03-01 18:00:00-05:00,5.0,2021-03-01 18:05:00-05:00,13312.5,0.75,0.5,1.5,1.0,7.0,9.0,72
17:00,2021-03-02 17:00:00-05:00,1.0,2021-03-02 18:00:00-05:00,2021-03-03 00:00:00-05:00,Short,13055.0,13061.0,6.0,6.0,4.595940252776714,False,,,2021-03-03 00:00:00-05:00,13138.25,-77.25,-77.5,-154.5,-155.0,82.75,2.0,72
17:00,2021-03-03 17:00:00-05:00,1.0,2021-03-03 18:00:00-05:00,2021-03-04 00:00:00-05:00,Short,12678.75,12682.75,4.0,4.0,3.154885142462782,True,2021-03-03 18:00:00-05:00,5.0,2021-03-03 18:05:00-05:00,12678.75,4.0,3.75,8.0,7.5,5.75,14.5,72
17:00,2021-03-04 17:00:00-05:00,1.0,2021-03-04 18:00:00-05:00,2021-03-05 00:00:00-05:00,Short,12431.75,12437.0,5.25,5.25,4.223057896112776,True,2021-03-04 18:00:00-05:00,5.0,2021-03-04 18:05:00-05:00,12431.75,5.25,5.0,10.5,10.0,6.5,21.0,72
17:00,2021-03-08 17:00:00-05:00,1.0,2021-03-08 18:00:00-05:00,2021-03-09 00:00:00-05:00,Short,12332.0,12346.5,14.5,14.5,11.758027894907558,True,2021-03-08 20:40:00-05:00,165.0,2021-03-08 20:45:00-05:00,12332.0,14.5,14.25,29.0,28.5,62.25,15.75,72
17:00,2021-03-09 17:00:00-05:00,1.0,2021-03-09 18:00:00-05:00,2021-03-10 00:00:00-05:00,Short,12788.75,12811.5,22.75,22.75,17.78907242693774,True,2021-03-09 19:15:00-05:00,80.0,2021-03-09 19:20:00-05:00,12788.75,22.75,22.5,45.5,45.0,16.25,25.25,72
17:00,2021-03-10 17:00:00-05:00,1.0,2021-03-10 18:00:00-05:00,2021-03-11 00:00:00-05:00,Short,12789.0,12794.5,5.5,5.5,4.300570803033857,True,2021-03-10 18:00:00-05:00,5.0,2021-03-10 18:05:00-05:00,12789.0,5.5,5.25,11.0,10.5,5.25,13.75,72
17:00,2021-03-11 17:00:00-05:00,1.0,2021-03-11 18:00:00-05:00,2021-03-12 00:00:00-05:00,Short,13044.25,13051.75,7.5,7.5,5.749659811794469,True,2021-03-11 21:25:00-05:00,210.0,2021-03-11 21:30:00-05:00,13044.25,7.5,7.25,15.0,14.5,43.25,28.75,72
17:00,2021-03-15 17:00:00-04:00,1.0,2021-03-15 18:00:00-04:00,2021-03-16 00:00:00-04:00,Long,13085.25,13082.25,-3.0,3.0,2.2926577635123517,True,2021-03-15 18:00:00-04:00,5.0,2021-03-15 18:05:00-04:00,13085.25,3.0,2.75,6.0,5.5,2.25,9.0,72
17:00,2021-03-16 17:00:00-04:00,1.0,2021-03-16 18:00:00-04:00,2021-03-17 00:00:00-04:00,Short,13166.5,13168.0,1.5,1.5,1.1392549272775605,True,2021-03-16 18:00:00-04:00,5.0,2021-03-16 18:05:00-04:00,13166.5,1.5,1.25,3.0,2.5,8.5,5.5,72
17:00,2021-03-17 17:00:00-04:00,1.0,2021-03-17 18:00:00-04:00,2021-03-18 00:00:00-04:00,Short,13184.0,13198.5,14.5,14.5,10.998179611650485,True,2021-03-17 23:30:00-04:00,335.0,2021-03-17 23:35:00-04:00,13184.0,14.5,14.25,29.0,28.5,81.25,17.75,72
17:00,2021-03-18 17:00:00-04:00,1.0,2021-03-18 18:00:00-04:00,2021-03-19 00:00:00-04:00,Short,12806.0,12813.5,7.5,7.5,5.856629704825862,True,2021-03-18 18:25:00-04:00,30.0,2021-03-18 18:30:00-04:00,12806.0,7.5,7.25,15.0,14.5,30.0,15.75,72
17:00,2021-03-22 17:00:00-04:00,1.0,2021-03-22 18:00:00-04:00,2021-03-23 00:00:00-04:00,Short,13064.25,13068.75,4.5,4.5,3.4445146104828064,True,2021-03-22 18:00:00-04:00,5.0,2021-03-22 18:05:00-04:00,13064.25,4.5,4.25,9.0,8.5,8.25,5.75,72
17:00,2021-03-23 17:00:00-04:00,1.0,2021-03-23 18:00:00-04:00,2021-03-24 00:00:00-04:00,Short,13030.5,13050.0,19.5,19.5,14.964890065615288,True,2021-03-23 18:20:00-04:00,25.0,2021-03-23 18:25:00-04:00,13030.5,19.5,19.25,39.0,38.5,5.0,20.75,72
17:00,2021-03-24 17:00:00-04:00,1.0,2021-03-24 18:00:00-04:00,2021-03-25 00:00:00-04:00,Short,12797.5,12804.0,6.5,6.5,5.079117015042,True,2021-03-24 18:00:00-04:00,5.0,2021-03-24 18:05:00-04:00,12797.5,6.5,6.25,13.0,12.5,7.5,11.5,72
17:00,2021-03-25 17:00:00-04:00,1.0,2021-03-25 18:00:00-04:00,2021-03-26 00:00:00-04:00,Short,12791.75,12799.25,7.5,7.5,5.863153985967519,True,2021-03-25 18:00:00-04:00,5.0,2021-03-25 18:05:00-04:00,12791.75,7.5,7.25,15.0,14.5,0.75,35.75,72
17:00,2021-03-29 17:00:00-04:00,1.0,2021-03-29 18:00:00-04:00,2021-03-30 00:00:00-04:00,Short,12965.5,12974.75,9.25,9.25,7.134317997763295,True,2021-03-29 19:00:00-04:00,65.0,2021-03-29 19:05:00-04:00,12965.5,9.25,9.0,18.5,18.0,9.25,9.25,72
17:00,2021-03-30 17:00:00-04:00,1.0,2021-03-30 18:00:00-04:00,2021-03-31 00:00:00-04:00,Short,12890.5,12891.75,1.25,1.25,0.9697063729102827,True,2021-03-30 18:00:00-04:00,5.0,2021-03-30 18:05:00-04:00,12890.5,1.25,1.0,2.5,2.0,4.5,18.0,72
17:00,2021-03-31 17:00:00-04:00,1.0,2021-03-31 18:00:00-04:00,2021-04-01 00:00:00-04:00,Short,13089.0,13093.75,4.75,4.75,3.6290014516005806,False,,,2021-04-01 00:00:00-04:00,13122.25,-28.5,-28.75,-57.0,-57.5,45.0,3.75,72
17:00,2021-04-01 17:00:00-04:00,1.0,2021-04-01 18:00:00-04:00,2021-04-02 00:00:00-04:00,Short,13327.5,13333.0,5.5,5.5,4.126805477396361,True,2021-04-01 18:00:00-04:00,5.0,2021-04-01 18:05:00-04:00,13327.5,5.5,5.25,11.0,10.5,1.0,10.0,72
17:00,2021-04-05 17:00:00-04:00,1.0,2021-04-05 18:00:00-04:00,2021-04-06 00:00:00-04:00,Short,13600.0,13603.0,3.0,3.0,2.2058823529411766,True,2021-04-05 18:05:00-04:00,10.0,2021-04-05 18:10:00-04:00,13600.0,3.0,2.75,6.0,5.5,5.75,4.0,72
17:00,2021-04-06 17:00:00-04:00,1.0,2021-04-06 18:00:00-04:00,2021-04-07 00:00:00-04:00,Long,13584.5,13580.0,-4.5,4.5,3.3125989178843533,True,2021-04-06 18:00:00-04:00,5.0,2021-04-06 18:05:00-04:00,13584.5,4.5,4.25,9.0,8.5,3.75,5.0,72
17:00,2021-04-08 17:00:00-04:00,1.0,2021-04-08 18:00:00-04:00,2021-04-09 00:00:00-04:00,Long,13788.25,13787.0,-1.25,1.25,0.9065689989665113,True,2021-04-08 18:00:00-04:00,5.0,2021-04-08 18:05:00-04:00,13788.25,1.25,1.0,2.5,2.0,8.75,6.75,72
17:00,2021-04-12 17:00:00-04:00,1.0,2021-04-12 18:00:00-04:00,2021-04-13 00:00:00-04:00,Short,13823.25,13825.5,2.25,2.25,1.6276924746351258,True,2021-04-12 18:00:00-04:00,5.0,2021-04-12 18:05:00-04:00,13823.25,2.25,2.0,4.5,4.0,7.5,2.25,72
17:00,2021-04-13 17:00:00-04:00,1.0,2021-04-13 18:00:00-04:00,2021-04-14 00:00:00-04:00,Short,13973.5,13977.0,3.5,3.5,2.504741117114538,True,2021-04-13 18:05:00-04:00,10.0,2021-04-13 18:10:00-04:00,13973.5,3.5,3.25,7.0,6.5,3.25,4.25,72
17:00,2021-04-14 17:00:00-04:00,1.0,2021-04-14 18:00:00-04:00,2021-04-15 00:00:00-04:00,Long,13828.5,13827.5,-1.0,1.0,0.7231442311168963,True,2021-04-14 18:00:00-04:00,5.0,2021-04-14 18:05:00-04:00,13828.5,1.0,0.75,2.0,1.5,5.75,6.5,72
17:00,2021-04-15 17:00:00-04:00,1.0,2021-04-15 18:00:00-04:00,2021-04-16 00:00:00-04:00,Short,13999.25,13999.75,0.5,0.5,0.3571619908209368,True,2021-04-15 18:00:00-04:00,5.0,2021-04-15 18:05:00-04:00,13999.25,0.5,0.25,1.0,0.5,2.75,10.5,72
17:00,2021-04-19 17:00:00-04:00,1.0,2021-04-19 18:00:00-04:00,2021-04-20 00:00:00-04:00,Short,13893.75,13899.5,5.75,5.75,4.13855150697256,False,,,2021-04-20 00:00:00-04:00,13915.75,-16.25,-16.5,-32.5,-33.0,32.0,3.5,72
17:00,2021-04-20 17:00:00-04:00,1.0,2021-04-20 18:00:00-04:00,2021-04-21 00:00:00-04:00,Short,13735.25,13742.25,7.0,7.0,5.096376112557107,True,2021-04-20 20:05:00-04:00,130.0,2021-04-20 20:10:00-04:00,13735.25,7.0,6.75,14.0,13.5,12.75,8.25,72
17:00,2021-04-21 17:00:00-04:00,1.0,2021-04-21 18:00:00-04:00,2021-04-22 00:00:00-04:00,Short,13891.0,13895.25,4.25,4.25,3.059534950687495,True,2021-04-21 18:00:00-04:00,5.0,2021-04-21 18:05:00-04:00,13891.0,4.25,4.0,8.5,8.0,5.75,4.25,72
17:00,2021-04-22 17:00:00-04:00,1.0,2021-04-22 18:00:00-04:00,2021-04-23 00:00:00-04:00,Long,13763.0,13757.25,-5.75,5.75,4.177868197340696,True,2021-04-22 18:00:00-04:00,5.0,2021-04-22 18:05:00-04:00,13763.0,5.75,5.5,11.5,11.0,7.75,6.5,72
17:00,2021-04-26 17:00:00-04:00,1.0,2021-04-26 18:00:00-04:00,2021-04-27 00:00:00-04:00,Short,14022.75,14023.25,0.5,0.5,0.3565634415503378,True,2021-04-26 18:00:00-04:00,5.0,2021-04-26 18:05:00-04:00,14022.75,0.5,0.25,1.0,0.5,4.5,8.25,72
17:00,2021-04-27 17:00:00-04:00,1.0,2021-04-27 18:00:00-04:00,2021-04-28 00:00:00-04:00,Short,13951.0,13954.0,3.0,3.0,2.1503834850548347,False,,,2021-04-28 00:00:00-04:00,13973.0,-19.0,-19.25,-38.0,-38.5,25.5,0.75,72
17:00,2021-04-28 17:00:00-04:00,1.0,2021-04-28 18:00:00-04:00,2021-04-29 00:00:00-04:00,Short,13968.75,13970.75,2.0,2.0,1.4317673378076061,True,2021-04-28 18:00:00-04:00,5.0,2021-04-28 18:05:00-04:00,13968.75,2.0,1.75,4.0,3.5,3.0,13.0,72
17:00,2021-04-29 17:00:00-04:00,1.0,2021-04-29 18:00:00-04:00,2021-04-30 00:00:00-04:00,Short,13944.0,13948.0,4.0,4.0,2.8686173264486516,True,2021-04-29 18:00:00-04:00,5.0,2021-04-29 18:05:00-04:00,13944.0,4.0,3.75,8.0,7.5,4.0,6.75,72
17:00,2021-05-04 17:00:00-04:00,1.0,2021-05-04 18:00:00-04:00,2021-05-05 00:00:00-04:00,Short,13521.0,13526.75,5.75,5.75,4.252644035204496,True,2021-05-04 18:00:00-04:00,5.0,2021-05-04 18:05:00-04:00,13521.0,5.75,5.5,11.5,11.0,2.25,11.5,72
17:00,2021-05-05 17:00:00-04:00,1.0,2021-05-05 18:00:00-04:00,2021-05-06 00:00:00-04:00,Short,13485.0,13486.0,1.0,1.0,0.7415647015202076,True,2021-05-05 18:00:00-04:00,5.0,2021-05-05 18:05:00-04:00,13485.0,1.0,0.75,2.0,1.5,11.0,2.0,72
17:00,2021-05-06 17:00:00-04:00,1.0,2021-05-06 18:00:00-04:00,2021-05-07 00:00:00-04:00,Short,13605.0,13605.75,0.75,0.75,0.5512679162072768,True,2021-05-06 18:00:00-04:00,5.0,2021-05-06 18:05:00-04:00,13605.0,0.75,0.5,1.5,1.0,15.25,4.25,72
17:00,2021-05-10 17:00:00-04:00,1.0,2021-05-10 18:00:00-04:00,2021-05-11 00:00:00-04:00,Short,13310.25,13316.0,5.75,5.75,4.319978963580699,True,2021-05-10 18:00:00-04:00,5.0,2021-05-10 18:05:00-04:00,13310.25,5.75,5.5,11.5,11.0,12.75,5.75,72
17:00,2021-05-11 17:00:00-04:00,1.0,2021-05-11 18:00:00-04:00,2021-05-12 00:00:00-04:00,Short,13317.5,13321.5,4.0,4.0,3.003566735498404,True,2021-05-11 18:00:00-04:00,5.0,2021-05-11 18:05:00-04:00,13317.5,4.0,3.75,8.0,7.5,5.75,9.0,72
17:00,2021-05-12 17:00:00-04:00,1.0,2021-05-12 18:00:00-04:00,2021-05-13 00:00:00-04:00,Short,12964.5,12968.5,4.0,4.0,3.0853484515407463,False,,,2021-05-13 00:00:00-04:00,13051.25,-82.75,-83.0,-165.5,-166.0,100.75,0.75,72
17:00,2021-05-13 17:00:00-04:00,1.0,2021-05-13 18:00:00-04:00,2021-05-14 00:00:00-04:00,Short,13092.25,13095.5,3.25,3.25,2.482384616853482,True,2021-05-13 18:00:00-04:00,5.0,2021-05-13 18:05:00-04:00,13092.25,3.25,3.0,6.5,6.0,9.5,5.0,72
17:00,2021-05-17 17:00:00-04:00,1.0,2021-05-17 18:00:00-04:00,2021-05-18 00:00:00-04:00,Long,13313.75,13310.0,-3.75,3.75,2.816636935499014,True,2021-05-17 18:00:00-04:00,5.0,2021-05-17 18:05:00-04:00,13313.75,3.75,3.5,7.5,7.0,4.5,11.25,72
17:00,2021-05-18 17:00:00-04:00,1.0,2021-05-18 18:00:00-04:00,2021-05-19 00:00:00-04:00,Long,13187.75,13182.25,-5.5,5.5,4.170537051430305,True,2021-05-18 18:00:00-04:00,5.0,2021-05-18 18:05:00-04:00,13187.75,5.5,5.25,11.0,10.5,0.75,20.25,72
17:00,2021-05-19 17:00:00-04:00,1.0,2021-05-19 18:00:00-04:00,2021-05-20 00:00:00-04:00,Short,13219.75,13221.0,1.25,1.25,0.9455549461979236,True,2021-05-19 18:00:00-04:00,5.0,2021-05-19 18:05:00-04:00,13219.75,1.25,1.0,2.5,2.0,6.75,5.5,72
17:00,2021-05-20 17:00:00-04:00,1.0,2021-05-20 18:00:00-04:00,2021-05-21 00:00:00-04:00,Short,13488.0,13493.25,5.25,5.25,3.8923487544483986,True,2021-05-20 18:00:00-04:00,5.0,2021-05-20 18:05:00-04:00,13488.0,5.25,5.0,10.5,10.0,5.25,6.75,72
17:00,2021-05-24 17:00:00-04:00,1.0,2021-05-24 18:00:00-04:00,2021-05-25 00:00:00-04:00,Short,13652.0,13654.5,2.5,2.5,1.83123351889833,True,2021-05-24 18:00:00-04:00,5.0,2021-05-24 18:05:00-04:00,13652.0,2.5,2.25,5.0,4.5,1.75,9.75,72
17:00,2021-05-25 17:00:00-04:00,1.0,2021-05-25 18:00:00-04:00,2021-05-26 00:00:00-04:00,Short,13669.25,13671.0,1.75,1.75,1.2802458071949814,True,2021-05-25 18:00:00-04:00,5.0,2021-05-25 18:05:00-04:00,13669.25,1.75,1.5,3.5,3.0,3.25,7.5,72
17:00,2021-05-26 17:00:00-04:00,1.0,2021-05-26 18:00:00-04:00,2021-05-27 00:00:00-04:00,Long,13704.0,13703.75,-0.25,0.25,0.18242848803269118,True,2021-05-26 18:00:00-04:00,5.0,2021-05-26 18:05:00-04:00,13704.0,0.25,0.0,0.5,0.0,7.25,7.25,72
17:00,2021-05-27 17:00:00-04:00,1.0,2021-05-27 18:00:00-04:00,2021-05-28 00:00:00-04:00,Short,13693.25,13694.5,1.25,1.25,0.9128585251857666,True,2021-05-27 18:00:00-04:00,5.0,2021-05-27 18:05:00-04:00,13693.25,1.25,1.0,2.5,2.0,4.25,5.0,72
17:00,2021-06-01 17:00:00-04:00,1.0,2021-06-01 18:00:00-04:00,2021-06-02 00:00:00-04:00,Short,13647.75,13653.0,5.25,5.25,3.8467879320767158,True,2021-06-01 18:00:00-04:00,5.0,2021-06-01 18:05:00-04:00,13647.75,5.25,5.0,10.5,10.0,0.0,19.25,72
17:00,2021-06-02 17:00:00-04:00,1.0,2021-06-02 18:00:00-04:00,2021-06-03 00:00:00-04:00,Short,13678.25,13678.5,0.25,0.25,0.18277191892237676,True,2021-06-02 18:00:00-04:00,5.0,2021-06-02 18:05:00-04:00,13678.25,0.25,0.0,0.5,0.0,10.0,0.25,72
17:00,2021-06-03 17:00:00-04:00,1.0,2021-06-03 18:00:00-04:00,2021-06-04 00:00:00-04:00,Long,13530.5,13530.0,-0.5,0.5,0.3695354938841876,True,2021-06-03 18:00:00-04:00,5.0,2021-06-03 18:05:00-04:00,13530.5,0.5,0.25,1.0,0.5,0.75,13.0,72
17:00,2021-06-08 17:00:00-04:00,1.0,2021-06-08 18:00:00-04:00,2021-06-09 00:00:00-04:00,Short,13811.75,13813.0,1.25,1.25,0.9050265172769563,True,2021-06-08 18:00:00-04:00,5.0,2021-06-08 18:05:00-04:00,13811.75,1.25,1.0,2.5,2.0,4.0,9.0,72
17:00,2021-06-09 17:00:00-04:00,1.0,2021-06-09 18:00:00-04:00,2021-06-10 00:00:00-04:00,Short,13812.0,13815.75,3.75,3.75,2.7150304083405734,True,2021-06-09 18:00:00-04:00,5.0,2021-06-09 18:05:00-04:00,13812.0,3.75,3.5,7.5,7.0,5.75,3.75,72
17:00,2021-06-10 17:00:00-04:00,1.0,2021-06-10 18:00:00-04:00,2021-06-11 00:00:00-04:00,Short,13973.25,13974.5,1.25,1.25,0.894566403664144,True,2021-06-10 18:00:00-04:00,5.0,2021-06-10 18:05:00-04:00,13973.25,1.25,1.0,2.5,2.0,5.5,4.75,72
17:00,2021-06-14 17:00:00-04:00,1.0,2021-06-14 18:00:00-04:00,2021-06-15 00:00:00-04:00,Short,14117.5,14121.25,3.75,3.75,2.6562776695590578,True,2021-06-14 18:00:00-04:00,5.0,2021-06-14 18:05:00-04:00,14117.5,3.75,3.5,7.5,7.0,3.75,8.5,72
17:00,2021-06-15 17:00:00-04:00,1.0,2021-06-15 18:00:00-04:00,2021-06-16 00:00:00-04:00,Short,14046.5,14047.75,1.25,1.25,0.8899013989249992,True,2021-06-15 18:00:00-04:00,5.0,2021-06-15 18:05:00-04:00,14046.5,1.25,1.0,2.5,2.0,3.75,6.5,72
17:00,2021-06-16 17:00:00-04:00,1.0,2021-06-16 18:00:00-04:00,2021-06-17 00:00:00-04:00,Short,13938.0,13948.5,10.5,10.5,7.53336203185536,True,2021-06-16 18:00:00-04:00,5.0,2021-06-16 18:05:00-04:00,13938.0,10.5,10.25,21.0,20.5,1.5,14.75,72
17:00,2021-06-17 17:00:00-04:00,1.0,2021-06-17 18:00:00-04:00,2021-06-18 00:00:00-04:00,Long,14188.5,14171.25,-17.25,17.25,12.1577333756211,True,2021-06-17 18:00:00-04:00,5.0,2021-06-17 18:05:00-04:00,14188.5,17.25,17.0,34.5,34.0,0.0,26.0,72
17:00,2021-06-21 17:00:00-04:00,1.0,2021-06-21 18:00:00-04:00,2021-06-22 00:00:00-04:00,Short,14136.25,14137.0,0.75,0.75,0.5305508886727385,True,2021-06-21 18:00:00-04:00,5.0,2021-06-21 18:05:00-04:00,14136.25,0.75,0.5,1.5,1.0,4.75,0.75,72
17:00,2021-06-22 17:00:00-04:00,1.0,2021-06-22 18:00:00-04:00,2021-06-23 00:00:00-04:00,Short,14268.75,14273.5,4.75,4.75,3.3289531318440644,True,2021-06-22 18:00:00-04:00,5.0,2021-06-22 18:05:00-04:00,14268.75,4.75,4.5,9.5,9.0,0.75,7.5,72
17:00,2021-06-23 17:00:00-04:00,1.0,2021-06-23 18:00:00-04:00,2021-06-24 00:00:00-04:00,Long,14274.5,14274.25,-0.25,0.25,0.17513748292409542,True,2021-06-23 18:00:00-04:00,5.0,2021-06-23 18:05:00-04:00,14274.5,0.25,0.0,0.5,0.0,5.25,4.75,72
17:00,2021-06-24 17:00:00-04:00,1.0,2021-06-24 18:00:00-04:00,2021-06-25 00:00:00-04:00,Short,14359.0,14364.75,5.75,5.75,4.004457134897973,True,2021-06-24 18:00:00-04:00,5.0,2021-06-24 18:05:00-04:00,14359.0,5.75,5.5,11.5,11.0,3.0,13.5,72
17:00,2021-06-28 17:00:00-04:00,1.0,2021-06-28 18:00:00-04:00,2021-06-29 00:00:00-04:00,Short,14502.75,14506.75,4.0,4.0,2.7580976021788968,True,2021-06-28 18:00:00-04:00,5.0,2021-06-28 18:05:00-04:00,14502.75,4.0,3.75,8.0,7.5,0.25,15.25,72
17:00,2021-06-29 17:00:00-04:00,1.0,2021-06-29 18:00:00-04:00,2021-06-30 00:00:00-04:00,Short,14582.25,14584.0,1.75,1.75,1.2000891494796757,True,2021-06-29 18:00:00-04:00,5.0,2021-06-29 18:05:00-04:00,14582.25,1.75,1.5,3.5,3.0,7.0,15.25,72
17:00,2021-06-30 17:00:00-04:00,1.0,2021-06-30 18:00:00-04:00,2021-07-01 00:00:00-04:00,Short,14555.75,14558.0,2.25,2.25,1.5457808769730175,True,2021-06-30 18:00:00-04:00,5.0,2021-06-30 18:05:00-04:00,14555.75,2.25,2.0,4.5,4.0,5.0,3.5,72
17:00,2021-07-01 17:00:00-04:00,1.0,2021-07-01 18:00:00-04:00,2021-07-02 00:00:00-04:00,Short,14539.25,14542.25,3.0,3.0,2.0633801605997557,True,2021-07-01 18:00:00-04:00,5.0,2021-07-01 18:05:00-04:00,14539.25,3.0,2.75,6.0,5.5,0.25,8.25,72
17:00,2021-07-06 17:00:00-04:00,1.0,2021-07-06 18:00:00-04:00,2021-07-07 00:00:00-04:00,Long,14763.0,14758.5,-4.5,4.5,3.048160942897785,True,2021-07-06 18:00:00-04:00,5.0,2021-07-06 18:05:00-04:00,14763.0,4.5,4.25,9.0,8.5,1.25,6.5,72
17:00,2021-07-07 17:00:00-04:00,1.0,2021-07-07 18:00:00-04:00,2021-07-08 00:00:00-04:00,Short,14809.25,14811.75,2.5,2.5,1.6881341053733308,True,2021-07-07 18:00:00-04:00,5.0,2021-07-07 18:05:00-04:00,14809.25,2.5,2.25,5.0,4.5,0.5,6.25,72
17:00,2021-07-12 17:00:00-04:00,1.0,2021-07-12 18:00:00-04:00,2021-07-13 00:00:00-04:00,Short,14875.0,14880.0,5.0,5.0,3.361344537815126,True,2021-07-12 18:00:00-04:00,5.0,2021-07-12 18:05:00-04:00,14875.0,5.0,4.75,10.0,9.5,3.75,8.75,72
17:00,2021-07-13 17:00:00-04:00,1.0,2021-07-13 18:00:00-04:00,2021-07-14 00:00:00-04:00,Short,14864.25,14868.0,3.75,3.75,2.5228316262172665,True,2021-07-13 18:00:00-04:00,5.0,2021-07-13 18:05:00-04:00,14864.25,3.75,3.5,7.5,7.0,2.0,6.0,72
17:00,2021-07-14 17:00:00-04:00,1.0,2021-07-14 18:00:00-04:00,2021-07-15 00:00:00-04:00,Long,14896.75,14896.25,-0.5,0.5,0.3356436806686022,True,2021-07-14 18:00:00-04:00,5.0,2021-07-14 18:05:00-04:00,14896.75,0.5,0.25,1.0,0.5,11.0,3.25,72
17:00,2021-07-15 17:00:00-04:00,1.0,2021-07-15 18:00:00-04:00,2021-07-16 00:00:00-04:00,Short,14776.0,14778.0,2.0,2.0,1.353546291283162,True,2021-07-15 18:00:00-04:00,5.0,2021-07-15 18:05:00-04:00,14776.0,2.0,1.75,4.0,3.5,2.0,6.0,72
17:00,2021-07-19 17:00:00-04:00,1.0,2021-07-19 18:00:00-04:00,2021-07-20 00:00:00-04:00,Short,14592.25,14593.5,1.25,1.25,0.8566190957528825,True,2021-07-19 18:00:00-04:00,5.0,2021-07-19 18:05:00-04:00,14592.25,1.25,1.0,2.5,2.0,6.25,5.25,72
17:00,2021-07-20 17:00:00-04:00,1.0,2021-07-20 18:00:00-04:00,2021-07-21 00:00:00-04:00,Short,14727.5,14729.5,2.0,2.0,1.3580037345102698,True,2021-07-20 18:00:00-04:00,5.0,2021-07-20 18:05:00-04:00,14727.5,2.0,1.75,4.0,3.5,1.75,5.25,72
17:00,2021-07-21 17:00:00-04:00,1.0,2021-07-21 18:00:00-04:00,2021-07-22 00:00:00-04:00,Short,14837.75,14838.0,0.25,0.25,0.16848915772270054,True,2021-07-21 18:00:00-04:00,5.0,2021-07-21 18:05:00-04:00,14837.75,0.25,0.0,0.5,0.0,1.25,9.25,72
17:00,2021-07-22 17:00:00-04:00,1.0,2021-07-22 18:00:00-04:00,2021-07-23 00:00:00-04:00,Short,14976.25,14978.25,2.0,2.0,1.3354477923378683,True,2021-07-22 18:00:00-04:00,5.0,2021-07-22 18:05:00-04:00,14976.25,2.0,1.75,4.0,3.5,6.5,3.25,72
17:00,2021-07-26 17:00:00-04:00,1.0,2021-07-26 18:00:00-04:00,2021-07-27 00:00:00-04:00,Short,15124.75,15125.0,0.25,0.25,0.16529198829732722,True,2021-07-26 18:00:00-04:00,5.0,2021-07-26 18:05:00-04:00,15124.75,0.25,0.0,0.5,0.0,0.25,9.75,72
17:00,2021-07-27 17:00:00-04:00,1.0,2021-07-27 18:00:00-04:00,2021-07-28 00:00:00-04:00,Long,14884.0,14876.25,-7.75,7.75,5.206933619994626,True,2021-07-27 18:00:00-04:00,5.0,2021-07-27 18:05:00-04:00,14884.0,7.75,7.5,15.5,15.0,9.75,11.75,72
17:00,2021-07-28 17:00:00-04:00,1.0,2021-07-28 18:00:00-04:00,2021-07-29 00:00:00-04:00,Short,14983.25,14984.25,1.0,1.0,0.6674119433367259,True,2021-07-28 18:00:00-04:00,5.0,2021-07-28 18:05:00-04:00,14983.25,1.0,0.75,2.0,1.5,4.75,4.75,72
17:00,2021-07-29 17:00:00-04:00,1.0,2021-07-29 18:00:00-04:00,2021-07-30 00:00:00-04:00,Long,14913.25,14910.0,-3.25,3.25,2.1792701121485925,True,2021-07-29 18:00:00-04:00,5.0,2021-07-29 18:05:00-04:00,14913.25,3.25,3.0,6.5,6.0,10.0,12.0,72
17:00,2021-08-02 17:00:00-04:00,1.0,2021-08-02 18:00:00-04:00,2021-08-03 00:00:00-04:00,Short,14960.5,14963.75,3.25,3.25,2.172387286521172,True,2021-08-02 18:00:00-04:00,5.0,2021-08-02 18:05:00-04:00,14960.5,3.25,3.0,6.5,6.0,0.25,6.0,72
17:00,2021-08-03 17:00:00-04:00,1.0,2021-08-03 18:00:00-04:00,2021-08-04 00:00:00-04:00,Short,15034.5,15039.0,4.5,4.5,2.9931158335827597,True,2021-08-03 19:00:00-04:00,65.0,2021-08-03 19:05:00-04:00,15034.5,4.5,4.25,9.0,8.5,5.75,5.5,72
17:00,2021-08-05 17:00:00-04:00,1.0,2021-08-05 18:00:00-04:00,2021-08-06 00:00:00-04:00,Long,15171.25,15168.0,-3.25,3.25,2.142209771772267,False,,,2021-08-06 00:00:00-04:00,15168.5,0.5,0.25,1.0,0.5,10.75,2.0,72
17:00,2021-08-09 17:00:00-04:00,1.0,2021-08-09 18:00:00-04:00,2021-08-10 00:00:00-04:00,Short,15126.0,15127.75,1.75,1.75,1.1569483009387809,True,2021-08-09 18:00:00-04:00,5.0,2021-08-09 18:05:00-04:00,15126.0,1.75,1.5,3.5,3.0,3.0,4.5,72
17:00,2021-08-10 17:00:00-04:00,1.0,2021-08-10 18:00:00-04:00,2021-08-11 00:00:00-04:00,Long,15047.75,15045.25,-2.5,2.5,1.6613779468691332,True,2021-08-10 22:10:00-04:00,255.0,2021-08-10 22:15:00-04:00,15047.75,2.5,2.25,5.0,4.5,22.25,3.25,72
17:00,2021-08-11 17:00:00-04:00,1.0,2021-08-11 18:00:00-04:00,2021-08-12 00:00:00-04:00,Short,15007.25,15007.75,0.5,0.5,0.3331723000549734,True,2021-08-11 18:00:00-04:00,5.0,2021-08-11 18:05:00-04:00,15007.25,0.5,0.25,1.0,0.5,7.0,12.25,72
17:00,2021-08-12 17:00:00-04:00,1.0,2021-08-12 18:00:00-04:00,2021-08-13 00:00:00-04:00,Long,15077.25,15077.0,-0.25,0.25,0.16581273110149397,True,2021-08-12 18:00:00-04:00,5.0,2021-08-12 18:05:00-04:00,15077.25,0.25,0.0,0.5,0.0,5.5,5.0,72
17:00,2021-08-16 17:00:00-04:00,1.0,2021-08-16 18:00:00-04:00,2021-08-17 00:00:00-04:00,Long,15134.5,15133.75,-0.75,0.75,0.49555650996068584,True,2021-08-16 18:00:00-04:00,5.0,2021-08-16 18:05:00-04:00,15134.5,0.75,0.5,1.5,1.0,7.5,1.0,72
17:00,2021-08-17 17:00:00-04:00,1.0,2021-08-17 18:00:00-04:00,2021-08-18 00:00:00-04:00,Short,14968.25,14971.0,2.75,2.75,1.8372221201543268,True,2021-08-17 18:00:00-04:00,5.0,2021-08-17 18:05:00-04:00,14968.25,2.75,2.5,5.5,5.0,3.75,6.75,72
17:00,2021-08-18 17:00:00-04:00,1.0,2021-08-18 18:00:00-04:00,2021-08-19 00:00:00-04:00,Short,14837.5,14840.75,3.25,3.25,2.1903959561920807,True,2021-08-18 18:00:00-04:00,5.0,2021-08-18 18:05:00-04:00,14837.5,3.25,3.0,6.5,6.0,10.25,7.0,72
17:00,2021-08-19 17:00:00-04:00,1.0,2021-08-19 18:00:00-04:00,2021-08-20 00:00:00-04:00,Long,14944.25,14943.0,-1.25,1.25,0.8364421098415779,True,2021-08-19 18:00:00-04:00,5.0,2021-08-19 18:05:00-04:00,14944.25,1.25,1.0,2.5,2.0,7.75,3.25,72
17:00,2021-08-23 17:00:00-04:00,1.0,2021-08-23 18:00:00-04:00,2021-08-24 00:00:00-04:00,Long,15328.75,15327.5,-1.25,1.25,0.815461143276523,True,2021-08-23 18:00:00-04:00,5.0,2021-08-23 18:05:00-04:00,15328.75,1.25,1.0,2.5,2.0,4.25,1.25,72
17:00,2021-08-24 17:00:00-04:00,1.0,2021-08-24 18:00:00-04:00,2021-08-25 00:00:00-04:00,Long,15362.25,15361.25,-1.0,1.0,0.6509463132028186,True,2021-08-24 18:00:00-04:00,5.0,2021-08-24 18:05:00-04:00,15362.25,1.0,0.75,2.0,1.5,3.75,3.25,72
17:00,2021-08-25 17:00:00-04:00,1.0,2021-08-25 18:00:00-04:00,2021-08-26 00:00:00-04:00,Short,15365.75,15367.0,1.25,1.25,0.8134975513723703,True,2021-08-25 18:00:00-04:00,5.0,2021-08-25 18:05:00-04:00,15365.75,1.25,1.0,2.5,2.0,1.5,5.25,72
17:00,2021-08-26 17:00:00-04:00,1.0,2021-08-26 18:00:00-04:00,2021-08-27 00:00:00-04:00,Long,15287.25,15286.5,-0.75,0.75,0.490604915861257,True,2021-08-26 18:00:00-04:00,5.0,2021-08-26 18:05:00-04:00,15287.25,0.75,0.5,1.5,1.0,7.75,0.75,72
17:00,2021-08-30 17:00:00-04:00,1.0,2021-08-30 18:00:00-04:00,2021-08-31 00:00:00-04:00,Long,15607.25,15603.75,-3.5,3.5,2.2425475339986227,True,2021-08-30 18:10:00-04:00,15.0,2021-08-30 18:15:00-04:00,15607.25,3.5,3.25,7.0,6.5,2.0,7.5,72
17:00,2021-08-31 17:00:00-04:00,1.0,2021-08-31 18:00:00-04:00,2021-09-01 00:00:00-04:00,Short,15599.75,15601.25,1.5,1.5,0.9615538710556258,True,2021-08-31 18:00:00-04:00,5.0,2021-08-31 18:05:00-04:00,15599.75,1.5,1.25,3.0,2.5,1.0,5.0,72
17:00,2021-09-01 17:00:00-04:00,1.0,2021-09-01 18:00:00-04:00,2021-09-02 00:00:00-04:00,Long,15611.0,15609.0,-2.0,2.0,1.2811479085260395,True,2021-09-01 18:00:00-04:00,5.0,2021-09-01 18:05:00-04:00,15611.0,2.0,1.75,4.0,3.5,2.25,8.0,72
17:00,2021-09-02 17:00:00-04:00,1.0,2021-09-02 18:00:00-04:00,2021-09-03 00:00:00-04:00,Long,15600.5,15599.25,-1.25,1.25,0.8012563699881414,True,2021-09-02 18:00:00-04:00,5.0,2021-09-02 18:05:00-04:00,15600.5,1.25,1.0,2.5,2.0,3.5,2.5,72
17:00,2021-09-07 17:00:00-04:00,1.0,2021-09-07 18:00:00-04:00,2021-09-08 00:00:00-04:00,Short,15670.75,15671.0,0.25,0.25,0.15953288770480034,True,2021-09-07 18:00:00-04:00,5.0,2021-09-07 18:05:00-04:00,15670.75,0.25,0.0,0.5,0.0,3.0,2.75,72
17:00,2021-09-08 17:00:00-04:00,1.0,2021-09-08 18:00:00-04:00,2021-09-09 00:00:00-04:00,Short,15609.25,15610.0,0.75,0.75,0.4804843282028285,True,2021-09-08 18:00:00-04:00,5.0,2021-09-08 18:05:00-04:00,15609.25,0.75,0.5,1.5,1.0,2.5,5.25,72
17:00,2021-09-09 17:00:00-04:00,1.0,2021-09-09 18:00:00-04:00,2021-09-10 00:00:00-04:00,Long,15562.5,15561.25,-1.25,1.25,0.8032128514056225,True,2021-09-09 18:00:00-04:00,5.0,2021-09-09 18:05:00-04:00,15562.5,1.25,1.0,2.5,2.0,2.5,8.5,72
17:00,2021-09-14 17:00:00-04:00,1.0,2021-09-14 18:00:00-04:00,2021-09-15 00:00:00-04:00,Short,15395.0,15395.5,0.5,0.5,0.32478077297823965,True,2021-09-14 18:00:00-04:00,5.0,2021-09-14 18:05:00-04:00,15395.0,0.5,0.25,1.0,0.5,8.75,1.5,72
17:00,2021-09-15 17:00:00-04:00,1.0,2021-09-15 18:00:00-04:00,2021-09-16 00:00:00-04:00,Long,15516.0,15510.5,-5.5,5.5,3.544728022686259,True,2021-09-15 18:00:00-04:00,5.0,2021-09-15 18:05:00-04:00,15516.0,5.5,5.25,11.0,10.5,5.0,8.25,72
17:00,2021-09-16 17:00:00-04:00,1.0,2021-09-16 18:00:00-04:00,2021-09-17 00:00:00-04:00,Long,15507.0,15505.5,-1.5,1.5,0.967305088024763,True,2021-09-16 18:00:00-04:00,5.0,2021-09-16 18:05:00-04:00,15507.0,1.5,1.25,3.0,2.5,5.5,7.0,72
17:00,2021-09-20 17:00:00-04:00,1.0,2021-09-20 18:00:00-04:00,2021-09-21 00:00:00-04:00,Short,14991.0,14991.25,0.25,0.25,0.1667667267026883,True,2021-09-20 18:00:00-04:00,5.0,2021-09-20 18:05:00-04:00,14991.0,0.25,0.0,0.5,0.0,16.0,2.5,72
17:00,2021-09-21 17:00:00-04:00,1.0,2021-09-21 18:00:00-04:00,2021-09-22 00:00:00-04:00,Short,14991.75,14992.25,0.5,0.5,0.33351676755548887,True,2021-09-21 18:00:00-04:00,5.0,2021-09-21 18:05:00-04:00,14991.75,0.5,0.25,1.0,0.5,6.25,6.0,72
17:00,2021-09-22 17:00:00-04:00,1.0,2021-09-22 18:00:00-04:00,2021-09-23 00:00:00-04:00,Long,15179.25,15177.75,-1.5,1.5,0.9881911161618656,True,2021-09-22 18:00:00-04:00,5.0,2021-09-22 18:05:00-04:00,15179.25,1.5,1.25,3.0,2.5,1.5,7.25,72
17:00,2021-09-23 17:00:00-04:00,1.0,2021-09-23 18:00:00-04:00,2021-09-24 00:00:00-04:00,Short,15296.0,15298.75,2.75,2.75,1.797855648535565,True,2021-09-23 18:00:00-04:00,5.0,2021-09-23 18:05:00-04:00,15296.0,2.75,2.5,5.5,5.0,7.25,6.5,72
17:00,2021-09-27 17:00:00-04:00,1.0,2021-09-27 18:00:00-04:00,2021-09-28 00:00:00-04:00,Short,15172.25,15172.5,0.25,0.25,0.164774506088418,True,2021-09-27 18:45:00-04:00,50.0,2021-09-27 18:50:00-04:00,15172.25,0.25,0.0,0.5,0.0,14.0,17.5,72
17:00,2021-09-28 17:00:00-04:00,1.0,2021-09-28 18:00:00-04:00,2021-09-29 00:00:00-04:00,Short,14767.25,14770.0,2.75,2.75,1.8622289187221723,True,2021-09-28 18:40:00-04:00,45.0,2021-09-28 18:45:00-04:00,14767.25,2.75,2.5,5.5,5.0,12.5,8.25,72
17:00,2021-09-29 17:00:00-04:00,1.0,2021-09-29 18:00:00-04:00,2021-09-30 00:00:00-04:00,Long,14764.75,14762.0,-2.75,2.75,1.8625442354255914,True,2021-09-29 18:00:00-04:00,5.0,2021-09-29 18:05:00-04:00,14764.75,2.75,2.5,5.5,5.0,4.0,28.75,72
17:00,2021-09-30 17:00:00-04:00,1.0,2021-09-30 18:00:00-04:00,2021-10-01 00:00:00-04:00,Short,14691.75,14700.5,8.75,8.75,5.955723450235676,True,2021-09-30 18:25:00-04:00,30.0,2021-09-30 18:30:00-04:00,14691.75,8.75,8.5,17.5,17.0,12.25,13.5,72
17:00,2021-10-05 17:00:00-04:00,1.0,2021-10-05 18:00:00-04:00,2021-10-06 00:00:00-04:00,Short,14661.25,14661.75,0.5,0.5,0.3410350413504988,True,2021-10-05 18:00:00-04:00,5.0,2021-10-05 18:05:00-04:00,14661.25,0.5,0.25,1.0,0.5,9.25,3.0,72
17:00,2021-10-06 17:00:00-04:00,1.0,2021-10-06 18:00:00-04:00,2021-10-07 00:00:00-04:00,Short,14766.75,14767.0,0.25,0.25,0.16929927032014494,True,2021-10-06 18:00:00-04:00,5.0,2021-10-06 18:05:00-04:00,14766.75,0.25,0.0,0.5,0.0,11.75,2.0,72
17:00,2021-10-07 17:00:00-04:00,1.0,2021-10-07 18:00:00-04:00,2021-10-08 00:00:00-04:00,Short,14891.0,14894.0,3.0,3.0,2.014639715264254,True,2021-10-07 18:00:00-04:00,5.0,2021-10-07 18:05:00-04:00,14891.0,3.0,2.75,6.0,5.5,5.25,6.25,72
17:00,2021-10-11 17:00:00-04:00,1.0,2021-10-11 18:00:00-04:00,2021-10-12 00:00:00-04:00,Short,14684.75,14688.25,3.5,3.5,2.383424981698701,True,2021-10-11 18:00:00-04:00,5.0,2021-10-11 18:05:00-04:00,14684.75,3.5,3.25,7.0,6.5,8.0,7.5,72
17:00,2021-10-12 17:00:00-04:00,1.0,2021-10-12 18:00:00-04:00,2021-10-13 00:00:00-04:00,Long,14598.25,14595.0,-3.25,3.25,2.226294247598171,True,2021-10-12 18:00:00-04:00,5.0,2021-10-12 18:05:00-04:00,14598.25,3.25,3.0,6.5,6.0,4.75,7.25,72
17:00,2021-10-13 17:00:00-04:00,1.0,2021-10-13 18:00:00-04:00,2021-10-14 00:00:00-04:00,Short,14768.0,14770.0,2.0,2.0,1.3542795232936078,True,2021-10-13 18:00:00-04:00,5.0,2021-10-13 18:05:00-04:00,14768.0,2.0,1.75,4.0,3.5,6.75,3.25,72
17:00,2021-10-14 17:00:00-04:00,1.0,2021-10-14 18:00:00-04:00,2021-10-15 00:00:00-04:00,Long,15066.25,15064.5,-1.75,1.75,1.1615365469177796,True,2021-10-14 18:10:00-04:00,15.0,2021-10-14 18:15:00-04:00,15066.25,1.75,1.5,3.5,3.0,9.5,5.5,72
17:00,2021-10-18 17:00:00-04:00,1.0,2021-10-18 18:00:00-04:00,2021-10-19 00:00:00-04:00,Short,15289.0,15290.25,1.25,1.25,0.8175812675779973,True,2021-10-18 18:00:00-04:00,5.0,2021-10-18 18:05:00-04:00,15289.0,1.25,1.0,2.5,2.0,3.5,4.75,72
17:00,2021-10-19 17:00:00-04:00,1.0,2021-10-19 18:00:00-04:00,2021-10-20 00:00:00-04:00,Long,15410.75,15410.5,-0.25,0.25,0.16222442126437714,True,2021-10-19 18:00:00-04:00,5.0,2021-10-19 18:05:00-04:00,15410.75,0.25,0.0,0.5,0.0,9.25,2.25,72
17:00,2021-10-20 17:00:00-04:00,1.0,2021-10-20 18:00:00-04:00,2021-10-21 00:00:00-04:00,Short,15357.25,15358.25,1.0,1.0,0.6511582477331553,True,2021-10-20 18:00:00-04:00,5.0,2021-10-20 18:05:00-04:00,15357.25,1.0,0.75,2.0,1.5,5.5,5.25,72
17:00,2021-10-21 17:00:00-04:00,1.0,2021-10-21 18:00:00-04:00,2021-10-22 00:00:00-04:00,Short,15380.0,15385.5,5.5,5.5,3.576072821846554,True,2021-10-21 18:00:00-04:00,5.0,2021-10-21 18:05:00-04:00,15380.0,5.5,5.25,11.0,10.5,2.25,12.5,72
17:00,2021-10-25 17:00:00-04:00,1.0,2021-10-25 18:00:00-04:00,2021-10-26 00:00:00-04:00,Long,15543.75,15543.5,-0.25,0.25,0.16083634901487737,True,2021-10-25 20:00:00-04:00,125.0,2021-10-25 20:05:00-04:00,15543.75,0.25,0.0,0.5,0.0,19.75,6.5,72
17:00,2021-10-26 17:00:00-04:00,1.0,2021-10-26 18:00:00-04:00,2021-10-27 00:00:00-04:00,Long,15526.25,15523.25,-3.0,3.0,1.9322115771677,True,2021-10-26 18:00:00-04:00,5.0,2021-10-26 18:05:00-04:00,15526.25,3.0,2.75,6.0,5.5,0.25,17.75,72
17:00,2021-10-27 17:00:00-04:00,1.0,2021-10-27 18:00:00-04:00,2021-10-28 00:00:00-04:00,Short,15591.75,15596.0,4.25,4.25,2.725800503471387,False,,,2021-10-28 00:00:00-04:00,15615.5,-19.5,-19.75,-39.0,-39.5,34.5,1.75,72
17:00,2021-10-28 17:00:00-04:00,1.0,2021-10-28 18:00:00-04:00,2021-10-29 00:00:00-04:00,Short,15668.5,15677.0,8.5,8.5,5.4248970865111525,True,2021-10-28 18:50:00-04:00,55.0,2021-10-28 18:55:00-04:00,15668.5,8.5,8.25,17.0,16.5,15.5,10.0,72
17:00,2021-11-01 17:00:00-04:00,1.0,2021-11-01 18:00:00-04:00,2021-11-02 00:00:00-04:00,Short,15888.5,15891.25,2.75,2.75,1.7308115932907449,True,2021-11-01 18:00:00-04:00,5.0,2021-11-01 18:05:00-04:00,15888.5,2.75,2.5,5.5,5.0,0.75,11.25,72
17:00,2021-11-02 17:00:00-04:00,1.0,2021-11-02 18:00:00-04:00,2021-11-03 00:00:00-04:00,Long,15958.75,15958.5,-0.25,0.25,0.15665387326701652,True,2021-11-02 21:00:00-04:00,185.0,2021-11-02 21:05:00-04:00,15958.75,0.25,0.0,0.5,0.0,21.0,1.75,72
17:00,2021-11-03 17:00:00-04:00,1.0,2021-11-03 18:00:00-04:00,2021-11-04 00:00:00-04:00,Long,16131.5,16130.0,-1.5,1.5,0.9298577317670397,True,2021-11-03 18:00:00-04:00,5.0,2021-11-03 18:05:00-04:00,16131.5,1.5,1.25,3.0,2.5,2.0,9.75,72
17:00,2021-11-04 17:00:00-04:00,1.0,2021-11-04 18:00:00-04:00,2021-11-05 00:00:00-04:00,Long,16338.0,16335.5,-2.5,2.5,1.5301750520259518,True,2021-11-04 18:20:00-04:00,25.0,2021-11-04 18:25:00-04:00,16338.0,2.5,2.25,5.0,4.5,11.5,7.75,72
17:00,2021-11-08 17:00:00-05:00,1.0,2021-11-08 18:00:00-05:00,2021-11-09 00:00:00-05:00,Long,16322.75,16313.25,-9.5,9.5,5.8200977163774485,True,2021-11-08 18:45:00-05:00,50.0,2021-11-08 18:50:00-05:00,16322.75,9.5,9.25,19.0,18.5,9.25,9.75,72
17:00,2021-11-09 17:00:00-05:00,1.0,2021-11-09 18:00:00-05:00,2021-11-10 00:00:00-05:00,Short,16197.0,16202.25,5.25,5.25,3.24134098907205,True,2021-11-09 18:00:00-05:00,5.0,2021-11-09 18:05:00-05:00,16197.0,5.25,5.0,10.5,10.0,0.0,15.25,72
17:00,2021-11-10 17:00:00-05:00,1.0,2021-11-10 18:00:00-05:00,2021-11-11 00:00:00-05:00,Short,15986.25,15990.25,4.0,4.0,2.502150285401517,True,2021-11-10 18:00:00-05:00,5.0,2021-11-10 18:05:00-05:00,15986.25,4.0,3.75,8.0,7.5,6.25,4.0,72
17:00,2021-11-11 17:00:00-05:00,1.0,2021-11-11 18:00:00-05:00,2021-11-12 00:00:00-05:00,Short,16036.75,16042.0,5.25,5.25,3.2737306499134804,False,,,2021-11-12 00:00:00-05:00,16055.25,-13.25,-13.5,-26.5,-27.0,51.75,4.0,72
17:00,2021-11-15 17:00:00-05:00,1.0,2021-11-15 18:00:00-05:00,2021-11-16 00:00:00-05:00,Short,16196.25,16199.0,2.75,2.75,1.6979239021378405,True,2021-11-15 18:00:00-05:00,5.0,2021-11-15 18:05:00-05:00,16196.25,2.75,2.5,5.5,5.0,0.5,6.5,72
17:00,2021-11-16 17:00:00-05:00,1.0,2021-11-16 18:00:00-05:00,2021-11-17 00:00:00-05:00,Short,16293.25,16296.75,3.5,3.5,2.1481288263544718,True,2021-11-16 18:15:00-05:00,20.0,2021-11-16 18:20:00-05:00,16293.25,3.5,3.25,7.0,6.5,5.5,4.5,72
17:00,2021-11-17 17:00:00-05:00,1.0,2021-11-17 18:00:00-05:00,2021-11-18 00:00:00-05:00,Long,16322.25,16322.0,-0.25,0.25,0.15316515798986047,True,2021-11-17 18:00:00-05:00,5.0,2021-11-17 18:05:00-05:00,16322.25,0.25,0.0,0.5,0.0,1.25,8.0,72
17:00,2021-11-22 17:00:00-05:00,1.0,2021-11-22 18:00:00-05:00,2021-11-23 00:00:00-05:00,Short,16398.75,16399.75,1.0,1.0,0.6098025764158853,True,2021-11-22 18:00:00-05:00,5.0,2021-11-22 18:05:00-05:00,16398.75,1.0,0.75,2.0,1.5,13.25,7.75,72
17:00,2021-11-23 17:00:00-05:00,1.0,2021-11-23 18:00:00-05:00,2021-11-24 00:00:00-05:00,Short,16298.0,16299.0,1.0,1.0,0.6135722174499939,True,2021-11-23 18:00:00-05:00,5.0,2021-11-23 18:05:00-05:00,16298.0,1.0,0.75,2.0,1.5,49.25,1.0,72
17:00,2021-11-24 17:00:00-05:00,1.0,2021-11-24 18:00:00-05:00,2021-11-25 00:00:00-05:00,Short,16355.0,16361.0,6.0,6.0,3.6686028737389176,True,2021-11-24 18:10:00-05:00,15.0,2021-11-24 18:15:00-05:00,16355.0,6.0,5.75,12.0,11.5,4.0,6.75,72
17:00,2021-11-29 17:00:00-05:00,1.0,2021-11-29 18:00:00-05:00,2021-11-30 00:00:00-05:00,Short,16413.5,16418.75,5.25,5.25,3.1985865293813016,True,2021-11-29 18:00:00-05:00,5.0,2021-11-29 18:05:00-05:00,16413.5,5.25,5.0,10.5,10.0,5.5,7.25,72
17:00,2021-11-30 17:00:00-05:00,1.0,2021-11-30 18:00:00-05:00,2021-12-01 00:00:00-05:00,Long,16237.25,16235.75,-1.5,1.5,0.9238017521439899,True,2021-11-30 18:00:00-05:00,5.0,2021-11-30 18:05:00-05:00,16237.25,1.5,1.25,3.0,2.5,0.0,29.5,72
17:00,2021-12-01 17:00:00-05:00,1.0,2021-12-01 18:00:00-05:00,2021-12-02 00:00:00-05:00,Short,15861.0,15890.5,29.5,29.5,18.599079503183912,False,,,2021-12-02 00:00:00-05:00,15946.5,-56.0,-56.25,-112.0,-112.5,97.5,21.75,72
17:00,2021-12-02 17:00:00-05:00,1.0,2021-12-02 18:00:00-05:00,2021-12-03 00:00:00-05:00,Short,16016.5,16019.0,2.5,2.5,1.5608903318452847,True,2021-12-02 18:00:00-05:00,5.0,2021-12-02 18:05:00-05:00,16016.5,2.5,2.25,5.0,4.5,12.0,7.25,72
17:00,2021-12-06 17:00:00-05:00,1.0,2021-12-06 18:00:00-05:00,2021-12-07 00:00:00-05:00,Long,15850.0,15849.0,-1.0,1.0,0.6309148264984228,True,2021-12-06 18:00:00-05:00,5.0,2021-12-06 18:05:00-05:00,15850.0,1.0,0.75,2.0,1.5,5.25,11.0,72
17:00,2021-12-07 17:00:00-05:00,1.0,2021-12-07 18:00:00-05:00,2021-12-08 00:00:00-05:00,Long,16366.75,16363.75,-3.0,3.0,1.8329845571051064,True,2021-12-07 18:00:00-05:00,5.0,2021-12-07 18:05:00-05:00,16366.75,3.0,2.75,6.0,5.5,18.25,6.25,72
17:00,2021-12-08 17:00:00-05:00,1.0,2021-12-08 18:00:00-05:00,2021-12-09 00:00:00-05:00,Long,16382.0,16380.75,-1.25,1.25,0.7630325967525332,True,2021-12-08 18:00:00-05:00,5.0,2021-12-08 18:05:00-05:00,16382.0,1.25,1.0,2.5,2.0,6.0,4.5,72
17:00,2021-12-09 17:00:00-05:00,1.0,2021-12-09 18:00:00-05:00,2021-12-10 00:00:00-05:00,Short,16155.25,16159.0,3.75,3.75,2.321226845762214,True,2021-12-09 18:00:00-05:00,5.0,2021-12-09 18:05:00-05:00,16155.25,3.75,3.5,7.5,7.0,9.0,6.5,72
17:00,2021-12-13 17:00:00-05:00,1.0,2021-12-13 18:00:00-05:00,2021-12-14 00:00:00-05:00,Long,16094.25,16092.5,-1.75,1.75,1.0873448591888408,True,2021-12-13 18:00:00-05:00,5.0,2021-12-13 18:05:00-05:00,16094.25,1.75,1.5,3.5,3.0,8.5,6.75,72
17:00,2021-12-14 17:00:00-05:00,1.0,2021-12-14 18:00:00-05:00,2021-12-15 00:00:00-05:00,Short,15931.25,15932.0,0.75,0.75,0.47077285209886227,True,2021-12-14 18:00:00-05:00,5.0,2021-12-14 18:05:00-05:00,15931.25,0.75,0.5,1.5,1.0,9.0,4.25,72
17:00,2021-12-15 17:00:00-05:00,1.0,2021-12-15 18:00:00-05:00,2021-12-16 00:00:00-05:00,Long,16288.5,16288.0,-0.5,0.5,0.3069650366823219,True,2021-12-15 18:00:00-05:00,5.0,2021-12-15 18:05:00-05:00,16288.5,0.5,0.25,1.0,0.5,0.25,21.75,72
17:00,2021-12-16 17:00:00-05:00,1.0,2021-12-16 18:00:00-05:00,2021-12-17 00:00:00-05:00,Long,15883.5,15877.5,-6.0,6.0,3.7775049579752573,True,2021-12-16 20:10:00-05:00,135.0,2021-12-16 20:15:00-05:00,15883.5,6.0,5.75,12.0,11.5,61.75,18.5,72
17:00,2021-12-20 17:00:00-05:00,1.0,2021-12-20 18:00:00-05:00,2021-12-21 00:00:00-05:00,Short,15674.0,15679.25,5.25,5.25,3.3494959806048232,True,2021-12-20 18:00:00-05:00,5.0,2021-12-20 18:05:00-05:00,15674.0,5.25,5.0,10.5,10.0,17.5,8.25,72
17:00,2021-12-21 17:00:00-05:00,1.0,2021-12-21 18:00:00-05:00,2021-12-22 00:00:00-05:00,Short,15974.5,15980.25,5.75,5.75,3.5994866818992772,True,2021-12-21 18:00:00-05:00,5.0,2021-12-21 18:05:00-05:00,15974.5,5.75,5.5,11.5,11.0,14.75,20.0,72
17:00,2021-12-22 17:00:00-05:00,1.0,2021-12-22 18:00:00-05:00,2021-12-23 00:00:00-05:00,Short,16179.5,16181.5,2.0,2.0,1.2361321425260359,True,2021-12-22 18:00:00-05:00,5.0,2021-12-22 18:05:00-05:00,16179.5,2.0,1.75,4.0,3.5,9.75,6.0,72
17:00,2021-12-27 17:00:00-05:00,1.0,2021-12-27 18:00:00-05:00,2021-12-28 00:00:00-05:00,Long,16570.25,16569.25,-1.0,1.0,0.60349119657217,True,2021-12-27 18:00:00-05:00,5.0,2021-12-27 18:05:00-05:00,16570.25,1.0,0.75,2.0,1.5,7.25,2.5,72
17:00,2021-12-28 17:00:00-05:00,1.0,2021-12-28 18:00:00-05:00,2021-12-29 00:00:00-05:00,Short,16511.25,16518.25,7.0,7.0,4.239533651298357,True,2021-12-28 20:55:00-05:00,180.0,2021-12-28 21:00:00-05:00,16511.25,7.0,6.75,14.0,13.5,35.0,16.25,72
17:00,2021-12-29 17:00:00-05:00,1.0,2021-12-29 18:00:00-05:00,2021-12-30 00:00:00-05:00,Short,16480.25,16487.5,7.25,7.25,4.399205109145796,True,2021-12-29 18:00:00-05:00,5.0,2021-12-29 18:05:00-05:00,16480.25,7.25,7.0,14.5,14.0,5.75,19.75,72
17:00,2022-01-03 17:00:00-05:00,1.0,2022-01-03 18:00:00-05:00,2022-01-04 00:00:00-05:00,Short,16494.5,16496.5,2.0,2.0,1.2125253872502955,True,2022-01-03 18:30:00-05:00,35.0,2022-01-03 18:35:00-05:00,16494.5,2.0,1.75,4.0,3.5,13.0,3.5,72
17:00,2022-01-04 17:00:00-05:00,1.0,2022-01-04 18:00:00-05:00,2022-01-05 00:00:00-05:00,Short,16261.0,16265.75,4.75,4.75,2.9210995633724863,True,2022-01-04 18:00:00-05:00,5.0,2022-01-04 18:05:00-05:00,16261.0,4.75,4.5,9.5,9.0,4.25,7.5,72
17:00,2022-01-05 17:00:00-05:00,1.0,2022-01-05 18:00:00-05:00,2022-01-06 00:00:00-05:00,Short,15753.5,15761.5,8.0,8.0,5.07823658234678,True,2022-01-05 18:00:00-05:00,5.0,2022-01-05 18:05:00-05:00,15753.5,8.0,7.75,16.0,15.5,6.0,20.0,72
17:00,2022-01-06 17:00:00-05:00,1.0,2022-01-06 18:00:00-05:00,2022-01-07 00:00:00-05:00,Short,15792.75,15800.75,8.0,8.0,5.065615551439743,True,2022-01-06 21:15:00-05:00,200.0,2022-01-06 21:20:00-05:00,15792.75,8.0,7.75,16.0,15.5,52.5,12.25,72
17:00,2022-01-11 17:00:00-05:00,1.0,2022-01-11 18:00:00-05:00,2022-01-12 00:00:00-05:00,Short,15825.75,15826.75,1.0,1.0,0.6318815853908978,True,2022-01-11 18:00:00-05:00,5.0,2022-01-11 18:05:00-05:00,15825.75,1.0,0.75,2.0,1.5,8.75,2.75,72
17:00,2022-01-12 17:00:00-05:00,1.0,2022-01-12 18:00:00-05:00,2022-01-13 00:00:00-05:00,Short,15895.25,15901.5,6.25,6.25,3.9319922618392287,True,2022-01-12 18:00:00-05:00,5.0,2022-01-12 18:05:00-05:00,15895.25,6.25,6.0,12.5,12.0,0.0,14.25,72
17:00,2022-01-13 17:00:00-05:00,1.0,2022-01-13 18:00:00-05:00,2022-01-14 00:00:00-05:00,Short,15499.75,15506.0,6.25,6.25,4.032323101985516,True,2022-01-13 18:05:00-05:00,10.0,2022-01-13 18:10:00-05:00,15499.75,6.25,6.0,12.5,12.0,10.0,7.25,72
17:00,2022-01-18 17:00:00-05:00,1.0,2022-01-18 18:00:00-05:00,2022-01-19 00:00:00-05:00,Short,15239.75,15240.0,0.25,0.25,0.16404468577240439,True,2022-01-18 18:00:00-05:00,5.0,2022-01-18 18:05:00-05:00,15239.75,0.25,0.0,0.5,0.0,8.5,4.0,72
17:00,2022-01-19 17:00:00-05:00,1.0,2022-01-19 18:00:00-05:00,2022-01-20 00:00:00-05:00,Short,15035.0,15042.0,7.0,7.0,4.655803126039242,True,2022-01-19 18:10:00-05:00,15.0,2022-01-19 18:15:00-05:00,15035.0,7.0,6.75,14.0,13.5,13.75,8.0,72
17:00,2022-01-20 17:00:00-05:00,1.0,2022-01-20 18:00:00-05:00,2022-01-21 00:00:00-05:00,Short,14725.5,14737.0,11.5,11.5,7.809582017588537,True,2022-01-20 18:00:00-05:00,5.0,2022-01-20 18:05:00-05:00,14725.5,11.5,11.25,23.0,22.5,7.5,35.25,72
17:00,2022-01-24 17:00:00-05:00,1.0,2022-01-24 18:00:00-05:00,2022-01-25 00:00:00-05:00,Long,14502.75,14494.25,-8.5,8.5,5.860957404630157,False,,,2022-01-25 00:00:00-05:00,14230.5,-263.75,-264.0,-527.5,-528.0,284.25,5.0,72
17:00,2022-01-25 17:00:00-05:00,1.0,2022-01-25 18:00:00-05:00,2022-01-26 00:00:00-05:00,Short,13921.5,13945.0,23.5,23.5,16.88036490320727,False,,,2022-01-26 00:00:00-05:00,14231.75,-286.75,-287.0,-573.5,-574.0,307.0,1.25,72
17:00,2022-01-26 17:00:00-05:00,1.0,2022-01-26 18:00:00-05:00,2022-01-27 00:00:00-05:00,Short,14151.75,14178.25,26.5,26.5,18.72559930750614,True,2022-01-26 20:00:00-05:00,125.0,2022-01-26 20:05:00-05:00,14151.75,26.5,26.25,53.0,52.5,104.0,68.0,72
17:00,2022-01-27 17:00:00-05:00,1.0,2022-01-27 18:00:00-05:00,2022-01-28 00:00:00-05:00,Short,14114.0,14142.0,28.0,28.0,19.838458268386,True,2022-01-27 18:55:00-05:00,60.0,2022-01-27 19:00:00-05:00,14114.0,28.0,27.75,56.0,55.5,41.5,48.25,72
17:00,2022-01-31 17:00:00-05:00,1.0,2022-01-31 18:00:00-05:00,2022-02-01 00:00:00-05:00,Long,14867.0,14865.75,-1.25,1.25,0.8407883231317684,True,2022-01-31 18:00:00-05:00,5.0,2022-01-31 18:05:00-05:00,14867.0,1.25,1.0,2.5,2.0,2.75,15.75,72
17:00,2022-02-01 17:00:00-05:00,1.0,2022-02-01 18:00:00-05:00,2022-02-02 00:00:00-05:00,Short,15116.75,15128.5,11.75,11.75,7.772834769378338,True,2022-02-01 18:00:00-05:00,5.0,2022-02-01 18:05:00-05:00,15116.75,11.75,11.5,23.5,23.0,4.75,20.75,72
17:00,2022-02-02 17:00:00-05:00,1.0,2022-02-02 18:00:00-05:00,2022-02-03 00:00:00-05:00,Long,14863.25,14857.0,-6.25,6.25,4.205002270701226,True,2022-02-02 18:00:00-05:00,5.0,2022-02-02 18:05:00-05:00,14863.25,6.25,6.0,12.5,12.0,21.75,9.25,72
17:00,2022-02-03 17:00:00-05:00,1.0,2022-02-03 18:00:00-05:00,2022-02-04 00:00:00-05:00,Long,14803.75,14776.75,-27.0,27.0,18.23862197078443,False,,,2022-02-04 00:00:00-05:00,14777.75,1.0,0.75,2.0,1.5,77.0,12.75,72
17:00,2022-02-07 17:00:00-05:00,1.0,2022-02-07 18:00:00-05:00,2022-02-08 00:00:00-05:00,Long,14603.75,14603.0,-0.75,0.75,0.5135667208764871,True,2022-02-07 18:00:00-05:00,5.0,2022-02-07 18:05:00-05:00,14603.75,0.75,0.5,1.5,1.0,13.75,4.5,72
17:00,2022-02-08 17:00:00-05:00,1.0,2022-02-08 18:00:00-05:00,2022-02-09 00:00:00-05:00,Long,14746.0,14744.75,-1.25,1.25,0.847687508476875,True,2022-02-08 18:00:00-05:00,5.0,2022-02-08 18:05:00-05:00,14746.0,1.25,1.0,2.5,2.0,4.75,13.25,72
17:00,2022-02-09 17:00:00-05:00,1.0,2022-02-09 18:00:00-05:00,2022-02-10 00:00:00-05:00,Short,15053.25,15058.75,5.5,5.5,3.653696045704416,True,2022-02-09 18:00:00-05:00,5.0,2022-02-09 18:05:00-05:00,15053.25,5.5,5.25,11.0,10.5,2.75,13.0,72
17:00,2022-02-10 17:00:00-05:00,1.0,2022-02-10 18:00:00-05:00,2022-02-11 00:00:00-05:00,Short,14696.25,14700.0,3.75,3.75,2.5516713447307984,True,2022-02-10 18:00:00-05:00,5.0,2022-02-10 18:05:00-05:00,14696.25,3.75,3.5,7.5,7.0,0.5,23.75,72
17:00,2022-02-14 17:00:00-05:00,1.0,2022-02-14 18:00:00-05:00,2022-02-15 00:00:00-05:00,Long,14259.25,14250.25,-9.0,9.0,6.311692410189877,True,2022-02-14 18:00:00-05:00,5.0,2022-02-14 18:05:00-05:00,14259.25,9.0,8.75,18.0,17.5,0.0,24.75,72
17:00,2022-02-15 17:00:00-05:00,1.0,2022-02-15 18:00:00-05:00,2022-02-16 00:00:00-05:00,Short,14581.75,14594.0,12.25,12.25,8.400912099027895,True,2022-02-15 18:00:00-05:00,5.0,2022-02-15 18:05:00-05:00,14581.75,12.25,12.0,24.5,24.0,1.0,16.5,72
17:00,2022-02-16 17:00:00-05:00,1.0,2022-02-16 18:00:00-05:00,2022-02-17 00:00:00-05:00,Long,14593.5,14593.25,-0.25,0.25,0.17130914448213244,True,2022-02-16 18:00:00-05:00,5.0,2022-02-16 18:05:00-05:00,14593.5,0.25,0.0,0.5,0.0,9.75,15.75,72
17:00,2022-02-22 17:00:00-05:00,1.0,2022-02-22 18:00:00-05:00,2022-02-23 00:00:00-05:00,Short,13921.0,13925.5,4.5,4.5,3.2325263989655912,True,2022-02-22 18:00:00-05:00,5.0,2022-02-22 18:05:00-05:00,13921.0,4.5,4.25,9.0,8.5,20.0,8.25,72
17:00,2022-02-28 17:00:00-05:00,1.0,2022-02-28 18:00:00-05:00,2022-03-01 00:00:00-05:00,Short,14217.75,14218.0,0.25,0.25,0.17583654235023122,True,2022-02-28 18:00:00-05:00,5.0,2022-02-28 18:05:00-05:00,14217.75,0.25,0.0,0.5,0.0,7.0,12.75,72
17:00,2022-03-01 17:00:00-05:00,1.0,2022-03-01 18:00:00-05:00,2022-03-02 00:00:00-05:00,Long,14028.25,14026.5,-1.75,1.75,1.247482758006166,True,2022-03-01 18:20:00-05:00,25.0,2022-03-01 18:25:00-05:00,14028.25,1.75,1.5,3.5,3.0,18.5,3.75,72
17:00,2022-03-02 17:00:00-05:00,1.0,2022-03-02 18:00:00-05:00,2022-03-03 00:00:00-05:00,Long,14196.75,14195.25,-1.5,1.5,1.056579851022241,True,2022-03-02 18:00:00-05:00,5.0,2022-03-02 18:05:00-05:00,14196.75,1.5,1.25,3.0,2.5,9.5,11.75,72
17:00,2022-03-03 17:00:00-05:00,1.0,2022-03-03 18:00:00-05:00,2022-03-04 00:00:00-05:00,Short,14059.75,14065.25,5.5,5.5,3.9118761002151534,True,2022-03-03 18:00:00-05:00,5.0,2022-03-03 18:05:00-05:00,14059.75,5.5,5.25,11.0,10.5,4.75,9.0,72
17:00,2022-03-07 17:00:00-05:00,1.0,2022-03-07 18:00:00-05:00,2022-03-08 00:00:00-05:00,Short,13270.5,13282.5,12.0,12.0,9.042613315248108,True,2022-03-07 18:00:00-05:00,5.0,2022-03-07 18:05:00-05:00,13270.5,12.0,11.75,24.0,23.5,7.25,30.0,72
17:00,2022-03-08 17:00:00-05:00,1.0,2022-03-08 18:00:00-05:00,2022-03-09 00:00:00-05:00,Long,13199.75,13194.25,-5.5,5.5,4.1667455823026955,True,2022-03-08 18:00:00-05:00,5.0,2022-03-08 18:05:00-05:00,13199.75,5.5,5.25,11.0,10.5,2.25,31.0,72
17:00,2022-03-09 17:00:00-05:00,1.0,2022-03-09 18:00:00-05:00,2022-03-10 00:00:00-05:00,Short,13772.25,13774.25,2.0,2.0,1.452195538129209,True,2022-03-09 18:00:00-05:00,5.0,2022-03-09 18:05:00-05:00,13772.25,2.0,1.75,4.0,3.5,5.75,24.25,72
17:00,2022-03-10 17:00:00-05:00,1.0,2022-03-10 18:00:00-05:00,2022-03-11 00:00:00-05:00,Short,13572.5,13575.25,2.75,2.75,2.0261558298029105,True,2022-03-10 18:00:00-05:00,5.0,2022-03-10 18:05:00-05:00,13572.5,2.75,2.5,5.5,5.0,8.75,17.25,72
17:00,2022-03-15 17:00:00-04:00,1.0,2022-03-15 18:00:00-04:00,2022-03-16 00:00:00-04:00,Long,13449.25,13443.5,-5.75,5.75,4.275331338178709,True,2022-03-15 18:00:00-04:00,5.0,2022-03-15 18:05:00-04:00,13449.25,5.75,5.5,11.5,11.0,51.75,26.5,72
17:00,2022-03-16 17:00:00-04:00,1.0,2022-03-16 18:00:00-04:00,2022-03-17 00:00:00-04:00,Long,14004.0,14000.0,-4.0,4.0,2.8563267637817766,False,,,2022-03-17 00:00:00-04:00,13941.5,-58.5,-58.75,-117.0,-117.5,95.75,0.0,72
17:00,2022-03-17 17:00:00-04:00,1.0,2022-03-17 18:00:00-04:00,2022-03-18 00:00:00-04:00,Long,14054.25,14052.75,-1.5,1.5,1.0672928117829126,True,2022-03-17 18:00:00-04:00,5.0,2022-03-17 18:05:00-04:00,14054.25,1.5,1.25,3.0,2.5,0.25,21.0,72
17:00,2022-03-21 17:00:00-04:00,1.0,2022-03-21 18:00:00-04:00,2022-03-22 00:00:00-04:00,Long,14394.0,14389.0,-5.0,5.0,3.4736695845491177,False,,,2022-03-22 00:00:00-04:00,14324.25,-64.75,-65.0,-129.5,-130.0,96.5,2.25,72
17:00,2022-03-22 17:00:00-04:00,1.0,2022-03-22 18:00:00-04:00,2022-03-23 00:00:00-04:00,Long,14653.0,14652.75,-0.25,0.25,0.17061352624036033,True,2022-03-22 18:00:00-04:00,5.0,2022-03-22 18:05:00-04:00,14653.0,0.25,0.0,0.5,0.0,16.75,1.25,72
17:00,2022-03-23 17:00:00-04:00,1.0,2022-03-23 18:00:00-04:00,2022-03-24 00:00:00-04:00,Short,14463.0,14463.5,0.5,0.5,0.3457097421005324,True,2022-03-23 18:00:00-04:00,5.0,2022-03-23 18:05:00-04:00,14463.0,0.5,0.25,1.0,0.5,1.5,9.25,72
17:00,2022-03-24 17:00:00-04:00,1.0,2022-03-24 18:00:00-04:00,2022-03-25 00:00:00-04:00,Short,14762.25,14763.0,0.75,0.75,0.5080526342529086,True,2022-03-24 18:00:00-04:00,5.0,2022-03-24 18:05:00-04:00,14762.25,0.75,0.5,1.5,1.0,12.0,4.75,72
17:00,2022-03-28 17:00:00-04:00,1.0,2022-03-28 18:00:00-04:00,2022-03-29 00:00:00-04:00,Short,14981.75,14982.25,0.5,0.5,0.33373938291588096,True,2022-03-28 18:00:00-04:00,5.0,2022-03-28 18:05:00-04:00,14981.75,0.5,0.25,1.0,0.5,1.25,11.75,72
17:00,2022-03-29 17:00:00-04:00,1.0,2022-03-29 18:00:00-04:00,2022-03-30 00:00:00-04:00,Long,15222.25,15220.0,-2.25,2.25,1.4780994925191744,True,2022-03-29 18:00:00-04:00,5.0,2022-03-29 18:05:00-04:00,15222.25,2.25,2.0,4.5,4.0,4.75,6.5,72
17:00,2022-03-30 17:00:00-04:00,1.0,2022-03-30 18:00:00-04:00,2022-03-31 00:00:00-04:00,Long,15106.0,15100.0,-6.0,6.0,3.9719316827750566,True,2022-03-30 18:00:00-04:00,5.0,2022-03-30 18:05:00-04:00,15106.0,6.0,5.75,12.0,11.5,4.0,6.5,72
17:00,2022-03-31 17:00:00-04:00,1.0,2022-03-31 18:00:00-04:00,2022-04-01 00:00:00-04:00,Short,14917.25,14921.5,4.25,4.25,2.8490505957867573,True,2022-03-31 18:00:00-04:00,5.0,2022-03-31 18:05:00-04:00,14917.25,4.25,4.0,8.5,8.0,1.75,12.25,72
17:00,2022-04-04 17:00:00-04:00,1.0,2022-04-04 18:00:00-04:00,2022-04-05 00:00:00-04:00,Short,15159.25,15160.0,0.75,0.75,0.49474743143625177,True,2022-04-04 18:00:00-04:00,5.0,2022-04-04 18:05:00-04:00,15159.25,0.75,0.5,1.5,1.0,1.25,6.5,72
17:00,2022-04-05 17:00:00-04:00,1.0,2022-04-05 18:00:00-04:00,2022-04-06 00:00:00-04:00,Long,14861.25,14860.75,-0.5,0.5,0.3364454537808058,True,2022-04-05 18:00:00-04:00,5.0,2022-04-05 18:05:00-04:00,14861.25,0.5,0.25,1.0,0.5,15.5,3.25,72
17:00,2022-04-06 17:00:00-04:00,1.0,2022-04-06 18:00:00-04:00,2022-04-07 00:00:00-04:00,Long,14497.0,14492.0,-5.0,5.0,3.4489894460922947,True,2022-04-06 18:00:00-04:00,5.0,2022-04-06 18:05:00-04:00,14497.0,5.0,4.75,10.0,9.5,1.5,18.0,72
17:00,2022-04-11 17:00:00-04:00,1.0,2022-04-11 18:00:00-04:00,2022-04-12 00:00:00-04:00,Short,14003.5,14004.5,1.0,1.0,0.714107187488842,True,2022-04-11 18:00:00-04:00,5.0,2022-04-11 18:05:00-04:00,14003.5,1.0,0.75,2.0,1.5,11.5,4.5,72
17:00,2022-04-12 17:00:00-04:00,1.0,2022-04-12 18:00:00-04:00,2022-04-13 00:00:00-04:00,Short,13953.75,13954.0,0.25,0.25,0.17916330735465377,True,2022-04-12 18:00:00-04:00,5.0,2022-04-12 18:05:00-04:00,13953.75,0.25,0.0,0.5,0.0,13.75,0.25,72
17:00,2022-04-13 17:00:00-04:00,1.0,2022-04-13 18:00:00-04:00,2022-04-14 00:00:00-04:00,Long,14211.0,14210.5,-0.5,0.5,0.3518401238477236,True,2022-04-13 18:00:00-04:00,5.0,2022-04-13 18:05:00-04:00,14211.0,0.5,0.25,1.0,0.5,0.0,9.25,72
17:00,2022-04-18 17:00:00-04:00,1.0,2022-04-18 18:00:00-04:00,2022-04-19 00:00:00-04:00,Long,13965.0,13960.75,-4.25,4.25,3.0433225921947726,True,2022-04-18 18:00:00-04:00,5.0,2022-04-18 18:05:00-04:00,13965.0,4.25,4.0,8.5,8.0,0.5,14.75,72
17:00,2022-04-19 17:00:00-04:00,1.0,2022-04-19 18:00:00-04:00,2022-04-20 00:00:00-04:00,Short,14094.25,14099.0,4.75,4.75,3.37016868581159,True,2022-04-19 18:00:00-04:00,5.0,2022-04-19 18:05:00-04:00,14094.25,4.75,4.5,9.5,9.0,2.0,20.75,72
17:00,2022-04-21 17:00:00-04:00,1.0,2022-04-21 18:00:00-04:00,2022-04-22 00:00:00-04:00,Short,13715.5,13719.0,3.5,3.5,2.551857387627137,True,2022-04-21 18:00:00-04:00,5.0,2022-04-21 18:05:00-04:00,13715.5,3.5,3.25,7.0,6.5,0.0,26.0,72
17:00,2022-04-25 17:00:00-04:00,1.0,2022-04-25 18:00:00-04:00,2022-04-26 00:00:00-04:00,Long,13528.75,13528.0,-0.75,0.75,0.5543749422526102,True,2022-04-25 18:00:00-04:00,5.0,2022-04-25 18:05:00-04:00,13528.75,0.75,0.5,1.5,1.0,20.5,4.0,72
17:00,2022-04-26 17:00:00-04:00,1.0,2022-04-26 18:00:00-04:00,2022-04-27 00:00:00-04:00,Short,12813.25,12861.75,48.5,48.5,37.851442842370204,False,,,2022-04-27 00:00:00-04:00,13065.75,-204.0,-204.25,-408.0,-408.5,218.75,1.75,72
17:00,2022-04-27 17:00:00-04:00,1.0,2022-04-27 18:00:00-04:00,2022-04-28 00:00:00-04:00,Short,13171.25,13188.0,16.75,16.75,12.717092151466263,True,2022-04-27 18:10:00-04:00,15.0,2022-04-27 18:15:00-04:00,13171.25,16.75,16.5,33.5,33.0,10.0,31.5,72
17:00,2022-04-28 17:00:00-04:00,1.0,2022-04-28 18:00:00-04:00,2022-04-29 00:00:00-04:00,Long,13308.75,13250.0,-58.75,58.75,44.14389029773645,True,2022-04-28 21:15:00-04:00,200.0,2022-04-28 21:20:00-04:00,13308.75,58.75,58.5,117.5,117.0,133.0,60.75,72
17:00,2022-05-02 17:00:00-04:00,1.0,2022-05-02 18:00:00-04:00,2022-05-03 00:00:00-04:00,Short,13051.5,13055.5,4.0,4.0,3.0647818258437725,True,2022-05-02 18:00:00-04:00,5.0,2022-05-02 18:05:00-04:00,13051.5,4.0,3.75,8.0,7.5,2.75,12.75,72
17:00,2022-05-03 17:00:00-04:00,1.0,2022-05-03 18:00:00-04:00,2022-05-04 00:00:00-04:00,Short,13116.5,13120.25,3.75,3.75,2.858994396370983,True,2022-05-03 18:00:00-04:00,5.0,2022-05-03 18:05:00-04:00,13116.5,3.75,3.5,7.5,7.0,0.75,14.25,72
17:00,2022-05-04 17:00:00-04:00,1.0,2022-05-04 18:00:00-04:00,2022-05-05 00:00:00-04:00,Short,13496.25,13496.75,0.5,0.5,0.3704732796147078,True,2022-05-04 18:00:00-04:00,5.0,2022-05-04 18:05:00-04:00,13496.25,0.5,0.25,1.0,0.5,22.5,0.5,72
17:00,2022-05-05 17:00:00-04:00,1.0,2022-05-05 18:00:00-04:00,2022-05-06 00:00:00-04:00,Long,12898.0,12890.0,-8.0,8.0,6.202512017367034,False,,,2022-05-06 00:00:00-04:00,12871.5,-18.5,-18.75,-37.0,-37.5,108.5,0.75,72
17:00,2022-05-09 17:00:00-04:00,1.0,2022-05-09 18:00:00-04:00,2022-05-10 00:00:00-04:00,Short,12204.25,12205.0,0.75,0.75,0.6145400167974271,True,2022-05-09 20:10:00-04:00,135.0,2022-05-09 20:15:00-04:00,12204.25,0.75,0.5,1.5,1.0,46.0,39.75,72
17:00,2022-05-10 17:00:00-04:00,1.0,2022-05-10 18:00:00-04:00,2022-05-11 00:00:00-04:00,Long,12331.75,12330.5,-1.25,1.25,1.0136436434407121,True,2022-05-10 18:00:00-04:00,5.0,2022-05-10 18:05:00-04:00,12331.75,1.25,1.0,2.5,2.0,7.75,7.5,72
17:00,2022-05-11 17:00:00-04:00,1.0,2022-05-11 18:00:00-04:00,2022-05-12 00:00:00-04:00,Long,12011.0,12003.25,-7.75,7.75,6.452418616268421,True,2022-05-11 19:40:00-04:00,105.0,2022-05-11 19:45:00-04:00,12011.0,7.75,7.5,15.5,15.0,52.0,7.75,72
17:00,2022-05-12 17:00:00-04:00,1.0,2022-05-12 18:00:00-04:00,2022-05-13 00:00:00-04:00,Short,11874.25,11890.25,16.0,16.0,13.474535233804241,False,,,2022-05-13 00:00:00-04:00,12114.0,-223.75,-224.0,-447.5,-448.0,258.0,0.25,72
17:00,2022-05-16 17:00:00-04:00,1.0,2022-05-16 18:00:00-04:00,2022-05-17 00:00:00-04:00,Short,12237.25,12238.0,0.75,0.75,0.6128827963799056,True,2022-05-16 18:00:00-04:00,5.0,2022-05-16 18:05:00-04:00,12237.25,0.75,0.5,1.5,1.0,20.5,8.0,72
17:00,2022-05-18 17:00:00-04:00,1.0,2022-05-18 18:00:00-04:00,2022-05-19 00:00:00-04:00,Short,11893.5,11904.25,10.75,10.75,9.03855046874343,True,2022-05-18 18:05:00-04:00,10.0,2022-05-18 18:10:00-04:00,11893.5,10.75,10.5,21.5,21.0,9.25,15.0,72
17:00,2022-05-19 17:00:00-04:00,1.0,2022-05-19 18:00:00-04:00,2022-05-20 00:00:00-04:00,Long,11899.5,11899.25,-0.25,0.25,0.2100928610445817,True,2022-05-19 18:00:00-04:00,5.0,2022-05-19 18:05:00-04:00,11899.5,0.25,0.0,0.5,0.0,16.25,17.5,72
17:00,2022-05-23 17:00:00-04:00,1.0,2022-05-23 18:00:00-04:00,2022-05-24 00:00:00-04:00,Long,12054.75,11934.0,-120.75,120.75,100.16798357493934,False,,,2022-05-24 00:00:00-04:00,11872.5,-61.5,-61.75,-123.0,-123.5,113.5,2.0,72
17:00,2022-05-24 17:00:00-04:00,1.0,2022-05-24 18:00:00-04:00,2022-05-25 00:00:00-04:00,Long,11811.5,11810.5,-1.0,1.0,0.8466325191550608,True,2022-05-24 18:00:00-04:00,5.0,2022-05-24 18:05:00-04:00,11811.5,1.0,0.75,2.0,1.5,0.75,13.25,72
17:00,2022-05-25 17:00:00-04:00,1.0,2022-05-25 18:00:00-04:00,2022-05-26 00:00:00-04:00,Long,11885.0,11882.25,-2.75,2.75,2.3138409760201935,True,2022-05-25 18:00:00-04:00,5.0,2022-05-25 18:05:00-04:00,11885.0,2.75,2.5,5.5,5.0,0.0,31.25,72
17:00,2022-05-26 17:00:00-04:00,1.0,2022-05-26 18:00:00-04:00,2022-05-27 00:00:00-04:00,Long,12258.25,12251.75,-6.5,6.5,5.3025513429731,True,2022-05-26 18:00:00-04:00,5.0,2022-05-26 18:05:00-04:00,12258.25,6.5,6.25,13.0,12.5,4.0,18.25,72
17:00,2022-05-31 17:00:00-04:00,1.0,2022-05-31 18:00:00-04:00,2022-06-01 00:00:00-04:00,Long,12654.0,12646.5,-7.5,7.5,5.926979611190138,True,2022-05-31 18:00:00-04:00,5.0,2022-05-31 18:05:00-04:00,12654.0,7.5,7.25,15.0,14.5,0.0,28.5,72
17:00,2022-06-01 17:00:00-04:00,1.0,2022-06-01 18:00:00-04:00,2022-06-02 00:00:00-04:00,Short,12546.75,12549.25,2.5,2.5,1.9925478709625999,True,2022-06-01 18:00:00-04:00,5.0,2022-06-01 18:05:00-04:00,12546.75,2.5,2.25,5.0,4.5,8.5,34.25,72
17:00,2022-06-02 17:00:00-04:00,1.0,2022-06-02 18:00:00-04:00,2022-06-03 00:00:00-04:00,Long,12896.0,12894.5,-1.5,1.5,1.163151364764268,True,2022-06-02 18:00:00-04:00,5.0,2022-06-02 18:05:00-04:00,12896.0,1.5,1.25,3.0,2.5,1.5,14.25,72
17:00,2022-06-06 17:00:00-04:00,1.0,2022-06-06 18:00:00-04:00,2022-06-07 00:00:00-04:00,Long,12606.5,12604.75,-1.75,1.75,1.3881727680164995,True,2022-06-06 18:00:00-04:00,5.0,2022-06-06 18:05:00-04:00,12606.5,1.75,1.5,3.5,3.0,4.5,9.75,72
17:00,2022-06-07 17:00:00-04:00,1.0,2022-06-07 18:00:00-04:00,2022-06-08 00:00:00-04:00,Short,12680.75,12683.75,3.0,3.0,2.365790666955819,True,2022-06-07 18:00:00-04:00,5.0,2022-06-07 18:05:00-04:00,12680.75,3.0,2.75,6.0,5.5,14.25,4.75,72
17:00,2022-06-08 17:00:00-04:00,1.0,2022-06-08 18:00:00-04:00,2022-06-09 00:00:00-04:00,Long,12620.5,12617.75,-2.75,2.75,2.1789944930866447,True,2022-06-08 18:00:00-04:00,5.0,2022-06-08 18:05:00-04:00,12620.5,2.75,2.5,5.5,5.0,9.0,3.5,72
17:00,2022-06-09 17:00:00-04:00,1.0,2022-06-09 18:00:00-04:00,2022-06-10 00:00:00-04:00,Short,12297.25,12298.25,1.0,1.0,0.8131899408404318,True,2022-06-09 18:00:00-04:00,5.0,2022-06-09 18:05:00-04:00,12297.25,1.0,0.75,2.0,1.5,9.75,6.5,72
17:00,2022-06-13 17:00:00-04:00,1.0,2022-06-13 18:00:00-04:00,2022-06-14 00:00:00-04:00,Short,11331.25,11333.5,2.25,2.25,1.9856591285162712,True,2022-06-13 19:15:00-04:00,80.0,2022-06-13 19:20:00-04:00,11331.25,2.25,2.0,4.5,4.0,39.5,6.0,72
17:00,2022-06-14 17:00:00-04:00,1.0,2022-06-14 18:00:00-04:00,2022-06-15 00:00:00-04:00,Short,11329.5,11334.0,4.5,4.5,3.9719316827750566,True,2022-06-14 18:00:00-04:00,5.0,2022-06-14 18:05:00-04:00,11329.5,4.5,4.25,9.0,8.5,12.75,8.5,72
17:00,2022-06-15 17:00:00-04:00,1.0,2022-06-15 18:00:00-04:00,2022-06-16 00:00:00-04:00,Short,11593.75,11605.75,12.0,12.0,10.350404312668463,False,,,2022-06-16 00:00:00-04:00,11647.75,-42.0,-42.25,-84.0,-84.5,132.0,0.0,72
17:00,2022-06-16 17:00:00-04:00,1.0,2022-06-16 18:00:00-04:00,2022-06-17 00:00:00-04:00,Short,11172.75,11173.0,0.25,0.25,0.2237586986194088,True,2022-06-16 18:00:00-04:00,5.0,2022-06-16 18:05:00-04:00,11172.75,0.25,0.0,0.5,0.0,22.5,3.5,72
17:00,2022-06-21 17:00:00-04:00,1.0,2022-06-21 18:00:00-04:00,2022-06-22 00:00:00-04:00,Long,11581.75,11579.0,-2.75,2.75,2.374425281153539,False,,,2022-06-22 00:00:00-04:00,11465.75,-113.25,-113.5,-226.5,-227.0,131.5,1.5,72
17:00,2022-06-22 17:00:00-04:00,1.0,2022-06-22 18:00:00-04:00,2022-06-23 00:00:00-04:00,Long,11544.0,11543.5,-0.5,0.5,0.4331254331254331,True,2022-06-22 18:00:00-04:00,5.0,2022-06-22 18:05:00-04:00,11544.0,0.5,0.25,1.0,0.5,4.75,15.25,72
17:00,2022-06-23 17:00:00-04:00,1.0,2022-06-23 18:00:00-04:00,2022-06-24 00:00:00-04:00,Short,11688.0,11690.0,2.0,2.0,1.7111567419575633,True,2022-06-23 18:00:00-04:00,5.0,2022-06-23 18:05:00-04:00,11688.0,2.0,1.75,4.0,3.5,14.0,3.5,72
17:00,2022-06-29 17:00:00-04:00,1.0,2022-06-29 18:00:00-04:00,2022-06-30 00:00:00-04:00,Short,11692.25,11695.0,2.75,2.75,2.351985289401099,True,2022-06-29 18:00:00-04:00,5.0,2022-06-29 18:05:00-04:00,11692.25,2.75,2.5,5.5,5.0,1.25,10.0,72
17:00,2022-06-30 17:00:00-04:00,1.0,2022-06-30 18:00:00-04:00,2022-07-01 00:00:00-04:00,Short,11510.25,11511.0,0.75,0.75,0.6515931452401121,True,2022-06-30 18:00:00-04:00,5.0,2022-06-30 18:05:00-04:00,11510.25,0.75,0.5,1.5,1.0,1.25,15.75,72
17:00,2022-07-05 17:00:00-04:00,1.0,2022-07-05 18:00:00-04:00,2022-07-06 00:00:00-04:00,Short,11812.0,11813.75,1.75,1.75,1.481544192346766,True,2022-07-05 18:00:00-04:00,5.0,2022-07-05 18:05:00-04:00,11812.0,1.75,1.5,3.5,3.0,52.25,1.75,72
17:00,2022-07-06 17:00:00-04:00,1.0,2022-07-06 18:00:00-04:00,2022-07-07 00:00:00-04:00,Short,11903.0,11903.5,0.5,0.5,0.4200621692010418,True,2022-07-06 18:00:00-04:00,5.0,2022-07-06 18:05:00-04:00,11903.0,0.5,0.25,1.0,0.5,7.75,5.75,72
17:00,2022-07-07 17:00:00-04:00,1.0,2022-07-07 18:00:00-04:00,2022-07-08 00:00:00-04:00,Long,12119.0,12115.75,-3.25,3.25,2.6817394174436835,True,2022-07-07 18:00:00-04:00,5.0,2022-07-07 18:05:00-04:00,12119.0,3.25,3.0,6.5,6.0,7.75,5.25,72
17:00,2022-07-11 17:00:00-04:00,1.0,2022-07-11 18:00:00-04:00,2022-07-12 00:00:00-04:00,Long,11901.5,11900.0,-1.5,1.5,1.2603453346216864,True,2022-07-11 18:30:00-04:00,35.0,2022-07-11 18:35:00-04:00,11901.5,1.5,1.25,3.0,2.5,11.5,3.75,72
17:00,2022-07-12 17:00:00-04:00,1.0,2022-07-12 18:00:00-04:00,2022-07-13 00:00:00-04:00,Long,11780.0,11779.5,-0.5,0.5,0.4244482173174873,True,2022-07-12 18:00:00-04:00,5.0,2022-07-12 18:05:00-04:00,11780.0,0.5,0.25,1.0,0.5,3.5,7.5,72
17:00,2022-07-13 17:00:00-04:00,1.0,2022-07-13 18:00:00-04:00,2022-07-14 00:00:00-04:00,Long,11733.0,11730.5,-2.5,2.5,2.130742350634961,True,2022-07-13 18:00:00-04:00,5.0,2022-07-13 18:05:00-04:00,11733.0,2.5,2.25,5.0,4.5,13.5,3.25,72
17:00,2022-07-14 17:00:00-04:00,1.0,2022-07-14 18:00:00-04:00,2022-07-15 00:00:00-04:00,Short,11807.75,11808.0,0.25,0.25,0.21172534987614067,True,2022-07-14 21:00:00-04:00,185.0,2022-07-14 21:05:00-04:00,11807.75,0.25,0.0,0.5,0.0,60.25,2.0,72
17:00,2022-07-18 17:00:00-04:00,1.0,2022-07-18 18:00:00-04:00,2022-07-19 00:00:00-04:00,Long,11917.25,11911.5,-5.75,5.75,4.8249386393673035,True,2022-07-18 18:00:00-04:00,5.0,2022-07-18 18:05:00-04:00,11917.25,5.75,5.5,11.5,11.0,8.75,6.5,72
17:00,2022-07-19 17:00:00-04:00,1.0,2022-07-19 18:00:00-04:00,2022-07-20 00:00:00-04:00,Short,12319.75,12333.25,13.5,13.5,10.958014570100854,True,2022-07-19 18:00:00-04:00,5.0,2022-07-19 18:05:00-04:00,12319.75,13.5,13.25,27.0,26.5,71.75,14.25,72
17:00,2022-07-20 17:00:00-04:00,1.0,2022-07-20 18:00:00-04:00,2022-07-21 00:00:00-04:00,Short,12428.0,12431.25,3.25,3.25,2.615062761506276,True,2022-07-20 18:15:00-04:00,20.0,2022-07-20 18:20:00-04:00,12428.0,3.25,3.0,6.5,6.0,12.5,9.75,72
17:00,2022-07-21 17:00:00-04:00,1.0,2022-07-21 18:00:00-04:00,2022-07-22 00:00:00-04:00,Long,12573.5,12560.0,-13.5,13.5,10.736867220742038,False,,,2022-07-22 00:00:00-04:00,12548.75,-11.25,-11.5,-22.5,-23.0,31.0,9.75,72
17:00,2022-07-25 17:00:00-04:00,1.0,2022-07-25 18:00:00-04:00,2022-07-26 00:00:00-04:00,Long,12325.5,12318.5,-7.0,7.0,5.679282787716522,False,,,2022-07-26 00:00:00-04:00,12310.25,-8.25,-8.5,-16.5,-17.0,41.0,0.25,72
17:00,2022-07-26 17:00:00-04:00,1.0,2022-07-26 18:00:00-04:00,2022-07-27 00:00:00-04:00,Long,12197.25,12192.75,-4.5,4.5,3.6893562073418185,True,2022-07-26 18:00:00-04:00,5.0,2022-07-26 18:05:00-04:00,12197.25,4.5,4.25,9.0,8.5,2.5,49.0,72
17:00,2022-07-27 17:00:00-04:00,1.0,2022-07-27 18:00:00-04:00,2022-07-28 00:00:00-04:00,Short,12582.0,12582.75,0.75,0.75,0.5960896518836433,True,2022-07-27 18:00:00-04:00,5.0,2022-07-27 18:05:00-04:00,12582.0,0.75,0.5,1.5,1.0,2.25,11.75,72
17:00,2022-07-28 17:00:00-04:00,1.0,2022-07-28 18:00:00-04:00,2022-07-29 00:00:00-04:00,Long,12924.25,12923.75,-0.5,0.5,0.3868696442733621,False,,,2022-07-29 00:00:00-04:00,12890.0,-33.75,-34.0,-67.5,-68.0,52.5,0.25,72
17:00,2022-08-01 17:00:00-04:00,1.0,2022-08-01 18:00:00-04:00,2022-08-02 00:00:00-04:00,Long,12980.0,12975.25,-4.75,4.75,3.659476117103236,False,,,2022-08-02 00:00:00-04:00,12910.5,-64.75,-65.0,-129.5,-130.0,91.0,1.25,72
17:00,2022-08-04 17:00:00-04:00,1.0,2022-08-04 18:00:00-04:00,2022-08-05 00:00:00-04:00,Long,13327.5,13322.0,-5.5,5.5,4.126805477396361,True,2022-08-04 18:00:00-04:00,5.0,2022-08-04 18:05:00-04:00,13327.5,5.5,5.25,11.0,10.5,3.5,8.75,72
17:00,2022-08-08 17:00:00-04:00,1.0,2022-08-08 18:00:00-04:00,2022-08-09 00:00:00-04:00,Long,13212.5,13210.75,-1.75,1.75,1.3245033112582782,True,2022-08-08 19:10:00-04:00,75.0,2022-08-08 19:15:00-04:00,13212.5,1.75,1.5,3.5,3.0,20.5,12.0,72
17:00,2022-08-09 17:00:00-04:00,1.0,2022-08-09 18:00:00-04:00,2022-08-10 00:00:00-04:00,Long,13056.0,13048.5,-7.5,7.5,5.744485294117648,False,,,2022-08-10 00:00:00-04:00,13013.25,-35.25,-35.5,-70.5,-71.0,42.25,7.25,72
17:00,2022-08-10 17:00:00-04:00,1.0,2022-08-10 18:00:00-04:00,2022-08-11 00:00:00-04:00,Long,13381.25,13380.25,-1.0,1.0,0.7473143390938815,True,2022-08-10 18:00:00-04:00,5.0,2022-08-10 18:05:00-04:00,13381.25,1.0,0.75,2.0,1.5,7.25,1.25,72
17:00,2022-08-11 17:00:00-04:00,1.0,2022-08-11 18:00:00-04:00,2022-08-12 00:00:00-04:00,Short,13346.5,13347.5,1.0,1.0,0.7492601056456748,True,2022-08-11 18:00:00-04:00,5.0,2022-08-11 18:05:00-04:00,13346.5,1.0,0.75,2.0,1.5,0.25,22.75,72
17:00,2022-08-15 17:00:00-04:00,1.0,2022-08-15 18:00:00-04:00,2022-08-16 00:00:00-04:00,Long,13679.0,13673.5,-5.5,5.5,4.020761751590029,True,2022-08-15 18:00:00-04:00,5.0,2022-08-15 18:05:00-04:00,13679.0,5.5,5.25,11.0,10.5,8.5,6.75,72
17:00,2022-08-16 17:00:00-04:00,1.0,2022-08-16 18:00:00-04:00,2022-08-17 00:00:00-04:00,Short,13662.75,13663.0,0.25,0.25,0.18297926844888474,True,2022-08-16 18:00:00-04:00,5.0,2022-08-16 18:05:00-04:00,13662.75,0.25,0.0,0.5,0.0,0.0,18.25,72
17:00,2022-08-17 17:00:00-04:00,1.0,2022-08-17 18:00:00-04:00,2022-08-18 00:00:00-04:00,Long,13510.5,13502.5,-8.0,8.0,5.921320454461345,False,,,2022-08-18 00:00:00-04:00,13473.0,-29.5,-29.75,-59.0,-59.5,62.5,2.25,72
17:00,2022-08-18 17:00:00-04:00,1.0,2022-08-18 18:00:00-04:00,2022-08-19 00:00:00-04:00,Long,13539.25,13534.75,-4.5,4.5,3.3236700703510165,False,,,2022-08-19 00:00:00-04:00,13500.0,-34.75,-35.0,-69.5,-70.0,46.0,0.25,72
17:00,2022-08-22 17:00:00-04:00,1.0,2022-08-22 18:00:00-04:00,2022-08-23 00:00:00-04:00,Short,12933.25,12935.5,2.25,2.25,1.7397019310691435,True,2022-08-22 18:00:00-04:00,5.0,2022-08-22 18:05:00-04:00,12933.25,2.25,2.0,4.5,4.0,3.25,13.25,72
17:00,2022-08-23 17:00:00-04:00,1.0,2022-08-23 18:00:00-04:00,2022-08-24 00:00:00-04:00,Short,12888.75,12890.5,1.75,1.75,1.3577732518669383,True,2022-08-23 18:00:00-04:00,5.0,2022-08-23 18:05:00-04:00,12888.75,1.75,1.5,3.5,3.0,4.5,50.5,72
17:00,2022-08-24 17:00:00-04:00,1.0,2022-08-24 18:00:00-04:00,2022-08-25 00:00:00-04:00,Long,12955.0,12945.25,-9.75,9.75,7.526051717483597,True,2022-08-24 18:05:00-04:00,10.0,2022-08-24 18:10:00-04:00,12955.0,9.75,9.5,19.5,19.0,3.25,11.0,72
17:00,2022-08-25 17:00:00-04:00,1.0,2022-08-25 18:00:00-04:00,2022-08-26 00:00:00-04:00,Short,13144.75,13155.5,10.75,10.75,8.17816999182183,True,2022-08-25 18:00:00-04:00,5.0,2022-08-25 18:05:00-04:00,13144.75,10.75,10.5,21.5,21.0,27.5,25.25,72
17:00,2022-08-29 17:00:00-04:00,1.0,2022-08-29 18:00:00-04:00,2022-08-30 00:00:00-04:00,Long,12505.0,12502.0,-3.0,3.0,2.3990403838464616,True,2022-08-29 18:00:00-04:00,5.0,2022-08-29 18:05:00-04:00,12505.0,3.0,2.75,6.0,5.5,0.0,7.25,72
17:00,2022-08-30 17:00:00-04:00,1.0,2022-08-30 18:00:00-04:00,2022-08-31 00:00:00-04:00,Short,12359.0,12360.5,1.5,1.5,1.2136904280281575,True,2022-08-30 18:00:00-04:00,5.0,2022-08-30 18:05:00-04:00,12359.0,1.5,1.25,3.0,2.5,11.5,5.25,72
17:00,2022-08-31 17:00:00-04:00,1.0,2022-08-31 18:00:00-04:00,2022-09-01 00:00:00-04:00,Long,12305.75,12290.0,-15.75,15.75,12.798894825589663,False,,,2022-09-01 00:00:00-04:00,12136.5,-153.5,-153.75,-307.0,-307.5,166.25,3.5,72
17:00,2022-09-01 17:00:00-04:00,1.0,2022-09-01 18:00:00-04:00,2022-09-02 00:00:00-04:00,Short,12291.75,12300.0,8.25,8.25,6.711818902922692,True,2022-09-01 18:35:00-04:00,40.0,2022-09-01 18:40:00-04:00,12291.75,8.25,8.0,16.5,16.0,19.5,13.0,72
17:00,2022-09-06 17:00:00-04:00,1.0,2022-09-06 18:00:00-04:00,2022-09-07 00:00:00-04:00,Long,12019.5,12019.25,-0.25,0.25,0.20799534090436375,True,2022-09-06 18:00:00-04:00,5.0,2022-09-06 18:05:00-04:00,12019.5,0.25,0.0,0.5,0.0,11.25,1.5,72
17:00,2022-09-07 17:00:00-04:00,1.0,2022-09-07 18:00:00-04:00,2022-09-08 00:00:00-04:00,Long,12263.75,12262.75,-1.0,1.0,0.8154112730608502,True,2022-09-07 18:00:00-04:00,5.0,2022-09-07 18:05:00-04:00,12263.75,1.0,0.75,2.0,1.5,0.0,20.0,72
17:00,2022-09-12 17:00:00-04:00,1.0,2022-09-12 18:00:00-04:00,2022-09-13 00:00:00-04:00,Short,12771.5,12771.75,0.25,0.25,0.19574834592647694,True,2022-09-12 18:00:00-04:00,5.0,2022-09-12 18:05:00-04:00,12771.5,0.25,0.0,0.5,0.0,11.25,7.75,72
17:00,2022-09-13 17:00:00-04:00,1.0,2022-09-13 18:00:00-04:00,2022-09-14 00:00:00-04:00,Long,12048.25,12045.0,-3.25,3.25,2.697487186935862,True,2022-09-13 18:00:00-04:00,5.0,2022-09-13 18:05:00-04:00,12048.25,3.25,3.0,6.5,6.0,14.0,10.5,72
17:00,2022-09-14 17:00:00-04:00,1.0,2022-09-14 18:00:00-04:00,2022-09-15 00:00:00-04:00,Long,12169.0,12160.0,-9.0,9.0,7.3958418933355246,True,2022-09-14 18:15:00-04:00,20.0,2022-09-14 18:20:00-04:00,12169.0,9.0,8.75,18.0,17.5,4.75,10.25,72
17:00,2022-09-15 17:00:00-04:00,1.0,2022-09-15 18:00:00-04:00,2022-09-16 00:00:00-04:00,Long,11900.25,11880.0,-20.25,20.25,17.016449234259785,False,,,2022-09-16 00:00:00-04:00,11830.5,-49.5,-49.75,-99.0,-99.5,58.75,5.0,72
17:00,2022-09-19 17:00:00-04:00,1.0,2022-09-19 18:00:00-04:00,2022-09-20 00:00:00-04:00,Long,12045.75,12043.75,-2.0,2.0,1.660336633252392,True,2022-09-19 18:00:00-04:00,5.0,2022-09-19 18:05:00-04:00,12045.75,2.0,1.75,4.0,3.5,2.5,6.0,72
17:00,2022-09-20 17:00:00-04:00,1.0,2022-09-20 18:00:00-04:00,2022-09-21 00:00:00-04:00,Long,11948.75,11948.0,-0.75,0.75,0.6276807197405586,True,2022-09-20 18:00:00-04:00,5.0,2022-09-20 18:05:00-04:00,11948.75,0.75,0.5,1.5,1.0,18.75,0.75,72
17:00,2022-09-21 17:00:00-04:00,1.0,2022-09-21 18:00:00-04:00,2022-09-22 00:00:00-04:00,Long,11666.75,11663.75,-3.0,3.0,2.5714102042128273,True,2022-09-21 18:00:00-04:00,5.0,2022-09-21 18:05:00-04:00,11666.75,3.0,2.75,6.0,5.5,7.75,14.75,72
17:00,2022-09-22 17:00:00-04:00,1.0,2022-09-22 18:00:00-04:00,2022-09-23 00:00:00-04:00,Short,11565.75,11580.0,14.25,14.25,12.320861163348681,True,2022-09-22 18:40:00-04:00,45.0,2022-09-22 18:45:00-04:00,11565.75,14.25,14.0,28.5,28.0,6.5,22.25,72
17:00,2022-09-26 17:00:00-04:00,1.0,2022-09-26 18:00:00-04:00,2022-09-27 00:00:00-04:00,Short,11315.5,11316.0,0.5,0.5,0.4418717688126905,True,2022-09-26 18:00:00-04:00,5.0,2022-09-26 18:05:00-04:00,11315.5,0.5,0.25,1.0,0.5,11.0,10.75,72
17:00,2022-09-27 17:00:00-04:00,1.0,2022-09-27 18:00:00-04:00,2022-09-28 00:00:00-04:00,Short,11354.25,11357.5,3.25,3.25,2.862364312922474,True,2022-09-27 18:10:00-04:00,15.0,2022-09-27 18:15:00-04:00,11354.25,3.25,3.0,6.5,6.0,19.75,7.25,72
17:00,2022-09-28 17:00:00-04:00,1.0,2022-09-28 18:00:00-04:00,2022-09-29 00:00:00-04:00,Short,11539.25,11540.0,0.75,0.75,0.6499555863682648,True,2022-09-28 18:00:00-04:00,5.0,2022-09-28 18:05:00-04:00,11539.25,0.75,0.5,1.5,1.0,16.0,0.75,72
17:00,2022-09-29 17:00:00-04:00,1.0,2022-09-29 18:00:00-04:00,2022-09-30 00:00:00-04:00,Long,11232.75,11224.75,-8.0,8.0,7.122031559502348,True,2022-09-29 18:00:00-04:00,5.0,2022-09-29 18:05:00-04:00,11232.75,8.0,7.75,16.0,15.5,9.75,14.75,72
17:00,2022-10-03 17:00:00-04:00,1.0,2022-10-03 18:00:00-04:00,2022-10-04 00:00:00-04:00,Short,11309.5,11315.0,5.5,5.5,4.863168132985543,True,2022-10-03 18:00:00-04:00,5.0,2022-10-03 18:05:00-04:00,11309.5,5.5,5.25,11.0,10.5,15.25,5.5,72
17:00,2022-10-04 17:00:00-04:00,1.0,2022-10-04 18:00:00-04:00,2022-10-05 00:00:00-04:00,Long,11644.75,11632.0,-12.75,12.75,10.949140170463084,True,2022-10-04 18:00:00-04:00,5.0,2022-10-04 18:05:00-04:00,11644.75,12.75,12.5,25.5,25.0,8.5,13.5,72
17:00,2022-10-05 17:00:00-04:00,1.0,2022-10-05 18:00:00-04:00,2022-10-06 00:00:00-04:00,Short,11628.5,11628.75,0.25,0.25,0.21498903555918647,True,2022-10-05 18:00:00-04:00,5.0,2022-10-05 18:05:00-04:00,11628.5,0.25,0.0,0.5,0.0,3.0,9.75,72
17:00,2022-10-06 17:00:00-04:00,1.0,2022-10-06 18:00:00-04:00,2022-10-07 00:00:00-04:00,Long,11505.75,11498.25,-7.5,7.5,6.518479890489537,True,2022-10-06 18:10:00-04:00,15.0,2022-10-06 18:15:00-04:00,11505.75,7.5,7.25,15.0,14.5,21.0,10.75,72
17:00,2022-10-10 17:00:00-04:00,1.0,2022-10-10 18:00:00-04:00,2022-10-11 00:00:00-04:00,Long,10993.5,10989.0,-4.5,4.5,4.093327875562832,True,2022-10-10 18:00:00-04:00,5.0,2022-10-10 18:05:00-04:00,10993.5,4.5,4.25,9.0,8.5,4.0,9.5,72
17:00,2022-10-11 17:00:00-04:00,1.0,2022-10-11 18:00:00-04:00,2022-10-12 00:00:00-04:00,Long,10881.0,10876.5,-4.5,4.5,4.1356492969396195,True,2022-10-11 20:20:00-04:00,145.0,2022-10-11 20:25:00-04:00,10881.0,4.5,4.25,9.0,8.5,40.5,10.0,72
17:00,2022-10-12 17:00:00-04:00,1.0,2022-10-12 18:00:00-04:00,2022-10-13 00:00:00-04:00,Short,10853.0,10855.0,2.0,2.0,1.8428084400626557,True,2022-10-12 18:10:00-04:00,15.0,2022-10-12 18:15:00-04:00,10853.0,2.0,1.75,4.0,3.5,10.0,2.75,72
17:00,2022-10-13 17:00:00-04:00,1.0,2022-10-13 18:00:00-04:00,2022-10-14 00:00:00-04:00,Short,11065.75,11070.0,4.25,4.25,3.8406795743623343,True,2022-10-13 18:20:00-04:00,25.0,2022-10-13 18:25:00-04:00,11065.75,4.25,4.0,8.5,8.0,15.75,7.0,72
17:00,2022-10-17 17:00:00-04:00,1.0,2022-10-17 18:00:00-04:00,2022-10-18 00:00:00-04:00,Short,11135.0,11161.75,26.75,26.75,24.023349797934443,False,,,2022-10-18 00:00:00-04:00,11297.25,-135.5,-135.75,-271.0,-271.5,154.25,2.5,72
17:00,2022-10-18 17:00:00-04:00,1.0,2022-10-18 18:00:00-04:00,2022-10-19 00:00:00-04:00,Long,11324.25,11323.75,-0.5,0.5,0.4415303441729033,True,2022-10-18 18:00:00-04:00,5.0,2022-10-18 18:05:00-04:00,11324.25,0.5,0.25,1.0,0.5,5.0,14.75,72
17:00,2022-10-19 17:00:00-04:00,1.0,2022-10-19 18:00:00-04:00,2022-10-20 00:00:00-04:00,Long,11150.75,11141.75,-9.0,9.0,8.07120597269242,False,,,2022-10-20 00:00:00-04:00,11029.5,-112.25,-112.5,-224.5,-225.0,133.75,4.0,72
17:00,2022-10-20 17:00:00-04:00,1.0,2022-10-20 18:00:00-04:00,2022-10-21 00:00:00-04:00,Short,11060.5,11062.75,2.25,2.25,2.0342660820035263,True,2022-10-20 18:00:00-04:00,5.0,2022-10-20 18:05:00-04:00,11060.5,2.25,2.0,4.5,4.0,1.25,24.0,72
17:00,2022-10-25 17:00:00-04:00,1.0,2022-10-25 18:00:00-04:00,2022-10-26 00:00:00-04:00,Long,11583.75,11520.0,-63.75,63.75,55.03399158303658,False,,,2022-10-26 00:00:00-04:00,11494.25,-25.75,-26.0,-51.5,-52.0,83.25,7.75,72
17:00,2022-10-26 17:00:00-04:00,1.0,2022-10-26 18:00:00-04:00,2022-10-27 00:00:00-04:00,Long,11473.0,11423.0,-50.0,50.0,43.58058049333217,True,2022-10-26 19:00:00-04:00,65.0,2022-10-26 19:05:00-04:00,11473.0,50.0,49.75,100.0,99.5,6.0,68.75,72
17:00,2022-10-27 17:00:00-04:00,1.0,2022-10-27 18:00:00-04:00,2022-10-28 00:00:00-04:00,Short,11097.0,11124.5,27.5,27.5,24.78147247003695,False,,,2022-10-28 00:00:00-04:00,11159.0,-34.5,-34.75,-69.0,-69.5,66.25,1.0,72
17:00,2022-10-31 17:00:00-04:00,1.0,2022-10-31 18:00:00-04:00,2022-11-01 00:00:00-04:00,Long,11453.5,11451.75,-1.75,1.75,1.5279172305408828,True,2022-10-31 18:00:00-04:00,5.0,2022-10-31 18:05:00-04:00,11453.5,1.75,1.5,3.5,3.0,4.5,16.75,72
17:00,2022-11-01 17:00:00-04:00,1.0,2022-11-01 18:00:00-04:00,2022-11-02 00:00:00-04:00,Long,11320.25,11319.0,-1.25,1.25,1.104215896292043,True,2022-11-01 18:00:00-04:00,5.0,2022-11-01 18:05:00-04:00,11320.25,1.25,1.0,2.5,2.0,0.25,20.5,72
17:00,2022-11-02 17:00:00-04:00,1.0,2022-11-02 18:00:00-04:00,2022-11-03 00:00:00-04:00,Short,10942.5,10944.75,2.25,2.25,2.0562028786840303,True,2022-11-02 18:00:00-04:00,5.0,2022-11-02 18:05:00-04:00,10942.5,2.25,2.0,4.5,4.0,1.5,26.5,72
17:00,2022-11-03 17:00:00-04:00,1.0,2022-11-03 18:00:00-04:00,2022-11-04 00:00:00-04:00,Long,10728.25,10724.5,-3.75,3.75,3.49544427096684,True,2022-11-03 20:05:00-04:00,130.0,2022-11-03 20:10:00-04:00,10728.25,3.75,3.5,7.5,7.0,31.75,6.75,72
17:00,2022-11-08 17:00:00-05:00,1.0,2022-11-08 18:00:00-05:00,2022-11-09 00:00:00-05:00,Long,11089.0,11079.0,-10.0,10.0,9.017945711966814,True,2022-11-08 18:00:00-05:00,5.0,2022-11-08 18:05:00-05:00,11089.0,10.0,9.75,20.0,19.5,0.0,18.5,72
17:00,2022-11-09 17:00:00-05:00,1.0,2022-11-09 18:00:00-05:00,2022-11-10 00:00:00-05:00,Long,10843.0,10841.75,-1.25,1.25,1.1528174859356266,True,2022-11-09 18:00:00-05:00,5.0,2022-11-09 18:05:00-05:00,10843.0,1.25,1.0,2.5,2.0,0.25,14.0,72
17:00,2022-11-10 17:00:00-05:00,1.0,2022-11-10 18:00:00-05:00,2022-11-11 00:00:00-05:00,Long,11676.0,11670.0,-6.0,6.0,5.138746145940391,True,2022-11-10 18:55:00-05:00,60.0,2022-11-10 19:00:00-05:00,11676.0,6.0,5.75,12.0,11.5,24.25,14.75,72
17:00,2022-11-14 17:00:00-05:00,1.0,2022-11-14 18:00:00-05:00,2022-11-15 00:00:00-05:00,Short,11768.5,11769.0,0.5,0.5,0.42486298168840547,True,2022-11-14 18:00:00-05:00,5.0,2022-11-14 18:05:00-05:00,11768.5,0.5,0.25,1.0,0.5,9.25,3.75,72
17:00,2022-11-15 17:00:00-05:00,1.0,2022-11-15 18:00:00-05:00,2022-11-16 00:00:00-05:00,Long,11893.5,11889.0,-4.5,4.5,3.7835792659856224,True,2022-11-15 18:45:00-05:00,50.0,2022-11-15 18:50:00-05:00,11893.5,4.5,4.25,9.0,8.5,32.5,7.75,72
17:00,2022-11-16 17:00:00-05:00,1.0,2022-11-16 18:00:00-05:00,2022-11-17 00:00:00-05:00,Short,11773.0,11773.75,0.75,0.75,0.6370508791302132,True,2022-11-16 18:10:00-05:00,15.0,2022-11-16 18:15:00-05:00,11773.0,0.75,0.5,1.5,1.0,10.75,0.75,72
17:00,2022-11-21 17:00:00-05:00,1.0,2022-11-21 18:00:00-05:00,2022-11-22 00:00:00-05:00,Long,11589.75,11587.75,-2.0,2.0,1.7256627623546668,True,2022-11-21 18:00:00-05:00,5.0,2022-11-21 18:05:00-05:00,11589.75,2.0,1.75,4.0,3.5,5.75,7.25,72
17:00,2022-11-22 17:00:00-05:00,1.0,2022-11-22 18:00:00-05:00,2022-11-23 00:00:00-05:00,Short,11739.5,11741.0,1.5,1.5,1.277737552706674,True,2022-11-22 18:00:00-05:00,5.0,2022-11-22 18:05:00-05:00,11739.5,1.5,1.25,3.0,2.5,10.75,11.0,72
17:00,2022-11-23 17:00:00-05:00,1.0,2022-11-23 18:00:00-05:00,2022-11-24 00:00:00-05:00,Short,11877.75,11878.0,0.25,0.25,0.21047757361453137,True,2022-11-23 18:00:00-05:00,5.0,2022-11-23 18:05:00-05:00,11877.75,0.25,0.0,0.5,0.0,20.25,6.0,72
17:00,2022-11-28 17:00:00-05:00,1.0,2022-11-28 18:00:00-05:00,2022-11-29 00:00:00-05:00,Short,11623.75,11625.5,1.75,1.75,1.5055382299171955,True,2022-11-28 18:00:00-05:00,5.0,2022-11-28 18:05:00-05:00,11623.75,1.75,1.5,3.5,3.0,2.25,9.25,72
17:00,2022-11-29 17:00:00-05:00,1.0,2022-11-29 18:00:00-05:00,2022-11-30 00:00:00-05:00,Short,11518.5,11519.25,0.75,0.75,0.6511264487563485,True,2022-11-29 18:00:00-05:00,5.0,2022-11-29 18:05:00-05:00,11518.5,0.75,0.5,1.5,1.0,2.75,6.25,72
17:00,2022-12-01 17:00:00-05:00,1.0,2022-12-01 18:00:00-05:00,2022-12-02 00:00:00-05:00,Short,12036.75,12039.0,2.25,2.25,1.8692753442582093,True,2022-12-01 18:00:00-05:00,5.0,2022-12-01 18:05:00-05:00,12036.75,2.25,2.0,4.5,4.0,9.5,6.25,72
17:00,2022-12-06 17:00:00-05:00,1.0,2022-12-06 18:00:00-05:00,2022-12-07 00:00:00-05:00,Short,11566.75,11568.5,1.75,1.75,1.512957399442367,True,2022-12-06 18:00:00-05:00,5.0,2022-12-06 18:05:00-05:00,11566.75,1.75,1.5,3.5,3.0,5.0,8.5,72
17:00,2022-12-07 17:00:00-05:00,1.0,2022-12-07 18:00:00-05:00,2022-12-08 00:00:00-05:00,Short,11498.5,11500.0,1.5,1.5,1.304517980606166,True,2022-12-07 18:00:00-05:00,5.0,2022-12-07 18:05:00-05:00,11498.5,1.5,1.25,3.0,2.5,13.25,1.5,72
17:00,2022-12-08 17:00:00-05:00,1.0,2022-12-08 18:00:00-05:00,2022-12-09 00:00:00-05:00,Short,11636.75,11638.75,2.0,2.0,1.7186929340236752,True,2022-12-08 18:00:00-05:00,5.0,2022-12-08 18:05:00-05:00,11636.75,2.0,1.75,4.0,3.5,11.75,2.0,72
17:00,2022-12-12 17:00:00-05:00,1.0,2022-12-12 18:00:00-05:00,2022-12-13 00:00:00-05:00,Short,11698.0,11699.0,1.0,1.0,0.8548469823901521,True,2022-12-12 18:00:00-05:00,5.0,2022-12-12 18:05:00-05:00,11698.0,1.0,0.75,2.0,1.5,8.0,1.25,72
17:00,2022-12-14 17:00:00-05:00,1.0,2022-12-14 18:00:00-05:00,2022-12-15 00:00:00-05:00,Long,11768.5,11765.25,-3.25,3.25,2.7616093809746354,True,2022-12-14 18:15:00-05:00,20.0,2022-12-14 18:20:00-05:00,11768.5,3.25,3.0,6.5,6.0,11.75,5.25,72
17:00,2022-12-15 17:00:00-05:00,1.0,2022-12-15 18:00:00-05:00,2022-12-16 00:00:00-05:00,Long,11340.0,11333.0,-7.0,7.0,6.172839506172839,True,2022-12-15 18:00:00-05:00,5.0,2022-12-15 18:05:00-05:00,11340.0,7.0,6.75,14.0,13.5,0.0,24.25,72
17:00,2022-12-19 17:00:00-05:00,1.0,2022-12-19 18:00:00-05:00,2022-12-20 00:00:00-05:00,Long,11185.25,11182.25,-3.0,3.0,2.6821036633065867,True,2022-12-19 18:00:00-05:00,5.0,2022-12-19 18:05:00-05:00,11185.25,3.0,2.75,6.0,5.5,0.0,14.25,72
17:00,2022-12-20 17:00:00-05:00,1.0,2022-12-20 18:00:00-05:00,2022-12-21 00:00:00-05:00,Short,11192.5,11201.5,9.0,9.0,8.041098950189859,False,,,2022-12-21 00:00:00-05:00,11211.25,-9.75,-10.0,-19.5,-20.0,61.75,0.0,72
17:00,2022-12-21 17:00:00-05:00,1.0,2022-12-21 18:00:00-05:00,2022-12-22 00:00:00-05:00,Short,11355.5,11359.75,4.25,4.25,3.7426797587072342,True,2022-12-21 18:00:00-05:00,5.0,2022-12-21 18:05:00-05:00,11355.5,4.25,4.0,8.5,8.0,0.25,9.75,72
17:00,2022-12-22 17:00:00-05:00,1.0,2022-12-22 18:00:00-05:00,2022-12-23 00:00:00-05:00,Short,11043.75,11053.5,9.75,9.75,8.828522920203735,True,2022-12-22 18:25:00-05:00,30.0,2022-12-22 18:30:00-05:00,11043.75,9.75,9.5,19.5,19.0,13.75,13.75,72
17:00,2022-12-27 17:00:00-05:00,1.0,2022-12-27 18:00:00-05:00,2022-12-28 00:00:00-05:00,Short,10911.75,10918.0,6.25,6.25,5.727770522601783,True,2022-12-27 18:00:00-05:00,5.0,2022-12-27 18:05:00-05:00,10911.75,6.25,6.0,12.5,12.0,5.0,7.75,72
17:00,2022-12-28 17:00:00-05:00,1.0,2022-12-28 18:00:00-05:00,2022-12-29 00:00:00-05:00,Short,10784.25,10786.75,2.5,2.5,2.318195516609871,True,2022-12-28 18:15:00-05:00,20.0,2022-12-28 18:20:00-05:00,10784.25,2.5,2.25,5.0,4.5,9.5,4.5,72
17:00,2022-12-29 17:00:00-05:00,1.0,2022-12-29 18:00:00-05:00,2022-12-30 00:00:00-05:00,Short,11029.5,11032.75,3.25,3.25,2.9466430935219186,True,2022-12-29 18:00:00-05:00,5.0,2022-12-29 18:05:00-05:00,11029.5,3.25,3.0,6.5,6.0,3.5,7.25,72
17:00,2023-01-03 17:00:00-05:00,1.0,2023-01-03 18:00:00-05:00,2023-01-04 00:00:00-05:00,Long,10942.5,10941.75,-0.75,0.75,0.6854009595613433,True,2023-01-03 18:20:00-05:00,25.0,2023-01-03 18:25:00-05:00,10942.5,0.75,0.5,1.5,1.0,18.5,3.0,72
17:00,2023-01-05 17:00:00-05:00,1.0,2023-01-05 18:00:00-05:00,2023-01-06 00:00:00-05:00,Short,10836.75,10837.75,1.0,1.0,0.9227858906037326,True,2023-01-05 18:00:00-05:00,5.0,2023-01-05 18:05:00-05:00,10836.75,1.0,0.75,2.0,1.5,5.5,5.0,72
17:00,2023-01-09 17:00:00-05:00,1.0,2023-01-09 18:00:00-05:00,2023-01-10 00:00:00-05:00,Long,11184.75,11181.25,-3.5,3.5,3.129260823889671,True,2023-01-09 18:00:00-05:00,5.0,2023-01-09 18:05:00-05:00,11184.75,3.5,3.25,7.0,6.5,1.5,6.25,72
17:00,2023-01-10 17:00:00-05:00,1.0,2023-01-10 18:00:00-05:00,2023-01-11 00:00:00-05:00,Short,11280.75,11281.75,1.0,1.0,0.886465882144361,True,2023-01-10 18:00:00-05:00,5.0,2023-01-10 18:05:00-05:00,11280.75,1.0,0.75,2.0,1.5,5.25,10.5,72
17:00,2023-01-11 17:00:00-05:00,1.0,2023-01-11 18:00:00-05:00,2023-01-12 00:00:00-05:00,Long,11475.25,11471.75,-3.5,3.5,3.050042482734581,True,2023-01-11 18:00:00-05:00,5.0,2023-01-11 18:05:00-05:00,11475.25,3.5,3.25,7.0,6.5,3.5,8.25,72
17:00,2023-01-12 17:00:00-05:00,1.0,2023-01-12 18:00:00-05:00,2023-01-13 00:00:00-05:00,Short,11522.0,11529.75,7.75,7.75,6.7262628015969455,True,2023-01-12 18:00:00-05:00,5.0,2023-01-12 18:05:00-05:00,11522.0,7.75,7.5,15.5,15.0,0.0,13.25,72
17:00,2023-01-17 17:00:00-05:00,1.0,2023-01-17 18:00:00-05:00,2023-01-18 00:00:00-05:00,Long,11623.25,11622.0,-1.25,1.25,1.0754307099993548,True,2023-01-17 21:40:00-05:00,225.0,2023-01-17 21:45:00-05:00,11623.25,1.25,1.0,2.5,2.0,40.0,71.25,72
17:00,2023-01-18 17:00:00-05:00,1.0,2023-01-18 18:00:00-05:00,2023-01-19 00:00:00-05:00,Long,11482.0,11470.0,-12.0,12.0,10.451140916216687,True,2023-01-18 18:05:00-05:00,10.0,2023-01-18 18:10:00-05:00,11482.0,12.0,11.75,24.0,23.5,5.25,16.75,72
17:00,2023-01-19 17:00:00-05:00,1.0,2023-01-19 18:00:00-05:00,2023-01-20 00:00:00-05:00,Short,11393.25,11405.5,12.25,12.25,10.751980339235951,True,2023-01-19 18:30:00-05:00,35.0,2023-01-19 18:35:00-05:00,11393.25,12.25,12.0,24.5,24.0,1.5,16.75,72
17:00,2023-01-23 17:00:00-05:00,1.0,2023-01-23 18:00:00-05:00,2023-01-24 00:00:00-05:00,Long,11935.0,11933.0,-2.0,2.0,1.6757436112274822,True,2023-01-23 18:00:00-05:00,5.0,2023-01-23 18:05:00-05:00,11935.0,2.0,1.75,4.0,3.5,4.0,3.0,72
17:00,2023-01-24 17:00:00-05:00,1.0,2023-01-24 18:00:00-05:00,2023-01-25 00:00:00-05:00,Short,11972.75,11973.0,0.25,0.25,0.20880750036541312,True,2023-01-24 18:00:00-05:00,5.0,2023-01-24 18:05:00-05:00,11972.75,0.25,0.0,0.5,0.0,3.5,26.75,72
17:00,2023-01-25 17:00:00-05:00,1.0,2023-01-25 18:00:00-05:00,2023-01-26 00:00:00-05:00,Short,11874.75,11875.0,0.25,0.25,0.21053074801574773,True,2023-01-25 18:00:00-05:00,5.0,2023-01-25 18:05:00-05:00,11874.75,0.25,0.0,0.5,0.0,3.5,7.25,72
17:00,2023-01-26 17:00:00-05:00,1.0,2023-01-26 18:00:00-05:00,2023-01-27 00:00:00-05:00,Long,12059.75,12050.25,-9.5,9.5,7.8774435622629,False,,,2023-01-27 00:00:00-05:00,12033.5,-16.75,-17.0,-33.5,-34.0,24.75,9.25,72
17:00,2023-01-30 17:00:00-05:00,1.0,2023-01-30 18:00:00-05:00,2023-01-31 00:00:00-05:00,Long,11989.0,11984.25,-4.75,4.75,3.9619651347068148,True,2023-01-30 18:00:00-05:00,5.0,2023-01-30 18:05:00-05:00,11989.0,4.75,4.5,9.5,9.0,0.25,10.5,72
17:00,2023-01-31 17:00:00-05:00,1.0,2023-01-31 18:00:00-05:00,2023-02-01 00:00:00-05:00,Short,12120.0,12121.25,1.25,1.25,1.0313531353135315,True,2023-01-31 18:00:00-05:00,5.0,2023-01-31 18:05:00-05:00,12120.0,1.25,1.0,2.5,2.0,0.25,12.5,72
17:00,2023-02-01 17:00:00-05:00,1.0,2023-02-01 18:00:00-05:00,2023-02-02 00:00:00-05:00,Short,12506.75,12514.0,7.25,7.25,5.796869690367202,True,2023-02-01 21:35:00-05:00,220.0,2023-02-01 21:40:00-05:00,12506.75,7.25,7.0,14.5,14.0,45.75,12.75,72
17:00,2023-02-02 17:00:00-05:00,1.0,2023-02-02 18:00:00-05:00,2023-02-03 00:00:00-05:00,Short,12672.0,12739.5,67.5,67.5,53.26704545454545,True,2023-02-02 18:45:00-05:00,50.0,2023-02-02 18:50:00-05:00,12672.0,67.5,67.25,135.0,134.5,22.0,83.0,72
17:00,2023-02-06 17:00:00-05:00,1.0,2023-02-06 18:00:00-05:00,2023-02-07 00:00:00-05:00,Short,12512.5,12517.0,4.5,4.5,3.5964035964035963,True,2023-02-06 18:00:00-05:00,5.0,2023-02-06 18:05:00-05:00,12512.5,4.5,4.25,9.0,8.5,2.5,5.0,72
17:00,2023-02-07 17:00:00-05:00,1.0,2023-02-07 18:00:00-05:00,2023-02-08 00:00:00-05:00,Short,12740.75,12746.0,5.25,5.25,4.120636540235072,True,2023-02-07 19:20:00-05:00,85.0,2023-02-07 19:25:00-05:00,12740.75,5.25,5.0,10.5,10.0,30.25,6.75,72
17:00,2023-02-08 17:00:00-05:00,1.0,2023-02-08 18:00:00-05:00,2023-02-09 00:00:00-05:00,Long,12558.25,12557.25,-1.0,1.0,0.7962892918997472,True,2023-02-08 18:00:00-05:00,5.0,2023-02-08 18:05:00-05:00,12558.25,1.0,0.75,2.0,1.5,10.25,1.5,72
17:00,2023-02-09 17:00:00-05:00,1.0,2023-02-09 18:00:00-05:00,2023-02-10 00:00:00-05:00,Long,12450.25,12445.75,-4.5,4.5,3.614385253308167,True,2023-02-09 18:25:00-05:00,30.0,2023-02-09 18:30:00-05:00,12450.25,4.5,4.25,9.0,8.5,13.75,5.75,72
17:00,2023-02-13 17:00:00-05:00,1.0,2023-02-13 18:00:00-05:00,2023-02-14 00:00:00-05:00,Short,12545.0,12547.75,2.75,2.75,2.19210840972499,True,2023-02-13 18:00:00-05:00,5.0,2023-02-13 18:05:00-05:00,12545.0,2.75,2.5,5.5,5.0,2.5,12.25,72
17:00,2023-02-14 17:00:00-05:00,1.0,2023-02-14 18:00:00-05:00,2023-02-15 00:00:00-05:00,Short,12618.25,12618.75,0.5,0.5,0.3962514611772631,True,2023-02-14 18:00:00-05:00,5.0,2023-02-14 18:05:00-05:00,12618.25,0.5,0.25,1.0,0.5,5.75,10.5,72
17:00,2023-02-15 17:00:00-05:00,1.0,2023-02-15 18:00:00-05:00,2023-02-16 00:00:00-05:00,Long,12749.75,12743.75,-6.0,6.0,4.705974626953469,True,2023-02-15 18:35:00-05:00,40.0,2023-02-15 18:40:00-05:00,12749.75,6.0,5.75,12.0,11.5,12.5,6.75,72
17:00,2023-02-16 17:00:00-05:00,1.0,2023-02-16 18:00:00-05:00,2023-02-17 00:00:00-05:00,Long,12466.0,12461.0,-5.0,5.0,4.010909674314135,False,,,2023-02-17 00:00:00-05:00,12413.5,-47.5,-47.75,-95.0,-95.5,59.5,3.0,72
17:00,2023-02-21 17:00:00-05:00,1.0,2023-02-21 18:00:00-05:00,2023-02-22 00:00:00-05:00,Long,12111.75,12111.25,-0.5,0.5,0.4128222593762256,True,2023-02-21 18:00:00-05:00,5.0,2023-02-21 18:05:00-05:00,12111.75,0.5,0.25,1.0,0.5,10.25,2.5,72
17:00,2023-02-22 17:00:00-05:00,1.0,2023-02-22 18:00:00-05:00,2023-02-23 00:00:00-05:00,Short,12164.75,12175.5,10.75,10.75,8.837008569843194,True,2023-02-22 18:00:00-05:00,5.0,2023-02-22 18:05:00-05:00,12164.75,10.75,10.5,21.5,21.0,4.5,18.25,72
17:00,2023-02-27 17:00:00-05:00,1.0,2023-02-27 18:00:00-05:00,2023-02-28 00:00:00-05:00,Long,12095.5,12092.0,-3.5,3.5,2.8936381298830143,True,2023-02-27 18:00:00-05:00,5.0,2023-02-27 18:05:00-05:00,12095.5,3.5,3.25,7.0,6.5,0.0,16.5,72
17:00,2023-02-28 17:00:00-05:00,1.0,2023-02-28 18:00:00-05:00,2023-03-01 00:00:00-05:00,Short,12040.75,12042.75,2.0,2.0,1.6610260988725787,True,2023-02-28 18:00:00-05:00,5.0,2023-02-28 18:05:00-05:00,12040.75,2.0,1.75,4.0,3.5,3.5,9.75,72
17:00,2023-03-01 17:00:00-05:00,1.0,2023-03-01 18:00:00-05:00,2023-03-02 00:00:00-05:00,Long,11984.5,11968.5,-16.0,16.0,13.350577829696691,True,2023-03-01 19:15:00-05:00,80.0,2023-03-01 19:20:00-05:00,11984.5,16.0,15.75,32.0,31.5,4.25,16.75,72
17:00,2023-03-02 17:00:00-05:00,1.0,2023-03-02 18:00:00-05:00,2023-03-03 00:00:00-05:00,Long,12051.75,12050.75,-1.0,1.0,0.8297550148318709,True,2023-03-02 20:10:00-05:00,135.0,2023-03-02 20:15:00-05:00,12051.75,1.0,0.75,2.0,1.5,28.75,6.75,72
17:00,2023-03-06 17:00:00-05:00,1.0,2023-03-06 18:00:00-05:00,2023-03-07 00:00:00-05:00,Short,12321.0,12322.5,1.5,1.5,1.2174336498660823,True,2023-03-06 18:00:00-05:00,5.0,2023-03-06 18:05:00-05:00,12321.0,1.5,1.25,3.0,2.5,4.75,10.0,72
17:00,2023-03-07 17:00:00-05:00,1.0,2023-03-07 18:00:00-05:00,2023-03-08 00:00:00-05:00,Long,12175.0,12174.75,-0.25,0.25,0.2053388090349076,True,2023-03-07 18:00:00-05:00,5.0,2023-03-07 18:05:00-05:00,12175.0,0.25,0.0,0.5,0.0,2.25,6.25,72
17:00,2023-03-08 17:00:00-05:00,1.0,2023-03-08 18:00:00-05:00,2023-03-09 00:00:00-05:00,Long,12237.75,12223.0,-14.75,14.75,12.052869195726338,True,2023-03-08 18:00:00-05:00,5.0,2023-03-08 18:05:00-05:00,12237.75,14.75,14.5,29.5,29.0,0.5,19.0,72
17:00,2023-03-09 17:00:00-05:00,1.0,2023-03-09 18:00:00-05:00,2023-03-10 00:00:00-05:00,Long,12009.0,12008.75,-0.25,0.25,0.20817720043300855,True,2023-03-09 18:00:00-05:00,5.0,2023-03-09 18:05:00-05:00,12009.0,0.25,0.0,0.5,0.0,53.75,3.25,72
17:00,2023-03-13 17:00:00-04:00,1.0,2023-03-13 18:00:00-04:00,2023-03-14 00:00:00-04:00,Short,11947.0,11956.25,9.25,9.25,7.742529505315142,True,2023-03-13 18:00:00-04:00,5.0,2023-03-13 18:05:00-04:00,11947.0,9.25,9.0,18.5,18.0,10.75,9.75,72
17:00,2023-03-14 17:00:00-04:00,1.0,2023-03-14 18:00:00-04:00,2023-03-15 00:00:00-04:00,Long,12203.5,12203.25,-0.25,0.25,0.2048592616872209,True,2023-03-14 18:00:00-04:00,5.0,2023-03-14 18:05:00-04:00,12203.5,0.25,0.0,0.5,0.0,10.5,0.5,72
17:00,2023-03-15 17:00:00-04:00,1.0,2023-03-15 18:00:00-04:00,2023-03-16 00:00:00-04:00,Long,12268.5,12265.5,-3.0,3.0,2.4452867098667315,True,2023-03-15 18:00:00-04:00,5.0,2023-03-15 18:05:00-04:00,12268.5,3.0,2.75,6.0,5.5,9.25,8.0,72
17:00,2023-03-16 17:00:00-04:00,1.0,2023-03-16 18:00:00-04:00,2023-03-17 00:00:00-04:00,Long,12581.0,12580.75,-0.25,0.25,0.19871234401080992,True,2023-03-16 18:20:00-04:00,25.0,2023-03-16 18:25:00-04:00,12581.0,0.25,0.0,0.5,0.0,80.75,0.25,72
17:00,2023-03-20 17:00:00-04:00,1.0,2023-03-20 18:00:00-04:00,2023-03-21 00:00:00-04:00,Long,12701.0,12698.75,-2.25,2.25,1.771514054011495,True,2023-03-20 18:00:00-04:00,5.0,2023-03-20 18:05:00-04:00,12701.0,2.25,2.0,4.5,4.0,13.25,2.75,72
17:00,2023-03-21 17:00:00-04:00,1.0,2023-03-21 18:00:00-04:00,2023-03-22 00:00:00-04:00,Long,12875.75,12873.5,-2.25,2.25,1.7474710211055666,True,2023-03-21 19:25:00-04:00,90.0,2023-03-21 19:30:00-04:00,12875.75,2.25,2.0,4.5,4.0,11.25,3.5,72
17:00,2023-03-22 17:00:00-04:00,1.0,2023-03-22 18:00:00-04:00,2023-03-23 00:00:00-04:00,Long,12699.0,12698.25,-0.75,0.75,0.5905976848570753,True,2023-03-22 18:00:00-04:00,5.0,2023-03-22 18:05:00-04:00,12699.0,0.75,0.5,1.5,1.0,3.25,19.25,72
17:00,2023-03-23 17:00:00-04:00,1.0,2023-03-23 18:00:00-04:00,2023-03-24 00:00:00-04:00,Short,12871.75,12872.0,0.25,0.25,0.19422378464466758,True,2023-03-23 18:00:00-04:00,5.0,2023-03-23 18:05:00-04:00,12871.75,0.25,0.0,0.5,0.0,9.0,4.0,72
17:00,2023-03-27 17:00:00-04:00,1.0,2023-03-27 18:00:00-04:00,2023-03-28 00:00:00-04:00,Long,12814.5,12812.0,-2.5,2.5,1.9509149791252096,True,2023-03-27 18:55:00-04:00,60.0,2023-03-27 19:00:00-04:00,12814.5,2.5,2.25,5.0,4.5,10.75,4.0,72
17:00,2023-03-28 17:00:00-04:00,1.0,2023-03-28 18:00:00-04:00,2023-03-29 00:00:00-04:00,Long,12749.0,12747.0,-2.0,2.0,1.5687504902345282,True,2023-03-28 18:00:00-04:00,5.0,2023-03-28 18:05:00-04:00,12749.0,2.0,1.75,4.0,3.5,2.0,4.75,72
17:00,2023-03-29 17:00:00-04:00,1.0,2023-03-29 18:00:00-04:00,2023-03-30 00:00:00-04:00,Short,12960.75,12965.0,4.25,4.25,3.279131223115946,True,2023-03-29 18:00:00-04:00,5.0,2023-03-29 18:05:00-04:00,12960.75,4.25,4.0,8.5,8.0,3.0,10.75,72
17:00,2023-03-30 17:00:00-04:00,1.0,2023-03-30 18:00:00-04:00,2023-03-31 00:00:00-04:00,Long,13089.25,13080.0,-9.25,9.25,7.066867849571214,True,2023-03-30 19:10:00-04:00,75.0,2023-03-30 19:15:00-04:00,13089.25,9.25,9.0,18.5,18.0,8.5,12.0,72
17:00,2023-04-04 17:00:00-04:00,1.0,2023-04-04 18:00:00-04:00,2023-04-05 00:00:00-04:00,Short,13231.75,13232.0,0.25,0.25,0.1889394826836964,True,2023-04-04 18:00:00-04:00,5.0,2023-04-04 18:05:00-04:00,13231.75,0.25,0.0,0.5,0.0,3.0,6.75,72
17:00,2023-04-05 17:00:00-04:00,1.0,2023-04-05 18:00:00-04:00,2023-04-06 00:00:00-04:00,Short,13071.75,13075.25,3.5,3.5,2.6775297875188864,True,2023-04-05 18:00:00-04:00,5.0,2023-04-05 18:05:00-04:00,13071.75,3.5,3.25,7.0,6.5,0.0,17.25,72
17:00,2023-04-06 17:00:00-04:00,1.0,2023-04-06 18:00:00-04:00,2023-04-07 00:00:00-04:00,Short,13163.5,13164.25,0.75,0.75,0.5697572833972727,True,2023-04-06 18:00:00-04:00,5.0,2023-04-06 18:05:00-04:00,13163.5,0.75,0.5,1.5,1.0,0.0,19.75,72
17:00,2023-04-10 17:00:00-04:00,1.0,2023-04-10 18:00:00-04:00,2023-04-11 00:00:00-04:00,Short,13166.0,13168.75,2.75,2.75,2.088713352574814,True,2023-04-10 18:00:00-04:00,5.0,2023-04-10 18:05:00-04:00,13166.0,2.75,2.5,5.5,5.0,0.0,10.0,72
17:00,2023-04-11 17:00:00-04:00,1.0,2023-04-11 18:00:00-04:00,2023-04-12 00:00:00-04:00,Long,13081.25,13076.0,-5.25,5.25,4.013377926421405,True,2023-04-11 18:05:00-04:00,10.0,2023-04-11 18:10:00-04:00,13081.25,5.25,5.0,10.5,10.0,4.0,7.0,72
17:00,2023-04-12 17:00:00-04:00,1.0,2023-04-12 18:00:00-04:00,2023-04-13 00:00:00-04:00,Long,12957.5,12955.0,-2.5,2.5,1.9293845263360987,True,2023-04-12 18:00:00-04:00,5.0,2023-04-12 18:05:00-04:00,12957.5,2.5,2.25,5.0,4.5,4.75,3.0,72
17:00,2023-04-13 17:00:00-04:00,1.0,2023-04-13 18:00:00-04:00,2023-04-14 00:00:00-04:00,Short,13180.75,13181.0,0.25,0.25,0.18967054226808033,True,2023-04-13 18:00:00-04:00,5.0,2023-04-13 18:05:00-04:00,13180.75,0.25,0.0,0.5,0.0,5.0,4.25,72
17:00,2023-04-17 17:00:00-04:00,1.0,2023-04-17 18:00:00-04:00,2023-04-18 00:00:00-04:00,Short,13181.25,13185.75,4.5,4.5,3.413940256045519,True,2023-04-17 18:00:00-04:00,5.0,2023-04-17 18:05:00-04:00,13181.25,4.5,4.25,9.0,8.5,0.25,7.0,72
17:00,2023-04-18 17:00:00-04:00,1.0,2023-04-18 18:00:00-04:00,2023-04-19 00:00:00-04:00,Long,13187.25,13174.0,-13.25,13.25,10.047583840451951,False,,,2023-04-19 00:00:00-04:00,13171.25,-2.75,-3.0,-5.5,-6.0,12.0,12.5,72
17:00,2023-04-19 17:00:00-04:00,1.0,2023-04-19 18:00:00-04:00,2023-04-20 00:00:00-04:00,Long,13167.75,13166.0,-1.75,1.75,1.3290045755728959,False,,,2023-04-20 00:00:00-04:00,13140.25,-25.75,-26.0,-51.5,-52.0,44.0,0.0,72
17:00,2023-04-20 17:00:00-04:00,1.0,2023-04-20 18:00:00-04:00,2023-04-21 00:00:00-04:00,Long,13090.25,13090.0,-0.25,0.25,0.19098183762724166,True,2023-04-20 19:00:00-04:00,65.0,2023-04-20 19:05:00-04:00,13090.25,0.25,0.0,0.5,0.0,13.25,4.0,72
17:00,2023-04-24 17:00:00-04:00,1.0,2023-04-24 18:00:00-04:00,2023-04-25 00:00:00-04:00,Short,13049.5,13050.25,0.75,0.75,0.5747346641633779,True,2023-04-24 18:00:00-04:00,5.0,2023-04-24 18:05:00-04:00,13049.5,0.75,0.5,1.5,1.0,1.75,7.5,72
17:00,2023-04-25 17:00:00-04:00,1.0,2023-04-25 18:00:00-04:00,2023-04-26 00:00:00-04:00,Short,12918.5,12929.75,11.25,11.25,8.70844138251345,False,,,2023-04-26 00:00:00-04:00,12970.0,-40.25,-40.5,-80.5,-81.0,67.0,6.5,72
17:00,2023-04-26 17:00:00-04:00,1.0,2023-04-26 18:00:00-04:00,2023-04-27 00:00:00-04:00,Short,12960.5,12962.0,1.5,1.5,1.1573627560665098,True,2023-04-26 18:00:00-04:00,5.0,2023-04-26 18:05:00-04:00,12960.5,1.5,1.25,3.0,2.5,7.25,2.5,72
17:00,2023-04-27 17:00:00-04:00,1.0,2023-04-27 18:00:00-04:00,2023-04-28 00:00:00-04:00,Long,13262.75,13220.0,-42.75,42.75,32.23313415392735,False,,,2023-04-28 00:00:00-04:00,13201.75,-18.25,-18.5,-36.5,-37.0,32.25,10.75,72
17:00,2023-05-01 17:00:00-04:00,1.0,2023-05-01 18:00:00-04:00,2023-05-02 00:00:00-04:00,Long,13288.75,13288.5,-0.25,0.25,0.1881290565327815,True,2023-05-01 18:30:00-04:00,35.0,2023-05-01 18:35:00-04:00,13288.75,0.25,0.0,0.5,0.0,11.0,6.75,72
17:00,2023-05-02 17:00:00-04:00,1.0,2023-05-02 18:00:00-04:00,2023-05-03 00:00:00-04:00,Long,13169.5,13163.25,-6.25,6.25,4.74581419188276,True,2023-05-02 18:10:00-04:00,15.0,2023-05-02 18:15:00-04:00,13169.5,6.25,6.0,12.5,12.0,6.75,7.75,72
17:00,2023-05-03 17:00:00-04:00,1.0,2023-05-03 18:00:00-04:00,2023-05-04 00:00:00-04:00,Long,13088.75,13067.75,-21.0,21.0,16.04431286410085,True,2023-05-03 19:05:00-04:00,70.0,2023-05-03 19:10:00-04:00,13088.75,21.0,20.75,42.0,41.5,24.75,21.0,72
17:00,2023-05-04 17:00:00-04:00,1.0,2023-05-04 18:00:00-04:00,2023-05-05 00:00:00-04:00,Short,13045.5,13059.0,13.5,13.5,10.348395998620214,False,,,2023-05-05 00:00:00-04:00,13111.0,-52.0,-52.25,-104.0,-104.5,55.25,3.25,72
17:00,2023-05-09 17:00:00-04:00,1.0,2023-05-09 18:00:00-04:00,2023-05-10 00:00:00-04:00,Short,13261.0,13261.5,0.5,0.5,0.3770454716838851,True,2023-05-09 18:00:00-04:00,5.0,2023-05-09 18:05:00-04:00,13261.0,0.5,0.25,1.0,0.5,0.0,7.75,72
17:00,2023-05-11 17:00:00-04:00,1.0,2023-05-11 18:00:00-04:00,2023-05-12 00:00:00-04:00,Long,13445.25,13444.0,-1.25,1.25,0.9296963611684425,True,2023-05-11 18:00:00-04:00,5.0,2023-05-11 18:05:00-04:00,13445.25,1.25,1.0,2.5,2.0,0.0,12.25,72
17:00,2023-05-15 17:00:00-04:00,1.0,2023-05-15 18:00:00-04:00,2023-05-16 00:00:00-04:00,Short,13464.25,13466.75,2.5,2.5,1.8567688508457583,True,2023-05-15 18:00:00-04:00,5.0,2023-05-15 18:05:00-04:00,13464.25,2.5,2.25,5.0,4.5,1.0,8.75,72
17:00,2023-05-16 17:00:00-04:00,1.0,2023-05-16 18:00:00-04:00,2023-05-17 00:00:00-04:00,Long,13502.75,13500.5,-2.25,2.25,1.666327229638407,True,2023-05-16 18:00:00-04:00,5.0,2023-05-16 18:05:00-04:00,13502.75,2.25,2.0,4.5,4.0,7.5,3.0,72
17:00,2023-05-17 17:00:00-04:00,1.0,2023-05-17 18:00:00-04:00,2023-05-18 00:00:00-04:00,Long,13641.75,13641.5,-0.25,0.25,0.18326094525995565,True,2023-05-17 18:00:00-04:00,5.0,2023-05-17 18:05:00-04:00,13641.75,0.25,0.0,0.5,0.0,3.5,1.75,72
17:00,2023-05-18 17:00:00-04:00,1.0,2023-05-18 18:00:00-04:00,2023-05-19 00:00:00-04:00,Long,13911.75,13908.25,-3.5,3.5,2.5158588962567614,True,2023-05-18 18:00:00-04:00,5.0,2023-05-18 18:05:00-04:00,13911.75,3.5,3.25,7.0,6.5,9.0,3.5,72
17:00,2023-05-22 17:00:00-04:00,1.0,2023-05-22 18:00:00-04:00,2023-05-23 00:00:00-04:00,Long,13916.0,13911.5,-4.5,4.5,3.2336878413337167,True,2023-05-22 18:00:00-04:00,5.0,2023-05-22 18:05:00-04:00,13916.0,4.5,4.25,9.0,8.5,0.25,8.5,72
17:00,2023-05-23 17:00:00-04:00,1.0,2023-05-23 18:00:00-04:00,2023-05-24 00:00:00-04:00,Long,13733.25,13732.0,-1.25,1.25,0.9101996978137002,True,2023-05-23 18:00:00-04:00,5.0,2023-05-23 18:05:00-04:00,13733.25,1.25,1.0,2.5,2.0,3.5,8.75,72
17:00,2023-05-24 17:00:00-04:00,1.0,2023-05-24 18:00:00-04:00,2023-05-25 00:00:00-04:00,Short,13842.0,13871.25,29.25,29.25,21.131339401820547,True,2023-05-24 18:30:00-04:00,35.0,2023-05-24 18:35:00-04:00,13842.0,29.25,29.0,58.5,58.0,12.75,33.0,72
17:00,2023-05-25 17:00:00-04:00,1.0,2023-05-25 18:00:00-04:00,2023-05-26 00:00:00-04:00,Long,13982.25,13981.75,-0.5,0.5,0.35759623808757535,True,2023-05-25 18:00:00-04:00,5.0,2023-05-25 18:05:00-04:00,13982.25,0.5,0.25,1.0,0.5,5.75,4.0,72
17:00,2023-05-30 17:00:00-04:00,1.0,2023-05-30 18:00:00-04:00,2023-05-31 00:00:00-04:00,Long,14402.75,14398.0,-4.75,4.75,3.297981288295638,True,2023-05-30 18:35:00-04:00,40.0,2023-05-30 18:40:00-04:00,14402.75,4.75,4.5,9.5,9.0,15.5,5.5,72
17:00,2023-05-31 17:00:00-04:00,1.0,2023-05-31 18:00:00-04:00,2023-06-01 00:00:00-04:00,Short,14288.5,14290.0,1.5,1.5,1.049795289918466,True,2023-05-31 18:05:00-04:00,10.0,2023-05-31 18:10:00-04:00,14288.5,1.5,1.25,3.0,2.5,9.5,5.5,72
17:00,2023-06-01 17:00:00-04:00,1.0,2023-06-01 18:00:00-04:00,2023-06-02 00:00:00-04:00,Long,14497.5,14494.5,-3.0,3.0,2.0693222969477496,True,2023-06-01 22:20:00-04:00,265.0,2023-06-01 22:25:00-04:00,14497.5,3.0,2.75,6.0,5.5,20.75,3.0,72
17:00,2023-06-05 17:00:00-04:00,1.0,2023-06-05 18:00:00-04:00,2023-06-06 00:00:00-04:00,Long,14583.0,14582.0,-1.0,1.0,0.6857299595419324,True,2023-06-05 18:00:00-04:00,5.0,2023-06-05 18:05:00-04:00,14583.0,1.0,0.75,2.0,1.5,6.5,5.5,72
17:00,2023-06-06 17:00:00-04:00,1.0,2023-06-06 18:00:00-04:00,2023-06-07 00:00:00-04:00,Long,14595.0,14593.5,-1.5,1.5,1.027749229188078,True,2023-06-06 18:00:00-04:00,5.0,2023-06-06 18:05:00-04:00,14595.0,1.5,1.25,3.0,2.5,2.5,4.75,72
17:00,2023-06-07 17:00:00-04:00,1.0,2023-06-07 18:00:00-04:00,2023-06-08 00:00:00-04:00,Short,14316.25,14318.75,2.5,2.5,1.7462673535318258,True,2023-06-07 18:00:00-04:00,5.0,2023-06-07 18:05:00-04:00,14316.25,2.5,2.25,5.0,4.5,12.75,2.75,72
17:00,2023-06-08 17:00:00-04:00,1.0,2023-06-08 18:00:00-04:00,2023-06-09 00:00:00-04:00,Long,14520.25,14518.75,-1.5,1.5,1.0330400647371774,False,,,2023-06-09 00:00:00-04:00,14500.0,-18.75,-19.0,-37.5,-38.0,35.75,0.25,72
17:00,2023-06-12 17:00:00-04:00,1.0,2023-06-12 18:00:00-04:00,2023-06-13 00:00:00-04:00,Long,14826.5,14825.0,-1.5,1.5,1.0117020200317,True,2023-06-12 18:45:00-04:00,50.0,2023-06-12 18:50:00-04:00,14826.5,1.5,1.25,3.0,2.5,11.5,13.0,72
17:00,2023-06-13 17:00:00-04:00,1.0,2023-06-13 18:00:00-04:00,2023-06-14 00:00:00-04:00,Short,14921.75,14928.0,6.25,6.25,4.188516762444083,True,2023-06-13 18:10:00-04:00,15.0,2023-06-13 18:15:00-04:00,14921.75,6.25,6.0,12.5,12.0,9.5,9.0,72
17:00,2023-06-14 17:00:00-04:00,1.0,2023-06-14 18:00:00-04:00,2023-06-15 00:00:00-04:00,Long,15049.75,15041.0,-8.75,8.75,5.814050067276866,False,,,2023-06-15 00:00:00-04:00,15013.0,-28.0,-28.25,-56.0,-56.5,58.75,3.75,72
17:00,2023-06-15 17:00:00-04:00,1.0,2023-06-15 18:00:00-04:00,2023-06-16 00:00:00-04:00,Short,15185.75,15193.75,8.0,8.0,5.268096735426305,True,2023-06-15 18:00:00-04:00,5.0,2023-06-15 18:05:00-04:00,15185.75,8.0,7.75,16.0,15.5,0.0,25.25,72
17:00,2023-06-20 17:00:00-04:00,1.0,2023-06-20 18:00:00-04:00,2023-06-21 00:00:00-04:00,Short,15245.5,15247.0,1.5,1.5,0.9838968876061789,True,2023-06-20 18:00:00-04:00,5.0,2023-06-20 18:05:00-04:00,15245.5,1.5,1.25,3.0,2.5,6.75,2.0,72
17:00,2023-06-21 17:00:00-04:00,1.0,2023-06-21 18:00:00-04:00,2023-06-22 00:00:00-04:00,Short,15037.25,15042.0,4.75,4.75,3.1588222580591534,True,2023-06-21 18:00:00-04:00,5.0,2023-06-21 18:05:00-04:00,15037.25,4.75,4.5,9.5,9.0,7.0,5.0,72
17:00,2023-06-22 17:00:00-04:00,1.0,2023-06-22 18:00:00-04:00,2023-06-23 00:00:00-04:00,Short,15233.5,15236.0,2.5,2.5,1.64111990021991,True,2023-06-22 18:00:00-04:00,5.0,2023-06-22 18:05:00-04:00,15233.5,2.5,2.25,5.0,4.5,0.5,10.5,72
17:00,2023-06-26 17:00:00-04:00,1.0,2023-06-26 18:00:00-04:00,2023-06-27 00:00:00-04:00,Short,14873.25,14874.75,1.5,1.5,1.00852201099289,True,2023-06-26 18:05:00-04:00,10.0,2023-06-26 18:10:00-04:00,14873.25,1.5,1.25,3.0,2.5,8.25,1.5,72
17:00,2023-06-27 17:00:00-04:00,1.0,2023-06-27 18:00:00-04:00,2023-06-28 00:00:00-04:00,Long,15088.25,15087.0,-1.25,1.25,0.8284592315212168,True,2023-06-27 18:00:00-04:00,5.0,2023-06-27 18:05:00-04:00,15088.25,1.25,1.0,2.5,2.0,1.0,5.75,72
17:00,2023-06-28 17:00:00-04:00,1.0,2023-06-28 18:00:00-04:00,2023-06-29 00:00:00-04:00,Short,15156.0,15160.5,4.5,4.5,2.969121140142518,True,2023-06-28 18:00:00-04:00,5.0,2023-06-28 18:05:00-04:00,15156.0,4.5,4.25,9.0,8.5,3.75,5.25,72
17:00,2023-06-29 17:00:00-04:00,1.0,2023-06-29 18:00:00-04:00,2023-06-30 00:00:00-04:00,Long,15108.0,15107.0,-1.0,1.0,0.6619009796134498,True,2023-06-29 18:15:00-04:00,20.0,2023-06-29 18:20:00-04:00,15108.0,1.0,0.75,2.0,1.5,8.25,1.25,72
17:00,2023-07-05 17:00:00-04:00,1.0,2023-07-05 18:00:00-04:00,2023-07-06 00:00:00-04:00,Short,15354.5,15355.0,0.5,0.5,0.32563743527955974,True,2023-07-05 18:00:00-04:00,5.0,2023-07-05 18:05:00-04:00,15354.5,0.5,0.25,1.0,0.5,4.5,5.0,72
17:00,2023-07-06 17:00:00-04:00,1.0,2023-07-06 18:00:00-04:00,2023-07-07 00:00:00-04:00,Long,15222.5,15214.0,-8.5,8.5,5.583839710954179,True,2023-07-06 18:00:00-04:00,5.0,2023-07-06 18:05:00-04:00,15222.5,8.5,8.25,17.0,16.5,2.5,9.0,72
17:00,2023-07-10 17:00:00-04:00,1.0,2023-07-10 18:00:00-04:00,2023-07-11 00:00:00-04:00,Long,15193.25,15192.75,-0.5,0.5,0.32909351192141245,True,2023-07-10 18:00:00-04:00,5.0,2023-07-10 18:05:00-04:00,15193.25,0.5,0.25,1.0,0.5,11.25,5.25,72
17:00,2023-07-11 17:00:00-04:00,1.0,2023-07-11 18:00:00-04:00,2023-07-12 00:00:00-04:00,Long,15262.5,15260.0,-2.5,2.5,1.638001638001638,True,2023-07-11 18:00:00-04:00,5.0,2023-07-11 18:05:00-04:00,15262.5,2.5,2.25,5.0,4.5,6.75,3.0,72
17:00,2023-07-12 17:00:00-04:00,1.0,2023-07-12 18:00:00-04:00,2023-07-13 00:00:00-04:00,Short,15457.75,15459.75,2.0,2.0,1.2938493635878443,True,2023-07-12 18:00:00-04:00,5.0,2023-07-12 18:05:00-04:00,15457.75,2.0,1.75,4.0,3.5,8.25,4.0,72
17:00,2023-07-13 17:00:00-04:00,1.0,2023-07-13 18:00:00-04:00,2023-07-14 00:00:00-04:00,Long,15700.0,15699.5,-0.5,0.5,0.3184713375796178,True,2023-07-13 18:00:00-04:00,5.0,2023-07-13 18:05:00-04:00,15700.0,0.5,0.25,1.0,0.5,2.0,6.0,72
17:00,2023-07-17 17:00:00-04:00,1.0,2023-07-17 18:00:00-04:00,2023-07-18 00:00:00-04:00,Short,15826.5,15827.0,0.5,0.5,0.31592582061731905,True,2023-07-17 18:00:00-04:00,5.0,2023-07-17 18:05:00-04:00,15826.5,0.5,0.25,1.0,0.5,8.0,0.5,72
17:00,2023-07-18 17:00:00-04:00,1.0,2023-07-18 18:00:00-04:00,2023-07-19 00:00:00-04:00,Short,15947.75,15952.0,4.25,4.25,2.6649527362794125,True,2023-07-18 18:00:00-04:00,5.0,2023-07-18 18:05:00-04:00,15947.75,4.25,4.0,8.5,8.0,8.5,7.5,72
17:00,2023-07-19 17:00:00-04:00,1.0,2023-07-19 18:00:00-04:00,2023-07-20 00:00:00-04:00,Long,15940.25,15925.75,-14.5,14.5,9.096469628769938,False,,,2023-07-20 00:00:00-04:00,15883.75,-42.0,-42.25,-84.0,-84.5,84.5,0.0,72
17:00,2023-07-20 17:00:00-04:00,1.0,2023-07-20 18:00:00-04:00,2023-07-21 00:00:00-04:00,Long,15596.75,15594.0,-2.75,2.75,1.7631878436212671,True,2023-07-20 18:00:00-04:00,5.0,2023-07-20 18:05:00-04:00,15596.75,2.75,2.5,5.5,5.0,4.75,3.0,72
17:00,2023-07-24 17:00:00-04:00,1.0,2023-07-24 18:00:00-04:00,2023-07-25 00:00:00-04:00,Short,15568.25,15569.25,1.0,1.0,0.642332953286336,True,2023-07-24 18:00:00-04:00,5.0,2023-07-24 18:05:00-04:00,15568.25,1.0,0.75,2.0,1.5,2.75,7.5,72
17:00,2023-07-25 17:00:00-04:00,1.0,2023-07-25 18:00:00-04:00,2023-07-26 00:00:00-04:00,Long,15725.5,15725.25,-0.25,0.25,0.15897745699659788,True,2023-07-25 18:00:00-04:00,5.0,2023-07-25 18:05:00-04:00,15725.5,0.25,0.0,0.5,0.0,31.5,14.25,72
17:00,2023-07-26 17:00:00-04:00,1.0,2023-07-26 18:00:00-04:00,2023-07-27 00:00:00-04:00,Short,15625.25,15639.25,14.0,14.0,8.959856642293722,False,,,2023-07-27 00:00:00-04:00,15700.25,-61.0,-61.25,-122.0,-122.5,68.5,8.0,72
17:00,2023-07-27 17:00:00-04:00,1.0,2023-07-27 18:00:00-04:00,2023-07-28 00:00:00-04:00,Long,15584.5,15584.0,-0.5,0.5,0.3208315954955244,True,2023-07-27 18:00:00-04:00,5.0,2023-07-27 18:05:00-04:00,15584.5,0.5,0.25,1.0,0.5,11.5,9.0,72
17:00,2023-07-31 17:00:00-04:00,1.0,2023-07-31 18:00:00-04:00,2023-08-01 00:00:00-04:00,Long,15869.0,15867.5,-1.5,1.5,0.9452391455038124,True,2023-07-31 18:00:00-04:00,5.0,2023-07-31 18:05:00-04:00,15869.0,1.5,1.25,3.0,2.5,0.5,8.5,72
17:00,2023-08-01 17:00:00-04:00,1.0,2023-08-01 18:00:00-04:00,2023-08-02 00:00:00-04:00,Long,15808.25,15769.5,-38.75,38.75,24.512517198298358,False,,,2023-08-02 00:00:00-04:00,15727.25,-42.25,-42.5,-84.5,-85.0,85.5,20.5,72
17:00,2023-08-02 17:00:00-04:00,1.0,2023-08-02 18:00:00-04:00,2023-08-03 00:00:00-04:00,Long,15452.75,15452.5,-0.25,0.25,0.16178350131853553,True,2023-08-02 18:00:00-04:00,5.0,2023-08-02 18:05:00-04:00,15452.75,0.25,0.0,0.5,0.0,0.25,18.0,72
17:00,2023-08-03 17:00:00-04:00,1.0,2023-08-03 18:00:00-04:00,2023-08-04 00:00:00-04:00,Long,15449.0,15444.0,-5.0,5.0,3.2364554340086737,True,2023-08-03 18:00:00-04:00,5.0,2023-08-03 18:05:00-04:00,15449.0,5.0,4.75,10.0,9.5,15.0,24.25,72
17:00,2023-08-07 17:00:00-04:00,1.0,2023-08-07 18:00:00-04:00,2023-08-08 00:00:00-04:00,Short,15490.25,15490.75,0.5,0.5,0.3227836865124837,True,2023-08-07 18:05:00-04:00,10.0,2023-08-07 18:10:00-04:00,15490.25,0.5,0.25,1.0,0.5,7.25,2.0,72
17:00,2023-08-08 17:00:00-04:00,1.0,2023-08-08 18:00:00-04:00,2023-08-09 00:00:00-04:00,Short,15351.0,15351.5,0.5,0.5,0.3257116800208455,True,2023-08-08 18:05:00-04:00,10.0,2023-08-08 18:10:00-04:00,15351.0,0.5,0.25,1.0,0.5,8.5,3.0,72
17:00,2023-08-09 17:00:00-04:00,1.0,2023-08-09 18:00:00-04:00,2023-08-10 00:00:00-04:00,Long,15203.5,15202.25,-1.25,1.25,0.8221791034959055,True,2023-08-09 18:00:00-04:00,5.0,2023-08-09 18:05:00-04:00,15203.5,1.25,1.0,2.5,2.0,4.25,17.5,72
17:00,2023-08-10 17:00:00-04:00,1.0,2023-08-10 18:00:00-04:00,2023-08-11 00:00:00-04:00,Short,15217.0,15218.75,1.75,1.75,1.150029572188999,True,2023-08-10 18:00:00-04:00,5.0,2023-08-10 18:05:00-04:00,15217.0,1.75,1.5,3.5,3.0,11.75,2.75,72
17:00,2023-08-14 17:00:00-04:00,1.0,2023-08-14 18:00:00-04:00,2023-08-15 00:00:00-04:00,Short,15279.75,15281.75,2.0,2.0,1.3089219391678528,True,2023-08-14 18:00:00-04:00,5.0,2023-08-14 18:05:00-04:00,15279.75,2.0,1.75,4.0,3.5,2.25,5.75,72
17:00,2023-08-15 17:00:00-04:00,1.0,2023-08-15 18:00:00-04:00,2023-08-16 00:00:00-04:00,Short,15110.0,15113.0,3.0,3.0,1.985440105890139,True,2023-08-15 18:00:00-04:00,5.0,2023-08-15 18:05:00-04:00,15110.0,3.0,2.75,6.0,5.5,6.75,4.0,72
17:00,2023-08-16 17:00:00-04:00,1.0,2023-08-16 18:00:00-04:00,2023-08-17 00:00:00-04:00,Short,14938.0,14942.5,4.5,4.5,3.0124514660597135,True,2023-08-16 18:00:00-04:00,5.0,2023-08-16 18:05:00-04:00,14938.0,4.5,4.25,9.0,8.5,6.25,4.5,72
17:00,2023-08-17 17:00:00-04:00,1.0,2023-08-17 18:00:00-04:00,2023-08-18 00:00:00-04:00,Short,14744.25,14750.0,5.75,5.75,3.8998253556471165,True,2023-08-17 18:00:00-04:00,5.0,2023-08-17 18:05:00-04:00,14744.25,5.75,5.5,11.5,11.0,9.75,7.25,72
17:00,2023-08-21 17:00:00-04:00,1.0,2023-08-21 18:00:00-04:00,2023-08-22 00:00:00-04:00,Long,14972.25,14972.0,-0.25,0.25,0.16697557147389336,True,2023-08-21 18:00:00-04:00,5.0,2023-08-21 18:05:00-04:00,14972.25,0.25,0.0,0.5,0.0,6.75,6.0,72
17:00,2023-08-22 17:00:00-04:00,1.0,2023-08-22 18:00:00-04:00,2023-08-23 00:00:00-04:00,Short,14963.25,14964.0,0.75,0.75,0.5012280086211217,True,2023-08-22 18:00:00-04:00,5.0,2023-08-22 18:05:00-04:00,14963.25,0.75,0.5,1.5,1.0,11.0,4.0,72
17:00,2023-08-23 17:00:00-04:00,1.0,2023-08-23 18:00:00-04:00,2023-08-24 00:00:00-04:00,Long,15355.0,15341.25,-13.75,13.75,8.954737870400521,True,2023-08-23 21:35:00-04:00,220.0,2023-08-23 21:40:00-04:00,15355.0,13.75,13.5,27.5,27.0,45.75,17.75,72
17:00,2023-08-24 17:00:00-04:00,1.0,2023-08-24 18:00:00-04:00,2023-08-25 00:00:00-04:00,Short,14832.0,14838.0,6.0,6.0,4.045307443365696,True,2023-08-24 18:00:00-04:00,5.0,2023-08-24 18:05:00-04:00,14832.0,6.0,5.75,12.0,11.5,14.75,8.0,72
17:00,2023-08-28 17:00:00-04:00,1.0,2023-08-28 18:00:00-04:00,2023-08-29 00:00:00-04:00,Long,15098.5,15096.0,-2.5,2.5,1.6557936218829685,True,2023-08-28 18:00:00-04:00,5.0,2023-08-28 18:05:00-04:00,15098.5,2.5,2.25,5.0,4.5,0.0,16.0,72
17:00,2023-08-29 17:00:00-04:00,1.0,2023-08-29 18:00:00-04:00,2023-08-30 00:00:00-04:00,Long,15426.0,15424.25,-1.75,1.75,1.1344483339815894,True,2023-08-29 18:00:00-04:00,5.0,2023-08-29 18:05:00-04:00,15426.0,1.75,1.5,3.5,3.0,1.25,15.25,72
17:00,2023-08-31 17:00:00-04:00,1.0,2023-08-31 18:00:00-04:00,2023-09-01 00:00:00-04:00,Long,15536.5,15534.75,-1.75,1.75,1.1263798152737103,True,2023-08-31 19:30:00-04:00,95.0,2023-08-31 19:35:00-04:00,15536.5,1.75,1.5,3.5,3.0,12.25,5.0,72
17:00,2023-09-05 17:00:00-04:00,1.0,2023-09-05 18:00:00-04:00,2023-09-06 00:00:00-04:00,Long,15517.5,15512.5,-5.0,5.0,3.2221685194135654,True,2023-09-05 18:05:00-04:00,10.0,2023-09-05 18:10:00-04:00,15517.5,5.0,4.75,10.0,9.5,2.75,7.25,72
17:00,2023-09-06 17:00:00-04:00,1.0,2023-09-06 18:00:00-04:00,2023-09-07 00:00:00-04:00,Short,15387.5,15388.75,1.25,1.25,0.8123476848090982,True,2023-09-06 18:00:00-04:00,5.0,2023-09-06 18:05:00-04:00,15387.5,1.25,1.0,2.5,2.0,3.25,1.5,72
17:00,2023-09-07 17:00:00-04:00,1.0,2023-09-07 18:00:00-04:00,2023-09-08 00:00:00-04:00,Short,15285.25,15287.0,1.75,1.75,1.1448945879197265,True,2023-09-07 18:00:00-04:00,5.0,2023-09-07 18:05:00-04:00,15285.25,1.75,1.5,3.5,3.0,3.0,1.75,72
17:00,2023-09-11 17:00:00-04:00,1.0,2023-09-11 18:00:00-04:00,2023-09-12 00:00:00-04:00,Long,15472.5,15464.0,-8.5,8.5,5.493617708838261,True,2023-09-11 23:45:00-04:00,350.0,2023-09-11 23:50:00-04:00,15472.5,8.5,8.25,17.0,16.5,21.0,8.75,72
17:00,2023-09-12 17:00:00-04:00,1.0,2023-09-12 18:00:00-04:00,2023-09-13 00:00:00-04:00,Long,15309.25,15308.0,-1.25,1.25,0.816499828535036,True,2023-09-12 18:00:00-04:00,5.0,2023-09-12 18:05:00-04:00,15309.25,1.25,1.0,2.5,2.0,2.0,5.25,72
17:00,2023-09-13 17:00:00-04:00,1.0,2023-09-13 18:00:00-04:00,2023-09-14 00:00:00-04:00,Long,15378.25,15373.25,-5.0,5.0,3.251345244094744,True,2023-09-13 18:00:00-04:00,5.0,2023-09-13 18:05:00-04:00,15378.25,5.0,4.75,10.0,9.5,3.25,5.25,72
17:00,2023-09-14 17:00:00-04:00,1.0,2023-09-14 18:00:00-04:00,2023-09-15 00:00:00-04:00,Long,15484.75,15476.0,-8.75,8.75,5.650720870533912,True,2023-09-14 18:10:00-04:00,15.0,2023-09-14 18:15:00-04:00,15484.75,8.75,8.5,17.5,17.0,3.5,8.75,72
17:00,2023-09-19 17:00:00-04:00,1.0,2023-09-19 18:00:00-04:00,2023-09-20 00:00:00-04:00,Long,15383.25,15378.75,-4.5,4.5,2.92525961679099,True,2023-09-19 18:00:00-04:00,5.0,2023-09-19 18:05:00-04:00,15383.25,4.5,4.25,9.0,8.5,0.75,6.75,72
17:00,2023-09-20 17:00:00-04:00,1.0,2023-09-20 18:00:00-04:00,2023-09-21 00:00:00-04:00,Short,15131.5,15133.0,1.5,1.5,0.9913095198757559,True,2023-09-20 18:10:00-04:00,15.0,2023-09-20 18:15:00-04:00,15131.5,1.5,1.25,3.0,2.5,15.0,7.75,72
17:00,2023-09-21 17:00:00-04:00,1.0,2023-09-21 18:00:00-04:00,2023-09-22 00:00:00-04:00,Short,14849.25,14850.0,0.75,0.75,0.5050760139400979,True,2023-09-21 19:50:00-04:00,115.0,2023-09-21 19:55:00-04:00,14849.25,0.75,0.5,1.5,1.0,21.25,6.0,72
17:00,2023-09-25 17:00:00-04:00,1.0,2023-09-25 18:00:00-04:00,2023-09-26 00:00:00-04:00,Short,14951.0,14952.5,1.5,1.5,1.0032773727509865,True,2023-09-25 18:00:00-04:00,5.0,2023-09-25 18:05:00-04:00,14951.0,1.5,1.25,3.0,2.5,0.0,9.5,72
17:00,2023-09-26 17:00:00-04:00,1.0,2023-09-26 18:00:00-04:00,2023-09-27 00:00:00-04:00,Short,14725.0,14726.5,1.5,1.5,1.0186757215619693,True,2023-09-26 18:00:00-04:00,5.0,2023-09-26 18:05:00-04:00,14725.0,1.5,1.25,3.0,2.5,3.25,7.25,72
17:00,2023-09-27 17:00:00-04:00,1.0,2023-09-27 18:00:00-04:00,2023-09-28 00:00:00-04:00,Short,14767.5,14771.0,3.5,3.5,2.3700694091755543,True,2023-09-27 18:00:00-04:00,5.0,2023-09-27 18:05:00-04:00,14767.5,3.5,3.25,7.0,6.5,4.0,12.0,72
17:00,2023-09-28 17:00:00-04:00,1.0,2023-09-28 18:00:00-04:00,2023-09-29 00:00:00-04:00,Short,14876.25,14877.0,0.75,0.75,0.5041593143433325,True,2023-09-28 18:00:00-04:00,5.0,2023-09-28 18:05:00-04:00,14876.25,0.75,0.5,1.5,1.0,13.25,4.25,72
17:00,2023-10-02 17:00:00-04:00,1.0,2023-10-02 18:00:00-04:00,2023-10-03 00:00:00-04:00,Long,14993.0,14992.0,-1.0,1.0,0.6669779230307477,True,2023-10-02 18:10:00-04:00,15.0,2023-10-02 18:15:00-04:00,14993.0,1.0,0.75,2.0,1.5,5.5,7.0,72
17:00,2023-10-03 17:00:00-04:00,1.0,2023-10-03 18:00:00-04:00,2023-10-04 00:00:00-04:00,Short,14714.5,14715.0,0.5,0.5,0.33980087668626185,True,2023-10-03 18:00:00-04:00,5.0,2023-10-03 18:05:00-04:00,14714.5,0.5,0.25,1.0,0.5,3.5,10.0,72
17:00,2023-10-04 17:00:00-04:00,1.0,2023-10-04 18:00:00-04:00,2023-10-05 00:00:00-04:00,Short,14902.75,14904.25,1.5,1.5,1.0065256412407106,True,2023-10-04 18:00:00-04:00,5.0,2023-10-04 18:05:00-04:00,14902.75,1.5,1.25,3.0,2.5,1.75,10.0,72
17:00,2023-10-05 17:00:00-04:00,1.0,2023-10-05 18:00:00-04:00,2023-10-06 00:00:00-04:00,Long,14860.0,14856.0,-4.0,4.0,2.6917900403768504,True,2023-10-05 18:00:00-04:00,5.0,2023-10-05 18:05:00-04:00,14860.0,4.0,3.75,8.0,7.5,1.0,4.25,72
17:00,2023-10-09 17:00:00-04:00,1.0,2023-10-09 18:00:00-04:00,2023-10-10 00:00:00-04:00,Short,15195.25,15199.0,3.75,3.75,2.4678764745561934,True,2023-10-09 18:00:00-04:00,5.0,2023-10-09 18:05:00-04:00,15195.25,3.75,3.5,7.5,7.0,0.0,10.0,72
17:00,2023-10-10 17:00:00-04:00,1.0,2023-10-10 18:00:00-04:00,2023-10-11 00:00:00-04:00,Long,15282.75,15278.75,-4.0,4.0,2.617329996237588,True,2023-10-10 18:00:00-04:00,5.0,2023-10-10 18:05:00-04:00,15282.75,4.0,3.75,8.0,7.5,2.5,4.5,72
17:00,2023-10-11 17:00:00-04:00,1.0,2023-10-11 18:00:00-04:00,2023-10-12 00:00:00-04:00,Long,15410.75,15408.25,-2.5,2.5,1.6222442126437715,True,2023-10-11 19:25:00-04:00,90.0,2023-10-11 19:30:00-04:00,15410.75,2.5,2.25,5.0,4.5,11.25,4.25,72
17:00,2023-10-12 17:00:00-04:00,1.0,2023-10-12 18:00:00-04:00,2023-10-13 00:00:00-04:00,Short,15323.75,15326.0,2.25,2.25,1.4683089974712458,True,2023-10-12 18:00:00-04:00,5.0,2023-10-12 18:05:00-04:00,15323.75,2.25,2.0,4.5,4.0,0.75,12.5,72
17:00,2023-10-16 17:00:00-04:00,1.0,2023-10-16 18:00:00-04:00,2023-10-17 00:00:00-04:00,Short,15304.0,15304.75,0.75,0.75,0.49006795608991116,True,2023-10-16 18:00:00-04:00,5.0,2023-10-16 18:05:00-04:00,15304.0,0.75,0.5,1.5,1.0,0.75,7.5,72
17:00,2023-10-17 17:00:00-04:00,1.0,2023-10-17 18:00:00-04:00,2023-10-18 00:00:00-04:00,Short,15242.25,15243.0,0.75,0.75,0.49205333858190226,True,2023-10-17 18:00:00-04:00,5.0,2023-10-17 18:05:00-04:00,15242.25,0.75,0.5,1.5,1.0,0.0,20.5,72
17:00,2023-10-18 17:00:00-04:00,1.0,2023-10-18 18:00:00-04:00,2023-10-19 00:00:00-04:00,Long,15062.5,15048.0,-14.5,14.5,9.62655601659751,False,,,2023-10-19 00:00:00-04:00,14996.0,-52.0,-52.25,-104.0,-104.5,67.0,9.25,72
17:00,2023-10-19 17:00:00-04:00,1.0,2023-10-19 18:00:00-04:00,2023-10-20 00:00:00-04:00,Short,14849.75,14850.25,0.5,0.5,0.3367060051516019,True,2023-10-19 18:00:00-04:00,5.0,2023-10-19 18:05:00-04:00,14849.75,0.5,0.25,1.0,0.5,5.25,10.0,72
17:00,2023-10-23 17:00:00-04:00,1.0,2023-10-23 18:00:00-04:00,2023-10-24 00:00:00-04:00,Long,14749.0,14746.0,-3.0,3.0,2.034036205844464,True,2023-10-23 18:00:00-04:00,5.0,2023-10-23 18:05:00-04:00,14749.0,3.0,2.75,6.0,5.5,8.0,6.0,72
17:00,2023-10-24 17:00:00-04:00,1.0,2023-10-24 18:00:00-04:00,2023-10-25 00:00:00-04:00,Short,14829.0,14831.5,2.5,2.5,1.6858857643806056,True,2023-10-24 18:00:00-04:00,5.0,2023-10-24 18:05:00-04:00,14829.0,2.5,2.25,5.0,4.5,23.0,49.5,72
17:00,2023-10-25 17:00:00-04:00,1.0,2023-10-25 18:00:00-04:00,2023-10-26 00:00:00-04:00,Long,14464.25,14430.75,-33.5,33.5,23.160551013706208,False,,,2023-10-26 00:00:00-04:00,14320.75,-110.0,-110.25,-220.0,-220.5,128.5,0.0,72
17:00,2023-10-26 17:00:00-04:00,1.0,2023-10-26 18:00:00-04:00,2023-10-27 00:00:00-04:00,Short,14212.25,14244.0,31.75,31.75,22.339882847543493,False,,,2023-10-27 00:00:00-04:00,14307.0,-63.0,-63.25,-126.0,-126.5,74.25,0.0,72
17:00,2023-10-31 17:00:00-04:00,1.0,2023-10-31 18:00:00-04:00,2023-11-01 00:00:00-04:00,Short,14452.25,14458.0,5.75,5.75,3.9786192461381447,True,2023-10-31 19:00:00-04:00,65.0,2023-10-31 19:05:00-04:00,14452.25,5.75,5.5,11.5,11.0,20.0,11.5,72
17:00,2023-11-01 17:00:00-04:00,1.0,2023-11-01 18:00:00-04:00,2023-11-02 00:00:00-04:00,Long,14760.25,14760.0,-0.25,0.25,0.16937382496908926,True,2023-11-01 18:00:00-04:00,5.0,2023-11-01 18:05:00-04:00,14760.25,0.25,0.0,0.5,0.0,0.25,3.75,72
17:00,2023-11-02 17:00:00-04:00,1.0,2023-11-02 18:00:00-04:00,2023-11-03 00:00:00-04:00,Long,14970.0,14931.25,-38.75,38.75,25.88510354041416,False,,,2023-11-03 00:00:00-04:00,14957.25,26.0,25.75,52.0,51.5,7.0,36.5,72
17:00,2023-11-06 17:00:00-05:00,1.0,2023-11-06 18:00:00-05:00,2023-11-07 00:00:00-05:00,Long,15223.0,15216.75,-6.25,6.25,4.105629639361493,True,2023-11-06 20:45:00-05:00,170.0,2023-11-06 20:50:00-05:00,15223.0,6.25,6.0,12.5,12.0,17.75,6.25,72
17:00,2023-11-07 17:00:00-05:00,1.0,2023-11-07 18:00:00-05:00,2023-11-08 00:00:00-05:00,Long,15375.75,15372.0,-3.75,3.75,2.4389054192478414,True,2023-11-07 19:15:00-05:00,80.0,2023-11-07 19:20:00-05:00,15375.75,3.75,3.5,7.5,7.0,9.25,4.5,72
17:00,2023-11-09 17:00:00-05:00,1.0,2023-11-09 18:00:00-05:00,2023-11-10 00:00:00-05:00,Long,15255.25,15254.75,-0.5,0.5,0.3277560184198883,False,,,2023-11-10 00:00:00-05:00,15248.25,-6.5,-6.75,-13.0,-13.5,47.75,0.0,72
17:00,2023-11-13 17:00:00-05:00,1.0,2023-11-13 18:00:00-05:00,2023-11-14 00:00:00-05:00,Short,15557.0,15559.5,2.5,2.5,1.6069936363052002,True,2023-11-13 18:00:00-05:00,5.0,2023-11-13 18:05:00-05:00,15557.0,2.5,2.25,5.0,4.5,0.0,7.25,72
17:00,2023-11-14 17:00:00-05:00,1.0,2023-11-14 18:00:00-05:00,2023-11-15 00:00:00-05:00,Short,15893.25,15894.25,1.0,1.0,0.6291979299388105,False,,,2023-11-15 00:00:00-05:00,15921.25,-27.0,-27.25,-54.0,-54.5,39.0,0.0,72
17:00,2023-11-15 17:00:00-05:00,1.0,2023-11-15 18:00:00-05:00,2023-11-16 00:00:00-05:00,Long,15845.0,15844.0,-1.0,1.0,0.6311139160618491,True,2023-11-15 18:00:00-05:00,5.0,2023-11-15 18:05:00-05:00,15845.0,1.0,0.75,2.0,1.5,0.0,12.0,72
17:00,2023-11-20 17:00:00-05:00,1.0,2023-11-20 18:00:00-05:00,2023-11-21 00:00:00-05:00,Long,16090.0,16089.75,-0.25,0.25,0.15537600994406464,True,2023-11-20 18:00:00-05:00,5.0,2023-11-20 18:05:00-05:00,16090.0,0.25,0.0,0.5,0.0,7.25,5.0,72
17:00,2023-11-21 17:00:00-05:00,1.0,2023-11-21 18:00:00-05:00,2023-11-22 00:00:00-05:00,Short,15968.25,15970.0,1.75,1.75,1.095924725627417,True,2023-11-21 18:00:00-05:00,5.0,2023-11-21 18:05:00-05:00,15968.25,1.75,1.5,3.5,3.0,0.0,13.5,72
17:00,2023-11-22 17:00:00-05:00,1.0,2023-11-22 18:00:00-05:00,2023-11-23 00:00:00-05:00,Long,16045.0,16039.75,-5.25,5.25,3.272047366780929,True,2023-11-22 18:20:00-05:00,25.0,2023-11-22 18:25:00-05:00,16045.0,5.25,5.0,10.5,10.0,5.75,6.0,72
17:00,2023-11-27 17:00:00-05:00,1.0,2023-11-27 18:00:00-05:00,2023-11-28 00:00:00-05:00,Short,16003.5,16004.0,0.5,0.5,0.31243165557534286,True,2023-11-27 18:00:00-05:00,5.0,2023-11-27 18:05:00-05:00,16003.5,0.5,0.25,1.0,0.5,8.25,2.0,72
17:00,2023-11-28 17:00:00-05:00,1.0,2023-11-28 18:00:00-05:00,2023-11-29 00:00:00-05:00,Short,16051.75,16054.75,3.0,3.0,1.868955098353762,True,2023-11-28 18:00:00-05:00,5.0,2023-11-28 18:05:00-05:00,16051.75,3.0,2.75,6.0,5.5,3.0,14.0,72
17:00,2023-11-29 17:00:00-05:00,1.0,2023-11-29 18:00:00-05:00,2023-11-30 00:00:00-05:00,Short,16041.25,16041.5,0.25,0.25,0.15584820384945064,True,2023-11-29 18:00:00-05:00,5.0,2023-11-29 18:05:00-05:00,16041.25,0.25,0.0,0.5,0.0,2.5,4.5,72
17:00,2023-11-30 17:00:00-05:00,1.0,2023-11-30 18:00:00-05:00,2023-12-01 00:00:00-05:00,Long,15957.25,15955.0,-2.25,2.25,1.4100173902144792,True,2023-11-30 18:00:00-05:00,5.0,2023-11-30 18:05:00-05:00,15957.25,2.25,2.0,4.5,4.0,5.0,5.0,72
17:00,2023-12-04 17:00:00-05:00,1.0,2023-12-04 18:00:00-05:00,2023-12-05 00:00:00-05:00,Short,15857.5,15860.75,3.25,3.25,2.049503389563298,True,2023-12-04 18:00:00-05:00,5.0,2023-12-04 18:05:00-05:00,15857.5,3.25,3.0,6.5,6.0,1.75,7.75,72
17:00,2023-12-05 17:00:00-05:00,1.0,2023-12-05 18:00:00-05:00,2023-12-06 00:00:00-05:00,Long,15900.5,15898.75,-1.75,1.75,1.100594320933304,True,2023-12-05 18:10:00-05:00,15.0,2023-12-05 18:15:00-05:00,15900.5,1.75,1.5,3.5,3.0,7.75,5.25,72
17:00,2023-12-06 17:00:00-05:00,1.0,2023-12-06 18:00:00-05:00,2023-12-07 00:00:00-05:00,Short,15814.0,15816.25,2.25,2.25,1.4227899329707854,True,2023-12-06 18:00:00-05:00,5.0,2023-12-06 18:05:00-05:00,15814.0,2.25,2.0,4.5,4.0,0.0,16.25,72
17:00,2023-12-07 17:00:00-05:00,1.0,2023-12-07 18:00:00-05:00,2023-12-08 00:00:00-05:00,Short,16016.0,16018.5,2.5,2.5,1.560939060939061,True,2023-12-07 18:45:00-05:00,50.0,2023-12-07 18:50:00-05:00,16016.0,2.5,2.25,5.0,4.5,10.0,2.5,72
17:00,2023-12-11 17:00:00-05:00,1.0,2023-12-11 18:00:00-05:00,2023-12-12 00:00:00-05:00,Long,16245.0,16238.25,-6.75,6.75,4.155124653739612,True,2023-12-11 19:00:00-05:00,65.0,2023-12-11 19:05:00-05:00,16245.0,6.75,6.5,13.5,13.0,9.25,7.25,72
17:00,2023-12-12 17:00:00-05:00,1.0,2023-12-12 18:00:00-05:00,2023-12-13 00:00:00-05:00,Long,16385.75,16380.5,-5.25,5.25,3.204003478632348,True,2023-12-12 18:00:00-05:00,5.0,2023-12-12 18:05:00-05:00,16385.75,5.25,5.0,10.5,10.0,2.75,11.5,72
17:00,2023-12-13 17:00:00-05:00,1.0,2023-12-13 18:00:00-05:00,2023-12-14 00:00:00-05:00,Short,16550.0,16563.25,13.25,13.25,8.006042296072508,False,,,2023-12-14 00:00:00-05:00,16664.75,-101.5,-101.75,-203.0,-203.5,111.25,1.25,72
17:00,2023-12-14 17:00:00-05:00,1.0,2023-12-14 18:00:00-05:00,2023-12-15 00:00:00-05:00,Long,16525.25,16525.0,-0.25,0.25,0.151283641699823,True,2023-12-14 18:00:00-05:00,5.0,2023-12-14 18:05:00-05:00,16525.25,0.25,0.0,0.5,0.0,4.25,19.0,72
17:00,2023-12-19 17:00:00-05:00,1.0,2023-12-19 18:00:00-05:00,2023-12-20 00:00:00-05:00,Long,17026.0,17023.0,-3.0,3.0,1.7620110419358628,True,2023-12-19 18:00:00-05:00,5.0,2023-12-19 18:05:00-05:00,17026.0,3.0,2.75,6.0,5.5,3.0,3.0,72
17:00,2023-12-21 17:00:00-05:00,1.0,2023-12-21 18:00:00-05:00,2023-12-22 00:00:00-05:00,Short,16950.25,16954.5,4.25,4.25,2.5073376498871696,True,2023-12-21 18:00:00-05:00,5.0,2023-12-21 18:05:00-05:00,16950.25,4.25,4.0,8.5,8.0,0.0,22.75,72
17:00,2023-12-26 17:00:00-05:00,1.0,2023-12-26 18:00:00-05:00,2023-12-27 00:00:00-05:00,Long,17090.0,17085.0,-5.0,5.0,2.925687536571094,True,2023-12-26 18:00:00-05:00,5.0,2023-12-26 18:05:00-05:00,17090.0,5.0,4.75,10.0,9.5,0.0,14.75,72
17:00,2023-12-27 17:00:00-05:00,1.0,2023-12-27 18:00:00-05:00,2023-12-28 00:00:00-05:00,Long,17130.0,17129.0,-1.0,1.0,0.5837711617046117,True,2023-12-27 19:45:00-05:00,110.0,2023-12-27 19:50:00-05:00,17130.0,1.0,0.75,2.0,1.5,11.25,7.75,72
17:00,2023-12-28 17:00:00-05:00,1.0,2023-12-28 18:00:00-05:00,2023-12-29 00:00:00-05:00,Short,17089.5,17089.75,0.25,0.25,0.14628865677755346,True,2023-12-28 18:00:00-05:00,5.0,2023-12-28 18:05:00-05:00,17089.5,0.25,0.0,0.5,0.0,6.75,7.75,72
17:00,2024-01-02 17:00:00-05:00,1.0,2024-01-02 18:00:00-05:00,2024-01-03 00:00:00-05:00,Short,16731.5,16740.0,8.5,8.5,5.080237874667544,True,2024-01-02 18:00:00-05:00,5.0,2024-01-02 18:05:00-05:00,16731.5,8.5,8.25,17.0,16.5,0.0,12.0,72
17:00,2024-01-03 17:00:00-05:00,1.0,2024-01-03 18:00:00-05:00,2024-01-04 00:00:00-05:00,Short,16542.25,16543.25,1.0,1.0,0.6045126872100228,True,2024-01-03 19:00:00-05:00,65.0,2024-01-03 19:05:00-05:00,16542.25,1.0,0.75,2.0,1.5,19.75,4.0,72
17:00,2024-01-04 17:00:00-05:00,1.0,2024-01-04 18:00:00-05:00,2024-01-05 00:00:00-05:00,Short,16450.5,16454.0,3.5,3.5,2.127594905929911,True,2024-01-04 18:00:00-05:00,5.0,2024-01-04 18:05:00-05:00,16450.5,3.5,3.25,7.0,6.5,9.75,3.75,72
17:00,2024-01-08 17:00:00-05:00,1.0,2024-01-08 18:00:00-05:00,2024-01-09 00:00:00-05:00,Short,16788.0,16790.0,2.0,2.0,1.1913271384322135,True,2024-01-08 18:00:00-05:00,5.0,2024-01-08 18:05:00-05:00,16788.0,2.0,1.75,4.0,3.5,0.0,9.0,72
17:00,2024-01-09 17:00:00-05:00,1.0,2024-01-09 18:00:00-05:00,2024-01-10 00:00:00-05:00,Short,16829.25,16829.5,0.25,0.25,0.14855088610603562,True,2024-01-09 18:00:00-05:00,5.0,2024-01-09 18:05:00-05:00,16829.25,0.25,0.0,0.5,0.0,1.5,10.5,72
17:00,2024-01-11 17:00:00-05:00,1.0,2024-01-11 18:00:00-05:00,2024-01-12 00:00:00-05:00,Long,16958.75,16958.0,-0.75,0.75,0.4422495761774895,True,2024-01-11 18:25:00-05:00,30.0,2024-01-11 18:30:00-05:00,16958.75,0.75,0.5,1.5,1.0,17.0,5.25,72
17:00,2024-01-16 17:00:00-05:00,1.0,2024-01-16 18:00:00-05:00,2024-01-17 00:00:00-05:00,Short,16978.5,16979.5,1.0,1.0,0.5889801808169155,True,2024-01-16 18:00:00-05:00,5.0,2024-01-16 18:05:00-05:00,16978.5,1.0,0.75,2.0,1.5,1.75,8.25,72
17:00,2024-01-18 17:00:00-05:00,1.0,2024-01-18 18:00:00-05:00,2024-01-19 00:00:00-05:00,Short,17117.0,17117.75,0.75,0.75,0.438160892679792,True,2024-01-18 18:00:00-05:00,5.0,2024-01-18 18:05:00-05:00,17117.0,0.75,0.5,1.5,1.0,0.25,10.5,72
17:00,2024-01-22 17:00:00-05:00,1.0,2024-01-22 18:00:00-05:00,2024-01-23 00:00:00-05:00,Short,17455.5,17457.0,1.5,1.5,0.8593280054996992,True,2024-01-22 18:00:00-05:00,5.0,2024-01-22 18:05:00-05:00,17455.5,1.5,1.25,3.0,2.5,1.25,7.0,72
17:00,2024-01-23 17:00:00-05:00,1.0,2024-01-23 18:00:00-05:00,2024-01-24 00:00:00-05:00,Short,17551.0,17551.5,0.5,0.5,0.28488405219075835,False,,,2024-01-24 00:00:00-05:00,17594.25,-42.75,-43.0,-85.5,-86.0,46.0,0.0,72
17:00,2024-01-24 17:00:00-05:00,1.0,2024-01-24 18:00:00-05:00,2024-01-25 00:00:00-05:00,Long,17633.0,17618.75,-14.25,14.25,8.08143821244258,True,2024-01-24 20:05:00-05:00,130.0,2024-01-24 20:10:00-05:00,17633.0,14.25,14.0,28.5,28.0,18.75,17.25,72
17:00,2024-01-25 17:00:00-05:00,1.0,2024-01-25 18:00:00-05:00,2024-01-26 00:00:00-05:00,Long,17578.25,17574.25,-4.0,4.0,2.27553937394223,False,,,2024-01-26 00:00:00-05:00,17491.25,-83.0,-83.25,-166.0,-166.5,90.75,0.0,72
17:00,2024-01-29 17:00:00-05:00,1.0,2024-01-29 18:00:00-05:00,2024-01-30 00:00:00-05:00,Short,17699.25,17708.0,8.75,8.75,4.94371230419368,False,,,2024-01-30 00:00:00-05:00,17712.5,-4.5,-4.75,-9.0,-9.5,27.75,8.0,72
17:00,2024-01-30 17:00:00-05:00,1.0,2024-01-30 18:00:00-05:00,2024-01-31 00:00:00-05:00,Long,17469.0,17427.5,-41.5,41.5,23.756368424065485,False,,,2024-01-31 00:00:00-05:00,17449.75,22.25,22.0,44.5,44.0,18.5,34.5,72
17:00,2024-01-31 17:00:00-05:00,1.0,2024-01-31 18:00:00-05:00,2024-02-01 00:00:00-05:00,Short,17264.5,17275.0,10.5,10.5,6.081844246864954,False,,,2024-02-01 00:00:00-05:00,17317.75,-42.75,-43.0,-85.5,-86.0,51.0,8.0,72
17:00,2024-02-01 17:00:00-05:00,1.0,2024-02-01 18:00:00-05:00,2024-02-02 00:00:00-05:00,Long,17628.5,17592.0,-36.5,36.5,20.705108205462743,True,2024-02-01 20:35:00-05:00,160.0,2024-02-01 20:40:00-05:00,17628.5,36.5,36.25,73.0,72.5,12.5,39.0,72
17:00,2024-02-05 17:00:00-05:00,1.0,2024-02-05 18:00:00-05:00,2024-02-06 00:00:00-05:00,Long,17702.75,17702.0,-0.75,0.75,0.42366299021338494,True,2024-02-05 18:00:00-05:00,5.0,2024-02-05 18:05:00-05:00,17702.75,0.75,0.5,1.5,1.0,3.25,9.0,72
17:00,2024-02-06 17:00:00-05:00,1.0,2024-02-06 18:00:00-05:00,2024-02-07 00:00:00-05:00,Long,17649.5,17648.0,-1.5,1.5,0.8498824329301113,True,2024-02-06 18:00:00-05:00,5.0,2024-02-06 18:05:00-05:00,17649.5,1.5,1.25,3.0,2.5,2.0,12.0,72
17:00,2024-02-07 17:00:00-05:00,1.0,2024-02-07 18:00:00-05:00,2024-02-08 00:00:00-05:00,Long,17856.0,17851.0,-5.0,5.0,2.800179211469534,True,2024-02-07 21:00:00-05:00,185.0,2024-02-07 21:05:00-05:00,17856.0,5.0,4.75,10.0,9.5,16.0,5.5,72
17:00,2024-02-08 17:00:00-05:00,1.0,2024-02-08 18:00:00-05:00,2024-02-09 00:00:00-05:00,Long,17861.0,17857.25,-3.75,3.75,2.0995464979564415,True,2024-02-08 18:00:00-05:00,5.0,2024-02-08 18:05:00-05:00,17861.0,3.75,3.5,7.5,7.0,5.5,5.5,72
17:00,2024-02-13 17:00:00-05:00,1.0,2024-02-13 18:00:00-05:00,2024-02-14 00:00:00-05:00,Short,17699.0,17703.0,4.0,4.0,2.2600146900954856,True,2024-02-13 18:00:00-05:00,5.0,2024-02-13 18:05:00-05:00,17699.0,4.0,3.75,8.0,7.5,3.0,18.0,72
17:00,2024-02-14 17:00:00-05:00,1.0,2024-02-14 18:00:00-05:00,2024-02-15 00:00:00-05:00,Long,17874.5,17873.25,-1.25,1.25,0.6993202607065933,True,2024-02-14 18:20:00-05:00,25.0,2024-02-14 18:25:00-05:00,17874.5,1.25,1.0,2.5,2.0,7.5,1.25,72
17:00,2024-02-15 17:00:00-05:00,1.0,2024-02-15 18:00:00-05:00,2024-02-16 00:00:00-05:00,Long,17954.25,17949.25,-5.0,5.0,2.7848559533258146,True,2024-02-15 18:00:00-05:00,5.0,2024-02-15 18:05:00-05:00,17954.25,5.0,4.75,10.0,9.5,1.25,10.75,72
17:00,2024-02-20 17:00:00-05:00,1.0,2024-02-20 18:00:00-05:00,2024-02-21 00:00:00-05:00,Long,17582.75,17574.75,-8.0,8.0,4.54991397818885,True,2024-02-20 18:10:00-05:00,15.0,2024-02-20 18:15:00-05:00,17582.75,8.0,7.75,16.0,15.5,8.5,16.0,72
17:00,2024-02-21 17:00:00-05:00,1.0,2024-02-21 18:00:00-05:00,2024-02-22 00:00:00-05:00,Long,17710.0,17704.0,-6.0,6.0,3.387916431394692,True,2024-02-21 18:00:00-05:00,5.0,2024-02-21 18:05:00-05:00,17710.0,6.0,5.75,12.0,11.5,15.0,6.0,72
17:00,2024-02-22 17:00:00-05:00,1.0,2024-02-22 18:00:00-05:00,2024-02-23 00:00:00-05:00,Short,18024.5,18025.25,0.75,0.75,0.41610030791422786,True,2024-02-22 18:00:00-05:00,5.0,2024-02-22 18:05:00-05:00,18024.5,0.75,0.5,1.5,1.0,10.75,5.75,72
17:00,2024-02-26 17:00:00-05:00,1.0,2024-02-26 18:00:00-05:00,2024-02-27 00:00:00-05:00,Short,17949.25,17953.75,4.5,4.5,2.5070685404682647,True,2024-02-26 18:00:00-05:00,5.0,2024-02-26 18:05:00-05:00,17949.25,4.5,4.25,9.0,8.5,0.25,11.25,72
17:00,2024-02-27 17:00:00-05:00,1.0,2024-02-27 18:00:00-05:00,2024-02-28 00:00:00-05:00,Short,18012.0,18014.0,2.0,2.0,1.1103708638685321,True,2024-02-27 18:00:00-05:00,5.0,2024-02-27 18:05:00-05:00,18012.0,2.0,1.75,4.0,3.5,5.25,3.25,72
17:00,2024-02-28 17:00:00-05:00,1.0,2024-02-28 18:00:00-05:00,2024-02-29 00:00:00-05:00,Short,17860.5,17868.25,7.75,7.75,4.3391842333641275,False,,,2024-02-29 00:00:00-05:00,17926.75,-58.5,-58.75,-117.0,-117.5,58.75,3.25,72
17:00,2024-02-29 17:00:00-05:00,1.0,2024-02-29 18:00:00-05:00,2024-03-01 00:00:00-05:00,Short,18070.5,18071.5,1.0,1.0,0.5533881187570903,True,2024-02-29 18:00:00-05:00,5.0,2024-02-29 18:05:00-05:00,18070.5,1.0,0.75,2.0,1.5,9.5,1.5,72
17:00,2024-03-04 17:00:00-05:00,1.0,2024-03-04 18:00:00-05:00,2024-03-05 00:00:00-05:00,Short,18244.75,18248.5,3.75,3.75,2.055385795913893,True,2024-03-04 18:00:00-05:00,5.0,2024-03-04 18:05:00-05:00,18244.75,3.75,3.5,7.5,7.0,5.5,8.25,72
17:00,2024-03-05 17:00:00-05:00,1.0,2024-03-05 18:00:00-05:00,2024-03-06 00:00:00-05:00,Long,17983.25,17982.0,-1.25,1.25,0.695091265483158,True,2024-03-05 18:00:00-05:00,5.0,2024-03-05 18:05:00-05:00,17983.25,1.25,1.0,2.5,2.0,15.75,3.0,72
17:00,2024-03-06 17:00:00-05:00,1.0,2024-03-06 18:00:00-05:00,2024-03-07 00:00:00-05:00,Short,18039.25,18040.0,0.75,0.75,0.4157600787172416,True,2024-03-06 18:00:00-05:00,5.0,2024-03-06 18:05:00-05:00,18039.25,0.75,0.5,1.5,1.0,8.0,6.0,72
17:00,2024-03-07 17:00:00-05:00,1.0,2024-03-07 18:00:00-05:00,2024-03-08 00:00:00-05:00,Short,18254.25,18275.0,20.75,20.75,11.367215853842255,True,2024-03-07 19:05:00-05:00,70.0,2024-03-07 19:10:00-05:00,18254.25,20.75,20.5,41.5,41.0,13.75,23.75,72
17:00,2024-03-11 17:00:00-04:00,1.0,2024-03-11 18:00:00-04:00,2024-03-12 00:00:00-04:00,Short,18000.0,18008.0,8.0,8.0,4.444444444444445,True,2024-03-11 18:00:00-04:00,5.0,2024-03-11 18:05:00-04:00,18000.0,8.0,7.75,16.0,15.5,13.5,10.0,72
17:00,2024-03-12 17:00:00-04:00,1.0,2024-03-12 18:00:00-04:00,2024-03-13 00:00:00-04:00,Short,18224.0,18227.5,3.5,3.5,1.9205443371378403,True,2024-03-12 18:00:00-04:00,5.0,2024-03-12 18:05:00-04:00,18224.0,3.5,3.25,7.0,6.5,0.0,12.25,72
17:00,2024-03-13 17:00:00-04:00,1.0,2024-03-13 18:00:00-04:00,2024-03-14 00:00:00-04:00,Long,18104.0,18093.0,-11.0,11.0,6.0760053026955365,True,2024-03-13 18:05:00-04:00,10.0,2024-03-13 18:10:00-04:00,18104.0,11.0,10.75,22.0,21.5,3.0,16.25,72
17:00,2024-03-14 17:00:00-04:00,1.0,2024-03-14 18:00:00-04:00,2024-03-15 00:00:00-04:00,Long,18021.0,18012.75,-8.25,8.25,4.577992342267355,True,2024-03-14 21:05:00-04:00,190.0,2024-03-14 21:10:00-04:00,18021.0,8.25,8.0,16.5,16.0,36.75,8.25,72
17:00,2024-03-18 17:00:00-04:00,1.0,2024-03-18 18:00:00-04:00,2024-03-19 00:00:00-04:00,Long,18228.0,18224.0,-4.0,4.0,2.194426157559798,False,,,2024-03-19 00:00:00-04:00,18179.5,-44.5,-44.75,-89.0,-89.5,72.75,3.0,72
17:00,2024-03-19 17:00:00-04:00,1.0,2024-03-19 18:00:00-04:00,2024-03-20 00:00:00-04:00,Short,18273.5,18275.0,1.5,1.5,0.820860809368758,True,2024-03-19 18:00:00-04:00,5.0,2024-03-19 18:05:00-04:00,18273.5,1.5,1.25,3.0,2.5,3.0,5.75,72
17:00,2024-03-20 17:00:00-04:00,1.0,2024-03-20 18:00:00-04:00,2024-03-21 00:00:00-04:00,Long,18541.75,18537.0,-4.75,4.75,2.56178623916297,True,2024-03-20 18:05:00-04:00,10.0,2024-03-20 18:10:00-04:00,18541.75,4.75,4.5,9.5,9.0,10.5,8.0,72
17:00,2024-03-21 17:00:00-04:00,1.0,2024-03-21 18:00:00-04:00,2024-03-22 00:00:00-04:00,Long,18579.75,18579.5,-0.25,0.25,0.13455509358306758,True,2024-03-21 18:00:00-04:00,5.0,2024-03-21 18:05:00-04:00,18579.75,0.25,0.0,0.5,0.0,3.0,7.0,72
17:00,2024-03-25 17:00:00-04:00,1.0,2024-03-25 18:00:00-04:00,2024-03-26 00:00:00-04:00,Short,18533.25,18534.0,0.75,0.75,0.40467807858848287,True,2024-03-25 18:00:00-04:00,5.0,2024-03-25 18:05:00-04:00,18533.25,0.75,0.5,1.5,1.0,5.25,3.75,72
17:00,2024-03-26 17:00:00-04:00,1.0,2024-03-26 18:00:00-04:00,2024-03-27 00:00:00-04:00,Long,18479.75,18478.0,-1.75,1.75,0.9469825078802473,True,2024-03-26 18:00:00-04:00,5.0,2024-03-26 18:05:00-04:00,18479.75,1.75,1.5,3.5,3.0,7.5,4.0,72
17:00,2024-04-01 17:00:00-04:00,1.0,2024-04-01 18:00:00-04:00,2024-04-02 00:00:00-04:00,Short,18497.5,18497.75,0.25,0.25,0.13515339910798757,True,2024-04-01 18:00:00-04:00,5.0,2024-04-01 18:05:00-04:00,18497.5,0.25,0.0,0.5,0.0,1.0,13.75,72
17:00,2024-04-02 17:00:00-04:00,1.0,2024-04-02 18:00:00-04:00,2024-04-03 00:00:00-04:00,Short,18343.25,18347.75,4.5,4.5,2.453218486364194,True,2024-04-02 18:00:00-04:00,5.0,2024-04-02 18:05:00-04:00,18343.25,4.5,4.25,9.0,8.5,0.0,12.5,72
17:00,2024-04-03 17:00:00-04:00,1.0,2024-04-03 18:00:00-04:00,2024-04-04 00:00:00-04:00,Short,18388.75,18389.0,0.25,0.25,0.13595268846441438,True,2024-04-03 18:00:00-04:00,5.0,2024-04-03 18:05:00-04:00,18388.75,0.25,0.0,0.5,0.0,5.0,11.25,72
17:00,2024-04-04 17:00:00-04:00,1.0,2024-04-04 18:00:00-04:00,2024-04-05 00:00:00-04:00,Short,18073.0,18088.0,15.0,15.0,8.299673546173851,True,2024-04-04 20:35:00-04:00,160.0,2024-04-04 20:40:00-04:00,18073.0,15.0,14.75,30.0,29.5,30.5,33.75,72
17:00,2024-04-08 17:00:00-04:00,1.0,2024-04-08 18:00:00-04:00,2024-04-09 00:00:00-04:00,Short,18311.25,18317.0,5.75,5.75,3.140146085057,True,2024-04-08 18:15:00-04:00,20.0,2024-04-08 18:20:00-04:00,18311.25,5.75,5.5,11.5,11.0,7.75,5.75,72
17:00,2024-04-09 17:00:00-04:00,1.0,2024-04-09 18:00:00-04:00,2024-04-10 00:00:00-04:00,Short,18383.75,18384.0,0.25,0.25,0.1359896647854763,True,2024-04-09 18:00:00-04:00,5.0,2024-04-09 18:05:00-04:00,18383.75,0.25,0.0,0.5,0.0,0.25,11.5,72
17:00,2024-04-10 17:00:00-04:00,1.0,2024-04-10 18:00:00-04:00,2024-04-11 00:00:00-04:00,Long,18191.5,18190.75,-0.75,0.75,0.41228046065470136,True,2024-04-10 22:15:00-04:00,260.0,2024-04-10 22:20:00-04:00,18191.5,0.75,0.5,1.5,1.0,48.25,2.5,72
17:00,2024-04-11 17:00:00-04:00,1.0,2024-04-11 18:00:00-04:00,2024-04-12 00:00:00-04:00,Short,18484.5,18485.5,1.0,1.0,0.5409938056209257,True,2024-04-11 18:00:00-04:00,5.0,2024-04-11 18:05:00-04:00,18484.5,1.0,0.75,2.0,1.5,1.25,8.5,72
17:00,2024-04-15 17:00:00-04:00,1.0,2024-04-15 18:00:00-04:00,2024-04-16 00:00:00-04:00,Short,17875.0,17882.0,7.0,7.0,3.916083916083916,True,2024-04-15 18:00:00-04:00,5.0,2024-04-15 18:05:00-04:00,17875.0,7.0,6.75,14.0,13.5,9.75,7.75,72
17:00,2024-04-16 17:00:00-04:00,1.0,2024-04-16 18:00:00-04:00,2024-04-17 00:00:00-04:00,Short,17895.75,17897.75,2.0,2.0,1.1175837838592961,True,2024-04-16 20:30:00-04:00,155.0,2024-04-16 20:35:00-04:00,17895.75,2.0,1.75,4.0,3.5,42.25,5.75,72
17:00,2024-04-17 17:00:00-04:00,1.0,2024-04-17 18:00:00-04:00,2024-04-18 00:00:00-04:00,Short,17663.5,17674.0,10.5,10.5,5.9444617431426385,False,,,2024-04-18 00:00:00-04:00,17729.0,-55.0,-55.25,-110.0,-110.5,59.5,4.0,72
17:00,2024-04-22 17:00:00-04:00,1.0,2024-04-22 18:00:00-04:00,2024-04-23 00:00:00-04:00,Short,17345.5,17350.0,4.5,4.5,2.594332824075409,True,2024-04-22 18:10:00-04:00,15.0,2024-04-22 18:15:00-04:00,17345.5,4.5,4.25,9.0,8.5,21.75,6.0,72
17:00,2024-04-23 17:00:00-04:00,1.0,2024-04-23 18:00:00-04:00,2024-04-24 00:00:00-04:00,Short,17659.5,17680.25,20.75,20.75,11.75004954840171,False,,,2024-04-24 00:00:00-04:00,17732.5,-52.25,-52.5,-104.5,-105.0,65.25,16.25,72
17:00,2024-04-24 17:00:00-04:00,1.0,2024-04-24 18:00:00-04:00,2024-04-25 00:00:00-04:00,Long,17508.5,17451.5,-57.0,57.0,32.555615843733044,False,,,2024-04-25 00:00:00-04:00,17460.25,8.75,8.5,17.5,17.0,14.25,43.0,72
17:00,2024-04-25 17:00:00-04:00,1.0,2024-04-25 18:00:00-04:00,2024-04-26 00:00:00-04:00,Long,17818.0,17811.0,-7.0,7.0,3.9286115164440454,True,2024-04-25 18:00:00-04:00,5.0,2024-04-25 18:05:00-04:00,17818.0,7.0,6.75,14.0,13.5,49.5,11.5,72
17:00,2024-04-29 17:00:00-04:00,1.0,2024-04-29 18:00:00-04:00,2024-04-30 00:00:00-04:00,Short,17910.75,17912.75,2.0,2.0,1.1166478232346495,True,2024-04-29 18:00:00-04:00,5.0,2024-04-29 18:05:00-04:00,17910.75,2.0,1.75,4.0,3.5,7.25,5.25,72
17:00,2024-04-30 17:00:00-04:00,1.0,2024-04-30 18:00:00-04:00,2024-05-01 00:00:00-04:00,Long,17507.5,17471.5,-36.0,36.0,20.562616021704986,True,2024-04-30 19:05:00-04:00,70.0,2024-04-30 19:10:00-04:00,17507.5,36.0,35.75,72.0,71.5,17.75,37.25,72
17:00,2024-05-01 17:00:00-04:00,1.0,2024-05-01 18:00:00-04:00,2024-05-02 00:00:00-04:00,Short,17473.5,17484.0,10.5,10.5,6.009099493518757,False,,,2024-05-02 00:00:00-04:00,17549.0,-65.0,-65.25,-130.0,-130.5,77.0,0.0,72
17:00,2024-05-02 17:00:00-04:00,1.0,2024-05-02 18:00:00-04:00,2024-05-03 00:00:00-04:00,Short,17744.25,17745.0,0.75,0.75,0.42267213322625635,True,2024-05-02 18:00:00-04:00,5.0,2024-05-02 18:05:00-04:00,17744.25,0.75,0.5,1.5,1.0,0.0,16.0,72
17:00,2024-05-06 17:00:00-04:00,1.0,2024-05-06 18:00:00-04:00,2024-05-07 00:00:00-04:00,Long,18186.75,18184.75,-2.0,2.0,1.0997017059122713,True,2024-05-06 18:20:00-04:00,25.0,2024-05-06 18:25:00-04:00,18186.75,2.0,1.75,4.0,3.5,9.5,3.25,72
17:00,2024-05-07 17:00:00-04:00,1.0,2024-05-07 18:00:00-04:00,2024-05-08 00:00:00-04:00,Long,18198.0,18195.0,-3.0,3.0,1.6485328058028355,True,2024-05-07 18:30:00-04:00,35.0,2024-05-07 18:35:00-04:00,18198.0,3.0,2.75,6.0,5.5,14.25,5.0,72
17:00,2024-05-08 17:00:00-04:00,1.0,2024-05-08 18:00:00-04:00,2024-05-09 00:00:00-04:00,Short,18159.5,18164.0,4.5,4.5,2.4780417963049644,True,2024-05-08 18:00:00-04:00,5.0,2024-05-08 18:05:00-04:00,18159.5,4.5,4.25,9.0,8.5,0.0,10.75,72
17:00,2024-05-09 17:00:00-04:00,1.0,2024-05-09 18:00:00-04:00,2024-05-10 00:00:00-04:00,Short,18220.5,18222.0,1.5,1.5,0.8232485387338437,True,2024-05-09 18:00:00-04:00,5.0,2024-05-09 18:05:00-04:00,18220.5,1.5,1.25,3.0,2.5,4.25,6.25,72
17:00,2024-05-13 17:00:00-04:00,1.0,2024-05-13 18:00:00-04:00,2024-05-14 00:00:00-04:00,Long,18285.5,18284.75,-0.75,0.75,0.4101610565748817,True,2024-05-13 18:00:00-04:00,5.0,2024-05-13 18:05:00-04:00,18285.5,0.75,0.5,1.5,1.0,4.5,5.75,72
17:00,2024-05-14 17:00:00-04:00,1.0,2024-05-14 18:00:00-04:00,2024-05-15 00:00:00-04:00,Short,18410.5,18411.0,0.5,0.5,0.27158415034898564,True,2024-05-14 18:00:00-04:00,5.0,2024-05-14 18:05:00-04:00,18410.5,0.5,0.25,1.0,0.5,0.0,9.0,72
17:00,2024-05-16 17:00:00-04:00,1.0,2024-05-16 18:00:00-04:00,2024-05-17 00:00:00-04:00,Short,18638.75,18640.0,1.25,1.25,0.6706458319361545,False,,,2024-05-17 00:00:00-04:00,18650.25,-10.25,-10.5,-20.5,-21.0,27.0,0.0,72
17:00,2024-05-20 17:00:00-04:00,1.0,2024-05-20 18:00:00-04:00,2024-05-21 00:00:00-04:00,Short,18745.5,18747.75,2.25,2.25,1.2002880691365927,True,2024-05-20 18:00:00-04:00,5.0,2024-05-20 18:05:00-04:00,18745.5,2.25,2.0,4.5,4.0,7.0,6.0,72
17:00,2024-05-21 17:00:00-04:00,1.0,2024-05-21 18:00:00-04:00,2024-05-22 00:00:00-04:00,Long,18799.75,18799.0,-0.75,0.75,0.3989414752855756,True,2024-05-21 18:00:00-04:00,5.0,2024-05-21 18:05:00-04:00,18799.75,0.75,0.5,1.5,1.0,4.0,4.0,72
17:00,2024-05-22 17:00:00-04:00,1.0,2024-05-22 18:00:00-04:00,2024-05-23 00:00:00-04:00,Short,18816.5,18854.0,37.5,37.5,19.92931735444955,False,,,2024-05-23 00:00:00-04:00,18962.0,-108.0,-108.25,-216.0,-216.5,111.75,11.0,72
17:00,2024-05-23 17:00:00-04:00,1.0,2024-05-23 18:00:00-04:00,2024-05-24 00:00:00-04:00,Long,18686.0,18685.75,-0.25,0.25,0.13379000321096007,True,2024-05-23 18:00:00-04:00,5.0,2024-05-23 18:05:00-04:00,18686.0,0.25,0.0,0.5,0.0,7.75,7.25,72
17:00,2024-05-28 17:00:00-04:00,1.0,2024-05-28 18:00:00-04:00,2024-05-29 00:00:00-04:00,Long,18950.5,18950.0,-0.5,0.5,0.263845281127147,True,2024-05-28 18:00:00-04:00,5.0,2024-05-28 18:05:00-04:00,18950.5,0.5,0.25,1.0,0.5,12.75,1.0,72
17:00,2024-05-29 17:00:00-04:00,1.0,2024-05-29 18:00:00-04:00,2024-05-30 00:00:00-04:00,Short,18746.75,18754.0,7.25,7.25,3.8673370050808806,True,2024-05-29 18:05:00-04:00,10.0,2024-05-29 18:10:00-04:00,18746.75,7.25,7.0,14.5,14.0,11.5,12.0,72
17:00,2024-05-30 17:00:00-04:00,1.0,2024-05-30 18:00:00-04:00,2024-05-31 00:00:00-04:00,Long,18593.75,18591.0,-2.75,2.75,1.4789915966386555,False,,,2024-05-31 00:00:00-04:00,18562.25,-28.75,-29.0,-57.5,-58.0,88.5,1.75,72
17:00,2024-06-04 17:00:00-04:00,1.0,2024-06-04 18:00:00-04:00,2024-06-05 00:00:00-04:00,Short,18706.25,18713.75,7.5,7.5,4.009355162044771,True,2024-06-04 18:00:00-04:00,5.0,2024-06-04 18:05:00-04:00,18706.25,7.5,7.25,15.0,14.5,2.0,10.75,72
17:00,2024-06-06 17:00:00-04:00,1.0,2024-06-06 18:00:00-04:00,2024-06-07 00:00:00-04:00,Long,19068.5,19068.0,-0.5,0.5,0.26221254949261874,True,2024-06-06 18:00:00-04:00,5.0,2024-06-06 18:05:00-04:00,19068.5,0.5,0.25,1.0,0.5,9.75,0.5,72
17:00,2024-06-10 17:00:00-04:00,1.0,2024-06-10 18:00:00-04:00,2024-06-11 00:00:00-04:00,Long,19106.5,19106.0,-0.5,0.5,0.26169104754926337,False,,,2024-06-11 00:00:00-04:00,19090.75,-15.25,-15.5,-30.5,-31.0,31.0,0.0,72
17:00,2024-06-11 17:00:00-04:00,1.0,2024-06-11 18:00:00-04:00,2024-06-12 00:00:00-04:00,Short,19248.0,19250.0,2.0,2.0,1.0390689941812137,True,2024-06-11 18:00:00-04:00,5.0,2024-06-11 18:05:00-04:00,19248.0,2.0,1.75,4.0,3.5,0.0,15.75,72
17:00,2024-06-12 17:00:00-04:00,1.0,2024-06-12 18:00:00-04:00,2024-06-13 00:00:00-04:00,Long,19610.0,19603.5,-6.5,6.5,3.3146353901070884,True,2024-06-12 20:10:00-04:00,135.0,2024-06-12 20:15:00-04:00,19610.0,6.5,6.25,13.0,12.5,21.0,8.0,72
17:00,2024-06-13 17:00:00-04:00,1.0,2024-06-13 18:00:00-04:00,2024-06-14 00:00:00-04:00,Long,19608.25,19602.5,-5.75,5.75,2.9324391518875985,True,2024-06-13 18:00:00-04:00,5.0,2024-06-13 18:05:00-04:00,19608.25,5.75,5.5,11.5,11.0,10.25,6.5,72
17:00,2024-06-17 17:00:00-04:00,1.0,2024-06-17 18:00:00-04:00,2024-06-18 00:00:00-04:00,Short,19914.0,19917.0,3.0,3.0,1.5064778547755349,True,2024-06-17 20:15:00-04:00,140.0,2024-06-17 20:20:00-04:00,19914.0,3.0,2.75,6.0,5.5,29.5,4.0,72
17:00,2024-06-18 17:00:00-04:00,1.0,2024-06-18 18:00:00-04:00,2024-06-19 00:00:00-04:00,Short,19933.5,19935.5,2.0,2.0,1.0033360925075878,True,2024-06-18 18:00:00-04:00,5.0,2024-06-18 18:05:00-04:00,19933.5,2.0,1.75,4.0,3.5,1.75,7.5,72
17:00,2024-06-20 17:00:00-04:00,1.0,2024-06-20 18:00:00-04:00,2024-06-21 00:00:00-04:00,Long,19785.25,19778.0,-7.25,7.25,3.6643459142543056,True,2024-06-20 18:05:00-04:00,10.0,2024-06-20 18:10:00-04:00,19785.25,7.25,7.0,14.5,14.0,5.75,10.5,72
17:00,2024-06-24 17:00:00-04:00,1.0,2024-06-24 18:00:00-04:00,2024-06-25 00:00:00-04:00,Short,19753.25,19758.5,5.25,5.25,2.6577904901725034,True,2024-06-24 18:00:00-04:00,5.0,2024-06-24 18:05:00-04:00,19753.25,5.25,5.0,10.5,10.0,11.5,7.0,72
17:00,2024-06-25 17:00:00-04:00,1.0,2024-06-25 18:00:00-04:00,2024-06-26 00:00:00-04:00,Short,19970.0,19972.0,2.0,2.0,1.0015022533800702,True,2024-06-25 18:00:00-04:00,5.0,2024-06-25 18:05:00-04:00,19970.0,2.0,1.75,4.0,3.5,11.75,5.75,72
17:00,2024-06-26 17:00:00-04:00,1.0,2024-06-26 18:00:00-04:00,2024-06-27 00:00:00-04:00,Long,19952.75,19951.0,-1.75,1.75,0.8770720827956046,True,2024-06-26 18:00:00-04:00,5.0,2024-06-26 18:05:00-04:00,19952.75,1.75,1.5,3.5,3.0,5.75,12.25,72
17:00,2024-06-27 17:00:00-04:00,1.0,2024-06-27 18:00:00-04:00,2024-06-28 00:00:00-04:00,Long,20067.25,20066.75,-0.5,0.5,0.24916219212896634,True,2024-06-27 18:00:00-04:00,5.0,2024-06-27 18:05:00-04:00,20067.25,0.5,0.25,1.0,0.5,6.25,5.25,72
17:00,2024-07-01 17:00:00-04:00,1.0,2024-07-01 18:00:00-04:00,2024-07-02 00:00:00-04:00,Short,20042.5,20048.0,5.5,5.5,2.7441686416365223,True,2024-07-01 18:00:00-04:00,5.0,2024-07-01 18:05:00-04:00,20042.5,5.5,5.25,11.0,10.5,5.5,5.75,72
17:00,2024-07-02 17:00:00-04:00,1.0,2024-07-02 18:00:00-04:00,2024-07-03 00:00:00-04:00,Short,20240.25,20243.5,3.25,3.25,1.605711391904744,True,2024-07-02 18:00:00-04:00,5.0,2024-07-02 18:05:00-04:00,20240.25,3.25,3.0,6.5,6.0,0.0,12.25,72
17:00,2024-07-08 17:00:00-04:00,1.0,2024-07-08 18:00:00-04:00,2024-07-09 00:00:00-04:00,Long,20684.75,20680.5,-4.25,4.25,2.054653790836244,True,2024-07-08 18:05:00-04:00,10.0,2024-07-08 18:10:00-04:00,20684.75,4.25,4.0,8.5,8.0,8.0,5.0,72
17:00,2024-07-09 17:00:00-04:00,1.0,2024-07-09 18:00:00-04:00,2024-07-10 00:00:00-04:00,Long,20688.0,20687.75,-0.25,0.25,0.12084300077339521,True,2024-07-09 18:00:00-04:00,5.0,2024-07-09 18:05:00-04:00,20688.0,0.25,0.0,0.5,0.0,5.75,2.75,72
17:00,2024-07-10 17:00:00-04:00,1.0,2024-07-10 18:00:00-04:00,2024-07-11 00:00:00-04:00,Long,20896.25,20894.75,-1.5,1.5,0.7178321469163127,True,2024-07-10 18:00:00-04:00,5.0,2024-07-10 18:05:00-04:00,20896.25,1.5,1.25,3.0,2.5,5.25,4.75,72
17:00,2024-07-11 17:00:00-04:00,1.0,2024-07-11 18:00:00-04:00,2024-07-12 00:00:00-04:00,Long,20433.5,20430.75,-2.75,2.75,1.3458291531064186,True,2024-07-11 18:00:00-04:00,5.0,2024-07-11 18:05:00-04:00,20433.5,2.75,2.5,5.5,5.0,12.0,18.25,72
17:00,2024-07-15 17:00:00-04:00,1.0,2024-07-15 18:00:00-04:00,2024-07-16 00:00:00-04:00,Long,20626.0,20625.0,-1.0,1.0,0.48482497818287595,True,2024-07-15 18:00:00-04:00,5.0,2024-07-15 18:05:00-04:00,20626.0,1.0,0.75,2.0,1.5,0.0,13.0,72
17:00,2024-07-16 17:00:00-04:00,1.0,2024-07-16 18:00:00-04:00,2024-07-17 00:00:00-04:00,Short,20587.5,20592.0,4.5,4.5,2.185792349726776,True,2024-07-16 18:00:00-04:00,5.0,2024-07-16 18:05:00-04:00,20587.5,4.5,4.25,9.0,8.5,5.75,13.25,72
17:00,2024-07-17 17:00:00-04:00,1.0,2024-07-17 18:00:00-04:00,2024-07-18 00:00:00-04:00,Short,20017.0,20024.25,7.25,7.25,3.6219213668381873,False,,,2024-07-18 00:00:00-04:00,20050.5,-26.25,-26.5,-52.5,-53.0,56.25,0.0,72
17:00,2024-07-18 17:00:00-04:00,1.0,2024-07-18 18:00:00-04:00,2024-07-19 00:00:00-04:00,Short,19933.25,19950.0,16.75,16.75,8.403045163232289,False,,,2024-07-19 00:00:00-04:00,19955.75,-5.75,-6.0,-11.5,-12.0,26.75,14.75,72
17:00,2024-07-23 17:00:00-04:00,1.0,2024-07-23 18:00:00-04:00,2024-07-24 00:00:00-04:00,Long,19944.75,19886.75,-58.0,58.0,29.080334423845873,False,,,2024-07-24 00:00:00-04:00,19799.0,-87.75,-88.0,-175.5,-176.0,100.75,0.0,72
17:00,2024-07-24 17:00:00-04:00,1.0,2024-07-24 18:00:00-04:00,2024-07-25 00:00:00-04:00,Long,19269.75,19258.0,-11.75,11.75,6.097640083550643,True,2024-07-24 18:00:00-04:00,5.0,2024-07-24 18:05:00-04:00,19269.75,11.75,11.5,23.5,23.0,0.75,21.5,72
17:00,2024-07-25 17:00:00-04:00,1.0,2024-07-25 18:00:00-04:00,2024-07-26 00:00:00-04:00,Short,18994.75,19000.25,5.5,5.5,2.8955369246765557,True,2024-07-25 19:00:00-04:00,65.0,2024-07-25 19:05:00-04:00,18994.75,5.5,5.25,11.0,10.5,34.25,5.5,72
17:00,2024-07-29 17:00:00-04:00,1.0,2024-07-29 18:00:00-04:00,2024-07-30 00:00:00-04:00,Long,19221.75,19220.0,-1.75,1.75,0.9104269902584312,True,2024-07-29 18:00:00-04:00,5.0,2024-07-29 18:05:00-04:00,19221.75,1.75,1.5,3.5,3.0,6.5,14.5,72
17:00,2024-07-30 17:00:00-04:00,1.0,2024-07-30 18:00:00-04:00,2024-07-31 00:00:00-04:00,Short,18862.0,18870.0,8.0,8.0,4.241331778178348,True,2024-07-30 18:00:00-04:00,5.0,2024-07-30 18:05:00-04:00,18862.0,8.0,7.75,16.0,15.5,89.5,8.0,72
17:00,2024-07-31 17:00:00-04:00,1.0,2024-07-31 18:00:00-04:00,2024-08-01 00:00:00-04:00,Short,19582.75,19588.0,5.25,5.25,2.6809309213465933,True,2024-07-31 18:00:00-04:00,5.0,2024-07-31 18:05:00-04:00,19582.75,5.25,5.0,10.5,10.0,41.0,5.25,72
17:00,2024-08-01 17:00:00-04:00,1.0,2024-08-01 18:00:00-04:00,2024-08-02 00:00:00-04:00,Long,18964.75,18961.0,-3.75,3.75,1.9773527201782253,True,2024-08-01 18:00:00-04:00,5.0,2024-08-01 18:05:00-04:00,18964.75,3.75,3.5,7.5,7.0,20.0,20.5,72
17:00,2024-08-05 17:00:00-04:00,1.0,2024-08-05 18:00:00-04:00,2024-08-06 00:00:00-04:00,Short,18139.5,18164.5,25.0,25.0,13.782077786047024,False,,,2024-08-06 00:00:00-04:00,18391.5,-227.0,-227.25,-454.0,-454.5,271.0,0.0,72
17:00,2024-08-06 17:00:00-04:00,1.0,2024-08-06 18:00:00-04:00,2024-08-07 00:00:00-04:00,Long,18096.75,18040.25,-56.5,56.5,31.221075607498584,True,2024-08-06 18:05:00-04:00,10.0,2024-08-06 18:10:00-04:00,18096.75,56.5,56.25,113.0,112.5,12.75,66.25,72
17:00,2024-08-07 17:00:00-04:00,1.0,2024-08-07 18:00:00-04:00,2024-08-08 00:00:00-04:00,Short,17857.75,17881.25,23.5,23.5,13.159552575212443,True,2024-08-07 19:20:00-04:00,85.0,2024-08-07 19:25:00-04:00,17857.75,23.5,23.25,47.0,46.5,48.75,38.5,72
17:00,2024-08-08 17:00:00-04:00,1.0,2024-08-08 18:00:00-04:00,2024-08-09 00:00:00-04:00,Long,18557.5,18551.75,-5.75,5.75,3.0984777044321703,True,2024-08-08 18:00:00-04:00,5.0,2024-08-08 18:05:00-04:00,18557.5,5.75,5.5,11.5,11.0,16.75,24.5,72
17:00,2024-08-12 17:00:00-04:00,1.0,2024-08-12 18:00:00-04:00,2024-08-13 00:00:00-04:00,Short,18623.5,18644.0,20.5,20.5,11.007597927349853,False,,,2024-08-13 00:00:00-04:00,18670.5,-26.5,-26.75,-53.0,-53.5,47.5,15.25,72
17:00,2024-08-13 17:00:00-04:00,1.0,2024-08-13 18:00:00-04:00,2024-08-14 00:00:00-04:00,Long,19100.5,19100.0,-0.5,0.5,0.26177325200910967,True,2024-08-13 18:00:00-04:00,5.0,2024-08-13 18:05:00-04:00,19100.5,0.5,0.25,1.0,0.5,0.75,24.75,72
17:00,2024-08-14 17:00:00-04:00,1.0,2024-08-14 18:00:00-04:00,2024-08-15 00:00:00-04:00,Short,19147.5,19148.25,0.75,0.75,0.3916960438699569,True,2024-08-14 18:00:00-04:00,5.0,2024-08-14 18:05:00-04:00,19147.5,0.75,0.5,1.5,1.0,1.75,13.5,72
17:00,2024-08-15 17:00:00-04:00,1.0,2024-08-15 18:00:00-04:00,2024-08-16 00:00:00-04:00,Short,19568.0,19569.0,1.0,1.0,0.5110384300899428,True,2024-08-15 18:00:00-04:00,5.0,2024-08-15 18:05:00-04:00,19568.0,1.0,0.75,2.0,1.5,16.0,7.5,72
17:00,2024-08-19 17:00:00-04:00,1.0,2024-08-19 18:00:00-04:00,2024-08-20 00:00:00-04:00,Short,19852.75,19854.0,1.25,1.25,0.6296356927881528,True,2024-08-19 21:05:00-04:00,190.0,2024-08-19 21:10:00-04:00,19852.75,1.25,1.0,2.5,2.0,26.5,9.0,72
17:00,2024-08-20 17:00:00-04:00,1.0,2024-08-20 18:00:00-04:00,2024-08-21 00:00:00-04:00,Long,19805.25,19805.0,-0.25,0.25,0.1262291564105477,True,2024-08-20 18:00:00-04:00,5.0,2024-08-20 18:05:00-04:00,19805.25,0.25,0.0,0.5,0.0,8.5,12.25,72
17:00,2024-08-21 17:00:00-04:00,1.0,2024-08-21 18:00:00-04:00,2024-08-22 00:00:00-04:00,Short,19915.75,19917.75,2.0,2.0,1.0042303202239433,True,2024-08-21 18:05:00-04:00,10.0,2024-08-21 18:10:00-04:00,19915.75,2.0,1.75,4.0,3.5,11.5,5.0,72
17:00,2024-08-22 17:00:00-04:00,1.0,2024-08-22 18:00:00-04:00,2024-08-23 00:00:00-04:00,Short,19612.0,19621.25,9.25,9.25,4.71650010197838,True,2024-08-22 18:00:00-04:00,5.0,2024-08-22 18:05:00-04:00,19612.0,9.25,9.0,18.5,18.0,5.75,10.5,72
17:00,2024-08-26 17:00:00-04:00,1.0,2024-08-26 18:00:00-04:00,2024-08-27 00:00:00-04:00,Short,19549.75,19555.25,5.5,5.5,2.8133352088901393,True,2024-08-26 18:05:00-04:00,10.0,2024-08-26 18:10:00-04:00,19549.75,5.5,5.25,11.0,10.5,19.75,21.5,72
17:00,2024-08-27 17:00:00-04:00,1.0,2024-08-27 18:00:00-04:00,2024-08-28 00:00:00-04:00,Short,19636.25,19638.0,1.75,1.75,0.8912088611623911,True,2024-08-27 18:00:00-04:00,5.0,2024-08-27 18:05:00-04:00,19636.25,1.75,1.5,3.5,3.0,8.25,2.0,72
17:00,2024-08-28 17:00:00-04:00,1.0,2024-08-28 18:00:00-04:00,2024-08-29 00:00:00-04:00,Long,19314.0,19240.75,-73.25,73.25,37.92585689137413,False,,,2024-08-29 00:00:00-04:00,19275.0,34.25,34.0,68.5,68.0,101.75,37.75,72
17:00,2024-08-29 17:00:00-04:00,1.0,2024-08-29 18:00:00-04:00,2024-08-30 00:00:00-04:00,Long,19449.5,19449.0,-0.5,0.5,0.2570760173783388,True,2024-08-29 18:00:00-04:00,5.0,2024-08-29 18:05:00-04:00,19449.5,0.5,0.25,1.0,0.5,8.75,13.5,72
17:00,2024-09-03 17:00:00-04:00,1.0,2024-09-03 18:00:00-04:00,2024-09-04 00:00:00-04:00,Long,18995.5,18991.0,-4.5,4.5,2.36898212734595,True,2024-09-03 18:00:00-04:00,5.0,2024-09-03 18:05:00-04:00,18995.5,4.5,4.25,9.0,8.5,16.5,16.0,72
17:00,2024-09-04 17:00:00-04:00,1.0,2024-09-04 18:00:00-04:00,2024-09-05 00:00:00-04:00,Short,18962.25,18968.5,6.25,6.25,3.2960223602156917,True,2024-09-04 18:15:00-04:00,20.0,2024-09-04 18:20:00-04:00,18962.25,6.25,6.0,12.5,12.0,15.25,6.5,72
17:00,2024-09-05 17:00:00-04:00,1.0,2024-09-05 18:00:00-04:00,2024-09-06 00:00:00-04:00,Long,18923.75,18920.0,-3.75,3.75,1.9816368320232511,True,2024-09-05 18:00:00-04:00,5.0,2024-09-05 18:05:00-04:00,18923.75,3.75,3.5,7.5,7.0,1.25,14.25,72
17:00,2024-09-09 17:00:00-04:00,1.0,2024-09-09 18:00:00-04:00,2024-09-10 00:00:00-04:00,Long,18724.25,18723.75,-0.5,0.5,0.2670333925257353,True,2024-09-09 18:00:00-04:00,5.0,2024-09-09 18:05:00-04:00,18724.25,0.5,0.25,1.0,0.5,0.0,18.25,72
17:00,2024-09-10 17:00:00-04:00,1.0,2024-09-10 18:00:00-04:00,2024-09-11 00:00:00-04:00,Short,18837.75,18841.75,4.0,4.0,2.1233958407983966,True,2024-09-10 18:00:00-04:00,5.0,2024-09-10 18:05:00-04:00,18837.75,4.0,3.75,8.0,7.5,3.0,10.5,72
17:00,2024-09-11 17:00:00-04:00,1.0,2024-09-11 18:00:00-04:00,2024-09-12 00:00:00-04:00,Long,19246.25,19246.0,-0.25,0.25,0.12989543417548874,True,2024-09-11 18:20:00-04:00,25.0,2024-09-11 18:25:00-04:00,19246.25,0.25,0.0,0.5,0.0,18.0,1.5,72
17:00,2024-09-12 17:00:00-04:00,1.0,2024-09-12 18:00:00-04:00,2024-09-13 00:00:00-04:00,Long,19413.25,19410.0,-3.25,3.25,1.674114329130877,True,2024-09-12 18:00:00-04:00,5.0,2024-09-12 18:05:00-04:00,19413.25,3.25,3.0,6.5,6.0,0.0,16.75,72
17:00,2024-09-16 17:00:00-04:00,1.0,2024-09-16 18:00:00-04:00,2024-09-17 00:00:00-04:00,Short,19418.25,19427.25,9.0,9.0,4.6348151867444285,True,2024-09-16 18:00:00-04:00,5.0,2024-09-16 18:05:00-04:00,19418.25,9.0,8.75,18.0,17.5,10.5,38.5,72
17:00,2024-09-17 17:00:00-04:00,1.0,2024-09-17 18:00:00-04:00,2024-09-18 00:00:00-04:00,Long,19449.75,19440.0,-9.75,9.75,5.012917903829098,True,2024-09-17 18:00:00-04:00,5.0,2024-09-17 18:05:00-04:00,19449.75,9.75,9.5,19.5,19.0,0.0,17.25,72
17:00,2024-09-18 17:00:00-04:00,1.0,2024-09-18 18:00:00-04:00,2024-09-19 00:00:00-04:00,Short,19403.75,19404.75,1.0,1.0,0.5153642981382465,True,2024-09-18 18:00:00-04:00,5.0,2024-09-18 18:05:00-04:00,19403.75,1.0,0.75,2.0,1.5,41.25,5.0,72
17:00,2024-09-19 17:00:00-04:00,1.0,2024-09-19 18:00:00-04:00,2024-09-20 00:00:00-04:00,Long,19818.25,19815.0,-3.25,3.25,1.6399026150139393,True,2024-09-19 18:00:00-04:00,5.0,2024-09-19 18:05:00-04:00,19818.25,3.25,3.0,6.5,6.0,4.75,21.5,72
17:00,2024-09-23 17:00:00-04:00,1.0,2024-09-23 18:00:00-04:00,2024-09-24 00:00:00-04:00,Short,20063.25,20065.25,2.0,2.0,0.9968474698765155,True,2024-09-23 18:00:00-04:00,5.0,2024-09-23 18:05:00-04:00,20063.25,2.0,1.75,4.0,3.5,2.5,7.75,72
17:00,2024-09-24 17:00:00-04:00,1.0,2024-09-24 18:00:00-04:00,2024-09-25 00:00:00-04:00,Long,20185.5,20184.25,-1.25,1.25,0.6192563969185801,True,2024-09-24 18:00:00-04:00,5.0,2024-09-24 18:05:00-04:00,20185.5,1.25,1.0,2.5,2.0,5.25,3.5,72
17:00,2024-09-25 17:00:00-04:00,1.0,2024-09-25 18:00:00-04:00,2024-09-26 00:00:00-04:00,Short,20241.5,20241.75,0.25,0.25,0.12350863325346442,True,2024-09-25 18:00:00-04:00,5.0,2024-09-25 18:05:00-04:00,20241.5,0.25,0.0,0.5,0.0,6.25,12.75,72
17:00,2024-09-26 17:00:00-04:00,1.0,2024-09-26 18:00:00-04:00,2024-09-27 00:00:00-04:00,Long,20346.0,20344.5,-1.5,1.5,0.7372456502506636,True,2024-09-26 18:00:00-04:00,5.0,2024-09-26 18:05:00-04:00,20346.0,1.5,1.25,3.0,2.5,1.25,9.75,72
17:00,2024-09-30 17:00:00-04:00,1.0,2024-09-30 18:00:00-04:00,2024-10-01 00:00:00-04:00,Long,20233.5,20232.0,-1.5,1.5,0.7413447994662318,True,2024-09-30 18:00:00-04:00,5.0,2024-09-30 18:05:00-04:00,20233.5,1.5,1.25,3.0,2.5,0.0,15.0,72
17:00,2024-10-01 17:00:00-04:00,1.0,2024-10-01 18:00:00-04:00,2024-10-02 00:00:00-04:00,Short,19960.0,19972.0,12.0,12.0,6.012024048096192,True,2024-10-01 18:00:00-04:00,5.0,2024-10-01 18:05:00-04:00,19960.0,12.0,11.75,24.0,23.5,14.0,37.0,72
17:00,2024-10-02 17:00:00-04:00,1.0,2024-10-02 18:00:00-04:00,2024-10-03 00:00:00-04:00,Long,20059.25,20056.5,-2.75,2.75,1.3709385944140484,True,2024-10-02 18:00:00-04:00,5.0,2024-10-02 18:05:00-04:00,20059.25,2.75,2.5,5.5,5.0,17.75,3.5,72
17:00,2024-10-03 17:00:00-04:00,1.0,2024-10-03 18:00:00-04:00,2024-10-04 00:00:00-04:00,Short,19958.5,19971.75,13.25,13.25,6.638775459077586,True,2024-10-03 18:00:00-04:00,5.0,2024-10-03 18:05:00-04:00,19958.5,13.25,13.0,26.5,26.0,0.0,25.25,72
17:00,2024-10-07 17:00:00-04:00,1.0,2024-10-07 18:00:00-04:00,2024-10-08 00:00:00-04:00,Short,20019.0,20032.0,13.0,13.0,6.493830860682351,True,2024-10-07 18:00:00-04:00,5.0,2024-10-07 18:05:00-04:00,20019.0,13.0,12.75,26.0,25.5,2.75,16.25,72
17:00,2024-10-08 17:00:00-04:00,1.0,2024-10-08 18:00:00-04:00,2024-10-09 00:00:00-04:00,Short,20286.0,20298.0,12.0,12.0,5.915409642117716,True,2024-10-08 18:00:00-04:00,5.0,2024-10-08 18:05:00-04:00,20286.0,12.0,11.75,24.0,23.5,0.0,17.5,72
17:00,2024-10-09 17:00:00-04:00,1.0,2024-10-09 18:00:00-04:00,2024-10-10 00:00:00-04:00,Long,20449.0,20447.75,-1.25,1.25,0.6112768350530589,True,2024-10-09 18:00:00-04:00,5.0,2024-10-09 18:05:00-04:00,20449.0,1.25,1.0,2.5,2.0,12.25,3.75,72
17:00,2024-10-10 17:00:00-04:00,1.0,2024-10-10 18:00:00-04:00,2024-10-11 00:00:00-04:00,Short,20434.0,20441.5,7.5,7.5,3.670353332680826,True,2024-10-10 18:00:00-04:00,5.0,2024-10-10 18:05:00-04:00,20434.0,7.5,7.25,15.0,14.5,0.0,14.0,72
17:00,2024-10-15 17:00:00-04:00,1.0,2024-10-15 18:00:00-04:00,2024-10-16 00:00:00-04:00,Short,20334.75,20340.0,5.25,5.25,2.5817873344889906,True,2024-10-15 18:00:00-04:00,5.0,2024-10-15 18:05:00-04:00,20334.75,5.25,5.0,10.5,10.0,1.25,33.25,72
17:00,2024-10-16 17:00:00-04:00,1.0,2024-10-16 18:00:00-04:00,2024-10-17 00:00:00-04:00,Short,20324.25,20332.0,7.75,7.75,3.8131788380875062,True,2024-10-16 18:05:00-04:00,10.0,2024-10-16 18:10:00-04:00,20324.25,7.75,7.5,15.5,15.0,5.25,11.5,72
17:00,2024-10-17 17:00:00-04:00,1.0,2024-10-17 18:00:00-04:00,2024-10-18 00:00:00-04:00,Short,20384.0,20385.5,1.5,1.5,0.7358712715855572,True,2024-10-17 18:00:00-04:00,5.0,2024-10-17 18:05:00-04:00,20384.0,1.5,1.25,3.0,2.5,10.75,9.0,72
17:00,2024-10-21 17:00:00-04:00,1.0,2024-10-21 18:00:00-04:00,2024-10-22 00:00:00-04:00,Short,20538.75,20539.0,0.25,0.25,0.12172113687541841,True,2024-10-21 18:00:00-04:00,5.0,2024-10-21 18:05:00-04:00,20538.75,0.25,0.0,0.5,0.0,4.75,11.75,72
17:00,2024-10-22 17:00:00-04:00,1.0,2024-10-22 18:00:00-04:00,2024-10-23 00:00:00-04:00,Short,20517.5,20522.75,5.25,5.25,2.558791275740222,True,2024-10-22 18:00:00-04:00,5.0,2024-10-22 18:05:00-04:00,20517.5,5.25,5.0,10.5,10.0,0.0,22.75,72
17:00,2024-10-23 17:00:00-04:00,1.0,2024-10-23 18:00:00-04:00,2024-10-24 00:00:00-04:00,Short,20275.25,20299.5,24.25,24.25,11.960395062946203,True,2024-10-23 18:30:00-04:00,35.0,2024-10-23 18:35:00-04:00,20275.25,24.25,24.0,48.5,48.0,3.25,24.5,72
17:00,2024-10-24 17:00:00-04:00,1.0,2024-10-24 18:00:00-04:00,2024-10-25 00:00:00-04:00,Long,20391.0,20385.0,-6.0,6.0,2.9424746211563924,True,2024-10-24 18:00:00-04:00,5.0,2024-10-24 18:05:00-04:00,20391.0,6.0,5.75,12.0,11.5,4.5,13.5,72
17:00,2024-10-28 17:00:00-04:00,1.0,2024-10-28 18:00:00-04:00,2024-10-29 00:00:00-04:00,Short,20507.25,20508.0,0.75,0.75,0.365724317009838,True,2024-10-28 18:05:00-04:00,10.0,2024-10-28 18:10:00-04:00,20507.25,0.75,0.5,1.5,1.0,12.0,6.75,72
17:00,2024-10-29 17:00:00-04:00,1.0,2024-10-29 18:00:00-04:00,2024-10-30 00:00:00-04:00,Short,20709.0,20725.0,16.0,16.0,7.726109421024675,False,,,2024-10-30 00:00:00-04:00,20729.0,-4.0,-4.25,-8.0,-8.5,64.75,10.5,72
17:00,2024-10-30 17:00:00-04:00,1.0,2024-10-30 18:00:00-04:00,2024-10-31 00:00:00-04:00,Long,20505.5,20486.0,-19.5,19.5,9.50964375411475,False,,,2024-10-31 00:00:00-04:00,20422.25,-63.75,-64.0,-127.5,-128.0,85.75,10.5,72
17:00,2024-10-31 17:00:00-04:00,1.0,2024-10-31 18:00:00-04:00,2024-11-01 00:00:00-04:00,Short,20036.0,20065.25,29.25,29.25,14.59872229986025,True,2024-10-31 22:10:00-04:00,255.0,2024-10-31 22:15:00-04:00,20036.0,29.25,29.0,58.5,58.0,46.5,47.5,72
17:00,2024-11-04 17:00:00-05:00,1.0,2024-11-04 18:00:00-05:00,2024-11-05 00:00:00-05:00,Short,20115.0,20128.0,13.0,13.0,6.462838677603779,True,2024-11-04 18:05:00-05:00,10.0,2024-11-04 18:10:00-05:00,20115.0,13.0,12.75,26.0,25.5,6.0,21.0,72
17:00,2024-11-05 17:00:00-05:00,1.0,2024-11-05 18:00:00-05:00,2024-11-06 00:00:00-05:00,Long,20366.0,20365.0,-1.0,1.0,0.49101443582441323,True,2024-11-05 19:20:00-05:00,85.0,2024-11-05 19:25:00-05:00,20366.0,1.0,0.75,2.0,1.5,41.5,2.5,72
17:00,2024-11-07 17:00:00-05:00,1.0,2024-11-07 18:00:00-05:00,2024-11-08 00:00:00-05:00,Short,21224.75,21225.0,0.25,0.25,0.11778701751492951,True,2024-11-07 18:00:00-05:00,5.0,2024-11-07 18:05:00-05:00,21224.75,0.25,0.0,0.5,0.0,6.0,21.75,72
17:00,2024-11-11 17:00:00-05:00,1.0,2024-11-11 18:00:00-05:00,2024-11-12 00:00:00-05:00,Short,21211.0,21218.0,7.0,7.0,3.300174437791712,True,2024-11-11 18:00:00-05:00,5.0,2024-11-11 18:05:00-05:00,21211.0,7.0,6.75,14.0,13.5,0.0,16.0,72
17:00,2024-11-12 17:00:00-05:00,1.0,2024-11-12 18:00:00-05:00,2024-11-13 00:00:00-05:00,Long,21180.75,21180.5,-0.25,0.25,0.11803170331551054,True,2024-11-12 18:00:00-05:00,5.0,2024-11-12 18:05:00-05:00,21180.75,0.25,0.0,0.5,0.0,23.0,1.5,72
17:00,2024-11-14 17:00:00-05:00,1.0,2024-11-14 18:00:00-05:00,2024-11-15 00:00:00-05:00,Long,20981.75,20980.0,-1.75,1.75,0.8340581695997712,False,,,2024-11-15 00:00:00-05:00,20919.25,-60.75,-61.0,-121.5,-122.0,96.5,1.0,72
17:00,2024-11-18 17:00:00-05:00,1.0,2024-11-18 18:00:00-05:00,2024-11-19 00:00:00-05:00,Short,20630.75,20634.25,3.5,3.5,1.6964967342437867,True,2024-11-18 18:00:00-05:00,5.0,2024-11-18 18:05:00-05:00,20630.75,3.5,3.25,7.0,6.5,5.75,17.25,72
17:00,2024-11-19 17:00:00-05:00,1.0,2024-11-19 18:00:00-05:00,2024-11-20 00:00:00-05:00,Short,20754.75,20766.0,11.25,11.25,5.420445922017851,True,2024-11-19 18:00:00-05:00,5.0,2024-11-19 18:05:00-05:00,20754.75,11.25,11.0,22.5,22.0,3.0,16.0,72
17:00,2024-11-21 17:00:00-05:00,1.0,2024-11-21 18:00:00-05:00,2024-11-22 00:00:00-05:00,Short,20794.0,20804.0,10.0,10.0,4.809079542175628,True,2024-11-21 18:00:00-05:00,5.0,2024-11-21 18:05:00-05:00,20794.0,10.0,9.75,20.0,19.5,0.0,33.75,72
17:00,2024-11-25 17:00:00-05:00,1.0,2024-11-25 18:00:00-05:00,2024-11-26 00:00:00-05:00,Short,20901.5,20910.0,8.5,8.5,4.06669377795852,True,2024-11-25 18:00:00-05:00,5.0,2024-11-25 18:05:00-05:00,20901.5,8.5,8.25,17.0,16.5,17.5,17.5,72
17:00,2024-11-26 17:00:00-05:00,1.0,2024-11-26 18:00:00-05:00,2024-11-27 00:00:00-05:00,Long,21001.0,20998.25,-2.75,2.75,1.309461454216466,True,2024-11-26 21:10:00-05:00,195.0,2024-11-26 21:15:00-05:00,21001.0,2.75,2.5,5.5,5.0,29.5,2.75,72
17:00,2024-11-27 17:00:00-05:00,1.0,2024-11-27 18:00:00-05:00,2024-11-28 00:00:00-05:00,Short,20806.5,20814.75,8.25,8.25,3.965107057890563,True,2024-11-27 18:00:00-05:00,5.0,2024-11-27 18:05:00-05:00,20806.5,8.25,8.0,16.5,16.0,16.75,8.25,72
17:00,2024-12-02 17:00:00-05:00,1.0,2024-12-02 18:00:00-05:00,2024-12-03 00:00:00-05:00,Short,21211.0,21215.0,4.0,4.0,1.8858139644524068,True,2024-12-02 18:00:00-05:00,5.0,2024-12-02 18:05:00-05:00,21211.0,4.0,3.75,8.0,7.5,2.5,11.25,72
17:00,2024-12-03 17:00:00-05:00,1.0,2024-12-03 18:00:00-05:00,2024-12-04 00:00:00-05:00,Long,21324.0,21321.25,-2.75,2.75,1.289626711686363,True,2024-12-03 18:35:00-05:00,40.0,2024-12-03 18:40:00-05:00,21324.0,2.75,2.5,5.5,5.0,15.75,3.75,72
17:00,2024-12-04 17:00:00-05:00,1.0,2024-12-04 18:00:00-05:00,2024-12-05 00:00:00-05:00,Long,21517.75,21511.0,-6.75,6.75,3.136945080224466,True,2024-12-04 18:15:00-05:00,20.0,2024-12-04 18:20:00-05:00,21517.75,6.75,6.5,13.5,13.0,7.0,8.5,72
17:00,2024-12-05 17:00:00-05:00,1.0,2024-12-05 18:00:00-05:00,2024-12-06 00:00:00-05:00,Long,21453.0,21449.25,-3.75,3.75,1.7480072717102502,True,2024-12-05 18:00:00-05:00,5.0,2024-12-05 18:05:00-05:00,21453.0,3.75,3.5,7.5,7.0,5.25,6.25,72
17:00,2024-12-09 17:00:00-05:00,1.0,2024-12-09 18:00:00-05:00,2024-12-10 00:00:00-05:00,Short,21473.0,21480.0,7.0,7.0,3.259907791179621,True,2024-12-09 18:00:00-05:00,5.0,2024-12-09 18:05:00-05:00,21473.0,7.0,6.75,14.0,13.5,2.25,8.25,72
17:00,2024-12-10 17:00:00-05:00,1.0,2024-12-10 18:00:00-05:00,2024-12-11 00:00:00-05:00,Short,21434.75,21438.25,3.5,3.5,1.6328625246387292,True,2024-12-10 18:00:00-05:00,5.0,2024-12-10 18:05:00-05:00,21434.75,3.5,3.25,7.0,6.5,4.25,11.25,72
17:00,2024-12-11 17:00:00-05:00,1.0,2024-12-11 18:00:00-05:00,2024-12-12 00:00:00-05:00,Short,21755.25,21756.75,1.5,1.5,0.6894887440962526,True,2024-12-11 18:00:00-05:00,5.0,2024-12-11 18:05:00-05:00,21755.25,1.5,1.25,3.0,2.5,7.0,10.5,72
17:00,2024-12-12 17:00:00-05:00,1.0,2024-12-12 18:00:00-05:00,2024-12-13 00:00:00-05:00,Short,21631.75,21700.5,68.75,68.75,31.781987125405944,False,,,2024-12-13 00:00:00-05:00,21718.0,-17.5,-17.75,-35.0,-35.5,68.25,3.0,72
17:00,2024-12-16 17:00:00-05:00,1.0,2024-12-16 18:00:00-05:00,2024-12-17 00:00:00-05:00,Short,22111.0,22113.0,2.0,2.0,0.9045271584279319,True,2024-12-16 18:00:00-05:00,5.0,2024-12-16 18:05:00-05:00,22111.0,2.0,1.75,4.0,3.5,4.0,7.75,72
17:00,2024-12-17 17:00:00-05:00,1.0,2024-12-17 18:00:00-05:00,2024-12-18 00:00:00-05:00,Short,22006.25,22018.25,12.0,12.0,5.452996307867083,True,2024-12-17 18:00:00-05:00,5.0,2024-12-17 18:05:00-05:00,22006.25,12.0,11.75,24.0,23.5,0.0,116.5,72
17:00,2024-12-18 17:00:00-05:00,1.0,2024-12-18 18:00:00-05:00,2024-12-19 00:00:00-05:00,Short,21186.0,21197.0,11.0,11.0,5.192107995846314,True,2024-12-18 18:40:00-05:00,45.0,2024-12-18 18:45:00-05:00,21186.0,11.0,10.75,22.0,21.5,77.75,14.5,72
17:00,2024-12-19 17:00:00-05:00,1.0,2024-12-19 18:00:00-05:00,2024-12-20 00:00:00-05:00,Short,21130.0,21155.0,25.0,25.0,11.83151916706105,True,2024-12-19 18:05:00-05:00,10.0,2024-12-19 18:10:00-05:00,21130.0,25.0,24.75,50.0,49.5,10.0,38.5,72
17:00,2024-12-30 17:00:00-05:00,1.0,2024-12-30 18:00:00-05:00,2024-12-31 00:00:00-05:00,Short,21389.0,21391.25,2.25,2.25,1.0519425873112347,True,2024-12-30 18:00:00-05:00,5.0,2024-12-30 18:05:00-05:00,21389.0,2.25,2.0,4.5,4.0,0.0,15.5,72
17:00,2025-01-02 17:00:00-05:00,1.0,2025-01-02 18:00:00-05:00,2025-01-03 00:00:00-05:00,Short,21183.0,21191.5,8.5,8.5,4.012651654628711,True,2025-01-02 18:00:00-05:00,5.0,2025-01-02 18:05:00-05:00,21183.0,8.5,8.25,17.0,16.5,0.0,20.5,72
17:00,2025-01-07 17:00:00-05:00,1.0,2025-01-07 18:00:00-05:00,2025-01-08 00:00:00-05:00,Short,21375.25,21386.25,11.0,11.0,5.146138641653314,True,2025-01-07 18:00:00-05:00,5.0,2025-01-07 18:05:00-05:00,21375.25,11.0,10.75,22.0,21.5,0.0,28.25,72
17:00,2025-01-08 17:00:00-05:00,1.0,2025-01-08 18:00:00-05:00,2025-01-09 00:00:00-05:00,Short,21326.5,21348.75,22.25,22.25,10.433029329707173,True,2025-01-08 18:00:00-05:00,5.0,2025-01-08 18:05:00-05:00,21326.5,22.25,22.0,44.5,44.0,0.0,34.25,72
17:00,2025-01-13 17:00:00-05:00,1.0,2025-01-13 18:00:00-05:00,2025-01-14 00:00:00-05:00,Short,20992.5,21020.0,27.5,27.5,13.099916636894129,False,,,2025-01-14 00:00:00-05:00,21042.75,-22.75,-23.0,-45.5,-46.0,68.75,22.75,72
17:00,2025-01-14 17:00:00-05:00,1.0,2025-01-14 18:00:00-05:00,2025-01-15 00:00:00-05:00,Long,20976.75,20975.75,-1.0,1.0,0.4767182714195478,False,,,2025-01-15 00:00:00-05:00,20945.0,-30.75,-31.0,-61.5,-62.0,49.0,0.0,72
17:00,2025-01-15 17:00:00-05:00,1.0,2025-01-15 18:00:00-05:00,2025-01-16 00:00:00-05:00,Short,21375.75,21386.25,10.5,10.5,4.912108347075542,False,,,2025-01-16 00:00:00-05:00,21389.75,-3.5,-3.75,-7.0,-7.5,61.75,9.25,72
17:00,2025-01-16 17:00:00-05:00,1.0,2025-01-16 18:00:00-05:00,2025-01-17 00:00:00-05:00,Short,21214.0,21225.0,11.0,11.0,5.185255020269634,True,2025-01-16 18:00:00-05:00,5.0,2025-01-16 18:05:00-05:00,21214.0,11.0,10.75,22.0,21.5,7.0,12.75,72
17:00,2025-01-21 17:00:00-05:00,1.0,2025-01-21 18:00:00-05:00,2025-01-22 00:00:00-05:00,Short,21773.25,21800.0,26.75,26.75,12.285717566279724,True,2025-01-21 18:05:00-05:00,10.0,2025-01-21 18:10:00-05:00,21773.25,26.75,26.5,53.5,53.0,20.0,31.0,72
17:00,2025-01-22 17:00:00-05:00,1.0,2025-01-22 18:00:00-05:00,2025-01-23 00:00:00-05:00,Long,21985.25,21982.5,-2.75,2.75,1.2508386304454122,False,,,2025-01-23 00:00:00-05:00,21964.0,-18.5,-18.75,-37.0,-37.5,56.25,2.5,72
17:00,2025-01-23 17:00:00-05:00,1.0,2025-01-23 18:00:00-05:00,2025-01-24 00:00:00-05:00,Long,22021.75,22018.0,-3.75,3.75,1.70286194330605,True,2025-01-23 20:10:00-05:00,135.0,2025-01-23 20:15:00-05:00,22021.75,3.75,3.5,7.5,7.0,23.5,11.5,72
17:00,2025-01-27 17:00:00-05:00,1.0,2025-01-27 18:00:00-05:00,2025-01-28 00:00:00-05:00,Short,21303.75,21340.0,36.25,36.25,17.015783606172622,True,2025-01-27 18:15:00-05:00,20.0,2025-01-27 18:20:00-05:00,21303.75,36.25,36.0,72.5,72.0,16.5,45.25,72
17:00,2025-01-29 17:00:00-05:00,1.0,2025-01-29 18:00:00-05:00,2025-01-30 00:00:00-05:00,Long,21574.5,21555.75,-18.75,18.75,8.69081554613085,True,2025-01-29 18:05:00-05:00,10.0,2025-01-29 18:10:00-05:00,21574.5,18.75,18.5,37.5,37.0,23.25,29.25,72
17:00,2025-01-30 17:00:00-05:00,1.0,2025-01-30 18:00:00-05:00,2025-01-31 00:00:00-05:00,Short,21607.0,21684.0,77.0,77.0,35.63659925024298,False,,,2025-01-31 00:00:00-05:00,21729.5,-45.5,-45.75,-91.0,-91.5,103.0,23.5,72
17:00,2025-02-03 17:00:00-05:00,1.0,2025-02-03 18:00:00-05:00,2025-02-04 00:00:00-05:00,Short,21554.25,21592.25,38.0,38.0,17.62993377176195,True,2025-02-03 18:50:00-05:00,55.0,2025-02-03 18:55:00-05:00,21554.25,38.0,37.75,76.0,75.5,7.75,39.0,72
17:00,2025-02-04 17:00:00-05:00,1.0,2025-02-04 18:00:00-05:00,2025-02-05 00:00:00-05:00,Long,21584.5,21566.0,-18.5,18.5,8.570965276008247,True,2025-02-04 18:00:00-05:00,5.0,2025-02-04 18:05:00-05:00,21584.5,18.5,18.25,37.0,36.5,17.25,24.75,72
17:00,2025-02-05 17:00:00-05:00,1.0,2025-02-05 18:00:00-05:00,2025-02-06 00:00:00-05:00,Long,21771.25,21768.0,-3.25,3.25,1.492794396279497,True,2025-02-05 18:45:00-05:00,50.0,2025-02-05 18:50:00-05:00,21771.25,3.25,3.0,6.5,6.0,18.5,7.25,72
17:00,2025-02-06 17:00:00-05:00,1.0,2025-02-06 18:00:00-05:00,2025-02-07 00:00:00-05:00,Long,21844.25,21819.75,-24.5,24.5,11.215766162720167,True,2025-02-06 18:10:00-05:00,15.0,2025-02-06 18:15:00-05:00,21844.25,24.5,24.25,49.0,48.5,13.75,28.75,72
17:00,2025-02-10 17:00:00-05:00,1.0,2025-02-10 18:00:00-05:00,2025-02-11 00:00:00-05:00,Long,21837.0,21832.0,-5.0,5.0,2.289691807482713,False,,,2025-02-11 00:00:00-05:00,21783.5,-48.5,-48.75,-97.0,-97.5,82.0,0.0,72
17:00,2025-02-11 17:00:00-05:00,1.0,2025-02-11 18:00:00-05:00,2025-02-12 00:00:00-05:00,Short,21792.25,21802.0,9.75,9.75,4.4740676157808394,True,2025-02-11 18:10:00-05:00,15.0,2025-02-11 18:15:00-05:00,21792.25,9.75,9.5,19.5,19.0,12.25,20.5,72
17:00,2025-02-12 17:00:00-05:00,1.0,2025-02-12 18:00:00-05:00,2025-02-13 00:00:00-05:00,Short,21859.0,21865.0,6.0,6.0,2.7448648154078414,True,2025-02-12 18:00:00-05:00,5.0,2025-02-12 18:05:00-05:00,21859.0,6.0,5.75,12.0,11.5,3.75,11.75,72
17:00,2025-02-13 17:00:00-05:00,1.0,2025-02-13 18:00:00-05:00,2025-02-14 00:00:00-05:00,Long,22074.25,22072.5,-1.75,1.75,0.7927789166109834,True,2025-02-13 18:00:00-05:00,5.0,2025-02-13 18:05:00-05:00,22074.25,1.75,1.5,3.5,3.0,4.5,14.75,72
17:00,2025-02-18 17:00:00-05:00,1.0,2025-02-18 18:00:00-05:00,2025-02-19 00:00:00-05:00,Short,22225.0,22227.0,2.0,2.0,0.8998875140607424,True,2025-02-18 18:00:00-05:00,5.0,2025-02-18 18:05:00-05:00,22225.0,2.0,1.75,4.0,3.5,24.0,5.5,72
17:00,2025-02-19 17:00:00-05:00,1.0,2025-02-19 18:00:00-05:00,2025-02-20 00:00:00-05:00,Long,22222.25,22215.0,-7.25,7.25,3.2624959218800975,True,2025-02-19 18:00:00-05:00,5.0,2025-02-19 18:05:00-05:00,22222.25,7.25,7.0,14.5,14.0,5.25,18.0,72
17:00,2025-02-20 17:00:00-05:00,1.0,2025-02-20 18:00:00-05:00,2025-02-21 00:00:00-05:00,Long,22137.5,22134.75,-2.75,2.75,1.2422360248447206,True,2025-02-20 18:00:00-05:00,5.0,2025-02-20 18:05:00-05:00,22137.5,2.75,2.5,5.5,5.0,9.75,19.5,72
17:00,2025-02-24 17:00:00-05:00,1.0,2025-02-24 18:00:00-05:00,2025-02-25 00:00:00-05:00,Short,21427.0,21440.25,13.25,13.25,6.183786811032809,True,2025-02-24 18:05:00-05:00,10.0,2025-02-24 18:10:00-05:00,21427.0,13.25,13.0,26.5,26.0,13.0,14.0,72
17:00,2025-02-25 17:00:00-05:00,1.0,2025-02-25 18:00:00-05:00,2025-02-26 00:00:00-05:00,Short,21195.5,21225.0,29.5,29.5,13.91804864240051,False,,,2025-02-26 00:00:00-05:00,21251.5,-26.5,-26.75,-53.0,-53.5,41.75,26.5,72
17:00,2025-02-26 17:00:00-05:00,1.0,2025-02-26 18:00:00-05:00,2025-02-27 00:00:00-05:00,Long,21275.0,21250.75,-24.25,24.25,11.398354876615747,False,,,2025-02-27 00:00:00-05:00,21171.0,-79.75,-80.0,-159.5,-160.0,143.0,11.75,72
17:00,2025-02-27 17:00:00-05:00,1.0,2025-02-27 18:00:00-05:00,2025-02-28 00:00:00-05:00,Short,20633.25,20649.5,16.25,16.25,7.875637623738384,True,2025-02-27 19:45:00-05:00,110.0,2025-02-27 19:50:00-05:00,20633.25,16.25,16.0,32.5,32.0,38.25,19.0,72
17:00,2025-03-03 17:00:00-05:00,1.0,2025-03-03 18:00:00-05:00,2025-03-04 00:00:00-05:00,Long,20531.0,20525.0,-6.0,6.0,2.9224100141249814,True,2025-03-03 18:15:00-05:00,20.0,2025-03-03 18:20:00-05:00,20531.0,6.0,5.75,12.0,11.5,34.75,6.5,72
17:00,2025-03-04 17:00:00-05:00,1.0,2025-03-04 18:00:00-05:00,2025-03-05 00:00:00-05:00,Short,20536.25,20553.25,17.0,17.0,8.27804492056729,True,2025-03-04 18:00:00-05:00,5.0,2025-03-04 18:05:00-05:00,20536.25,17.0,16.75,34.0,33.5,18.75,21.75,72
17:00,2025-03-05 17:00:00-05:00,1.0,2025-03-05 18:00:00-05:00,2025-03-06 00:00:00-05:00,Long,20610.25,20608.0,-2.25,2.25,1.0916898145340304,True,2025-03-05 18:00:00-05:00,5.0,2025-03-05 18:05:00-05:00,20610.25,2.25,2.0,4.5,4.0,3.0,23.25,72
17:00,2025-03-06 17:00:00-05:00,1.0,2025-03-06 18:00:00-05:00,2025-03-07 00:00:00-05:00,Short,20175.25,20212.0,36.75,36.75,18.21538766558035,True,2025-03-06 18:45:00-05:00,50.0,2025-03-06 18:50:00-05:00,20175.25,36.75,36.5,73.5,73.0,13.0,38.0,72
17:00,2025-03-10 17:00:00-04:00,1.0,2025-03-10 18:00:00-04:00,2025-03-11 00:00:00-04:00,Long,19472.0,19439.0,-33.0,33.0,16.947411668036153,True,2025-03-10 23:05:00-04:00,310.0,2025-03-10 23:10:00-04:00,19472.0,33.0,32.75,66.0,65.5,299.0,53.0,72
17:00,2025-03-11 17:00:00-04:00,1.0,2025-03-11 18:00:00-04:00,2025-03-12 00:00:00-04:00,Short,19399.75,19412.0,12.25,12.25,6.314514362298484,False,,,2025-03-12 00:00:00-04:00,19450.75,-38.75,-39.0,-77.5,-78.0,88.25,9.75,72
17:00,2025-03-12 17:00:00-04:00,1.0,2025-03-12 18:00:00-04:00,2025-03-13 00:00:00-04:00,Short,19571.0,19575.0,4.0,4.0,2.0438403760666293,True,2025-03-12 18:00:00-04:00,5.0,2025-03-12 18:05:00-04:00,19571.0,4.0,3.75,8.0,7.5,21.25,8.0,72
17:00,2025-03-13 17:00:00-04:00,1.0,2025-03-13 18:00:00-04:00,2025-03-14 00:00:00-04:00,Short,19294.75,19310.0,15.25,15.25,7.903704375542571,False,,,2025-03-14 00:00:00-04:00,19449.5,-139.5,-139.75,-279.0,-279.5,149.25,11.75,72
17:00,2025-03-18 17:00:00-04:00,1.0,2025-03-18 18:00:00-04:00,2025-03-19 00:00:00-04:00,Long,19496.75,19491.5,-5.25,5.25,2.6927564850552015,True,2025-03-18 18:00:00-04:00,5.0,2025-03-18 18:05:00-04:00,19496.75,5.25,5.0,10.5,10.0,4.25,13.25,72
17:00,2025-03-19 17:00:00-04:00,1.0,2025-03-19 18:00:00-04:00,2025-03-20 00:00:00-04:00,Short,19739.0,19755.0,16.0,16.0,8.105780434672475,False,,,2025-03-20 00:00:00-04:00,19875.0,-120.0,-120.25,-240.0,-240.5,130.5,12.25,72
17:00,2025-03-24 17:00:00-04:00,1.0,2025-03-24 18:00:00-04:00,2025-03-25 00:00:00-04:00,Short,20356.5,20358.25,1.75,1.75,0.8596762704787169,True,2025-03-24 18:05:00-04:00,10.0,2025-03-24 18:10:00-04:00,20356.5,1.75,1.5,3.5,3.0,9.5,6.0,72
17:00,2025-03-25 17:00:00-04:00,1.0,2025-03-25 18:00:00-04:00,2025-03-26 00:00:00-04:00,Long,20517.25,20513.0,-4.25,4.25,2.0714277010807978,True,2025-03-25 18:00:00-04:00,5.0,2025-03-25 18:05:00-04:00,20517.25,4.25,4.0,8.5,8.0,4.75,5.75,72
17:00,2025-03-26 17:00:00-04:00,1.0,2025-03-26 18:00:00-04:00,2025-03-27 00:00:00-04:00,Long,20090.5,20057.5,-33.0,33.0,16.425673825937633,True,2025-03-26 18:05:00-04:00,10.0,2025-03-26 18:10:00-04:00,20090.5,33.0,32.75,66.0,65.5,45.25,37.75,72
17:00,2025-03-27 17:00:00-04:00,1.0,2025-03-27 18:00:00-04:00,2025-03-28 00:00:00-04:00,Short,19997.25,19998.25,1.0,1.0,0.500068759454425,True,2025-03-27 18:00:00-04:00,5.0,2025-03-27 18:05:00-04:00,19997.25,1.0,0.75,2.0,1.5,13.0,9.75,72
17:00,2025-03-31 17:00:00-04:00,1.0,2025-03-31 18:00:00-04:00,2025-04-01 00:00:00-04:00,Short,19412.5,19413.0,0.5,0.5,0.25756600128783,True,2025-03-31 18:00:00-04:00,5.0,2025-03-31 18:05:00-04:00,19412.5,0.5,0.25,1.0,0.5,0.25,16.5,72
17:00,2025-04-01 17:00:00-04:00,1.0,2025-04-01 18:00:00-04:00,2025-04-02 00:00:00-04:00,Short,19597.5,19597.75,0.25,0.25,0.12756729174639622,True,2025-04-01 18:00:00-04:00,5.0,2025-04-01 18:05:00-04:00,19597.5,0.25,0.0,0.5,0.0,16.25,3.5,72
17:00,2025-04-02 17:00:00-04:00,1.0,2025-04-02 18:00:00-04:00,2025-04-03 00:00:00-04:00,Long,19137.0,19023.5,-113.5,113.5,59.30919161833098,True,2025-04-02 23:00:00-04:00,305.0,2025-04-02 23:05:00-04:00,19137.0,113.5,113.25,227.0,226.5,206.0,117.0,72
17:00,2025-04-03 17:00:00-04:00,1.0,2025-04-03 18:00:00-04:00,2025-04-04 00:00:00-04:00,Short,18648.5,18656.5,8.0,8.0,4.289889267233289,True,2025-04-03 18:10:00-04:00,15.0,2025-04-03 18:15:00-04:00,18648.5,8.0,7.75,16.0,15.5,41.5,12.5,72
17:00,2025-04-07 17:00:00-04:00,1.0,2025-04-07 18:00:00-04:00,2025-04-08 00:00:00-04:00,Short,17629.5,17650.25,20.75,20.75,11.770044527638333,False,,,2025-04-08 00:00:00-04:00,17771.25,-121.0,-121.25,-242.0,-242.5,234.75,6.25,72
17:00,2025-04-08 17:00:00-04:00,1.0,2025-04-08 18:00:00-04:00,2025-04-09 00:00:00-04:00,Long,17232.5,17226.0,-6.5,6.5,3.771942550413463,True,2025-04-08 18:00:00-04:00,5.0,2025-04-08 18:05:00-04:00,17232.5,6.5,6.25,13.0,12.5,156.25,17.0,72
17:00,2025-04-09 17:00:00-04:00,1.0,2025-04-09 18:00:00-04:00,2025-04-10 00:00:00-04:00,Long,19351.0,19266.0,-85.0,85.0,43.92537853340913,True,2025-04-09 18:55:00-04:00,60.0,2025-04-09 19:00:00-04:00,19351.0,85.0,84.75,170.0,169.5,30.0,87.5,72
17:00,2025-04-10 17:00:00-04:00,1.0,2025-04-10 18:00:00-04:00,2025-04-11 00:00:00-04:00,Long,18502.5,18470.0,-32.5,32.5,17.5651938927172,True,2025-04-10 18:00:00-04:00,5.0,2025-04-10 18:05:00-04:00,18502.5,32.5,32.25,65.0,64.5,3.5,58.75,72
17:00,2025-04-15 17:00:00-04:00,1.0,2025-04-15 18:00:00-04:00,2025-04-16 00:00:00-04:00,Long,18940.0,18810.0,-130.0,130.0,68.6378035902851,False,,,2025-04-16 00:00:00-04:00,18673.75,-136.25,-136.5,-272.5,-273.0,173.25,0.0,72
17:00,2025-04-16 17:00:00-04:00,1.0,2025-04-16 18:00:00-04:00,2025-04-17 00:00:00-04:00,Short,18372.75,18381.0,8.25,8.25,4.49034575662326,True,2025-04-16 18:15:00-04:00,20.0,2025-04-16 18:20:00-04:00,18372.75,8.25,8.0,16.5,16.0,45.25,9.0,72
17:00,2025-04-22 17:00:00-04:00,1.0,2025-04-22 18:00:00-04:00,2025-04-23 00:00:00-04:00,Short,18359.25,18618.25,259.0,259.0,141.07330092460205,False,,,2025-04-23 00:00:00-04:00,18702.75,-84.5,-84.75,-169.0,-169.5,183.0,0.0,72
17:00,2025-04-23 17:00:00-04:00,1.0,2025-04-23 18:00:00-04:00,2025-04-24 00:00:00-04:00,Long,18850.0,18832.0,-18.0,18.0,9.549071618037136,True,2025-04-23 19:20:00-04:00,85.0,2025-04-23 19:25:00-04:00,18850.0,18.0,17.75,36.0,35.5,91.75,20.5,72
17:00,2025-04-24 17:00:00-04:00,1.0,2025-04-24 18:00:00-04:00,2025-04-25 00:00:00-04:00,Short,19346.25,19396.75,50.5,50.5,26.103249983846997,False,,,2025-04-25 00:00:00-04:00,19447.25,-50.5,-50.75,-101.0,-101.5,70.25,43.75,72
17:00,2025-04-28 17:00:00-04:00,1.0,2025-04-28 18:00:00-04:00,2025-04-29 00:00:00-04:00,Long,19483.75,19479.75,-4.0,4.0,2.052992878680952,True,2025-04-28 18:05:00-04:00,10.0,2025-04-28 18:10:00-04:00,19483.75,4.0,3.75,8.0,7.5,16.25,10.25,72
17:00,2025-04-29 17:00:00-04:00,1.0,2025-04-29 18:00:00-04:00,2025-04-30 00:00:00-04:00,Long,19614.25,19595.0,-19.25,19.25,9.814293179703531,False,,,2025-04-30 00:00:00-04:00,19523.5,-71.5,-71.75,-143.0,-143.5,110.0,16.0,72
17:00,2025-04-30 17:00:00-04:00,1.0,2025-04-30 18:00:00-04:00,2025-05-01 00:00:00-04:00,Long,19848.25,19835.0,-13.25,13.25,6.67565150580026,True,2025-04-30 18:00:00-04:00,5.0,2025-04-30 18:05:00-04:00,19848.25,13.25,13.0,26.5,26.0,23.0,53.0,72
17:00,2025-05-01 17:00:00-04:00,1.0,2025-05-01 18:00:00-04:00,2025-05-02 00:00:00-04:00,Long,19797.0,19781.75,-15.25,15.25,7.703187351618933,True,2025-05-01 18:00:00-04:00,5.0,2025-05-01 18:05:00-04:00,19797.0,15.25,15.0,30.5,30.0,22.5,16.25,72
17:00,2025-05-05 17:00:00-04:00,1.0,2025-05-05 18:00:00-04:00,2025-05-06 00:00:00-04:00,Long,20041.0,20009.75,-31.25,31.25,15.59303427972656,False,,,2025-05-06 00:00:00-04:00,19987.0,-22.75,-23.0,-45.5,-46.0,77.75,27.75,72
17:00,2025-05-06 17:00:00-04:00,1.0,2025-05-06 18:00:00-04:00,2025-05-07 00:00:00-04:00,Long,19846.25,19812.5,-33.75,33.75,17.005731561378095,True,2025-05-06 18:00:00-04:00,5.0,2025-05-06 18:05:00-04:00,19846.25,33.75,33.5,67.5,67.0,11.25,279.5,72
17:00,2025-05-07 17:00:00-04:00,1.0,2025-05-07 18:00:00-04:00,2025-05-08 00:00:00-04:00,Long,19957.25,19935.5,-21.75,21.75,10.898295105788621,True,2025-05-07 18:30:00-04:00,35.0,2025-05-07 18:35:00-04:00,19957.25,21.75,21.5,43.5,43.0,25.25,22.0,72
17:00,2025-05-08 17:00:00-04:00,1.0,2025-05-08 18:00:00-04:00,2025-05-09 00:00:00-04:00,Short,20155.75,20164.0,8.25,8.25,4.093124790692483,True,2025-05-08 18:00:00-04:00,5.0,2025-05-08 18:05:00-04:00,20155.75,8.25,8.0,16.5,16.0,18.5,16.0,72
17:00,2025-05-12 17:00:00-04:00,1.0,2025-05-12 18:00:00-04:00,2025-05-13 00:00:00-04:00,Long,20958.0,20957.5,-0.5,0.5,0.23857238286096002,True,2025-05-12 18:00:00-04:00,5.0,2025-05-12 18:05:00-04:00,20958.0,0.5,0.25,1.0,0.5,24.0,2.25,72
17:00,2025-05-13 17:00:00-04:00,1.0,2025-05-13 18:00:00-04:00,2025-05-14 00:00:00-04:00,Long,21254.75,21248.25,-6.5,6.5,3.0581399451887226,True,2025-05-13 18:00:00-04:00,5.0,2025-05-13 18:05:00-04:00,21254.75,6.5,6.25,13.0,12.5,3.25,17.5,72
17:00,2025-05-14 17:00:00-04:00,1.0,2025-05-14 18:00:00-04:00,2025-05-15 00:00:00-04:00,Long,21403.5,21382.0,-21.5,21.5,10.045086084051675,True,2025-05-14 22:40:00-04:00,285.0,2025-05-14 22:45:00-04:00,21403.5,21.5,21.25,43.0,42.5,25.0,28.5,72
17:00,2025-05-15 17:00:00-04:00,1.0,2025-05-15 18:00:00-04:00,2025-05-16 00:00:00-04:00,Short,21396.25,21397.25,1.0,1.0,0.4673716188584448,True,2025-05-15 18:00:00-04:00,5.0,2025-05-15 18:05:00-04:00,21396.25,1.0,0.75,2.0,1.5,0.0,18.0,72
17:00,2025-05-19 17:00:00-04:00,1.0,2025-05-19 18:00:00-04:00,2025-05-20 00:00:00-04:00,Long,21517.5,21516.75,-0.75,0.75,0.34855350296270476,True,2025-05-19 19:10:00-04:00,75.0,2025-05-19 19:15:00-04:00,21517.5,0.75,0.5,1.5,1.0,24.0,9.25,72
17:00,2025-05-20 17:00:00-04:00,1.0,2025-05-20 18:00:00-04:00,2025-05-21 00:00:00-04:00,Long,21419.0,21413.75,-5.25,5.25,2.4510948223539843,True,2025-05-20 19:00:00-04:00,65.0,2025-05-20 19:05:00-04:00,21419.0,5.25,5.0,10.5,10.0,71.0,9.0,72
17:00,2025-05-21 17:00:00-04:00,1.0,2025-05-21 18:00:00-04:00,2025-05-22 00:00:00-04:00,Short,21145.25,21147.5,2.25,2.25,1.0640687624880292,True,2025-05-21 18:00:00-04:00,5.0,2025-05-21 18:05:00-04:00,21145.25,2.25,2.0,4.5,4.0,31.5,10.5,72
17:00,2025-05-22 17:00:00-04:00,1.0,2025-05-22 18:00:00-04:00,2025-05-23 00:00:00-04:00,Short,21214.25,21222.0,7.75,7.75,3.65320480337509,True,2025-05-22 18:00:00-04:00,5.0,2025-05-22 18:05:00-04:00,21214.25,7.75,7.5,15.5,15.0,14.25,17.75,72
17:00,2025-05-27 17:00:00-04:00,1.0,2025-05-27 18:00:00-04:00,2025-05-28 00:00:00-04:00,Short,21477.5,21478.5,1.0,1.0,0.4656035385868933,True,2025-05-27 18:00:00-04:00,5.0,2025-05-27 18:05:00-04:00,21477.5,1.0,0.75,2.0,1.5,1.5,17.0,72
17:00,2025-05-28 17:00:00-04:00,1.0,2025-05-28 18:00:00-04:00,2025-05-29 00:00:00-04:00,Long,21525.0,21518.0,-7.0,7.0,3.252032520325203,True,2025-05-28 18:35:00-04:00,40.0,2025-05-28 18:40:00-04:00,21525.0,7.0,6.75,14.0,13.5,28.0,24.5,72
17:00,2025-05-29 17:00:00-04:00,1.0,2025-05-29 18:00:00-04:00,2025-05-30 00:00:00-04:00,Long,21384.5,21370.75,-13.75,13.75,6.429890808763356,True,2025-05-29 18:05:00-04:00,10.0,2025-05-29 18:10:00-04:00,21384.5,13.75,13.5,27.5,27.0,22.75,13.75,72
17:00,2025-06-02 17:00:00-04:00,1.0,2025-06-02 18:00:00-04:00,2025-06-03 00:00:00-04:00,Long,21554.75,21551.75,-3.0,3.0,1.3918045906354748,True,2025-06-02 18:00:00-04:00,5.0,2025-06-02 18:05:00-04:00,21554.75,3.0,2.75,6.0,5.5,16.75,3.0,72
17:00,2025-06-03 17:00:00-04:00,1.0,2025-06-03 18:00:00-04:00,2025-06-04 00:00:00-04:00,Long,21688.0,21685.75,-2.25,2.25,1.0374400590188122,True,2025-06-03 18:00:00-04:00,5.0,2025-06-03 18:05:00-04:00,21688.0,2.25,2.0,4.5,4.0,4.75,14.25,72
17:00,2025-06-04 17:00:00-04:00,1.0,2025-06-04 18:00:00-04:00,2025-06-05 00:00:00-04:00,Long,21747.5,21745.25,-2.25,2.25,1.0346016783538339,True,2025-06-04 18:05:00-04:00,10.0,2025-06-04 18:10:00-04:00,21747.5,2.25,2.0,4.5,4.0,33.25,11.25,72
17:00,2025-06-05 17:00:00-04:00,1.0,2025-06-05 18:00:00-04:00,2025-06-06 00:00:00-04:00,Long,21513.5,21487.5,-26.0,26.0,12.085434727031863,True,2025-06-05 18:15:00-04:00,20.0,2025-06-05 18:20:00-04:00,21513.5,26.0,25.75,52.0,51.5,16.5,39.75,72
17:00,2025-06-09 17:00:00-04:00,1.0,2025-06-09 18:00:00-04:00,2025-06-10 00:00:00-04:00,Short,21821.5,21822.0,0.5,0.5,0.2291318195357789,True,2025-06-09 20:00:00-04:00,125.0,2025-06-09 20:05:00-04:00,21821.5,0.5,0.25,1.0,0.5,22.0,3.0,72
17:00,2025-06-10 17:00:00-04:00,1.0,2025-06-10 18:00:00-04:00,2025-06-11 00:00:00-04:00,Long,21951.5,21950.75,-0.75,0.75,0.3416623009817097,True,2025-06-10 18:00:00-04:00,5.0,2025-06-10 18:05:00-04:00,21951.5,0.75,0.5,1.5,1.0,14.75,5.0,72
17:00,2025-06-11 17:00:00-04:00,1.0,2025-06-11 18:00:00-04:00,2025-06-12 00:00:00-04:00,Long,21882.75,21871.0,-11.75,11.75,5.369526224994573,True,2025-06-11 18:25:00-04:00,30.0,2025-06-11 18:30:00-04:00,21882.75,11.75,11.5,23.5,23.0,23.75,18.5,72
17:00,2025-06-12 17:00:00-04:00,1.0,2025-06-12 18:00:00-04:00,2025-06-13 00:00:00-04:00,Short,21908.25,21911.0,2.75,2.75,1.2552349000947132,True,2025-06-12 18:00:00-04:00,5.0,2025-06-12 18:05:00-04:00,21908.25,2.75,2.5,5.5,5.0,9.0,21.0,72
17:00,2025-06-16 17:00:00-04:00,1.0,2025-06-16 18:00:00-04:00,2025-06-17 00:00:00-04:00,Long,21935.5,21934.5,-1.0,1.0,0.4558820177338105,True,2025-06-16 18:00:00-04:00,5.0,2025-06-16 18:05:00-04:00,21935.5,1.0,0.75,2.0,1.5,2.25,15.5,72
17:00,2025-06-17 17:00:00-04:00,1.0,2025-06-17 18:00:00-04:00,2025-06-18 00:00:00-04:00,Long,21727.5,21718.75,-8.75,8.75,4.027154527672304,True,2025-06-17 20:05:00-04:00,130.0,2025-06-17 20:10:00-04:00,21727.5,8.75,8.5,17.5,17.0,79.25,21.75,72
17:00,2025-06-18 17:00:00-04:00,1.0,2025-06-18 18:00:00-04:00,2025-06-19 00:00:00-04:00,Long,21731.5,21717.0,-14.5,14.5,6.672341992039206,True,2025-06-18 18:00:00-04:00,5.0,2025-06-18 18:05:00-04:00,21731.5,14.5,14.25,29.0,28.5,0.5,36.75,72
17:00,2025-06-23 17:00:00-04:00,1.0,2025-06-23 18:00:00-04:00,2025-06-24 00:00:00-04:00,Short,22072.0,22077.25,5.25,5.25,2.3785791953606377,True,2025-06-23 18:00:00-04:00,5.0,2025-06-23 18:05:00-04:00,22072.0,5.25,5.0,10.5,10.0,70.5,12.75,72
17:00,2025-06-24 17:00:00-04:00,1.0,2025-06-24 18:00:00-04:00,2025-06-25 00:00:00-04:00,Short,22409.5,22410.75,1.25,1.25,0.5577991476829023,True,2025-06-24 18:00:00-04:00,5.0,2025-06-24 18:05:00-04:00,22409.5,1.25,1.0,2.5,2.0,0.25,24.75,72
17:00,2025-06-25 17:00:00-04:00,1.0,2025-06-25 18:00:00-04:00,2025-06-26 00:00:00-04:00,Long,22472.75,22466.0,-6.75,6.75,3.0036377390395037,True,2025-06-25 18:10:00-04:00,15.0,2025-06-25 18:15:00-04:00,22472.75,6.75,6.5,13.5,13.0,14.75,22.0,72
17:00,2025-06-26 17:00:00-04:00,1.0,2025-06-26 18:00:00-04:00,2025-06-27 00:00:00-04:00,Short,22672.75,22676.5,3.75,3.75,1.653967868917533,True,2025-06-26 18:00:00-04:00,5.0,2025-06-26 18:05:00-04:00,22672.75,3.75,3.5,7.5,7.0,18.0,7.5,72
17:00,2025-06-30 17:00:00-04:00,1.0,2025-06-30 18:00:00-04:00,2025-07-01 00:00:00-04:00,Short,22865.75,22866.75,1.0,1.0,0.43733531592009883,True,2025-06-30 18:00:00-04:00,5.0,2025-06-30 18:05:00-04:00,22865.75,1.0,0.75,2.0,1.5,10.25,9.5,72
17:00,2025-07-01 17:00:00-04:00,1.0,2025-07-01 18:00:00-04:00,2025-07-02 00:00:00-04:00,Short,22691.5,22696.5,5.0,5.0,2.2034682590397283,True,2025-07-01 18:00:00-04:00,5.0,2025-07-01 18:05:00-04:00,22691.5,5.0,4.75,10.0,9.5,11.75,15.25,72
17:00,2025-07-02 17:00:00-04:00,1.0,2025-07-02 18:00:00-04:00,2025-07-03 00:00:00-04:00,Long,22853.25,22846.75,-6.5,6.5,2.844234408672727,True,2025-07-02 18:00:00-04:00,5.0,2025-07-02 18:05:00-04:00,22853.25,6.5,6.25,13.0,12.5,4.75,16.25,72
17:00,2025-07-07 17:00:00-04:00,1.0,2025-07-07 18:00:00-04:00,2025-07-08 00:00:00-04:00,Short,22838.0,22840.25,2.25,2.25,0.9852001050880111,True,2025-07-07 18:00:00-04:00,5.0,2025-07-07 18:05:00-04:00,22838.0,2.25,2.0,4.5,4.0,12.75,13.0,72
17:00,2025-07-08 17:00:00-04:00,1.0,2025-07-08 18:00:00-04:00,2025-07-09 00:00:00-04:00,Short,22903.5,22909.0,5.5,5.5,2.4013797017923024,True,2025-07-08 18:00:00-04:00,5.0,2025-07-08 18:05:00-04:00,22903.5,5.5,5.25,11.0,10.5,13.0,6.75,72
17:00,2025-07-10 17:00:00-04:00,1.0,2025-07-10 18:00:00-04:00,2025-07-11 00:00:00-04:00,Short,23009.75,23010.75,1.0,1.0,0.43459837677506274,True,2025-07-10 18:00:00-04:00,5.0,2025-07-10 18:05:00-04:00,23009.75,1.0,0.75,2.0,1.5,12.5,7.0,72
17:00,2025-07-14 17:00:00-04:00,1.0,2025-07-14 18:00:00-04:00,2025-07-15 00:00:00-04:00,Short,23036.25,23036.5,0.25,0.25,0.10852460795485377,True,2025-07-14 18:00:00-04:00,5.0,2025-07-14 18:05:00-04:00,23036.25,0.25,0.0,0.5,0.0,1.5,17.5,72
17:00,2025-07-15 17:00:00-04:00,1.0,2025-07-15 18:00:00-04:00,2025-07-16 00:00:00-04:00,Short,23018.0,23018.75,0.75,0.75,0.3258319575984012,True,2025-07-15 18:00:00-04:00,5.0,2025-07-15 18:05:00-04:00,23018.0,0.75,0.5,1.5,1.0,14.75,2.75,72
17:00,2025-07-16 17:00:00-04:00,1.0,2025-07-16 18:00:00-04:00,2025-07-17 00:00:00-04:00,Short,23063.0,23069.25,6.25,6.25,2.7099683475697005,True,2025-07-16 18:00:00-04:00,5.0,2025-07-16 18:05:00-04:00,23063.0,6.25,6.0,12.5,12.0,1.75,17.25,72
17:00,2025-07-17 17:00:00-04:00,1.0,2025-07-17 18:00:00-04:00,2025-07-18 00:00:00-04:00,Long,23265.5,23260.0,-5.5,5.5,2.3640153875910683,True,2025-07-17 19:05:00-04:00,70.0,2025-07-17 19:10:00-04:00,23265.5,5.5,5.25,11.0,10.5,14.5,10.0,72
17:00,2025-07-21 17:00:00-04:00,1.0,2025-07-21 18:00:00-04:00,2025-07-22 00:00:00-04:00,Long,23346.75,23338.0,-8.75,8.75,3.7478449891312495,True,2025-07-21 18:00:00-04:00,5.0,2025-07-21 18:05:00-04:00,23346.75,8.75,8.5,17.5,17.0,4.75,14.0,72
17:00,2025-07-22 17:00:00-04:00,1.0,2025-07-22 18:00:00-04:00,2025-07-23 00:00:00-04:00,Long,23198.5,23190.0,-8.5,8.5,3.6640300019397802,True,2025-07-22 18:00:00-04:00,5.0,2025-07-22 18:05:00-04:00,23198.5,8.5,8.25,17.0,16.5,1.75,15.0,72
17:00,2025-07-23 17:00:00-04:00,1.0,2025-07-23 18:00:00-04:00,2025-07-24 00:00:00-04:00,Long,23410.75,23401.0,-9.75,9.75,4.164753371848403,True,2025-07-23 21:15:00-04:00,200.0,2025-07-23 21:20:00-04:00,23410.75,9.75,9.5,19.5,19.0,20.75,13.5,72
17:00,2025-07-24 17:00:00-04:00,1.0,2025-07-24 18:00:00-04:00,2025-07-25 00:00:00-04:00,Long,23395.0,23391.25,-3.75,3.75,1.6029066039752085,True,2025-07-24 18:00:00-04:00,5.0,2025-07-24 18:05:00-04:00,23395.0,3.75,3.5,7.5,7.0,6.25,6.25,72
17:00,2025-07-28 17:00:00-04:00,1.0,2025-07-28 18:00:00-04:00,2025-07-29 00:00:00-04:00,Long,23509.0,23505.25,-3.75,3.75,1.5951337785528947,True,2025-07-28 18:00:00-04:00,5.0,2025-07-28 18:05:00-04:00,23509.0,3.75,3.5,7.5,7.0,2.25,5.75,72
17:00,2025-07-30 17:00:00-04:00,1.0,2025-07-30 18:00:00-04:00,2025-07-31 00:00:00-04:00,Short,23662.25,23698.0,35.75,35.75,15.10845333812296,False,,,2025-07-31 00:00:00-04:00,23797.5,-99.5,-99.75,-199.0,-199.5,103.0,9.75,72
17:00,2025-07-31 17:00:00-04:00,1.0,2025-07-31 18:00:00-04:00,2025-08-01 00:00:00-04:00,Long,23329.25,23323.5,-5.75,5.75,2.4647170397676734,True,2025-07-31 18:00:00-04:00,5.0,2025-07-31 18:05:00-04:00,23329.25,5.75,5.5,11.5,11.0,22.5,14.25,72
17:00,2025-08-04 17:00:00-04:00,1.0,2025-08-04 18:00:00-04:00,2025-08-05 00:00:00-04:00,Short,23351.5,23352.5,1.0,1.0,0.4282380146885639,True,2025-08-04 18:00:00-04:00,5.0,2025-08-04 18:05:00-04:00,23351.5,1.0,0.75,2.0,1.5,10.75,17.5,72
17:00,2025-08-05 17:00:00-04:00,1.0,2025-08-05 18:00:00-04:00,2025-08-06 00:00:00-04:00,Short,23090.75,23092.0,1.25,1.25,0.5413423123978216,True,2025-08-05 18:00:00-04:00,5.0,2025-08-05 18:05:00-04:00,23090.75,1.25,1.0,2.5,2.0,21.25,17.0,72
17:00,2025-08-06 17:00:00-04:00,1.0,2025-08-06 18:00:00-04:00,2025-08-07 00:00:00-04:00,Short,23413.0,23416.75,3.75,3.75,1.6016742835177038,True,2025-08-06 18:00:00-04:00,5.0,2025-08-06 18:05:00-04:00,23413.0,3.75,3.5,7.5,7.0,20.25,31.5,72
17:00,2025-08-07 17:00:00-04:00,1.0,2025-08-07 18:00:00-04:00,2025-08-08 00:00:00-04:00,Long,23521.5,23519.5,-2.0,2.0,0.8502859086367792,True,2025-08-07 18:00:00-04:00,5.0,2025-08-07 18:05:00-04:00,23521.5,2.0,1.75,4.0,3.5,4.0,17.0,72
17:00,2025-08-11 17:00:00-04:00,1.0,2025-08-11 18:00:00-04:00,2025-08-12 00:00:00-04:00,Short,23630.0,23632.0,2.0,2.0,0.8463817181548878,True,2025-08-11 18:00:00-04:00,5.0,2025-08-11 18:05:00-04:00,23630.0,2.0,1.75,4.0,3.5,18.0,4.0,72
17:00,2025-08-12 17:00:00-04:00,1.0,2025-08-12 18:00:00-04:00,2025-08-13 00:00:00-04:00,Long,23948.75,23947.25,-1.5,1.5,0.6263374915183465,True,2025-08-12 19:45:00-04:00,110.0,2025-08-12 19:50:00-04:00,23948.75,1.5,1.25,3.0,2.5,21.75,19.25,72
17:00,2025-08-13 17:00:00-04:00,1.0,2025-08-13 18:00:00-04:00,2025-08-14 00:00:00-04:00,Short,23927.75,23930.0,2.25,2.25,0.9403307874747939,True,2025-08-13 18:00:00-04:00,5.0,2025-08-13 18:05:00-04:00,23927.75,2.25,2.0,4.5,4.0,11.5,10.25,72
17:00,2025-08-14 17:00:00-04:00,1.0,2025-08-14 18:00:00-04:00,2025-08-15 00:00:00-04:00,Short,23891.0,23891.25,0.25,0.25,0.10464191536561884,True,2025-08-14 18:00:00-04:00,5.0,2025-08-14 18:05:00-04:00,23891.0,0.25,0.0,0.5,0.0,0.25,19.25,72
17:00,2025-08-18 17:00:00-04:00,1.0,2025-08-18 18:00:00-04:00,2025-08-19 00:00:00-04:00,Short,23789.5,23799.0,9.5,9.5,3.9933584144265324,True,2025-08-18 20:25:00-04:00,150.0,2025-08-18 20:30:00-04:00,23789.5,9.5,9.25,19.0,18.5,40.75,17.75,72
17:00,2025-08-19 17:00:00-04:00,1.0,2025-08-19 18:00:00-04:00,2025-08-20 00:00:00-04:00,Long,23473.25,23456.0,-17.25,17.25,7.348790644669997,True,2025-08-19 18:00:00-04:00,5.0,2025-08-19 18:05:00-04:00,23473.25,17.25,17.0,34.5,34.0,6.25,29.5,72
17:00,2025-08-20 17:00:00-04:00,1.0,2025-08-20 18:00:00-04:00,2025-08-21 00:00:00-04:00,Short,23318.75,23322.0,3.25,3.25,1.3937282229965158,True,2025-08-20 18:00:00-04:00,5.0,2025-08-20 18:05:00-04:00,23318.75,3.25,3.0,6.5,6.0,17.75,3.25,72
17:00,2025-08-21 17:00:00-04:00,1.0,2025-08-21 18:00:00-04:00,2025-08-22 00:00:00-04:00,Short,23222.5,23228.0,5.5,5.5,2.3683927225750887,True,2025-08-21 20:05:00-04:00,130.0,2025-08-21 20:10:00-04:00,23222.5,5.5,5.25,11.0,10.5,25.0,15.75,72
17:00,2025-08-25 17:00:00-04:00,1.0,2025-08-25 18:00:00-04:00,2025-08-26 00:00:00-04:00,Short,23502.25,23510.25,8.0,8.0,3.403929411013839,True,2025-08-25 18:00:00-04:00,5.0,2025-08-25 18:05:00-04:00,23502.25,8.0,7.75,16.0,15.5,5.0,12.0,72
17:00,2025-08-27 17:00:00-04:00,1.0,2025-08-27 18:00:00-04:00,2025-08-28 00:00:00-04:00,Short,23542.25,23543.0,0.75,0.75,0.3185761768734934,True,2025-08-27 18:00:00-04:00,5.0,2025-08-27 18:05:00-04:00,23542.25,0.75,0.5,1.5,1.0,7.75,44.5,72
17:00,2025-08-28 17:00:00-04:00,1.0,2025-08-28 18:00:00-04:00,2025-08-29 00:00:00-04:00,Long,23761.25,23761.0,-0.25,0.25,0.1052133200063128,True,2025-08-28 18:00:00-04:00,5.0,2025-08-28 18:05:00-04:00,23761.25,0.25,0.0,0.5,0.0,13.75,1.75,72
17:00,2025-09-02 17:00:00-04:00,1.0,2025-09-02 18:00:00-04:00,2025-09-03 00:00:00-04:00,Short,23379.25,23381.5,2.25,2.25,0.9623918645807714,True,2025-09-02 18:00:00-04:00,5.0,2025-09-02 18:05:00-04:00,23379.25,2.25,2.0,4.5,4.0,6.0,15.5,72
17:00,2025-09-03 17:00:00-04:00,1.0,2025-09-03 18:00:00-04:00,2025-09-04 00:00:00-04:00,Short,23455.5,23456.0,0.5,0.5,0.21316961906589074,True,2025-09-03 18:00:00-04:00,5.0,2025-09-03 18:05:00-04:00,23455.5,0.5,0.25,1.0,0.5,4.25,17.0,72
17:00,2025-09-04 17:00:00-04:00,1.0,2025-09-04 18:00:00-04:00,2025-09-05 00:00:00-04:00,Short,23683.75,23694.0,10.25,10.25,4.327861930648652,False,,,2025-09-05 00:00:00-04:00,23741.25,-47.25,-47.5,-94.5,-95.0,49.25,2.25,72
17:00,2025-09-08 17:00:00-04:00,1.0,2025-09-08 18:00:00-04:00,2025-09-09 00:00:00-04:00,Short,23798.5,23799.75,1.25,1.25,0.5252431875958569,True,2025-09-08 18:00:00-04:00,5.0,2025-09-08 18:05:00-04:00,23798.5,1.25,1.0,2.5,2.0,19.0,1.25,72
17:00,2025-09-09 17:00:00-04:00,1.0,2025-09-09 18:00:00-04:00,2025-09-10 00:00:00-04:00,Short,23889.0,23900.25,11.25,11.25,4.709280421951526,True,2025-09-09 19:00:00-04:00,65.0,2025-09-09 19:05:00-04:00,23889.0,11.25,11.0,22.5,22.0,11.5,12.75,72
17:00,2025-09-10 17:00:00-04:00,1.0,2025-09-10 18:00:00-04:00,2025-09-11 00:00:00-04:00,Long,23859.0,23856.75,-2.25,2.25,0.9430403621274991,True,2025-09-10 18:00:00-04:00,5.0,2025-09-10 18:05:00-04:00,23859.0,2.25,2.0,4.5,4.0,5.25,21.75,72
17:00,2025-09-11 17:00:00-04:00,1.0,2025-09-11 18:00:00-04:00,2025-09-12 00:00:00-04:00,Short,24006.5,24028.0,21.5,21.5,8.955907774977609,True,2025-09-11 18:20:00-04:00,25.0,2025-09-11 18:25:00-04:00,24006.5,21.5,21.25,43.0,42.5,1.5,24.5,72
17:00,2025-09-15 17:00:00-04:00,1.0,2025-09-15 18:00:00-04:00,2025-09-16 00:00:00-04:00,Long,24295.75,24294.5,-1.25,1.25,0.5144932755728883,True,2025-09-15 18:00:00-04:00,5.0,2025-09-15 18:05:00-04:00,24295.75,1.25,1.0,2.5,2.0,9.5,3.0,72
17:00,2025-09-16 17:00:00-04:00,1.0,2025-09-16 18:00:00-04:00,2025-09-17 00:00:00-04:00,Short,24292.5,24294.0,1.5,1.5,0.6174745291756716,True,2025-09-16 18:00:00-04:00,5.0,2025-09-16 18:05:00-04:00,24292.5,1.5,1.25,3.0,2.5,3.5,7.5,72
17:00,2025-09-17 17:00:00-04:00,1.0,2025-09-17 18:00:00-04:00,2025-09-18 00:00:00-04:00,Short,24259.5,24260.0,0.5,0.5,0.20610482491395124,True,2025-09-17 18:00:00-04:00,5.0,2025-09-17 18:05:00-04:00,24259.5,0.5,0.25,1.0,0.5,5.5,11.25,72
17:00,2025-09-18 17:00:00-04:00,1.0,2025-09-18 18:00:00-04:00,2025-09-19 00:00:00-04:00,Short,24465.0,24470.5,5.5,5.5,2.2481095442468835,True,2025-09-18 20:20:00-04:00,145.0,2025-09-18 20:25:00-04:00,24465.0,5.5,5.25,11.0,10.5,34.25,13.25,72
17:00,2025-09-22 17:00:00-04:00,1.0,2025-09-22 18:00:00-04:00,2025-09-23 00:00:00-04:00,Short,24996.5,24999.75,3.25,3.25,1.3001820254835679,True,2025-09-22 18:00:00-04:00,5.0,2025-09-22 18:05:00-04:00,24996.5,3.25,3.0,6.5,6.0,0.25,12.25,72
17:00,2025-09-23 17:00:00-04:00,1.0,2025-09-23 18:00:00-04:00,2025-09-24 00:00:00-04:00,Short,24834.25,24839.75,5.5,5.5,2.2146833506145747,True,2025-09-23 20:05:00-04:00,130.0,2025-09-23 20:10:00-04:00,24834.25,5.5,5.25,11.0,10.5,23.25,29.0,72
17:00,2025-09-24 17:00:00-04:00,1.0,2025-09-24 18:00:00-04:00,2025-09-25 00:00:00-04:00,Long,24747.75,24747.0,-0.75,0.75,0.3030578537442798,True,2025-09-24 18:00:00-04:00,5.0,2025-09-24 18:05:00-04:00,24747.75,0.75,0.5,1.5,1.0,3.25,7.25,72
17:00,2025-09-25 17:00:00-04:00,1.0,2025-09-25 18:00:00-04:00,2025-09-26 00:00:00-04:00,Short,24635.25,24640.0,4.75,4.75,1.9281314376756882,True,2025-09-25 18:00:00-04:00,5.0,2025-09-25 18:05:00-04:00,24635.25,4.75,4.5,9.5,9.0,6.5,13.75,72
17:00,2025-09-29 17:00:00-04:00,1.0,2025-09-29 18:00:00-04:00,2025-09-30 00:00:00-04:00,Short,24811.5,24812.0,0.5,0.5,0.20151945670354474,True,2025-09-29 18:10:00-04:00,15.0,2025-09-29 18:15:00-04:00,24811.5,0.5,0.25,1.0,0.5,13.0,1.75,72
17:00,2025-09-30 17:00:00-04:00,1.0,2025-09-30 18:00:00-04:00,2025-10-01 00:00:00-04:00,Short,24838.5,24844.5,6.0,6.0,2.4156048070535663,True,2025-09-30 18:00:00-04:00,5.0,2025-09-30 18:05:00-04:00,24838.5,6.0,5.75,12.0,11.5,24.5,8.0,72
17:00,2025-10-01 17:00:00-04:00,1.0,2025-10-01 18:00:00-04:00,2025-10-02 00:00:00-04:00,Short,25009.0,25009.5,0.5,0.5,0.19992802591067216,True,2025-10-01 18:00:00-04:00,5.0,2025-10-01 18:05:00-04:00,25009.0,0.5,0.25,1.0,0.5,8.25,8.5,72
17:00,2025-10-02 17:00:00-04:00,1.0,2025-10-02 18:00:00-04:00,2025-10-03 00:00:00-04:00,Long,25105.5,25105.0,-0.5,0.5,0.19915954671287167,True,2025-10-02 18:00:00-04:00,5.0,2025-10-02 18:05:00-04:00,25105.5,0.5,0.25,1.0,0.5,11.0,2.5,72
17:00,2025-10-09 17:00:00-04:00,1.0,2025-10-09 18:00:00-04:00,2025-10-10 00:00:00-04:00,Long,25287.5,25284.75,-2.75,2.75,1.0874938210578349,True,2025-10-09 18:00:00-04:00,5.0,2025-10-09 18:05:00-04:00,25287.5,2.75,2.5,5.5,5.0,0.25,24.75,72
17:00,2025-10-14 17:00:00-04:00,1.0,2025-10-14 18:00:00-04:00,2025-10-15 00:00:00-04:00,Long,24755.75,24752.5,-3.25,3.25,1.3128263130787796,True,2025-10-14 18:00:00-04:00,5.0,2025-10-14 18:05:00-04:00,24755.75,3.25,3.0,6.5,6.0,0.0,63.5,72
17:00,2025-10-15 17:00:00-04:00,1.0,2025-10-15 18:00:00-04:00,2025-10-16 00:00:00-04:00,Long,24942.0,24939.0,-3.0,3.0,1.2027904738994468,True,2025-10-15 18:00:00-04:00,5.0,2025-10-15 18:05:00-04:00,24942.0,3.0,2.75,6.0,5.5,1.75,37.0,72
17:00,2025-10-21 17:00:00-04:00,1.0,2025-10-21 18:00:00-04:00,2025-10-22 00:00:00-04:00,Short,25265.0,25277.0,12.0,12.0,4.749653671086484,True,2025-10-21 18:00:00-04:00,5.0,2025-10-21 18:05:00-04:00,25265.0,12.0,11.75,24.0,23.5,8.0,14.25,72
17:00,2025-10-22 17:00:00-04:00,1.0,2025-10-22 18:00:00-04:00,2025-10-23 00:00:00-04:00,Long,25040.0,25014.75,-25.25,25.25,10.083865814696484,True,2025-10-22 18:10:00-04:00,15.0,2025-10-22 18:15:00-04:00,25040.0,25.25,25.0,50.5,50.0,16.25,25.25,72
17:00,2025-10-23 17:00:00-04:00,1.0,2025-10-23 18:00:00-04:00,2025-10-24 00:00:00-04:00,Short,25277.25,25285.0,7.75,7.75,3.06599808127862,True,2025-10-23 18:00:00-04:00,5.0,2025-10-23 18:05:00-04:00,25277.25,7.75,7.5,15.5,15.0,16.0,9.5,72
17:00,2025-10-27 17:00:00-04:00,1.0,2025-10-27 18:00:00-04:00,2025-10-28 00:00:00-04:00,Long,26004.0,26002.5,-1.5,1.5,0.5768343331795108,True,2025-10-27 19:00:00-04:00,65.0,2025-10-27 19:05:00-04:00,26004.0,1.5,1.25,3.0,2.5,16.75,4.0,72
17:00,2025-10-28 17:00:00-04:00,1.0,2025-10-28 18:00:00-04:00,2025-10-29 00:00:00-04:00,Short,26172.5,26180.25,7.75,7.75,2.9611233164581146,True,2025-10-28 18:00:00-04:00,5.0,2025-10-28 18:05:00-04:00,26172.5,7.75,7.5,15.5,15.0,4.5,8.5,72
17:00,2025-10-29 17:00:00-04:00,1.0,2025-10-29 18:00:00-04:00,2025-10-30 00:00:00-04:00,Long,26223.75,26160.5,-63.25,63.25,24.119357452690785,True,2025-10-29 18:05:00-04:00,10.0,2025-10-29 18:10:00-04:00,26223.75,63.25,63.0,126.5,126.0,9.0,66.0,72
17:00,2025-10-30 17:00:00-04:00,1.0,2025-10-30 18:00:00-04:00,2025-10-31 00:00:00-04:00,Short,26149.0,26156.0,7.0,7.0,2.6769666144020805,True,2025-10-30 18:45:00-04:00,50.0,2025-10-30 18:50:00-04:00,26149.0,7.0,6.75,14.0,13.5,30.25,15.0,72
17:00,2025-11-03 17:00:00-05:00,1.0,2025-11-03 18:00:00-05:00,2025-11-04 00:00:00-05:00,Long,26109.5,26105.5,-4.0,4.0,1.5320094218579445,False,,,2025-11-04 00:00:00-05:00,25922.75,-182.75,-183.0,-365.5,-366.0,199.75,0.0,72
17:00,2025-11-04 17:00:00-05:00,1.0,2025-11-04 18:00:00-05:00,2025-11-05 00:00:00-05:00,Long,25575.5,25545.0,-30.5,30.5,11.925475552775117,False,,,2025-11-05 00:00:00-05:00,25465.25,-79.75,-80.0,-159.5,-160.0,262.25,29.5,72
17:00,2025-11-05 17:00:00-05:00,1.0,2025-11-05 18:00:00-05:00,2025-11-06 00:00:00-05:00,Short,25728.75,25732.0,3.25,3.25,1.2631783510664139,True,2025-11-05 18:00:00-05:00,5.0,2025-11-05 18:05:00-05:00,25728.75,3.25,3.0,6.5,6.0,23.5,15.75,72
17:00,2025-11-06 17:00:00-05:00,1.0,2025-11-06 18:00:00-05:00,2025-11-07 00:00:00-05:00,Short,25310.5,25311.0,0.5,0.5,0.19754647280772802,True,2025-11-06 18:00:00-05:00,5.0,2025-11-06 18:05:00-05:00,25310.5,0.5,0.25,1.0,0.5,0.0,30.75,72
17:00,2025-11-11 17:00:00-05:00,1.0,2025-11-11 18:00:00-05:00,2025-11-12 00:00:00-05:00,Short,25659.25,25676.5,17.25,17.25,6.7227218254625525,True,2025-11-11 18:00:00-05:00,5.0,2025-11-11 18:05:00-05:00,25659.25,17.25,17.0,34.5,34.0,0.0,20.25,72
17:00,2025-11-12 17:00:00-05:00,1.0,2025-11-12 18:00:00-05:00,2025-11-13 00:00:00-05:00,Short,25625.5,25626.25,0.75,0.75,0.2926772160543209,True,2025-11-12 18:00:00-05:00,5.0,2025-11-12 18:05:00-05:00,25625.5,0.75,0.5,1.5,1.0,10.5,99.75,72
17:00,2025-11-13 17:00:00-05:00,1.0,2025-11-13 18:00:00-05:00,2025-11-14 00:00:00-05:00,Short,25088.0,25100.0,12.0,12.0,4.783163265306122,True,2025-11-13 18:00:00-05:00,5.0,2025-11-13 18:05:00-05:00,25088.0,12.0,11.75,24.0,23.5,37.75,12.5,72
17:00,2025-11-17 17:00:00-05:00,1.0,2025-11-17 18:00:00-05:00,2025-11-18 00:00:00-05:00,Long,24905.75,24904.75,-1.0,1.0,0.4015137066741616,True,2025-11-17 18:00:00-05:00,5.0,2025-11-17 18:05:00-05:00,24905.75,1.0,0.75,2.0,1.5,7.5,37.25,72
17:00,2025-11-18 17:00:00-05:00,1.0,2025-11-18 18:00:00-05:00,2025-11-19 00:00:00-05:00,Short,24531.75,24547.0,15.25,15.25,6.21643380517085,True,2025-11-18 19:15:00-05:00,80.0,2025-11-18 19:20:00-05:00,24531.75,15.25,15.0,30.5,30.0,84.0,49.25,72
17:00,2025-11-19 17:00:00-05:00,1.0,2025-11-19 18:00:00-05:00,2025-11-20 00:00:00-05:00,Short,24959.75,24968.75,9.0,9.0,3.605805346608039,True,2025-11-19 18:00:00-05:00,5.0,2025-11-19 18:05:00-05:00,24959.75,9.0,8.75,18.0,17.5,57.25,18.25,72
17:00,2025-11-20 17:00:00-05:00,1.0,2025-11-20 18:00:00-05:00,2025-11-21 00:00:00-05:00,Short,24075.5,24096.75,21.25,21.25,8.82640028244481,True,2025-11-20 18:00:00-05:00,5.0,2025-11-20 18:05:00-05:00,24075.5,21.25,21.0,42.5,42.0,34.5,51.0,72
17:00,2025-11-24 17:00:00-05:00,1.0,2025-11-24 18:00:00-05:00,2025-11-25 00:00:00-05:00,Short,24962.5,24973.25,10.75,10.75,4.306459689534301,True,2025-11-24 18:00:00-05:00,5.0,2025-11-24 18:05:00-05:00,24962.5,10.75,10.5,21.5,21.0,9.5,11.0,72
17:00,2025-11-25 17:00:00-05:00,1.0,2025-11-25 18:00:00-05:00,2025-11-26 00:00:00-05:00,Short,25064.5,25070.0,5.5,5.5,2.1943386063954997,True,2025-11-25 18:00:00-05:00,5.0,2025-11-25 18:05:00-05:00,25064.5,5.5,5.25,11.0,10.5,14.75,5.5,72
17:00,2025-11-26 17:00:00-05:00,1.0,2025-11-26 18:00:00-05:00,2025-11-27 00:00:00-05:00,Short,25314.5,25316.75,2.25,2.25,0.8888186612415809,True,2025-11-26 18:00:00-05:00,5.0,2025-11-26 18:05:00-05:00,25314.5,2.25,2.0,4.5,4.0,19.25,2.75,72
17:00,2025-12-01 17:00:00-05:00,1.0,2025-12-01 18:00:00-05:00,2025-12-02 00:00:00-05:00,Short,25400.25,25422.75,22.5,22.5,8.858180529719196,True,2025-12-01 18:05:00-05:00,10.0,2025-12-01 18:10:00-05:00,25400.25,22.5,22.25,45.0,44.5,0.25,42.75,72
17:00,2025-12-02 17:00:00-05:00,1.0,2025-12-02 18:00:00-05:00,2025-12-03 00:00:00-05:00,Short,25606.75,25613.5,6.75,6.75,2.6360237046872403,True,2025-12-02 19:20:00-05:00,85.0,2025-12-02 19:25:00-05:00,25606.75,6.75,6.5,13.5,13.0,25.25,29.5,72
17:00,2025-12-03 17:00:00-05:00,1.0,2025-12-03 18:00:00-05:00,2025-12-04 00:00:00-05:00,Short,25645.75,25649.75,4.0,4.0,1.5597126229492217,True,2025-12-03 18:00:00-05:00,5.0,2025-12-03 18:05:00-05:00,25645.75,4.0,3.75,8.0,7.5,9.0,15.5,72
17:00,2025-12-04 17:00:00-05:00,1.0,2025-12-04 18:00:00-05:00,2025-12-05 00:00:00-05:00,Long,25632.25,25631.0,-1.25,1.25,0.48766690399789325,True,2025-12-04 18:00:00-05:00,5.0,2025-12-04 18:05:00-05:00,25632.25,1.25,1.0,2.5,2.0,0.0,16.75,72
17:00,2025-12-08 17:00:00-05:00,1.0,2025-12-08 18:00:00-05:00,2025-12-09 00:00:00-05:00,Short,25706.5,25713.0,6.5,6.5,2.5285433645187014,True,2025-12-08 18:00:00-05:00,5.0,2025-12-08 18:05:00-05:00,25706.5,6.5,6.25,13.0,12.5,11.75,13.75,72
17:00,2025-12-09 17:00:00-05:00,1.0,2025-12-09 18:00:00-05:00,2025-12-10 00:00:00-05:00,Short,25676.5,25681.0,4.5,4.5,1.752575312055771,True,2025-12-09 18:05:00-05:00,10.0,2025-12-09 18:10:00-05:00,25676.5,4.5,4.25,9.0,8.5,8.25,4.5,72
17:00,2025-12-10 17:00:00-05:00,1.0,2025-12-10 18:00:00-05:00,2025-12-11 00:00:00-05:00,Long,25800.25,25777.75,-22.5,22.5,8.720845728239068,False,,,2025-12-11 00:00:00-05:00,25508.5,-269.25,-269.5,-538.5,-539.0,395.75,14.75,72
17:00,2025-12-11 17:00:00-05:00,1.0,2025-12-11 18:00:00-05:00,2025-12-12 00:00:00-05:00,Long,25835.0,25719.5,-115.5,115.5,44.70679311012193,False,,,2025-12-12 00:00:00-05:00,25659.0,-60.5,-60.75,-121.0,-121.5,78.25,14.25,72
17:00,2025-12-15 17:00:00-05:00,1.0,2025-12-15 18:00:00-05:00,2025-12-16 00:00:00-05:00,Long,25102.5,25100.0,-2.5,2.5,0.9959167413604223,True,2025-12-15 18:00:00-05:00,5.0,2025-12-15 18:05:00-05:00,25102.5,2.5,2.25,5.0,4.5,2.0,21.25,72
17:00,2025-12-16 17:00:00-05:00,1.0,2025-12-16 18:00:00-05:00,2025-12-17 00:00:00-05:00,Short,25084.75,25100.0,15.25,15.25,6.07939086496776,True,2025-12-16 18:00:00-05:00,5.0,2025-12-16 18:05:00-05:00,25084.75,15.25,15.0,30.5,30.0,14.75,22.25,72
17:00,2025-12-17 17:00:00-05:00,1.0,2025-12-17 18:00:00-05:00,2025-12-18 00:00:00-05:00,Short,24732.25,24740.0,7.75,7.75,3.1335604322291744,True,2025-12-17 18:10:00-05:00,15.0,2025-12-17 18:15:00-05:00,24732.25,7.75,7.5,15.5,15.0,29.75,11.75,72
17:00,2025-12-18 17:00:00-05:00,1.0,2025-12-18 18:00:00-05:00,2025-12-19 00:00:00-05:00,Short,24986.25,24987.5,1.25,1.25,0.5002751513332333,True,2025-12-18 18:05:00-05:00,10.0,2025-12-18 18:10:00-05:00,24986.25,1.25,1.0,2.5,2.0,32.5,11.0,72
17:00,2025-12-22 17:00:00-05:00,1.0,2025-12-22 18:00:00-05:00,2025-12-23 00:00:00-05:00,Short,25700.5,25701.25,0.75,0.75,0.2918231162817844,True,2025-12-22 18:00:00-05:00,5.0,2025-12-22 18:05:00-05:00,25700.5,0.75,0.5,1.5,1.0,10.75,1.75,72
17:00,2025-12-23 17:00:00-05:00,1.0,2025-12-23 18:00:00-05:00,2025-12-24 00:00:00-05:00,Short,25811.5,25812.0,0.5,0.5,0.1937121050694458,True,2025-12-23 18:00:00-05:00,5.0,2025-12-23 18:05:00-05:00,25811.5,0.5,0.25,1.0,0.5,4.5,10.0,72
17:00,2025-12-29 17:00:00-05:00,1.0,2025-12-29 18:00:00-05:00,2025-12-30 00:00:00-05:00,Short,25744.5,25747.5,3.0,3.0,1.1652974421721143,True,2025-12-29 18:00:00-05:00,5.0,2025-12-29 18:05:00-05:00,25744.5,3.0,2.75,6.0,5.5,0.25,17.0,72
17:00,2025-12-30 17:00:00-05:00,1.0,2025-12-30 18:00:00-05:00,2025-12-31 00:00:00-05:00,Short,25676.5,25678.25,1.75,1.75,0.6815570657994664,True,2025-12-30 18:00:00-05:00,5.0,2025-12-30 18:05:00-05:00,25676.5,1.75,1.5,3.5,3.0,12.25,2.25,72
17:00,2026-01-05 17:00:00-05:00,1.0,2026-01-05 18:00:00-05:00,2026-01-06 00:00:00-05:00,Short,25578.5,25581.0,2.5,2.5,0.9773833492972615,True,2026-01-05 18:15:00-05:00,20.0,2026-01-05 18:20:00-05:00,25578.5,2.5,2.25,5.0,4.5,16.5,3.0,72
17:00,2026-01-06 17:00:00-05:00,1.0,2026-01-06 18:00:00-05:00,2026-01-07 00:00:00-05:00,Short,25831.25,25834.5,3.25,3.25,1.2581659811275103,True,2026-01-06 18:00:00-05:00,5.0,2026-01-06 18:05:00-05:00,25831.25,3.25,3.0,6.5,6.0,10.25,12.75,72
17:00,2026-01-07 17:00:00-05:00,1.0,2026-01-07 18:00:00-05:00,2026-01-08 00:00:00-05:00,Short,25836.5,25839.25,2.75,2.75,1.064385655951851,True,2026-01-07 18:00:00-05:00,5.0,2026-01-07 18:05:00-05:00,25836.5,2.75,2.5,5.5,5.0,11.0,3.25,72
17:00,2026-01-08 17:00:00-05:00,1.0,2026-01-08 18:00:00-05:00,2026-01-09 00:00:00-05:00,Short,25711.5,25720.5,9.0,9.0,3.500379207747506,True,2026-01-08 18:05:00-05:00,10.0,2026-01-08 18:10:00-05:00,25711.5,9.0,8.75,18.0,17.5,6.5,10.0,72
17:00,2026-01-12 17:00:00-05:00,1.0,2026-01-12 18:00:00-05:00,2026-01-13 00:00:00-05:00,Short,25942.25,25948.0,5.75,5.75,2.216461563665449,True,2026-01-12 18:00:00-05:00,5.0,2026-01-12 18:05:00-05:00,25942.25,5.75,5.5,11.5,11.0,6.0,33.0,72
17:00,2026-01-13 17:00:00-05:00,1.0,2026-01-13 18:00:00-05:00,2026-01-14 00:00:00-05:00,Short,25898.25,25900.0,1.75,1.75,0.6757213325224677,True,2026-01-13 18:00:00-05:00,5.0,2026-01-13 18:05:00-05:00,25898.25,1.75,1.5,3.5,3.0,14.0,5.0,72
17:00,2026-01-14 17:00:00-05:00,1.0,2026-01-14 18:00:00-05:00,2026-01-15 00:00:00-05:00,Long,25610.5,25597.25,-13.25,13.25,5.1736592413268,True,2026-01-14 18:00:00-05:00,5.0,2026-01-14 18:05:00-05:00,25610.5,13.25,13.0,26.5,26.0,13.25,18.5,72
17:00,2026-01-15 17:00:00-05:00,1.0,2026-01-15 18:00:00-05:00,2026-01-16 00:00:00-05:00,Short,25705.75,25720.0,14.25,14.25,5.543506802952646,True,2026-01-15 18:05:00-05:00,10.0,2026-01-15 18:10:00-05:00,25705.75,14.25,14.0,28.5,28.0,4.5,15.75,72
17:00,2026-01-20 17:00:00-05:00,1.0,2026-01-20 18:00:00-05:00,2026-01-21 00:00:00-05:00,Short,25143.25,25147.0,3.75,3.75,1.491453968759011,True,2026-01-20 18:00:00-05:00,5.0,2026-01-20 18:05:00-05:00,25143.25,3.75,3.5,7.5,7.0,28.5,8.75,72
17:00,2026-01-21 17:00:00-05:00,1.0,2026-01-21 18:00:00-05:00,2026-01-22 00:00:00-05:00,Short,25509.0,25529.0,20.0,20.0,7.8403700654670905,False,,,2026-01-22 00:00:00-05:00,25575.0,-46.0,-46.25,-92.0,-92.5,73.75,6.0,72
17:00,2026-01-22 17:00:00-05:00,1.0,2026-01-22 18:00:00-05:00,2026-01-23 00:00:00-05:00,Long,25630.0,25609.75,-20.25,20.25,7.900897385875926,True,2026-01-22 19:10:00-05:00,75.0,2026-01-22 19:15:00-05:00,25630.0,20.25,20.0,40.5,40.0,32.5,21.25,72
17:00,2026-01-26 17:00:00-05:00,1.0,2026-01-26 18:00:00-05:00,2026-01-27 00:00:00-05:00,Long,25861.75,25857.25,-4.5,4.5,1.7400214602646766,True,2026-01-26 18:00:00-05:00,5.0,2026-01-26 18:05:00-05:00,25861.75,4.5,4.25,9.0,8.5,17.5,5.75,72
17:00,2026-01-27 17:00:00-05:00,1.0,2026-01-27 18:00:00-05:00,2026-01-28 00:00:00-05:00,Short,26109.5,26112.0,2.5,2.5,0.9575058886612152,True,2026-01-27 18:00:00-05:00,5.0,2026-01-27 18:05:00-05:00,26109.5,2.5,2.25,5.0,4.5,35.0,2.5,72
17:00,2026-01-28 17:00:00-05:00,1.0,2026-01-28 18:00:00-05:00,2026-01-29 00:00:00-05:00,Short,26268.5,26278.0,9.5,9.5,3.6164988484306297,True,2026-01-28 18:00:00-05:00,5.0,2026-01-28 18:05:00-05:00,26268.5,9.5,9.25,19.0,18.5,16.5,16.75,72
17:00,2026-01-29 17:00:00-05:00,1.0,2026-01-29 18:00:00-05:00,2026-01-30 00:00:00-05:00,Short,25982.5,25994.5,12.0,12.0,4.618493216588088,True,2026-01-29 18:00:00-05:00,5.0,2026-01-29 18:05:00-05:00,25982.5,12.0,11.75,24.0,23.5,17.75,44.5,72
17:00,2026-02-02 17:00:00-05:00,1.0,2026-02-02 18:00:00-05:00,2026-02-03 00:00:00-05:00,Short,25873.0,25873.25,0.25,0.25,0.0966258261508136,True,2026-02-02 18:00:00-05:00,5.0,2026-02-02 18:05:00-05:00,25873.0,0.25,0.0,0.5,0.0,34.5,7.25,72
17:00,2026-02-03 17:00:00-05:00,1.0,2026-02-03 18:00:00-05:00,2026-02-04 00:00:00-05:00,Long,25421.5,25390.25,-31.25,31.25,12.292744330586315,True,2026-02-03 18:10:00-05:00,15.0,2026-02-03 18:15:00-05:00,25421.5,31.25,31.0,62.5,62.0,28.75,32.0,72
17:00,2026-02-04 17:00:00-05:00,1.0,2026-02-04 18:00:00-05:00,2026-02-05 00:00:00-05:00,Long,25118.25,25067.25,-51.0,51.0,20.303962258517213,True,2026-02-04 18:30:00-05:00,35.0,2026-02-04 18:35:00-05:00,25118.25,51.0,50.75,102.0,101.5,11.0,58.0,72
17:00,2026-02-05 17:00:00-05:00,1.0,2026-02-05 18:00:00-05:00,2026-02-06 00:00:00-05:00,Long,24425.75,24410.0,-15.75,15.75,6.448113159268395,True,2026-02-05 18:00:00-05:00,5.0,2026-02-05 18:05:00-05:00,24425.75,15.75,15.5,31.5,31.0,14.75,42.75,72
17:00,2026-02-09 17:00:00-05:00,1.0,2026-02-09 18:00:00-05:00,2026-02-10 00:00:00-05:00,Long,25361.5,25361.25,-0.25,0.25,0.09857461112315911,True,2026-02-09 18:00:00-05:00,5.0,2026-02-09 18:05:00-05:00,25361.5,0.25,0.0,0.5,0.0,0.0,32.5,72
17:00,2026-02-10 17:00:00-05:00,1.0,2026-02-10 18:00:00-05:00,2026-02-11 00:00:00-05:00,Long,25257.75,25254.0,-3.75,3.75,1.484692817056151,True,2026-02-10 18:00:00-05:00,5.0,2026-02-10 18:05:00-05:00,25257.75,3.75,3.5,7.5,7.0,0.0,23.75,72
17:00,2026-02-11 17:00:00-05:00,1.0,2026-02-11 18:00:00-05:00,2026-02-12 00:00:00-05:00,Short,25277.75,25281.75,4.0,4.0,1.5824193213399136,True,2026-02-11 18:00:00-05:00,5.0,2026-02-11 18:05:00-05:00,25277.75,4.0,3.75,8.0,7.5,12.75,16.5,72
17:00,2026-02-12 17:00:00-05:00,1.0,2026-02-12 18:00:00-05:00,2026-02-13 00:00:00-05:00,Short,24822.0,24838.75,16.75,16.75,6.7480460881476105,True,2026-02-12 18:00:00-05:00,5.0,2026-02-12 18:05:00-05:00,24822.0,16.75,16.5,33.5,33.0,6.75,27.0,72
17:00,2026-02-17 17:00:00-05:00,1.0,2026-02-17 18:00:00-05:00,2026-02-18 00:00:00-05:00,Short,24770.25,24786.0,15.75,15.75,6.3584340085384685,True,2026-02-17 18:00:00-05:00,5.0,2026-02-17 18:05:00-05:00,24770.25,15.75,15.5,31.5,31.0,0.0,43.0,72
17:00,2026-02-18 17:00:00-05:00,1.0,2026-02-18 18:00:00-05:00,2026-02-19 00:00:00-05:00,Short,24937.0,24940.25,3.25,3.25,1.3032842763764687,True,2026-02-18 19:20:00-05:00,85.0,2026-02-18 19:25:00-05:00,24937.0,3.25,3.0,6.5,6.0,54.5,13.5,72
17:00,2026-02-19 17:00:00-05:00,1.0,2026-02-19 18:00:00-05:00,2026-02-20 00:00:00-05:00,Short,24836.25,24844.0,7.75,7.75,3.120438874628819,True,2026-02-19 18:00:00-05:00,5.0,2026-02-19 18:05:00-05:00,24836.25,7.75,7.5,15.5,15.0,1.0,18.75,72
17:00,2026-02-24 17:00:00-05:00,1.0,2026-02-24 18:00:00-05:00,2026-02-25 00:00:00-05:00,Short,25017.0,25020.5,3.5,3.5,1.3990486469200942,True,2026-02-24 18:00:00-05:00,5.0,2026-02-24 18:05:00-05:00,25017.0,3.5,3.25,7.0,6.5,0.75,24.25,72
17:00,2026-02-25 17:00:00-05:00,1.0,2026-02-25 18:00:00-05:00,2026-02-26 00:00:00-05:00,Long,25460.75,25398.75,-62.0,62.0,24.35120725037558,False,,,2026-02-26 00:00:00-05:00,25300.5,-98.25,-98.5,-196.5,-197.0,134.0,19.75,72
17:00,2026-02-26 17:00:00-05:00,1.0,2026-02-26 18:00:00-05:00,2026-02-27 00:00:00-05:00,Long,25028.75,25026.0,-2.75,2.75,1.0987364530789592,True,2026-02-26 18:00:00-05:00,5.0,2026-02-26 18:05:00-05:00,25028.75,2.75,2.5,5.5,5.0,51.0,4.25,72
17:00,2026-03-02 17:00:00-05:00,1.0,2026-03-02 18:00:00-05:00,2026-03-03 00:00:00-05:00,Short,24997.5,25002.75,5.25,5.25,2.1002100210021,True,2026-03-02 18:00:00-05:00,5.0,2026-03-02 18:05:00-05:00,24997.5,5.25,5.0,10.5,10.0,8.5,35.0,72
17:00,2026-03-04 17:00:00-05:00,1.0,2026-03-04 18:00:00-05:00,2026-03-05 00:00:00-05:00,Short,25137.75,25154.5,16.75,16.75,6.663285298007977,True,2026-03-04 20:20:00-05:00,145.0,2026-03-04 20:25:00-05:00,25137.75,16.75,16.5,33.5,33.0,88.5,20.5,72
17:00,2026-03-05 17:00:00-05:00,1.0,2026-03-05 18:00:00-05:00,2026-03-06 00:00:00-05:00,Short,25010.5,25015.75,5.25,5.25,2.0991183702844807,True,2026-03-05 18:00:00-05:00,5.0,2026-03-05 18:05:00-05:00,25010.5,5.25,5.0,10.5,10.0,17.0,15.0,72
17:00,2026-03-09 17:00:00-04:00,1.0,2026-03-09 18:00:00-04:00,2026-03-10 00:00:00-04:00,Short,24958.25,24978.0,19.75,19.75,7.913215069165506,True,2026-03-09 18:00:00-04:00,5.0,2026-03-09 18:05:00-04:00,24958.25,19.75,19.5,39.5,39.0,5.0,93.5,72
17:00,2026-03-10 17:00:00-04:00,1.0,2026-03-10 18:00:00-04:00,2026-03-11 00:00:00-04:00,Short,25008.75,25015.0,6.25,6.25,2.49912530614285,True,2026-03-10 18:00:00-04:00,5.0,2026-03-10 18:05:00-04:00,25008.75,6.25,6.0,12.5,12.0,0.0,35.75,72
17:00,2026-03-11 17:00:00-04:00,1.0,2026-03-11 18:00:00-04:00,2026-03-12 00:00:00-04:00,Long,24947.5,24940.0,-7.5,7.5,3.0063132578414673,True,2026-03-11 18:00:00-04:00,5.0,2026-03-11 18:05:00-04:00,24947.5,7.5,7.25,15.0,14.5,32.0,9.75,72
17:00,2026-03-12 17:00:00-04:00,1.0,2026-03-12 18:00:00-04:00,2026-03-13 00:00:00-04:00,Long,24567.25,24565.0,-2.25,2.25,0.9158534227477638,True,2026-03-12 18:00:00-04:00,5.0,2026-03-12 18:05:00-04:00,24567.25,2.25,2.0,4.5,4.0,27.0,16.75,72
17:00,2026-03-16 17:00:00-04:00,1.0,2026-03-16 18:00:00-04:00,2026-03-17 00:00:00-04:00,Short,24659.5,24660.0,0.5,0.5,0.2027616131713944,True,2026-03-16 18:00:00-04:00,5.0,2026-03-16 18:05:00-04:00,24659.5,0.5,0.25,1.0,0.5,6.5,30.25,72
17:00,2026-03-17 17:00:00-04:00,1.0,2026-03-17 18:00:00-04:00,2026-03-18 00:00:00-04:00,Short,24804.0,24810.0,6.0,6.0,2.4189646831156266,True,2026-03-17 18:00:00-04:00,5.0,2026-03-17 18:05:00-04:00,24804.0,6.0,5.75,12.0,11.5,0.0,22.0,72
17:00,2026-03-18 17:00:00-04:00,1.0,2026-03-18 18:00:00-04:00,2026-03-19 00:00:00-04:00,Short,24391.25,24393.25,2.0,2.0,0.8199661763952236,True,2026-03-18 18:00:00-04:00,5.0,2026-03-18 18:05:00-04:00,24391.25,2.0,1.75,4.0,3.5,18.5,11.0,72
17:00,2026-03-19 17:00:00-04:00,1.0,2026-03-19 18:00:00-04:00,2026-03-20 00:00:00-04:00,Long,24398.5,24390.0,-8.5,8.5,3.483820726684017,True,2026-03-19 18:00:00-04:00,5.0,2026-03-19 18:05:00-04:00,24398.5,8.5,8.25,17.0,16.5,0.0,48.0,72
17:00,2026-03-23 17:00:00-04:00,1.0,2026-03-23 18:00:00-04:00,2026-03-24 00:00:00-04:00,Short,24400.25,24408.25,8.0,8.0,3.2786549318142235,True,2026-03-23 18:00:00-04:00,5.0,2026-03-23 18:05:00-04:00,24400.25,8.0,7.75,16.0,15.5,10.25,24.25,72
17:00,2026-03-24 17:00:00-04:00,1.0,2026-03-24 18:00:00-04:00,2026-03-25 00:00:00-04:00,Short,24403.5,24422.5,19.0,19.0,7.7857684348556555,True,2026-03-24 18:15:00-04:00,20.0,2026-03-24 18:20:00-04:00,24403.5,19.0,18.75,38.0,37.5,35.0,26.0,72
17:00,2026-03-26 17:00:00-04:00,1.0,2026-03-26 18:00:00-04:00,2026-03-27 00:00:00-04:00,Short,23821.25,23830.0,8.75,8.75,3.6731909534554235,True,2026-03-26 20:35:00-04:00,160.0,2026-03-26 20:40:00-04:00,23821.25,8.75,8.5,17.5,17.0,79.75,15.0,72
17:00,2026-03-30 17:00:00-04:00,1.0,2026-03-30 18:00:00-04:00,2026-03-31 00:00:00-04:00,Short,23106.0,23112.0,6.0,6.0,2.596728122565567,True,2026-03-30 18:30:00-04:00,35.0,2026-03-30 18:35:00-04:00,23106.0,6.0,5.75,12.0,11.5,35.25,10.0,72
17:00,2026-03-31 17:00:00-04:00,1.0,2026-03-31 18:00:00-04:00,2026-04-01 00:00:00-04:00,Long,23904.75,23895.0,-9.75,9.75,4.078687290182914,True,2026-03-31 18:00:00-04:00,5.0,2026-03-31 18:05:00-04:00,23904.75,9.75,9.5,19.5,19.0,14.75,50.75,72
17:00,2026-04-01 17:00:00-04:00,1.0,2026-04-01 18:00:00-04:00,2026-04-02 00:00:00-04:00,Long,24188.25,24181.5,-6.75,6.75,2.7906111438405015,True,2026-04-01 18:00:00-04:00,5.0,2026-04-01 18:05:00-04:00,24188.25,6.75,6.5,13.5,13.0,7.0,23.0,72
17:00,2026-04-02 17:00:00-04:00,1.0,2026-04-02 18:00:00-04:00,2026-04-03 00:00:00-04:00,Long,24219.75,24213.75,-6.0,6.0,2.4773170656179357,True,2026-04-02 20:00:00-04:00,125.0,2026-04-02 20:05:00-04:00,24219.75,6.0,5.75,12.0,11.5,36.25,41.75,72
17:00,2026-04-06 17:00:00-04:00,1.0,2026-04-06 18:00:00-04:00,2026-04-07 00:00:00-04:00,Long,24349.75,24342.0,-7.75,7.75,3.1827842174970993,True,2026-04-06 18:00:00-04:00,5.0,2026-04-06 18:05:00-04:00,24349.75,7.75,7.5,15.5,15.0,3.25,31.25,72
17:00,2026-04-07 17:00:00-04:00,1.0,2026-04-07 18:00:00-04:00,2026-04-08 00:00:00-04:00,Short,24397.75,24490.0,92.25,92.25,37.81086370669426,True,2026-04-07 18:30:00-04:00,35.0,2026-04-07 18:35:00-04:00,24397.75,92.25,92.0,184.5,184.0,258.0,130.0,72
17:00,2026-04-13 17:00:00-04:00,1.0,2026-04-13 18:00:00-04:00,2026-04-14 00:00:00-04:00,Long,25585.25,25581.0,-4.25,4.25,1.6611133367858433,True,2026-04-13 18:05:00-04:00,10.0,2026-04-13 18:10:00-04:00,25585.25,4.25,4.0,8.5,8.0,15.75,19.0,72
17:00,2026-04-14 17:00:00-04:00,1.0,2026-04-14 18:00:00-04:00,2026-04-15 00:00:00-04:00,Long,25990.75,25986.75,-4.0,4.0,1.5390090705347093,True,2026-04-14 18:00:00-04:00,5.0,2026-04-14 18:05:00-04:00,25990.75,4.0,3.75,8.0,7.5,10.5,10.0,72
17:00,2026-04-15 17:00:00-04:00,1.0,2026-04-15 18:00:00-04:00,2026-04-16 00:00:00-04:00,Long,26360.0,26345.25,-14.75,14.75,5.595599393019727,True,2026-04-15 18:00:00-04:00,5.0,2026-04-15 18:05:00-04:00,26360.0,14.75,14.5,29.5,29.0,1.25,27.25,72
17:00,2026-04-16 17:00:00-04:00,1.0,2026-04-16 18:00:00-04:00,2026-04-17 00:00:00-04:00,Long,26464.75,26464.25,-0.5,0.5,0.1889305585731964,True,2026-04-16 18:00:00-04:00,5.0,2026-04-16 18:05:00-04:00,26464.75,0.5,0.25,1.0,0.5,17.75,7.75,72
17:00,2026-04-20 17:00:00-04:00,1.0,2026-04-20 18:00:00-04:00,2026-04-21 00:00:00-04:00,Short,26774.25,26776.5,2.25,2.25,0.8403596739404465,True,2026-04-20 18:00:00-04:00,5.0,2026-04-20 18:05:00-04:00,26774.25,2.25,2.0,4.5,4.0,26.25,25.0,72
17:00,2026-04-21 17:00:00-04:00,1.0,2026-04-21 18:00:00-04:00,2026-04-22 00:00:00-04:00,Short,26722.0,26735.0,13.0,13.0,4.864905321457975,False,,,2026-04-22 00:00:00-04:00,26808.0,-73.0,-73.25,-146.0,-146.5,98.75,7.0,72
17:00,2026-04-22 17:00:00-04:00,1.0,2026-04-22 18:00:00-04:00,2026-04-23 00:00:00-04:00,Long,27105.75,27080.75,-25.0,25.0,9.22313531261817,False,,,2026-04-23 00:00:00-04:00,26908.0,-172.75,-173.0,-345.5,-346.0,232.75,19.25,72
17:00,2026-04-23 17:00:00-04:00,1.0,2026-04-23 18:00:00-04:00,2026-04-24 00:00:00-04:00,Short,26942.25,26990.75,48.5,48.5,18.001466098785365,False,,,2026-04-24 00:00:00-04:00,27031.25,-40.5,-40.75,-81.0,-81.5,146.75,0.0,72
17:00,2026-04-27 17:00:00-04:00,1.0,2026-04-27 18:00:00-04:00,2026-04-28 00:00:00-04:00,Short,27418.25,27425.75,7.5,7.5,2.7354043383512803,True,2026-04-27 21:55:00-04:00,240.0,2026-04-27 22:00:00-04:00,27418.25,7.5,7.25,15.0,14.5,86.75,8.25,72
17:00,2026-04-28 17:00:00-04:00,1.0,2026-04-28 18:00:00-04:00,2026-04-29 00:00:00-04:00,Short,27191.0,27196.0,5.0,5.0,1.8388437350593947,False,,,2026-04-29 00:00:00-04:00,27283.75,-87.75,-88.0,-175.5,-176.0,98.0,4.5,72
17:00,2026-04-29 17:00:00-04:00,1.0,2026-04-29 18:00:00-04:00,2026-04-30 00:00:00-04:00,Short,27150.5,27202.75,52.25,52.25,19.244581131102557,False,,,2026-04-30 00:00:00-04:00,27409.75,-207.0,-207.25,-414.0,-414.5,420.25,0.0,72
17:00,2026-04-30 17:00:00-04:00,1.0,2026-04-30 18:00:00-04:00,2026-05-01 00:00:00-04:00,Short,27597.25,27630.0,32.75,32.75,11.867124441746913,True,2026-04-30 18:45:00-04:00,50.0,2026-04-30 18:50:00-04:00,27597.25,32.75,32.5,65.5,65.0,18.0,37.5,72
17:00,2026-05-04 17:00:00-04:00,1.0,2026-05-04 18:00:00-04:00,2026-05-05 00:00:00-04:00,Short,27743.5,27754.0,10.5,10.5,3.7846702831293815,True,2026-05-04 18:50:00-04:00,55.0,2026-05-04 18:55:00-04:00,27743.5,10.5,10.25,21.0,20.5,32.5,12.75,72
17:00,2026-05-05 17:00:00-04:00,1.0,2026-05-05 18:00:00-04:00,2026-05-06 00:00:00-04:00,Short,28208.0,28246.5,38.5,38.5,13.648610323312536,False,,,2026-05-06 00:00:00-04:00,28312.75,-66.25,-66.5,-132.5,-133.0,217.5,1.25,72
17:00,2026-05-06 17:00:00-04:00,1.0,2026-05-06 18:00:00-04:00,2026-05-07 00:00:00-04:00,Long,28713.0,28663.75,-49.25,49.25,17.152509316337547,True,2026-05-06 21:50:00-04:00,235.0,2026-05-06 21:55:00-04:00,28713.0,49.25,49.0,98.5,98.0,26.25,53.5,72
17:00,2026-05-07 17:00:00-04:00,1.0,2026-05-07 18:00:00-04:00,2026-05-08 00:00:00-04:00,Long,28643.0,28588.0,-55.0,55.0,19.201899242397793,True,2026-05-07 18:10:00-04:00,15.0,2026-05-07 18:15:00-04:00,28643.0,55.0,54.75,110.0,109.5,46.0,55.25,72
17:00,2026-05-11 17:00:00-04:00,1.0,2026-05-11 18:00:00-04:00,2026-05-12 00:00:00-04:00,Short,29398.75,29399.75,1.0,1.0,0.34015051660359713,True,2026-05-11 18:00:00-04:00,5.0,2026-05-11 18:05:00-04:00,29398.75,1.0,0.75,2.0,1.5,26.0,7.75,72
17:00,2026-05-12 17:00:00-04:00,1.0,2026-05-12 18:00:00-04:00,2026-05-13 00:00:00-04:00,Short,29133.5,29148.0,14.5,14.5,4.977088231760688,True,2026-05-12 19:10:00-04:00,75.0,2026-05-12 19:15:00-04:00,29133.5,14.5,14.25,29.0,28.5,39.25,21.75,72
17:00,2026-05-14 17:00:00-04:00,1.0,2026-05-14 18:00:00-04:00,2026-05-15 00:00:00-04:00,Short,29689.0,29695.25,6.25,6.25,2.105156792077874,True,2026-05-14 18:00:00-04:00,5.0,2026-05-14 18:05:00-04:00,29689.0,6.25,6.0,12.5,12.0,17.75,20.5,72
17:00,2026-05-18 17:00:00-04:00,1.0,2026-05-18 18:00:00-04:00,2026-05-19 00:00:00-04:00,Short,29075.25,29100.0,24.75,24.75,8.512394562385534,True,2026-05-18 21:00:00-04:00,185.0,2026-05-18 21:05:00-04:00,29075.25,24.75,24.5,49.5,49.0,90.0,56.75,72
17:00,2026-05-19 17:00:00-04:00,1.0,2026-05-19 18:00:00-04:00,2026-05-20 00:00:00-04:00,Short,28899.0,28930.0,31.0,31.0,10.727014775597771,True,2026-05-19 18:15:00-04:00,20.0,2026-05-19 18:20:00-04:00,28899.0,31.0,30.75,62.0,61.5,26.5,33.0,72
17:00,2026-05-20 17:00:00-04:00,1.0,2026-05-20 18:00:00-04:00,2026-05-21 00:00:00-04:00,Long,29278.25,29260.0,-18.25,18.25,6.233296047407205,True,2026-05-20 18:00:00-04:00,5.0,2026-05-20 18:05:00-04:00,29278.25,18.25,18.0,36.5,36.0,41.0,19.5,72
17:00,2026-05-21 17:00:00-04:00,1.0,2026-05-21 18:00:00-04:00,2026-05-22 00:00:00-04:00,Long,29455.0,29450.0,-5.0,5.0,1.6975046681378374,True,2026-05-21 18:00:00-04:00,5.0,2026-05-21 18:05:00-04:00,29455.0,5.0,4.75,10.0,9.5,6.5,58.25,72
17:00,2026-05-26 17:00:00-04:00,1.0,2026-05-26 18:00:00-04:00,2026-05-27 00:00:00-04:00,Short,30043.5,30053.75,10.25,10.25,3.4117196731406128,True,2026-05-26 18:05:00-04:00,10.0,2026-05-26 18:10:00-04:00,30043.5,10.25,10.0,20.5,20.0,24.5,19.25,72
17:00,2026-05-27 17:00:00-04:00,1.0,2026-05-27 18:00:00-04:00,2026-05-28 00:00:00-04:00,Long,30125.0,30114.0,-11.0,11.0,3.6514522821576763,True,2026-05-27 18:00:00-04:00,5.0,2026-05-27 18:05:00-04:00,30125.0,11.0,10.75,22.0,21.5,13.0,23.5,72
17:00,2026-05-28 17:00:00-04:00,1.0,2026-05-28 18:00:00-04:00,2026-05-29 00:00:00-04:00,Short,30313.5,30323.0,9.5,9.5,3.133917231596483,True,2026-05-28 18:10:00-04:00,15.0,2026-05-28 18:15:00-04:00,30313.5,9.5,9.25,19.0,18.5,41.75,47.0,72
17:00,2026-06-01 17:00:00-04:00,1.0,2026-06-01 18:00:00-04:00,2026-06-02 00:00:00-04:00,Short,30523.75,30542.75,19.0,19.0,6.224661124534174,True,2026-06-01 18:00:00-04:00,5.0,2026-06-01 18:05:00-04:00,30523.75,19.0,18.75,38.0,37.5,7.25,58.75,72
17:00,2026-06-03 17:00:00-04:00,1.0,2026-06-03 18:00:00-04:00,2026-06-04 00:00:00-04:00,Long,30494.25,30460.5,-33.75,33.75,11.067660296613296,True,2026-06-03 18:00:00-04:00,5.0,2026-06-03 18:05:00-04:00,30494.25,33.75,33.5,67.5,67.0,27.25,39.5,72
17:00,2026-06-04 17:00:00-04:00,1.0,2026-06-04 18:00:00-04:00,2026-06-05 00:00:00-04:00,Short,30400.25,30410.0,9.75,9.75,3.207210467019186,True,2026-06-04 18:00:00-04:00,5.0,2026-06-04 18:05:00-04:00,30400.25,9.75,9.5,19.5,19.0,13.0,24.5,72
17:00,2026-06-09 17:00:00-04:00,1.0,2026-06-09 18:00:00-04:00,2026-06-10 00:00:00-04:00,Long,29139.75,29102.0,-37.75,37.75,12.954812584184833,True,2026-06-09 20:00:00-04:00,125.0,2026-06-09 20:05:00-04:00,29139.75,37.75,37.5,75.5,75.0,121.75,38.5,72
17:00,2026-06-10 17:00:00-04:00,1.0,2026-06-10 18:00:00-04:00,2026-06-11 00:00:00-04:00,Long,28471.5,28458.0,-13.5,13.5,4.74158368895211,True,2026-06-10 20:15:00-04:00,140.0,2026-06-10 20:20:00-04:00,28471.5,13.5,13.25,27.0,26.5,193.75,113.5,72
17:00,2026-06-11 17:00:00-04:00,1.0,2026-06-11 18:00:00-04:00,2026-06-12 00:00:00-04:00,Short,29432.25,29450.0,17.75,17.75,6.030799548114738,False,,,2026-06-12 00:00:00-04:00,29530.5,-80.5,-80.75,-161.0,-161.5,197.5,5.0,72
17:00,2026-06-15 17:00:00-04:00,1.0,2026-06-15 18:00:00-04:00,2026-06-16 00:00:00-04:00,Long,30531.5,30528.0,-3.5,3.5,1.1463570410887116,True,2026-06-15 18:00:00-04:00,5.0,2026-06-15 18:05:00-04:00,30531.5,3.5,3.25,7.0,6.5,0.0,34.5,72
17:00,2026-06-16 17:00:00-04:00,1.0,2026-06-16 18:00:00-04:00,2026-06-17 00:00:00-04:00,Short,29985.75,30000.0,14.25,14.25,4.752257322228059,False,,,2026-06-17 00:00:00-04:00,30150.5,-150.5,-150.75,-301.0,-301.5,154.75,7.0,72
17:00,2026-06-17 17:00:00-04:00,1.0,2026-06-17 18:00:00-04:00,2026-06-18 00:00:00-04:00,Short,29832.75,29850.0,17.25,17.25,5.782235965507706,True,2026-06-17 18:00:00-04:00,5.0,2026-06-17 18:05:00-04:00,29832.75,17.25,17.0,34.5,34.0,6.0,63.5,72
17:00,2026-06-23 17:00:00-04:00,1.0,2026-06-23 18:00:00-04:00,2026-06-24 00:00:00-04:00,Short,29750.25,29766.25,16.0,16.0,5.378106066335578,True,2026-06-23 18:00:00-04:00,5.0,2026-06-23 18:05:00-04:00,29750.25,16.0,15.75,32.0,31.5,25.25,20.25,72
17:00,2026-06-24 17:00:00-04:00,1.0,2026-06-24 18:00:00-04:00,2026-06-25 00:00:00-04:00,Long,30099.0,30095.75,-3.25,3.25,1.0797700920296356,True,2026-06-24 18:00:00-04:00,5.0,2026-06-24 18:05:00-04:00,30099.0,3.25,3.0,6.5,6.0,12.0,73.25,72
17:00,2026-06-25 17:00:00-04:00,1.0,2026-06-25 18:00:00-04:00,2026-06-26 00:00:00-04:00,Long,29760.5,29748.0,-12.5,12.5,4.20019824935737,True,2026-06-25 18:00:00-04:00,5.0,2026-06-25 18:05:00-04:00,29760.5,12.5,12.25,25.0,24.5,51.0,13.75,72
17:00,2026-06-29 17:00:00-04:00,1.0,2026-06-29 18:00:00-04:00,2026-06-30 00:00:00-04:00,Short,29995.5,30005.5,10.0,10.0,3.333833408344585,True,2026-06-29 18:00:00-04:00,5.0,2026-06-29 18:05:00-04:00,29995.5,10.0,9.75,20.0,19.5,7.75,34.0,72
17:00,2026-06-30 17:00:00-04:00,1.0,2026-06-30 18:00:00-04:00,2026-07-01 00:00:00-04:00,Short,30501.0,30502.5,1.5,1.5,0.491787154519524,True,2026-06-30 18:00:00-04:00,5.0,2026-06-30 18:05:00-04:00,30501.0,1.5,1.25,3.0,2.5,23.75,10.5,72
17:00,2026-07-01 17:00:00-04:00,1.0,2026-07-01 18:00:00-04:00,2026-07-02 00:00:00-04:00,Short,30064.5,30084.75,20.25,20.25,6.73551863493489,True,2026-07-01 18:00:00-04:00,5.0,2026-07-01 18:05:00-04:00,30064.5,20.25,20.0,40.5,40.0,24.5,20.5,72
17:00,2026-07-02 17:00:00-04:00,1.0,2026-07-02 18:00:00-04:00,2026-07-03 00:00:00-04:00,Short,29551.75,29566.0,14.25,14.25,4.822049455615995,True,2026-07-02 20:10:00-04:00,135.0,2026-07-02 20:15:00-04:00,29551.75,14.25,14.0,28.5,28.0,72.5,25.25,72
17:00,2026-07-06 17:00:00-04:00,1.0,2026-07-06 18:00:00-04:00,2026-07-07 00:00:00-04:00,Short,29946.5,29960.0,13.5,13.5,4.508039336817324,True,2026-07-06 18:00:00-04:00,5.0,2026-07-06 18:05:00-04:00,29946.5,13.5,13.25,27.0,26.5,9.75,16.0,72
17:00,2026-07-07 17:00:00-04:00,1.0,2026-07-07 18:00:00-04:00,2026-07-08 00:00:00-04:00,Long,29419.5,29387.0,-32.5,32.5,11.047094614116487,True,2026-07-07 20:10:00-04:00,135.0,2026-07-07 20:15:00-04:00,29419.5,32.5,32.25,65.0,64.5,121.0,39.5,72
17:00,2026-07-08 17:00:00-04:00,1.0,2026-07-08 18:00:00-04:00,2026-07-09 00:00:00-04:00,Short,29390.0,29410.0,20.0,20.0,6.805035726437564,False,,,2026-07-09 00:00:00-04:00,29506.5,-96.5,-96.75,-193.0,-193.5,172.5,15.0,72
17:00,2026-07-09 17:00:00-04:00,1.0,2026-07-09 18:00:00-04:00,2026-07-10 00:00:00-04:00,Short,29930.75,29936.5,5.75,5.75,1.9211012086232386,True,2026-07-09 18:00:00-04:00,5.0,2026-07-09 18:05:00-04:00,29930.75,5.75,5.5,11.5,11.0,10.0,12.0,72
17:00,2026-07-13 17:00:00-04:00,1.0,2026-07-13 18:00:00-04:00,2026-07-14 00:00:00-04:00,Short,29430.75,29440.0,9.25,9.25,3.1429712120826006,True,2026-07-13 18:30:00-04:00,35.0,2026-07-13 18:35:00-04:00,29430.75,9.25,9.0,18.5,18.0,40.0,12.75,72
17:00,2026-07-14 17:00:00-04:00,1.0,2026-07-14 18:00:00-04:00,2026-07-15 00:00:00-04:00,Short,29794.75,29798.0,3.25,3.25,1.0907961973166413,True,2026-07-14 18:00:00-04:00,5.0,2026-07-14 18:05:00-04:00,29794.75,3.25,3.0,6.5,6.0,8.75,18.75,72
17:00,2026-07-15 17:00:00-04:00,1.0,2026-07-15 18:00:00-04:00,2026-07-16 00:00:00-04:00,Long,29708.0,29707.75,-0.25,0.25,0.08415241685741214,True,2026-07-15 18:00:00-04:00,5.0,2026-07-15 18:05:00-04:00,29708.0,0.25,0.0,0.5,0.0,9.75,34.0,72
17:00,2026-07-16 17:00:00-04:00,1.0,2026-07-16 18:00:00-04:00,2026-07-17 00:00:00-04:00,Short,29178.5,29186.75,8.25,8.25,2.8274243021402743,True,2026-07-16 18:10:00-04:00,15.0,2026-07-16 18:15:00-04:00,29178.5,8.25,8.0,16.5,16.0,33.25,15.75,72
17:00,2026-07-20 17:00:00-04:00,1.0,2026-07-20 18:00:00-04:00,2026-07-21 00:00:00-04:00,Short,28777.75,28783.25,5.5,5.5,1.9111987559833552,True,2026-07-20 18:00:00-04:00,5.0,2026-07-20 18:05:00-04:00,28777.75,5.5,5.25,11.0,10.5,18.5,55.0,72
17:00,2026-07-21 17:00:00-04:00,1.0,2026-07-21 18:00:00-04:00,2026-07-22 00:00:00-04:00,Short,29290.0,29309.0,19.0,19.0,6.486855582109935,True,2026-07-21 18:00:00-04:00,5.0,2026-07-21 18:05:00-04:00,29290.0,19.0,18.75,38.0,37.5,2.75,23.75,72
17:00,2026-07-22 17:00:00-04:00,1.0,2026-07-22 18:00:00-04:00,2026-07-23 00:00:00-04:00,Long,29169.0,29107.5,-61.5,61.5,21.084027563509203,True,2026-07-22 20:05:00-04:00,130.0,2026-07-22 20:10:00-04:00,29169.0,61.5,61.25,123.0,122.5,81.75,65.5,72
17:00,2026-07-23 17:00:00-04:00,1.0,2026-07-23 18:00:00-04:00,2026-07-24 00:00:00-04:00,Long,28740.75,28708.0,-32.75,32.75,11.394970555744022,False,,,2026-07-24 00:00:00-04:00,28485.5,-222.5,-222.75,-445.0,-445.5,227.0,26.75,72
17:00,2026-07-27 17:00:00-04:00,1.0,2026-07-27 18:00:00-04:00,2026-07-28 00:00:00-04:00,Short,28210.25,28210.5,0.25,0.25,0.08862027100078872,True,2026-07-27 18:00:00-04:00,5.0,2026-07-27 18:05:00-04:00,28210.25,0.25,0.0,0.5,0.0,18.5,22.5,72
17:00,2026-07-28 17:00:00-04:00,1.0,2026-07-28 18:00:00-04:00,2026-07-29 00:00:00-04:00,Short,27959.75,27962.25,2.5,2.5,0.894142472661594,True,2026-07-28 18:00:00-04:00,5.0,2026-07-28 18:05:00-04:00,27959.75,2.5,2.25,5.0,4.5,36.5,6.25,72
17:00,2026-07-29 17:00:00-04:00,1.0,2026-07-29 18:00:00-04:00,2026-07-30 00:00:00-04:00,Long,27259.75,27208.0,-51.75,51.75,18.984033235814707,True,2026-07-29 18:00:00-04:00,5.0,2026-07-29 18:05:00-04:00,27259.75,51.75,51.5,103.5,103.0,3.25,147.5,72
17:00,2026-07-30 17:00:00-04:00,1.0,2026-07-30 18:00:00-04:00,2026-07-31 00:00:00-04:00,Long,28333.5,28317.25,-16.25,16.25,5.735260380821289,True,2026-07-30 18:00:00-04:00,5.0,2026-07-30 18:05:00-04:00,28333.5,16.25,16.0,32.5,32.0,13.0,99.25,72
17:00,2026-08-03 17:00:00-04:00,1.0,2026-08-03 18:00:00-04:00,2026-08-04 00:00:00-04:00,Short,28929.25,28930.0,0.75,0.75,0.2592531780118738,True,2026-08-03 18:00:00-04:00,5.0,2026-08-03 18:05:00-04:00,28929.25,0.75,0.5,1.5,1.0,14.25,12.0,72
17:00,2026-08-04 17:00:00-04:00,1.0,2026-08-04 18:00:00-04:00,2026-08-05 00:00:00-04:00,Long,29819.0,29781.25,-37.75,37.75,12.659713605419364,True,2026-08-04 18:05:00-04:00,10.0,2026-08-04 18:10:00-04:00,29819.0,37.75,37.5,75.5,75.0,5.75,55.75,72
17:00,2026-08-05 17:00:00-04:00,1.0,2026-08-05 18:00:00-04:00,2026-08-06 00:00:00-04:00,Long,29594.75,29576.0,-18.75,18.75,6.335583169312125,True,2026-08-05 18:00:00-04:00,5.0,2026-08-05 18:05:00-04:00,29594.75,18.75,18.5,37.5,37.0,16.0,21.0,72
17:00,2026-08-06 17:00:00-04:00,1.0,2026-08-06 18:00:00-04:00,2026-08-07 00:00:00-04:00,Short,29504.5,29515.0,10.5,10.5,3.5587791692792625,True,2026-08-06 18:00:00-04:00,5.0,2026-08-06 18:05:00-04:00,29504.5,10.5,10.25,21.0,20.5,14.75,21.0,72
