reference_close,year,max_gap_bps,side,trades,fills,fill_rate,fill_ci95_low,fill_ci95_high,median_gap_points,mean_gap_points,mean_gap_bps,median_fill_minutes,avg_gross_pnl_dollars,avg_net_pnl_dollars,avg_net_pnl_ci95_low,avg_net_pnl_ci95_high,net_pnl_tstat,total_net_pnl_dollars,net_win_rate,profit_factor,max_drawdown_dollars,avg_mae_points
16:00,2020,0.5,All,1,1,1.0,0.2065493117918027,1.0,0.5,0.5,0.44416807319889845,5.0,1.0,0.5,,,,0.5,1.0,inf,0.0,12.25
16:00,2021,0.5,All,8,8,1.0,0.6755924316585924,1.0,0.5,0.53125,0.3566008881205446,5.0,1.0625,0.5625,0.27335785713907884,0.8516421428609211,3.8129334558134556,4.5,0.75,inf,0.0,6.21875
16:00,2022,0.5,All,6,6,1.0,0.6096657083436265,1.0,0.5,0.4166666666666667,0.356790788677905,5.0,0.8333333333333334,0.3333333333333333,0.12673498760219135,0.5399316790644753,3.162277660168378,2.0,0.6666666666666666,inf,0.0,13.291666666666666
16:00,2023,0.5,All,2,2,1.0,0.34238022395464934,1.0,0.625,0.625,0.439168702916089,5.0,1.25,0.75,0.260009,1.239991,3.0,1.5,1.0,inf,0.0,3.375
16:00,2024,0.5,All,9,9,1.0,0.700854948272956,1.0,0.75,0.6666666666666666,0.3488594641253688,5.0,1.3333333333333333,0.8333333333333334,0.4681156052123002,1.1985510614543666,4.47213595499958,7.5,0.7777777777777778,inf,0.0,10.88888888888889
16:00,2025,0.5,All,3,3,1.0,0.4385029643606804,1.0,0.5,0.5,0.19434893996874736,5.0,1.0,0.5,-0.06579287150098789,1.065792871500988,1.732050807568877,1.5,0.6666666666666666,inf,0.0,9.083333333333334
16:00,2026,0.5,All,3,3,1.0,0.4385029643606804,1.0,0.75,0.75,0.2791996759228636,5.0,1.5,1.0,0.4342071284990121,1.565792871500988,3.464101615137754,3.0,1.0,inf,0.0,17.333333333333332
17:00,2020,0.5,All,16,15,0.9375,0.716712622018518,0.9888806553587528,0.25,0.3125,0.289649893053719,5.0,-1.84375,-2.34375,-7.19995284465929,2.5124528446592898,-0.9459377567088203,-37.5,0.25,0.05063291139240506,39.5,9.296875
17:00,2021,0.5,All,29,29,1.0,0.8830301998708162,0.9999999999999999,0.25,0.4051724137931034,0.2717320169559583,5.0,0.8103448275862069,0.3103448275862069,0.1779182019284999,0.4427714532439139,4.593220484431881,9.0,0.4827586206896552,inf,0.0,7.586206896551724
17:00,2022,0.5,All,26,25,0.9615384615384616,0.8110722092608275,0.9931780150820143,0.375,0.38461538461538464,0.2970946020184839,5.0,-1.8653846153846154,-2.3653846153846154,-7.512226796164068,2.781457565394837,-0.900759830876647,-61.5,0.46153846153846156,0.09558823529411764,68.0,12.932692307692308
17:00,2023,0.5,All,37,36,0.972972972972973,0.8617593000381216,0.9952130256010299,0.25,0.3783783783783784,0.26320337102295016,5.0,0.3783783783783784,-0.12162162162162163,-0.8563926758807774,0.6131494326375342,-0.3244194210131811,-4.5,0.43243243243243246,0.6666666666666666,13.5,10.777027027027026
17:00,2024,0.5,All,36,34,0.9444444444444444,0.8185534265532164,0.9846300134744463,0.5,0.5208333333333334,0.2771999049235204,5.0,-2.236111111111111,-2.736111111111111,-7.707288245692691,2.2350660234704685,-1.0787544142156487,-98.5,0.5833333333333334,0.1581196581196581,107.5,10.069444444444445
17:00,2025,0.5,All,30,29,0.9666666666666667,0.8332960885388428,0.9940914096838022,0.75,0.6833333333333333,0.29531557596976754,5.0,-0.75,-1.25,-5.36038245653459,2.86038245653459,-0.596040642423704,-37.5,0.8333333333333334,0.3951612903225806,62.0,10.133333333333333
17:00,2026,0.5,All,9,9,1.0,0.700854948272956,1.0,0.5,0.5833333333333334,0.2056506828901955,5.0,1.1666666666666667,0.6666666666666666,0.10087379516567885,1.2324595381676544,2.309401076758503,6.0,0.5555555555555556,inf,0.0,16.77777777777778
16:00,2020,0.5,Long,1,1,1.0,0.2065493117918027,1.0,0.5,0.5,0.44416807319889845,5.0,1.0,0.5,,,,0.5,1.0,inf,0.0,12.25
16:00,2021,0.5,Long,4,4,1.0,0.5101091596030786,0.9999999999999999,0.5,0.5,0.34364407307906136,5.0,1.0,0.5,0.0999240238146426,0.9000759761853574,2.449489742783178,2.0,0.75,inf,0.0,5.5
16:00,2021,0.5,Short,4,4,1.0,0.5101091596030786,0.9999999999999999,0.625,0.5625,0.3695577031620279,5.0,1.125,0.625,0.15586933404336412,1.0941306659566359,2.6111648393354674,2.5,0.75,inf,0.0,6.9375
16:00,2022,0.5,Long,3,3,1.0,0.4385029643606804,1.0,0.25,0.3333333333333333,0.2673505261941807,5.0,0.6666666666666666,0.16666666666666666,-0.15999400000000005,0.49332733333333334,0.9999999999999999,0.5,0.3333333333333333,inf,0.0,21.666666666666668
16:00,2022,0.5,Short,3,3,1.0,0.4385029643606804,1.0,0.5,0.5,0.44623105116162926,5.0,1.0,0.5,0.5,0.5,,1.5,1.0,inf,0.0,4.916666666666667
16:00,2023,0.5,Long,2,2,1.0,0.34238022395464934,1.0,0.625,0.625,0.439168702916089,5.0,1.25,0.75,0.260009,1.239991,3.0,1.5,1.0,inf,0.0,3.375
16:00,2024,0.5,Short,4,4,1.0,0.5101091596030786,0.9999999999999999,0.75,0.6875,0.34811415151599095,5.0,1.375,0.875,0.25844151253787506,1.4915584874621248,2.781517949836592,3.5,0.75,inf,0.0,5.875
16:00,2024,0.5,Long,5,5,1.0,0.5655175313406071,1.0,0.75,0.65,0.349455714212871,5.0,1.3,0.8,0.3003052659030316,1.2996947340969685,3.1378581622109443,4.0,0.8,inf,0.0,14.9
16:00,2025,0.5,Short,3,3,1.0,0.4385029643606804,1.0,0.5,0.5,0.19434893996874736,5.0,1.0,0.5,-0.06579287150098789,1.065792871500988,1.732050807568877,1.5,0.6666666666666666,inf,0.0,9.083333333333334
16:00,2026,0.5,Short,3,3,1.0,0.4385029643606804,1.0,0.75,0.75,0.2791996759228636,5.0,1.5,1.0,0.4342071284990121,1.565792871500988,3.464101615137754,3.0,1.0,inf,0.0,17.333333333333332
17:00,2020,0.5,Long,12,11,0.9166666666666666,0.6461200862787543,0.9851349057603306,0.25,0.2916666666666667,0.2693319686357186,5.0,-2.7083333333333335,-3.2083333333333335,-9.675650201662394,3.258983534995728,-0.9723070573713825,-38.5,0.16666666666666666,0.02531645569620253,39.5,10.208333333333334
17:00,2020,0.5,Short,4,4,1.0,0.5101091596030786,0.9999999999999999,0.375,0.375,0.35060366630772033,5.0,0.75,0.25,-0.03289643575049389,0.532896435750494,1.7320508075688774,1.0,0.5,inf,0.0,6.5625
17:00,2021,0.5,Long,14,14,1.0,0.7846891945970195,0.9999999999999999,0.25,0.39285714285714285,0.26470103866801187,5.0,0.7857142857142857,0.2857142857142857,0.08772802353121276,0.4837005478973586,2.82842712474619,4.0,0.42857142857142855,inf,0.0,8.125
17:00,2021,0.5,Short,15,15,1.0,0.7961166964035129,1.0,0.5,0.4166666666666667,0.27829426335804147,5.0,0.8333333333333334,0.3333333333333333,0.15020347288154337,0.5164631937851233,3.567530340063379,5.0,0.5333333333333333,inf,0.0,7.083333333333333
17:00,2022,0.5,Short,16,16,1.0,0.8063923170025951,1.0,0.25,0.375,0.28688684770571427,5.0,0.75,0.25,0.09505124070164356,0.40494875929835644,3.162277660168379,4.0,0.4375,inf,0.0,12.5625
17:00,2022,0.5,Long,10,9,0.9,0.5958499704752279,0.982123787103926,0.5,0.4,0.31342700891891534,5.0,-6.05,-6.55,-19.93308459468573,6.83308459468573,-0.9592530114543046,-65.5,0.5,0.03676470588235294,68.0,13.525
17:00,2023,0.5,Short,18,18,1.0,0.8241207740667156,1.0,0.5,0.4305555555555556,0.29604023922116585,5.0,0.8611111111111112,0.3611111111111111,0.2065566957769913,0.5156655264452309,4.579388924267956,6.5,0.6111111111111112,inf,0.0,4.722222222222222
17:00,2023,0.5,Long,19,18,0.9473684210526315,0.7536126862526763,0.9906480060413981,0.25,0.32894736842105265,0.23209475904569335,5.0,-0.07894736842105263,-0.5789473684210527,-1.9894796775316552,0.8315849406895499,-0.8044594176757881,-11.0,0.2631578947368421,0.18518518518518517,13.5,16.513157894736842
17:00,2024,0.5,Short,16,15,0.9375,0.716712622018518,0.9888806553587528,0.5,0.5,0.2706202175408291,5.0,-4.40625,-4.90625,-15.504948542057823,5.692448542057823,-0.9072881294662205,-78.5,0.5,0.0872093023255814,86.0,6.796875
17:00,2024,0.5,Long,20,19,0.95,0.7638688045357189,0.9911185512976646,0.5,0.5375,0.2824636548296736,5.0,-0.5,-1.0,-4.102235550031364,2.102235550031364,-0.6317908387002349,-20.0,0.65,0.3548387096774194,31.0,12.6875
17:00,2025,0.5,Long,10,9,0.9,0.5958499704752279,0.982123787103926,0.75,0.775,0.3357999807094252,5.0,-4.8,-5.3,-17.65295720173978,7.052957201739782,-0.840916796711397,-53.0,0.8,0.14516129032258066,62.0,14.95
17:00,2025,0.5,Short,20,20,1.0,0.8388748398148704,1.0000000000000002,0.5,0.6375,0.27507337359993866,5.0,1.275,0.775,0.5448991017036005,1.0051008982963996,6.601330595604059,15.5,0.85,inf,0.0,7.725
17:00,2026,0.5,Short,6,6,1.0,0.6096657083436265,1.0,0.625,0.7083333333333334,0.24653309324299863,5.0,1.4166666666666667,0.9166666666666666,0.14020312600221407,1.6931302073311192,2.3138673905141913,5.5,0.6666666666666666,inf,0.0,20.583333333333332
17:00,2026,0.5,Long,3,3,1.0,0.4385029643606804,1.0,0.25,0.3333333333333333,0.12388586218458923,5.0,0.6666666666666666,0.16666666666666666,-0.15999400000000005,0.49332733333333334,0.9999999999999999,0.5,0.3333333333333333,inf,0.0,9.166666666666666
16:00,2020,1.0,All,7,7,1.0,0.6456695613241317,1.0,0.75,0.75,0.7338021781713578,5.0,1.5,1.0,0.6975709889948984,1.3024290110051016,6.48074069840786,7.0,1.0,inf,0.0,10.857142857142858
16:00,2021,1.0,All,13,13,1.0,0.7719046248681998,1.0,0.75,0.7884615384615384,0.5270344994143485,5.0,1.5769230769230769,1.0769230769230769,0.6493820699477282,1.5044640838984256,4.936907634827559,14.0,0.8461538461538461,inf,0.0,9.615384615384615
16:00,2022,1.0,All,12,11,0.9166666666666666,0.6461200862787543,0.9851349057603306,0.625,0.6666666666666666,0.553065215958002,5.0,-4.791666666666667,-5.291666666666667,-17.092495181920444,6.50916184858711,-0.8788769494667662,-63.5,0.75,0.11188811188811189,71.5,18.6875
16:00,2023,1.0,All,13,13,1.0,0.7719046248681998,1.0,1.0,1.0192307692307692,0.6801908611446011,5.0,2.0384615384615383,1.5384615384615385,1.2353622000488962,1.841560876874181,9.948320067476141,20.0,1.0,inf,0.0,6.230769230769231
16:00,2024,1.0,All,20,19,0.95,0.7638688045357189,0.9911185512976646,1.125,1.15,0.580467464879894,5.0,-3.9,-4.4,-16.38512693233612,7.585126932336118,-0.7195452871452449,-88.0,0.85,0.2697095435684647,120.5,13.425
16:00,2025,1.0,All,10,10,1.0,0.7224671969739421,0.9999999999999999,1.625,1.45,0.6130424693049703,5.0,2.9,2.4,1.4668704914319628,3.333129508568037,5.041008302500836,24.0,0.9,inf,0.0,8.975
16:00,2026,1.0,All,7,7,1.0,0.6456695613241317,1.0,1.5,1.4642857142857142,0.5247125244366909,5.0,2.9285714285714284,2.4285714285714284,1.3085919999999998,3.548550857142857,4.25,17.0,1.0,inf,0.0,28.5
17:00,2020,1.0,All,30,29,0.9666666666666667,0.8332960885388428,0.9940914096838022,0.5,0.5333333333333333,0.5132541576947947,5.0,-0.25,-0.75,-3.375681709134265,1.8756817091342648,-0.5598443234327427,-22.5,0.6,0.43037974683544306,39.5,8.933333333333334
17:00,2021,1.0,All,65,65,1.0,0.944198467845955,0.9999999999999998,0.75,0.823076923076923,0.5590200364399678,5.0,1.646153846153846,1.146153846153846,0.9381316388552212,1.354176053452471,10.798944526620867,74.5,0.7692307692307693,inf,0.0,7.061538461538461
17:00,2022,1.0,All,47,46,0.9787234042553191,0.8888701884870314,0.9962342320030542,0.5,0.6117021276595744,0.4723934672092233,5.0,-0.23404255319148937,-0.7340425531914894,-3.6051692255898695,2.1370841192068903,-0.5010914330441564,-34.5,0.7021276595744681,0.49264705882352944,68.0,11.797872340425531
17:00,2023,1.0,All,64,62,0.96875,0.8930270814228412,0.9913878617313676,0.5,0.66015625,0.46321292218311527,5.0,0.2265625,-0.2734375,-2.0264458673205032,1.4795708673205035,-0.30571882384633026,-17.5,0.65625,0.7426470588235294,68.0,9.796875
17:00,2024,1.0,All,64,60,0.9375,0.850025148169819,0.9754287987741092,0.75,0.9140625,0.47742071905646727,5.0,-2.328125,-2.828125,-7.54359862763378,1.8873486276337799,-1.17549659381331,-181.0,0.734375,0.3038461538461538,194.5,11.125
17:00,2025,1.0,All,51,50,0.9803921568627451,0.8969543117128449,0.9965303073973102,1.0,1.1225490196078431,0.47971767416898703,5.0,1.0,0.5,-1.9747708217846003,2.9747708217846003,0.3959889907273587,25.5,0.9019607843137255,1.4112903225806452,62.0,11.186274509803921
17:00,2026,1.0,All,16,16,1.0,0.8063923170025951,1.0,1.25,1.3125,0.49573677888985823,5.0,2.625,2.125,1.21488211132873,3.03511788867127,4.576246167494407,34.0,0.75,inf,0.0,20.296875
16:00,2020,1.0,Long,2,2,1.0,0.34238022395464934,1.0,0.625,0.625,0.6305918935672316,5.0,1.25,0.75,0.260009,1.239991,3.0,1.5,1.0,inf,0.0,7.25
16:00,2020,1.0,Short,5,5,1.0,0.5655175313406071,1.0,0.75,0.8,0.7750862920130084,5.0,1.6,1.1,0.7333243110794501,1.4666756889205501,5.879747322073337,5.5,1.0,inf,0.0,12.3
16:00,2021,1.0,Short,7,7,1.0,0.6456695613241317,1.0,0.75,0.8571428571428571,0.5783287368202229,5.0,1.7142857142857142,1.2142857142857142,0.577848924963067,1.8507225036083614,3.739501433044509,8.5,0.8571428571428571,inf,0.0,13.142857142857142
16:00,2021,1.0,Long,6,6,1.0,0.6096657083436265,1.0,0.625,0.7083333333333334,0.4671912224408285,5.0,1.4166666666666667,0.9166666666666666,0.32777077499470797,1.5055625583386254,3.0508510792387593,5.5,0.8333333333333334,inf,0.0,5.5
16:00,2022,1.0,Short,7,6,0.8571428571428571,0.4868721678607749,0.974320375942176,0.75,0.7142857142857143,0.5938956318056098,5.0,-9.071428571428571,-9.571428571428571,-29.801904717532423,10.659047574675279,-0.9272967819981002,-67.0,0.8571428571428571,0.06293706293706294,71.5,20.357142857142858
16:00,2022,1.0,Long,5,5,1.0,0.5655175313406071,1.0,0.5,0.6,0.495902633771351,5.0,1.2,0.7,-0.033351377841100094,1.4333513778411,1.8708286933869707,3.5,0.6,inf,0.0,16.35
16:00,2023,1.0,Long,5,5,1.0,0.5655175313406071,1.0,0.75,0.8,0.582710315800288,5.0,1.6,1.1,0.7333243110794501,1.4666756889205501,5.879747322073337,5.5,1.0,inf,0.0,7.4
16:00,2023,1.0,Short,8,8,1.0,0.6755924316585924,1.0,1.0,1.15625,0.741116201984797,5.0,2.3125,1.8125,1.4950845801099275,2.1299154198900725,11.191752282325417,14.5,1.0,inf,0.0,5.5
16:00,2024,1.0,Short,7,7,1.0,0.6456695613241317,1.0,1.0,0.9642857142857143,0.4787696435339709,5.0,1.9285714285714286,1.4285714285714286,0.8077232129851168,2.0494196441577404,4.509876168016973,10.0,0.8571428571428571,inf,0.0,7.214285714285714
16:00,2024,1.0,Long,13,12,0.9230769230769231,0.666860488286395,0.986289578909774,1.25,1.25,0.6352278302200065,5.0,-7.038461538461538,-7.538461538461538,-25.998889754729703,10.921966677806624,-0.8003667660183924,-98.0,0.8461538461538461,0.18672199170124482,120.5,16.76923076923077
16:00,2025,1.0,Long,2,2,1.0,0.34238022395464934,1.0,1.625,1.625,0.695341824893063,5.0,3.25,2.75,1.2800270000000002,4.2199729999999995,3.6666666666666674,5.5,1.0,inf,0.0,9.5
16:00,2025,1.0,Short,8,8,1.0,0.6755924316585924,1.0,1.625,1.40625,0.592467630407947,5.0,2.8125,2.3125,1.1717947579725116,3.4532052420274884,3.973346122214786,18.5,0.875,inf,0.0,8.84375
16:00,2026,1.0,Short,4,4,1.0,0.5101091596030786,0.9999999999999999,0.875,1.125,0.42581041781221474,5.0,2.25,1.75,0.226556070132653,3.273443929867347,2.2514363231593695,7.0,1.0,inf,0.0,17.4375
16:00,2026,1.0,Long,3,3,1.0,0.4385029643606804,1.0,1.75,1.9166666666666667,0.6565819999359924,5.0,3.8333333333333335,3.3333333333333335,2.155541549989416,4.511125116677251,5.547001962252291,10.0,1.0,inf,0.0,43.25
17:00,2020,1.0,Long,18,17,0.9444444444444444,0.7424269900391908,0.990124809131223,0.25,0.4444444444444444,0.4459277922452446,5.0,-1.3055555555555556,-1.8055555555555556,-6.157366646652126,2.5462555355410155,-0.8131841697193651,-32.5,0.4444444444444444,0.17721518987341772,39.5,10.305555555555555
17:00,2020,1.0,Short,12,12,1.0,0.7575059904469021,1.0,0.75,0.6666666666666666,0.6142437058691198,5.0,1.3333333333333333,0.8333333333333334,0.554756180779195,1.1119104858874718,5.8630196997792865,10.0,0.8333333333333334,inf,0.0,6.875
17:00,2021,1.0,Short,34,34,1.0,0.8984854444077807,0.9999999999999999,0.875,0.8161764705882353,0.5650378168807579,5.0,1.6323529411764706,1.1323529411764706,0.8600672237094775,1.4046386586434636,8.150890251043139,38.5,0.7941176470588235,inf,0.0,7.698529411764706
17:00,2021,1.0,Long,31,31,1.0,0.889744602991977,1.0,0.75,0.8306451612903226,0.552419890150069,5.0,1.6612903225806452,1.1612903225806452,0.8387000331392132,1.4838806120220773,7.055659455055256,36.0,0.7419354838709677,inf,0.0,6.362903225806452
17:00,2022,1.0,Short,29,29,1.0,0.8830301998708162,0.9999999999999999,0.5,0.5862068965517241,0.45775056978814654,5.0,1.1724137931034482,0.6724137931034483,0.47026323439837425,0.8745643518085223,6.519432031394763,19.5,0.6896551724137931,inf,0.0,12.094827586206897
17:00,2022,1.0,Long,18,17,0.9444444444444444,0.7424269900391908,0.990124809131223,0.5,0.6527777777777778,0.4959848019431803,5.0,-2.5,-3.0,-10.500234690682568,4.500234690682568,-0.7839610682189058,-54.0,0.7222222222222222,0.20588235294117646,68.0,11.319444444444445
17:00,2023,1.0,Long,34,33,0.9705882352941176,0.8508442656612141,0.9947890937814032,0.5,0.6617647058823529,0.4645179612061445,5.0,0.9117647058823529,0.4117647058823529,-0.45953803281663874,1.2830674445813446,0.9262498143929384,14.0,0.5882352941176471,2.037037037037037,13.5,12.272058823529411
17:00,2023,1.0,Short,30,29,0.9666666666666667,0.8332960885388428,0.9940914096838022,0.5,0.6583333333333333,0.4617338779570153,5.0,-0.55,-1.05,-4.6711201041121795,2.57112010411218,-0.5683219945295264,-31.5,0.7333333333333333,0.42201834862385323,54.5,6.991666666666666
17:00,2024,1.0,Short,32,30,0.9375,0.7985287670813637,0.982689433124541,0.875,0.9296875,0.489558230773802,5.0,-1.5625,-2.0625,-7.555017383682713,3.4300173836827126,-0.7359877935041816,-66.0,0.71875,0.38317757009345793,94.5,9.1484375
17:00,2024,1.0,Long,32,30,0.9375,0.7985287670813637,0.982689433124541,0.75,0.8984375,0.46528320733913237,5.0,-3.09375,-3.59375,-11.343866303593494,4.156366303593495,-0.9088406352991227,-115.0,0.75,0.24836601307189543,130.5,13.1015625
17:00,2025,1.0,Long,17,16,0.9411764705882353,0.7301796914154303,0.9895395991310502,1.0,1.2058823529411764,0.5092756962412166,5.0,-1.3235294117647058,-1.8235294117647058,-9.219816733747338,5.572757910217926,-0.48322243909826207,-31.0,0.8823529411764706,0.5,62.0,12.544117647058824
17:00,2025,1.0,Short,34,34,1.0,0.8984854444077807,0.9999999999999999,1.0,1.0808823529411764,0.46493866313287224,5.0,2.161764705882353,1.661764705882353,1.2303523643772225,2.0931770473874836,7.549619439807488,56.5,0.9117647058823529,inf,0.0,10.507352941176471
17:00,2026,1.0,Short,12,12,1.0,0.7575059904469021,1.0,1.625,1.4791666666666667,0.5536897877446832,5.0,2.9583333333333335,2.4583333333333335,1.4457930416833797,3.4708736249832874,4.75857096558786,29.5,0.8333333333333334,inf,0.0,22.520833333333332
17:00,2026,1.0,Long,4,4,1.0,0.5101091596030786,0.9999999999999999,0.375,0.8125,0.32187775232538285,5.0,1.625,1.125,-0.7674481770645443,3.0174481770645443,1.1651360004056783,4.5,0.5,inf,0.0,13.625
16:00,2020,2.0,All,10,10,1.0,0.7224671969739421,0.9999999999999999,0.875,0.875,0.8976370863686313,5.0,1.75,1.25,0.8847822718789669,1.6152177281210331,6.708203932499369,12.5,1.0,inf,0.0,10.975
16:00,2021,2.0,All,30,29,0.9666666666666667,0.8332960885388428,0.9940914096838022,1.75,1.6083333333333334,1.1083104859917219,5.0,1.7833333333333334,1.2833333333333334,-1.466757748266063,4.03342441493273,0.9146195739344365,38.5,0.9,2.0,38.5,9.166666666666666
16:00,2022,2.0,All,19,18,0.9473684210526315,0.7536126862526763,0.9906480060413981,0.75,1.1842105263157894,0.9179454204145019,5.0,-1.5,-2.0,-9.60015048655734,5.60015048655734,-0.515769787313201,-38.0,0.8421052631578947,0.46853146853146854,71.5,20.460526315789473
16:00,2023,2.0,All,26,26,1.0,0.871271076371412,1.0,1.5,1.6538461538461537,1.1459553282186603,5.0,3.3076923076923075,2.8076923076923075,2.2070814133297203,3.4083032020548947,9.16229775018319,73.0,1.0,inf,0.0,8.403846153846153
16:00,2024,2.0,All,30,29,0.9666666666666667,0.8332960885388428,0.9940914096838022,1.5,1.7333333333333334,0.8885834662892058,5.0,-0.6666666666666666,-1.1666666666666667,-9.26299889042712,6.929665557093787,-0.2824272279682481,-35.0,0.9,0.7095435684647303,120.5,12.941666666666666
16:00,2025,2.0,All,26,25,0.9615384615384616,0.8110722092608275,0.9931780150820143,3.0,2.7884615384615383,1.1896492316427116,5.0,-8.846153846153847,-9.346153846153847,-37.32376631774578,18.631458625438082,-0.6547422549198236,-243.0,0.9230769230769231,0.3360655737704918,366.0,19.778846153846153
16:00,2026,2.0,All,15,15,1.0,0.7961166964035129,1.0,3.5,2.85,1.065968831271428,5.0,5.7,5.2,3.737668946309316,6.662331053690684,6.969566005096817,78.0,1.0,inf,0.0,30.466666666666665
17:00,2020,2.0,All,63,61,0.9682539682539683,0.8914352286548587,0.9912504725171988,1.0,1.0555555555555556,1.0131245997618241,5.0,0.6825396825396826,0.18253968253968253,-1.8016489162727358,2.1667282813521007,0.18031108865525206,11.5,0.7936507936507936,1.1329479768786128,83.5,8.59920634920635
17:00,2021,2.0,All,98,98,1.0,0.9622800093057041,0.9999999999999999,1.25,1.2959183673469388,0.8774573670195412,5.0,2.5918367346938775,2.0918367346938775,1.7780364647501306,2.4056370046376245,13.065395688195297,205.0,0.8469387755102041,inf,0.0,6.795918367346939
17:00,2022,2.0,All,77,76,0.987012987012987,0.9300380101323432,0.9977037827282561,1.0,1.0714285714285714,0.8513121643348692,5.0,1.2532467532467533,0.7532467532467533,-1.043662039870055,2.5501555463635617,0.8215979158963079,58.0,0.8181818181818182,1.8529411764705883,68.0,11.185064935064934
17:00,2023,2.0,All,109,105,0.963302752293578,0.9094227987018519,0.9856382985341146,1.0,1.2362385321100917,0.8590495258293561,5.0,0.9541284403669725,0.4541284403669725,-1.1585429423809654,2.0667998231149105,0.5519260799300315,49.5,0.7798165137614679,1.3132911392405062,63.5,9.061926605504587
17:00,2024,2.0,All,92,87,0.9456521739130435,0.8790146945481954,0.9765649361997122,1.25,1.4809782608695652,0.7630785493775637,5.0,-0.6141304347826086,-1.1141304347826086,-4.6883094649112955,2.460048595346078,-0.6109530398648327,-102.5,0.8043478260869565,0.6776729559748428,161.0,11.513586956521738
17:00,2025,2.0,All,76,73,0.9605263157894737,0.8902521217639222,0.9864853650106148,1.5,1.8223684210526316,0.7760628968667834,5.0,-2.664473684210526,-3.164473684210526,-12.862107352424719,6.533159984003667,-0.6395637030845007,-240.5,0.9078947368421053,0.4833512352309345,366.0,14.351973684210526
17:00,2026,2.0,All,34,33,0.9705882352941176,0.8508442656612141,0.9947890937814032,2.75,2.7058823529411766,1.0070497396668157,5.0,-0.04411764705882353,-0.5441176470588235,-11.017222306765184,9.928987012647536,-0.10182758930148039,-18.5,0.8529411764705882,0.8948863636363636,176.0,20.323529411764707
16:00,2020,2.0,Long,4,4,1.0,0.5101091596030786,0.9999999999999999,0.875,0.9375,1.0007960781955096,5.0,1.875,1.375,0.5381810578727818,2.211818942127218,3.2204702407301595,5.5,1.0,inf,0.0,6.1875
16:00,2020,2.0,Short,6,6,1.0,0.6096657083436265,1.0,0.875,0.8333333333333334,0.8288644251507126,5.0,1.6666666666666667,1.1666666666666667,0.840006,1.4933273333333335,7.0,7.0,1.0,inf,0.0,14.166666666666666
16:00,2021,2.0,Short,17,16,0.9411764705882353,0.7301796914154303,0.9895395991310502,1.75,1.588235294117647,1.122923434932027,5.0,0.6470588235294118,0.14705882352941177,-4.631565099549595,4.92568274660842,0.06031652723453596,2.5,0.8823529411764706,1.0649350649350648,38.5,11.058823529411764
16:00,2021,2.0,Long,13,13,1.0,0.7719046248681998,1.0,1.75,1.6346153846153846,1.0892012450697846,5.0,3.269230769230769,2.769230769230769,1.7129685002793844,3.825493038182154,5.1384895351539095,36.0,0.9230769230769231,inf,0.0,6.6923076923076925
16:00,2022,2.0,Long,11,11,1.0,0.7411670300055737,1.0,1.75,1.4772727272727273,1.111408409730474,5.0,2.9545454545454546,2.4545454545454546,1.3936721306101474,3.515418778480762,4.534773962858259,27.0,0.8181818181818182,inf,0.0,17.636363636363637
16:00,2022,2.0,Short,8,7,0.875,0.5291118149439162,0.9775825088000281,0.75,0.78125,0.6519338101050408,5.0,-7.625,-8.125,-25.87298731071411,9.622987310714109,-0.8972683618263897,-65.0,0.875,0.09090909090909091,71.5,24.34375
16:00,2023,2.0,Long,11,11,1.0,0.7411670300055737,1.0,1.25,1.5909090909090908,1.1494209281175731,5.0,3.1818181818181817,2.6818181818181817,1.5740977701481162,3.7895385934882473,4.745120732211144,29.5,1.0,inf,0.0,14.431818181818182
16:00,2023,2.0,Short,15,15,1.0,0.7961166964035129,1.0,1.5,1.7,1.1434138882927913,5.0,3.4,2.9,2.2156812655704052,3.5843187344295946,8.30591844710746,43.5,1.0,inf,0.0,3.9833333333333334
16:00,2024,2.0,Short,14,14,1.0,0.7846891945970195,0.9999999999999999,1.875,1.875,0.9483506412017146,5.0,3.75,3.25,2.1885944737522287,4.311405526247771,6.001365964730276,45.5,0.9285714285714286,inf,0.0,8.642857142857142
16:00,2024,2.0,Long,16,15,0.9375,0.716712622018518,0.9888806553587528,1.375,1.609375,0.8362871882407608,5.0,-4.53125,-5.03125,-20.14980002511156,10.087300025111562,-0.6522496442199148,-80.5,0.875,0.33195020746887965,120.5,16.703125
16:00,2025,2.0,Long,9,8,0.8888888888888888,0.565000291629209,0.9801091125830901,3.25,3.1666666666666665,1.3257140879186526,5.0,-35.333333333333336,-35.833333333333336,-116.73528423804356,45.06861757137688,-0.8681130992261935,-322.5,0.8888888888888888,0.11885245901639344,366.0,29.75
16:00,2025,2.0,Short,17,17,1.0,0.8156818626193445,1.0,3.0,2.588235294117647,1.1176148959672134,5.0,5.176470588235294,4.676470588235294,3.404987465958793,5.947953710511795,7.208679249779921,79.5,0.9411764705882353,inf,0.0,14.5
16:00,2026,2.0,Short,9,9,1.0,0.700854948272956,1.0,3.5,2.7777777777777777,1.0325672860015294,5.0,5.555555555555555,5.055555555555555,2.885999664354596,7.2251114467565145,4.5671590803793105,45.5,1.0,inf,0.0,22.75
16:00,2026,2.0,Long,6,6,1.0,0.6096657083436265,1.0,3.25,2.9583333333333335,1.1160711491762763,5.0,5.916666666666667,5.416666666666667,3.5161303159672883,7.317203017366046,5.586039784379768,32.5,1.0,inf,0.0,42.041666666666664
17:00,2020,2.0,Long,37,36,0.972972972972973,0.8617593000381216,0.9952130256010299,1.0,0.9797297297297297,0.9518671361554543,5.0,0.8918918918918919,0.3918918918918919,-1.8138882385989568,2.5976720223827403,0.34821875008416064,14.5,0.7297297297297297,1.3670886075949367,39.5,7.608108108108108
17:00,2020,2.0,Short,26,25,0.9615384615384616,0.8110722092608275,0.9931780150820143,1.125,1.1634615384615385,1.1002986825862737,5.0,0.38461538461538464,-0.11538461538461539,-3.8119618112470053,3.5811925804777744,-0.061178133263610344,-3.0,0.8846153846153846,0.9361702127659575,47.0,10.009615384615385
17:00,2021,2.0,Short,56,56,1.0,0.9358060623335392,1.0000000000000002,1.25,1.3660714285714286,0.9360005431320165,5.0,2.732142857142857,2.232142857142857,1.8143037787615528,2.6499819355241616,10.47034580826055,125.0,0.875,inf,0.0,6.732142857142857
17:00,2021,2.0,Long,42,42,1.0,0.9162012079230888,1.0,1.25,1.2023809523809523,0.799399798869574,5.0,2.4047619047619047,1.9047619047619047,1.4298117799004473,2.379712029623362,7.860330098857755,80.0,0.8095238095238095,inf,0.0,6.880952380952381
17:00,2022,2.0,Short,45,45,1.0,0.921348400123914,0.9999999999999999,0.75,1.0611111111111111,0.8545130861111139,5.0,2.1222222222222222,1.6222222222222222,1.2100179773150392,2.0344264671294052,7.713402263170507,73.0,0.8,inf,0.0,12.566666666666666
17:00,2022,2.0,Long,32,31,0.96875,0.8425573603233156,0.9944621398972968,1.125,1.0859375,0.8468108680870249,5.0,0.03125,-0.46875,-4.757342439486583,3.8198424394865826,-0.21422719411173236,-15.0,0.84375,0.7794117647058824,68.0,9.2421875
17:00,2023,2.0,Long,55,52,0.9454545454545454,0.8514693935560297,0.981276784591088,1.0,1.209090909090909,0.8507876620128271,5.0,0.42727272727272725,-0.07272727272727272,-2.5287681800417037,2.383313634587158,-0.05803764747530222,-4.0,0.7090909090909091,0.961352657004831,77.5,11.936363636363636
17:00,2023,2.0,Short,54,53,0.9814814814814815,0.9022856241340362,0.9967235123180023,1.125,1.2638888888888888,0.867464387123969,5.0,1.4907407407407407,0.9907407407407407,-1.105953974022414,3.087435455503895,0.9261320551401949,53.5,0.8518518518518519,1.981651376146789,54.5,6.1342592592592595
17:00,2024,2.0,Short,48,46,0.9583333333333334,0.8602434401996508,0.9884981066142424,1.375,1.4791666666666667,0.7656264191260425,5.0,0.6770833333333334,0.17708333333333334,-3.583269686642608,3.937436353309275,0.09229903588561318,8.5,0.8125,1.0794392523364487,86.0,8.78125
17:00,2024,2.0,Long,44,41,0.9318181818181818,0.8177495551088867,0.9765406042753706,1.25,1.4829545454545454,0.7602990551064963,5.0,-2.022727272727273,-2.522727272727273,-8.793867018253371,3.7484124727988246,-0.7884459343919209,-111.0,0.7954545454545454,0.47393364928909953,152.0,14.494318181818182
17:00,2025,2.0,Long,31,28,0.9032258064516129,0.7510006140569959,0.9665353560978241,2.25,2.0403225806451615,0.8785520769658265,5.0,-11.387096774193548,-11.887096774193548,-35.526604749213675,11.752411200826582,-0.9855654257506028,-368.5,0.8709677419354839,0.2083780880773362,376.5,19.008064516129032
17:00,2025,2.0,Short,45,45,1.0,0.921348400123914,0.9999999999999999,1.25,1.6722222222222223,0.7054592394652206,5.0,3.3444444444444446,2.8444444444444446,2.119459633102484,3.569429255786405,7.689828288666719,128.0,0.9333333333333333,inf,0.0,11.144444444444444
17:00,2026,2.0,Short,22,21,0.9545454545454546,0.7820195397089795,0.9919305724681611,2.5,2.625,0.9774988727451674,5.0,-3.1818181818181817,-3.6818181818181817,-19.813526241781084,12.449889878144722,-0.4473321153647065,-81.0,0.8636363636363636,0.5397727272727273,176.0,23.78409090909091
17:00,2026,2.0,Long,12,12,1.0,0.7575059904469021,1.0,3.375,2.8541666666666665,1.0612263290231712,5.0,5.708333333333333,5.208333333333333,3.2954911200809986,7.121175546585667,5.336637681148203,62.5,0.8333333333333334,inf,0.0,13.979166666666666
16:00,2020,3.0,All,19,17,0.8947368421052632,0.6860591708809097,0.9706414399668032,1.5,1.644736842105263,1.598639489347634,5.0,-2.9210526315789473,-3.4210526315789473,-11.640100392908234,4.7979951297503405,-0.8158049684961997,-65.0,0.8947368421052632,0.4090909090909091,83.5,12.25
16:00,2021,3.0,All,44,41,0.9318181818181818,0.8177495551088867,0.9765406042753706,2.375,2.2670454545454546,1.5767096097169604,5.0,-2.590909090909091,-3.090909090909091,-11.720577708579295,5.538759526761113,-0.7020050031874892,-136.0,0.8863636363636364,0.5420875420875421,196.0,12.335227272727273
16:00,2022,3.0,All,25,24,0.96,0.8045593608838223,0.9929037665766179,1.25,1.8,1.3262271014147606,5.0,0.66,0.16,-5.783174073936508,6.103174073936509,0.052765447570390346,4.0,0.88,1.055944055944056,71.5,18.89
16:00,2023,3.0,All,48,46,0.9583333333333334,0.8602434401996508,0.9884981066142424,2.875,2.5364583333333335,1.7806964254395912,5.0,3.7916666666666665,3.2916666666666665,1.4564702955443025,5.126863037789031,3.5154538599708802,158.0,0.9583333333333334,4.326315789473684,34.0,8.40625
16:00,2024,3.0,All,43,39,0.9069767441860465,0.7839729623651224,0.9632283596239253,2.25,2.616279069767442,1.3612855791444785,5.0,-2.872093023255814,-3.372093023255814,-11.396315091103904,4.652129044592275,-0.8236537915263588,-145.0,0.8604651162790697,0.5396825396825397,208.5,13.837209302325581
16:00,2025,3.0,All,38,35,0.9210526315789473,0.7920062841024803,0.9727854047051169,3.625,3.8026315789473686,1.6473899627223831,5.0,-6.171052631578948,-6.671052631578948,-26.416771835526653,13.074666572368756,-0.6621700058099657,-253.5,0.8947368421052632,0.487360970677452,412.0,17.611842105263158
16:00,2026,3.0,All,26,25,0.9615384615384616,0.8110722092608275,0.9931780150820143,4.25,4.8076923076923075,1.7275164053018035,5.0,-2.6346153846153846,-3.1346153846153846,-26.606364274291465,20.3371335050607,-0.2617501293393009,-81.5,0.9615384615384616,0.7296849087893864,301.5,32.59615384615385
17:00,2020,3.0,All,85,82,0.9647058823529412,0.9012995209034271,0.987924958239295,1.25,1.438235294117647,1.386735148860313,5.0,-0.23529411764705882,-0.7352941176470589,-5.002355460917885,3.531767225623767,-0.3377382896715792,-62.5,0.8352941176470589,0.7577519379844961,171.5,9.852941176470589
17:00,2021,3.0,All,128,125,0.9765625,0.9333562544609977,0.9919975836654691,1.5,1.80859375,1.2396724613185073,5.0,2.859375,2.359375,1.3692610929500528,3.349488907049947,4.670462690780813,302.0,0.8671875,4.871794871794871,39.5,6.908203125
17:00,2022,3.0,All,102,99,0.9705882352941176,0.9170694244087162,0.9899475518752799,1.5,1.5808823529411764,1.2598832987693942,5.0,-1.0098039215686274,-1.5098039215686274,-6.65009681342814,3.6304889702908856,-0.5756795177993933,-154.0,0.8431372549019608,0.6266666666666667,307.0,12.075980392156863
17:00,2023,3.0,All,128,124,0.96875,0.9224023682354142,0.9877817348397989,1.5,1.59765625,1.1029744180691072,5.0,1.90234375,1.40234375,-0.028157995517926082,2.832845495517926,1.9213840697760667,179.5,0.8125,2.1360759493670884,63.5,8.349609375
17:00,2024,3.0,All,118,111,0.940677966101695,0.8825980078713,0.9709702352775447,1.75,2.190677966101695,1.1435194550339634,5.0,-0.7033898305084746,-1.2033898305084745,-5.472886110883536,3.0661064498665866,-0.5524306828897194,-142.0,0.8305084745762712,0.7526132404181185,311.5,12.351694915254237
17:00,2025,3.0,All,100,96,0.96,0.9016292850152788,0.9843366961172447,2.25,2.74,1.1786000743287426,5.0,-0.385,-0.885,-8.57775126250474,6.80775126250474,-0.22548085604359305,-88.5,0.92,0.8428063943161634,366.0,16.61
17:00,2026,3.0,All,45,44,0.9777777777777777,0.8843331811799517,0.9960664011606768,3.5,3.5833333333333335,1.357915841277237,5.0,3.0444444444444443,2.5444444444444443,-5.504990571370854,10.593879460259743,0.6195490119881406,114.5,0.8888888888888888,1.6505681818181819,176.0,20.86111111111111
16:00,2020,3.0,Short,11,9,0.8181818181818182,0.5230194356457672,0.9486323107214162,1.0,1.5,1.4991333251635062,5.0,-7.7272727272727275,-8.227272727272727,-21.93388244634329,5.479336991797837,-1.176451266515656,-90.5,0.8181818181818182,0.17727272727272728,98.0,17.727272727272727
16:00,2020,3.0,Long,8,8,1.0,0.6755924316585924,1.0,1.875,1.84375,1.73546046510081,5.0,3.6875,3.1875,1.7299753142856533,4.645024685714347,4.286298071814884,25.5,1.0,inf,0.0,4.71875
16:00,2021,3.0,Long,18,18,1.0,0.8241207740667156,1.0,2.5,2.1666666666666665,1.5093903978682013,5.0,4.333333333333333,3.8333333333333335,2.701747590331358,4.964919076335309,6.639528095680697,69.0,0.9444444444444444,inf,0.0,8.972222222222221
16:00,2021,3.0,Short,26,23,0.8846153846153846,0.7102409662092934,0.9599675540764081,2.125,2.3365384615384617,1.6233152179199473,5.0,-7.384615384615385,-7.884615384615385,-22.290664384909263,6.521433615678495,-1.072713434986724,-205.0,0.8461538461538461,0.30976430976430974,236.5,14.663461538461538
16:00,2022,3.0,Long,15,15,1.0,0.7961166964035129,1.0,2.25,2.033333333333333,1.4846173606617667,5.0,4.066666666666666,3.566666666666667,2.316545459034507,4.816787874298827,5.59188838969252,53.5,0.8666666666666667,inf,0.0,16.816666666666666
16:00,2022,3.0,Short,10,9,0.9,0.5958499704752279,0.982123787103926,0.75,1.45,1.0886417125442507,5.0,-4.45,-4.95,-19.553193295837392,9.65319329583739,-0.664363033718487,-49.5,0.9,0.3076923076923077,71.5,22.0
16:00,2023,3.0,Long,19,17,0.8947368421052632,0.6860591708809097,0.9706414399668032,2.75,2.3684210526315788,1.7017293729372276,5.0,1.5,1.0,-3.321314435532833,5.321314435532833,0.4535573676110727,19.0,0.8947368421052632,1.4,34.0,14.710526315789474
16:00,2023,3.0,Short,29,29,1.0,0.8830301998708162,0.9999999999999999,3.0,2.646551724137931,1.8324334598376921,5.0,5.293103448275862,4.793103448275862,3.949982696460134,5.63622420009159,11.142306943181211,139.0,1.0,inf,0.0,4.275862068965517
16:00,2024,3.0,Short,21,21,1.0,0.8453609790128563,1.0,2.75,2.761904761904762,1.4422221619389468,5.0,5.523809523809524,5.023809523809524,3.6960872818832065,6.3515317657358406,7.416073557100391,105.5,0.9523809523809523,inf,0.0,8.154761904761905
16:00,2024,3.0,Long,22,18,0.8181818181818182,0.6148339238492879,0.9269311546747105,2.0,2.477272727272727,1.2840279319315775,5.0,-10.886363636363637,-11.386363636363637,-26.420950653411154,3.6482233806838806,-1.4843681966705855,-250.5,0.7727272727272727,0.20476190476190476,276.0,19.261363636363637
16:00,2025,3.0,Short,21,21,1.0,0.8453609790128563,1.0,3.25,3.238095238095238,1.4181273320837744,5.0,6.476190476190476,5.976190476190476,4.411319506449752,7.5410614459312,7.485037691265293,125.5,0.9523809523809523,inf,0.0,11.964285714285714
16:00,2025,3.0,Long,17,14,0.8235294117647058,0.5897054122922163,0.938088734108536,4.75,4.5,1.9305967417465468,5.0,-21.794117647058822,-22.294117647058822,-65.94710067422056,21.358865380102923,-1.0009778248788106,-379.0,0.8235294117647058,0.23356926188068755,429.5,24.58823529411765
16:00,2026,3.0,Long,11,11,1.0,0.7411670300055737,1.0,4.0,4.795454545454546,1.7992676301768917,5.0,9.590909090909092,9.090909090909092,6.332304679933623,11.84951350188456,6.459010387485743,100.0,1.0,inf,0.0,34.77272727272727
16:00,2026,3.0,Short,15,14,0.9333333333333333,0.7018346989112435,0.9881331046384677,4.25,4.816666666666666,1.6748988403934058,5.0,-11.6,-12.1,-52.70938111256027,28.50938111256027,-0.5839922636167656,-181.5,0.9333333333333333,0.39800995024875624,301.5,31.0
17:00,2020,3.0,Long,45,43,0.9555555555555556,0.8517248911534567,0.987725873403887,1.25,1.2277777777777779,1.2000058615935996,5.0,-2.3,-2.8,-10.541763823403535,4.941763823403536,-0.7088693642926629,-126.0,0.7555555555555555,0.4028436018957346,171.5,9.7
17:00,2020,3.0,Short,40,39,0.975,0.8711863091181636,0.9955731685462955,1.75,1.675,1.596805597035366,5.0,2.0875,1.5875,-0.9146392287955458,4.089639228795546,1.2435130764077245,63.5,0.925,2.351063829787234,47.0,10.025
17:00,2021,3.0,Long,50,49,0.98,0.8950455630610349,0.9964607407674954,1.25,1.535,1.044817324185055,5.0,2.96,2.46,1.8849257342572419,3.0350742657427583,8.384154407905214,123.0,0.84,inf,0.0,6.84
17:00,2021,3.0,Short,78,76,0.9743589743589743,0.9112472989101676,0.9929399065907831,1.875,1.983974358974359,1.3645796005066178,5.0,2.7948717948717947,2.2948717948717947,0.708070374048279,3.8816732156953107,2.834548824786032,179.0,0.8846153846153846,3.2948717948717947,39.5,6.951923076923077
17:00,2022,3.0,Short,59,59,1.0,0.9388706285678009,0.9999999999999999,1.5,1.576271186440678,1.250210654140614,5.0,3.152542372881356,2.652542372881356,2.056355861123997,3.248728884638715,8.720236799718009,156.5,0.847457627118644,inf,0.0,10.932203389830509
17:00,2022,3.0,Long,43,40,0.9302325581395349,0.8139101297785699,0.9759884106098521,1.5,1.5872093023255813,1.273155066980976,5.0,-6.72093023255814,-7.22093023255814,-19.25804056639364,4.81618010127736,-1.1757608686648926,-310.5,0.8372093023255814,0.24727272727272728,371.0,13.645348837209303
17:00,2023,3.0,Long,65,62,0.9538461538461539,0.8728615264890243,0.984180159709612,1.25,1.5961538461538463,1.1130836347496706,5.0,1.5076923076923077,1.0076923076923077,-1.1618555397778851,3.1772401551625005,0.9103466643784085,65.5,0.7538461538461538,1.6328502415458936,65.5,11.03076923076923
17:00,2023,3.0,Short,63,62,0.9841269841269841,0.915414744547161,0.9971925058171693,1.5,1.5992063492063493,1.0925442738748756,5.0,2.3095238095238093,1.8095238095238095,-0.056807477405973694,3.675855096453593,1.9003065257743585,114.0,0.873015873015873,3.091743119266055,54.5,5.583333333333333
17:00,2024,3.0,Short,64,62,0.96875,0.8930270814228412,0.9913878617313676,2.0,2.28515625,1.1948008460106072,5.0,2.859375,2.359375,-0.608508131562929,5.327258131562929,1.5581105648404638,151.0,0.859375,2.411214953271028,86.0,9.12109375
17:00,2024,3.0,Long,54,49,0.9074074074074074,0.8009011730389517,0.9597988654973886,1.5,2.0787037037037037,1.0827415101727556,5.0,-4.925925925925926,-5.425925925925926,-13.97817745678166,3.126325604929809,-1.2434876877875674,-293.0,0.7962962962962963,0.37259100642398285,311.0,16.180555555555557
17:00,2025,3.0,Long,40,36,0.9,0.7694822464406407,0.9604204715925885,2.625,2.76875,1.234711373268768,5.0,-9.125,-9.625,-28.606186526864622,9.356186526864622,-0.9938606036719733,-385.0,0.875,0.31616341030195383,393.0,21.1
17:00,2025,3.0,Short,60,60,1.0,0.9398281469657729,1.0,2.125,2.720833333333333,1.1411925417020587,5.0,5.441666666666666,4.941666666666666,3.844877150839306,6.038456182494027,8.830763448135661,296.5,0.95,inf,0.0,13.616666666666667
17:00,2026,3.0,Short,31,30,0.967741935483871,0.8380589468417181,0.9942827785378736,3.25,3.685483870967742,1.3904376999915866,5.0,1.3870967741935485,0.8870967741935484,-10.772303218262802,12.546496766649899,0.14912240278748573,27.5,0.9032258064516129,1.15625,176.0,23.475806451612904
17:00,2026,3.0,Long,14,14,1.0,0.7846891945970195,0.9999999999999999,3.625,3.357142857142857,1.285903154124035,5.0,6.714285714285714,6.214285714285714,4.09965782376815,8.32891360480328,5.759772837732332,87.0,0.8571428571428571,inf,0.0,15.071428571428571
16:00,2020,5.0,All,34,31,0.9117647058823529,0.7703951329493969,0.969534056562893,2.75,2.8970588235294117,2.7194470435480427,5.0,0.5147058823529411,0.014705882352941176,-5.788329845544712,5.817741610250594,0.0049668830852506425,0.5,0.9117647058823529,1.0031055900621118,92.5,13.455882352941176
16:00,2021,5.0,All,71,63,0.8873239436619719,0.7930995139982568,0.9417872830006366,3.5,3.556338028169014,2.44765247145103,5.0,-4.133802816901408,-4.633802816901408,-12.904441149352161,3.636835515549345,-1.0981119399926837,-329.0,0.8591549295774648,0.5493150684931507,474.5,13.640845070422536
16:00,2022,5.0,All,40,38,0.95,0.8349612250489412,0.9861793327384413,3.25,3.1375,2.3094412028554148,5.0,1.05,0.55,-6.7637430524910895,7.863743052491089,0.14739104071106734,22.0,0.9,1.1139896373056994,121.5,16.34375
16:00,2023,5.0,All,73,66,0.9041095890410958,0.8150436322351207,0.952771045660866,3.5,3.5445205479452055,2.510053526540768,5.0,1.0205479452054795,0.5205479452054794,-4.617932140859643,5.659028031270602,0.19855194839491727,38.0,0.9041095890410958,1.1018766756032172,184.0,11.126712328767123
16:00,2024,5.0,All,64,55,0.859375,0.753837181611304,0.9242142748069228,3.75,4.21875,2.1915192989423975,5.0,-3.7890625,-4.2890625,-12.488639277103674,3.9105142771036743,-1.025224633205933,-274.5,0.828125,0.5927299703264095,387.5,15.1171875
16:00,2025,5.0,All,57,54,0.9473684210526315,0.8563044950528215,0.9819397045069381,5.5,5.324561403508772,2.306620919650701,5.0,1.4649122807017543,0.9649122807017544,-12.447088449987758,14.376913011391268,0.14100754774087362,55.0,0.9298245614035088,1.1112234580384226,366.0,15.964912280701755
16:00,2026,5.0,All,36,34,0.9444444444444444,0.8185534265532164,0.9846300134744463,6.75,6.479166666666667,2.3654082205922164,5.0,-0.9027777777777778,-1.4027777777777777,-20.837413655839576,18.03185810028402,-0.1414687654399543,-50.5,0.9444444444444444,0.8910463861920173,331.5,30.743055555555557
17:00,2020,5.0,All,115,111,0.9652173913043478,0.9139670355837263,0.9863921573043065,1.75,2.0565217391304347,2.0192619608887643,5.0,-1.0478260869565217,-1.5478260869565217,-7.918344136457203,4.82269196254416,-0.4762067048744067,-178.0,0.8695652173913043,0.6928386540120793,348.5,13.273913043478261
17:00,2021,5.0,All,166,158,0.9518072289156626,0.9077960556753094,0.9753805314078042,2.25,2.6174698795180724,1.8203968614565944,5.0,1.713855421686747,1.213855421686747,-1.8022587389664095,4.229969582339903,0.7888006888955533,201.5,0.8674698795180723,1.3901258470474347,302.0,9.718373493975903
17:00,2022,5.0,All,131,125,0.9541984732824428,0.903675776297807,0.9788421153601171,2.0,2.3587786259541983,1.8360131651840566,5.0,-1.2557251908396947,-1.7557251908396947,-6.780709929077307,3.2692595473979176,-0.6848096754908417,-230.0,0.8549618320610687,0.6902356902356902,536.5,13.580152671755725
17:00,2023,5.0,All,155,150,0.967741935483871,0.9267157879232688,0.9861441229666212,1.75,2.2096774193548385,1.5489326015498808,5.0,2.674193548387097,2.174193548387097,0.38778406070870086,3.9606030360654927,2.3854223308055613,337.0,0.8387096774193549,2.329388560157791,95.5,8.683870967741935
17:00,2024,5.0,All,145,135,0.9310344827586207,0.877708724684336,0.9621110469002059,2.0,3.18448275862069,1.6596516053331645,5.0,0.6724137931034483,0.1724137931034483,-3.8400595465554153,4.184887132762312,0.08421858514203535,25.0,0.8413793103448276,1.03315649867374,340.5,13.570689655172414
17:00,2025,5.0,All,126,120,0.9523809523809523,0.8999983199845342,0.9779955117408269,3.25,3.992063492063492,1.7445754119032177,5.0,2.1944444444444446,1.6944444444444444,-4.7136066543873385,8.102495543276227,0.5182621143137504,213.5,0.9206349206349206,1.3208114199849736,366.0,19.311507936507937
17:00,2026,5.0,All,70,67,0.9571428571428572,0.8814033116891541,0.9853184591101384,5.625,6.085714285714285,2.2393735673612167,5.0,2.357142857142857,1.8571428571428572,-9.26538121712742,12.979666931413135,0.3272578345123474,130.0,0.9,1.2083333333333333,425.5,27.535714285714285
16:00,2020,5.0,Short,17,14,0.8235294117647058,0.5897054122922163,0.938088734108536,2.25,2.6029411764705883,2.4723301332445344,5.0,-5.352941176470588,-5.852941176470588,-16.81519621843978,5.1093138654986054,-1.0464593239329814,-99.5,0.8235294117647058,0.38198757763975155,133.5,19.676470588235293
16:00,2020,5.0,Long,17,17,1.0,0.8156818626193445,1.0,3.25,3.1911764705882355,2.966563953851551,5.0,6.382352941176471,5.882352941176471,4.396779618688314,7.367926263664628,7.760774796823881,100.0,1.0,inf,0.0,7.235294117647059
16:00,2021,5.0,Long,29,26,0.896551724137931,0.7361491875205077,0.9641851089287603,3.5,3.663793103448276,2.497319278697237,5.0,-0.3620689655172414,-0.8620689655172413,-9.529038525634327,7.804900594599844,-0.19494981795092503,-25.0,0.8620689655172413,0.8691099476439791,179.0,11.051724137931034
16:00,2021,5.0,Short,42,37,0.8809523809523809,0.7499960961284236,0.9480619670510726,3.625,3.482142857142857,2.4133587235905547,5.0,-6.738095238095238,-7.238095238095238,-19.904906132624376,5.4287156564339005,-1.1199666761714486,-304.0,0.8571428571428571,0.4359925788497217,365.0,15.428571428571429
16:00,2022,5.0,Short,19,18,0.9473684210526315,0.7536126862526763,0.9906480060413981,3.75,3.3421052631578947,2.5170732683066417,5.0,2.8157894736842106,2.3157894736842106,-5.996664839145449,10.62824378651387,0.546031752979935,44.0,0.9473684210526315,1.6153846153846154,71.5,14.75
16:00,2022,5.0,Long,21,20,0.9523809523809523,0.7733063972991618,0.9915440122838988,2.5,2.9523809523809526,2.1215836198281135,5.0,-0.5476190476190477,-1.0476190476190477,-12.938100280667465,10.84286218542937,-0.172683979630756,-22.0,0.8571428571428571,0.8189300411522634,121.5,17.785714285714285
16:00,2023,5.0,Long,34,29,0.8529411764705882,0.6987194336217214,0.9355055859602414,3.625,3.6544117647058822,2.6352980595693856,5.0,-2.764705882352941,-3.264705882352941,-13.544362290630644,7.014950525924763,-0.6224630226791856,-111.0,0.8529411764705882,0.626890756302521,198.0,16.279411764705884
16:00,2023,5.0,Short,39,37,0.9487179487179487,0.8311435982403941,0.9858220447125474,3.25,3.448717948717949,2.4008659849260763,5.0,4.32051282051282,3.8205128205128207,0.4623191625411138,7.178706478484528,2.229790283823673,149.0,0.9487179487179487,2.9735099337748343,75.5,6.634615384615385
16:00,2024,5.0,Short,32,30,0.9375,0.7985287670813637,0.982689433124541,4.25,4.4609375,2.3066400086230594,5.0,1.921875,1.421875,-8.570867769497267,11.414617769497267,0.2788847743591227,45.5,0.90625,1.2388451443569555,187.0,10.3671875
16:00,2024,5.0,Long,32,25,0.78125,0.6124500620603575,0.8897616380720099,3.625,3.9765625,2.0763985892617356,5.0,-9.5,-10.0,-22.858142197599214,2.8581421975992125,-1.5242979661291596,-320.0,0.75,0.33815925542916236,348.5,19.8671875
16:00,2025,5.0,Long,28,25,0.8928571428571429,0.7280414829086315,0.962881633460356,6.125,6.0,2.631851524257069,5.0,-6.696428571428571,-7.196428571428571,-34.32941919545254,19.9365620525954,-0.5198373125918112,-201.5,0.8928571428571429,0.5925176946410515,394.5,19.0
16:00,2025,5.0,Short,29,29,1.0,0.8830301998708162,0.9999999999999999,4.0,4.672413793103448,1.9926051634790354,5.0,9.344827586206897,8.844827586206897,6.758530259447822,10.931124912965972,8.309239259824025,256.5,0.9655172413793104,inf,0.0,13.03448275862069
16:00,2026,5.0,Long,16,15,0.9375,0.716712622018518,0.9888806553587528,6.75,6.765625,2.479700269237065,5.0,2.25,1.75,-19.940428152698868,23.440428152698868,0.15813136448268886,28.0,0.9375,1.1728395061728396,162.0,37.515625
16:00,2026,5.0,Short,20,19,0.95,0.7638688045357189,0.9911185512976646,6.625,6.25,2.2739745816763373,5.0,-3.425,-3.925,-34.7852437893417,26.935243789341698,-0.24928055502454935,-78.5,0.95,0.7396351575456053,301.5,25.325
17:00,2020,5.0,Long,58,55,0.9482758620689655,0.8586059871294194,0.9822538654787383,1.5,1.7672413793103448,1.7511283783290539,5.0,-5.827586206896552,-6.327586206896552,-18.751893352247137,6.096720938454034,-0.9981917725733946,-367.0,0.7931034482758621,0.3107981220657277,439.0,13.987068965517242
17:00,2020,5.0,Short,57,56,0.9824561403508771,0.9070925072795765,0.9968963353829096,2.25,2.3508771929824563,2.2920996413881194,5.0,3.8157894736842106,3.3157894736842106,1.4214532753087301,5.210125672059691,3.4306624165093704,189.0,0.9473684210526315,5.0212765957446805,47.0,12.548245614035087
17:00,2021,5.0,Long,59,58,0.9830508474576272,0.910042739450708,0.9970017661147945,1.5,2.1059322033898304,1.4632600407386749,5.0,4.11864406779661,3.6186440677966103,2.751605634634526,4.485682500958695,8.18004350260337,213.5,0.864406779661017,inf,0.0,9.627118644067796
17:00,2021,5.0,Short,107,100,0.9345794392523364,0.8710845360305289,0.9679516958869611,2.75,2.899532710280374,2.0173227719459144,5.0,0.3878504672897196,-0.11214953271028037,-4.7556698380955265,4.531370772674967,-0.047336725646284356,-12.0,0.8691588785046729,0.9767666989351403,330.5,9.768691588785046
17:00,2022,5.0,Short,71,71,1.0,0.9486720470349351,1.0,1.75,2.186619718309859,1.6906204970356467,5.0,4.373239436619718,3.8732394366197185,3.049748912437061,4.696729960802376,9.218575850268182,275.0,0.8732394366197183,inf,0.0,10.492957746478874
17:00,2022,5.0,Long,60,54,0.9,0.798505351773914,0.9533571657987043,2.0,2.5625,2.008061155826342,5.0,-7.916666666666667,-8.416666666666666,-19.149384249446598,2.316050916113264,-1.537016467584519,-505.0,0.8333333333333334,0.31986531986531985,627.0,17.233333333333334
17:00,2023,5.0,Long,82,78,0.9512195121951219,0.8811853800327552,0.9808689345651513,1.75,2.3201219512195124,1.640983046812199,5.0,2.024390243902439,1.524390243902439,-1.4835685694188525,4.532349057223731,0.9932815525160142,125.0,0.7926829268292683,1.6281407035175879,102.0,10.865853658536585
17:00,2023,5.0,Short,73,72,0.9863013698630136,0.9264026265348793,0.997577748560291,1.5,2.085616438356164,1.445533471255222,5.0,3.404109589041096,2.904109589041096,1.170447988074611,4.637771190007581,3.2831956613690836,212.0,0.8904109589041096,4.889908256880734,54.5,6.232876712328767
17:00,2024,5.0,Short,83,78,0.9397590361445783,0.8666157183164027,0.9739965991227142,2.25,3.5421686746987953,1.8376217212851456,5.0,3.0421686746987953,2.5421686746987953,-1.5343919641053723,6.618729313502962,1.2222457914422074,211.0,0.8554216867469879,1.735191637630662,192.5,11.25
17:00,2024,5.0,Long,62,57,0.9193548387096774,0.8247142855658213,0.9650616532351332,1.75,2.7056451612903225,1.4214012888168028,5.0,-2.5,-3.0,-10.607415227324672,4.6074152273246725,-0.7729158754053974,-186.0,0.8225806451612904,0.6017130620985011,230.0,16.677419354838708
17:00,2025,5.0,Short,77,75,0.974025974025974,0.9101541714611712,0.9928478402564791,3.25,4.188311688311688,1.7983898104105978,5.0,6.51948051948052,6.01948051948052,3.004931492929601,9.034029546031437,3.9136749852039068,463.5,0.935064935064935,5.521951219512195,95.0,16.56168831168831
17:00,2025,5.0,Long,49,45,0.9183673469387755,0.8081087229206011,0.9677971825560651,3.0,3.683673469387755,1.6600099285344785,5.0,-4.6020408163265305,-5.1020408163265305,-20.796510693549074,10.592429060896015,-0.6371554059970761,-250.0,0.8979591836734694,0.5559502664298401,366.0,23.632653061224488
17:00,2026,5.0,Short,49,46,0.9387755102040817,0.8347951205456138,0.9789598534908898,5.75,6.295918367346939,2.29405440499747,5.0,-1.4285714285714286,-1.9285714285714286,-17.68574690337546,13.828604046232602,-0.23988630306698935,-94.5,0.8979591836734694,0.8485576923076923,489.5,28.75
17:00,2026,5.0,Long,21,21,1.0,0.8453609790128563,1.0,4.5,5.595238095238095,2.1117849462099594,5.0,11.19047619047619,10.69047619047619,7.397278245200207,13.983674135752173,6.362492879071237,224.5,0.9047619047619048,inf,0.0,24.702380952380953
16:00,2020,7.5,All,50,44,0.88,0.7619518250454469,0.9438239988188064,4.25,4.11,3.812599131608175,5.0,0.13,-0.37,-6.397945935932969,5.657945935932969,-0.12030411150125221,-18.5,0.88,0.9453471196454948,134.0,14.745
16:00,2021,7.5,All,94,79,0.8404255319148937,0.7532755735245007,0.900843863488868,4.5,4.98936170212766,3.418276950326846,5.0,-2.7925531914893615,-3.2925531914893615,-10.24915111243876,3.6640447294600373,-0.9276496639212901,-309.5,0.8297872340425532,0.6920398009950248,548.0,14.992021276595745
16:00,2022,7.5,All,61,58,0.9508196721311475,0.8650887238037952,0.9831340174625207,4.75,4.704918032786885,3.627328756450281,5.0,4.229508196721311,3.7295081967213113,-2.2235421867034884,9.682558580146111,1.227891808816408,227.5,0.9180327868852459,1.7996485061511422,124.0,15.028688524590164
16:00,2023,7.5,All,97,78,0.8041237113402062,0.7142162222796743,0.8708605968632436,4.25,4.984536082474227,3.4741935026335073,5.0,-1.7938144329896908,-2.2938144329896906,-7.690288887406763,3.102660021427382,-0.8330983032191231,-222.5,0.8144329896907216,0.7454233409610984,259.0,13.474226804123711
16:00,2024,7.5,All,99,79,0.797979797979798,0.7084558880529249,0.8652427023968695,6.75,6.888888888888889,3.605697389996617,5.0,-1.8686868686868687,-2.3686868686868685,-9.164592586510327,4.427218849136589,-0.6831379337301736,-234.5,0.7878787878787878,0.8002555366269165,456.0,18.204545454545453
16:00,2025,7.5,All,92,83,0.9021739130434783,0.8244322040955134,0.9476762431647934,7.875,8.494565217391305,3.7208624166336204,5.0,4.8478260869565215,4.3478260869565215,-5.273459805849797,13.96911197976284,0.8857010074991226,400.0,0.8913043478260869,1.4324324324324325,366.0,20.36413043478261
16:00,2026,7.5,All,50,47,0.94,0.8378290820312557,0.9793850298115638,8.75,9.385,3.4768654800565315,5.0,3.88,3.38,-13.551207286256492,20.31120728625649,0.39127028616426107,169.0,0.94,1.2501850481125092,301.5,30.98
17:00,2020,7.5,All,144,140,0.9722222222222222,0.9307584602021989,0.989145882118965,2.25,2.9340277777777777,2.837588907035454,5.0,1.7465277777777777,1.2465277777777777,-3.9202003420466927,6.413255897602248,0.4728620343056576,179.5,0.8958333333333334,1.3097497842968076,321.5,14.46875
17:00,2021,7.5,All,177,169,0.9548022598870056,0.9133602134694686,0.9769223633022664,2.5,2.9505649717514126,2.0653917281946934,5.0,2.598870056497175,2.098870056497175,-0.7752634575564024,4.973003570550753,1.431286936148835,371.5,0.8757062146892656,1.7192642787996129,214.5,10.074858757062147
17:00,2022,7.5,All,149,138,0.9261744966442953,0.8726467120011397,0.9582796670687844,2.25,2.998322147651007,2.341283927065619,5.0,-4.546979865771812,-5.046979865771812,-13.399224854574204,3.30526512303058,-1.1843401215959732,-752.0,0.8389261744966443,0.4833390587427001,1101.0,16.88758389261745
17:00,2023,7.5,All,163,157,0.9631901840490797,0.9220283406858267,0.9830224842858799,1.75,2.5107361963190185,1.7637109121153154,5.0,2.911042944785276,2.411042944785276,0.5182924389984915,4.30379345057206,2.4966615302891144,393.0,0.8404907975460123,2.267741935483871,95.5,9.116564417177914
17:00,2024,7.5,All,160,147,0.91875,0.8659596257291238,0.9519041855122281,2.875,3.9484375,2.053375739593043,5.0,0.30625,-0.19375,-4.630279589654451,4.242779589654452,-0.0855946111315302,-31.0,0.8375,0.971322849213691,619.0,14.140625
17:00,2025,7.5,All,138,131,0.9492753623188406,0.899000910125195,0.9752145765032447,3.75,4.846014492753623,2.1316010464270163,5.0,3.6666666666666665,3.1666666666666665,-2.912448100350581,9.245781433683915,1.0209632330583465,437.0,0.9202898550724637,1.5877605917955615,366.0,19.684782608695652
17:00,2026,7.5,All,87,82,0.9425287356321839,0.872426234373061,0.9752043623638004,7.5,8.227011494252874,3.0003924822076096,5.0,3.6206896551724137,3.1206896551724137,-7.866317194709906,14.107696505054733,0.5566975121505323,271.5,0.896551724137931,1.2773237997957099,513.5,29.451149425287355
16:00,2020,7.5,Short,27,21,0.7777777777777778,0.5924307097600273,0.8939276060943778,4.0,4.277777777777778,3.912758100916818,5.0,-6.425925925925926,-6.925925925925926,-17.47633853238221,3.62448668053036,-1.286638351297709,-187.0,0.7777777777777778,0.44756277695716395,202.0,21.23148148148148
16:00,2020,7.5,Long,23,23,1.0,0.8568833796149266,1.0,4.25,3.9130434782608696,3.695021211115421,5.0,7.826086956521739,7.326086956521739,5.791234030773337,8.860939882270142,9.355206909255308,168.5,1.0,inf,0.0,7.130434782608695
16:00,2021,7.5,Long,33,29,0.8787878787878788,0.7267449468380163,0.9518383872408687,3.75,4.371212121212121,3.0225514160759905,5.0,-0.9545454545454546,-1.4545454545454546,-10.51148626573543,7.60239535664452,-0.3147703829255961,-48.0,0.8484848484848485,0.8202247191011236,202.0,13.613636363636363
16:00,2021,7.5,Short,61,50,0.819672131147541,0.7052584355013631,0.8962085992147519,4.75,5.323770491803279,3.632357977052718,5.0,-3.7868852459016393,-4.286885245901639,-13.865163290988917,5.291392799185638,-0.8772078566259455,-261.5,0.819672131147541,0.6456639566395664,435.5,15.737704918032787
16:00,2022,7.5,Short,29,27,0.9310344827586207,0.7803541969199559,0.9808787340031615,5.75,4.793103448275862,3.7394239120542476,5.0,3.3620689655172415,2.8620689655172415,-5.926051202356284,11.650189133390768,0.6383108140052193,83.0,0.9310344827586207,1.50920245398773,126.0,14.96551724137931
16:00,2022,7.5,Long,32,31,0.96875,0.8425573603233156,0.9944621398972968,4.0,4.625,3.5257425216841867,5.0,5.015625,4.515625,-3.6925185743785285,12.723768574378528,1.0782538532983819,144.5,0.90625,2.1893004115226335,121.5,15.0859375
16:00,2023,7.5,Long,43,32,0.7441860465116279,0.5976159637822682,0.8507048294111605,4.25,4.72093023255814,3.4015314720791845,7.5,-4.883720930232558,-5.383720930232558,-14.817533248955224,4.050091388490108,-1.1185190941694554,-231.5,0.7674418604651163,0.52218782249742,242.0,17.680232558139537
16:00,2023,7.5,Short,54,46,0.8518518518518519,0.7339988460814318,0.9229693690181348,4.25,5.194444444444445,3.5320540084452827,5.0,0.6666666666666666,0.16666666666666666,-5.965533803475013,6.298867136808347,0.053269730540808524,9.0,0.8518518518518519,1.0231065468549423,174.0,10.125
16:00,2024,7.5,Short,50,45,0.9,0.7863976845138676,0.956524235343241,7.25,7.025,3.684984870803346,5.0,4.36,3.86,-4.781733619687822,12.50173361968782,0.8754564041136573,193.0,0.88,1.517426273458445,294.5,12.64
16:00,2024,7.5,Long,49,34,0.6938775510204082,0.5547210632783299,0.8048450880401252,6.5,6.75,3.5247917973366882,5.0,-8.224489795918368,-8.724489795918368,-19.035550733928837,1.5865711420920992,-1.658382781478038,-427.5,0.6938775510204082,0.46629213483146065,485.0,23.882653061224488
16:00,2025,7.5,Long,47,41,0.8723404255319149,0.748260590902004,0.9401539583680624,9.25,9.01063829787234,4.039767007477184,5.0,0.851063829787234,0.35106382978723405,-17.265654302010848,17.967781961585313,0.03905792571223237,16.5,0.8723404255319149,1.023404255319149,366.0,22.643617021276597
16:00,2025,7.5,Short,45,42,0.9333333333333333,0.8214339791946774,0.9770679675793814,7.75,7.955555555555556,3.3877842884192333,5.0,9.022222222222222,8.522222222222222,1.4827068657007398,15.561737578743704,2.372783907642376,383.5,0.9111111111111111,2.743181818181818,220.0,17.983333333333334
16:00,2026,7.5,Long,24,23,0.9583333333333334,0.7975819334115467,0.9926065439164028,9.375,10.083333333333334,3.782613668520121,5.0,12.645833333333334,12.145833333333334,-3.3996527963182004,27.69131946298487,1.5313381572498277,291.5,0.9583333333333334,2.799382716049383,162.0,34.59375
16:00,2026,7.5,Short,26,24,0.9230769230769231,0.7585844605936842,0.9786449117205875,8.625,8.740384615384615,3.194636383013218,5.0,-4.211538461538462,-4.711538461538462,-33.94034679897915,24.51726987590223,-0.31593644402539295,-122.5,0.9230769230769231,0.7614410905550146,315.5,27.64423076923077
17:00,2020,7.5,Long,72,69,0.9583333333333334,0.8845072317804198,0.9857291926441228,2.0,2.5868055555555554,2.6120545625187908,5.0,-2.3680555555555554,-2.8680555555555554,-12.99464740377471,7.2585362926635995,-0.555101432262962,-206.5,0.8333333333333334,0.612206572769953,356.5,15.211805555555555
17:00,2020,7.5,Short,72,71,0.9861111111111112,0.9254339777605758,0.9975440481442419,2.625,3.28125,3.0631232515521165,5.0,5.861111111111111,5.361111111111111,3.5855958650909523,7.136626357131269,5.918048184227465,386.0,0.9583333333333334,9.212765957446809,47.0,13.725694444444445
17:00,2021,7.5,Long,61,60,0.9836065573770492,0.9128113986711063,0.9971002692327599,1.5,2.319672131147541,1.596055307212359,5.0,4.549180327868853,4.049180327868853,3.019911134102351,5.0784495216353545,7.710565632581784,247.0,0.8688524590163934,inf,0.0,9.62295081967213
17:00,2021,7.5,Short,116,109,0.9396551724137931,0.8806600384632556,0.9704644467704556,3.0,3.2823275862068964,2.312197949573335,5.0,1.5732758620689655,1.0732758620689655,-3.2738970312729796,5.42044875541091,0.4838965698709494,124.5,0.8793103448275862,1.2410454985479187,243.0,10.3125
17:00,2022,7.5,Short,75,75,1.0,0.9512761567859912,1.0000000000000002,2.0,2.4766666666666666,1.9015666246512255,5.0,4.953333333333333,4.453333333333333,3.4918591215662222,5.414807545100444,9.078114531320917,334.0,0.88,inf,0.0,11.04
17:00,2022,7.5,Long,74,63,0.8513513513513513,0.7531050739334803,0.914919404889523,3.0,3.527027027027027,2.786943355188316,5.0,-14.175675675675675,-14.675675675675675,-31.232592082538623,1.8812407311872708,-1.7372676948515138,-1086.0,0.7972972972972973,0.2538646513225696,1236.5,22.81418918918919
17:00,2023,7.5,Long,87,82,0.9425287356321839,0.872426234373061,0.9752043623638004,2.0,2.689655172413793,1.8870081154686753,5.0,2.0689655172413794,1.5689655172413792,-1.633092616584274,4.771023651067033,0.9603560592950552,136.5,0.7931034482758621,1.5342465753424657,122.0,11.324712643678161
17:00,2023,7.5,Short,76,75,0.9868421052631579,0.9291632517529458,0.9976735199801361,1.625,2.3059210526315788,1.6225680609081796,5.0,3.875,3.375,1.628972963939826,5.121027036060174,3.7885315424016315,256.5,0.8947368421052632,5.706422018348624,54.5,6.588815789473684
17:00,2024,7.5,Short,95,87,0.9157894736842105,0.8425478680442723,0.9567118848381223,3.5,4.542105263157895,2.3497544751386297,5.0,1.4631578947368422,0.9631578947368421,-4.578114302407194,6.504430091880877,0.34067173256223476,91.5,0.8421052631578947,1.1490228013029316,443.0,12.892105263157895
17:00,2024,7.5,Long,65,60,0.9230769230769231,0.8322406663848037,0.9666964987156199,2.0,3.080769230769231,1.6202068184110316,5.0,-1.3846153846153846,-1.8846153846153846,-9.244297809200102,5.475067039969332,-0.5018937088037104,-122.5,0.8307692307692308,0.7376873661670236,208.5,15.965384615384615
17:00,2025,7.5,Short,84,81,0.9642857142857143,0.900183063567195,0.9877803308637285,3.875,4.973214285714286,2.1467173420532313,5.0,7.029761904761905,6.529761904761905,2.9166912098961677,10.142832599627642,3.54216657871964,548.5,0.9285714285714286,4.038781163434903,95.0,17.645833333333332
17:00,2025,7.5,Long,54,50,0.9259259259259259,0.8244588405779679,0.9708184724372969,3.5,4.648148148148148,2.1080868087862377,5.0,-1.5648148148148149,-2.064814814814815,-16.523869063293937,12.394239433664309,-0.27989124559300854,-111.5,0.9074074074074074,0.8019538188277087,366.0,22.85648148148148
17:00,2026,7.5,Short,60,55,0.9166666666666666,0.8193105788446039,0.9638795436268733,7.625,8.354166666666666,3.0194191781749553,5.0,-1.9,-2.4,-18.05560570547847,13.25560570547847,-0.3004619360306148,-144.0,0.8833333333333333,0.8529111338100103,625.0,32.40416666666667
17:00,2026,7.5,Long,27,27,1.0,0.8754449685379287,1.0,6.75,7.944444444444445,2.958110935613507,5.0,15.88888888888889,15.38888888888889,11.101795043287135,19.675982734490645,7.035457890236271,415.5,0.9259259259259259,inf,0.0,22.88888888888889
16:00,2020,10.0,All,69,58,0.8405797101449275,0.7366551819130469,0.9085817576242596,5.5,5.481884057971015,5.16847576239383,5.0,-1.3333333333333333,-1.8333333333333333,-8.726979786557184,5.060313119890518,-0.5212433445368992,-126.5,0.8405797101449275,0.815597667638484,267.0,17.51086956521739
16:00,2021,10.0,All,120,94,0.7833333333333333,0.7014563739698626,0.8476327647908416,6.0,6.747916666666667,4.575241851487925,5.0,-3.8875,-4.3875,-11.541019467487601,2.7660194674875997,-1.2021134616441032,-526.5,0.7833333333333333,0.6715533374922021,829.5,17.535416666666666
16:00,2022,10.0,All,80,71,0.8875,0.7998178182487774,0.9396731308266737,6.375,6.23125,4.797233229601086,5.0,-4.525,-5.025,-19.66235536884757,9.612355368847568,-0.672855092454821,-402.0,0.8625,0.66402005850397,748.0,20.64375
16:00,2023,10.0,All,114,87,0.7631578947368421,0.677341329804266,0.8318173361660796,5.0,6.120614035087719,4.269292754448229,5.0,-4.0131578947368425,-4.5131578947368425,-10.38996125683462,1.3636454673609348,-1.5051766164322495,-514.5,0.7719298245614035,0.6258181818181818,517.0,14.771929824561404
16:00,2024,10.0,All,116,89,0.7672413793103449,0.6825321917307261,0.8348179855681963,8.125,8.40948275862069,4.377591102281778,5.0,-5.241379310344827,-5.741379310344827,-15.268100840486577,3.785342219796922,-1.1811929972989623,-666.0,0.7672413793103449,0.6591606960081884,1059.0,22.44612068965517
16:00,2025,10.0,All,108,94,0.8703703703703703,0.7941109634608723,0.9211872881911269,9.875,10.108796296296296,4.418991659048681,5.0,0.8009259259259259,0.30092592592592593,-13.010594974735195,13.612446826587046,0.044307783151374444,32.5,0.8611111111111112,1.0190951821386605,834.5,26.09490740740741
16:00,2026,10.0,All,65,58,0.8923076923076924,0.7939868632434961,0.946845780758715,11.75,12.726923076923077,4.691417883734889,5.0,-5.7615384615384615,-6.2615384615384615,-28.731832407154922,16.208755484078,-0.5461606331867717,-407.0,0.8923076923076924,0.7707042253521127,847.5,36.676923076923075
17:00,2020,10.0,All,160,155,0.96875,0.9289397082907598,0.9865794833973209,2.75,3.48125,3.4101450570940477,5.0,2.28125,1.78125,-3.224058536517095,6.786558536517095,0.6974966377256164,285.0,0.9,1.397212543554007,340.5,15.8546875
17:00,2021,10.0,All,181,173,0.9558011049723757,0.9152206689005276,0.9774362112096968,2.75,3.1256906077348066,2.201077165951689,5.0,3.022099447513812,2.522099447513812,-0.3185507402675878,5.362749635295212,1.7401734795820496,456.5,0.8784530386740331,1.8838334946757018,214.5,10.111878453038674
17:00,2022,10.0,All,160,147,0.91875,0.8659596257291238,0.9519041855122281,2.5,3.5203125,2.7536174566695117,5.0,-4.528125,-5.028125,-13.320473196910548,3.2642231969105486,-1.188438275080106,-804.5,0.8375,0.5269038518082917,1051.5,17.4125
17:00,2023,10.0,All,172,160,0.9302325581395349,0.8820244365331931,0.9596428297734934,2.0,3.0232558139534884,2.1238021171445656,5.0,-0.4941860465116279,-0.9941860465116279,-4.76891038931569,2.780538296292434,-0.5162148765060862,-171.0,0.813953488372093,0.8180851063829787,311.5,11.453488372093023
17:00,2024,10.0,All,165,149,0.9030303030303031,0.8482932250839343,0.9394279950549278,3.25,4.322727272727272,2.2458183541325765,5.0,-0.23939393939393938,-0.7393939393939394,-5.331116466987484,3.8523285881996054,-0.315608248173001,-122.0,0.8242424242424242,0.9007726718178121,561.5,15.084848484848484
17:00,2025,10.0,All,151,140,0.9271523178807947,0.8742712794755032,0.9588389284236196,4.0,6.031456953642384,2.6888329738299888,5.0,-2.3609271523178808,-2.8609271523178808,-13.292897223825154,7.5710429191893915,-0.5375124915744113,-432.0,0.9006622516556292,0.7780061664953751,625.5,24.834437086092716
17:00,2026,10.0,All,93,86,0.9247311827956989,0.8527029982552082,0.963063316220028,7.75,9.080645161290322,3.335590610563762,5.0,0.4838709677419355,-0.016129032258064516,-12.925196905778728,12.8929388412626,-0.0024488462598828676,-1.5,0.8817204301075269,0.9989417989417989,810.5,32.594086021505376
16:00,2020,10.0,Short,41,30,0.7317073170731707,0.5806646676750733,0.8430503602034056,6.25,5.926829268292683,5.574172696600319,5.0,-8.841463414634147,-9.341463414634147,-20.332117898854065,1.6491910695857737,-1.665863668654807,-383.0,0.7317073170731707,0.44169096209912534,383.0,24.371951219512194
16:00,2020,10.0,Long,28,28,1.0,0.8793566935605293,1.0,4.75,4.830357142857143,4.574419537305756,5.0,9.660714285714286,9.160714285714286,7.171125190401557,11.150303381027015,9.024310726564142,256.5,1.0,inf,0.0,7.464285714285714
16:00,2021,10.0,Long,41,31,0.7560975609756098,0.6065666365103692,0.8617499732500549,4.75,6.195121951219512,4.1682741467675175,5.0,-6.7560975609756095,-7.2560975609756095,-18.248439999713735,3.736244877762516,-1.2937815646900999,-297.5,0.7560975609756098,0.4812554489973845,402.0,18.859756097560975
16:00,2021,10.0,Short,79,63,0.7974683544303798,0.6960398746375078,0.8713088977609427,6.25,7.034810126582278,4.786452938747882,20.0,-2.3987341772151898,-2.8987341772151898,-12.178332842661847,6.3808644882314685,-0.6122478824506282,-229.0,0.7974683544303798,0.7775619232637202,483.5,16.848101265822784
16:00,2022,10.0,Short,41,35,0.8536585365853658,0.7155654182993241,0.9311575189888808,6.75,6.530487804878049,5.13227358518268,5.0,-1.2560975609756098,-1.7560975609756098,-12.764356917497649,9.25216179554643,-0.3126641450322291,-72.0,0.8536585365853658,0.8529111338100103,258.0,19.695121951219512
16:00,2022,10.0,Long,39,36,0.9230769230769231,0.7967892870242645,0.9734926049027948,5.75,5.916666666666667,4.445011317323002,5.0,-7.961538461538462,-8.461538461538462,-36.34072780768353,19.41765088460661,-0.5948634504153518,-330.0,0.8717948717948718,0.5332390381895332,676.0,21.641025641025642
16:00,2023,10.0,Long,50,37,0.74,0.6044684262151608,0.8412847256991044,5.0,5.715,4.125376052661042,10.0,-4.77,-5.27,-14.815739219185367,4.275739219185368,-1.0820545211669292,-263.5,0.76,0.583399209486166,298.0,17.865
16:00,2023,10.0,Short,64,50,0.78125,0.6656721594362567,0.8649768064562686,5.375,6.4375,4.38172767771947,5.0,-3.421875,-3.921875,-11.333064200368629,3.4893142003686286,-1.0371795409187052,-251.0,0.78125,0.661952861952862,373.0,12.35546875
16:00,2024,10.0,Short,56,48,0.8571428571428571,0.7426407866561477,0.9257921150106658,8.125,8.107142857142858,4.2495164152567435,5.0,-0.3392857142857143,-0.8392857142857143,-11.548077235794748,9.869505807223321,-0.15360928284114023,-47.0,0.8392857142857143,0.9342197340797761,422.5,15.450892857142858
16:00,2024,10.0,Long,60,41,0.6833333333333333,0.5576623287169538,0.7869413251704964,8.25,8.691666666666666,4.497127476838477,10.0,-9.816666666666666,-10.316666666666666,-25.789570983786255,5.156237650452924,-1.3068196411125252,-619.0,0.7,0.5006050826946349,816.5,28.975
16:00,2025,10.0,Long,54,47,0.8703703703703703,0.7557826967018287,0.9357627928766622,10.125,10.24537037037037,4.5840951747304555,5.0,-5.2592592592592595,-5.7592592592592595,-30.903227303450432,19.384708784931913,-0.44893235606154,-311.0,0.8703703703703703,0.75,811.0,32.111111111111114
16:00,2025,10.0,Short,54,47,0.8703703703703703,0.7557826967018287,0.9357627928766622,9.25,9.972222222222221,4.253888143366908,5.0,6.861111111111111,6.361111111111111,-2.4666907041134287,15.18891292633565,1.412305015306991,343.5,0.8518518518518519,1.75,220.0,20.078703703703702
16:00,2026,10.0,Long,34,31,0.9117647058823529,0.7703951329493969,0.969534056562893,14.125,14.198529411764707,5.230516710437662,5.0,-1.6029411764705883,-2.1029411764705883,-35.93053134229191,31.724648989350733,-0.12184400306955555,-71.5,0.9117647058823529,0.9211252068394925,519.5,39.75735294117647
16:00,2026,10.0,Short,31,27,0.8709677419354839,0.7114759359315365,0.948657156610898,9.25,11.112903225806452,4.100148202835075,5.0,-10.32258064516129,-10.82258064516129,-40.36743320092115,18.722271910598565,-0.7179547913322581,-335.5,0.8709677419354839,0.6137017846862406,625.0,33.29838709677419
17:00,2020,10.0,Long,78,75,0.9615384615384616,0.8929155387711095,0.9868341746892751,2.125,3.003205128205128,3.1048414380620097,5.0,-0.9551282051282052,-1.455128205128205,-10.862712451136069,7.952456040879659,-0.3031595383954336,-113.5,0.8461538461538461,0.7868544600938967,329.5,16.182692307692307
17:00,2020,10.0,Short,82,80,0.975609756097561,0.9153662153874498,0.9932856297292625,3.375,3.9359756097560976,3.700555816661108,5.0,5.359756097560975,4.859756097560975,0.9857889291908957,8.733723265931054,2.458706175356539,398.5,0.9512195121951219,3.154054054054054,170.5,15.542682926829269
17:00,2021,10.0,Long,61,60,0.9836065573770492,0.9128113986711063,0.9971002692327599,1.5,2.319672131147541,1.596055307212359,5.0,4.549180327868853,4.049180327868853,3.019911134102351,5.0784495216353545,7.710565632581784,247.0,0.8688524590163934,inf,0.0,9.62295081967213
17:00,2021,10.0,Short,120,113,0.9416666666666667,0.8844740790888672,0.97145899015576,3.0,3.535416666666667,2.508629944144182,5.0,2.245833333333333,1.7458333333333333,-2.506336715598815,5.998003382265482,0.8047115811355301,209.5,0.8833333333333333,1.4056147144240076,243.0,10.360416666666667
17:00,2022,10.0,Short,83,82,0.9879518072289156,0.934864192645231,0.9978700225954329,2.25,3.2951807228915664,2.5268648359161885,5.0,6.13855421686747,5.63855421686747,4.137749097446983,7.139359336287956,7.363623120752516,468.0,0.8795180722891566,24.4,20.0,11.575301204819278
17:00,2022,10.0,Long,77,65,0.8441558441558441,0.7470629221272239,0.9085412781609331,3.0,3.762987012987013,2.998039112806211,5.0,-16.025974025974026,-16.525974025974026,-33.3612944641807,0.30934641223264947,-1.9239499642867754,-1272.5,0.7922077922077922,0.24278488545075871,1354.5,23.704545454545453
17:00,2023,10.0,Long,91,83,0.9120879120879121,0.8360136104260305,0.954779792423986,2.25,3.1456043956043955,2.194779265096765,5.0,-0.15384615384615385,-0.6538461538461539,-4.990240353410198,3.68254804571789,-0.2955254674968801,-59.5,0.7692307692307693,0.8756530825496343,184.5,13.266483516483516
17:00,2023,10.0,Short,81,77,0.9506172839506173,0.8797976969460369,0.9806306945805195,1.75,2.8858024691358026,2.0440623583340702,5.0,-0.8765432098765432,-1.376543209876543,-7.77128513362462,5.0181987138715325,-0.421905241520855,-111.5,0.8641975308641975,0.7583965330444203,254.5,9.416666666666666
17:00,2024,10.0,Short,98,88,0.8979591836734694,0.8222723370022259,0.9436239969349672,3.875,4.89030612244898,2.5270969721285783,5.0,1.5255102040816326,1.0255102040816326,-4.385420096145602,6.436440504308866,0.37146349520492694,100.5,0.826530612244898,1.1583924349881796,413.5,13.74234693877551
17:00,2024,10.0,Long,67,61,0.9104477611940298,0.8180724770954599,0.9583090496057276,2.75,3.4925373134328357,1.8343958979593193,5.0,-2.8208955223880596,-3.3208955223880596,-11.409681787807534,4.767890743031414,-0.8046739594873263,-222.5,0.8208955223880597,0.6260504201680672,281.5,17.04850746268657
17:00,2025,10.0,Short,91,86,0.945054945054945,0.8777519746314547,0.9763049004465633,4.75,6.016483516483516,2.627779260155316,5.0,2.9505494505494507,2.4505494505494507,-6.48912817353137,11.390227074630271,0.537266432332961,223.0,0.9120879120879121,1.318344039971449,590.5,20.38736263736264
17:00,2025,10.0,Long,60,54,0.9,0.798505351773914,0.9533571657987043,3.875,6.054166666666666,2.7814311062365764,5.0,-10.416666666666666,-10.916666666666666,-33.375431567247524,11.542098233914194,-0.9526914663999749,-655.0,0.8833333333333333,0.4741067844239261,901.5,31.579166666666666
17:00,2026,10.0,Short,64,58,0.90625,0.8101712030635407,0.9563217476701068,8.125,9.13671875,3.3315140440995483,5.0,-1.234375,-1.734375,-16.852721691803335,13.383971691803335,-0.22484684547834813,-111.0,0.875,0.896406906206253,576.0,33.5625
17:00,2026,10.0,Long,29,28,0.9655172413793104,0.8282447796220433,0.9938867857749234,7.5,8.956896551724139,3.3445871710365096,5.0,4.275862068965517,3.7758620689655173,-21.0859960725132,28.637720210444233,0.2976669596465555,109.5,0.896551724137931,1.3164739884393064,346.0,30.45689655172414
16:00,2020,15.0,All,100,84,0.84,0.7557973053553682,0.8990471154817143,7.75,7.85,7.43724004047439,5.0,3.765,3.265,-2.565128894876596,9.095128894876597,1.0976228099559797,326.5,0.84,1.3674732695554306,279.0,17.3275
16:00,2021,15.0,All,154,114,0.7402597402597403,0.6657561793223705,0.8030686815505348,8.75,9.227272727272727,6.351524007868917,12.5,-3.529220779220779,-4.029220779220779,-10.956299913033513,2.897858354591955,-1.1400371675814849,-620.5,0.7532467532467533,0.7398868161810941,987.0,19.066558441558442
16:00,2022,15.0,All,109,93,0.8532110091743119,0.7747924191019195,0.9075808926522331,8.25,8.685779816513762,6.813605058967614,5.0,-3.206422018348624,-3.706422018348624,-15.965235697619113,8.552391660921865,-0.5925902713616367,-404.0,0.8348623853211009,0.7820927723840345,716.5,21.676605504587155
16:00,2023,15.0,All,158,106,0.6708860759493671,0.5943227020146327,0.7393371671762818,8.125,9.346518987341772,6.4967779095737965,7.5,-2.6930379746835444,-3.1930379746835444,-8.476500604484162,2.0904246551170735,-1.184495835309585,-504.5,0.7215189873417721,0.7601616353696221,701.5,17.22151898734177
16:00,2024,15.0,All,140,99,0.7071428571428572,0.6270371419838223,0.7761845748361109,10.375,11.051785714285714,5.741836658558933,10.0,-5.421428571428572,-5.921428571428572,-15.075457239255726,3.232600096398584,-1.2678337865994729,-829.0,0.7428571428571429,0.6830433951443319,1321.0,23.580357142857142
16:00,2025,15.0,All,136,112,0.8235294117647058,0.7508362264923878,0.878447826348469,12.875,13.84375,6.020404232145138,5.0,-2.8455882352941178,-3.3455882352941178,-18.938938726737476,12.247762256149242,-0.42051466127168713,-455.0,0.8161764705882353,0.8557844690966719,1424.0,33.751838235294116
16:00,2026,15.0,All,80,68,0.85,0.755867713532802,0.912059595309541,15.375,16.5375,6.110194942697736,5.0,-1.78125,-2.28125,-22.237744744006108,17.675244744006108,-0.2240457521400599,-182.5,0.85,0.9168375484164958,954.5,37.60625
17:00,2020,15.0,All,173,166,0.9595375722543352,0.9188463762524853,0.9802640529751315,3.0,4.09393063583815,4.0683127909859875,5.0,1.8034682080924855,1.3034682080924855,-4.0152453712028375,6.622181787387808,0.48033245726013696,225.5,0.8959537572254336,1.2210784313725491,555.5,17.221098265895954
17:00,2021,15.0,All,186,178,0.956989247311828,0.9174368467665817,0.9780472113616143,2.75,3.4663978494623655,2.4642125059268327,5.0,3.7903225806451615,3.2903225806451615,0.4451103909262857,6.135534770364037,2.2665844852467067,612.0,0.8817204301075269,2.1848983543078413,180.0,10.733870967741936
17:00,2022,15.0,All,168,151,0.8988095238095238,0.843930583049617,0.935857955015368,2.75,4.034226190476191,3.1838369209244357,5.0,-8.755952380952381,-9.255952380952381,-19.397461821076334,0.8855570591715711,-1.7888198556130541,-1555.0,0.8214285714285714,0.3934074507509265,1802.0,20.654761904761905
17:00,2023,15.0,All,178,164,0.9213483146067416,0.8723212852509238,0.9525731085953016,2.25,3.38061797752809,2.4286320913978265,5.0,-0.4747191011235955,-0.9747191011235955,-4.847522407282339,2.898084205035148,-0.4932897948306751,-173.5,0.8089887640449438,0.834840552118039,422.0,11.509831460674157
17:00,2024,15.0,All,173,154,0.8901734104046243,0.8348412265846702,0.9285544208727404,3.5,5.215317919075145,2.716862188743329,5.0,-2.3439306358381504,-2.8439306358381504,-9.844617841157998,4.156756569481697,-0.7962077866447427,-492.0,0.815028901734104,0.7329715061058345,967.0,17.3121387283237
17:00,2025,15.0,All,163,147,0.901840490797546,0.8465031455588171,0.9386733979596834,5.25,7.430981595092025,3.3446184912572265,5.0,-4.171779141104294,-4.671779141104294,-15.257153162010212,5.9135948798016225,-0.8650160981020967,-761.5,0.8773006134969326,0.7080138036809815,1014.5,28.32668711656442
17:00,2026,15.0,All,102,93,0.9117647058823529,0.8407554137768157,0.9528844404716809,8.875,11.299019607843137,4.096761493232858,5.0,-0.5784313725490197,-1.0784313725490196,-16.270484270358875,14.113621525260834,-0.13913107602273975,-110.0,0.8725490196078431,0.9448897795591182,938.0,37.497549019607845
16:00,2020,15.0,Short,61,45,0.7377049180327869,0.6156325811398826,0.8316121369823568,8.5,8.30327868852459,7.737393077578604,15.0,-2.959016393442623,-3.459016393442623,-12.478810803152387,5.560778016267141,-0.7516299483787822,-211.0,0.7377049180327869,0.7625211029825548,401.5,23.557377049180328
16:00,2020,15.0,Long,39,39,1.0,0.9103331450047065,1.0,5.5,7.141025641025641,6.967769905516517,5.0,14.282051282051283,13.782051282051283,10.987473727776388,16.57662883632618,9.665977713752593,537.5,1.0,inf,0.0,7.583333333333333
16:00,2021,15.0,Long,51,39,0.7647058823529411,0.6323777472694998,0.8599505122401774,6.75,8.465686274509803,5.774547201298717,5.0,-1.8823529411764706,-2.3823529411764706,-12.375553763292334,7.610847880939392,-0.4672502917850261,-121.5,0.7647058823529411,0.8164652567975831,350.0,18.083333333333332
16:00,2021,15.0,Short,103,75,0.7281553398058253,0.6351914452830574,0.8047126939164868,9.25,9.604368932038835,6.6372115528696956,25.0,-4.344660194174757,-4.844660194174757,-13.97160310153596,4.282282713186445,-1.0403658343427555,-499.0,0.7475728155339806,0.7104728749637366,743.5,19.553398058252426
16:00,2022,15.0,Short,53,41,0.7735849056603774,0.644737296378973,0.8654536904597305,8.25,8.830188679245284,6.945823590432812,5.0,-5.367924528301887,-5.867924528301887,-17.268879592762225,5.53303053615845,-1.0087681922403116,-311.0,0.7735849056603774,0.6626898047722343,446.0,22.13679245283019
16:00,2022,15.0,Long,56,52,0.9285714285714286,0.8302455183835961,0.9718739636165804,8.5,8.549107142857142,6.688469663116621,5.0,-1.1607142857142858,-1.6607142857142858,-23.049185088340426,19.727756516911857,-0.1521819976903661,-93.0,0.8928571428571429,0.9002145922746781,676.0,21.241071428571427
16:00,2023,15.0,Long,74,48,0.6486486486486487,0.5350076252625484,0.7476181157779531,7.875,9.60472972972973,6.712334955587118,12.5,-1.135135135135135,-1.635135135135135,-9.500829037637871,6.230558767367601,-0.4074409759296993,-121.0,0.7297297297297297,0.8683351468988031,342.5,18.881756756756758
16:00,2023,15.0,Short,84,58,0.6904761904761905,0.5851119103066926,0.7791807643316351,8.375,9.119047619047619,6.306882416657299,5.0,-4.065476190476191,-4.565476190476191,-11.720670160035509,2.589717779083127,-1.2505837038463385,-383.5,0.7142857142857143,0.6762346981848881,509.0,15.758928571428571
16:00,2024,15.0,Short,71,55,0.7746478873239436,0.664848243077353,0.8562533038854987,10.25,11.387323943661972,5.98550810481502,10.0,0.5352112676056338,0.035211267605633804,-10.077646191460921,10.14806872667219,0.006824264771925158,2.5,0.8028169014084507,1.0024461839530332,479.5,16.721830985915492
16:00,2024,15.0,Long,69,44,0.6376811594202898,0.51979770779941,0.7410427571199265,10.75,10.706521739130435,5.491102271831654,12.5,-11.55072463768116,-12.05072463768116,-27.381395547326974,3.279946271964656,-1.5406361928301144,-831.5,0.6811594202898551,0.47819265767179164,1164.5,30.63768115942029
16:00,2025,15.0,Short,65,53,0.8153846153846154,0.7044600606816986,0.8911112805749806,12.75,13.015384615384615,5.582745315724817,5.0,3.0538461538461537,2.5538461538461537,-9.847456563305412,14.95514887099772,0.4036226384631481,166.0,0.8,1.1744613767735155,550.5,22.326923076923077
16:00,2025,15.0,Long,71,59,0.8309859154929577,0.7274087190865264,0.9005854528943462,13.25,14.602112676056338,6.421077888022898,5.0,-8.246478873239436,-8.746478873239436,-36.42623459478486,18.933276848305983,-0.6193256866413104,-621.0,0.8309859154929577,0.7181756296800544,1119.5,44.2112676056338
16:00,2026,15.0,Long,40,36,0.9,0.7694822464406407,0.9604204715925885,16.5,16.99375,6.203120290978111,5.0,6.4,5.9,-23.594210615159895,35.39421061515989,0.39206974381800425,236.0,0.9,1.2586301369863013,455.5,37.325
16:00,2026,15.0,Short,40,32,0.8,0.6524269352437855,0.8950001032811363,13.75,16.08125,6.017269594417361,5.0,-9.9625,-10.4625,-37.48797530503366,16.562975305033653,-0.758770127760921,-418.5,0.8,0.6735569422776911,837.0,37.8875
17:00,2020,15.0,Long,83,80,0.963855421686747,0.8990410695154177,0.9876321968244727,2.5,3.5180722891566263,3.6318852672051816,5.0,0.4939759036144578,-0.006024096385542169,-8.934250869068082,8.922202676297,-0.0013224363973726983,-0.5,0.8554216867469879,0.9990610328638497,321.5,16.204819277108435
17:00,2020,15.0,Short,90,86,0.9555555555555556,0.891231448986594,0.9825827582682745,3.5,4.625,4.470795951806065,5.0,3.011111111111111,2.511111111111111,-3.5901950861154086,8.61241730833763,0.806661265421335,226.0,0.9333333333333333,1.4635897435897436,433.5,18.158333333333335
17:00,2021,15.0,Long,62,61,0.9838709677419355,0.9141327965227978,0.997147132862919,1.625,2.560483870967742,1.766404953477016,5.0,5.032258064516129,4.532258064516129,3.1460114660459024,5.918504662986356,6.407995990730706,281.0,0.8709677419354839,inf,0.0,9.46774193548387
17:00,2021,15.0,Short,124,117,0.9435483870967742,0.8880520148451576,0.9723887292028102,3.25,3.9193548387096775,2.813116282151742,5.0,3.1693548387096775,2.6693548387096775,-1.5438377142472857,6.882547391666641,1.2417755232726997,331.0,0.8870967741935484,1.6408518877057114,203.0,11.366935483870968
17:00,2022,15.0,Short,88,85,0.9659090909090909,0.9045039571274427,0.9883390028911263,2.25,3.9318181818181817,3.0630760092321836,5.0,0.7613636363636364,0.26136363636363635,-10.17429856094646,10.697025833673733,0.04908776352629156,23.0,0.8636363636363636,1.0416289592760182,486.5,16.352272727272727
17:00,2022,15.0,Long,80,66,0.825,0.7274245793450288,0.8927936360085754,3.25,4.146875,3.3166739237859133,5.0,-19.225,-19.725,-37.4585299182735,-1.9914700817265079,-2.1800673683225673,-1578.0,0.775,0.21531576330183988,1660.0,25.3875
17:00,2023,15.0,Long,95,86,0.9052631578947369,0.8296695625401665,0.9493557662186233,2.25,3.6026315789473684,2.58554826216734,5.0,0.6947368421052632,0.19473684210526315,-4.0834538705656165,4.472927554776144,0.08921462964929827,18.5,0.7684210526315789,1.0381836945304437,155.0,12.939473684210526
17:00,2023,15.0,Short,83,78,0.9397590361445783,0.8666157183164027,0.9739965991227142,2.0,3.1265060240963853,2.2490292453363354,5.0,-1.8132530120481927,-2.3132530120481927,-9.040711170969768,4.414205146873384,-0.6739384354986185,-192.0,0.8554216867469879,0.6607773851590106,357.0,9.873493975903614
17:00,2024,15.0,Short,106,93,0.8773584905660378,0.8014136599029994,0.9269087860548132,4.5,6.304245283018868,3.2746474857483157,5.0,-2.042452830188679,-2.542452830188679,-12.790543689900296,7.705638029522937,-0.48624822779997773,-269.5,0.8113207547169812,0.7839679358717435,884.5,17.47877358490566
17:00,2024,15.0,Long,67,61,0.9104477611940298,0.8180724770954599,0.9583090496057276,2.75,3.4925373134328357,1.8343958979593193,5.0,-2.8208955223880596,-3.3208955223880596,-11.409681787807534,4.767890743031414,-0.8046739594873263,-222.5,0.8208955223880597,0.6260504201680672,281.5,17.04850746268657
17:00,2025,15.0,Short,96,88,0.9166666666666666,0.84410096689647,0.957169376069111,5.375,7.0234375,3.131611139344308,5.0,0.2708333333333333,-0.22916666666666666,-10.272167512474985,9.813834179141653,-0.04472352671902177,-22.0,0.8854166666666666,0.9788968824940047,812.5,23.130208333333332
17:00,2025,15.0,Long,67,59,0.8805970149253731,0.781679740686783,0.9382376749815908,5.0,8.014925373134329,3.6498230551921536,5.0,-10.537313432835822,-11.037313432835822,-32.416851795577834,10.342224929906193,-1.0118430350570087,-739.5,0.8656716417910447,0.5276269562440115,1061.5,35.77238805970149
17:00,2026,15.0,Short,67,60,0.8955223880597015,0.7996871685915403,0.9484623025932406,8.75,10.253731343283581,3.723278333776542,5.0,-1.2537313432835822,-1.7537313432835822,-16.943103804983135,13.435641118415969,-0.22629310770899788,-117.5,0.8656716417910447,0.9024491490244915,582.5,35.97014925373134
17:00,2026,15.0,Long,35,33,0.9428571428571428,0.8139294244104802,0.9841868382855115,9.75,13.3,4.811714969906375,5.0,0.7142857142857143,0.21428571428571427,-33.555984427612024,33.984555856183455,0.012436746402961526,7.5,0.8857142857142857,1.0094756790903348,454.5,40.42142857142857
16:00,2020,25.0,All,144,113,0.7847222222222222,0.71065902491806,0.8439891814814653,11.25,11.597222222222221,11.148617923993838,15.0,1.0763888888888888,0.5763888888888888,-7.630911744547792,8.78368952232557,0.13764592314552235,83.0,0.7847222222222222,1.0370618441616433,562.5,23.5625
16:00,2021,25.0,All,171,128,0.7485380116959064,0.6785373442916561,0.8076173729239472,9.75,10.874269005847953,7.5464718070491505,20.0,0.8508771929824561,0.3508771929824561,-6.332309199495824,7.0340635854607365,0.10290101551569163,60.0,0.7660818713450293,1.024474811339996,729.5,19.399122807017545
16:00,2022,25.0,All,149,121,0.8120805369127517,0.7418104014652077,0.8666632462001699,11.75,13.25,10.487215161868956,10.0,2.557046979865772,2.057046979865772,-8.302202675678974,12.416296635410518,0.3891920902483189,306.5,0.8120805369127517,1.117794004611837,602.5,24.201342281879196
16:00,2023,25.0,All,179,115,0.6424581005586593,0.5699307488722436,0.7089994254549594,9.75,11.343575418994414,7.933080173327544,10.0,-3.1620111731843576,-3.6620111731843576,-9.282928845401424,1.9589064990327087,-1.276910726253016,-655.5,0.6983240223463687,0.7626719768283853,742.0,18.689944134078214
16:00,2024,25.0,All,165,112,0.6787878787878788,0.6041705052444111,0.7452697352683171,11.75,15.133333333333333,7.8216522466367095,20.0,-4.715151515151515,-5.215151515151515,-14.756623163037311,4.326320132734281,-1.071271770378033,-860.5,0.7151515151515152,0.7632411610950612,1502.0,25.446969696969695
16:00,2025,25.0,All,160,127,0.79375,0.7245262234145405,0.8491991367099899,14.25,18.13125,8.013980390441901,10.0,4.346875,3.846875,-10.231799848466284,17.925549848466286,0.5355430531390794,615.5,0.81875,1.1745356585849993,1060.0,34.2734375
16:00,2026,25.0,All,101,80,0.7920792079207921,0.7029625017394554,0.8597919718204863,19.0,23.972772277227723,8.874417755566931,5.0,-1.8267326732673268,-2.3267326732673266,-24.028496540454853,19.3750311939202,-0.21013555880233264,-235.0,0.801980198019802,0.9321984997114829,1381.5,47.81930693069307
17:00,2020,25.0,All,182,172,0.945054945054945,0.9018263241586054,0.969884439280222,3.25,4.7967032967032965,4.767758478419987,5.0,1.5027472527472527,1.0027472527472527,-4.403829133222812,6.409323638717318,0.3635107277099697,182.5,0.8846153846153846,1.1440979076194235,665.5,18.482142857142858
17:00,2021,25.0,All,188,179,0.9521276595744681,0.9115356980782795,0.974612692323554,2.75,3.7074468085106385,2.6315514788963434,5.0,3.396276595744681,2.896276595744681,-0.19813310477063562,5.990686296259998,1.8344687391449155,544.5,0.8776595744680851,1.8656597774244834,180.0,11.224734042553191
17:00,2022,25.0,All,175,153,0.8742857142857143,0.8169971005966659,0.9154952466445283,3.0,4.898571428571429,3.8536509638138288,5.0,-13.557142857142857,-14.057142857142857,-26.12681322163658,-1.9874724926491307,-2.282704755873655,-2460.0,0.8057142857142857,0.3124650642817216,2703.0,24.45
17:00,2023,25.0,All,183,166,0.907103825136612,0.856277021504591,0.941190526073608,2.25,4.131147540983607,2.9480060961436205,5.0,-2.2650273224043715,-2.7650273224043715,-7.552465297732108,2.022410652923365,-1.13199461567081,-506.0,0.7978142076502732,0.6586846543001686,754.5,12.975409836065573
17:00,2024,25.0,All,177,156,0.8813559322033898,0.8254339558204147,0.921076279360854,3.5,5.953389830508475,3.135426941572195,5.0,-2.440677966101695,-2.940677966101695,-10.295571410194817,4.414215477991428,-0.7836446568483512,-520.5,0.8135593220338984,0.7472073822243808,995.5,17.827683615819208
17:00,2025,25.0,All,173,155,0.8959537572254336,0.8415380293893509,0.933167183215577,5.5,9.160404624277456,4.16646690830666,5.0,-1.800578034682081,-2.300578034682081,-12.862523485302425,8.261367415938263,-0.4269147334881185,-398.0,0.8728323699421965,0.8605221657613458,785.5,30.076589595375722
17:00,2026,25.0,All,110,98,0.8909090909090909,0.8189511679808765,0.9364853912929583,9.625,14.397727272727273,5.238121440059922,5.0,-1.940909090909091,-2.440909090909091,-19.357409279570632,14.47559109775245,-0.28280636609817994,-268.5,0.8545454545454545,0.9001487541837114,1197.5,42.67272727272727
16:00,2020,25.0,Short,89,63,0.7078651685393258,0.6063649403203439,0.7921639113999523,11.5,12.042134831460674,11.45844032932837,20.0,-4.49438202247191,-4.99438202247191,-16.58294181966476,6.594177774720938,-0.8446959016135314,-444.5,0.7078651685393258,0.7552312775330396,663.0,27.134831460674157
16:00,2020,25.0,Long,55,50,0.9090909090909091,0.8042250531228354,0.9605418451755379,10.25,10.877272727272727,10.647268940816137,5.0,10.090909090909092,9.590909090909092,-0.5842808068525791,19.766098988670763,1.8474187444491506,527.5,0.9090909090909091,2.2455726092089727,210.5,17.78181818181818
16:00,2021,25.0,Long,60,46,0.7666666666666667,0.6456372951896278,0.855604383192118,8.75,11.145833333333334,7.770297786982963,5.0,4.25,3.75,-6.028827561974779,13.52882756197478,0.7516100425556269,225.0,0.7833333333333333,1.3189227498228207,287.5,19.075
16:00,2021,25.0,Short,111,82,0.7387387387387387,0.6500078009210981,0.8114980047024842,9.75,10.727477477477477,7.4254847908687145,27.5,-0.9864864864864865,-1.4864864864864864,-10.334064049111415,7.361091076138443,-0.3292946548790271,-165.0,0.7567567567567568,0.9054982817869416,571.0,19.574324324324323
16:00,2022,25.0,Short,82,62,0.7560975609756098,0.6530729208061514,0.8362011496413091,13.5,14.972560975609756,11.858008147182801,22.5,3.3658536585365852,2.8658536585365852,-8.426379476160442,14.158086793233611,0.49741888366978926,235.0,0.7682926829268293,1.157718120805369,493.0,24.98170731707317
16:00,2022,25.0,Long,67,59,0.8805970149253731,0.781679740686783,0.9382376749815908,10.75,11.14179104477612,8.809528224619177,5.0,1.5671641791044777,1.0671641791044777,-17.4673376398843,19.601665998093253,0.11284918222034222,71.5,0.8656716417910447,1.0642985611510791,667.0,23.246268656716417
16:00,2023,25.0,Long,85,53,0.6235294117647059,0.5172990775180459,0.7190770498490069,10.5,11.894117647058824,8.379219788665612,20.0,0.5058823529411764,0.0058823529411764705,-7.98232094367435,7.994085649556703,0.0014432782406632962,0.5,0.7176470588235294,1.0004520795660037,311.0,20.102941176470587
16:00,2023,25.0,Short,94,62,0.6595744680851063,0.5592082211959134,0.7474102649041031,9.625,10.845744680851064,7.529656053075039,5.0,-6.4787234042553195,-6.9787234042553195,-14.857729623341996,0.9002828148313569,-1.7360116565415549,-656.0,0.6808510638297872,0.6038647342995169,706.5,17.41223404255319
16:00,2024,25.0,Short,87,64,0.735632183908046,0.6344360118760523,0.8168997604124065,12.0,16.238505747126435,8.43912925993846,17.5,0.5747126436781609,0.07471264367816093,-11.84597505922789,11.995400346584212,0.012284030552895451,6.5,0.7586206896551724,1.0038336773813035,714.0,20.169540229885058
16:00,2024,25.0,Long,78,48,0.6153846153846154,0.5044278552077031,0.715509573157393,11.0,13.900641025641026,7.132927885646298,25.0,-10.615384615384615,-11.115384615384615,-26.276510477266907,4.045741246497677,-1.4369482775076003,-867.0,0.6666666666666666,0.5528623001547189,1167.0,31.333333333333332
16:00,2025,25.0,Short,74,58,0.7837837837837838,0.6772627489549432,0.8622954839405594,13.75,16.925675675675677,7.324071917226427,7.5,10.777027027027026,10.277027027027026,-1.7629070086234186,22.31696106267747,1.672982836978792,760.5,0.8243243243243243,1.7992643194955333,491.5,21.95945945945946
16:00,2025,25.0,Long,86,69,0.8023255813953488,0.706040886365627,0.8727564823269892,14.625,19.16860465116279,8.607622565069168,10.0,-1.186046511627907,-1.686046511627907,-25.762696839984912,22.390603816729097,-0.13725291600153355,-145.0,0.813953488372093,0.9436893203883495,939.5,44.86918604651163
16:00,2026,25.0,Long,53,45,0.8490566037735849,0.7294575061422911,0.9214758218932962,19.75,25.42452830188679,9.379415252562435,15.0,3.7452830188679247,3.2452830188679247,-31.565237373106065,38.05580341084191,0.18272171214823263,172.0,0.8490566037735849,1.0918067787563384,969.5,51.443396226415096
16:00,2026,25.0,Short,48,35,0.7291666666666666,0.590030349020167,0.8343404243867794,17.625,22.369791666666668,8.316816352634394,5.0,-7.979166666666667,-8.479166666666666,-33.4242916484249,16.46595831509157,-0.6662168030354483,-407.0,0.75,0.7444270015698587,963.0,43.817708333333336
17:00,2020,25.0,Long,88,83,0.9431818181818182,0.8738006727143681,0.9754889721813438,2.75,4.380681818181818,4.546911396876388,5.0,0.1590909090909091,-0.3409090909090909,-9.196933577058415,8.515115395240231,-0.07544802371533091,-30.0,0.8409090909090909,0.9549211119459053,351.5,17.923295454545453
17:00,2020,25.0,Short,94,89,0.9468085106382979,0.8814635096204768,0.9770682514595697,3.75,5.1861702127659575,4.974508937737398,5.0,2.7606382978723403,2.2606382978723403,-4.168092548371078,8.689369144115759,0.6892137479110906,212.5,0.925531914893617,1.3535773710482528,489.0,19.00531914893617
17:00,2021,25.0,Long,62,61,0.9838709677419355,0.9141327965227978,0.997147132862919,1.625,2.560483870967742,1.766404953477016,5.0,5.032258064516129,4.532258064516129,3.1460114660459024,5.918504662986356,6.407995990730706,281.0,0.8709677419354839,inf,0.0,9.46774193548387
17:00,2021,25.0,Short,126,118,0.9365079365079365,0.8797075704176655,0.967479460194525,3.25,4.271825396825397,3.057258499340776,5.0,2.5912698412698414,2.0912698412698414,-2.475086434358144,6.657626116897827,0.8976114336612766,263.5,0.8809523809523809,1.4189189189189189,203.0,12.089285714285714
17:00,2022,25.0,Short,93,87,0.9354838709677419,0.8663200576778366,0.9700985685562665,2.5,5.14247311827957,4.019354124295731,5.0,-7.93010752688172,-8.43010752688172,-25.17211624588646,8.31190119212302,-0.9869011267483934,-784.0,0.8387096774193549,0.4657580919931857,945.0,22.70967741935484
17:00,2022,25.0,Long,82,66,0.8048780487804879,0.7062981057659927,0.8761710257190793,3.25,4.621951219512195,3.665719330584357,5.0,-19.9390243902439,-20.4390243902439,-37.85021215305423,-3.027836627433569,-2.300805237742952,-1676.0,0.7682926829268293,0.2058753849798626,1758.0,26.423780487804876
17:00,2023,25.0,Long,98,87,0.8877551020408163,0.8101006655770652,0.9361573008232768,2.5,4.4438775510204085,3.1565761834898236,5.0,-2.0051020408163267,-2.5051020408163267,-8.84626491176293,3.8360608301302768,-0.7742917058355866,-245.5,0.7551020408163265,0.6892405063291139,414.5,14.979591836734693
17:00,2023,25.0,Short,85,79,0.9294117647058824,0.8544394056732505,0.9672490370788851,2.0,3.7705882352941176,2.707537054262116,5.0,-2.5647058823529414,-3.0647058823529414,-10.370210420000785,4.240798655294903,-0.8222174346816551,-260.5,0.8470588235294118,0.623826714801444,425.5,10.66470588235294
17:00,2024,25.0,Short,107,93,0.8691588785046729,0.7922948270235782,0.9204348753579455,4.5,6.595794392523365,3.4302986060165517,5.0,-4.042056074766355,-4.542056074766355,-15.424153866327899,6.340041716795188,-0.8180652814410999,-486.0,0.8037383177570093,0.6680327868852459,1101.0,18.35981308411215
17:00,2024,25.0,Long,70,63,0.9,0.8076708506230581,0.9507106988263228,2.75,4.9714285714285715,2.6846945402072517,5.0,0.007142857142857143,-0.4928571428571429,-8.875094942590994,7.8893806568767095,-0.11524157154948868,-34.5,0.8285714285714286,0.9420168067226891,248.5,17.014285714285716
17:00,2025,25.0,Short,100,91,0.91,0.8377378707781101,0.9519274602313131,5.5,8.21,3.686042277586915,5.0,0.49,-0.01,-10.71755941694298,10.69755941694298,-0.0018304488667124968,-1.0,0.88,0.999194847020934,914.5,23.6075
17:00,2025,25.0,Long,73,64,0.8767123287671232,0.7819969555638793,0.9337624899323795,5.5,10.462328767123287,4.8245828407994615,5.0,-4.938356164383562,-5.438356164383562,-25.802206889247934,14.925494560480812,-0.5234266566467798,-397.0,0.863013698630137,0.7536456717344089,1061.5,38.93835616438356
17:00,2026,25.0,Short,69,60,0.8695652173913043,0.7703169996813442,0.9298337219442439,9.0,11.416666666666666,4.155155008592988,5.0,-8.391304347826088,-8.891304347826088,-27.84511036080678,10.0625016651546,-0.9194267590819395,-613.5,0.8405797101449275,0.6392237577183182,1078.5,43.14492753623188
17:00,2026,25.0,Long,41,38,0.926829268292683,0.8057255133716131,0.9748021695624273,13.25,19.414634146341463,7.060674702772565,5.0,8.914634146341463,8.414634146341463,-23.932374375263123,40.76164266794605,0.5098579668962194,345.0,0.8780487804878049,1.3490136570561457,445.5,41.8780487804878
16:00,2020,40.0,All,167,125,0.7485029940119761,0.6776156770829611,0.8082148733203227,12.75,14.173652694610778,13.778586773775137,20.0,-2.2395209580838324,-2.7395209580838324,-11.924027084699897,6.444985168532232,-0.5846109067889649,-457.5,0.7485029940119761,0.8704699886749717,1160.5,27.022455089820358
16:00,2021,40.0,All,189,131,0.6931216931216931,0.6240678536902318,0.7544814500927028,11.0,13.902116402116402,9.771229113925274,20.0,-2.753968253968254,-3.253968253968254,-10.523425802396002,4.015489294459495,-0.8773227702939137,-615.0,0.7195767195767195,0.8201228429365311,996.5,22.892857142857142
16:00,2022,40.0,All,172,133,0.7732558139534884,0.7051094705328187,0.8294629823916984,13.875,16.742732558139537,13.243365198016035,20.0,5.744186046511628,5.244186046511628,-4.508542474146741,14.996914567169998,1.0539015659764577,902.0,0.7965116279069767,1.2962719658400395,531.0,25.53343023255814
16:00,2023,40.0,All,187,116,0.6203208556149733,0.5490024669591018,0.6867953531989917,11.0,12.807486631016042,8.963605086712757,10.0,-4.815508021390374,-5.315508021390374,-11.49668441660268,0.865668373821932,-1.6854727478261082,-994.0,0.6844919786096256,0.693304535637149,1063.5,19.93582887700535
16:00,2024,40.0,All,182,114,0.6263736263736264,0.554159941178907,0.693362868192612,13.25,18.998626373626372,9.871997371185513,20.0,-13.093406593406593,-13.593406593406593,-24.936415401742543,-2.2503977850706427,-2.3488113260442844,-2474.0,0.6648351648351648,0.5489927991978854,2979.5,30.53021978021978
16:00,2025,40.0,All,176,132,0.75,0.68114959514703,0.8081702788542381,16.0,22.509943181818183,10.107164518797914,10.0,2.8579545454545454,2.3579545454545454,-11.505148449121002,16.221057540030092,0.33336735827005026,415.0,0.7840909090909091,1.0932165318957772,953.0,36.56534090909091
16:00,2026,40.0,All,110,86,0.7818181818181819,0.6958466157166329,0.8487704386435738,21.375,29.602272727272727,10.875490087857305,7.5,3.0954545454545452,2.5954545454545452,-19.75215932281837,24.943068413727456,0.22763045319792838,285.5,0.7909090909090909,1.070861255894763,1188.0,51.31363636363636
17:00,2020,40.0,All,185,173,0.9351351351351351,0.8900583929898283,0.9625086277998338,3.25,5.178378378378379,5.184820701145768,5.0,-0.12702702702702703,-0.6270270270270271,-6.858029956138981,5.603975902084927,-0.1972315554945744,-116.0,0.8756756756756757,0.9285714285714286,664.0,20.064864864864866
17:00,2021,40.0,All,188,179,0.9521276595744681,0.9115356980782795,0.974612692323554,2.75,3.7074468085106385,2.6315514788963434,5.0,3.396276595744681,2.896276595744681,-0.19813310477063562,5.990686296259998,1.8344687391449155,544.5,0.8776595744680851,1.8656597774244834,180.0,11.224734042553191
17:00,2022,40.0,All,176,153,0.8693181818181818,0.8115411387143482,0.9113177660602524,3.0,5.146306818181818,4.046820235851081,5.0,-15.798295454545455,-16.298295454545453,-29.077820797331363,-3.518770111759544,-2.499629015588226,-2868.5,0.8011363636363636,0.2804465069609934,3111.5,25.553977272727273
17:00,2023,40.0,All,185,166,0.8972972972972973,0.8451704709932211,0.9332602871190792,2.25,4.527027027027027,3.2302883961547244,5.0,-2.156756756756757,-2.656756756756757,-7.441073235555798,2.127559722042285,-1.0883785851280259,-491.5,0.7945945945945946,0.6765383349786114,740.0,13.047297297297296
17:00,2024,40.0,All,182,157,0.8626373626373627,0.8050860829676563,0.9051967613158329,3.75,7.512362637362638,3.9425024096161327,5.0,-2.4368131868131866,-2.9368131868131866,-10.483897108385072,4.6102707347587,-0.7626850556711798,-534.5,0.8076923076923077,0.7645892975115613,1154.5,18.9739010989011
17:00,2025,40.0,All,175,155,0.8857142857142857,0.8300698694945479,0.924788656288362,5.5,9.784285714285714,4.471649282120812,5.0,-2.8771428571428572,-3.3771428571428572,-13.92379261122303,7.169506896937316,-0.6276000983436874,-591.0,0.8628571428571429,0.8060068931560808,847.5,30.722857142857144
17:00,2026,40.0,All,111,99,0.8918918918918919,0.8204982029821065,0.9370679307773587,9.75,15.0990990990991,5.531569568588158,5.0,-0.26126126126126126,-0.7612612612612613,-17.844861212435628,16.322338689913106,-0.08733783692728651,-84.5,0.8558558558558559,0.9685756786909632,1197.5,44.612612612612615
16:00,2020,40.0,Short,107,71,0.6635514018691588,0.5697390186605497,0.7460273051793659,13.5,15.212616822429906,14.63368297606977,35.0,-9.33177570093458,-9.83177570093458,-22.460655755067116,2.797104353197957,-1.5258618616463036,-1052.0,0.6635514018691588,0.6418113721484509,1463.0,31.52102803738318
16:00,2020,40.0,Long,60,54,0.9,0.798505351773914,0.9533571657987043,11.375,12.320833333333333,12.253665213016376,10.0,10.408333333333333,9.908333333333333,-1.6390131629884888,21.455679829655153,1.6817696290242248,594.5,0.9,1.9991596638655462,232.0,19.0
16:00,2021,40.0,Long,64,46,0.71875,0.5986606961815428,0.8140662772904212,10.25,13.03125,9.170892825279616,5.0,-0.1953125,-0.6953125,-11.831066029301821,10.440441029301821,-0.122379456869628,-44.5,0.75,0.9564579256360078,312.0,23.72265625
16:00,2021,40.0,Short,125,85,0.68,0.5939075701762676,0.755358887924454,11.0,14.348,10.078601293711852,35.0,-4.064,-4.564,-13.98349660626467,4.855496606264669,-0.9496553871096173,-570.5,0.704,0.761994159365874,700.0,22.468
16:00,2022,40.0,Short,93,67,0.7204301075268817,0.6218757822224812,0.8014966088342872,16.25,17.881720430107528,14.11928395225444,25.0,6.301075268817204,5.801075268817204,-5.255581378151627,16.857731915786033,1.0283306293398455,539.5,0.7634408602150538,1.3202730780647076,619.5,25.091397849462364
16:00,2022,40.0,Long,79,66,0.8354430379746836,0.738543346859784,0.9012329283980431,12.0,15.401898734177216,12.212220335431583,7.5,5.0886075949367084,4.5886075949367084,-12.270075746746542,21.447290936619957,0.5334642993125095,362.5,0.8354430379746836,1.2665441176470589,669.0,26.053797468354432
16:00,2023,40.0,Long,89,53,0.5955056179775281,0.49164224691050085,0.6914656038799056,11.25,13.292134831460674,9.322623633670613,20.0,-3.1123595505617976,-3.6123595505617976,-12.858111322374526,5.633392221250932,-0.7657673328135625,-321.5,0.6966292134831461,0.7768136063866713,471.5,22.23314606741573
16:00,2023,40.0,Short,98,63,0.6428571428571429,0.544252487060087,0.7306846584558285,10.375,12.36734693877551,8.637557630802055,5.0,-6.362244897959184,-6.862244897959184,-15.178977273948554,1.4544874780301873,-1.6171919873258722,-672.5,0.673469387755102,0.6264926409330741,735.0,17.849489795918366
16:00,2024,40.0,Short,97,64,0.6597938144329897,0.5610358661463503,0.746377377810098,13.5,20.185567010309278,10.50028113995562,17.5,-10.005154639175258,-10.505154639175258,-25.542345505844416,4.532036227493899,-1.3692534124079563,-1019.0,0.6907216494845361,0.6257116620752985,1660.5,25.27061855670103
16:00,2024,40.0,Long,85,50,0.5882352941176471,0.4820101453133535,0.6868299456631127,12.75,17.644117647058824,9.155014717412566,25.0,-16.61764705882353,-17.11764705882353,-34.37023046358928,0.13493634594222215,-1.9446346795073228,-1455.0,0.6352941176470588,0.4733984799131379,1709.0,36.53235294117647
16:00,2025,40.0,Short,85,61,0.7176470588235294,0.6141607584684655,0.8023114659401512,16.25,23.673529411764704,10.512956120212419,10.0,5.794117647058823,5.294117647058823,-9.032372241084953,19.620607535202602,0.7242723152017253,450.0,0.7647058823529411,1.2666666666666666,491.5,26.67058823529412
16:00,2025,40.0,Long,91,71,0.7802197802197802,0.6847607613593407,0.8529787525786705,15.75,21.423076923076923,9.728128407586565,10.0,0.11538461538461539,-0.38461538461538464,-23.690197858292386,22.92096708906162,-0.03234556821498626,-35.0,0.8021978021978022,0.9873394827274371,875.5,45.80769230769231
16:00,2026,40.0,Long,55,47,0.8545454545454545,0.7383908696159521,0.9244071089093046,21.5,27.954545454545453,10.219058249958444,15.0,10.518181818181818,10.018181818181818,-24.78065577804238,44.81701941440601,0.5642509079447358,551.0,0.8545454545454545,1.294101948225247,854.0,50.513636363636365
16:00,2026,40.0,Short,55,39,0.7090909090909091,0.5785927939978976,0.8122880651323823,21.25,31.25,11.531921925756164,5.0,-4.327272727272727,-4.827272727272727,-33.06487513575171,23.410329681206257,-0.3350596352612217,-265.5,0.7272727272727273,0.8768267223382046,878.0,52.11363636363637
17:00,2020,40.0,Long,91,84,0.9230769230769231,0.8496407280427839,0.9622404988832333,3.0,5.170329670329671,5.402065819391778,5.0,-3.10989010989011,-3.60989010989011,-14.403778397906175,7.183998178125956,-0.6554871118312364,-328.5,0.8241758241758241,0.6788856304985337,528.5,21.15934065934066
17:00,2020,40.0,Short,94,89,0.9468085106382979,0.8814635096204768,0.9770682514595697,3.75,5.1861702127659575,4.974508937737398,5.0,2.7606382978723403,2.2606382978723403,-4.168092548371078,8.689369144115759,0.6892137479110906,212.5,0.925531914893617,1.3535773710482528,489.0,19.00531914893617
17:00,2021,40.0,Long,62,61,0.9838709677419355,0.9141327965227978,0.997147132862919,1.625,2.560483870967742,1.766404953477016,5.0,5.032258064516129,4.532258064516129,3.1460114660459024,5.918504662986356,6.407995990730706,281.0,0.8709677419354839,inf,0.0,9.46774193548387
17:00,2021,40.0,Short,126,118,0.9365079365079365,0.8797075704176655,0.967479460194525,3.25,4.271825396825397,3.057258499340776,5.0,2.5912698412698414,2.0912698412698414,-2.475086434358144,6.657626116897827,0.8976114336612766,263.5,0.8809523809523809,1.4189189189189189,203.0,12.089285714285714
17:00,2022,40.0,Short,94,87,0.925531914893617,0.8541878769337353,0.9634614193329755,2.5,5.6037234042553195,4.379269961722055,5.0,-12.186170212765957,-12.686170212765957,-31.2311314986829,5.858791073150988,-1.340765102258568,-1192.5,0.8297872340425532,0.36433901918976547,1353.5,24.795212765957448
17:00,2022,40.0,Long,82,66,0.8048780487804879,0.7062981057659927,0.8761710257190793,3.25,4.621951219512195,3.665719330584357,5.0,-19.9390243902439,-20.4390243902439,-37.85021215305423,-3.027836627433569,-2.300805237742952,-1676.0,0.7682926829268293,0.2058753849798626,1758.0,26.423780487804876
17:00,2023,40.0,Long,100,87,0.87,0.7901964848675458,0.922428326043397,2.5,5.17,3.6746270367634413,5.0,-1.81,-2.31,-8.650503811869768,4.030503811869767,-0.7140626319826893,-231.0,0.75,0.720677146311971,414.5,15.0725
17:00,2023,40.0,Short,85,79,0.9294117647058824,0.8544394056732505,0.9672490370788851,2.0,3.7705882352941176,2.707537054262116,5.0,-2.5647058823529414,-3.0647058823529414,-10.370210420000785,4.240798655294903,-0.8222174346816551,-260.5,0.8470588235294118,0.623826714801444,425.5,10.66470588235294
17:00,2024,40.0,Short,108,93,0.8611111111111112,0.7834258818756219,0.9139899134850775,4.5,7.171296296296297,3.6928142404553426,5.0,-4.328703703703703,-4.828703703703703,-15.624199479215136,5.96679207180773,-0.876669828114269,-521.5,0.7962962962962963,0.652217405801934,1101.0,18.82175925925926
17:00,2024,40.0,Long,74,64,0.8648648648648649,0.7688082135883073,0.9249095144201963,2.75,8.010135135135135,4.3069121700129624,5.0,0.32432432432432434,-0.17567567567567569,-10.042487303166961,9.69113595181561,-0.03489658189486947,-13.0,0.8243243243243243,0.9831387808041504,248.5,19.195945945945947
17:00,2025,40.0,Short,102,91,0.8921568627450981,0.8171406771986898,0.9387068030379737,5.5,9.299019607843137,4.219059578360603,5.0,-1.4019607843137254,-1.9019607843137254,-12.71878979543936,8.914868226811908,-0.3446273083204393,-194.0,0.8627450980392157,0.864808362369338,1016.0,24.84313725490196
17:00,2025,40.0,Long,73,64,0.8767123287671232,0.7819969555638793,0.9337624899323795,5.5,10.462328767123287,4.8245828407994615,5.0,-4.938356164383562,-5.438356164383562,-25.802206889247934,14.925494560480812,-0.5234266566467798,-397.0,0.863013698630137,0.7536456717344089,1061.5,38.93835616438356
17:00,2026,40.0,Short,70,61,0.8714285714285714,0.7733524395924436,0.9308589991819813,9.125,12.571428571428571,4.635950847137293,5.0,-5.635714285714286,-6.135714285714286,-25.581840608539515,13.310412037110943,-0.6184151493539486,-429.5,0.8428571428571429,0.7474272272860923,1078.5,46.214285714285715
17:00,2026,40.0,Long,41,38,0.926829268292683,0.8057255133716131,0.9748021695624273,13.25,19.414634146341463,7.060674702772565,5.0,8.914634146341463,8.414634146341463,-23.932374375263123,40.76164266794605,0.5098579668962194,345.0,0.8780487804878049,1.3490136570561457,445.5,41.8780487804878
16:00,2020,60.0,All,183,131,0.7158469945355191,0.646587860947189,0.7762305032050104,14.25,17.266393442622952,16.898783258024835,20.0,-3.7459016393442623,-4.245901639344262,-14.215038941387828,5.723235662699303,-0.8347577236146457,-777.0,0.73224043715847,0.8291368884002199,1162.5,30.474043715846996
16:00,2021,60.0,All,198,133,0.6717171717171717,0.6035837834420869,0.7333142967486194,11.625,16.579545454545453,11.606515006489222,20.0,-3.042929292929293,-3.542929292929293,-11.311982960337648,4.226124374479063,-0.8938043378201159,-701.5,0.7070707070707071,0.8172463201771525,1163.5,24.142676767676768
16:00,2022,60.0,All,181,136,0.7513812154696132,0.6836300132892651,0.8086837811957676,14.75,18.959944751381215,14.985282993043628,20.0,4.038674033149171,3.5386740331491713,-6.665094210873315,13.742442277171657,0.6797168993690346,640.5,0.7734806629834254,1.1742146062831498,627.5,26.9585635359116
16:00,2023,60.0,All,190,117,0.6157894736842106,0.5449824026405812,0.6820072220451501,11.0,13.605263157894736,9.596052020463974,10.0,-3.931578947368421,-4.431578947368421,-10.71770836402754,1.8545504692906976,-1.3817302547067503,-842.0,0.6842105263157895,0.7429007633587786,1012.0,19.806578947368422
16:00,2024,60.0,All,189,115,0.6084656084656085,0.5373819094509095,0.6752279734956702,13.5,21.664021164021165,11.323575213954102,20.0,-13.39153439153439,-13.89153439153439,-25.286094704092946,-2.4969740789758337,-2.3894653734169164,-2625.5,0.6507936507936508,0.5571018893387314,3089.5,31.993386243386244
16:00,2025,60.0,All,184,135,0.7336956521739131,0.6655240488348377,0.7923088519112462,17.0,25.918478260869566,11.743871882719501,10.0,5.184782608695652,4.684782608695652,-9.47139369934334,18.840958916734643,0.6486218496484322,862.0,0.7771739130434783,1.1793964620187305,674.0,37.23097826086956
16:00,2026,60.0,All,117,90,0.7692307692307693,0.6850658311948343,0.8362784208791634,25.5,36.297008547008545,13.254903327796487,10.0,9.833333333333334,9.333333333333334,-14.779413463368899,33.44608013003557,0.7586442758912546,1092.0,0.7948717948717948,1.2437227987947774,1290.0,55.09188034188034
17:00,2020,60.0,All,189,173,0.9153439153439153,0.8669195785137005,0.9472207049646657,3.5,5.978835978835979,6.0336832977968164,5.0,-3.082010582010582,-3.582010582010582,-10.782766197080454,3.6187450330592896,-0.9749826495523505,-677.0,0.8624338624338624,0.6928312159709619,1158.5,22.641534391534393
17:00,2021,60.0,All,188,179,0.9521276595744681,0.9115356980782795,0.974612692323554,2.75,3.7074468085106385,2.6315514788963434,5.0,3.396276595744681,2.896276595744681,-0.19813310477063562,5.990686296259998,1.8344687391449155,544.5,0.8776595744680851,1.8656597774244834,180.0,11.224734042553191
17:00,2022,60.0,All,179,155,0.8659217877094972,0.8082501937948611,0.9082175088887386,3.0,6.023743016759776,4.776529742368131,5.0,-14.606145251396647,-15.106145251396647,-27.824426982523825,-2.3878635202694696,-2.3279481849380583,-2704.0,0.7988826815642458,0.33044447195740995,2977.0,26.36731843575419
17:00,2023,60.0,All,186,167,0.8978494623655914,0.8459732840604461,0.933624601839395,2.25,4.865591397849462,3.4993032190492985,5.0,-1.4193548387096775,-1.9193548387096775,-6.892522472869013,3.0538127954496574,-0.7564326529549372,-357.0,0.7956989247311828,0.7650542941757157,740.0,13.095430107526882
17:00,2024,60.0,All,182,157,0.8626373626373627,0.8050860829676563,0.9051967613158329,3.75,7.512362637362638,3.9425024096161327,5.0,-2.4368131868131866,-2.9368131868131866,-10.483897108385072,4.6102707347587,-0.7626850556711798,-534.5,0.8076923076923077,0.7645892975115613,1154.5,18.9739010989011
17:00,2025,60.0,All,178,157,0.8820224719101124,0.8263768529983831,0.9215273974221948,5.5,11.383426966292134,5.227415660859575,5.0,-1.2780898876404494,-1.7780898876404494,-12.697635433858363,9.141455658577463,-0.31915175899846726,-316.5,0.8595505617977528,0.900094696969697,907.0,31.97050561797753
17:00,2026,60.0,All,111,99,0.8918918918918919,0.8204982029821065,0.9370679307773587,9.75,15.0990990990991,5.531569568588158,5.0,-0.26126126126126126,-0.7612612612612613,-17.844861212435628,16.322338689913106,-0.08733783692728651,-84.5,0.8558558558558559,0.9685756786909632,1197.5,44.612612612612615
16:00,2020,60.0,Short,114,72,0.631578947368421,0.5400907414309329,0.7144885915542397,14.625,17.50877192982456,16.635044832627514,35.0,-11.74561403508772,-12.24561403508772,-25.129423270534687,0.638195200359247,-1.8628778358991298,-1396.0,0.6491228070175439,0.5933585785027673,1604.5,33.03728070175438
16:00,2020,60.0,Long,69,59,0.855072463768116,0.7533647830164287,0.9193290475650187,13.5,16.865942028985508,17.334525004333454,15.0,9.471014492753623,8.971014492753623,-6.322572131233823,24.26460111674107,1.1496888128058373,619.0,0.8695652173913043,1.5554060116644235,492.0,26.23913043478261
16:00,2021,60.0,Long,69,48,0.6956521739130435,0.5791642973664105,0.791503731729489,12.25,17.471014492753625,12.171990257266934,7.5,4.159420289855072,3.6594202898550723,-8.165115389659816,15.48395596936996,0.6065635237932453,252.5,0.7391304347826086,1.2407054337464252,226.5,24.713768115942027
16:00,2021,60.0,Short,129,85,0.6589147286821705,0.5735712854960489,0.7350673002683292,11.5,16.102713178294575,11.304051500259279,35.0,-6.895348837209302,-7.395348837209302,-17.47375322182348,2.6830555474048756,-1.438185742030729,-954.0,0.689922480620155,0.6580032263846568,1060.5,23.837209302325583
16:00,2022,60.0,Short,97,67,0.6907216494845361,0.5929541636390493,0.7739584178573568,17.25,19.641752577319586,15.489763078439205,25.0,1.6958762886597938,1.1958762886597938,-10.988133738003496,13.379886315323082,0.1923729928896568,116.0,0.7319587628865979,1.0550284629981024,619.5,27.61082474226804
16:00,2022,60.0,Long,84,69,0.8214285714285714,0.7260557746402734,0.8886881138119045,13.25,18.172619047619047,14.402728608717783,10.0,6.744047619047619,6.244047619047619,-10.7155999402337,23.203695178328935,0.7216015842806611,524.5,0.8214285714285714,1.3343959196684732,669.0,26.205357142857142
16:00,2023,60.0,Long,91,53,0.5824175824175825,0.4797716610756936,0.6783870194943099,11.5,14.346153846153847,10.110689574193545,20.0,-2.840659340659341,-3.340659340659341,-12.484066248234523,5.802747566915841,-0.716097632987489,-304.0,0.6923076923076923,0.7938284164123431,493.0,22.093406593406595
16:00,2023,60.0,Short,99,64,0.6464646464646465,0.5484359714526631,0.7335514713107955,10.75,12.924242424242424,9.123001339763057,7.5,-4.934343434343434,-5.434343434343434,-14.129345664724445,3.2606587960375766,-1.2249700704772295,-538.0,0.6767676767676768,0.7011941127464593,735.0,17.704545454545453
16:00,2024,60.0,Short,102,64,0.6274509803921569,0.530600191226302,0.7150502398506137,15.125,23.644607843137255,12.342789114466875,17.5,-13.82843137254902,-14.32843137254902,-29.20343765773579,0.5465749126377535,-1.8879460706267561,-1461.5,0.6568627450980392,0.5382306477093207,2061.5,27.32843137254902
16:00,2024,60.0,Long,87,51,0.5862068965517241,0.4812159664403297,0.683906877079838,13.25,19.341954022988507,10.128634778870163,25.0,-12.879310344827585,-13.379310344827585,-31.040206419175313,4.28158572952014,-1.484803857646739,-1164.0,0.6436781609195402,0.5787187839305103,1418.0,37.46264367816092
16:00,2025,60.0,Short,89,61,0.6853932584269663,0.5829550293385214,0.772489622195797,17.25,26.98876404494382,12.230101487135295,10.0,3.606741573033708,3.106741573033708,-12.048101830012072,18.261584976079487,0.40179244869172764,276.5,0.7528089887640449,1.1361063253753385,601.5,29.1123595505618
16:00,2025,60.0,Long,95,74,0.7789473684210526,0.6855857682759545,0.8506264709995759,17.0,24.91578947368421,11.288351516477341,12.5,6.663157894736842,6.163157894736842,-17.37437982926563,29.700695618739314,0.513204386186998,585.5,0.8,1.2111051018568595,815.5,44.83684210526316
16:00,2026,60.0,Long,59,49,0.8305084745762712,0.7153677916009589,0.9052416069438587,25.5,35.73728813559322,12.89085386461755,15.0,22.76271186440678,22.26271186440678,-12.728340251227717,57.25376398004127,1.2470077679405882,1313.5,0.864406779661017,1.7010942087002936,815.0,51.46610169491525
16:00,2026,60.0,Short,58,41,0.7068965517241379,0.579870989986657,0.8082181727555695,24.75,36.866379310344826,13.625229505857812,5.0,-3.3189655172413794,-3.8189655172413794,-36.931624241648564,29.293693207165802,-0.22604753648239365,-221.5,0.7241379310344828,0.915036440352896,987.0,58.7801724137931
17:00,2020,60.0,Long,92,84,0.9130434782608695,0.8376974318662601,0.9552788112659468,3.0,5.682065217391305,5.824607591151501,5.0,-5.358695652173913,-5.858695652173913,-17.408673324532167,5.6912820201843415,-0.9941865595721837,-539.0,0.8152173913043478,0.5630320226996351,739.0,22.73913043478261
17:00,2020,60.0,Short,97,89,0.9175257731958762,0.8456237610352113,0.9576172957542182,4.0,6.260309278350515,6.231981906161446,5.0,-0.9226804123711341,-1.422680412371134,-10.227764951435919,7.38240412669365,-0.3166809335426031,-138.0,0.9072164948453608,0.8578052550231839,507.0,22.548969072164947
17:00,2021,60.0,Long,62,61,0.9838709677419355,0.9141327965227978,0.997147132862919,1.625,2.560483870967742,1.766404953477016,5.0,5.032258064516129,4.532258064516129,3.1460114660459024,5.918504662986356,6.407995990730706,281.0,0.8709677419354839,inf,0.0,9.46774193548387
17:00,2021,60.0,Short,126,118,0.9365079365079365,0.8797075704176655,0.967479460194525,3.25,4.271825396825397,3.057258499340776,5.0,2.5912698412698414,2.0912698412698414,-2.475086434358144,6.657626116897827,0.8976114336612766,263.5,0.8809523809523809,1.4189189189189189,203.0,12.089285714285714
17:00,2022,60.0,Short,94,87,0.925531914893617,0.8541878769337353,0.9634614193329755,2.5,5.6037234042553195,4.379269961722055,5.0,-12.186170212765957,-12.686170212765957,-31.2311314986829,5.858791073150988,-1.340765102258568,-1192.5,0.8297872340425532,0.36433901918976547,1353.5,24.795212765957448
17:00,2022,60.0,Long,85,68,0.8,0.7028462903055149,0.8712100190144704,3.75,6.488235294117647,5.215852323317911,5.0,-17.28235294117647,-17.78235294117647,-35.10635622036361,-0.4583496619893346,-2.0118197300200085,-1511.5,0.7647058823529411,0.3010404624277457,1693.0,28.105882352941176
17:00,2023,60.0,Long,100,87,0.87,0.7901964848675458,0.922428326043397,2.5,5.17,3.6746270367634413,5.0,-1.81,-2.31,-8.650503811869768,4.030503811869767,-0.7140626319826893,-231.0,0.75,0.720677146311971,414.5,15.0725
17:00,2023,60.0,Short,86,80,0.9302325581395349,0.8560385928447278,0.9676345856793798,2.0,4.511627906976744,3.2954383147305273,5.0,-0.9651162790697675,-1.4651162790697674,-9.336476710988038,6.406244152848502,-0.3648130698152883,-126.0,0.8488372093023255,0.8180505415162455,425.5,10.796511627906977
17:00,2024,60.0,Short,108,93,0.8611111111111112,0.7834258818756219,0.9139899134850775,4.5,7.171296296296297,3.6928142404553426,5.0,-4.328703703703703,-4.828703703703703,-15.624199479215136,5.96679207180773,-0.876669828114269,-521.5,0.7962962962962963,0.652217405801934,1101.0,18.82175925925926
17:00,2024,60.0,Long,74,64,0.8648648648648649,0.7688082135883073,0.9249095144201963,2.75,8.010135135135135,4.3069121700129624,5.0,0.32432432432432434,-0.17567567567567569,-10.042487303166961,9.69113595181561,-0.03489658189486947,-13.0,0.8243243243243243,0.9831387808041504,248.5,19.195945945945947
17:00,2025,60.0,Short,102,91,0.8921568627450981,0.8171406771986898,0.9387068030379737,5.5,9.299019607843137,4.219059578360603,5.0,-1.4019607843137254,-1.9019607843137254,-12.71878979543936,8.914868226811908,-0.3446273083204393,-194.0,0.8627450980392157,0.864808362369338,1016.0,24.84313725490196
17:00,2025,60.0,Long,76,66,0.868421052631579,0.7744588047616516,0.926931184657978,5.875,14.180921052631579,6.58073566631872,5.0,-1.111842105263158,-1.611842105263158,-22.76822414175395,19.544539931227636,-0.14932385388725986,-122.5,0.8552631578947368,0.9293133294864397,1183.0,41.536184210526315
17:00,2026,60.0,Short,70,61,0.8714285714285714,0.7733524395924436,0.9308589991819813,9.125,12.571428571428571,4.635950847137293,5.0,-5.635714285714286,-6.135714285714286,-25.581840608539515,13.310412037110943,-0.6184151493539486,-429.5,0.8428571428571429,0.7474272272860923,1078.5,46.214285714285715
17:00,2026,60.0,Long,41,38,0.926829268292683,0.8057255133716131,0.9748021695624273,13.25,19.414634146341463,7.060674702772565,5.0,8.914634146341463,8.414634146341463,-23.932374375263123,40.76164266794605,0.5098579668962194,345.0,0.8780487804878049,1.3490136570561457,445.5,41.8780487804878
16:00,2020,100.0,All,189,132,0.6984126984126984,0.629564330646579,0.7593561869386276,14.5,19.167989417989418,18.93597770517568,20.0,-3.8306878306878307,-4.330687830687831,-14.488141360035566,5.826765698659905,-0.8356417500569459,-818.5,0.7195767195767195,0.8316709511568123,1174.5,31.072751322751323
16:00,2021,100.0,All,199,133,0.6683417085427136,0.6002842606703135,0.7300229672973614,11.75,17.12437185929648,11.965976446338093,20.0,-3.698492462311558,-4.198492462311558,-12.03446700422641,3.637482079603296,-1.0501430340776912,-835.5,0.7035175879396985,0.7896790434235368,1297.5,24.47110552763819
16:00,2022,100.0,All,187,136,0.7272727272727273,0.659345994274643,0.7860498882462,15.25,21.65909090909091,16.951095763862195,20.0,1.3155080213903743,0.8155080213903744,-9.52238599760519,11.15340204038594,0.15461237663100574,152.5,0.7540106951871658,1.0362060778727444,847.0,28.5975935828877
16:00,2023,100.0,All,196,117,0.5969387755102041,0.527042515997829,0.6631082175522681,11.25,16.380102040816325,11.729527412814887,10.0,-5.989795918367347,-6.489795918367347,-12.93876621072778,-0.04082562600691375,-1.9723716796175979,-1272.0,0.6683673469387755,0.6584317937701396,1351.0,20.908163265306122
16:00,2024,100.0,All,195,116,0.5948717948717949,0.5247800650012027,0.6612978294588665,14.0,25.773076923076925,13.6236468680478,22.5,-14.497435897435897,-14.997435897435897,-27.386206655866403,-2.6086651390053923,-2.372667557132677,-2924.5,0.6461538461538462,0.5569275054920082,3388.5,33.784615384615385
16:00,2025,100.0,All,191,135,0.7068062827225131,0.638679284017045,0.7667785710697899,18.0,31.706806282722514,14.443772749745571,10.0,-2.154450261780105,-2.654450261780105,-18.885764410378094,13.576863886817883,-0.3205302358915263,-507.0,0.7591623036649214,0.9218918502541982,1606.5,41.090314136125656
16:00,2026,100.0,All,119,90,0.7563025210084033,0.6719468714814082,0.8246281493260655,25.75,39.325630252100844,14.520969129389336,10.0,11.126050420168067,10.626050420168067,-13.146812694793887,34.39891353513002,0.8760693310267107,1264.5,0.7983193277310925,1.2822229661868094,1290.0,56.19117647058823
17:00,2020,100.0,All,190,173,0.9105263157894737,0.8613945321269766,0.9433868644860709,3.5,6.255263157894737,6.355859577706997,5.0,-3.9157894736842107,-4.41578947368421,-11.76259938507561,2.93102043770719,-1.1780335280732592,-839.0,0.8578947368421053,0.6453930684699916,1320.5,23.057894736842105
17:00,2021,100.0,All,188,179,0.9521276595744681,0.9115356980782795,0.974612692323554,2.75,3.7074468085106385,2.6315514788963434,5.0,3.396276595744681,2.896276595744681,-0.19813310477063562,5.990686296259998,1.8344687391449155,544.5,0.8776595744680851,1.8656597774244834,180.0,11.224734042553191
17:00,2022,100.0,All,179,155,0.8659217877094972,0.8082501937948611,0.9082175088887386,3.0,6.023743016759776,4.776529742368131,5.0,-14.606145251396647,-15.106145251396647,-27.824426982523825,-2.3878635202694696,-2.3279481849380583,-2704.0,0.7988826815642458,0.33044447195740995,2977.0,26.36731843575419
17:00,2023,100.0,All,186,167,0.8978494623655914,0.8459732840604461,0.933624601839395,2.25,4.865591397849462,3.4993032190492985,5.0,-1.4193548387096775,-1.9193548387096775,-6.892522472869013,3.0538127954496574,-0.7564326529549372,-357.0,0.7956989247311828,0.7650542941757157,740.0,13.095430107526882
17:00,2024,100.0,All,182,157,0.8626373626373627,0.8050860829676563,0.9051967613158329,3.75,7.512362637362638,3.9425024096161327,5.0,-2.4368131868131866,-2.9368131868131866,-10.483897108385072,4.6102707347587,-0.7626850556711798,-534.5,0.8076923076923077,0.7645892975115613,1154.5,18.9739010989011
17:00,2025,100.0,All,179,157,0.8770949720670391,0.8209269764964463,0.9174176026049733,5.5,12.046089385474861,5.581663638118934,5.0,-2.793296089385475,-3.293296089385475,-14.550455435931264,7.963863257160314,-0.5733899270526824,-589.5,0.8547486033519553,0.8286835222319093,907.0,32.75977653631285
17:00,2026,100.0,All,111,99,0.8918918918918919,0.8204982029821065,0.9370679307773587,9.75,15.0990990990991,5.531569568588158,5.0,-0.26126126126126126,-0.7612612612612613,-17.844861212435628,16.322338689913106,-0.08733783692728651,-84.5,0.8558558558558559,0.9685756786909632,1197.5,44.612612612612615
16:00,2020,100.0,Short,116,72,0.6206896551724138,0.5298630440255333,0.7037789715288189,14.75,18.38146551724138,17.678232202400608,35.0,-12.02155172413793,-12.52155172413793,-25.18802012511946,0.1449166768436001,-1.9375401119341615,-1452.5,0.6379310344827587,0.5837512537612839,1631.5,33.05172413793103
16:00,2020,100.0,Long,73,60,0.821917808219178,0.7187827104929991,0.8928662702038037,14.25,20.41780821917808,20.934586997256613,17.5,9.184931506849315,8.684931506849315,-7.914875721382918,25.284738735081547,1.0254428176093437,634.0,0.8493150684931506,1.4617625637290605,492.0,27.92808219178082
16:00,2021,100.0,Long,70,48,0.6857142857142857,0.5697286191959208,0.7823771001912918,12.5,19.007142857142856,13.185809561254764,7.5,2.192857142857143,1.6928571428571428,-10.58236759011822,13.968081875832507,0.27029558556510674,118.5,0.7285714285714285,1.1001690617075233,281.5,25.639285714285716
16:00,2021,100.0,Short,129,85,0.6589147286821705,0.5735712854960489,0.7350673002683292,11.5,16.102713178294575,11.304051500259279,35.0,-6.895348837209302,-7.395348837209302,-17.47375322182348,2.6830555474048756,-1.438185742030729,-954.0,0.689922480620155,0.6580032263846568,1060.5,23.837209302325583
16:00,2022,100.0,Short,99,67,0.6767676767676768,0.5795296781431056,0.7607999941576202,17.25,21.46212121212121,16.787643391582755,25.0,-0.3787878787878788,-0.8787878787878788,-13.301642720264386,11.544066962688628,-0.13864708459041228,-87.0,0.7171717171717171,0.9623539593249676,683.0,28.414141414141415
16:00,2022,100.0,Long,88,69,0.7840909090909091,0.6872246855096596,0.857191753526053,13.75,21.880681818181817,17.13497968267656,10.0,3.221590909090909,2.721590909090909,-14.297745314780155,19.740927132961975,0.3134211660419375,239.5,0.7954545454545454,1.125986322987901,855.0,28.803977272727273
16:00,2023,100.0,Long,92,53,0.5760869565217391,0.47405441944005067,0.6720201516632507,11.75,15.445652173913043,10.977402818510374,20.0,-4.625,-5.125,-14.821141979142771,4.571141979142771,-1.0359600263287456,-471.5,0.6847826086956522,0.7128501827040195,660.5,23.160326086956523
16:00,2023,100.0,Short,104,64,0.6153846153846154,0.519361547519688,0.7031873705769918,11.125,17.20673076923077,12.394868400084267,7.5,-7.197115384615385,-7.697115384615385,-16.345526930946498,0.9512961617157298,-1.7443745567464604,-800.5,0.6538461538461539,0.6155139289145053,944.5,18.915865384615383
16:00,2024,100.0,Short,105,64,0.6095238095238096,0.5139244521615618,0.6973920832505933,17.0,27.38095238095238,14.489529473074741,17.5,-19.823809523809523,-20.323809523809523,-37.24499688847728,-3.402622159141764,-2.354086279589277,-2134.0,0.638095238095238,0.4439087947882736,2734.0,30.435714285714287
16:00,2024,100.0,Long,90,52,0.5777777777777777,0.47461185544784235,0.674575936034696,13.25,23.897222222222222,12.61345049551637,30.0,-8.283333333333333,-8.783333333333333,-26.988470863419757,9.421804196753088,-0.9456131328249082,-790.5,0.6555555555555556,0.7138979370249728,1153.5,37.69166666666667
16:00,2025,100.0,Short,95,61,0.6421052631578947,0.5419151417052592,0.7312495839634072,18.5,37.25526315789474,16.919832549279587,10.0,-8.126315789473685,-8.626315789473685,-30.54772089388085,13.295089314933483,-0.7712675496608973,-819.5,0.7263157894736842,0.7620844825083466,1804.0,35.95263157894737
16:00,2025,100.0,Long,96,74,0.7708333333333334,0.6773148939015387,0.843510829026089,17.0,26.216145833333332,11.993505239790034,12.5,3.7552083333333335,3.2552083333333335,-20.72306768024137,27.233484346908035,0.26607797584035664,312.5,0.7916666666666666,1.1025767273920892,815.5,46.174479166666664
16:00,2026,100.0,Long,60,49,0.8166666666666667,0.7008024615073325,0.8944220315709903,25.625,38.9625,14.226716379991887,15.0,23.866666666666667,23.366666666666667,-11.104232926249182,57.837566259582516,1.328593857645613,1402.0,0.8666666666666667,1.7483319989324793,815.0,53.43333333333333
16:00,2026,100.0,Short,59,41,0.6949152542372882,0.5685367336472035,0.7974636808792276,26.5,39.69491525423729,14.820209213522334,5.0,-1.8305084745762712,-2.330508474576271,-35.00758304112613,30.346566091973592,-0.13978340388341193,-137.5,0.7288135593220338,0.9472573839662447,987.0,58.99576271186441
17:00,2020,100.0,Long,92,84,0.9130434782608695,0.8376974318662601,0.9552788112659468,3.0,5.682065217391305,5.824607591151501,5.0,-5.358695652173913,-5.858695652173913,-17.408673324532167,5.6912820201843415,-0.9941865595721837,-539.0,0.8152173913043478,0.5630320226996351,739.0,22.73913043478261
17:00,2020,100.0,Short,98,89,0.9081632653061225,0.8346039163809346,0.9509307850931096,4.125,6.793367346938775,6.854585932432565,5.0,-2.561224489795918,-3.061224489795918,-12.348900739154848,6.226451759563011,-0.6460054845615988,-300.0,0.8979591836734694,0.7350993377483444,669.0,23.357142857142858
17:00,2021,100.0,Long,62,61,0.9838709677419355,0.9141327965227978,0.997147132862919,1.625,2.560483870967742,1.766404953477016,5.0,5.032258064516129,4.532258064516129,3.1460114660459024,5.918504662986356,6.407995990730706,281.0,0.8709677419354839,inf,0.0,9.46774193548387
17:00,2021,100.0,Short,126,118,0.9365079365079365,0.8797075704176655,0.967479460194525,3.25,4.271825396825397,3.057258499340776,5.0,2.5912698412698414,2.0912698412698414,-2.475086434358144,6.657626116897827,0.8976114336612766,263.5,0.8809523809523809,1.4189189189189189,203.0,12.089285714285714
17:00,2022,100.0,Short,94,87,0.925531914893617,0.8541878769337353,0.9634614193329755,2.5,5.6037234042553195,4.379269961722055,5.0,-12.186170212765957,-12.686170212765957,-31.2311314986829,5.858791073150988,-1.340765102258568,-1192.5,0.8297872340425532,0.36433901918976547,1353.5,24.795212765957448
17:00,2022,100.0,Long,85,68,0.8,0.7028462903055149,0.8712100190144704,3.75,6.488235294117647,5.215852323317911,5.0,-17.28235294117647,-17.78235294117647,-35.10635622036361,-0.4583496619893346,-2.0118197300200085,-1511.5,0.7647058823529411,0.3010404624277457,1693.0,28.105882352941176
17:00,2023,100.0,Long,100,87,0.87,0.7901964848675458,0.922428326043397,2.5,5.17,3.6746270367634413,5.0,-1.81,-2.31,-8.650503811869768,4.030503811869767,-0.7140626319826893,-231.0,0.75,0.720677146311971,414.5,15.0725
17:00,2023,100.0,Short,86,80,0.9302325581395349,0.8560385928447278,0.9676345856793798,2.0,4.511627906976744,3.2954383147305273,5.0,-0.9651162790697675,-1.4651162790697674,-9.336476710988038,6.406244152848502,-0.3648130698152883,-126.0,0.8488372093023255,0.8180505415162455,425.5,10.796511627906977
17:00,2024,100.0,Short,108,93,0.8611111111111112,0.7834258818756219,0.9139899134850775,4.5,7.171296296296297,3.6928142404553426,5.0,-4.328703703703703,-4.828703703703703,-15.624199479215136,5.96679207180773,-0.876669828114269,-521.5,0.7962962962962963,0.652217405801934,1101.0,18.82175925925926
17:00,2024,100.0,Long,74,64,0.8648648648648649,0.7688082135883073,0.9249095144201963,2.75,8.010135135135135,4.3069121700129624,5.0,0.32432432432432434,-0.17567567567567569,-10.042487303166961,9.69113595181561,-0.03489658189486947,-13.0,0.8243243243243243,0.9831387808041504,248.5,19.195945945945947
17:00,2025,100.0,Short,102,91,0.8921568627450981,0.8171406771986898,0.9387068030379737,5.5,9.299019607843137,4.219059578360603,5.0,-1.4019607843137254,-1.9019607843137254,-12.71878979543936,8.914868226811908,-0.3446273083204393,-194.0,0.8627450980392157,0.864808362369338,1016.0,24.84313725490196
17:00,2025,100.0,Long,77,66,0.8571428571428571,0.7620272974704644,0.9183166839606419,6.0,15.685064935064934,7.38667161338322,5.0,-4.636363636363637,-5.136363636363637,-27.12923275320819,16.856505480480916,-0.45774326963421696,-395.5,0.8441558441558441,0.8028414755732801,1183.0,43.246753246753244
17:00,2026,100.0,Short,70,61,0.8714285714285714,0.7733524395924436,0.9308589991819813,9.125,12.571428571428571,4.635950847137293,5.0,-5.635714285714286,-6.135714285714286,-25.581840608539515,13.310412037110943,-0.6184151493539486,-429.5,0.8428571428571429,0.7474272272860923,1078.5,46.214285714285715
17:00,2026,100.0,Long,41,38,0.926829268292683,0.8057255133716131,0.9748021695624273,13.25,19.414634146341463,7.060674702772565,5.0,8.914634146341463,8.414634146341463,-23.932374375263123,40.76164266794605,0.5098579668962194,345.0,0.8780487804878049,1.3490136570561457,445.5,41.8780487804878
