ts_event,18:00|OR15|close     |both,18:00|OR15|close     |trend,18:00|OR15|or_stop   |both,18:00|OR15|or_stop   |trend,18:00|OR15|or_stop_2r|both,18:00|OR15|or_stop_2r|trend,18:00|OR30|close     |both,18:00|OR30|close     |trend,18:00|OR30|or_stop   |both,18:00|OR30|or_stop   |trend,18:00|OR30|or_stop_2r|both,18:00|OR30|or_stop_2r|trend,18:00|OR60|close     |both,18:00|OR60|close     |trend,18:00|OR60|or_stop   |both,18:00|OR60|or_stop   |trend,18:00|OR60|or_stop_2r|both,18:00|OR60|or_stop_2r|trend,20:00|OR15|close     |both,20:00|OR15|close     |trend,20:00|OR15|or_stop   |both,20:00|OR15|or_stop   |trend,20:00|OR15|or_stop_2r|both,20:00|OR15|or_stop_2r|trend,20:00|OR30|close     |both,20:00|OR30|close     |trend,20:00|OR30|or_stop   |both,20:00|OR30|or_stop   |trend,20:00|OR30|or_stop_2r|both,20:00|OR30|or_stop_2r|trend,20:00|OR60|close     |both,20:00|OR60|close     |trend,20:00|OR60|or_stop   |both,20:00|OR60|or_stop   |trend,20:00|OR60|or_stop_2r|both,20:00|OR60|or_stop_2r|trend
2020-03-06 00:00:00-05:00,-0.0053848,0.0,-0.0012348,0.0,-0.0012348,0.0,-0.0056448,0.0,-0.0014948,0.0,-0.0014948,0.0,-0.0059148000000000004,0.0,-0.0017648,0.0,-0.0017648,0.0,0.0031152,0.0,0.0031152,0.0,0.0039851999999999995,0.0,0.0031152,0.0,0.0031152,0.0,0.0039851999999999995,0.0,0.0015152000000000002,0.0,0.0015152000000000002,0.0,0.0015152000000000002,0.0
2020-03-09 00:00:00-04:00,0.0018752,0.0,0.0018752,0.0,0.0018752,0.0,0.0018752,0.0,0.0018752,0.0,0.0018752,0.0,0.0011252,0.0,0.0011252,0.0,0.0011252,0.0,-0.0023048,0.0,-0.0019947999999999997,0.0,-0.0019947999999999997,0.0,0.0001852,0.0,0.0001852,0.0,0.0001852,0.0,0.0001852,0.0,0.0001852,0.0,0.0001852,0.0
2020-03-10 00:00:00-04:00,0.0132952,0.0,0.0132952,0.0,0.0088652,0.0,0.0128452,0.0,0.0128452,0.0,0.0097652,0.0,0.0087752,0.0,0.0087752,0.0,0.0087752,0.0,0.0048952,0.0,0.0048952,0.0,0.0048952,0.0,0.0048952,0.0,0.0048952,0.0,0.0048952,0.0,0.0031352,0.0,0.0031352,0.0,0.0031352,0.0
2020-03-11 00:00:00-04:00,0.0059052,0.0,0.0059052,0.0,0.0064452,0.0,0.0057152,0.0,0.0057152,0.0,0.0057152,0.0,0.0042952,0.0,0.0042952,0.0,0.0042952,0.0,0.0027752,0.0,0.0027752,0.0,0.0027752,0.0,0.0027752,0.0,0.0027752,0.0,0.0027752,0.0,0.0017052,0.0,0.0017052,0.0,0.0017052,0.0
2020-03-12 00:00:00-04:00,-0.0165148,0.0,-0.0040248,0.0,-0.0040248,0.0,-0.0169448,0.0,-0.0044548,0.0,-0.0044548,0.0,0.0115452,0.0,0.0115452,0.0,0.0115652,0.0,0.0115452,0.0,0.0115452,0.0,0.0044052,0.0,0.0101652,0.0,0.0101652,0.0,0.0071652,0.0,0.0098752,0.0,0.0098752,0.0,0.0077452,0.0
2020-03-13 00:00:00-04:00,-0.0114348,0.0,-0.0038048,0.0,-0.0038048,0.0,0.0071452,0.0,-0.0059048,0.0,-0.0059048,0.0,-0.0143248,0.0,-0.0088148,0.0,-0.0088148,0.0,-0.0114248,0.0,-0.0032848,0.0,-0.0032848,0.0,-0.0114248,0.0,-0.0032848,0.0,-0.0032848,0.0,-0.0114248,0.0,-0.0033348,0.0,-0.0033348,0.0
2020-03-16 00:00:00-04:00,1.2599999999999998e-05,0.0,1.2599999999999998e-05,0.0,1.2599999999999998e-05,0.0,0.0,0.0,0.0,0.0,0.0,0.0,0.0,0.0,0.0,0.0,0.0,0.0,0.0,0.0,0.0,0.0,0.0,0.0,0.0,0.0,0.0,0.0,0.0,0.0,0.0,0.0,0.0,0.0,0.0,0.0
2020-03-17 00:00:00-04:00,0.0027576,0.0,0.0027576,0.0,0.0027576,0.0,0.0027576,0.0,0.0027576,0.0,0.0027576,0.0,0.0027576,0.0,0.0027576,0.0,0.0027576,0.0,0.0018126,0.0,0.0018126,0.0,0.0018126,0.0,0.0005676,0.0,0.0005676,0.0,0.0005676,0.0,0.0,0.0,0.0,0.0,0.0,0.0
2020-03-18 00:00:00-04:00,0.0049775999999999996,0.0,0.0049775999999999996,0.0,0.0026525999999999997,0.0,0.0047126,0.0,0.0047126,0.0,0.0031826,0.0,0.0035976,0.0,0.0035976,0.0,0.0035976,0.0,0.0018976,0.0,-0.0010073999999999999,0.0,-0.0010073999999999999,0.0,0.0018976,0.0,-0.0013024,0.0,-0.0013024,0.0,-0.0032324000000000003,0.0,-0.0024124,0.0,-0.0024124,0.0
2020-03-19 00:00:00-04:00,-0.0031474000000000003,0.0,-0.0034674000000000003,0.0,-0.0034674000000000003,0.0,-0.0031474000000000003,0.0,-0.0034674000000000003,0.0,-0.0034674000000000003,0.0,-0.0054124,0.0,-0.0057324,0.0,-0.0057324,0.0,0.0037526,0.0,0.0037526,0.0,0.0035726,0.0,0.0030926,0.0,0.0030926,0.0,0.0048925999999999996,0.0,0.0019226,0.0,0.0019226,0.0,0.0019226,0.0
2020-03-20 00:00:00-04:00,-0.0058024,0.0,-0.0010073999999999999,0.0,-0.0010073999999999999,0.0,-0.0058024,0.0,-0.0010073999999999999,0.0,-0.0010073999999999999,0.0,-0.0065224,0.0,-0.0017274,0.0,-0.0017274,0.0,0.0045226,0.0,0.0045226,0.0,0.0026625999999999998,0.0,0.0039775999999999995,0.0,0.0039775999999999995,0.0,0.0037526,0.0,0.0039775999999999995,0.0,0.0039775999999999995,0.0,0.0037526,0.0
2020-03-23 00:00:00-04:00,0.0,0.0,0.0,0.0,0.0,0.0,0.0,0.0,0.0,0.0,0.0,0.0,0.0,0.0,0.0,0.0,0.0,0.0,-0.0024874000000000003,0.0,-0.0016324,0.0,-0.0016324,0.0,-0.0002324,0.0,-0.0002324,0.0,-0.0002324,0.0,-0.0002324,0.0,-0.0002324,0.0,-0.0002324,0.0
2020-03-24 00:00:00-04:00,0.0036076,0.0,0.0036076,0.0,0.0040526,0.0,0.0029825999999999997,0.0,0.0029825999999999997,0.0,0.0029825999999999997,0.0,0.0029825999999999997,0.0,0.0029825999999999997,0.0,0.0029825999999999997,0.0,0.0036926,0.0,0.0036926,0.0,0.0027026,0.0,0.0029725999999999997,0.0,0.0029725999999999997,0.0,0.0029725999999999997,0.0,0.0029725999999999997,0.0,0.0029725999999999997,0.0,0.0029725999999999997,0.0
2020-03-25 00:00:00-04:00,-0.0009824,0.0,-0.0017674000000000001,0.0,-0.0017674000000000001,0.0,-0.0015374000000000002,0.0,-0.0023224,0.0,-0.0023224,0.0,-0.0009924,0.0,-0.0009924,0.0,-0.0009924,0.0,0.0008726000000000001,0.0,-0.0009774,0.0,-0.0009774,0.0,-0.0023724,0.0,-0.0019274000000000001,0.0,-0.0019274000000000001,0.0,-0.0026924,0.0,-0.0022474,0.0,-0.0022474,0.0
2020-03-26 00:00:00-04:00,0.0012975999999999999,0.0,-0.0019924,0.0,-0.0019924,0.0,0.0012975999999999999,0.0,-0.0019924,0.0,-0.0019924,0.0,0.0012975999999999999,0.0,-0.0019924,0.0,-0.0019924,0.0,-0.0032424,0.0,-0.0018024,0.0,-0.0018024,0.0,0.0006776000000000001,0.0,0.0006776000000000001,0.0,0.0006776000000000001,0.0,0.0006776000000000001,0.0,0.0006776000000000001,0.0,0.0006776000000000001,0.0
2020-03-27 00:00:00-04:00,0.0014676,0.0,0.0014676,0.0,0.0023826,0.0,0.0013525999999999998,0.0,0.0013525999999999998,0.0,0.0026126,0.0,0.0005026,0.0,0.0005026,0.0,0.0005026,0.0,0.0015776,0.0,0.0015776,0.0,0.0018926,0.0,0.0009876000000000002,0.0,0.0009876000000000002,0.0,0.0009876000000000002,0.0,5.26e-05,0.0,5.26e-05,0.0,5.26e-05,0.0
2020-03-30 00:00:00-04:00,0.0019325999999999998,0.0,0.0019325999999999998,0.0,0.0019325999999999998,0.0,0.0016626,0.0,0.0016626,0.0,0.0016626,0.0,0.0016626,0.0,0.0016626,0.0,0.0016626,0.0,-0.0027074,0.0,-0.0007723999999999999,0.0,-0.0007723999999999999,0.0,-0.0027074,0.0,-0.0007723999999999999,0.0,-0.0007723999999999999,0.0,0.0016626,0.0,0.0016626,0.0,0.0022426,0.0
2020-03-31 00:00:00-04:00,0.0005325999999999999,0.0,-0.0006774,0.0,-0.0006774,0.0,0.0004726,0.0,-0.0007373999999999999,0.0,-0.0007373999999999999,0.0,0.00022759999999999998,0.0,-0.0009824,0.0,-0.0009824,0.0,-0.0006024,0.0,-0.0005274,0.0,-0.0005274,0.0,-0.0001224,0.0,-0.0007723999999999999,0.0,-0.0007723999999999999,0.0,-0.0001224,0.0,-0.0007723999999999999,0.0,-0.0007723999999999999,0.0
2020-04-01 00:00:00-04:00,0.0023926,0.0,0.0023926,0.0,0.0023726,0.0,0.0023926,0.0,0.0023926,0.0,0.0023726,0.0,0.0021326,0.0,0.0021326,0.0,0.0028926,0.0,-0.0025574,0.0,-0.0007574,0.0,-0.0007574,0.0,-0.0025574,0.0,-0.0007574,0.0,-0.0007574,0.0,0.0017276,0.0,0.0017276,0.0,0.0023225999999999998,0.0
2020-04-02 00:00:00-04:00,0.0009326,0.0,-0.0009323999999999999,0.0,-0.0009323999999999999,0.0,0.0006826,0.0,-0.0011824,0.0,-0.0011824,0.0,0.0006826,0.0,-0.0011824,0.0,-0.0011824,0.0,-0.0012324,0.0,-0.0005524,0.0,-0.0005524,0.0,-0.0012324,0.0,-0.0005524,0.0,-0.0005524,0.0,-0.0016874000000000001,0.0,-0.0010073999999999999,0.0,-0.0010073999999999999,0.0
2020-04-03 00:00:00-04:00,0.0007926000000000001,0.0,0.0007926000000000001,0.0,0.0014826,0.0,0.0007926000000000001,0.0,0.0007926000000000001,0.0,0.0007926000000000001,0.0,0.0007926000000000001,0.0,0.0007926000000000001,0.0,0.0007926000000000001,0.0,0.00020759999999999998,0.0,0.00020759999999999998,0.0,0.00020759999999999998,0.0,1.2599999999999998e-05,0.0,1.2599999999999998e-05,0.0,1.2599999999999998e-05,0.0,1.2599999999999998e-05,0.0,1.2599999999999998e-05,0.0,1.2599999999999998e-05,0.0
2020-04-06 00:00:00-04:00,0.0034476,0.0,0.0034476,0.0,0.0034476,0.0,0.0034075999999999998,0.0,0.0034075999999999998,0.0,0.0034075999999999998,0.0,0.0034075999999999998,0.0,0.0034075999999999998,0.0,0.0034075999999999998,0.0,0.0022326,0.0,0.0022326,0.0,0.0023225999999999998,0.0,0.0006026,0.0,0.0006026,0.0,0.0006026,0.0,0.0,0.0,0.0,0.0,0.0,0.0
2020-04-07 00:00:00-04:00,-0.0029324,0.0,-0.0006774,0.0,-0.0006774,0.0,-0.0029324,0.0,-0.0007273999999999999,0.0,-0.0007273999999999999,0.0,0.0021326,0.0,-0.0008324,0.0,-0.0008324,0.0,-0.0016224000000000002,0.0,-0.0006024,0.0,0.0011226,0.0,-0.0022074,0.0,-0.0011874,0.0,-0.0011874,0.0,-0.0025874,0.0,-0.0015674,0.0,-0.0015674,0.0
2020-04-08 00:00:00-04:00,0.00021759999999999998,0.0,-0.0009373999999999999,0.0,-0.0009373999999999999,0.0,0.00021759999999999998,0.0,-0.0009373999999999999,0.0,-0.0009373999999999999,0.0,0.00021759999999999998,0.0,-0.0009574,0.0,-0.0009574,0.0,-0.0009174,0.0,-0.0011474,0.0,-0.0011474,0.0,-0.0015824,0.0,-0.0018124,0.0,-0.0018124,0.0,-0.0003174,0.0,-0.0003174,0.0,-0.0003174,0.0
2020-04-09 00:00:00-04:00,0.0009676000000000001,0.0,-0.0007524,0.0,-0.0007524,0.0,0.0009676000000000001,0.0,-0.0007524,0.0,-0.0007524,0.0,0.0009676000000000001,0.0,-0.0007524,0.0,-0.0007524,0.0,-0.0007574,0.0,-0.00046740000000000003,0.0,0.0008526,0.0,-0.0008774,0.0,-0.0005874,0.0,0.0010926,0.0,-0.0009824,0.0,-0.0006923999999999999,0.0,-0.0006923999999999999,0.0
2020-04-13 00:00:00-04:00,-0.0002924,0.0,-0.0002924,0.0,-0.0002924,0.0,0.0,0.0,0.0,0.0,0.0,0.0,0.0,0.0,0.0,0.0,0.0,0.0,-0.0002124,0.0,-0.0005374,0.0,-0.0005374,0.0,-0.0005074,0.0,-0.0008324,0.0,-0.0008324,0.0,-0.0003624,0.0,-0.0003624,0.0,-0.0003624,0.0
2020-04-14 00:00:00-04:00,0.0021176,0.0,-0.0006074,0.0,-0.0006074,0.0,0.0021176,0.0,-0.0006324,0.0,-0.0006324,0.0,-0.0027774,0.0,-0.0008774,0.0,-0.0008774,0.0,-0.0028874,0.0,-0.0008324,0.0,-0.0008324,0.0,0.0019676,0.0,0.0019676,0.0,0.0019825999999999997,0.0,0.0019676,0.0,0.0019676,0.0,0.0019825999999999997,0.0
2020-04-15 00:00:00-04:00,0.0005226,0.0,0.0005226,0.0,0.0009626000000000001,0.0,0.0005226,0.0,0.0005226,0.0,0.0009626000000000001,0.0,0.0005226,0.0,0.0005226,0.0,0.0009626000000000001,0.0,0.0001926,0.0,-0.0003574,0.0,-0.0003574,0.0,0.0001376,0.0,0.0001376,0.0,0.0001376,0.0,-5.74e-05,0.0,-5.74e-05,0.0,-5.74e-05,0.0
2020-04-16 00:00:00-04:00,-0.0028424,0.0,-0.0011174,0.0,-0.0011174,0.0,-0.0028424,0.0,-0.0011174,0.0,-0.0011174,0.0,-0.0030874,0.0,-0.0013624000000000002,0.0,-0.0013624000000000002,0.0,-0.0030574,0.0,-0.0008824,0.0,-0.0008824,0.0,-0.0032474,0.0,-0.0010724,0.0,-0.0010724,0.0,0.0,0.0,0.0,0.0,0.0,0.0
2020-04-17 00:00:00-04:00,-0.0008673999999999999,0.0,-0.0008673999999999999,0.0,-0.0008673999999999999,0.0,-0.0008673999999999999,0.0,-0.0008673999999999999,0.0,-0.0008673999999999999,0.0,-0.0008673999999999999,0.0,-0.0008673999999999999,0.0,-0.0008673999999999999,0.0,-0.0004324,0.0,-0.0007723999999999999,0.0,-0.0007723999999999999,0.0,-0.0004974000000000001,0.0,-0.0004974000000000001,0.0,-0.0004974000000000001,0.0,-0.0004974000000000001,0.0,-0.0004974000000000001,0.0,-0.0004974000000000001,0.0
2020-04-20 00:00:00-04:00,-0.0006973999999999999,0.0,-0.0009274,0.0,-0.0009274,0.0,-0.0010424,0.0,-0.0012724,0.0,-0.0012724,0.0,-0.00028740000000000005,0.0,-0.00028740000000000005,0.0,-0.00028740000000000005,0.0,0.0003926,0.0,0.0003926,0.0,0.0008726000000000001,0.0,-0.00028740000000000005,0.0,-0.00028740000000000005,0.0,-0.00028740000000000005,0.0,0.0,0.0,0.0,0.0,0.0,0.0
2020-04-21 00:00:00-04:00,-0.0009624,0.0,-0.0007723999999999999,0.0,-0.0007723999999999999,0.0,-0.0009624,0.0,-0.0007723999999999999,0.0,-0.0007723999999999999,0.0,-0.0014074,0.0,-0.0012174,0.0,-0.0012174,0.0,0.0004126,0.0,-0.0007373999999999999,0.0,-0.0007373999999999999,0.0,-0.0011824,0.0,-0.0009323999999999999,0.0,-0.0009323999999999999,0.0,-0.0014074,0.0,-0.0011574,0.0,-0.0011574,0.0
2020-04-22 00:00:00-04:00,-0.0014224,0.0,-0.0007373999999999999,0.0,-0.0007373999999999999,0.0,-0.0014224,0.0,-0.0007373999999999999,0.0,-0.0007373999999999999,0.0,-0.0015274000000000002,0.0,-0.0008424,0.0,-0.0008424,0.0,0.0,0.0,0.0,0.0,0.0,0.0,0.0,0.0,0.0,0.0,0.0,0.0,0.0,0.0,0.0,0.0,0.0,0.0
2020-04-23 00:00:00-04:00,-0.0011124,0.0,-0.0007224,0.0,-0.0007224,0.0,-0.0011124,0.0,-0.0007224,0.0,-0.0007224,0.0,-0.0011124,0.0,-0.0007224,0.0,-0.0007224,0.0,-0.0014174,0.0,-0.0007224,0.0,-0.0007224,0.0,0.0003276,0.0,-0.0012423999999999998,0.0,-0.0012423999999999998,0.0,0.0003276,0.0,-0.0012423999999999998,0.0,-0.0012423999999999998,0.0
2020-04-24 00:00:00-04:00,-0.0004824,0.0,-0.0004824,0.0,-0.0004824,0.0,-0.0004824,0.0,-0.0004824,0.0,-0.0004824,0.0,-0.0007723999999999999,0.0,-0.0007723999999999999,0.0,-0.0007723999999999999,0.0,-0.0010574,0.0,-0.0010624,0.0,-0.0010624,0.0,-0.0010574,0.0,-0.0010624,0.0,-0.0010624,0.0,-0.0011524,0.0,-0.0011574,0.0,-0.0011574,0.0
2020-04-27 00:00:00-04:00,-0.0024374,0.0,-0.0016074000000000001,0.0,-0.0016074000000000001,0.0,-0.0024374,0.0,-0.0016074000000000001,0.0,-0.0016074000000000001,0.0,0.0007026000000000001,0.0,0.0007026000000000001,0.0,0.0007026000000000001,0.0,0.0017675999999999998,0.0,0.0017675999999999998,0.0,0.0011826,0.0,0.0017075999999999999,0.0,0.0017075999999999999,0.0,0.0013026,0.0,0.0013026,0.0,0.0013026,0.0,0.0021126,0.0
2020-04-28 00:00:00-04:00,-3.24e-05,0.0,-0.0004424,0.0,-0.0004424,0.0,-0.0001474,0.0,-0.0005574,0.0,-0.0005574,0.0,-0.0001474,0.0,-0.0005574,0.0,-0.0005574,0.0,-0.0002974,0.0,-0.0005124,0.0,-0.0005124,0.0,-0.0004824,0.0,-0.0006973999999999999,0.0,-0.0006973999999999999,0.0,-0.00028240000000000003,0.0,-0.00028240000000000003,0.0,-0.00028240000000000003,0.0
2020-04-29 00:00:00-04:00,-0.0014524000000000002,0.0,-0.0006674,0.0,-0.0006674,0.0,-0.0014524000000000002,0.0,-0.0006674,0.0,-0.0006674,0.0,0.0005676,0.0,0.0005676,0.0,0.0005676,0.0,0.0004126,0.0,0.0004126,0.0,0.0011026,0.0,0.0004126,0.0,0.0004126,0.0,0.0011026,0.0,0.00016759999999999998,0.0,0.00016759999999999998,0.0,0.00016759999999999998,0.0
2020-04-30 00:00:00-04:00,-0.0006873999999999999,-0.0001524,-0.0007823999999999999,-0.0001524,-0.0007823999999999999,-0.0001524,-0.0006873999999999999,-0.0001524,-0.0007823999999999999,-0.0001524,-0.0007823999999999999,-0.0001524,-0.0006873999999999999,-0.0001524,-0.0007823999999999999,-0.0001524,-0.0007823999999999999,-0.0001524,-0.0006873999999999999,0.0002326,-0.0004124,0.0002326,-0.0004124,0.0005626,-0.0009224,0.0002326,-0.0006473999999999999,0.0002326,-0.0006473999999999999,0.0002326,0.0002326,0.0002326,0.0002326,0.0002326,0.0002326,0.0002326
2020-05-01 00:00:00-04:00,-0.0018824,-0.0018824,-0.0008774,-0.0008774,-0.0008774,-0.0008774,-0.0018824,-0.0018824,-0.0010324,-0.0010324,-0.0010324,-0.0010324,-0.0018824,-0.0018824,-0.0010324,-0.0010324,-0.0010324,-0.0010324,-0.0017674000000000001,-0.0017674000000000001,-0.0005724,-0.0005724,-0.0005724,-0.0005724,-0.0017674000000000001,-0.0017674000000000001,-0.0005724,-0.0005724,-0.0005724,-0.0005724,-0.0019674000000000002,-0.0019674000000000002,-0.0008673999999999999,-0.0008673999999999999,-0.0008673999999999999,-0.0008673999999999999
2020-05-04 00:00:00-04:00,-0.0037848,0.0011752,-0.0024847999999999997,0.0011752,-0.0024847999999999997,0.0011752,-0.0037848,0.0011752,-0.0024847999999999997,0.0011752,-0.0024847999999999997,0.0011752,-0.0041248000000000005,0.0011752,-0.0028248,0.0011752,-0.0028248,0.0011752,-0.0049348000000000005,0.0035952,-0.0011448,0.0035952,-0.0011448,0.0016052000000000002,-0.0049348000000000005,0.0035952,-0.0012348,0.0035952,-0.0012348,0.0016052000000000002,0.0035952,0.0035952,0.0035952,0.0035952,0.0030451999999999996,0.0030451999999999996
2020-05-05 00:00:00-04:00,0.0016352,0.0016352,0.0016352,0.0016352,0.0016352,0.0016352,0.0011152,0.0011152,0.0011152,0.0011152,0.0011152,0.0011152,0.0011152,0.0011152,0.0011152,0.0011152,0.0011152,0.0011152,-0.0019148,0.0008652,-0.0009548,0.0008652,-0.0009548,0.0008652,0.0008652,0.0008652,0.0008652,0.0008652,0.0008652,0.0008652,0.0008652,0.0008652,0.0008652,0.0008652,0.0008652,0.0008652
2020-05-06 00:00:00-04:00,0.0015852000000000002,0.0015852000000000002,-0.0017648,-0.0017648,-0.0017648,-0.0017648,0.0014052000000000001,0.0014052000000000001,-0.0019448,-0.0019448,-0.0019448,-0.0019448,-0.0034548,0.0,-0.0022248,0.0,-0.0022248,0.0,-0.0027848,0.0,-0.0013047999999999998,0.0,-0.0013047999999999998,0.0,-0.004314800000000001,0.0,-0.0028348,0.0,-0.0028348,0.0,0.0,0.0,0.0,0.0,0.0,0.0
2020-05-07 00:00:00-04:00,-0.0036548,0.0021352000000000003,-0.0010548,0.0021352000000000003,-0.0010548,0.0022052,0.0021352000000000003,0.0021352000000000003,0.0021352000000000003,0.0021352000000000003,0.0021352000000000003,0.0021352000000000003,0.0021352000000000003,0.0021352000000000003,0.0021352000000000003,0.0021352000000000003,0.0021352000000000003,0.0021352000000000003,0.0015352,0.0015352,0.0015352,0.0015352,0.0015352,0.0015352,0.0015352,0.0015352,0.0015352,0.0015352,0.0015352,0.0015352,0.0012052,0.0012052,0.0012052,0.0012052,0.0012052,0.0012052
2020-05-08 00:00:00-04:00,0.0029251999999999998,0.0029251999999999998,0.0029251999999999998,0.0029251999999999998,0.0012052,0.0012052,0.0025452,0.0025452,0.0025452,0.0025452,0.0019652000000000003,0.0019652000000000003,0.0020052,0.0020052,0.0020052,0.0020052,0.0030451999999999996,0.0030451999999999996,0.0006652,0.0006652,0.0006652,0.0006652,0.0006652,0.0006652,0.0006652,0.0006652,0.0006652,0.0006652,0.0006652,0.0006652,0.0001952,0.0001952,0.0001952,0.0001952,0.0001952,0.0001952
2020-05-11 00:00:00-04:00,0.0016652000000000001,0.0016652000000000001,0.0016652000000000001,0.0016652000000000001,0.0016652000000000001,0.0016652000000000001,0.0012552,0.0012552,0.0012552,0.0012552,0.0012552,0.0012552,0.0012552,0.0012552,0.0012552,0.0012552,0.0012552,0.0012552,-0.0009948000000000001,-0.0009948000000000001,-0.0012748,-0.0012748,-0.0012748,-0.0012748,-0.0009948000000000001,-0.0009948000000000001,-0.0012748,-0.0012748,-0.0012748,-0.0012748,-0.0009948000000000001,-0.0009948000000000001,-0.0012748,-0.0012748,-0.0012748,-0.0012748
2020-05-12 00:00:00-04:00,-0.0022148,-0.0022148,-0.0008948000000000001,-0.0008948000000000001,-0.0008948000000000001,-0.0008948000000000001,0.0010651999999999999,0.0,0.0010651999999999999,0.0,0.0010651999999999999,0.0,0.0010651999999999999,0.0,0.0010651999999999999,0.0,0.0010651999999999999,0.0,9.52e-05,0.0,-0.0014747999999999999,0.0,-0.0014747999999999999,0.0,-0.0001148,0.0,-0.0016848,0.0,-0.0016848,0.0,-0.0006248,0.0,-0.0021948,0.0,-0.0021948,0.0
2020-05-13 00:00:00-04:00,-0.0040648,0.0017252,-0.0022048,0.0017252,-0.0022048,0.0017252,-0.0040648,0.0017252,-0.0022048,0.0017252,-0.0022048,0.0017252,-0.0040648,0.0017252,-0.0022048,0.0017252,-0.0022048,0.0017252,0.0034552,0.0034552,0.0034552,0.0034552,0.0029652,0.0029652,0.0034552,0.0034552,0.0034552,0.0034552,0.0029652,0.0029652,0.0027752,0.0027752,0.0027752,0.0027752,0.0027752,0.0027752
2020-05-14 00:00:00-04:00,0.0015552,-0.0026048,-0.0009148,-0.0009048000000000001,-0.0009148,-0.0009048000000000001,-0.0026048,-0.0026048,-0.0011648000000000001,-0.0011648000000000001,-0.0011648000000000001,-0.0011648000000000001,-0.0026048,-0.0026048,-0.0011948,-0.0011948,-0.0011948,-0.0011948,0.00041519999999999995,-0.0017947999999999998,-0.0013147999999999999,-0.0011948,-0.0013147999999999999,-0.0011948,5.519999999999999e-05,-0.0017947999999999998,-0.0016748,-0.0013548,-0.0016748,-0.0013548,-0.0004948,-0.0017947999999999998,-0.0022248,-0.0019548,-0.0022248,-0.0019548
2020-05-15 00:00:00-04:00,-6.48e-05,-6.48e-05,-0.0012148,-0.0012148,-0.0012148,-0.0012148,-6.48e-05,-6.48e-05,-0.0012148,-0.0012148,-0.0012148,-0.0012148,-6.48e-05,-6.48e-05,-0.0012148,-0.0012148,-0.0012148,-0.0012148,5.519999999999999e-05,0.0,-0.0007348000000000001,0.0,0.0013052,0.0,-0.00032480000000000003,0.0,-0.0011148,0.0,-0.0011148,0.0,-0.0010348,0.0,-0.0018248,0.0,-0.0018248,0.0
2020-05-18 00:00:00-04:00,0.0015552,0.0015552,0.0015552,0.0015552,0.0015552,0.0015552,0.0015552,0.0015552,0.0015552,0.0015552,0.0015552,0.0015552,0.0009352,0.0009352,0.0009352,0.0009352,0.0009352,0.0009352,0.0009052,0.0009052,0.0009052,0.0009052,0.0010651999999999999,0.0010651999999999999,0.00047519999999999995,0.00047519999999999995,0.00047519999999999995,0.00047519999999999995,0.00047519999999999995,0.00047519999999999995,0.00047519999999999995,0.00047519999999999995,0.00047519999999999995,0.00047519999999999995,0.00047519999999999995,0.00047519999999999995
2020-05-19 00:00:00-04:00,0.0023952,0.0023952,-0.0014547999999999998,-0.0014547999999999998,-0.0014547999999999998,-0.0014547999999999998,-0.003994800000000001,0.0,-0.0016648,0.0,-0.0016648,0.0,-0.003994800000000001,0.0,-0.0016948,0.0,-0.0016948,0.0,-0.0035448000000000003,0.0,-0.0014547999999999998,0.0,-0.0014547999999999998,0.0,-0.0035448000000000003,0.0,-0.0014547999999999998,0.0,-0.0014547999999999998,0.0,-0.0037948,0.0,-0.0017047999999999998,0.0,-0.0017047999999999998,0.0
2020-05-20 00:00:00-04:00,0.0009851999999999999,0.0009851999999999999,-0.0012348,-0.0012348,-0.0012348,-0.0012348,0.0006052,0.0006052,0.0006052,0.0006052,0.0006052,0.0006052,0.0006052,0.0006052,0.0006052,0.0006052,0.0006052,0.0006052,-0.0007748000000000001,-0.0001248,-0.0008248,-0.0001248,-0.0008248,0.0011852,-0.0001248,-0.0001248,-0.0001248,-0.0001248,-0.0001248,-0.0001248,-0.0001848,-0.0001848,-0.0001848,-0.0001848,-0.0001848,-0.0001848
2020-05-21 00:00:00-04:00,0.0017352000000000001,0.0,0.0017352000000000001,0.0,0.0019452,0.0,0.0017352000000000001,0.0,0.0017352000000000001,0.0,0.0019452,0.0,0.0017352000000000001,0.0,0.0017352000000000001,0.0,0.0019452,0.0,0.0012452,0.0,0.0012452,0.0,0.0015252000000000002,0.0,0.0009851999999999999,0.0,0.0009851999999999999,0.0,0.0009851999999999999,0.0,0.0009851999999999999,0.0,0.0009851999999999999,0.0,0.0009851999999999999,0.0
2020-05-22 00:00:00-04:00,-0.0041948,-0.0041948,-0.0013648,-0.0013648,-0.0013648,-0.0013648,-0.0044248000000000004,-0.0044248000000000004,-0.0015948,-0.0015948,-0.0015948,-0.0015948,-0.0044248000000000004,-0.0044248000000000004,-0.0015948,-0.0015948,-0.0015948,-0.0015948,0.0044252,0.0,0.0044252,0.0,0.0010452,0.0,0.0044252,0.0,0.0044252,0.0,0.0013452000000000002,0.0,0.0033252,0.0,0.0033252,0.0,0.0035451999999999997,0.0
2020-05-25 00:00:00-04:00,0.0013852,0.0013852,0.0013852,0.0013852,0.0013852,0.0013852,0.0008152,0.0008152,0.0008152,0.0008152,0.0008152,0.0008152,0.0003052,0.0003052,0.0003052,0.0003052,0.0003052,0.0003052,-0.0009148,0.0,-0.0006848000000000001,0.0,-0.0006848000000000001,0.0,-0.0009148,0.0,-0.0006848000000000001,0.0,-0.0006848000000000001,0.0,-0.0014547999999999998,0.0,-0.0012248,0.0,-0.0012248,0.0
2020-05-26 00:00:00-04:00,0.0019752000000000003,0.0019752000000000003,0.0019752000000000003,0.0019752000000000003,0.0019752000000000003,0.0019752000000000003,0.0019752000000000003,0.0019752000000000003,0.0019752000000000003,0.0019752000000000003,0.0019752000000000003,0.0019752000000000003,0.0019752000000000003,0.0019752000000000003,0.0019752000000000003,0.0019752000000000003,0.0019752000000000003,0.0019752000000000003,0.0026852,0.0026852,0.0026852,0.0026852,0.0013452000000000002,0.0013452000000000002,0.0026852,0.0026852,0.0026852,0.0026852,0.0013452000000000002,0.0013452000000000002,0.0019752000000000003,0.0019752000000000003,0.0019752000000000003,0.0019752000000000003,0.0019752000000000003,0.0019752000000000003
2020-05-27 00:00:00-04:00,-0.0028248,0.0012351999999999999,-0.0009448000000000001,0.0012351999999999999,-0.0009448000000000001,0.0012351999999999999,-0.0029848,0.0012351999999999999,-0.0011048,0.0012351999999999999,-0.0011048,0.0012351999999999999,-0.0029848,0.0012351999999999999,-0.0011048,0.0012351999999999999,-0.0011048,0.0012351999999999999,0.0021852,0.0021852,0.0021852,0.0021852,0.0025252,0.0025252,0.0021852,0.0021852,0.0021852,0.0021852,0.0025651999999999997,0.0025651999999999997,0.0012351999999999999,0.0012351999999999999,0.0012351999999999999,0.0012351999999999999,0.0012351999999999999,0.0012351999999999999
2020-05-28 00:00:00-04:00,0.0011451999999999999,-0.0021747999999999997,-0.0009448000000000001,-0.0009648,-0.0009448000000000001,-0.0009648,-0.0021747999999999997,-0.0021747999999999997,-0.0011448,-0.0011448,-0.0011448,-0.0011448,-0.0021747999999999997,-0.0021747999999999997,-0.0012548000000000001,-0.0012548000000000001,-0.0012548000000000001,-0.0012548000000000001,-0.0032848,-0.0032848,-0.0014948,-0.0014948,-0.0014948,-0.0014948,-0.0032848,-0.0032848,-0.0014948,-0.0014948,-0.0014948,-0.0014948,-0.0035648000000000003,-0.0035648000000000003,-0.0017748,-0.0017748,-0.0017748,-0.0017748
2020-05-29 00:00:00-04:00,0.0002052,0.0,-0.0012348,0.0,-0.0012348,0.0,0.0002052,0.0,-0.0012348,0.0,-0.0012348,0.0,0.0002052,0.0,-0.0012348,0.0,-0.0012348,0.0,-0.0012248,-0.00041480000000000005,-0.0014348,-0.0011448,-0.0014348,-0.0011448,-0.0012248,-0.00041480000000000005,-0.0014948,-0.00041480000000000005,-0.0014948,-0.00041480000000000005,-0.0007248,-0.0007248,-0.0007248,-0.0007248,-0.0007248,-0.0007248
2020-06-01 00:00:00-04:00,-0.0047848000000000005,0.0014552,-0.0031848000000000002,0.0014552,-0.0031848000000000002,0.0014552,0.0014552,0.0014552,0.0014552,0.0014552,0.0014552,0.0014552,0.0014552,0.0014552,0.0014552,0.0014552,0.0014552,0.0014552,0.0019252000000000002,0.0019252000000000002,0.0019252000000000002,0.0019252000000000002,0.0020252,0.0020252,0.0014552,0.0014552,0.0014552,0.0014552,0.0014552,0.0014552,0.0008652,0.0008652,0.0008652,0.0008652,0.0008652,0.0008652
2020-06-02 00:00:00-04:00,-0.0008148000000000001,0.0,-0.0006448000000000001,0.0,-0.0006448000000000001,0.0,-0.0008148000000000001,0.0,-0.0006948000000000001,0.0,-0.0006948000000000001,0.0,-0.0015347999999999998,0.0,-0.0014148,0.0,-0.0014148,0.0,0.0,0.0,0.0,0.0,0.0,0.0,0.0,0.0,0.0,0.0,0.0,0.0,0.0,0.0,0.0,0.0,0.0,0.0
2020-06-03 00:00:00-04:00,-0.0012947999999999998,0.0001452,-0.0009148,0.0001452,-0.0009148,0.0001452,-0.0012947999999999998,0.0001452,-0.0009148,0.0001452,-0.0009148,0.0001452,0.0001452,0.0001452,0.0001452,0.0001452,0.0001452,0.0001452,-0.0001048,-0.0005848,-0.0005548,-0.0006148000000000001,-0.0005548,-0.0006148000000000001,-0.0001048,-0.0005848,-0.0005548,-0.0006148000000000001,-0.0005548,-0.0006148000000000001,-0.0007848,-0.0007848,-0.0011548,-0.0011548,-0.0011548,-0.0011548
2020-06-04 00:00:00-04:00,-0.0021672,-0.0021672,-0.0017622,-0.0017622,-0.0017622,-0.0017622,-0.0021672,-0.0021672,-0.0018672,-0.0018672,-0.0018672,-0.0018672,-0.0021672,-0.0021672,-0.0018672,-0.0018672,-0.0018672,-0.0018672,0.0011478,0.0,0.0011478,0.0,0.0011478,0.0,0.0006828,0.0,0.0006828,0.0,0.0006828,0.0,0.00038280000000000003,0.0,0.00038280000000000003,0.0,0.00038280000000000003,0.0
2020-06-05 00:00:00-04:00,-0.0031122000000000003,0.0017328,-0.0010422,0.0017328,-0.0010422,0.0021978,-0.0034272000000000005,0.0017328,-0.0013572,0.0017328,-0.0013572,0.0017328,-0.0034272000000000005,0.0017328,-0.0013572,0.0017328,-0.0013572,0.0017328,0.0028277999999999997,0.0028277999999999997,0.0028277999999999997,0.0028277999999999997,0.0021978,0.0021978,0.0028277999999999997,0.0028277999999999997,0.0028277999999999997,0.0028277999999999997,0.0021978,0.0021978,0.0023328,0.0023328,0.0023328,0.0023328,0.0023328,0.0023328
2020-06-08 00:00:00-04:00,-0.0020172,-0.0020172,-0.0020172,-0.0020172,-0.0020172,-0.0020172,-0.0024522,-0.0024522,-0.0024522,-0.0024522,-0.0024522,-0.0024522,-0.0024522,-0.0024522,-0.0024522,-0.0024522,-0.0024522,-0.0024522,0.0005928,0.0,0.0005928,0.0,0.0005928,0.0,0.0005928,0.0,0.0005928,0.0,0.0005928,0.0,0.0005928,0.0,0.0005928,0.0,0.0005928,0.0
2020-06-09 00:00:00-04:00,-0.0005022,-0.0005022,-0.0013272,-0.0013272,-0.0013272,-0.0013272,-0.0005022,-0.0005022,-0.0013272,-0.0013272,-0.0013272,-0.0013272,-0.0005022,-0.0005022,-0.0013272,-0.0013272,-0.0013272,-0.0013272,-0.0015372,0.0,-0.0021522,0.0,-0.0021522,0.0,-0.0015372,0.0,-0.0021522,0.0,-0.0021522,0.0,-0.0015372,0.0,-0.0021522,0.0,-0.0021522,0.0
2020-06-10 00:00:00-04:00,0.0007428000000000001,0.0007428000000000001,0.0007428000000000001,0.0007428000000000001,0.0021678,0.0021678,0.0007428000000000001,0.0007428000000000001,0.0007428000000000001,0.0007428000000000001,0.0021678,0.0021678,0.00020280000000000002,0.00020280000000000002,0.00020280000000000002,0.00020280000000000002,0.00020280000000000002,0.00020280000000000002,-0.0003972,-0.0003972,-0.0003972,-0.0003972,-0.0003972,-0.0003972,-0.0006522,-0.0006522,-0.0006522,-0.0006522,-0.0006522,-0.0006522,-0.0006522,-0.0006522,-0.0006522,-0.0006522,-0.0006522,-0.0006522
2020-06-11 00:00:00-04:00,0.0034127999999999997,0.0,0.0034127999999999997,0.0,0.0034127999999999997,0.0,0.0028577999999999998,0.0,0.0028577999999999998,0.0,0.0028577999999999998,0.0,0.0027677999999999995,0.0,0.0027677999999999995,0.0,0.0027677999999999995,0.0,-0.0041172000000000005,-0.0041172000000000005,-0.0016722,-0.0016722,-0.0016722,-0.0016722,-0.0048222000000000004,-0.0048222000000000004,-0.0023772,-0.0023772,-0.0023772,-0.0023772,-0.0054522,-0.0054522,-0.0030072000000000002,-0.0030072000000000002,-0.0030072000000000002,-0.0030072000000000002
2020-06-12 00:00:00-04:00,0.0011928,0.0011928,0.0011928,0.0011928,0.0057377999999999995,0.0057377999999999995,0.0011928,0.0011928,0.0011928,0.0011928,0.0057377999999999995,0.0057377999999999995,0.0001878,0.0001878,0.0001878,0.0001878,0.0001878,0.0001878,-0.0033522,-0.0016572,-0.0047922,-0.0016572,-0.0047922,-0.0016572,-0.0033522,-0.0016572,-0.0047922,-0.0016572,-0.0047922,-0.0016572,-0.0033522,-0.0016572,-0.0047922,-0.0016572,-0.0047922,-0.0016572
2020-06-15 00:00:00-04:00,-0.0091122,-0.0091122,-0.004327200000000001,-0.004327200000000001,-0.004327200000000001,-0.004327200000000001,-0.0092322,-0.0092322,-0.0044472,-0.0044472,-0.0044472,-0.0044472,-0.010087200000000001,-0.010087200000000001,-0.0053022,-0.0053022,-0.0053022,-0.0053022,0.0070728,-0.0093072,-0.0018522,-0.0019422,-0.0018522,-0.0019422,0.0070728,-0.0093072,-0.0018522,-0.0019422,-0.0018522,-0.0019422,-0.0096672,-0.0096672,-0.0025872000000000004,-0.0025872000000000004,-0.0025872000000000004,-0.0025872000000000004
2020-06-16 00:00:00-04:00,0.0022128,0.0022128,0.0022128,0.0022128,0.005527799999999999,0.005527799999999999,0.0022128,0.0022128,0.0022128,0.0022128,0.005527799999999999,0.005527799999999999,0.0022128,0.0022128,0.0022128,0.0022128,0.0055877999999999995,0.0055877999999999995,-0.0016572,-0.0007122,-0.0017922,-0.0007122,-0.0017922,-0.0007122,-0.0016572,-0.0007122,-0.0017922,-0.0007122,-0.0017922,-0.0007122,-0.0007122,-0.0007122,-0.0007122,-0.0007122,-0.0007122,-0.0007122
2020-06-17 00:00:00-04:00,-0.0033372000000000002,0.0012078,-0.0020472,-0.0020472,-0.0020472,-0.0020472,0.0012078,0.0012078,-0.0023022,-0.0023022,-0.0023022,-0.0023022,0.0004578,0.0004578,-0.0030522,-0.0030522,-0.0030522,-0.0030522,-0.0021972,0.0,-0.0026022000000000003,0.0,-0.0026022000000000003,0.0,-0.0035022000000000005,0.0,-0.0039072,0.0,-0.0039072,0.0,-0.0035022000000000005,0.0,-0.0039072,0.0,-0.0039072,0.0
2020-06-18 00:00:00-04:00,-0.0004422,-0.0004422,-0.0016572,-0.0016572,-0.0016572,-0.0016572,-0.0004422,-0.0004422,-0.0016572,-0.0016572,-0.0016572,-0.0016572,-0.0013422,0.0,-0.0021372,0.0,0.0040278,0.0,-0.004627200000000001,0.0013578,-0.0030672000000000004,0.0013578,-0.0030672000000000004,0.0013578,-0.004627200000000001,0.0013578,-0.0030672000000000004,0.0013578,-0.0030672000000000004,0.0013578,-0.004627200000000001,0.0013578,-0.0030672000000000004,0.0013578,-0.0030672000000000004,0.0013578
2020-06-19 00:00:00-04:00,0.0029477999999999996,0.0029477999999999996,-0.0012372,-0.0012372,-0.0012372,-0.0012372,0.0027227999999999996,0.0027227999999999996,-0.0014622,-0.0014622,-0.0014622,-0.0014622,0.0022728,0.0022728,-0.0019122,-0.0019122,-0.0019122,-0.0019122,-0.0032772,0.0019428,-0.0011172,0.0019428,-0.0011172,0.0018978,-0.0035622,0.0019428,-0.0014022,0.0019428,-0.0014022,0.0027378,-0.003922200000000001,0.0019428,-0.0017622,0.0019428,-0.0017622,0.0019428
2020-06-22 00:00:00-04:00,0.005017799999999999,0.005017799999999999,0.005017799999999999,0.005017799999999999,0.005017799999999999,0.005017799999999999,0.005017799999999999,0.005017799999999999,0.005017799999999999,0.005017799999999999,0.005017799999999999,0.005017799999999999,0.0041627999999999995,0.0041627999999999995,0.0041627999999999995,0.0041627999999999995,0.0041627999999999995,0.0041627999999999995,0.0035627999999999996,0.0035627999999999996,0.0035627999999999996,0.0035627999999999996,0.0032178,0.0032178,0.0024078,0.0024078,0.0024078,0.0024078,0.0024078,0.0024078,0.0024078,0.0024078,0.0024078,0.0024078,0.0024078,0.0024078
2020-06-23 00:00:00-04:00,9.779999999999999e-05,9.779999999999999e-05,-0.0011322,-0.0011322,-0.0011322,-0.0011322,-0.0004272,-0.0004272,-0.0016572,-0.0016572,-0.0016572,-0.0016572,-0.0008022,-0.0008022,-0.0022122,-0.0022122,-0.0022122,-0.0022122,-3.720000000000001e-05,0.0,-3.720000000000001e-05,0.0,0.0013278,0.0,-0.0002472,0.0,-0.0002472,0.0,0.0017478,0.0,-0.0006822,0.0,-0.0006822,0.0,0.0026177999999999996,0.0
2020-06-24 00:00:00-04:00,0.0012378,0.0012378,-0.0017022,-0.0017022,-0.0017022,-0.0017022,-0.0030372000000000003,0.0009678,-0.0018672,0.0009678,-0.0018672,0.0009678,0.0009678,0.0009678,0.0009678,0.0009678,0.0009678,0.0009678,0.0006828,0.0006828,-0.0019572,-0.0019572,-0.0019572,-0.0019572,9.779999999999999e-05,9.779999999999999e-05,-0.0025422,-0.0025422,-0.0025422,-0.0025422,-0.00020219999999999998,-0.00020219999999999998,-0.00020219999999999998,-0.00020219999999999998,-0.00020219999999999998,-0.00020219999999999998
2020-06-25 00:00:00-04:00,-0.00023219999999999998,-0.0026022000000000003,-0.0026922,-0.0019872,-0.0026922,-0.0019872,-0.00023219999999999998,-0.0026022000000000003,-0.0026922,-0.0019872,-0.0026922,-0.0019872,-0.00023219999999999998,-0.0026022000000000003,-0.0026922,-0.0024072,-0.0026922,-0.0024072,-0.0015972,-0.0015972,-0.0026172,-0.0026172,-0.0026172,-0.0026172,-0.0026022000000000003,-0.0026022000000000003,-0.0036222000000000003,-0.0036222000000000003,-0.0036222000000000003,-0.0036222000000000003,-0.0012222,0.0,-0.0012222,0.0,-0.0012222,0.0
2020-06-26 00:00:00-04:00,-0.0023472,-0.0023472,-0.0018821999999999999,-0.0018821999999999999,-0.0018821999999999999,-0.0018821999999999999,-0.0023472,-0.0023472,-0.0019122,-0.0019122,-0.0019122,-0.0019122,-0.0023472,-0.0023472,-0.0019122,-0.0019122,-0.0019122,-0.0019122,3.779999999999999e-05,0.0,-0.0018972,0.0,-0.0018972,0.0,3.779999999999999e-05,0.0,-0.0018972,0.0,-0.0018972,0.0,0.0,0.0,0.0,0.0,0.0,0.0
2020-06-29 00:00:00-04:00,0.0003228,0.0003228,0.0003228,0.0003228,0.0003228,0.0003228,-6.720000000000001e-05,-6.720000000000001e-05,-6.720000000000001e-05,-6.720000000000001e-05,-6.720000000000001e-05,-6.720000000000001e-05,-6.720000000000001e-05,-6.720000000000001e-05,-6.720000000000001e-05,-6.720000000000001e-05,-6.720000000000001e-05,-6.720000000000001e-05,-0.0005172,-0.0005172,-0.0018222,-0.0018222,-0.0018222,-0.0018222,-0.0005172,-0.0005172,-0.0019422,-0.0019422,-0.0019422,-0.0019422,-0.0009672,-0.0009672,-0.0023922,-0.0023922,-0.0023922,-0.0023922
2020-06-30 00:00:00-04:00,-0.0010122,-0.0010122,-0.0015372,-0.0015372,-0.0015372,-0.0015372,-0.0012822,-0.0012822,-0.0018072,-0.0018072,-0.0018072,-0.0018072,-0.0020922,-0.0020922,-0.0026172,-0.0026172,-0.0026172,-0.0026172,-0.0008772,-0.0008772,-0.0006972,-0.0006972,-0.0006972,-0.0006972,-0.0012672,-0.0012672,-0.0011322,-0.0011322,-0.0011322,-0.0011322,-0.0012672,-0.0012672,-0.0012522,-0.0012522,-0.0012522,-0.0012522
2020-07-01 00:00:00-04:00,0.0,0.0,0.0,0.0,0.0,0.0,0.0,0.0,0.0,0.0,0.0,0.0,0.0,0.0,0.0,0.0,0.0,0.0,-0.0002922,-0.0002922,-0.0011922,-0.0011922,-0.0011922,-0.0011922,-0.0002922,-0.0002922,-0.0011922,-0.0011922,-0.0011922,-0.0011922,0.0,0.0,0.0,0.0,0.0,0.0
2020-07-02 00:00:00-04:00,0.0029027999999999997,0.0029027999999999997,0.0029027999999999997,0.0029027999999999997,0.0018678,0.0018678,0.0027827999999999998,0.0027827999999999998,0.0027827999999999998,0.0027827999999999998,0.0021078,0.0021078,0.0021528,0.0021528,0.0021528,0.0021528,0.0021528,0.0021528,-0.0031872000000000003,0.0020928,-0.0009521999999999999,0.0020928,-0.0009521999999999999,0.0015978,0.0020928,0.0020928,0.0020928,0.0020928,0.0020928,0.0020928,0.0020928,0.0020928,0.0020928,0.0020928,0.0020928,0.0020928
2020-07-03 00:00:00-04:00,0.0007752,0.0007752,-0.0007348000000000001,-0.0007348000000000001,-0.0007348000000000001,-0.0007348000000000001,0.00034519999999999993,0.00034519999999999993,-0.0011648000000000001,-0.0011648000000000001,-0.0011648000000000001,-0.0011648000000000001,0.00034519999999999993,0.00034519999999999993,-0.0011648000000000001,-0.0011648000000000001,-0.0011648000000000001,-0.0011648000000000001,0.0012078,0.0012078,0.0012078,0.0012078,0.0012078,0.0012078,0.0012078,0.0012078,0.0012078,0.0012078,0.0012078,0.0012078,0.00034519999999999993,0.00034519999999999993,0.00034519999999999993,0.00034519999999999993,0.00034519999999999993,0.00034519999999999993
2020-07-06 00:00:00-04:00,0.0057528,0.0057528,0.0057528,0.0057528,0.0059778,0.0059778,0.0053628,0.0053628,0.0053628,0.0053628,0.0053628,0.0053628,0.0048378,0.0048378,0.0048378,0.0048378,0.0048378,0.0048378,0.0045378,0.0045378,0.0045378,0.0045378,0.0015378,0.0015378,0.0045378,0.0045378,0.0045378,0.0045378,0.0015378,0.0015378,0.0014252000000000002,0.0014252000000000002,0.0014252000000000002,0.0014252000000000002,0.0014252000000000002,0.0014252000000000002
2020-07-07 00:00:00-04:00,-0.0015748,-0.0015748,-0.0009348000000000001,-0.0009348000000000001,0.0017052,0.0017052,-0.0015748,-0.0015748,-0.0010748,-0.0010748,-0.0010748,-0.0010748,-0.0019947999999999997,-0.0019947999999999997,-0.0014948,-0.0014948,-0.0014948,-0.0014948,-0.0031248,-0.0031248,-0.0012348,-0.0012348,-0.0012348,-0.0012348,-0.0033248,-0.0033248,-0.0014348,-0.0014348,-0.0014348,-0.0014348,0.0017352000000000001,0.0,0.0017352000000000001,0.0,0.0017352000000000001,0.0
2020-07-08 00:00:00-04:00,-0.0001348,-0.0001348,-0.0009248,-0.0009248,-0.0009248,-0.0009248,-0.0003048,-0.0003048,-0.0010948,-0.0010948,-0.0010948,-0.0010948,-0.0003048,-0.0003048,-0.0010948,-0.0010948,-0.0010948,-0.0010948,-0.0008648,-0.0008648,-0.0013147999999999999,-0.0013147999999999999,-0.0013147999999999999,-0.0013147999999999999,-0.0010748,-0.0010748,-0.0015248,-0.0015248,-0.0015248,-0.0015248,-0.0010748,-0.0010748,-0.0015248,-0.0015248,-0.0015248,-0.0015248
2020-07-09 00:00:00-04:00,0.0002152,0.0,0.0002152,0.0,0.0002152,0.0,9.52e-05,0.0,9.52e-05,0.0,9.52e-05,0.0,-4.4800000000000005e-05,0.0,-4.4800000000000005e-05,0.0,-4.4800000000000005e-05,0.0,0.0001852,0.0,0.0001852,0.0,0.0001852,0.0,-0.0003048,0.0,-0.0003048,0.0,-0.0003048,0.0,-0.0003048,0.0,-0.0003048,0.0,-0.0003048,0.0
2020-07-10 00:00:00-04:00,-0.0031048,-0.0031048,-0.0006748,-0.0006748,-0.0006748,-0.0006748,-0.0031048,-0.0031048,-0.0006748,-0.0006748,-0.0006748,-0.0006748,-0.0031048,-0.0031048,-0.0006748,-0.0006748,-0.0006748,-0.0006748,0.0028552,0.0,0.0028552,0.0,0.0015852000000000002,0.0,0.0028552,0.0,0.0028552,0.0,0.0015852000000000002,0.0,0.0013752,0.0,0.0013752,0.0,0.0013752,0.0
2020-07-13 00:00:00-04:00,-0.0002048,-0.0002048,-0.0002048,-0.0002048,-0.0002048,-0.0002048,0.0,0.0,0.0,0.0,0.0,0.0,0.0,0.0,0.0,0.0,0.0,0.0,-0.0015148,0.00039519999999999996,-0.0008948000000000001,0.00039519999999999996,-0.0008948000000000001,0.00039519999999999996,0.00039519999999999996,0.00039519999999999996,0.00039519999999999996,0.00039519999999999996,0.00039519999999999996,0.00039519999999999996,1.5199999999999995e-05,1.5199999999999995e-05,1.5199999999999995e-05,1.5199999999999995e-05,1.5199999999999995e-05,1.5199999999999995e-05
2020-07-14 00:00:00-04:00,0.0012052,0.0012052,0.0012052,0.0012052,0.0012052,0.0012052,0.0010152,0.0010152,0.0010152,0.0010152,0.0010152,0.0010152,0.0008751999999999999,0.0008751999999999999,0.0008751999999999999,0.0008751999999999999,0.0008751999999999999,0.0008751999999999999,-0.0023848,0.0006452,-0.0016048,-0.0015148,-0.0016048,-0.0015148,-0.0023848,0.0006452,-0.0016048,-0.0015148,-0.0016048,-0.0015148,-0.0023848,0.0006452,-0.0016048,-0.0015148,-0.0016048,-0.0015148
2020-07-15 00:00:00-04:00,-0.00039480000000000006,0.0,-0.00039480000000000006,0.0,-0.00039480000000000006,0.0,-0.00039480000000000006,0.0,-0.00039480000000000006,0.0,-0.00039480000000000006,0.0,-0.00039480000000000006,0.0,-0.00039480000000000006,0.0,-0.00039480000000000006,0.0,0.0007551999999999999,0.0,0.0007551999999999999,0.0,0.0018652,0.0,0.0007551999999999999,0.0,0.0007551999999999999,0.0,0.0018652,0.0,0.0007551999999999999,0.0,0.0007551999999999999,0.0,0.0018652,0.0
2020-07-16 00:00:00-04:00,0.0039552,0.0,0.0039552,0.0,0.0009251999999999999,0.0,0.0034151999999999997,0.0,0.0034151999999999997,0.0,0.0022252,0.0,0.0016652000000000001,0.0,0.0016652000000000001,0.0,0.0016652000000000001,0.0,0.0007252,0.0,0.0007252,0.0,0.0007252,0.0,0.0007252,0.0,0.0007252,0.0,0.0007252,0.0,0.0007252,0.0,0.0007252,0.0,0.0007252,0.0
2020-07-17 00:00:00-04:00,0.0019578,0.0019578,0.0019578,0.0019578,0.0027378,0.0027378,0.0013278,0.0013278,0.0013278,0.0013278,0.0013278,0.0013278,0.0008928,0.0008928,0.0008928,0.0008928,0.0008928,0.0008928,-0.0004422,-0.0004422,-0.0013422,-0.0013422,-0.0013422,-0.0013422,-0.0004422,-0.0004422,-0.0013422,-0.0013422,-0.0013422,-0.0013422,-0.0011772,-0.0008922,-0.0015822,-0.0008922,-0.0015822,-0.0008922
2020-07-20 00:00:00-04:00,0.0019428,0.0,0.0019428,0.0,0.0019428,0.0,0.0019428,0.0,0.0019428,0.0,0.0019428,0.0,0.0019428,0.0,0.0019428,0.0,0.0019428,0.0,0.0038328,0.0,0.0038328,0.0,0.0018978,0.0,0.0038328,0.0,0.0038328,0.0,0.0018978,0.0,0.0019428,0.0,0.0019428,0.0,0.0019428,0.0
2020-07-21 00:00:00-04:00,-0.005797200000000001,0.0032178,-0.0022872,0.0032178,-0.0022872,0.0041778,-0.005797200000000001,0.0032178,-0.0022872,0.0032178,-0.0022872,0.0041778,0.0032178,0.0032178,0.0032178,0.0032178,0.0032178,0.0032178,0.0032178,0.0032178,0.0032178,0.0032178,0.0032178,0.0032178,0.0032178,0.0032178,0.0032178,0.0032178,0.0032178,0.0032178,0.0025278,0.0025278,0.0025278,0.0025278,0.0025278,0.0025278
2020-07-22 00:00:00-04:00,0.00020280000000000002,0.00020280000000000002,0.00020280000000000002,0.00020280000000000002,0.0016578,0.0016578,-0.0002622,-0.0002622,-0.0002622,-0.0002622,0.0025878,0.0025878,-0.0020472,-0.0020472,-0.0020472,-0.0020472,-0.0020472,-0.0020472,-0.0008322,-0.0020472,-0.0018821999999999999,-0.0025572,-0.0018821999999999999,-0.0025572,-0.0008322,-0.0020472,-0.0019272,-0.0025572,-0.0019272,-0.0025572,-0.0020472,-0.0020472,-0.0028722,-0.0028722,-0.0028722,-0.0028722
2020-07-23 00:00:00-04:00,0.0031877999999999997,0.0031877999999999997,-0.0017171999999999999,-0.0017171999999999999,-0.0017171999999999999,-0.0017171999999999999,-0.004987200000000001,0.0,-0.0018222,0.0,-0.0018222,0.0,-0.004987200000000001,0.0,-0.0018222,0.0,-0.0018222,0.0,-0.0065472,0.0041478,-0.0021072,-0.0013722,-0.0021072,-0.0013722,0.0041478,0.0041478,0.0041478,0.0041478,0.0043878,0.0043878,0.0041478,0.0041478,0.0041478,0.0041478,0.0044177999999999995,0.0044177999999999995
2020-07-24 00:00:00-04:00,-0.0065648,-0.0065648,-0.0009948000000000001,-0.0009948000000000001,-0.0009948000000000001,-0.0009948000000000001,-0.0065648,-0.0065648,-0.0009948000000000001,-0.0009948000000000001,-0.0009948000000000001,-0.0009948000000000001,-0.0067848000000000006,-0.0067848000000000006,-0.0012148,-0.0012148,-0.0012148,-0.0012148,-0.0067848000000000006,-0.0067848000000000006,-0.0008648,-0.0008648,-0.0008648,-0.0008648,-0.0067848000000000006,-0.0067848000000000006,-0.0008848,-0.0008848,-0.0008848,-0.0008848,0.0052552,0.0,0.0052552,0.0,0.0028452,0.0
2020-07-27 00:00:00-04:00,-0.0030648000000000003,-0.00033480000000000006,-0.0026748,-0.00033480000000000006,-0.0026748,-0.00033480000000000006,-0.0042948000000000005,-0.00033480000000000006,-0.0039048000000000004,-0.00033480000000000006,-0.0039048000000000004,-0.00033480000000000006,-0.0042948000000000005,-0.00033480000000000006,-0.0039048000000000004,-0.00033480000000000006,-0.0039048000000000004,-0.00033480000000000006,0.0016552000000000001,0.0016552000000000001,0.0016552000000000001,0.0016552000000000001,0.0016552000000000001,0.0016552000000000001,0.0007852,0.0007852,0.0007852,0.0007852,0.0007852,0.0007852,0.0005451999999999999,0.0005451999999999999,0.0005451999999999999,0.0005451999999999999,0.0005451999999999999,0.0005451999999999999
2020-07-28 00:00:00-04:00,-6.48e-05,-6.48e-05,-6.48e-05,-6.48e-05,0.0015652,0.0015652,-6.48e-05,-6.48e-05,-6.48e-05,-6.48e-05,0.0015652,0.0015652,-0.0007648,-0.0007648,-0.0007648,-0.0007648,-0.0007648,-0.0007648,-0.0013348,-0.0013348,-0.0016447999999999999,-0.0016447999999999999,-0.0016447999999999999,-0.0016447999999999999,-0.0013348,-0.0013348,-0.0016447999999999999,-0.0016447999999999999,-0.0016447999999999999,-0.0016447999999999999,-0.0016648,-0.0016648,-0.0019748,-0.0019748,-0.0019748,-0.0019748
2020-07-29 00:00:00-04:00,-0.0005748000000000001,-0.00035480000000000006,-0.0007948,-0.0008248,-0.0007948,-0.0008248,-0.0006748,-0.00035480000000000006,-0.0008948000000000001,-0.0008648,-0.0008948000000000001,-0.0008648,-0.0007648,-0.00035480000000000006,-0.0009848,-0.0009948000000000001,-0.0009848,-0.0009948000000000001,-6.48e-05,-6.48e-05,-0.0010848000000000001,-0.0010848000000000001,-0.0010848000000000001,-0.0010848000000000001,-0.00035480000000000006,-0.00035480000000000006,-0.0013747999999999998,-0.0013747999999999998,-0.0013747999999999998,-0.0013747999999999998,-0.0013448,0.0,-0.0013448,0.0,-0.0013448,0.0
2020-07-30 00:00:00-04:00,0.0022652,0.0,0.0022652,0.0,0.0011652,0.0,0.0019452,0.0,0.0019452,0.0,0.0018052,0.0,0.0016752000000000002,0.0,0.0016752000000000002,0.0,0.0016752000000000002,0.0,0.0013052,0.0,0.0013052,0.0,0.0013052,0.0,0.0010852,0.0,0.0010852,0.0,0.0010852,0.0,0.0010651999999999999,0.0,0.0010651999999999999,0.0,0.0010651999999999999,0.0
2020-07-31 00:00:00-04:00,-0.0007348000000000001,-0.0007048,-0.0013248,-0.0012748,-0.0013248,-0.0012748,-0.0013548,-0.0007048,-0.0019448,-0.0018847999999999998,-0.0019448,-0.0018847999999999998,-0.0007048,-0.0007048,-0.0021248,-0.0021248,-0.0021248,-0.0021248,-0.0011148,-0.00021480000000000002,-0.0012248,-0.0009748000000000001,-0.0012248,-0.0009748000000000001,-0.0011148,-0.00021480000000000002,-0.0012248,-0.0009748000000000001,-0.0012248,-0.0009748000000000001,-0.00021480000000000002,-0.00021480000000000002,-0.0013248,-0.0013248,-0.0013248,-0.0013248
2020-08-03 00:00:00-04:00,-0.0018548,0.0,-0.0027248000000000003,0.0,-0.0027248000000000003,0.0,0.0,0.0,0.0,0.0,0.0,0.0,0.0,0.0,0.0,0.0,0.0,0.0,-0.0013648,-9.48e-05,-0.0010148,-9.48e-05,-0.0010148,-9.48e-05,-9.48e-05,-9.48e-05,-9.48e-05,-9.48e-05,-9.48e-05,-9.48e-05,-0.0006248,-0.0006248,-0.0006248,-0.0006248,-0.0006248,-0.0006248
2020-08-04 00:00:00-04:00,-0.0021348,0.0007652,-0.0010548,0.0007652,-0.0010548,0.0007652,-0.0021348,0.0007652,-0.0010548,0.0007652,-0.0010548,0.0007652,-0.0021348,0.0007652,-0.0010548,0.0007652,-0.0010548,0.0007652,0.0015252000000000002,0.0015252000000000002,0.0015252000000000002,0.0015252000000000002,0.0011451999999999999,0.0011451999999999999,0.0015252000000000002,0.0015252000000000002,0.0015252000000000002,0.0015252000000000002,0.0011451999999999999,0.0011451999999999999,0.0007652,0.0007652,0.0007652,0.0007652,0.0007652,0.0007652
2020-08-05 00:00:00-04:00,-0.0024448,0.0015252000000000002,-0.0007248,0.0015252000000000002,-0.0007248,0.0014052000000000001,-0.0024448,0.0015252000000000002,-0.0007248,0.0015252000000000002,-0.0007248,0.0014052000000000001,-0.0024448,0.0015252000000000002,-0.0007248,0.0015252000000000002,-0.0007248,0.0014052000000000001,-0.0026148,0.0015252000000000002,-0.0008948000000000001,0.0015252000000000002,-0.0008948000000000001,0.0015252000000000002,0.0015252000000000002,0.0015252000000000002,0.0015252000000000002,0.0015252000000000002,0.0015252000000000002,0.0015252000000000002,0.0015252000000000002,0.0015252000000000002,0.0015252000000000002,0.0015252000000000002,0.0015252000000000002,0.0015252000000000002
2020-08-06 00:00:00-04:00,-0.0002648,-0.0002648,-0.0005848,-0.0005848,0.0010052,0.0010052,-0.0007748000000000001,-0.0007748000000000001,-0.0010948,-0.0010948,-0.0010948,-0.0010948,-0.0007748000000000001,-0.0007748000000000001,-0.0010948,-0.0010948,-0.0010948,-0.0010948,-0.0001248,-0.0001248,-0.00039480000000000006,-0.00039480000000000006,0.0006251999999999999,0.0006251999999999999,-0.0013147999999999999,-0.0013147999999999999,-0.0015848,-0.0015848,-0.0015848,-0.0015848,-0.0013147999999999999,-0.0013147999999999999,-0.0015848,-0.0015848,-0.0015848,-0.0015848
2020-08-07 00:00:00-04:00,0.0018052,-0.0030248000000000002,-0.0006448000000000001,-0.0010648,-0.0006448000000000001,-0.0010648,0.0017052,-0.0030248000000000002,-0.0007448,-0.0012148,-0.0007448,-0.0012148,0.0017052,-0.0030248000000000002,-0.0007448,-0.0012148,-0.0007448,-0.0012148,-0.0030248000000000002,-0.0030248000000000002,-0.0014448,-0.0014448,-0.0014448,-0.0014448,0.0010552,0.0,0.0010552,0.0,0.0010552,0.0,0.0010552,0.0,0.0010552,0.0,0.0010552,0.0
2020-08-10 00:00:00-04:00,-0.0013947999999999999,0.0,-0.0013947999999999999,0.0,-0.0013947999999999999,0.0,0.0,0.0,0.0,0.0,0.0,0.0,0.0,0.0,0.0,0.0,0.0,0.0,-0.0008848,-0.00033480000000000006,-0.0010348,-0.00033480000000000006,-0.0010348,-0.00033480000000000006,-0.0008848,-0.00033480000000000006,-0.0011548,-0.00033480000000000006,-0.0011548,-0.00033480000000000006,-0.0008848,-0.00033480000000000006,-0.0011548,-0.00033480000000000006,-0.0011548,-0.00033480000000000006
2020-08-11 00:00:00-04:00,-0.0016648,0.0007951999999999999,-0.0006448000000000001,0.0007951999999999999,-0.0006448000000000001,0.0014052000000000001,-0.0016648,0.0007951999999999999,-0.0006448000000000001,0.0007951999999999999,-0.0006448000000000001,0.0014052000000000001,-0.0017147999999999998,0.0007951999999999999,-0.0006948000000000001,0.0007951999999999999,-0.0006948000000000001,0.0015852000000000002,0.0007951999999999999,0.0007951999999999999,0.0007951999999999999,0.0007951999999999999,0.0008652,0.0008652,0.0007951999999999999,0.0007951999999999999,0.0007951999999999999,0.0007951999999999999,0.0012852,0.0012852,-9.48e-05,-9.48e-05,-9.48e-05,-9.48e-05,-9.48e-05,-9.48e-05
2020-08-12 00:00:00-04:00,-0.0009248,-0.0002748,-0.0010748,-0.0010348,-0.0010748,-0.0010348,-0.0009248,-0.0002748,-0.0010848000000000001,-0.0010348,-0.0010848000000000001,-0.0010348,-0.0002748,-0.0002748,-0.0011648000000000001,-0.0011648000000000001,-0.0011648000000000001,-0.0011648000000000001,-0.0001448,-0.0001448,-0.0010548,-0.0010548,-0.0010548,-0.0010548,-0.0015248,0.0,-0.0018147999999999999,0.0,-0.0018147999999999999,0.0,-0.0024648,0.0,-0.0027548000000000004,0.0,-0.0027548000000000004,0.0
2020-08-13 00:00:00-04:00,-0.0006448000000000001,-0.0006448000000000001,-0.0011648000000000001,-0.0011648000000000001,-0.0011648000000000001,-0.0011648000000000001,-0.0006448000000000001,-0.0006448000000000001,-0.0011648000000000001,-0.0011648000000000001,-0.0011648000000000001,-0.0011648000000000001,-0.0006448000000000001,-0.0006448000000000001,-0.0011648000000000001,-0.0011648000000000001,-0.0011648000000000001,-0.0011648000000000001,-0.0012248,-0.0012248,-0.0010648,-0.0010648,-0.0010648,-0.0010648,-0.0002648,0.0,-0.0002648,0.0,-0.0002648,0.0,0.0,0.0,0.0,0.0,0.0,0.0
2020-08-14 00:00:00-04:00,0.0005352,0.0005352,0.0005352,0.0005352,0.0012852,0.0012852,0.0005352,0.0005352,0.0005352,0.0005352,0.0012852,0.0012852,0.0005352,0.0005352,0.0005352,0.0005352,0.0012852,0.0012852,-0.0008048,0.0,-0.0008948000000000001,0.0,-0.0008948000000000001,0.0,-0.0008048,0.0,-0.0008948000000000001,0.0,-0.0008948000000000001,0.0,-0.0009648,0.0,-0.0010548,0.0,-0.0010548,0.0
2020-08-17 00:00:00-04:00,0.0007752,0.0007752,0.0007752,0.0007752,0.0007752,0.0007752,0.0007752,0.0007752,0.0007752,0.0007752,0.0007752,0.0007752,0.0007752,0.0007752,0.0007752,0.0007752,0.0007752,0.0007752,0.0007752,0.0007752,0.0007752,0.0007752,0.0008252,0.0008252,0.0007752,0.0007752,0.0007752,0.0007752,0.0008252,0.0008252,0.0007752,0.0007752,0.0007752,0.0007752,0.0008252,0.0008252
2020-08-18 00:00:00-04:00,-0.00022480000000000002,-0.00022480000000000002,-0.00035480000000000006,-0.00035480000000000006,0.0005451999999999999,0.0005451999999999999,-0.00036480000000000003,-0.00036480000000000003,-0.0004948,-0.0004948,-0.0004948,-0.0004948,-0.0004848,-0.0004848,-0.0006148000000000001,-0.0006148000000000001,-0.0006148000000000001,-0.0006148000000000001,0.00047519999999999995,0.0,0.00047519999999999995,0.0,0.00047519999999999995,0.0,0.00047519999999999995,0.0,0.00047519999999999995,0.0,0.00047519999999999995,0.0,0.00047519999999999995,0.0,0.00047519999999999995,0.0,0.00047519999999999995,0.0
2020-08-19 00:00:00-04:00,-0.0001648,0.0,-0.0001648,0.0,-0.0001648,0.0,-0.0001648,0.0,-0.0001648,0.0,-0.0001648,0.0,-0.0001648,0.0,-0.0001648,0.0,-0.0001648,0.0,-0.0005748000000000001,-0.0005748000000000001,-0.0005748000000000001,-0.0005748000000000001,-0.0005748000000000001,-0.0005748000000000001,-0.0005748000000000001,-0.0005748000000000001,-0.0005748000000000001,-0.0005748000000000001,-0.0005748000000000001,-0.0005748000000000001,-0.0005748000000000001,-0.0005748000000000001,-0.0005748000000000001,-0.0005748000000000001,-0.0005748000000000001,-0.0005748000000000001
2020-08-20 00:00:00-04:00,0.0016452,0.0,0.0016452,0.0,0.0017052,0.0,0.0016452,0.0,0.0016452,0.0,0.0017052,0.0,0.0016452,0.0,0.0016452,0.0,0.0017052,0.0,-0.0013248,-0.0013248,-0.0009148,-0.0009148,-0.0009148,-0.0009148,-0.0013248,-0.0013248,-0.0009148,-0.0009148,-0.0009148,-0.0009148,4.5199999999999994e-05,0.0,4.5199999999999994e-05,0.0,4.5199999999999994e-05,0.0
2020-08-21 00:00:00-04:00,0.0002452,0.0002452,0.0002452,0.0002452,0.0002452,0.0002452,0.0002452,0.0002452,0.0002452,0.0002452,0.0002452,0.0002452,3.5199999999999995e-05,3.5199999999999995e-05,3.5199999999999995e-05,3.5199999999999995e-05,3.5199999999999995e-05,3.5199999999999995e-05,-0.0004648,-0.0004648,-0.0006248,-0.0006248,-0.0006248,-0.0006248,-0.0006348,-0.0006348,-0.0007948,-0.0007948,-0.0007948,-0.0007948,-0.0002748,0.0,-0.0002748,0.0,-0.0002748,0.0
2020-08-24 00:00:00-04:00,0.0010052,0.0010052,-0.0007848,-0.0007848,-0.0007848,-0.0007848,0.0010052,0.0010052,-0.0007848,-0.0007848,-0.0007848,-0.0007848,0.0010052,0.0010052,-0.0007848,-0.0007848,-0.0007848,-0.0007848,0.0011252,0.0011252,0.0011252,0.0011252,0.0011252,0.0011252,0.0007752,0.0007752,0.0007752,0.0007752,0.0007752,0.0007752,0.0007752,0.0007752,0.0007752,0.0007752,0.0007752,0.0007752
2020-08-25 00:00:00-04:00,-0.0027522000000000002,0.0016878,-0.0006972,0.0016878,-0.0006972,0.0017178,-0.0027522000000000002,0.0016878,-0.0006972,0.0016878,-0.0006972,0.0017178,-0.0027522000000000002,0.0016878,-0.0006972,0.0016878,-0.0006972,0.0017178,0.0016428,0.0016428,0.0016428,0.0016428,0.0012078,0.0012078,0.0014178,0.0014178,0.0014178,0.0014178,0.0016578,0.0016578,0.0005778000000000001,0.0005778000000000001,0.0005778000000000001,0.0005778000000000001,0.0005778000000000001,0.0005778000000000001
2020-08-26 00:00:00-04:00,-0.0002922,-0.0008022,-0.0006372,-0.0010122,-0.0006372,-0.0010122,-0.00038219999999999997,-0.0008022,-0.0007272,-0.0010722,-0.0007272,-0.0010722,-0.0008022,-0.0008022,-0.0011772,-0.0011772,-0.0011772,-0.0011772,0.0002628,0.0,0.0002628,0.0,0.0002628,0.0,0.0002628,0.0,0.0002628,0.0,0.0002628,0.0,-7.2000000000000065e-06,0.0,-7.2000000000000065e-06,0.0,-7.2000000000000065e-06,0.0
2020-08-27 00:00:00-04:00,-0.00036480000000000003,0.0,-0.00036480000000000003,0.0,-0.00036480000000000003,0.0,-0.00036480000000000003,0.0,-0.00036480000000000003,0.0,-0.00036480000000000003,0.0,-0.0005348,0.0,-0.0005348,0.0,-0.0005348,0.0,-0.0001948,-0.0001948,-0.0008548000000000001,-0.0008548000000000001,-0.0008548000000000001,-0.0008548000000000001,-0.0001948,-0.0001948,-0.0008548000000000001,-0.0008548000000000001,-0.0008548000000000001,-0.0008548000000000001,-0.0001948,-0.0001948,-0.0008548000000000001,-0.0008548000000000001,-0.0008548000000000001,-0.0008548000000000001
2020-08-28 00:00:00-04:00,0.0012378,0.0012378,-0.0010122,-0.0010122,-0.0010122,-0.0010122,0.0012378,0.0012378,-0.0010122,-0.0010122,-0.0010122,-0.0010122,0.0011928,0.0011928,-0.0010572,-0.0010572,-0.0010572,-0.0010572,-0.0015822,-0.0007871999999999999,-0.0011022,-0.0019422,-0.0011022,-0.0019422,-0.0015822,-0.0007871999999999999,-0.0011022,-0.0020022,-0.0011022,-0.0020022,-0.0020322,-0.0007871999999999999,-0.0015521999999999999,-0.0007871999999999999,-0.0015521999999999999,-0.0007871999999999999
2020-08-31 00:00:00-04:00,0.0018978,0.0018978,0.0018978,0.0018978,0.0031277999999999996,0.0031277999999999996,0.0018978,0.0018978,0.0018978,0.0018978,0.0031277999999999996,0.0031277999999999996,0.0010878,0.0010878,0.0010878,0.0010878,0.0010878,0.0010878,-0.0014772,-0.0014772,-0.0014772,-0.0014772,-0.0014772,-0.0014772,-0.0014772,-0.0014772,-0.0014772,-0.0014772,-0.0014772,-0.0014772,0.0,0.0,0.0,0.0,0.0,0.0
2020-09-01 00:00:00-04:00,-0.0059772,0.0038328,-0.0019722,0.0038328,-0.0019722,0.0032777999999999996,0.0038328,0.0038328,0.0038328,0.0038328,0.0038328,0.0038328,0.0038328,0.0038328,0.0038328,0.0038328,0.0038328,0.0038328,0.0025128,0.0025128,0.0025128,0.0025128,0.0025128,0.0025128,0.0025128,0.0025128,0.0025128,0.0025128,0.0025128,0.0025128,0.0025128,0.0025128,0.0025128,0.0025128,0.0025128,0.0025128
2020-09-02 00:00:00-04:00,0.0041928,0.0041928,0.0041928,0.0041928,0.0016578,0.0016578,0.0041928,0.0041928,0.0041928,0.0041928,0.0016578,0.0016578,0.0033377999999999997,0.0033377999999999997,0.0033377999999999997,0.0033377999999999997,0.0033678,0.0033678,0.0011628,0.0011628,0.0011628,0.0011628,0.0011628,0.0011628,0.0005328,0.0005328,0.0005328,0.0005328,0.0005328,0.0005328,0.0,0.0,0.0,0.0,0.0,0.0
2020-09-03 00:00:00-04:00,-0.0027372000000000004,-0.0027372000000000004,-0.0007871999999999999,-0.0007871999999999999,0.0013278,0.0013278,-0.0029622000000000003,-0.0029622000000000003,-0.0010122,-0.0010122,-0.0010122,-0.0010122,-0.0034422000000000003,-0.0034422000000000003,-0.0014922,-0.0014922,-0.0014922,-0.0014922,0.0015528,0.0,0.0015528,0.0,0.0015528,0.0,0.0015528,0.0,0.0015528,0.0,0.0015528,0.0,-0.00017219999999999998,0.0,-0.00017219999999999998,0.0,-0.00017219999999999998,0.0
2020-09-04 00:00:00-04:00,0.0016752000000000002,0.0,0.0016752000000000002,0.0,0.0016752000000000002,0.0,0.0014152000000000001,0.0,0.0014152000000000001,0.0,0.0014152000000000001,0.0,-0.0008248,0.0,-0.0008248,0.0,-0.0008248,0.0,-0.00038480000000000003,-0.00038480000000000003,-0.0018448,-0.0018448,-0.0018448,-0.0018448,-0.0011148,-0.0011148,-0.0025748000000000004,-0.0025748000000000004,-0.0025748000000000004,-0.0025748000000000004,-0.0021847999999999998,-0.0021847999999999998,-0.0036448,-0.0036448,-0.0036448,-0.0036448
2020-09-07 00:00:00-04:00,-0.0017748,0.0,-0.0017748,0.0,-0.0017748,0.0,0.0,0.0,0.0,0.0,0.0,0.0,0.0,0.0,0.0,0.0,0.0,0.0,-0.0026648,-0.0026648,-0.0030448000000000003,-0.0030448000000000003,-0.0030448000000000003,-0.0030448000000000003,-0.0026648,-0.0026648,-0.0030448000000000003,-0.0030448000000000003,-0.0030448000000000003,-0.0030448000000000003,0.0,0.0,0.0,0.0,0.0,0.0
2020-09-08 00:00:00-04:00,0.0002752,0.0002752,-0.0016848,-0.0016848,-0.0016848,-0.0016848,-0.0013348,-0.0013348,-0.0032948,-0.0032948,-0.0032948,-0.0032948,-0.0024548,0.0,-0.0024548,0.0,-0.0024548,0.0,-0.0004648,0.0,-0.0004648,0.0,-0.0004648,0.0,-0.0011448,0.0,-0.0011448,0.0,-0.0011448,0.0,-0.0011448,0.0,-0.0011448,0.0,-0.0011448,0.0
2020-09-09 00:00:00-04:00,0.0037151999999999997,0.0037151999999999997,0.0037151999999999997,0.0037151999999999997,0.0063051999999999995,0.0063051999999999995,0.0037151999999999997,0.0037151999999999997,0.0037151999999999997,0.0037151999999999997,0.0063051999999999995,0.0063051999999999995,0.0030551999999999997,0.0030551999999999997,0.0030551999999999997,0.0030551999999999997,0.0030551999999999997,0.0030551999999999997,0.0008351999999999999,0.0008351999999999999,0.0008351999999999999,0.0008351999999999999,0.0038851999999999997,0.0038851999999999997,-0.0004848,-0.0004848,-0.0004848,-0.0004848,-0.0004848,-0.0004848,-0.0014647999999999998,-0.0014647999999999998,-0.0014647999999999998,-0.0014647999999999998,-0.0014647999999999998,-0.0014647999999999998
2020-09-10 00:00:00-04:00,0.0005851999999999999,0.0005851999999999999,-0.0017748,-0.0017748,-0.0017748,-0.0017748,-5.4800000000000004e-05,-5.4800000000000004e-05,-0.0024148,-0.0024148,-0.0024148,-0.0024148,-0.0004948,-0.0004948,-0.0028548000000000002,-0.0028548000000000002,-0.0028548000000000002,-0.0028548000000000002,-0.0019148,0.0,-0.0023347999999999997,0.0,-0.0023347999999999997,0.0,-0.0019148,0.0,-0.0023347999999999997,0.0,-0.0023347999999999997,0.0,-0.0027848,0.0,-0.0032048000000000003,0.0,-0.0032048000000000003,0.0
2020-09-11 00:00:00-04:00,0.0035152,0.0035152,-0.0011448,-0.0011448,-0.0011448,-0.0011448,0.0033552,0.0033552,-0.0013047999999999998,-0.0013047999999999998,-0.0013047999999999998,-0.0013047999999999998,0.0028352,0.0028352,0.0028352,0.0028352,0.0028352,0.0028352,0.0028352,0.0028352,0.0028352,0.0028352,0.0028352,0.0028352,0.0022552,0.0022552,0.0022552,0.0022552,0.0022552,0.0022552,0.0017252,0.0017252,0.0017252,0.0017252,0.0017252,0.0017252
2020-09-14 00:00:00-04:00,0.004285199999999999,0.004285199999999999,0.004285199999999999,0.004285199999999999,0.004285199999999999,0.004285199999999999,0.0032351999999999997,0.0032351999999999997,0.0032351999999999997,0.0032351999999999997,0.0032351999999999997,0.0032351999999999997,0.0020652,0.0020652,0.0020652,0.0020652,0.0020652,0.0020652,-0.0035848,0.0026652,-0.0008448,0.0026652,-0.0008448,0.0013652,0.0026652,0.0026652,0.0026652,0.0026652,0.0020452,0.0020452,0.0026652,0.0026652,0.0026652,0.0026652,0.0020452,0.0020452
2020-09-15 00:00:00-04:00,0.0006152,0.0006152,-0.0011148,-0.0011148,-0.0011148,-0.0011148,0.0002952,0.0002952,-0.0014348,-0.0014348,-0.0014348,-0.0014348,-0.0024648,-4.4800000000000005e-05,-0.0022948,-4.4800000000000005e-05,-0.0022948,-4.4800000000000005e-05,-0.0016848,0.0005252,-0.0010748,0.0005252,-0.0010748,0.0013052,-0.0027648,0.0005252,-0.0021547999999999997,0.0005252,-0.0021547999999999997,0.0005252,0.0005252,0.0005252,0.0005252,0.0005252,0.0005252,0.0005252
2020-09-16 00:00:00-04:00,-0.0014148,0.0002352,-0.0009448000000000001,-0.0009348000000000001,0.0017252,-0.0009348000000000001,-0.0014148,0.0002352,-0.0009448000000000001,-0.0009348000000000001,0.0017252,-0.0009348000000000001,-0.0014148,0.0002352,-0.0009448000000000001,-0.0009448000000000001,0.0017252,-0.0009448000000000001,0.0020252,0.0020252,0.0020252,0.0020252,0.0020252,0.0020252,0.0020252,0.0020252,0.0020252,0.0020252,0.0027251999999999997,0.0027251999999999997,0.0017152,0.0017152,0.0017152,0.0017152,0.0017152,0.0017152
2020-09-17 00:00:00-04:00,-0.0094448,-0.0094448,-0.0014448,-0.0014448,-0.0014448,-0.0014448,-0.0096348,-0.0096348,-0.0016347999999999998,-0.0016347999999999998,-0.0016347999999999998,-0.0016347999999999998,0.0078952,0.0,0.0078952,0.0,0.0035851999999999998,0.0,0.0078952,0.0,0.0078952,0.0,0.0023052000000000003,0.0,0.0049752,0.0,0.0049752,0.0,0.0049752,0.0,0.0042452,0.0,0.0042452,0.0,0.0042452,0.0
2020-09-18 00:00:00-04:00,0.0016852000000000002,0.0016852000000000002,-0.0012548000000000001,-0.0012548000000000001,-0.0012548000000000001,-0.0012548000000000001,0.0011752,0.0011752,-0.0017648,-0.0017648,-0.0017648,-0.0017648,0.0001552,0.0001552,-0.0027848,-0.0027848,-0.0027848,-0.0027848,-0.0024248,0.0001852,-0.0019947999999999997,0.0001852,-0.0019947999999999997,0.0001852,-0.0024248,0.0001852,-0.0019947999999999997,0.0001852,-0.0019947999999999997,0.0001852,-0.0030348000000000003,0.0001852,-0.0026048,0.0001852,-0.0026048,0.0001852
2020-09-21 00:00:00-04:00,-0.0022248,-0.0022248,-0.0039348000000000005,-0.0039348000000000005,-0.0039348000000000005,-0.0039348000000000005,-0.0022248,-0.0022248,-0.0039348000000000005,-0.0039348000000000005,-0.0039348000000000005,-0.0039348000000000005,-0.0022248,-0.0022248,-0.0039348000000000005,-0.0039348000000000005,-0.0039348000000000005,-0.0039348000000000005,-0.0026648,-0.0026648,-0.0017047999999999998,-0.0017047999999999998,-0.0017047999999999998,-0.0017047999999999998,-0.0034948,-0.0034948,-0.0025348,-0.0025348,-0.0025348,-0.0025348,-0.0034948,-0.0034948,-0.0025348,-0.0025348,-0.0025348,-0.0025348
2020-09-22 00:00:00-04:00,-0.0019448,-0.0019448,-0.0011748,-0.0011748,0.0021852,0.0021852,-0.0020147999999999998,-0.0020147999999999998,-0.0012448000000000001,-0.0012448000000000001,0.0023252,0.0023252,-0.0020147999999999998,-0.0020147999999999998,-0.0012448000000000001,-0.0012448000000000001,0.0023252,0.0023252,0.0016952,0.0,0.0016952,0.0,0.0016952,0.0,0.0016952,0.0,0.0016952,0.0,0.0016952,0.0,0.0016952,0.0,0.0016952,0.0,0.0016952,0.0
2020-09-23 00:00:00-04:00,-4.4800000000000005e-05,0.0,-4.4800000000000005e-05,0.0,-4.4800000000000005e-05,0.0,-0.00034480000000000003,0.0,-0.00034480000000000003,0.0,-0.00034480000000000003,0.0,-0.0009948000000000001,0.0,-0.0009948000000000001,0.0,-0.0009948000000000001,0.0,-0.0016347999999999998,0.0,-0.0015848,0.0,-0.0015848,0.0,-0.0016347999999999998,0.0,-0.0015848,0.0,-0.0015848,0.0,0.0,0.0,0.0,0.0,0.0,0.0
2020-09-24 00:00:00-04:00,0.0014852,-0.0038648000000000003,-0.0022648,-0.0018747999999999998,-0.0022648,-0.0018747999999999998,0.0014852,-0.0038648000000000003,-0.0022648,-0.0018747999999999998,-0.0022648,-0.0018747999999999998,0.0014852,-0.0038648000000000003,-0.0022648,-0.0018747999999999998,-0.0022648,-0.0018747999999999998,-0.0020348,-0.0020348,-0.0019648,-0.0019648,-0.0019648,-0.0019648,-0.0024947999999999997,-0.0024947999999999997,-0.0024248,-0.0024248,-0.0024248,-0.0024248,-0.0038648000000000003,-0.0038648000000000003,-0.0037948,-0.0037948,-0.0037948,-0.0037948
2020-09-25 00:00:00-04:00,-0.0015248,-0.0015248,-0.0017448,-0.0017448,-0.0017448,-0.0017448,-0.0015248,-0.0015248,-0.0017448,-0.0017448,-0.0017448,-0.0017448,-0.0015248,-0.0015248,-0.0017448,-0.0017448,-0.0017448,-0.0017448,-0.0021148,-0.0021148,-0.0015447999999999998,-0.0015447999999999998,-0.0015447999999999998,-0.0015447999999999998,-0.0021148,-0.0021148,-0.0015447999999999998,-0.0015447999999999998,-0.0015447999999999998,-0.0015447999999999998,-0.0021148,-0.0021148,-0.0015647999999999999,-0.0015647999999999999,-0.0015647999999999999,-0.0015647999999999999
2020-09-28 00:00:00-04:00,0.0007151999999999999,0.0007151999999999999,0.0007151999999999999,0.0007151999999999999,0.0007151999999999999,0.0007151999999999999,0.0007151999999999999,0.0007151999999999999,0.0007151999999999999,0.0007151999999999999,0.0007151999999999999,0.0007151999999999999,0.0007151999999999999,0.0007151999999999999,0.0007151999999999999,0.0007151999999999999,0.0007151999999999999,0.0007151999999999999,0.0013952,0.0013952,0.0013952,0.0013952,0.0013952,0.0013952,0.0013952,0.0013952,0.0013952,0.0013952,0.0013952,0.0013952,0.0013952,0.0013952,0.0013952,0.0013952,0.0013952,0.0013952
2020-09-29 00:00:00-04:00,-0.0006348,-0.0006348,-0.0007548,-0.0007548,0.0013452000000000002,0.0013452000000000002,-0.0008548000000000001,-0.0008548000000000001,-0.0009748000000000001,-0.0009748000000000001,-0.0009748000000000001,-0.0009748000000000001,-0.0012648,-0.0012648,-0.0013847999999999998,-0.0013847999999999998,-0.0013847999999999998,-0.0013847999999999998,-0.0020748,-0.0020748,-0.0011048,-0.0011048,-0.0011048,-0.0011048,-0.0020748,-0.0020748,-0.0011048,-0.0011048,-0.0011048,-0.0011048,-0.0023247999999999997,-0.0023247999999999997,-0.0013548,-0.0013548,-0.0013548,-0.0013548
2020-09-30 00:00:00-04:00,-0.0047348,-0.0047348,-0.0013147999999999999,-0.0013147999999999999,0.0024652000000000003,0.0024652000000000003,-0.0047348,-0.0047348,-0.0013147999999999999,-0.0013147999999999999,0.0024652000000000003,0.0024652000000000003,-0.0049348000000000005,-0.0049348000000000005,-0.0015148,-0.0015148,0.0028651999999999996,0.0028651999999999996,0.0041652,-0.0058148,-0.0009648,-0.0013448,-0.0009648,-0.0013448,0.0041652,-0.0058148,-0.0010848000000000001,-0.0013448,-0.0010848000000000001,-0.0013448,-0.0058148,-0.0058148,-0.0018248,-0.0018248,-0.0018248,-0.0018248
2020-10-01 00:00:00-04:00,0.0030551999999999997,0.0030551999999999997,0.0030551999999999997,0.0030551999999999997,0.0034652,0.0034652,0.0026652,0.0026652,0.0026652,0.0026652,0.0026652,0.0026652,0.0022752000000000002,0.0022752000000000002,0.0022752000000000002,0.0022752000000000002,0.0022752000000000002,0.0022752000000000002,-0.0033048,0.0013252000000000001,-0.0016447999999999999,0.0013252000000000001,-0.0016447999999999999,0.0013252000000000001,-0.0033048,0.0013252000000000001,-0.0016447999999999999,0.0013252000000000001,-0.0016447999999999999,0.0013252000000000001,0.0013252000000000001,0.0013252000000000001,0.0013252000000000001,0.0013252000000000001,0.0013252000000000001,0.0013252000000000001
2020-10-02 00:00:00-04:00,-0.0080048,-0.0080048,-0.0013947999999999999,-0.0013947999999999999,-0.0013947999999999999,-0.0013947999999999999,0.0064452,0.0,0.0064452,0.0,0.0038452,0.0,0.0062952,0.0,0.0062952,0.0,0.0041452,0.0,0.0058452,0.0,0.0058452,0.0,0.0038452,0.0,0.0058452,0.0,0.0058452,0.0,0.0038452,0.0,0.0057152,0.0,0.0057152,0.0,0.0041052,0.0
2020-10-05 00:00:00-04:00,5.519999999999999e-05,5.519999999999999e-05,5.519999999999999e-05,5.519999999999999e-05,5.519999999999999e-05,5.519999999999999e-05,5.519999999999999e-05,5.519999999999999e-05,5.519999999999999e-05,5.519999999999999e-05,5.519999999999999e-05,5.519999999999999e-05,5.519999999999999e-05,5.519999999999999e-05,5.519999999999999e-05,5.519999999999999e-05,5.519999999999999e-05,5.519999999999999e-05,-0.0010948,-0.0010948,-0.0011848,-0.0011848,-0.0011848,-0.0011848,-0.0014747999999999999,-0.0014747999999999999,-0.0015647999999999999,-0.0015647999999999999,-0.0015647999999999999,-0.0015647999999999999,-0.00032480000000000003,0.0,-0.00032480000000000003,0.0,-0.00032480000000000003,0.0
2020-10-06 00:00:00-04:00,-0.0013548,-0.0013548,-0.0010048000000000001,-0.0010048000000000001,-0.0010048000000000001,-0.0010048000000000001,5.199999999999996e-06,0.0,5.199999999999996e-06,0.0,5.199999999999996e-06,0.0,5.199999999999996e-06,0.0,5.199999999999996e-06,0.0,5.199999999999996e-06,0.0,-0.0012947999999999998,0.0,-0.0012947999999999998,0.0,-0.0012947999999999998,0.0,-0.0012947999999999998,0.0,-0.0012947999999999998,0.0,-0.0012947999999999998,0.0,0.0,0.0,0.0,0.0,0.0,0.0
2020-10-07 00:00:00-04:00,0.0034452,0.0034452,0.0034452,0.0034452,0.0024452000000000002,0.0024452000000000002,0.0031951999999999996,0.0031951999999999996,0.0031951999999999996,0.0031951999999999996,0.0029452,0.0029452,0.0027151999999999996,0.0027151999999999996,0.0027151999999999996,0.0027151999999999996,0.0027151999999999996,0.0027151999999999996,0.0018552000000000002,0.0018552000000000002,0.0018552000000000002,0.0018552000000000002,0.0018552000000000002,0.0018552000000000002,0.0018552000000000002,0.0018552000000000002,0.0018552000000000002,0.0018552000000000002,0.0018552000000000002,0.0018552000000000002,0.0018552000000000002,0.0018552000000000002,0.0018552000000000002,0.0018552000000000002,0.0018552000000000002,0.0018552000000000002
2020-10-08 00:00:00-04:00,0.0013575999999999998,0.0013575999999999998,0.0013575999999999998,0.0013575999999999998,0.0009126000000000001,0.0009126000000000001,0.0011976,0.0011976,0.0011976,0.0011976,0.0012326000000000001,0.0012326000000000001,0.0011976,0.0011976,0.0011976,0.0011976,0.0012326000000000001,0.0012326000000000001,0.0009676000000000001,0.0009676000000000001,0.0009676000000000001,0.0009676000000000001,0.0009676000000000001,0.0009676000000000001,0.0009676000000000001,0.0009676000000000001,0.0009676000000000001,0.0009676000000000001,0.0009676000000000001,0.0009676000000000001,0.0009676000000000001,0.0009676000000000001,0.0009676000000000001,0.0009676000000000001,0.0009676000000000001,0.0009676000000000001
2020-10-09 00:00:00-04:00,-0.0010648,-0.0010648,-0.0010848000000000001,-0.0010848000000000001,-0.0010848000000000001,-0.0010848000000000001,-0.0010648,-0.0010648,-0.0010848000000000001,-0.0010848000000000001,-0.0010848000000000001,-0.0010848000000000001,-0.0010648,-0.0010648,-0.0010848000000000001,-0.0010848000000000001,-0.0010848000000000001,-0.0010848000000000001,0.0004052,-0.0013648,-0.0007848,-0.0007448,-0.0007848,-0.0007448,-0.0013648,-0.0013648,-0.0012548000000000001,-0.0012548000000000001,-0.0012548000000000001,-0.0012548000000000001,-0.0013648,-0.0013648,-0.0012548000000000001,-0.0012548000000000001,-0.0012548000000000001,-0.0012548000000000001
2020-10-12 00:00:00-04:00,0.0016952,0.0016952,0.0016952,0.0016952,0.0016952,0.0016952,0.0010052,0.0010052,0.0010052,0.0010052,0.0010052,0.0010052,0.0010052,0.0010052,0.0010052,0.0010052,0.0010052,0.0010052,0.0011551999999999999,0.0011551999999999999,0.0011551999999999999,0.0011551999999999999,0.0017852,0.0017852,0.0011551999999999999,0.0011551999999999999,0.0011551999999999999,0.0011551999999999999,0.0011551999999999999,0.0011551999999999999,0.0011551999999999999,0.0011551999999999999,0.0011551999999999999,0.0011551999999999999,0.0011551999999999999,0.0011551999999999999
2020-10-13 00:00:00-04:00,0.0010052,0.0,-0.0011848,0.0,0.0022052,0.0,0.0010052,0.0,-0.0011848,0.0,0.0022052,0.0,0.0010052,0.0,-0.0011848,0.0,0.0022052,0.0,0.0002652,0.0,-0.0015647999999999999,0.0,-0.0015647999999999999,0.0,-0.00022480000000000002,0.0,-0.0020548,0.0,-0.0020548,0.0,-0.0009648,0.0,-0.0027948,0.0,-0.0027948,0.0
2020-10-14 00:00:00-04:00,0.0028452,0.0028452,0.0028452,0.0028452,0.0019252000000000002,0.0019252000000000002,0.0026452,0.0026452,0.0026452,0.0026452,0.0023252,0.0023252,0.0020952,0.0020952,0.0020952,0.0020952,0.0020952,0.0020952,0.0010152,0.0010152,0.0010152,0.0010152,0.0010152,0.0010152,0.0010152,0.0010152,0.0010152,0.0010152,0.0010152,0.0010152,0.0010152,0.0010152,0.0010152,0.0010152,0.0010152,0.0010152
2020-10-15 00:00:00-04:00,0.0037551999999999998,0.0,0.0037551999999999998,0.0,0.0034452,0.0,0.0037551999999999998,0.0,0.0037551999999999998,0.0,0.0035851999999999998,0.0,0.0029251999999999998,0.0,0.0029251999999999998,0.0,0.0029251999999999998,0.0,0.0040051999999999996,0.0,0.0040051999999999996,0.0,0.0018652,0.0,0.0038052,0.0,0.0038052,0.0,0.0022652,0.0,0.0029251999999999998,0.0,0.0029251999999999998,0.0,0.0029251999999999998,0.0
2020-10-16 00:00:00-04:00,-0.00034480000000000003,-0.0005548,-0.0007548,-0.0007648,-0.0007548,-0.0007648,-0.00034480000000000003,-0.0005548,-0.0007548,-0.0007648,-0.0007548,-0.0007648,-0.0005548,-0.0005548,-0.0009348000000000001,-0.0009348000000000001,-0.0009348000000000001,-0.0009348000000000001,-0.0015647999999999999,-0.0015647999999999999,-0.0014148,-0.0014148,-0.0014148,-0.0014148,-0.0015647999999999999,-0.0015647999999999999,-0.0016247999999999998,-0.0016247999999999998,-0.0016247999999999998,-0.0016247999999999998,-0.0015647999999999999,-0.0015647999999999999,-0.0016247999999999998,-0.0016247999999999998,-0.0016247999999999998,-0.0016247999999999998
2020-10-19 00:00:00-04:00,0.0004652,0.0004652,0.0004652,0.0004652,0.0004652,0.0004652,0.0004652,0.0004652,0.0004652,0.0004652,0.0004652,0.0004652,2.5199999999999996e-05,2.5199999999999996e-05,2.5199999999999996e-05,2.5199999999999996e-05,2.5199999999999996e-05,2.5199999999999996e-05,2.5199999999999996e-05,2.5199999999999996e-05,-0.0007948,-0.0007948,-0.0007948,-0.0007948,2.5199999999999996e-05,2.5199999999999996e-05,-0.0007948,-0.0007948,-0.0007948,-0.0007948,2.5199999999999996e-05,2.5199999999999996e-05,-0.0007948,-0.0007948,-0.0007948,-0.0007948
2020-10-20 00:00:00-04:00,-0.0002048,-0.0002048,-0.0011048,-0.0011048,-0.0011048,-0.0011048,-0.0002048,-0.0002048,-0.0011048,-0.0011048,-0.0011048,-0.0011048,-0.0002048,-0.0002048,-0.0011048,-0.0011048,-0.0011048,-0.0011048,-0.0009748000000000001,-0.0009748000000000001,-0.0010348,-0.0010348,-0.0010348,-0.0010348,-0.00035480000000000006,0.0,-0.00035480000000000006,0.0,-0.00035480000000000006,0.0,-0.00035480000000000006,0.0,-0.00035480000000000006,0.0,-0.00035480000000000006,0.0
2020-10-21 00:00:00-04:00,-0.0022148,0.0006052,-0.0012348,0.0006052,-0.0012348,0.0006052,0.0006052,0.0006052,0.0006052,0.0006052,0.0006052,0.0006052,0.0006052,0.0006052,0.0006052,0.0006052,0.0006052,0.0006052,8.52e-05,8.52e-05,-0.0010148,-0.0010148,-0.0010148,-0.0010148,-0.00041480000000000005,-0.00041480000000000005,-0.0015148,-0.0015148,-0.0015148,-0.0015148,-0.0004648,-0.0004648,-0.0015647999999999999,-0.0015647999999999999,-0.0015647999999999999,-0.0015647999999999999
2020-10-22 00:00:00-04:00,-0.0028448,-0.0028448,-0.0014547999999999998,-0.0014547999999999998,-0.0014547999999999998,-0.0014547999999999998,-0.0029048000000000004,-0.0029048000000000004,-0.0015148,-0.0015148,-0.0015148,-0.0015148,-0.00047480000000000005,0.0,-0.00047480000000000005,0.0,-0.00047480000000000005,0.0,0.0,0.0,0.0,0.0,0.0,0.0,0.0,0.0,0.0,0.0,0.0,0.0,0.0,0.0,0.0,0.0,0.0,0.0
2020-10-23 00:00:00-04:00,-0.0022648,-0.0022648,-0.0008248,-0.0008248,-0.0008248,-0.0008248,0.0011752,0.0,0.0011752,0.0,0.0020652,0.0,0.0011752,0.0,0.0011752,0.0,0.0020652,0.0,0.0008851999999999999,-0.0017748,-0.0008048,-0.0008548000000000001,-0.0008048,-0.0008548000000000001,0.00034519999999999993,-0.0017748,-0.0013448,-0.0011048,-0.0013448,-0.0011048,0.00034519999999999993,-0.0017748,-0.0013448,-0.0011148,-0.0013448,-0.0011148
2020-10-26 00:00:00-04:00,-0.0003048,0.0,-0.0003048,0.0,-0.0003048,0.0,0.0,0.0,0.0,0.0,0.0,0.0,0.0,0.0,0.0,0.0,0.0,0.0,0.00039519999999999996,0.0,0.00039519999999999996,0.0,0.00039519999999999996,0.0,0.00039519999999999996,0.0,0.00039519999999999996,0.0,0.00039519999999999996,0.0,0.00039519999999999996,0.0,0.00039519999999999996,0.0,0.00039519999999999996,0.0
2020-10-27 00:00:00-04:00,0.0006152,0.0006152,-0.0009048000000000001,-0.0009048000000000001,-0.0009048000000000001,-0.0009048000000000001,0.0006152,0.0006152,-0.0009048000000000001,-0.0009048000000000001,-0.0009048000000000001,-0.0009048000000000001,0.0006152,0.0006152,-0.0009048000000000001,-0.0009048000000000001,-0.0009048000000000001,-0.0009048000000000001,0.0007052,0.0007052,0.0007052,0.0007052,0.0007052,0.0007052,0.0002352,0.0002352,0.0002352,0.0002352,0.0002352,0.0002352,0.0,0.0,0.0,0.0,0.0,0.0
2020-10-28 00:00:00-04:00,-0.0009748000000000001,0.0,-0.0018647999999999998,0.0,-0.0018647999999999998,0.0,0.0,0.0,0.0,0.0,0.0,0.0,0.0,0.0,0.0,0.0,0.0,0.0,-0.00022480000000000002,-0.00022480000000000002,-0.00022480000000000002,-0.00022480000000000002,-0.00022480000000000002,-0.00022480000000000002,-0.00022480000000000002,-0.00022480000000000002,-0.00022480000000000002,-0.00022480000000000002,-0.00022480000000000002,-0.00022480000000000002,-0.00022480000000000002,-0.00022480000000000002,-0.00022480000000000002,-0.00022480000000000002,-0.00022480000000000002,-0.00022480000000000002
2020-10-29 00:00:00-04:00,0.0029952,0.0029952,0.0029952,0.0029952,0.0023652,0.0023652,0.0029952,0.0029952,0.0029952,0.0029952,0.0023652,0.0023652,0.0026452,0.0026452,0.0026452,0.0026452,0.0030651999999999997,0.0030651999999999997,0.0025651999999999997,0.0025651999999999997,0.0025651999999999997,0.0025651999999999997,0.0021452000000000003,0.0021452000000000003,0.0019652000000000003,0.0019652000000000003,0.0019652000000000003,0.0019652000000000003,0.0019652000000000003,0.0019652000000000003,0.0019652000000000003,0.0019652000000000003,0.0019652000000000003,0.0019652000000000003,0.0019652000000000003,0.0019652000000000003
2020-10-30 00:00:00-04:00,0.0047951999999999995,-0.0069348000000000005,-0.0020247999999999998,-0.0017648,-0.0020247999999999998,-0.0017648,-0.0069348000000000005,-0.0069348000000000005,-0.0022648,-0.0022648,-0.0022648,-0.0022648,-0.0069348000000000005,-0.0069348000000000005,-0.0022648,-0.0022648,-0.0022648,-0.0022648,0.0045152,0.0,0.0045152,0.0,0.0034251999999999998,0.0,0.0045152,0.0,0.0045152,0.0,0.0034251999999999998,0.0,0.0,0.0,0.0,0.0,0.0,0.0
2020-11-02 00:00:00-05:00,-0.0032648,0.0008552,-0.0022748,0.0008552,-0.0022748,0.0008552,-0.0032648,0.0008552,-0.0022748,0.0008552,-0.0022748,0.0008552,0.0008552,0.0008552,0.0008552,0.0008552,0.0008552,0.0008552,0.0020252,0.0020252,0.0020252,0.0020252,0.0020252,0.0020252,0.0010852,0.0010852,0.0010852,0.0010852,0.0010852,0.0010852,0.00039519999999999996,0.00039519999999999996,0.00039519999999999996,0.00039519999999999996,0.00039519999999999996,0.00039519999999999996
2020-11-03 00:00:00-05:00,0.0003052,0.0003052,0.0003052,0.0003052,0.0003052,0.0003052,-0.0005048,-0.0005048,-0.0005048,-0.0005048,-0.0005048,-0.0005048,-0.0005048,-0.0005048,-0.0005048,-0.0005048,-0.0005048,-0.0005048,-0.00047480000000000005,-0.0010148,-0.0011148,-0.0012048,-0.0011148,-0.0012048,-0.0010148,-0.0010148,-0.0020448,-0.0020448,-0.0020448,-0.0020448,-0.0010148,-0.0010148,-0.0020448,-0.0020448,-0.0020448,-0.0020448
2020-11-04 00:00:00-05:00,0.0032652,0.0032652,-0.0031648,-0.0031648,-0.0031648,-0.0031648,0.0024452000000000002,0.0024452000000000002,-0.0039848,-0.0039848,-0.0039848,-0.0039848,-0.0066948,-0.0001648,-0.0043048,-0.0001648,-0.0043048,0.0130252,0.0040752,0.0040752,0.0040752,0.0040752,0.0052252,0.0052252,0.0027651999999999998,0.0027651999999999998,0.0027651999999999998,0.0027651999999999998,0.0078452,0.0078452,-0.0011248,-0.0011248,-0.0011248,-0.0011248,-0.0011248,-0.0011248
2020-11-05 00:00:00-05:00,-0.0084848,0.0062052,-0.0020748,-0.0021448,-0.0020748,-0.0021448,-0.0084848,0.0062052,-0.0020748,-0.0021448,-0.0020748,-0.0021448,0.0062052,0.0062052,-0.0028248,-0.0028248,-0.0028248,-0.0028248,-0.0072048,0.0052552,-0.0015048,0.0052552,-0.0015048,0.0034251999999999998,-0.0072048,0.0052552,-0.0015048,0.0052552,-0.0015048,0.0034251999999999998,-0.0074848,0.0052552,-0.0017847999999999998,0.0052552,-0.0017847999999999998,0.0037652
2020-11-06 00:00:00-05:00,0.0033052,0.0,0.0033052,0.0,0.0023452,0.0,0.0033052,0.0,0.0033052,0.0,0.0023452,0.0,0.0018152,0.0,0.0018152,0.0,0.0018152,0.0,-0.0024548,-0.0024548,-0.0021148,-0.0021148,-0.0021148,-0.0021148,-0.0024548,-0.0024548,-0.0023148,-0.0023148,-0.0023148,-0.0023148,-0.0008348,0.0,-0.0008348,0.0,-0.0008348,0.0
2020-11-09 00:00:00-05:00,0.0035252,0.0035252,0.0035252,0.0035252,0.0035252,0.0035252,0.0023552,0.0023552,0.0023552,0.0023552,0.0023552,0.0023552,0.0023552,0.0023552,0.0023552,0.0023552,0.0023552,0.0023552,-0.0015748,-0.0015748,-0.0015748,-0.0015748,-0.0015748,-0.0015748,-0.0015748,-0.0015748,-0.0015748,-0.0015748,-0.0015748,-0.0015748,-0.0015748,-0.0015748,-0.0015748,-0.0015748,-0.0015748,-0.0015748
2020-11-10 00:00:00-05:00,-0.0043548,-0.0043548,-0.0012548000000000001,-0.0012548000000000001,-0.0012548000000000001,-0.0012548000000000001,0.0029652,0.0,0.0029652,0.0,0.0033851999999999997,0.0,0.0010752,0.0,0.0010752,0.0,0.0010752,0.0,-0.0026148,-0.0026148,-0.0009648,-0.0009648,0.0017652000000000002,0.0017652000000000002,-0.0029648,-0.0029648,-0.0015148,-0.0015148,-0.0015148,-0.0015148,0.0010952,0.0,0.0010952,0.0,0.0010952,0.0
2020-11-11 00:00:00-05:00,0.0012052,-0.0028048,-0.0012548000000000001,-0.0014547999999999998,-0.0012548000000000001,-0.0014547999999999998,0.0001252,-0.0028048,-0.0023347999999999997,-0.0019048,-0.0023347999999999997,-0.0019048,-0.0004448,-0.0028048,-0.0029048000000000004,-0.0031748,-0.0029048000000000004,-0.0031748,-4.800000000000004e-06,-0.0022848,-0.0012348,-0.0022048,-0.0012348,-0.0022048,-0.0022848,-0.0022848,-0.0025548,-0.0025548,-0.0025548,-0.0025548,-0.0028048,-0.0028048,-0.0030748000000000004,-0.0030748000000000004,-0.0030748000000000004,-0.0030748000000000004
2020-11-12 00:00:00-05:00,-0.0025748000000000004,-0.0025748000000000004,-0.0010148,-0.0010148,-0.0010148,-0.0010148,-0.0025748000000000004,-0.0025748000000000004,-0.0010148,-0.0010148,-0.0010148,-0.0010148,0.0010352,0.0,0.0010352,0.0,0.0034051999999999997,0.0,-0.0016948,-0.0016948,-0.0010348,-0.0010348,-0.0010348,-0.0010348,0.0001052,0.0,0.0001052,0.0,0.0001052,0.0,-0.0010448,0.0,-0.0010448,0.0,-0.0010448,0.0
2020-11-13 00:00:00-05:00,-0.0025748000000000004,0.0,-0.0013648,0.0,-0.0013648,0.0,-0.0025748000000000004,0.0,-0.0013648,0.0,-0.0013648,0.0,-0.0025748000000000004,0.0,-0.0013648,0.0,-0.0013648,0.0,-0.0032748,0.0014052000000000001,-0.0012348,0.0014052000000000001,-0.0012348,0.0014052000000000001,-0.0032748,0.0014052000000000001,-0.0013448,0.0014052000000000001,-0.0013448,0.0014052000000000001,-0.0037348000000000004,0.0014052000000000001,-0.0018047999999999999,0.0014052000000000001,-0.0018047999999999999,0.0014052000000000001
2020-11-16 00:00:00-05:00,0.0,0.0,0.0,0.0,0.0,0.0,0.0,0.0,0.0,0.0,0.0,0.0,0.0,0.0,0.0,0.0,0.0,0.0,0.00033519999999999996,-0.0015048,-0.0010848000000000001,-0.0006948000000000001,-0.0010848000000000001,-0.0006948000000000001,0.00033519999999999996,-0.0015048,-0.0010848000000000001,-0.0006948000000000001,-0.0010848000000000001,-0.0006948000000000001,-0.0015048,-0.0015048,-0.0015547999999999998,-0.0015547999999999998,-0.0015547999999999998,-0.0015547999999999998
2020-11-17 00:00:00-05:00,0.0010252,0.0,0.0010252,0.0,0.0010252,0.0,0.0010252,0.0,0.0010252,0.0,0.0010252,0.0,0.0007551999999999999,0.0,0.0007551999999999999,0.0,0.0007551999999999999,0.0,0.0007652,0.0,0.0007652,0.0,0.0009251999999999999,0.0,0.00039519999999999996,0.0,0.00039519999999999996,0.0,0.0016652000000000001,0.0,-0.0006948000000000001,0.0,-0.0006948000000000001,0.0,-0.0006948000000000001,0.0
2020-11-18 00:00:00-05:00,-0.0010648,-0.0010648,-0.0008748,-0.0008748,-0.0008748,-0.0008748,-0.0010648,-0.0010648,-0.0008748,-0.0008748,-0.0008748,-0.0008748,5.199999999999996e-06,0.0,5.199999999999996e-06,0.0,5.199999999999996e-06,0.0,-0.0001348,-0.0001348,-0.0006048000000000001,-0.0006048000000000001,-0.0006048000000000001,-0.0006048000000000001,-0.0001348,-0.0001348,-0.0007648,-0.0007648,-0.0007648,-0.0007648,-0.00033480000000000006,-0.00033480000000000006,-0.0009648,-0.0009648,-0.0009648,-0.0009648
2020-11-19 00:00:00-05:00,-0.0008048,-0.0008048,-0.0010148,-0.0010148,-0.0010148,-0.0010148,-0.0009548,-0.0009548,-0.0011648000000000001,-0.0011648000000000001,-0.0011648000000000001,-0.0011648000000000001,-0.0003048,0.0,-0.0012748,0.0,-0.0012748,0.0,-0.0005448,-0.0005448,-0.0008048,-0.0008048,-0.0008048,-0.0008048,-0.00035480000000000006,0.0,-0.0009448000000000001,0.0,-0.0009448000000000001,0.0,-0.0015748,0.0,-0.0021647999999999997,0.0,-0.0021647999999999997,0.0
2020-11-20 00:00:00-05:00,-0.0012848,0.0001052,-0.0008848,0.0001052,-0.0008848,0.0001052,-0.0016148,0.0001052,-0.0012348,0.0001052,-0.0012348,0.0001052,0.0001052,0.0001052,0.0001052,0.0001052,0.0001052,0.0001052,0.0001052,0.0001052,0.0001052,0.0001052,0.0017652000000000002,0.0017652000000000002,-0.0006648,-0.0006648,-0.0006648,-0.0006648,-0.0006648,-0.0006648,-0.0006648,-0.0006648,-0.0006648,-0.0006648,-0.0006648,-0.0006648
2020-11-23 00:00:00-05:00,0.00035519999999999996,0.00035519999999999996,0.00035519999999999996,0.00035519999999999996,0.00035519999999999996,0.00035519999999999996,0.00035519999999999996,0.00035519999999999996,0.00035519999999999996,0.00035519999999999996,0.00035519999999999996,0.00035519999999999996,0.0001952,0.0001952,0.0001952,0.0001952,0.0001952,0.0001952,-0.0001648,-0.0003148,-0.00039480000000000006,-0.00038480000000000003,-0.00039480000000000006,0.0006052,-0.0001648,-0.00045480000000000005,-0.0004848,-0.0005248000000000001,-0.0004848,-0.0005248000000000001,-0.00045480000000000005,-0.00045480000000000005,-0.0008648,-0.0008648,-0.0008648,-0.0008648
2020-11-24 00:00:00-05:00,0.0010352,0.0010352,0.0010352,0.0010352,0.0016452,0.0016452,-0.0002448,-0.0002448,-0.0002448,-0.0002448,-0.0002448,-0.0002448,-0.0004848,-0.0004848,-0.0004848,-0.0004848,-0.0004848,-0.0004848,-0.0007748000000000001,4.5199999999999994e-05,-0.0006448000000000001,4.5199999999999994e-05,-0.0006448000000000001,4.5199999999999994e-05,4.5199999999999994e-05,4.5199999999999994e-05,4.5199999999999994e-05,4.5199999999999994e-05,4.5199999999999994e-05,4.5199999999999994e-05,4.5199999999999994e-05,4.5199999999999994e-05,4.5199999999999994e-05,4.5199999999999994e-05,4.5199999999999994e-05,4.5199999999999994e-05
2020-11-25 00:00:00-05:00,-9.48e-05,-9.48e-05,-9.48e-05,-9.48e-05,-9.48e-05,-9.48e-05,-9.48e-05,-9.48e-05,-9.48e-05,-9.48e-05,-9.48e-05,-9.48e-05,-0.0004648,-0.0004648,-0.0004648,-0.0004648,-0.0004648,-0.0004648,-0.0012248,-0.0012248,-0.0004648,-0.0004648,0.0007652,0.0007652,0.0004252,0.0,0.0004252,0.0,0.0004252,0.0,0.0004252,0.0,0.0004252,0.0,0.0004252,0.0
2020-11-26 00:00:00-05:00,0.0001752,0.0001752,0.0001752,0.0001752,0.0001752,0.0001752,0.0001752,0.0001752,0.0001752,0.0001752,0.0001752,0.0001752,0.0001752,0.0001752,0.0001752,0.0001752,0.0001752,0.0001752,0.0001752,0.0001752,0.0001752,0.0001752,0.0009052,0.0009052,0.0001752,0.0001752,0.0001752,0.0001752,0.0009052,0.0009052,-0.0004648,-0.0004648,-0.0004648,-0.0004648,-0.0004648,-0.0004648
2020-11-27 00:00:00-05:00,-0.0016948,0.00033519999999999996,-0.0012548000000000001,0.00033519999999999996,-0.0012548000000000001,0.00033519999999999996,-0.0016948,0.00033519999999999996,-0.0012548000000000001,0.00033519999999999996,-0.0012548000000000001,0.00033519999999999996,-0.0016948,0.00033519999999999996,-0.0012548000000000001,0.00033519999999999996,-0.0012548000000000001,0.00033519999999999996,-0.0013348,0.0007752,-0.0004248,0.0007752,-0.0004248,0.0007652,-0.0016347999999999998,0.0007752,-0.0007248,0.0007752,-0.0007248,0.0007752,-0.0017147999999999998,0.0007752,-0.0008048,0.0007752,-0.0008048,0.0007752
2020-11-30 00:00:00-05:00,0.0024352,0.0,0.0024352,0.0,0.0024352,0.0,0.0024352,0.0,0.0024352,0.0,0.0024352,0.0,0.0024352,0.0,0.0024352,0.0,0.0024352,0.0,-0.0027148000000000003,-0.0027148000000000003,-0.0014248,-0.0014248,-0.0014248,-0.0014248,-0.0027148000000000003,-0.0027148000000000003,-0.0014248,-0.0014248,-0.0014248,-0.0014248,-0.0027148000000000003,-0.0027148000000000003,-0.0014248,-0.0014248,-0.0014248,-0.0014248
2020-12-01 00:00:00-05:00,-0.0027648,0.0016552000000000001,-0.0009548,0.0016552000000000001,-0.0009548,0.0017652000000000002,0.0016552000000000001,0.0016552000000000001,0.0016552000000000001,0.0016552000000000001,0.0016552000000000001,0.0016552000000000001,0.0012652,0.0012652,0.0012652,0.0012652,0.0012652,0.0012652,7.52e-05,7.52e-05,7.52e-05,7.52e-05,7.52e-05,7.52e-05,7.52e-05,7.52e-05,7.52e-05,7.52e-05,7.52e-05,7.52e-05,7.52e-05,7.52e-05,7.52e-05,7.52e-05,7.52e-05,7.52e-05
2020-12-02 00:00:00-05:00,0.0007752,0.0,0.0007752,0.0,0.0007752,0.0,0.00043519999999999995,0.0,0.00043519999999999995,0.0,0.00043519999999999995,0.0,-0.00033480000000000006,0.0,-0.00033480000000000006,0.0,-0.00033480000000000006,0.0,-0.0008848,0.0,-0.0013448,0.0,-0.0013448,0.0,-0.0008848,0.0,-0.0013448,0.0,-0.0013448,0.0,-0.0008848,0.0,-0.0013448,0.0,-0.0013448,0.0
2020-12-03 00:00:00-05:00,-0.0005848,-0.0005148,-0.0008548000000000001,-0.0008748,-0.0008548000000000001,-0.0008748,-0.0005848,-0.0005148,-0.0008548000000000001,-0.0009348000000000001,-0.0008548000000000001,-0.0009348000000000001,-0.0007648,-0.0005148,-0.0010348,-0.0011648000000000001,-0.0010348,-0.0011648000000000001,0.00039519999999999996,0.00039519999999999996,-0.00039480000000000006,-0.00039480000000000006,-0.00039480000000000006,-0.00039480000000000006,0.00039519999999999996,0.00039519999999999996,-0.00039480000000000006,-0.00039480000000000006,-0.00039480000000000006,-0.00039480000000000006,-0.0009148,-0.0005148,-0.0011048,-0.0005148,-0.0011048,-0.0005148
2020-12-04 00:00:00-05:00,0.0002952,0.0002952,0.0002952,0.0002952,0.0002952,0.0002952,0.0002952,0.0002952,0.0002952,0.0002952,0.0002952,0.0002952,0.0002652,0.0002652,0.0002652,0.0002652,0.0002652,0.0002652,-0.0008348,0.0002652,-0.0005148,0.0002652,-0.0005148,0.0004452,-0.0008348,0.0001052,-0.0006248,0.0001052,-0.0006248,0.0001052,0.0001052,0.0001052,0.0001052,0.0001052,0.0001052,0.0001052
2020-12-07 00:00:00-05:00,-0.0005348,0.0,-0.0005348,0.0,-0.0005348,0.0,-0.0005348,0.0,-0.0005348,0.0,-0.0005348,0.0,-0.0005348,0.0,-0.0005348,0.0,-0.0005348,0.0,-0.0003048,0.0,-0.0003048,0.0,-0.0003048,0.0,-0.0003048,0.0,-0.0003048,0.0,-0.0003048,0.0,-0.0003048,0.0,-0.0003048,0.0,-0.0003048,0.0
2020-12-08 00:00:00-05:00,-0.00039480000000000006,-0.00039480000000000006,-0.0005848,-0.0005848,-0.0005848,-0.0005848,-0.0004248,-0.0004248,-0.0006148000000000001,-0.0006148000000000001,-0.0006148000000000001,-0.0006148000000000001,-0.0006248,0.0,-0.0006248,0.0,-0.0006248,0.0,-0.0003048,0.0,-0.0005948,0.0,-0.0005948,0.0,-0.0008048,0.0,-0.0010948,0.0,-0.0010948,0.0,-0.0008048,0.0,-0.0010948,0.0,-0.0010948,0.0
2020-12-09 00:00:00-05:00,0.0001752,0.0,0.0001752,0.0,0.0001752,0.0,0.0001752,0.0,0.0001752,0.0,0.0001752,0.0,-0.00034480000000000003,0.0,-0.00034480000000000003,0.0,-0.00034480000000000003,0.0,-8.48e-05,0.0,-8.48e-05,0.0,-8.48e-05,0.0,-0.00034480000000000003,0.0,-0.00034480000000000003,0.0,-0.00034480000000000003,0.0,0.0,0.0,0.0,0.0,0.0,0.0
2020-12-10 00:00:00-05:00,-0.0027972,-0.0027972,-0.0015972,-0.0015972,-0.0015972,-0.0015972,-0.0027972,-0.0027972,-0.0015972,-0.0015972,-0.0015972,-0.0015972,0.0009378,0.0,0.0009378,0.0,0.0009378,0.0,0.0009378,0.0,0.0009378,0.0,0.0009378,0.0,0.0009378,0.0,0.0009378,0.0,0.0009378,0.0,0.0004578,0.0,0.0004578,0.0,0.0004578,0.0
2020-12-11 00:00:00-05:00,-0.0016272,-0.0016272,-0.0017171999999999999,-0.0017171999999999999,-0.0017171999999999999,-0.0017171999999999999,-0.0019872,-0.0019872,-0.0020772,-0.0020772,-0.0020772,-0.0020772,-0.0005472,0.0,-0.0005472,0.0,-0.0005472,0.0,0.0005328,0.0,0.0005328,0.0,0.0005328,0.0,0.0002178,0.0,0.0002178,0.0,0.0002178,0.0,6.78e-05,0.0,6.78e-05,0.0,6.78e-05,0.0
2020-12-14 00:00:00-05:00,-0.0022572,0.0,-0.0022572,0.0,-0.0022572,0.0,-0.0022572,0.0,-0.0022572,0.0,-0.0022572,0.0,-0.0022572,0.0,-0.0022572,0.0,-0.0022572,0.0,0.0003678,0.0003678,-0.0006522,-0.0006522,-0.0006522,-0.0006522,-0.0014472,0.0,-0.0011622,0.0,-0.0011622,0.0,-0.0014472,0.0,-0.0011622,0.0,-0.0011622,0.0
2020-12-15 00:00:00-05:00,-0.00017219999999999998,-0.00017219999999999998,-0.0012822,-0.0012822,-0.0012822,-0.0012822,-0.0016122,0.0,-0.0018222,0.0,-0.0018222,0.0,-0.0016122,0.0,-0.0018672,0.0,-0.0018672,0.0,-0.0007122,0.0,-0.0008922,0.0,0.0015378,0.0,-0.0007122,0.0,-0.0008922,0.0,0.0015378,0.0,-0.0016122,0.0,-0.0017922,0.0,-0.0017922,0.0
2020-12-16 00:00:00-05:00,-0.0010272,-0.0001872,-0.0009372,-0.0001872,-0.0009372,-0.0001872,-0.0012522,-0.0001872,-0.0011622,-0.0001872,-0.0011622,-0.0001872,-0.0013572,-0.0001872,-0.0012672,-0.0001872,-0.0012672,-0.0001872,0.0007278,0.0007278,0.0007278,0.0007278,0.0012978,0.0012978,0.0007278,0.0007278,0.0007278,0.0007278,0.0012978,0.0012978,0.0007278,0.0007278,0.0007278,0.0007278,0.0014478,0.0014478
2020-12-17 00:00:00-05:00,-0.0053096,0.0033104000000000002,-0.0015896,0.0033104000000000002,-0.0015896,0.0030904,-0.0053096,0.0033104000000000002,-0.0015896,0.0033104000000000002,-0.0015896,0.0030904,-0.0053096,0.0033104000000000002,-0.0015896,0.0033104000000000002,-0.0015896,0.0030904,0.0039704,0.0039704,-0.0009696,-0.0009696,-0.0009696,-0.0009696,-0.005129600000000001,0.0033104000000000002,-0.0011496000000000002,0.0033104000000000002,-0.0011496000000000002,0.0029304,-0.005129600000000001,0.0033104000000000002,-0.0011496000000000002,0.0033104000000000002,-0.0011496000000000002,0.0029304
2020-12-18 00:00:00-05:00,0.0006703999999999999,0.0,0.0006703999999999999,0.0,0.0017304,0.0,0.0006703999999999999,0.0,0.0006703999999999999,0.0,0.0018104,0.0,0.0006703999999999999,0.0,0.0006703999999999999,0.0,0.0020904,0.0,-0.0008696000000000001,-0.0008696000000000001,-0.0009096000000000001,-0.0009096000000000001,-0.0009096000000000001,-0.0009096000000000001,-0.0003296,0.0,-0.0003296,0.0,-0.0003296,0.0,-0.0007096000000000001,0.0,-0.0007096000000000001,0.0,-0.0007096000000000001,0.0
2020-12-21 00:00:00-05:00,0.0,0.0,0.0,0.0,0.0,0.0,0.0,0.0,0.0,0.0,0.0,0.0,0.0,0.0,0.0,0.0,0.0,0.0,0.0003904,-0.0024496,-0.0017696,-0.0018296,-0.0017696,-0.0018296,0.0002904,-0.0024496,-0.0018696000000000001,-0.0018896000000000002,-0.0018696000000000001,-0.0018896000000000002,-0.0024496,-0.0024496,-0.0024696,-0.0024696,-0.0024696,-0.0024696
2020-12-22 00:00:00-05:00,0.0010103999999999998,-0.0033095999999999998,-0.0017496,-0.0020496,-0.0017496,-0.0020496,0.0010103999999999998,-0.0033095999999999998,-0.0017496,-0.0020496,-0.0017496,-0.0020496,0.0009103999999999999,-0.0033095999999999998,-0.0018496,-0.0023096,-0.0018496,-0.0023096,-0.0021496,-0.0021496,-0.0018696000000000001,-0.0018696000000000001,-0.0018696000000000001,-0.0018696000000000001,-0.0005696,0.0,-0.0005696,0.0,-0.0005696,0.0,-0.0005696,0.0,-0.0005696,0.0,-0.0005696,0.0
2020-12-23 00:00:00-05:00,0.0010304,0.0010304,-0.0010896,-0.0010896,-0.0010896,-0.0010896,0.0007304,0.0007304,-0.0013896000000000002,-0.0013896000000000002,-0.0013896000000000002,-0.0013896000000000002,-0.0025895999999999996,0.0,-0.0021696000000000003,0.0,0.0040104,0.0,0.0041304,0.0041304,0.0041304,0.0041304,0.0041304,0.0041304,0.0034704000000000002,0.0034704000000000002,0.0034704000000000002,0.0034704000000000002,0.0034704000000000002,0.0034704000000000002,0.0031104,0.0031104,0.0031104,0.0031104,0.0031104,0.0031104
2020-12-24 00:00:00-05:00,-0.0008896,-0.0009896,-0.0014096,-0.0009896,-0.0014096,-0.0009896,-0.0008896,-0.0009896,-0.0014096,-0.0009896,-0.0014096,-0.0009896,-0.0009896,-0.0009896,-0.0009896,-0.0009896,-0.0009896,-0.0009896,-0.00010960000000000001,-0.00010960000000000001,-0.0012496,-0.0012496,-0.0012496,-0.0012496,-0.0005696,-0.0005696,-0.0005696,-0.0005696,-0.0005696,-0.0005696,-0.0009896,-0.0009896,-0.0009896,-0.0009896,-0.0009896,-0.0009896
2020-12-28 00:00:00-05:00,0.0039704,0.0039704,0.0039704,0.0039704,0.0039704,0.0039704,0.0025904,0.0025904,0.0025904,0.0025904,0.0025904,0.0025904,0.0025904,0.0025904,0.0025904,0.0025904,0.0025904,0.0025904,0.0025904,0.0025904,0.0025904,0.0025904,0.0030104000000000003,0.0030104000000000003,0.0017703999999999999,0.0017703999999999999,0.0017703999999999999,0.0017703999999999999,0.0017703999999999999,0.0017703999999999999,0.0014704,0.0014704,0.0014704,0.0014704,0.0014704,0.0014704
2020-12-29 00:00:00-05:00,0.0032104000000000004,0.0032104000000000004,0.0032104000000000004,0.0032104000000000004,0.0018503999999999999,0.0018503999999999999,0.0032104000000000004,0.0032104000000000004,0.0032104000000000004,0.0032104000000000004,0.0018503999999999999,0.0018503999999999999,0.0030504000000000004,0.0030504000000000004,0.0030504000000000004,0.0030504000000000004,0.0021704,0.0021704,0.0024104,0.0024104,-0.0005096,-0.0005096,-0.0005096,-0.0005096,0.0024104,0.0024104,-0.0005096,-0.0005096,-0.0005096,-0.0005096,0.0019303999999999999,0.0019303999999999999,0.0019303999999999999,0.0019303999999999999,0.0017304,0.0017304
2020-12-30 00:00:00-05:00,-0.0032695999999999997,0.0006903999999999999,-0.0015696,0.0006903999999999999,-0.0015696,0.0006903999999999999,-0.0039496,0.0006903999999999999,-0.0022496,0.0006903999999999999,-0.0022496,0.0006903999999999999,-0.0039496,0.0006903999999999999,-0.0022496,0.0006903999999999999,-0.0022496,0.0006903999999999999,0.0027704,0.0027704,0.0027704,0.0027704,0.0033704000000000004,0.0033704000000000004,0.0027704,0.0027704,0.0027704,0.0027704,0.0033704000000000004,0.0033704000000000004,0.0023304,0.0023304,0.0023304,0.0023304,0.0023304,0.0023304
2020-12-31 00:00:00-05:00,-0.0007296000000000001,-0.0007296000000000001,-0.0013096000000000002,-0.0013096000000000002,-0.0013096000000000002,-0.0013096000000000002,-0.0007296000000000001,-0.0007296000000000001,-0.0013096000000000002,-0.0013096000000000002,-0.0013096000000000002,-0.0013096000000000002,-0.0009296,-0.0009296,-0.0015096,-0.0015096,-0.0015096,-0.0015096,-0.0005296,-0.0006496000000000001,-0.0009296,-0.0009896,-0.0009296,-0.0009896,-0.0006496000000000001,-0.0006496000000000001,-0.0011896,-0.0011896,-0.0011896,-0.0011896,-0.0008096000000000001,0.0,-0.0008096000000000001,0.0,-0.0008096000000000001,0.0
2021-01-04 00:00:00-05:00,-0.0057296000000000005,0.0,-0.0035695999999999996,0.0,-0.0035695999999999996,0.0,-0.0057296000000000005,0.0,-0.0035695999999999996,0.0,-0.0035695999999999996,0.0,-0.0065896,0.0,-0.0044296,0.0,-0.0044296,0.0,0.006070399999999999,0.006070399999999999,0.006070399999999999,0.006070399999999999,0.0033304000000000003,0.0033304000000000003,0.006070399999999999,0.006070399999999999,0.006070399999999999,0.006070399999999999,0.0033304000000000003,0.0033304000000000003,0.006070399999999999,0.006070399999999999,0.006070399999999999,0.006070399999999999,0.0033304000000000003,0.0033304000000000003
2021-01-05 00:00:00-05:00,-0.0034495999999999997,-0.0034495999999999997,-0.0025496,-0.0025496,-0.0025496,-0.0025496,-0.0034495999999999997,-0.0034495999999999997,-0.0025496,-0.0025496,-0.0025496,-0.0025496,-0.0034495999999999997,-0.0034495999999999997,-0.0025496,-0.0025496,-0.0025496,-0.0025496,-0.0059096,-0.0059096,-0.0024296,-0.0024296,-0.0024296,-0.0024296,-0.0060296,-0.0060296,-0.0025496,-0.0025496,-0.0025496,-0.0025496,-0.0060296,-0.0060296,-0.0025496,-0.0025496,-0.0025496,-0.0025496
2021-01-06 00:00:00-05:00,0.0171304,-0.0206696,-0.0018296,-0.0034095999999999996,-0.0018296,-0.0034095999999999996,0.016850399999999998,-0.0206696,-0.0021096,-0.0036696,-0.0021096,-0.0036696,-0.0206696,-0.0206696,-0.0039496,-0.0039496,-0.0039496,-0.0039496,0.012950399999999999,0.0,0.012950399999999999,0.0,0.0088904,0.0,0.0071503999999999995,0.0,0.0071503999999999995,0.0,0.0071503999999999995,0.0,0.0071503999999999995,0.0,0.0071503999999999995,0.0,0.0071503999999999995,0.0
2021-01-07 00:00:00-05:00,0.0025504,0.0025504,0.0025504,0.0025504,0.0046904,0.0046904,0.0025504,0.0025504,0.0025504,0.0025504,0.0046904,0.0046904,0.0022903999999999997,0.0022903999999999997,0.0022903999999999997,0.0022903999999999997,0.0052104,0.0052104,-0.0006221999999999999,-0.0006221999999999999,-0.0013871999999999999,-0.0013871999999999999,-0.0013871999999999999,-0.0013871999999999999,-0.0008472,0.0,-0.0025422,0.0,-0.0025422,0.0,-0.0008472,0.0,-0.0025572,0.0,-0.0025572,0.0
2021-01-08 00:00:00-05:00,0.0025878,0.0025878,0.0025878,0.0025878,0.0018978,0.0018978,0.0025878,0.0025878,0.0025878,0.0025878,0.0020178,0.0020178,0.0020478000000000002,0.0020478000000000002,0.0020478000000000002,0.0020478000000000002,0.0020478000000000002,0.0020478000000000002,0.0005928,0.0005928,0.0005928,0.0005928,0.0005928,0.0005928,0.0005928,0.0005928,0.0005928,0.0005928,0.0005928,0.0005928,0.0001578,0.0001578,0.0001578,0.0001578,0.0001578,0.0001578
2021-01-11 00:00:00-05:00,0.0013728,0.0,0.0013728,0.0,0.0013728,0.0,0.0013728,0.0,0.0013728,0.0,0.0013728,0.0,0.0012378,0.0,0.0012378,0.0,0.0012378,0.0,-0.0014322,-0.0014322,-0.0006372,-0.0006372,-0.0006372,-0.0006372,0.0003228,0.0,0.0003228,0.0,0.0003228,0.0,-0.0009972,0.0,-0.0009972,0.0,-0.0009972,0.0
2021-01-12 00:00:00-05:00,0.0009078000000000001,0.0009078000000000001,-0.0014022,-0.0014022,-0.0014022,-0.0014022,0.0005028,0.0005028,-0.0018072,-0.0018072,-0.0018072,-0.0018072,-0.0002922,-0.0002922,-0.0026022000000000003,-0.0026022000000000003,-0.0026022000000000003,-0.0026022000000000003,-0.0011922,0.0,-0.0011922,0.0,-0.0011922,0.0,-0.0024522,0.0,-0.0024522,0.0,-0.0024522,0.0,-0.0026922,0.0,-0.0026922,0.0,-0.0026922,0.0
2021-01-13 00:00:00-05:00,0.0019728,0.0019728,0.0019728,0.0019728,0.0022578,0.0022578,0.0016278,0.0016278,0.0016278,0.0016278,0.0016278,0.0016278,0.0011928,0.0011928,0.0011928,0.0011928,0.0011928,0.0011928,0.0016578,0.0016578,0.0016578,0.0016578,0.0011178,0.0011178,0.0011928,0.0011928,0.0011928,0.0011928,0.0011928,0.0011928,0.00011279999999999999,0.00011279999999999999,0.00011279999999999999,0.00011279999999999999,0.00011279999999999999,0.00011279999999999999
2021-01-14 00:00:00-05:00,0.0005778000000000001,-0.0020022,-0.0010872,-0.0013122,-0.0010872,-0.0013122,0.0005778000000000001,-0.0020022,-0.0010872,-0.0013122,-0.0010872,-0.0013122,-0.0020022,-0.0020022,-0.0015822,-0.0015822,-0.0015822,-0.0015822,-0.0028272,-0.0028272,-0.0008322,-0.0008322,-0.0008322,-0.0008322,-0.0030372000000000003,-0.0030372000000000003,-0.0010422,-0.0010422,-0.0010422,-0.0010422,-0.0032922000000000003,-0.0032922000000000003,-0.0012972,-0.0012972,-0.0012972,-0.0012972
2021-01-15 00:00:00-05:00,-0.0028272,-0.0028272,-0.0010722,-0.0010722,-0.0010722,-0.0010722,-0.0028272,-0.0028272,-0.0010722,-0.0010722,-0.0010722,-0.0010722,0.0016278,0.0,0.0016278,0.0,0.0023778000000000002,0.0,-0.0020172,-0.0020172,-0.0026322000000000003,-0.0026322000000000003,-0.0026322000000000003,-0.0026322000000000003,-0.0022272,-0.0022272,-0.0028422000000000005,-0.0028422000000000005,-0.0028422000000000005,-0.0028422000000000005,-0.0022272,-0.0022272,-0.0028422000000000005,-0.0028422000000000005,-0.0028422000000000005,-0.0028422000000000005
2021-01-18 00:00:00-05:00,-0.0007272,0.0,-0.0007272,0.0,-0.0007272,0.0,-0.0007272,0.0,-0.0007272,0.0,-0.0007272,0.0,-0.0025422,0.0,-0.0025422,0.0,-0.0025422,0.0,-0.0011022,-0.0009521999999999999,-0.0014472,-0.0009521999999999999,-0.0014472,-0.0009521999999999999,-0.0009521999999999999,-0.0009521999999999999,-0.0009521999999999999,-0.0009521999999999999,-0.0009521999999999999,-0.0009521999999999999,-0.0009521999999999999,-0.0009521999999999999,-0.0009521999999999999,-0.0009521999999999999,-0.0009521999999999999,-0.0009521999999999999
2021-01-19 00:00:00-05:00,0.0066527999999999995,0.0066527999999999995,0.0066527999999999995,0.0066527999999999995,0.0016578,0.0016578,0.0065778,0.0065778,0.0065778,0.0065778,0.0018078,0.0018078,0.0057377999999999995,0.0057377999999999995,0.0057377999999999995,0.0057377999999999995,0.0034877999999999997,0.0034877999999999997,0.0035478,0.0035478,0.0035478,0.0035478,0.0012978,0.0012978,0.0035478,0.0035478,0.0035478,0.0035478,0.0012978,0.0012978,0.0026477999999999996,0.0026477999999999996,0.0026477999999999996,0.0026477999999999996,0.0030977999999999995,0.0030977999999999995
2021-01-20 00:00:00-05:00,0.00023280000000000002,0.00023280000000000002,-0.0015521999999999999,-0.0015521999999999999,-0.0015521999999999999,-0.0015521999999999999,-0.0020322,0.0001878,-0.0017622,0.0001878,-0.0017622,0.0001878,-0.0020322,0.0,-0.0019272,0.0,-0.0019272,0.0,0.0005928,0.0005928,0.0005928,0.0005928,0.0005928,0.0005928,0.0005928,0.0005928,0.0005928,0.0005928,0.0005928,0.0005928,0.0005928,0.0005928,0.0005928,0.0005928,0.0005928,0.0005928
2021-01-21 00:00:00-05:00,0.0031428,0.0031428,0.0031428,0.0031428,0.0027378,0.0027378,0.0027378,0.0027378,0.0027378,0.0027378,0.0035478,0.0035478,0.0023328,0.0023328,0.0023328,0.0023328,0.0023328,0.0023328,-0.0011772,-0.0013272,-0.0023172,-0.0024072,-0.0023172,-0.0024072,-0.0013272,-0.0013272,-0.0013272,-0.0013272,-0.0013272,-0.0013272,-0.0013272,-0.0013272,-0.0013272,-0.0013272,-0.0013272,-0.0013272
2021-01-22 00:00:00-05:00,0.0016578,0.0,0.0016578,0.0,0.0016578,0.0,0.0016578,0.0,0.0016578,0.0,0.0016578,0.0,0.0016578,0.0,0.0016578,0.0,0.0016578,0.0,0.0009378,0.0,-0.0008772,0.0,-0.0008772,0.0,-0.0001272,0.0,-0.0001272,0.0,-0.0001272,0.0,-0.0001272,0.0,-0.0001272,0.0,-0.0001272,0.0
2021-01-25 00:00:00-05:00,0.004717799999999999,0.004717799999999999,0.004717799999999999,0.004717799999999999,0.0036377999999999996,0.0036377999999999996,0.0039378,0.0039378,0.0039378,0.0039378,0.0039378,0.0039378,0.0039378,0.0039378,0.0039378,0.0039378,0.0039378,0.0039378,0.0020028,0.0020028,0.0020028,0.0020028,0.0014778,0.0014778,0.0016578,0.0016578,0.0016578,0.0016578,0.0016578,0.0016578,0.0016578,0.0016578,0.0016578,0.0016578,0.0016578,0.0016578
2021-01-26 00:00:00-05:00,-0.004072200000000001,-0.004072200000000001,-0.0013422,-0.0013422,-0.0013422,-0.0013422,0.0025128,0.0,0.0025128,0.0,0.0030977999999999995,0.0,0.0025128,0.0,0.0025128,0.0,0.0030977999999999995,0.0,0.0016728000000000001,0.0,0.0016728000000000001,0.0,0.0019578,0.0,0.0012978,0.0,0.0012978,0.0,0.0027078,0.0,0.0012978,0.0,0.0012978,0.0,0.0027078,0.0
2021-01-27 00:00:00-05:00,-0.0016122,-0.0016122,-0.0020472,-0.0020472,-0.0020472,-0.0020472,-0.0005771999999999999,0.0,-0.0005771999999999999,0.0,-0.0005771999999999999,0.0,-0.0005771999999999999,0.0,-0.0005771999999999999,0.0,-0.0005771999999999999,0.0,-0.0002172,-0.0002172,-0.0011772,-0.0011772,-0.0011772,-0.0011772,-0.0006672,-0.0006672,-0.0016272,-0.0016272,-0.0016272,-0.0016272,-0.0011472,0.0,-0.0020022,0.0,-0.0020022,0.0
2021-01-28 00:00:00-05:00,-0.0010448,-0.0025147999999999998,-0.0032048000000000003,-0.0028648000000000002,-0.0032048000000000003,-0.0028648000000000002,-0.0014148,-0.0025147999999999998,-0.0035748000000000004,-0.0038348,-0.0035748000000000004,-0.0038348,-0.0025147999999999998,-0.0025147999999999998,-0.0025147999999999998,-0.0025147999999999998,-0.0025147999999999998,-0.0025147999999999998,-0.0032648,-0.0032648,-0.0031248,-0.0031248,-0.0031248,-0.0031248,-0.0038048,-0.0038048,-0.0036648,-0.0036648,-0.0036648,-0.0036648,0.0,0.0,0.0,0.0,0.0,0.0
2021-01-29 00:00:00-05:00,-0.0070148,-0.0070148,-0.0018448,-0.0018448,-0.0018448,-0.0018448,0.0050952,0.0,0.0050952,0.0,0.0044252,0.0,0.0047852,0.0,0.0047852,0.0,0.0051452,0.0,0.0039651999999999995,0.0,0.0039651999999999995,0.0,0.0038052,0.0,0.0039651999999999995,0.0,0.0039651999999999995,0.0,0.0046651999999999996,0.0,0.0023152,0.0,0.0023152,0.0,0.0023152,0.0
2021-02-01 00:00:00-05:00,0.0057652,0.0057652,0.0057652,0.0057652,0.0057652,0.0057652,0.0057652,0.0057652,0.0057652,0.0057652,0.0057652,0.0057652,0.0057652,0.0057652,0.0057652,0.0057652,0.0057652,0.0057652,0.0069752,0.0069752,0.0069752,0.0069752,0.0020252,0.0020252,0.0057652,0.0057652,0.0057652,0.0057652,0.0044452,0.0044452,0.0052352,0.0052352,0.0052352,0.0052352,0.0055052,0.0055052
2021-02-02 00:00:00-05:00,0.0014852,0.0014852,0.0014852,0.0014852,0.0034051999999999997,0.0034051999999999997,5.199999999999996e-06,5.199999999999996e-06,5.199999999999996e-06,5.199999999999996e-06,5.199999999999996e-06,5.199999999999996e-06,5.199999999999996e-06,5.199999999999996e-06,5.199999999999996e-06,5.199999999999996e-06,5.199999999999996e-06,5.199999999999996e-06,5.199999999999996e-06,5.199999999999996e-06,5.199999999999996e-06,5.199999999999996e-06,5.199999999999996e-06,5.199999999999996e-06,-0.0010448,-0.0010448,-0.0010448,-0.0010448,-0.0010448,-0.0010448,-0.0012848,-0.0012848,-0.0012848,-0.0012848,-0.0012848,-0.0012848
2021-02-03 00:00:00-05:00,0.0021752,0.0021752,0.0021752,0.0021752,0.0021752,0.0021752,0.0021752,0.0021752,0.0021752,0.0021752,0.0021752,0.0021752,0.0021752,0.0021752,0.0021752,0.0021752,0.0021752,0.0021752,-0.0026848,0.0018552000000000002,-0.0007648,0.0018552000000000002,-0.0007648,0.0011652,-0.0030548000000000003,0.0018552000000000002,-0.0011348,0.0018552000000000002,-0.0011348,0.0018552000000000002,0.0018552000000000002,0.0018552000000000002,0.0018552000000000002,0.0018552000000000002,0.0018552000000000002,0.0018552000000000002
2021-02-04 00:00:00-05:00,0.0001152,0.0,0.0001152,0.0,0.0025252,0.0,0.0001152,0.0,0.0001152,0.0,0.0025252,0.0,0.0001152,0.0,0.0001152,0.0,0.0025252,0.0,-0.0009148,-0.0009148,-0.0008948000000000001,-0.0008948000000000001,-0.0008948000000000001,-0.0008948000000000001,-0.0009148,-0.0009148,-0.0010548,-0.0010548,-0.0010548,-0.0010548,-0.0009148,-0.0009148,-0.0010548,-0.0010548,-0.0010548,-0.0010548
2021-02-05 00:00:00-05:00,-0.0020848,0.0013252000000000001,-0.0006848000000000001,0.0013252000000000001,-0.0006848000000000001,0.0010852,-0.0020848,0.0013252000000000001,-0.0006848000000000001,0.0013252000000000001,-0.0006848000000000001,0.0011252,-0.0024947999999999997,0.0013252000000000001,-0.0010948,0.0013252000000000001,-0.0010948,0.0019852,0.0020952,0.0020952,0.0020952,0.0020952,0.0014252000000000002,0.0014252000000000002,0.0020952,0.0020952,0.0020952,0.0020952,0.0014252000000000002,0.0014252000000000002,0.0009851999999999999,0.0009851999999999999,0.0009851999999999999,0.0009851999999999999,0.0009851999999999999,0.0009851999999999999
2021-02-08 00:00:00-05:00,0.00043519999999999995,0.00043519999999999995,0.00043519999999999995,0.00043519999999999995,0.00043519999999999995,0.00043519999999999995,0.00043519999999999995,0.00043519999999999995,0.00043519999999999995,0.00043519999999999995,0.00043519999999999995,0.00043519999999999995,0.00043519999999999995,0.00043519999999999995,0.00043519999999999995,0.00043519999999999995,0.00043519999999999995,0.00043519999999999995,-0.0005248000000000001,-0.0005248000000000001,-0.0005248000000000001,-0.0005248000000000001,-0.0005248000000000001,-0.0005248000000000001,0.0,0.0,0.0,0.0,0.0,0.0,0.0,0.0,0.0,0.0,0.0,0.0
2021-02-09 00:00:00-05:00,2.5199999999999996e-05,0.0,2.5199999999999996e-05,0.0,2.5199999999999996e-05,0.0,2.5199999999999996e-05,0.0,2.5199999999999996e-05,0.0,2.5199999999999996e-05,0.0,2.5199999999999996e-05,0.0,2.5199999999999996e-05,0.0,2.5199999999999996e-05,0.0,-8.48e-05,-8.48e-05,-8.48e-05,-8.48e-05,-8.48e-05,-8.48e-05,-0.0004248,-0.0004248,-0.0004248,-0.0004248,-0.0004248,-0.0004248,-0.0006448000000000001,-0.0006448000000000001,-0.0006448000000000001,-0.0006448000000000001,-0.0006448000000000001,-0.0006448000000000001
2021-02-10 00:00:00-05:00,-0.0029048000000000004,0.0019752000000000003,-0.0006348,0.0019752000000000003,-0.0006348,0.0015852000000000002,-0.0030948,0.0019752000000000003,-0.0008248,0.0019752000000000003,-0.0008248,0.0018452000000000002,-0.0030948,0.0019752000000000003,-0.0008248,0.0019752000000000003,-0.0008248,0.0018452000000000002,0.0019752000000000003,0.0019752000000000003,0.0019752000000000003,0.0019752000000000003,0.0020052,0.0020052,0.0016852000000000002,0.0016852000000000002,0.0016852000000000002,0.0016852000000000002,0.0016852000000000002,0.0016852000000000002,0.0010352,0.0010352,0.0010352,0.0010352,0.0010352,0.0010352
2021-02-11 00:00:00-05:00,-0.0007948,0.0,-0.0007948,0.0,-0.0007948,0.0,-0.0007948,0.0,-0.0007948,0.0,-0.0007948,0.0,-0.0007948,0.0,-0.0007948,0.0,-0.0007948,0.0,0.0012652,0.0012652,-0.0005948,-0.0005948,-0.0005948,-0.0005948,0.0010352,0.0010352,0.0010352,0.0010352,0.0010352,0.0010352,0.0010352,0.0010352,0.0010352,0.0010352,0.0010352,0.0010352
2021-02-12 00:00:00-05:00,-0.0009748000000000001,-0.0009748000000000001,-0.0011048,-0.0011048,-0.0011048,-0.0011048,-0.0012648,-0.0012648,-0.0013947999999999999,-0.0013947999999999999,-0.0013947999999999999,-0.0013947999999999999,-0.0014847999999999999,-0.0014847999999999999,-0.0016148,-0.0016148,-0.0016148,-0.0016148,0.0006952,0.0,0.0006952,0.0,0.0006952,0.0,0.0006952,0.0,0.0006952,0.0,0.0006952,0.0,0.0001652,0.0,0.0001652,0.0,0.0001652,0.0
2021-02-15 00:00:00-05:00,-0.0010048000000000001,-0.0006748,-0.0011748,-0.0006748,-0.0011748,-0.0006748,-0.0010048000000000001,-0.0006748,-0.0011748,-0.0006748,-0.0011748,-0.0006748,-0.0006748,-0.0006748,-0.0006748,-0.0006748,-0.0006748,-0.0006748,0.0002052,0.0,0.0002052,0.0,0.0002052,0.0,9.52e-05,0.0,9.52e-05,0.0,9.52e-05,0.0,4.5199999999999994e-05,0.0,4.5199999999999994e-05,0.0,4.5199999999999994e-05,0.0
2021-02-16 00:00:00-05:00,-0.00038480000000000003,-0.00038480000000000003,-0.00038480000000000003,-0.00038480000000000003,-0.00038480000000000003,-0.00038480000000000003,-0.00038480000000000003,-0.00038480000000000003,-0.00038480000000000003,-0.00038480000000000003,-0.00038480000000000003,-0.00038480000000000003,-0.00038480000000000003,-0.00038480000000000003,-0.00038480000000000003,-0.00038480000000000003,-0.00038480000000000003,-0.00038480000000000003,-0.0006348,-0.0006348,-0.00039480000000000006,-0.00039480000000000006,0.0006251999999999999,0.0006251999999999999,-0.0011348,-0.0011348,-0.0008948000000000001,-0.0008948000000000001,-0.0008948000000000001,-0.0008948000000000001,0.0,0.0,0.0,0.0,0.0,0.0
2021-02-17 00:00:00-05:00,-0.0011848,-0.0005548,-0.0015848,-0.0005548,-0.0015848,-0.0005548,-0.0011848,-0.0005548,-0.0015848,-0.0005548,-0.0015848,-0.0005548,-0.0016247999999999998,-0.0005548,-0.0020247999999999998,-0.0005548,-0.0020247999999999998,-0.0005548,0.0014252000000000002,0.0014252000000000002,0.0014252000000000002,0.0014252000000000002,0.0019252000000000002,0.0019252000000000002,0.0014252000000000002,0.0014252000000000002,0.0014252000000000002,0.0014252000000000002,0.0019252000000000002,0.0019252000000000002,0.0010952,0.0010952,0.0010952,0.0010952,0.0010952,0.0010952
2021-02-18 00:00:00-05:00,0.0026152,-0.0037148000000000003,-0.0008448,-0.0009548,-0.0008448,-0.0009548,-0.0037148000000000003,-0.0037148000000000003,-0.0013947999999999999,-0.0013947999999999999,-0.0013947999999999999,-0.0013947999999999999,-0.0037148000000000003,-0.0037148000000000003,-0.0013947999999999999,-0.0013947999999999999,-0.0013947999999999999,-0.0013947999999999999,0.0032351999999999997,0.0,0.0032351999999999997,0.0,0.0009052,0.0,0.0028951999999999997,0.0,0.0028951999999999997,0.0,0.0015852000000000002,0.0,0.0011952,0.0,0.0011952,0.0,0.0011952,0.0
2021-02-19 00:00:00-05:00,9.52e-05,0.0,9.52e-05,0.0,0.0018852,0.0,9.52e-05,0.0,9.52e-05,0.0,0.0019652000000000003,0.0,-0.0013348,0.0,-0.0013348,0.0,-0.0013348,0.0,-0.0005348,0.0,-0.0005348,0.0,0.0021852,0.0,-0.0026848,0.0,-0.0026848,0.0,-0.0026848,0.0,-0.0029148000000000004,0.0,-0.0029148000000000004,0.0,-0.0029148000000000004,0.0
2021-02-22 00:00:00-05:00,0.0054551999999999995,-0.0075748000000000005,-0.0019048,-0.0015547999999999998,-0.0019048,-0.0015547999999999998,-0.0075748000000000005,-0.0075748000000000005,-0.0030048,-0.0030048,-0.0030048,-0.0030048,-0.0075748000000000005,-0.0075748000000000005,-0.0030048,-0.0030048,-0.0030048,-0.0030048,-0.0077348,-0.0077348,-0.0008948000000000001,-0.0008948000000000001,-0.0008948000000000001,-0.0008948000000000001,0.0066451999999999995,0.0,0.0066451999999999995,0.0,0.0021452000000000003,0.0,0.0054652,0.0,0.0054652,0.0,0.0045052,0.0
2021-02-23 00:00:00-05:00,0.0022752000000000002,0.0022752000000000002,-0.0012048,-0.0012048,-0.0012048,-0.0012048,-0.0040648,0.0015152000000000002,-0.0017648,0.0015152000000000002,-0.0017648,0.0015152000000000002,-0.0040648,0.0015152000000000002,-0.0018348,0.0015152000000000002,-0.0018348,0.0015152000000000002,0.0034352,0.0034352,0.0034352,0.0034352,0.0015252000000000002,0.0015252000000000002,0.0022952000000000003,0.0022952000000000003,0.0022952000000000003,0.0022952000000000003,0.0022952000000000003,0.0022952000000000003,0.0008052,0.0008052,0.0008052,0.0008052,0.0008052,0.0008052
2021-02-24 00:00:00-05:00,0.00037519999999999996,-0.0028148,-0.0018348,-0.0015547999999999998,-0.0018348,-0.0015547999999999998,-0.0028148,-0.0028148,-0.0028248,-0.0028248,-0.0028248,-0.0028248,-0.0028148,-0.0028148,-0.0028248,-0.0028248,-0.0028248,-0.0028248,-0.0036248,-0.0036248,-0.0023048,-0.0023048,-0.0023048,-0.0023048,-0.0041048000000000005,-0.0041048000000000005,-0.0027848,-0.0027848,-0.0027848,-0.0027848,0.0005851999999999999,0.0,0.0005851999999999999,0.0,0.0005851999999999999,0.0
2021-02-25 00:00:00-05:00,-0.0007048,-0.0007048,-0.0010348,-0.0010348,-0.0010348,-0.0010348,-0.0011648000000000001,-0.0011648000000000001,-0.0014948,-0.0014948,-0.0014948,-0.0014948,-0.00047480000000000005,-0.0019148,-0.0022948,-0.0022448,-0.0022948,-0.0022448,-0.0014448,-0.0014448,-0.0014448,-0.0014448,-0.0014448,-0.0014448,-0.0014448,-0.0014448,-0.0014448,-0.0014448,-0.0014448,-0.0014448,-0.0014448,-0.0014448,-0.0014448,-0.0014448,-0.0014448,-0.0014448
2021-02-26 00:00:00-05:00,-0.0013248,-0.0013248,-0.0027348000000000003,-0.0027348000000000003,-0.0027348000000000003,-0.0027348000000000003,-0.0016848,-0.0016848,-0.0030948,-0.0030948,-0.0030948,-0.0030948,-0.0015948,-0.0025648000000000003,-0.0038648000000000003,-0.0039748000000000006,-0.0038648000000000003,-0.0039748000000000006,-0.0009548,-0.0011948,-0.0020448,-0.0020848,-0.0020448,-0.0020848,-0.0011948,-0.0011948,-0.0023948,-0.0023948,-0.0023948,-0.0023948,-0.0011948,-0.0011948,-0.0031348,-0.0031348,-0.0031348,-0.0031348
2021-03-01 00:00:00-05:00,0.0047152,0.0047152,0.0047152,0.0047152,0.0032051999999999996,0.0032051999999999996,0.0042752,0.0042752,0.0042752,0.0042752,0.0045452,0.0045452,0.0038152,0.0038152,0.0038152,0.0038152,0.0038152,0.0038152,0.0021352000000000003,0.0021352000000000003,0.0021352000000000003,0.0021352000000000003,0.0023652,0.0023652,0.0016952,0.0016952,0.0016952,0.0016952,0.0016952,0.0016952,0.0,0.0,0.0,0.0,0.0,0.0
2021-03-02 00:00:00-05:00,0.0038352,0.0,0.0038352,0.0,0.0031652,0.0,0.0038352,0.0,0.0038352,0.0,0.0031652,0.0,0.0038352,0.0,0.0038352,0.0,0.0031652,0.0,0.0038352,0.0,0.0038352,0.0,0.0027251999999999997,0.0,0.0038352,0.0,0.0038352,0.0,0.0027251999999999997,0.0,0.0029552,0.0,0.0029552,0.0,0.0029552,0.0
2021-03-03 00:00:00-05:00,0.0030851999999999997,0.0030851999999999997,0.0030851999999999997,0.0030851999999999997,0.0025851999999999997,0.0025851999999999997,0.0028352,0.0028352,0.0028352,0.0028352,0.0030851999999999997,0.0030851999999999997,0.0022152,0.0022152,0.0022152,0.0022152,0.0022152,0.0022152,-0.0039848,0.0020752,-0.0018348,0.0020752,-0.0018348,0.0020752,0.0020752,0.0020752,0.0020752,0.0020752,0.0020752,0.0020752,0.0020752,0.0020752,0.0020752,0.0020752,0.0020752,0.0020752
2021-03-04 00:00:00-05:00,-0.00022480000000000002,0.0,-0.00022480000000000002,0.0,0.0029652,0.0,-0.0029048000000000004,0.0,-0.0029048000000000004,0.0,-0.0029048000000000004,0.0,-0.0035948,0.0,-0.0035948,0.0,-0.0035948,0.0,0.0002452,0.0002452,-0.0019648,-0.0019648,-0.0019648,-0.0019648,0.0002452,0.0002452,-0.0019648,-0.0019648,-0.0019648,-0.0019648,0.0002452,0.0002452,-0.0019648,-0.0019648,-0.0019648,-0.0019648
2021-03-05 00:00:00-05:00,-0.0002048,-0.0021747999999999997,-0.0020147999999999998,-0.0020848,0.0038651999999999996,-0.0020848,-0.0002048,-0.0021747999999999997,-0.0020147999999999998,-0.0020848,0.0038651999999999996,-0.0020848,-0.0007248,-0.0021747999999999997,-0.0025348,-0.0025248,-0.0025348,-0.0025248,0.0022752000000000002,0.0022752000000000002,0.0022752000000000002,0.0022752000000000002,0.003945199999999999,0.003945199999999999,0.0022752000000000002,0.0022752000000000002,0.0022752000000000002,0.0022752000000000002,0.003945199999999999,0.003945199999999999,0.0011451999999999999,0.0011451999999999999,0.0011451999999999999,0.0011451999999999999,0.0011451999999999999,0.0011451999999999999
2021-03-08 00:00:00-05:00,0.0092552,0.0,0.0092552,0.0,0.0042252,0.0,0.0087952,0.0,0.0087952,0.0,0.0051452,0.0,0.0071552,0.0,0.0071552,0.0,0.0071552,0.0,0.0060752,0.0,0.0060752,0.0,0.0042452,0.0,0.0047951999999999995,0.0,0.0047951999999999995,0.0,0.0047951999999999995,0.0,0.0047951999999999995,0.0,0.0047951999999999995,0.0,0.0047951999999999995,0.0
2021-03-09 00:00:00-05:00,0.0042452,0.0042452,-0.0019248,-0.0019248,-0.0019248,-0.0019248,0.0040552,0.0040552,-0.0021148,-0.0021148,-0.0021148,-0.0021148,0.0036752,0.0036752,-0.0024947999999999997,-0.0024947999999999997,-0.0024947999999999997,-0.0024947999999999997,-0.0055948000000000005,0.0028352,-0.0024748,0.0028352,-0.0024748,0.0028352,-0.0055948000000000005,0.0028352,-0.0024748,0.0028352,-0.0024748,0.0028352,0.0028352,0.0028352,0.0028352,0.0028352,0.0028352,0.0028352
2021-03-10 00:00:00-05:00,-0.0025248,-0.0025248,-0.0014148,-0.0014148,-0.0014148,-0.0014148,-0.0025248,-0.0025248,-0.0014148,-0.0014148,-0.0014148,-0.0014148,0.0009551999999999999,0.0,0.0009551999999999999,0.0,0.0009551999999999999,0.0,-0.00023480000000000002,0.0,-0.00023480000000000002,0.0,-0.00023480000000000002,0.0,-0.00023480000000000002,0.0,-0.00023480000000000002,0.0,-0.00023480000000000002,0.0,-0.0013648,0.0,-0.0013648,0.0,-0.0013648,0.0
2021-03-11 00:00:00-05:00,-0.0061948,-0.0061948,-0.0009548,-0.0009548,0.0017452000000000001,0.0017452000000000001,-0.0061948,-0.0061948,-0.0009548,-0.0009548,0.0017452000000000001,0.0017452000000000001,-0.0068448,-0.0068448,-0.0016048,-0.0016048,-0.0016048,-0.0016048,0.0068652,0.0,0.0068652,0.0,0.0021652,0.0,0.0068652,0.0,0.0068652,0.0,0.0021652,0.0,0.0046651999999999996,0.0,0.0046651999999999996,0.0,0.0046651999999999996,0.0
2021-03-12 00:00:00-05:00,-0.0072648,0.0048151999999999995,-0.0014948,0.0048151999999999995,-0.0014948,0.0042052,-0.0073048,0.0048151999999999995,-0.0015347999999999998,0.0048151999999999995,-0.0015347999999999998,0.0046651999999999996,-0.0074348,0.0048151999999999995,-0.0016648,0.0048151999999999995,-0.0016648,0.0049052,0.0070752,0.0070752,0.0070752,0.0070752,0.0011652,0.0011652,0.0070752,0.0070752,0.0070752,0.0070752,0.0011652,0.0011652,0.0063852,0.0063852,0.0063852,0.0063852,0.0025452,0.0025452
2021-03-15 00:00:00-04:00,0.0007852,0.0007852,-0.0015848,-0.0015848,-0.0015848,-0.0015848,-0.0025147999999999998,0.0006552,-0.0017648,0.0006552,-0.0017648,0.0006552,-0.0025147999999999998,0.0,-0.0022148,0.0,-0.0022148,0.0,-0.0025147999999999998,0.0012852,-0.0009648,0.0012852,-0.0009648,0.0019452,-0.0025147999999999998,0.0012852,-0.0009648,0.0012852,-0.0009648,0.0021252000000000003,-0.0029148000000000004,0.0012852,-0.0013648,0.0012852,-0.0013648,0.0023852
2021-03-16 00:00:00-04:00,-0.0034548,-0.0034548,-0.0006948000000000001,-0.0006948000000000001,-0.0006948000000000001,-0.0006948000000000001,-0.0036248,-0.0036248,-0.0008648,-0.0008648,-0.0008648,-0.0008648,-0.0039248,-0.0039248,-0.0011648000000000001,-0.0011648000000000001,-0.0011648000000000001,-0.0011648000000000001,0.0034452,0.0,0.0034452,0.0,0.0012251999999999999,0.0,0.0032852,0.0,0.0032852,0.0,0.0015452,0.0,0.0027251999999999997,0.0,0.0027251999999999997,0.0,0.0026652,0.0
2021-03-17 00:00:00-04:00,0.0009651999999999999,0.0009651999999999999,0.0009651999999999999,0.0009651999999999999,0.0018652,0.0018652,0.0009651999999999999,0.0009651999999999999,0.0009651999999999999,0.0009651999999999999,0.0018652,0.0018652,0.0009651999999999999,0.0009651999999999999,0.0009651999999999999,0.0009651999999999999,0.0009651999999999999,0.0009651999999999999,0.0,0.0,0.0,0.0,0.0,0.0,0.0,0.0,0.0,0.0,0.0,0.0,0.0,0.0,0.0,0.0,0.0,0.0
2021-03-18 00:00:00-04:00,-0.00021480000000000002,-0.0017147999999999998,-0.0016848,-0.0015748,-0.0016848,-0.0015748,-0.00021480000000000002,-0.0017147999999999998,-0.0016848,-0.0015748,-0.0016848,-0.0015748,-0.00021480000000000002,-0.0017147999999999998,-0.0017047999999999998,-0.0015748,-0.0017047999999999998,-0.0015748,-0.0015148,-0.0005948,-0.0012947999999999998,-0.0005948,-0.0012947999999999998,-0.0005948,-0.0016148,-0.0005948,-0.0013947999999999999,-0.0005948,-0.0013947999999999999,-0.0005948,-0.0005948,-0.0005948,-0.0005948,-0.0005948,-0.0005948,-0.0005948
2021-03-19 00:00:00-04:00,-0.0006548000000000001,-0.0006548000000000001,-0.0006548000000000001,-0.0006548000000000001,0.0029251999999999998,0.0029251999999999998,-0.0011048,-0.0011048,-0.0011048,-0.0011048,-0.0011048,-0.0011048,-0.0011048,-0.0011048,-0.0011048,-0.0011048,-0.0011048,-0.0011048,-0.0002648,-0.0016447999999999999,-0.0015347999999999998,-0.0016748,-0.0015347999999999998,-0.0016748,-0.00032480000000000003,-0.0016447999999999999,-0.0015948,-0.0018548,-0.0015948,-0.0018548,-0.0016447999999999999,-0.0016447999999999999,-0.0016447999999999999,-0.0016447999999999999,-0.0016447999999999999,-0.0016447999999999999
2021-03-22 00:00:00-04:00,0.0028552,0.0,0.0028552,0.0,0.0036052,0.0,0.0028552,0.0,0.0028552,0.0,0.0036052,0.0,0.0021952,0.0,0.0021952,0.0,0.0021952,0.0,-0.0023347999999999997,-0.0023347999999999997,-0.0008148000000000001,-0.0008148000000000001,-0.0008148000000000001,-0.0008148000000000001,-0.0028448,-0.0028448,-0.0013248,-0.0013248,-0.0013248,-0.0013248,-0.0028448,-0.0028448,-0.0013248,-0.0013248,-0.0013248,-0.0013248
2021-03-23 00:00:00-04:00,-0.0010474,0.0005076,-0.0003724,0.0005076,-0.0003724,0.0008526,-0.0013724000000000002,0.0005076,-0.0006973999999999999,0.0005076,-0.0006973999999999999,0.0005076,-0.0013724000000000002,0.0005076,-0.0006973999999999999,0.0005076,-0.0006973999999999999,0.0005076,0.0010126,0.0010126,0.0010126,0.0010126,0.0009326,0.0009326,0.0007476000000000001,0.0007476000000000001,0.0007476000000000001,0.0007476000000000001,0.0007476000000000001,0.0007476000000000001,0.00037759999999999996,0.00037759999999999996,0.00037759999999999996,0.00037759999999999996,0.00037759999999999996,0.00037759999999999996
2021-03-24 00:00:00-04:00,-0.0002224,-0.0002224,-0.0005224,-0.0005224,-0.0005224,-0.0005224,-0.0004424,-0.0004424,-0.0007423999999999999,-0.0007423999999999999,-0.0007423999999999999,-0.0007423999999999999,-0.0004424,-0.0004424,-0.0007423999999999999,-0.0007423999999999999,-0.0007423999999999999,-0.0007423999999999999,-0.00016240000000000002,-0.00028740000000000005,-0.0003774,-0.0004124,-0.0003774,-0.0004124,-0.0004024,-0.00028740000000000005,-0.0006174,-0.0005774,-0.0006174,-0.0005774,-0.0006523999999999999,-0.00028740000000000005,-0.0008673999999999999,-0.0006674,-0.0008673999999999999,-0.0006674
2021-03-25 00:00:00-04:00,-0.0006473999999999999,-0.0006473999999999999,-0.0005524,-0.0005524,-0.0005524,-0.0005524,-2.7400000000000002e-05,-0.0009824,-0.0007974,-0.0008874,-0.0007974,-0.0008874,-2.7400000000000002e-05,-0.0009824,-0.0007974,-0.0008874,-0.0007974,-0.0008874,-0.00011740000000000001,-0.00034240000000000003,-0.0004174,-0.0003924,-0.0004174,0.0007026000000000001,-0.00034240000000000003,-0.00034240000000000003,-0.00045240000000000005,-0.00045240000000000005,0.0008226,0.0008226,-0.00034240000000000003,-0.00034240000000000003,-0.0004774,-0.0004774,0.0008726000000000001,0.0008726000000000001
2021-03-26 00:00:00-04:00,0.0011226,0.0,0.0011226,0.0,0.0011226,0.0,0.0011226,0.0,0.0011226,0.0,0.0011226,0.0,0.0011226,0.0,0.0011226,0.0,0.0011226,0.0,-0.0012874000000000002,-0.0012874000000000002,-0.0004824,-0.0004824,-0.0004824,-0.0004824,-0.0012874000000000002,-0.0012874000000000002,-0.0004824,-0.0004824,-0.0004824,-0.0004824,0.0007526000000000001,0.0,0.0007526000000000001,0.0,0.0007526000000000001,0.0
2021-03-29 00:00:00-04:00,0.0009576000000000001,0.0009576000000000001,0.0009576000000000001,0.0009576000000000001,0.0021826,0.0021826,0.0007326,0.0007326,0.0007326,0.0007326,0.0007326,0.0007326,0.0007326,0.0007326,0.0007326,0.0007326,0.0007326,0.0007326,0.0003026,0.0003026,0.0003026,0.0003026,0.0009826000000000001,0.0009826000000000001,6.26e-05,6.26e-05,6.26e-05,6.26e-05,0.0014625999999999999,0.0014625999999999999,-0.0002474,-0.0002474,-0.0002474,-0.0002474,-0.0002474,-0.0002474
2021-03-30 00:00:00-04:00,0.0011026,0.0011026,0.0011026,0.0011026,0.0010926,0.0010926,0.0011026,0.0011026,0.0011026,0.0011026,0.0011426000000000001,0.0011426000000000001,0.0011026,0.0011026,0.0011026,0.0011026,0.0011426000000000001,0.0011426000000000001,0.0009576000000000001,0.0009576000000000001,0.0009576000000000001,0.0009576000000000001,0.0012026,0.0012026,0.0009576000000000001,0.0009576000000000001,0.0009576000000000001,0.0009576000000000001,0.0012026,0.0012026,0.0006976,0.0006976,0.0006976,0.0006976,0.0006976,0.0006976
2021-03-31 00:00:00-04:00,-0.00036740000000000004,-0.00036740000000000004,-0.0006774,-0.0006774,-0.0006774,-0.0006774,-0.0003774,0.0,-0.0003774,0.0,-0.0003774,0.0,-0.0003774,0.0,-0.0003774,0.0,-0.0003774,0.0,-3.24e-05,-3.24e-05,-0.0003574,-0.0003574,-0.0003574,-0.0003574,-0.0005524,-0.00019240000000000001,-0.0006174,-0.00019240000000000001,-0.0006174,-0.00019240000000000001,-0.0007874,-0.00019240000000000001,-0.0008523999999999999,-0.00019240000000000001,-0.0008523999999999999,-0.00019240000000000001
2021-04-01 00:00:00-04:00,0.0011826,0.0,0.0011826,0.0,0.0006626000000000001,0.0,0.0011126,0.0,0.0011126,0.0,0.0008026000000000001,0.0,0.0011126,0.0,0.0011126,0.0,0.0008026000000000001,0.0,0.0007876000000000001,-0.0012024,-0.0003324,-0.0003724,-0.0003324,-0.0003724,0.0007876000000000001,0.0,-0.0004374,0.0,-0.0004374,0.0,0.0007076000000000001,0.0,0.0007076000000000001,0.0,0.0007076000000000001,0.0
2021-04-02 00:00:00-04:00,0.0005252,0.0,0.0005252,0.0,0.0011052,0.0,0.0005252,0.0,0.0005252,0.0,0.0011052,0.0,0.0005252,0.0,0.0005252,0.0,0.0011052,0.0,-0.00039480000000000006,-0.00039480000000000006,-0.0006448000000000001,-0.0006448000000000001,-0.0006448000000000001,-0.0006448000000000001,-0.00039480000000000006,-0.00039480000000000006,-0.0006448000000000001,-0.0006448000000000001,-0.0006448000000000001,-0.0006448000000000001,-0.00039480000000000006,-0.00039480000000000006,-0.0006448000000000001,-0.0006448000000000001,-0.0006448000000000001,-0.0006448000000000001
2021-04-05 00:00:00-04:00,-0.0011048,0.0,-0.0011048,0.0,-0.0011048,0.0,-0.0011048,0.0,-0.0011048,0.0,-0.0011048,0.0,-0.0011048,0.0,-0.0011048,0.0,-0.0011048,0.0,0.00025519999999999997,0.00025519999999999997,0.00025519999999999997,0.00025519999999999997,0.00025519999999999997,0.00025519999999999997,1.5199999999999995e-05,1.5199999999999995e-05,1.5199999999999995e-05,1.5199999999999995e-05,1.5199999999999995e-05,1.5199999999999995e-05,1.5199999999999995e-05,1.5199999999999995e-05,1.5199999999999995e-05,1.5199999999999995e-05,1.5199999999999995e-05,1.5199999999999995e-05
2021-04-06 00:00:00-04:00,0.0010852,0.0010852,-0.00047480000000000005,-0.00047480000000000005,-0.00047480000000000005,-0.00047480000000000005,-0.0016948,0.0007551999999999999,-0.0007148,0.0007551999999999999,-0.0007148,0.0007551999999999999,0.0007551999999999999,0.0007551999999999999,0.0007551999999999999,0.0007551999999999999,0.0007551999999999999,0.0007551999999999999,0.0012452,0.0012452,0.0012452,0.0012452,0.0015052000000000002,0.0015052000000000002,0.0007551999999999999,0.0007551999999999999,0.0007551999999999999,0.0007551999999999999,0.0007551999999999999,0.0007551999999999999,0.0007551999999999999,0.0007551999999999999,0.0007551999999999999,0.0007551999999999999,0.0007551999999999999,0.0007551999999999999
2021-04-07 00:00:00-04:00,0.0002952,-0.0011448,-0.00045480000000000005,-0.0007448,-0.00045480000000000005,-0.0007448,0.0002952,-0.0011448,-0.00045480000000000005,-0.0007448,-0.00045480000000000005,-0.0007448,-0.0011448,-0.0011448,-0.0011948,-0.0011948,-0.0011948,-0.0011948,-0.0006548000000000001,-0.0006548000000000001,-0.0006548000000000001,-0.0006548000000000001,-0.0006548000000000001,-0.0006548000000000001,-0.0007648,-0.0007648,-0.0007648,-0.0007648,-0.0007648,-0.0007648,-0.0007648,-0.0007648,-0.0007648,-0.0007648,-0.0007648,-0.0007648
2021-04-08 00:00:00-04:00,-0.0040148,-0.0040148,-0.0005148,-0.0005148,-0.0005148,-0.0005148,-0.0040148,-0.0040148,-0.0005148,-0.0005148,-0.0005148,-0.0005148,-0.0040148,-0.0040148,-0.0005248000000000001,-0.0005248000000000001,-0.0005248000000000001,-0.0005248000000000001,0.0028452,0.0,0.0028452,0.0,0.0011451999999999999,0.0,0.0028452,0.0,0.0028452,0.0,0.0011451999999999999,0.0,0.0026052,0.0,0.0026052,0.0,0.0016252,0.0
2021-04-09 00:00:00-04:00,0.0021752,0.0021752,-0.0006848000000000001,-0.0006848000000000001,-0.0006848000000000001,-0.0006848000000000001,-0.0029548,0.0,-0.0009048000000000001,0.0,0.0016452,0.0,-0.0029548,0.0,-0.0009048000000000001,0.0,0.0016452,0.0,-0.0043048,0.0027952,-0.0013248,0.0027952,-0.0013248,0.0015252000000000002,-0.0043048,0.0027952,-0.0013248,0.0027952,-0.0013248,0.0015252000000000002,0.0027952,0.0027952,0.0027952,0.0027952,0.0027952,0.0027952
2021-04-12 00:00:00-04:00,-0.0008448,-0.0008448,-0.0011648000000000001,-0.0011648000000000001,-0.0011648000000000001,-0.0011648000000000001,-0.0008448,-0.0008448,-0.0011648000000000001,-0.0011648000000000001,-0.0011648000000000001,-0.0011648000000000001,-0.0007948,0.0,-0.0007948,0.0,-0.0007948,0.0,0.0009651999999999999,0.0009651999999999999,0.0009651999999999999,0.0009651999999999999,0.0012652,0.0012652,0.0005951999999999999,0.0005951999999999999,0.0005951999999999999,0.0005951999999999999,0.0005951999999999999,0.0005951999999999999,-0.0001748,-0.0001748,-0.0001748,-0.0001748,-0.0001748,-0.0001748
2021-04-13 00:00:00-04:00,0.0013552000000000002,0.0,0.0013552000000000002,0.0,0.0012251999999999999,0.0,0.0012452,0.0,0.0012452,0.0,0.0014452,0.0,0.0012152,0.0,0.0012152,0.0,0.0015052000000000002,0.0,-0.0015848,-0.0015848,-0.0006448000000000001,-0.0006448000000000001,-0.0006448000000000001,-0.0006448000000000001,-0.0015848,-0.0015848,-0.0007048,-0.0007048,-0.0007048,-0.0007048,-0.0015848,-0.0015848,-0.0007048,-0.0007048,-0.0007048,-0.0007048
2021-04-14 00:00:00-04:00,-0.0001848,-0.00045480000000000005,-0.0004448,-0.0005748000000000001,-0.0004448,-0.0005748000000000001,-0.0001848,-0.00045480000000000005,-0.0004448,-0.0005748000000000001,-0.0004448,-0.0005748000000000001,-0.0003048,-0.00045480000000000005,-0.0005648000000000001,-0.0006848000000000001,-0.0005648000000000001,-0.0006848000000000001,-3.4800000000000006e-05,-3.4800000000000006e-05,-0.00039480000000000006,-0.00039480000000000006,-0.00039480000000000006,-0.00039480000000000006,-3.4800000000000006e-05,-3.4800000000000006e-05,-0.00040480000000000003,-0.00040480000000000003,-0.00040480000000000003,-0.00040480000000000003,-0.00045480000000000005,-0.00045480000000000005,-0.0008248,-0.0008248,-0.0008248,-0.0008248
2021-04-15 00:00:00-04:00,-0.0014448,0.0,-0.0007148,0.0,-0.0007148,0.0,-0.0014448,0.0,-0.0007148,0.0,-0.0007148,0.0,-0.0017347999999999999,0.0,-0.0010048000000000001,0.0,-0.0010048000000000001,0.0,0.0010952,0.0010952,-0.0007148,-0.0007148,-0.0007148,-0.0007148,-0.0024248,0.0,-0.0013548,0.0,-0.0013548,0.0,-0.0024248,0.0,-0.0016648,0.0,-0.0016648,0.0
2021-04-16 00:00:00-04:00,-0.0012148,-0.0012148,-0.0007948,-0.0007948,-0.0007948,-0.0007948,-0.0013248,-0.0013248,-0.0009048000000000001,-0.0009048000000000001,-0.0009048000000000001,-0.0009048000000000001,-0.0013248,-0.0013248,-0.0009048000000000001,-0.0009048000000000001,-0.0009048000000000001,-0.0009048000000000001,0.0005352,0.0,0.0005352,0.0,0.0015252000000000002,0.0,0.0001552,0.0,0.0001552,0.0,0.0001552,0.0,4.5199999999999994e-05,0.0,4.5199999999999994e-05,0.0,4.5199999999999994e-05,0.0
2021-04-19 00:00:00-04:00,0.0014152000000000001,0.0014152000000000001,0.0014152000000000001,0.0014152000000000001,0.0018852,0.0018852,0.0014152000000000001,0.0014152000000000001,0.0014152000000000001,0.0014152000000000001,0.0018852,0.0018852,0.0011652,0.0011652,0.0011652,0.0011652,0.0011652,0.0011652,0.0014252000000000002,0.0014252000000000002,0.0014252000000000002,0.0014252000000000002,0.0015452,0.0015452,0.0014252000000000002,0.0014252000000000002,0.0014252000000000002,0.0014252000000000002,0.0015452,0.0015452,0.0008851999999999999,0.0008851999999999999,0.0008851999999999999,0.0008851999999999999,0.0008851999999999999,0.0008851999999999999
2021-04-20 00:00:00-04:00,-0.0007748000000000001,-0.0007748000000000001,-0.0006548000000000001,-0.0006548000000000001,-0.0006548000000000001,-0.0006548000000000001,-0.0007748000000000001,-0.0007748000000000001,-0.0006548000000000001,-0.0006548000000000001,-0.0006548000000000001,-0.0006548000000000001,-0.0011748,-0.0011748,-0.0010548,-0.0010548,-0.0010548,-0.0010548,-0.0013147999999999999,-0.0013147999999999999,-0.0004248,-0.0004248,-0.0004248,-0.0004248,-0.0013147999999999999,-0.0013147999999999999,-0.0005848,-0.0005848,-0.0005848,-0.0005848,-0.0014148,-0.0014148,-0.0009648,-0.0009648,-0.0009648,-0.0009648
2021-04-21 00:00:00-04:00,-0.0012548000000000001,0.0004452,-0.0007148,-0.0007248,-0.0007148,-0.0007248,-0.0012548000000000001,0.0004452,-0.0007148,-0.0007248,-0.0007148,-0.0007248,-0.0012548000000000001,0.0004452,-0.0007148,-0.0007248,-0.0007148,-0.0007248,0.0006351999999999999,0.0006351999999999999,-0.0007448,-0.0007448,-0.0007448,-0.0007448,-0.0019248,0.0,-0.0015547999999999998,0.0,-0.0015547999999999998,0.0,-0.0019248,0.0,-0.0016148,0.0,-0.0016148,0.0
2021-04-22 00:00:00-04:00,-0.0010948,0.0004952,-0.0004648,-0.0005348,-0.0004648,-0.0005348,-0.0012848,0.0004952,-0.0006548000000000001,-0.0005548,-0.0006548000000000001,-0.0005548,-0.0014948,0.0004952,-0.0008648,0.0004952,-0.0008648,0.0004952,0.0008851999999999999,0.0008851999999999999,0.0008851999999999999,0.0008851999999999999,0.0011652,0.0011652,0.0008851999999999999,0.0008851999999999999,0.0008851999999999999,0.0008851999999999999,0.0011652,0.0011652,0.0005551999999999999,0.0005551999999999999,0.0005551999999999999,0.0005551999999999999,0.0005551999999999999,0.0005551999999999999
2021-04-23 00:00:00-04:00,-0.0014322,-0.0014322,-0.0011772,-0.0011772,-0.0011772,-0.0011772,-0.0015222,-0.0015222,-0.0013422,-0.0013422,-0.0013422,-0.0013422,-0.0017772,-0.0017772,-0.0015972,-0.0015972,-0.0015972,-0.0015972,-0.0013422,-0.0013422,-0.0009072,-0.0009072,-0.0009072,-0.0009072,-0.0017772,-0.0017772,-0.0013422,-0.0013422,-0.0013422,-0.0013422,-0.0017772,-0.0017772,-0.0013422,-0.0013422,-0.0013422,-0.0013422
2021-04-26 00:00:00-04:00,-0.0007421999999999999,-0.0007421999999999999,-0.0007421999999999999,-0.0007421999999999999,-0.0007421999999999999,-0.0007421999999999999,-0.0007421999999999999,-0.0007421999999999999,-0.0007421999999999999,-0.0007421999999999999,-0.0007421999999999999,-0.0007421999999999999,-0.0007421999999999999,-0.0007421999999999999,-0.0007421999999999999,-0.0007421999999999999,-0.0007421999999999999,-0.0007421999999999999,-0.0003372,-0.0003372,-0.0003372,-0.0003372,-0.0003372,-0.0003372,-0.0012822,-0.0012822,-0.0012822,-0.0012822,-0.0012822,-0.0012822,-0.0012822,-0.0012822,-0.0012822,-0.0012822,-0.0012822,-0.0012822
2021-04-27 00:00:00-04:00,-8.22e-05,-8.22e-05,-0.0010122,-0.0010122,-0.0010122,-0.0010122,-8.22e-05,-8.22e-05,-0.0010122,-0.0010122,-0.0010122,-0.0010122,-8.22e-05,-8.22e-05,-8.22e-05,-8.22e-05,-8.22e-05,-8.22e-05,-0.0008472,0.0,-0.0006522,0.0,-0.0006522,0.0,-0.0008472,0.0,-0.0006522,0.0,-0.0006522,0.0,0.0,0.0,0.0,0.0,0.0,0.0
2021-04-28 00:00:00-04:00,-0.0005322,-0.0005322,-0.0005322,-0.0005322,-0.0005322,-0.0005322,-0.0005322,-0.0005322,-0.0005322,-0.0005322,-0.0005322,-0.0005322,-0.0005322,-0.0005322,-0.0005322,-0.0005322,-0.0005322,-0.0005322,-0.0004272,-0.0005922,-0.0008172,-0.0008772,-0.0008172,-0.0008772,-0.0004272,-0.0005922,-0.0008172,-0.0008772,-0.0008172,-0.0008772,-0.0005922,-0.0005922,-0.0010122,-0.0010122,-0.0010122,-0.0010122
2021-04-29 00:00:00-04:00,-0.0033522,0.0020778,-0.0011172,0.0020778,-0.0011172,0.0020778,-0.0033522,0.0020778,-0.0011172,0.0020778,-0.0011172,0.0020778,0.0020778,0.0020778,0.0020778,0.0020778,0.0026177999999999996,0.0026177999999999996,0.0010428,0.0010428,0.0010428,0.0010428,0.0010428,0.0010428,0.0010428,0.0010428,0.0010428,0.0010428,0.0010428,0.0010428,0.0006678,0.0006678,0.0006678,0.0006678,0.0006678,0.0006678
2021-04-30 00:00:00-04:00,0.0007128,0.0,0.0007128,0.0,0.0028577999999999998,0.0,0.0007128,0.0,0.0007128,0.0,0.0028577999999999998,0.0,0.0003528,0.0,0.0003528,0.0,0.0003528,0.0,-0.0016722,0.0,-0.0016722,0.0,-0.0016722,0.0,-0.0016722,0.0,-0.0016722,0.0,-0.0016722,0.0,-0.0016722,0.0,-0.0016722,0.0,-0.0016722,0.0
2021-05-03 00:00:00-04:00,-0.0007122,-0.0007122,-0.0013122,-0.0013122,-0.0013122,-0.0013122,-0.0007122,-0.0007122,-0.0013122,-0.0013122,-0.0013122,-0.0013122,-0.0011172,-0.0011172,-0.0017171999999999999,-0.0017171999999999999,-0.0017171999999999999,-0.0017171999999999999,-0.0011472,-0.0011472,-0.0011622,-0.0011622,-0.0011622,-0.0011622,-0.0013422,-0.0013422,-0.0013572,-0.0013572,-0.0013572,-0.0013572,-0.0014922,-0.0014922,-0.0015072,-0.0015072,-0.0015072,-0.0015072
2021-05-04 00:00:00-04:00,0.0005028,0.0,0.0005028,0.0,0.0018978,0.0,0.0005028,0.0,0.0005028,0.0,0.0018978,0.0,0.0005028,0.0,0.0005028,0.0,0.0018978,0.0,-0.0007871999999999999,0.0,-0.0007871999999999999,0.0,-0.0007871999999999999,0.0,-0.0010272,0.0,-0.0010272,0.0,-0.0010272,0.0,-0.0011772,0.0,-0.0011772,0.0,-0.0011772,0.0
2021-05-05 00:00:00-04:00,0.0003078,0.0003078,0.0003078,0.0003078,0.0003078,0.0003078,0.0003078,0.0003078,0.0003078,0.0003078,0.0003078,0.0003078,0.0003078,0.0003078,0.0003078,0.0003078,0.0003078,0.0003078,-0.00014220000000000001,-0.00014220000000000001,-0.00014220000000000001,-0.00014220000000000001,0.0023178,0.0023178,-0.0010422,-0.0010422,-0.0010422,-0.0010422,-0.0010422,-0.0010422,-0.0020022,-0.0020022,-0.0020022,-0.0020022,-0.0020022,-0.0020022
2021-05-06 00:00:00-04:00,-0.0026922,0.0011778000000000001,-0.0013422,-0.0013871999999999999,-0.0013422,-0.0013871999999999999,0.0011778000000000001,0.0011778000000000001,-0.0017022,-0.0017022,-0.0017022,-0.0017022,0.0011778000000000001,0.0011778000000000001,-0.0017022,-0.0017022,-0.0017022,-0.0017022,0.0003078,0.0003078,-0.0010122,-0.0010122,-0.0010122,-0.0010122,0.0003078,0.0003078,-0.0010122,-0.0010122,-0.0010122,-0.0010122,-0.0017171999999999999,0.0,-0.0017171999999999999,0.0,-0.0017171999999999999,0.0
2021-05-07 00:00:00-04:00,-0.0009372,-0.0009372,-0.0009372,-0.0009372,-0.0009372,-0.0009372,-0.0009372,-0.0009372,-0.0009372,-0.0009372,-0.0009372,-0.0009372,-0.0009372,-0.0009372,-0.0009372,-0.0009372,-0.0009372,-0.0009372,-0.0009372,-0.0009372,-0.0009372,-0.0009372,-0.0009372,-0.0009372,-0.0012372,-0.0012372,-0.0012372,-0.0012372,-0.0012372,-0.0012372,-0.0017772,-0.0017772,-0.0017772,-0.0017772,-0.0017772,-0.0017772
2021-05-10 00:00:00-04:00,-0.0039822,-0.0039822,-0.0018672,-0.0018672,-0.0018672,-0.0018672,-0.0039822,-0.0039822,-0.0018672,-0.0018672,-0.0018672,-0.0018672,-0.0039822,-0.0039822,-0.0018672,-0.0018672,-0.0018672,-0.0018672,-0.0042372,-0.0042372,-0.0013272,-0.0013272,-0.0013272,-0.0013272,-0.0042372,-0.0042372,-0.0013272,-0.0013272,-0.0013272,-0.0013272,-0.0042372,-0.0042372,-0.0013272,-0.0013272,-0.0013272,-0.0013272
2021-05-11 00:00:00-04:00,-0.004177200000000001,-0.004177200000000001,-0.0013572,-0.0013572,-0.0013572,-0.0013572,-0.004177200000000001,-0.004177200000000001,-0.0015521999999999999,-0.0015521999999999999,-0.0015521999999999999,-0.0015521999999999999,-0.0044922,-0.0044922,-0.0018672,-0.0018672,-0.0018672,-0.0018672,0.0033228,0.0,0.0033228,0.0,0.0028577999999999998,0.0,0.0020028,0.0,0.0020028,0.0,0.0054978,0.0,-0.0049572,0.0,-0.0049572,0.0,-0.0049572,0.0
2021-05-12 00:00:00-04:00,-0.0028572000000000003,-0.0028572000000000003,-0.0012372,-0.0012372,-0.0012372,-0.0012372,0.0013878,-0.0032322,-0.0014622,-0.0016122,-0.0014622,-0.0016122,0.0013878,-0.0032322,-0.0016122,-0.0016122,-0.0016122,-0.0016122,0.0021828,0.0,0.0021828,0.0,0.0033678,0.0,0.0021828,0.0,0.0021828,0.0,0.0033678,0.0,-0.0020922,0.0,-0.0020922,0.0,-0.0020922,0.0
2021-05-13 00:00:00-04:00,0.0009952,0.0009952,0.0009952,0.0009952,0.0009952,0.0009952,0.0006152,0.0006152,0.0006152,0.0006152,0.0006152,0.0006152,0.0003852,0.0003852,0.0003852,0.0003852,0.0003852,0.0003852,-0.00021480000000000002,-0.00021480000000000002,-0.00021480000000000002,-0.00021480000000000002,-0.00021480000000000002,-0.00021480000000000002,-0.0005548,-0.0005548,-0.0005548,-0.0005548,-0.0005548,-0.0005548,-0.0007848,-0.0007848,-0.0007848,-0.0007848,-0.0007848,-0.0007848
2021-05-14 00:00:00-04:00,-0.0050448,0.0040552,-0.0007848,-0.0009148,-0.0007848,-0.0009148,0.0040552,0.0040552,-0.0009848,-0.0009848,-0.0009848,-0.0009848,0.0040552,0.0040552,-0.0010848000000000001,-0.0010848000000000001,-0.0010848000000000001,-0.0010848000000000001,0.0035851999999999998,0.0035851999999999998,0.0035851999999999998,0.0035851999999999998,0.0014852,0.0014852,0.0032451999999999997,0.0032451999999999997,0.0032451999999999997,0.0032451999999999997,0.0021652,0.0021652,0.0021052,0.0021052,0.0021052,0.0021052,0.0021052,0.0021052
2021-05-17 00:00:00-04:00,5.519999999999999e-05,0.0,5.519999999999999e-05,0.0,5.519999999999999e-05,0.0,5.519999999999999e-05,0.0,5.519999999999999e-05,0.0,5.519999999999999e-05,0.0,5.519999999999999e-05,0.0,5.519999999999999e-05,0.0,5.519999999999999e-05,0.0,-0.00023480000000000002,-0.0012348,-0.0014047999999999999,-0.0013448,-0.0014047999999999999,-0.0013448,-0.0009448000000000001,-0.0012348,-0.0021148,-0.0019848,-0.0021148,-0.0019848,-0.0012348,-0.0012348,-0.0022248,-0.0022248,-0.0022248,-0.0022248
2021-05-18 00:00:00-04:00,-0.0045948000000000004,0.0036452,-0.0007548,0.0036452,-0.0007548,0.0014852,-0.0045948000000000004,0.0036452,-0.0007548,0.0036452,-0.0007548,0.0014852,0.0036452,0.0036452,0.0036452,0.0036452,0.0025452,0.0025452,0.0029352,0.0029352,0.0029352,0.0029352,0.0011252,0.0011252,0.0026052,0.0026052,0.0026052,0.0026052,0.0017852,0.0017852,0.0026052,0.0026052,0.0026052,0.0026052,0.0017852,0.0017852
2021-05-19 00:00:00-04:00,-0.0032148000000000003,-0.0032148000000000003,-0.0015848,-0.0015848,-0.0015848,-0.0015848,-0.0032148000000000003,-0.0032148000000000003,-0.0015848,-0.0015848,-0.0015848,-0.0015848,-0.0032148000000000003,-0.0032148000000000003,-0.0015848,-0.0015848,-0.0015848,-0.0015848,-0.0019448,-0.0019448,-0.0013147999999999999,-0.0013147999999999999,-0.0013147999999999999,-0.0013147999999999999,-0.0024548,-0.0024548,-0.0018248,-0.0018248,-0.0018248,-0.0018248,0.0001752,0.0,0.0001752,0.0,0.0001752,0.0
2021-05-20 00:00:00-04:00,-4.4800000000000005e-05,-0.0011548,-0.0009548,-0.0011648000000000001,-0.0009548,-0.0011648000000000001,-0.0004648,-0.0011548,-0.0013747999999999998,-0.0012348,-0.0013747999999999998,-0.0012348,-0.0010648,-0.0011548,-0.0019748,-0.0011548,-0.0019748,-0.0011548,-0.00034480000000000003,-0.00034480000000000003,-0.00034480000000000003,-0.00034480000000000003,-0.00034480000000000003,-0.00034480000000000003,-0.0008448,-0.0008448,-0.0008448,-0.0008448,-0.0008448,-0.0008448,0.0,0.0,0.0,0.0,0.0,0.0
2021-05-21 00:00:00-04:00,0.0006351999999999999,0.0006351999999999999,0.0006351999999999999,0.0006351999999999999,0.0010852,0.0010852,0.0006351999999999999,0.0006351999999999999,0.0006351999999999999,0.0006351999999999999,0.0010852,0.0010852,0.0003852,0.0003852,0.0003852,0.0003852,0.0003852,0.0003852,-0.0009448000000000001,-0.0009448000000000001,-0.0011848,-0.0011848,-0.0011848,-0.0011848,-0.0009448000000000001,-0.0009448000000000001,-0.0011848,-0.0011848,-0.0011848,-0.0011848,-0.0011448,-0.0011448,-0.0013847999999999998,-0.0013847999999999998,-0.0013847999999999998,-0.0013847999999999998
2021-05-24 00:00:00-04:00,0.0011052,0.0011052,0.0011052,0.0011052,0.0011052,0.0011052,0.0011052,0.0011052,0.0011052,0.0011052,0.0011052,0.0011052,0.0011052,0.0011052,0.0011052,0.0011052,0.0011052,0.0011052,0.0006852,0.0006852,0.0006852,0.0006852,0.0006852,0.0006852,-0.00034480000000000003,-0.00034480000000000003,-0.00034480000000000003,-0.00034480000000000003,-0.00034480000000000003,-0.00034480000000000003,-0.00034480000000000003,-0.00034480000000000003,-0.00034480000000000003,-0.00034480000000000003,-0.00034480000000000003,-0.00034480000000000003
2021-05-25 00:00:00-04:00,0.0028452,0.0028452,-0.0007948,-0.0007948,-0.0007948,-0.0007948,0.0026352,0.0026352,-0.0010048000000000001,-0.0010048000000000001,-0.0010048000000000001,-0.0010048000000000001,0.0024252,0.0024252,-0.0012148,-0.0012148,-0.0012148,-0.0012148,-0.0037848,0.0026552,-0.0008748,0.0026552,-0.0008748,0.0018052,-0.0039248,0.0026552,-0.0010148,0.0026552,-0.0010148,0.0023052000000000003,0.0021852,0.0021852,0.0021852,0.0021852,0.0021852,0.0021852
2021-05-26 00:00:00-04:00,0.0012952,0.0012952,0.0012952,0.0012952,0.0010252,0.0010252,0.0012952,0.0012952,0.0012952,0.0012952,0.0010252,0.0010252,0.00025519999999999997,0.00025519999999999997,0.00025519999999999997,0.00025519999999999997,0.00025519999999999997,0.00025519999999999997,-0.0002648,-0.0002648,-0.0011248,-0.0011248,-0.0011248,-0.0011248,0.0,0.0,0.0,0.0,0.0,0.0,0.0,0.0,0.0,0.0,0.0,0.0
2021-05-27 00:00:00-04:00,-0.0025648000000000003,-0.0025648000000000003,-0.0007948,-0.0007948,-0.0007948,-0.0007948,0.0015252000000000002,0.0,0.0015252000000000002,0.0,0.0015252000000000002,0.0,0.0015252000000000002,0.0,0.0015252000000000002,0.0,0.0015252000000000002,0.0,0.0015252000000000002,0.0,0.0015252000000000002,0.0,0.0016852000000000002,0.0,0.0015252000000000002,0.0,0.0015252000000000002,0.0,0.0016852000000000002,0.0,0.0011752,0.0,0.0011752,0.0,0.0011752,0.0
2021-05-28 00:00:00-04:00,0.0005152,-0.0010948,-0.00041480000000000005,-0.0005348,-0.00041480000000000005,-0.0005348,-0.0010948,-0.0010948,-0.0007048,-0.0007048,-0.0007048,-0.0007048,-0.0010948,-0.0010948,-0.0007048,-0.0007048,-0.0007048,-0.0007048,0.0007151999999999999,0.0,0.0007151999999999999,0.0,0.0007151999999999999,0.0,0.0007151999999999999,0.0,0.0007151999999999999,0.0,0.0007151999999999999,0.0,0.0007151999999999999,0.0,0.0007151999999999999,0.0,0.0007151999999999999,0.0
2021-05-31 00:00:00-04:00,-0.0008848,-0.0008848,-0.0010048000000000001,-0.0010048000000000001,-0.0010048000000000001,-0.0010048000000000001,-0.0008848,-0.0008848,-0.0010048000000000001,-0.0010048000000000001,-0.0010048000000000001,-0.0010048000000000001,-0.0008848,-0.0008848,-0.0010048000000000001,-0.0010048000000000001,-0.0010048000000000001,-0.0010048000000000001,0.0001952,0.0,0.0001952,0.0,0.0001952,0.0,-8.48e-05,0.0,-8.48e-05,0.0,-8.48e-05,0.0,-8.48e-05,0.0,-8.48e-05,0.0,-8.48e-05,0.0
2021-06-01 00:00:00-04:00,0.0009851999999999999,0.0009851999999999999,0.0009851999999999999,0.0009851999999999999,0.0009851999999999999,0.0009851999999999999,0.0008952,0.0008952,0.0008952,0.0008952,0.0008952,0.0008952,0.0007852,0.0007852,0.0007852,0.0007852,0.0007852,0.0007852,0.0005252,0.0005252,-0.0007948,-0.0007948,-0.0007948,-0.0007948,0.0005252,0.0005252,-0.0007948,-0.0007948,-0.0007948,-0.0007948,0.00032519999999999994,0.00032519999999999994,-0.0009948000000000001,-0.0009948000000000001,-0.0009948000000000001,-0.0009948000000000001
2021-06-02 00:00:00-04:00,-0.0008348,-0.00040480000000000003,-0.0011748,-0.00040480000000000003,-0.0011748,-0.00040480000000000003,-0.0008348,-0.00040480000000000003,-0.0011748,-0.00040480000000000003,-0.0011748,-0.00040480000000000003,-0.00040480000000000003,-0.00040480000000000003,-0.00040480000000000003,-0.00040480000000000003,-0.00040480000000000003,-0.00040480000000000003,-0.0002048,-0.0002048,-0.0002048,-0.0002048,-0.0002048,-0.0002048,-0.00040480000000000003,-0.00040480000000000003,-0.00040480000000000003,-0.00040480000000000003,-0.00040480000000000003,-0.00040480000000000003,0.0,0.0,0.0,0.0,0.0,0.0
2021-06-03 00:00:00-04:00,0.0005252,-0.0013147999999999999,-0.0004848,-0.0007148,-0.0004848,-0.0007148,0.0005252,-0.0013147999999999999,-0.0004848,-0.0007148,-0.0004848,-0.0007148,0.0004452,-0.0013147999999999999,-0.0005648000000000001,-0.0008148000000000001,-0.0005648000000000001,-0.0008148000000000001,-0.0016648,-0.0016648,-0.0008848,-0.0008848,-0.0008848,-0.0008848,0.0,0.0,0.0,0.0,0.0,0.0,0.0,0.0,0.0,0.0,0.0,0.0
2021-06-04 00:00:00-04:00,0.00033519999999999996,0.0,0.00033519999999999996,0.0,0.0012852,0.0,6.52e-05,0.0,6.52e-05,0.0,0.0018252000000000001,0.0,-0.0001248,0.0,-0.0001248,0.0,-0.0001248,0.0,-0.0014647999999999998,0.00039519999999999996,-0.0009748000000000001,0.00039519999999999996,-0.0009748000000000001,0.00039519999999999996,-0.0018548,0.00039519999999999996,-0.0013648,0.00039519999999999996,-0.0013648,0.00039519999999999996,0.00039519999999999996,0.00039519999999999996,0.00039519999999999996,0.00039519999999999996,0.00039519999999999996,0.00039519999999999996
2021-06-07 00:00:00-04:00,0.0010552,0.0,0.0010552,0.0,0.0012852,0.0,0.0010552,0.0,0.0010552,0.0,0.0012852,0.0,0.0009551999999999999,0.0,0.0009551999999999999,0.0,0.0009551999999999999,0.0,-0.0001548,0.0,-0.0001548,0.0,-0.0001548,0.0,-0.0001548,0.0,-0.0001548,0.0,-0.0001548,0.0,-0.0001548,0.0,-0.0001548,0.0,-0.0001548,0.0
2021-06-08 00:00:00-04:00,-0.0004448,-0.00036480000000000003,-0.0004948,-0.00036480000000000003,-0.0004948,-0.00036480000000000003,-0.0004448,-0.00036480000000000003,-0.0004948,-0.00036480000000000003,-0.0004948,-0.00036480000000000003,-0.00036480000000000003,-0.00036480000000000003,-0.00036480000000000003,-0.00036480000000000003,-0.00036480000000000003,-0.00036480000000000003,-0.0008448,-0.0008448,-0.0010548,-0.0010548,-0.0010548,-0.0010548,-0.0010048000000000001,-0.0010048000000000001,-0.0012148,-0.0012148,-0.0012148,-0.0012148,-0.0010048000000000001,-0.0010048000000000001,-0.0012148,-0.0012148,-0.0012148,-0.0012148
2021-06-09 00:00:00-04:00,0.0002852,0.0002852,0.0002852,0.0002852,0.0002852,0.0002852,0.0002452,0.0002452,0.0002452,0.0002452,0.0002452,0.0002452,4.5199999999999994e-05,4.5199999999999994e-05,4.5199999999999994e-05,4.5199999999999994e-05,4.5199999999999994e-05,4.5199999999999994e-05,-0.0001148,-0.0001148,-0.0007948,-0.0007948,-0.0007948,-0.0007948,-0.0002848,-0.0002848,-0.0009648,-0.0009648,-0.0009648,-0.0009648,0.0,0.0,0.0,0.0,0.0,0.0
2021-06-10 00:00:00-04:00,-0.0008548000000000001,-0.0008548000000000001,-0.0004648,-0.0004648,-0.0004648,-0.0004648,-0.0009248,-0.0009248,-0.0005348,-0.0005348,-0.0005348,-0.0005348,-0.0009248,-0.0009248,-0.0005348,-0.0005348,-0.0005348,-0.0005348,-0.0009748000000000001,-0.0009748000000000001,-0.0005248000000000001,-0.0005248000000000001,-0.0005248000000000001,-0.0005248000000000001,-0.0011548,-0.0011548,-0.0007048,-0.0007048,-0.0007048,-0.0007048,-0.0011548,-0.0011548,-0.0007048,-0.0007048,-0.0007048,-0.0007048
2021-06-11 00:00:00-04:00,-0.00023480000000000002,-0.00045480000000000005,-0.0005748000000000001,-0.0005248000000000001,-0.0005748000000000001,-0.0005248000000000001,-0.00023480000000000002,-0.00045480000000000005,-0.0005748000000000001,-0.0005248000000000001,-0.0005748000000000001,-0.0005248000000000001,-0.00040480000000000003,-0.00045480000000000005,-0.0007448,-0.0006948000000000001,-0.0007448,-0.0006948000000000001,-0.00045480000000000005,-0.00045480000000000005,-0.0007948,-0.0007948,-0.0007948,-0.0007948,0.0,0.0,0.0,0.0,0.0,0.0,0.0,0.0,0.0,0.0,0.0,0.0
2021-06-14 00:00:00-04:00,-4.4800000000000005e-05,-4.4800000000000005e-05,-4.4800000000000005e-05,-4.4800000000000005e-05,-4.4800000000000005e-05,-4.4800000000000005e-05,-0.0002048,-0.0002048,-0.0002048,-0.0002048,-0.0002048,-0.0002048,-0.0002048,-0.0002048,-0.0002048,-0.0002048,-0.0002048,-0.0002048,0.0,0.0,0.0,0.0,0.0,0.0,0.0,0.0,0.0,0.0,0.0,0.0,0.0,0.0,0.0,0.0,0.0,0.0
2021-06-15 00:00:00-04:00,0.0007151999999999999,0.0007151999999999999,0.0007151999999999999,0.0007151999999999999,0.0012251999999999999,0.0012251999999999999,0.0007151999999999999,0.0007151999999999999,0.0007151999999999999,0.0007151999999999999,0.0013052,0.0013052,0.0007151999999999999,0.0007151999999999999,0.0007151999999999999,0.0007151999999999999,0.0013052,0.0013052,0.0005252,0.0005252,0.0005252,0.0005252,0.0005252,0.0005252,-0.0001348,-0.0001348,-0.0001348,-0.0001348,-0.0001348,-0.0001348,-0.00047480000000000005,-0.00047480000000000005,-0.00047480000000000005,-0.00047480000000000005,-0.00047480000000000005,-0.00047480000000000005
2021-06-16 00:00:00-04:00,-0.00034480000000000003,0.0,-0.0004448,0.0,-0.0004448,0.0,-0.00034480000000000003,0.0,-0.0004448,0.0,-0.0004448,0.0,-0.0005148,0.0,-0.0006148000000000001,0.0,-0.0006148000000000001,0.0,3.5199999999999995e-05,3.5199999999999995e-05,-0.00047480000000000005,-0.00047480000000000005,-0.00047480000000000005,-0.00047480000000000005,3.5199999999999995e-05,3.5199999999999995e-05,-0.00047480000000000005,-0.00047480000000000005,-0.00047480000000000005,-0.00047480000000000005,-0.0006248,0.0,-0.0006148000000000001,0.0,-0.0006148000000000001,0.0
2021-06-17 00:00:00-04:00,0.0006078,0.0,0.0006078,0.0,0.0032178,0.0,0.0006078,0.0,0.0006078,0.0,0.0032178,0.0,3.779999999999999e-05,0.0,3.779999999999999e-05,0.0,3.779999999999999e-05,0.0,-0.0031572,0.0005928,-0.0023622,0.0005928,-0.0023622,0.0005928,0.0005928,0.0005928,0.0005928,0.0005928,0.0005928,0.0005928,0.0005928,0.0005928,0.0005928,0.0005928,0.0005928,0.0005928
2021-06-18 00:00:00-04:00,0.0003528,0.0003528,0.0003528,0.0003528,0.0003528,0.0003528,0.0003528,0.0003528,0.0003528,0.0003528,0.0003528,0.0003528,-0.0001572,-0.0001572,-0.0001572,-0.0001572,-0.0001572,-0.0001572,0.0008028,0.0008028,0.0008028,0.0008028,0.0008028,0.0008028,0.00044280000000000003,0.00044280000000000003,0.00044280000000000003,0.00044280000000000003,0.00044280000000000003,0.00044280000000000003,0.00044280000000000003,0.00044280000000000003,0.00044280000000000003,0.00044280000000000003,0.00044280000000000003,0.00044280000000000003
2021-06-21 00:00:00-04:00,0.0006078,0.0006078,-0.0019272,-0.0019272,-0.0019272,-0.0019272,0.0006078,0.0006078,-0.0019272,-0.0019272,-0.0019272,-0.0019272,-0.0028572000000000003,0.0,-0.0023622,0.0,-0.0023622,0.0,0.0006828,0.0006828,-0.0007722,-0.0007722,-0.0007722,-0.0007722,-0.0018672,0.0,-0.0013422,0.0,0.0024378,0.0,-0.0022422,0.0,-0.0017171999999999999,0.0,-0.0017171999999999999,0.0
2021-06-22 00:00:00-04:00,0.0004278,-0.0014322,-0.0006522,-0.0006822,-0.0006522,-0.0006822,0.0003228,-0.0014322,-0.0007572,-0.0009372,-0.0007572,-0.0009372,-0.0014322,-0.0014322,-0.0011172,-0.0011172,-0.0011172,-0.0011172,-0.0017472,-0.0017472,-0.0012972,-0.0012972,-0.0012972,-0.0012972,-0.0017472,-0.0017472,-0.0012972,-0.0012972,-0.0012972,-0.0012972,0.0,0.0,0.0,0.0,0.0,0.0
2021-06-23 00:00:00-04:00,0.0009528,0.0009528,0.0009528,0.0009528,0.0012078,0.0012078,0.0009528,0.0009528,0.0009528,0.0009528,0.0012078,0.0012078,0.0009528,0.0009528,0.0009528,0.0009528,0.0013278,0.0013278,0.00027780000000000003,0.00027780000000000003,0.00027780000000000003,0.00027780000000000003,0.00027780000000000003,0.00027780000000000003,8.28e-05,8.28e-05,8.28e-05,8.28e-05,8.28e-05,8.28e-05,8.28e-05,8.28e-05,8.28e-05,8.28e-05,8.28e-05,8.28e-05
2021-06-24 00:00:00-04:00,0.0009828,0.0009828,0.0009828,0.0009828,0.0013578,0.0013578,0.0009828,0.0009828,0.0009828,0.0009828,0.0013578,0.0013578,0.0009078000000000001,0.0009078000000000001,0.0009078000000000001,0.0009078000000000001,0.0009078000000000001,0.0009078000000000001,-3.720000000000001e-05,-3.720000000000001e-05,-3.720000000000001e-05,-3.720000000000001e-05,-3.720000000000001e-05,-3.720000000000001e-05,-0.0001272,-0.0001272,-0.0001272,-0.0001272,-0.0001272,-0.0001272,-0.0001272,-0.0001272,-0.0001272,-0.0001272,-0.0001272,-0.0001272
2021-06-25 00:00:00-04:00,-0.0009372,-0.0005771999999999999,-0.0013122,-0.0005771999999999999,-0.0013122,-0.0005771999999999999,-0.0009372,-0.0005771999999999999,-0.0013122,-0.0005771999999999999,-0.0013122,-0.0005771999999999999,-0.0009372,-0.0005771999999999999,-0.0013122,-0.0005771999999999999,-0.0013122,-0.0005771999999999999,-0.0010122,0.0002178,-0.0005922,0.0002178,-0.0005922,0.0002178,-0.0012222,0.0002178,-0.0008022,0.0002178,-0.0008022,0.0002178,-0.0013572,0.0002178,-0.0009372,0.0002178,-0.0009372,0.0002178
2021-06-28 00:00:00-04:00,0.00011279999999999999,0.00011279999999999999,-0.0010872,-0.0010872,-0.0010872,-0.0010872,-0.0004572,-0.0004572,-0.0016572,-0.0016572,-0.0016572,-0.0016572,-0.0012972,0.0,-0.0012972,0.0,-0.0012972,0.0,-0.0010122,-9.72e-05,-0.0009521999999999999,-9.72e-05,-0.0009521999999999999,-9.72e-05,-0.0012972,-9.72e-05,-0.0012372,-9.72e-05,-0.0012372,-9.72e-05,-0.0012972,-9.72e-05,-0.0012372,-9.72e-05,-0.0012372,-9.72e-05
2021-06-29 00:00:00-04:00,0.0009704,0.0,0.0009704,0.0,0.0009704,0.0,0.0009704,0.0,0.0009704,0.0,0.0009704,0.0,0.0009704,0.0,0.0009704,0.0,0.0009704,0.0,-6.960000000000001e-05,0.0,-6.960000000000001e-05,0.0,-6.960000000000001e-05,0.0,-6.960000000000001e-05,0.0,-6.960000000000001e-05,0.0,-6.960000000000001e-05,0.0,-6.960000000000001e-05,0.0,-6.960000000000001e-05,0.0,-6.960000000000001e-05,0.0
2021-06-30 00:00:00-04:00,-0.0015896,-0.0015896,-0.0020096000000000003,-0.0020096000000000003,-0.0020096000000000003,-0.0020096000000000003,-0.0015896,-0.0015896,-0.0020096000000000003,-0.0020096000000000003,-0.0020096000000000003,-0.0020096000000000003,-0.0015896,-0.0015896,-0.0020096000000000003,-0.0020096000000000003,-0.0020096000000000003,-0.0020096000000000003,0.0008104,0.0,0.0008104,0.0,0.0008104,0.0,0.0008104,0.0,0.0008104,0.0,0.0008104,0.0,0.0005504,0.0,0.0005504,0.0,0.0005504,0.0
2021-07-01 00:00:00-04:00,-0.0013696000000000001,-0.0013696000000000001,-0.0010896,-0.0010896,-0.0010896,-0.0010896,-0.0013696000000000001,-0.0013696000000000001,-0.0010896,-0.0010896,-0.0010896,-0.0010896,-0.0013696000000000001,-0.0013696000000000001,-0.0010896,-0.0010896,-0.0010896,-0.0010896,-0.0009096000000000001,-0.0009096000000000001,-0.0006696000000000001,-0.0006696000000000001,0.0010103999999999998,0.0010103999999999998,-0.0018296,-0.0018296,-0.0015896,-0.0015896,-0.0015896,-0.0015896,-0.0020296,-0.0020296,-0.0017896000000000001,-0.0017896000000000001,-0.0017896000000000001,-0.0017896000000000001
2021-07-02 00:00:00-04:00,-0.0013696000000000001,-0.0013696000000000001,-0.0010696,-0.0010696,-0.0010696,-0.0010696,-0.0013696000000000001,-0.0013696000000000001,-0.0010696,-0.0010696,-0.0010696,-0.0010696,-0.0013696000000000001,-0.0013696000000000001,-0.0010696,-0.0010696,-0.0010696,-0.0010696,-0.0013696000000000001,-0.0013696000000000001,-0.0010896,-0.0010896,-0.0010896,-0.0010896,-2.9600000000000008e-05,0.0,-2.9600000000000008e-05,0.0,-2.9600000000000008e-05,0.0,-2.9600000000000008e-05,0.0,-2.9600000000000008e-05,0.0,-2.9600000000000008e-05,0.0
2021-07-05 00:00:00-04:00,0.0,0.0,0.0,0.0,0.0,0.0,0.0,0.0,0.0,0.0,0.0,0.0,0.0,0.0,0.0,0.0,0.0,0.0,-0.0014172,-0.0014172,-0.0004572,-0.0004572,-0.0004572,-0.0004572,0.0008628,0.0,0.0008628,0.0,0.0009978,0.0,0.0005628,0.0,0.0005628,0.0,0.0005628,0.0
2021-07-06 00:00:00-04:00,-0.0005771999999999999,-0.0005771999999999999,-0.0010422,-0.0010422,-0.0010422,-0.0010422,-0.0006221999999999999,-0.0006221999999999999,-0.0010872,-0.0010872,-0.0010872,-0.0010872,-0.0008922,-0.0008922,-0.0013572,-0.0013572,-0.0013572,-0.0013572,0.0006828,0.0,0.0006828,0.0,0.0011478,0.0,0.0005928,0.0,0.0005928,0.0,0.0013278,0.0,0.0001878,0.0,0.0001878,0.0,0.0001878,0.0
2021-07-07 00:00:00-04:00,0.0005778000000000001,0.0005778000000000001,-0.0009072,-0.0009072,-0.0009072,-0.0009072,0.0003978,0.0003978,0.0003978,0.0003978,0.0003978,0.0003978,0.0003978,0.0003978,0.0003978,0.0003978,0.0003978,0.0003978,0.0004878,0.0004878,0.0004878,0.0004878,0.0004878,0.0004878,0.0004878,0.0004878,0.0004878,0.0004878,0.0004878,0.0004878,0.0004878,0.0004878,0.0004878,0.0004878,0.0004878,0.0004878
2021-07-08 00:00:00-04:00,0.0024978,-0.0032022,-0.0005172,-0.0005922,-0.0005172,-0.0005922,-0.0032022,-0.0032022,-0.0006522,-0.0006522,-0.0006522,-0.0006522,-0.0034122,-0.0034122,-0.0008622,-0.0008622,-0.0008622,-0.0008622,0.0025878,0.0,0.0025878,0.0,0.0017478,0.0,0.0025878,0.0,0.0025878,0.0,0.0017478,0.0,0.0023778000000000002,0.0,0.0023778000000000002,0.0,0.0021678,0.0
2021-07-09 00:00:00-04:00,0.0004904,-0.0019096,-0.0012896000000000001,-0.0011696,-0.0012896000000000001,-0.0011696,0.0004904,-0.0019096,-0.0013096000000000002,-0.0011696,-0.0013096000000000002,-0.0011696,-0.0002296,-0.0019096,-0.0020296,-0.0019096,-0.0020296,-0.0019096,-0.0008296000000000001,0.0,-0.0008296000000000001,0.0,-0.0008296000000000001,0.0,-0.0008296000000000001,0.0,-0.0008296000000000001,0.0,-0.0008296000000000001,0.0,-0.0023496,0.0,-0.0023496,0.0,-0.0023496,0.0
2021-07-12 00:00:00-04:00,9.039999999999999e-05,0.0,9.039999999999999e-05,0.0,9.039999999999999e-05,0.0,9.039999999999999e-05,0.0,9.039999999999999e-05,0.0,9.039999999999999e-05,0.0,9.039999999999999e-05,0.0,9.039999999999999e-05,0.0,9.039999999999999e-05,0.0,-0.0001496,0.0,-0.0001496,0.0,0.0018904,0.0,-0.0004096,0.0,-0.0004096,0.0,-0.0004096,0.0,-0.0011096,0.0,-0.0011096,0.0,-0.0011096,0.0
2021-07-13 00:00:00-04:00,0.0003904,0.0,-0.0011896,0.0,-0.0011896,0.0,0.0003904,0.0,-0.0011896,0.0,-0.0011896,0.0,0.0,0.0,0.0,0.0,0.0,0.0,0.0008504,0.0,-0.0007096000000000001,0.0,-0.0007096000000000001,0.0,0.0008504,0.0,-0.0007096000000000001,0.0,-0.0007096000000000001,0.0,0.0007704,0.0,0.0007704,0.0,0.0007704,0.0
2021-07-14 00:00:00-04:00,-0.0007696000000000001,-0.0007696000000000001,-0.0009296,-0.0009296,-0.0009296,-0.0009296,-0.0008896,-0.0008896,-0.0010496000000000001,-0.0010496000000000001,-0.0010496000000000001,-0.0010496000000000001,-0.0005096,-0.0014896,-0.0017096000000000001,-0.0016496,-0.0017096000000000001,-0.0016496,-0.0002896,-0.0002896,-0.0018296,-0.0018296,-0.0018296,-0.0018296,-0.0002896,-0.0002896,-0.0018296,-0.0018296,-0.0018296,-0.0018296,-0.0008896,-0.0008896,-0.0024296,-0.0024296,-0.0024296,-0.0024296
2021-07-15 00:00:00-04:00,0.0015504,0.0015504,-0.0013496,-0.0013496,-0.0013496,-0.0013496,0.0013104,0.0013104,-0.0015896,-0.0015896,-0.0015896,-0.0015896,0.0013104,0.0013104,-0.0015896,-0.0015896,-0.0015896,-0.0015896,-0.0029295999999999997,0.0011903999999999999,-0.0015696,0.0011903999999999999,-0.0015696,0.0011903999999999999,-0.0033496,0.0011903999999999999,-0.0019896000000000002,0.0011903999999999999,-0.0019896000000000002,0.0011903999999999999,0.0011903999999999999,0.0011903999999999999,0.0011903999999999999,0.0011903999999999999,0.0011903999999999999,0.0011903999999999999
2021-07-16 00:00:00-04:00,-0.0010896,-0.0002896,-0.0008296000000000001,-0.0011896,0.0013304,-0.0011896,-0.0020096000000000003,-0.0002896,-0.0017496,-0.0015696,-0.0017496,-0.0015696,-0.0020096000000000003,-0.0002896,-0.0017496,-0.0016096,-0.0017496,-0.0016096,0.0010903999999999998,0.0010903999999999998,-0.0021696000000000003,-0.0021696000000000003,-0.0021696000000000003,-0.0021696000000000003,-0.0034095999999999996,0.0006104,-0.0024296,0.0006104,-0.0024296,0.0006104,-0.0035096,0.0006104,-0.0025296,0.0006104,-0.0025296,0.0006104
2021-07-19 00:00:00-04:00,-0.0002296,0.0,-0.0002296,0.0,-0.0002296,0.0,-0.0002296,0.0,-0.0002296,0.0,-0.0002296,0.0,-0.0011096,0.0,-0.0011096,0.0,-0.0011096,0.0,-2.9600000000000008e-05,-2.9600000000000008e-05,-0.0022296,-0.0022296,-0.0022296,-0.0022296,-0.0028496,0.0,-0.0031095999999999997,0.0,-0.0031095999999999997,0.0,-0.0034095999999999996,0.0,-0.0036696,0.0,-0.0036696,0.0
2021-07-20 00:00:00-04:00,-0.0040896,0.0021303999999999997,-0.0016496,0.0021303999999999997,-0.0016496,0.0028904,-0.0042096,0.0021303999999999997,-0.0017696,0.0021303999999999997,-0.0017696,0.0021303999999999997,0.0021303999999999997,0.0021303999999999997,0.0021303999999999997,0.0021303999999999997,0.0021303999999999997,0.0021303999999999997,0.0014704,0.0014704,-0.0020896,-0.0020896,-0.0020896,-0.0020896,0.0014704,0.0014704,-0.0020896,-0.0020896,-0.0020896,-0.0020896,0.0011304,0.0011304,-0.0024296,-0.0024296,-0.0024296,-0.0024296
2021-07-21 00:00:00-04:00,-0.0009896,-0.0009896,-0.0015496000000000002,-0.0015496000000000002,-0.0015496000000000002,-0.0015496000000000002,-0.0011896,-0.0011896,-0.0017496,-0.0017496,-0.0017496,-0.0017496,-0.0011896,-0.0011896,-0.0017496,-0.0017496,-0.0017496,-0.0017496,-0.0008696000000000001,0.0,-0.0008696000000000001,0.0,-0.0008696000000000001,0.0,-0.0008696000000000001,0.0,-0.0008696000000000001,0.0,-0.0008696000000000001,0.0,-0.0008696000000000001,0.0,-0.0008696000000000001,0.0,-0.0008696000000000001,0.0
2021-07-22 00:00:00-04:00,-0.0031095999999999997,0.0016504,-0.0010496000000000001,0.0016504,-0.0010496000000000001,0.0016504,0.0016504,0.0016504,0.0016504,0.0016504,0.0016504,0.0016504,0.0016504,0.0016504,0.0016504,0.0016504,0.0016504,0.0016504,0.0016703999999999998,0.0016703999999999998,0.0016703999999999998,0.0016703999999999998,0.0016703999999999998,0.0016703999999999998,0.0009503999999999999,0.0009503999999999999,0.0009503999999999999,0.0009503999999999999,0.0009503999999999999,0.0009503999999999999,0.0009503999999999999,0.0009503999999999999,0.0009503999999999999,0.0009503999999999999,0.0009503999999999999,0.0009503999999999999
2021-07-23 00:00:00-04:00,-0.0009296,-0.0007496000000000001,-0.0011096,-0.0013496,-0.0011096,-0.0013496,-0.0009296,-0.0007496000000000001,-0.0011096,-0.0013496,-0.0011096,-0.0013496,-0.0014096,-0.0007496000000000001,-0.0015896,-0.0017296,-0.0015896,-0.0017296,0.0005904,0.0005904,0.0005904,0.0005904,0.0014104,0.0014104,0.00011039999999999999,0.00011039999999999999,0.00011039999999999999,0.00011039999999999999,0.00011039999999999999,0.00011039999999999999,0.0,0.0,0.0,0.0,0.0,0.0
2021-07-26 00:00:00-04:00,-0.0002896,-0.0002896,-0.0011696,-0.0011696,-0.0011696,-0.0011696,-0.0002896,-0.0002896,-0.0011696,-0.0011696,-0.0011696,-0.0011696,-0.0014296,-0.0014296,-0.0023096,-0.0023096,-0.0023096,-0.0023096,0.0004304,0.0,0.0004304,0.0,0.0022504,0.0,1.0399999999999992e-05,0.0,1.0399999999999992e-05,0.0,1.0399999999999992e-05,0.0,-0.0022296,0.0,-0.0022296,0.0,-0.0022296,0.0
2021-07-27 00:00:00-04:00,0.0011703999999999998,0.0,0.0011703999999999998,0.0,0.0015304,0.0,0.0010704,0.0,0.0010704,0.0,0.0017304,0.0,0.0009304,0.0,0.0009304,0.0,0.0009304,0.0,0.0005504,0.0,0.0005504,0.0,0.0005504,0.0,0.0005504,0.0,0.0005504,0.0,0.0005504,0.0,-8.960000000000001e-05,0.0,-8.960000000000001e-05,0.0,-8.960000000000001e-05,0.0
2021-07-28 00:00:00-04:00,0.0016903999999999999,0.0016903999999999999,0.0016903999999999999,0.0016903999999999999,0.0016903999999999999,0.0016903999999999999,0.0007903999999999999,0.0007903999999999999,0.0007903999999999999,0.0007903999999999999,0.0007903999999999999,0.0007903999999999999,-0.00046960000000000003,-0.00046960000000000003,-0.00046960000000000003,-0.00046960000000000003,-0.00046960000000000003,-0.00046960000000000003,-0.0013496,-0.0013496,-0.0020896,-0.0020896,-0.0020896,-0.0020896,-0.0021496,-0.0021496,-0.0028896,-0.0028896,-0.0028896,-0.0028896,-0.0021496,-0.0021496,-0.0028896,-0.0028896,-0.0028896,-0.0028896
2021-07-29 00:00:00-04:00,-0.0020696,0.0006304,-0.0011696,-0.0011096,-0.0011696,-0.0011096,-0.0020696,0.0006304,-0.0011696,-0.0011096,-0.0011696,-0.0011096,-0.0020696,0.0006304,-0.0011696,-0.0011096,-0.0011696,-0.0011096,-0.0027495999999999996,0.0,-0.0021096,0.0,-0.0021096,0.0,-0.0027495999999999996,0.0,-0.0021096,0.0,-0.0021096,0.0,-0.0027495999999999996,0.0,-0.0021096,0.0,-0.0021096,0.0
2021-07-30 00:00:00-04:00,-0.0077296000000000005,-0.0077296000000000005,-0.0026696,-0.0026696,-0.0026696,-0.0026696,0.0045704000000000005,0.0,0.0045704000000000005,0.0,0.0065304,0.0,0.0045704000000000005,0.0,0.0045704000000000005,0.0,0.0065304,0.0,-0.0008296000000000001,0.0,-0.0008296000000000001,0.0,-0.0008296000000000001,0.0,-0.0008296000000000001,0.0,-0.0008296000000000001,0.0,-0.0008296000000000001,0.0,0.0,0.0,0.0,0.0,0.0,0.0
2021-08-02 00:00:00-04:00,0.0032904,0.0032904,0.0032904,0.0032904,0.0039304000000000006,0.0039304000000000006,0.0023704,0.0023704,0.0023704,0.0023704,0.0023704,0.0023704,0.0017703999999999999,0.0017703999999999999,0.0017703999999999999,0.0017703999999999999,0.0017703999999999999,0.0017703999999999999,0.0023304,0.0023304,0.0023304,0.0023304,0.0020904,0.0020904,0.0023304,0.0023304,0.0023304,0.0023304,0.0020904,0.0020904,0.0012104,0.0012104,0.0012104,0.0012104,0.0012104,0.0012104
2021-08-03 00:00:00-04:00,0.0012304,0.0012304,-0.0011696,-0.0011696,-0.0011696,-0.0011696,0.0012304,0.0012304,-0.0011696,-0.0011696,-0.0011696,-0.0011696,-0.0027096,0.0006703999999999999,-0.0015896,-0.0017296,-0.0015896,-0.0017296,-0.0024896000000000002,0.0,-0.0022096,0.0,-0.0022096,0.0,-0.0024896000000000002,0.0,-0.0025096000000000003,0.0,-0.0025096000000000003,0.0,-0.0024896000000000002,0.0,-0.0025096000000000003,0.0,-0.0025096000000000003,0.0
2021-08-04 00:00:00-04:00,-0.0025296,0.0011703999999999998,-0.0010896,0.0011703999999999998,-0.0010896,0.0017703999999999999,-0.0025296,0.0011703999999999998,-0.0010896,0.0011703999999999998,-0.0010896,0.0017703999999999999,-0.0025296,0.0011703999999999998,-0.0010896,0.0011703999999999998,-0.0010896,0.0017703999999999999,0.0021904,0.0021904,0.0021904,0.0021904,0.0019303999999999999,0.0019303999999999999,0.0018303999999999998,0.0018303999999999998,0.0018303999999999998,0.0018303999999999998,0.0026504000000000002,0.0026504000000000002,0.0018303999999999998,0.0018303999999999998,0.0018303999999999998,0.0018303999999999998,0.0026504000000000002,0.0026504000000000002
2021-08-05 00:00:00-04:00,-0.0010896,-0.0010896,-0.0012496,-0.0012496,-0.0012496,-0.0012496,-0.0010896,-0.0010896,-0.0012496,-0.0012496,-0.0012496,-0.0012496,-0.0011896,-0.0011896,-0.0013496,-0.0013496,-0.0013496,-0.0013496,-0.0019096,-0.0019096,-0.0013096000000000002,-0.0013096000000000002,-0.0013096000000000002,-0.0013096000000000002,0.0,0.0,0.0,0.0,0.0,0.0,0.0,0.0,0.0,0.0,0.0,0.0
2021-08-06 00:00:00-04:00,0.0008104,0.0,0.0008104,0.0,0.0011304,0.0,0.0008104,0.0,0.0008104,0.0,0.0011304,0.0,0.0006304,0.0,0.0006304,0.0,0.0006304,0.0,-0.0015096,-0.0015096,-0.0009496000000000001,-0.0009496000000000001,-0.0009496000000000001,-0.0009496000000000001,0.0,0.0,0.0,0.0,0.0,0.0,0.0,0.0,0.0,0.0,0.0,0.0
2021-08-09 00:00:00-04:00,0.0022104,0.0,0.0022104,0.0,0.0029304,0.0,0.0015903999999999998,0.0,0.0015903999999999998,0.0,0.0041704,0.0,-0.0013496,0.0,-0.0013496,0.0,-0.0013496,0.0,0.0014104,0.0014104,0.0014104,0.0014104,0.0014104,0.0014104,0.0014104,0.0014104,0.0014104,0.0014104,0.0014104,0.0014104,0.0007304,0.0007304,0.0007304,0.0007304,0.0007304,0.0007304
2021-08-10 00:00:00-04:00,7.039999999999999e-05,0.0,7.039999999999999e-05,0.0,0.0012503999999999998,0.0,-0.0005496,0.0,-0.0005496,0.0,-0.0005496,0.0,-0.0005496,0.0,-0.0005496,0.0,-0.0005496,0.0,-0.0002896,-0.0002896,-0.00046960000000000003,-0.00046960000000000003,-0.00046960000000000003,-0.00046960000000000003,-0.0005696,-0.0005696,-0.0007496000000000001,-0.0007496000000000001,-0.0007496000000000001,-0.0007496000000000001,-0.00042960000000000003,0.0,-0.00042960000000000003,0.0,0.0014504,0.0
2021-08-11 00:00:00-04:00,-2.9600000000000008e-05,-0.0009296,-0.0008496,-0.0006896000000000001,-0.0008496,-0.0006896000000000001,-0.0002296,-0.0009296,-0.0010496000000000001,-0.0010296,-0.0010496000000000001,-0.0010296,-0.0002896,-0.0009296,-0.0011096,-0.0010696,-0.0011096,-0.0010696,-0.0003496,-0.0009296,-0.0011296000000000001,-0.0010696,-0.0011296000000000001,-0.0010696,-0.0003496,-0.0009296,-0.0011296000000000001,-0.0010896,-0.0011296000000000001,-0.0010896,-0.0009896,-0.0009296,-0.0017696,-0.0009296,-0.0017696,-0.0009296
2021-08-12 00:00:00-04:00,0.0003704,0.0,0.0003704,0.0,0.0003704,0.0,0.0003704,0.0,0.0003704,0.0,0.0003704,0.0,0.0003704,0.0,0.0003704,0.0,0.0003704,0.0,-0.0013896000000000002,-0.0013896000000000002,-0.0011496000000000002,-0.0011496000000000002,-0.0011496000000000002,-0.0011496000000000002,-0.0013896000000000002,-0.0013896000000000002,-0.0011496000000000002,-0.0011496000000000002,-0.0011496000000000002,-0.0011496000000000002,-0.0015296,-0.0015296,-0.0012896000000000001,-0.0012896000000000001,-0.0012896000000000001,-0.0012896000000000001
2021-08-13 00:00:00-04:00,-0.0008696000000000001,0.0,-0.0008696000000000001,0.0,-0.0008696000000000001,0.0,-0.0008696000000000001,0.0,-0.0008696000000000001,0.0,-0.0008696000000000001,0.0,-0.0008696000000000001,0.0,-0.0008696000000000001,0.0,-0.0008696000000000001,0.0,0.0005304,0.0005304,0.0005304,0.0005304,0.0005304,0.0005304,7.039999999999999e-05,7.039999999999999e-05,7.039999999999999e-05,7.039999999999999e-05,7.039999999999999e-05,7.039999999999999e-05,-0.0001296,-0.0001296,-0.0001296,-0.0001296,-0.0001296,-0.0001296
2021-08-16 00:00:00-04:00,-0.0023096,-0.0023096,-0.0014496,-0.0014496,-0.0014496,-0.0014496,-0.0023096,-0.0023096,-0.0014496,-0.0014496,-0.0014496,-0.0014496,0.0006304,0.0,0.0006304,0.0,0.0006304,0.0,0.0,0.0,0.0,0.0,0.0,0.0,0.0,0.0,0.0,0.0,0.0,0.0,0.0,0.0,0.0,0.0,0.0,0.0
2021-08-17 00:00:00-04:00,0.0021104,0.0,0.0021104,0.0,0.0015704,0.0,0.0021104,0.0,0.0021104,0.0,0.0015704,0.0,0.0012904,0.0,0.0012904,0.0,0.0012904,0.0,0.0012904,0.0,0.0012904,0.0,0.0012904,0.0,0.0009304,0.0,0.0009304,0.0,0.0009304,0.0,0.0,0.0,0.0,0.0,0.0,0.0
2021-08-18 00:00:00-04:00,-0.0038096,0.0020304,-0.0013096000000000002,0.0020304,-0.0013096000000000002,0.0027704,-0.0038096,0.0020304,-0.0013096000000000002,0.0020304,-0.0013096000000000002,0.0027704,-0.0042896,0.0020304,-0.0017896000000000001,0.0020304,-0.0017896000000000001,0.0020304,0.0032904,0.0032904,0.0032904,0.0032904,0.0022504,0.0022504,0.0029104,0.0029104,0.0029104,0.0029104,0.0030104000000000003,0.0030104000000000003,0.0020304,0.0020304,0.0020304,0.0020304,0.0020304,0.0020304
2021-08-19 00:00:00-04:00,-0.0084496,-0.0084496,-0.0015696,-0.0015696,-0.0015696,-0.0015696,-0.0087896,-0.0087896,-0.0019096,-0.0019096,-0.0019096,-0.0019096,-0.0090096,-0.0090096,-0.0021296,-0.0021296,-0.0021296,-0.0021296,-0.0094096,-0.0094096,-0.0016696,-0.0016696,-0.0016696,-0.0016696,-0.0094096,-0.0094096,-0.0016696,-0.0016696,-0.0016696,-0.0016696,-0.0098296,-0.0098296,-0.0020896,-0.0020896,-0.0020896,-0.0020896
2021-08-20 00:00:00-04:00,0.0018704,-0.0036896,-0.0010096,-0.0017296,0.0016903999999999999,-0.0017296,0.0010304,-0.0036896,-0.0018496,-0.0020696,-0.0018496,-0.0020696,0.0007103999999999999,-0.0036896,-0.0021696000000000003,-0.0025895999999999996,-0.0021696000000000003,-0.0025895999999999996,-0.0020896,-0.0020896,-0.0016296000000000001,-0.0016296000000000001,-0.0016296000000000001,-0.0016296000000000001,-0.0026295999999999997,-0.0026295999999999997,-0.0021696000000000003,-0.0021696000000000003,-0.0021696000000000003,-0.0021696000000000003,-4.9600000000000006e-05,0.0,-4.9600000000000006e-05,0.0,-4.9600000000000006e-05,0.0
2021-08-23 00:00:00-04:00,0.0014104,0.0014104,0.0014104,0.0014104,0.0014104,0.0014104,0.0014104,0.0014104,0.0014104,0.0014104,0.0014104,0.0014104,0.0014104,0.0014104,0.0014104,0.0014104,0.0014104,0.0014104,0.0018104,0.0018104,0.0018104,0.0018104,0.0020104,0.0020104,0.0018104,0.0018104,0.0018104,0.0018104,0.0020104,0.0020104,0.0018104,0.0018104,0.0018104,0.0018104,0.0023704,0.0023704
2021-08-24 00:00:00-04:00,0.0029027999999999997,0.0029027999999999997,-0.0006372,-0.0006372,-0.0006372,-0.0006372,0.0027977999999999996,0.0027977999999999996,-0.0007421999999999999,-0.0007421999999999999,-0.0007421999999999999,-0.0007421999999999999,0.0027977999999999996,0.0027977999999999996,-0.0007421999999999999,-0.0007421999999999999,-0.0007421999999999999,-0.0007421999999999999,-0.0033522,0.0,-0.0005022,0.0,-0.0005022,0.0,-0.0034572,0.0,-0.0006072,0.0,-0.0006072,0.0,-0.0035472000000000004,0.0,-0.0006972,0.0,-0.0006972,0.0
2021-08-25 00:00:00-04:00,-0.0005622,0.0,-0.0005622,0.0,-0.0005622,0.0,-0.0005622,0.0,-0.0005622,0.0,-0.0005622,0.0,-0.0005622,0.0,-0.0005622,0.0,-0.0005622,0.0,-0.0005472,0.0,-0.0008172,0.0,-0.0008172,0.0,-0.0005472,0.0,-0.0008172,0.0,-0.0008172,0.0,-0.0006522,0.0,-0.0009222,0.0,-0.0009222,0.0
2021-08-26 00:00:00-04:00,0.0026027999999999997,0.0,0.0026027999999999997,0.0,0.0011178,0.0,0.0026027999999999997,0.0,0.0026027999999999997,0.0,0.0011178,0.0,0.0026027999999999997,0.0,0.0026027999999999997,0.0,0.0011178,0.0,0.0017178,0.0,0.0017178,0.0,0.0017178,0.0,0.0014178,0.0,0.0014178,0.0,0.0014178,0.0,0.0014178,0.0,0.0014178,0.0,0.0014178,0.0
2021-08-27 00:00:00-04:00,-0.003989599999999999,0.0025304,-0.0011896,0.0025304,-0.0011896,0.0020904,-0.003989599999999999,0.0025304,-0.0012896000000000001,0.0025304,-0.0012896000000000001,0.0020904,-0.003989599999999999,0.0025304,-0.0012896000000000001,0.0025304,-0.0012896000000000001,0.0020904,-0.0048096,0.0029904000000000003,-0.0012096000000000001,0.0029904000000000003,-0.0012096000000000001,0.0027704,0.0029904000000000003,0.0029904000000000003,0.0029904000000000003,0.0029904000000000003,0.0032904,0.0032904,0.0029904000000000003,0.0029904000000000003,0.0029904000000000003,0.0029904000000000003,0.0032904,0.0032904
2021-08-30 00:00:00-04:00,-0.0007871999999999999,-0.0007871999999999999,-0.0014172,-0.0014172,-0.0014172,-0.0014172,-0.0007871999999999999,-0.0007871999999999999,-0.0014172,-0.0014172,-0.0014172,-0.0014172,-0.0007871999999999999,-0.0007871999999999999,-0.0014172,-0.0014172,-0.0014172,-0.0014172,-3.720000000000001e-05,0.0,-3.720000000000001e-05,0.0,-3.720000000000001e-05,0.0,-0.0004272,0.0,-0.0004272,0.0,-0.0004272,0.0,-0.0009072,0.0,-0.0009072,0.0,-0.0009072,0.0
2021-08-31 00:00:00-04:00,-0.0042522,0.0033678,-0.0007722,0.0033678,-0.0007722,0.0011178,-0.0042522,0.0033678,-0.0007722,0.0033678,-0.0007722,0.0011178,-0.0042522,0.0033678,-0.0007722,0.0033678,-0.0007722,0.0011178,-0.0047622,0.0037727999999999998,-0.0007871999999999999,0.0037727999999999998,-0.0007871999999999999,0.0014178,-0.0047622,0.0037727999999999998,-0.0007871999999999999,0.0037727999999999998,-0.0007871999999999999,0.0014178,0.0037727999999999998,0.0037727999999999998,0.0037727999999999998,0.0037727999999999998,0.0017178,0.0017178
2021-09-01 00:00:00-04:00,-0.0038696,0.0027304,-0.0007096000000000001,0.0027304,0.0010903999999999998,0.0015704,-0.0041496,0.0027304,-0.0009896,0.0027304,-0.0009896,0.0020904,-0.004329599999999999,0.0027304,-0.0011696,0.0027304,-0.0011696,0.0025304,-0.0041896,0.0027304,-0.0008696000000000001,0.0027304,-0.0008696000000000001,0.0020904,-0.0050896,0.0027304,-0.0017696,0.0027304,-0.0017696,0.0027304,0.0027304,0.0027304,0.0027304,0.0027304,0.0027304,0.0027304
2021-09-02 00:00:00-04:00,-0.0002496,-0.0002496,-0.0020096000000000003,-0.0020096000000000003,-0.0020096000000000003,-0.0020096000000000003,-0.0002496,-0.0002496,-0.0020096000000000003,-0.0020096000000000003,-0.0020096000000000003,-0.0020096000000000003,-0.0002496,-0.0002496,-0.0020096000000000003,-0.0020096000000000003,-0.0020096000000000003,-0.0020096000000000003,-0.0014896,0.0,-0.0014896,0.0,-0.0014896,0.0,-0.0020296,0.0,-0.0020296,0.0,-0.0020296,0.0,0.0,0.0,0.0,0.0,0.0,0.0
2021-09-03 00:00:00-04:00,0.0009503999999999999,0.0009503999999999999,0.0009503999999999999,0.0009503999999999999,0.0012904,0.0012904,0.0009503999999999999,0.0009503999999999999,0.0009503999999999999,0.0009503999999999999,0.0013304,0.0013304,0.0003104,0.0003104,0.0003104,0.0003104,0.0003104,0.0003104,-8.960000000000001e-05,-8.960000000000001e-05,-8.960000000000001e-05,-8.960000000000001e-05,-8.960000000000001e-05,-8.960000000000001e-05,-8.960000000000001e-05,-8.960000000000001e-05,-8.960000000000001e-05,-8.960000000000001e-05,-8.960000000000001e-05,-8.960000000000001e-05,-0.0002496,-0.0002496,-0.0002496,-0.0002496,-0.0002496,-0.0002496
2021-09-06 00:00:00-04:00,-0.0028095999999999998,0.0017503999999999998,-0.0008696000000000001,0.0017503999999999998,-0.0008696000000000001,0.0014504,-0.0028095999999999998,0.0,-0.0009696,0.0,-0.0009696,0.0,-0.0028095999999999998,0.0,-0.0009696,0.0,-0.0009696,0.0,-0.0035096,0.0021303999999999997,-0.0010296,0.0021303999999999997,-0.0010296,0.0018503999999999999,-0.0035096,0.0021303999999999997,-0.0010296,0.0021303999999999997,-0.0010296,0.0018503999999999999,0.0021303999999999997,0.0021303999999999997,0.0021303999999999997,0.0021303999999999997,0.0025704,0.0025704
2021-09-07 00:00:00-04:00,0.0002304,0.0,0.0002304,0.0,0.0014504,0.0,0.0001304,0.0,0.0001304,0.0,0.0016504,0.0,-6.960000000000001e-05,0.0,-6.960000000000001e-05,0.0,-6.960000000000001e-05,0.0,-0.0005496,0.0,-0.0005496,0.0,-0.0005496,0.0,-0.0005496,0.0,-0.0005496,0.0,-0.0005496,0.0,-0.0005496,0.0,-0.0005496,0.0,-0.0005496,0.0
2021-09-08 00:00:00-04:00,-0.0003496,-0.0009896,-0.0010496000000000001,-0.0009096000000000001,-0.0010496000000000001,-0.0009096000000000001,-0.0003496,-0.0009896,-0.0010496000000000001,-0.0009096000000000001,-0.0010496000000000001,-0.0009096000000000001,-0.0003496,-0.0009896,-0.0010496000000000001,-0.0009096000000000001,-0.0010496000000000001,-0.0009096000000000001,-0.0011896,-0.0011896,-0.0011896,-0.0011896,-0.0011896,-0.0011896,-0.0014896,-0.0014896,-0.0014896,-0.0014896,-0.0014896,-0.0014896,-0.0016696,-0.0016696,-0.0016696,-0.0016696,-0.0016696,-0.0016696
2021-09-09 00:00:00-04:00,0.0024703999999999998,0.0,0.0024703999999999998,0.0,0.0015304,0.0,0.0024703999999999998,0.0,0.0024703999999999998,0.0,0.0015304,0.0,0.0021704,0.0,0.0021704,0.0,0.0021303999999999997,0.0,0.0019703999999999998,0.0,0.0019703999999999998,0.0,0.0019303999999999999,0.0,0.0012304,0.0,0.0012304,0.0,0.0012304,0.0,0.0002704,0.0,0.0002704,0.0,0.0002704,0.0
2021-09-10 00:00:00-04:00,-0.0032296,0.0019103999999999998,-0.0012096000000000001,-0.0009896,-0.0012096000000000001,-0.0009896,-0.0033296,0.0019103999999999998,-0.0013096000000000002,-0.0012096000000000001,-0.0013096000000000002,-0.0012096000000000001,0.0019103999999999998,0.0019103999999999998,0.0019103999999999998,0.0019103999999999998,0.0019103999999999998,0.0019103999999999998,-0.0027495999999999996,0.0011304,-0.0014496,0.0011304,-0.0014496,0.0011304,-0.0027495999999999996,0.0010903999999999998,-0.0015496000000000002,0.0010903999999999998,-0.0015496000000000002,0.0010903999999999998,-0.0027495999999999996,0.0010903999999999998,-0.0015496000000000002,0.0010903999999999998,-0.0015496000000000002,0.0010903999999999998
2021-09-13 00:00:00-04:00,0.0009503999999999999,0.0009503999999999999,-0.0021096,-0.0021096,-0.0021096,-0.0021096,0.0006304,0.0006304,-0.0024296,-0.0024296,-0.0024296,-0.0024296,-0.0005496,-0.0005496,-0.0036095999999999997,-0.0036095999999999997,-0.0036095999999999997,-0.0036095999999999997,0.0002104,0.0,0.0002104,0.0,0.0015304,0.0,-0.0017496,0.0,-0.0017496,0.0,-0.0017496,0.0,-0.0017496,0.0,-0.0017496,0.0,-0.0017496,0.0
2021-09-14 00:00:00-04:00,-0.0020696,-0.0020696,-0.0010096,-0.0010096,-0.0010096,-0.0010096,-0.0021496,-0.0021496,-0.0012096000000000001,-0.0012096000000000001,-0.0012096000000000001,-0.0012096000000000001,-0.0025696,-0.0025696,-0.0016296000000000001,-0.0016296000000000001,-0.0016296000000000001,-0.0016296000000000001,-0.0025696,-0.0025696,-0.0017496,-0.0017496,-0.0017496,-0.0017496,-0.0025696,-0.0025696,-0.0018096000000000002,-0.0018096000000000002,-0.0018096000000000002,-0.0018096000000000002,-0.0025696,-0.0025696,-0.0018096000000000002,-0.0018096000000000002,-0.0018096000000000002,-0.0018096000000000002
2021-09-15 00:00:00-04:00,-0.0019096,0.0006503999999999999,-0.0011096,-0.0009696,-0.0011096,-0.0009696,-0.0019096,0.0001504,-0.0012096000000000001,-0.0014696000000000002,-0.0012096000000000001,-0.0014696000000000002,0.0001504,0.0001504,-0.0017296,-0.0017296,-0.0017296,-0.0017296,-0.0004896,-0.0004896,-0.0008296000000000001,-0.0008096000000000001,0.0013304,-0.0008096000000000001,-0.0004896,0.0,-0.0004896,0.0,0.0020504,0.0,-0.0009096000000000001,0.0,-0.0009096000000000001,0.0,-0.0009096000000000001,0.0
2021-09-16 00:00:00-04:00,0.0015304,-0.0029695999999999998,-0.0012296000000000002,-0.0012696,-0.0012296000000000002,-0.0012696,0.0015304,-0.0029695999999999998,-0.0012296000000000002,-0.0012696,-0.0012296000000000002,-0.0012696,0.0015304,-0.0029695999999999998,-0.0012296000000000002,-0.0012696,-0.0012296000000000002,-0.0012696,-0.0023696,-0.0023696,-0.0008896,-0.0008896,-0.0008896,-0.0008896,-0.0023696,-0.0023696,-0.0008896,-0.0008896,-0.0008896,-0.0008896,-0.0029695999999999998,-0.0029695999999999998,-0.0014896,-0.0014896,-0.0014896,-0.0014896
2021-09-17 00:00:00-04:00,-0.0034095999999999996,0.0011504,-0.0019896000000000002,0.0011504,-0.0019896000000000002,0.0011504,-0.0034095999999999996,0.0011504,-0.0019896000000000002,0.0011504,-0.0019896000000000002,0.0011504,-0.0034095999999999996,0.0011504,-0.0019896000000000002,0.0011504,-0.0019896000000000002,0.0011504,-0.0037096,0.0025904,-0.0009096000000000001,-0.0008296000000000001,-0.0009096000000000001,-0.0008296000000000001,0.0025904,0.0025904,-0.0011096,-0.0011096,-0.0011096,-0.0011096,0.0025904,0.0025904,-0.0011096,-0.0011096,-0.0011096,-0.0011096
2021-09-20 00:00:00-04:00,-0.008209600000000001,-0.008209600000000001,-0.0027096,-0.0027096,-0.0027096,-0.0027096,-0.008209600000000001,-0.008209600000000001,-0.0027096,-0.0027096,-0.0027096,-0.0027096,-0.0091096,-0.0091096,-0.0036095999999999997,-0.0036095999999999997,-0.0036095999999999997,-0.0036095999999999997,-0.009869600000000001,-0.009869600000000001,-0.0010496000000000001,-0.0010496000000000001,-0.0010496000000000001,-0.0010496000000000001,0.0082904,0.0,0.0082904,0.0,0.0029704,0.0,0.0075704,0.0,0.0075704,0.0,0.0044104,0.0
2021-09-21 00:00:00-04:00,0.0037578,0.0037578,-0.0013122,-0.0013122,-0.0013122,-0.0013122,-0.0053322000000000005,0.0032928,-0.0017322,0.0032928,-0.0017322,0.0033077999999999996,-0.0053322000000000005,0.0032928,-0.0017922,0.0032928,-0.0017922,0.0033077999999999996,0.0009378,0.0009378,-0.0024072,-0.0024072,-0.0024072,-0.0024072,0.0009378,0.0009378,-0.0024072,-0.0024072,-0.0024072,-0.0024072,6.78e-05,6.78e-05,6.78e-05,6.78e-05,6.78e-05,6.78e-05
2021-09-22 00:00:00-04:00,-0.0062172,0.0032627999999999997,-0.0012822,0.0032627999999999997,0.0023178,0.0032627999999999997,-0.0062172,0.0032627999999999997,-0.0012822,0.0032627999999999997,0.0023178,0.0032627999999999997,-0.0062172,0.0032627999999999997,-0.0012822,0.0032627999999999997,0.0023178,0.0032627999999999997,0.0051528,0.0051528,0.0051528,0.0051528,0.0051528,0.0051528,0.0051528,0.0051528,0.0051528,0.0051528,0.0051528,0.0051528,0.0051528,0.0051528,0.0051528,0.0051528,0.0051528,0.0051528
2021-09-23 00:00:00-04:00,0.0015078000000000001,0.0015078000000000001,0.0015078000000000001,0.0015078000000000001,0.0016878,0.0016878,0.0015078000000000001,0.0015078000000000001,0.0015078000000000001,0.0015078000000000001,0.0015078000000000001,0.0015078000000000001,0.0015078000000000001,0.0015078000000000001,0.0015078000000000001,0.0015078000000000001,0.0015078000000000001,0.0015078000000000001,-0.0017171999999999999,0.0006978,-0.0008022,-0.0008922,-0.0008022,-0.0008922,-0.0017171999999999999,0.0006978,-0.0008022,-0.0008922,-0.0008022,-0.0008922,0.0006978,0.0006978,-0.0012222,-0.0012222,-0.0012222,-0.0012222
2021-09-24 00:00:00-04:00,-0.0035472000000000004,-0.0035472000000000004,-0.0012522,-0.0012522,-0.0012522,-0.0012522,-0.0035472000000000004,-0.0035472000000000004,-0.0012522,-0.0012522,-0.0012522,-0.0012522,-0.0036522000000000004,-0.0036522000000000004,-0.0013572,-0.0013572,-0.0013572,-0.0013572,-0.0043572,-0.0043572,-0.0014472,-0.0014472,-0.0014472,-0.0014472,0.0027677999999999995,0.0,0.0027677999999999995,0.0,0.0027677999999999995,0.0,0.0027677999999999995,0.0,0.0027677999999999995,0.0,0.0027677999999999995,0.0
2021-09-27 00:00:00-04:00,-0.0035622,0.0013728,-0.0012372,0.0013728,-0.0012372,0.0013728,-0.0038922,0.0013728,-0.0015672,0.0013728,-0.0015672,0.0013728,0.0013728,0.0013728,0.0013728,0.0013728,0.0013728,0.0013728,0.0003978,0.0003978,0.0003978,0.0003978,0.0003978,0.0003978,3.779999999999999e-05,3.779999999999999e-05,3.779999999999999e-05,3.779999999999999e-05,3.779999999999999e-05,3.779999999999999e-05,-0.0011472,-0.0011472,-0.0011472,-0.0011472,-0.0011472,-0.0011472
2021-09-28 00:00:00-04:00,0.0053327999999999995,-0.0069972,-0.0015672,-0.0008022,-0.0015672,-0.0008022,0.0053327999999999995,-0.0069972,-0.0015672,-0.0008022,-0.0015672,-0.0008022,0.004612799999999999,-0.0073422,-0.0024222,-0.0021972,-0.0024222,-0.0021972,0.0051978,-0.006817200000000001,-0.0014472,-0.0013422,-0.0014472,-0.0013422,0.004612799999999999,-0.006817200000000001,-0.0020322,-0.0018672,-0.0020322,-0.0018672,-0.006817200000000001,-0.006817200000000001,-0.0030072000000000002,-0.0030072000000000002,-0.0030072000000000002,-0.0030072000000000002
2021-09-29 00:00:00-04:00,0.0032051999999999996,0.0032051999999999996,-0.0005648000000000001,-0.0005648000000000001,-0.0005648000000000001,-0.0005648000000000001,-0.0039448,0.0028252,-0.0007648,0.0028252,-0.0007648,0.0017252,0.0028252,0.0028252,0.0028252,0.0028252,0.0021852,0.0021852,0.0010752,0.0010752,-0.0014547999999999998,-0.0014547999999999998,-0.0014547999999999998,-0.0014547999999999998,-0.0026048,0.0005451999999999999,-0.0019947999999999997,0.0005451999999999999,-0.0019947999999999997,0.0005451999999999999,-0.0026048,0.00039519999999999996,-0.0021348,0.00039519999999999996,-0.0021348,0.00039519999999999996
2021-09-30 00:00:00-04:00,-0.0038048,0.0022352,-0.0014348,0.0022352,-0.0014348,0.0027251999999999997,0.0022352,0.0022352,0.0022352,0.0022352,0.0030052,0.0030052,0.0022352,0.0022352,0.0022352,0.0022352,0.0030052,0.0030052,0.0016852000000000002,0.0016852000000000002,-0.0009748000000000001,-0.0009748000000000001,-0.0009748000000000001,-0.0009748000000000001,0.0014752,0.0014752,-0.0011848,-0.0011848,-0.0011848,-0.0011848,0.0011952,0.0011952,0.0011952,0.0011952,0.0011952,0.0011952
2021-10-01 00:00:00-04:00,0.0043652,-0.0053748,-0.0008648,-0.0008548000000000001,-0.0008648,-0.0008548000000000001,-0.0053748,-0.0053748,-0.0011748,-0.0011748,-0.0011748,-0.0011748,-0.0053748,-0.0053748,-0.0011748,-0.0011748,-0.0011748,-0.0011748,0.0048252,0.0,0.0048252,0.0,0.0021052,0.0,0.0048252,0.0,0.0048252,0.0,0.0021852,0.0,0.0025651999999999997,0.0,0.0025651999999999997,0.0,0.0025651999999999997,0.0
2021-10-04 00:00:00-04:00,-0.0050548,-0.0050548,-0.0013548,-0.0013548,-0.0013548,-0.0013548,0.0036452,0.0,0.0036452,0.0,0.004605199999999999,0.0,0.0036452,0.0,0.0036452,0.0,0.0036452,0.0,0.0043352,0.0,0.0043352,0.0,0.0021652,0.0,0.0041351999999999995,0.0,0.0041351999999999995,0.0,0.0025651999999999997,0.0,0.0026752,0.0,0.0026752,0.0,0.0026752,0.0
2021-10-05 00:00:00-04:00,-0.0006248,-0.0011448,-0.0012648,-0.0015647999999999999,-0.0012648,-0.0015647999999999999,-0.0006248,-0.0011448,-0.0012648,-0.0015647999999999999,-0.0012648,-0.0015647999999999999,-0.0011448,-0.0011448,-0.0017648,-0.0017648,-0.0017648,-0.0017648,-0.0011448,-0.0011448,-0.0011548,-0.0011548,0.0021452000000000003,0.0021452000000000003,-0.0017147999999999998,-0.0017147999999999998,-0.0017247999999999999,-0.0017247999999999999,-0.0017247999999999999,-0.0017247999999999999,-0.0030148,-0.0030148,-0.0030248000000000002,-0.0030248000000000002,-0.0030248000000000002,-0.0030248000000000002
2021-10-06 00:00:00-04:00,0.0025851999999999997,0.0025851999999999997,0.0025851999999999997,0.0025851999999999997,0.0017452000000000001,0.0017452000000000001,0.0025851999999999997,0.0025851999999999997,0.0025851999999999997,0.0025851999999999997,0.0018052,0.0018052,0.0025851999999999997,0.0025851999999999997,0.0025851999999999997,0.0025851999999999997,0.0018052,0.0018052,-0.0031548,0.0018352000000000002,-0.0011848,0.0018352000000000002,-0.0011848,0.0012852,0.0018352000000000002,0.0018352000000000002,0.0018352000000000002,0.0018352000000000002,0.0024452000000000002,0.0024452000000000002,0.0018352000000000002,0.0018352000000000002,0.0018352000000000002,0.0018352000000000002,0.0027451999999999997,0.0027451999999999997
2021-10-07 00:00:00-04:00,0.0037151999999999997,0.0,0.0037151999999999997,0.0,0.0021852,0.0,0.0033452,0.0,0.0033452,0.0,0.0029251999999999998,0.0,0.0023652,0.0,0.0023652,0.0,0.0023652,0.0,0.0024952,0.0,0.0024952,0.0,0.0019252000000000002,0.0,0.0024952,0.0,0.0024952,0.0,0.0019252000000000002,0.0,0.0015852000000000002,0.0,0.0015852000000000002,0.0,0.0015852000000000002,0.0
2021-10-08 00:00:00-04:00,-0.0010548,-2.4800000000000003e-05,-0.0008348,-0.0009048000000000001,-0.0008348,-0.0009048000000000001,-0.0010548,-2.4800000000000003e-05,-0.0008348,-0.0009048000000000001,-0.0008348,-0.0009048000000000001,-0.0010548,-2.4800000000000003e-05,-0.0008648,-0.0009048000000000001,-0.0008648,-0.0009048000000000001,-2.4800000000000003e-05,-2.4800000000000003e-05,-0.0017047999999999998,-0.0017047999999999998,-0.0017047999999999998,-0.0017047999999999998,0.0,0.0,0.0,0.0,0.0,0.0,0.0,0.0,0.0,0.0,0.0,0.0
2021-10-11 00:00:00-04:00,0.0005551999999999999,0.0005551999999999999,0.0005551999999999999,0.0005551999999999999,0.0005551999999999999,0.0005551999999999999,0.0001652,0.0001652,0.0001652,0.0001652,0.0001652,0.0001652,-0.0002848,-0.0002848,-0.0002848,-0.0002848,-0.0002848,-0.0002848,0.0006952,0.0,0.0006952,0.0,0.0018652,0.0,7.52e-05,0.0,7.52e-05,0.0,7.52e-05,0.0,-0.0007248,0.0,-0.0007248,0.0,-0.0007248,0.0
2021-10-12 00:00:00-04:00,0.0020652,0.0020652,0.0020652,0.0020652,0.0020652,0.0020652,0.0020652,0.0020652,0.0020652,0.0020652,0.0020652,0.0020652,0.0020652,0.0020652,0.0020652,0.0020652,0.0020652,0.0020652,0.0018552000000000002,0.0018552000000000002,0.0018552000000000002,0.0018552000000000002,0.0018552000000000002,0.0018552000000000002,0.0011352,0.0011352,0.0011352,0.0011352,0.0011352,0.0011352,0.0001052,0.0001052,0.0001052,0.0001052,0.0001052,0.0001052
2021-10-13 00:00:00-04:00,0.0010152,0.0,0.0010152,0.0,0.0011652,0.0,0.0006052,0.0,0.0006052,0.0,0.0006052,0.0,0.0006052,0.0,0.0006052,0.0,0.0006052,0.0,2.5199999999999996e-05,-0.0012548000000000001,-0.0010748,-0.0011048,-0.0010748,-0.0011048,-0.00038480000000000003,-0.0012548000000000001,-0.0014847999999999999,-0.0013648,-0.0014847999999999999,-0.0013648,-0.0012548000000000001,-0.0012548000000000001,-0.0012548000000000001,-0.0012548000000000001,-0.0012548000000000001,-0.0012548000000000001
2021-10-14 00:00:00-04:00,0.0034251999999999998,0.0,0.0034251999999999998,0.0,0.0017252,0.0,0.0031052,0.0,0.0031052,0.0,0.0023652,0.0,0.0028252,0.0,0.0028252,0.0,0.0029251999999999998,0.0,0.0019152000000000001,0.0,0.0019152000000000001,0.0,0.0019052000000000001,0.0,0.0,0.0,0.0,0.0,0.0,0.0,0.0,0.0,0.0,0.0,0.0,0.0
2021-10-15 00:00:00-04:00,0.0002852,-0.0013147999999999999,-0.0008748,-0.0007548,-0.0008748,-0.0007548,0.0002852,-0.0013147999999999999,-0.0008748,-0.0007548,-0.0008748,-0.0007548,0.0002852,-0.0013147999999999999,-0.0008748,-0.0007548,-0.0008748,-0.0007548,-0.0016648,-0.0016648,-0.0011548,-0.0011548,-0.0011548,-0.0011548,-0.0019348,-0.0019348,-0.0014248,-0.0014248,-0.0014248,-0.0014248,-0.0023347999999999997,-0.0023347999999999997,-0.0018248,-0.0018248,-0.0018248,-0.0018248
2021-10-18 00:00:00-04:00,0.0024752000000000003,0.0024752000000000003,0.0024752000000000003,0.0024752000000000003,0.0027051999999999996,0.0027051999999999996,0.0014952000000000001,0.0014952000000000001,0.0014952000000000001,0.0014952000000000001,0.0014952000000000001,0.0014952000000000001,0.0013152,0.0013152,0.0013152,0.0013152,0.0013152,0.0013152,-0.0012248,0.0,-0.0007848,0.0,-0.0007848,0.0,-0.0014047999999999999,0.0,-0.0009648,0.0,-0.0009648,0.0,0.0,0.0,0.0,0.0,0.0,0.0
2021-10-19 00:00:00-04:00,-0.0018747999999999998,-0.0018747999999999998,-0.0005148,-0.0005148,-0.0005148,-0.0005148,-0.0020047999999999997,-0.0020047999999999997,-0.0006448000000000001,-0.0006448000000000001,-0.0006448000000000001,-0.0006448000000000001,0.0012752,0.0,0.0012752,0.0,0.0012752,0.0,0.0005851999999999999,-0.0016447999999999999,-0.0009848,-0.00035480000000000006,-0.0009848,-0.00035480000000000006,-0.0016447999999999999,-0.0016447999999999999,-0.0012848,-0.0012848,-0.0012848,-0.0012848,-0.0020147999999999998,-0.0020147999999999998,-0.0016547999999999999,-0.0016547999999999999,-0.0016547999999999999,-0.0016547999999999999
2021-10-20 00:00:00-04:00,0.0008652,0.0008652,-0.0006548000000000001,-0.0006548000000000001,-0.0006548000000000001,-0.0006548000000000001,0.0006751999999999999,0.0006751999999999999,-0.0008448,-0.0008448,-0.0008448,-0.0008448,-0.0016148,0.00037519999999999996,-0.0009648,0.00037519999999999996,-0.0009648,0.00037519999999999996,0.0006852,0.0006852,0.0006852,0.0006852,0.0006852,0.0006852,0.0002252,0.0002252,0.0002252,0.0002252,0.0002252,0.0002252,-2.4800000000000003e-05,-2.4800000000000003e-05,-2.4800000000000003e-05,-2.4800000000000003e-05,-2.4800000000000003e-05,-2.4800000000000003e-05
2021-10-21 00:00:00-04:00,0.0014052000000000001,0.0014052000000000001,-0.0007348000000000001,-0.0007348000000000001,-0.0007348000000000001,-0.0007348000000000001,0.0012952,0.0012952,-0.0008448,-0.0008448,-0.0008448,-0.0008448,0.0012952,0.0012952,-0.0008448,-0.0008448,-0.0008448,-0.0008448,-0.0014148,0.0006952,-0.0005948,-0.0006548000000000001,-0.0005948,-0.0006548000000000001,-0.0014148,0.0006952,-0.0005948,-0.0006548000000000001,-0.0005948,-0.0006548000000000001,0.0006952,0.0006952,-0.0007248,-0.0007248,-0.0007248,-0.0007248
2021-10-22 00:00:00-04:00,0.0007352,0.0,0.0007352,0.0,0.0007352,0.0,0.0003852,0.0,0.0003852,0.0,0.0003852,0.0,0.0001852,0.0,0.0001852,0.0,0.0001852,0.0,0.0002152,0.0,-0.0006548000000000001,0.0,-0.0006548000000000001,0.0,-0.0001548,0.0,-0.0010248,0.0,-0.0010248,0.0,0.0,0.0,0.0,0.0,0.0,0.0
2021-10-25 00:00:00-04:00,0.0019052000000000001,0.0,-0.0014647999999999998,0.0,-0.0014647999999999998,0.0,0.0013652,0.0,0.0013652,0.0,0.0013652,0.0,0.0013652,0.0,0.0013652,0.0,0.0013652,0.0,0.0025152,0.0,0.0025152,0.0,0.0010052,0.0,0.0024252,0.0,0.0024252,0.0,0.0011852,0.0,0.0013652,0.0,0.0013652,0.0,0.0013652,0.0
2021-10-26 00:00:00-04:00,0.0011052,0.0,0.0011052,0.0,0.0011052,0.0,0.0011052,0.0,0.0011052,0.0,0.0011052,0.0,0.0011052,0.0,0.0011052,0.0,0.0011052,0.0,0.0008152,0.0,0.0008152,0.0,0.0008152,0.0,0.0008152,0.0,0.0008152,0.0,0.0008152,0.0,0.0002752,0.0,0.0002752,0.0,0.0002752,0.0
2021-10-27 00:00:00-04:00,0.0001052,0.0,-0.0016347999999999998,0.0,-0.0016347999999999998,0.0,-0.0001148,0.0,-0.0018548,0.0,-0.0018548,0.0,0.0,0.0,0.0,0.0,0.0,0.0,-0.0005848,-0.0005848,-0.0006348,-0.0006348,0.0011052,0.0011052,-0.0008848,-0.0008848,-0.0009348000000000001,-0.0009348000000000001,-0.0009348000000000001,-0.0009348000000000001,-0.0015447999999999998,-0.0015447999999999998,-0.0015948,-0.0015948,-0.0015948,-0.0015948
2021-10-28 00:00:00-04:00,-0.00043480000000000005,0.0,-0.0005148,0.0,0.0008652,0.0,-0.0005348,0.0,-0.0006148000000000001,0.0,-0.0006148000000000001,0.0,-0.0009548,0.0,-0.0010348,0.0,-0.0010348,0.0,0.0005951999999999999,0.0005951999999999999,0.0005951999999999999,0.0005951999999999999,0.0005951999999999999,0.0005951999999999999,0.0005951999999999999,0.0005951999999999999,0.0005951999999999999,0.0005951999999999999,0.0005951999999999999,0.0005951999999999999,0.00032519999999999994,0.00032519999999999994,0.00032519999999999994,0.00032519999999999994,0.00032519999999999994,0.00032519999999999994
2021-10-29 00:00:00-04:00,0.0013652,0.0013652,0.0013652,0.0013652,0.0012852,0.0012852,0.0013652,0.0013652,0.0013652,0.0013652,0.0012852,0.0012852,0.0009352,0.0009352,0.0009352,0.0009352,0.0009352,0.0009352,0.0007252,0.0007252,0.0007252,0.0007252,0.0007252,0.0007252,0.0004952,0.0004952,0.0004952,0.0004952,0.0004952,0.0004952,0.0004952,0.0004952,0.0004952,0.0004952,0.0004952,0.0004952
2021-11-01 00:00:00-04:00,-0.00038480000000000003,-0.0014747999999999999,-0.0014647999999999998,-0.0017247999999999999,-0.0014647999999999998,-0.0017247999999999999,-0.00038480000000000003,-0.0014747999999999999,-0.0014647999999999998,-0.0017247999999999999,-0.0014647999999999998,-0.0017247999999999999,-0.00038480000000000003,-0.0014747999999999999,-0.0014647999999999998,-0.0017247999999999999,-0.0014647999999999998,-0.0017247999999999999,-0.0014747999999999999,-0.0014747999999999999,-0.0011948,-0.0011948,-0.0011948,-0.0011948,7.52e-05,0.0,7.52e-05,0.0,7.52e-05,0.0,7.52e-05,0.0,7.52e-05,0.0,7.52e-05,0.0
2021-11-02 00:00:00-04:00,-0.0006648,-0.0001348,-0.0006848000000000001,-0.0007148,-0.0006848000000000001,-0.0007148,-0.0001348,-0.0001348,-0.0007848,-0.0007848,-0.0007848,-0.0007848,-0.0007348000000000001,0.0,-0.0008448,0.0,-0.0008448,0.0,-0.0009048000000000001,0.0002252,-0.0005148,-0.0005348,-0.0005148,-0.0005348,-0.0009648,0.0002252,-0.0005748000000000001,-0.0006648,-0.0005748000000000001,-0.0006648,0.0002252,0.0002252,-0.0007348000000000001,-0.0007348000000000001,-0.0007348000000000001,-0.0007348000000000001
2021-11-03 00:00:00-04:00,-0.0011622,-0.0001272,-0.0011772,-0.0001272,-0.0011772,-0.0001272,-0.0011622,-0.0001272,-0.0011772,-0.0001272,-0.0011772,-0.0001272,-0.0011622,-0.0001272,-0.0011772,-0.0001272,-0.0011772,-0.0001272,0.0006528,0.0006528,0.0006528,0.0006528,0.0009378,0.0009378,0.00020280000000000002,0.00020280000000000002,0.00020280000000000002,0.00020280000000000002,0.00020280000000000002,0.00020280000000000002,-5.220000000000001e-05,-5.220000000000001e-05,-5.220000000000001e-05,-5.220000000000001e-05,-5.220000000000001e-05,-5.220000000000001e-05
2021-11-04 00:00:00-04:00,0.0008628,0.0008628,0.0008628,0.0008628,0.0008628,0.0008628,0.0004578,0.0004578,0.0004578,0.0004578,0.0004578,0.0004578,-0.0005922,-0.0005922,-0.0005922,-0.0005922,-0.0005922,-0.0005922,0.00023280000000000002,0.0,0.00023280000000000002,0.0,0.00023280000000000002,0.0,0.00023280000000000002,0.0,0.00023280000000000002,0.0,0.00023280000000000002,0.0,-0.0002622,0.0,-0.0002622,0.0,-0.0002622,0.0
2021-11-05 00:00:00-04:00,-0.0002922,-0.0002922,-0.0008472,-0.0008472,-0.0008472,-0.0008472,-0.0008022,0.0,-0.0008022,0.0,-0.0008022,0.0,-0.0008022,0.0,-0.0008022,0.0,-0.0008022,0.0,-0.0008022,-0.0006972,-0.0013272,-0.0006972,-0.0013272,-0.0006972,-0.0011472,-0.0006972,-0.0016722,-0.0006972,-0.0016722,-0.0006972,-0.0006972,-0.0006972,-0.0006972,-0.0006972,-0.0006972,-0.0006972
2021-11-08 00:00:00-05:00,-0.0019722,-0.0019722,-0.0019722,-0.0019722,-0.0019722,-0.0019722,-0.0019722,-0.0019722,-0.0019722,-0.0019722,-0.0019722,-0.0019722,0.0,0.0,0.0,0.0,0.0,0.0,-0.0004122,-0.0007722,-0.0007122,-0.0009972,-0.0007122,-0.0009972,-0.0007722,-0.0007722,-0.0015222,-0.0015222,-0.0015222,-0.0015222,-0.0013871999999999999,0.0,-0.0022722,0.0,-0.0022722,0.0
2021-11-09 00:00:00-05:00,-0.0006221999999999999,-0.0008172,-0.0009672,-0.0010572,-0.0009672,-0.0010572,-0.0011922,-0.0008172,-0.0015372,-0.0008172,-0.0015372,-0.0008172,-0.0011922,-0.0008172,-0.0017322,-0.0008172,-0.0017322,-0.0008172,0.0009678,0.0009678,-0.0007572,-0.0007572,-0.0007572,-0.0007572,0.0008028,0.0008028,0.0008028,0.0008028,0.0015978,0.0015978,0.0008028,0.0008028,0.0008028,0.0008028,0.0008028,0.0008028
2021-11-10 00:00:00-05:00,-0.0031422000000000004,0.0,-0.0011472,0.0,0.0020478000000000002,0.0,-0.0035472000000000004,0.0,-0.0015521999999999999,0.0,-0.0015521999999999999,0.0,-0.0035472000000000004,0.0,-0.0015521999999999999,0.0,-0.0015521999999999999,0.0,-0.0040572,0.0,-0.0011172,0.0,0.0019878,0.0,-0.0040572,0.0,-0.0011172,0.0,0.0019878,0.0,-0.004837200000000001,0.0,-0.0018972,0.0,-0.0018972,0.0
2021-11-11 00:00:00-05:00,-0.0027072000000000003,0.0013128,-0.0011022,-0.0012072,-0.0011022,0.0021678,-0.0027072000000000003,0.0013128,-0.0011022,-0.0012072,-0.0011022,0.0021678,0.0013128,0.0013128,0.0013128,0.0013128,0.0013128,0.0013128,-0.0009222,-0.0011922,-0.0011322,-0.0018821999999999999,-0.0011322,-0.0018821999999999999,-0.0011922,-0.0011922,-0.0024522,-0.0024522,-0.0024522,-0.0024522,-0.0015822,0.0,-0.0015822,0.0,-0.0015822,0.0
2021-11-12 00:00:00-05:00,-0.00014220000000000001,-0.00014220000000000001,-0.0008622,-0.0008622,0.0014778,0.0014778,-0.0002172,-0.0002172,-0.0009372,-0.0009372,0.0016278,0.0016278,-0.0014472,-0.0014472,-0.0021672,-0.0021672,-0.0021672,-0.0021672,-0.0024372,-0.0024372,-0.0010272,-0.0010272,-0.0010272,-0.0010272,-0.0024372,-0.0024372,-0.0010272,-0.0010272,-0.0010272,-0.0010272,0.0012078,0.0,0.0012078,0.0,0.0012078,0.0
2021-11-15 00:00:00-05:00,-0.0009822,-0.0009822,-0.0016122,-0.0016122,-0.0016122,-0.0016122,-0.0007572,0.0,-0.0007572,0.0,-0.0007572,0.0,-0.0007572,0.0,-0.0007572,0.0,-0.0007572,0.0,0.0002628,0.0,-0.0006372,0.0,0.0010278,0.0,9.779999999999999e-05,0.0,-0.0008022,0.0,-0.0008022,0.0,9.779999999999999e-05,0.0,-0.0008172,0.0,-0.0008172,0.0
2021-11-16 00:00:00-05:00,-0.0007122,-0.0007421999999999999,-0.0008472,-0.0011622,-0.0008472,-0.0011622,-0.0009072,-0.0007421999999999999,-0.0010422,-0.0014922,-0.0010422,-0.0014922,-0.0009072,-0.0007421999999999999,-0.0010422,-0.0014922,-0.0010422,-0.0014922,-0.0012522,-0.0012522,-0.0016272,-0.0016272,-0.0016272,-0.0016272,-0.0014172,-0.0014172,-0.0017922,-0.0017922,-0.0017922,-0.0017922,-0.0005322,0.0,-0.0005322,0.0,-0.0005322,0.0
2021-11-17 00:00:00-05:00,-0.0009521999999999999,0.0001428,-0.0006372,-0.0006972,-0.0006372,-0.0006972,0.0001428,0.0001428,-0.0007722,-0.0007722,-0.0007722,-0.0007722,-0.0010872,0.0,-0.0010872,0.0,-0.0010872,0.0,-0.0005771999999999999,0.0,-0.0006672,0.0,0.0010878,0.0,-0.0005771999999999999,0.0,-0.0005771999999999999,0.0,-0.0005771999999999999,0.0,-0.0008472,0.0,-0.0008472,0.0,-0.0008472,0.0
2021-11-18 00:00:00-05:00,0.0020478000000000002,0.0020478000000000002,0.0020478000000000002,0.0020478000000000002,0.0013578,0.0013578,0.0020478000000000002,0.0020478000000000002,0.0020478000000000002,0.0020478000000000002,0.0014478,0.0014478,0.0020478000000000002,0.0020478000000000002,0.0020478000000000002,0.0020478000000000002,0.0014478,0.0014478,0.0016878,0.0016878,-0.0005172,-0.0005172,-0.0005172,-0.0005172,-0.0023772,0.0015078000000000001,-0.0007272,0.0015078000000000001,-0.0007272,0.0011478,-0.0023772,0.0015078000000000001,-0.0007572,0.0015078000000000001,-0.0007572,0.0011478
2021-11-19 00:00:00-05:00,0.0016728000000000001,0.0016728000000000001,0.0016728000000000001,0.0016728000000000001,0.0016728000000000001,0.0016728000000000001,0.0016728000000000001,0.0016728000000000001,0.0016728000000000001,0.0016728000000000001,0.0016728000000000001,0.0016728000000000001,0.0016728000000000001,0.0016728000000000001,0.0016728000000000001,0.0016728000000000001,0.0016728000000000001,0.0016728000000000001,0.0016728000000000001,0.0016728000000000001,0.0016728000000000001,0.0016728000000000001,0.0016728000000000001,0.0016728000000000001,0.0016728000000000001,0.0016728000000000001,0.0016728000000000001,0.0016728000000000001,0.0016728000000000001,0.0016728000000000001,0.0013128,0.0013128,0.0013128,0.0013128,0.0013128,0.0013128
2021-11-22 00:00:00-05:00,-0.0018672,-8.22e-05,-0.0015372,-8.22e-05,-0.0015372,-8.22e-05,-0.0018672,-8.22e-05,-0.0015372,-8.22e-05,-0.0015372,-8.22e-05,-8.22e-05,-8.22e-05,-8.22e-05,-8.22e-05,-8.22e-05,-8.22e-05,-0.0008622,0.0,-0.0008622,0.0,-0.0008622,0.0,-0.0008622,0.0,-0.0008622,0.0,-0.0008622,0.0,-0.0008622,0.0,-0.0008622,0.0,-0.0008622,0.0
2021-11-23 00:00:00-05:00,0.0030227999999999995,0.0,0.0030227999999999995,0.0,0.0027677999999999995,0.0,0.0030227999999999995,0.0,0.0030227999999999995,0.0,0.0027677999999999995,0.0,0.0030227999999999995,0.0,0.0030227999999999995,0.0,0.0027677999999999995,0.0,0.0028277999999999997,0.0,0.0028277999999999997,0.0,0.0024678,0.0,0.0021228,0.0,0.0021228,0.0,0.0038778,0.0,0.0008778,0.0,0.0008778,0.0,0.0008778,0.0
2021-11-24 00:00:00-05:00,-0.0023472,0.0,-0.0036072,0.0,-0.0036072,0.0,-0.0023472,0.0,-0.0036072,0.0,-0.0036072,0.0,-0.0028272,0.0,-0.0040872,0.0,-0.0040872,0.0,0.0010728,0.0010728,-0.0008922,-0.0008922,-0.0008922,-0.0008922,0.0009228,0.0009228,-0.0010422,-0.0010422,-0.0010422,-0.0010422,-0.0023172,0.0005478,-0.0014172,0.0005478,-0.0014172,0.0005478
2021-11-25 00:00:00-05:00,0.0020778,0.0020778,0.0020778,0.0020778,0.0023778000000000002,0.0023778000000000002,0.0020778,0.0020778,0.0020778,0.0020778,0.0023778000000000002,0.0023778000000000002,0.0020778,0.0020778,0.0020778,0.0020778,0.0026177999999999996,0.0026177999999999996,-0.0026472,0.0017178,-0.0007871999999999999,0.0017178,-0.0007871999999999999,0.0013578,-0.0028422000000000005,0.0017178,-0.0009972,0.0017178,-0.0009972,0.0015678,0.0017178,0.0017178,0.0017178,0.0017178,0.0020478000000000002,0.0020478000000000002
2021-11-26 00:00:00-05:00,0.0106578,0.0,0.0106578,0.0,0.0024978,0.0,0.009157799999999999,0.0,0.009157799999999999,0.0,0.0054978,0.0,0.0083628,0.0,0.0083628,0.0,0.0070878,0.0,0.0053478,0.0,0.0053478,0.0,0.004207799999999999,0.0,0.0045677999999999995,0.0,0.0045677999999999995,0.0,0.0045677999999999995,0.0,0.0045677999999999995,0.0,0.0045677999999999995,0.0,0.0045677999999999995,0.0
2021-11-29 00:00:00-05:00,0.0028727999999999996,0.0028727999999999996,0.0028727999999999996,0.0028727999999999996,0.0028727999999999996,0.0028727999999999996,0.0022578,0.0022578,0.0022578,0.0022578,0.0022578,0.0022578,0.0014328,0.0014328,0.0014328,0.0014328,0.0014328,0.0014328,-0.0016272,-0.0016272,-0.0023622,-0.0023622,-0.0023622,-0.0023622,-0.0016272,-0.0016272,-0.0023622,-0.0023622,-0.0023622,-0.0023622,-0.0023022,-0.0023022,-0.0031272,-0.0031272,-0.0031272,-0.0031272
2021-11-30 00:00:00-05:00,-0.0043048,-0.0043048,-0.0008748,-0.0008748,-0.0008748,-0.0008748,0.0032151999999999997,0.0,0.0032151999999999997,0.0,0.0026252,0.0,0.0032151999999999997,0.0,0.0032151999999999997,0.0,0.0026252,0.0,0.0039352,0.0,0.0039352,0.0,0.0009851999999999999,0.0,0.0036951999999999996,0.0,0.0036951999999999996,0.0,0.0014652,0.0,0.0036951999999999996,0.0,0.0036951999999999996,0.0,0.0014652,0.0
2021-12-01 00:00:00-05:00,-0.0065248,0.0046152,-0.0018448,0.0046152,-0.0018448,0.0023252,-0.0065248,0.0046152,-0.0018448,0.0046152,-0.0018448,0.0023252,-0.0074548,0.0046152,-0.0027748,0.0046152,-0.0027748,0.003945199999999999,0.0055052,0.0055052,0.0055052,0.0055052,0.004605199999999999,0.004605199999999999,0.0051952,0.0051952,0.0051952,0.0051952,0.0052252,0.0052252,0.0036652,0.0036652,0.0036652,0.0036652,0.0036652,0.0036652
2021-12-02 00:00:00-05:00,-0.0025047999999999997,-0.00038480000000000003,-0.0025548,-0.00038480000000000003,-0.0025548,-0.00038480000000000003,-0.00038480000000000003,-0.00038480000000000003,-0.00038480000000000003,-0.00038480000000000003,-0.00038480000000000003,-0.00038480000000000003,-0.0009848,-0.0009848,-0.0009848,-0.0009848,-0.0009848,-0.0009848,-0.0004448,-0.0004448,-0.0004448,-0.0004448,-0.0004448,-0.0004448,-0.0017548,-0.0017548,-0.0017548,-0.0017548,-0.0017548,-0.0017548,-0.0020348,-0.0020348,-0.0020348,-0.0020348,-0.0020348,-0.0020348
2021-12-03 00:00:00-05:00,-0.0005248000000000001,0.0,-0.0005248000000000001,0.0,0.0036252,0.0,-0.0012548000000000001,0.0,-0.0012548000000000001,0.0,-0.0012548000000000001,0.0,-0.0030648000000000003,0.0,-0.0030648000000000003,0.0,-0.0030648000000000003,0.0,-0.0028148,0.0006852,-0.0015547999999999998,0.0006852,-0.0015547999999999998,0.0006852,-0.0029448,0.0006852,-0.0016848,0.0006852,-0.0016848,0.0006852,0.0006852,0.0006852,0.0006852,0.0006852,0.0006852,0.0006852
2021-12-06 00:00:00-05:00,-0.0006248,-0.0006248,-0.0024148,-0.0024148,-0.0024148,-0.0024148,-0.0006248,-0.0006248,-0.0025748000000000004,-0.0025748000000000004,-0.0025748000000000004,-0.0025748000000000004,-0.0014647999999999998,-0.0014647999999999998,-0.0014647999999999998,-0.0014647999999999998,-0.0014647999999999998,-0.0014647999999999998,-0.00038480000000000003,-0.00038480000000000003,-0.0014047999999999999,-0.0014047999999999999,-0.0014047999999999999,-0.0014047999999999999,-0.00038480000000000003,-0.00038480000000000003,-0.0014047999999999999,-0.0014047999999999999,-0.0014047999999999999,-0.0014047999999999999,-0.00038480000000000003,-0.00038480000000000003,-0.0015148,-0.0015148,-0.0015148,-0.0015148
2021-12-07 00:00:00-05:00,-0.0062448,0.0049952,-0.0010548,0.0049952,-0.0010548,0.0021452000000000003,-0.0063848,0.0049952,-0.0011948,0.0049952,-0.0011948,0.0024252,0.0049952,0.0049952,0.0049952,0.0049952,0.0027852,0.0027852,0.0044551999999999994,0.0044551999999999994,0.0044551999999999994,0.0044551999999999994,0.0027051999999999996,0.0027051999999999996,0.0038951999999999997,0.0038951999999999997,0.0038951999999999997,0.0038951999999999997,0.0038252,0.0038252,0.0038951999999999997,0.0038951999999999997,0.0038951999999999997,0.0038951999999999997,0.0038252,0.0038252
2021-12-08 00:00:00-05:00,-0.0017448,-0.0004448,-0.0014547999999999998,-0.0004448,-0.0014547999999999998,-0.0004448,-0.0019548,-0.0004448,-0.0016648,-0.0004448,-0.0016648,-0.0004448,-0.0019548,-0.0004448,-0.0016648,-0.0004448,-0.0016648,-0.0004448,-0.0006748,-0.0008148000000000001,-0.0012448000000000001,-0.0013548,-0.0012448000000000001,-0.0013548,-0.0008148000000000001,-0.0008148000000000001,-0.0008148000000000001,-0.0008148000000000001,-0.0008148000000000001,-0.0008148000000000001,-0.0008148000000000001,-0.0008148000000000001,-0.0008148000000000001,-0.0008148000000000001,-0.0008148000000000001,-0.0008148000000000001
2021-12-09 00:00:00-05:00,0.0001152,0.0001152,-0.0007448,-0.0007448,-0.0007448,-0.0007448,-0.00034480000000000003,-0.00034480000000000003,-0.0012048,-0.0012048,-0.0012048,-0.0012048,-0.00034480000000000003,-0.00034480000000000003,-0.0012048,-0.0012048,-0.0012048,-0.0012048,0.0001752,0.0001752,-0.0004948,-0.0004948,0.0008252,0.0008252,0.0001752,0.0001752,-0.0004948,-0.0004948,0.0008252,0.0008252,-0.00034480000000000003,-0.00034480000000000003,-0.0010748,-0.0010748,-0.0010748,-0.0010748
2021-12-10 00:00:00-05:00,-0.0008548000000000001,-0.0008548000000000001,-0.0011348,-0.0011348,-0.0011348,-0.0011348,-0.0008548000000000001,-0.0008548000000000001,-0.0011348,-0.0011348,-0.0011348,-0.0011348,-0.00038480000000000003,-0.0012648,-0.0015848,-0.0015447999999999998,-0.0015848,-0.0015447999999999998,-0.0004448,-0.0004448,-0.0009748000000000001,-0.0009748000000000001,-0.0009748000000000001,-0.0009748000000000001,-0.0007948,-0.0007948,-0.0014448,-0.0014448,-0.0014448,-0.0014448,-0.0011948,-0.0011948,-0.0018448,-0.0018448,-0.0018448,-0.0018448
2021-12-13 00:00:00-05:00,0.00037519999999999996,0.00037519999999999996,0.00037519999999999996,0.00037519999999999996,0.00037519999999999996,0.00037519999999999996,0.00037519999999999996,0.00037519999999999996,0.00037519999999999996,0.00037519999999999996,0.00037519999999999996,0.00037519999999999996,-0.0001448,-0.0001448,-0.0001448,-0.0001448,-0.0001448,-0.0001448,-0.0011648000000000001,-0.0011648000000000001,-0.0005748000000000001,-0.0005748000000000001,-0.0005748000000000001,-0.0005748000000000001,-0.0013248,-0.0013248,-0.0007348000000000001,-0.0007348000000000001,-0.0007348000000000001,-0.0007348000000000001,0.0001752,0.0,0.0001752,0.0,0.0001752,0.0
2021-12-14 00:00:00-05:00,0.0004452,0.0004452,-0.0008448,-0.0008448,-0.0008448,-0.0008448,0.0004452,0.0004452,-0.0008948000000000001,-0.0008948000000000001,-0.0008948000000000001,-0.0008948000000000001,0.0004452,0.0004452,-0.0008948000000000001,-0.0008948000000000001,-0.0008948000000000001,-0.0008948000000000001,-0.0009748000000000001,0.0001752,-0.0006748,-0.0004648,-0.0006748,-0.0004648,0.0001752,0.0001752,-0.0007648,-0.0007648,-0.0007648,-0.0007648,-0.0010948,0.0,-0.0008948000000000001,0.0,-0.0008948000000000001,0.0
2021-12-15 00:00:00-05:00,-0.0006648,-0.0005848,-0.0009448000000000001,-0.0010848000000000001,-0.0009448000000000001,-0.0010848000000000001,-0.0014248,-0.0005848,-0.0017347999999999999,-0.0016048,-0.0017347999999999999,-0.0016048,-0.0014248,-0.0005848,-0.0017347999999999999,-0.0017448,-0.0017347999999999999,-0.0017448,-0.0008948000000000001,-0.0002948,-0.0008248,-0.0007848,-0.0008248,-0.0007848,-0.0002948,-0.0002948,-0.0002948,-0.0002948,-0.0002948,-0.0002948,-0.0002948,-0.0002948,-0.0002948,-0.0002948,-0.0002948,-0.0002948
2021-12-16 00:00:00-05:00,0.0027952,0.0027952,-0.0018847999999999998,-0.0018847999999999998,-0.0018847999999999998,-0.0018847999999999998,-0.0047648000000000005,0.0023352,-0.0022648,0.0023352,-0.0022648,0.0023352,-0.0047648000000000005,0.0023352,-0.0022648,0.0023352,-0.0022648,0.0023352,-0.0040448,0.0033152,-0.0006148000000000001,-0.0005948,-0.0006148000000000001,-0.0005948,0.0033152,0.0033152,-0.0007048,-0.0007048,-0.0007048,-0.0007048,0.0031352,0.0031352,0.0031352,0.0031352,0.0034852,0.0034852
2021-12-17 00:00:00-05:00,-0.0012648,-0.0008648,-0.0018147999999999999,-0.0012448000000000001,-0.0018147999999999999,-0.0012448000000000001,-0.0008648,-0.0008648,-0.0028848000000000003,-0.0028848000000000003,-0.0028848000000000003,-0.0028848000000000003,-0.0008648,-0.0008648,-0.0028848000000000003,-0.0028848000000000003,-0.0028848000000000003,-0.0028848000000000003,-0.0013248,-0.0013248,-0.0013947999999999999,-0.0013947999999999999,-0.0013947999999999999,-0.0013947999999999999,-0.0004848,0.0,-0.0004848,0.0,-0.0004848,0.0,-0.0004848,0.0,-0.0004848,0.0,-0.0004848,0.0
2021-12-20 00:00:00-05:00,0.0079652,0.0,0.0079652,0.0,0.0049651999999999995,0.0,0.0065552,0.0,0.0065552,0.0,0.0077852,0.0,0.0036752,0.0,0.0036752,0.0,0.0036752,0.0,0.0033651999999999996,0.0,0.0033651999999999996,0.0,0.0046251999999999995,0.0,0.0033651999999999996,0.0,0.0033651999999999996,0.0,0.0046251999999999995,0.0,0.0016352,0.0,0.0016352,0.0,0.0016352,0.0
2021-12-21 00:00:00-05:00,0.0032852,0.0032852,0.0032852,0.0032852,0.0025052,0.0025052,0.0030551999999999997,0.0030551999999999997,0.0030551999999999997,0.0030551999999999997,0.0029652,0.0029652,0.0020552,0.0020552,0.0020552,0.0020552,0.0020552,0.0020552,0.0020552,0.0020552,0.0020552,0.0020552,0.0020552,0.0020552,0.0020552,0.0020552,0.0020552,0.0020552,0.0020552,0.0020552,0.0006751999999999999,0.0006751999999999999,0.0006751999999999999,0.0006751999999999999,0.0006751999999999999,0.0006751999999999999
2021-12-22 00:00:00-05:00,0.00041519999999999995,0.0,0.00041519999999999995,0.0,0.00041519999999999995,0.0,0.0001952,0.0,0.0001952,0.0,0.0001952,0.0,0.0001952,0.0,0.0001952,0.0,0.0001952,0.0,-0.0007348000000000001,-0.0007348000000000001,-0.0008548000000000001,-0.0008548000000000001,-0.0008548000000000001,-0.0008548000000000001,-0.0007348000000000001,-0.0007348000000000001,-0.0008548000000000001,-0.0008548000000000001,-0.0008548000000000001,-0.0008548000000000001,-0.0001848,0.0,-0.0011148,0.0,-0.0011148,0.0
2021-12-23 00:00:00-05:00,-7.74e-05,0.0,-7.74e-05,0.0,-7.74e-05,0.0,-0.00020740000000000003,0.0,-0.00020740000000000003,0.0,-0.00020740000000000003,0.0,-0.00020740000000000003,0.0,-0.00020740000000000003,0.0,-0.00020740000000000003,0.0,2.2599999999999997e-05,2.2599999999999997e-05,2.2599999999999997e-05,2.2599999999999997e-05,2.2599999999999997e-05,2.2599999999999997e-05,-1.2400000000000002e-05,-1.2400000000000002e-05,-1.2400000000000002e-05,-1.2400000000000002e-05,-1.2400000000000002e-05,-1.2400000000000002e-05,-1.2400000000000002e-05,-1.2400000000000002e-05,-1.2400000000000002e-05,-1.2400000000000002e-05,-1.2400000000000002e-05,-1.2400000000000002e-05
2021-12-27 00:00:00-05:00,-0.0006973999999999999,-0.0006973999999999999,-0.0006973999999999999,-0.0006973999999999999,-0.0006973999999999999,-0.0006973999999999999,-0.0009073999999999999,-0.0009073999999999999,-0.0009073999999999999,-0.0009073999999999999,-0.0009073999999999999,-0.0009073999999999999,-0.0009073999999999999,-0.0009073999999999999,-0.0009073999999999999,-0.0009073999999999999,-0.0009073999999999999,-0.0009073999999999999,-0.0005874,-0.0005874,-0.0003824,-0.0003824,-0.0003824,-0.0003824,-0.0005874,-0.0005874,-0.00045240000000000005,-0.00045240000000000005,-0.00045240000000000005,-0.00045240000000000005,-0.0005874,-0.0005874,-0.00045240000000000005,-0.00045240000000000005,-0.00045240000000000005,-0.00045240000000000005
2021-12-28 00:00:00-05:00,0.0001526,0.0,0.0001526,0.0,0.00048259999999999997,0.0,-0.00010740000000000001,0.0,-0.00010740000000000001,0.0,-0.00010740000000000001,0.0,-0.00010740000000000001,0.0,-0.00010740000000000001,0.0,-0.00010740000000000001,0.0,-0.0002324,-0.0001524,-0.0003124,-0.0001524,-0.0003124,-0.0001524,-0.0003124,-0.0001524,-0.0003924,-0.0001524,-0.0003924,-0.0001524,-0.0001524,-0.0001524,-0.0001524,-0.0001524,-0.0001524,-0.0001524
2021-12-29 00:00:00-05:00,0.0005126,0.0005126,-0.00040740000000000004,-0.00040740000000000004,-0.00040740000000000004,-0.00040740000000000004,0.0004925999999999999,0.0004925999999999999,-0.00042740000000000003,-0.00042740000000000003,-0.00042740000000000003,-0.00042740000000000003,0.0002576,0.0002576,-0.0006624,-0.0006624,-0.0006624,-0.0006624,-0.0004174,0.0,-0.0003174,0.0,0.0005526,0.0,-0.0007823999999999999,0.0,-0.0006824,0.0,-0.0006824,0.0,0.0,0.0,0.0,0.0,0.0,0.0
2021-12-30 00:00:00-05:00,-0.0007423999999999999,0.0,-0.0006274000000000001,0.0,-0.0006274000000000001,0.0,-0.0009674,0.0,-0.0008523999999999999,0.0,-0.0008523999999999999,0.0,-0.0009674,0.0,-0.0008523999999999999,0.0,-0.0008523999999999999,0.0,0.00045759999999999996,0.00045759999999999996,0.00045759999999999996,0.00045759999999999996,0.00045759999999999996,0.00045759999999999996,0.0003226,0.0003226,0.0003226,0.0003226,0.0003226,0.0003226,0.0001476,0.0001476,0.0001476,0.0001476,0.0001476,0.0001476
2021-12-31 00:00:00-05:00,-8.74e-05,0.0,-8.74e-05,0.0,0.0010826,0.0,-8.74e-05,0.0,-8.74e-05,0.0,0.0011326,0.0,-8.74e-05,0.0,-8.74e-05,0.0,0.0011326,0.0,0.00037759999999999996,0.00037759999999999996,0.00037759999999999996,0.00037759999999999996,0.00037759999999999996,0.00037759999999999996,0.0,0.0,0.0,0.0,0.0,0.0,0.0,0.0,0.0,0.0,0.0,0.0
2022-01-03 00:00:00-05:00,-0.0004324,-0.0004324,-0.0004324,-0.0004324,-0.0004324,-0.0004324,-0.0004324,-0.0004324,-0.0004324,-0.0004324,-0.0004324,-0.0004324,-0.0004324,-0.0004324,-0.0004324,-0.0004324,-0.0004324,-0.0004324,0.0001026,0.0,0.0001026,0.0,0.0001026,0.0,0.0001026,0.0,0.0001026,0.0,0.0001026,0.0,-7.24e-05,0.0,-7.24e-05,0.0,-7.24e-05,0.0
2022-01-04 00:00:00-05:00,-0.0010224,0.0005376,-0.00038740000000000004,0.0005376,-0.00038740000000000004,0.0005376,-0.0010224,0.0005376,-0.00038740000000000004,0.0005376,-0.00038740000000000004,0.0005376,0.0005376,0.0005376,0.0005376,0.0005376,0.0005376,0.0005376,0.0008476,0.0008476,0.0008476,0.0008476,0.0005126,0.0005126,0.0008476,0.0008476,0.0008476,0.0008476,0.0005126,0.0005126,0.0008476,0.0008476,0.0008476,0.0008476,0.0005126,0.0005126
2022-01-05 00:00:00-05:00,0.0011752,0.0,0.0011752,0.0,0.0017252,0.0,0.0006251999999999999,0.0,0.0006251999999999999,0.0,0.0006251999999999999,0.0,0.00032519999999999994,0.0,0.00032519999999999994,0.0,0.00032519999999999994,0.0,-0.0012148,-0.0012148,-0.0006448000000000001,-0.0006448000000000001,-0.0006448000000000001,-0.0006448000000000001,-3.4800000000000006e-05,0.0,-3.4800000000000006e-05,0.0,-3.4800000000000006e-05,0.0,-0.0008548000000000001,0.0,-0.0008548000000000001,0.0,-0.0008548000000000001,0.0
2022-01-06 00:00:00-05:00,-0.0006374,-0.0006374,-0.0011574,-0.0011574,-0.0011574,-0.0011574,-0.0008424,-0.0008424,-0.0013624000000000002,-0.0013624000000000002,-0.0013624000000000002,-0.0013624000000000002,-0.0010823999999999999,-0.0010823999999999999,-0.0016024000000000001,-0.0016024000000000001,-0.0016024000000000001,-0.0016024000000000001,-0.0014824,-0.0014824,-0.0013824,-0.0013824,-0.0013824,-0.0013824,-0.0014824,-0.0014824,-0.0013824,-0.0013824,-0.0013824,-0.0013824,-0.00032240000000000003,0.0,-0.00032240000000000003,0.0,-0.00032240000000000003,0.0
2022-01-07 00:00:00-05:00,-0.0025348,-0.0025348,-0.0006348,-0.0006348,0.0011052,0.0011052,-0.0026448,-0.0026448,-0.0007448,-0.0007448,0.0013252000000000001,0.0013252000000000001,-0.0029548,-0.0029548,-0.0010548,-0.0010548,-0.0010548,-0.0010548,0.0033052,0.0,0.0033052,0.0,0.0012251999999999999,0.0,0.0031452,0.0,0.0031452,0.0,0.0015452,0.0,0.0021552,0.0,0.0021552,0.0,0.0021552,0.0
2022-01-10 00:00:00-05:00,0.0015152000000000002,0.0015152000000000002,0.0015152000000000002,0.0015152000000000002,0.0015152000000000002,0.0015152000000000002,0.0015152000000000002,0.0015152000000000002,0.0015152000000000002,0.0015152000000000002,0.0015152000000000002,0.0015152000000000002,0.0015152000000000002,0.0015152000000000002,0.0015152000000000002,0.0015152000000000002,0.0015152000000000002,0.0015152000000000002,-0.0036148,0.0024252,-0.0010648,0.0024252,-0.0010648,0.0018452000000000002,0.0024252,0.0024252,0.0024252,0.0024252,0.0024252,0.0024252,0.0015152000000000002,0.0015152000000000002,0.0015152000000000002,0.0015152000000000002,0.0015152000000000002,0.0015152000000000002
2022-01-11 00:00:00-05:00,0.0002752,0.0002752,-0.0012148,-0.0012148,-0.0012148,-0.0012148,-0.0015547999999999998,0.0,-0.0015547999999999998,0.0,-0.0015547999999999998,0.0,-0.0015547999999999998,0.0,-0.0015547999999999998,0.0,-0.0015547999999999998,0.0,-0.0018947999999999999,-5.4800000000000004e-05,-0.0017847999999999998,-0.0015748,-0.0017847999999999998,-0.0015748,-0.0024947999999999997,-5.4800000000000004e-05,-0.0023848,-0.0023247999999999997,-0.0023848,-0.0023247999999999997,-5.4800000000000004e-05,-5.4800000000000004e-05,-0.0026248,-0.0026248,-0.0026248,-0.0026248
2022-01-12 00:00:00-05:00,-0.0021747999999999997,0.0007752,-0.0009148,0.0007752,-0.0009148,0.0007752,-0.0023148,0.0007752,-0.0010548,0.0007752,-0.0010548,0.0007752,-0.0025047999999999997,0.0007752,-0.0012448000000000001,0.0007752,-0.0012448000000000001,0.0007752,-0.0022548,0.0014652,-0.0006548000000000001,-0.0004948,-0.0006548000000000001,-0.0004948,-0.0025047999999999997,0.0014652,-0.0009048000000000001,0.0014652,-0.0009048000000000001,0.0014052000000000001,0.0014652,0.0014652,0.0014652,0.0014652,0.0023052000000000003,0.0023052000000000003
2022-01-13 00:00:00-05:00,0.0008451999999999999,0.0,0.0008451999999999999,0.0,0.0011852,0.0,0.0008451999999999999,0.0,0.0008451999999999999,0.0,0.0011852,0.0,0.0006152,0.0,0.0006152,0.0,0.0016452,0.0,0.0005551999999999999,0.0,0.0005551999999999999,0.0,0.0013252000000000001,0.0,0.00035519999999999996,0.0,0.00035519999999999996,0.0,0.0017252,0.0,0.0,0.0,0.0,0.0,0.0,0.0
2022-01-14 00:00:00-05:00,-0.0001348,0.0,-0.0007648,0.0,0.0013652,0.0,-0.0015148,0.0,-0.0021448,0.0,-0.0021448,0.0,-0.0015148,0.0,-0.0021448,0.0,-0.0021448,0.0,-0.0006548000000000001,-0.0005448,-0.0011048,-0.0009248,0.0020452,-0.0009248,-0.0015048,-0.0005448,-0.0019548,-0.0005448,-0.0019548,-0.0005448,-0.0031848000000000002,-0.0005448,-0.0036348,-0.0005448,-0.0036348,-0.0005448
2022-01-17 00:00:00-05:00,-0.00041480000000000005,0.0,-0.00041480000000000005,0.0,-0.00041480000000000005,0.0,-0.00041480000000000005,0.0,-0.00041480000000000005,0.0,-0.00041480000000000005,0.0,-0.00041480000000000005,0.0,-0.00041480000000000005,0.0,-0.00041480000000000005,0.0,-0.0017748,0.0,-0.0016948,0.0,-0.0016948,0.0,-0.0017748,0.0,-0.0016948,0.0,-0.0016948,0.0,0.0,0.0,0.0,0.0,0.0,0.0
2022-01-18 00:00:00-05:00,-0.0057248,0.0043852,-0.0012648,0.0043852,-0.0012648,0.0024052,-0.0057248,0.0034151999999999997,-0.0016447999999999999,0.0034151999999999997,-0.0016447999999999999,0.0043452,-0.0058448,0.0034151999999999997,-0.0017648,0.0034151999999999997,-0.0017648,0.0044452,0.0051351999999999995,0.0051351999999999995,0.0051351999999999995,0.0051351999999999995,0.0021052,0.0021052,0.0049352,0.0049352,0.0049352,0.0049352,0.0025052,0.0025052,0.0049352,0.0049352,0.0049352,0.0049352,0.0025052,0.0025052
2022-01-19 00:00:00-05:00,0.0055952,0.0055952,0.0055952,0.0055952,0.0017252,0.0017252,0.0050452,0.0050452,0.0050452,0.0050452,0.0028252,0.0028252,0.0038552,0.0038552,0.0038552,0.0038552,0.0052052,0.0052052,-0.0050148,0.0031552,-0.0016648,0.0031552,-0.0016648,0.0034051999999999997,0.0031552,0.0031552,0.0031552,0.0031552,0.0041052,0.0041052,0.0020852,0.0020852,0.0020852,0.0020852,0.0020852,0.0020852
2022-01-20 00:00:00-05:00,-0.0039848,-0.0039848,-0.0011348,-0.0011348,-0.0011348,-0.0011348,-0.0048248,-0.0048248,-0.0019748,-0.0019748,-0.0019748,-0.0019748,0.0027952,0.0,0.0027952,0.0,0.0027952,0.0,-0.0041748,-0.0041748,-0.0020147999999999998,-0.0020147999999999998,-0.0020147999999999998,-0.0020147999999999998,0.0019552000000000003,0.0,0.0019552000000000003,0.0,0.0019552000000000003,0.0,0.0019552000000000003,0.0,0.0019552000000000003,0.0,0.0019552000000000003,0.0
2022-01-21 00:00:00-05:00,-0.0027248000000000003,-0.0027248000000000003,-0.0023148,-0.0023148,-0.0023148,-0.0023148,-0.0039848,-0.0039848,-0.0035748000000000004,-0.0035748000000000004,-0.0035748000000000004,-0.0035748000000000004,-0.0039848,-0.0039848,-0.0035748000000000004,-0.0035748000000000004,-0.0035748000000000004,-0.0035748000000000004,0.0013952,-0.0057448,-0.0037448000000000004,-0.0040848,-0.0037448000000000004,-0.0040848,0.0010752,-0.0057448,-0.0040648,-0.004484800000000001,-0.0040648,-0.004484800000000001,0.0010752,-0.0057448,-0.0040648,-0.0045148,-0.0040648,-0.0045148
2022-01-24 00:00:00-05:00,-0.0004648,0.0,-0.0004648,0.0,-0.0004648,0.0,-0.0018147999999999999,0.0,-0.0018147999999999999,0.0,-0.0018147999999999999,0.0,-0.0023848,0.0,-0.0023848,0.0,-0.0023848,0.0,-0.0023848,0.0,-0.0019148,0.0,-0.0019148,0.0,0.0,0.0,0.0,0.0,0.0,0.0,0.0,0.0,0.0,0.0,0.0,0.0
2022-01-25 00:00:00-05:00,0.0078852,0.0078852,0.0078852,0.0078852,0.0027251999999999997,0.0027251999999999997,0.006435199999999999,0.006435199999999999,0.006435199999999999,0.006435199999999999,0.0057052,0.0057052,0.0043251999999999995,0.0043251999999999995,0.0043251999999999995,0.0043251999999999995,0.0043251999999999995,0.0043251999999999995,0.0008952,0.0008952,0.0008952,0.0008952,0.0008952,0.0008952,0.0008952,0.0008952,0.0008952,0.0008952,0.0008952,0.0008952,0.0008952,0.0008952,0.0008952,0.0008952,0.0008952,0.0008952
2022-01-26 00:00:00-05:00,0.0020652,0.0,0.0020652,0.0,0.0020652,0.0,-0.0002048,0.0,-0.0002048,0.0,-0.0002048,0.0,0.0,0.0,0.0,0.0,0.0,0.0,0.0011952,0.0,0.0011952,0.0,0.0011952,0.0,0.0011952,0.0,0.0011952,0.0,0.0011952,0.0,-0.0002548,0.0,-0.0002548,0.0,-0.0002548,0.0
2022-01-27 00:00:00-05:00,-0.0121048,0.0077652,-0.0039648,0.0077652,-0.0039648,0.0079252,-0.0121048,0.0077652,-0.0039648,0.0077652,-0.0039648,0.0082452,0.0077652,0.0077652,0.0077652,0.0077652,0.0089052,0.0089052,0.0023352,0.0023352,0.0023352,0.0023352,0.0023352,0.0023352,0.0006251999999999999,0.0006251999999999999,0.0006251999999999999,0.0006251999999999999,0.0006251999999999999,0.0006251999999999999,-0.0009048000000000001,-0.0009048000000000001,-0.0009048000000000001,-0.0009048000000000001,-0.0009048000000000001,-0.0009048000000000001
2022-01-28 00:00:00-05:00,-0.0008648,-0.0008648,-0.0008648,-0.0008648,-0.0008648,-0.0008648,-0.0020247999999999998,-0.0020247999999999998,-0.0020247999999999998,-0.0020247999999999998,-0.0020247999999999998,-0.0020247999999999998,-0.0028148,-0.0028148,-0.0028148,-0.0028148,-0.0028148,-0.0028148,-0.0014047999999999999,-0.0014047999999999999,-0.0018947999999999999,-0.0018947999999999999,-0.0018947999999999999,-0.0018947999999999999,-0.0014047999999999999,-0.0014047999999999999,-0.0018947999999999999,-0.0018947999999999999,-0.0018947999999999999,-0.0018947999999999999,-0.0011148,0.0,-0.0011148,0.0,-0.0011148,0.0
2022-01-31 00:00:00-05:00,-0.0036048,-0.0036048,-0.0035648000000000003,-0.0035648000000000003,-0.0035648000000000003,-0.0035648000000000003,-0.004314800000000001,-0.004314800000000001,-0.0042748000000000005,-0.0042748000000000005,-0.0042748000000000005,-0.0042748000000000005,-8.48e-05,0.0,-8.48e-05,0.0,-8.48e-05,0.0,0.0017952,0.0,0.0017952,0.0,0.0017952,0.0,0.0017952,0.0,0.0017952,0.0,0.0017952,0.0,0.0017952,0.0,0.0017952,0.0,0.0017952,0.0
2022-02-01 00:00:00-05:00,-0.0008774,-0.0008774,-0.0005274,-0.0005274,-0.0005274,-0.0005274,-0.0008774,-0.0008774,-0.0005274,-0.0005274,-0.0005274,-0.0005274,-0.0009624,-0.0009624,-0.0006124,-0.0006124,-0.0006124,-0.0006124,-0.0008774,-0.0008774,-0.0003624,-0.0003624,0.0006426,0.0006426,-0.0024248,-0.0024248,-0.0013947999999999999,-0.0013947999999999999,-0.0013947999999999999,-0.0013947999999999999,0.0004476,0.0,0.0004476,0.0,0.0004476,0.0
2022-02-02 00:00:00-05:00,0.0007576000000000001,0.0,0.0007576000000000001,0.0,0.0011626,0.0,0.0007576000000000001,0.0,0.0007576000000000001,0.0,0.0011626,0.0,0.0007576000000000001,0.0,0.0007576000000000001,0.0,0.0011626,0.0,0.0003326,0.0,0.0003326,0.0,0.0003326,0.0,0.0003326,0.0,0.0003326,0.0,0.0003326,0.0,0.0003326,0.0,0.0003326,0.0,0.0003326,0.0
2022-02-03 00:00:00-05:00,-0.0005374,-0.0005374,-0.0005374,-0.0005374,-0.0005374,-0.0005374,-0.0007474,-0.0007474,-0.0007474,-0.0007474,-0.0007474,-0.0007474,0.0,0.0,0.0,0.0,0.0,0.0,0.0010376,0.0,0.0010376,0.0,0.0010376,0.0,0.0010376,0.0,0.0010376,0.0,0.0010376,0.0,0.0010376,0.0,0.0010376,0.0,0.0010376,0.0
2022-02-04 00:00:00-05:00,-0.0007974,-0.00017740000000000003,-0.0009023999999999999,-0.0008874,-0.0009023999999999999,-0.0008874,-0.00017740000000000003,-0.00017740000000000003,-0.0011224,-0.0011224,-0.0011224,-0.0011224,-0.00017740000000000003,-0.00017740000000000003,-0.0011224,-0.0011224,-0.0011224,-0.0011224,-0.00017740000000000003,-0.00017740000000000003,-0.0007924,-0.0007924,-0.0007924,-0.0007924,-0.0005574,-0.0005574,-0.0011723999999999999,-0.0011723999999999999,-0.0011723999999999999,-0.0011723999999999999,-0.0006774,0.0,-0.0006774,0.0,-0.0006774,0.0
2022-02-07 00:00:00-05:00,0.0004476,-0.0019324000000000001,-0.0014374000000000001,-0.0014324000000000001,-0.0014374000000000001,-0.0014324000000000001,0.00031759999999999997,-0.0019324000000000001,-0.0015674,-0.0014924,-0.0015674,-0.0014924,-0.0019324000000000001,-0.0019324000000000001,-0.0017324,-0.0017324,-0.0017324,-0.0017324,0.0012376000000000002,-0.0023374,-0.0008273999999999999,-0.0009073999999999999,-0.0008273999999999999,-0.0009073999999999999,-0.0023374,-0.0023374,-0.0012074,-0.0012074,-0.0012074,-0.0012074,-0.0023374,-0.0023374,-0.0012074,-0.0012074,-0.0012074,-0.0012074
2022-02-08 00:00:00-05:00,-0.0011174,0.0004526,-0.0005524,0.0004526,-0.0005524,0.0004526,-0.0012473999999999999,0.0004526,-0.0006824,0.0004526,-0.0006824,0.0004526,-0.0012473999999999999,0.0004526,-0.0006824,0.0004526,-0.0006824,0.0004526,0.00031259999999999995,0.00031259999999999995,0.00031259999999999995,0.00031259999999999995,0.00031259999999999995,0.00031259999999999995,0.00017259999999999997,0.00017259999999999997,0.00017259999999999997,0.00017259999999999997,0.00017259999999999997,0.00017259999999999997,8.76e-05,8.76e-05,8.76e-05,8.76e-05,8.76e-05,8.76e-05
2022-02-09 00:00:00-05:00,0.0001526,0.0,0.0001526,0.0,0.0001526,0.0,-0.0002474,0.0,-0.0002474,0.0,-0.0002474,0.0,-0.0002474,0.0,-0.0002474,0.0,-0.0002474,0.0,0.00021759999999999998,0.0,0.00021759999999999998,0.0,0.0009326,0.0,0.00021759999999999998,0.0,0.00021759999999999998,0.0,0.0009326,0.0,-0.0002474,0.0,-0.0002474,0.0,-0.0002474,0.0
2022-02-10 00:00:00-05:00,9.76e-05,9.76e-05,9.76e-05,9.76e-05,0.0009526000000000001,0.0009526000000000001,9.76e-05,9.76e-05,9.76e-05,9.76e-05,0.0009526000000000001,0.0009526000000000001,-0.0001274,-0.0001274,-0.0001274,-0.0001274,-0.0001274,-0.0001274,-0.0005824000000000001,-0.0005824000000000001,-0.0002124,-0.0002124,0.0003426,0.0003426,-0.0007574,-0.0007574,-0.00038740000000000004,-0.00038740000000000004,-0.00038740000000000004,-0.00038740000000000004,-0.0009924,-0.0009924,-0.0006224000000000001,-0.0006224000000000001,-0.0006224000000000001,-0.0006224000000000001
2022-02-11 00:00:00-05:00,-0.0020624000000000003,0.0012676,-0.0007323999999999999,0.0012676,-0.0007323999999999999,0.0012226000000000001,0.0012676,0.0012676,0.0012676,0.0012676,0.0014826,0.0014826,0.0008126,0.0008126,0.0008126,0.0008126,0.0023926,0.0023926,-0.0011224,0.0001526,-0.0008324,0.0001526,-0.0008324,0.0012226000000000001,-0.0013874,0.0001526,-0.0010974,0.0001526,-0.0010974,0.0001526,0.0001526,0.0001526,0.0001526,0.0001526,0.0001526,0.0001526
2022-02-14 00:00:00-05:00,1.7599999999999998e-05,0.0,1.7599999999999998e-05,0.0,1.7599999999999998e-05,0.0,1.7599999999999998e-05,0.0,1.7599999999999998e-05,0.0,1.7599999999999998e-05,0.0,1.7599999999999998e-05,0.0,1.7599999999999998e-05,0.0,1.7599999999999998e-05,0.0,-0.0007673999999999999,-0.0007673999999999999,-0.0008923999999999999,-0.0008923999999999999,-0.0008923999999999999,-0.0008923999999999999,-0.0007673999999999999,-0.0007673999999999999,-0.0008923999999999999,-0.0008923999999999999,-0.0008923999999999999,-0.0008923999999999999,-0.00026240000000000004,0.0,-0.00026240000000000004,0.0,-0.00026240000000000004,0.0
2022-02-15 00:00:00-05:00,-0.0008273999999999999,-0.00042740000000000003,-0.0009624,-0.0010674,-0.0009624,-0.0010674,-0.0010773999999999998,-0.00042740000000000003,-0.0012124,-0.00042740000000000003,-0.0012124,-0.00042740000000000003,-0.0010773999999999998,-0.00042740000000000003,-0.0012124,-0.00042740000000000003,-0.0012124,-0.00042740000000000003,0.00016759999999999998,0.00016759999999999998,-0.00046740000000000003,-0.00046740000000000003,-0.00046740000000000003,-0.00046740000000000003,0.00016759999999999998,0.00016759999999999998,-0.0005724,-0.0005724,-0.0005724,-0.0005724,-0.0008024,-0.00042740000000000003,-0.0006923999999999999,-0.0011773999999999999,-0.0006923999999999999,-0.0011773999999999999
2022-02-16 00:00:00-05:00,-0.00022740000000000003,-0.00022740000000000003,-0.0004224,-0.0004224,-0.0004224,-0.0004224,-0.0004374,-0.0004374,-0.0006324,-0.0006324,-0.0006324,-0.0006324,-0.0006523999999999999,-0.0006523999999999999,-0.0008474,-0.0008474,-0.0008474,-0.0008474,0.00017259999999999997,0.0,-0.0005524,0.0,-0.0005524,0.0,0.00017259999999999997,0.0,-0.0005524,0.0,-0.0005524,0.0,0.00017259999999999997,0.0,-0.0005524,0.0,-0.0005524,0.0
2022-02-17 00:00:00-05:00,-0.0013924,0.0005276,-0.0006424,0.0005276,-0.0006424,0.0014325999999999998,-0.0014524000000000002,0.0005276,-0.0007023999999999999,0.0005276,-0.0007023999999999999,0.0016225999999999999,0.00033759999999999997,0.00033759999999999997,0.00033759999999999997,0.00033759999999999997,0.0021926,0.0021926,-0.0006923999999999999,0.0003526,-0.0002924,0.0003526,-0.0002924,0.00048259999999999997,-0.0009423999999999999,0.0003526,-0.0005424000000000001,0.0003526,-0.0005424000000000001,0.0007626000000000001,-0.0009423999999999999,0.0003526,-0.0005424000000000001,0.0003526,-0.0005424000000000001,0.0007626000000000001
2022-02-18 00:00:00-05:00,0.0015026,0.0,-0.0005824000000000001,0.0,-0.0005824000000000001,0.0,0.0011426000000000001,0.0,-0.0009423999999999999,0.0,-0.0009423999999999999,0.0,0.00033759999999999997,0.0,0.00033759999999999997,0.0,0.00033759999999999997,0.0,-0.0017524,-0.0017524,-0.0003774,-0.0003774,-0.0003774,-0.0003774,0.00033759999999999997,0.0,0.00033759999999999997,0.0,0.00033759999999999997,0.0,-0.0011074,0.0,-0.0011074,0.0,-0.0011074,0.0
2022-02-21 00:00:00-05:00,-0.0055924,-0.0055924,-0.0028224,-0.0028224,-0.0028224,-0.0028224,-0.0055924,-0.0055924,-0.0028224,-0.0028224,-0.0028224,-0.0028224,-0.0055924,-0.0055924,-0.0028224,-0.0028224,-0.0028224,-0.0028224,0.0012526,0.0,0.0012526,0.0,0.0012526,0.0,0.0003626,0.0,0.0003626,0.0,0.0003626,0.0,0.0,0.0,0.0,0.0,0.0,0.0
2022-02-22 00:00:00-05:00,-0.0022424000000000003,0.0,-0.0022424000000000003,0.0,-0.0022424000000000003,0.0,-0.0022424000000000003,0.0,-0.0022424000000000003,0.0,-0.0022424000000000003,0.0,-0.0022424000000000003,0.0,-0.0022424000000000003,0.0,-0.0022424000000000003,0.0,-0.0023224,0.0008426000000000001,-0.0013474000000000001,-0.0010674,-0.0013474000000000001,-0.0010674,-0.0023224,0.0005976,-0.0014674,-0.0013124,-0.0014674,-0.0013124,0.0005976,0.0005976,-0.0017624000000000001,-0.0017624000000000001,-0.0017624000000000001,-0.0017624000000000001
2022-02-23 00:00:00-05:00,-7.24e-05,0.0,-0.0010724,0.0,-0.0010724,0.0,-0.00030740000000000005,0.0,-0.0013074,0.0,-0.0013074,0.0,0.0,0.0,0.0,0.0,0.0,0.0,-0.00011740000000000001,-0.00011740000000000001,-0.00036740000000000004,-0.00036740000000000004,0.0006526,0.0006526,-0.0007773999999999999,-0.0007773999999999999,-0.0010274,-0.0010274,-0.0010274,-0.0010274,0.0,0.0,0.0,0.0,0.0,0.0
2022-02-24 00:00:00-05:00,0.0073726,0.0073726,-0.0011074,-0.0011074,-0.0011074,-0.0011074,0.0071925999999999995,0.0071925999999999995,0.0071925999999999995,0.0071925999999999995,0.0024925999999999998,0.0024925999999999998,0.0071925999999999995,0.0071925999999999995,0.0071925999999999995,0.0071925999999999995,0.0025626,0.0025626,0.0055926,0.0055926,-0.0010224,-0.0010224,-0.0010224,-0.0010224,-0.0069774,0.0047426,-0.0016474,0.0047426,-0.0016474,0.0036626,0.0047426,0.0047426,0.0047426,0.0047426,0.0054326,0.0054326
2022-02-25 00:00:00-05:00,0.00031259999999999995,0.00031259999999999995,-0.0009073999999999999,-0.0009073999999999999,-0.0009073999999999999,-0.0009073999999999999,-0.0002424,-0.0002424,-0.0014624,-0.0014624,-0.0014624,-0.0014624,-0.0015074,-0.0004174,-0.0018674000000000002,-0.0016374,-0.0018674000000000002,-0.0016374,-0.0004174,-0.0004174,-0.0013774000000000002,-0.0013774000000000002,-0.0013774000000000002,-0.0013774000000000002,-0.0004174,-0.0004174,-0.0015074,-0.0015074,-0.0015074,-0.0015074,-0.0007823999999999999,-0.0007823999999999999,-0.0018724000000000002,-0.0018724000000000002,-0.0018724000000000002,-0.0018724000000000002
2022-02-28 00:00:00-05:00,0.0,0.0,0.0,0.0,0.0,0.0,0.0,0.0,0.0,0.0,0.0,0.0,0.0,0.0,0.0,0.0,0.0,0.0,-0.0030774,-0.0030774,-0.0019874000000000003,-0.0019874000000000003,-0.0019874000000000003,-0.0019874000000000003,-0.0030774,-0.0030774,-0.0023924000000000003,-0.0023924000000000003,-0.0023924000000000003,-0.0023924000000000003,-0.0031574,-0.0031574,-0.0024724,-0.0024724,-0.0024724,-0.0024724
2022-03-01 00:00:00-05:00,0.0008276000000000001,-0.0016924000000000002,-0.0005674,-0.0007373999999999999,-0.0005674,-0.0007373999999999999,0.0005926,-0.0016924000000000002,-0.0008024,-0.0009373999999999999,-0.0008024,-0.0009373999999999999,-0.0016924000000000002,-0.0016924000000000002,-0.0016024000000000001,-0.0016024000000000001,-0.0016024000000000001,-0.0016024000000000001,0.0008476,-0.0019124,-0.0007423999999999999,-0.0008623999999999999,-0.0007423999999999999,-0.0008623999999999999,0.0008476,-0.0019124,-0.0007423999999999999,-0.0009323999999999999,-0.0007423999999999999,-0.0009323999999999999,-0.0019124,-0.0019124,-0.0011224,-0.0011224,-0.0011224,-0.0011224
2022-03-02 00:00:00-05:00,-0.0014574000000000002,0.0005126,-0.0006824,-0.0006573999999999999,-0.0006824,-0.0006573999999999999,-0.0014574000000000002,0.0005126,-0.0006824,-0.0007074,-0.0006824,-0.0007074,-0.0018874,0.0005126,-0.0011124,-0.0011623999999999998,-0.0011124,-0.0011623999999999998,0.0008476,0.0008476,-0.0010023999999999999,-0.0010023999999999999,-0.0010023999999999999,-0.0010023999999999999,0.0008476,0.0008476,-0.0010023999999999999,-0.0010023999999999999,-0.0010023999999999999,-0.0010023999999999999,0.0005126,0.0005126,-0.0013374,-0.0013374,-0.0013374,-0.0013374
2022-03-03 00:00:00-05:00,-0.00020740000000000003,0.0,-0.0007174,0.0,-0.0007174,0.0,-0.00020740000000000003,0.0,-0.0007174,0.0,-0.0007174,0.0,-0.00020740000000000003,0.0,-0.0007174,0.0,-0.0007174,0.0,-0.00048740000000000003,-0.00048740000000000003,-0.0007423999999999999,-0.0007423999999999999,-0.0007423999999999999,-0.0007423999999999999,-0.00048740000000000003,-0.00048740000000000003,-0.0007423999999999999,-0.0007423999999999999,-0.0007423999999999999,-0.0007423999999999999,-0.0003774,0.0,-0.0003774,0.0,-0.0003774,0.0
2022-03-04 00:00:00-05:00,-0.0021624,0.0012776,-0.0005024000000000001,0.0012776,-0.0005024000000000001,0.0015126,-0.0021624,0.0012776,-0.0005024000000000001,0.0012776,-0.0005024000000000001,0.0015526,0.0012776,0.0012776,0.0012776,0.0012776,0.0021126,0.0021126,0.0020276,0.0,0.0020276,0.0,0.0020276,0.0,0.0014076,0.0,0.0014076,0.0,0.0014076,0.0,0.0001176,0.0,0.0001176,0.0,0.0001176,0.0
2022-03-07 00:00:00-05:00,0.0006926,0.0006926,0.0006926,0.0006926,0.0006926,0.0006926,0.0002026,0.0002026,0.0002026,0.0002026,0.0002026,0.0002026,-0.00011240000000000001,-0.00011240000000000001,-0.00011240000000000001,-0.00011240000000000001,-0.00011240000000000001,-0.00011240000000000001,-0.00020740000000000003,-0.00020740000000000003,-0.0008123999999999999,-0.0008123999999999999,-0.0008123999999999999,-0.0008123999999999999,-0.00020740000000000003,-0.00020740000000000003,-0.0008123999999999999,-0.0008123999999999999,-0.0008123999999999999,-0.0008123999999999999,-0.0008774,0.0,-0.0008774,0.0,-0.0008774,0.0
2022-03-08 00:00:00-05:00,-0.0027224000000000003,0.0013575999999999998,-0.0008973999999999999,0.0013575999999999998,-0.0008973999999999999,0.0023426,-0.0027224000000000003,0.0013575999999999998,-0.0008973999999999999,0.0013575999999999998,-0.0008973999999999999,0.0023426,-0.0027224000000000003,0.0013575999999999998,-0.0008973999999999999,0.0013575999999999998,-0.0008973999999999999,0.0023426,0.0025376,0.0025376,0.0025376,0.0025376,0.0033125999999999997,0.0033125999999999997,0.0025376,0.0025376,0.0025376,0.0025376,0.0035926,0.0035926,0.0025376,0.0025376,0.0025376,0.0025376,0.0035926,0.0035926
2022-03-09 00:00:00-05:00,0.0069451999999999995,0.0,0.0069451999999999995,0.0,0.0044652,0.0,0.0069451999999999995,0.0,0.0069451999999999995,0.0,0.0044652,0.0,0.0064952,0.0,0.0064952,0.0,0.0053652,0.0,0.0019925999999999998,-0.0068848,-0.0011324,-0.0020948,-0.0011324,-0.0020948,0.0019925999999999998,-0.0068848,-0.0011623999999999998,-0.0020948,-0.0011623999999999998,-0.0020948,-0.0068848,-0.0068848,-0.0038448,-0.0038448,-0.0038448,-0.0038448
2022-03-10 00:00:00-05:00,0.0006576,0.0006576,0.0006576,0.0006576,0.0013226,0.0013226,-0.0001024,-0.0001024,-0.0001024,-0.0001024,-0.0001024,-0.0001024,-0.0001024,-0.0001024,-0.0001024,-0.0001024,-0.0001024,-0.0001024,-0.0001024,-0.0001024,-0.0009473999999999999,-0.0009473999999999999,-0.0009473999999999999,-0.0009473999999999999,-0.0001024,-0.0001024,-0.0009724,-0.0009724,-0.0009724,-0.0009724,-0.0009224,-0.00032240000000000003,-0.0011174,-0.00032240000000000003,-0.0011174,-0.00032240000000000003
2022-03-11 00:00:00-05:00,5.26e-05,-0.0016174000000000002,-0.0008623999999999999,-0.0014774,-0.0008623999999999999,-0.0014774,-0.0001424,-0.0016174000000000002,-0.0010574,-0.0015924000000000001,-0.0010574,-0.0015924000000000001,-0.0016174000000000002,-0.0016174000000000002,-0.0018524000000000001,-0.0018524000000000001,-0.0018524000000000001,-0.0018524000000000001,-0.0018874,-0.0018874,-0.0011274,-0.0011274,-0.0011274,-0.0011274,-0.0022874,-0.0022874,-0.0015274000000000002,-0.0015274000000000002,-0.0015274000000000002,-0.0015274000000000002,-0.0022874,-0.0022874,-0.0015274000000000002,-0.0015274000000000002,-0.0015274000000000002,-0.0015274000000000002
2022-03-14 00:00:00-04:00,-0.0011124,-0.0011124,-0.0011124,-0.0011124,-0.0011124,-0.0011124,-0.0011124,-0.0011124,-0.0011124,-0.0011124,-0.0011124,-0.0011124,-0.0011124,-0.0011124,-0.0011124,-0.0011124,-0.0011124,-0.0011124,-0.0006274000000000001,-0.0002974,-0.0008474,-0.0007373999999999999,-0.0008474,-0.0007373999999999999,-0.0002974,-0.0002974,-0.0002974,-0.0002974,-0.0002974,-0.0002974,-0.0008374,-0.0008374,-0.0008374,-0.0008374,-0.0008374,-0.0008374
2022-03-15 00:00:00-04:00,0.00017759999999999998,0.00017759999999999998,-0.0003724,-0.0003724,-0.0003724,-0.0003724,-0.0006024,-6.24e-05,-0.0006024,-0.0006124,-0.0006024,-0.0006124,-0.0010724,-6.24e-05,-0.0010724,-0.0010873999999999999,-0.0010724,-0.0010873999999999999,0.0003426,0.0003426,-0.0006473999999999999,-0.0006473999999999999,-0.0006473999999999999,-0.0006473999999999999,-6.24e-05,-6.24e-05,-0.0010524,-0.0010524,-0.0010524,-0.0010524,-6.24e-05,-6.24e-05,-0.0010524,-0.0010524,-0.0010524,-0.0010524
2022-03-16 00:00:00-04:00,0.0024226,0.0,0.0024226,0.0,0.0024226,0.0,0.0024226,0.0,0.0024226,0.0,0.0024226,0.0,0.0024226,0.0,0.0024226,0.0,0.0024226,0.0,-0.0031974,-0.0031974,-0.0005324,-0.0005324,-0.0005324,-0.0005324,0.0026126,0.0,0.0026126,0.0,0.0017326,0.0,0.0026126,0.0,0.0026126,0.0,0.0017326,0.0
2022-03-17 00:00:00-04:00,-0.0006324,-0.0006324,-0.0005924,-0.0005924,0.0011026,0.0011026,-0.0009624,-0.0009624,-0.0009224,-0.0009224,-0.0009224,-0.0009224,-0.0009624,-0.0009624,-0.0009224,-0.0009224,-0.0009224,-0.0009224,0.0002126,-0.0011574,-0.0005974,-0.0009073999999999999,-0.0005974,-0.0009073999999999999,0.0002126,-0.0011574,-0.0005974,-0.0009073999999999999,-0.0005974,-0.0009073999999999999,-0.0011574,-0.0011574,-0.0010524,-0.0010524,-0.0010524,-0.0010524
2022-03-18 00:00:00-04:00,0.00022759999999999998,0.00022759999999999998,0.00022759999999999998,0.00022759999999999998,0.0012526,0.0012526,-1.7400000000000003e-05,-1.7400000000000003e-05,-1.7400000000000003e-05,-1.7400000000000003e-05,-1.7400000000000003e-05,-1.7400000000000003e-05,-0.0002124,-0.0002124,-0.0002124,-0.0002124,-0.0002124,-0.0002124,-0.0002124,-0.0002124,-0.0007023999999999999,-0.0007023999999999999,-0.0007023999999999999,-0.0007023999999999999,-0.0002124,-0.0002124,-0.0007023999999999999,-0.0007023999999999999,-0.0007023999999999999,-0.0007023999999999999,-0.0010374,-0.0010374,-0.0015274000000000002,-0.0015274000000000002,-0.0015274000000000002,-0.0015274000000000002
2022-03-21 00:00:00-04:00,0.0008626,0.0008626,0.0008626,0.0008626,0.0008626,0.0008626,0.0008626,0.0008626,0.0008626,0.0008626,0.0008626,0.0008626,0.0008626,0.0008626,0.0008626,0.0008626,0.0008626,0.0008626,0.0006926,0.0006926,0.0006926,0.0006926,0.0009326,0.0009326,0.0004026,0.0004026,0.0004026,0.0004026,0.0004026,0.0004026,0.0004026,0.0004026,0.0004026,0.0004026,0.0004026,0.0004026
2022-03-22 00:00:00-04:00,0.0007376,0.0007376,0.0007376,0.0007376,0.0009326,0.0009326,0.0007376,0.0007376,0.0007376,0.0007376,0.0009326,0.0009326,0.0005775999999999999,0.0005775999999999999,0.0005775999999999999,0.0005775999999999999,0.0012526,0.0012526,-2.400000000000002e-06,-2.400000000000002e-06,-0.00028240000000000003,-0.00028240000000000003,0.00048259999999999997,0.00048259999999999997,-2.400000000000002e-06,-2.400000000000002e-06,-0.0003324,-0.0003324,0.0005826,0.0005826,-0.0004124,-0.0004124,-0.0007423999999999999,-0.0007423999999999999,-0.0007423999999999999,-0.0007423999999999999
2022-03-23 00:00:00-04:00,5.26e-05,0.0,-0.0005674,0.0,-0.0005674,0.0,-0.0002224,0.0,-0.0008424,0.0,-0.0008424,0.0,0.0,0.0,0.0,0.0,0.0,0.0,-0.0003824,-0.0003824,-0.0003824,-0.0003824,-0.0003824,-0.0003824,-0.0004374,-0.0004374,-0.0004374,-0.0004374,-0.0004374,-0.0004374,0.0,0.0,0.0,0.0,0.0,0.0
2022-03-24 00:00:00-04:00,0.0008526,-0.0012774,-0.00032240000000000003,-0.0003174,0.0005626,-0.0003174,0.0008526,-0.0012774,-0.00032240000000000003,-0.00034240000000000003,0.0005626,-0.00034240000000000003,0.0007476000000000001,-0.0012774,-0.00042740000000000003,-0.0004824,-0.00042740000000000003,-0.0004824,-0.0008424,-0.0008424,-0.0005774,-0.0005774,-0.0005774,-0.0005774,-0.0009524,-0.0009524,-0.0006873999999999999,-0.0006873999999999999,-0.0006873999999999999,-0.0006873999999999999,-0.0012774,-0.0012774,-0.0010123999999999999,-0.0010123999999999999,-0.0010123999999999999,-0.0010123999999999999
2022-03-25 00:00:00-04:00,-0.0009073999999999999,-0.0009073999999999999,-0.0005324,-0.0005324,-0.0005324,-0.0005324,-0.0009073999999999999,-0.0009073999999999999,-0.0005324,-0.0005324,-0.0005324,-0.0005324,-0.0010974,-0.0010974,-0.0007224,-0.0007224,-0.0007224,-0.0007224,-0.0014324000000000001,-0.0014324000000000001,-0.0006024,-0.0006024,-0.0006024,-0.0006024,0.00019759999999999998,0.0,0.00019759999999999998,0.0,0.00019759999999999998,0.0,0.00019759999999999998,0.0,0.00019759999999999998,0.0,0.00019759999999999998,0.0
2022-03-28 00:00:00-04:00,0.0007776,0.0007776,0.0007776,0.0007776,0.0007776,0.0007776,0.0007776,0.0007776,0.0007776,0.0007776,0.0007776,0.0007776,0.0007776,0.0007776,0.0007776,0.0007776,0.0007776,0.0007776,-0.0008923999999999999,0.0002326,-0.0003974,0.0002326,-0.0003974,0.0002326,-0.0009524,0.0002326,-0.0004574,0.0002326,-0.0004574,0.0002326,0.0002326,0.0002326,0.0002326,0.0002326,0.0002326,0.0002326
2022-03-29 00:00:00-04:00,0.0008476,-0.0013574000000000001,-0.0004624,-0.00042740000000000003,-0.0004624,-0.00042740000000000003,0.0008476,-0.0013574000000000001,-0.0004624,-0.00042740000000000003,-0.0004624,-0.00042740000000000003,0.0008476,-0.0013574000000000001,-0.0004624,-0.00042740000000000003,-0.0004624,-0.00042740000000000003,0.0009826000000000001,0.0,0.0009826000000000001,0.0,0.0008326000000000001,0.0,0.0009826000000000001,0.0,0.0009826000000000001,0.0,0.0009026,0.0,0.0009826000000000001,0.0,0.0009826000000000001,0.0,0.0009026,0.0
2022-03-30 00:00:00-04:00,-0.0002324,0.0,-0.0002324,0.0,-0.0002324,0.0,-0.0002324,0.0,-0.0002324,0.0,-0.0002324,0.0,-0.0002324,0.0,-0.0002324,0.0,-0.0002324,0.0,-0.00011240000000000001,0.0,-0.00011240000000000001,0.0,-0.00011240000000000001,0.0,-0.0002324,0.0,-0.0002324,0.0,-0.0002324,0.0,-0.0005924,0.0,-0.0005924,0.0,-0.0005924,0.0
2022-03-31 00:00:00-04:00,0.0005626,0.0,0.0005626,0.0,0.0004726,0.0,0.0005426,0.0,0.0005426,0.0,0.0005126,0.0,0.0002626,0.0,0.0002626,0.0,0.0002626,0.0,5.76e-05,0.0,5.76e-05,0.0,5.76e-05,0.0,-0.00017740000000000003,0.0,-0.00017740000000000003,0.0,-0.00017740000000000003,0.0,0.0,0.0,0.0,0.0,0.0,0.0
2022-04-01 00:00:00-04:00,-0.0007974,-0.0007974,-0.0004024,-0.0004024,-0.0004024,-0.0004024,-0.0010474,-0.0010474,-0.0006523999999999999,-0.0006523999999999999,-0.0006523999999999999,-0.0006523999999999999,-0.0010474,-0.0010474,-0.0006523999999999999,-0.0006523999999999999,-0.0006523999999999999,-0.0006523999999999999,-0.0008474,-0.0008474,-0.00044740000000000003,-0.00044740000000000003,-0.00044740000000000003,-0.00044740000000000003,-0.0012174,-0.0012174,-0.0008173999999999999,-0.0008173999999999999,-0.0008173999999999999,-0.0008173999999999999,0.00016259999999999997,0.0,0.00016259999999999997,0.0,0.00016259999999999997,0.0
2022-04-04 00:00:00-04:00,-0.0010123999999999999,-0.0010123999999999999,-0.0005424000000000001,-0.0005424000000000001,-0.0005424000000000001,-0.0005424000000000001,-0.0013474000000000001,-0.0013474000000000001,-0.0008774,-0.0008774,-0.0008774,-0.0008774,-0.0013474000000000001,-0.0013474000000000001,-0.0008774,-0.0008774,-0.0008774,-0.0008774,-0.0015724,-0.0015724,-0.0004124,-0.0004124,-0.0004124,-0.0004124,0.0010976,0.0,0.0010976,0.0,0.0010226,0.0,0.0010976,0.0,0.0010976,0.0,0.0010226,0.0
2022-04-05 00:00:00-04:00,-0.0002524,7.5999999999999975e-06,-0.00018740000000000003,-0.0002124,-0.00018740000000000003,-0.0002124,7.5999999999999975e-06,7.5999999999999975e-06,-0.0002324,-0.0002324,-0.0002324,-0.0002324,7.5999999999999975e-06,7.5999999999999975e-06,-0.0002324,-0.0002324,-0.0002324,-0.0002324,-0.00017240000000000002,0.0,-0.00028240000000000003,0.0,-0.00028240000000000003,0.0,-0.00017240000000000002,0.0,-0.00028240000000000003,0.0,-0.00028240000000000003,0.0,-0.00018740000000000003,0.0,-0.0002974,0.0,-0.0002974,0.0
2022-04-06 00:00:00-04:00,1.7599999999999998e-05,0.0,1.7599999999999998e-05,0.0,0.0010626000000000001,0.0,-0.00017740000000000003,0.0,-0.00017740000000000003,0.0,-0.00017740000000000003,0.0,-0.00017740000000000003,0.0,-0.00017740000000000003,0.0,-0.00017740000000000003,0.0,-0.0003974,0.0,-0.0003974,0.0,-0.0003974,0.0,-0.0003974,0.0,-0.0003974,0.0,-0.0003974,0.0,0.0,0.0,0.0,0.0,0.0,0.0
2022-04-07 00:00:00-04:00,-0.0010724,0.0,-0.0008474,0.0,-0.0008474,0.0,-0.0010724,0.0,-0.0008973999999999999,0.0,-0.0008973999999999999,0.0,-0.0010724,0.0,-0.0008973999999999999,0.0,-0.0008973999999999999,0.0,0.0010076,0.0010076,-0.0008173999999999999,-0.0008173999999999999,-0.0008173999999999999,-0.0008173999999999999,0.0010076,0.0010076,-0.0008173999999999999,-0.0008173999999999999,-0.0008173999999999999,-0.0008173999999999999,0.0010076,0.0010076,-0.0008173999999999999,-0.0008173999999999999,-0.0008173999999999999,-0.0008173999999999999
2022-04-08 00:00:00-04:00,0.0009676000000000001,0.0009676000000000001,-0.0003924,-0.0003924,-0.0003924,-0.0003924,0.0009676000000000001,0.0009676000000000001,-0.0003924,-0.0003924,-0.0003924,-0.0003924,0.0009676000000000001,0.0009676000000000001,-0.0003924,-0.0003924,-0.0003924,-0.0003924,-0.0010524,0.0,-0.0005224,0.0,-0.0005224,0.0,-0.0015524,0.0,-0.0010224,0.0,-0.0010224,0.0,-0.0016124000000000002,0.0,-0.0010823999999999999,0.0,-0.0010823999999999999,0.0
2022-04-11 00:00:00-04:00,0.0019475999999999999,0.0,0.0019475999999999999,0.0,0.0019525999999999999,0.0,0.0019475999999999999,0.0,0.0019475999999999999,0.0,0.0019525999999999999,0.0,0.0019475999999999999,0.0,0.0019475999999999999,0.0,0.0019525999999999999,0.0,0.00025259999999999996,0.0,0.00025259999999999996,0.0,0.00025259999999999996,0.0,0.00025259999999999996,0.0,0.00025259999999999996,0.0,0.00025259999999999996,0.0,0.00025259999999999996,0.0,0.00025259999999999996,0.0,0.00025259999999999996,0.0
2022-04-12 00:00:00-04:00,0.0003426,0.0,0.0003426,0.0,0.0006326,0.0,0.0003426,0.0,0.0003426,0.0,0.0006326,0.0,0.0003426,0.0,0.0003426,0.0,0.0007426,0.0,-0.0003124,0.0,-0.0003124,0.0,0.0012426,0.0,-0.0003124,0.0,-0.0003124,0.0,-0.0003124,0.0,-0.0010274,0.0,-0.0010274,0.0,-0.0010274,0.0
2022-04-13 00:00:00-04:00,-0.0021724,0.0016326,-0.00038740000000000004,0.0016326,-0.00038740000000000004,0.0007826,0.0016326,0.0016326,0.0016326,0.0016326,0.0012825999999999998,0.0012825999999999998,0.0016326,0.0016326,0.0016326,0.0016326,0.0012825999999999998,0.0012825999999999998,-0.0013274,0.0009176000000000001,-0.00028740000000000005,0.0009176000000000001,-0.00028740000000000005,0.0006026,0.0009176000000000001,0.0009176000000000001,0.0009176000000000001,0.0009176000000000001,0.0009126000000000001,0.0009126000000000001,0.0006125999999999999,0.0006125999999999999,0.0006125999999999999,0.0006125999999999999,0.0006125999999999999,0.0006125999999999999
2022-04-14 00:00:00-04:00,0.0007976000000000001,0.0007976000000000001,0.0007976000000000001,0.0007976000000000001,0.0004026,0.0004026,0.0006726000000000001,0.0006726000000000001,0.0006726000000000001,0.0006726000000000001,0.0006526,0.0006526,0.0003826,0.0003826,0.0003826,0.0003826,0.0003826,0.0003826,0.0001526,0.0001526,0.0001526,0.0001526,0.0001526,0.0001526,0.0001526,0.0001526,0.0001526,0.0001526,0.0001526,0.0001526,0.0001526,0.0001526,0.0001526,0.0001526,0.0001526,0.0001526
2022-04-18 00:00:00-04:00,-5.24e-05,0.0,-5.24e-05,0.0,-5.24e-05,0.0,-5.24e-05,0.0,-5.24e-05,0.0,-5.24e-05,0.0,-5.24e-05,0.0,-5.24e-05,0.0,-5.24e-05,0.0,0.0007526000000000001,0.0007526000000000001,0.0007526000000000001,0.0007526000000000001,0.0005526,0.0005526,0.0005026,0.0005026,0.0005026,0.0005026,0.0005026,0.0005026,0.0005026,0.0005026,0.0005026,0.0005026,0.0005026,0.0005026
2022-04-19 00:00:00-04:00,0.0002576,0.0002576,-0.0003924,-0.0003924,0.0007026000000000001,0.0007026000000000001,0.0001476,0.0001476,-0.0005024000000000001,-0.0005024000000000001,-0.0005024000000000001,-0.0005024000000000001,-4.74e-05,-4.74e-05,-0.0006973999999999999,-0.0006973999999999999,-0.0006973999999999999,-0.0006973999999999999,0.00019759999999999998,0.0,0.00019759999999999998,0.0,0.0005826,0.0,9.26e-05,0.0,9.26e-05,0.0,0.0007926000000000001,0.0,-0.0010374,0.0,-0.0010374,0.0,-0.0010374,0.0
2022-04-20 00:00:00-04:00,-0.00047480000000000005,-0.00047480000000000005,-0.0011148,-0.0011148,-0.0011148,-0.0011148,-0.0003574,-0.0003574,-0.0006774,-0.0006774,-0.0006774,-0.0006774,-0.0008248,-0.0004974000000000001,-0.0017448,-0.0008173999999999999,-0.0017448,-0.0008173999999999999,-4.4800000000000005e-05,-4.4800000000000005e-05,-0.0011648000000000001,-0.0011648000000000001,-0.0011648000000000001,-0.0011648000000000001,-4.4800000000000005e-05,-4.4800000000000005e-05,-0.0011648000000000001,-0.0011648000000000001,-0.0011648000000000001,-0.0011648000000000001,-0.0015647999999999999,-8.48e-05,-0.0015848,-8.48e-05,-0.0015848,-8.48e-05
2022-04-21 00:00:00-04:00,-1.4800000000000004e-05,-1.4800000000000004e-05,-0.0010548,-0.0010548,-0.0010548,-0.0010548,-1.4800000000000004e-05,-1.4800000000000004e-05,-0.0010548,-0.0010548,-0.0010548,-0.0010548,-0.0001848,-0.0001848,-0.0012248,-0.0012248,-0.0012248,-0.0012248,-0.00041480000000000005,-0.00041480000000000005,-0.0006648,-0.0006648,-0.0006648,-0.0006648,-0.0005748000000000001,-0.0005748000000000001,-0.0008248,-0.0008248,-0.0008248,-0.0008248,-0.0007448,-0.0007448,-0.0010448,-0.0010448,-0.0010448,-0.0010448
2022-04-22 00:00:00-04:00,0.0005752,0.0005752,-0.0011048,-0.0011048,-0.0011048,-0.0011048,0.0003052,0.0003052,-0.0013747999999999998,-0.0013747999999999998,-0.0013747999999999998,-0.0013747999999999998,-0.0018147999999999999,0.0,-0.0015148,0.0,0.0028651999999999996,0.0,-0.0029448,0.0009752,-0.0018047999999999999,0.0009752,-0.0018047999999999999,0.0009752,-0.0029448,0.0009752,-0.0018047999999999999,0.0009752,-0.0018047999999999999,0.0009752,0.0009752,0.0009752,0.0009752,0.0009752,0.0009752,0.0009752
2022-04-25 00:00:00-04:00,0.0023452,0.0,0.0023452,0.0,0.0023452,0.0,0.0023452,0.0,0.0023452,0.0,0.0023452,0.0,0.0023452,0.0,0.0023452,0.0,0.0023452,0.0,0.0014352000000000002,0.0,0.0014352000000000002,0.0,0.0014352000000000002,0.0,0.0014352000000000002,0.0,0.0014352000000000002,0.0,0.0014352000000000002,0.0,0.0014352000000000002,0.0,0.0014352000000000002,0.0,0.0014352000000000002,0.0
2022-04-26 00:00:00-04:00,-0.0004948,0.0,-0.0010748,0.0,0.0019852,0.0,-0.0004948,0.0,-0.0010748,0.0,0.0019852,0.0,-0.0004948,0.0,-0.0010748,0.0,0.0019852,0.0,-0.0003048,0.0,-0.0007648,0.0,0.0013652,0.0,-0.0003048,0.0,-0.0008748,0.0,0.0015852000000000002,0.0,-0.0007548,0.0,-0.0013248,0.0,-0.0013248,0.0
2022-04-27 00:00:00-04:00,0.0012276000000000001,0.0,0.0012276000000000001,0.0,0.0012276000000000001,0.0,0.0010926,0.0,0.0010926,0.0,0.0010926,0.0,0.0005876,0.0,0.0005876,0.0,0.0005876,0.0,-0.0043748,-0.0043748,-0.0010948,-0.0010948,-0.0010948,-0.0010948,-0.0043748,-0.0043748,-0.0011748,-0.0011748,-0.0011748,-0.0011748,0.0030951999999999998,0.0,0.0030951999999999998,0.0,0.0030951999999999998,0.0
2022-04-28 00:00:00-04:00,-0.0016924000000000002,-0.0016924000000000002,-0.0008923999999999999,-0.0008923999999999999,-0.0008923999999999999,-0.0008923999999999999,-0.0016924000000000002,-0.0016924000000000002,-0.0008923999999999999,-0.0008923999999999999,-0.0008923999999999999,-0.0008923999999999999,-0.0016924000000000002,-0.0016924000000000002,-0.0008923999999999999,-0.0008923999999999999,-0.0008923999999999999,-0.0008923999999999999,-0.0016924000000000002,-0.0016924000000000002,-0.0004174,-0.0004174,-0.0004174,-0.0004174,-0.0020124,-0.0020124,-0.0007373999999999999,-0.0007373999999999999,-0.0007373999999999999,-0.0007373999999999999,-0.0020124,-0.0020124,-0.0007373999999999999,-0.0007373999999999999,-0.0007373999999999999,-0.0007373999999999999
2022-04-29 00:00:00-04:00,0.0021826,0.0,0.0021826,0.0,0.0021826,0.0,0.0017476,0.0,0.0017476,0.0,0.0017476,0.0,0.0017476,0.0,0.0017476,0.0,0.0017476,0.0,0.0020476,0.0,0.0020476,0.0,0.0010226,0.0,0.0013976,0.0,0.0013976,0.0,0.0023225999999999998,0.0,0.0013976,0.0,0.0013976,0.0,0.0023225999999999998,0.0
2022-05-02 00:00:00-04:00,-0.0024424,-0.0024424,-0.0017424,-0.0017424,-0.0017424,-0.0017424,-0.0029274,-0.0029274,-0.0022274,-0.0022274,-0.0022274,-0.0022274,0.00046259999999999997,0.0,0.00046259999999999997,0.0,0.00046259999999999997,0.0,0.0009726,-0.0019824,-0.0009174,-0.0008774,-0.0009174,-0.0008774,0.0009726,0.0,-0.0010773999999999998,0.0,-0.0010773999999999998,0.0,0.0009726,0.0,-0.0011074,0.0,-0.0011074,0.0
2022-05-03 00:00:00-04:00,-0.0010624,-0.0010624,-0.0005024000000000001,-0.0005024000000000001,-0.0005024000000000001,-0.0005024000000000001,-0.0010624,-0.0010624,-0.0005024000000000001,-0.0005024000000000001,-0.0005024000000000001,-0.0005024000000000001,0.0002576,0.0,0.0002576,0.0,0.0017125999999999999,0.0,4.76e-05,0.0,4.76e-05,0.0,0.0014226,0.0,4.76e-05,0.0,4.76e-05,0.0,0.0014226,0.0,-0.0012974,0.0,-0.0012974,0.0,-0.0012974,0.0
2022-05-04 00:00:00-04:00,-4.74e-05,-0.0006624,-0.0005074,-0.0006424,-0.0005074,-0.0006424,-0.0001524,-0.0006624,-0.0006124,-0.0006624,-0.0006124,-0.0006624,-0.0001524,-0.0006624,-0.0006124,-0.0006624,-0.0006124,-0.0006624,-0.00011240000000000001,-0.00046740000000000003,-0.0003774,-0.00046740000000000003,-0.0003774,-0.00046740000000000003,-0.00011240000000000001,-0.00046740000000000003,-0.0004224,-0.00046740000000000003,-0.0004224,-0.00046740000000000003,-0.00011240000000000001,-0.00046740000000000003,-0.0004374,-0.00046740000000000003,-0.0004374,-0.00046740000000000003
2022-05-05 00:00:00-04:00,-0.0012824000000000002,0.0,-0.0007924,0.0,-0.0007924,0.0,0.0,0.0,0.0,0.0,0.0,0.0,0.0,0.0,0.0,0.0,0.0,0.0,-0.0010123999999999999,0.0,-0.0003624,0.0,-0.0003624,0.0,-0.0011824,0.0,-0.0005774,0.0,-0.0005774,0.0,-0.0012774,0.0,-0.0006724,0.0,-0.0006724,0.0
2022-05-06 00:00:00-04:00,0.0004925999999999999,0.0004925999999999999,0.0004925999999999999,0.0004925999999999999,0.0012925999999999999,0.0012925999999999999,6.76e-05,6.76e-05,6.76e-05,6.76e-05,6.76e-05,6.76e-05,6.76e-05,6.76e-05,6.76e-05,6.76e-05,6.76e-05,6.76e-05,-0.00018740000000000003,-0.00018740000000000003,-0.00018740000000000003,-0.00018740000000000003,-0.00018740000000000003,-0.00018740000000000003,-0.00018740000000000003,-0.00018740000000000003,-0.00018740000000000003,-0.00018740000000000003,-0.00018740000000000003,-0.00018740000000000003,-0.00042740000000000003,-0.00042740000000000003,-0.00042740000000000003,-0.00042740000000000003,-0.00042740000000000003,-0.00042740000000000003
2022-05-09 00:00:00-04:00,-0.0007874,-0.0006724,-0.0013924,-0.0006724,-0.0013924,-0.0006724,-0.0007874,-0.0006724,-0.0013924,-0.0006724,-0.0013924,-0.0006724,-0.0006724,-0.0006724,-0.0006724,-0.0006724,-0.0006724,-0.0006724,-0.0006724,-0.0006724,-0.0006523999999999999,-0.0006523999999999999,-0.0006523999999999999,-0.0006523999999999999,-0.0006973999999999999,-0.0006973999999999999,-0.0006774,-0.0006774,-0.0006774,-0.0006774,-0.0014424000000000001,-0.0014424000000000001,-0.0014224,-0.0014224,-0.0014224,-0.0014224
2022-05-10 00:00:00-04:00,0.0030376,-0.0046574,-0.0008273999999999999,-0.0015824,-0.0008273999999999999,-0.0015824,0.0030376,-0.0046574,-0.0008273999999999999,-0.0015824,-0.0008273999999999999,-0.0015824,-0.0046574,-0.0046574,-0.0017224,-0.0017224,-0.0017224,-0.0017224,-0.0056574,-0.0056574,-0.0025274,-0.0025274,-0.0025274,-0.0025274,0.0030076,0.0,0.0030076,0.0,0.0030076,0.0,0.0030076,0.0,0.0030076,0.0,0.0030076,0.0
2022-05-11 00:00:00-04:00,0.0017426,0.0,-0.0003824,0.0,-0.0003824,0.0,0.0015826,0.0,-0.0005424000000000001,0.0,-0.0005424000000000001,0.0,0.0013076,0.0,-0.0008173999999999999,0.0,-0.0008173999999999999,0.0,0.0007326,0.0,0.0007326,0.0,0.0007326,0.0,0.0002626,0.0,0.0002626,0.0,0.0002626,0.0,0.0002626,0.0,0.0002626,0.0,0.0002626,0.0
2022-05-12 00:00:00-04:00,0.0009076,0.0009076,-0.0010274,-0.0010274,-0.0010274,-0.0010274,-0.0019574,0.0006426,-0.0011574,-0.0012924000000000002,-0.0011574,-0.0012924000000000002,-0.0019574,0.0006426,-0.0011574,-0.0012924000000000002,-0.0011574,-0.0012924000000000002,0.0006426,0.0006426,-0.0013074,-0.0013074,-0.0013074,-0.0013074,-0.0024124,0.0,-0.0021724,0.0,-0.0021724,0.0,-0.0028624,0.0,-0.0026224,0.0,-0.0026224,0.0
2022-05-13 00:00:00-04:00,0.0033626,0.0,0.0033626,0.0,0.0021926,0.0,0.0031525999999999998,0.0,0.0031525999999999998,0.0,0.0026126,0.0,0.0031525999999999998,0.0,0.0031525999999999998,0.0,0.0026126,0.0,0.0013575999999999998,0.0,0.0013575999999999998,0.0,0.0015225999999999998,0.0,0.0010776,0.0,0.0010776,0.0,0.0010776,0.0,0.0006026,0.0,0.0006026,0.0,0.0006026,0.0
2022-05-16 00:00:00-04:00,-0.0042524,0.0021326,-0.0020624000000000003,0.0021326,-0.0020624000000000003,0.0021326,-0.0042524,0.0021326,-0.0020624000000000003,0.0021326,-0.0020624000000000003,0.0021326,-0.0042524,0.0021326,-0.0020624000000000003,0.0021326,-0.0020624000000000003,0.0021326,0.0029276,0.0029276,0.0029276,0.0029276,0.0015926,0.0015926,0.0029276,0.0029276,0.0029276,0.0029276,0.0015926,0.0015926,0.0029276,0.0029276,0.0029276,0.0029276,0.0016025999999999998,0.0016025999999999998
2022-05-17 00:00:00-04:00,0.0018076,0.0,0.0018076,0.0,0.0012526,0.0,0.0017276,0.0,0.0017276,0.0,0.0014126,0.0,0.0016626,0.0,0.0016626,0.0,0.0015425999999999999,0.0,0.0015375999999999999,0.0,0.0015375999999999999,0.0,0.0008926,0.0,0.0005276,0.0,0.0005276,0.0,0.0005276,0.0,0.0005276,0.0,0.0005276,0.0,0.0005276,0.0
2022-05-18 00:00:00-04:00,0.0011976,0.0011976,0.0011976,0.0011976,0.0008526,0.0008526,0.0011976,0.0011976,0.0011976,0.0011976,0.0008726000000000001,0.0008726000000000001,0.0010776,0.0010776,0.0010776,0.0010776,0.0011126,0.0011126,0.0007826,0.0007826,0.0007826,0.0007826,0.0008826000000000001,0.0008826000000000001,0.0007826,0.0007826,0.0007826,0.0007826,0.0009226000000000001,0.0009226000000000001,0.0005876,0.0005876,0.0005876,0.0005876,0.0005876,0.0005876
2022-05-19 00:00:00-04:00,-0.00036740000000000004,-0.0002774,-0.0005424000000000001,-0.0005874,-0.0005424000000000001,0.0010926,-0.00038740000000000004,-0.00038740000000000004,-0.0008923999999999999,-0.0008923999999999999,-0.0008923999999999999,-0.0008923999999999999,-0.00038740000000000004,-0.00038740000000000004,-0.0008923999999999999,-0.0008923999999999999,-0.0008923999999999999,-0.0008923999999999999,0.0001426,0.0,0.0001426,0.0,0.0001426,0.0,0.0001426,0.0,0.0001426,0.0,0.0001426,0.0,0.0001426,0.0,0.0001426,0.0,0.0001426,0.0
2022-05-20 00:00:00-04:00,0.0009126000000000001,0.0,0.0009126000000000001,0.0,0.0009126000000000001,0.0,0.0009126000000000001,0.0,0.0009126000000000001,0.0,0.0009126000000000001,0.0,0.0009126000000000001,0.0,0.0009126000000000001,0.0,0.0009126000000000001,0.0,0.0002476,0.0,0.0002476,0.0,0.0002476,0.0,8.76e-05,0.0,8.76e-05,0.0,8.76e-05,0.0,-4.74e-05,0.0,-4.74e-05,0.0,-4.74e-05,0.0
2022-05-23 00:00:00-04:00,0.0019676,0.0,0.0019676,0.0,0.0019676,0.0,0.0019676,0.0,0.0019676,0.0,0.0019676,0.0,0.0017825999999999999,0.0,0.0017825999999999999,0.0,0.0017825999999999999,0.0,0.0007476000000000001,-0.0015274000000000002,-0.0007224,-0.00046740000000000003,-0.0007224,-0.00046740000000000003,0.0005325999999999999,-0.0015274000000000002,-0.0009373999999999999,-0.0009524,-0.0009373999999999999,-0.0009524,0.0005325999999999999,-0.0015274000000000002,-0.0009373999999999999,-0.0009524,-0.0009373999999999999,-0.0009524
2022-05-24 00:00:00-04:00,0.0,0.0,0.0,0.0,0.0,0.0,0.0,0.0,0.0,0.0,0.0,0.0,0.0,0.0,0.0,0.0,0.0,0.0,0.0016426,0.0016426,-0.0005124,-0.0005124,-0.0005124,-0.0005124,0.0016426,0.0016426,0.0016426,0.0016426,0.0013026,0.0013026,0.0016426,0.0016426,0.0016426,0.0016426,0.0013026,0.0013026
2022-05-25 00:00:00-04:00,0.0006726000000000001,-0.0016424,-0.0007474,-0.0008424,-0.0007474,-0.0008424,0.0005775999999999999,-0.0016424,-0.0008424,-0.0010274,-0.0008424,-0.0010274,0.0004476,-0.0016424,-0.0009724,-0.0011574,-0.0009724,-0.0011574,-0.0016424,-0.0016424,-0.0011024,-0.0011024,-0.0011024,-0.0011024,0.00043759999999999996,0.0,0.00043759999999999996,0.0,0.00043759999999999996,0.0,0.00043759999999999996,0.0,0.00043759999999999996,0.0,0.00043759999999999996,0.0
2022-05-26 00:00:00-04:00,-0.0008123999999999999,-9.24e-05,-0.0008173999999999999,-9.24e-05,-0.0008173999999999999,-9.24e-05,-0.0008123999999999999,-9.24e-05,-0.0008173999999999999,-9.24e-05,-0.0008173999999999999,-9.24e-05,-0.0008123999999999999,-9.24e-05,-0.0008173999999999999,-9.24e-05,-0.0008173999999999999,-9.24e-05,-0.0020924,-9.24e-05,-0.0019824,-9.24e-05,-0.0019824,-9.24e-05,-0.0020924,-9.24e-05,-0.0019824,-9.24e-05,-0.0019824,-9.24e-05,-0.0022274,-9.24e-05,-0.0021174,-9.24e-05,-0.0021174,-9.24e-05
2022-05-27 00:00:00-04:00,-0.00034740000000000004,-0.0005624,-0.0007974,-0.0007074,-0.0007974,-0.0007074,-0.0005624,-0.0005624,-0.0005624,-0.0005624,-0.0005624,-0.0005624,-0.0005624,-0.0005624,-0.0005624,-0.0005624,-0.0005624,-0.0005624,-0.0001524,-0.0001524,-0.0001524,-0.0001524,-0.0001524,-0.0001524,-0.0001524,-0.0001524,-0.0001524,-0.0001524,-0.0001524,-0.0001524,0.0,0.0,0.0,0.0,0.0,0.0
2022-05-30 00:00:00-04:00,0.0022076,0.0,0.0022076,0.0,0.0024126,0.0,0.0022076,0.0,0.0022076,0.0,0.0024126,0.0,0.0022076,0.0,0.0022076,0.0,0.0024126,0.0,0.0019825999999999997,0.0,0.0019825999999999997,0.0,0.0009826000000000001,0.0,0.0018525999999999998,0.0,0.0018525999999999998,0.0,0.0012426,0.0,0.0016376,0.0,0.0016376,0.0,0.0016726,0.0
2022-05-31 00:00:00-04:00,0.0011476000000000001,0.0011476000000000001,-0.0014374000000000001,-0.0014374000000000001,-0.0014374000000000001,-0.0014374000000000001,0.0007676,0.0007676,0.0007676,0.0007676,0.0007676,0.0007676,0.0007676,0.0007676,0.0007676,0.0007676,0.0007676,0.0007676,0.0020326,0.0020326,0.0020326,0.0020326,0.0009626000000000001,0.0009626000000000001,0.0007676,0.0007676,0.0007676,0.0007676,0.0007676,0.0007676,0.0,0.0,0.0,0.0,0.0,0.0
2022-06-01 00:00:00-04:00,-0.0003624,0.0,-0.0007174,0.0,-0.0007174,0.0,-0.0003624,0.0,-0.0007174,0.0,-0.0007174,0.0,-0.0006774,0.0,-0.0010324,0.0,-0.0010324,0.0,0.0006876,0.0006876,-0.00038740000000000004,-0.00038740000000000004,-0.00038740000000000004,-0.00038740000000000004,0.0006876,0.0006876,-0.00038740000000000004,-0.00038740000000000004,-0.00038740000000000004,-0.00038740000000000004,-0.0011424,0.00033759999999999997,-0.0005474,0.00033759999999999997,-0.0005474,0.00033759999999999997
2022-06-02 00:00:00-04:00,-0.0014924,-0.0014924,-0.0009423999999999999,-0.0009423999999999999,-0.0009423999999999999,-0.0009423999999999999,-0.0014924,-0.0014924,-0.0009423999999999999,-0.0009423999999999999,-0.0009423999999999999,-0.0009423999999999999,-0.0014924,-0.0014924,-0.0009423999999999999,-0.0009423999999999999,-0.0009423999999999999,-0.0009423999999999999,0.0006226,0.0,0.0006226,0.0,0.0006226,0.0,1.2599999999999998e-05,0.0,1.2599999999999998e-05,0.0,1.2599999999999998e-05,0.0,0.0,0.0,0.0,0.0,0.0,0.0
2022-06-03 00:00:00-04:00,7.26e-05,7.26e-05,7.26e-05,7.26e-05,7.26e-05,7.26e-05,7.26e-05,7.26e-05,7.26e-05,7.26e-05,7.26e-05,7.26e-05,7.26e-05,7.26e-05,7.26e-05,7.26e-05,7.26e-05,7.26e-05,0.0003626,0.0003626,0.0003626,0.0003626,0.0003626,0.0003626,7.26e-05,7.26e-05,7.26e-05,7.26e-05,7.26e-05,7.26e-05,0.0,0.0,0.0,0.0,0.0,0.0
2022-06-06 00:00:00-04:00,-0.0023424,-0.0023424,-0.0010524,-0.0010524,-0.0010524,-0.0010524,0.0012176,0.0,0.0012176,0.0,0.0012176,0.0,0.0012176,0.0,0.0012176,0.0,0.0012176,0.0,0.0015776,0.0,0.0015776,0.0,0.0015776,0.0,0.0015275999999999998,0.0,0.0015275999999999998,0.0,0.0015275999999999998,0.0,0.0013226,0.0,0.0013226,0.0,0.0013226,0.0
2022-06-07 00:00:00-04:00,0.0018775999999999999,0.0018775999999999999,0.0018775999999999999,0.0018775999999999999,0.0008826000000000001,0.0008826000000000001,0.0017725999999999998,0.0017725999999999998,0.0017725999999999998,0.0017725999999999998,0.0010926,0.0010926,0.0015325999999999998,0.0015325999999999998,0.0015325999999999998,0.0015325999999999998,0.0015726,0.0015726,0.0011226,0.0011226,0.0011226,0.0011226,0.0011226,0.0011226,0.0009476,0.0009476,0.0009476,0.0009476,0.0009476,0.0009476,7.76e-05,7.76e-05,7.76e-05,7.76e-05,7.76e-05,7.76e-05
2022-06-08 00:00:00-04:00,6.76e-05,6.76e-05,-0.0005274,-0.0005274,-0.0005274,-0.0005274,6.76e-05,6.76e-05,-0.0005274,-0.0005274,-0.0005274,-0.0005274,6.76e-05,6.76e-05,-0.0005274,-0.0005274,-0.0005274,-0.0005274,-0.0003974,-0.0004624,-0.0006024,-0.0006624,-0.0006024,-0.0006624,-0.0003974,-0.0004624,-0.0006024,-0.0004624,-0.0006024,-0.0004624,-0.0005724,-0.0004624,-0.0007773999999999999,-0.0004624,-0.0007773999999999999,-0.0004624
2022-06-09 00:00:00-04:00,-0.00047240000000000004,0.0001326,-0.0003174,0.0001326,-0.0003174,0.00046259999999999997,-0.00047240000000000004,0.0001326,-0.0003174,0.0001326,-0.0003174,0.00046259999999999997,-0.0006274000000000001,0.0001326,-0.00047240000000000004,0.0001326,-0.00047240000000000004,0.0001326,0.0001326,0.0001326,0.0001326,0.0001326,0.0001326,0.0001326,-0.00020240000000000001,-0.00020240000000000001,-0.00020240000000000001,-0.00020240000000000001,-0.00020240000000000001,-0.00020240000000000001,-0.0006724,-0.0006724,-0.0006724,-0.0006724,-0.0006724,-0.0006724
2022-06-10 00:00:00-04:00,-0.0009774,-0.0009774,-0.0006523999999999999,-0.0006523999999999999,-0.0006523999999999999,-0.0006523999999999999,-0.0011324,-0.0011324,-0.0008074,-0.0008074,-0.0008074,-0.0008074,-0.0011324,-0.0011324,-0.0008074,-0.0008074,-0.0008074,-0.0008074,0.00042259999999999997,0.0,0.00042259999999999997,0.0,0.00042259999999999997,0.0,0.00042259999999999997,0.0,0.00042259999999999997,0.0,0.00042259999999999997,0.0,0.00042259999999999997,0.0,0.00042259999999999997,0.0,0.00042259999999999997,0.0
2022-06-13 00:00:00-04:00,0.0019375999999999998,0.0019375999999999998,0.0019375999999999998,0.0019375999999999998,0.0019375999999999998,0.0019375999999999998,0.0016726,0.0016726,0.0016726,0.0016726,0.0016726,0.0016726,0.0015776,0.0015776,0.0015776,0.0015776,0.0015776,0.0015776,0.0014276,0.0014276,0.0014276,0.0014276,0.0010926,0.0010926,0.0010876,0.0010876,0.0010876,0.0010876,0.0010876,0.0010876,0.00044259999999999997,0.00044259999999999997,0.00044259999999999997,0.00044259999999999997,0.00044259999999999997,0.00044259999999999997
2022-06-14 00:00:00-04:00,0.0024476,-0.0032074,-0.0007023999999999999,-0.0006674,-0.0007023999999999999,-0.0006674,-0.0032074,-0.0032074,-0.0008874,-0.0008874,-0.0008874,-0.0008874,-0.0032074,-0.0032074,-0.0008874,-0.0008874,-0.0008874,-0.0008874,0.0021176,0.0,0.0021176,0.0,0.0022226,0.0,0.0021176,0.0,0.0021176,0.0,0.0022226,0.0,0.0018076,0.0,0.0018076,0.0,0.0018076,0.0
2022-06-15 00:00:00-04:00,0.0003726,0.0,0.0003726,0.0,0.0003726,0.0,0.0003726,0.0,0.0003726,0.0,0.0003726,0.0,-7.400000000000002e-06,0.0,-7.400000000000002e-06,0.0,-7.400000000000002e-06,0.0,4.26e-05,4.26e-05,-0.0004324,-0.0004324,-0.0004324,-0.0004324,-0.0002324,-0.0002324,-0.0007074,-0.0007074,-0.0007074,-0.0007074,-0.0005774,-0.0004574,-0.0008923999999999999,-0.0009323999999999999,-0.0008923999999999999,-0.0009323999999999999
2022-06-16 00:00:00-04:00,-0.0045324,0.0030626,-0.0013474000000000001,0.0030626,-0.0013474000000000001,0.0018826,-0.0046124,0.0030626,-0.0014274000000000001,0.0030626,-0.0014274000000000001,0.0028926,-0.0046124,0.0030626,-0.0014274000000000001,0.0030626,-0.0014274000000000001,0.0028926,-0.0049474,0.0044626,-0.0003724,0.0044626,0.0006626000000000001,0.0008026000000000001,-0.0051124000000000005,0.0044626,-0.0005374,0.0044626,-0.0005374,0.0011526000000000002,-0.0053074,0.0044626,-0.0007323999999999999,0.0044626,-0.0007323999999999999,0.0012825999999999998
2022-06-17 00:00:00-04:00,-0.0008774,-0.0008774,-0.0010674,-0.0010674,-0.0010674,-0.0010674,-0.0008774,-0.0008774,-0.0010674,-0.0010674,-0.0010674,-0.0010674,-0.0008774,-0.0008774,-0.0010674,-0.0010674,-0.0010674,-0.0010674,-0.00018240000000000002,0.0,-0.00018240000000000002,0.0,-0.00018240000000000002,0.0,-0.00044740000000000003,0.0,-0.00044740000000000003,0.0,-0.00044740000000000003,0.0,-0.00044740000000000003,0.0,-0.00044740000000000003,0.0,-0.00044740000000000003,0.0
2022-06-20 00:00:00-04:00,-0.00011740000000000001,-0.0018874,-0.0013024,-0.0019224,-0.0013024,-0.0019224,-0.0007924,-0.0018874,-0.0019774000000000003,-0.0018874,-0.0019774000000000003,-0.0018874,-0.0010724,-0.0018874,-0.0022574,-0.0018874,-0.0022574,-0.0018874,-0.0006224000000000001,-0.0006224000000000001,-0.0006224000000000001,-0.0006224000000000001,-0.0006224000000000001,-0.0006224000000000001,-0.0006224000000000001,-0.0006224000000000001,-0.0006224000000000001,-0.0006224000000000001,-0.0006224000000000001,-0.0006224000000000001,-0.0008223999999999999,-0.0008223999999999999,-0.0008223999999999999,-0.0008223999999999999,-0.0008223999999999999,-0.0008223999999999999
2022-06-21 00:00:00-04:00,0.0003276,0.0,0.0003276,0.0,0.0012825999999999998,0.0,0.0003276,0.0,0.0003276,0.0,0.0012825999999999998,0.0,0.0003276,0.0,0.0003276,0.0,0.0012825999999999998,0.0,0.00037759999999999996,0.0,0.00037759999999999996,0.0,0.0009326,0.0,0.00037759999999999996,0.0,0.00037759999999999996,0.0,0.0009326,0.0,-0.0001424,0.0,-0.0001424,0.0,-0.0001424,0.0
2022-06-22 00:00:00-04:00,0.0024725999999999997,0.0024725999999999997,0.0024725999999999997,0.0024725999999999997,0.0008926,0.0008926,0.0024725999999999997,0.0024725999999999997,0.0024725999999999997,0.0024725999999999997,0.0008926,0.0008926,0.0023225999999999998,0.0023225999999999998,0.0023225999999999998,0.0023225999999999998,0.0011926,0.0011926,0.0020675999999999997,0.0020675999999999997,0.0020675999999999997,0.0020675999999999997,0.0016326,0.0016326,0.0019725999999999997,0.0019725999999999997,0.0019725999999999997,0.0019725999999999997,0.0018226,0.0018226,0.0016075999999999998,0.0016075999999999998,0.0016075999999999998,0.0016075999999999998,0.0016075999999999998,0.0016075999999999998
2022-06-23 00:00:00-04:00,-0.0010524,-0.0010524,-0.0010023999999999999,-0.0010023999999999999,-0.0010023999999999999,-0.0010023999999999999,-0.0010524,-0.0010524,-0.0010023999999999999,-0.0010023999999999999,-0.0010023999999999999,-0.0010023999999999999,-0.0010524,-0.0010524,-0.0010023999999999999,-0.0010023999999999999,-0.0010023999999999999,-0.0010023999999999999,0.0008276000000000001,0.0,0.0008276000000000001,0.0,0.0014126,0.0,0.0005576,0.0,0.0005576,0.0,0.0005576,0.0,0.0,0.0,0.0,0.0,0.0,0.0
2022-06-24 00:00:00-04:00,0.0022976,0.0,-0.0005074,0.0,-0.0005074,0.0,0.0022976,0.0,-0.0005074,0.0,-0.0005074,0.0,0.0022126,0.0,-0.0005924,0.0,-0.0005924,0.0,0.0021226,0.0,0.0021226,0.0,0.0013725999999999999,0.0,0.0019026,0.0,0.0019026,0.0,0.0018126,0.0,0.0017226,0.0,0.0017226,0.0,0.0021726,0.0
2022-06-27 00:00:00-04:00,-0.0005924,-0.0005924,-0.0010974,-0.0010974,-0.0010974,-0.0010974,-0.0009073999999999999,-0.0009073999999999999,-0.0014124,-0.0014124,-0.0014124,-0.0014124,-0.0012924000000000002,-0.0012924000000000002,-0.0017974,-0.0017974,-0.0017974,-0.0017974,0.00044259999999999997,0.0,0.00044259999999999997,0.0,0.0017626,0.0,0.00044259999999999997,0.0,0.00044259999999999997,0.0,0.0017626,0.0,0.00044259999999999997,0.0,0.00044259999999999997,0.0,0.0017626,0.0
2022-06-28 00:00:00-04:00,0.0001376,-0.0012724,-0.0007474,-0.0010224,-0.0007474,-0.0010224,0.0001376,-0.0012724,-0.0007823999999999999,-0.0010224,-0.0007823999999999999,-0.0010224,0.0001376,-0.0012724,-0.0007823999999999999,-0.0010224,-0.0007823999999999999,-0.0010224,-0.0007723999999999999,-0.0007723999999999999,-0.0007023999999999999,-0.0007023999999999999,0.0013226,0.0013226,-0.0007723999999999999,-0.0007723999999999999,-0.0007023999999999999,-0.0007023999999999999,0.0013226,0.0013226,-0.0007723999999999999,-0.0007723999999999999,-0.0007023999999999999,-0.0007023999999999999,0.0013226,0.0013226
2022-06-29 00:00:00-04:00,-0.0011074,0.0003526,-0.0005974,-0.0006724,-0.0005974,-0.0006724,-0.0011074,0.0003526,-0.0005974,-0.0007023999999999999,-0.0005974,-0.0007023999999999999,-0.0011824,0.0003526,-0.0006724,-0.0007924,-0.0006724,-0.0007924,0.0006526,0.0006526,-0.0006473999999999999,-0.0006473999999999999,-0.0006473999999999999,-0.0006473999999999999,0.0003526,0.0003526,-0.0009473999999999999,-0.0009473999999999999,-0.0009473999999999999,-0.0009473999999999999,-0.0014274000000000001,0.0,-0.0010974,0.0,-0.0010974,0.0
2022-06-30 00:00:00-04:00,0.0030475999999999997,0.0030475999999999997,0.0030475999999999997,0.0030475999999999997,0.0007826,0.0007826,0.0030475999999999997,0.0030475999999999997,0.0030475999999999997,0.0030475999999999997,0.0008126,0.0008126,0.0030475999999999997,0.0030475999999999997,0.0030475999999999997,0.0030475999999999997,0.0008126,0.0008126,0.0024976,0.0024976,0.0024976,0.0024976,0.0014726,0.0014726,0.0024976,0.0024976,0.0024976,0.0024976,0.0014726,0.0014726,0.0024976,0.0024976,0.0024976,0.0024976,0.0015526,0.0015526
2022-07-01 00:00:00-04:00,-0.0017924,0.0006326,-0.0008273999999999999,0.0006326,-0.0008273999999999999,0.0006326,-0.0017924,0.0006326,-0.0008273999999999999,0.0006326,-0.0008273999999999999,0.0006326,-0.0017924,0.0006326,-0.0008273999999999999,0.0006326,-0.0008273999999999999,0.0006326,0.0020276,0.0020276,0.0020276,0.0020276,0.0006726000000000001,0.0006726000000000001,0.0017925999999999999,0.0017925999999999999,0.0017925999999999999,0.0017925999999999999,0.0012526,0.0012526,0.0016925999999999998,0.0016925999999999998,0.0016925999999999998,0.0016925999999999998,0.0014525999999999999,0.0014525999999999999
2022-07-04 00:00:00-04:00,0.0005626,0.0005626,0.0005626,0.0005626,0.0005626,0.0005626,0.0005626,0.0005626,0.0005626,0.0005626,0.0005626,0.0005626,0.00027759999999999997,0.00027759999999999997,0.00027759999999999997,0.00027759999999999997,0.00027759999999999997,0.00027759999999999997,-0.0005748000000000001,-0.0005748000000000001,-0.0005748000000000001,-0.0005748000000000001,-0.0005748000000000001,-0.0005748000000000001,-0.0005748000000000001,-0.0005748000000000001,-0.0005748000000000001,-0.0005748000000000001,-0.0005748000000000001,-0.0005748000000000001,-0.0017347999999999999,-0.0017347999999999999,-0.0017347999999999999,-0.0017347999999999999,-0.0017347999999999999,-0.0017347999999999999
2022-07-05 00:00:00-04:00,0.0012076,0.0,0.0012076,0.0,0.0012076,0.0,0.0012076,0.0,0.0012076,0.0,0.0012076,0.0,5.26e-05,0.0,5.26e-05,0.0,5.26e-05,0.0,-1.7400000000000003e-05,-1.7400000000000003e-05,-1.7400000000000003e-05,-1.7400000000000003e-05,-1.7400000000000003e-05,-1.7400000000000003e-05,-1.7400000000000003e-05,-1.7400000000000003e-05,-1.7400000000000003e-05,-1.7400000000000003e-05,-1.7400000000000003e-05,-1.7400000000000003e-05,-1.7400000000000003e-05,-1.7400000000000003e-05,-1.7400000000000003e-05,-1.7400000000000003e-05,-1.7400000000000003e-05,-1.7400000000000003e-05
2022-07-06 00:00:00-04:00,0.0002626,0.0002626,-0.0011623999999999998,-0.0011623999999999998,-0.0011623999999999998,-0.0011623999999999998,0.0002626,0.0002626,-0.0011623999999999998,-0.0011623999999999998,-0.0011623999999999998,-0.0011623999999999998,-3.74e-05,-3.74e-05,-0.0014624,-0.0014624,-0.0014624,-0.0014624,-0.00026240000000000004,-0.00032740000000000004,-0.0005024000000000001,-0.0005274,0.0009226000000000001,-0.0005274,-0.0010374,-0.00032740000000000004,-0.0012774,-0.0006374,-0.0012774,-0.0006374,-0.0015574,-0.00032740000000000004,-0.0017974,-0.00032740000000000004,-0.0017974,-0.00032740000000000004
2022-07-07 00:00:00-04:00,-0.0005324,-0.0005324,-0.0004374,-0.0004374,0.0007926000000000001,0.0007926000000000001,-0.0005324,-0.0005324,-0.0004374,-0.0004374,0.0007926000000000001,0.0007926000000000001,-0.0006424,-0.0006424,-0.0005474,-0.0005474,-0.0005474,-0.0005474,-0.0010873999999999999,-0.0010873999999999999,-0.0007323999999999999,-0.0007323999999999999,-0.0007323999999999999,-0.0007323999999999999,-0.0011024,-0.0011024,-0.0007474,-0.0007474,-0.0007474,-0.0007474,-0.0011024,-0.0011024,-0.0007773999999999999,-0.0007773999999999999,-0.0007773999999999999,-0.0007773999999999999
2022-07-08 00:00:00-04:00,0.00029759999999999997,0.00029759999999999997,-0.0004324,-0.0004324,-0.0004324,-0.0004324,0.00029759999999999997,0.00029759999999999997,-0.0004324,-0.0004324,-0.0004324,-0.0004324,0.00025259999999999996,0.00025259999999999996,-0.0004774,-0.0004774,-0.0004774,-0.0004774,-0.0008273999999999999,-0.0002674,-0.0007474,-0.0002674,-0.0007474,-0.0002674,-0.0008273999999999999,-0.0002674,-0.0007474,-0.0002674,-0.0007474,-0.0002674,-0.0008273999999999999,-0.0002674,-0.0007474,-0.0002674,-0.0007474,-0.0002674
2022-07-11 00:00:00-04:00,0.0016726,0.0016726,0.0016726,0.0016726,0.0019425999999999998,0.0019425999999999998,0.0013625999999999998,0.0013625999999999998,0.0013625999999999998,0.0013625999999999998,0.0013625999999999998,0.0013625999999999998,0.0013625999999999998,0.0013625999999999998,0.0013625999999999998,0.0013625999999999998,0.0013625999999999998,0.0013625999999999998,0.0015325999999999998,0.0015325999999999998,-0.00042740000000000003,-0.00042740000000000003,-0.00042740000000000003,-0.00042740000000000003,0.0013625999999999998,0.0013625999999999998,0.0013625999999999998,0.0013625999999999998,0.0011626,0.0011626,0.0013625999999999998,0.0013625999999999998,0.0013625999999999998,0.0013625999999999998,0.0013226,0.0013226
2022-07-12 00:00:00-04:00,0.0014226,0.0014226,-0.00036740000000000004,-0.00036740000000000004,-0.00036740000000000004,-0.00036740000000000004,0.0014226,0.0014226,-0.00036740000000000004,-0.00036740000000000004,-0.00036740000000000004,-0.00036740000000000004,0.0011276,0.0011276,0.0011276,0.0011276,0.0013725999999999999,0.0013725999999999999,0.0014776,0.0014776,0.0014776,0.0014776,0.0008926,0.0008926,0.0009776000000000001,0.0009776000000000001,0.0009776000000000001,0.0009776000000000001,0.0009776000000000001,0.0009776000000000001,-6.74e-05,-6.74e-05,-6.74e-05,-6.74e-05,-6.74e-05,-6.74e-05
2022-07-13 00:00:00-04:00,-0.0012874000000000002,-0.0012874000000000002,-0.0003724,-0.0003724,-0.0003724,-0.0003724,-0.0013674000000000002,-0.0013674000000000002,-0.00045240000000000005,-0.00045240000000000005,-0.00045240000000000005,-0.00045240000000000005,-0.0013674000000000002,-0.0013674000000000002,-0.00045240000000000005,-0.00045240000000000005,-0.00045240000000000005,-0.00045240000000000005,0.0007076000000000001,0.0,0.0007076000000000001,0.0,0.0007076000000000001,0.0,0.0007076000000000001,0.0,0.0007076000000000001,0.0,0.0007076000000000001,0.0,0.0004925999999999999,0.0,0.0004925999999999999,0.0,0.0004925999999999999,0.0
2022-07-14 00:00:00-04:00,-4.24e-05,-4.24e-05,-0.0005424000000000001,-0.0005424000000000001,-0.0005424000000000001,-0.0005424000000000001,-4.24e-05,-4.24e-05,-0.0005424000000000001,-0.0005424000000000001,-0.0005424000000000001,-0.0005424000000000001,-0.0005024000000000001,-0.0005024000000000001,-0.0010023999999999999,-0.0010023999999999999,-0.0010023999999999999,-0.0010023999999999999,0.0002426,0.0,0.0002426,0.0,0.0011026,0.0,0.0001126,0.0,0.0001126,0.0,0.0001126,0.0,-8.74e-05,0.0,-8.74e-05,0.0,-8.74e-05,0.0
2022-07-15 00:00:00-04:00,-0.0014547999999999998,0.0,-0.0007248,0.0,0.0012852,0.0,-0.0019348,0.0,-0.0012048,0.0,-0.0012048,0.0,-0.0023247999999999997,0.0,-0.0015948,0.0,-0.0015948,0.0,0.0017452000000000001,0.0017452000000000001,0.0017452000000000001,0.0017452000000000001,0.0017452000000000001,0.0017452000000000001,0.0008952,0.0008952,0.0008952,0.0008952,0.0008952,0.0008952,0.0,0.0,0.0,0.0,0.0,0.0
2022-07-18 00:00:00-04:00,-0.0037048000000000003,-0.0037048000000000003,-0.0017947999999999998,-0.0017947999999999998,-0.0017947999999999998,-0.0017947999999999998,-0.0037048000000000003,-0.0037048000000000003,-0.0017947999999999998,-0.0017947999999999998,-0.0017947999999999998,-0.0017947999999999998,-0.0037048000000000003,-0.0037048000000000003,-0.0017947999999999998,-0.0017947999999999998,-0.0017947999999999998,-0.0017947999999999998,-0.0037048000000000003,-0.0037048000000000003,-0.0010448,-0.0010448,-0.0010448,-0.0010448,-0.0037048000000000003,-0.0037048000000000003,-0.0010448,-0.0010448,-0.0010448,-0.0010448,0.0023852,0.0,0.0023852,0.0,0.0023852,0.0
2022-07-19 00:00:00-04:00,0.0001952,0.0,0.0001952,0.0,0.0001952,0.0,0.0001952,0.0,0.0001952,0.0,0.0001952,0.0,-0.0003148,0.0,-0.0003148,0.0,-0.0003148,0.0,-0.00045480000000000005,-0.00045480000000000005,-0.0009748000000000001,-0.0009748000000000001,-0.0009748000000000001,-0.0009748000000000001,-0.00045480000000000005,-0.00045480000000000005,-0.0009748000000000001,-0.0009748000000000001,-0.0009748000000000001,-0.0009748000000000001,-0.0005848,-0.0007648,-0.0012448000000000001,-0.0012848,-0.0012448000000000001,-0.0012848
2022-07-20 00:00:00-04:00,-0.0005148,-0.0005148,-0.0005148,-0.0005148,-0.0005148,-0.0005148,-0.0007548,-0.0007548,-0.0007548,-0.0007548,-0.0007548,-0.0007548,-0.0010548,-0.0010548,-0.0010548,-0.0010548,-0.0010548,-0.0010548,0.00041519999999999995,0.0,0.00041519999999999995,0.0,0.0014052000000000001,0.0,-0.0008648,0.0,-0.0008648,0.0,-0.0008648,0.0,-0.0011548,0.0,-0.0011548,0.0,-0.0011548,0.0
2022-07-21 00:00:00-04:00,-0.0008448,-0.0008448,-0.0008848,-0.0008848,-0.0008848,-0.0008848,-0.0012348,-0.0012348,-0.0012748,-0.0012748,-0.0012748,-0.0012748,-0.00022480000000000002,-0.0018647999999999998,-0.0015048,-0.0019048,-0.0015048,-0.0019048,0.0001452,-0.0018647999999999998,-0.0008648,-0.0016347999999999998,-0.0008648,-0.0016347999999999998,0.0001452,-0.0018647999999999998,-0.0008648,-0.0016347999999999998,-0.0008648,-0.0016347999999999998,-0.0018647999999999998,-0.0018647999999999998,-0.0019648,-0.0019648,-0.0019648,-0.0019648
2022-07-22 00:00:00-04:00,-0.0008048,-0.0008048,-0.0013348,-0.0013348,-0.0013348,-0.0013348,-0.0008048,-0.0008048,-0.0013348,-0.0013348,-0.0013348,-0.0013348,-0.0008048,-0.0008048,-0.0013348,-0.0013348,-0.0013348,-0.0013348,2.5199999999999996e-05,0.0,-0.0008948000000000001,0.0,-0.0008948000000000001,0.0,-0.00038480000000000003,0.0,-0.0013047999999999998,0.0,-0.0013047999999999998,0.0,-0.00038480000000000003,0.0,-0.0013047999999999998,0.0,-0.0013047999999999998,0.0
2022-07-25 00:00:00-04:00,-0.0007448,-0.0007448,-0.0007448,-0.0007448,-0.0007448,-0.0007448,-0.0011548,-0.0011548,-0.0011548,-0.0011548,-0.0011548,-0.0011548,-0.0011548,-0.0011548,-0.0011548,-0.0011548,-0.0011548,-0.0011548,-0.0005848,-0.0011548,-0.0013847999999999998,-0.0014348,-0.0013847999999999998,-0.0014348,-0.0011548,-0.0011548,-0.0011548,-0.0011548,-0.0011548,-0.0011548,-0.0012648,-0.0012648,-0.0012648,-0.0012648,-0.0012648,-0.0012648
2022-07-26 00:00:00-04:00,-0.0001648,-0.0001648,-0.0006148000000000001,-0.0006148000000000001,-0.0006148000000000001,-0.0006148000000000001,-0.0002448,-0.0002448,-0.0006948000000000001,-0.0006948000000000001,-0.0006948000000000001,-0.0006948000000000001,-0.0007148,-0.0007148,-0.0011648000000000001,-0.0011648000000000001,-0.0011648000000000001,-0.0011648000000000001,-0.0008348,-0.0008348,-0.0007748000000000001,-0.0007748000000000001,-0.0007748000000000001,-0.0007748000000000001,-0.0009648,-0.0009648,-0.0009048000000000001,-0.0009048000000000001,-0.0009048000000000001,-0.0009048000000000001,-0.0001448,0.0,-0.0001448,0.0,-0.0001448,0.0
2022-07-27 00:00:00-04:00,0.0,0.0,0.0,0.0,0.0,0.0,0.0,0.0,0.0,0.0,0.0,0.0,0.0,0.0,0.0,0.0,0.0,0.0,-0.0001548,-0.0001548,-0.0007048,-0.0007048,-0.0007048,-0.0007048,-0.0001548,-0.0001548,-0.0008148000000000001,-0.0008148000000000001,-0.0008148000000000001,-0.0008148000000000001,-0.0001548,-0.0001548,-0.0008148000000000001,-0.0008148000000000001,-0.0008148000000000001,-0.0008148000000000001
2022-07-28 00:00:00-04:00,-0.0011448,-0.0011448,-0.0007748000000000001,-0.0007748000000000001,-0.0007748000000000001,-0.0007748000000000001,-0.0011448,-0.0011448,-0.0007748000000000001,-0.0007748000000000001,-0.0007748000000000001,-0.0007748000000000001,-0.0011448,-0.0011448,-0.0007748000000000001,-0.0007748000000000001,-0.0007748000000000001,-0.0007748000000000001,-0.0001348,0.0,-0.0010348,0.0,-0.0010348,0.0,0.0,0.0,0.0,0.0,0.0,0.0,0.0,0.0,0.0,0.0,0.0,0.0
2022-07-29 00:00:00-04:00,-0.0022148,0.0,-0.0020247999999999998,0.0,-0.0020247999999999998,0.0,-0.0022148,0.0,-0.0020247999999999998,0.0,-0.0020247999999999998,0.0,0.0,0.0,0.0,0.0,0.0,0.0,0.0012952,0.0012952,0.0012952,0.0012952,0.0012052,0.0012052,0.0012952,0.0012952,0.0012952,0.0012952,0.0012052,0.0012052,0.0012952,0.0012952,0.0012952,0.0012952,0.0012052,0.0012052
2022-08-01 00:00:00-04:00,-5.4800000000000004e-05,0.0,-5.4800000000000004e-05,0.0,-5.4800000000000004e-05,0.0,-0.0001948,0.0,-0.0001948,0.0,-0.0001948,0.0,-0.00039480000000000006,0.0,-0.00039480000000000006,0.0,-0.00039480000000000006,0.0,-0.0006748,-0.0002448,-0.0007148,-0.0008648,-0.0007148,-0.0008648,-0.0006748,-0.0002448,-0.0007448,-0.0008648,-0.0007448,-0.0008648,-0.0006748,-0.0002448,-0.0007448,-0.0008648,-0.0007448,-0.0008648
2022-08-02 00:00:00-04:00,0.0020352,0.0,0.0020352,0.0,0.0018252000000000001,0.0,0.0019752000000000003,0.0,0.0019752000000000003,0.0,0.0019452,0.0,0.0019752000000000003,0.0,0.0019752000000000003,0.0,0.0019452,0.0,0.0015652,0.0,0.0015652,0.0,0.0011852,0.0,0.0008652,0.0,0.0008652,0.0,0.0008652,0.0,0.0006952,0.0,0.0006952,0.0,0.0006952,0.0
2022-08-03 00:00:00-04:00,-0.0013947999999999999,-6.48e-05,-0.0013248,-6.48e-05,-0.0013248,-6.48e-05,-0.0013947999999999999,-6.48e-05,-0.0013248,-6.48e-05,-0.0013248,-6.48e-05,-0.0013947999999999999,-6.48e-05,-0.0013248,-6.48e-05,-0.0013248,-6.48e-05,-0.0017648,0.00034519999999999993,-0.0011048,0.00034519999999999993,-0.0011048,0.00034519999999999993,-0.0026148,0.00034519999999999993,-0.0019548,0.00034519999999999993,-0.0019548,0.00034519999999999993,0.00034519999999999993,0.00034519999999999993,0.00034519999999999993,0.00034519999999999993,0.00034519999999999993,0.00034519999999999993
2022-08-04 00:00:00-04:00,-0.0002548,-0.0007848,-0.0009348000000000001,-0.0009448000000000001,-0.0009348000000000001,-0.0009448000000000001,-0.0002548,-0.0007848,-0.0009348000000000001,-0.0009448000000000001,-0.0009348000000000001,-0.0009448000000000001,-0.0007848,-0.0007848,-0.0007848,-0.0007848,-0.0007848,-0.0007848,-0.0002848,-0.0002848,-0.0002848,-0.0002848,-0.0002848,-0.0002848,-0.0011848,-0.0011848,-0.0011848,-0.0011848,-0.0011848,-0.0011848,-0.0013648,-0.0013648,-0.0013648,-0.0013648,-0.0013648,-0.0013648
2022-08-05 00:00:00-04:00,0.00037519999999999996,0.00037519999999999996,0.00037519999999999996,0.00037519999999999996,0.0011451999999999999,0.0011451999999999999,0.00025519999999999997,0.00025519999999999997,0.00025519999999999997,0.00025519999999999997,0.0013852,0.0013852,8.52e-05,8.52e-05,8.52e-05,8.52e-05,0.0017252,0.0017252,-0.0002548,-0.0002548,-0.0002548,-0.0002548,0.0011252,0.0011252,-0.0007748000000000001,-0.0007748000000000001,-0.0007748000000000001,-0.0007748000000000001,-0.0007748000000000001,-0.0007748000000000001,-0.0007748000000000001,-0.0007748000000000001,-0.0007748000000000001,-0.0007748000000000001,-0.0007748000000000001,-0.0007748000000000001
2022-08-08 00:00:00-04:00,-0.0031348,0.0,-0.0031348,0.0,-0.0031348,0.0,-0.0039848,0.0,-0.0039848,0.0,-0.0039848,0.0,0.0,0.0,0.0,0.0,0.0,0.0,0.0028651999999999996,0.0028651999999999996,0.0028651999999999996,0.0028651999999999996,0.0013852,0.0013852,0.0027051999999999996,0.0027051999999999996,0.0027051999999999996,0.0027051999999999996,0.0017052,0.0017052,0.0027051999999999996,0.0027051999999999996,0.0027051999999999996,0.0027051999999999996,0.0017052,0.0017052
2022-08-09 00:00:00-04:00,-0.00021480000000000002,-0.0008448,-0.0006748,-0.0009748000000000001,-0.0006748,-0.0009748000000000001,-0.00021480000000000002,-0.0008448,-0.0006748,-0.0009748000000000001,-0.0006748,-0.0009748000000000001,-0.00033480000000000006,-0.0008448,-0.0007948,-0.0010548,-0.0007948,-0.0010548,-0.0009748000000000001,-0.0009748000000000001,-0.0007448,-0.0007448,-0.0007448,-0.0007448,3.5199999999999995e-05,0.0,-0.0009448000000000001,0.0,-0.0009448000000000001,0.0,-0.0001848,0.0,-0.0001848,0.0,-0.0001848,0.0
2022-08-10 00:00:00-04:00,0.0014652,0.0,-0.0006048000000000001,0.0,-0.0006048000000000001,0.0,0.0014652,0.0,0.0014652,0.0,0.0011852,0.0,0.0014652,0.0,0.0014652,0.0,0.0011852,0.0,0.00032519999999999994,0.0,0.00032519999999999994,0.0,0.00032519999999999994,0.0,0.00032519999999999994,0.0,0.00032519999999999994,0.0,0.00032519999999999994,0.0,0.00032519999999999994,0.0,0.00032519999999999994,0.0,0.00032519999999999994,0.0
2022-08-11 00:00:00-04:00,0.0032451999999999997,0.0032451999999999997,0.0032451999999999997,0.0032451999999999997,0.0010852,0.0010852,0.0032451999999999997,0.0032451999999999997,0.0032451999999999997,0.0032451999999999997,0.0010852,0.0010852,0.0032451999999999997,0.0032451999999999997,0.0032451999999999997,0.0032451999999999997,0.0010852,0.0010852,0.0013052,0.0013052,0.0013052,0.0013052,0.0013052,0.0013052,0.0006351999999999999,0.0006351999999999999,0.0006351999999999999,0.0006351999999999999,0.0006351999999999999,0.0006351999999999999,0.0004252,0.0004252,0.0004252,0.0004252,0.0004252,0.0004252
2022-08-12 00:00:00-04:00,-0.0014747999999999999,0.00039519999999999996,-0.0009648,0.00039519999999999996,-0.0009648,0.00039519999999999996,-0.0014747999999999999,0.00039519999999999996,-0.0009648,0.00039519999999999996,-0.0009648,0.00039519999999999996,-0.0019148,0.00039519999999999996,-0.0014047999999999999,0.00039519999999999996,-0.0014047999999999999,0.00039519999999999996,-0.0015447999999999998,0.0,-0.0014948,0.0,-0.0014948,0.0,-0.0015447999999999998,0.0,-0.0014948,0.0,-0.0014948,0.0,0.0,0.0,0.0,0.0,0.0,0.0
2022-08-15 00:00:00-04:00,-0.0001348,0.0,-0.0001348,0.0,-0.0001348,0.0,-0.0001348,0.0,-0.0001348,0.0,-0.0001348,0.0,-0.0001348,0.0,-0.0001348,0.0,-0.0001348,0.0,-0.00047480000000000005,-0.00047480000000000005,-0.0005848,-0.0005848,-0.0005848,-0.0005848,-0.0003148,0.0,-0.0009248,0.0,-0.0009248,0.0,-0.0003148,0.0,-0.0009248,0.0,-0.0009248,0.0
2022-08-16 00:00:00-04:00,-0.0014348,-0.0014348,-0.0008248,-0.0008248,-0.0008248,-0.0008248,-0.0014348,-0.0014348,-0.0008248,-0.0008248,-0.0008248,-0.0008248,-0.0014348,-0.0014348,-0.0008248,-0.0008248,-0.0008248,-0.0008248,0.0003652,0.0,-0.0009048000000000001,0.0,-0.0009048000000000001,0.0,0.0001552,0.0,-0.0011148,0.0,-0.0011148,0.0,0.0001552,0.0,-0.0011148,0.0,-0.0011148,0.0
2022-08-17 00:00:00-04:00,0.0001152,-0.0011448,-0.0009248,-0.0009348000000000001,-0.0009248,-0.0009348000000000001,0.0001152,-0.0011448,-0.0009248,-0.0009348000000000001,-0.0009248,-0.0009348000000000001,0.0001152,-0.0011448,-0.0009248,-0.0009348000000000001,-0.0009248,-0.0009348000000000001,-0.0012748,-0.0012748,-0.0010148,-0.0010148,-0.0010148,-0.0010148,5.519999999999999e-05,0.0,-0.0013248,0.0,-0.0013248,0.0,5.519999999999999e-05,0.0,-0.0013248,0.0,-0.0013248,0.0
2022-08-18 00:00:00-04:00,0.0023352,0.0,0.0023352,0.0,0.0020252,0.0,0.0023352,0.0,0.0023352,0.0,0.0020252,0.0,0.0018752,0.0,0.0018752,0.0,0.0018752,0.0,-0.0015748,-0.0015748,-0.0007048,-0.0007048,-0.0007048,-0.0007048,-0.0015748,-0.0015748,-0.0007048,-0.0007048,-0.0007048,-0.0007048,-0.0018747999999999998,-0.0018747999999999998,-0.0010348,-0.0010348,-0.0010348,-0.0010348
2022-08-19 00:00:00-04:00,0.0035451999999999997,0.0,0.0035451999999999997,0.0,0.0010052,0.0,0.0035451999999999997,0.0,0.0035451999999999997,0.0,0.0010052,0.0,0.0035451999999999997,0.0,0.0035451999999999997,0.0,0.0010052,0.0,0.0026752,0.0,0.0026752,0.0,0.0025651999999999997,0.0,0.0025452,0.0,0.0025452,0.0,0.0025452,0.0,0.0023252,0.0,0.0023252,0.0,0.0023252,0.0
2022-08-22 00:00:00-04:00,0.0,0.0,0.0,0.0,0.0,0.0,0.0,0.0,0.0,0.0,0.0,0.0,0.0,0.0,0.0,0.0,0.0,0.0,-0.0011448,-0.0011448,-0.0007548,-0.0007548,-0.0007548,-0.0007548,-0.0014348,-0.0014348,-0.0010448,-0.0010448,-0.0010448,-0.0010448,-0.0014348,-0.0014348,-0.0010448,-0.0010448,-0.0010448,-0.0010448
2022-08-23 00:00:00-04:00,-0.0036848000000000002,-0.0036848000000000002,-0.0007948,-0.0007948,-0.0007948,-0.0007948,-0.0036848000000000002,-0.0036848000000000002,-0.0007948,-0.0007948,-0.0007948,-0.0007948,-0.0039148,-0.0039148,-0.0010248,-0.0010248,-0.0010248,-0.0010248,0.0032551999999999998,0.0,0.0032551999999999998,0.0,0.0019252000000000002,0.0,0.0032551999999999998,0.0,0.0032551999999999998,0.0,0.0019252000000000002,0.0,0.0026652,0.0,0.0026652,0.0,0.0031052,0.0
2022-08-24 00:00:00-04:00,-0.0009748000000000001,-0.0009748000000000001,-0.0026848,-0.0026848,-0.0026848,-0.0026848,-0.0009748000000000001,-0.0009748000000000001,-0.0026848,-0.0026848,-0.0026848,-0.0026848,-0.0009748000000000001,-0.0009748000000000001,-0.0026848,-0.0026848,-0.0026848,-0.0026848,6.52e-05,0.0,6.52e-05,0.0,0.0014252000000000002,0.0,6.52e-05,0.0,6.52e-05,0.0,0.0014252000000000002,0.0,-0.0007948,0.0,-0.0007948,0.0,-0.0007948,0.0
2022-08-25 00:00:00-04:00,-0.0050248,0.0041952,-0.0006448000000000001,0.0041952,-0.0006448000000000001,0.0013652,-0.0050248,0.0041952,-0.0006448000000000001,0.0041952,-0.0006448000000000001,0.0013652,-0.0051248000000000005,0.0041952,-0.0007448,0.0041952,-0.0007448,0.0015252000000000002,0.0050152,0.0050152,0.0050152,0.0050152,0.0010852,0.0010852,0.0044652,0.0044652,0.0044652,0.0044652,0.0021852,0.0021852,0.0038152,0.0038152,0.0038152,0.0038152,0.0034852,0.0034852
2022-08-26 00:00:00-04:00,0.0,0.0,0.0,0.0,0.0,0.0,0.0,0.0,0.0,0.0,0.0,0.0,0.0,0.0,0.0,0.0,0.0,0.0,-0.0009048000000000001,-0.0009048000000000001,-0.0007648,-0.0007648,-0.0007648,-0.0007648,-0.0009048000000000001,-0.0009048000000000001,-0.0008548000000000001,-0.0008548000000000001,-0.0008548000000000001,-0.0008548000000000001,-0.0011048,-0.0011048,-0.0010548,-0.0010548,-0.0010548,-0.0010548
2022-08-29 00:00:00-04:00,-0.0015647999999999999,0.0,-0.0015647999999999999,0.0,-0.0015647999999999999,0.0,-0.0015647999999999999,0.0,-0.0015647999999999999,0.0,-0.0015647999999999999,0.0,-0.0015647999999999999,0.0,-0.0015647999999999999,0.0,-0.0015647999999999999,0.0,0.0020552,0.0020552,-0.0011748,-0.0011748,-0.0011748,-0.0011748,-0.0035148,0.0016752000000000002,-0.0017548,0.0016752000000000002,-0.0017548,0.0016752000000000002,0.0012052,0.0012052,0.0012052,0.0012052,0.0012052,0.0012052
2022-08-30 00:00:00-04:00,-0.0019748,0.0014052000000000001,-0.00045480000000000005,-0.0004848,-0.00045480000000000005,0.0008052,-0.0022748,0.0014052000000000001,-0.0007548,-0.0007548,-0.0007548,-0.0007548,0.0014052000000000001,0.0014052000000000001,-0.0008348,-0.0008348,-0.0008348,-0.0008348,-0.0018047999999999999,0.0001652,-0.0013248,0.0001652,-0.0013248,0.0001652,-0.0025648000000000003,0.0001652,-0.0020848,0.0001652,-0.0020848,0.0001652,0.0001652,0.0001652,0.0001652,0.0001652,0.0001652,0.0001652
2022-08-31 00:00:00-04:00,-0.0038148,0.0023052000000000003,-0.0008948000000000001,0.0023052000000000003,-0.0008948000000000001,0.0026652,0.0023052000000000003,0.0023052000000000003,0.0023052000000000003,0.0023052000000000003,0.0030252,0.0030252,0.0023052000000000003,0.0023052000000000003,0.0023052000000000003,0.0023052000000000003,0.0030252,0.0030252,0.0021352000000000003,0.0021352000000000003,0.0021352000000000003,0.0021352000000000003,0.0022652,0.0022652,0.0014852,0.0014852,0.0014852,0.0014852,0.0014852,0.0014852,0.0008952,0.0008952,0.0008952,0.0008952,0.0008952,0.0008952
2022-09-01 00:00:00-04:00,0.0037752,0.0,0.0037752,0.0,0.0032852,0.0,0.0022852000000000003,0.0,0.0022852000000000003,0.0,0.0022852000000000003,0.0,0.0018452000000000002,0.0,0.0018452000000000002,0.0,0.0018452000000000002,0.0,-0.00033480000000000006,0.0,-0.0015148,0.0,-0.0015148,0.0,-0.00033480000000000006,0.0,-0.0015148,0.0,-0.0015148,0.0,0.0,0.0,0.0,0.0,0.0,0.0
2022-09-02 00:00:00-04:00,-0.0010048000000000001,0.0,-0.0010048000000000001,0.0,-0.0010048000000000001,0.0,-0.0010048000000000001,0.0,-0.0010048000000000001,0.0,-0.0010048000000000001,0.0,-0.0015848,0.0,-0.0015848,0.0,-0.0015848,0.0,-0.0011948,0.0,-0.0009848,0.0,-0.0009848,0.0,-0.0016347999999999998,0.0,-0.0014248,0.0,-0.0014248,0.0,-0.0016347999999999998,0.0,-0.0014248,0.0,-0.0014248,0.0
2022-09-05 00:00:00-04:00,-0.0006748,-0.0006748,-0.0006748,-0.0006748,-0.0006748,-0.0006748,-0.0006748,-0.0006748,-0.0006748,-0.0006748,-0.0006748,-0.0006748,-0.0006748,-0.0006748,-0.0006748,-0.0006748,-0.0006748,-0.0006748,-0.00037480000000000006,0.0,-0.00037480000000000006,0.0,-0.00037480000000000006,0.0,-0.0007248,0.0,-0.0007248,0.0,-0.0007248,0.0,0.0,0.0,0.0,0.0,0.0,0.0
2022-09-06 00:00:00-04:00,0.0003852,0.0003852,0.0003852,0.0003852,0.0003852,0.0003852,0.0003852,0.0003852,0.0003852,0.0003852,0.0003852,0.0003852,-0.0004248,-0.0004248,-0.0004248,-0.0004248,-0.0004248,-0.0004248,0.0008451999999999999,0.0008451999999999999,0.0008451999999999999,0.0008451999999999999,0.0008451999999999999,0.0008451999999999999,-0.0004248,-0.0004248,-0.0004248,-0.0004248,-0.0004248,-0.0004248,0.0,0.0,0.0,0.0,0.0,0.0
2022-09-07 00:00:00-04:00,4.5199999999999994e-05,0.0,4.5199999999999994e-05,0.0,0.0022452,0.0,4.5199999999999994e-05,0.0,4.5199999999999994e-05,0.0,0.0022452,0.0,4.5199999999999994e-05,0.0,4.5199999999999994e-05,0.0,0.0022452,0.0,-0.0020648,0.0,-0.0025147999999999998,0.0,-0.0025147999999999998,0.0,0.0,0.0,0.0,0.0,0.0,0.0,0.0,0.0,0.0,0.0,0.0,0.0
2022-09-08 00:00:00-04:00,-0.0017548,0.00039519999999999996,-0.0012548000000000001,-0.0011648000000000001,-0.0012548000000000001,-0.0011648000000000001,-0.0017548,0.00039519999999999996,-0.0012548000000000001,-0.0011648000000000001,-0.0012548000000000001,-0.0011648000000000001,-0.0017548,0.00039519999999999996,-0.0012548000000000001,-0.0011648000000000001,-0.0012548000000000001,-0.0011648000000000001,0.0009352,0.0009352,0.0009352,0.0009352,0.0021252000000000003,0.0021252000000000003,0.00045519999999999995,0.00045519999999999995,0.00045519999999999995,0.00045519999999999995,0.00045519999999999995,0.00045519999999999995,0.00045519999999999995,0.00045519999999999995,0.00045519999999999995,0.00045519999999999995,0.00045519999999999995,0.00045519999999999995
2022-09-09 00:00:00-04:00,-0.0019848,0.0009551999999999999,-0.0009048000000000001,0.0009551999999999999,-0.0009048000000000001,0.0015652,0.0009551999999999999,0.0009551999999999999,0.0009551999999999999,0.0009551999999999999,0.0019852,0.0019852,0.0009551999999999999,0.0009551999999999999,0.0009551999999999999,0.0009551999999999999,0.0020452,0.0020452,0.00025519999999999997,0.00025519999999999997,0.00025519999999999997,0.00025519999999999997,0.00025519999999999997,0.00025519999999999997,-0.0004848,-0.0004848,-0.0004848,-0.0004848,-0.0004848,-0.0004848,-0.0009048000000000001,-0.0009048000000000001,-0.0009048000000000001,-0.0009048000000000001,-0.0009048000000000001,-0.0009048000000000001
2022-09-12 00:00:00-04:00,-0.0011648000000000001,0.0,-0.0011648000000000001,0.0,-0.0011648000000000001,0.0,-0.0011648000000000001,0.0,-0.0011648000000000001,0.0,-0.0011648000000000001,0.0,-0.0011648000000000001,0.0,-0.0011648000000000001,0.0,-0.0011648000000000001,0.0,-0.0015447999999999998,0.0,-0.0012748,0.0,-0.0012748,0.0,-0.0015447999999999998,0.0,-0.0012748,0.0,-0.0012748,0.0,-0.0017047999999999998,0.0,-0.0014348,0.0,-0.0014348,0.0
2022-09-13 00:00:00-04:00,-0.0011848,0.0,-0.0009748000000000001,0.0,-0.0009748000000000001,0.0,-0.0013348,0.0,-0.0011248,0.0,-0.0011248,0.0,-0.0014647999999999998,0.0,-0.0012548000000000001,0.0,-0.0012548000000000001,0.0,-0.0014148,0.0,-0.0007548,0.0,-0.0007548,0.0,-0.0017047999999999998,0.0,-0.0010448,0.0,-0.0010448,0.0,-0.0017047999999999998,0.0,-0.0010448,0.0,-0.0010448,0.0
2022-09-14 00:00:00-04:00,7.52e-05,7.52e-05,-0.0012248,-0.0012248,-0.0012248,-0.0012248,7.52e-05,7.52e-05,-0.0012248,-0.0012248,-0.0012248,-0.0012248,-0.0014747999999999999,-0.0005748000000000001,-0.0019947999999999997,-0.0018747999999999998,-0.0019947999999999997,-0.0018747999999999998,-0.0012348,-9.48e-05,-0.0011848,-0.0009648,-0.0011848,-0.0009648,-0.0018248,-9.48e-05,-0.0017748,-0.0017347999999999999,-0.0017748,-0.0017347999999999999,-9.48e-05,-9.48e-05,-9.48e-05,-9.48e-05,-9.48e-05,-9.48e-05
2022-09-15 00:00:00-04:00,-0.0014847999999999999,0.0007052,-0.0007048,-0.0005048,-0.0007048,0.0008451999999999999,-0.0019748,0.0007052,-0.0011948,-0.0009048000000000001,-0.0011948,-0.0009048000000000001,0.0007052,0.0007052,0.0007052,0.0007052,0.0007052,0.0007052,0.0005252,0.0005252,-0.0007648,-0.0007648,-0.0007648,-0.0007648,0.0002752,0.0002752,-0.0010148,-0.0010148,-0.0010148,-0.0010148,0.0002752,0.0002752,-0.0010148,-0.0010148,-0.0010148,-0.0010148
2022-09-16 00:00:00-04:00,0.0,0.0,0.0,0.0,0.0,0.0,0.0,0.0,0.0,0.0,0.0,0.0,0.0,0.0,0.0,0.0,0.0,0.0,-0.0019947999999999997,0.0010152,-0.0007448,0.0010152,-0.0007448,0.0010152,0.0010152,0.0010152,0.0010152,0.0010152,0.0010152,0.0010152,0.0008052,0.0008052,0.0008052,0.0008052,0.0008052,0.0008052
2022-09-19 00:00:00-04:00,-0.0029848,0.00025519999999999997,-0.0021948,0.00025519999999999997,-0.0021948,0.00025519999999999997,-0.0029848,0.00025519999999999997,-0.0021948,0.00025519999999999997,-0.0021948,0.00025519999999999997,-0.0029848,0.00025519999999999997,-0.0021948,0.00025519999999999997,-0.0021948,0.00025519999999999997,-0.0034648,0.0024752000000000003,-0.0007748000000000001,0.0024752000000000003,-0.0007748000000000001,0.0016652000000000001,0.0024752000000000003,0.0024752000000000003,0.0024752000000000003,0.0024752000000000003,0.0018852,0.0018852,0.0024752000000000003,0.0024752000000000003,0.0024752000000000003,0.0024752000000000003,0.0020252,0.0020252
2022-09-20 00:00:00-04:00,-0.0002948,-0.00043480000000000005,-0.0006148000000000001,-0.0005548,0.0010651999999999999,-0.0005548,-0.0006948000000000001,-0.00043480000000000005,-0.0010148,-0.0010648,-0.0010148,-0.0010648,-0.0006948000000000001,-0.00043480000000000005,-0.0010148,-0.0010648,-0.0010148,-0.0010648,0.00039519999999999996,0.00039519999999999996,0.00039519999999999996,0.00039519999999999996,0.00039519999999999996,0.00039519999999999996,0.00039519999999999996,0.00039519999999999996,0.00039519999999999996,0.00039519999999999996,0.00039519999999999996,0.00039519999999999996,-0.00043480000000000005,-0.00043480000000000005,-0.00043480000000000005,-0.00043480000000000005,-0.00043480000000000005,-0.00043480000000000005
2022-09-21 00:00:00-04:00,0.0009052,0.0009052,-0.0012548000000000001,-0.0012548000000000001,-0.0012548000000000001,-0.0012548000000000001,0.0009052,0.0009052,-0.0012548000000000001,-0.0012548000000000001,-0.0012548000000000001,-0.0012548000000000001,0.0009052,0.0009052,-0.0012548000000000001,-0.0012548000000000001,-0.0012548000000000001,-0.0012548000000000001,-0.0021948,0.0008552,-0.0011648000000000001,-0.0012748,-0.0011648000000000001,-0.0012748,-0.0021948,0.0008552,-0.0011648000000000001,-0.0012748,-0.0011648000000000001,-0.0012748,0.0008552,0.0008552,0.0008552,0.0008552,0.0008552,0.0008552
2022-09-22 00:00:00-04:00,0.0005951999999999999,0.0005951999999999999,0.0005951999999999999,0.0005951999999999999,0.0005951999999999999,0.0005951999999999999,0.0005951999999999999,0.0005951999999999999,0.0005951999999999999,0.0005951999999999999,0.0005951999999999999,0.0005951999999999999,-0.0001848,-0.0001848,-0.0001848,-0.0001848,-0.0001848,-0.0001848,-0.0008648,-0.0008648,-0.0013747999999999998,-0.0013747999999999998,-0.0013747999999999998,-0.0013747999999999998,-0.0008648,-0.0008648,-0.0013747999999999998,-0.0013747999999999998,-0.0013747999999999998,-0.0013747999999999998,-0.0019848,-0.0019848,-0.0024947999999999997,-0.0024947999999999997,-0.0024947999999999997,-0.0024947999999999997
2022-09-23 00:00:00-04:00,-0.0021248,0.0010852,-0.0007748000000000001,-0.0009548,-0.0007748000000000001,-0.0009548,0.0010852,0.0010852,-0.0010748,-0.0010748,-0.0010748,-0.0010748,-0.0022748,0.0009452,-0.0012648,0.0009452,-0.0012648,0.0022652,0.0014452,0.0014452,0.0014452,0.0014452,0.0023452,0.0023452,0.0014452,0.0014452,0.0014452,0.0014452,0.0023452,0.0023452,0.0014452,0.0014452,0.0014452,0.0014452,0.0023452,0.0023452
2022-09-26 00:00:00-04:00,-0.0043548,0.0010352,-0.0030948,0.0010352,-0.0030948,0.0010352,0.0010352,0.0010352,0.0010352,0.0010352,0.0010352,0.0010352,0.0010352,0.0010352,0.0010352,0.0010352,0.0010352,0.0010352,0.0019252000000000002,0.0019252000000000002,0.0019252000000000002,0.0019252000000000002,0.0019252000000000002,0.0019252000000000002,0.0019252000000000002,0.0019252000000000002,0.0019252000000000002,0.0019252000000000002,0.0019252000000000002,0.0019252000000000002,0.0006052,0.0006052,0.0006052,0.0006052,0.0006052,0.0006052
2022-09-27 00:00:00-04:00,0.0042352,0.0,0.0042352,0.0,0.0025851999999999997,0.0,0.0042352,0.0,0.0042352,0.0,0.0025851999999999997,0.0,0.0042352,0.0,0.0042352,0.0,0.0025851999999999997,0.0,0.0010352,0.0,0.0010352,0.0,0.0010352,0.0,0.0010352,0.0,0.0010352,0.0,0.0010352,0.0,0.0,0.0,0.0,0.0,0.0,0.0
2022-09-28 00:00:00-04:00,0.0055552,0.0055552,-0.0012748,-0.0012748,-0.0012748,-0.0012748,-0.0072648,0.0045652,-0.0016848,0.0045652,-0.0016848,0.0043652,-0.0072648,0.0045652,-0.0018248,0.0045652,-0.0018248,0.0043652,0.0045652,0.0045652,0.0045652,0.0045652,0.0045652,0.0045652,0.0045652,0.0045652,0.0045652,0.0045652,0.0045652,0.0045652,0.0045652,0.0045652,0.0045652,0.0045652,0.0045652,0.0045652
2022-09-29 00:00:00-04:00,0.0027251999999999997,0.0027251999999999997,-0.0012048,-0.0012048,-0.0012048,-0.0012048,0.0027251999999999997,0.0027251999999999997,-0.0012048,-0.0012048,-0.0012048,-0.0012048,0.0016152,0.0016152,0.0016152,0.0016152,0.0016152,0.0016152,0.0023352,0.0023352,0.0023352,0.0023352,0.0031652,0.0031652,0.0023352,0.0023352,0.0023352,0.0023352,0.0031652,0.0031652,0.0023352,0.0023352,0.0023352,0.0023352,0.0031652,0.0031652
2022-09-30 00:00:00-04:00,0.0008652,-0.0027148000000000003,-0.0017947999999999998,-0.0017947999999999998,-0.0017947999999999998,-0.0017947999999999998,0.0008252,-0.0027148000000000003,-0.0018348,-0.0018348,-0.0018348,-0.0018348,0.0008252,-0.0027148000000000003,-0.0018348,-0.0018348,-0.0018348,-0.0018348,-0.0013448,-0.0013448,-0.0009648,-0.0009648,0.0017652000000000002,0.0017652000000000002,-0.0024947999999999997,-0.0024947999999999997,-0.0021148,-0.0021148,-0.0021148,-0.0021148,-0.0032448000000000004,-0.0032448000000000004,-0.0028648000000000002,-0.0028648000000000002,-0.0028648000000000002,-0.0028648000000000002
2022-10-03 00:00:00-04:00,-0.0025748000000000004,-0.0025748000000000004,-0.0037248000000000003,-0.0037248000000000003,-0.0037248000000000003,-0.0037248000000000003,-0.0025748000000000004,-0.0025748000000000004,-0.0044048,-0.0044048,-0.0044048,-0.0044048,-0.0025748000000000004,-0.0025748000000000004,-0.0044048,-0.0044048,-0.0044048,-0.0044048,0.0014252000000000002,0.0,0.0014252000000000002,0.0,0.0014252000000000002,0.0,0.0014252000000000002,0.0,0.0014252000000000002,0.0,0.0014252000000000002,0.0,0.0014252000000000002,0.0,0.0014252000000000002,0.0,0.0014252000000000002,0.0
2022-10-04 00:00:00-04:00,-0.0057248,-0.0057248,-0.0011248,-0.0011248,-0.0011248,-0.0011248,-0.006294800000000001,-0.006294800000000001,-0.0016948,-0.0016948,-0.0016948,-0.0016948,0.0042652,0.0,0.0042652,0.0,0.0043051999999999995,0.0,0.0020452,0.0,0.0020452,0.0,0.0020452,0.0,0.0013452000000000002,0.0,0.0013452000000000002,0.0,0.0013452000000000002,0.0,0.0013452000000000002,0.0,0.0013452000000000002,0.0,0.0013452000000000002,0.0
2022-10-05 00:00:00-04:00,0.0016952,0.0016952,0.0016952,0.0016952,0.0018452000000000002,0.0018452000000000002,0.0016952,0.0016952,0.0016952,0.0016952,0.0018452000000000002,0.0018452000000000002,0.0012152,0.0012152,0.0012152,0.0012152,0.0012152,0.0012152,0.0005252,0.0005252,0.0005252,0.0005252,0.0005252,0.0005252,-4.800000000000004e-06,-4.800000000000004e-06,-4.800000000000004e-06,-4.800000000000004e-06,-4.800000000000004e-06,-4.800000000000004e-06,-0.00038480000000000003,-0.00038480000000000003,-0.00038480000000000003,-0.00038480000000000003,-0.00038480000000000003,-0.00038480000000000003
2022-10-06 00:00:00-04:00,-0.0002648,0.0,-0.0002648,0.0,0.0017252,0.0,-0.0005348,0.0,-0.0005348,0.0,0.0022652,0.0,-0.0010448,0.0,-0.0010448,0.0,-0.0010448,0.0,-0.0038948000000000003,0.0019252000000000002,-0.0018147999999999999,0.0019252000000000002,-0.0018147999999999999,0.0019252000000000002,0.0019252000000000002,0.0019252000000000002,0.0019252000000000002,0.0019252000000000002,0.0019252000000000002,0.0019252000000000002,0.0019252000000000002,0.0019252000000000002,0.0019252000000000002,0.0019252000000000002,0.0019252000000000002,0.0019252000000000002
2022-10-07 00:00:00-04:00,-0.0016948,0.0,-0.0017648,0.0,-0.0017648,0.0,-0.0016948,0.0,-0.0017648,0.0,-0.0017648,0.0,-0.0016948,0.0,-0.0017648,0.0,-0.0017648,0.0,-0.0016148,0.0,-0.0009348000000000001,0.0,0.0017052,0.0,-0.0022248,0.0,-0.0015447999999999998,0.0,-0.0015447999999999998,0.0,-0.0022248,0.0,-0.0015447999999999998,0.0,-0.0015447999999999998,0.0
2022-10-10 00:00:00-04:00,-0.0007048,-0.0007048,-0.0024448,-0.0024448,-0.0024448,-0.0024448,-0.0018947999999999999,0.0,-0.0018947999999999999,0.0,-0.0018947999999999999,0.0,-0.0018947999999999999,0.0,-0.0018947999999999999,0.0,-0.0018947999999999999,0.0,-0.0014448,0.0,-0.0019248,0.0,-0.0019248,0.0,-0.0014448,0.0,-0.0019248,0.0,-0.0019248,0.0,0.0,0.0,0.0,0.0,0.0,0.0
2022-10-11 00:00:00-04:00,-0.0043648,0.0035651999999999997,-0.0007048,-0.0006948000000000001,-0.0007048,-0.0006948000000000001,-0.0045448,0.0035651999999999997,-0.0008848,-0.0009048000000000001,-0.0008848,-0.0009048000000000001,-0.0050348,0.0035651999999999997,-0.0013747999999999998,-0.0012048,-0.0013747999999999998,-0.0012048,-0.0049648,0.0028751999999999996,-0.0019048,0.0028751999999999996,-0.0019048,0.0028751999999999996,-0.0049648,0.0028751999999999996,-0.0019048,0.0028751999999999996,-0.0019048,0.0028751999999999996,0.0028751999999999996,0.0028751999999999996,0.0028751999999999996,0.0028751999999999996,0.0028751999999999996,0.0028751999999999996
2022-10-12 00:00:00-04:00,-0.0036548,-0.0036548,-0.0010248,-0.0010248,-0.0010248,-0.0010248,-0.0036548,-0.0036548,-0.0010548,-0.0010548,-0.0010548,-0.0010548,-0.0038448,-0.0038448,-0.0012448000000000001,-0.0012448000000000001,-0.0012448000000000001,-0.0012448000000000001,0.0025252,0.0,0.0025252,0.0,0.0033452,0.0,0.0014652,0.0,0.0014652,0.0,0.0014652,0.0,0.0006751999999999999,0.0,0.0006751999999999999,0.0,0.0006751999999999999,0.0
2022-10-13 00:00:00-04:00,-0.0014248,0.0002452,-0.0006448000000000001,0.0002452,-0.0006448000000000001,0.0002452,-0.0014248,0.0002452,-0.0006948000000000001,0.0002452,-0.0006948000000000001,0.0002452,-0.0014248,0.0002452,-0.0006948000000000001,0.0002452,-0.0006948000000000001,0.0002452,0.0009052,0.0009052,0.0009052,0.0009052,0.0013652,0.0013652,0.0009052,0.0009052,0.0009052,0.0009052,0.0009052,0.0009052,0.0009052,0.0009052,0.0009052,0.0009052,0.0009052,0.0009052
2022-10-14 00:00:00-04:00,0.0027051999999999996,-0.0035648000000000003,-0.0006448000000000001,-0.0007548,-0.0006448000000000001,-0.0007548,-0.0042148,-0.0042148,-0.0015347999999999998,-0.0015347999999999998,-0.0015347999999999998,-0.0015347999999999998,-0.0042148,-0.0042148,-0.0015347999999999998,-0.0015347999999999998,-0.0015347999999999998,-0.0015347999999999998,0.0033452,0.0,0.0033452,0.0,0.0032251999999999997,0.0,0.0033452,0.0,0.0033452,0.0,0.0036652,0.0,0.0033452,0.0,0.0033452,0.0,0.0036652,0.0
2022-10-17 00:00:00-04:00,0.0016552000000000001,0.0,0.0016552000000000001,0.0,0.0016552000000000001,0.0,0.0013852,0.0,0.0013852,0.0,0.0013852,0.0,0.0,0.0,0.0,0.0,0.0,0.0,-0.0029448,-0.0029448,-0.0014547999999999998,-0.0014547999999999998,-0.0014547999999999998,-0.0014547999999999998,0.0013852,0.0,0.0013852,0.0,0.0013852,0.0,0.0013852,0.0,0.0013852,0.0,0.0013852,0.0
2022-10-18 00:00:00-04:00,0.004435199999999999,0.0,0.004435199999999999,0.0,0.0031652,0.0,0.004435199999999999,0.0,0.004435199999999999,0.0,0.0031652,0.0,0.004435199999999999,0.0,0.004435199999999999,0.0,0.0031652,0.0,-0.0046348000000000006,-0.0046348000000000006,-0.0009148,-0.0009148,-0.0009148,-0.0009148,-0.0046348000000000006,-0.0046348000000000006,-0.0009148,-0.0009148,-0.0009148,-0.0009148,-0.0049148,-0.0049148,-0.0011948,-0.0011948,-0.0011948,-0.0011948
2022-10-19 00:00:00-04:00,0.0027051999999999996,0.0027051999999999996,-0.0010348,-0.0010348,-0.0010348,-0.0010348,-0.0047048,0.0,-0.0022048,0.0,-0.0022048,0.0,-0.0047048,0.0,-0.0022048,0.0,-0.0022048,0.0,-0.0052048,0.0030152,-0.0019548,0.0030152,-0.0019548,0.0029852,-0.0052048,0.0027752,-0.0023447999999999997,0.0027752,-0.0023447999999999997,0.0027752,-0.0052048,0.0027752,-0.0023447999999999997,0.0027752,-0.0023447999999999997,0.0027752
2022-10-20 00:00:00-04:00,-0.0022848,0.0009251999999999999,-0.0010048000000000001,-0.0012048,-0.0010048000000000001,0.0022452,0.0009251999999999999,0.0009251999999999999,-0.0013648,-0.0013648,0.0025651999999999997,0.0025651999999999997,7.52e-05,7.52e-05,-0.0022148,-0.0022148,-0.0022148,-0.0022148,-0.0015948,-0.0015948,-0.0026148,-0.0026148,-0.0026148,-0.0026148,-0.0015948,-0.0015948,-0.0026148,-0.0026148,-0.0026148,-0.0026148,-0.0024947999999999997,-0.0024947999999999997,-0.0035148,-0.0035148,-0.0035148,-0.0035148
2022-10-21 00:00:00-04:00,-0.0006848000000000001,-0.0006848000000000001,-0.0006848000000000001,-0.0006848000000000001,-0.0006848000000000001,-0.0006848000000000001,-0.0006848000000000001,-0.0006848000000000001,-0.0006848000000000001,-0.0006848000000000001,-0.0006848000000000001,-0.0006848000000000001,-0.0013248,-0.0013248,-0.0013248,-0.0013248,-0.0013248,-0.0013248,0.0005752,0.0,0.0005752,0.0,0.0005752,0.0,0.0005752,0.0,0.0005752,0.0,0.0005752,0.0,-8.48e-05,0.0,-8.48e-05,0.0,-8.48e-05,0.0
2022-10-24 00:00:00-04:00,9.52e-05,9.52e-05,9.52e-05,9.52e-05,9.52e-05,9.52e-05,9.52e-05,9.52e-05,9.52e-05,9.52e-05,9.52e-05,9.52e-05,9.52e-05,9.52e-05,9.52e-05,9.52e-05,9.52e-05,9.52e-05,-0.0039248,0.0015452,-0.0014948,0.0015452,-0.0014948,0.0015452,-0.0039248,0.0015452,-0.0014948,0.0015452,-0.0014948,0.0015452,0.0015452,0.0015452,0.0015452,0.0015452,0.0015452,0.0015452
2022-10-25 00:00:00-04:00,0.0009052,-0.0018348,-0.0006648,-0.0008248,-0.0006648,-0.0008248,0.0005252,-0.0018348,-0.0010448,-0.0009848,-0.0010448,-0.0009848,0.0001652,-0.0018348,-0.0014047999999999999,-0.0014747999999999999,-0.0014047999999999999,-0.0014747999999999999,0.0002152,-0.0018348,-0.0014847999999999999,-0.0011348,-0.0014847999999999999,-0.0011348,-0.0018348,-0.0018348,-0.0019448,-0.0019448,-0.0019448,-0.0019448,-0.0018348,-0.0018348,-0.0022348,-0.0022348,-0.0022348,-0.0022348
2022-10-26 00:00:00-04:00,-0.0016247999999999998,-0.0016247999999999998,-0.0016247999999999998,-0.0016247999999999998,-0.0016247999999999998,-0.0016247999999999998,-0.0016247999999999998,-0.0016247999999999998,-0.0016247999999999998,-0.0016247999999999998,-0.0016247999999999998,-0.0016247999999999998,-0.0016247999999999998,-0.0016247999999999998,-0.0016247999999999998,-0.0016247999999999998,-0.0016247999999999998,-0.0016247999999999998,-0.0016048,-0.0016048,-0.0009448000000000001,-0.0009448000000000001,-0.0009448000000000001,-0.0009448000000000001,-0.0016048,-0.0016048,-0.0009448000000000001,-0.0009448000000000001,-0.0009448000000000001,-0.0009448000000000001,0.0005451999999999999,0.0,0.0005451999999999999,0.0,0.0005451999999999999,0.0
2022-10-27 00:00:00-04:00,0.0001652,0.0,0.0001652,0.0,0.0028651999999999996,0.0,-0.0001448,0.0,-0.0001448,0.0,-0.0001448,0.0,-0.0010948,0.0,-0.0010948,0.0,-0.0010948,0.0,-0.0023648,0.0004952,-0.0016648,-0.0011348,-0.0016648,-0.0011348,0.0004952,0.0004952,0.0004952,0.0004952,0.0004952,0.0004952,0.0004952,0.0004952,0.0004952,0.0004952,0.0004952,0.0004952
2022-10-28 00:00:00-04:00,0.0,0.0,0.0,0.0,0.0,0.0,0.0,0.0,0.0,0.0,0.0,0.0,0.0,0.0,0.0,0.0,0.0,0.0,-0.0023347999999999997,0.0,-0.0010648,0.0,-0.0010648,0.0,-0.0023347999999999997,0.0,-0.0010648,0.0,-0.0010648,0.0,-0.0033648000000000003,0.0,-0.0020948,0.0,-0.0020948,0.0
2022-10-31 00:00:00-04:00,-3.24e-05,-3.24e-05,-3.24e-05,-3.24e-05,-3.24e-05,-3.24e-05,-3.24e-05,-3.24e-05,-3.24e-05,-3.24e-05,-3.24e-05,-3.24e-05,-3.24e-05,-3.24e-05,-3.24e-05,-3.24e-05,-3.24e-05,-3.24e-05,-3.24e-05,-3.24e-05,-0.0004124,-0.0004124,-0.0004124,-0.0004124,-0.00019740000000000003,-0.00019740000000000003,-0.0005774,-0.0005774,-0.0005774,-0.0005774,-0.0005074,0.0,-0.0005074,0.0,-0.0005074,0.0
2022-11-01 00:00:00-04:00,0.0013126,0.0,0.0013126,0.0,0.0009826000000000001,0.0,0.0013126,0.0,0.0013126,0.0,0.0009826000000000001,0.0,0.0013126,0.0,0.0013126,0.0,0.0009826000000000001,0.0,0.0010226,0.0,0.0010226,0.0,0.0008826000000000001,0.0,0.0009226000000000001,0.0,0.0009226000000000001,0.0,0.0009226000000000001,0.0,0.0008476,0.0,0.0008476,0.0,0.0008476,0.0
2022-11-02 00:00:00-04:00,0.00033759999999999997,0.0,0.00033759999999999997,0.0,0.00033759999999999997,0.0,0.00025259999999999996,0.0,0.00025259999999999996,0.0,0.00025259999999999996,0.0,0.00025259999999999996,0.0,0.00025259999999999996,0.0,0.00025259999999999996,0.0,8.76e-05,0.0,8.76e-05,0.0,8.76e-05,0.0,8.76e-05,0.0,8.76e-05,0.0,8.76e-05,0.0,-0.0003724,0.0,-0.0003724,0.0,-0.0003724,0.0
2022-11-03 00:00:00-04:00,0.00018759999999999998,0.0,0.00018759999999999998,0.0,0.00018759999999999998,0.0,0.00018759999999999998,0.0,0.00018759999999999998,0.0,0.00018759999999999998,0.0,0.00018759999999999998,0.0,0.00018759999999999998,0.0,0.00018759999999999998,0.0,0.0006626000000000001,0.0,0.0006626000000000001,0.0,0.0005626,0.0,0.0004526,0.0,0.0004526,0.0,0.0009826000000000001,0.0,0.00018759999999999998,0.0,0.00018759999999999998,0.0,0.00018759999999999998,0.0
2022-11-04 00:00:00-04:00,0.0035052,0.0,0.0035052,0.0,0.0025651999999999997,0.0,0.0035052,0.0,0.0035052,0.0,0.0025651999999999997,0.0,0.0035052,0.0,0.0035052,0.0,0.0025651999999999997,0.0,0.0030451999999999996,0.0,0.0030451999999999996,0.0,0.0020652,0.0,0.0030451999999999996,0.0,0.0030451999999999996,0.0,0.0020652,0.0,0.0030451999999999996,0.0,0.0030451999999999996,0.0,0.0020652,0.0
2022-11-07 00:00:00-05:00,-0.0005548,0.0,-0.0005548,0.0,-0.0005548,0.0,-0.0005548,0.0,-0.0005548,0.0,-0.0005548,0.0,-0.0005548,0.0,-0.0005548,0.0,-0.0005548,0.0,-0.0008048,-0.0008048,-0.0008448,-0.0008448,-0.0008448,-0.0008448,-0.0005748000000000001,0.0,-0.0005748000000000001,0.0,-0.0005748000000000001,0.0,-0.0014847999999999999,0.0,-0.0014847999999999999,0.0,-0.0014847999999999999,0.0
2022-11-08 00:00:00-05:00,-0.0017347999999999999,0.0007652,-0.0008748,0.0007652,-0.0008748,0.0007652,-0.0017347999999999999,0.0007652,-0.0008748,0.0007652,-0.0008748,0.0007652,-0.0018147999999999999,0.0007652,-0.0009548,0.0007652,-0.0009548,0.0007652,0.0020452,0.0020452,0.0020452,0.0020452,0.0015252000000000002,0.0015252000000000002,0.0017752,0.0017752,0.0017752,0.0017752,0.0017752,0.0017752,0.0017752,0.0017752,0.0017752,0.0017752,0.0017752,0.0017752
2022-11-09 00:00:00-05:00,-8.48e-05,-0.0016347999999999998,-0.0016447999999999999,-0.0014547999999999998,-0.0016447999999999999,-0.0014547999999999998,-0.0001548,-0.0016347999999999998,-0.0017147999999999998,-0.0017047999999999998,-0.0017147999999999998,-0.0017047999999999998,-0.0012848,-0.0016347999999999998,-0.0028448,-0.0021448,-0.0028448,-0.0021448,7.52e-05,-0.0011648000000000001,-0.0009348000000000001,-0.0009948000000000001,0.0017052,-0.0009948000000000001,-0.0012848,-0.0011648000000000001,-0.0022948,-0.0010848000000000001,-0.0022948,-0.0010848000000000001,-0.0011648000000000001,-0.0011648000000000001,-0.0011648000000000001,-0.0011648000000000001,-0.0011648000000000001,-0.0011648000000000001
2022-11-10 00:00:00-05:00,-7.48e-05,0.0,-7.48e-05,0.0,-7.48e-05,0.0,-7.48e-05,0.0,-7.48e-05,0.0,-7.48e-05,0.0,-7.48e-05,0.0,-7.48e-05,0.0,-7.48e-05,0.0,0.00033519999999999996,0.00033519999999999996,-0.0007348000000000001,-0.0007348000000000001,-0.0007348000000000001,-0.0007348000000000001,0.00033519999999999996,0.00033519999999999996,-0.0007348000000000001,-0.0007348000000000001,-0.0007348000000000001,-0.0007348000000000001,-5.4800000000000004e-05,-5.4800000000000004e-05,-0.0011248,-0.0011248,-0.0011248,-0.0011248
2022-11-11 00:00:00-05:00,-0.0022724,-0.0022724,-0.0007074,-0.0007074,-0.0007074,-0.0007074,-0.0022724,-0.0022724,-0.0007074,-0.0007074,-0.0007074,-0.0007074,-0.0022724,-0.0022724,-0.0009023999999999999,-0.0009023999999999999,-0.0009023999999999999,-0.0009023999999999999,-0.0022724,-0.0022724,-0.0007474,-0.0007474,-0.0007474,-0.0007474,-0.0022724,-0.0022724,-0.0007474,-0.0007474,-0.0007474,-0.0007474,-0.0026324,-0.0026324,-0.0011074,-0.0011074,-0.0011074,-0.0011074
2022-11-14 00:00:00-05:00,-0.0003724,-0.0005824000000000001,-0.0008173999999999999,-0.0008173999999999999,-0.0008173999999999999,-0.0008173999999999999,-0.0007273999999999999,-0.0005824000000000001,-0.0011723999999999999,-0.0005824000000000001,-0.0011723999999999999,-0.0005824000000000001,-0.0007273999999999999,-0.0005824000000000001,-0.0011723999999999999,-0.0005824000000000001,-0.0011723999999999999,-0.0005824000000000001,-0.0007273999999999999,9.76e-05,-0.0005974,-0.0003574,-0.0005974,-0.0003574,9.76e-05,9.76e-05,9.76e-05,9.76e-05,9.76e-05,9.76e-05,-0.00018240000000000002,-0.00018240000000000002,-0.00018240000000000002,-0.00018240000000000002,-0.00018240000000000002,-0.00018240000000000002
2022-11-15 00:00:00-05:00,0.0012376000000000002,-0.0015824,-0.00030740000000000005,-0.00030240000000000003,-0.00030740000000000005,-0.00030240000000000003,0.0011776,-0.0015824,-0.00036740000000000004,-0.0003374,-0.00036740000000000004,-0.0003374,-0.0015824,-0.0015824,-0.0004324,-0.0004324,-0.0004324,-0.0004324,0.0012326000000000001,0.0,0.0012326000000000001,0.0,0.0006426,0.0,0.0010176,0.0,0.0010176,0.0,0.0010726000000000002,0.0,0.0008776000000000001,0.0,0.0008776000000000001,0.0,0.0008776000000000001,0.0
2022-11-16 00:00:00-05:00,0.0010976,-0.0019474000000000002,-0.0007773999999999999,-0.0007423999999999999,-0.0007773999999999999,-0.0007423999999999999,0.0010976,-0.0019474000000000002,-0.0007773999999999999,-0.0007423999999999999,-0.0007773999999999999,-0.0007423999999999999,-0.0019474000000000002,-0.0019474000000000002,-0.0009373999999999999,-0.0009373999999999999,-0.0009373999999999999,-0.0009373999999999999,0.0017825999999999999,0.0,0.0017825999999999999,0.0,0.0008226,0.0,0.0017125999999999999,0.0,0.0017125999999999999,0.0,0.0009626000000000001,0.0,0.0013825999999999999,0.0,0.0013825999999999999,0.0,0.0016225999999999999,0.0
2022-11-17 00:00:00-05:00,-0.0006473999999999999,-0.0006473999999999999,-0.00028240000000000003,-0.00028240000000000003,-0.00028240000000000003,-0.00028240000000000003,0.0003076,-0.0008024,-0.00036740000000000004,-0.0004374,-0.00036740000000000004,-0.0004374,0.0003076,-0.0008024,-0.00036740000000000004,-0.0004374,-0.00036740000000000004,-0.0004374,-0.0005274,-0.0005274,-0.0002524,-0.0002524,0.00042259999999999997,0.00042259999999999997,-0.0005724,-0.0005724,-0.0003324,-0.0003324,0.0005826,0.0005826,-0.0010224,-0.0010224,-0.0007823999999999999,-0.0007823999999999999,-0.0007823999999999999,-0.0007823999999999999
2022-11-18 00:00:00-05:00,0.0005226,0.0005226,0.0005226,0.0005226,0.0009726,0.0009726,0.0003476,0.0003476,0.0003476,0.0003476,0.0003476,0.0003476,7.26e-05,7.26e-05,7.26e-05,7.26e-05,7.26e-05,7.26e-05,0.0002426,0.0002426,0.0002426,0.0002426,0.0002426,0.0002426,0.0002426,0.0002426,0.0002426,0.0002426,0.0002426,0.0002426,7.26e-05,7.26e-05,7.26e-05,7.26e-05,7.26e-05,7.26e-05
2022-11-21 00:00:00-05:00,0.0012975999999999999,0.0012975999999999999,0.0012975999999999999,0.0012975999999999999,0.0012975999999999999,0.0012975999999999999,0.0010576000000000001,0.0010576000000000001,0.0010576000000000001,0.0010576000000000001,0.0010576000000000001,0.0010576000000000001,0.0009376,0.0009376,0.0009376,0.0009376,0.0009376,0.0009376,0.0003926,0.0003926,0.0003926,0.0003926,0.0003926,0.0003926,0.0003276,0.0003276,0.0003276,0.0003276,0.0003276,0.0003276,0.0,0.0,0.0,0.0,0.0,0.0
2022-11-22 00:00:00-05:00,-0.0004424,0.0,-0.0005124,0.0,-0.0005124,0.0,-0.0004424,0.0,-0.0005124,0.0,-0.0005124,0.0,-0.0004424,0.0,-0.0005124,0.0,-0.0005124,0.0,-0.0006424,0.0003276,-0.00026240000000000004,-0.0002574,-0.00026240000000000004,-0.0002574,-0.0007474,0.0003276,-0.00036740000000000004,0.0003276,-0.00036740000000000004,0.0006326,0.0003276,0.0003276,0.0003276,0.0003276,0.0003276,0.0003276
2022-11-23 00:00:00-05:00,0.0001126,-0.0006523999999999999,-0.0005074,-0.00046740000000000003,-0.0005074,-0.00046740000000000003,0.0001126,-0.0006523999999999999,-0.0005074,-0.00046740000000000003,-0.0005074,-0.00046740000000000003,0.0001126,-0.0006523999999999999,-0.0005074,-0.00046740000000000003,-0.0005074,-0.00046740000000000003,-0.0007273999999999999,-0.0007273999999999999,-0.00028240000000000003,-0.00028240000000000003,-0.00028240000000000003,-0.00028240000000000003,-0.0007974,-0.0007974,-0.0003524,-0.0003524,-0.0003524,-0.0003524,-0.0007974,-0.0007974,-0.0003524,-0.0003524,-0.0003524,-0.0003524
2022-11-24 00:00:00-05:00,-0.0003124,0.0,-0.0003124,0.0,-0.0003124,0.0,-0.0003124,0.0,-0.0003124,0.0,-0.0003124,0.0,-0.0003124,0.0,-0.0003124,0.0,-0.0003124,0.0,5.76e-05,5.76e-05,-0.00023740000000000002,-0.00023740000000000002,-0.00023740000000000002,-0.00023740000000000002,5.76e-05,5.76e-05,-0.0002974,-0.0002974,-0.0002974,-0.0002974,5.76e-05,5.76e-05,-0.0002974,-0.0002974,-0.0002974,-0.0002974
2022-11-25 00:00:00-05:00,0.00018759999999999998,0.00018759999999999998,0.00018759999999999998,0.00018759999999999998,0.00018759999999999998,0.00018759999999999998,0.00018759999999999998,0.00018759999999999998,0.00018759999999999998,0.00018759999999999998,0.00018759999999999998,0.00018759999999999998,0.00018759999999999998,0.00018759999999999998,0.00018759999999999998,0.00018759999999999998,0.00018759999999999998,0.00018759999999999998,-0.00042740000000000003,9.26e-05,-0.00019740000000000003,-0.00028240000000000003,-0.00019740000000000003,-0.00028240000000000003,9.26e-05,9.26e-05,9.26e-05,9.26e-05,9.26e-05,9.26e-05,0.0,0.0,0.0,0.0,0.0,0.0
2022-11-28 00:00:00-05:00,0.0005376,0.0005376,0.0005376,0.0005376,0.0005376,0.0005376,0.0005376,0.0005376,0.0005376,0.0005376,0.0005376,0.0005376,0.0005376,0.0005376,0.0005376,0.0005376,0.0005376,0.0005376,-0.00010740000000000001,-0.00010740000000000001,-0.0004824,-0.0004824,-0.0004824,-0.0004824,-0.0002774,-0.0002774,-0.0006523999999999999,-0.0006523999999999999,-0.0006523999999999999,-0.0006523999999999999,-0.0004774,-0.0004774,-0.0008523999999999999,-0.0008523999999999999,-0.0008523999999999999,-0.0008523999999999999
2022-11-29 00:00:00-05:00,-0.0012724,0.0009226000000000001,-0.00028740000000000005,0.0009226000000000001,-0.00028740000000000005,0.0005526,-0.0012724,0.0009226000000000001,-0.00028740000000000005,0.0009226000000000001,-0.00028740000000000005,0.0005526,-0.0012724,0.0009226000000000001,-0.00028740000000000005,0.0009226000000000001,-0.00028740000000000005,0.0005526,-0.0010873999999999999,0.0008826000000000001,-0.00017740000000000003,0.0008826000000000001,-0.00017740000000000003,0.0002026,-0.0011424,0.0008826000000000001,-0.0002324,0.0008826000000000001,-0.0002324,0.0003626,0.0007476000000000001,0.0007476000000000001,0.0007476000000000001,0.0007476000000000001,0.0007526000000000001,0.0007526000000000001
2022-11-30 00:00:00-05:00,-0.0006573999999999999,0.00033759999999999997,-0.0002674,0.00033759999999999997,-0.0002674,0.0004526,-0.0007974,0.00033759999999999997,-0.00040740000000000004,0.00033759999999999997,-0.00040740000000000004,0.00033759999999999997,0.00033759999999999997,0.00033759999999999997,0.00033759999999999997,0.00033759999999999997,0.00033759999999999997,0.00033759999999999997,-0.00038740000000000004,5.76e-05,-0.0002774,5.76e-05,-0.0002774,5.76e-05,5.76e-05,5.76e-05,5.76e-05,5.76e-05,5.76e-05,5.76e-05,-9.24e-05,-9.24e-05,-9.24e-05,-9.24e-05,-9.24e-05,-9.24e-05
2022-12-01 00:00:00-05:00,0.0002426,0.0,0.0002426,0.0,0.0002426,0.0,0.0002426,0.0,0.0002426,0.0,0.0002426,0.0,0.00012759999999999998,0.0,0.00012759999999999998,0.0,0.00012759999999999998,0.0,0.00012759999999999998,-0.0004374,-0.0002774,-0.0002124,-0.0002774,-0.0002124,-2.2400000000000002e-05,-0.0004374,-0.00042740000000000003,-0.0003524,-0.00042740000000000003,-0.0003524,-0.0001574,-0.0004374,-0.0005624,-0.00047240000000000004,-0.0005624,-0.00047240000000000004
2022-12-02 00:00:00-05:00,-1.7400000000000003e-05,0.0,-1.7400000000000003e-05,0.0,-1.7400000000000003e-05,0.0,-1.7400000000000003e-05,0.0,-1.7400000000000003e-05,0.0,-1.7400000000000003e-05,0.0,-1.7400000000000003e-05,0.0,-1.7400000000000003e-05,0.0,-1.7400000000000003e-05,0.0,-0.0003724,4.76e-05,-0.00026240000000000004,4.76e-05,-0.00026240000000000004,4.76e-05,-0.0004224,4.76e-05,-0.00032740000000000004,4.76e-05,-0.00032740000000000004,4.76e-05,4.76e-05,4.76e-05,4.76e-05,4.76e-05,4.76e-05,4.76e-05
2022-12-05 00:00:00-05:00,0.0,0.0,0.0,0.0,0.0,0.0,0.0,0.0,0.0,0.0,0.0,0.0,0.0,0.0,0.0,0.0,0.0,0.0,0.0003476,0.0,0.0003476,0.0,0.0005026,0.0,0.0,0.0,0.0,0.0,0.0,0.0,0.0,0.0,0.0,0.0,0.0,0.0
2022-12-06 00:00:00-05:00,-0.0004574,-0.0004574,-0.0004224,-0.0004224,-0.0004224,-0.0004224,-0.0006973999999999999,-0.0006973999999999999,-0.0006624,-0.0006624,-0.0006624,-0.0006624,-0.0006973999999999999,-0.0006973999999999999,-0.0006624,-0.0006624,-0.0006624,-0.0006624,-0.0008474,-0.0008474,-0.00028740000000000005,-0.00028740000000000005,-0.00028740000000000005,-0.00028740000000000005,0.0005126,0.0,0.0005126,0.0,0.0006226,0.0,0.0005126,0.0,0.0005126,0.0,0.0007126000000000001,0.0
2022-12-07 00:00:00-05:00,-0.0005124,-0.0005124,-0.00042740000000000003,-0.00042740000000000003,-0.00042740000000000003,-0.00042740000000000003,-0.0005124,-0.0005124,-0.00042740000000000003,-0.00042740000000000003,-0.00042740000000000003,-0.00042740000000000003,-0.0006424,-0.0006424,-0.0005574,-0.0005574,-0.0005574,-0.0005574,-0.0005274,-0.0005274,-0.0003124,-0.0003124,-0.0003124,-0.0003124,-0.0005274,-0.0005274,-0.0003124,-0.0003124,-0.0003124,-0.0003124,0.0,0.0,0.0,0.0,0.0,0.0
2022-12-08 00:00:00-05:00,-0.0015948,0.0,-0.0009448000000000001,0.0,0.0017252,0.0,-0.0015948,0.0,-0.0010848000000000001,0.0,0.0020052,0.0,-0.0015948,0.0,-0.0010848000000000001,0.0,0.0020052,0.0,0.0016352,0.0016352,0.0016352,0.0016352,0.0016352,0.0016352,0.0016352,0.0016352,0.0016352,0.0016352,0.0016352,0.0016352,0.0016352,0.0016352,0.0016352,0.0016352,0.0016352,0.0016352
2022-12-09 00:00:00-05:00,-0.0026748,0.0017352000000000001,-0.0008648,0.0017352000000000001,-0.0008648,0.0015852000000000002,-0.0026748,0.0017352000000000001,-0.0008948000000000001,0.0017352000000000001,-0.0008948000000000001,0.0015852000000000002,-0.0026748,0.0017352000000000001,-0.0008948000000000001,0.0017352000000000001,-0.0008948000000000001,0.0015852000000000002,0.0023752,0.0023752,0.0023752,0.0023752,0.0009651999999999999,0.0009651999999999999,0.0018452000000000002,0.0018452000000000002,0.0018452000000000002,0.0018452000000000002,0.0020252,0.0020252,0.0014452,0.0014452,0.0014452,0.0014452,0.0014452,0.0014452
2022-12-12 00:00:00-05:00,-0.0012348,0.0,-0.0015948,0.0,-0.0015948,0.0,-0.0012348,0.0,-0.0015948,0.0,-0.0015948,0.0,-0.0015647999999999999,0.0,-0.0019248,0.0,-0.0019248,0.0,0.0007352,0.0007352,0.0007352,0.0007352,0.0007352,0.0007352,0.00041519999999999995,0.00041519999999999995,0.00041519999999999995,0.00041519999999999995,0.00041519999999999995,0.00041519999999999995,0.0003652,0.0003652,0.0003652,0.0003652,0.0003652,0.0003652
2022-12-13 00:00:00-05:00,0.0006052,0.0006052,-0.0006248,-0.0006248,-0.0006248,-0.0006248,0.0006052,0.0006052,-0.0006248,-0.0006248,-0.0006248,-0.0006248,0.0004252,0.0004252,-0.0008048,-0.0008048,-0.0008048,-0.0008048,-0.0010648,0.0001152,-0.0004848,0.0001152,0.0008052,0.0001152,-0.0012048,0.0001152,-0.0006248,0.0001152,-0.0006248,0.0001152,-0.0016848,0.0001152,-0.0011048,0.0001152,-0.0011048,0.0001152
2022-12-14 00:00:00-05:00,-0.0003124,-0.0003124,-0.0003124,-0.0003124,-0.0003124,-0.0003124,-0.0003124,-0.0003124,-0.0003124,-0.0003124,-0.0003124,-0.0003124,-0.0003124,-0.0003124,-0.0003124,-0.0003124,-0.0003124,-0.0003124,-0.0005724,-0.0005724,-0.00030740000000000005,-0.00030740000000000005,-0.00030740000000000005,-0.00030740000000000005,-0.0006424,-0.0006424,-0.0003774,-0.0003774,-0.0003774,-0.0003774,-0.0007624,-0.0007624,-0.0004974000000000001,-0.0004974000000000001,-0.0004974000000000001,-0.0004974000000000001
2022-12-15 00:00:00-05:00,-0.0050448,-0.0050448,-0.0007048,-0.0007048,-0.0007048,-0.0007048,-0.0053248,-0.0053248,-0.0009848,-0.0009848,-0.0009848,-0.0009848,0.0040652,0.0,0.0040652,0.0,0.0024452000000000002,0.0,0.0050252,0.0,0.0050252,0.0,0.0005051999999999999,0.0,0.0045652,0.0,0.0045652,0.0,0.0014252000000000002,0.0,0.0036252,0.0,0.0036252,0.0,0.0033052,0.0
2022-12-16 00:00:00-05:00,-0.0022648,-0.0022648,-0.0011648000000000001,-0.0011648000000000001,-0.0011648000000000001,-0.0011648000000000001,-0.0022648,-0.0022648,-0.0011648000000000001,-0.0011648000000000001,-0.0011648000000000001,-0.0011648000000000001,-0.0022648,-0.0022648,-0.0011648000000000001,-0.0011648000000000001,-0.0011648000000000001,-0.0011648000000000001,0.0014452,-0.0022048,-0.0006748,-0.00045480000000000005,-0.0006748,0.0007452,-0.0022048,-0.0022048,-0.0007848,-0.0007848,-0.0007848,-0.0007848,-0.0022048,-0.0022048,-0.0007848,-0.0007848,-0.0007848,-0.0007848
2022-12-19 00:00:00-05:00,-0.0002648,-0.0002648,-0.0002648,-0.0002648,-0.0002648,-0.0002648,-0.0006248,-0.0006248,-0.0006248,-0.0006248,-0.0006248,-0.0006248,-0.0006248,-0.0006248,-0.0006248,-0.0006248,-0.0006248,-0.0006248,-0.0010948,-0.0010948,-0.0008948000000000001,-0.0008948000000000001,-0.0008948000000000001,-0.0008948000000000001,-7.48e-05,0.0,-7.48e-05,0.0,-7.48e-05,0.0,-7.48e-05,0.0,-7.48e-05,0.0,-7.48e-05,0.0
2022-12-20 00:00:00-05:00,-0.0043948,-0.0043948,-0.0009048000000000001,-0.0009048000000000001,-0.0009048000000000001,-0.0009048000000000001,-0.0046748,-0.0046748,-0.0011848,-0.0011848,-0.0011848,-0.0011848,-0.0050548,-0.0050548,-0.0015647999999999999,-0.0015647999999999999,-0.0015647999999999999,-0.0015647999999999999,-0.0052248,-0.0052248,-0.00037480000000000006,-0.00037480000000000006,-0.00037480000000000006,-0.00037480000000000006,0.0047052,0.0,-0.0005648000000000001,0.0,-0.0005648000000000001,0.0,0.004605199999999999,0.0,0.004605199999999999,0.0,0.0012452,0.0
2022-12-21 00:00:00-05:00,0.00045519999999999995,0.00045519999999999995,0.00045519999999999995,0.00045519999999999995,0.00045519999999999995,0.00045519999999999995,0.0002252,0.0002252,0.0002252,0.0002252,0.0002252,0.0002252,-3.4800000000000006e-05,-3.4800000000000006e-05,-3.4800000000000006e-05,-3.4800000000000006e-05,-3.4800000000000006e-05,-3.4800000000000006e-05,-0.0009248,-0.0009248,-0.0016148,-0.0016148,-0.0016148,-0.0016148,-0.0009248,-0.0009248,-0.0016148,-0.0016148,-0.0016148,-0.0016148,-0.0010548,0.0,-0.0010548,0.0,-0.0010548,0.0
2022-12-22 00:00:00-05:00,-0.00038480000000000003,-0.00039480000000000006,-0.0006348,-0.00039480000000000006,-0.0006348,-0.00039480000000000006,-0.00047480000000000005,-0.00039480000000000006,-0.0007248,-0.00039480000000000006,-0.0007248,-0.00039480000000000006,-0.00047480000000000005,-0.00039480000000000006,-0.0008148000000000001,-0.00039480000000000006,-0.0008148000000000001,-0.00039480000000000006,-0.00039480000000000006,-0.00039480000000000006,-0.00039480000000000006,-0.00039480000000000006,-0.00039480000000000006,-0.00039480000000000006,-0.0009648,-0.0009648,-0.0009648,-0.0009648,-0.0009648,-0.0009648,-0.0009648,-0.0009648,-0.0009648,-0.0009648,-0.0009648,-0.0009648
2022-12-23 00:00:00-05:00,-0.00039480000000000006,-0.0007248,-0.0010348,-0.0009648,-0.0010348,-0.0009648,-0.0005148,-0.0007248,-0.0011548,-0.0007248,-0.0011548,-0.0007248,-0.0005148,-0.0007248,-0.0011548,-0.0007248,-0.0011548,-0.0007248,0.0006751999999999999,0.0006751999999999999,0.0006751999999999999,0.0006751999999999999,0.0006751999999999999,0.0006751999999999999,-1.4800000000000004e-05,-1.4800000000000004e-05,-1.4800000000000004e-05,-1.4800000000000004e-05,-1.4800000000000004e-05,-1.4800000000000004e-05,-0.0007248,-0.0007248,-0.0007248,-0.0007248,-0.0007248,-0.0007248
2022-12-27 00:00:00-05:00,0.0002352,0.0002352,0.0002352,0.0002352,0.0002352,0.0002352,-5.4800000000000004e-05,-5.4800000000000004e-05,-5.4800000000000004e-05,-5.4800000000000004e-05,-5.4800000000000004e-05,-5.4800000000000004e-05,-0.00035480000000000006,-0.00035480000000000006,-0.00035480000000000006,-0.00035480000000000006,-0.00035480000000000006,-0.00035480000000000006,-0.0004448,-0.0004448,-0.0009048000000000001,-0.0009048000000000001,-0.0009048000000000001,-0.0009048000000000001,-0.0006248,-0.0006248,-0.0010848000000000001,-0.0010848000000000001,-0.0010848000000000001,-0.0010848000000000001,0.0,0.0,0.0,0.0,0.0,0.0
2022-12-28 00:00:00-05:00,0.0008052,0.0008052,-0.0005848,-0.0005848,-0.0005848,-0.0005848,-0.0015447999999999998,0.0006652,-0.0007848,0.0006652,-0.0007848,0.0006652,-0.0017047999999999998,0.0006652,-0.0009448000000000001,0.0006652,-0.0009448000000000001,0.0006652,0.0012752,0.0012752,0.0012752,0.0012752,0.0012752,0.0012752,0.0009452,0.0009452,0.0009452,0.0009452,0.0009452,0.0009452,0.0,0.0,0.0,0.0,0.0,0.0
2022-12-29 00:00:00-05:00,-0.0012348,-0.0012348,-0.0005248000000000001,-0.0005248000000000001,-0.0005248000000000001,-0.0005248000000000001,-0.0013747999999999998,-0.0013747999999999998,-0.0006648,-0.0006648,-0.0006648,-0.0006648,-0.0013747999999999998,-0.0013747999999999998,-0.0007348000000000001,-0.0007348000000000001,-0.0007348000000000001,-0.0007348000000000001,-0.0011448,-0.0011448,-0.0008748,-0.0008748,-0.0008748,-0.0008748,-0.0011448,-0.0011448,-0.0008748,-0.0008748,-0.0008748,-0.0008748,-0.0012748,-0.0012748,-0.0010048000000000001,-0.0010048000000000001,-0.0010048000000000001,-0.0010048000000000001
2022-12-30 00:00:00-05:00,0.0015252000000000002,0.0015252000000000002,0.0015252000000000002,0.0015252000000000002,0.0011652,0.0011652,0.0015252000000000002,0.0015252000000000002,0.0015252000000000002,0.0015252000000000002,0.0011652,0.0011652,0.0013552000000000002,0.0013552000000000002,0.0013552000000000002,0.0013552000000000002,0.0015052000000000002,0.0015052000000000002,-0.0018647999999999998,0.0008052,-0.0008748,0.0008052,-0.0008748,0.0015252000000000002,-0.0018647999999999998,0.0005051999999999999,-0.0010348,0.0005051999999999999,-0.0010348,0.0005051999999999999,-0.0018647999999999998,0.0005051999999999999,-0.0010348,0.0005051999999999999,-0.0010348,0.0005051999999999999
2023-01-03 00:00:00-05:00,-0.0015048,-0.0015048,-0.0015048,-0.0015048,-0.0015048,-0.0015048,-0.0017947999999999998,-0.0017947999999999998,-0.0017947999999999998,-0.0017947999999999998,-0.0017947999999999998,-0.0017947999999999998,-0.0027548000000000004,-0.0027548000000000004,-0.0027548000000000004,-0.0027548000000000004,-0.0027548000000000004,-0.0027548000000000004,-0.0052648,-0.0052648,-0.0017047999999999998,-0.0017047999999999998,-0.0017047999999999998,-0.0017047999999999998,0.0030751999999999997,0.0,0.0030751999999999997,0.0,0.0030751999999999997,0.0,0.0030751999999999997,0.0,0.0030751999999999997,0.0,0.0030751999999999997,0.0
2023-01-04 00:00:00-05:00,0.0020552,0.0,0.0020552,0.0,0.0016252,0.0,0.0020452,0.0,0.0020452,0.0,0.0016452,0.0,0.0017852,0.0,0.0017852,0.0,0.0017852,0.0,0.0008851999999999999,0.0,0.0008851999999999999,0.0,0.0008851999999999999,0.0,0.0007852,0.0,0.0007852,0.0,0.0007852,0.0,0.0004252,0.0,0.0004252,0.0,0.0004252,0.0
2023-01-05 00:00:00-05:00,-0.0019947999999999997,0.0011152,-0.0007648,0.0011152,-0.0007648,0.0012652,-0.0019947999999999997,0.0011152,-0.0007648,0.0011152,-0.0007648,0.0012652,0.0011152,0.0011152,0.0011152,0.0011152,0.0011152,0.0011152,-0.0017347999999999999,0.00034519999999999993,-0.0007948,0.00034519999999999993,-0.0007948,0.00034519999999999993,0.00034519999999999993,0.00034519999999999993,0.00034519999999999993,0.00034519999999999993,0.00034519999999999993,0.00034519999999999993,0.00034519999999999993,0.00034519999999999993,0.00034519999999999993,0.00034519999999999993,0.00034519999999999993,0.00034519999999999993
2023-01-06 00:00:00-05:00,-0.0010748,0.0,-0.0006848000000000001,0.0,0.0012052,0.0,-0.0010748,0.0,-0.0006848000000000001,0.0,0.0012052,0.0,-0.0011848,0.0,-0.0007948,0.0,-0.0007948,0.0,-0.0015447999999999998,0.0011352,-0.00032480000000000003,-0.00033480000000000006,0.0004852,-0.00033480000000000006,-0.0015447999999999998,0.0009551999999999999,-0.0005048,-0.0005148,0.0008451999999999999,-0.0005148,-0.0021647999999999997,0.0009551999999999999,-0.0011248,0.0009551999999999999,-0.0011248,0.0009551999999999999
2023-01-09 00:00:00-05:00,-0.0012048,0.0,-0.0012048,0.0,-0.0012048,0.0,-0.0013548,0.0,-0.0013548,0.0,-0.0013548,0.0,-0.0013548,0.0,-0.0013548,0.0,-0.0013548,0.0,0.0002652,0.0002652,-0.0006048000000000001,-0.0006048000000000001,-0.0006048000000000001,-0.0006048000000000001,1.5199999999999995e-05,1.5199999999999995e-05,-0.0008548000000000001,-0.0008548000000000001,-0.0008548000000000001,-0.0008548000000000001,-0.0012048,0.0,-0.0011848,0.0,-0.0011848,0.0
2023-01-10 00:00:00-05:00,0.0006552,0.0006552,0.0006552,0.0006552,0.0007652,0.0007652,0.0005352,0.0005352,0.0005352,0.0005352,0.0010052,0.0010052,-0.0001148,-0.0001148,-0.0001148,-0.0001148,-0.0001148,-0.0001148,-0.00038480000000000003,-0.0008948000000000001,-0.0006548000000000001,-0.0011048,-0.0006548000000000001,-0.0011048,-0.0005848,-0.0008948000000000001,-0.0008548000000000001,-0.0013248,-0.0008548000000000001,-0.0013248,-0.0008948000000000001,-0.0008948000000000001,-0.0008948000000000001,-0.0008948000000000001,-0.0008948000000000001,-0.0008948000000000001
2023-01-11 00:00:00-05:00,-0.0016748,0.0,-0.0008948000000000001,0.0,-0.0008948000000000001,0.0,-0.0016748,0.0,-0.0008948000000000001,0.0,-0.0008948000000000001,0.0,-0.0016748,0.0,-0.0008948000000000001,0.0,-0.0008948000000000001,0.0,0.0009752,0.0009752,0.0009752,0.0009752,0.0009752,0.0009752,0.0009251999999999999,0.0009251999999999999,0.0009251999999999999,0.0009251999999999999,0.0009251999999999999,0.0009251999999999999,0.0008252,0.0008252,0.0008252,0.0008252,0.0008252,0.0008252
2023-01-12 00:00:00-05:00,6.52e-05,6.52e-05,-0.0005648000000000001,-0.0005648000000000001,-0.0005648000000000001,-0.0005648000000000001,-2.4800000000000003e-05,-2.4800000000000003e-05,-0.0006548000000000001,-0.0006548000000000001,-0.0006548000000000001,-0.0006548000000000001,-2.4800000000000003e-05,-2.4800000000000003e-05,-0.0006548000000000001,-0.0006548000000000001,-0.0006548000000000001,-0.0006548000000000001,-0.0005148,1.5199999999999995e-05,-0.00041480000000000005,-0.00035480000000000006,-0.00041480000000000005,-0.00035480000000000006,1.5199999999999995e-05,1.5199999999999995e-05,-0.0004848,-0.0004848,-0.0004848,-0.0004848,-0.0001248,-0.0001248,-0.0006248,-0.0006248,-0.0006248,-0.0006248
2023-01-13 00:00:00-05:00,-0.00033480000000000006,-0.0006148000000000001,-0.0007448,-0.0006148000000000001,-0.0007448,0.0014852,-0.00033480000000000006,-0.0006148000000000001,-0.0007448,-0.0006148000000000001,-0.0007448,0.0014852,-0.00033480000000000006,-0.0006148000000000001,-0.0007448,-0.0006148000000000001,-0.0007448,0.0014852,-0.0006148000000000001,-0.0006148000000000001,-0.0006148000000000001,-0.0006148000000000001,0.0013652,0.0013652,-0.0014248,-0.0014248,-0.0014248,-0.0014248,-0.0014248,-0.0014248,-0.0016148,-0.0016148,-0.0016148,-0.0016148,-0.0016148,-0.0016148
2023-01-16 00:00:00-05:00,-7.48e-05,-7.48e-05,-0.0012348,-0.0012348,-0.0012348,-0.0012348,-0.0002448,-0.0002448,-0.0014047999999999999,-0.0014047999999999999,-0.0014047999999999999,-0.0014047999999999999,-0.0017247999999999999,0.0,-0.0020548,0.0,-0.0020548,0.0,-0.0009948000000000001,0.0,-0.0005448,0.0,-0.0005448,0.0,-0.0017247999999999999,0.0,-0.0012748,0.0,-0.0012748,0.0,0.0,0.0,0.0,0.0,0.0,0.0
2023-01-17 00:00:00-05:00,0.0006052,0.0006052,0.0006052,0.0006052,0.0006052,0.0006052,0.0006052,0.0006052,0.0006052,0.0006052,0.0006052,0.0006052,0.0006052,0.0006052,0.0006052,0.0006052,0.0006052,0.0006052,0.0007252,0.0007252,0.0007252,0.0007252,0.0007252,0.0007252,0.0002452,0.0002452,0.0002452,0.0002452,0.0002452,0.0002452,-0.0001248,-0.0001248,-0.0001248,-0.0001248,-0.0001248,-0.0001248
2023-01-18 00:00:00-05:00,-0.0022548,-0.0022548,-0.0012048,-0.0012048,-0.0012048,-0.0012048,-0.0022548,-0.0022548,-0.0012048,-0.0012048,-0.0012048,-0.0012048,-0.0026948000000000002,-0.0026948000000000002,-0.0016447999999999999,-0.0016447999999999999,-0.0016447999999999999,-0.0016447999999999999,0.0016952,0.0,-0.0006048000000000001,0.0,-0.0006048000000000001,0.0,0.0015752000000000001,0.0,0.0015752000000000001,0.0,0.0012852,0.0,0.0015752000000000001,0.0,0.0015752000000000001,0.0,0.0012852,0.0
2023-01-19 00:00:00-05:00,0.0006052,0.0006052,0.0006052,0.0006052,0.0006052,0.0006052,0.0006052,0.0006052,0.0006052,0.0006052,0.0006052,0.0006052,0.0006052,0.0006052,0.0006052,0.0006052,0.0006052,0.0006052,-0.0007648,8.52e-05,-0.0005248000000000001,-0.00047480000000000005,-0.0005248000000000001,-0.00047480000000000005,8.52e-05,8.52e-05,-0.0006448000000000001,-0.0006448000000000001,-0.0006448000000000001,-0.0006448000000000001,8.52e-05,8.52e-05,-0.0007848,-0.0007848,-0.0007848,-0.0007848
2023-01-20 00:00:00-05:00,-0.0013747999999999998,-0.0013747999999999998,-0.0006448000000000001,-0.0006448000000000001,-0.0006448000000000001,-0.0006448000000000001,-0.0013747999999999998,-0.0013747999999999998,-0.0006448000000000001,-0.0006448000000000001,-0.0006448000000000001,-0.0006448000000000001,0.0,0.0,0.0,0.0,0.0,0.0,-0.0014647999999999998,-0.0014647999999999998,-0.0007548,-0.0007548,-0.0007548,-0.0007548,-0.0014348,-0.0014348,-0.0007248,-0.0007248,-0.0007248,-0.0007248,-0.0014348,-0.0014348,-0.0007248,-0.0007248,-0.0007248,-0.0007248
2023-01-23 00:00:00-05:00,-0.0009348000000000001,-0.0009348000000000001,-0.0011848,-0.0011848,-0.0011848,-0.0011848,-0.0009348000000000001,-0.0009348000000000001,-0.0011848,-0.0011848,-0.0011848,-0.0011848,0.0,0.0,0.0,0.0,0.0,0.0,0.0004952,0.0,0.0004952,0.0,0.0008451999999999999,0.0,0.00039519999999999996,0.0,0.00039519999999999996,0.0,0.00039519999999999996,0.0,0.00039519999999999996,0.0,0.00039519999999999996,0.0,0.00039519999999999996,0.0
2023-01-24 00:00:00-05:00,0.0001252,0.0001252,-0.0004848,-0.0004848,-0.0004848,-0.0004848,-0.0001548,-0.0001548,-0.0007648,-0.0007648,-0.0007648,-0.0007648,-0.00033480000000000006,-0.00033480000000000006,-0.0009448000000000001,-0.0009448000000000001,-0.0009448000000000001,-0.0009448000000000001,-0.00021480000000000002,0.0,-0.0005548,0.0,-0.0005548,0.0,-0.00021480000000000002,0.0,-0.0005548,0.0,-0.0005548,0.0,-0.0005148,0.0,-0.0008548000000000001,0.0,-0.0008548000000000001,0.0
2023-01-25 00:00:00-05:00,0.0012852,0.0012852,0.0012852,0.0012852,0.0012852,0.0012852,-0.0008248,-0.0008248,-0.0008248,-0.0008248,-0.0008248,-0.0008248,-0.0013947999999999999,-0.0013947999999999999,-0.0013947999999999999,-0.0013947999999999999,-0.0013947999999999999,-0.0013947999999999999,-0.0016648,-0.0016648,-0.0007448,-0.0007448,-0.0007448,-0.0007448,-0.0016648,-0.0016648,-0.0007448,-0.0007448,-0.0007448,-0.0007448,0.0008451999999999999,0.0,0.0008451999999999999,0.0,0.0008451999999999999,0.0
2023-01-26 00:00:00-05:00,0.0014952000000000001,0.0014952000000000001,0.0014952000000000001,0.0014952000000000001,0.0014952000000000001,0.0014952000000000001,0.0008252,0.0008252,0.0008252,0.0008252,0.0008252,0.0008252,0.0006351999999999999,0.0006351999999999999,0.0006351999999999999,0.0006351999999999999,0.0006351999999999999,0.0006351999999999999,0.0013252000000000001,0.0013252000000000001,0.0013252000000000001,0.0013252000000000001,0.0016652000000000001,0.0016652000000000001,0.0013252000000000001,0.0013252000000000001,0.0013252000000000001,0.0013252000000000001,0.0017852,0.0017852,0.0010152,0.0010152,0.0010152,0.0010152,0.0010152,0.0010152
2023-01-27 00:00:00-05:00,1.5199999999999995e-05,-0.0006248,-0.0005448,-0.0004948,-0.0005448,-0.0004948,1.5199999999999995e-05,-0.0006248,-0.0005448,-0.0004948,-0.0005448,-0.0004948,-0.0006248,-0.0006248,-0.0007648,-0.0007648,-0.0007648,-0.0007648,0.0001252,0.0,0.0001252,0.0,0.0001252,0.0,6.52e-05,0.0,6.52e-05,0.0,6.52e-05,0.0,-0.0002648,0.0,-0.0002648,0.0,-0.0002648,0.0
2023-01-30 00:00:00-05:00,0.0022152,0.0,0.0022152,0.0,0.0022152,0.0,0.0022152,0.0,0.0022152,0.0,0.0022152,0.0,0.0019752000000000003,0.0,0.0019752000000000003,0.0,0.0019752000000000003,0.0,0.0018252000000000001,0.0,0.0018252000000000001,0.0,0.0020652,0.0,0.0018252000000000001,0.0,0.0018252000000000001,0.0,0.0020652,0.0,0.0015052000000000002,0.0,0.0015052000000000002,0.0,0.0015052000000000002,0.0
2023-01-31 00:00:00-05:00,-0.0009748000000000001,-0.0009748000000000001,-0.0008748,-0.0008748,-0.0008748,-0.0008748,-0.0009748000000000001,-0.0009748000000000001,-0.0008748,-0.0008748,-0.0008748,-0.0008748,-2.4800000000000003e-05,0.0,-2.4800000000000003e-05,0.0,0.0019852,0.0,0.0004252,-0.0008948000000000001,-0.00036480000000000003,-0.0003148,-0.00036480000000000003,-0.0003148,-0.0008948000000000001,-0.0008948000000000001,-0.0008648,-0.0008648,-0.0008648,-0.0008648,-0.00043480000000000005,0.0,-0.00043480000000000005,0.0,-0.00043480000000000005,0.0
2023-02-01 00:00:00-05:00,-0.0011648000000000001,0.0,-0.0009648,0.0,-0.0009648,0.0,-0.0011648000000000001,0.0,-0.0009648,0.0,-0.0009648,0.0,-0.0013047999999999998,0.0,-0.0011048,0.0,-0.0011048,0.0,0.0010852,0.0010852,0.0010852,0.0010852,0.0010052,0.0010052,0.0010152,0.0010152,0.0010152,0.0010152,0.0011451999999999999,0.0011451999999999999,0.0007652,0.0007652,0.0007652,0.0007652,0.0007652,0.0007652
2023-02-02 00:00:00-05:00,-0.0015748,-0.0015748,-0.0017548,-0.0017548,-0.0017548,-0.0017548,-0.0002448,0.0,-0.0002448,0.0,-0.0002448,0.0,-0.0002448,0.0,-0.0002448,0.0,-0.0002448,0.0,0.0001252,0.0,-0.0008148000000000001,0.0,-0.0008148000000000001,0.0,0.0001252,0.0,-0.0008348,0.0,-0.0008348,0.0,-0.0007148,0.0,-0.0016748,0.0,-0.0016748,0.0
2023-02-03 00:00:00-05:00,0.0029051999999999997,0.0,0.0029051999999999997,0.0,0.0029051999999999997,0.0,0.0023252,0.0,0.0023252,0.0,0.0023252,0.0,0.0013652,0.0,0.0013652,0.0,0.0013652,0.0,0.0013652,0.0,0.0013652,0.0,0.0020052,0.0,0.0013652,0.0,0.0013652,0.0,0.0020052,0.0,0.0013652,0.0,0.0013652,0.0,0.0020052,0.0
2023-02-06 00:00:00-05:00,-0.0017448,-0.0017448,-0.0018047999999999999,-0.0018047999999999999,-0.0018047999999999999,-0.0018047999999999999,-0.0017448,-0.0017448,-0.0018047999999999999,-0.0018047999999999999,-0.0018047999999999999,-0.0018047999999999999,-0.00021480000000000002,0.0,-0.00021480000000000002,0.0,-0.00021480000000000002,0.0,0.0011152,-0.0017347999999999999,-0.0005048,-0.0005248000000000001,-0.0005048,-0.0005248000000000001,-0.0017347999999999999,-0.0017347999999999999,-0.0006848000000000001,-0.0006848000000000001,-0.0006848000000000001,-0.0006848000000000001,-0.0020748,-0.0020748,-0.0016547999999999999,-0.0016547999999999999,-0.0016547999999999999,-0.0016547999999999999
2023-02-07 00:00:00-05:00,-6.48e-05,-6.48e-05,-6.48e-05,-6.48e-05,-6.48e-05,-6.48e-05,-6.48e-05,-6.48e-05,-6.48e-05,-6.48e-05,-6.48e-05,-6.48e-05,-0.0006048000000000001,-0.0006048000000000001,-0.0006048000000000001,-0.0006048000000000001,-0.0006048000000000001,-0.0006048000000000001,-0.0014747999999999999,-0.0014747999999999999,-0.0005748000000000001,-0.0005748000000000001,-0.0005748000000000001,-0.0005748000000000001,0.0008152,0.0,0.0008152,0.0,0.0008152,0.0,0.0008052,0.0,0.0008052,0.0,0.0008052,0.0
2023-02-08 00:00:00-05:00,-0.0015848,-4.4800000000000005e-05,-0.0014547999999999998,-4.4800000000000005e-05,-0.0014547999999999998,-4.4800000000000005e-05,-0.0015848,-4.4800000000000005e-05,-0.0014547999999999998,-4.4800000000000005e-05,-0.0014547999999999998,-4.4800000000000005e-05,-0.0015848,-4.4800000000000005e-05,-0.0014547999999999998,-4.4800000000000005e-05,-0.0014547999999999998,-4.4800000000000005e-05,-0.0009648,0.0001652,-0.0006448000000000001,-0.0006348,-0.0006448000000000001,0.0011052,0.0001652,0.0001652,0.0001652,0.0001652,0.0001652,0.0001652,-4.4800000000000005e-05,-4.4800000000000005e-05,-4.4800000000000005e-05,-4.4800000000000005e-05,-4.4800000000000005e-05,-4.4800000000000005e-05
2023-02-09 00:00:00-05:00,0.0016852000000000002,0.0016852000000000002,0.0016852000000000002,0.0016852000000000002,0.0014452,0.0014452,0.0016852000000000002,0.0016852000000000002,0.0016852000000000002,0.0016852000000000002,0.0016652000000000001,0.0016652000000000001,0.0014652,0.0014652,0.0014652,0.0014652,0.0014652,0.0014652,0.0009052,0.0009052,-0.0006448000000000001,-0.0006448000000000001,-0.0006448000000000001,-0.0006448000000000001,0.0009052,0.0009052,-0.0006448000000000001,-0.0006448000000000001,-0.0006448000000000001,-0.0006448000000000001,0.0007752,0.0007752,-0.0007748000000000001,-0.0007748000000000001,-0.0007748000000000001,-0.0007748000000000001
2023-02-10 00:00:00-05:00,-0.0017947999999999998,-0.0017947999999999998,-0.0007648,-0.0007648,-0.0007648,-0.0007648,0.0006952,0.0,0.0006952,0.0,0.0006952,0.0,0.0006952,0.0,0.0006952,0.0,0.0006952,0.0,-0.0007448,-0.0007448,-0.0005048,-0.0005048,-0.0005048,-0.0005048,0.0002052,0.0,0.0002052,0.0,0.0010852,0.0,5.199999999999996e-06,0.0,5.199999999999996e-06,0.0,5.199999999999996e-06,0.0
2023-02-13 00:00:00-05:00,-0.0009248,0.0,-0.0009248,0.0,-0.0009248,0.0,-0.0013248,0.0,-0.0013248,0.0,-0.0013248,0.0,-0.0016848,0.0,-0.0016848,0.0,-0.0016848,0.0,-0.0023447999999999997,0.0,-0.0018047999999999999,0.0,-0.0018047999999999999,0.0,0.0,0.0,0.0,0.0,0.0,0.0,0.0,0.0,0.0,0.0,0.0,0.0
2023-02-14 00:00:00-05:00,-0.0008548000000000001,0.0,-0.0007248,0.0,-0.0007248,0.0,-0.0008548000000000001,0.0,-0.0007248,0.0,-0.0007248,0.0,-0.0008548000000000001,0.0,-0.0007248,0.0,-0.0007248,0.0,-0.0012548000000000001,0.0,-0.0008248,0.0,-0.0008248,0.0,-0.0014047999999999999,0.0,-0.0009748000000000001,0.0,-0.0009748000000000001,0.0,-0.0016347999999999998,0.0,-0.0012048,0.0,-0.0012048,0.0
2023-02-15 00:00:00-05:00,0.0024852,0.0,0.0024852,0.0,0.0016652000000000001,0.0,0.0024852,0.0,0.0024852,0.0,0.0016652000000000001,0.0,0.0024852,0.0,0.0024852,0.0,0.0016652000000000001,0.0,-0.0025147999999999998,-0.0025147999999999998,-0.0007348000000000001,-0.0007348000000000001,-0.0007348000000000001,-0.0007348000000000001,0.0014252000000000002,0.0,0.0014252000000000002,0.0,0.0014252000000000002,0.0,0.0011551999999999999,0.0,0.0011551999999999999,0.0,0.0011551999999999999,0.0
2023-02-16 00:00:00-05:00,0.0010352,0.0010352,0.0010352,0.0010352,0.0010651999999999999,0.0010651999999999999,0.0009651999999999999,0.0009651999999999999,0.0009651999999999999,0.0009651999999999999,0.0012052,0.0012052,0.0007652,0.0007652,0.0007652,0.0007652,0.0007652,0.0007652,-0.0005048,-0.0005048,-0.0009948000000000001,-0.0009948000000000001,-0.0009948000000000001,-0.0009948000000000001,-0.0005048,-0.0005048,-0.0009948000000000001,-0.0009948000000000001,-0.0009948000000000001,-0.0009948000000000001,-0.0005048,-0.0005048,-0.0009948000000000001,-0.0009948000000000001,-0.0009948000000000001,-0.0009948000000000001
2023-02-17 00:00:00-05:00,0.0008052,0.0,0.0008052,0.0,0.0008052,0.0,0.0006452,0.0,0.0006452,0.0,0.0006452,0.0,0.0006452,0.0,0.0006452,0.0,0.0006452,0.0,-0.0019048,-0.0019048,-0.0008748,-0.0008748,-0.0008748,-0.0008748,0.0008552,0.0,0.0008552,0.0,0.0008552,0.0,0.0005652,0.0,0.0005652,0.0,0.0005652,0.0
2023-02-20 00:00:00-05:00,0.0001352,0.0001352,0.0001352,0.0001352,0.0001352,0.0001352,0.0001352,0.0001352,0.0001352,0.0001352,0.0001352,0.0001352,0.0001352,0.0001352,0.0001352,0.0001352,0.0001352,0.0001352,0.0007551999999999999,0.0007551999999999999,0.0007551999999999999,0.0007551999999999999,0.0013852,0.0013852,0.00045519999999999995,0.00045519999999999995,0.00045519999999999995,0.00045519999999999995,0.00045519999999999995,0.00045519999999999995,0.00045519999999999995,0.00045519999999999995,0.00045519999999999995,0.00045519999999999995,0.00045519999999999995,0.00045519999999999995
2023-02-21 00:00:00-05:00,-0.0024048,-0.0024048,-0.0007348000000000001,-0.0007348000000000001,-0.0007348000000000001,-0.0007348000000000001,-0.0024048,-0.0024048,-0.0007348000000000001,-0.0007348000000000001,-0.0007348000000000001,-0.0007348000000000001,0.0015452,0.0,0.0015452,0.0,0.0014652,0.0,-0.0012548000000000001,-0.0012548000000000001,-0.0006848000000000001,-0.0006848000000000001,-0.0006848000000000001,-0.0006848000000000001,-0.0012548000000000001,-0.0012548000000000001,-0.0006848000000000001,-0.0006848000000000001,-0.0006848000000000001,-0.0006848000000000001,-0.0016447999999999999,-0.0016447999999999999,-0.0010748,-0.0010748,-0.0010748,-0.0010748
2023-02-22 00:00:00-05:00,0.0003652,0.0003652,0.0003652,0.0003652,0.0010052,0.0010052,0.0003652,0.0003652,0.0003652,0.0003652,0.0003652,0.0003652,0.0001152,0.0001152,0.0001152,0.0001152,0.0001152,0.0001152,-0.00022480000000000002,-0.00022480000000000002,-0.0007048,-0.0007048,-0.0007048,-0.0007048,-0.0002848,-0.0002848,-0.0007648,-0.0007648,-0.0007648,-0.0007648,-0.0002848,-0.0002848,-0.0007648,-0.0007648,-0.0007648,-0.0007648
2023-02-23 00:00:00-05:00,-0.0001648,-0.0001648,-0.0001648,-0.0001648,-0.0001648,-0.0001648,-0.0001648,-0.0001648,-0.0001648,-0.0001648,-0.0001648,-0.0001648,-0.0001648,-0.0001648,-0.0001648,-0.0001648,-0.0001648,-0.0001648,0.0002852,0.0002852,0.0002852,0.0002852,0.0006852,0.0006852,-0.0001648,-0.0001648,-0.0001648,-0.0001648,-0.0001648,-0.0001648,-0.0007548,-0.0007548,-0.0007548,-0.0007548,-0.0007548,-0.0007548
2023-02-24 00:00:00-05:00,0.0009052,-0.0016948,-0.0006048000000000001,-0.0005748000000000001,-0.0006048000000000001,-0.0005748000000000001,-0.0016948,-0.0016948,-0.0010448,-0.0010448,-0.0010448,-0.0010448,-0.0016948,-0.0016948,-0.0010548,-0.0010548,-0.0010548,-0.0010548,0.0012351999999999999,0.0,0.0012351999999999999,0.0,0.0012351999999999999,0.0,0.0006852,0.0,0.0006852,0.0,0.0006852,0.0,0.0,0.0,0.0,0.0,0.0,0.0
2023-02-27 00:00:00-05:00,0.0009551999999999999,0.0009551999999999999,0.0009551999999999999,0.0009551999999999999,0.0009551999999999999,0.0009551999999999999,0.0009551999999999999,0.0009551999999999999,0.0009551999999999999,0.0009551999999999999,0.0009551999999999999,0.0009551999999999999,0.00033519999999999996,0.00033519999999999996,0.00033519999999999996,0.00033519999999999996,0.00033519999999999996,0.00033519999999999996,0.00033519999999999996,0.00033519999999999996,-0.0005448,-0.0005448,-0.0005448,-0.0005448,0.00033519999999999996,0.00033519999999999996,-0.0005448,-0.0005448,-0.0005448,-0.0005448,-0.0010148,0.0,-0.0010148,0.0,-0.0010148,0.0
2023-02-28 00:00:00-05:00,0.0018152,-0.0027048000000000003,-0.0008248,-0.0007848,-0.0008248,-0.0007848,0.0018152,-0.0027048000000000003,-0.0008248,-0.0007848,-0.0008248,-0.0007848,-0.0027048000000000003,-0.0027048000000000003,-0.0008748,-0.0008748,-0.0008748,-0.0008748,-0.0029648,-0.0029648,-0.0007948,-0.0007948,-0.0007948,-0.0007948,-0.0034148000000000004,-0.0034148000000000004,-0.0012448000000000001,-0.0012448000000000001,-0.0012448000000000001,-0.0012448000000000001,0.0019452,0.0,0.0019452,0.0,0.0019452,0.0
2023-03-01 00:00:00-05:00,-0.0032148000000000003,0.0024052,-0.0007148,0.0024052,0.0012652,0.0010852,-0.0036148,0.0024052,-0.0011148,0.0024052,-0.0011148,0.0020652,-0.0040048,0.0024052,-0.0015048,0.0024052,-0.0015048,0.0024052,0.0037852,0.0037852,0.0037852,0.0037852,0.0018252000000000001,0.0018252000000000001,0.0033751999999999996,0.0033751999999999996,0.0033751999999999996,0.0033751999999999996,0.0026452,0.0026452,0.0024652000000000003,0.0024652000000000003,0.0024652000000000003,0.0024652000000000003,0.0024652000000000003,0.0024652000000000003
2023-03-02 00:00:00-05:00,-0.0044348,-0.0044348,-0.0005348,-0.0005348,-0.0005348,-0.0005348,-0.0044348,-0.0044348,-0.0005448,-0.0005448,-0.0005448,-0.0005448,-0.0046848,-0.0046848,-0.0007948,-0.0007948,-0.0007948,-0.0007948,0.0010852,0.0,0.0010852,0.0,0.0010852,0.0,0.0010852,0.0,0.0010852,0.0,0.0010852,0.0,0.0,0.0,0.0,0.0,0.0,0.0
2023-03-03 00:00:00-05:00,0.00043519999999999995,0.0,-0.0006648,0.0,-0.0006648,0.0,0.00043519999999999995,0.0,-0.0006648,0.0,-0.0006648,0.0,0.0001652,0.0,-0.0009348000000000001,0.0,-0.0009348000000000001,0.0,0.0002952,0.0,0.0002952,0.0,0.0002952,0.0,0.0002952,0.0,0.0002952,0.0,0.0002952,0.0,-0.00033480000000000006,0.0,-0.00033480000000000006,0.0,-0.00033480000000000006,0.0
2023-03-06 00:00:00-05:00,0.0010152,0.0010152,0.0010152,0.0010152,0.0010152,0.0010152,0.0010152,0.0010152,0.0010152,0.0010152,0.0010152,0.0010152,0.0010152,0.0010152,0.0010152,0.0010152,0.0010152,0.0010152,0.0013352000000000001,0.0013352000000000001,0.0013352000000000001,0.0013352000000000001,0.0013452000000000002,0.0013452000000000002,0.0013352000000000001,0.0013352000000000001,0.0013352000000000001,0.0013352000000000001,0.0017852,0.0017852,-4.800000000000004e-06,-4.800000000000004e-06,-4.800000000000004e-06,-4.800000000000004e-06,-4.800000000000004e-06,-4.800000000000004e-06
2023-03-07 00:00:00-05:00,0.0001252,0.0001252,0.0001252,0.0001252,0.0014052000000000001,0.0014052000000000001,0.0001252,0.0001252,0.0001252,0.0001252,0.0014052000000000001,0.0014052000000000001,-1.4800000000000004e-05,-1.4800000000000004e-05,-1.4800000000000004e-05,-1.4800000000000004e-05,-1.4800000000000004e-05,-1.4800000000000004e-05,-0.00023480000000000002,-0.00023480000000000002,-0.00023480000000000002,-0.00023480000000000002,0.0013252000000000001,0.0013252000000000001,-0.0004248,-0.0004248,-0.0004248,-0.0004248,-0.0004248,-0.0004248,-0.0011248,-0.0011248,-0.0011248,-0.0011248,-0.0011248,-0.0011248
2023-03-08 00:00:00-05:00,0.0004652,0.0,0.0004652,0.0,0.0004652,0.0,0.0004652,0.0,0.0004652,0.0,0.0004652,0.0,0.0004652,0.0,0.0004652,0.0,0.0004652,0.0,-0.0009148,-0.0009148,-0.0006848000000000001,-0.0006848000000000001,-0.0006848000000000001,-0.0006848000000000001,-0.0011448,-0.0011448,-0.0009148,-0.0009148,-0.0009148,-0.0009148,7.52e-05,0.0,7.52e-05,0.0,7.52e-05,0.0
2023-03-09 00:00:00-05:00,0.0014778,0.0,0.0014778,0.0,0.0014778,0.0,0.0014778,0.0,0.0014778,0.0,0.0014778,0.0,0.0014778,0.0,0.0014778,0.0,0.0014778,0.0,-0.00038219999999999997,0.0,-0.00038219999999999997,0.0,-0.00038219999999999997,0.0,-0.00038219999999999997,0.0,-0.00038219999999999997,0.0,-0.00038219999999999997,0.0,0.0,0.0,0.0,0.0,0.0,0.0
2023-03-10 00:00:00-05:00,-0.0015072,0.0,-0.0015072,0.0,-0.0015072,0.0,-0.0015072,0.0,-0.0015072,0.0,-0.0015072,0.0,-0.0015072,0.0,-0.0015072,0.0,-0.0015072,0.0,-0.0001122,-0.0001122,-0.0016722,-0.0016722,-0.0016722,-0.0016722,-0.0008022,-0.0008022,-0.0026022000000000003,-0.0026022000000000003,-0.0026022000000000003,-0.0026022000000000003,-0.0023622,0.0,-0.0031122000000000003,0.0,-0.0031122000000000003,0.0
2023-03-13 00:00:00-04:00,0.0039378,0.0039378,0.0039378,0.0039378,0.0039378,0.0039378,0.0015828,0.0015828,0.0015828,0.0015828,0.0015828,0.0015828,0.0015828,0.0015828,0.0015828,0.0015828,0.0015828,0.0015828,0.0033978,0.0033978,-0.0018972,-0.0018972,-0.0018972,-0.0018972,-0.0055572,0.0023628,-0.0021372,0.0023628,-0.0021372,0.0023628,-0.0060972000000000005,0.0023628,-0.0028272,0.0023628,-0.0028272,0.0023628
2023-03-14 00:00:00-04:00,0.0003678,0.0003678,-0.0021522,-0.0021522,-0.0021522,-0.0021522,0.0003678,0.0003678,-0.0021522,-0.0021522,-0.0021522,-0.0021522,0.0001428,0.0001428,-0.0023772,-0.0023772,-0.0023772,-0.0023772,0.0001428,0.0001428,-0.0022722,-0.0022722,-0.0022722,-0.0022722,-0.0008472,-0.0008472,-0.0032622000000000003,-0.0032622000000000003,-0.0032622000000000003,-0.0032622000000000003,-0.0018972,-0.0018972,-0.0043122,-0.0043122,-0.0043122,-0.0043122
2023-03-15 00:00:00-04:00,-0.0017147999999999998,0.0008252,-0.0007748000000000001,0.0008252,-0.0007748000000000001,0.0011852,-0.0017748,0.0008252,-0.0008348,0.0008252,-0.0008348,0.0008252,-0.0018647999999999998,0.0008252,-0.0009248,0.0008252,-0.0009248,0.0008252,0.0011451999999999999,0.0011451999999999999,0.0011451999999999999,0.0011451999999999999,0.0012652,0.0012652,0.0011451999999999999,0.0011451999999999999,0.0011451999999999999,0.0011451999999999999,0.0013452000000000002,0.0013452000000000002,0.0010352,0.0010352,0.0010352,0.0010352,0.0015652,0.0015652
2023-03-16 00:00:00-04:00,1.5199999999999995e-05,1.5199999999999995e-05,1.5199999999999995e-05,1.5199999999999995e-05,0.0016252,0.0016252,-0.0004848,-0.0004848,-0.0004848,-0.0004848,-0.0004848,-0.0004848,-0.0010048000000000001,-0.0010048000000000001,-0.0010048000000000001,-0.0010048000000000001,-0.0010048000000000001,-0.0010048000000000001,-0.0013947999999999999,-0.0013947999999999999,-0.0015647999999999999,-0.0015647999999999999,-0.0015647999999999999,-0.0015647999999999999,-0.0017947999999999998,-0.0017947999999999998,-0.0019648,-0.0019648,-0.0019648,-0.0019648,0.0,0.0,0.0,0.0,0.0,0.0
2023-03-17 00:00:00-04:00,0.0017752,0.0017752,0.0017752,0.0017752,0.0017752,0.0017752,0.0017752,0.0017752,0.0017752,0.0017752,0.0017752,0.0017752,0.0017152,0.0017152,0.0017152,0.0017152,0.0017152,0.0017152,-0.0023247999999999997,0.0014452,-0.0007348000000000001,0.0014452,-0.0007348000000000001,0.0013252000000000001,-0.0024947999999999997,0.0014452,-0.0009048000000000001,0.0014452,-0.0009048000000000001,0.0014452,0.0014452,0.0014452,0.0014452,0.0014452,0.0014452,0.0014452
2023-03-20 00:00:00-04:00,0.0038052,0.0,0.0038052,0.0,0.0038052,0.0,0.0034452,0.0,0.0034452,0.0,0.0034452,0.0,0.0034452,0.0,0.0034452,0.0,0.0034452,0.0,0.0049252,0.0,0.0049252,0.0,0.0021852,0.0,0.0049252,0.0,0.0049252,0.0,0.0024252,0.0,0.0049252,0.0,0.0049252,0.0,0.0024252,0.0
2023-03-21 00:00:00-04:00,-0.0010648,-0.0004948,-0.0007348000000000001,-0.0014647999999999998,-0.0007348000000000001,-0.0014647999999999998,-0.0010648,-0.0004948,-0.0007748000000000001,-0.0014647999999999998,-0.0007748000000000001,-0.0014647999999999998,-0.0010648,-0.0004948,-0.0007748000000000001,-0.0014647999999999998,-0.0007748000000000001,-0.0014647999999999998,0.0004852,0.0004852,-0.0005848,-0.0005848,0.0010052,0.0010052,0.0,0.0,0.0,0.0,0.0,0.0,0.0,0.0,0.0,0.0,0.0,0.0
2023-03-22 00:00:00-04:00,-0.0006948000000000001,-0.0001348,-0.0007048,-0.0001348,-0.0007048,-0.0001348,-0.0006948000000000001,-0.0001348,-0.0007048,-0.0001348,-0.0007048,-0.0001348,-0.0006948000000000001,-0.0001348,-0.0007048,-0.0001348,-0.0007048,-0.0001348,5.199999999999996e-06,5.199999999999996e-06,5.199999999999996e-06,5.199999999999996e-06,5.199999999999996e-06,5.199999999999996e-06,5.199999999999996e-06,5.199999999999996e-06,5.199999999999996e-06,5.199999999999996e-06,5.199999999999996e-06,5.199999999999996e-06,5.199999999999996e-06,5.199999999999996e-06,5.199999999999996e-06,5.199999999999996e-06,5.199999999999996e-06,5.199999999999996e-06
2023-03-23 00:00:00-04:00,0.0026952,0.0026952,0.0026952,0.0026952,0.0024652000000000003,0.0024652000000000003,0.0026952,0.0026952,0.0026952,0.0026952,0.0024652000000000003,0.0024652000000000003,0.0026952,0.0026952,0.0026952,0.0026952,0.0024652000000000003,0.0024652000000000003,0.0026952,0.0026952,0.0026952,0.0026952,0.0016452,0.0016452,0.0026152,0.0026152,0.0026152,0.0026152,0.0018052,0.0018052,0.0022052,0.0022052,0.0022052,0.0022052,0.0022052,0.0022052
2023-03-24 00:00:00-04:00,-0.0011948,0.0,-0.0014547999999999998,0.0,-0.0014547999999999998,0.0,-0.0014948,0.0,-0.0017548,0.0,-0.0017548,0.0,-0.0018647999999999998,0.0,-0.0021248,0.0,-0.0021248,0.0,-0.0013548,0.0,-0.0010348,0.0,-0.0010348,0.0,-0.0013548,0.0,-0.0010348,0.0,-0.0010348,0.0,-0.0013548,0.0,-0.0010348,0.0,-0.0010348,0.0
2023-03-27 00:00:00-04:00,0.0001452,0.0001452,0.0001452,0.0001452,0.0001452,0.0001452,0.0001452,0.0001452,0.0001452,0.0001452,0.0001452,0.0001452,-0.0002548,-0.0002548,-0.0002548,-0.0002548,-0.0002548,-0.0002548,-0.0008948000000000001,-0.0002548,-0.0010448,-0.0006248,-0.0010448,-0.0006248,-0.0013648,-0.0002548,-0.0015148,-0.0002548,-0.0015148,-0.0002548,-0.0002548,-0.0002548,-0.0002548,-0.0002548,-0.0002548,-0.0002548
2023-03-28 00:00:00-04:00,-0.0007748000000000001,0.0001652,-0.0004648,-0.0004948,-0.0004648,-0.0004948,0.0001652,0.0001652,-0.0005948,-0.0005948,-0.0005948,-0.0005948,9.52e-05,9.52e-05,-0.0006748,-0.0006748,-0.0006748,-0.0006748,-0.0004948,0.0,-0.0006148000000000001,0.0,-0.0006148000000000001,0.0,-0.0006848000000000001,0.0,-0.0008048,0.0,-0.0008048,0.0,-0.0006848000000000001,0.0,-0.0008048,0.0,-0.0008048,0.0
2023-03-29 00:00:00-04:00,-0.0030148,0.0024052,-0.0005048,0.0024052,-0.0005048,0.0009251999999999999,-0.0030148,0.0023652,-0.0005948,0.0023652,-0.0005948,0.0010052,0.0023652,0.0023652,0.0023652,0.0023652,0.0012052,0.0012052,0.0015352,0.0015352,0.0015352,0.0015352,0.0015652,0.0015652,0.0015352,0.0015352,0.0015352,0.0015352,0.0015652,0.0015652,0.0013652,0.0013652,0.0013652,0.0013652,0.0013652,0.0013652
2023-03-30 00:00:00-04:00,-0.0016848,0.0,-0.0008348,0.0,-0.0008348,0.0,-0.0016848,0.0,-0.0008348,0.0,-0.0008348,0.0,-0.0020047999999999997,0.0,-0.0011548,0.0,-0.0011548,0.0,0.0018152,0.0018152,0.0018152,0.0018152,0.0010852,0.0010852,0.0017852,0.0017852,0.0017852,0.0017852,0.0011451999999999999,0.0011451999999999999,0.0014352000000000002,0.0014352000000000002,0.0014352000000000002,0.0014352000000000002,0.0014352000000000002,0.0014352000000000002
2023-03-31 00:00:00-04:00,0.0001352,0.0001352,0.0001352,0.0001352,0.0014052000000000001,0.0014052000000000001,0.0001352,0.0001352,0.0001352,0.0001352,0.0014052000000000001,0.0014052000000000001,0.0001352,0.0001352,0.0001352,0.0001352,0.0014052000000000001,0.0014052000000000001,-0.0011148,-0.0011148,-0.0011748,-0.0011748,-0.0011748,-0.0011748,-0.0015948,-0.0015948,-0.0016547999999999999,-0.0016547999999999999,-0.0016547999999999999,-0.0016547999999999999,0.0,0.0,0.0,0.0,0.0,0.0
2023-04-03 00:00:00-04:00,-0.0005748000000000001,0.0,-0.0005748000000000001,0.0,-0.0005748000000000001,0.0,-0.0005748000000000001,0.0,-0.0005748000000000001,0.0,-0.0005748000000000001,0.0,-0.0005748000000000001,0.0,-0.0005748000000000001,0.0,-0.0005748000000000001,0.0,0.0,0.0,0.0,0.0,0.0,0.0,0.0,0.0,0.0,0.0,0.0,0.0,0.0,0.0,0.0,0.0,0.0,0.0
2023-04-04 00:00:00-04:00,-0.0005148,0.0,-0.0007748000000000001,0.0,-0.0007748000000000001,0.0,-0.0005148,0.0,-0.0007748000000000001,0.0,-0.0007748000000000001,0.0,-0.0005148,0.0,-0.0007748000000000001,0.0,-0.0007748000000000001,0.0,-3.4800000000000006e-05,-3.4800000000000006e-05,-0.0007748000000000001,-0.0007748000000000001,-0.0007748000000000001,-0.0007748000000000001,-0.0007948,0.0,-0.0010348,0.0,-0.0010348,0.0,-0.0007948,0.0,-0.0010348,0.0,-0.0010348,0.0
2023-04-05 00:00:00-04:00,-0.00036480000000000003,-0.00036480000000000003,-0.0004648,-0.0004648,-0.0004648,-0.0004648,-0.00036480000000000003,-0.00036480000000000003,-0.0004648,-0.0004648,-0.0004648,-0.0004648,-0.0005448,-0.0005448,-0.0006448000000000001,-0.0006448000000000001,-0.0006448000000000001,-0.0006448000000000001,0.00033519999999999996,0.0,0.00033519999999999996,0.0,0.0007252,0.0,0.0002752,0.0,0.0002752,0.0,0.0008451999999999999,0.0,-2.4800000000000003e-05,0.0,-2.4800000000000003e-05,0.0,-2.4800000000000003e-05,0.0
2023-04-06 00:00:00-04:00,0.0001352,0.0,0.0001352,0.0,0.0014052000000000001,0.0,0.0001352,0.0,0.0001352,0.0,0.0014052000000000001,0.0,0.0001352,0.0,0.0001352,0.0,0.0014052000000000001,0.0,-0.0006548000000000001,0.0,-0.0006548000000000001,0.0,-0.0006548000000000001,0.0,-0.0007948,0.0,-0.0007948,0.0,-0.0007948,0.0,-0.0007948,0.0,-0.0007948,0.0,-0.0007948,0.0
2023-04-07 00:00:00-04:00,2.5199999999999996e-05,2.5199999999999996e-05,2.5199999999999996e-05,2.5199999999999996e-05,2.5199999999999996e-05,2.5199999999999996e-05,2.5199999999999996e-05,2.5199999999999996e-05,2.5199999999999996e-05,2.5199999999999996e-05,2.5199999999999996e-05,2.5199999999999996e-05,2.5199999999999996e-05,2.5199999999999996e-05,2.5199999999999996e-05,2.5199999999999996e-05,2.5199999999999996e-05,2.5199999999999996e-05,-0.00038480000000000003,0.0,-0.00045480000000000005,0.0,-0.00045480000000000005,0.0,-0.00038480000000000003,0.0,-0.0004948,0.0,-0.0004948,0.0,-0.0005748000000000001,0.0,-0.0006848000000000001,0.0,-0.0006848000000000001,0.0
2023-04-10 00:00:00-04:00,-0.0033748000000000003,-0.0033748000000000003,-0.0012848,-0.0012848,-0.0012848,-0.0012848,0.0018052,0.0,0.0018052,0.0,0.0018052,0.0,0.0018052,0.0,0.0018052,0.0,0.0018052,0.0,0.0013752,0.0,0.0013752,0.0,0.0013252000000000001,0.0,0.0011052,0.0,0.0011052,0.0,0.0011052,0.0,0.0011052,0.0,0.0011052,0.0,0.0011052,0.0
2023-04-11 00:00:00-04:00,-0.0005148,-0.0005148,-0.0005148,-0.0005148,-0.0005148,-0.0005148,-0.0005148,-0.0005148,-0.0005148,-0.0005148,-0.0005148,-0.0005148,-0.0005748000000000001,-0.0005748000000000001,-0.0005748000000000001,-0.0005748000000000001,-0.0005748000000000001,-0.0005748000000000001,-8.48e-05,0.0,-8.48e-05,0.0,-8.48e-05,0.0,-8.48e-05,0.0,-8.48e-05,0.0,-8.48e-05,0.0,-0.0004948,0.0,-0.0004948,0.0,-0.0004948,0.0
2023-04-12 00:00:00-04:00,-0.0017922,-0.0017922,-0.0010272,-0.0010272,-0.0010272,-0.0010272,-0.0017922,-0.0017922,-0.0010272,-0.0010272,-0.0010272,-0.0010272,-0.0020772,-0.0020772,-0.0013122,-0.0013122,-0.0013122,-0.0013122,0.0012828,0.0,0.0012828,0.0,0.0012678,0.0,0.0009828,0.0,0.0009828,0.0,0.0009828,0.0,0.0006978,0.0,0.0006978,0.0,0.0006978,0.0
2023-04-13 00:00:00-04:00,-0.0036072,0.0025727999999999997,-0.0009072,0.0025727999999999997,-0.0009072,0.0015078000000000001,-0.004222200000000001,0.0025727999999999997,-0.0015222,0.0025727999999999997,-0.0015222,0.0020178,0.0025727999999999997,0.0025727999999999997,0.0025727999999999997,0.0025727999999999997,0.0025727999999999997,0.0025727999999999997,0.0035327999999999996,0.0035327999999999996,0.0035327999999999996,0.0035327999999999996,0.0014478,0.0014478,0.0031577999999999997,0.0031577999999999997,0.0031577999999999997,0.0031577999999999997,0.0021978,0.0021978,0.0023928,0.0023928,0.0023928,0.0023928,0.0023928,0.0023928
2023-04-14 00:00:00-04:00,-0.0005771999999999999,-0.0005771999999999999,-0.0005771999999999999,-0.0005771999999999999,-0.0005771999999999999,-0.0005771999999999999,-0.0005771999999999999,-0.0005771999999999999,-0.0005771999999999999,-0.0005771999999999999,-0.0005771999999999999,-0.0005771999999999999,-0.0008772,-0.0008772,-0.0008772,-0.0008772,-0.0008772,-0.0008772,-0.0008772,-0.0008772,-0.0011322,-0.0011322,-0.0011322,-0.0011322,-0.0011322,-0.0011322,-0.0013871999999999999,-0.0013871999999999999,-0.0013871999999999999,-0.0013871999999999999,0.0,0.0,0.0,0.0,0.0,0.0
2023-04-17 00:00:00-04:00,-0.0006972,0.0,-0.0006972,0.0,-0.0006972,0.0,-0.0008922,0.0,-0.0008922,0.0,-0.0008922,0.0,-0.0013422,0.0,-0.0013422,0.0,-0.0013422,0.0,0.0004878,0.0004878,-0.0006522,-0.0006522,-0.0006522,-0.0006522,-0.0014022,0.0,-0.0009521999999999999,0.0,-0.0009521999999999999,0.0,0.0,0.0,0.0,0.0,0.0,0.0
2023-04-18 00:00:00-04:00,-0.0008172,0.0,-0.0005771999999999999,0.0,0.0009078000000000001,0.0,-0.0008472,0.0,-0.0006072,0.0,-0.0006072,0.0,-0.0009822,0.0,-0.0007421999999999999,0.0,-0.0007421999999999999,0.0,-0.0011772,0.0,-0.0006221999999999999,0.0,-0.0006221999999999999,0.0,-0.0011922,0.0,-0.0006372,0.0,-0.0006372,0.0,-0.0014772,0.0,-0.0009222,0.0,-0.0009222,0.0
2023-04-19 00:00:00-04:00,-0.0036072,-0.0036072,-0.0008022,-0.0008022,-0.0008022,-0.0008022,-0.0036072,-0.0036072,-0.0008022,-0.0008022,-0.0008022,-0.0008022,-0.0036072,-0.0036072,-0.0008022,-0.0008022,-0.0008022,-0.0008022,0.0027378,0.0,0.0027378,0.0,0.0016278,0.0,0.0027378,0.0,0.0027378,0.0,0.0016278,0.0,0.0027378,0.0,0.0027378,0.0,0.0016278,0.0
2023-04-20 00:00:00-04:00,0.0011928,0.0,0.0011928,0.0,0.0015378,0.0,0.0010278,0.0,0.0010278,0.0,0.0018678,0.0,0.00044280000000000003,0.0,0.00044280000000000003,0.0,0.00044280000000000003,0.0,-0.0006072,-0.0006072,-0.0009672,-0.0009672,-0.0009672,-0.0009672,-0.0007421999999999999,-0.0007421999999999999,-0.0011022,-0.0011022,-0.0011022,-0.0011022,-0.0011322,-0.0011322,-0.0014922,-0.0014922,-0.0014922,-0.0014922
2023-04-21 00:00:00-04:00,0.0008478,-0.0018072,-0.0008022,-0.0007122,-0.0008022,-0.0007122,-0.0018072,-0.0018072,-0.0009521999999999999,-0.0009521999999999999,-0.0009521999999999999,-0.0009521999999999999,-0.0018072,-0.0018072,-0.0009521999999999999,-0.0009521999999999999,-0.0009521999999999999,-0.0009521999999999999,-0.0018522,-0.0018522,-0.0009521999999999999,-0.0009521999999999999,-0.0009521999999999999,-0.0009521999999999999,-0.0018522,-0.0018522,-0.0009521999999999999,-0.0009521999999999999,-0.0009521999999999999,-0.0009521999999999999,0.0,0.0,0.0,0.0,0.0,0.0
2023-04-24 00:00:00-04:00,-0.0026772000000000002,-0.0026772000000000002,-0.0008472,-0.0008472,-0.0008472,-0.0008472,-0.0026772000000000002,-0.0026772000000000002,-0.0008472,-0.0008472,-0.0008472,-0.0008472,0.0016278,0.0,0.0016278,0.0,0.0017478,0.0,0.0009228,0.0,0.0009228,0.0,0.0009228,0.0,0.0009228,0.0,0.0009228,0.0,0.0009228,0.0,0.0008328,0.0,0.0008328,0.0,0.0008328,0.0
2023-04-25 00:00:00-04:00,-0.0023772,-0.0023772,-0.0008322,-0.0008322,-0.0008322,-0.0008322,-0.0025572,-0.0025572,-0.0010122,-0.0010122,-0.0010122,-0.0010122,-0.0025572,-0.0025572,-0.0010122,-0.0010122,-0.0010122,-0.0010122,0.0016278,0.0,0.0016278,0.0,0.0016278,0.0,0.0013278,0.0,0.0013278,0.0,0.0022278,0.0,0.0011628,0.0,0.0011628,0.0,0.0011628,0.0
2023-04-26 00:00:00-04:00,0.0,0.0,0.0,0.0,0.0,0.0,0.0,0.0,0.0,0.0,0.0,0.0,0.0,0.0,0.0,0.0,0.0,0.0,0.0005628,0.0005628,0.0005628,0.0005628,0.0005628,0.0005628,9.779999999999999e-05,9.779999999999999e-05,9.779999999999999e-05,9.779999999999999e-05,9.779999999999999e-05,9.779999999999999e-05,-0.0009222,-0.0009222,-0.0009222,-0.0009222,-0.0009222,-0.0009222
2023-04-27 00:00:00-04:00,-0.0024372,0.0010728,-0.0012372,0.0010728,-0.0012372,0.0010728,-0.0024372,0.0010728,-0.0012372,0.0010728,-0.0012372,0.0010728,-0.0025722,0.0010728,-0.0013722,0.0010728,-0.0013722,0.0010728,-0.0030072000000000002,0.0017628,-0.0010872,0.0017628,-0.0010872,0.0017628,-0.0032172000000000004,0.0017628,-0.0012972,0.0017628,-0.0012972,0.0017628,-0.0032172000000000004,0.0017628,-0.0012972,0.0017628,-0.0012972,0.0017628
2023-04-28 00:00:00-04:00,-0.00027719999999999996,-0.0018522,-0.0018821999999999999,-0.0018072,-0.0018821999999999999,-0.0018072,-0.0018522,-0.0018522,-0.0018522,-0.0018522,-0.0018522,-0.0018522,-0.0018522,-0.0018522,-0.0018522,-0.0018522,-0.0018522,-0.0018522,-0.0018522,-0.0018522,-0.0016722,-0.0016722,-0.0016722,-0.0016722,-0.0018522,-0.0018522,-0.0018672,-0.0018672,-0.0018672,-0.0018672,-0.0018522,-0.0018522,-0.0018672,-0.0018672,-0.0018672,-0.0018672
2023-05-01 00:00:00-04:00,-0.0032472000000000004,0.0016128,-0.0014622,0.0016128,-0.0014622,0.0023778000000000002,-0.0032472000000000004,0.0016128,-0.0014622,0.0016128,-0.0014622,0.0023778000000000002,-0.0032472000000000004,0.0016128,-0.0014622,0.0016128,-0.0014622,0.0016128,-0.0032472000000000004,0.0022428,-0.0008322,0.0022428,-0.0008322,0.0012378,0.0022428,0.0022428,0.0022428,0.0022428,0.0023778000000000002,0.0023778000000000002,0.0016128,0.0016128,0.0016128,0.0016128,0.0016128,0.0016128
2023-05-02 00:00:00-04:00,0.0016728000000000001,0.0016728000000000001,-0.0009672,-0.0009672,-0.0009672,-0.0009672,0.0016728000000000001,0.0016728000000000001,-0.0009672,-0.0009672,-0.0009672,-0.0009672,0.0014478,0.0014478,-0.0011922,-0.0011922,-0.0011922,-0.0011922,-0.0029772,0.0010428,-0.0015672,-0.0013272,-0.0015672,-0.0013272,0.0010428,0.0010428,0.0010428,0.0010428,0.0010428,0.0010428,0.0010428,0.0010428,0.0010428,0.0010428,0.0010428,0.0010428
2023-05-03 00:00:00-04:00,0.0009978,0.0009978,0.0009978,0.0009978,0.0009978,0.0009978,0.0009978,0.0009978,0.0009978,0.0009978,0.0009978,0.0009978,0.0009978,0.0009978,0.0009978,0.0009978,0.0009978,0.0009978,-3.720000000000001e-05,-3.720000000000001e-05,-3.720000000000001e-05,-3.720000000000001e-05,-3.720000000000001e-05,-3.720000000000001e-05,-3.720000000000001e-05,-3.720000000000001e-05,-3.720000000000001e-05,-3.720000000000001e-05,-3.720000000000001e-05,-3.720000000000001e-05,0.0,0.0,0.0,0.0,0.0,0.0
2023-05-04 00:00:00-04:00,0.0040878,0.0040878,0.0040878,0.0040878,0.0040278,0.0040278,0.0040878,0.0040878,0.0040878,0.0040878,0.0040278,0.0040278,0.0030977999999999995,0.0030977999999999995,0.0030977999999999995,0.0030977999999999995,0.0030977999999999995,0.0030977999999999995,0.0018078,0.0018078,0.0018078,0.0018078,0.0023178,0.0023178,0.0015528,0.0015528,0.0015528,0.0015528,0.0015528,0.0015528,0.0015528,0.0015528,0.0015528,0.0015528,0.0015528,0.0015528
2023-05-05 00:00:00-04:00,0.0014928,0.0014928,0.0014928,0.0014928,0.0014928,0.0014928,0.0012978,0.0012978,0.0012978,0.0012978,0.0012978,0.0012978,0.0009078000000000001,0.0009078000000000001,0.0009078000000000001,0.0009078000000000001,0.0009078000000000001,0.0009078000000000001,-0.0016422,0.0005478,-0.0009072,0.0005478,-0.0009072,0.0005478,0.0005478,0.0005478,0.0005478,0.0005478,0.0005478,0.0005478,0.0,0.0,0.0,0.0,0.0,0.0
2023-05-08 00:00:00-04:00,-0.0005322,0.0,-0.0005322,0.0,-0.0005322,0.0,-0.0005322,0.0,-0.0005322,0.0,-0.0005322,0.0,-0.0005322,0.0,-0.0005322,0.0,-0.0005322,0.0,8.28e-05,8.28e-05,8.28e-05,8.28e-05,8.28e-05,8.28e-05,8.28e-05,8.28e-05,8.28e-05,8.28e-05,8.28e-05,8.28e-05,8.28e-05,8.28e-05,8.28e-05,8.28e-05,8.28e-05,8.28e-05
2023-05-09 00:00:00-04:00,-0.0008022,-0.0008022,-0.0006972,-0.0006972,-0.0006972,-0.0006972,-0.0010272,-0.0010272,-0.0009222,-0.0009222,-0.0009222,-0.0009222,-0.0010272,-0.0010272,-0.0009222,-0.0009222,-0.0009222,-0.0009222,0.00020280000000000002,-0.0008772,-0.0005172,-0.0004722,-0.0005172,-0.0004722,0.00020280000000000002,-0.0008772,-0.0005172,-0.0004722,-0.0005172,-0.0004722,-0.0010272,-0.0010272,-0.0008922,-0.0008922,-0.0008922,-0.0008922
2023-05-10 00:00:00-04:00,0.0011028,0.0011028,0.0011028,0.0011028,0.0009378,0.0009378,0.0006678,0.0006678,0.0006678,0.0006678,0.0006678,0.0006678,0.0004278,0.0004278,0.0004278,0.0004278,0.0004278,0.0004278,-0.0002472,-0.0002472,-0.0009222,-0.0009222,-0.0009222,-0.0009222,-0.0008772,0.0,-0.0008772,0.0,-0.0008772,0.0,-0.0008772,0.0,-0.0008772,0.0,-0.0008772,0.0
2023-05-11 00:00:00-04:00,0.0002478,0.0002478,0.0002478,0.0002478,0.0012678,0.0012678,-5.220000000000001e-05,-5.220000000000001e-05,-5.220000000000001e-05,-5.220000000000001e-05,-5.220000000000001e-05,-5.220000000000001e-05,-5.220000000000001e-05,-5.220000000000001e-05,-5.220000000000001e-05,-5.220000000000001e-05,-5.220000000000001e-05,-5.220000000000001e-05,-0.0011172,-0.0011172,-0.0009972,-0.0009972,-0.0009972,-0.0009972,-0.0011172,-0.0011172,-0.0009972,-0.0009972,-0.0009972,-0.0009972,-0.0013572,-0.0013572,-0.0012372,-0.0012372,-0.0012372,-0.0012372
2023-05-12 00:00:00-04:00,-0.0002172,-0.0002172,-0.0002172,-0.0002172,-0.0002172,-0.0002172,-0.0002172,-0.0002172,-0.0002172,-0.0002172,-0.0002172,-0.0002172,-0.0002172,-0.0002172,-0.0002172,-0.0002172,-0.0002172,-0.0002172,-0.0009222,-0.0009222,-0.0009222,-0.0009222,-0.0009222,-0.0009222,-0.0009222,-0.0009222,-0.0009222,-0.0009222,-0.0009222,-0.0009222,-0.0009222,-0.0009222,-0.0009222,-0.0009222,-0.0009222,-0.0009222
2023-05-15 00:00:00-04:00,-0.0044922,0.0030827999999999997,-0.0012222,0.0030827999999999997,-0.0012222,0.0023178,-0.0046122,0.0030827999999999997,-0.0013422,0.0030827999999999997,-0.0013422,0.0024678,-0.0047922,0.0030827999999999997,-0.0015222,0.0030827999999999997,-0.0015222,0.0028577999999999998,-0.0044622,0.0030827999999999997,-0.0007272,0.0030827999999999997,-0.0007272,0.0021378,-0.0047922,0.0030827999999999997,-0.0010572,0.0030827999999999997,-0.0010572,0.0024978,0.0030827999999999997,0.0030827999999999997,0.0030827999999999997,0.0030827999999999997,0.0030827999999999997,0.0030827999999999997
2023-05-16 00:00:00-04:00,0.0004278,0.0,0.0004278,0.0,0.0004278,0.0,0.0004278,0.0,0.0004278,0.0,0.0004278,0.0,0.0004278,0.0,0.0004278,0.0,0.0004278,0.0,-0.0008022,-0.0008022,-0.0003372,-0.0003372,-0.0003372,-0.0003372,-0.0009972,-0.0009972,-0.0006221999999999999,-0.0006221999999999999,-0.0006221999999999999,-0.0006221999999999999,0.00023280000000000002,0.0,0.00023280000000000002,0.0,0.00023280000000000002,0.0
2023-05-17 00:00:00-04:00,-0.0004572,-0.0006221999999999999,-0.0009972,-0.0007722,-0.0009972,-0.0007722,-0.0004572,-0.0012522,-0.0011322,-0.0012522,-0.0011322,-0.0012522,-0.0012522,-0.0012522,-0.0012522,-0.0012522,-0.0012522,-0.0012522,-0.0012522,-0.0012522,-0.0010422,-0.0010422,-0.0010422,-0.0010422,-0.0012522,-0.0012522,-0.0011472,-0.0011472,-0.0011472,-0.0011472,-0.0012522,-0.0012522,-0.0011472,-0.0011472,-0.0011472,-0.0011472
2023-05-18 00:00:00-04:00,-0.0007572,-0.0007572,-0.0005472,-0.0005472,-0.0005472,-0.0005472,9.779999999999999e-05,-0.0010122,-0.0006372,-0.0008022,-0.0006372,-0.0008022,9.779999999999999e-05,-0.0010122,-0.0006972,-0.0008022,-0.0006972,-0.0008022,0.0001728,-0.0010122,-0.0006072,-0.0006372,-0.0006072,-0.0006372,0.0001728,-0.0010122,-0.0006522,-0.0006372,-0.0006522,-0.0006372,-0.0010122,-0.0010122,-0.0010122,-0.0010122,-0.0010122,-0.0010122
2023-05-19 00:00:00-04:00,0.0,0.0,0.0,0.0,0.0,0.0,0.0,0.0,0.0,0.0,0.0,0.0,0.0,0.0,0.0,0.0,0.0,0.0,0.0012078,-0.0020622,-0.0007572,-0.0006822,-0.0007572,-0.0006822,0.0012078,0.0,-0.0010722,0.0,-0.0010722,0.0,0.0012078,0.0,-0.0010722,0.0,-0.0010722,0.0
2023-05-22 00:00:00-04:00,0.0018078,0.0018078,0.0018078,0.0018078,0.0018078,0.0018078,0.0013128,0.0013128,0.0013128,0.0013128,0.0013128,0.0013128,0.0010578,0.0010578,0.0010578,0.0010578,0.0010578,0.0010578,-0.0001272,-0.0001272,-0.0001272,-0.0001272,-0.0001272,-0.0001272,-0.0001272,-0.0001272,-0.0001272,-0.0001272,-0.0001272,-0.0001272,-0.0001272,-0.0001272,-0.0001272,-0.0001272,-0.0001272,-0.0001272
2023-05-23 00:00:00-04:00,-0.0011022,-0.0011022,-0.0011022,-0.0011022,-0.0011022,-0.0011022,-0.0011022,-0.0011022,-0.0011022,-0.0011022,-0.0011022,-0.0011022,-0.0011022,-0.0011022,-0.0011022,-0.0011022,-0.0011022,-0.0011022,-0.0032172000000000004,-0.0032172000000000004,-0.0017472,-0.0017472,-0.0017472,-0.0017472,-0.0032172000000000004,-0.0032172000000000004,-0.0017472,-0.0017472,-0.0017472,-0.0017472,-0.0032172000000000004,-0.0032172000000000004,-0.0018222,-0.0018222,-0.0018222,-0.0018222
2023-05-24 00:00:00-04:00,-0.0012372,-0.0012372,-0.0010722,-0.0010722,-0.0010722,-0.0010722,-0.0012372,-0.0012372,-0.0010722,-0.0010722,-0.0010722,-0.0010722,-0.0012672,-0.0012672,-0.0011022,-0.0011022,-0.0011022,-0.0011022,-0.0018522,-0.0018522,-0.0008472,-0.0008472,-0.0008472,-0.0008472,0.0009078000000000001,0.0,0.0009078000000000001,0.0,0.0015378,0.0,0.0009078000000000001,0.0,0.0009078000000000001,0.0,0.0015378,0.0
2023-05-25 00:00:00-04:00,-0.0010422,0.0,-0.0010422,0.0,-0.0010422,0.0,-0.0019422,0.0,-0.0019422,0.0,-0.0019422,0.0,0.0,0.0,0.0,0.0,0.0,0.0,0.0007128,0.0007128,-0.0013122,-0.0013122,-0.0013122,-0.0013122,0.0007128,0.0007128,-0.0013122,-0.0013122,-0.0013122,-0.0013122,0.0007128,0.0007128,-0.0013122,-0.0013122,-0.0013122,-0.0013122
2023-05-26 00:00:00-04:00,-0.0009972,0.0,-0.0012522,0.0,0.0022578,0.0,-0.0012672,0.0,-0.0015222,0.0,-0.0015222,0.0,-0.0012672,0.0,-0.0015222,0.0,-0.0015222,0.0,0.0006378,0.0006378,-0.0011322,-0.0011322,-0.0011322,-0.0011322,0.0006378,0.0006378,-0.0011322,-0.0011322,-0.0011322,-0.0011322,0.0006378,0.0006378,-0.0011322,-0.0011322,-0.0011322,-0.0011322
2023-05-29 00:00:00-04:00,-0.0010848000000000001,0.0,-0.0010848000000000001,0.0,-0.0010848000000000001,0.0,-0.0010848000000000001,0.0,-0.0010848000000000001,0.0,-0.0010848000000000001,0.0,-0.0010848000000000001,0.0,-0.0010848000000000001,0.0,-0.0010848000000000001,0.0,-0.0008248,0.0,-0.0008248,0.0,-0.0008248,0.0,-0.0008248,0.0,-0.0008248,0.0,-0.0008248,0.0,-0.0016148,0.0,-0.0016148,0.0,-0.0016148,0.0
2023-05-30 00:00:00-04:00,-0.0006648,0.0,-0.0008648,0.0,-0.0008648,0.0,-0.0006648,0.0,-0.0008648,0.0,-0.0008648,0.0,-0.0006648,0.0,-0.0008648,0.0,-0.0008648,0.0,-0.0010348,0.0002752,-0.0006448000000000001,0.0002752,-0.0006448000000000001,0.0002752,-0.0010348,0.0002752,-0.0006448000000000001,0.0002752,-0.0006448000000000001,0.0002752,-0.0010348,0.0002752,-0.0006448000000000001,0.0002752,-0.0006448000000000001,0.0002752
2023-05-31 00:00:00-04:00,-0.0036972000000000003,-0.0036972000000000003,-0.0012072,-0.0012072,-0.0012072,-0.0012072,-0.0036972000000000003,-0.0036972000000000003,-0.0012072,-0.0012072,-0.0012072,-0.0012072,-0.0045972,-0.0045972,-0.0021072,-0.0021072,-0.0021072,-0.0021072,0.0042677999999999995,0.0,0.0042677999999999995,0.0,0.0012678,0.0,0.0041328,0.0,0.0041328,0.0,0.0015378,0.0,0.0038627999999999996,0.0,0.0038627999999999996,0.0,0.0020778,0.0
2023-06-01 00:00:00-04:00,-0.0001648,-0.0001648,-0.0006848000000000001,-0.0006848000000000001,-0.0006848000000000001,-0.0006848000000000001,-0.0001648,-0.0001648,-0.0006848000000000001,-0.0006848000000000001,-0.0006848000000000001,-0.0006848000000000001,-0.0001648,-0.0001648,-0.0006848000000000001,-0.0006848000000000001,-0.0006848000000000001,-0.0006848000000000001,2.5199999999999996e-05,0.0,-0.0007848,0.0,-0.0007848,0.0,2.5199999999999996e-05,0.0,-0.0007848,0.0,-0.0007848,0.0,-0.0010048000000000001,0.0,-0.0010048000000000001,0.0,-0.0010048000000000001,0.0
2023-06-02 00:00:00-04:00,-0.0017322,0.0009678,-0.0006372,0.0009678,-0.0006372,0.0009978,-0.0017322,0.0009678,-0.0006372,0.0009678,-0.0006372,0.0009978,-0.0017171999999999999,0.0009678,-0.0006221999999999999,0.0009678,-0.0006221999999999999,0.0010578,0.0016278,0.0016278,-0.0005172,-0.0005172,-0.0005172,-0.0005172,-0.0023022,0.0013128,-0.0006522,0.0013128,-0.0006522,0.0014178,-0.0023022,0.0013128,-0.0006522,0.0013128,-0.0006522,0.0014778
2023-06-05 00:00:00-04:00,0.0006528,0.0,0.0006528,0.0,0.0006528,0.0,0.0006528,0.0,0.0006528,0.0,0.0006528,0.0,0.0006528,0.0,0.0006528,0.0,0.0006528,0.0,-0.00014220000000000001,-0.00014220000000000001,-0.00014220000000000001,-0.00014220000000000001,-0.00014220000000000001,-0.00014220000000000001,-0.00014220000000000001,-0.00014220000000000001,-0.00014220000000000001,-0.00014220000000000001,-0.00014220000000000001,-0.00014220000000000001,-0.00014220000000000001,-0.00014220000000000001,-0.00014220000000000001,-0.00014220000000000001,-0.00014220000000000001,-0.00014220000000000001
2023-06-06 00:00:00-04:00,5.2799999999999996e-05,-0.0012072,-0.0009372,-0.0009372,-0.0009372,-0.0009372,-0.00017219999999999998,-0.0012072,-0.0011622,-0.0011622,-0.0011622,-0.0011622,-0.0006972,-0.0012072,-0.0016872,-0.0012072,-0.0016872,-0.0012072,-0.0006522,-6.720000000000001e-05,-0.0005622,-6.720000000000001e-05,-0.0005622,0.0010578,-6.720000000000001e-05,-6.720000000000001e-05,-6.720000000000001e-05,-6.720000000000001e-05,0.0016278,0.0016278,-0.00038219999999999997,-0.00038219999999999997,-0.00038219999999999997,-0.00038219999999999997,-0.00038219999999999997,-0.00038219999999999997
2023-06-07 00:00:00-04:00,0.0008628,-0.0019722,-0.0008772,-0.0007421999999999999,-0.0008772,-0.0007421999999999999,-0.0019722,-0.0019722,-0.0016422,-0.0016422,-0.0016422,-0.0016422,-0.0019722,-0.0019722,-0.0016422,-0.0016422,-0.0016422,-0.0016422,-0.0019722,-0.0019722,-0.0007871999999999999,-0.0007871999999999999,-0.0007871999999999999,-0.0007871999999999999,-0.0019722,-0.0019722,-0.0008172,-0.0008172,-0.0008172,-0.0008172,0.0009978,0.0,0.0009978,0.0,0.0009978,0.0
2023-06-08 00:00:00-04:00,0.0016352,-0.0027848,-0.0009848,-0.0008748,-0.0009848,-0.0008748,0.0016352,-0.0027848,-0.0009848,-0.0008748,-0.0009848,-0.0008748,-0.0027848,-0.0027848,-0.0012348,-0.0012348,-0.0012348,-0.0012348,-0.0028048,-0.0028048,-0.0004848,-0.0004848,-0.0004848,-0.0004848,-0.0028048,-0.0028048,-0.0004848,-0.0004848,-0.0004848,-0.0004848,0.0019752000000000003,0.0,0.0019752000000000003,0.0,0.0014052000000000001,0.0
2023-06-09 00:00:00-04:00,0.0002052,0.0,0.0002052,0.0,0.0002052,0.0,0.0002052,0.0,0.0002052,0.0,0.0002052,0.0,0.0002052,0.0,0.0002052,0.0,0.0002052,0.0,-0.0003048,-0.0003048,-0.0003048,-0.0003048,-0.0003048,-0.0003048,-0.0003048,-0.0003048,-0.0003048,-0.0003048,-0.0003048,-0.0003048,-0.0003048,-0.0003048,-0.0003048,-0.0003048,-0.0003048,-0.0003048
2023-06-12 00:00:00-04:00,0.0017928,0.0017928,0.0017928,0.0017928,0.0017928,0.0017928,0.0,0.0,0.0,0.0,0.0,0.0,0.0,0.0,0.0,0.0,0.0,0.0,0.0009528,0.0009528,-0.0008322,-0.0008322,-0.0008322,-0.0008322,0.0009528,0.0009528,-0.0008322,-0.0008322,-0.0008322,-0.0008322,0.0007428000000000001,0.0007428000000000001,-0.0010422,-0.0010422,-0.0010422,-0.0010422
2023-06-13 00:00:00-04:00,0.0020952,0.0020952,-0.0008648,-0.0008648,-0.0008648,-0.0008648,0.0020952,0.0020952,-0.0008648,-0.0008648,-0.0008648,-0.0008648,-0.0030248000000000002,0.0018852,-0.0010848000000000001,0.0018852,-0.0010848000000000001,0.0019852,-0.0030248000000000002,0.0023652,-0.0005648000000000001,0.0023652,-0.0005648000000000001,0.0008652,-0.0030248000000000002,0.0023452,-0.0006448000000000001,0.0023452,-0.0006448000000000001,0.0009052,0.0023452,0.0023452,0.0023452,0.0023452,0.0014252000000000002,0.0014252000000000002
2023-06-14 00:00:00-04:00,0.0007052,0.0,0.0007052,0.0,0.0007052,0.0,0.0007052,0.0,0.0007052,0.0,0.0007052,0.0,0.0007052,0.0,0.0007052,0.0,0.0007052,0.0,-0.0009248,-0.0009248,-0.0006248,-0.0006248,-0.0006248,-0.0006248,-0.0009248,-0.0009248,-0.0006248,-0.0006248,-0.0006248,-0.0006248,-0.0009248,-0.0009248,-0.0006448000000000001,-0.0006448000000000001,-0.0006448000000000001,-0.0006448000000000001
2023-06-15 00:00:00-04:00,0.0015952000000000002,0.0,0.0015952000000000002,0.0,0.0013252000000000001,0.0,0.0015952000000000002,0.0,0.0015952000000000002,0.0,0.0013252000000000001,0.0,0.0015952000000000002,0.0,0.0015952000000000002,0.0,0.0013252000000000001,0.0,0.0013452000000000002,0.0,0.0013452000000000002,0.0,0.0010651999999999999,0.0,0.0013452000000000002,0.0,0.0013452000000000002,0.0,0.0010651999999999999,0.0,0.0013452000000000002,0.0,0.0013452000000000002,0.0,0.0010651999999999999,0.0
2023-06-16 00:00:00-04:00,-0.0005948,0.0,-0.0013648,0.0,-0.0013648,0.0,-0.0005948,0.0,-0.0013648,0.0,-0.0013648,0.0,-0.0005948,0.0,-0.0013648,0.0,-0.0013648,0.0,-0.0008148000000000001,0.0,-0.0008848,0.0,-0.0008848,0.0,-0.0011448,0.0,-0.0012148,0.0,-0.0012148,0.0,-0.0013047999999999998,0.0,-0.0013747999999999998,0.0,-0.0013747999999999998,0.0
2023-06-19 00:00:00-04:00,0.0001152,0.0,0.0001152,0.0,0.0001152,0.0,0.0001152,0.0,0.0001152,0.0,0.0001152,0.0,0.0001152,0.0,0.0001152,0.0,0.0001152,0.0,-0.0005048,0.0,-0.0005048,0.0,-0.0005048,0.0,-0.0005048,0.0,-0.0005048,0.0,-0.0005048,0.0,-0.0006848000000000001,0.0,-0.0006848000000000001,0.0,-0.0006848000000000001,0.0
2023-06-20 00:00:00-04:00,0.00025519999999999997,-0.0010748,-0.0007448,-0.0007248,-0.0007448,-0.0007248,0.00025519999999999997,-0.0010748,-0.0007448,-0.0007548,-0.0007448,-0.0007548,-0.0010748,-0.0010748,-0.0008248,-0.0008248,-0.0008248,-0.0008248,0.0005951999999999999,0.0,0.0005951999999999999,0.0,0.0009651999999999999,0.0,0.0005252,0.0,0.0005252,0.0,0.0011052,0.0,0.0002652,0.0,0.0002652,0.0,0.0002652,0.0
2023-06-21 00:00:00-04:00,0.0005451999999999999,-0.0013348,-0.0005948,-0.0006548000000000001,-0.0005948,-0.0006548000000000001,-0.0013348,-0.0013348,-0.0008148000000000001,-0.0008148000000000001,-0.0008148000000000001,-0.0008148000000000001,-0.0013348,-0.0013348,-0.0008848,-0.0008848,-0.0008848,-0.0008848,-0.0015948,-0.0015948,-0.00045480000000000005,-0.00045480000000000005,-0.00045480000000000005,-0.00045480000000000005,-0.0017448,-0.0017448,-0.0006048000000000001,-0.0006048000000000001,-0.0006048000000000001,-0.0006048000000000001,0.0010651999999999999,0.0,0.0010651999999999999,0.0,0.0010651999999999999,0.0
2023-06-22 00:00:00-04:00,0.0016352,-0.0024348,-0.0006748,-0.0006148000000000001,-0.0006748,-0.0006148000000000001,-0.0024348,-0.0024348,-0.0009948000000000001,-0.0009948000000000001,-0.0009948000000000001,-0.0009948000000000001,-0.0024348,-0.0024348,-0.0011348,-0.0011348,-0.0011348,-0.0011348,-0.0026748,-0.0026748,-0.0007548,-0.0007548,-0.0007548,-0.0007548,0.0016852000000000002,0.0,0.0016852000000000002,0.0,0.0017652000000000002,0.0,0.0015252000000000002,0.0,0.0015252000000000002,0.0,0.0020852,0.0
2023-06-23 00:00:00-04:00,0.0028651999999999996,0.0,0.0028651999999999996,0.0,0.0008851999999999999,0.0,0.0028651999999999996,0.0,0.0028651999999999996,0.0,0.0008851999999999999,0.0,0.0028651999999999996,0.0,0.0028651999999999996,0.0,0.0008851999999999999,0.0,0.0023352,0.0,0.0023352,0.0,0.0008451999999999999,0.0,0.0020252,0.0,0.0020252,0.0,0.0014652,0.0,0.0019552000000000003,0.0,0.0019552000000000003,0.0,0.0016052000000000002,0.0
2023-06-26 00:00:00-04:00,-0.0005348,-0.0005348,-0.0005348,-0.0005348,-0.0005348,-0.0005348,-0.0009048000000000001,-0.0009048000000000001,-0.0009048000000000001,-0.0009048000000000001,-0.0009048000000000001,-0.0009048000000000001,-0.0012448000000000001,-0.0012448000000000001,-0.0012448000000000001,-0.0012448000000000001,-0.0012448000000000001,-0.0012448000000000001,0.0003852,-0.0013648,-0.0007948,-0.0009048000000000001,-0.0007948,-0.0009048000000000001,0.0003852,-0.0013648,-0.0007948,-0.0009048000000000001,-0.0007948,-0.0009048000000000001,0.0003852,-0.0013648,-0.0007948,-0.0009048000000000001,-0.0007948,-0.0009048000000000001
2023-06-27 00:00:00-04:00,-0.0013047999999999998,0.0005051999999999999,-0.0005248000000000001,-0.0006948000000000001,-0.0005248000000000001,-0.0006948000000000001,-0.0014948,0.0005051999999999999,-0.0007148,-0.0008548000000000001,-0.0007148,-0.0008548000000000001,0.0005051999999999999,0.0005051999999999999,0.0005051999999999999,0.0005051999999999999,0.0005051999999999999,0.0005051999999999999,-0.0008348,0.0,-0.0005548,0.0,-0.0005548,0.0,-0.0010048000000000001,0.0,-0.0007248,0.0,-0.0007248,0.0,-0.0011148,0.0,-0.0008348,0.0,-0.0008348,0.0
2023-06-28 00:00:00-04:00,2.5199999999999996e-05,0.0,2.5199999999999996e-05,0.0,2.5199999999999996e-05,0.0,-0.0001348,0.0,-0.0001348,0.0,-0.0001348,0.0,-0.0005048,0.0,-0.0005048,0.0,-0.0005048,0.0,-0.0002848,0.0,-0.0006648,0.0,-0.0006648,0.0,-0.0004448,0.0,-0.0008248,0.0,-0.0008248,0.0,0.0,0.0,0.0,0.0,0.0,0.0
2023-06-29 00:00:00-04:00,-0.0014547999999999998,-0.0014547999999999998,-0.0007148,-0.0007148,-0.0007148,-0.0007148,0.0006751999999999999,0.0,0.0006751999999999999,0.0,0.0006751999999999999,0.0,0.0006751999999999999,0.0,0.0006751999999999999,0.0,0.0006751999999999999,0.0,-0.0017847999999999998,-0.0017847999999999998,-0.0005948,-0.0005948,-0.0005948,-0.0005948,-0.0017847999999999998,-0.0017847999999999998,-0.0005948,-0.0005948,-0.0005948,-0.0005948,-0.0017847999999999998,-0.0017847999999999998,-0.0005948,-0.0005948,-0.0005948,-0.0005948
2023-06-30 00:00:00-04:00,0.0006852,0.0006852,0.0006852,0.0006852,0.0006852,0.0006852,0.0005051999999999999,0.0005051999999999999,0.0005051999999999999,0.0005051999999999999,0.0010452,0.0010452,0.0005051999999999999,0.0005051999999999999,0.0005051999999999999,0.0005051999999999999,0.0010452,0.0010452,0.0001152,0.0001152,0.0001152,0.0001152,0.0001152,0.0001152,0.0001152,0.0001152,0.0001152,0.0001152,0.0001152,0.0001152,0.0001152,0.0001152,0.0001152,0.0001152,0.0001152,0.0001152
2023-07-03 00:00:00-04:00,0.0,0.0,0.0,0.0,0.0,0.0,0.0,0.0,0.0,0.0,0.0,0.0,0.0,0.0,0.0,0.0,0.0,0.0,-0.0006448000000000001,0.0,-0.0009248,0.0,-0.0009248,0.0,-0.0007748000000000001,0.0,-0.0010548,0.0,-0.0010548,0.0,0.0,0.0,0.0,0.0,0.0,0.0
2023-07-04 00:00:00-04:00,-0.0005048,0.0,-0.0005048,0.0,-0.0005048,0.0,-0.0005048,0.0,-0.0005048,0.0,-0.0005048,0.0,-0.0005748000000000001,0.0,-0.0005748000000000001,0.0,-0.0005748000000000001,0.0,-7.48e-05,-7.48e-05,-7.48e-05,-7.48e-05,-7.48e-05,-7.48e-05,-0.0002648,-0.0002648,-0.0002648,-0.0002648,-0.0002648,-0.0002648,-0.0002648,-0.0002648,-0.0002648,-0.0002648,-0.0002648,-0.0002648
2023-07-05 00:00:00-04:00,0.0020852,-0.0024648,-0.00032480000000000003,-0.0002848,-0.00032480000000000003,-0.0002848,0.0020852,-0.0025648000000000003,-0.00033480000000000006,-0.00038480000000000003,-0.00033480000000000006,-0.00038480000000000003,0.0018752,-0.0025648000000000003,-0.0005448,-0.0005348,-0.0005448,-0.0005348,0.0016952,-0.0023748,-0.0005348,-0.0005948,-0.0005348,-0.0005948,-0.0023748,-0.0023748,-0.0007648,-0.0007648,-0.0007648,-0.0007648,-0.0023748,-0.0023748,-0.0007648,-0.0007648,-0.0007648,-0.0007648
2023-07-06 00:00:00-04:00,-0.0029648,-0.0029648,-0.0006848000000000001,-0.0006848000000000001,-0.0006848000000000001,-0.0006848000000000001,-0.0029648,-0.0029648,-0.0006848000000000001,-0.0006848000000000001,-0.0006848000000000001,-0.0006848000000000001,-0.0029648,-0.0029648,-0.0006848000000000001,-0.0006848000000000001,-0.0006848000000000001,-0.0006848000000000001,0.0017552000000000002,0.0,0.0017552000000000002,0.0,0.0016452,0.0,0.0017552000000000002,0.0,0.0017552000000000002,0.0,0.0016452,0.0,0.0012852,0.0,0.0012852,0.0,0.0012852,0.0
2023-07-07 00:00:00-04:00,-0.0013122,-0.0013122,-0.0009521999999999999,-0.0009521999999999999,-0.0009521999999999999,-0.0009521999999999999,-0.0013122,-0.0013122,-0.0009521999999999999,-0.0009521999999999999,-0.0009521999999999999,-0.0009521999999999999,-0.0016422,-0.0016422,-0.0012822,-0.0012822,-0.0012822,-0.0012822,-0.0016272,-0.0016272,-0.0010872,-0.0010872,-0.0010872,-0.0010872,-0.0018821999999999999,-0.0018821999999999999,-0.0013422,-0.0013422,-0.0013422,-0.0013422,-0.0022122,-0.0022122,-0.0016722,-0.0016722,-0.0016722,-0.0016722
2023-07-10 00:00:00-04:00,0.0034877999999999997,0.0,0.0034877999999999997,0.0,0.0034877999999999997,0.0,0.0030827999999999997,0.0,0.0030827999999999997,0.0,0.0030827999999999997,0.0,0.0030827999999999997,0.0,0.0030827999999999997,0.0,0.0030827999999999997,0.0,0.0040127999999999995,0.0,0.0040127999999999995,0.0,0.0021678,0.0,0.0023628,0.0,0.0023628,0.0,0.0023628,0.0,0.0023628,0.0,0.0023628,0.0,0.0023628,0.0
2023-07-11 00:00:00-04:00,-0.0032622000000000003,0.0018228,-0.0013572,0.0018228,-0.0013572,0.0021378,-0.0032622000000000003,0.0018228,-0.0013572,0.0018228,-0.0013572,0.0021378,-0.0032622000000000003,0.0018228,-0.0013572,0.0018228,-0.0013572,0.0021378,0.0018228,0.0018228,0.0018228,0.0018228,0.0018228,0.0018228,0.0018228,0.0018228,0.0018228,0.0018228,0.0018228,0.0018228,0.0018228,0.0018228,0.0018228,0.0018228,0.0018228,0.0018228
2023-07-12 00:00:00-04:00,0.0003528,0.0003528,0.0003528,0.0003528,0.0003528,0.0003528,0.0003528,0.0003528,0.0003528,0.0003528,0.0003528,0.0003528,-0.0001122,-0.0001122,-0.0001122,-0.0001122,-0.0001122,-0.0001122,-0.0011622,0.0003228,-0.0007272,0.0003228,-0.0007272,0.0003228,0.0003228,0.0003228,0.0003228,0.0003228,0.0003228,0.0003228,0.0003228,0.0003228,0.0003228,0.0003228,0.0003228,0.0003228
2023-07-13 00:00:00-04:00,0.0016428,0.0016428,0.0016428,0.0016428,0.0024978,0.0024978,0.0014028,0.0014028,0.0014028,0.0014028,0.0029777999999999996,0.0029777999999999996,0.0011478,0.0011478,0.0011478,0.0011478,0.0011478,0.0011478,0.0011478,0.0011478,0.0011478,0.0011478,0.0017778,0.0017778,0.0008478,0.0008478,0.0008478,0.0008478,0.0023778000000000002,0.0023778000000000002,0.0008478,0.0008478,0.0008478,0.0008478,0.0023778000000000002,0.0023778000000000002
2023-07-14 00:00:00-04:00,-0.0010122,-0.0010122,-0.0012072,-0.0012072,-0.0012072,-0.0012072,-0.0010122,-0.0010122,-0.0012072,-0.0012072,-0.0012072,-0.0012072,-0.0010122,-0.0010122,-0.0012072,-0.0012072,-0.0012072,-0.0012072,-0.0006372,-0.0008622,-0.0013871999999999999,-0.0009222,-0.0013871999999999999,-0.0009222,-0.0008622,-0.0008622,-0.0008622,-0.0008622,-0.0008622,-0.0008622,-0.0008622,-0.0008622,-0.0008622,-0.0008622,-0.0008622,-0.0008622
2023-07-17 00:00:00-04:00,-0.0012072,0.0,-0.0009972,0.0,-0.0009972,0.0,-0.0012072,0.0,-0.0009972,0.0,-0.0009972,0.0,-0.0016872,0.0,-0.0014772,0.0,-0.0014772,0.0,0.0012678,0.0012678,0.0012678,0.0012678,0.0011178,0.0011178,0.0012678,0.0012678,0.0012678,0.0012678,0.0011178,0.0011178,0.0006978,0.0006978,0.0006978,0.0006978,0.0006978,0.0006978
2023-07-18 00:00:00-04:00,-7.2000000000000065e-06,0.0,-7.2000000000000065e-06,0.0,0.0010578,0.0,-0.0003672,0.0,-0.0003672,0.0,-0.0003672,0.0,-0.0006221999999999999,0.0,-0.0006221999999999999,0.0,-0.0006221999999999999,0.0,-0.0006221999999999999,0.0,-0.0007122,0.0,-0.0007122,0.0,-0.0013871999999999999,0.0,-0.0014772,0.0,-0.0014772,0.0,-0.0013871999999999999,0.0,-0.0014772,0.0,-0.0014772,0.0
2023-07-19 00:00:00-04:00,0.0010278,0.0010278,0.0010278,0.0010278,0.0010278,0.0010278,0.0009528,0.0009528,0.0009528,0.0009528,0.0009528,0.0009528,0.0009528,0.0009528,0.0009528,0.0009528,0.0009528,0.0009528,-0.0018821999999999999,0.0011778000000000001,-0.0005622,-0.0005922,-0.0005622,-0.0005922,-0.0018821999999999999,0.0011778000000000001,-0.0005622,-0.0005922,-0.0005622,-0.0005922,0.0011778000000000001,0.0011778000000000001,0.0011778000000000001,0.0011778000000000001,0.0012378,0.0012378
2023-07-20 00:00:00-04:00,0.0002628,0.0,0.0002628,0.0,0.0002628,0.0,0.0,0.0,0.0,0.0,0.0,0.0,0.0,0.0,0.0,0.0,0.0,0.0,-0.0011772,-0.0011772,-0.0009972,-0.0009972,0.0017478,0.0017478,-0.0013272,-0.0013272,-0.0011472,-0.0011472,-0.0011472,-0.0011472,-0.0016722,-0.0016722,-0.0014922,-0.0014922,-0.0014922,-0.0014922
2023-07-21 00:00:00-04:00,-0.0015547999999999998,0.0007052,-0.0007648,0.0007052,-0.0007648,0.0007052,-0.0015547999999999998,0.0006152,-0.0008648,0.0006152,-0.0008648,0.0006152,-0.0019348,0.0006152,-0.0012448000000000001,0.0006152,-0.0012448000000000001,0.0006152,0.0014252000000000002,0.0014252000000000002,0.0014252000000000002,0.0014252000000000002,0.0014252000000000002,0.0014252000000000002,0.0014252000000000002,0.0014252000000000002,0.0014252000000000002,0.0014252000000000002,0.0014252000000000002,0.0014252000000000002,0.0008652,0.0008652,0.0008652,0.0008652,0.0008652,0.0008652
2023-07-24 00:00:00-04:00,0.0007878,0.0,0.0007878,0.0,0.0007878,0.0,0.0005328,0.0,0.0005328,0.0,0.0005328,0.0,0.0002178,0.0,0.0002178,0.0,0.0002178,0.0,-0.0011322,-0.0011322,-0.0009521999999999999,-0.0009521999999999999,-0.0009521999999999999,-0.0009521999999999999,-0.0015672,-0.0015672,-0.0013871999999999999,-0.0013871999999999999,-0.0013871999999999999,-0.0013871999999999999,-3.720000000000001e-05,0.0,-0.0017322,0.0,-0.0017322,0.0
2023-07-25 00:00:00-04:00,-0.0016872,0.0,-0.0007722,0.0,-0.0007722,0.0,-0.0016872,0.0,-0.0007722,0.0,-0.0007722,0.0,-0.0018072,0.0,-0.0008922,0.0,-0.0008922,0.0,-0.0021222,0.0,-0.0012222,0.0,-0.0012222,0.0,0.0,0.0,0.0,0.0,0.0,0.0,0.0,0.0,0.0,0.0,0.0,0.0
2023-07-26 00:00:00-04:00,-0.0015248,0.0,-0.0015248,0.0,-0.0015248,0.0,0.0,0.0,0.0,0.0,0.0,0.0,0.0,0.0,0.0,0.0,0.0,0.0,-0.0012848,0.0008152,-0.00039480000000000006,0.0008152,-0.00039480000000000006,0.0006452,0.0008152,0.0008152,0.0008152,0.0008152,0.0008652,0.0008652,0.0008152,0.0008152,0.0008152,0.0008152,0.0008652,0.0008652
2023-07-27 00:00:00-04:00,0.0037877999999999996,0.0037877999999999996,0.0037877999999999996,0.0037877999999999996,0.0021378,0.0021378,0.0037877999999999996,0.0037877999999999996,0.0037877999999999996,0.0037877999999999996,0.0021378,0.0021378,0.0037877999999999996,0.0037877999999999996,0.0037877999999999996,0.0037877999999999996,0.0021378,0.0021378,0.0035627999999999996,0.0035627999999999996,0.0035627999999999996,0.0035627999999999996,0.0016278,0.0016278,0.0032027999999999996,0.0032027999999999996,0.0032027999999999996,0.0032027999999999996,0.0023478,0.0023478,0.0020928,0.0020928,0.0020928,0.0020928,0.0020928,0.0020928
2023-07-28 00:00:00-04:00,0.0023028,0.0023028,-0.0017171999999999999,-0.0017171999999999999,0.0031877999999999997,0.0031877999999999997,0.0023028,0.0023028,-0.0017171999999999999,-0.0017171999999999999,0.0031877999999999997,0.0031877999999999997,0.0023028,0.0023028,-0.0017171999999999999,-0.0017171999999999999,0.0031877999999999997,0.0031877999999999997,0.0013278,0.0013278,-0.0017472,-0.0017472,0.0032478,0.0032478,0.0013278,0.0013278,-0.0017472,-0.0017472,0.0032478,0.0032478,0.0008778,0.0008778,-0.0021972,-0.0021972,-0.0021972,-0.0021972
2023-07-31 00:00:00-04:00,-0.0037722000000000003,-0.0037722000000000003,-0.0028272,-0.0028272,-0.0028272,-0.0028272,-0.004627200000000001,-0.004627200000000001,-0.0036822,-0.0036822,-0.0036822,-0.0036822,0.0005478,0.0,0.0005478,0.0,0.0005478,0.0,0.0026927999999999995,0.0,0.0026927999999999995,0.0,0.0020178,0.0,0.0017028,0.0,0.0017028,0.0,0.0017028,0.0,0.0005478,0.0,0.0005478,0.0,0.0005478,0.0
2023-08-01 00:00:00-04:00,0.0011328,-0.0020472,-0.0008022,-0.0007572,-0.0008022,-0.0007572,0.0008778,-0.0020472,-0.0010572,-0.0008772,-0.0010572,-0.0008772,0.0004878,-0.0020472,-0.0014472,-0.0012972,-0.0014472,-0.0012972,-0.0014472,-0.0014472,-0.0008172,-0.0008172,-0.0008172,-0.0008172,-0.0017171999999999999,-0.0017171999999999999,-0.0010872,-0.0010872,-0.0010872,-0.0010872,-0.0020472,-0.0020472,-0.0014922,-0.0014922,-0.0014922,-0.0014922
2023-08-02 00:00:00-04:00,-0.0056172,-0.0056172,-0.0052722,-0.0052722,-0.0052722,-0.0052722,-0.0056172,-0.0056172,-0.0052722,-0.0052722,-0.0052722,-0.0052722,-0.0056172,-0.0056172,-0.0052722,-0.0052722,-0.0052722,-0.0052722,-0.0048522,-0.0048522,-0.0017622,-0.0017622,-0.0017622,-0.0017622,-0.0048522,-0.0048522,-0.0017622,-0.0017622,-0.0017622,-0.0017622,-0.0063372,-0.0063372,-0.0032472000000000004,-0.0032472000000000004,-0.0032472000000000004,-0.0032472000000000004
2023-08-03 00:00:00-04:00,-0.0031548,-0.0031548,-0.0011648000000000001,-0.0011648000000000001,-0.0011648000000000001,-0.0011648000000000001,-0.0033648000000000003,-0.0033648000000000003,-0.0013747999999999998,-0.0013747999999999998,-0.0013747999999999998,-0.0013747999999999998,-0.0038248,-0.0038248,-0.0018348,-0.0018348,-0.0018348,-0.0018348,0.0025951999999999998,-0.0041048000000000005,-0.0012947999999999998,-0.0011948,-0.0012947999999999998,-0.0011948,-0.0041048000000000005,-0.0041048000000000005,-0.0016247999999999998,-0.0016247999999999998,-0.0016247999999999998,-0.0016247999999999998,-0.0041048000000000005,-0.0041048000000000005,-0.0016247999999999998,-0.0016247999999999998,-0.0016247999999999998,-0.0016247999999999998
2023-08-04 00:00:00-04:00,0.0033377999999999997,0.0033377999999999997,0.0033377999999999997,0.0033377999999999997,0.0033377999999999997,0.0033377999999999997,0.0033377999999999997,0.0033377999999999997,0.0033377999999999997,0.0033377999999999997,0.0033377999999999997,0.0033377999999999997,0.0024528,0.0024528,0.0024528,0.0024528,0.0024528,0.0024528,0.0026628,0.0026628,0.0026628,0.0026628,0.0025878,0.0025878,0.0018678,0.0018678,0.0018678,0.0018678,0.0018678,0.0018678,0.0013428000000000001,0.0013428000000000001,0.0013428000000000001,0.0013428000000000001,0.0013428000000000001,0.0013428000000000001
2023-08-07 00:00:00-04:00,0.0012828,0.0012828,0.0012828,0.0012828,0.0012828,0.0012828,0.0009828,0.0009828,0.0009828,0.0009828,0.0009828,0.0009828,0.0009828,0.0009828,0.0009828,0.0009828,0.0009828,0.0009828,-0.0003072,-0.0003072,-0.0003072,-0.0003072,-0.0003072,-0.0003072,-0.0006672,-0.0006672,-0.0006672,-0.0006672,-0.0006672,-0.0006672,-0.0011622,-0.0011622,-0.0011622,-0.0011622,-0.0011622,-0.0011622
2023-08-08 00:00:00-04:00,0.0044328,0.0,0.0044328,0.0,0.0016278,0.0,0.004207799999999999,0.0,0.004207799999999999,0.0,0.0020778,0.0,0.004207799999999999,0.0,0.004207799999999999,0.0,0.0020778,0.0,0.0037127999999999996,0.0,0.0037127999999999996,0.0,0.0023478,0.0,0.0037127999999999996,0.0,0.0037127999999999996,0.0,0.0023478,0.0,0.0037127999999999996,0.0,0.0037127999999999996,0.0,0.0023478,0.0
2023-08-09 00:00:00-04:00,-0.0033522,0.0018528,-0.0008172,0.0018528,-0.0008172,0.0018528,-0.0033522,0.0018528,-0.0008172,0.0018528,-0.0008172,0.0018528,0.0018528,0.0018528,0.0018528,0.0018528,0.0018528,0.0018528,0.0015828,0.0015828,0.0015828,0.0015828,0.0015828,0.0015828,0.0012078,0.0012078,0.0012078,0.0012078,0.0012078,0.0012078,0.0010578,0.0010578,0.0010578,0.0010578,0.0010578,0.0010578
2023-08-10 00:00:00-04:00,0.0008252,0.0008252,0.0008252,0.0008252,0.0008252,0.0008252,0.0008252,0.0008252,0.0008252,0.0008252,0.0008252,0.0008252,0.0008252,0.0008252,0.0008252,0.0008252,0.0008252,0.0008252,0.0007852,0.0007852,-0.0005748000000000001,-0.0005748000000000001,-0.0005748000000000001,-0.0005748000000000001,0.00045519999999999995,0.00045519999999999995,-0.0009048000000000001,-0.0009048000000000001,-0.0009048000000000001,-0.0009048000000000001,5.199999999999996e-06,5.199999999999996e-06,5.199999999999996e-06,5.199999999999996e-06,5.199999999999996e-06,5.199999999999996e-06
2023-08-11 00:00:00-04:00,-0.0006072,-0.0006072,-0.0012672,-0.0012672,-0.0012672,-0.0012672,-0.0008622,-0.0008622,-0.0015222,-0.0015222,-0.0015222,-0.0015222,-0.0008622,-0.0008622,-0.0015222,-0.0015222,-0.0015222,-0.0015222,-0.0013422,-0.0013422,-0.0007122,-0.0007122,-0.0007122,-0.0007122,-0.0021822,-0.0021822,-0.0015521999999999999,-0.0015521999999999999,-0.0015521999999999999,-0.0015521999999999999,8.28e-05,0.0,8.28e-05,0.0,8.28e-05,0.0
2023-08-14 00:00:00-04:00,-0.0037722000000000003,-0.0037722000000000003,-0.0027372000000000004,-0.0027372000000000004,-0.0027372000000000004,-0.0027372000000000004,-0.0039372,-0.0039372,-0.0029022,-0.0029022,-0.0029022,-0.0029022,-0.0039372,-0.0039372,-0.0029022,-0.0029022,-0.0029022,-0.0029022,0.0023778000000000002,0.0,0.0023778000000000002,0.0,0.0029178,0.0,0.0023778000000000002,0.0,0.0023778000000000002,0.0,0.0029178,0.0,0.0004278,0.0,0.0004278,0.0,0.0004278,0.0
2023-08-15 00:00:00-04:00,-0.0002648,-0.0002648,-0.0002648,-0.0002648,0.0012652,0.0012652,-0.0011648000000000001,-0.0011648000000000001,-0.0011648000000000001,-0.0011648000000000001,-0.0011648000000000001,-0.0011648000000000001,-0.0014248,-0.0014248,-0.0014248,-0.0014248,-0.0014248,-0.0014248,0.0003652,-0.0011048,-0.0005348,-0.0006648,-0.0005348,-0.0006648,0.0003652,-0.0011048,-0.0006148000000000001,-0.0006648,-0.0006148000000000001,-0.0006648,-0.0011048,-0.0011048,-0.0007448,-0.0007448,-0.0007448,-0.0007448
2023-08-16 00:00:00-04:00,-0.00036480000000000003,-0.00036480000000000003,-0.0006648,-0.0006648,-0.0006648,-0.0006648,-0.00036480000000000003,-0.00036480000000000003,-0.0006648,-0.0006648,-0.0006648,-0.0006648,-0.00036480000000000003,-0.00036480000000000003,-0.0006648,-0.0006648,-0.0006648,-0.0006648,-0.0005648000000000001,-0.0008148000000000001,-0.0008748,-0.0011048,-0.0008748,-0.0011048,-0.0005648000000000001,-0.0008148000000000001,-0.0008748,-0.0011048,-0.0008748,-0.0011048,-0.0008148000000000001,-0.0008148000000000001,-0.0008148000000000001,-0.0008148000000000001,-0.0008148000000000001,-0.0008148000000000001
2023-08-17 00:00:00-04:00,-0.0007948,0.0,-0.0005548,0.0,0.0009452,0.0,-0.0007948,0.0,-0.0007148,0.0,0.0012652,0.0,-0.0007948,0.0,-0.0007148,0.0,0.0012652,0.0,-0.0019748,0.0009251999999999999,-0.0009648,-0.0007648,-0.0009648,-0.0007648,-0.0022648,0.0009251999999999999,-0.0012548000000000001,0.0009251999999999999,-0.0012548000000000001,0.0009251999999999999,0.0009251999999999999,0.0009251999999999999,0.0009251999999999999,0.0009251999999999999,0.0009251999999999999,0.0009251999999999999
2023-08-18 00:00:00-04:00,0.0002178,0.0002178,0.0002178,0.0002178,0.0002178,0.0002178,0.0002178,0.0002178,0.0002178,0.0002178,0.0002178,0.0002178,0.0002178,0.0002178,0.0002178,0.0002178,0.0002178,0.0002178,-0.0004122,-0.0004122,-0.0018821999999999999,-0.0018821999999999999,-0.0018821999999999999,-0.0018821999999999999,-0.0004122,-0.0004122,-0.0018821999999999999,-0.0018821999999999999,-0.0018821999999999999,-0.0018821999999999999,-0.0007421999999999999,-0.0007421999999999999,-0.0022122,-0.0022122,-0.0022122,-0.0022122
2023-08-21 00:00:00-04:00,-0.0029472,-0.0029472,-0.0018522,-0.0018522,-0.0018522,-0.0018522,-0.0031722000000000005,-0.0031722000000000005,-0.0020772,-0.0020772,-0.0020772,-0.0020772,-0.0031722000000000005,-0.0031722000000000005,-0.0020772,-0.0020772,-0.0020772,-0.0020772,-0.0029322000000000003,-0.0029322000000000003,-0.0011322,-0.0011322,-0.0011322,-0.0011322,-0.0032772,-0.0032772,-0.0014772,-0.0014772,-0.0014772,-0.0014772,0.0010728,0.0,0.0010728,0.0,0.0010728,0.0
2023-08-22 00:00:00-04:00,-0.0019648,0.0007151999999999999,-0.0010848000000000001,-0.0010848000000000001,-0.0010848000000000001,-0.0010848000000000001,-0.0019648,0.0007151999999999999,-0.0010848000000000001,-0.0010848000000000001,-0.0010848000000000001,-0.0010848000000000001,-0.0019648,0.0007151999999999999,-0.0010848000000000001,-0.0010848000000000001,-0.0010848000000000001,-0.0010848000000000001,0.0015452,0.0015452,0.0015452,0.0015452,0.0013052,0.0013052,0.0015452,0.0015452,0.0015452,0.0015452,0.0013052,0.0013052,0.0012552,0.0012552,0.0012552,0.0012552,0.0012552,0.0012552
2023-08-23 00:00:00-04:00,0.0029628,0.0029628,-0.0011622,-0.0011622,-0.0011622,-0.0011622,0.0025428,0.0025428,0.0025428,0.0025428,0.0029178,0.0029178,0.0025428,0.0025428,0.0025428,0.0025428,0.0029178,0.0029178,0.0025428,0.0025428,0.0025428,0.0025428,0.0028277999999999997,0.0028277999999999997,0.0021228,0.0021228,0.0021228,0.0021228,0.0021228,0.0021228,0.0017478,0.0017478,0.0017478,0.0017478,0.0017478,0.0017478
2023-08-24 00:00:00-04:00,-0.0034848,-0.0034848,-0.0018947999999999999,-0.0018947999999999999,-0.0018947999999999999,-0.0018947999999999999,0.0014952000000000001,0.0,0.0014952000000000001,0.0,0.0014952000000000001,0.0,0.0014952000000000001,0.0,0.0014952000000000001,0.0,0.0014952000000000001,0.0,0.0014952000000000001,0.0,0.0014952000000000001,0.0,0.0021452000000000003,0.0,0.0010752,0.0,0.0010752,0.0,0.0010752,0.0,0.0010752,0.0,0.0010752,0.0,0.0010752,0.0
2023-08-25 00:00:00-04:00,-0.0026448,0.0,-0.0014148,0.0,-0.0014148,0.0,-0.0026448,0.0,-0.0014148,0.0,-0.0014148,0.0,0.0,0.0,0.0,0.0,0.0,0.0,0.0017652000000000002,0.0017652000000000002,0.0017652000000000002,0.0017652000000000002,0.0021852,0.0021852,0.0017652000000000002,0.0017652000000000002,0.0017652000000000002,0.0017652000000000002,0.0022652,0.0022652,0.0017652000000000002,0.0017652000000000002,0.0017652000000000002,0.0017652000000000002,0.0017652000000000002,0.0017652000000000002
2023-08-28 00:00:00-04:00,-0.0010548,-0.0007948,-0.0017448,-0.0007948,-0.0017448,-0.0007948,-0.0007948,-0.0007948,-0.0007948,-0.0007948,-0.0007948,-0.0007948,-0.0007948,-0.0007948,-0.0007948,-0.0007948,-0.0007948,-0.0007948,-0.0007948,-0.0007948,-0.0012947999999999998,-0.0012947999999999998,-0.0012947999999999998,-0.0012947999999999998,-0.0006348,0.0,-0.0015347999999999998,0.0,-0.0015347999999999998,0.0,-0.0006348,0.0,-0.0006348,0.0,-0.0006348,0.0
2023-08-29 00:00:00-04:00,-0.0010048000000000001,-0.0010048000000000001,-0.0007348000000000001,-0.0007348000000000001,-0.0007348000000000001,-0.0007348000000000001,-0.0010048000000000001,-0.0010048000000000001,-0.0007348000000000001,-0.0007348000000000001,-0.0007348000000000001,-0.0007348000000000001,-0.0010048000000000001,-0.0010048000000000001,-0.0007348000000000001,-0.0007348000000000001,-0.0007348000000000001,-0.0007348000000000001,0.0007551999999999999,0.0,0.0007551999999999999,0.0,0.0007551999999999999,0.0,0.0007551999999999999,0.0,0.0007551999999999999,0.0,0.0007551999999999999,0.0,0.0004252,0.0,0.0004252,0.0,0.0004252,0.0
2023-08-30 00:00:00-04:00,-0.0014747999999999999,0.0,-0.0010448,0.0,-0.0010448,0.0,-0.0014747999999999999,0.0,-0.0010448,0.0,-0.0010448,0.0,-0.0014747999999999999,0.0,-0.0010448,0.0,-0.0010448,0.0,-0.0014747999999999999,0.0,-0.0007948,0.0,-0.0007948,0.0,-0.0016447999999999999,0.0,-0.0009648,0.0,-0.0009648,0.0,-0.0016447999999999999,0.0,-0.0009648,0.0,-0.0009648,0.0
2023-08-31 00:00:00-04:00,0.0005252,0.0005252,-0.0005148,-0.0005148,-0.0005148,-0.0005148,0.0004052,0.0004052,-0.0006348,-0.0006348,-0.0006348,-0.0006348,0.0004052,0.0004052,-0.0006348,-0.0006348,-0.0006348,-0.0006348,-0.0008548000000000001,0.0004452,-0.00033480000000000006,-0.0003048,-0.00033480000000000006,-0.0003048,0.0004452,0.0004452,-0.0006648,-0.0006648,-0.0006648,-0.0006648,-0.0015547999999999998,0.0,-0.0010548,0.0,-0.0010548,0.0
2023-09-01 00:00:00-04:00,-0.0007048,0.0,-0.0006348,0.0,-0.0006348,0.0,-0.0007048,0.0,-0.0006348,0.0,-0.0006348,0.0,-0.0007048,0.0,-0.0006348,0.0,-0.0006348,0.0,0.0004652,0.0004652,-0.00039480000000000006,-0.00039480000000000006,-0.00039480000000000006,-0.00039480000000000006,-0.0010048000000000001,0.0,-0.0005748000000000001,0.0,-0.0005748000000000001,0.0,-0.0010948,0.0,-0.0006648,0.0,-0.0006648,0.0
2023-09-04 00:00:00-04:00,-0.0017648,-0.0017648,-0.0009848,-0.0009848,-0.0009848,-0.0009848,0.0007052,0.0,0.0007052,0.0,0.0007052,0.0,0.0007052,0.0,0.0007052,0.0,0.0007052,0.0,0.0008152,0.0,0.0008152,0.0,0.0010052,0.0,0.0008152,0.0,0.0008152,0.0,0.0010052,0.0,0.0006351999999999999,0.0,0.0006351999999999999,0.0,0.0006351999999999999,0.0
2023-09-05 00:00:00-04:00,0.0008851999999999999,0.0008851999999999999,0.0008851999999999999,0.0008851999999999999,0.0008851999999999999,0.0008851999999999999,0.0008851999999999999,0.0008851999999999999,0.0008851999999999999,0.0008851999999999999,0.0008851999999999999,0.0008851999999999999,0.0008851999999999999,0.0008851999999999999,0.0008851999999999999,0.0008851999999999999,0.0008851999999999999,0.0008851999999999999,0.0003852,0.0003852,0.0003852,0.0003852,0.0003852,0.0003852,0.0,0.0,0.0,0.0,0.0,0.0,0.0,0.0,0.0,0.0,0.0,0.0
2023-09-06 00:00:00-04:00,-0.0012348,0.0006152,-0.0004648,0.0006152,-0.0004648,0.0006152,-0.0014547999999999998,0.0006152,-0.0006848000000000001,0.0006152,-0.0006848000000000001,0.0006152,-0.0014647999999999998,0.0006152,-0.0006948000000000001,0.0006152,-0.0006948000000000001,0.0006152,-0.0016648,0.0009851999999999999,-0.0005648000000000001,0.0009851999999999999,-0.0005648000000000001,0.0009251999999999999,0.0009851999999999999,0.0009851999999999999,0.0009851999999999999,0.0009851999999999999,0.0009851999999999999,0.0009851999999999999,0.0009851999999999999,0.0009851999999999999,0.0009851999999999999,0.0009851999999999999,0.0009851999999999999,0.0009851999999999999
2023-09-07 00:00:00-04:00,0.0021352000000000003,0.0021352000000000003,-0.0003048,-0.0003048,-0.0003048,-0.0003048,0.0019952,0.0019952,-0.0004448,-0.0004448,-0.0004448,-0.0004448,-0.0025248,0.0018452000000000002,-0.0006048000000000001,0.0018452000000000002,-0.0006048000000000001,0.0010252,0.0021852,0.0021852,0.0021852,0.0021852,0.0004652,0.0004652,0.0021852,0.0021852,0.0021852,0.0021852,0.0006251999999999999,0.0006251999999999999,0.0016952,0.0016952,0.0016952,0.0016952,0.0016052000000000002,0.0016052000000000002
2023-09-08 00:00:00-04:00,-0.0017548,-0.0017548,-0.0002648,-0.0002648,0.0003652,0.0003652,-0.0019548,-0.0019548,-0.0004648,-0.0004648,0.0007652,0.0007652,-0.0019548,-0.0019548,-0.0004648,-0.0004648,0.0007652,0.0007652,0.0015352,-0.0023048,-0.00034480000000000003,-0.0006948000000000001,-0.00034480000000000003,-0.0006948000000000001,-0.0026448,-0.0026448,-0.0010848000000000001,-0.0010848000000000001,-0.0010848000000000001,-0.0010848000000000001,0.0,0.0,0.0,0.0,0.0,0.0
2023-09-11 00:00:00-04:00,0.0018652,0.0,-0.0008448,0.0,-0.0008448,0.0,0.0018652,0.0,-0.0008448,0.0,-0.0008448,0.0,0.0016952,0.0,-0.0010148,0.0,-0.0010148,0.0,-0.0022248,-0.0022248,-0.0010148,-0.0010148,-0.0010148,-0.0010148,-0.0022248,-0.0022248,-0.0010148,-0.0010148,-0.0010148,-0.0010148,-0.0023848,-0.0023848,-0.0011748,-0.0011748,-0.0011748,-0.0011748
2023-09-12 00:00:00-04:00,-0.0007848,-0.0007848,-0.0005248000000000001,-0.0005248000000000001,-0.0005248000000000001,-0.0005248000000000001,-0.0007848,-0.0007848,-0.0005248000000000001,-0.0005248000000000001,-0.0005248000000000001,-0.0005248000000000001,-0.0010448,-0.0010448,-0.0007848,-0.0007848,-0.0007848,-0.0007848,-0.0011148,-0.0011148,-0.0005748000000000001,-0.0005748000000000001,-0.0005748000000000001,-0.0005748000000000001,-0.0012048,-0.0012048,-0.0006648,-0.0006648,-0.0006648,-0.0006648,0.00047519999999999995,0.0,0.00047519999999999995,0.0,0.00047519999999999995,0.0
2023-09-13 00:00:00-04:00,-0.0005848,0.0001452,-0.00039480000000000006,-0.00035480000000000006,-0.00039480000000000006,-0.00035480000000000006,-0.0005848,5.519999999999999e-05,-0.00043480000000000005,-0.0004448,-0.00043480000000000005,-0.0004448,5.519999999999999e-05,5.519999999999999e-05,-0.0005448,-0.0005448,-0.0005448,-0.0005448,0.0001452,0.0001452,-0.00038480000000000003,-0.00038480000000000003,-0.00038480000000000003,-0.00038480000000000003,-0.0007048,-0.00047480000000000005,-0.0007048,-0.0010048000000000001,-0.0007048,-0.0010048000000000001,-0.0007048,-0.00047480000000000005,-0.0007048,-0.0010048000000000001,-0.0007048,-0.0010048000000000001
2023-09-14 00:00:00-04:00,0.0015152000000000002,0.0,0.0015152000000000002,0.0,0.0010852,0.0,0.0015152000000000002,0.0,0.0015152000000000002,0.0,0.0010852,0.0,0.0015152000000000002,0.0,0.0015152000000000002,0.0,0.0010852,0.0,0.0011652,0.0,0.0011652,0.0,0.0009052,0.0,0.0010352,0.0,0.0010352,0.0,0.0011652,0.0,0.0006552,0.0,0.0006552,0.0,0.0006552,0.0
2023-09-15 00:00:00-04:00,0.0007951999999999999,0.0,0.0007951999999999999,0.0,0.0011052,0.0,0.0006751999999999999,0.0,0.0006751999999999999,0.0,0.0006751999999999999,0.0,0.00047519999999999995,0.0,0.00047519999999999995,0.0,0.00047519999999999995,0.0,0.00039519999999999996,-0.0010548,-0.0005848,-0.0006148000000000001,-0.0005848,-0.0006148000000000001,-0.0010548,-0.0010548,-0.0006948000000000001,-0.0006948000000000001,-0.0006948000000000001,-0.0006948000000000001,-0.0010548,-0.0010548,-0.0007848,-0.0007848,-0.0007848,-0.0007848
2023-09-18 00:00:00-04:00,-0.0001148,-0.0001148,-0.0001148,-0.0001148,-0.0001148,-0.0001148,-0.0001148,-0.0001148,-0.0001148,-0.0001148,-0.0001148,-0.0001148,-0.00040480000000000003,-0.00040480000000000003,-0.00040480000000000003,-0.00040480000000000003,-0.00040480000000000003,-0.00040480000000000003,0.0001652,0.0,0.0001652,0.0,0.0001652,0.0,-0.0001048,0.0,-0.0001048,0.0,-0.0001048,0.0,-0.0001048,0.0,-0.0001048,0.0,-0.0001048,0.0
2023-09-19 00:00:00-04:00,-0.0016148,-0.0016148,-0.00038480000000000003,-0.00038480000000000003,-0.00038480000000000003,-0.00038480000000000003,-0.0017748,-0.0017748,-0.0005448,-0.0005448,-0.0005448,-0.0005448,-0.0017748,-0.0017748,-0.0005448,-0.0005448,-0.0005448,-0.0005448,0.0012652,0.0,0.0012652,0.0,0.0010452,0.0,0.0012652,0.0,0.0012652,0.0,0.0010452,0.0,0.0009952,0.0,0.0009952,0.0,0.0009952,0.0
2023-09-20 00:00:00-04:00,0.0003052,0.0,-0.00037480000000000006,0.0,-0.00037480000000000006,0.0,0.0003052,0.0,-0.00041480000000000005,0.0,-0.00041480000000000005,0.0,0.0002852,0.0,0.0002852,0.0,0.0007052,0.0,-0.0001248,0.0,-0.0001248,0.0,-0.0001248,0.0,-0.0001648,0.0,-0.0001648,0.0,-0.0001648,0.0,-0.00045480000000000005,0.0,-0.00045480000000000005,0.0,-0.00045480000000000005,0.0
2023-09-21 00:00:00-04:00,0.0006652,0.0,0.0006652,0.0,0.0006652,0.0,0.0002652,0.0,0.0002652,0.0,0.0002652,0.0,0.0002652,0.0,0.0002652,0.0,0.0002652,0.0,-0.0010648,-0.0010648,-0.0009748000000000001,-0.0009748000000000001,-0.0009748000000000001,-0.0009748000000000001,-8.48e-05,0.0,-8.48e-05,0.0,-8.48e-05,0.0,-0.0008348,0.0,-0.0008348,0.0,-0.0008348,0.0
2023-09-22 00:00:00-04:00,0.0015152000000000002,0.0015152000000000002,-0.0007448,-0.0007448,-0.0007448,-0.0007448,-0.0023648,0.0011852,-0.0009548,0.0011852,-0.0009548,0.0011852,-0.0023648,0.0011852,-0.0009548,0.0011852,-0.0009548,0.0011852,-0.0024048,0.0013452000000000002,-0.0008848,0.0013452000000000002,-0.0008848,0.0015452,-0.0025047999999999997,0.0013452000000000002,-0.0009848,0.0013452000000000002,-0.0009848,0.0013452000000000002,0.0013452000000000002,0.0013452000000000002,0.0013452000000000002,0.0013452000000000002,0.0013452000000000002,0.0013452000000000002
2023-09-25 00:00:00-04:00,0.0002152,-0.0018947999999999999,-0.0013047999999999998,-0.0014847999999999999,-0.0013047999999999998,-0.0014847999999999999,-0.0018947999999999999,-0.0018947999999999999,-0.0018548,-0.0018548,-0.0018548,-0.0018548,-0.0018947999999999999,-0.0018947999999999999,-0.0018548,-0.0018548,-0.0018548,-0.0018548,-0.0018947999999999999,-0.0018947999999999999,-0.0011948,-0.0011948,-0.0011948,-0.0011948,0.00039519999999999996,0.0,0.00039519999999999996,0.0,0.00039519999999999996,0.0,0.00039519999999999996,0.0,0.00039519999999999996,0.0,0.00039519999999999996,0.0
2023-09-26 00:00:00-04:00,0.0044152,0.0044152,0.0044152,0.0044152,0.0007652,0.0007652,0.004285199999999999,0.004285199999999999,0.004285199999999999,0.004285199999999999,0.0010252,0.0010252,0.004285199999999999,0.004285199999999999,0.004285199999999999,0.004285199999999999,0.0010252,0.0010252,0.0030551999999999997,0.0030551999999999997,0.0030551999999999997,0.0030551999999999997,0.0019252000000000002,0.0019252000000000002,0.0027952,0.0027952,0.0027952,0.0027952,0.0024452000000000002,0.0024452000000000002,0.0014152000000000001,0.0014152000000000001,0.0014152000000000001,0.0014152000000000001,0.0014152000000000001,0.0014152000000000001
2023-09-27 00:00:00-04:00,-0.0017748,-0.0017748,-0.0006148000000000001,-0.0006148000000000001,-0.0006148000000000001,-0.0006148000000000001,-0.0018047999999999999,-0.0018047999999999999,-0.0006448000000000001,-0.0006448000000000001,-0.0006448000000000001,-0.0006448000000000001,0.0009851999999999999,0.0,0.0009851999999999999,0.0,0.0009851999999999999,0.0,-0.0009848,-0.0009848,-0.0006348,-0.0006348,-0.0006348,-0.0006348,-0.0011048,-0.0011048,-0.0007548,-0.0007548,-0.0007548,-0.0007548,0.0002752,0.0,0.0002752,0.0,0.0002752,0.0
2023-09-28 00:00:00-04:00,-4.800000000000004e-06,-4.800000000000004e-06,-0.0011548,-0.0011548,-0.0011548,-0.0011548,-0.0012848,-0.0002548,-0.0014047999999999999,-0.0014047999999999999,-0.0014047999999999999,-0.0014047999999999999,-0.0012848,-0.0002548,-0.0014047999999999999,-0.0014047999999999999,-0.0014047999999999999,-0.0014047999999999999,-0.0014547999999999998,0.00034519999999999993,-0.0006648,0.00034519999999999993,-0.0006648,0.00034519999999999993,-0.0017847999999999998,0.00034519999999999993,-0.0009948000000000001,0.00034519999999999993,-0.0009948000000000001,0.00034519999999999993,0.00034519999999999993,0.00034519999999999993,0.00034519999999999993,0.00034519999999999993,0.00034519999999999993,0.00034519999999999993
2023-09-29 00:00:00-04:00,-0.0024972,-0.0024972,-0.0014472,-0.0014472,0.0026477999999999996,0.0026477999999999996,-0.0024972,-0.0024972,-0.0014472,-0.0014472,0.0026477999999999996,0.0026477999999999996,-0.0024972,-0.0024972,-0.0014472,-0.0014472,0.0026477999999999996,0.0026477999999999996,-0.0036672000000000002,-0.0036672000000000002,-0.0011022,-0.0011022,-0.0011022,-0.0011022,-0.0039072,-0.0039072,-0.0013422,-0.0013422,-0.0013422,-0.0013422,-0.005137200000000001,-0.005137200000000001,-0.0025722,-0.0025722,-0.0025722,-0.0025722
2023-10-02 00:00:00-04:00,-0.0022572,-0.0022572,-0.0022572,-0.0022572,-0.0022572,-0.0022572,-0.0022572,-0.0022572,-0.0022572,-0.0022572,-0.0022572,-0.0022572,0.0,0.0,0.0,0.0,0.0,0.0,-0.00023219999999999998,0.0,-0.0017622,0.0,-0.0017622,0.0,-0.0007421999999999999,0.0,-0.0022722,0.0,-0.0022722,0.0,-0.0007421999999999999,0.0,-0.0022722,0.0,-0.0022722,0.0
2023-10-03 00:00:00-04:00,-0.0015972,0.0003378,-0.0009072,-0.0011022,-0.0009072,-0.0011022,0.0003378,0.0003378,0.0003378,0.0003378,0.0003378,0.0003378,0.0003378,0.0003378,0.0003378,0.0003378,0.0003378,0.0003378,-0.0013272,-0.0013272,-0.0013272,-0.0013272,-0.0013272,-0.0013272,-0.0013272,-0.0013272,-0.0013272,-0.0013272,-0.0013272,-0.0013272,-0.0013272,-0.0013272,-0.0013272,-0.0013272,-0.0013272,-0.0013272
2023-10-04 00:00:00-04:00,-0.0077172000000000004,0.006037799999999999,-0.0011922,0.006037799999999999,-0.0011922,0.0028577999999999998,-0.0077172000000000004,0.006037799999999999,-0.0012072,0.006037799999999999,-0.0012072,0.0028577999999999998,-0.0078522,0.006037799999999999,-0.0013422,0.006037799999999999,-0.0013422,0.0030378,-0.0080922,0.006037799999999999,-0.0016722,0.006037799999999999,-0.0016722,0.0036077999999999995,0.006037799999999999,0.006037799999999999,0.006037799999999999,0.006037799999999999,0.0045978,0.0045978,0.0053478,0.0053478,0.0053478,0.0053478,0.0053478,0.0053478
2023-10-05 00:00:00-04:00,-0.0011922,-0.0003072,-0.0011772,-0.0010272,-0.0011772,-0.0010272,-0.0011922,-0.0003072,-0.0011772,-0.0012822,-0.0011772,-0.0012822,-0.0012972,-0.0003072,-0.0012822,-0.0014922,-0.0012822,-0.0014922,-0.0014322,0.0,-0.0019722,0.0,-0.0019722,0.0,-0.0014322,0.0,-0.0019722,0.0,-0.0019722,0.0,-0.0018372,0.0,-0.0023772,0.0,-0.0023772,0.0
2023-10-06 00:00:00-04:00,-0.0003372,-0.00027719999999999996,-0.0005022,-0.0005022,-0.0005022,-0.0005022,-0.00027719999999999996,-0.00027719999999999996,-0.0005472,-0.0005472,-0.0005472,-0.0005472,-0.00027719999999999996,-0.00027719999999999996,-0.0005622,-0.0005622,-0.0005622,-0.0005622,-0.0003672,0.0,-0.0010872,0.0,-0.0010872,0.0,-0.0009672,0.0,-0.0016872,0.0,-0.0016872,0.0,-0.0013272,0.0,-0.0020472,0.0,-0.0020472,0.0
2023-10-09 00:00:00-04:00,-0.0010122,-0.0010122,-0.0010122,-0.0010122,-0.0010122,-0.0010122,-0.0016872,-0.0016872,-0.0016872,-0.0016872,-0.0016872,-0.0016872,-0.0016872,-0.0016872,-0.0016872,-0.0016872,-0.0016872,-0.0016872,-0.0016872,-0.0016872,-0.0031272,-0.0031272,-0.0031272,-0.0031272,-0.0016872,-0.0016872,-0.0031272,-0.0031272,-0.0031272,-0.0031272,-0.0016872,-0.0016872,-0.0031272,-0.0031272,-0.0031272,-0.0031272
2023-10-10 00:00:00-04:00,-7.2000000000000065e-06,0.0,-0.0007871999999999999,0.0,0.0013278,0.0,-7.2000000000000065e-06,0.0,-0.0007871999999999999,0.0,0.0013278,0.0,-7.2000000000000065e-06,0.0,-0.0007871999999999999,0.0,0.0013278,0.0,-0.0008172,0.0,-0.0014472,0.0,-0.0014472,0.0,-0.0012222,0.0,-0.0018522,0.0,-0.0018522,0.0,-0.0014772,0.0,-0.0021072,0.0,-0.0021072,0.0
2023-10-11 00:00:00-04:00,4.5199999999999994e-05,0.0,4.5199999999999994e-05,0.0,0.0007452,0.0,4.5199999999999994e-05,0.0,4.5199999999999994e-05,0.0,0.0007452,0.0,-5.4800000000000004e-05,0.0,-5.4800000000000004e-05,0.0,-5.4800000000000004e-05,0.0,-0.0001948,-0.0001948,-0.0007748000000000001,-0.0007748000000000001,-0.0007748000000000001,-0.0007748000000000001,-0.0006448000000000001,0.0,-0.0008448,0.0,-0.0008448,0.0,-0.0006948000000000001,0.0,-0.0008948000000000001,0.0,-0.0008948000000000001,0.0
2023-10-12 00:00:00-04:00,-0.0019148,-0.0019148,-0.0005148,-0.0005148,-0.0005148,-0.0005148,0.0013152,0.0,0.0013152,0.0,0.0010252,0.0,0.0013152,0.0,0.0013152,0.0,0.0010252,0.0,0.0,0.0,0.0,0.0,0.0,0.0,0.0,0.0,0.0,0.0,0.0,0.0,0.0,0.0,0.0,0.0,0.0,0.0
2023-10-13 00:00:00-04:00,-0.0003148,0.0,-0.0007648,0.0,-0.0007648,0.0,-0.0003148,0.0,-0.0007648,0.0,-0.0007648,0.0,-0.0003148,0.0,-0.0007648,0.0,-0.0007648,0.0,-0.0001348,-0.0001348,-0.0007948,-0.0007948,-0.0007948,-0.0007948,-0.00022480000000000002,-0.00022480000000000002,-0.00022480000000000002,-0.00022480000000000002,-0.00022480000000000002,-0.00022480000000000002,0.0,0.0,0.0,0.0,0.0,0.0
2023-10-16 00:00:00-04:00,0.00039519999999999996,0.0,0.00039519999999999996,0.0,0.00039519999999999996,0.0,8.52e-05,0.0,8.52e-05,0.0,8.52e-05,0.0,8.52e-05,0.0,8.52e-05,0.0,8.52e-05,0.0,-0.0004848,-0.0004848,-0.0004848,-0.0004848,-0.0004848,-0.0004848,-0.0004848,-0.0004848,-0.0004848,-0.0004848,-0.0004848,-0.0004848,-0.0004848,-0.0004848,-0.0004848,-0.0004848,-0.0004848,-0.0004848
2023-10-17 00:00:00-04:00,0.0010452,0.0010452,0.0010452,0.0010452,0.0007852,0.0007852,0.0008851999999999999,0.0008851999999999999,0.0008851999999999999,0.0008851999999999999,0.0011052,0.0011052,0.00047519999999999995,0.00047519999999999995,0.00047519999999999995,0.00047519999999999995,0.00047519999999999995,0.00047519999999999995,-0.0011448,0.0004952,-0.0005248000000000001,0.0004952,-0.0005248000000000001,0.0004952,0.0004952,0.0004952,0.0004952,0.0004952,0.0004952,0.0004952,0.00033519999999999996,0.00033519999999999996,0.00033519999999999996,0.00033519999999999996,0.00033519999999999996,0.00033519999999999996
2023-10-18 00:00:00-04:00,0.0013152,0.0013152,0.0013152,0.0013152,0.0013152,0.0013152,0.0013152,0.0013152,0.0013152,0.0013152,0.0013152,0.0013152,0.0013152,0.0013152,0.0013152,0.0013152,0.0013152,0.0013152,-0.0015848,0.0,-0.0014547999999999998,0.0,-0.0014547999999999998,0.0,-0.0015848,0.0,-0.0014547999999999998,0.0,-0.0014547999999999998,0.0,-0.0015848,0.0,-0.0015447999999999998,0.0,-0.0015447999999999998,0.0
2023-10-19 00:00:00-04:00,0.0012052,0.0012052,-0.0007648,-0.0007648,-0.0007648,-0.0007648,0.0010052,0.0010052,-0.0009648,-0.0009648,-0.0009648,-0.0009648,0.0010052,0.0010052,-0.0010248,-0.0010248,-0.0010248,-0.0010248,0.0010052,0.0010052,-0.0009748000000000001,-0.0009748000000000001,-0.0009748000000000001,-0.0009748000000000001,0.0008351999999999999,0.0008351999999999999,0.0008351999999999999,0.0008351999999999999,0.0008351999999999999,0.0008351999999999999,0.0008351999999999999,0.0008351999999999999,0.0008351999999999999,0.0008351999999999999,0.0008351999999999999,0.0008351999999999999
2023-10-20 00:00:00-04:00,-0.0001148,-0.0001148,-0.0011848,-0.0011848,-0.0011848,-0.0011848,-0.0001148,-0.0001148,-0.0011848,-0.0011848,-0.0011848,-0.0011848,-0.0001148,-0.0001148,-0.0011848,-0.0011848,-0.0011848,-0.0011848,-0.0007348000000000001,-0.0001848,-0.0007648,-0.0007748000000000001,-0.0007648,-0.0007748000000000001,-0.0007348000000000001,-0.0001848,-0.0007948,-0.0007748000000000001,-0.0007948,-0.0007748000000000001,-0.0001848,-0.0001848,-0.0012348,-0.0012348,-0.0012348,-0.0012348
2023-10-23 00:00:00-04:00,-0.00035480000000000006,0.0,-0.00035480000000000006,0.0,-0.00035480000000000006,0.0,-0.0005248000000000001,0.0,-0.0005248000000000001,0.0,-0.0005248000000000001,0.0,-0.0005248000000000001,0.0,-0.0005248000000000001,0.0,-0.0005248000000000001,0.0,-4.800000000000004e-06,-4.800000000000004e-06,-0.0006048000000000001,-0.0006048000000000001,-0.0006048000000000001,-0.0006048000000000001,-0.0006748,-0.0005048,-0.0010048000000000001,-0.0005048,-0.0010048000000000001,-0.0005048,-0.0006748,-0.0005048,-0.0010148,-0.0005048,-0.0010148,-0.0005048
2023-10-24 00:00:00-04:00,0.0020752,-0.0028848000000000003,-0.0006748,-0.0007348000000000001,-0.0006748,-0.0007348000000000001,0.0020752,-0.0028848000000000003,-0.0006748,-0.0007348000000000001,-0.0006748,-0.0007348000000000001,0.0020752,-0.0028848000000000003,-0.0006748,-0.0007348000000000001,-0.0006748,-0.0007348000000000001,-0.0028848000000000003,-0.0028848000000000003,-0.0011848,-0.0011848,-0.0011848,-0.0011848,-0.0031148,-0.0031148,-0.0014148,-0.0014148,-0.0014148,-0.0014148,-0.0033348,-0.0033348,-0.0016347999999999998,-0.0016347999999999998,-0.0016347999999999998,-0.0016347999999999998
2023-10-25 00:00:00-04:00,0.0,0.0,0.0,0.0,0.0,0.0,0.0,0.0,0.0,0.0,0.0,0.0,0.0,0.0,0.0,0.0,0.0,0.0,0.0016052000000000002,0.0016052000000000002,0.0016052000000000002,0.0016052000000000002,0.0016452,0.0016452,0.0016052000000000002,0.0016052000000000002,0.0016052000000000002,0.0016052000000000002,0.0016452,0.0016452,0.0014552,0.0014552,0.0014552,0.0014552,0.0014552,0.0014552
2023-10-26 00:00:00-04:00,0.0020252,0.0020252,0.0020252,0.0020252,0.0020252,0.0020252,0.0010452,0.0010452,0.0010452,0.0010452,0.0010452,0.0010452,0.0010452,0.0010452,0.0010452,0.0010452,0.0010452,0.0010452,0.0011752,0.0011752,0.0011752,0.0011752,0.0011752,0.0011752,0.0011752,0.0011752,0.0011752,0.0011752,0.0011752,0.0011752,0.0005851999999999999,0.0005851999999999999,0.0005851999999999999,0.0005851999999999999,0.0005851999999999999,0.0005851999999999999
2023-10-27 00:00:00-04:00,0.00037519999999999996,0.0,0.00037519999999999996,0.0,0.00037519999999999996,0.0,-0.0001648,0.0,-0.0001648,0.0,-0.0001648,0.0,-0.0001648,0.0,-0.0001648,0.0,-0.0001648,0.0,-0.0008448,-0.0008448,-0.0013548,-0.0013548,-0.0013548,-0.0013548,-0.0007548,0.0,-0.0007548,0.0,-0.0007548,0.0,-0.0007548,0.0,-0.0007548,0.0,-0.0007548,0.0
2023-10-30 00:00:00-04:00,0.0005152,0.0,0.0005152,0.0,0.0005152,0.0,0.0,0.0,0.0,0.0,0.0,0.0,0.0,0.0,0.0,0.0,0.0,0.0,0.0006052,0.0,-0.0006748,0.0,-0.0006748,0.0,0.0006152,0.0,-0.0006648,0.0,-0.0006648,0.0,0.0006152,0.0,-0.0006648,0.0,-0.0006648,0.0
2023-10-31 00:00:00-04:00,0.0018352000000000002,0.0018352000000000002,0.0018352000000000002,0.0018352000000000002,0.0014252000000000002,0.0014252000000000002,0.0018352000000000002,0.0018352000000000002,0.0018352000000000002,0.0018352000000000002,0.0014252000000000002,0.0014252000000000002,0.0018352000000000002,0.0018352000000000002,0.0018352000000000002,0.0018352000000000002,0.0014252000000000002,0.0014252000000000002,0.0009352,0.0009352,0.0009352,0.0009352,0.0018852,0.0018852,0.0005451999999999999,0.0005451999999999999,0.0005451999999999999,0.0005451999999999999,0.0005451999999999999,0.0005451999999999999,0.0005451999999999999,0.0005451999999999999,0.0005451999999999999,0.0005451999999999999,0.0005451999999999999,0.0005451999999999999
2023-11-01 00:00:00-04:00,-0.0015447999999999998,-0.0015447999999999998,-0.0010148,-0.0010148,-0.0010148,-0.0010148,-0.0017347999999999999,-0.0017347999999999999,-0.0012048,-0.0012048,-0.0012048,-0.0012048,-0.0017347999999999999,-0.0017347999999999999,-0.0012048,-0.0012048,-0.0012048,-0.0012048,0.0011352,-0.0017648,-0.00047480000000000005,-0.0005448,-0.00047480000000000005,-0.0005448,-0.0017648,-0.0017648,-0.0006848000000000001,-0.0006848000000000001,-0.0006848000000000001,-0.0006848000000000001,0.0009551999999999999,0.0,0.0009551999999999999,0.0,0.0009551999999999999,0.0
2023-11-02 00:00:00-04:00,0.0007352,0.0,0.0007352,0.0,0.0010852,0.0,0.0007352,0.0,0.0007352,0.0,0.0010852,0.0,0.0007352,0.0,0.0007352,0.0,0.0010852,0.0,-0.0006048000000000001,-0.0006048000000000001,-0.0006548000000000001,-0.0006548000000000001,-0.0006548000000000001,-0.0006548000000000001,-0.0002648,0.0,-0.0002648,0.0,-0.0002648,0.0,-0.0006848000000000001,0.0,-0.0006848000000000001,0.0,-0.0006848000000000001,0.0
2023-11-03 00:00:00-04:00,-7.48e-05,0.0,-7.48e-05,0.0,-7.48e-05,0.0,-0.00039480000000000006,0.0,-0.00039480000000000006,0.0,-0.00039480000000000006,0.0,-0.00039480000000000006,0.0,-0.00039480000000000006,0.0,-0.00039480000000000006,0.0,-0.0005448,-0.0005448,-0.0005948,-0.0005948,-0.0005948,-0.0005948,-0.0001448,0.0,-0.0001448,0.0,-0.0001448,0.0,-0.0001448,0.0,-0.0001448,0.0,-0.0001448,0.0
2023-11-06 00:00:00-05:00,-0.0004248,-0.0004248,-0.0008548000000000001,-0.0008548000000000001,-0.0008548000000000001,-0.0008548000000000001,-0.0005448,-0.0005448,-0.0009748000000000001,-0.0009748000000000001,-0.0009748000000000001,-0.0009748000000000001,-0.0009348000000000001,-0.0009348000000000001,-0.0013648,-0.0013648,-0.0013648,-0.0013648,0.00047519999999999995,0.0,0.00047519999999999995,0.0,0.0008451999999999999,0.0,0.00037519999999999996,0.0,0.00037519999999999996,0.0,0.00037519999999999996,0.0,0.0003152,0.0,0.0003152,0.0,0.0003152,0.0
2023-11-07 00:00:00-05:00,0.0007852,0.0007852,-0.0006148000000000001,-0.0006148000000000001,-0.0006148000000000001,-0.0006148000000000001,0.0006052,0.0006052,-0.0007948,-0.0007948,-0.0007948,-0.0007948,0.00045519999999999995,0.00045519999999999995,-0.0009448000000000001,-0.0009448000000000001,-0.0009448000000000001,-0.0009448000000000001,-0.0011948,0.0,-0.0007348000000000001,0.0,-0.0007348000000000001,0.0,0.0,0.0,0.0,0.0,0.0,0.0,0.0,0.0,0.0,0.0,0.0,0.0
2023-11-08 00:00:00-05:00,-0.0013548,0.0007052,-0.0005548,-0.0005648000000000001,-0.0005548,-0.0005648000000000001,-0.0013548,0.0007052,-0.0005548,-0.0005748000000000001,-0.0005548,-0.0005748000000000001,-0.0013548,0.0007052,-0.0005548,-0.0005748000000000001,-0.0005548,-0.0005748000000000001,-0.0012048,0.0004852,-0.0004848,0.0004852,-0.0004848,0.0004852,-0.0012048,0.0004852,-0.0005148,0.0004852,-0.0005148,0.0004852,-0.0012048,0.0004852,-0.0005348,0.0004852,-0.0005348,0.0004852
2023-11-09 00:00:00-05:00,0.0006152,0.0,0.0006152,0.0,0.0006152,0.0,0.0006152,0.0,0.0006152,0.0,0.0006152,0.0,0.0006152,0.0,0.0006152,0.0,0.0006152,0.0,0.0006052,0.0,0.0006052,0.0,0.0007452,0.0,0.00039519999999999996,0.0,0.00039519999999999996,0.0,0.00039519999999999996,0.0,-4.4800000000000005e-05,0.0,-4.4800000000000005e-05,0.0,-4.4800000000000005e-05,0.0
2023-11-10 00:00:00-05:00,-0.0013548,-0.0013548,-0.0010348,-0.0010348,-0.0010348,-0.0010348,-0.0016648,-0.0016648,-0.0013448,-0.0013448,-0.0013448,-0.0013448,-0.0016648,-0.0016648,-0.0013448,-0.0013448,-0.0013448,-0.0013448,0.0008152,0.0,0.0008152,0.0,0.0007252,0.0,0.0005551999999999999,0.0,0.0005551999999999999,0.0,0.0005551999999999999,0.0,0.0005252,0.0,0.0005252,0.0,0.0005252,0.0
2023-11-13 00:00:00-05:00,0.0011152,0.0011152,0.0011152,0.0011152,0.0011152,0.0011152,0.0011152,0.0011152,0.0011152,0.0011152,0.0011152,0.0011152,0.0003852,0.0003852,0.0003852,0.0003852,0.0003852,0.0003852,6.52e-05,6.52e-05,-0.0004848,-0.0004848,-0.0004848,-0.0004848,5.199999999999996e-06,5.199999999999996e-06,5.199999999999996e-06,5.199999999999996e-06,0.0009251999999999999,0.0009251999999999999,5.199999999999996e-06,5.199999999999996e-06,5.199999999999996e-06,5.199999999999996e-06,0.0009452,0.0009452
2023-11-14 00:00:00-05:00,0.0006652,0.0,0.0006652,0.0,0.0006652,0.0,0.0006652,0.0,0.0006652,0.0,0.0006652,0.0,0.0006652,0.0,0.0006652,0.0,0.0006652,0.0,-0.0009748000000000001,-0.0009748000000000001,-0.00041480000000000005,-0.00041480000000000005,-0.00041480000000000005,-0.00041480000000000005,0.00045519999999999995,0.0,0.00045519999999999995,0.0,0.00045519999999999995,0.0,0.0002752,0.0,0.0002752,0.0,0.0002752,0.0
2023-11-15 00:00:00-05:00,0.0001852,0.0,0.0001852,0.0,0.0001852,0.0,0.0001452,0.0,0.0001452,0.0,0.0001452,0.0,0.0001452,0.0,0.0001452,0.0,0.0001452,0.0,-0.0007148,-0.0007148,-0.00045480000000000005,-0.00045480000000000005,-0.00045480000000000005,-0.00045480000000000005,-0.0007148,-0.0007148,-0.0005448,-0.0005448,-0.0005448,-0.0005448,1.5199999999999995e-05,0.0,1.5199999999999995e-05,0.0,1.5199999999999995e-05,0.0
2023-11-16 00:00:00-05:00,-0.0002748,-0.0008148000000000001,-0.0006348,-0.0010148,-0.0006348,-0.0010148,-0.0004648,-0.0008148000000000001,-0.0008248,-0.0011348,-0.0008248,-0.0011348,-0.0005948,-0.0008148000000000001,-0.0009548,-0.0013348,-0.0009548,-0.0013348,0.0001852,0.0001852,0.0001852,0.0001852,0.0012052,0.0012052,8.52e-05,8.52e-05,8.52e-05,8.52e-05,8.52e-05,8.52e-05,-0.0009848,-0.0009848,-0.0009848,-0.0009848,-0.0009848,-0.0009848
2023-11-17 00:00:00-05:00,-0.0005348,-0.0005348,-0.0007648,-0.0007648,-0.0007648,-0.0007648,-0.0005348,-0.0005348,-0.0007648,-0.0007648,-0.0007648,-0.0007648,-0.0005348,-0.0005348,-0.0007648,-0.0007648,-0.0007648,-0.0007648,-0.00039480000000000006,-0.00039480000000000006,-0.00038480000000000003,-0.00038480000000000003,-0.00038480000000000003,-0.00038480000000000003,-0.00039480000000000006,-0.00039480000000000006,-0.00041480000000000005,-0.00041480000000000005,-0.00041480000000000005,-0.00041480000000000005,-0.0004448,-0.0004448,-0.0004648,-0.0004648,-0.0004648,-0.0004648
2023-11-20 00:00:00-05:00,-0.00033480000000000006,0.0,-0.00033480000000000006,0.0,-0.00033480000000000006,0.0,-0.0007048,0.0,-0.0007048,0.0,-0.0007048,0.0,-0.0007048,0.0,-0.0007048,0.0,-0.0007048,0.0,-4.4800000000000005e-05,0.0,-4.4800000000000005e-05,0.0,0.0007852,0.0,-7.48e-05,0.0,-7.48e-05,0.0,-7.48e-05,0.0,-0.00039480000000000006,0.0,-0.00039480000000000006,0.0,-0.00039480000000000006,0.0
2023-11-21 00:00:00-05:00,-0.0007848,-0.0007848,-0.0007948,-0.0007948,-0.0007948,-0.0007948,-0.0007848,-0.0007848,-0.0007948,-0.0007948,-0.0007948,-0.0007948,-0.0009048000000000001,-0.0009048000000000001,-0.0009148,-0.0009148,-0.0009148,-0.0009148,-0.0009848,-0.0009848,-0.00037480000000000006,-0.00037480000000000006,0.0005851999999999999,0.0005851999999999999,-0.0014047999999999999,-0.0014047999999999999,-0.0007948,-0.0007948,-0.0007948,-0.0007948,-0.0014047999999999999,-0.0014047999999999999,-0.0007948,-0.0007948,-0.0007948,-0.0007948
2023-11-22 00:00:00-05:00,-0.0005448,-0.0008548000000000001,-0.0010348,-0.0010748,-0.0010348,-0.0010748,-0.0008548000000000001,-0.0008548000000000001,-0.0008548000000000001,-0.0008548000000000001,-0.0008548000000000001,-0.0008548000000000001,-0.0008548000000000001,-0.0008548000000000001,-0.0008548000000000001,-0.0008548000000000001,-0.0008548000000000001,-0.0008548000000000001,-0.0004948,-0.0004948,-0.00038480000000000003,-0.00038480000000000003,-0.00038480000000000003,-0.00038480000000000003,-0.0004948,-0.0004948,-0.00038480000000000003,-0.00038480000000000003,-0.00038480000000000003,-0.00038480000000000003,-0.0008548000000000001,-0.0008548000000000001,-0.0007448,-0.0007448,-0.0007448,-0.0007448
2023-11-23 00:00:00-05:00,0.0012452,0.0012452,0.0012452,0.0012452,0.0007852,0.0007852,0.0011451999999999999,0.0011451999999999999,0.0011451999999999999,0.0011451999999999999,0.0009851999999999999,0.0009851999999999999,0.0011451999999999999,0.0011451999999999999,0.0011451999999999999,0.0011451999999999999,0.0009851999999999999,0.0009851999999999999,0.0008451999999999999,0.0008451999999999999,0.0008451999999999999,0.0008451999999999999,0.0006652,0.0006652,0.0007252,0.0007252,0.0007252,0.0007252,0.0009052,0.0009052,0.0005451999999999999,0.0005451999999999999,0.0005451999999999999,0.0005451999999999999,0.0005451999999999999,0.0005451999999999999
2023-11-24 00:00:00-05:00,0.0009651999999999999,0.0,0.0009651999999999999,0.0,0.0012452,0.0,0.0009651999999999999,0.0,0.0009651999999999999,0.0,0.0012452,0.0,0.0009251999999999999,0.0,0.0009251999999999999,0.0,0.0009251999999999999,0.0,0.0011952,0.0,0.0011952,0.0,0.00032519999999999994,0.0,0.0009251999999999999,0.0,0.0009251999999999999,0.0,0.0008652,0.0,0.0008652,0.0,0.0008652,0.0,0.0009851999999999999,0.0
2023-11-27 00:00:00-05:00,-8.48e-05,0.0,-8.48e-05,0.0,-8.48e-05,0.0,-8.48e-05,0.0,-8.48e-05,0.0,-8.48e-05,0.0,-0.0002848,0.0,-0.0002848,0.0,-0.0002848,0.0,0.0002452,0.0002452,-0.0005148,-0.0005148,-0.0005148,-0.0005148,-0.0009748000000000001,0.0,-0.0010448,0.0,-0.0010448,0.0,-0.0009748000000000001,0.0,-0.0010448,0.0,-0.0010448,0.0
2023-11-28 00:00:00-05:00,0.0010452,-0.0017247999999999999,-0.0006048000000000001,-0.0004848,-0.0006048000000000001,-0.0004848,0.0010452,-0.0017247999999999999,-0.0006048000000000001,-0.0004848,-0.0006048000000000001,-0.0004848,0.0010452,-0.0017247999999999999,-0.0006048000000000001,-0.0004848,-0.0006048000000000001,-0.0004848,0.0009251999999999999,-0.0016347999999999998,-0.0006148000000000001,-0.0004448,-0.0006148000000000001,-0.0004448,0.0009251999999999999,-0.0016347999999999998,-0.0006148000000000001,-0.0004648,-0.0006148000000000001,-0.0004648,-0.0016347999999999998,-0.0016347999999999998,-0.0007148,-0.0007148,-0.0007148,-0.0007148
2023-11-29 00:00:00-05:00,-7.48e-05,-7.48e-05,-7.48e-05,-7.48e-05,-7.48e-05,-7.48e-05,-7.48e-05,-7.48e-05,-7.48e-05,-7.48e-05,-7.48e-05,-7.48e-05,-7.48e-05,-7.48e-05,-7.48e-05,-7.48e-05,-7.48e-05,-7.48e-05,6.52e-05,0.0,6.52e-05,0.0,6.52e-05,0.0,6.52e-05,0.0,6.52e-05,0.0,6.52e-05,0.0,6.52e-05,0.0,6.52e-05,0.0,6.52e-05,0.0
2023-11-30 00:00:00-05:00,0.0008152,0.0008152,-0.00043480000000000005,-0.00043480000000000005,-0.00043480000000000005,-0.00043480000000000005,0.0005752,0.0005752,-0.0006748,-0.0006748,-0.0006748,-0.0006748,0.0005752,0.0005752,-0.0006748,-0.0006748,-0.0006748,-0.0006748,0.0006251999999999999,0.0006251999999999999,-0.00036480000000000003,-0.00036480000000000003,-0.00036480000000000003,-0.00036480000000000003,-0.0011348,0.0004952,-0.0005048,0.0004952,-0.0005048,0.0004952,0.0004952,0.0004952,0.0004952,0.0004952,0.0004952,0.0004952
2023-12-01 00:00:00-05:00,-0.0010872,-0.0010872,-0.0009672,-0.0009672,-0.0009672,-0.0009672,-0.0013871999999999999,-0.0013871999999999999,-0.0012672,-0.0012672,-0.0012672,-0.0012672,-0.0013871999999999999,-0.0013871999999999999,-0.0012672,-0.0012672,-0.0012672,-0.0012672,-0.0010872,-0.0010872,-0.0007722,-0.0007722,-0.0007722,-0.0007722,-0.0010872,-0.0010872,-0.0008922,-0.0008922,-0.0008922,-0.0008922,-0.0010872,-0.0010872,-0.0008922,-0.0008922,-0.0008922,-0.0008922
2023-12-04 00:00:00-05:00,0.0021228,0.0,0.0021228,0.0,0.0021228,0.0,0.0021228,0.0,0.0021228,0.0,0.0021228,0.0,0.0021228,0.0,0.0021228,0.0,0.0021228,0.0,-0.0020922,-0.0020922,-0.0006072,-0.0006072,-0.0006072,-0.0006072,0.0013278,0.0,0.0013278,0.0,0.0013278,0.0,0.0013278,0.0,0.0013278,0.0,0.0013278,0.0
2023-12-05 00:00:00-05:00,0.0047028,0.0,0.0047028,0.0,0.0015978,0.0,0.0047028,0.0,0.0047028,0.0,0.0015978,0.0,0.0044928,0.0,0.0044928,0.0,0.0020178,0.0,0.0039678,0.0,0.0039678,0.0,0.0015378,0.0,0.0037877999999999996,0.0,0.0037877999999999996,0.0,0.0018978,0.0,0.0035478,0.0,0.0035478,0.0,0.0023778000000000002,0.0
2023-12-06 00:00:00-05:00,0.0038927999999999996,0.0038927999999999996,0.0038927999999999996,0.0038927999999999996,0.0018378000000000001,0.0018378000000000001,0.0036377999999999996,0.0036377999999999996,0.0036377999999999996,0.0036377999999999996,0.0023478,0.0023478,0.0024528,0.0024528,0.0024528,0.0024528,0.0024528,0.0024528,-0.0006072,-0.0006072,-0.0012072,-0.0012072,-0.0012072,-0.0012072,-0.0006072,-0.0006072,-0.0012072,-0.0012072,-0.0012072,-0.0012072,-0.0006072,-0.0006072,-0.0012072,-0.0012072,-0.0012072,-0.0012072
2023-12-07 00:00:00-05:00,-0.0004722,-0.0004722,-0.0013572,-0.0013572,-0.0013572,-0.0013572,-0.0010722,0.0,-0.0010722,0.0,-0.0010722,0.0,-0.0010722,0.0,-0.0010722,0.0,-0.0010722,0.0,-0.0001572,0.0,-0.0001572,0.0,0.0010878,0.0,-0.0004272,0.0,-0.0004272,0.0,-0.0004272,0.0,-0.0010722,0.0,-0.0010722,0.0,-0.0010722,0.0
2023-12-08 00:00:00-05:00,0.0011028,-0.0020022,-0.0007871999999999999,-0.0008022,-0.0007871999999999999,-0.0008022,0.0011028,-0.0020022,-0.0007871999999999999,-0.0008022,-0.0007871999999999999,-0.0008022,-0.0020022,-0.0020022,-0.0008622,-0.0008622,-0.0008622,-0.0008622,0.0009228,-0.0017922,-0.0007421999999999999,-0.0007122,-0.0007421999999999999,-0.0007122,0.0007578,-0.0017922,-0.0009072,-0.0009372,-0.0009072,-0.0009372,-0.0017922,-0.0017922,-0.0012072,-0.0012072,-0.0012072,-0.0012072
2023-12-11 00:00:00-05:00,0.0009828,0.0,0.0009828,0.0,0.0009828,0.0,0.0009828,0.0,0.0009828,0.0,0.0009828,0.0,0.0009828,0.0,0.0009828,0.0,0.0009828,0.0,6.78e-05,0.0,-0.0007572,0.0,-0.0007572,0.0,-0.0002472,0.0,-0.0010722,0.0,-0.0010722,0.0,-0.0002472,0.0,-0.0010722,0.0,-0.0010722,0.0
2023-12-12 00:00:00-05:00,0.0009978,0.0009978,0.0009978,0.0009978,0.0009978,0.0009978,0.0009978,0.0009978,0.0009978,0.0009978,0.0009978,0.0009978,0.0009978,0.0009978,0.0009978,0.0009978,0.0009978,0.0009978,-0.0006972,-2.2200000000000008e-05,-0.0005622,-2.2200000000000008e-05,-0.0005622,-2.2200000000000008e-05,-0.0008922,-2.2200000000000008e-05,-0.0007572,-2.2200000000000008e-05,-0.0007572,-2.2200000000000008e-05,-2.2200000000000008e-05,-2.2200000000000008e-05,-2.2200000000000008e-05,-2.2200000000000008e-05,-2.2200000000000008e-05,-2.2200000000000008e-05
2023-12-13 00:00:00-05:00,0.0,0.0,0.0,0.0,0.0,0.0,0.0,0.0,0.0,0.0,0.0,0.0,0.0,0.0,0.0,0.0,0.0,0.0,-3.720000000000001e-05,-3.720000000000001e-05,-0.00048719999999999997,-0.00048719999999999997,-0.00048719999999999997,-0.00048719999999999997,-3.720000000000001e-05,-3.720000000000001e-05,-0.0005322,-0.0005322,-0.0005322,-0.0005322,-0.0001872,-0.0001872,-0.0007272,-0.0007272,-0.0007272,-0.0007272
2023-12-14 00:00:00-05:00,0.0028128,0.0028128,0.0028128,0.0028128,0.0032478,0.0032478,0.0027527999999999997,0.0027527999999999997,0.0027527999999999997,0.0027527999999999997,0.0033678,0.0033678,0.0015678,0.0015678,0.0015678,0.0015678,0.0015678,0.0015678,-0.0019422,-0.0019422,-0.0014922,-0.0014922,-0.0014922,-0.0014922,-0.0019422,-0.0019422,-0.0015222,-0.0015222,-0.0015222,-0.0015222,-0.0020472,-0.0020472,-0.0016272,-0.0016272,-0.0016272,-0.0016272
2023-12-15 00:00:00-05:00,0.0025578,0.0025578,0.0025578,0.0025578,0.0025578,0.0025578,0.0022128,0.0022128,0.0022128,0.0022128,0.0022128,0.0022128,0.0017178,0.0017178,0.0017178,0.0017178,0.0017178,0.0017178,0.0021228,0.0021228,0.0021228,0.0021228,0.0018678,0.0018678,0.0020178,0.0020178,0.0020178,0.0020178,0.0020778,0.0020778,0.0017778,0.0017778,0.0017778,0.0017778,0.0017778,0.0017778
2023-12-18 00:00:00-05:00,-0.0021672,-9.72e-05,-0.0020922,-9.72e-05,-0.0020922,-9.72e-05,-9.72e-05,-9.72e-05,-9.72e-05,-9.72e-05,-9.72e-05,-9.72e-05,-9.72e-05,-9.72e-05,-9.72e-05,-9.72e-05,-9.72e-05,-9.72e-05,0.00038280000000000003,0.00038280000000000003,0.00038280000000000003,0.00038280000000000003,0.0013278,0.0013278,0.00038280000000000003,0.00038280000000000003,0.00038280000000000003,0.00038280000000000003,0.0013278,0.0013278,0.0003078,0.0003078,0.0003078,0.0003078,0.0014778,0.0014778
2023-12-19 00:00:00-05:00,-0.0007871999999999999,-0.00038219999999999997,-0.0010722,-0.00038219999999999997,-0.0010722,-0.00038219999999999997,-0.0007871999999999999,-0.00038219999999999997,-0.0010722,-0.00038219999999999997,-0.0010722,-0.00038219999999999997,-0.0007871999999999999,-0.00038219999999999997,-0.0010722,-0.00038219999999999997,-0.0010722,-0.00038219999999999997,-0.0007871999999999999,-0.00020219999999999998,-0.0008022,-0.00020219999999999998,-0.0008022,-0.00020219999999999998,-0.0007871999999999999,-0.00020219999999999998,-0.0008022,-0.00020219999999999998,-0.0008022,-0.00020219999999999998,-0.00020219999999999998,-0.00020219999999999998,-0.00020219999999999998,-0.00020219999999999998,-0.00020219999999999998,-0.00020219999999999998
2023-12-20 00:00:00-05:00,0.0004728,0.0004728,0.0004728,0.0004728,0.0008478,0.0008478,6.78e-05,6.78e-05,6.78e-05,6.78e-05,6.78e-05,6.78e-05,6.78e-05,6.78e-05,6.78e-05,6.78e-05,6.78e-05,6.78e-05,3.779999999999999e-05,3.779999999999999e-05,-0.0004272,-0.0004272,-0.0004272,-0.0004272,-0.00023219999999999998,-0.00023219999999999998,-0.0006972,-0.0006972,-0.0006972,-0.0006972,-0.00023219999999999998,-0.00023219999999999998,-0.0006972,-0.0006972,-0.0006972,-0.0006972
2023-12-21 00:00:00-05:00,0.0035327999999999996,0.0035327999999999996,0.0035327999999999996,0.0035327999999999996,0.0015978,0.0015978,0.0034577999999999996,0.0034577999999999996,0.0034577999999999996,0.0034577999999999996,0.0017478,0.0017478,0.0029178,0.0029178,0.0029178,0.0029178,0.0028277999999999997,0.0028277999999999997,0.0030527999999999996,0.0030527999999999996,-0.0006372,-0.0006372,-0.0006372,-0.0006372,0.0029178,0.0029178,0.0029178,0.0029178,0.0012978,0.0012978,0.0029178,0.0029178,0.0029178,0.0029178,0.0014778,0.0014778
2023-12-22 00:00:00-05:00,0.0012678,0.0,0.0012678,0.0,0.0012678,0.0,0.0012678,0.0,0.0012678,0.0,0.0012678,0.0,0.0012678,0.0,0.0012678,0.0,0.0012678,0.0,5.2799999999999996e-05,0.0,5.2799999999999996e-05,0.0,5.2799999999999996e-05,0.0,5.2799999999999996e-05,0.0,5.2799999999999996e-05,0.0,5.2799999999999996e-05,0.0,-0.0003972,0.0,-0.0003972,0.0,-0.0003972,0.0
2023-12-26 00:00:00-05:00,0.0016728000000000001,0.0016728000000000001,0.0016728000000000001,0.0016728000000000001,0.0016728000000000001,0.0016728000000000001,0.0014328,0.0014328,0.0014328,0.0014328,0.0014328,0.0014328,0.0009228,0.0009228,0.0009228,0.0009228,0.0009228,0.0009228,0.0020178,0.0020178,0.0020178,0.0020178,0.0006978,0.0006978,0.0017928,0.0017928,0.0017928,0.0017928,0.0011478,0.0011478,0.0015228,0.0015228,0.0015228,0.0015228,0.0016878,0.0016878
2023-12-27 00:00:00-05:00,-5.220000000000001e-05,0.0,-5.220000000000001e-05,0.0,-5.220000000000001e-05,0.0,-5.220000000000001e-05,0.0,-5.220000000000001e-05,0.0,-5.220000000000001e-05,0.0,-5.220000000000001e-05,0.0,-5.220000000000001e-05,0.0,-5.220000000000001e-05,0.0,-0.0004272,-0.0001872,-0.0003972,-0.00048719999999999997,-0.0003972,-0.00048719999999999997,-0.0005922,-0.00038219999999999997,-0.0007272,-0.00038219999999999997,-0.0007272,-0.00038219999999999997,-0.00038219999999999997,-0.00038219999999999997,-0.00038219999999999997,-0.00038219999999999997,-0.00038219999999999997,-0.00038219999999999997
2023-12-28 00:00:00-05:00,0.0011478,0.0011478,0.0011478,0.0011478,0.0011478,0.0011478,0.0011478,0.0011478,0.0011478,0.0011478,0.0011478,0.0011478,0.0011478,0.0011478,0.0011478,0.0011478,0.0011478,0.0011478,0.0003978,0.0003978,0.0003978,0.0003978,0.0003978,0.0003978,0.0002928,0.0002928,0.0002928,0.0002928,0.0002928,0.0002928,0.0,0.0,0.0,0.0,0.0,0.0
2023-12-29 00:00:00-05:00,0.00027780000000000003,0.00027780000000000003,0.00027780000000000003,0.00027780000000000003,0.00027780000000000003,0.00027780000000000003,0.0001578,0.0001578,0.0001578,0.0001578,0.0001578,0.0001578,0.0001578,0.0001578,0.0001578,0.0001578,0.0001578,0.0001578,-0.0009222,0.0,-0.0010572,0.0,-0.0010572,0.0,-0.0009222,0.0,-0.0010572,0.0,-0.0010572,0.0,-0.0009222,0.0,-0.0010572,0.0,-0.0010572,0.0
2024-01-02 00:00:00-05:00,-0.0008472,-0.0008472,-0.0010272,-0.0010272,-0.0010272,-0.0010272,-0.0003672,0.0,-0.0003672,0.0,-0.0003672,0.0,-0.0003672,0.0,-0.0003672,0.0,-0.0003672,0.0,0.00011279999999999999,0.0,0.00011279999999999999,0.0,0.00011279999999999999,0.0,0.00011279999999999999,0.0,0.00011279999999999999,0.0,0.00011279999999999999,0.0,-0.0004722,0.0,-0.0004722,0.0,-0.0004722,0.0
2024-01-03 00:00:00-05:00,0.0006828,0.0,0.0006828,0.0,0.0006828,0.0,0.0003228,0.0,0.0003228,0.0,0.0003228,0.0,0.0003228,0.0,0.0003228,0.0,0.0003228,0.0,-0.0001122,0.0,-0.0001122,0.0,-0.0001122,0.0,-0.0002922,0.0,-0.0002922,0.0,-0.0002922,0.0,-0.0002922,0.0,-0.0002922,0.0,-0.0002922,0.0
2024-01-04 00:00:00-05:00,-0.0018372,0.0,-0.0014022,0.0,-0.0014022,0.0,-0.0018372,0.0,-0.0014022,0.0,-0.0014022,0.0,-0.0018372,0.0,-0.0014022,0.0,-0.0014022,0.0,-0.0009972,0.0,-0.0004272,0.0,0.0006078,0.0,-0.0011622,0.0,-0.0007122,0.0,-0.0007122,0.0,-0.0013722,0.0,-0.0009222,0.0,-0.0009222,0.0
2024-01-05 00:00:00-05:00,0.0028277999999999997,0.0,0.0028277999999999997,0.0,0.0022278,0.0,0.0028277999999999997,0.0,0.0028277999999999997,0.0,0.0023178,0.0,0.0028277999999999997,0.0,0.0028277999999999997,0.0,0.0023178,0.0,0.0032627999999999997,0.0,0.0032627999999999997,0.0,0.0014178,0.0,0.0028277999999999997,0.0,0.0028277999999999997,0.0,0.0023478,0.0,0.0028277999999999997,0.0,0.0028277999999999997,0.0,0.0023478,0.0
2024-01-08 00:00:00-05:00,-0.0031272,-0.0031272,-0.0021972,-0.0021972,-0.0021972,-0.0021972,-0.0031272,-0.0031272,-0.0021972,-0.0021972,-0.0021972,-0.0021972,-0.0031272,-0.0031272,-0.0021972,-0.0021972,-0.0021972,-0.0021972,0.0025428,0.0,0.0025428,0.0,0.0015378,0.0,0.0025428,0.0,0.0025428,0.0,0.0015378,0.0,0.0011778000000000001,0.0,0.0011778000000000001,0.0,0.0011778000000000001,0.0
2024-01-09 00:00:00-05:00,-0.0010748,-0.0010748,-0.0005148,-0.0005148,-0.0005148,-0.0005148,-0.0010748,-0.0010748,-0.0005648000000000001,-0.0005648000000000001,-0.0005648000000000001,-0.0005648000000000001,-0.0010748,-0.0010748,-0.0005648000000000001,-0.0005648000000000001,-0.0005648000000000001,-0.0005648000000000001,-0.0010048000000000001,-0.0010048000000000001,-0.0002948,-0.0002948,-0.0002948,-0.0002948,-0.0010948,-0.0010948,-0.00045480000000000005,-0.00045480000000000005,-0.00045480000000000005,-0.00045480000000000005,-0.0010948,-0.0010948,-0.0004848,-0.0004848,-0.0004848,-0.0004848
2024-01-10 00:00:00-05:00,0.0004652,0.0004652,-0.0006548000000000001,-0.0006548000000000001,-0.0006548000000000001,-0.0006548000000000001,0.0004652,0.0004652,-0.0006548000000000001,-0.0006548000000000001,-0.0006548000000000001,-0.0006548000000000001,5.199999999999996e-06,5.199999999999996e-06,-0.0011148,-0.0011148,-0.0011148,-0.0011148,-0.0008848,0.0001952,-0.0006348,-0.0004648,-0.0006348,-0.0004648,0.0001952,0.0001952,-0.0006648,-0.0006648,-0.0006648,-0.0006648,0.0001952,0.0001952,-0.0006648,-0.0006648,-0.0006648,-0.0006648
2024-01-11 00:00:00-05:00,0.0018752,0.0018752,0.0018752,0.0018752,0.0015252000000000002,0.0015252000000000002,0.0016452,0.0016452,0.0016452,0.0016452,0.0016452,0.0016452,0.0013752,0.0013752,0.0013752,0.0013752,0.0013752,0.0013752,0.0006552,0.0006552,0.0006552,0.0006552,0.0006552,0.0006552,0.0006552,0.0006552,0.0006552,0.0006552,0.0006552,0.0006552,0.0006552,0.0006552,0.0006552,0.0006552,0.0006552,0.0006552
2024-01-12 00:00:00-05:00,-0.0016247999999999998,-0.0016247999999999998,-0.0008148000000000001,-0.0008148000000000001,-0.0008148000000000001,-0.0008148000000000001,0.0005752,0.0,-0.0011248,0.0,-0.0011248,0.0,0.0005752,0.0,-0.0011248,0.0,-0.0011248,0.0,-0.0007948,-0.0007948,-0.0007648,-0.0007648,-0.0007648,-0.0007648,-0.0007948,-0.0007948,-0.0007648,-0.0007648,-0.0007648,-0.0007648,-0.0010948,-0.0010948,-0.0010948,-0.0010948,-0.0010948,-0.0010948
2024-01-15 00:00:00-05:00,0.0011152,0.0011152,0.0011152,0.0011152,0.0011152,0.0011152,0.0011152,0.0011152,0.0011152,0.0011152,0.0011152,0.0011152,0.0011152,0.0011152,0.0011152,0.0011152,0.0011152,0.0011152,-0.0017947999999999998,0.0011152,-0.00038480000000000003,0.0011152,-0.00038480000000000003,0.0010852,0.0011152,0.0011152,0.0011152,0.0011152,0.0015452,0.0015452,0.0011152,0.0011152,0.0011152,0.0011152,0.0016652000000000001,0.0016652000000000001
2024-01-16 00:00:00-05:00,0.0038477999999999997,0.0,0.0038477999999999997,0.0,0.0023778000000000002,0.0,0.0036377999999999996,0.0,0.0036377999999999996,0.0,0.0027977999999999996,0.0,0.0024528,0.0,0.0024528,0.0,0.0024528,0.0,-0.0015072,-0.0015072,-0.0014172,-0.0014172,-0.0014172,-0.0014172,-0.0017622,-0.0017622,-0.0016722,-0.0016722,-0.0016722,-0.0016722,-0.0002172,0.0,-0.0002172,0.0,-0.0002172,0.0
2024-01-17 00:00:00-05:00,0.0074928,0.0,-0.0008922,0.0,-0.0008922,0.0,0.0074928,0.0,-0.0008922,0.0,-0.0008922,0.0,0.0071627999999999995,0.0,0.0071627999999999995,0.0,0.0021978,0.0,0.0062178,0.0,0.0062178,0.0,0.0018078,0.0,0.0062178,0.0,0.0062178,0.0,0.0018078,0.0,0.0059778,0.0,0.0059778,0.0,0.0023778000000000002,0.0
2024-01-18 00:00:00-05:00,0.0017628,0.0017628,0.0017628,0.0017628,0.0017628,0.0017628,0.0015378,0.0015378,0.0015378,0.0015378,0.0015378,0.0015378,0.0015378,0.0015378,0.0015378,0.0015378,0.0015378,0.0015378,-0.0023622,0.0,-0.0012672,0.0,-0.0012672,0.0,-0.0023622,0.0,-0.0012672,0.0,-0.0012672,0.0,-0.0030822000000000002,0.0,-0.0019872,0.0,-0.0019872,0.0
2024-01-19 00:00:00-05:00,0.0025352,0.0025352,0.0025352,0.0025352,0.0009851999999999999,0.0009851999999999999,0.0023752,0.0023752,0.0023752,0.0023752,0.0013052,0.0013052,0.0011652,0.0011652,0.0011652,0.0011652,0.0011652,0.0011652,-0.0019748,0.0009352,-0.0009248,0.0009352,-0.0009248,0.0009352,0.0009352,0.0009352,0.0009352,0.0009352,0.0009352,0.0009352,0.0009352,0.0009352,0.0009352,0.0009352,0.0009352,0.0009352
2024-01-22 00:00:00-05:00,0.0011952,0.0011952,0.0011952,0.0011952,0.0011952,0.0011952,0.0011952,0.0011952,0.0011952,0.0011952,0.0011952,0.0011952,0.0011952,0.0011952,0.0011952,0.0011952,0.0011952,0.0011952,0.0002852,0.0,0.0002852,0.0,0.0002852,0.0,-4.4800000000000005e-05,0.0,-4.4800000000000005e-05,0.0,-4.4800000000000005e-05,0.0,-4.4800000000000005e-05,0.0,-4.4800000000000005e-05,0.0,-4.4800000000000005e-05,0.0
2024-01-23 00:00:00-05:00,0.00035519999999999996,0.00035519999999999996,0.00035519999999999996,0.00035519999999999996,0.00035519999999999996,0.00035519999999999996,0.00035519999999999996,0.00035519999999999996,0.00035519999999999996,0.00035519999999999996,0.00035519999999999996,0.00035519999999999996,2.5199999999999996e-05,2.5199999999999996e-05,2.5199999999999996e-05,2.5199999999999996e-05,2.5199999999999996e-05,2.5199999999999996e-05,-0.0009348000000000001,2.5199999999999996e-05,-0.0006748,2.5199999999999996e-05,-0.0006748,2.5199999999999996e-05,-0.0009348000000000001,2.5199999999999996e-05,-0.0006748,2.5199999999999996e-05,-0.0006748,2.5199999999999996e-05,-0.00032480000000000003,-0.00032480000000000003,-0.00032480000000000003,-0.00032480000000000003,-0.00032480000000000003,-0.00032480000000000003
2024-01-24 00:00:00-05:00,0.0021452000000000003,0.0021452000000000003,0.0021452000000000003,0.0021452000000000003,0.0020652,0.0020652,0.0021452000000000003,0.0021452000000000003,0.0021452000000000003,0.0021452000000000003,0.0020652,0.0020652,0.0019452,0.0019452,0.0019452,0.0019452,0.0019452,0.0019452,-0.0024847999999999997,0.0018252000000000001,-0.0005848,0.0018252000000000001,-0.0005848,0.0010252,0.0018252000000000001,0.0018252000000000001,0.0018252000000000001,0.0018252000000000001,0.0013252000000000001,0.0013252000000000001,0.0018252000000000001,0.0018252000000000001,0.0018252000000000001,0.0018252000000000001,0.0013252000000000001,0.0013252000000000001
2024-01-25 00:00:00-05:00,-0.0007748000000000001,-4.4800000000000005e-05,-0.0007648,-0.0006248,-0.0007648,-0.0006248,-0.0008648,-4.4800000000000005e-05,-0.0008548000000000001,-0.0007848,-0.0008548000000000001,-0.0007848,-0.0009848,-4.4800000000000005e-05,-0.0009748000000000001,-0.0009248,-0.0009748000000000001,-0.0009248,-0.0005148,0.0,-0.0008348,0.0,-0.0008348,0.0,-0.0013147999999999999,0.0,-0.0016347999999999998,0.0,-0.0016347999999999998,0.0,-0.0015748,0.0,-0.0018947999999999999,0.0,-0.0018947999999999999,0.0
2024-01-26 00:00:00-05:00,0.0024152,0.0,0.0024152,0.0,0.0024152,0.0,0.0018752,0.0,0.0018752,0.0,0.0018752,0.0,0.0018752,0.0,0.0018752,0.0,0.0018752,0.0,-0.0024648,-0.0024648,-0.0009048000000000001,-0.0009048000000000001,-0.0009048000000000001,-0.0009048000000000001,-0.0024648,-0.0024648,-0.0009048000000000001,-0.0009048000000000001,-0.0009048000000000001,-0.0009048000000000001,-0.0024648,-0.0024648,-0.0009648,-0.0009648,-0.0009648,-0.0009648
2024-01-29 00:00:00-05:00,0.0023928,0.0023928,0.0023928,0.0023928,0.0023928,0.0023928,0.0023928,0.0023928,0.0023928,0.0023928,0.0023928,0.0023928,0.0023928,0.0023928,0.0023928,0.0023928,0.0023928,0.0023928,0.0017478,0.0017478,0.0017478,0.0017478,0.0017478,0.0017478,0.0011328,0.0011328,0.0011328,0.0011328,0.0011328,0.0011328,0.0010128000000000001,0.0010128000000000001,0.0010128000000000001,0.0010128000000000001,0.0010128000000000001,0.0010128000000000001
2024-01-30 00:00:00-05:00,-0.0015647999999999999,-0.0015647999999999999,-0.0012048,-0.0012048,-0.0012048,-0.0012048,-0.0017548,-0.0017548,-0.0013947999999999999,-0.0013947999999999999,-0.0013947999999999999,-0.0013947999999999999,-0.0017548,-0.0017548,-0.0013947999999999999,-0.0013947999999999999,-0.0013947999999999999,-0.0013947999999999999,0.0010952,0.0,0.0010952,0.0,0.0008652,0.0,0.0,0.0,0.0,0.0,0.0,0.0,0.0,0.0,0.0,0.0,0.0,0.0
2024-01-31 00:00:00-05:00,0.0,0.0,0.0,0.0,0.0,0.0,0.0,0.0,0.0,0.0,0.0,0.0,0.0,0.0,0.0,0.0,0.0,0.0,9.52e-05,9.52e-05,-0.00040480000000000003,-0.00040480000000000003,-0.00040480000000000003,-0.00040480000000000003,-0.0007848,0.0,-0.0006548000000000001,0.0,-0.0006548000000000001,0.0,-0.0011548,0.0,-0.0010248,0.0,-0.0010248,0.0
2024-02-01 00:00:00-05:00,0.0011752,0.0011752,-0.0007648,-0.0007648,0.0013652,0.0013652,0.0007452,0.0007452,-0.0011948,-0.0011948,-0.0011948,-0.0011948,0.0007452,0.0007452,-0.0011948,-0.0011948,-0.0011948,-0.0011948,-0.0008348,-3.4800000000000006e-05,-0.0006848000000000001,-0.0006548000000000001,-0.0006848000000000001,-0.0006548000000000001,-3.4800000000000006e-05,-3.4800000000000006e-05,-0.0010048000000000001,-0.0010048000000000001,-0.0010048000000000001,-0.0010048000000000001,-3.4800000000000006e-05,-3.4800000000000006e-05,-0.0010748,-0.0010748,-0.0010748,-0.0010748
2024-02-02 00:00:00-05:00,-0.0007048,-0.0007048,-0.0007048,-0.0007048,-0.0007048,-0.0007048,-0.0007048,-0.0007048,-0.0007048,-0.0007048,-0.0007048,-0.0007048,-0.0007048,-0.0007048,-0.0007048,-0.0007048,-0.0007048,-0.0007048,-0.0009148,-0.0009148,-0.0007748000000000001,-0.0007748000000000001,-0.0007748000000000001,-0.0007748000000000001,-0.0012748,-0.0012748,-0.0011348,-0.0011348,-0.0011348,-0.0011348,0.0,0.0,0.0,0.0,0.0,0.0
2024-02-05 00:00:00-05:00,-0.00023480000000000002,0.0,-0.00023480000000000002,0.0,-0.00023480000000000002,0.0,-0.00023480000000000002,0.0,-0.00023480000000000002,0.0,-0.00023480000000000002,0.0,-0.00023480000000000002,0.0,-0.00023480000000000002,0.0,-0.00023480000000000002,0.0,-0.0009948000000000001,-3.4800000000000006e-05,-0.0005848,-3.4800000000000006e-05,-0.0005848,-3.4800000000000006e-05,-3.4800000000000006e-05,-3.4800000000000006e-05,-3.4800000000000006e-05,-3.4800000000000006e-05,-3.4800000000000006e-05,-3.4800000000000006e-05,-3.4800000000000006e-05,-3.4800000000000006e-05,-3.4800000000000006e-05,-3.4800000000000006e-05,-3.4800000000000006e-05,-3.4800000000000006e-05
2024-02-06 00:00:00-05:00,-0.0026748,0.0020052,-0.0005848,0.0020052,-0.0005848,0.0009851999999999999,-0.0026748,0.0020052,-0.0005848,0.0020052,-0.0005848,0.0009851999999999999,0.0020052,0.0020052,0.0020052,0.0020052,0.0014452,0.0014452,0.0018452000000000002,0.0018452000000000002,0.0018452000000000002,0.0018452000000000002,0.0008252,0.0008252,0.0015152000000000002,0.0015152000000000002,0.0015152000000000002,0.0015152000000000002,0.0014852,0.0014852,0.0015152000000000002,0.0015152000000000002,0.0015152000000000002,0.0015152000000000002,0.0014852,0.0014852
2024-02-07 00:00:00-05:00,-0.0010848000000000001,-0.0010848000000000001,-0.0008648,-0.0008648,0.0015652,0.0015652,-0.0010848000000000001,-0.0010848000000000001,-0.0008648,-0.0008648,0.0015652,0.0015652,-0.0010848000000000001,-0.0010848000000000001,-0.0008648,-0.0008648,0.0015652,0.0015652,-0.0028348,-0.0028348,-0.0021248,-0.0021248,-0.0021248,-0.0021248,0.0006052,0.0,0.0006052,0.0,0.0006052,0.0,0.0006052,0.0,0.0006052,0.0,0.0006052,0.0
2024-02-08 00:00:00-05:00,-0.00039480000000000006,-0.00039480000000000006,-0.00039480000000000006,-0.00039480000000000006,-0.00039480000000000006,-0.00039480000000000006,-0.00039480000000000006,-0.00039480000000000006,-0.00039480000000000006,-0.00039480000000000006,-0.00039480000000000006,-0.00039480000000000006,-0.00039480000000000006,-0.00039480000000000006,-0.00039480000000000006,-0.00039480000000000006,-0.00039480000000000006,-0.00039480000000000006,0.0001252,0.0001252,-0.0002748,-0.0002748,-0.0002748,-0.0002748,-0.0001248,-0.0001248,-0.0001248,-0.0001248,-0.0001248,-0.0001248,-0.00039480000000000006,-0.00039480000000000006,-0.00039480000000000006,-0.00039480000000000006,-0.00039480000000000006,-0.00039480000000000006
2024-02-09 00:00:00-05:00,0.0008652,0.0008652,0.0008652,0.0008652,0.0008851999999999999,0.0008851999999999999,0.0007352,0.0007352,0.0007352,0.0007352,0.0007352,0.0007352,0.0005451999999999999,0.0005451999999999999,0.0005451999999999999,0.0005451999999999999,0.0005451999999999999,0.0005451999999999999,-0.0012348,0.0007551999999999999,-0.00039480000000000006,0.0007551999999999999,-0.00039480000000000006,0.0006251999999999999,-0.0012648,0.0007551999999999999,-0.0004248,0.0007551999999999999,-0.0004248,0.0007052,0.0007551999999999999,0.0007551999999999999,0.0007551999999999999,0.0007551999999999999,0.0007551999999999999,0.0007551999999999999
2024-02-12 00:00:00-05:00,0.0,0.0,0.0,0.0,0.0,0.0,0.0,0.0,0.0,0.0,0.0,0.0,0.0,0.0,0.0,0.0,0.0,0.0,-1.4800000000000004e-05,-1.4800000000000004e-05,-0.0002448,-0.0002448,-0.0002448,-0.0002448,-0.0003048,0.0,-0.00043480000000000005,0.0,-0.00043480000000000005,0.0,-0.0003048,0.0,-0.00043480000000000005,0.0,-0.00043480000000000005,0.0
2024-02-13 00:00:00-05:00,0.0006452,0.0006452,0.0006452,0.0006452,0.0006452,0.0006452,0.0006452,0.0006452,0.0006452,0.0006452,0.0006452,0.0006452,0.0004652,0.0004652,0.0004652,0.0004652,0.0004652,0.0004652,0.0007452,0.0007452,-0.0004648,-0.0004648,-0.0004648,-0.0004648,0.0007452,0.0007452,0.0007452,0.0007452,0.0007452,0.0007452,0.0007452,0.0007452,0.0007452,0.0007452,0.0007452,0.0007452
2024-02-14 00:00:00-05:00,-0.0023648,0.0,-0.0009548,0.0,-0.0009548,0.0,-0.0025948,0.0,-0.0011848,0.0,-0.0011848,0.0,-0.0025948,0.0,-0.0011848,0.0,-0.0011848,0.0,-0.0027048000000000003,0.0020152,-0.0006348,0.0020152,-0.0006348,0.0006852,0.0020152,0.0020152,0.0020152,0.0020152,0.0015052000000000002,0.0015052000000000002,0.0020152,0.0020152,0.0020152,0.0020152,0.0015052000000000002,0.0015052000000000002
2024-02-15 00:00:00-05:00,0.0013652,0.0013652,-0.00040480000000000003,-0.00040480000000000003,-0.00040480000000000003,-0.00040480000000000003,0.0013052,0.0013052,-0.0004648,-0.0004648,-0.0004648,-0.0004648,-0.0018548,0.0010651999999999999,-0.0007148,0.0010651999999999999,-0.0007148,0.0012452,-0.0025948,0.0013852,-0.0011048,0.0013852,-0.0011048,0.0018652,0.0013852,0.0013852,0.0013852,0.0013852,0.0013852,0.0013852,0.0013852,0.0013852,0.0013852,0.0013852,0.0013852,0.0013852
2024-02-16 00:00:00-05:00,-0.0010348,0.0,-0.0008248,0.0,-0.0008248,0.0,-0.0010348,0.0,-0.0008248,0.0,-0.0008248,0.0,-0.0010348,0.0,-0.0008248,0.0,-0.0008248,0.0,-0.0018847999999999998,0.0011352,-0.0006348,0.0011352,-0.0006348,0.0010052,-0.0018847999999999998,0.0010152,-0.0006648,0.0010152,-0.0006648,0.0012452,0.0010152,0.0010152,0.0010152,0.0010152,0.0010152,0.0010152
2024-02-19 00:00:00-05:00,-0.0015148,-0.0015148,-0.0015148,-0.0015148,-0.0015148,-0.0015148,-0.0015148,-0.0015148,-0.0015148,-0.0015148,-0.0015148,-0.0015148,-0.0015148,-0.0015148,-0.0015148,-0.0015148,-0.0015148,-0.0015148,0.0012752,0.0,0.0012752,0.0,0.0009651999999999999,0.0,0.0002952,0.0,0.0002952,0.0,0.0002952,0.0,0.0,0.0,0.0,0.0,0.0,0.0
2024-02-20 00:00:00-05:00,0.0013252000000000001,0.0,0.0013252000000000001,0.0,0.0031252,0.0,0.0013252000000000001,0.0,0.0013252000000000001,0.0,0.0031252,0.0,0.00035519999999999996,0.0,0.00035519999999999996,0.0,0.00035519999999999996,0.0,-0.0012348,-0.0012348,-0.0006648,-0.0006648,-0.0006648,-0.0006648,0.0003152,0.0,0.0003152,0.0,0.0021652,0.0,-0.0016048,0.0,-0.0016048,0.0,-0.0016048,0.0
2024-02-21 00:00:00-05:00,-0.00047480000000000005,0.0,-0.00047480000000000005,0.0,-0.00047480000000000005,0.0,-0.00047480000000000005,0.0,-0.00047480000000000005,0.0,-0.00047480000000000005,0.0,-0.0008048,0.0,-0.0008048,0.0,-0.0008048,0.0,0.0005051999999999999,0.0005051999999999999,0.0005051999999999999,0.0005051999999999999,0.0005051999999999999,0.0005051999999999999,0.0005051999999999999,0.0005051999999999999,0.0005051999999999999,0.0005051999999999999,0.0005051999999999999,0.0005051999999999999,0.0001452,0.0001452,0.0001452,0.0001452,0.0001452,0.0001452
2024-02-22 00:00:00-05:00,0.0049052,0.0049052,0.0049052,0.0049052,0.0031652,0.0031652,0.0049052,0.0049052,0.0049052,0.0049052,0.0031652,0.0031652,0.0049052,0.0049052,0.0049052,0.0049052,0.0031652,0.0031652,0.0021952,0.0021952,-0.0006248,-0.0006248,-0.0006248,-0.0006248,0.0017752,0.0017752,-0.0010448,-0.0010448,-0.0010448,-0.0010448,0.0016052000000000002,0.0016052000000000002,0.0016052000000000002,0.0016052000000000002,0.0016052000000000002,0.0016052000000000002
2024-02-23 00:00:00-05:00,0.0002852,0.0002852,-0.0007548,-0.0007548,-0.0007548,-0.0007548,7.52e-05,7.52e-05,-0.0009648,-0.0009648,-0.0009648,-0.0009648,-0.0002548,-0.0002548,-0.0002548,-0.0002548,-0.0002548,-0.0002548,0.00034519999999999993,0.00034519999999999993,0.00034519999999999993,0.00034519999999999993,0.00034519999999999993,0.00034519999999999993,0.0001452,0.0001452,0.0001452,0.0001452,0.0001452,0.0001452,-0.0002448,-0.0002448,-0.0002448,-0.0002448,-0.0002448,-0.0002448
2024-02-26 00:00:00-05:00,-0.0017047999999999998,-0.0017047999999999998,-0.0017847999999999998,-0.0017847999999999998,-0.0017847999999999998,-0.0017847999999999998,-0.0017047999999999998,-0.0017047999999999998,-0.0017847999999999998,-0.0017847999999999998,-0.0017847999999999998,-0.0017847999999999998,-0.00021480000000000002,0.0,-0.00021480000000000002,0.0,-0.00021480000000000002,0.0,-0.0001348,-0.0001348,-0.0001348,-0.0001348,-0.0001348,-0.0001348,-0.00043480000000000005,-0.00043480000000000005,-0.00043480000000000005,-0.00043480000000000005,-0.00043480000000000005,-0.00043480000000000005,-0.0008948000000000001,-0.0008948000000000001,-0.0008948000000000001,-0.0008948000000000001,-0.0008948000000000001,-0.0008948000000000001
2024-02-27 00:00:00-05:00,0.0005352,0.0005352,-0.0008648,-0.0008648,-0.0008648,-0.0008648,0.0004252,0.0004252,-0.0009748000000000001,-0.0009748000000000001,-0.0009748000000000001,-0.0009748000000000001,-0.0019148,0.0,-0.0016148,0.0,-0.0016148,0.0,-0.0010448,0.0,-0.0006248,0.0,-0.0006248,0.0,-0.0011248,0.0,-0.0007048,0.0,-0.0007048,0.0,-0.0011248,0.0,-0.0007448,0.0,-0.0007448,0.0
2024-02-28 00:00:00-05:00,0.0011852,0.0,0.0011852,0.0,0.0007452,0.0,0.0011852,0.0,0.0011852,0.0,0.0007452,0.0,0.0008851999999999999,0.0,0.0008851999999999999,0.0,0.0008851999999999999,0.0,-0.0013147999999999999,-0.0013147999999999999,-0.0007448,-0.0007448,-0.0007448,-0.0007448,-0.0014747999999999999,-0.0014747999999999999,-0.0009048000000000001,-0.0009048000000000001,-0.0009048000000000001,-0.0009048000000000001,-0.0014747999999999999,-0.0014747999999999999,-0.0009048000000000001,-0.0009048000000000001,-0.0009048000000000001,-0.0009048000000000001
2024-02-29 00:00:00-05:00,0.0001952,0.0001952,0.0001952,0.0001952,0.0013652,0.0013652,0.0001952,0.0001952,0.0001952,0.0001952,0.0013652,0.0013652,0.0001952,0.0001952,0.0001952,0.0001952,0.0013652,0.0013652,-0.0005948,-0.0005948,-0.00047480000000000005,-0.00047480000000000005,0.0007852,0.0007852,-0.0005948,-0.0005948,-0.00047480000000000005,-0.00047480000000000005,0.0007852,0.0007852,-0.0007348000000000001,-0.0007348000000000001,-0.0006148000000000001,-0.0006148000000000001,-0.0006148000000000001,-0.0006148000000000001
2024-03-01 00:00:00-05:00,-0.0037548,0.0027151999999999996,-0.0008848,0.0027151999999999996,-0.0008848,0.0012052,-0.0042248,0.0027151999999999996,-0.0013548,0.0027151999999999996,-0.0013548,0.0026052,0.0027151999999999996,0.0027151999999999996,0.0027151999999999996,0.0027151999999999996,0.0027151999999999996,0.0027151999999999996,0.0021752,0.0021752,0.0021752,0.0021752,0.0019452,0.0019452,0.0021752,0.0021752,0.0021752,0.0021752,0.0020052,0.0020052,0.0010651999999999999,0.0010651999999999999,0.0010651999999999999,0.0010651999999999999,0.0010651999999999999,0.0010651999999999999
2024-03-04 00:00:00-05:00,-0.0010348,0.0,-0.0010348,0.0,-0.0010348,0.0,-0.0010348,0.0,-0.0010348,0.0,-0.0010348,0.0,0.0,0.0,0.0,0.0,0.0,0.0,0.0004052,0.0004052,0.0004052,0.0004052,0.0004052,0.0004052,0.00039519999999999996,0.00039519999999999996,0.00039519999999999996,0.00039519999999999996,0.00039519999999999996,0.00039519999999999996,0.0002652,0.0002652,0.0002652,0.0002652,0.0002652,0.0002652
2024-03-05 00:00:00-05:00,0.0016352,0.0,0.0016352,0.0,0.0016352,0.0,0.0016352,0.0,0.0016352,0.0,0.0016352,0.0,0.0016352,0.0,0.0016352,0.0,0.0016352,0.0,0.0016352,0.0,0.0016352,0.0,0.0009651999999999999,0.0,0.0011152,0.0,0.0011152,0.0,0.0011152,0.0,0.0005652,0.0,0.0005652,0.0,0.0005652,0.0
2024-03-06 00:00:00-05:00,-0.0019448,0.0006152,-0.0012148,0.0006152,-0.0012148,0.0006152,-0.0019448,0.0006152,-0.0012148,0.0006152,-0.0012148,0.0006152,-0.0022348,0.0006152,-0.0015048,0.0006152,-0.0015048,0.0006152,0.0016652000000000001,0.0016652000000000001,0.0016652000000000001,0.0016652000000000001,0.0013052,0.0013052,0.0012452,0.0012452,0.0012452,0.0012452,0.0012452,0.0012452,0.0012452,0.0012452,0.0012452,0.0012452,0.0012452,0.0012452
2024-03-07 00:00:00-05:00,0.0032251999999999997,0.0,0.0032251999999999997,0.0,0.0012852,0.0,0.0031352,0.0,0.0031352,0.0,0.0014652,0.0,0.0025152,0.0,0.0025152,0.0,0.0027051999999999996,0.0,-0.0005748000000000001,0.0,-0.0005748000000000001,0.0,-0.0005748000000000001,0.0,-0.0005748000000000001,0.0,-0.0005748000000000001,0.0,-0.0005748000000000001,0.0,-0.0005748000000000001,0.0,-0.0005748000000000001,0.0,-0.0005748000000000001,0.0
2024-03-08 00:00:00-05:00,-0.0018647999999999998,0.0003152,-0.0014547999999999998,0.0003152,-0.0014547999999999998,0.0003152,-0.0018647999999999998,0.0003152,-0.0014547999999999998,0.0003152,-0.0014547999999999998,0.0003152,-0.0018647999999999998,0.0003152,-0.0014547999999999998,0.0003152,-0.0014547999999999998,0.0003152,0.0009952,0.0009952,0.0009952,0.0009952,0.0011451999999999999,0.0011451999999999999,0.0009952,0.0009952,0.0009952,0.0009952,0.0011451999999999999,0.0011451999999999999,0.0005752,0.0005752,0.0005752,0.0005752,0.0005752,0.0005752
2024-03-11 00:00:00-04:00,-0.0018047999999999999,0.0,-0.0018047999999999999,0.0,-0.0018047999999999999,0.0,-0.0018047999999999999,0.0,-0.0018047999999999999,0.0,-0.0018047999999999999,0.0,0.0,0.0,0.0,0.0,0.0,0.0,-0.00033480000000000006,-0.0007448,-0.0009348000000000001,-0.0008648,-0.0009348000000000001,-0.0008648,-0.00043480000000000005,0.0,-0.0011848,0.0,-0.0011848,0.0,-0.0014547999999999998,0.0,-0.0014547999999999998,0.0,-0.0014547999999999998,0.0
2024-03-12 00:00:00-04:00,0.0015552,0.0015552,0.0015552,0.0015552,0.0015552,0.0015552,0.0012351999999999999,0.0012351999999999999,0.0012351999999999999,0.0012351999999999999,0.0012351999999999999,0.0012351999999999999,0.0012351999999999999,0.0012351999999999999,0.0012351999999999999,0.0012351999999999999,0.0012351999999999999,0.0012351999999999999,0.0008552,0.0008552,0.0008552,0.0008552,0.0008552,0.0008552,0.0007252,0.0007252,0.0007252,0.0007252,0.0007252,0.0007252,0.00035519999999999996,0.00035519999999999996,0.00035519999999999996,0.00035519999999999996,0.00035519999999999996,0.00035519999999999996
2024-03-13 00:00:00-04:00,-0.0001448,-0.0001448,-0.0005848,-0.0005848,-0.0005848,-0.0005848,-0.0001448,-0.0001448,-0.0005848,-0.0005848,-0.0005848,-0.0005848,-0.00038480000000000003,-0.00038480000000000003,-0.0008248,-0.0008248,-0.0008248,-0.0008248,-0.0002648,-0.0002648,-0.0003148,-0.0003148,-0.0003148,-0.0003148,-0.0001448,0.0,-0.00041480000000000005,0.0,0.0006652,0.0,-0.0007048,0.0,-0.0009748000000000001,0.0,-0.0009748000000000001,0.0
2024-03-14 00:00:00-04:00,0.0011752,0.0011752,0.0011752,0.0011752,0.0011752,0.0011752,0.0011752,0.0011752,0.0011752,0.0011752,0.0011752,0.0011752,0.0009752,0.0009752,0.0009752,0.0009752,0.0009752,0.0009752,-0.0013648,0.0006652,-0.0006048000000000001,0.0006652,-0.0006048000000000001,0.0006652,0.0006652,0.0006652,0.0006652,0.0006652,0.0006652,0.0006652,0.0006652,0.0006652,0.0006652,0.0006652,0.0006652,0.0006652
2024-03-15 00:00:00-04:00,0.0011451999999999999,0.0,-0.0008348,0.0,-0.0008348,0.0,0.0009352,0.0,-0.0010448,0.0,-0.0010448,0.0,0.0009352,0.0,-0.0010448,0.0,-0.0010448,0.0,-0.0012648,-0.0012648,-0.0004948,-0.0004948,-0.0004948,-0.0004948,-0.0015948,-0.0015948,-0.0008248,-0.0008248,-0.0008248,-0.0008248,-0.0019748,-0.0019748,-0.0012048,-0.0012048,-0.0012048,-0.0012048
2024-03-18 00:00:00-04:00,0.0018952,0.0018952,0.0018952,0.0018952,0.0018952,0.0018952,0.0018952,0.0018952,0.0018952,0.0018952,0.0018952,0.0018952,0.0018952,0.0018952,0.0018952,0.0018952,0.0018952,0.0018952,0.0027051999999999996,0.0027051999999999996,0.0027051999999999996,0.0027051999999999996,0.0016652000000000001,0.0016652000000000001,0.0027051999999999996,0.0027051999999999996,0.0027051999999999996,0.0027051999999999996,0.0016652000000000001,0.0016652000000000001,0.0023552,0.0023552,0.0023552,0.0023552,0.0023652,0.0023652
2024-03-19 00:00:00-04:00,-0.00023480000000000002,0.0,-0.00023480000000000002,0.0,-0.00023480000000000002,0.0,-0.00023480000000000002,0.0,-0.00023480000000000002,0.0,-0.00023480000000000002,0.0,-0.00034480000000000003,0.0,-0.00034480000000000003,0.0,-0.00034480000000000003,0.0,-0.0006548000000000001,-0.0005948,-0.0010648,-0.0008848,-0.0010648,-0.0008848,-0.0006548000000000001,-0.0005948,-0.0010648,-0.0008848,-0.0010648,-0.0008848,-0.0011648000000000001,-0.0005948,-0.0015748,-0.0016148,-0.0015748,-0.0016148
2024-03-20 00:00:00-04:00,-0.0010048000000000001,-0.0010048000000000001,-0.0004948,-0.0004948,-0.0004948,-0.0004948,-0.0011548,-0.0011548,-0.0006448000000000001,-0.0006448000000000001,-0.0006448000000000001,-0.0006448000000000001,-0.0011548,-0.0011548,-0.0006448000000000001,-0.0006448000000000001,-0.0006448000000000001,-0.0006448000000000001,-0.0001448,0.0,-0.0001448,0.0,-0.0001448,0.0,-0.0004448,0.0,-0.0004448,0.0,-0.0004448,0.0,-0.0004448,0.0,-0.0004448,0.0,-0.0004448,0.0
2024-03-21 00:00:00-04:00,0.0028352,0.0028352,0.0028352,0.0028352,0.0026652,0.0026652,0.0028352,0.0028352,0.0028352,0.0028352,0.0026652,0.0026652,0.0024652000000000003,0.0024652000000000003,0.0024652000000000003,0.0024652000000000003,0.0024652000000000003,0.0024652000000000003,-0.0027448000000000004,0.0020852,-0.0005848,0.0020852,-0.0005848,0.0006852,-0.0027448000000000004,0.0020852,-0.0005848,0.0020852,-0.0005848,0.0006852,0.0020852,0.0020852,0.0020852,0.0020852,0.0014852,0.0014852
2024-03-22 00:00:00-04:00,-0.0007848,-0.0007848,-0.0007548,-0.0007548,-0.0007548,-0.0007548,-0.0007848,-0.0007848,-0.0007548,-0.0007548,-0.0007548,-0.0007548,-0.0010148,-0.0010148,-0.0009848,-0.0009848,-0.0009848,-0.0009848,0.0005352,0.0,-0.0005548,0.0,-0.0005548,0.0,0.0005352,0.0,-0.0005548,0.0,-0.0005548,0.0,0.0001952,0.0,0.0001952,0.0,0.0016252,0.0
2024-03-25 00:00:00-04:00,0.00043519999999999995,-0.0016148,-0.0011048,-0.0009948000000000001,-0.0011048,-0.0009948000000000001,0.00043519999999999995,-0.0016148,-0.0011048,-0.0010348,-0.0011048,-0.0010348,-0.0016148,-0.0016148,-0.0013947999999999999,-0.0013947999999999999,-0.0013947999999999999,-0.0013947999999999999,0.0014652,-0.0020848,-0.0005748000000000001,-0.0005348,-0.0005748000000000001,-0.0005348,0.0014652,-0.0020848,-0.0005748000000000001,-0.0005348,-0.0005748000000000001,-0.0005348,0.0012552,-0.0020848,-0.0007848,-0.0007048,-0.0007848,-0.0007048
2024-03-26 00:00:00-04:00,-0.0018847999999999998,0.0012552,-0.0005448,-0.0005348,-0.0005448,-0.0005348,-0.0018847999999999998,0.0012351999999999999,-0.0005848,-0.0005548,-0.0005848,-0.0005548,-0.0019348,0.0012351999999999999,-0.0006348,-0.0005748000000000001,-0.0006348,-0.0005748000000000001,0.0010552,0.0010552,-0.0005148,-0.0005148,-0.0005148,-0.0005148,0.0010252,0.0010252,-0.0005448,-0.0005448,-0.0005448,-0.0005448,0.0009352,0.0009352,-0.0006348,-0.0006348,-0.0006348,-0.0006348
2024-03-27 00:00:00-04:00,-0.0012748,0.0005851999999999999,-0.0005748000000000001,0.0005851999999999999,-0.0005748000000000001,0.0009851999999999999,-0.0012748,0.0005851999999999999,-0.0005748000000000001,0.0005851999999999999,-0.0005748000000000001,0.0009851999999999999,0.0005851999999999999,0.0005851999999999999,0.0005851999999999999,0.0005851999999999999,0.0011852,0.0011852,-0.0006548000000000001,0.0001952,-0.00037480000000000006,0.0001952,-0.00037480000000000006,0.0005451999999999999,-0.0006548000000000001,0.0001952,-0.00037480000000000006,0.0001952,-0.00037480000000000006,0.0006052,-0.0007048,9.52e-05,-0.0005548,9.52e-05,-0.0005548,0.0009251999999999999
2024-03-28 00:00:00-04:00,-0.0005248000000000001,-0.0005248000000000001,-0.0005248000000000001,-0.0005248000000000001,-0.0005248000000000001,-0.0005248000000000001,-0.0005248000000000001,-0.0005248000000000001,-0.0005248000000000001,-0.0005248000000000001,-0.0005248000000000001,-0.0005248000000000001,-0.0005248000000000001,-0.0005248000000000001,-0.0005248000000000001,-0.0005248000000000001,-0.0005248000000000001,-0.0005248000000000001,-0.0001648,-0.0001648,-0.0001648,-0.0001648,-0.0001648,-0.0001648,-0.0005248000000000001,-0.0005248000000000001,-0.0005248000000000001,-0.0005248000000000001,-0.0005248000000000001,-0.0005248000000000001,-0.0005248000000000001,-0.0005248000000000001,-0.0005248000000000001,-0.0005248000000000001,-0.0005248000000000001,-0.0005248000000000001
2024-04-01 00:00:00-04:00,-0.0011448,-0.0011448,-0.0011448,-0.0011448,-0.0011448,-0.0011448,-0.0011448,-0.0011448,-0.0011448,-0.0011448,-0.0011448,-0.0011448,-0.0011448,-0.0011448,-0.0011448,-0.0011448,-0.0011448,-0.0011448,0.0008152,0.0,0.0008152,0.0,0.0008152,0.0,0.0006852,0.0,0.0006852,0.0,0.0006852,0.0,0.0006852,0.0,0.0006852,0.0,0.0006852,0.0
2024-04-02 00:00:00-04:00,1.5199999999999995e-05,0.0,1.5199999999999995e-05,0.0,1.5199999999999995e-05,0.0,-0.0007548,0.0,-0.0007548,0.0,-0.0007548,0.0,-0.0007548,0.0,-0.0007548,0.0,-0.0007548,0.0,0.0001152,0.0001152,-0.0007548,-0.0007548,-0.0007548,-0.0007548,0.0001152,0.0001152,-0.0007548,-0.0007548,-0.0007548,-0.0007548,0.0001152,0.0001152,-0.0007548,-0.0007548,-0.0007548,-0.0007548
2024-04-03 00:00:00-04:00,0.0018652,0.0,0.0018652,0.0,0.0013652,0.0,0.0017152,0.0,0.0017152,0.0,0.0016652000000000001,0.0,0.0015652,0.0,0.0015652,0.0,0.0019652000000000003,0.0,0.0009251999999999999,0.0,0.0009251999999999999,0.0,0.0009251999999999999,0.0,0.0004052,0.0,0.0004052,0.0,0.0004052,0.0,0.0004052,0.0,0.0004052,0.0,0.0004052,0.0
2024-04-04 00:00:00-04:00,0.0010752,0.0010752,0.0010752,0.0010752,0.0012652,0.0012652,0.0010752,0.0010752,0.0010752,0.0010752,0.0012652,0.0012652,0.0010752,0.0010752,0.0010752,0.0010752,0.0012652,0.0012652,-0.0011148,-0.0011148,-0.0007948,-0.0007948,-0.0007948,-0.0007948,-0.0011148,-0.0011148,-0.0007948,-0.0007948,-0.0007948,-0.0007948,-0.0011148,-0.0011148,-0.0007948,-0.0007948,-0.0007948,-0.0007948
2024-04-05 00:00:00-04:00,-0.0018847999999999998,0.0,-0.0016748,0.0,-0.0016748,0.0,-0.0020648,0.0,-0.0018548,0.0,-0.0018548,0.0,-0.0020648,0.0,-0.0018548,0.0,-0.0018548,0.0,-0.0018847999999999998,0.00045519999999999995,-0.0013348,0.00045519999999999995,-0.0013348,0.00045519999999999995,-0.0018847999999999998,0.00045519999999999995,-0.0013348,0.00045519999999999995,-0.0013348,0.00045519999999999995,0.00045519999999999995,0.00045519999999999995,0.00045519999999999995,0.00045519999999999995,0.00045519999999999995,0.00045519999999999995
2024-04-08 00:00:00-04:00,0.0011152,0.0,0.0011152,0.0,0.0011152,0.0,0.0008451999999999999,0.0,0.0008451999999999999,0.0,0.0008451999999999999,0.0,-3.4800000000000006e-05,0.0,-3.4800000000000006e-05,0.0,-3.4800000000000006e-05,0.0,-3.4800000000000006e-05,-0.0015848,-0.0014847999999999999,-0.0009548,-0.0014847999999999999,-0.0009548,-0.0015848,-0.0015848,-0.0015748,-0.0015748,-0.0015748,-0.0015748,-0.0015848,-0.0015848,-0.0016447999999999999,-0.0016447999999999999,-0.0016447999999999999,-0.0016447999999999999
2024-04-09 00:00:00-04:00,-0.00032480000000000003,0.0,-0.0005748000000000001,0.0,0.0009851999999999999,0.0,-0.00037480000000000006,0.0,-0.0006248,0.0,-0.0006248,0.0,-0.00037480000000000006,0.0,-0.0006248,0.0,-0.0006248,0.0,-0.0009348000000000001,0.00032519999999999994,-0.0004648,0.00032519999999999994,-0.0004648,0.00032519999999999994,-0.0013047999999999998,0.00032519999999999994,-0.0008348,0.00032519999999999994,-0.0008348,0.00032519999999999994,-0.0013047999999999998,0.00032519999999999994,-0.0008348,0.00032519999999999994,-0.0008348,0.00032519999999999994
2024-04-10 00:00:00-04:00,-8.48e-05,-0.0005948,-0.0005548,-0.0005948,-0.0005548,-0.0005948,-8.48e-05,-0.0005948,-0.0005548,-0.0005948,-0.0005548,-0.0005948,-0.0001648,-0.0005948,-0.0006348,-0.0006648,-0.0006348,-0.0006648,-0.0002748,-0.0002748,-0.0002748,-0.0002748,-0.0002748,-0.0002748,-0.00040480000000000003,-0.00040480000000000003,-0.00040480000000000003,-0.00040480000000000003,-0.00040480000000000003,-0.00040480000000000003,-0.00045480000000000005,-0.00045480000000000005,-0.00045480000000000005,-0.00045480000000000005,-0.00045480000000000005,-0.00045480000000000005
2024-04-11 00:00:00-04:00,-0.0015748,-6.48e-05,-0.0015048,-6.48e-05,-0.0015048,-6.48e-05,-0.0015748,-6.48e-05,-0.0015048,-6.48e-05,-0.0015048,-6.48e-05,-0.0015748,-6.48e-05,-0.0015048,-6.48e-05,-0.0015048,-6.48e-05,0.0006552,0.0006552,0.0006552,0.0006552,0.0006552,0.0006552,0.0004252,0.0004252,0.0004252,0.0004252,0.0004252,0.0004252,0.0004252,0.0004252,0.0004252,0.0004252,0.0004252,0.0004252
2024-04-12 00:00:00-04:00,0.0001052,0.0001052,-0.0007348000000000001,-0.0007348000000000001,-0.0007348000000000001,-0.0007348000000000001,0.0,0.0,0.0,0.0,0.0,0.0,0.0,0.0,0.0,0.0,0.0,0.0,8.52e-05,8.52e-05,8.52e-05,8.52e-05,8.52e-05,8.52e-05,8.52e-05,8.52e-05,8.52e-05,8.52e-05,8.52e-05,8.52e-05,0.0,0.0,0.0,0.0,0.0,0.0
2024-04-15 00:00:00-04:00,0.0016752000000000002,0.0016752000000000002,0.0016752000000000002,0.0016752000000000002,0.0016752000000000002,0.0016752000000000002,0.0016752000000000002,0.0016752000000000002,0.0016752000000000002,0.0016752000000000002,0.0016752000000000002,0.0016752000000000002,0.0006152,0.0006152,0.0006152,0.0006152,0.0006152,0.0006152,-0.0024847999999999997,0.00041519999999999995,-0.0019848,0.00041519999999999995,-0.0019848,0.00041519999999999995,0.00041519999999999995,0.00041519999999999995,0.00041519999999999995,0.00041519999999999995,0.00041519999999999995,0.00041519999999999995,0.00041519999999999995,0.00041519999999999995,0.00041519999999999995,0.00041519999999999995,0.00041519999999999995,0.00041519999999999995
2024-04-16 00:00:00-04:00,0.0010352,0.0,-0.0008048,0.0,-0.0008048,0.0,0.0010352,0.0,-0.0008048,0.0,-0.0008048,0.0,0.0010352,0.0,-0.0008048,0.0,-0.0008048,0.0,0.0007551999999999999,0.0,0.0007551999999999999,0.0,0.0021852,0.0,0.0007551999999999999,0.0,0.0007551999999999999,0.0,0.0021852,0.0,0.0007551999999999999,0.0,0.0007551999999999999,0.0,0.0021852,0.0
2024-04-17 00:00:00-04:00,-0.0038748000000000003,-0.0038748000000000003,-0.0010048000000000001,-0.0010048000000000001,-0.0010048000000000001,-0.0010048000000000001,-0.0038748000000000003,-0.0038748000000000003,-0.0010048000000000001,-0.0010048000000000001,-0.0010048000000000001,-0.0010048000000000001,-0.0038748000000000003,-0.0038748000000000003,-0.0010048000000000001,-0.0010048000000000001,-0.0010048000000000001,-0.0010048000000000001,0.0028452,0.0,-0.0016347999999999998,0.0,-0.0016347999999999998,0.0,0.0028452,0.0,-0.0016347999999999998,0.0,-0.0016347999999999998,0.0,0.0,0.0,0.0,0.0,0.0,0.0
2024-04-18 00:00:00-04:00,0.0030951999999999998,0.0030951999999999998,0.0030951999999999998,0.0030951999999999998,0.0011451999999999999,0.0011451999999999999,0.0030551999999999997,0.0030551999999999997,0.0030551999999999997,0.0030551999999999997,0.0012251999999999999,0.0012251999999999999,0.0030551999999999997,0.0030551999999999997,0.0030551999999999997,0.0030551999999999997,0.0012251999999999999,0.0012251999999999999,0.0028152,0.0028152,0.0028152,0.0028152,0.0010052,0.0010052,0.0024552000000000003,0.0024552000000000003,0.0024552000000000003,0.0024552000000000003,0.0017252,0.0017252,0.0024552000000000003,0.0024552000000000003,0.0024552000000000003,0.0024552000000000003,0.0017252,0.0017252
2024-04-19 00:00:00-04:00,0.0037752,0.0,0.0037752,0.0,0.0016052000000000002,0.0,0.0037752,0.0,0.0037752,0.0,0.0016052000000000002,0.0,0.0036852,0.0,0.0036852,0.0,0.0017852,0.0,0.0007752,0.0,0.0007752,0.0,0.0038651999999999996,0.0,0.00037519999999999996,0.0,0.00037519999999999996,0.0,0.0046651999999999996,0.0,-0.0007648,0.0,-0.0007648,0.0,0.0069451999999999995,0.0
2024-04-22 00:00:00-04:00,0.0018952,0.0018952,0.0018952,0.0018952,0.0018952,0.0018952,0.0016552000000000001,0.0016552000000000001,0.0016552000000000001,0.0016552000000000001,0.0016552000000000001,0.0016552000000000001,0.0012852,0.0012852,0.0012852,0.0012852,0.0012852,0.0012852,-0.0019448,0.0,-0.0007948,0.0,0.0014252000000000002,0.0,-0.0019448,0.0,-0.0007948,0.0,0.0014252000000000002,0.0,0.0,0.0,0.0,0.0,0.0,0.0
2024-04-23 00:00:00-04:00,-0.0007848,0.0,-0.0007848,0.0,-0.0007848,0.0,-0.0021547999999999997,0.0,-0.0021547999999999997,0.0,-0.0021547999999999997,0.0,-0.0021547999999999997,0.0,-0.0021547999999999997,0.0,-0.0021547999999999997,0.0,-0.0016748,0.00034519999999999993,-0.0011448,0.00034519999999999993,-0.0011448,0.00034519999999999993,-0.0016748,0.00034519999999999993,-0.0011448,0.00034519999999999993,-0.0011448,0.00034519999999999993,-0.0016748,0.00034519999999999993,-0.0011448,0.00034519999999999993,-0.0011448,0.00034519999999999993
2024-04-24 00:00:00-04:00,0.0010352,0.0,0.0010352,0.0,0.0010352,0.0,0.0010352,0.0,0.0010352,0.0,0.0010352,0.0,0.0010352,0.0,0.0010352,0.0,0.0010352,0.0,0.0010752,0.0,0.0010752,0.0,0.0012251999999999999,0.0,0.0006251999999999999,0.0,0.0006251999999999999,0.0,0.0006251999999999999,0.0,0.0002952,0.0,0.0002952,0.0,0.0002952,0.0
2024-04-25 00:00:00-04:00,-0.0012148,0.0,-0.0019148,0.0,-0.0019148,0.0,-0.0013747999999999998,0.0,-0.0020748,0.0,-0.0020748,0.0,-0.0013747999999999998,0.0,-0.0020748,0.0,-0.0020748,0.0,-0.0013747999999999998,8.52e-05,-0.0012448000000000001,8.52e-05,-0.0012448000000000001,8.52e-05,-0.0013747999999999998,8.52e-05,-0.0012448000000000001,8.52e-05,-0.0012448000000000001,8.52e-05,8.52e-05,8.52e-05,8.52e-05,8.52e-05,8.52e-05,8.52e-05
2024-04-26 00:00:00-04:00,-0.0008348,-0.0008348,-0.0008348,-0.0008348,-0.0008348,-0.0008348,-0.0008348,-0.0008348,-0.0008348,-0.0008348,-0.0008348,-0.0008348,-0.0008348,-0.0008348,-0.0008348,-0.0008348,-0.0008348,-0.0008348,0.0001952,0.0,0.0001952,0.0,0.0001952,0.0,0.0001952,0.0,0.0001952,0.0,0.0001952,0.0,0.0001952,0.0,0.0001952,0.0,0.0001952,0.0
2024-04-29 00:00:00-04:00,0.0001352,0.0,0.0001352,0.0,0.0001352,0.0,0.0001352,0.0,0.0001352,0.0,0.0001352,0.0,0.0001352,0.0,0.0001352,0.0,0.0001352,0.0,-0.0006548000000000001,-0.0006548000000000001,-0.0007848,-0.0007848,-0.0007848,-0.0007848,-0.0002048,0.0,-0.0002048,0.0,-0.0002048,0.0,-0.0002048,0.0,-0.0002048,0.0,-0.0002048,0.0
2024-04-30 00:00:00-04:00,-0.0001048,-0.0001048,-0.0009048000000000001,-0.0009048000000000001,-0.0009048000000000001,-0.0009048000000000001,-0.0001048,-0.0001048,-0.0009048000000000001,-0.0009048000000000001,-0.0009048000000000001,-0.0009048000000000001,-0.0001048,-0.0001048,-0.0009048000000000001,-0.0009048000000000001,-0.0009048000000000001,-0.0009048000000000001,-0.0005148,0.0,-0.0006348,0.0,-0.0006348,0.0,-0.0005148,0.0,-0.0006348,0.0,-0.0006348,0.0,-0.0005948,0.0,-0.0007148,0.0,-0.0007148,0.0
2024-05-01 00:00:00-04:00,-0.0008548000000000001,0.0,-0.0008548000000000001,0.0,-0.0008548000000000001,0.0,-0.0008548000000000001,0.0,-0.0008548000000000001,0.0,-0.0008548000000000001,0.0,-0.0008548000000000001,0.0,-0.0008548000000000001,0.0,-0.0008548000000000001,0.0,0.0006452,0.0006452,-0.0006048000000000001,-0.0006048000000000001,-0.0006048000000000001,-0.0006048000000000001,-0.0013947999999999999,0.0,-0.0007448,0.0,-0.0007448,0.0,-0.0013947999999999999,0.0,-0.0008348,0.0,-0.0008348,0.0
2024-05-02 00:00:00-04:00,0.0008751999999999999,0.0,0.0008751999999999999,0.0,0.0008751999999999999,0.0,0.0008751999999999999,0.0,0.0008751999999999999,0.0,0.0008751999999999999,0.0,0.0008751999999999999,0.0,0.0008751999999999999,0.0,0.0008751999999999999,0.0,-0.0008148000000000001,-0.0008148000000000001,-0.0009648,-0.0009648,-0.0009648,-0.0009648,-0.00022480000000000002,0.0,-0.00022480000000000002,0.0,-0.00022480000000000002,0.0,-0.00039480000000000006,0.0,-0.00039480000000000006,0.0,-0.00039480000000000006,0.0
2024-05-03 00:00:00-04:00,-0.0014148,0.0,-0.0014148,0.0,-0.0014148,0.0,0.0,0.0,0.0,0.0,0.0,0.0,0.0,0.0,0.0,0.0,0.0,0.0,-0.0011348,0.0,-0.0009948000000000001,0.0,-0.0009948000000000001,0.0,-0.0011348,0.0,-0.0009948000000000001,0.0,-0.0009948000000000001,0.0,-0.0017748,0.0,-0.0016347999999999998,0.0,-0.0016347999999999998,0.0
2024-05-06 00:00:00-04:00,0.0002852,0.0002852,0.0002852,0.0002852,0.0002852,0.0002852,0.0001452,0.0001452,0.0001452,0.0001452,0.0001452,0.0001452,0.0001452,0.0001452,0.0001452,0.0001452,0.0001452,0.0001452,-0.0008348,-0.0008348,-0.0006448000000000001,-0.0006448000000000001,-0.0006448000000000001,-0.0006448000000000001,-0.0010148,-0.0010148,-0.0008248,-0.0008248,-0.0008248,-0.0008248,-0.0010148,-0.0010148,-0.0008248,-0.0008248,-0.0008248,-0.0008248
2024-05-07 00:00:00-04:00,-0.0001348,-0.0006248,-0.0005648000000000001,-0.0006148000000000001,-0.0005648000000000001,-0.0006148000000000001,-0.0001348,-0.0006248,-0.0005648000000000001,-0.0007048,-0.0005648000000000001,-0.0007048,-0.0006248,-0.0006248,-0.0006248,-0.0006248,-0.0006248,-0.0006248,-0.0004448,-0.0004448,-0.0005448,-0.0005448,-0.0005448,-0.0005448,-0.0004448,-0.0004448,-0.0005448,-0.0005448,-0.0005448,-0.0005448,0.0,0.0,0.0,0.0,0.0,0.0
2024-05-08 00:00:00-04:00,-0.0001348,0.0,-0.0001348,0.0,-0.0001348,0.0,-0.0001348,0.0,-0.0001348,0.0,-0.0001348,0.0,-0.00041480000000000005,0.0,-0.00041480000000000005,0.0,-0.00041480000000000005,0.0,3.5199999999999995e-05,3.5199999999999995e-05,3.5199999999999995e-05,3.5199999999999995e-05,3.5199999999999995e-05,3.5199999999999995e-05,3.5199999999999995e-05,3.5199999999999995e-05,3.5199999999999995e-05,3.5199999999999995e-05,3.5199999999999995e-05,3.5199999999999995e-05,3.5199999999999995e-05,3.5199999999999995e-05,3.5199999999999995e-05,3.5199999999999995e-05,3.5199999999999995e-05,3.5199999999999995e-05
2024-05-09 00:00:00-04:00,-0.0014847999999999999,0.0004052,-0.0008848,0.0004052,-0.0008848,0.0004052,0.0004052,0.0004052,0.0004052,0.0004052,0.0004052,0.0004052,0.0004052,0.0004052,0.0004052,0.0004052,0.0004052,0.0004052,-0.0012348,0.0004052,-0.0006348,0.0004052,-0.0006348,0.0004052,-0.0012348,0.0004052,-0.0006348,0.0004052,-0.0006348,0.0004052,-0.0014547999999999998,0.0004052,-0.0008548000000000001,0.0004052,-0.0008548000000000001,0.0004052
2024-05-10 00:00:00-04:00,0.0008652,-0.0015848,-0.0006548000000000001,-0.0005948,-0.0006548000000000001,-0.0005948,0.0006852,-0.0015848,-0.0008348,-0.0008048,-0.0008348,-0.0008048,-0.0015848,-0.0015848,-0.0009248,-0.0009248,-0.0009248,-0.0009248,-0.0012048,-0.0012048,-0.00041480000000000005,-0.00041480000000000005,-0.00041480000000000005,-0.00041480000000000005,-0.0012048,-0.0012048,-0.00041480000000000005,-0.00041480000000000005,-0.00041480000000000005,-0.00041480000000000005,-0.0012947999999999998,-0.0012947999999999998,-0.0005048,-0.0005048,-0.0005048,-0.0005048
2024-05-13 00:00:00-04:00,0.0016652000000000001,0.0,0.0016652000000000001,0.0,0.0013852,0.0,0.0016652000000000001,0.0,0.0016652000000000001,0.0,0.0013852,0.0,0.0015052000000000002,0.0,0.0015052000000000002,0.0,0.0017052,0.0,0.0012052,0.0,0.0012052,0.0,0.0015852000000000002,0.0,0.0012052,0.0,0.0012052,0.0,0.0015852000000000002,0.0,0.0011451999999999999,0.0,0.0011451999999999999,0.0,0.0011451999999999999,0.0
2024-05-14 00:00:00-04:00,-0.0005848,-0.0005848,-0.0006148000000000001,-0.0006148000000000001,-0.0006148000000000001,-0.0006148000000000001,-0.0006448000000000001,-0.0006448000000000001,-0.0006748,-0.0006748,-0.0006748,-0.0006748,-0.0007348000000000001,-0.0007348000000000001,-0.0007648,-0.0007648,-0.0007648,-0.0007648,-1.4800000000000004e-05,-0.00045480000000000005,-0.0003148,-0.00038480000000000003,-0.0003148,0.0006052,-0.00045480000000000005,-0.00045480000000000005,-0.0004648,-0.0004648,-0.0004648,-0.0004648,-0.0007348000000000001,-0.0007348000000000001,-0.0007448,-0.0007448,-0.0007448,-0.0007448
2024-05-15 00:00:00-04:00,-0.0001748,0.0,-0.0006548000000000001,0.0,-0.0006548000000000001,0.0,-0.00045480000000000005,0.0,-0.0009348000000000001,0.0,-0.0009348000000000001,0.0,-0.0006448000000000001,0.0,-0.0006448000000000001,0.0,-0.0006448000000000001,0.0,5.199999999999996e-06,5.199999999999996e-06,-0.00047480000000000005,-0.00047480000000000005,-0.00047480000000000005,-0.00047480000000000005,5.199999999999996e-06,5.199999999999996e-06,-0.00047480000000000005,-0.00047480000000000005,-0.00047480000000000005,-0.00047480000000000005,-0.0006448000000000001,0.0,-0.0006448000000000001,0.0,-0.0006448000000000001,0.0
2024-05-16 00:00:00-04:00,0.0004452,0.0,0.0004452,0.0,0.0012052,0.0,0.0004452,0.0,0.0004452,0.0,0.0012052,0.0,-0.00023480000000000002,0.0,-0.00023480000000000002,0.0,-0.00023480000000000002,0.0,4.5199999999999994e-05,4.5199999999999994e-05,-0.0007448,-0.0007448,-0.0007448,-0.0007448,4.5199999999999994e-05,4.5199999999999994e-05,-0.0007448,-0.0007448,-0.0007448,-0.0007448,0.0,0.0,0.0,0.0,0.0,0.0
2024-05-17 00:00:00-04:00,7.52e-05,7.52e-05,7.52e-05,7.52e-05,7.52e-05,7.52e-05,7.52e-05,7.52e-05,7.52e-05,7.52e-05,7.52e-05,7.52e-05,-8.48e-05,-8.48e-05,-8.48e-05,-8.48e-05,-8.48e-05,-8.48e-05,-8.48e-05,-8.48e-05,-0.00043480000000000005,-0.00043480000000000005,-0.00043480000000000005,-0.00043480000000000005,-8.48e-05,-8.48e-05,-0.0005848,-0.0005848,-0.0005848,-0.0005848,-8.48e-05,-8.48e-05,-0.0005848,-0.0005848,-0.0005848,-0.0005848
2024-05-20 00:00:00-04:00,0.0002252,0.0002252,0.0002252,0.0002252,0.0002252,0.0002252,0.0001352,0.0001352,0.0001352,0.0001352,0.0001352,0.0001352,0.0001352,0.0001352,0.0001352,0.0001352,0.0001352,0.0001352,-0.0002948,-0.0002948,-0.0002948,-0.0002948,-0.0002948,-0.0002948,-0.0002948,-0.0002948,-0.0002948,-0.0002948,-0.0002948,-0.0002948,-0.00038480000000000003,-0.00038480000000000003,-0.00038480000000000003,-0.00038480000000000003,-0.00038480000000000003,-0.00038480000000000003
2024-05-21 00:00:00-04:00,-0.0004848,-0.0004848,-0.0006148000000000001,-0.0006148000000000001,-0.0006148000000000001,-0.0006148000000000001,-0.0004848,-0.0004848,-0.0006148000000000001,-0.0006148000000000001,-0.0006148000000000001,-0.0006148000000000001,-0.0004848,-0.0004848,-0.0006148000000000001,-0.0006148000000000001,-0.0006148000000000001,-0.0006148000000000001,-0.0005348,-0.0005348,-0.00043480000000000005,-0.00043480000000000005,-0.00043480000000000005,-0.00043480000000000005,-0.0005348,-0.0005348,-0.00043480000000000005,-0.00043480000000000005,-0.00043480000000000005,-0.00043480000000000005,5.519999999999999e-05,0.0,5.519999999999999e-05,0.0,5.519999999999999e-05,0.0
2024-05-22 00:00:00-04:00,1.5199999999999995e-05,1.5199999999999995e-05,1.5199999999999995e-05,1.5199999999999995e-05,1.5199999999999995e-05,1.5199999999999995e-05,-5.4800000000000004e-05,-5.4800000000000004e-05,-5.4800000000000004e-05,-5.4800000000000004e-05,-5.4800000000000004e-05,-5.4800000000000004e-05,-0.0003148,-0.0003148,-0.0003148,-0.0003148,-0.0003148,-0.0003148,-0.00038480000000000003,-0.00038480000000000003,-0.0003148,-0.0003148,-0.0003148,-0.0003148,-0.0006748,-0.0006748,-0.0006148000000000001,-0.0006148000000000001,-0.0006148000000000001,-0.0006148000000000001,-0.0006748,-0.0006748,-0.0006448000000000001,-0.0006448000000000001,-0.0006448000000000001,-0.0006448000000000001
2024-05-23 00:00:00-04:00,-0.0039548000000000005,0.0026052,-0.0011548,0.0026052,-0.0011548,0.0021052,0.0026052,0.0026052,0.0026052,0.0026052,0.0026452,0.0026452,0.0026052,0.0026052,0.0026052,0.0026052,0.0026452,0.0026452,-0.0032748,0.0024452000000000002,-0.0006048000000000001,0.0024452000000000002,-0.0006048000000000001,0.0012052,-0.0032748,0.0024452000000000002,-0.0006048000000000001,0.0024452000000000002,-0.0006048000000000001,0.0013652,0.0024452000000000002,0.0024452000000000002,0.0024452000000000002,0.0024452000000000002,0.0014652,0.0014652
2024-05-24 00:00:00-04:00,-0.0001248,-0.0001248,-0.0001248,-0.0001248,0.0013252000000000001,0.0013252000000000001,-0.0001248,-0.0001248,-0.0001248,-0.0001248,0.0013252000000000001,0.0013252000000000001,-0.0002648,-0.0002648,-0.0002648,-0.0002648,-0.0002648,-0.0002648,-0.0006548000000000001,-0.0006548000000000001,-0.0006348,-0.0006348,-0.0006348,-0.0006348,-0.0008048,-0.0008048,-0.0007848,-0.0007848,-0.0007848,-0.0007848,-0.0013348,-0.0013348,-0.0013147999999999999,-0.0013147999999999999,-0.0013147999999999999,-0.0013147999999999999
2024-05-27 00:00:00-04:00,-0.0010048000000000001,0.0,-0.0010448,0.0,-0.0010448,0.0,-0.0010048000000000001,0.0,-0.0010548,0.0,-0.0010548,0.0,-0.0010048000000000001,0.0,-0.0010548,0.0,-0.0010548,0.0,0.0014252000000000002,0.0014252000000000002,0.0014252000000000002,0.0014252000000000002,0.0011052,0.0011052,0.0013852,0.0013852,0.0013852,0.0013852,0.0011852,0.0011852,0.0013852,0.0013852,0.0013852,0.0013852,0.0011852,0.0011852
2024-05-28 00:00:00-04:00,-0.0008548000000000001,0.0,-0.0008548000000000001,0.0,-0.0008548000000000001,0.0,-0.0010348,0.0,-0.0010348,0.0,-0.0010348,0.0,-0.0013448,0.0,-0.0013448,0.0,-0.0013448,0.0,0.0008351999999999999,0.0008351999999999999,0.0008351999999999999,0.0008351999999999999,0.0008351999999999999,0.0008351999999999999,0.0008351999999999999,0.0008351999999999999,0.0008351999999999999,0.0008351999999999999,0.0008351999999999999,0.0008351999999999999,0.0008351999999999999,0.0008351999999999999,0.0008351999999999999,0.0008351999999999999,0.0008351999999999999,0.0008351999999999999
2024-05-29 00:00:00-04:00,0.0024752000000000003,0.0,0.0024752000000000003,0.0,0.0014252000000000002,0.0,0.0024752000000000003,0.0,0.0024752000000000003,0.0,0.0014252000000000002,0.0,0.0024752000000000003,0.0,0.0024752000000000003,0.0,0.0014252000000000002,0.0,0.0017952,0.0,0.0017952,0.0,0.0014852,0.0,0.0017952,0.0,0.0017952,0.0,0.0014852,0.0,0.0011852,0.0,0.0011852,0.0,0.0011852,0.0
2024-05-30 00:00:00-04:00,0.0029352,0.0,0.0029352,0.0,0.0023852,0.0,0.0029352,0.0,0.0029352,0.0,0.0023852,0.0,0.0023052000000000003,0.0,0.0023052000000000003,0.0,0.0023052000000000003,0.0,0.0022452,0.0,0.0022452,0.0,0.0010651999999999999,0.0,0.0022452,0.0,0.0022452,0.0,0.0010651999999999999,0.0,0.0019552000000000003,0.0,0.0019552000000000003,0.0,0.0016452,0.0
2024-05-31 00:00:00-04:00,0.00034519999999999993,0.0,0.00034519999999999993,0.0,0.00034519999999999993,0.0,0.0001652,0.0,0.0001652,0.0,0.0001652,0.0,0.0001652,0.0,0.0001652,0.0,0.0001652,0.0,-0.0015547999999999998,0.0,-0.0015547999999999998,0.0,-0.0015547999999999998,0.0,-0.0016948,0.0,-0.0016948,0.0,-0.0016948,0.0,0.0,0.0,0.0,0.0,0.0,0.0
2024-06-03 00:00:00-04:00,0.0021552,0.0021552,0.0021552,0.0021552,0.0021552,0.0021552,0.0021552,0.0021552,0.0021552,0.0021552,0.0021552,0.0021552,0.0021552,0.0021552,0.0021552,0.0021552,0.0021552,0.0021552,0.0010252,0.0010252,0.0010252,0.0010252,0.0010252,0.0010252,0.0006152,0.0006152,0.0006152,0.0006152,0.0006152,0.0006152,0.0006152,0.0006152,0.0006152,0.0006152,0.0006152,0.0006152
2024-06-04 00:00:00-04:00,-0.0027448000000000004,-0.0027448000000000004,-0.0006848000000000001,-0.0006848000000000001,-0.0006848000000000001,-0.0006848000000000001,-0.0027448000000000004,-0.0027448000000000004,-0.0006848000000000001,-0.0006848000000000001,-0.0006848000000000001,-0.0006848000000000001,0.0019652000000000003,-0.0030148,-0.0008348,-0.0009548,-0.0008348,-0.0009548,-0.0026248,-0.0026248,-0.0006148000000000001,-0.0006148000000000001,-0.0006148000000000001,-0.0006148000000000001,-0.0030148,-0.0030148,-0.0010048000000000001,-0.0010048000000000001,-0.0010048000000000001,-0.0010048000000000001,0.0018252000000000001,0.0,0.0018252000000000001,0.0,0.0018252000000000001,0.0
2024-06-05 00:00:00-04:00,0.0006378,0.0006378,0.0006378,0.0006378,0.0023778000000000002,0.0023778000000000002,0.0006378,0.0006378,0.0006378,0.0006378,0.0023778000000000002,0.0023778000000000002,-0.0001122,-0.0001122,-0.0001122,-0.0001122,-0.0001122,-0.0001122,-0.0009972,-0.0009972,-0.0007722,-0.0007722,-0.0007722,-0.0007722,-0.0001122,-0.0011772,-0.0011022,-0.0009521999999999999,-0.0011022,-0.0009521999999999999,-0.0006672,-0.0011772,-0.0017472,-0.0012372,-0.0017472,-0.0012372
2024-06-06 00:00:00-04:00,-0.0003522,-0.0003522,-0.0014922,-0.0014922,-0.0014922,-0.0014922,-0.0003522,-0.0003522,-0.0014922,-0.0014922,-0.0014922,-0.0014922,-0.0008022,-0.0008022,-0.0019422,-0.0019422,-0.0019422,-0.0019422,-0.0011472,-0.0002922,-0.0011772,-0.0011472,-0.0011772,-0.0011472,-0.0013272,-0.0002922,-0.0013572,-0.0002922,-0.0013572,-0.0002922,-0.0002922,-0.0002922,-0.0002922,-0.0002922,-0.0002922,-0.0002922
2024-06-07 00:00:00-04:00,0.0011328,0.0011328,0.0011328,0.0011328,0.0013278,0.0013278,0.0009828,0.0009828,0.0009828,0.0009828,0.0016278,0.0016278,0.0002928,0.0002928,0.0002928,0.0002928,0.0002928,0.0002928,0.0005178,0.0005178,0.0005178,0.0005178,0.0005178,0.0005178,0.0005178,0.0005178,0.0005178,0.0005178,0.0005178,0.0005178,0.0002928,0.0002928,0.0002928,0.0002928,0.0002928,0.0002928
2024-06-10 00:00:00-04:00,0.0,0.0,0.0,0.0,0.0,0.0,0.0,0.0,0.0,0.0,0.0,0.0,0.0,0.0,0.0,0.0,0.0,0.0,-0.0022422,-0.0022422,-0.0016122,-0.0016122,-0.0016122,-0.0016122,-0.0022422,-0.0022422,-0.0017922,-0.0017922,-0.0017922,-0.0017922,-0.0022422,-0.0022422,-0.0017922,-0.0017922,-0.0017922,-0.0017922
2024-06-11 00:00:00-04:00,-0.00017219999999999998,0.0,-0.0007421999999999999,0.0,-0.0007421999999999999,0.0,-0.00032219999999999997,0.0,-0.0008922,0.0,-0.0008922,0.0,-0.00032219999999999997,0.0,-0.0008922,0.0,-0.0008922,0.0,0.0002628,0.0002628,-0.0007871999999999999,-0.0007871999999999999,-0.0007871999999999999,-0.0007871999999999999,0.0002628,0.0002628,-0.0007871999999999999,-0.0007871999999999999,-0.0007871999999999999,-0.0007871999999999999,0.0002628,0.0002628,0.0002628,0.0002628,0.0002628,0.0002628
2024-06-12 00:00:00-04:00,0.0001728,0.0001728,0.0001728,0.0001728,0.0001728,0.0001728,0.0001728,0.0001728,0.0001728,0.0001728,0.0001728,0.0001728,-0.0008022,-0.0008022,-0.0008022,-0.0008022,-0.0008022,-0.0008022,-0.0004422,-0.0004272,-0.0007122,-0.0004272,-0.0007122,-0.0004272,-0.0006221999999999999,-0.0004272,-0.0008922,-0.0004272,-0.0008922,-0.0004272,-0.0004272,-0.0004272,-0.0004272,-0.0004272,-0.0004272,-0.0004272
2024-06-13 00:00:00-04:00,0.0026328,0.0026328,0.0026328,0.0026328,0.0021378,0.0021378,0.0026328,0.0026328,0.0026328,0.0026328,0.0021378,0.0021378,0.0026328,0.0026328,0.0026328,0.0026328,0.0021378,0.0021378,0.0018078,0.0018078,0.0018078,0.0018078,0.0018078,0.0018078,0.0013578,0.0013578,0.0013578,0.0013578,0.0013578,0.0013578,0.0013578,0.0013578,0.0013578,0.0013578,0.0013578,0.0013578
2024-06-14 00:00:00-04:00,0.0008928,0.0008928,0.0008928,0.0008928,0.0024078,0.0024078,0.0007128,0.0007128,0.0007128,0.0007128,0.0007128,0.0007128,0.0007128,0.0007128,0.0007128,0.0007128,0.0007128,0.0007128,6.78e-05,6.78e-05,6.78e-05,6.78e-05,0.0014778,0.0014778,6.78e-05,6.78e-05,6.78e-05,6.78e-05,0.0014778,0.0014778,6.78e-05,6.78e-05,6.78e-05,6.78e-05,0.0014778,0.0014778
2024-06-17 00:00:00-04:00,-0.0007722,-0.0007722,-0.0007722,-0.0007722,-0.0007722,-0.0007722,-0.0007722,-0.0007722,-0.0007722,-0.0007722,-0.0007722,-0.0007722,0.0,0.0,0.0,0.0,0.0,0.0,-0.00032219999999999997,0.0,-0.00032219999999999997,0.0,-0.00032219999999999997,0.0,-0.00032219999999999997,0.0,-0.00032219999999999997,0.0,-0.00032219999999999997,0.0,-0.0009222,0.0,-0.0009222,0.0,-0.0009222,0.0
2024-06-18 00:00:00-04:00,-0.0005748000000000001,-0.0005748000000000001,-0.0011048,-0.0011048,-0.0011048,-0.0011048,-0.0006048000000000001,0.0,-0.0006048000000000001,0.0,-0.0006048000000000001,0.0,-0.0006048000000000001,0.0,-0.0006048000000000001,0.0,-0.0006048000000000001,0.0,-0.0005548,0.0,-0.0005548,0.0,-0.0005548,0.0,-0.0007048,0.0,-0.0007048,0.0,-0.0007048,0.0,-0.0012048,0.0,-0.0012048,0.0,-0.0012048,0.0
2024-06-19 00:00:00-04:00,0.0005851999999999999,0.0005851999999999999,0.0005851999999999999,0.0005851999999999999,0.0005851999999999999,0.0005851999999999999,0.00041519999999999995,0.00041519999999999995,0.00041519999999999995,0.00041519999999999995,0.00041519999999999995,0.00041519999999999995,0.0,0.0,0.0,0.0,0.0,0.0,-0.0008848,0.0003052,-0.0004248,-0.00045480000000000005,-0.0004248,-0.00045480000000000005,0.0003052,0.0003052,0.0003052,0.0003052,0.0003052,0.0003052,0.0003052,0.0003052,0.0003052,0.0003052,0.0003052,0.0003052
2024-06-20 00:00:00-04:00,0.0039228,0.0039228,0.0039228,0.0039228,0.0018678,0.0018678,0.0039228,0.0039228,0.0039228,0.0039228,0.0019278,0.0019278,0.0039228,0.0039228,0.0039228,0.0039228,0.0019578,0.0019578,0.004057799999999999,0.004057799999999999,0.004057799999999999,0.004057799999999999,0.0007878,0.0007878,0.0039228,0.0039228,0.0039228,0.0039228,0.0010578,0.0010578,0.0031277999999999996,0.0031277999999999996,0.0031277999999999996,0.0031277999999999996,0.0026477999999999996,0.0026477999999999996
2024-06-21 00:00:00-04:00,0.0004728,0.0004728,-0.0013422,-0.0013422,-0.0013422,-0.0013422,0.0002478,0.0002478,-0.0015672,-0.0015672,-0.0015672,-0.0015672,0.0002478,0.0002478,-0.0015672,-0.0015672,-0.0015672,-0.0015672,-0.0011622,-5.220000000000001e-05,-0.0011622,-5.220000000000001e-05,-0.0011622,-5.220000000000001e-05,-0.0016122,-5.220000000000001e-05,-0.0016122,-5.220000000000001e-05,-0.0016122,-5.220000000000001e-05,-5.220000000000001e-05,-5.220000000000001e-05,-5.220000000000001e-05,-5.220000000000001e-05,-5.220000000000001e-05,-5.220000000000001e-05
2024-06-24 00:00:00-04:00,-0.0019572,-0.0019572,-0.0015222,-0.0015222,-0.0015222,-0.0015222,-0.0019572,-0.0019572,-0.0015222,-0.0015222,-0.0015222,-0.0015222,-0.0019572,-0.0019572,-0.0015222,-0.0015222,-0.0015222,-0.0015222,-0.0010122,-0.0010122,-0.0007122,-0.0007122,-0.0007122,-0.0007122,-0.0014472,-0.0014472,-0.0011472,-0.0011472,-0.0011472,-0.0011472,-0.00038219999999999997,0.0,-0.00038219999999999997,0.0,0.0033678,0.0
2024-06-25 00:00:00-04:00,0.00044280000000000003,0.00044280000000000003,-0.0013722,-0.0013722,-0.0013722,-0.0013722,0.00044280000000000003,0.00044280000000000003,-0.0013722,-0.0013722,-0.0013722,-0.0013722,0.00044280000000000003,0.00044280000000000003,-0.0013722,-0.0013722,-0.0013722,-0.0013722,-0.0010422,0.0001578,-0.0006972,0.0001578,0.0011478,0.0012378,-0.0017622,0.0001578,-0.0014172,0.0001578,-0.0014172,0.0001578,-0.0021822,0.0001578,-0.0018372,0.0001578,-0.0018372,0.0001578
2024-06-26 00:00:00-04:00,-0.0018448,0.0007452,-0.0009348000000000001,0.0007452,-0.0009348000000000001,0.0007452,-0.0018448,0.0007452,-0.0009848,0.0007452,-0.0009848,0.0007452,-0.0018448,0.0007452,-0.0009848,0.0007452,-0.0009848,0.0007452,0.0012852,0.0012852,0.0012852,0.0012852,0.0009851999999999999,0.0009851999999999999,0.0008751999999999999,0.0008751999999999999,0.0008751999999999999,0.0008751999999999999,0.0008751999999999999,0.0008751999999999999,0.0005451999999999999,0.0005451999999999999,0.0005451999999999999,0.0005451999999999999,0.0005451999999999999,0.0005451999999999999
2024-06-27 00:00:00-04:00,-0.00039480000000000006,0.0,-0.0008248,0.0,0.0014852,0.0,-0.0007448,0.0,-0.0011748,0.0,0.0021852,0.0,-0.0013548,0.0,-0.0017847999999999998,0.0,-0.0017847999999999998,0.0,-0.0026348,0.0009052,-0.0013147999999999999,0.0009052,-0.0013147999999999999,0.0009052,-0.0026348,0.0009052,-0.0013147999999999999,0.0009052,-0.0013147999999999999,0.0009052,0.0009052,0.0009052,0.0009052,0.0009052,0.0009052,0.0009052
2024-06-28 00:00:00-04:00,0.0024078,0.0024078,0.0024078,0.0024078,0.0013878,0.0013878,0.0017328,0.0017328,0.0017328,0.0017328,0.0027378,0.0027378,0.0013278,0.0013278,0.0013278,0.0013278,0.0013278,0.0013278,0.0006378,0.0006378,-0.0006672,-0.0006672,-0.0006672,-0.0006672,-0.0016872,-0.0006148000000000001,-0.0010122,-0.0006148000000000001,-0.0010122,-0.0006148000000000001,-0.0006148000000000001,-0.0006148000000000001,-0.0006148000000000001,-0.0006148000000000001,-0.0006148000000000001,-0.0006148000000000001
2024-07-01 00:00:00-04:00,-0.0041172000000000005,0.0010278,-0.0028122000000000004,0.0010278,-0.0028122000000000004,0.0010278,-0.0041172000000000005,0.0010278,-0.0028122000000000004,0.0010278,-0.0028122000000000004,0.0010278,-0.0041172000000000005,0.0010278,-0.0028122000000000004,0.0010278,-0.0028122000000000004,0.0010278,0.0023328,0.0023328,0.0023328,0.0023328,0.0023328,0.0023328,0.0017028,0.0017028,0.0017028,0.0017028,0.0017028,0.0017028,0.0012378,0.0012378,0.0012378,0.0012378,0.0012378,0.0012378
2024-07-02 00:00:00-04:00,0.0030077999999999997,0.0,0.0030077999999999997,0.0,0.0015678,0.0,0.0028577999999999998,0.0,0.0028577999999999998,0.0,0.0018678,0.0,0.0022728,0.0,0.0022728,0.0,0.0030378,0.0,0.00023280000000000002,0.0,0.00023280000000000002,0.0,0.00023280000000000002,0.0,-0.0006672,0.0,-0.0006672,0.0,-0.0006672,0.0,-0.0015972,0.0,-0.0015972,0.0,-0.0015972,0.0
2024-07-03 00:00:00-04:00,-9.48e-05,-9.48e-05,-9.48e-05,-9.48e-05,-9.48e-05,-9.48e-05,-0.00022480000000000002,-0.00022480000000000002,-0.00022480000000000002,-0.00022480000000000002,-0.00022480000000000002,-0.00022480000000000002,0.0,0.0,0.0,0.0,0.0,0.0,-0.0004248,0.0,-0.0006648,0.0,-0.0006648,0.0,-0.0004248,0.0,-0.0007948,0.0,-0.0007948,0.0,-0.0004248,0.0,-0.0007948,0.0,-0.0007948,0.0
2024-07-04 00:00:00-04:00,0.0,0.0,0.0,0.0,0.0,0.0,0.0,0.0,0.0,0.0,0.0,0.0,0.0,0.0,0.0,0.0,0.0,0.0,-0.0006522,-0.0006522,-0.0011022,-0.0011022,-0.0011022,-0.0011022,-0.0006522,-0.0006522,-0.0011022,-0.0011022,-0.0011022,-0.0011022,-0.0006522,-0.0006522,-0.0006522,-0.0006522,-0.0006522,-0.0006522
2024-07-05 00:00:00-04:00,0.0029928,0.0029928,0.0029928,0.0029928,0.0038177999999999997,0.0038177999999999997,0.0029928,0.0029928,0.0029928,0.0029928,0.0038177999999999997,0.0038177999999999997,0.0029928,0.0029928,0.0029928,0.0029928,0.0038177999999999997,0.0038177999999999997,0.0026477999999999996,0.0026477999999999996,0.0026477999999999996,0.0026477999999999996,0.0009378,0.0009378,0.0022428,0.0022428,0.0022428,0.0022428,0.0017478,0.0017478,0.0019878,0.0019878,0.0019878,0.0019878,0.0022578,0.0022578
2024-07-08 00:00:00-04:00,0.0,0.0,0.0,0.0,0.0,0.0,0.0,0.0,0.0,0.0,0.0,0.0,0.0,0.0,0.0,0.0,0.0,0.0,-0.0009672,-6.720000000000001e-05,-0.0009072,-0.0009372,-0.0009072,-0.0009372,-0.0009672,-0.00017219999999999998,-0.0009822,-0.0010422,-0.0009822,-0.0010422,-0.00017219999999999998,-0.00017219999999999998,-0.0010572,-0.0010572,-0.0010572,-0.0010572
2024-07-09 00:00:00-04:00,0.0016278,0.0016278,0.0016278,0.0016278,0.0028577999999999998,0.0028577999999999998,0.0008028,0.0008028,0.0008028,0.0008028,0.0008028,0.0008028,0.0008028,0.0008028,0.0008028,0.0008028,0.0008028,0.0008028,0.0003978,0.0,0.0003978,0.0,0.0016578,0.0,0.0003978,0.0,0.0003978,0.0,0.0003978,0.0,-0.0003522,0.0,-0.0003522,0.0,-0.0003522,0.0
2024-07-10 00:00:00-04:00,0.0001728,0.0001728,0.0001728,0.0001728,0.0001728,0.0001728,0.0001728,0.0001728,0.0001728,0.0001728,0.0001728,0.0001728,-0.00014220000000000001,-0.00014220000000000001,-0.00014220000000000001,-0.00014220000000000001,-0.00014220000000000001,-0.00014220000000000001,-0.00038219999999999997,-0.00038219999999999997,-0.0006221999999999999,-0.0006221999999999999,-0.0006221999999999999,-0.0006221999999999999,-0.0005771999999999999,-0.0005771999999999999,-0.0008172,-0.0008172,-0.0008172,-0.0008172,-0.0007722,-0.0007722,-0.0010122,-0.0010122,-0.0010122,-0.0010122
2024-07-11 00:00:00-04:00,0.00023280000000000002,0.0,0.00023280000000000002,0.0,0.0015078000000000001,0.0,0.00023280000000000002,0.0,0.00023280000000000002,0.0,0.0015078000000000001,0.0,-0.0001272,0.0,-0.0001272,0.0,-0.0001272,0.0,-0.0002922,0.0,-0.0005022,0.0,0.0007578,0.0,-0.0011472,0.0,-0.0013572,0.0,-0.0013572,0.0,-0.0014922,0.0,-0.0017022,0.0,-0.0017022,0.0
2024-07-12 00:00:00-04:00,-0.0012148,-0.0012148,-0.0014148,-0.0014148,-0.0014148,-0.0014148,-0.0012148,-0.0012148,-0.0014148,-0.0014148,-0.0014148,-0.0014148,-0.0012148,-0.0012148,-0.0014148,-0.0014148,-0.0014148,-0.0014148,-0.0006648,-0.0006648,-0.0012348,-0.0012348,-0.0012348,-0.0012348,-0.0012947999999999998,0.0,-0.0012947999999999998,0.0,-0.0012947999999999998,0.0,-0.0012947999999999998,0.0,-0.0012947999999999998,0.0,-0.0012947999999999998,0.0
2024-07-15 00:00:00-04:00,-0.0041348,0.0,-0.0030548000000000003,0.0,-0.0030548000000000003,0.0,0.0,0.0,0.0,0.0,0.0,0.0,0.0,0.0,0.0,0.0,0.0,0.0,0.0019752000000000003,0.0019752000000000003,0.0019752000000000003,0.0019752000000000003,0.0015052000000000002,0.0015052000000000002,0.0019752000000000003,0.0019752000000000003,0.0019752000000000003,0.0019752000000000003,0.0015052000000000002,0.0015052000000000002,0.0015652,0.0015652,0.0015652,0.0015652,0.0015652,0.0015652
2024-07-16 00:00:00-04:00,-0.0009548,-0.0009548,-0.0007548,-0.0007548,-0.0007548,-0.0007548,-1.4800000000000004e-05,-0.0012048,-0.0010948,-0.0010048000000000001,-0.0010948,-0.0010048000000000001,-1.4800000000000004e-05,-0.0012048,-0.0010948,-0.0010048000000000001,-0.0010948,-0.0010048000000000001,-1.4800000000000004e-05,-0.0009048000000000001,-0.0007648,-0.0005848,-0.0007648,-0.0005848,-1.4800000000000004e-05,-0.0010848000000000001,-0.0008448,-0.0007648,-0.0008448,-0.0007648,-0.0010848000000000001,-0.0010848000000000001,-0.0011348,-0.0011348,-0.0011348,-0.0011348
2024-07-17 00:00:00-04:00,0.0048652,0.0,0.0048652,0.0,0.0015252000000000002,0.0,0.0048652,0.0,0.0048652,0.0,0.0015252000000000002,0.0,0.0048652,0.0,0.0048652,0.0,0.0015252000000000002,0.0,-0.0045648,-0.0045648,-0.00039480000000000006,-0.00039480000000000006,-0.00039480000000000006,-0.00039480000000000006,-0.0045648,-0.0045648,-0.0004648,-0.0004648,-0.0004648,-0.0004648,0.0040051999999999996,0.0,0.0040051999999999996,0.0,0.0017652000000000002,0.0
2024-07-18 00:00:00-04:00,0.0028352,0.0028352,0.0028352,0.0028352,0.0035052,0.0035052,0.0028352,0.0028352,0.0028352,0.0028352,0.0035052,0.0035052,0.0028352,0.0028352,0.0028352,0.0028352,0.0035052,0.0035052,0.0028352,0.0028352,-0.0005548,-0.0005548,-0.0005548,-0.0005548,0.0028352,0.0028352,-0.0006648,-0.0006648,-0.0006648,-0.0006648,-0.0035648000000000003,0.0025052,-0.0008848,-0.0009948000000000001,-0.0008848,-0.0009948000000000001
2024-07-19 00:00:00-04:00,0.0015052000000000002,0.0,-0.0011948,0.0,-0.0011948,0.0,0.0011752,0.0,-0.0016048,0.0,-0.0016048,0.0,0.0,0.0,0.0,0.0,0.0,0.0,-0.0022148,-0.0022148,-0.0010948,-0.0010948,-0.0010948,-0.0010948,0.0,0.0,0.0,0.0,0.0,0.0,0.0,0.0,0.0,0.0,0.0,0.0
2024-07-22 00:00:00-04:00,0.0016752000000000002,0.0016752000000000002,-0.0018847999999999998,-0.0018847999999999998,-0.0018847999999999998,-0.0018847999999999998,0.0009752,0.0009752,-0.0025848000000000004,-0.0025848000000000004,-0.0025848000000000004,-0.0025848000000000004,0.0002252,0.0002252,-0.0033348,-0.0033348,-0.0033348,-0.0033348,-0.0014047999999999999,0.0,-0.0017147999999999998,0.0,-0.0017147999999999998,0.0,-0.0021547999999999997,0.0,-0.0024648,0.0,-0.0024648,0.0,-0.0021547999999999997,0.0,-0.0024648,0.0,-0.0024648,0.0
2024-07-23 00:00:00-04:00,-0.0022748,-0.0022748,-0.0008348,-0.0008348,-0.0008348,-0.0008348,-0.0024148,-0.0024148,-0.0009748000000000001,-0.0009748000000000001,-0.0009748000000000001,-0.0009748000000000001,0.0012452,0.0,0.0012452,0.0,0.0022452,0.0,-0.00040480000000000003,0.0,-0.0015848,0.0,-0.0015848,0.0,-0.00040480000000000003,0.0,-0.0015848,0.0,-0.0015848,0.0,-0.0006548000000000001,0.0,-0.0006548000000000001,0.0,-0.0006548000000000001,0.0
2024-07-24 00:00:00-04:00,0.0033851999999999997,0.0,0.0033851999999999997,0.0,0.0033851999999999997,0.0,0.0018752,0.0,0.0018752,0.0,0.0018752,0.0,0.0018752,0.0,0.0018752,0.0,0.0018752,0.0,-0.0045348,-0.0045348,-0.0017047999999999998,-0.0017047999999999998,-0.0017047999999999998,-0.0017047999999999998,-0.0045348,-0.0045348,-0.0017047999999999998,-0.0017047999999999998,-0.0017047999999999998,-0.0017047999999999998,0.0018752,0.0,0.0018752,0.0,0.0018752,0.0
2024-07-25 00:00:00-04:00,-0.0022248,-0.0022248,-0.0017247999999999999,-0.0017247999999999999,-0.0017247999999999999,-0.0017247999999999999,0.0004252,0.0,0.0004252,0.0,0.0037852,0.0,0.0004252,0.0,0.0004252,0.0,0.0037852,0.0,-0.0018647999999999998,-0.0018647999999999998,-0.0013548,-0.0013548,-0.0013548,-0.0013548,0.0004252,0.0,0.0004252,0.0,0.0035851999999999998,0.0,0.0004252,0.0,0.0004252,0.0,0.0035851999999999998,0.0
2024-07-26 00:00:00-04:00,0.0016852000000000002,0.0016852000000000002,0.0016852000000000002,0.0016852000000000002,0.0016852000000000002,0.0016852000000000002,0.0016852000000000002,0.0016852000000000002,0.0016852000000000002,0.0016852000000000002,0.0016852000000000002,0.0016852000000000002,0.0016852000000000002,0.0016852000000000002,0.0016852000000000002,0.0016852000000000002,0.0016852000000000002,0.0016852000000000002,0.0008252,0.0008252,0.0008252,0.0008252,0.0008252,0.0008252,0.0008252,0.0008252,0.0008252,0.0008252,0.0008252,0.0008252,0.0008252,0.0008252,0.0008252,0.0008252,0.0008252,0.0008252
2024-07-29 00:00:00-04:00,0.0038751999999999997,0.0038751999999999997,0.0038751999999999997,0.0038751999999999997,0.0038751999999999997,0.0038751999999999997,0.0031152,0.0031152,0.0031152,0.0031152,0.0031152,0.0031152,0.0031152,0.0031152,0.0031152,0.0031152,0.0031152,0.0031152,0.0017652000000000002,0.0017652000000000002,0.0017652000000000002,0.0017652000000000002,0.0017652000000000002,0.0017652000000000002,0.0010852,0.0010852,0.0010852,0.0010852,0.0010852,0.0010852,0.0,0.0,0.0,0.0,0.0,0.0
2024-07-30 00:00:00-04:00,-7.48e-05,0.0,-7.48e-05,0.0,0.0020452,0.0,-7.48e-05,0.0,-7.48e-05,0.0,0.0020452,0.0,-0.0017247999999999999,0.0,-0.0017247999999999999,0.0,-0.0017247999999999999,0.0,0.0020352,0.0020352,-0.0012548000000000001,-0.0012548000000000001,-0.0012548000000000001,-0.0012548000000000001,0.0020352,0.0020352,-0.0012548000000000001,-0.0012548000000000001,-0.0012548000000000001,-0.0012548000000000001,-0.0038248,0.0018252000000000001,-0.0018448,0.0018252000000000001,-0.0018448,0.0018252000000000001
2024-07-31 00:00:00-04:00,0.0076652,0.0076652,0.0076652,0.0076652,0.0076652,0.0076652,0.0076652,0.0076652,0.0076652,0.0076652,0.0076652,0.0076652,0.0076652,0.0076652,0.0076652,0.0076652,0.0076652,0.0076652,-0.0074048000000000004,0.0053852,-0.0019248,0.0053852,-0.0019248,0.0036652,0.0053852,0.0053852,0.0053852,0.0053852,0.0049651999999999995,0.0049651999999999995,0.0049252,0.0049252,0.0049252,0.0049252,0.0049252,0.0049252
2024-08-01 00:00:00-04:00,-0.0012824000000000002,-0.0012824000000000002,-0.0012824000000000002,-0.0012824000000000002,-0.0012824000000000002,-0.0012824000000000002,-0.0012824000000000002,-0.0012824000000000002,-0.0012824000000000002,-0.0012824000000000002,-0.0012824000000000002,-0.0012824000000000002,-0.0012824000000000002,-0.0012824000000000002,-0.0012824000000000002,-0.0012824000000000002,-0.0012824000000000002,-0.0012824000000000002,0.0013926,0.0,0.0013926,0.0,0.0013926,0.0,0.0013926,0.0,0.0013926,0.0,0.0013926,0.0,0.0007826,0.0,0.0007826,0.0,0.0007826,0.0
2024-08-02 00:00:00-04:00,0.0037275999999999998,0.0,0.0037275999999999998,0.0,0.0035426,0.0,0.0031926,0.0,0.0031926,0.0,0.0031926,0.0,0.0020876,0.0,0.0020876,0.0,0.0020876,0.0,0.0034126,0.0,0.0034126,0.0,0.0022826,0.0,0.0020876,0.0,0.0020876,0.0,0.0020876,0.0,0.0020876,0.0,0.0020876,0.0,0.0020876,0.0
2024-08-05 00:00:00-04:00,0.0122676,0.0,0.0122676,0.0,0.0062226,0.0,0.0122676,0.0,0.0122676,0.0,0.0062226,0.0,0.0122676,0.0,0.0122676,0.0,0.0062226,0.0,0.0110526,0.0,0.0110526,0.0,0.0038326,0.0,0.0096526,0.0,0.0096526,0.0,0.0066326,0.0,0.0096526,0.0,0.0096526,0.0,0.0066326,0.0
2024-08-06 00:00:00-04:00,0.0005376,0.0005376,0.0005376,0.0005376,0.0032126,0.0032126,4.76e-05,4.76e-05,4.76e-05,4.76e-05,4.76e-05,4.76e-05,4.76e-05,4.76e-05,4.76e-05,4.76e-05,4.76e-05,4.76e-05,-0.0005874,-0.0009774,-0.0011723999999999999,-0.0014224,-0.0011723999999999999,-0.0014224,-0.0009774,-0.0009774,-0.0009774,-0.0009774,-0.0009774,-0.0009774,-0.0014824,-0.0014824,-0.0014824,-0.0014824,-0.0014824,-0.0014824
2024-08-07 00:00:00-04:00,0.0041876,0.0,0.0041876,0.0,0.0031626,0.0,0.0031325999999999997,0.0,0.0031325999999999997,0.0,0.0052726,0.0,0.0031325999999999997,0.0,0.0031325999999999997,0.0,0.0052726,0.0,0.0036425999999999997,0.0,0.0036425999999999997,0.0,0.0034126,0.0,0.0028225999999999998,0.0,0.0028225999999999998,0.0,0.0050526,0.0,0.0019076,0.0,0.0019076,0.0,0.0019076,0.0
2024-08-08 00:00:00-04:00,-0.0038924000000000003,-0.0038924000000000003,-0.0017424,-0.0017424,-0.0017424,-0.0017424,-0.0038924000000000003,-0.0038924000000000003,-0.0017424,-0.0017424,-0.0017424,-0.0017424,-0.0038924000000000003,-0.0038924000000000003,-0.0017424,-0.0017424,-0.0017424,-0.0017424,0.0020276,0.0,0.0020276,0.0,0.0020276,0.0,0.0013976,0.0,0.0013976,0.0,0.0013976,0.0,0.0013976,0.0,0.0013976,0.0,0.0013976,0.0
2024-08-09 00:00:00-04:00,-0.0008673999999999999,-0.0002474,-0.0010773999999999998,-0.0009973999999999998,-0.0010773999999999998,-0.0009973999999999998,-0.0008673999999999999,-0.00038740000000000004,-0.0011274,-0.0011374,-0.0011274,-0.0011374,-0.0008673999999999999,-0.00038740000000000004,-0.0011274,-0.0011374,-0.0011274,-0.0011374,-6.24e-05,-6.24e-05,-6.24e-05,-6.24e-05,-6.24e-05,-6.24e-05,-0.00038740000000000004,-0.00038740000000000004,-0.00038740000000000004,-0.00038740000000000004,-0.00038740000000000004,-0.00038740000000000004,-0.0016724,-0.0016724,-0.0016724,-0.0016724,-0.0016724,-0.0016724
2024-08-12 00:00:00-04:00,-0.0016074000000000001,-0.0016074000000000001,-0.0022274,-0.0022274,-0.0022274,-0.0022274,0.0,0.0,0.0,0.0,0.0,0.0,0.0,0.0,0.0,0.0,0.0,0.0,-0.00020740000000000003,0.0,-0.00020740000000000003,0.0,-0.00020740000000000003,0.0,-0.00020740000000000003,0.0,-0.00020740000000000003,0.0,-0.00020740000000000003,0.0,-0.00020740000000000003,0.0,-0.00020740000000000003,0.0,-0.00020740000000000003,0.0
2024-08-13 00:00:00-04:00,-0.0022374,-0.0022374,-0.0003574,-0.0003574,-0.0003574,-0.0003574,-0.0022374,-0.0022374,-0.0003924,-0.0003924,-0.0003924,-0.0003924,0.0016825999999999998,0.0,0.0016825999999999998,0.0,0.0011626,0.0,-0.0020874,-0.0020874,-0.0003824,-0.0003824,-0.0003824,-0.0003824,0.0014926,0.0,0.0014926,0.0,0.0012226000000000001,0.0,0.0010876,0.0,0.0010876,0.0,0.0010876,0.0
2024-08-14 00:00:00-04:00,-0.00016740000000000003,-0.00016740000000000003,-0.0005574,-0.0005574,-0.0005574,-0.0005574,-0.0007874,0.0,-0.0011374,0.0,-0.0011374,0.0,-0.0007874,0.0,-0.0011374,0.0,-0.0011374,0.0,-0.0002474,-0.0002474,-0.0006224000000000001,-0.0006224000000000001,-0.0006224000000000001,-0.0006224000000000001,-0.0007874,-0.0003524,-0.0010474,-0.0007273999999999999,-0.0010474,-0.0007273999999999999,-0.0007874,-0.0003524,-0.0010474,-0.0007273999999999999,-0.0010474,-0.0007273999999999999
2024-08-15 00:00:00-04:00,-0.0009774,-0.0009774,-0.0005574,-0.0005574,-0.0005574,-0.0005574,-0.0011274,-0.0011274,-0.0007074,-0.0007074,-0.0007074,-0.0007074,-0.0011274,-0.0011274,-0.0007074,-0.0007074,-0.0007074,-0.0007074,0.0007476000000000001,0.0,0.0007476000000000001,0.0,0.0010426,0.0,0.0002576,0.0,0.0002576,0.0,0.0002576,0.0,-0.00038740000000000004,0.0,-0.00038740000000000004,0.0,-0.00038740000000000004,0.0
2024-08-16 00:00:00-04:00,0.0016275999999999999,0.0,0.0016275999999999999,0.0,0.0010026,0.0,0.0013426,0.0,0.0013426,0.0,0.0015726,0.0,0.0008926,0.0,0.0008926,0.0,0.0008926,0.0,-0.0017674000000000001,-0.0017674000000000001,-0.0006674,-0.0006674,-0.0006674,-0.0006674,-0.0017674000000000001,-0.0017674000000000001,-0.0007074,-0.0007074,-0.0007074,-0.0007074,0.0009126000000000001,0.0,0.0009126000000000001,0.0,0.0009126000000000001,0.0
2024-08-19 00:00:00-04:00,-0.0020724000000000003,0.0005826,-0.0013174,0.0005826,-0.0013174,0.0005826,-0.0020724000000000003,0.0005826,-0.0013174,0.0005826,-0.0013174,0.0005826,-0.0020724000000000003,0.0005826,-0.0013174,0.0005826,-0.0013174,0.0005826,-0.0016774000000000001,0.0005826,-0.0006523999999999999,0.0005826,-0.0006523999999999999,0.0005826,-0.0018224,0.0005826,-0.0007974,0.0005826,-0.0007974,0.0005826,-0.0020724000000000003,0.0005826,-0.0010474,0.0005826,-0.0010474,0.0005826
2024-08-20 00:00:00-04:00,-0.0008374,-0.0008374,-0.0006024,-0.0006024,-0.0006024,-0.0006024,-0.0008374,-0.0008374,-0.0006024,-0.0006024,-0.0006024,-0.0006024,-0.0008374,-0.0008374,-0.0006024,-0.0006024,-0.0006024,-0.0006024,-0.0008374,-0.0008374,-0.00036740000000000004,-0.00036740000000000004,-0.00036740000000000004,-0.00036740000000000004,-0.0008374,-0.0008374,-0.00036740000000000004,-0.00036740000000000004,-0.00036740000000000004,-0.00036740000000000004,-0.0008374,-0.0008374,-0.0004024,-0.0004024,-0.0004024,-0.0004024
2024-08-21 00:00:00-04:00,-0.0005224,-0.0005224,-0.0005924,-0.0005924,-0.0005924,-0.0005924,-0.0001324,0.0,-0.0001324,0.0,-0.0001324,0.0,-0.0001324,0.0,-0.0001324,0.0,-0.0001324,0.0,-0.0001324,0.0,-0.0001324,0.0,-0.0001324,0.0,-0.00023740000000000002,0.0,-0.00023740000000000002,0.0,-0.00023740000000000002,0.0,-0.0003574,0.0,-0.0003574,0.0,-0.0003574,0.0
2024-08-22 00:00:00-04:00,-0.0004374,-0.00017740000000000003,-0.0005224,-0.00017740000000000003,-0.0005224,-0.00017740000000000003,-0.0005074,-0.00017740000000000003,-0.0005924,-0.00017740000000000003,-0.0005924,-0.00017740000000000003,-0.00017740000000000003,-0.00017740000000000003,-0.00017740000000000003,-0.00017740000000000003,-0.00017740000000000003,-0.00017740000000000003,0.0001576,0.0001576,0.0001576,0.0001576,0.0007626000000000001,0.0007626000000000001,0.0001576,0.0001576,0.0001576,0.0001576,0.0007626000000000001,0.0007626000000000001,0.0001176,0.0001176,0.0001176,0.0001176,0.0008426000000000001,0.0008426000000000001
2024-08-23 00:00:00-04:00,0.0012626,0.0,0.0012626,0.0,0.0006526,0.0,0.0012626,0.0,0.0012626,0.0,0.0006526,0.0,0.0010126,0.0,0.0010126,0.0,0.0011526000000000002,0.0,0.0007276,-0.0011274,-0.00034740000000000004,-0.00032240000000000003,-0.00034740000000000004,-0.00032240000000000003,-0.0011274,-0.0011274,-0.00045240000000000005,-0.00045240000000000005,-0.00045240000000000005,-0.00045240000000000005,0.0006076,0.0,0.0006076,0.0,0.0006076,0.0
2024-08-26 00:00:00-04:00,-0.0005074,-0.0005074,-0.0013874,-0.0013874,-0.0013874,-0.0013874,-0.0005074,-0.0005074,-0.0013874,-0.0013874,-0.0013874,-0.0013874,-0.0012324,-0.0012324,-0.0021124,-0.0021124,-0.0021124,-0.0021124,-0.00018740000000000003,0.0,-0.00018740000000000003,0.0,-0.00018740000000000003,0.0,-0.00018740000000000003,0.0,-0.00018740000000000003,0.0,-0.00018740000000000003,0.0,-0.0006724,0.0,-0.0006724,0.0,-0.0006724,0.0
2024-08-27 00:00:00-04:00,-0.0015624,-0.0015624,-0.0009073999999999999,-0.0009073999999999999,-0.0009073999999999999,-0.0009073999999999999,-0.0015624,-0.0015624,-0.0009073999999999999,-0.0009073999999999999,-0.0009073999999999999,-0.0009073999999999999,0.0005876,0.0,0.0005876,0.0,0.0005876,0.0,0.00047759999999999995,-0.0009524,-0.00044740000000000003,-0.00030240000000000003,-0.00044740000000000003,-0.00030240000000000003,-0.0009524,-0.0009524,-0.0006074,-0.0006074,-0.0006074,-0.0006074,0.0002626,0.0,0.0002626,0.0,0.0002626,0.0
2024-08-28 00:00:00-04:00,-0.0012274,-0.0012274,-0.0012423999999999998,-0.0012423999999999998,-0.0012423999999999998,-0.0012423999999999998,-0.0014624,-0.0014624,-0.0014774,-0.0014774,-0.0014774,-0.0014774,-0.0014624,-0.0014624,-0.0014774,-0.0014774,-0.0014774,-0.0014774,-0.0012174,-0.0012174,-0.0003624,-0.0003624,-0.0003624,-0.0003624,0.0008226,0.0,0.0008226,0.0,0.0009326,0.0,0.0007676,0.0,0.0007676,0.0,0.0007676,0.0
2024-08-29 00:00:00-04:00,-0.0033474,-0.0033474,-0.0018674000000000002,-0.0018674000000000002,-0.0018674000000000002,-0.0018674000000000002,-0.0033474,-0.0033474,-0.0018674000000000002,-0.0018674000000000002,-0.0018674000000000002,-0.0018674000000000002,0.0014425999999999998,0.0,0.0014425999999999998,0.0,0.0014425999999999998,0.0,0.0020626,0.0,0.0020626,0.0,0.0017526,0.0,0.0017376,0.0,0.0017376,0.0,0.0017376,0.0,0.0015375999999999999,0.0,0.0015375999999999999,0.0,0.0015375999999999999,0.0
2024-08-30 00:00:00-04:00,-0.0016424,-0.0016424,-0.0012924000000000002,-0.0012924000000000002,-0.0012924000000000002,-0.0012924000000000002,-0.0016424,-0.0016424,-0.0012924000000000002,-0.0012924000000000002,-0.0012924000000000002,-0.0012924000000000002,-0.0016424,-0.0016424,-0.0012924000000000002,-0.0012924000000000002,-0.0012924000000000002,-0.0012924000000000002,0.0008676000000000001,0.0,0.0008676000000000001,0.0,0.0008676000000000001,0.0,0.0007076000000000001,0.0,0.0007076000000000001,0.0,0.0007076000000000001,0.0,0.0004076,0.0,0.0004076,0.0,0.0004076,0.0
2024-09-02 00:00:00-04:00,0.0005325999999999999,0.0005325999999999999,-0.0007273999999999999,-0.0007273999999999999,-0.0007273999999999999,-0.0007273999999999999,0.0004026,0.0004026,-0.0008573999999999999,-0.0008573999999999999,-0.0008573999999999999,-0.0008573999999999999,0.0,0.0,0.0,0.0,0.0,0.0,-0.0007124,0.00020759999999999998,-0.0003324,-0.00038740000000000004,0.0005826,-0.00038740000000000004,-0.0009373999999999999,0.00020759999999999998,-0.0005574,0.00020759999999999998,-0.0005574,0.00020759999999999998,-0.0012324,0.00020759999999999998,-0.0008523999999999999,0.00020759999999999998,-0.0008523999999999999,0.00020759999999999998
2024-09-03 00:00:00-04:00,0.0012626,0.0012626,0.0012626,0.0012626,0.0018725999999999999,0.0018725999999999999,0.0012626,0.0012626,0.0012626,0.0012626,0.0018725999999999999,0.0018725999999999999,0.0008426000000000001,0.0008426000000000001,0.0008426000000000001,0.0008426000000000001,0.0008426000000000001,0.0008426000000000001,-0.0005074,-0.0003924,-0.0005874,-0.0003924,-0.0005874,-0.0003924,-0.0006473999999999999,-0.0003924,-0.0007273999999999999,-0.0003924,-0.0007273999999999999,-0.0003924,-0.0006473999999999999,-0.0003924,-0.0007273999999999999,-0.0003924,-0.0007273999999999999,-0.0003924
2024-09-04 00:00:00-04:00,0.0010976,0.0010976,0.0010976,0.0010976,0.0010976,0.0010976,0.0010976,0.0010976,0.0010976,0.0010976,0.0010976,0.0010976,0.0010976,0.0010976,0.0010976,0.0010976,0.0010976,0.0010976,0.0021926,0.0021926,0.0021926,0.0021926,0.0011626,0.0011626,0.0010976,0.0010976,0.0010976,0.0010976,0.0010976,0.0010976,-0.0002974,-0.0002974,-0.0002974,-0.0002974,-0.0002974,-0.0002974
2024-09-05 00:00:00-04:00,0.0012526,0.0012526,-0.00045240000000000005,-0.00045240000000000005,-0.00045240000000000005,-0.00045240000000000005,0.0012276000000000001,0.0012276000000000001,-0.0004774,-0.0004774,0.0008726000000000001,0.0008726000000000001,0.0012276000000000001,0.0012276000000000001,-0.0005074,-0.0005074,0.0009326,0.0009326,-0.0015624,0.0003526,-0.0009524,0.0003526,-0.0009524,0.0003526,-0.0019374000000000001,0.0003526,-0.0013274,0.0003526,-0.0013274,0.0003526,0.0003526,0.0003526,0.0003526,0.0003526,0.0003526,0.0003526
2024-09-06 00:00:00-04:00,0.0012726,0.0012726,0.0012726,0.0012726,0.0009526000000000001,0.0009526000000000001,0.0009226000000000001,0.0009226000000000001,0.0009226000000000001,0.0009226000000000001,0.0016526,0.0016526,0.0009226000000000001,0.0009226000000000001,0.0009226000000000001,0.0009226000000000001,0.0016526,0.0016526,0.0004676,0.0004676,0.0004676,0.0004676,0.0004676,0.0004676,0.0001026,0.0001026,0.0001026,0.0001026,0.0001026,0.0001026,-0.0009274,-0.0009274,-0.0009274,-0.0009274,-0.0009274,-0.0009274
2024-09-09 00:00:00-04:00,0.0027426,0.0,-0.0009674,0.0,-0.0009674,0.0,0.0024776,0.0,0.0024776,0.0,0.0023826,0.0,0.0024776,0.0,0.0024776,0.0,0.0023826,0.0,0.0017176,0.0,0.0017176,0.0,0.0017825999999999999,0.0,0.0015375999999999999,0.0,0.0015375999999999999,0.0,0.0015375999999999999,0.0,0.0012526,0.0,0.0012526,0.0,0.0012526,0.0
2024-09-10 00:00:00-04:00,0.0014475999999999998,0.0014475999999999998,0.0014475999999999998,0.0014475999999999998,0.0013426,0.0013426,0.0012925999999999999,0.0012925999999999999,0.0012925999999999999,0.0012925999999999999,0.0016526,0.0016526,0.0009876000000000002,0.0009876000000000002,0.0009876000000000002,0.0009876000000000002,0.0009876000000000002,0.0009876000000000002,0.0001226,0.0001226,0.0001226,0.0001226,0.0001226,0.0001226,3.26e-05,3.26e-05,3.26e-05,3.26e-05,3.26e-05,3.26e-05,3.26e-05,3.26e-05,3.26e-05,3.26e-05,3.26e-05,3.26e-05
2024-09-11 00:00:00-04:00,-0.0011924,0.0005276,-0.0004574,0.0005276,-0.0004574,0.0011226,-0.0011924,0.0005276,-0.0004574,0.0005276,-0.0004574,0.0011226,-0.0013024,0.0005276,-0.0005674,0.0005276,-0.0005674,0.0012226000000000001,0.0005276,0.0005276,0.0005276,0.0005276,0.0011126,0.0011126,-0.0003574,-0.0003574,-0.0003574,-0.0003574,-0.0003574,-0.0003574,-0.0003574,-0.0003574,-0.0003574,-0.0003574,-0.0003574,-0.0003574
2024-09-12 00:00:00-04:00,0.0010876,0.0,0.0010876,0.0,0.0007426,0.0,0.0010876,0.0,0.0010876,0.0,0.0007426,0.0,0.0008676000000000001,0.0,0.0008676000000000001,0.0,0.0011826,0.0,0.0008226,0.0,0.0008226,0.0,0.0010426,0.0,0.00039759999999999996,0.0,0.00039759999999999996,0.0,0.00039759999999999996,0.0,0.0003276,0.0,0.0003276,0.0,0.0003276,0.0
2024-09-13 00:00:00-04:00,4.76e-05,0.0,4.76e-05,0.0,0.0010026,0.0,-9.74e-05,0.0,-9.74e-05,0.0,-9.74e-05,0.0,-0.0002324,0.0,-0.0002324,0.0,-0.0002324,0.0,0.0001376,0.0001376,-0.0004424,-0.0004424,-0.0004424,-0.0004424,1.2599999999999998e-05,1.2599999999999998e-05,-0.0005674,-0.0005674,-0.0005674,-0.0005674,1.2599999999999998e-05,1.2599999999999998e-05,-0.0006624,-0.0006624,-0.0006624,-0.0006624
2024-09-16 00:00:00-04:00,-0.00020740000000000003,-0.00020740000000000003,-0.0009174,-0.0009174,-0.0009174,-0.0009174,-0.0008024,0.0,-0.0008024,0.0,-0.0008024,0.0,-0.0008024,0.0,-0.0008024,0.0,-0.0008024,0.0,0.0005526,0.0005526,0.0005526,0.0005526,0.0005526,0.0005526,0.00047759999999999995,0.00047759999999999995,0.00047759999999999995,0.00047759999999999995,0.00047759999999999995,0.00047759999999999995,0.0003626,0.0003626,0.0003626,0.0003626,0.0003626,0.0003626
2024-09-17 00:00:00-04:00,8.76e-05,0.0,8.76e-05,0.0,8.76e-05,0.0,-9.24e-05,0.0,-9.24e-05,0.0,-9.24e-05,0.0,0.0,0.0,0.0,0.0,0.0,0.0,-0.0006824,-0.0006824,-0.00048740000000000003,-0.00048740000000000003,-0.00048740000000000003,-0.00048740000000000003,-0.0006824,-0.0006824,-0.00048740000000000003,-0.00048740000000000003,-0.00048740000000000003,-0.00048740000000000003,-0.0009473999999999999,-0.0009473999999999999,-0.0007524,-0.0007524,-0.0007524,-0.0007524
2024-09-18 00:00:00-04:00,0.0002126,-0.0008123999999999999,-0.0005624,-0.0004174,-0.0005624,-0.0004174,0.0002126,-0.0008123999999999999,-0.0005624,-0.0004174,-0.0005624,-0.0004174,0.0002126,-0.0008123999999999999,-0.0005624,-0.00048740000000000003,-0.0005624,-0.00048740000000000003,0.0001176,-0.0005174,-0.00030240000000000003,-0.0003724,-0.00030240000000000003,-0.0003724,6.76e-05,-0.0005174,-0.0003524,-0.0004024,-0.0003524,-0.0004024,6.76e-05,-0.0005174,-0.0003524,-0.0004224,-0.0003524,-0.0004224
2024-09-19 00:00:00-04:00,0.0045876,0.0,0.0045876,0.0,0.0018625999999999998,0.0,0.0044426,0.0,0.0044426,0.0,0.0021525999999999997,0.0,0.0040676,0.0,0.0040676,0.0,0.0029026,0.0,-0.0032774,-0.0032774,-0.0019574,-0.0019574,-0.0019574,-0.0019574,-0.0032774,-0.0032774,-0.0019574,-0.0019574,-0.0019574,-0.0019574,-0.0041674,-0.0041674,-0.0028474,-0.0028474,-0.0028474,-0.0028474
2024-09-20 00:00:00-04:00,8.76e-05,8.76e-05,8.76e-05,8.76e-05,8.76e-05,8.76e-05,8.76e-05,8.76e-05,8.76e-05,8.76e-05,8.76e-05,8.76e-05,-0.0001274,-0.0001274,-0.0001274,-0.0001274,-0.0001274,-0.0001274,-0.0006674,0.0,-0.0008673999999999999,0.0,-0.0008673999999999999,0.0,-0.0006674,0.0,-0.0008673999999999999,0.0,-0.0008673999999999999,0.0,-0.0006674,0.0,-0.0008673999999999999,0.0,-0.0008673999999999999,0.0
2024-09-23 00:00:00-04:00,0.0005476,0.0,0.0005476,0.0,0.0005476,0.0,0.0005476,0.0,0.0005476,0.0,0.0005476,0.0,0.0005476,0.0,0.0005476,0.0,0.0005476,0.0,0.0001226,0.0,0.0001226,0.0,0.0008226,0.0,-0.00032740000000000004,0.0,-0.00032740000000000004,0.0,-0.00032740000000000004,0.0,-0.0010574,0.0,-0.0010574,0.0,-0.0010574,0.0
2024-09-24 00:00:00-04:00,0.0011626,-0.0019824,-0.0005124,-0.0007624,-0.0005124,-0.0007624,0.0011626,-0.0019824,-0.0005124,-0.0007624,-0.0005124,-0.0007624,0.0011626,-0.0019824,-0.0005124,-0.0007624,-0.0005124,-0.0007624,-0.0015424000000000002,-0.0015424000000000002,-0.0004024,-0.0004024,-0.0004024,-0.0004024,-0.0015424000000000002,-0.0015424000000000002,-0.0005174,-0.0005174,-0.0005174,-0.0005174,0.0008176,-0.0019824,-0.0009774,-0.0009574,-0.0009774,-0.0009574
2024-09-25 00:00:00-04:00,0.0020675999999999997,0.0020675999999999997,-0.0002424,-0.0002424,-0.0002424,-0.0002424,-0.0024074,0.0019676,-0.00034740000000000004,0.0019676,-0.00034740000000000004,0.0006026,-0.0024074,0.0019676,-0.0003824,0.0019676,-0.0003824,0.0006326,0.0015626,0.0015626,0.0015626,0.0015626,0.0012426,0.0012426,0.0013725999999999999,0.0013725999999999999,0.0013725999999999999,0.0013725999999999999,0.0013725999999999999,0.0013725999999999999,0.0010326,0.0010326,0.0010326,0.0010326,0.0010326,0.0010326
2024-09-26 00:00:00-04:00,0.0041526,0.0,0.0041526,0.0,0.0007726,0.0,0.0041526,0.0,0.0041526,0.0,0.0007726,0.0,0.0039926,0.0,0.0039926,0.0,0.0010926,0.0,0.0029026,0.0,0.0029026,0.0,0.0013926,0.0,0.0029026,0.0,0.0029026,0.0,0.0013926,0.0,0.0027776,0.0,0.0027776,0.0,0.0016426,0.0
2024-09-27 00:00:00-04:00,-0.0021624,0.0012326000000000001,-0.0007723999999999999,0.0012326000000000001,-0.0007723999999999999,0.0014226,0.0012326000000000001,0.0012326000000000001,0.0012326000000000001,0.0012326000000000001,0.0012326000000000001,0.0012326000000000001,0.0012326000000000001,0.0012326000000000001,0.0012326000000000001,0.0012326000000000001,0.0012326000000000001,0.0012326000000000001,0.0004526,0.0004526,-0.0009724,-0.0009724,-0.0009724,-0.0009724,0.0004526,0.0004526,-0.0009724,-0.0009724,-0.0009724,-0.0009724,0.0004526,0.0004526,-0.0009724,-0.0009724,-0.0009724,-0.0009724
2024-09-30 00:00:00-04:00,-0.0009373999999999999,-0.0009373999999999999,-0.0015474,-0.0015474,-0.0015474,-0.0015474,-0.0010224,-0.0010224,-0.0016324,-0.0016324,-0.0016324,-0.0016324,-0.0012824000000000002,-0.0012824000000000002,-0.0018924,-0.0018924,-0.0018924,-0.0018924,0.0013476,0.0,0.0013476,0.0,0.0011626,0.0,0.0012026,0.0,0.0012026,0.0,0.0014525999999999999,0.0,0.0008026000000000001,0.0,0.0008026000000000001,0.0,0.0008026000000000001,0.0
2024-10-01 00:00:00-04:00,0.0003676,0.0003676,0.0003676,0.0003676,0.0010326,0.0010326,0.0003676,0.0003676,0.0003676,0.0003676,0.0013226,0.0013226,0.0003676,0.0003676,0.0003676,0.0003676,0.0013226,0.0013226,-0.0007823999999999999,-0.00018240000000000002,-0.0005874,-0.0008424,-0.0005874,-0.0008424,-0.00018240000000000002,-0.00018240000000000002,-0.00018240000000000002,-0.00018240000000000002,-0.00018240000000000002,-0.00018240000000000002,-0.0005224,-0.0005224,-0.0005224,-0.0005224,-0.0005224,-0.0005224
2024-10-02 00:00:00-04:00,-0.0003924,-0.0012324,-0.0014774,-0.0016074000000000001,-0.0014774,-0.0016074000000000001,-0.0003924,-0.0012324,-0.0014774,-0.0016074000000000001,-0.0014774,-0.0016074000000000001,-0.0012324,-0.0012324,-0.0017974,-0.0017974,-0.0017974,-0.0017974,-7.24e-05,-0.0007174,-0.0006973999999999999,-0.0007423999999999999,-0.0006973999999999999,-0.0007423999999999999,-0.0007174,-0.0007174,-0.0008874,-0.0008874,-0.0008874,-0.0008874,-0.0007174,-0.0007174,-0.0008874,-0.0008874,-0.0008874,-0.0008874
2024-10-03 00:00:00-04:00,0.0014226,0.0,0.0014226,0.0,0.0012526,0.0,0.0014226,0.0,0.0014226,0.0,0.0012526,0.0,0.0014226,0.0,0.0014226,0.0,0.0012526,0.0,0.0007026000000000001,0.0,0.0007026000000000001,0.0,0.0007026000000000001,0.0,0.00020759999999999998,0.0,0.00020759999999999998,0.0,0.00020759999999999998,0.0,0.00020759999999999998,0.0,0.00020759999999999998,0.0,0.00020759999999999998,0.0
2024-10-04 00:00:00-04:00,0.0003526,0.0003526,0.0003526,0.0003526,0.0011726,0.0011726,0.0003526,0.0003526,0.0003526,0.0003526,0.0012726,0.0012726,-0.00023740000000000002,-0.00023740000000000002,-0.00023740000000000002,-0.00023740000000000002,-0.00023740000000000002,-0.00023740000000000002,-0.0006424,7.26e-05,-0.0004924,7.26e-05,-0.0004924,0.0008826000000000001,7.26e-05,7.26e-05,7.26e-05,7.26e-05,0.0012626,0.0012626,7.26e-05,7.26e-05,7.26e-05,7.26e-05,0.0015526,0.0015526
2024-10-07 00:00:00-04:00,-0.0010674,-0.0010674,-0.0009473999999999999,-0.0009473999999999999,-0.0009473999999999999,-0.0009473999999999999,-0.0010674,-0.0010674,-0.0009473999999999999,-0.0009473999999999999,-0.0009473999999999999,-0.0009473999999999999,-1.7400000000000003e-05,0.0,-1.7400000000000003e-05,0.0,-1.7400000000000003e-05,0.0,-0.0006824,-0.0006824,-0.0008173999999999999,-0.0008173999999999999,-0.0008173999999999999,-0.0008173999999999999,-0.0006824,-0.0006824,-0.0008573999999999999,-0.0008573999999999999,-0.0008573999999999999,-0.0008573999999999999,-0.0006824,-0.0006824,-0.0008573999999999999,-0.0008573999999999999,-0.0008573999999999999,-0.0008573999999999999
2024-10-08 00:00:00-04:00,0.0005376,0.0,0.0005376,0.0,0.0010426,0.0,-0.0008874,0.0,-0.0008874,0.0,-0.0008874,0.0,0.0,0.0,0.0,0.0,0.0,0.0,-7.24e-05,0.0,-7.24e-05,0.0,-7.24e-05,0.0,-7.24e-05,0.0,-7.24e-05,0.0,-7.24e-05,0.0,-7.24e-05,0.0,-7.24e-05,0.0,-7.24e-05,0.0
2024-10-09 00:00:00-04:00,0.0017252,0.0,0.0017252,0.0,0.0017052,0.0,0.0017252,0.0,0.0017252,0.0,0.0017052,0.0,0.0015152000000000002,0.0,0.0015152000000000002,0.0,0.0021252000000000003,0.0,-0.0021348,-0.0021348,-0.0008248,-0.0008248,-0.0008248,-0.0008248,-0.0021348,-0.0021348,-0.0008248,-0.0008248,-0.0008248,-0.0008248,-0.0021348,-0.0021348,-0.0008248,-0.0008248,-0.0008248,-0.0008248
2024-10-10 00:00:00-04:00,-0.00033480000000000006,-0.00033480000000000006,-0.0007948,-0.0007948,-0.0007948,-0.0007948,-0.00033480000000000006,-0.00033480000000000006,-0.0007948,-0.0007948,-0.0007948,-0.0007948,-0.00033480000000000006,-0.00033480000000000006,-0.0007948,-0.0007948,-0.0007948,-0.0007948,-0.00038480000000000003,-0.00038480000000000003,-0.0007948,-0.0007948,-0.0007948,-0.0007948,-0.00038480000000000003,-0.00038480000000000003,-0.0008448,-0.0008448,-0.0008448,-0.0008448,-0.0005548,-0.0005548,-0.0010148,-0.0010148,-0.0010148,-0.0010148
2024-10-11 00:00:00-04:00,-0.0013548,-0.0013548,-0.0008448,-0.0008448,-0.0008448,-0.0008448,-0.0013548,-0.0013548,-0.0009248,-0.0009248,-0.0009248,-0.0009248,-0.0013548,-0.0013548,-0.0009248,-0.0009248,-0.0009248,-0.0009248,0.0010952,-0.0021348,-0.0008648,-0.0008948000000000001,-0.0008648,-0.0008948000000000001,-0.0021348,-0.0021348,-0.0010248,-0.0010248,-0.0010248,-0.0010248,-0.0021348,-0.0021348,-0.0010248,-0.0010248,-0.0010248,-0.0010248
2024-10-14 00:00:00-04:00,-3.4800000000000006e-05,-3.4800000000000006e-05,-0.0014047999999999999,-0.0014047999999999999,-0.0014047999999999999,-0.0014047999999999999,-3.4800000000000006e-05,-3.4800000000000006e-05,-0.0014047999999999999,-0.0014047999999999999,-0.0014047999999999999,-0.0014047999999999999,-0.00023480000000000002,-0.00023480000000000002,-0.0016048,-0.0016048,-0.0016048,-0.0016048,-0.0010848000000000001,0.0,-0.0007548,0.0,-0.0007548,0.0,-0.0014148,0.0,-0.0010848000000000001,0.0,-0.0010848000000000001,0.0,-0.0014148,0.0,-0.0010848000000000001,0.0,-0.0010848000000000001,0.0
2024-10-15 00:00:00-04:00,0.0010052,0.0,0.0010052,0.0,0.0010052,0.0,0.0010052,0.0,0.0010052,0.0,0.0010052,0.0,0.0006152,0.0,0.0006152,0.0,0.0006152,0.0,0.0006152,0.0,-0.0011148,0.0,-0.0011148,0.0,0.0006152,0.0,-0.0011148,0.0,-0.0011148,0.0,0.0,0.0,0.0,0.0,0.0,0.0
2024-10-16 00:00:00-04:00,0.0010452,0.0010452,0.0010452,0.0010452,0.0010452,0.0010452,0.0010452,0.0010452,0.0010452,0.0010452,0.0010452,0.0010452,0.0006652,0.0006652,0.0006652,0.0006652,0.0006652,0.0006652,0.0005152,0.0005152,-0.0007948,-0.0007948,-0.0007948,-0.0007948,0.0001852,0.0001852,-0.0011248,-0.0011248,-0.0011248,-0.0011248,4.5199999999999994e-05,4.5199999999999994e-05,4.5199999999999994e-05,4.5199999999999994e-05,4.5199999999999994e-05,4.5199999999999994e-05
2024-10-17 00:00:00-04:00,-0.0047748,0.0,-0.0009948000000000001,0.0,-0.0009948000000000001,0.0,-0.0047748,0.0,-0.0009948000000000001,0.0,-0.0009948000000000001,0.0,-0.0047748,0.0,-0.0009948000000000001,0.0,-0.0009948000000000001,0.0,0.0045852,0.0045852,-0.0013847999999999998,-0.0013847999999999998,-0.0013847999999999998,-0.0013847999999999998,0.0045852,0.0045852,0.0045852,0.0045852,0.0030651999999999997,0.0030651999999999997,0.0,0.0,0.0,0.0,0.0,0.0
2024-10-18 00:00:00-04:00,0.0012152,0.0012152,-0.0009648,-0.0009648,-0.0009648,-0.0009648,0.0008152,0.0008152,-0.0013648,-0.0013648,-0.0013648,-0.0013648,-0.0024648,0.0,-0.0017947999999999998,0.0,-0.0017947999999999998,0.0,-0.0022548,0.0,-0.0013147999999999999,0.0,-0.0013147999999999999,0.0,0.0,0.0,0.0,0.0,0.0,0.0,0.0,0.0,0.0,0.0,0.0,0.0
2024-10-21 00:00:00-04:00,-0.0035448000000000003,-0.0035448000000000003,-0.0011648000000000001,-0.0011648000000000001,-0.0011648000000000001,-0.0011648000000000001,-0.0035448000000000003,-0.0035448000000000003,-0.0011648000000000001,-0.0011648000000000001,-0.0011648000000000001,-0.0011648000000000001,0.0022652,0.0,0.0022652,0.0,0.0024852,0.0,-0.0034348,-0.0034348,-0.0007648,-0.0007648,-0.0007648,-0.0007648,-0.0034348,-0.0034348,-0.0008748,-0.0008748,-0.0008748,-0.0008748,0.0023352,0.0,0.0023352,0.0,0.0022452,0.0
2024-10-22 00:00:00-04:00,0.0029952,0.0,0.0029952,0.0,0.0015652,0.0,0.0029952,0.0,0.0029952,0.0,0.0015652,0.0,0.0025751999999999997,0.0,0.0025751999999999997,0.0,0.0024052,0.0,0.0014752,0.0,0.0014752,0.0,0.0014752,0.0,0.0011551999999999999,0.0,0.0011551999999999999,0.0,0.0011551999999999999,0.0,0.0008552,0.0,0.0008552,0.0,0.0008552,0.0
2024-10-23 00:00:00-04:00,-0.00021480000000000002,-0.0009748000000000001,-0.0010748,-0.0010248,-0.0010748,-0.0010248,-0.0009748000000000001,-0.0009748000000000001,-0.0009748000000000001,-0.0009748000000000001,-0.0009748000000000001,-0.0009748000000000001,-0.0009748000000000001,-0.0009748000000000001,-0.0009748000000000001,-0.0009748000000000001,-0.0009748000000000001,-0.0009748000000000001,0.00035519999999999996,0.0,0.00035519999999999996,0.0,0.00035519999999999996,0.0,0.0001252,0.0,0.0001252,0.0,0.0001252,0.0,0.0,0.0,0.0,0.0,0.0,0.0
2024-10-24 00:00:00-04:00,-0.0015547999999999998,-0.0002848,-0.0009248,-0.0002848,-0.0009248,-0.0002848,-0.0016948,-0.0002848,-0.0010648,-0.0002848,-0.0010648,-0.0002848,-0.0002848,-0.0002848,-0.0002848,-0.0002848,-0.0002848,-0.0002848,0.0009251999999999999,0.0009251999999999999,0.0009251999999999999,0.0009251999999999999,0.0009851999999999999,0.0009851999999999999,0.0005851999999999999,0.0005851999999999999,0.0005851999999999999,0.0005851999999999999,0.0005851999999999999,0.0005851999999999999,-0.0009348000000000001,-0.0009348000000000001,-0.0009348000000000001,-0.0009348000000000001,-0.0009348000000000001,-0.0009348000000000001
2024-10-25 00:00:00-04:00,-0.0006148000000000001,-0.0006548000000000001,-0.0010648,-0.0010948,-0.0010648,-0.0010948,-0.0006148000000000001,-0.0006548000000000001,-0.0010648,-0.0010948,-0.0010648,-0.0010948,-0.0006148000000000001,-0.0006548000000000001,-0.0010648,-0.0011448,-0.0010648,-0.0011448,-0.0002648,-0.0002648,-0.0008648,-0.0008648,-0.0008648,-0.0008648,-0.0002648,-0.0002648,-0.0008648,-0.0008648,-0.0008648,-0.0008648,-0.0009048000000000001,-0.0009048000000000001,-0.0015048,-0.0015048,-0.0015048,-0.0015048
2024-10-28 00:00:00-04:00,3.5199999999999995e-05,3.5199999999999995e-05,3.5199999999999995e-05,3.5199999999999995e-05,3.5199999999999995e-05,3.5199999999999995e-05,3.5199999999999995e-05,3.5199999999999995e-05,3.5199999999999995e-05,3.5199999999999995e-05,3.5199999999999995e-05,3.5199999999999995e-05,-0.0001548,-0.0001548,-0.0001548,-0.0001548,-0.0001548,-0.0001548,-0.0009148,-0.0009148,-0.0009148,-0.0009148,-0.0009148,-0.0009148,-0.0009148,-0.0009148,-0.0009148,-0.0009148,-0.0009148,-0.0009148,-0.0012748,-0.0012748,-0.0012748,-0.0012748,-0.0012748,-0.0012748
2024-10-29 00:00:00-04:00,-0.0020147999999999998,0.0,-0.0010948,0.0,-0.0010948,0.0,-0.0024448,0.0,-0.0015248,0.0,-0.0015248,0.0,-0.0024448,0.0,-0.0015248,0.0,-0.0015248,0.0,0.0010352,0.0010352,-0.0016748,-0.0016748,-0.0016748,-0.0016748,-0.0030648000000000003,0.0,-0.0020948,0.0,-0.0020948,0.0,-0.0030648000000000003,0.0,-0.0022748,0.0,-0.0022748,0.0
2024-10-30 00:00:00-04:00,-1.4800000000000004e-05,-1.4800000000000004e-05,-0.0012848,-0.0012848,-0.0012848,-0.0012848,-1.4800000000000004e-05,-1.4800000000000004e-05,-0.0012848,-0.0012848,-0.0012848,-0.0012848,-0.0008348,-0.0008348,-0.0021048,-0.0021048,-0.0021048,-0.0021048,-0.0005748000000000001,-0.0005748000000000001,-0.0007848,-0.0007848,-0.0007848,-0.0007848,-0.0008348,-0.0008348,-0.0010448,-0.0010448,-0.0010448,-0.0010448,-0.0013047999999999998,-0.0013047999999999998,-0.0015148,-0.0015148,-0.0015148,-0.0015148
2024-10-31 00:00:00-04:00,0.0028651999999999996,0.0,0.0028651999999999996,0.0,0.0028651999999999996,0.0,0.0026752,0.0,0.0026752,0.0,0.0026752,0.0,0.0026752,0.0,0.0026752,0.0,0.0026752,0.0,-0.0035048,-0.0035048,-0.0018747999999999998,-0.0018747999999999998,-0.0018747999999999998,-0.0018747999999999998,-0.0035048,-0.0035048,-0.0018747999999999998,-0.0018747999999999998,-0.0018747999999999998,-0.0018747999999999998,-0.0035048,-0.0035048,-0.0018747999999999998,-0.0018747999999999998,-0.0018747999999999998,-0.0018747999999999998
2024-11-01 00:00:00-04:00,-0.0010848000000000001,-0.0010848000000000001,-0.0016347999999999998,-0.0016347999999999998,-0.0016347999999999998,-0.0016347999999999998,-0.0010848000000000001,-0.0010848000000000001,-0.0016347999999999998,-0.0016347999999999998,-0.0016347999999999998,-0.0016347999999999998,-0.0007648,0.0,-0.0021948,0.0,-0.0021948,0.0,-0.00032480000000000003,-0.00032480000000000003,-0.0013648,-0.0013648,-0.0013648,-0.0013648,-0.0011948,-0.0005448,-0.0015647999999999999,-0.0005448,-0.0015647999999999999,-0.0005448,-0.0011948,-0.0005448,-0.0015647999999999999,-0.0005448,-0.0015647999999999999,-0.0005448
2024-11-04 00:00:00-05:00,0.0011952,0.0011952,0.0011952,0.0011952,0.0011952,0.0011952,0.0011952,0.0011952,0.0011952,0.0011952,0.0011952,0.0011952,0.0005451999999999999,0.0005451999999999999,0.0005451999999999999,0.0005451999999999999,0.0005451999999999999,0.0005451999999999999,0.0015352,0.0015352,0.0015352,0.0015352,0.0012052,0.0012052,0.0005451999999999999,0.0005451999999999999,0.0005451999999999999,0.0005451999999999999,0.0031852,0.0031852,-0.0012848,-0.0012848,-0.0012848,-0.0012848,-0.0012848,-0.0012848
2024-11-05 00:00:00-05:00,-0.0011348,0.0,-0.0014148,0.0,-0.0014148,0.0,-0.0016648,0.0,-0.0019448,0.0,-0.0019448,0.0,-0.0019947999999999997,0.0,-0.0022748,0.0,-0.0022748,0.0,-0.0032548,0.0011352,-0.0012648,0.0011352,-0.0012648,0.0011352,-0.0032548,0.0011352,-0.0012648,0.0011352,-0.0012648,0.0011352,0.0004452,0.0004452,0.0004452,0.0004452,0.0004452,0.0004452
2024-11-06 00:00:00-05:00,-0.0136948,0.0123652,-0.0010648,0.0123652,-0.0010648,0.0022652,-0.014014800000000001,0.0123652,-0.0013847999999999998,0.0123652,-0.0013847999999999998,0.0027451999999999997,-0.014014800000000001,0.0123652,-0.0013847999999999998,0.0123652,-0.0013847999999999998,0.0027451999999999997,0.0101652,0.0101652,0.0101652,0.0101652,0.0037451999999999997,0.0037451999999999997,0.0101652,0.0101652,0.0101652,0.0101652,0.0037451999999999997,0.0037451999999999997,0.0101652,0.0101652,0.0101652,0.0101652,0.0037451999999999997,0.0037451999999999997
2024-11-07 00:00:00-05:00,-0.0010848000000000001,-0.0001548,-0.0011248,-0.0001548,-0.0011248,-0.0001548,-0.0010848000000000001,-0.0001548,-0.0011248,-0.0001548,-0.0011248,-0.0001548,-0.0015447999999999998,-0.0001548,-0.0015848,-0.0001548,-0.0015848,-0.0001548,0.0013952,0.0013952,0.0013952,0.0013952,0.0016652000000000001,0.0016652000000000001,0.0006751999999999999,0.0006751999999999999,0.0006751999999999999,0.0006751999999999999,0.0006751999999999999,0.0006751999999999999,-0.0001048,-0.0001048,-0.0001048,-0.0001048,-0.0001048,-0.0001048
2024-11-08 00:00:00-05:00,0.0001952,0.0001952,0.0001952,0.0001952,0.0001952,0.0001952,0.0001952,0.0001952,0.0001952,0.0001952,0.0001952,0.0001952,0.0001952,0.0001952,0.0001952,0.0001952,0.0001952,0.0001952,0.0003652,0.0003652,0.0003652,0.0003652,0.0011052,0.0011052,0.0003652,0.0003652,0.0003652,0.0003652,0.0011052,0.0011052,0.0001352,0.0001352,0.0001352,0.0001352,0.0001352,0.0001352
2024-11-11 00:00:00-05:00,-0.0002548,-0.0002548,-0.0002548,-0.0002548,-0.0002548,-0.0002548,0.0,0.0,0.0,0.0,0.0,0.0,0.0,0.0,0.0,0.0,0.0,0.0,0.00032519999999999994,0.00032519999999999994,-0.0010648,-0.0010648,-0.0010648,-0.0010648,0.00032519999999999994,0.00032519999999999994,0.00032519999999999994,0.00032519999999999994,0.00032519999999999994,0.00032519999999999994,0.0001652,0.0001652,0.0001652,0.0001652,0.0001652,0.0001652
2024-11-12 00:00:00-05:00,-0.0005348,-0.0005348,-0.0007948,-0.0007948,-0.0007948,-0.0007948,-0.0005348,-0.0005348,-0.0007948,-0.0007948,-0.0007948,-0.0007948,-0.0005348,-0.0005348,-0.0008348,-0.0008348,-0.0008348,-0.0008348,-0.0013747999999999998,-0.0013747999999999998,-0.0012947999999999998,-0.0012947999999999998,-0.0012947999999999998,-0.0012947999999999998,-0.0013747999999999998,-0.0013747999999999998,-0.0012947999999999998,-0.0012947999999999998,-0.0012947999999999998,-0.0012947999999999998,-0.00023480000000000002,0.0,-0.00023480000000000002,0.0,-0.00023480000000000002,0.0
2024-11-13 00:00:00-05:00,0.0007852,0.0,0.0007852,0.0,0.0007852,0.0,0.0005951999999999999,0.0,0.0005951999999999999,0.0,0.0005951999999999999,0.0,0.0003652,0.0,0.0003652,0.0,0.0003652,0.0,-0.0010248,-0.0010248,-0.0006548000000000001,-0.0006548000000000001,-0.0006548000000000001,-0.0006548000000000001,0.0002152,-0.0011748,-0.0008448,-0.0008048,-0.0008448,-0.0008048,-0.0011748,-0.0011748,-0.0010448,-0.0010448,-0.0010448,-0.0010448
2024-11-14 00:00:00-05:00,-0.0017548,-0.0017548,-0.0010848000000000001,-0.0010848000000000001,-0.0010848000000000001,-0.0010848000000000001,-0.0017548,-0.0017548,-0.0010848000000000001,-0.0010848000000000001,-0.0010848000000000001,-0.0010848000000000001,0.0005252,0.0,0.0005252,0.0,0.0005252,0.0,4.5199999999999994e-05,0.0,4.5199999999999994e-05,0.0,4.5199999999999994e-05,0.0,-7.48e-05,0.0,-7.48e-05,0.0,-7.48e-05,0.0,-7.48e-05,0.0,-7.48e-05,0.0,-7.48e-05,0.0
2024-11-15 00:00:00-05:00,0.0034752,0.0,0.0034752,0.0,0.0037652,0.0,0.0034752,0.0,0.0034752,0.0,0.0037652,0.0,0.0034752,0.0,0.0034752,0.0,0.0037652,0.0,0.0,0.0,0.0,0.0,0.0,0.0,0.0,0.0,0.0,0.0,0.0,0.0,0.0,0.0,0.0,0.0,0.0,0.0
2024-11-18 00:00:00-05:00,0.0017852,0.0017852,0.0017852,0.0017852,0.0017852,0.0017852,0.0016952,0.0016952,0.0016952,0.0016952,0.0016952,0.0016952,0.0009851999999999999,0.0009851999999999999,0.0009851999999999999,0.0009851999999999999,0.0009851999999999999,0.0009851999999999999,0.0003652,-0.0017347999999999999,-0.0009648,-0.0012548000000000001,-0.0009648,-0.0012548000000000001,0.0003652,-0.0017347999999999999,-0.0009648,-0.0012548000000000001,-0.0009648,-0.0012548000000000001,2.5199999999999996e-05,-0.0017347999999999999,-0.0013348,-0.0014348,-0.0013348,-0.0014348
2024-11-19 00:00:00-05:00,0.0008652,0.0008652,0.0008652,0.0008652,0.0008652,0.0008652,0.0008652,0.0008652,0.0008652,0.0008652,0.0008652,0.0008652,0.0008652,0.0008652,0.0008652,0.0008652,0.0008652,0.0008652,0.0014452,0.0014452,0.0014452,0.0014452,0.0022652,0.0022652,0.0014452,0.0014452,0.0014452,0.0014452,0.0022852000000000003,0.0022852000000000003,0.0011752,0.0011752,0.0011752,0.0011752,0.0011752,0.0011752
2024-11-20 00:00:00-05:00,0.0015852000000000002,0.0015852000000000002,0.0015852000000000002,0.0015852000000000002,0.0015852000000000002,0.0015852000000000002,0.0013452000000000002,0.0013452000000000002,0.0013452000000000002,0.0013452000000000002,0.0013452000000000002,0.0013452000000000002,0.0013452000000000002,0.0013452000000000002,0.0013452000000000002,0.0013452000000000002,0.0013452000000000002,0.0013452000000000002,-0.0012947999999999998,0.0,-0.0011948,0.0,-0.0011948,0.0,-0.0012947999999999998,0.0,-0.0011948,0.0,-0.0011948,0.0,0.0,0.0,0.0,0.0,0.0,0.0
2024-11-21 00:00:00-05:00,0.0010452,-0.0033248,-0.0017347999999999999,-0.0018348,-0.0017347999999999999,-0.0018348,-0.0033248,-0.0033248,-0.0026248,-0.0026248,-0.0026248,-0.0026248,0.0006052,0.0,0.0006052,0.0,0.0006052,0.0,-0.0016048,-0.0005948,-0.0017847999999999998,-0.0020247999999999998,-0.0017847999999999998,-0.0020247999999999998,-0.0005948,-0.0005948,-0.0022548,-0.0022548,-0.0022548,-0.0022548,-0.0005948,-0.0005948,-0.0025848000000000004,-0.0025848000000000004,-0.0025848000000000004,-0.0025848000000000004
2024-11-22 00:00:00-05:00,0.0001852,0.0001852,-0.0014448,-0.0014448,-0.0014448,-0.0014448,0.0001852,0.0001852,-0.0014448,-0.0014448,-0.0014448,-0.0014448,6.52e-05,6.52e-05,6.52e-05,6.52e-05,6.52e-05,6.52e-05,0.0004952,0.0004952,-0.0011348,-0.0011348,-0.0011348,-0.0011348,-0.00043480000000000005,-0.00043480000000000005,-0.0020648,-0.0020648,-0.0020648,-0.0020648,-0.00043480000000000005,-0.00043480000000000005,-0.0020648,-0.0020648,-0.0020648,-0.0020648
2024-11-25 00:00:00-05:00,-8.48e-05,-8.48e-05,-8.48e-05,-8.48e-05,-8.48e-05,-8.48e-05,-8.48e-05,-8.48e-05,-8.48e-05,-8.48e-05,-8.48e-05,-8.48e-05,-8.48e-05,-8.48e-05,-8.48e-05,-8.48e-05,-8.48e-05,-8.48e-05,-0.00045480000000000005,-0.00045480000000000005,-0.0005848,-0.0005848,-0.0005848,-0.0005848,-0.0005848,-0.0005848,-0.0007148,-0.0007148,-0.0007148,-0.0007148,-0.0005748000000000001,-0.0005748000000000001,-0.0005748000000000001,-0.0005748000000000001,-0.0005748000000000001,-0.0005748000000000001
2024-11-26 00:00:00-05:00,-0.0001948,0.0,-0.0001948,0.0,0.0046852,0.0,-0.0001948,0.0,-0.0001948,0.0,-0.0001948,0.0,-0.0034548,0.0,-0.0034548,0.0,-0.0034548,0.0,0.0026852,0.0026852,0.0026852,0.0026852,0.0042252,0.0042252,0.0017952,0.0017952,0.0017952,0.0017952,0.0017952,0.0017952,0.0007352,0.0007352,0.0007352,0.0007352,0.0007352,0.0007352
2024-11-27 00:00:00-05:00,-0.0008948000000000001,-0.0008948000000000001,-0.0012848,-0.0012848,-0.0012848,-0.0012848,-0.0008948000000000001,-0.0008948000000000001,-0.0012848,-0.0012848,-0.0012848,-0.0012848,-0.0008948000000000001,-0.0008948000000000001,-0.0012848,-0.0012848,-0.0012848,-0.0012848,-0.0007448,-0.0007448,-0.0005848,-0.0005848,-0.0005848,-0.0005848,-0.0007448,-0.0007448,-0.0005848,-0.0005848,-0.0005848,-0.0005848,-0.0008948000000000001,-0.0008948000000000001,-0.0007348000000000001,-0.0007348000000000001,-0.0007348000000000001,-0.0007348000000000001
2024-11-28 00:00:00-05:00,0.0009551999999999999,0.0009551999999999999,0.0009551999999999999,0.0009551999999999999,0.0009551999999999999,0.0009551999999999999,0.0009551999999999999,0.0009551999999999999,0.0009551999999999999,0.0009551999999999999,0.0009551999999999999,0.0009551999999999999,0.0009551999999999999,0.0009551999999999999,0.0009551999999999999,0.0009551999999999999,0.0009551999999999999,0.0009551999999999999,0.00043519999999999995,0.00043519999999999995,-0.0004448,-0.0004448,-0.0004448,-0.0004448,0.00033519999999999996,0.00033519999999999996,-0.0005448,-0.0005448,-0.0005448,-0.0005448,0.0002252,0.0002252,0.0002252,0.0002252,0.0002252,0.0002252
2024-11-29 00:00:00-05:00,-0.0007148,-0.00043480000000000005,-0.0011048,-0.0007148,-0.0011048,0.0012652,-0.0007148,-0.00043480000000000005,-0.0011048,-0.0007148,-0.0011048,0.0012652,-0.0007148,-0.0006348,-0.0011448,-0.0009148,-0.0011448,-0.0009148,0.0013652,0.0013652,0.0013652,0.0013652,0.0018652,0.0018652,0.0006351999999999999,0.0006351999999999999,0.0006351999999999999,0.0006351999999999999,0.0006351999999999999,0.0006351999999999999,-0.0001348,-0.0001348,-0.0001348,-0.0001348,-0.0001348,-0.0001348
2024-12-02 00:00:00-05:00,-0.0002448,0.0,-0.0002448,0.0,-0.0002448,0.0,-0.0002448,0.0,-0.0002448,0.0,-0.0002448,0.0,-0.00047480000000000005,0.0,-0.00047480000000000005,0.0,-0.00047480000000000005,0.0,-0.0005948,0.0,-0.0005948,0.0,-0.0005948,0.0,-0.0005948,0.0,-0.0005948,0.0,-0.0005948,0.0,-0.0005948,0.0,-0.0005948,0.0,-0.0005948,0.0
2024-12-03 00:00:00-05:00,0.0001252,0.0001252,-0.0008348,-0.0008348,-0.0008348,-0.0008348,-5.4800000000000004e-05,-5.4800000000000004e-05,-5.4800000000000004e-05,-5.4800000000000004e-05,-5.4800000000000004e-05,-5.4800000000000004e-05,-5.4800000000000004e-05,-5.4800000000000004e-05,-5.4800000000000004e-05,-5.4800000000000004e-05,-5.4800000000000004e-05,-5.4800000000000004e-05,0.0002652,0.0002652,0.0002652,0.0002652,0.0002652,0.0002652,9.52e-05,9.52e-05,9.52e-05,9.52e-05,9.52e-05,9.52e-05,-5.4800000000000004e-05,-5.4800000000000004e-05,-5.4800000000000004e-05,-5.4800000000000004e-05,-5.4800000000000004e-05,-5.4800000000000004e-05
2024-12-04 00:00:00-05:00,0.0009952,0.0009952,0.0009952,0.0009952,0.0013052,0.0013052,0.0009952,0.0009952,0.0009952,0.0009952,0.0013052,0.0013052,0.00039519999999999996,0.00039519999999999996,0.00039519999999999996,0.00039519999999999996,0.00039519999999999996,0.00039519999999999996,0.0005851999999999999,0.0005851999999999999,0.0005851999999999999,0.0005851999999999999,0.0009651999999999999,0.0009651999999999999,0.00045519999999999995,0.00045519999999999995,0.00045519999999999995,0.00045519999999999995,0.0012251999999999999,0.0012251999999999999,0.00045519999999999995,0.00045519999999999995,0.00045519999999999995,0.00045519999999999995,0.0012251999999999999,0.0012251999999999999
2024-12-05 00:00:00-05:00,-0.0010948,-0.0010948,-0.0007148,-0.0007148,-0.0007148,-0.0007148,0.0003052,0.0,0.0003052,0.0,0.0003052,0.0,0.0003052,0.0,0.0003052,0.0,0.0003052,0.0,-0.0007648,-0.0007648,-0.0007448,-0.0007448,-0.0007448,-0.0007448,-0.0007948,-0.0007948,-0.0007748000000000001,-0.0007748000000000001,-0.0007748000000000001,-0.0007748000000000001,0.0,0.0,0.0,0.0,0.0,0.0
2024-12-06 00:00:00-05:00,0.0007151999999999999,0.0007151999999999999,0.0007151999999999999,0.0007151999999999999,0.0007151999999999999,0.0007151999999999999,0.0007151999999999999,0.0007151999999999999,0.0007151999999999999,0.0007151999999999999,0.0007151999999999999,0.0007151999999999999,0.0005851999999999999,0.0005851999999999999,0.0005851999999999999,0.0005851999999999999,0.0005851999999999999,0.0005851999999999999,0.0004952,0.0004952,0.0004952,0.0004952,0.0009251999999999999,0.0009251999999999999,0.0003152,0.0003152,0.0003152,0.0003152,0.0003152,0.0003152,9.52e-05,9.52e-05,9.52e-05,9.52e-05,9.52e-05,9.52e-05
2024-12-09 00:00:00-05:00,0.0014552,0.0014552,0.0014552,0.0014552,0.0014552,0.0014552,0.0011252,0.0011252,0.0011252,0.0011252,0.0011252,0.0011252,0.0,0.0,0.0,0.0,0.0,0.0,0.0019352000000000002,0.0019352000000000002,0.0019352000000000002,0.0019352000000000002,0.0015052000000000002,0.0015052000000000002,0.0019352000000000002,0.0019352000000000002,0.0019352000000000002,0.0019352000000000002,0.0015052000000000002,0.0015052000000000002,0.0,0.0,0.0,0.0,0.0,0.0
2024-12-10 00:00:00-05:00,0.0001752,-0.0011048,-0.0007848,-0.0008548000000000001,-0.0007848,-0.0008548000000000001,0.0001752,-0.0011048,-0.0007848,-0.0008548000000000001,-0.0007848,-0.0008548000000000001,-0.0011048,-0.0011048,-0.0010948,-0.0010948,-0.0010948,-0.0010948,0.0005051999999999999,0.0,0.0005051999999999999,0.0,0.0005051999999999999,0.0,0.0003152,0.0,0.0003152,0.0,0.0003152,0.0,-0.0001348,0.0,-0.0001348,0.0,-0.0001348,0.0
2024-12-11 00:00:00-05:00,5.199999999999996e-06,0.0,-0.0008848,0.0,-0.0008848,0.0,-0.00043480000000000005,0.0,-0.0013248,0.0,-0.0013248,0.0,-0.00043480000000000005,0.0,-0.0013248,0.0,-0.0013248,0.0,-0.0004948,-0.0004948,-0.0005448,-0.0005448,-0.0005448,-0.0005448,-0.0006848000000000001,-0.0006848000000000001,-0.0007348000000000001,-0.0007348000000000001,-0.0007348000000000001,-0.0007348000000000001,-0.0006848000000000001,-0.0006848000000000001,-0.0007348000000000001,-0.0007348000000000001,-0.0007348000000000001,-0.0007348000000000001
2024-12-12 00:00:00-05:00,-0.00035480000000000006,0.0,-0.0008948000000000001,0.0,-0.0008948000000000001,0.0,-0.00035480000000000006,0.0,-0.0009348000000000001,0.0,-0.0009348000000000001,0.0,-0.00035480000000000006,0.0,-0.0009348000000000001,0.0,-0.0009348000000000001,0.0,-0.0001248,-0.00039480000000000006,-0.00037480000000000006,-0.00045480000000000005,-0.00037480000000000006,-0.00045480000000000005,-0.0001248,-0.00039480000000000006,-0.00037480000000000006,-0.00045480000000000005,-0.00037480000000000006,-0.00045480000000000005,-0.00039480000000000006,-0.00039480000000000006,-0.00039480000000000006,-0.00039480000000000006,-0.00039480000000000006,-0.00039480000000000006
2024-12-13 00:00:00-05:00,-0.0005348,-0.0005348,-0.0019648,-0.0019648,-0.0019648,-0.0019648,-0.0005348,-0.0005348,-0.0019648,-0.0019648,-0.0019648,-0.0019648,-0.0009748000000000001,-0.0009748000000000001,-0.0024048,-0.0024048,-0.0024048,-0.0024048,0.00039519999999999996,0.0,0.00039519999999999996,0.0,0.0009452,0.0,-0.0001748,0.0,-0.0001748,0.0,-0.0001748,0.0,-0.0005548,0.0,-0.0005548,0.0,-0.0005548,0.0
2024-12-16 00:00:00-05:00,0.00025519999999999997,0.00025519999999999997,0.00025519999999999997,0.00025519999999999997,0.00025519999999999997,0.00025519999999999997,0.00025519999999999997,0.00025519999999999997,0.00025519999999999997,0.00025519999999999997,0.00025519999999999997,0.00025519999999999997,-6.48e-05,-6.48e-05,-6.48e-05,-6.48e-05,-6.48e-05,-6.48e-05,-0.0005948,-0.00043480000000000005,-0.0008348,-0.0006348,-0.0008348,-0.0006348,-0.00043480000000000005,-0.00043480000000000005,-0.0010348,-0.0010348,-0.0010348,-0.0010348,-0.0005548,-0.0005548,-0.0005548,-0.0005548,-0.0005548,-0.0005548
2024-12-17 00:00:00-05:00,0.0016952,-0.0030148,-0.0012648,-0.0011848,-0.0012648,-0.0011848,-0.0030148,-0.0030148,-0.0015848,-0.0015848,-0.0015848,-0.0015848,-0.0030148,-0.0030148,-0.0015848,-0.0015848,-0.0015848,-0.0015848,-0.0026248,-0.0026248,-0.0010448,-0.0010448,-0.0010448,-0.0010448,-0.0028148,-0.0028148,-0.0012348,-0.0012348,-0.0012348,-0.0012348,-0.0031648,-0.0031648,-0.0015848,-0.0015848,-0.0015848,-0.0015848
2024-12-18 00:00:00-05:00,0.00035519999999999996,0.00035519999999999996,0.00035519999999999996,0.00035519999999999996,0.00035519999999999996,0.00035519999999999996,0.00035519999999999996,0.00035519999999999996,0.00035519999999999996,0.00035519999999999996,0.00035519999999999996,0.00035519999999999996,0.00035519999999999996,0.00035519999999999996,0.00035519999999999996,0.00035519999999999996,0.00035519999999999996,0.00035519999999999996,0.0009651999999999999,0.0009651999999999999,0.0009651999999999999,0.0009651999999999999,0.0015052000000000002,0.0015052000000000002,0.0006251999999999999,0.0006251999999999999,0.0006251999999999999,0.0006251999999999999,0.0006251999999999999,0.0006251999999999999,0.0001652,0.0001652,0.0001652,0.0001652,0.0001652,0.0001652
2024-12-19 00:00:00-05:00,0.00033519999999999996,0.00033519999999999996,-0.0034648,-0.0034648,-0.0034648,-0.0034648,-0.0046648,0.0,-0.0043748,0.0,-0.0043748,0.0,-0.0046648,0.0,-0.0043748,0.0,-0.0043748,0.0,-0.0014747999999999999,0.0,-0.0012748,0.0,0.0023852,0.0,-0.0029948,0.0,-0.0027948,0.0,-0.0027948,0.0,-0.0034948,0.0,-0.0032948,0.0,-0.0032948,0.0
2024-12-20 00:00:00-05:00,0.0037051999999999996,0.0,0.0037051999999999996,0.0,0.0042452,0.0,0.0037051999999999996,0.0,0.0037051999999999996,0.0,0.0042452,0.0,0.0020452,0.0,0.0020452,0.0,0.0020452,0.0,-0.0012947999999999998,0.0,-0.0019748,0.0,-0.0019748,0.0,-0.0012947999999999998,0.0,-0.0019748,0.0,-0.0019748,0.0,-0.0012947999999999998,0.0,-0.0012947999999999998,0.0,-0.0012947999999999998,0.0
2024-12-23 00:00:00-05:00,0.0009952,0.0009952,0.0009952,0.0009952,0.0009952,0.0009952,0.0009952,0.0009952,0.0009952,0.0009952,0.0009952,0.0009952,0.0009952,0.0009952,0.0009952,0.0009952,0.0009952,0.0009952,0.0019752000000000003,0.0019752000000000003,0.0019752000000000003,0.0019752000000000003,0.0019752000000000003,0.0019752000000000003,0.0018252000000000001,0.0018252000000000001,0.0018252000000000001,0.0018252000000000001,0.0018252000000000001,0.0018252000000000001,0.0004252,0.0004252,0.0004252,0.0004252,0.0004252,0.0004252
2024-12-24 00:00:00-05:00,-0.0008474,0.00027759999999999997,-0.0005324,-0.0004974000000000001,-0.0005324,-0.0004974000000000001,-0.0008474,0.0,-0.0005824000000000001,0.0,-0.0005824000000000001,0.0,-0.0012374,0.0,-0.0009724,0.0,-0.0009724,0.0,0.0005976,0.0005976,0.0005976,0.0005976,0.0008626,0.0008626,0.0005476,0.0005476,0.0005476,0.0005476,0.0009826000000000001,0.0009826000000000001,0.0004976,0.0004976,0.0004976,0.0004976,0.0004976,0.0004976
2024-12-26 00:00:00-05:00,-0.00038740000000000004,-0.00038740000000000004,-0.00038740000000000004,-0.00038740000000000004,-0.00038740000000000004,-0.00038740000000000004,-0.00038740000000000004,-0.00038740000000000004,-0.00038740000000000004,-0.00038740000000000004,-0.00038740000000000004,-0.00038740000000000004,-0.00038740000000000004,-0.00038740000000000004,-0.00038740000000000004,-0.00038740000000000004,-0.00038740000000000004,-0.00038740000000000004,0.0003326,0.0003326,0.0003326,0.0003326,0.0005926,0.0005926,0.00025259999999999996,0.00025259999999999996,0.00025259999999999996,0.00025259999999999996,0.0007526000000000001,0.0007526000000000001,0.00016759999999999998,0.00016759999999999998,0.00016759999999999998,0.00016759999999999998,0.00016759999999999998,0.00016759999999999998
2024-12-27 00:00:00-05:00,-0.0015424000000000002,-0.0015424000000000002,-0.0005924,-0.0005924,-0.0005924,-0.0005924,-0.0015424000000000002,-0.0015424000000000002,-0.0005924,-0.0005924,-0.0005924,-0.0005924,0.0008726000000000001,0.0,0.0008726000000000001,0.0,0.0008726000000000001,0.0,0.0003726,0.0,0.0003726,0.0,0.0003726,0.0,0.0003726,0.0,0.0003726,0.0,0.0003726,0.0,0.0003726,0.0,0.0003726,0.0,0.0003726,0.0
2024-12-30 00:00:00-05:00,0.0011976,0.0,0.0011976,0.0,0.0011976,0.0,0.0011976,0.0,0.0011976,0.0,0.0011976,0.0,0.0003876,0.0,0.0003876,0.0,0.0003876,0.0,0.0009126000000000001,0.0,0.0009126000000000001,0.0,0.0012925999999999999,0.0,0.0008776000000000001,0.0,0.0008776000000000001,0.0,0.0008776000000000001,0.0,0.0008776000000000001,0.0,0.0008776000000000001,0.0,0.0008776000000000001,0.0
2024-12-31 00:00:00-05:00,-0.00010740000000000001,-0.00010740000000000001,-0.00010740000000000001,-0.00010740000000000001,-0.00010740000000000001,-0.00010740000000000001,-0.00010740000000000001,-0.00010740000000000001,-0.00010740000000000001,-0.00010740000000000001,-0.00010740000000000001,-0.00010740000000000001,-0.00010740000000000001,-0.00010740000000000001,-0.00010740000000000001,-0.00010740000000000001,-0.00010740000000000001,-0.00010740000000000001,-9.74e-05,-9.74e-05,-9.74e-05,-9.74e-05,-9.74e-05,-9.74e-05,-0.0002774,-0.0002774,-0.0002774,-0.0002774,-0.0002774,-0.0002774,-0.0007924,-0.0007924,-0.0007924,-0.0007924,-0.0007924,-0.0007924
2025-01-02 00:00:00-05:00,-0.0021124,0.0006876,-0.0013724000000000002,0.0006876,-0.0013724000000000002,0.0006876,-0.0021124,0.0006876,-0.0013724000000000002,0.0006876,-0.0013724000000000002,0.0006876,-0.0026574000000000003,0.0006876,-0.0019174,0.0006876,-0.0019174,0.0006876,0.0012176,0.0012176,0.0012176,0.0012176,0.0012176,0.0012176,0.0010276,0.0010276,0.0010276,0.0010276,0.0010276,0.0010276,0.0006876,0.0006876,0.0006876,0.0006876,0.0006876,0.0006876
2025-01-03 00:00:00-05:00,-0.0017374,0.0010176,-0.0006523999999999999,0.0010176,-0.0006523999999999999,0.0011626,0.0010176,0.0010176,0.0010176,0.0010176,0.0010176,0.0010176,0.0010176,0.0010176,0.0010176,0.0010176,0.0010176,0.0010176,-0.00044740000000000003,-0.0001274,-0.0005124,-0.00044740000000000003,-0.0005124,-0.00044740000000000003,-0.0006224000000000001,-0.0001274,-0.0006873999999999999,-0.0007124,-0.0006873999999999999,-0.0007124,-0.0001274,-0.0001274,-0.0001274,-0.0001274,-0.0001274,-0.0001274
2025-01-06 00:00:00-05:00,-0.0012974,0.0002826,-0.0008424,0.0002826,-0.0008424,0.0002826,-0.0012974,0.0002826,-0.0008424,0.0002826,-0.0008424,0.0002826,-0.0014774,0.0002826,-0.0010224,0.0002826,-0.0010224,0.0002826,0.0011076,0.0011076,0.0011076,0.0011076,0.0008726000000000001,0.0008726000000000001,0.0011076,0.0011076,0.0011076,0.0011076,0.0008726000000000001,0.0008726000000000001,0.0011076,0.0011076,0.0011076,0.0011076,0.0010426,0.0010426
2025-01-07 00:00:00-05:00,0.0009176000000000001,0.0,0.0009176000000000001,0.0,0.0007826,0.0,0.0006676000000000001,0.0,0.0006676000000000001,0.0,0.0012825999999999998,0.0,0.0006676000000000001,0.0,0.0006676000000000001,0.0,0.0012825999999999998,0.0,-0.0008973999999999999,-0.0008973999999999999,-0.0005074,-0.0005074,-0.0005074,-0.0005074,-0.0008973999999999999,-0.0008973999999999999,-0.0005574,-0.0005574,-0.0005574,-0.0005574,-0.0009174,-0.0009174,-0.0005774,-0.0005774,-0.0005774,-0.0005774
2025-01-08 00:00:00-05:00,-5.74e-05,-5.74e-05,-5.74e-05,-5.74e-05,-5.74e-05,-5.74e-05,-5.74e-05,-5.74e-05,-5.74e-05,-5.74e-05,-5.74e-05,-5.74e-05,-0.0002974,-0.0002974,-0.0002974,-0.0002974,-0.0002974,-0.0002974,0.0001126,-0.0005824000000000001,-0.0003774,-0.0004424,-0.0003774,-0.0004424,-0.0005824000000000001,-0.0005824000000000001,-0.0005024000000000001,-0.0005024000000000001,-0.0005024000000000001,-0.0005024000000000001,2.2599999999999997e-05,0.0,-0.0008573999999999999,0.0,-0.0008573999999999999,0.0
2025-01-09 00:00:00-05:00,0.0011626,0.0,0.0011626,0.0,0.0011626,0.0,0.0011626,0.0,0.0011626,0.0,0.0011626,0.0,0.0011626,0.0,0.0011626,0.0,0.0011626,0.0,-0.0015174000000000001,-0.0015174000000000001,-0.00048740000000000003,-0.00048740000000000003,-0.00048740000000000003,-0.00048740000000000003,-0.0015924000000000001,-0.0015924000000000001,-0.0005624,-0.0005624,-0.0005624,-0.0005624,-0.0017524,-0.0017524,-0.0007224,-0.0007224,-0.0007224,-0.0007224
2025-01-10 00:00:00-05:00,-0.0001574,-0.0008173999999999999,-0.0009224,-0.0008673999999999999,-0.0009224,-0.0008673999999999999,-0.0006074,-0.0008173999999999999,-0.0013724000000000002,-0.0013224,-0.0013724000000000002,-0.0013224,-0.0014524000000000002,-0.0008173999999999999,-0.0022174,-0.0008173999999999999,-0.0022174,-0.0008173999999999999,0.0007326,0.0007326,0.0007326,0.0007326,0.0015225999999999998,0.0015225999999999998,0.0003426,0.0003426,0.0003426,0.0003426,0.0003426,0.0003426,0.00022759999999999998,0.00022759999999999998,0.00022759999999999998,0.00022759999999999998,0.00022759999999999998,0.00022759999999999998
2025-01-13 00:00:00-05:00,-0.0029974,-0.0029974,-0.0017824000000000002,-0.0017824000000000002,-0.0017824000000000002,-0.0017824000000000002,-0.0029974,-0.0029974,-0.0017824000000000002,-0.0017824000000000002,-0.0017824000000000002,-0.0017824000000000002,-0.0029974,-0.0029974,-0.0017824000000000002,-0.0017824000000000002,-0.0017824000000000002,-0.0017824000000000002,0.0014776,0.0,0.0014776,0.0,0.0017925999999999999,0.0,0.0013176,0.0,0.0013176,0.0,0.0013176,0.0,-0.00026240000000000004,0.0,-0.00026240000000000004,0.0,-0.00026240000000000004,0.0
2025-01-14 00:00:00-05:00,-0.0002474,-0.0002474,-0.0012124,-0.0012124,-0.0012124,-0.0012124,-0.0002474,-0.0002474,-0.0012124,-0.0012124,-0.0012124,-0.0012124,-0.0010123999999999999,0.0,-0.0010123999999999999,0.0,-0.0010123999999999999,0.0,-0.0006523999999999999,1.7599999999999998e-05,-0.0005224,-0.0005574,-0.0005224,-0.0005574,-0.0007174,1.7599999999999998e-05,-0.0005874,-0.0006224000000000001,-0.0005874,-0.0006224000000000001,-0.0010123999999999999,1.7599999999999998e-05,-0.0008824,-0.0007423999999999999,-0.0008824,-0.0007423999999999999
2025-01-15 00:00:00-05:00,0.00031259999999999995,0.0,0.00031259999999999995,0.0,0.00031259999999999995,0.0,0.00012759999999999998,0.0,0.00012759999999999998,0.0,0.00012759999999999998,0.0,-1.2400000000000002e-05,0.0,-1.2400000000000002e-05,0.0,-1.2400000000000002e-05,0.0,0.00017259999999999997,0.0,0.00017259999999999997,0.0,0.00017259999999999997,0.0,0.00017259999999999997,0.0,0.00017259999999999997,0.0,0.00017259999999999997,0.0,-1.2400000000000002e-05,0.0,-1.2400000000000002e-05,0.0,-1.2400000000000002e-05,0.0
2025-01-16 00:00:00-05:00,0.0029776,0.0029776,-0.0005974,-0.0005974,-0.0005974,-0.0005974,0.0028326,0.0028326,-0.0007423999999999999,-0.0007423999999999999,-0.0007423999999999999,-0.0007423999999999999,0.0026376,0.0026376,-0.0009373999999999999,-0.0009373999999999999,-0.0009373999999999999,-0.0009373999999999999,-0.0029674000000000002,0.0025476,-0.0003774,-0.0003774,-0.0003774,-0.0003774,0.0025476,0.0025476,-0.0004574,-0.0004574,-0.0004574,-0.0004574,-0.0032974000000000002,0.0,-0.0007574,0.0,-0.0007574,0.0
2025-01-17 00:00:00-05:00,0.0008226,0.0008226,0.0008226,0.0008226,0.0009626000000000001,0.0009626000000000001,0.0006876,0.0006876,0.0006876,0.0006876,0.0012326000000000001,0.0012326000000000001,0.0006876,0.0006876,0.0006876,0.0006876,0.0012326000000000001,0.0012326000000000001,0.0001426,0.0001426,0.0001426,0.0001426,0.0001426,0.0001426,0.0001426,0.0001426,0.0001426,0.0001426,0.0001426,0.0001426,-2.400000000000002e-06,-2.400000000000002e-06,-2.400000000000002e-06,-2.400000000000002e-06,-2.400000000000002e-06,-2.400000000000002e-06
2025-01-20 00:00:00-05:00,-0.0017624000000000001,0.0,-0.0017074000000000002,0.0,-0.0017074000000000002,0.0,-0.0017624000000000001,0.0,-0.0017074000000000002,0.0,-0.0017074000000000002,0.0,0.0,0.0,0.0,0.0,0.0,0.0,-0.0015174000000000001,0.0,-0.0006174,0.0,-0.0006174,0.0,0.0,0.0,0.0,0.0,0.0,0.0,0.0,0.0,0.0,0.0,0.0,0.0
2025-01-21 00:00:00-05:00,-0.0019624,-0.0019624,-0.0012374,-0.0012374,-0.0012374,-0.0012374,-0.0021424,-0.0021424,-0.0014174,-0.0014174,-0.0014174,-0.0014174,-0.0021424,-0.0021424,-0.0014174,-0.0014174,-0.0014174,-0.0014174,0.0009326,0.0009326,0.0009326,0.0009326,0.0009326,0.0009326,-0.0002224,-0.0002224,-0.0002224,-0.0002224,-0.0002224,-0.0002224,-0.0002224,-0.0002224,-0.0002224,-0.0002224,-0.0002224,-0.0002224
2025-01-22 00:00:00-05:00,0.00048259999999999997,0.00048259999999999997,0.00048259999999999997,0.00048259999999999997,0.00048259999999999997,0.00048259999999999997,0.00048259999999999997,0.00048259999999999997,0.00048259999999999997,0.00048259999999999997,0.00048259999999999997,0.00048259999999999997,0.00048259999999999997,0.00048259999999999997,0.00048259999999999997,0.00048259999999999997,0.00048259999999999997,0.00048259999999999997,0.0002676,0.0002676,0.0002676,0.0002676,0.0002676,0.0002676,0.0002676,0.0002676,0.0002676,0.0002676,0.0002676,0.0002676,0.0001426,0.0001426,0.0001426,0.0001426,0.0001426,0.0001426
2025-01-23 00:00:00-05:00,0.0006776000000000001,0.0,0.0006776000000000001,0.0,0.0006776000000000001,0.0,0.0006776000000000001,0.0,0.0006776000000000001,0.0,0.0006776000000000001,0.0,0.0006776000000000001,0.0,0.0006776000000000001,0.0,0.0006776000000000001,0.0,0.0005376,-0.0009674,-0.0003774,-0.0003724,-0.0003774,-0.0003724,0.0005376,-0.0009674,-0.0003774,-0.0003724,-0.0003774,-0.0003724,0.0003226,-0.0009674,-0.0005924,-0.0004774,-0.0005924,-0.0004774
2025-01-24 00:00:00-05:00,-0.0006973999999999999,-0.0006973999999999999,-0.0005074,-0.0005074,-0.0005074,-0.0005074,-0.0006973999999999999,-0.0006973999999999999,-0.0005074,-0.0005074,-0.0005074,-0.0005074,-0.0006973999999999999,-0.0006973999999999999,-0.0005074,-0.0005074,-0.0005074,-0.0005074,-0.0009124,-0.0009124,-0.0005524,-0.0005524,-0.0005524,-0.0005524,-0.0013824,-0.0013824,-0.0010224,-0.0010224,-0.0010224,-0.0010224,-0.0013824,-0.0013824,-0.0010823999999999999,-0.0010823999999999999,-0.0010823999999999999,-0.0010823999999999999
2025-01-27 00:00:00-05:00,0.0073176,0.0,0.0073176,0.0,0.0048826,0.0,0.0069176,0.0,0.0069176,0.0,0.0056826,0.0,0.0069176,0.0,0.0069176,0.0,0.0056826,0.0,0.0052726,0.0,0.0052726,0.0,0.0026625999999999998,0.0,0.0052726,0.0,0.0052726,0.0,0.0026625999999999998,0.0,0.0038426,0.0,0.0038426,0.0,0.0038426,0.0
2025-01-28 00:00:00-05:00,-0.0008324,0.0,-0.0008324,0.0,-0.0008324,0.0,-0.0020974,0.0,-0.0020974,0.0,-0.0020974,0.0,-0.0020974,0.0,-0.0020974,0.0,-0.0020974,0.0,0.0003526,0.0003526,-0.0007474,-0.0007474,-0.0007474,-0.0007474,-0.0020974,0.0,-0.0017524,0.0,-0.0017524,0.0,0.0,0.0,0.0,0.0,0.0,0.0
2025-01-29 00:00:00-05:00,0.0018826,0.0018826,0.0018826,0.0018826,0.0016925999999999998,0.0016925999999999998,0.0017426,0.0017426,0.0017426,0.0017426,0.0019725999999999997,0.0019725999999999997,0.0017426,0.0017426,0.0017426,0.0017426,0.0019725999999999997,0.0019725999999999997,0.0019475999999999999,0.0019475999999999999,0.0019475999999999999,0.0019475999999999999,0.0006726000000000001,0.0006726000000000001,0.0018826,0.0018826,0.0018826,0.0018826,0.0008026000000000001,0.0008026000000000001,0.0017426,0.0017426,0.0017426,0.0017426,0.0010826,0.0010826
2025-01-30 00:00:00-05:00,-0.0027674,0.0014525999999999999,-0.0012224,0.0014525999999999999,-0.0012224,0.0014525999999999999,0.0014525999999999999,0.0014525999999999999,0.0014525999999999999,0.0014525999999999999,0.0014525999999999999,0.0014525999999999999,0.0014525999999999999,0.0014525999999999999,0.0014525999999999999,0.0014525999999999999,0.0014525999999999999,0.0014525999999999999,0.0007776,0.0007776,0.0007776,0.0007776,0.0007776,0.0007776,0.0003326,0.0003326,0.0003326,0.0003326,0.0003326,0.0003326,-0.00017240000000000002,-0.00017240000000000002,-0.00017240000000000002,-0.00017240000000000002,-0.00017240000000000002,-0.00017240000000000002
2025-01-31 00:00:00-05:00,-0.0049848,0.0012326000000000001,-0.0024248,0.0012326000000000001,-0.0024248,0.0012326000000000001,0.0012326000000000001,0.0012326000000000001,0.0012326000000000001,0.0012326000000000001,0.0012326000000000001,0.0012326000000000001,0.0012326000000000001,0.0012326000000000001,0.0012326000000000001,0.0012326000000000001,0.0012326000000000001,0.0012326000000000001,0.0014776,0.0014776,-0.0004224,-0.0004224,-0.0004224,-0.0004224,0.0009426,0.0009426,0.0009426,0.0009426,0.0009426,0.0009426,0.0,0.0,0.0,0.0,0.0,0.0
2025-02-03 00:00:00-05:00,0.0,0.0,0.0,0.0,0.0,0.0,0.0,0.0,0.0,0.0,0.0,0.0,0.0,0.0,0.0,0.0,0.0,0.0,-0.0006248,-0.0006248,-0.0026748,-0.0026748,-0.0026748,-0.0026748,-0.0025448,0.0,-0.0037548,0.0,-0.0037548,0.0,-0.0025448,0.0,-0.0039048000000000004,0.0,-0.0039048000000000004,0.0
2025-02-04 00:00:00-05:00,0.0060552,0.0,0.0060552,0.0,0.0032451999999999997,0.0,0.0060552,0.0,0.0060552,0.0,0.0032451999999999997,0.0,0.005775199999999999,0.0,0.005775199999999999,0.0,0.0038052,0.0,0.0036552,0.0,0.0036552,0.0,0.0040051999999999996,0.0,0.0034552,0.0,0.0034552,0.0,0.0044052,0.0,0.0027752,0.0,0.0027752,0.0,0.0057652,0.0
2025-02-05 00:00:00-05:00,-0.0035648000000000003,-0.0035648000000000003,-0.0022048,-0.0022048,-0.0022048,-0.0022048,-0.0035648000000000003,-0.0035648000000000003,-0.0022048,-0.0022048,-0.0022048,-0.0022048,-0.0035648000000000003,-0.0035648000000000003,-0.0022048,-0.0022048,-0.0022048,-0.0022048,-0.0041148,-0.0041148,-0.0009048000000000001,-0.0009048000000000001,-0.0009048000000000001,-0.0009048000000000001,0.0028851999999999997,0.0,0.0028851999999999997,0.0,0.0028452,0.0,0.0018852,0.0,0.0018852,0.0,0.0018852,0.0
2025-02-06 00:00:00-05:00,0.0006552,0.0006552,0.0006552,0.0006552,0.0015852000000000002,0.0015852000000000002,0.0006152,0.0006152,0.0006152,0.0006152,0.0016652000000000001,0.0016652000000000001,-0.0001948,-0.0001948,-0.0001948,-0.0001948,-0.0001948,-0.0001948,-0.0008948000000000001,8.52e-05,-0.0007448,8.52e-05,-0.0007448,0.0012852,-0.0008948000000000001,1.5199999999999995e-05,-0.0007748000000000001,1.5199999999999995e-05,-0.0007748000000000001,0.0014252000000000002,1.5199999999999995e-05,1.5199999999999995e-05,1.5199999999999995e-05,1.5199999999999995e-05,0.0017452000000000001,0.0017452000000000001
2025-02-07 00:00:00-05:00,0.0003152,0.0003152,0.0003152,0.0003152,0.0003152,0.0003152,-0.00021480000000000002,-0.00021480000000000002,-0.00021480000000000002,-0.00021480000000000002,-0.00021480000000000002,-0.00021480000000000002,-0.00021480000000000002,-0.00021480000000000002,-0.00021480000000000002,-0.00021480000000000002,-0.00021480000000000002,-0.00021480000000000002,-0.0012748,-0.0012748,-0.0011748,-0.0011748,-0.0011748,-0.0011748,-0.0012748,-0.0012748,-0.0012248,-0.0012248,-0.0012248,-0.0012248,-4.4800000000000005e-05,0.0,-4.4800000000000005e-05,0.0,-4.4800000000000005e-05,0.0
2025-02-10 00:00:00-05:00,0.004605199999999999,0.004605199999999999,0.004605199999999999,0.004605199999999999,0.004605199999999999,0.004605199999999999,0.004605199999999999,0.004605199999999999,0.004605199999999999,0.004605199999999999,0.004605199999999999,0.004605199999999999,0.0012652,0.0012652,0.0012652,0.0012652,0.0012652,0.0012652,-0.0007748000000000001,-0.00043480000000000005,-0.0011548,-0.00043480000000000005,-0.0011548,-0.00043480000000000005,-0.0010148,-0.00043480000000000005,-0.0013947999999999999,-0.00043480000000000005,-0.0013947999999999999,-0.00043480000000000005,-0.00043480000000000005,-0.00043480000000000005,-0.00043480000000000005,-0.00043480000000000005,-0.00043480000000000005,-0.00043480000000000005
2025-02-11 00:00:00-05:00,0.0021352000000000003,0.0,0.0021352000000000003,0.0,0.0021352000000000003,0.0,0.0015452,0.0,0.0015452,0.0,0.0015452,0.0,0.0015452,0.0,0.0015452,0.0,0.0015452,0.0,0.0027952,0.0,0.0027952,0.0,0.0008052,0.0,0.0022052,0.0,0.0022052,0.0,0.0019852,0.0,0.0022052,0.0,0.0022052,0.0,0.0019852,0.0
2025-02-12 00:00:00-05:00,-0.0006148000000000001,-0.0006148000000000001,-0.0013947999999999999,-0.0013947999999999999,-0.0013947999999999999,-0.0013947999999999999,-0.0006148000000000001,-0.0006148000000000001,-0.0014747999999999999,-0.0014747999999999999,-0.0014747999999999999,-0.0014747999999999999,-0.0008848,-0.0008848,-0.0017448,-0.0017448,-0.0017448,-0.0017448,-0.0008048,-0.0008048,-0.0009948000000000001,-0.0009948000000000001,-0.0009948000000000001,-0.0009948000000000001,-0.0008048,-0.0008048,-0.0009948000000000001,-0.0009948000000000001,-0.0009948000000000001,-0.0009948000000000001,-0.00047480000000000005,0.0,-0.00047480000000000005,0.0,-0.00047480000000000005,0.0
2025-02-13 00:00:00-05:00,-0.0003048,-0.0009948000000000001,-0.0008448,-0.0012348,-0.0008448,-0.0012348,-0.0009948000000000001,-0.0009948000000000001,-0.0013947999999999999,-0.0013947999999999999,-0.0013947999999999999,-0.0013947999999999999,-0.0018947999999999999,-0.0018947999999999999,-0.0022948,-0.0022948,-0.0022948,-0.0022948,0.0011352,-0.0019848,-0.0006348,-0.0006948000000000001,-0.0006348,-0.0006948000000000001,-0.0019848,-0.0019848,-0.0009748000000000001,-0.0009748000000000001,-0.0009748000000000001,-0.0009748000000000001,0.0008851999999999999,-0.0025147999999999998,-0.0014847999999999999,-0.0015048,-0.0014847999999999999,-0.0015048
2025-02-14 00:00:00-05:00,0.0018852,0.0018852,0.0018852,0.0018852,0.0023652,0.0023652,0.0014152000000000001,0.0014152000000000001,0.0014152000000000001,0.0014152000000000001,0.0014152000000000001,0.0014152000000000001,0.0014152000000000001,0.0014152000000000001,0.0014152000000000001,0.0014152000000000001,0.0014152000000000001,0.0014152000000000001,0.0011451999999999999,0.0011451999999999999,0.0011451999999999999,0.0011451999999999999,0.0011451999999999999,0.0011451999999999999,0.0007452,0.0007452,0.0007452,0.0007452,0.0007452,0.0007452,0.0,0.0,0.0,0.0,0.0,0.0
2025-02-17 00:00:00-05:00,-0.0015048,-0.0002748,-0.0014547999999999998,-0.0002748,-0.0014547999999999998,-0.0002748,-0.0002748,-0.0002748,-0.0002748,-0.0002748,-0.0002748,-0.0002748,-0.0002748,-0.0002748,-0.0002748,-0.0002748,-0.0002748,-0.0002748,0.00032519999999999994,0.00032519999999999994,0.00032519999999999994,0.00032519999999999994,0.0012452,0.0012452,-0.0002748,-0.0002748,-0.0002748,-0.0002748,-0.0002748,-0.0002748,-0.0006448000000000001,-0.0006448000000000001,-0.0006448000000000001,-0.0006448000000000001,-0.0006448000000000001,-0.0006448000000000001
2025-02-18 00:00:00-05:00,-0.0041348,0.0029852,-0.0009848,0.0029852,-0.0009848,0.0017852,-0.0044648000000000005,0.0029852,-0.0013147999999999999,0.0029852,-0.0013147999999999999,0.0021652,0.0029852,0.0029852,0.0029852,0.0029852,0.0031052,0.0031052,0.0028052,0.0028052,0.0028052,0.0028052,0.0008252,0.0008252,0.0028052,0.0028052,0.0028052,0.0028052,0.0008252,0.0008252,0.0024852,0.0024852,0.0024852,0.0024852,0.0014652,0.0014652
2025-02-19 00:00:00-05:00,-0.00022480000000000002,-0.00022480000000000002,-0.00022480000000000002,-0.00022480000000000002,-0.00022480000000000002,-0.00022480000000000002,-0.00022480000000000002,-0.00022480000000000002,-0.00022480000000000002,-0.00022480000000000002,-0.00022480000000000002,-0.00022480000000000002,-0.00036480000000000003,-0.00036480000000000003,-0.00036480000000000003,-0.00036480000000000003,-0.00036480000000000003,-0.00036480000000000003,0.0009052,-0.0014547999999999998,-0.00036480000000000003,-0.00047480000000000005,-0.00036480000000000003,-0.00047480000000000005,0.0008851999999999999,-0.0016447999999999999,-0.0006048000000000001,-0.0007048,-0.0006048000000000001,-0.0007048,0.0007551999999999999,-0.0016447999999999999,-0.0007348000000000001,-0.0007748000000000001,-0.0007348000000000001,-0.0007748000000000001
2025-02-20 00:00:00-05:00,0.0023252,0.0,0.0023252,0.0,0.0020052,0.0,0.0023252,0.0,0.0023252,0.0,0.0020652,0.0,0.0023252,0.0,0.0023252,0.0,0.0020652,0.0,0.0012852,0.0,0.0012852,0.0,0.0012852,0.0,0.0011551999999999999,0.0,0.0011551999999999999,0.0,0.0011551999999999999,0.0,0.0,0.0,0.0,0.0,0.0,0.0
2025-02-21 00:00:00-05:00,-0.0011648000000000001,-0.0011648000000000001,-0.0016148,-0.0016148,-0.0016148,-0.0016148,-0.0011648000000000001,-0.0011648000000000001,-0.0016148,-0.0016148,-0.0016148,-0.0016148,-0.0005848,0.0,-0.0005848,0.0,-0.0005848,0.0,5.519999999999999e-05,0.0,5.519999999999999e-05,0.0,5.519999999999999e-05,0.0,-0.0002548,0.0,-0.0002548,0.0,-0.0002548,0.0,-0.0005848,0.0,-0.0005848,0.0,-0.0005848,0.0
2025-02-24 00:00:00-05:00,0.0004452,0.0004452,0.0004452,0.0004452,0.0004452,0.0004452,-0.0001348,-0.0001348,-0.0001348,-0.0001348,-0.0001348,-0.0001348,-0.0014047999999999999,-0.0014047999999999999,-0.0014047999999999999,-0.0014047999999999999,-0.0014047999999999999,-0.0014047999999999999,-0.0001348,-0.0008748,-0.0009448000000000001,-0.0008848,-0.0009448000000000001,-0.0008848,-0.00047480000000000005,-0.0008748,-0.0012848,-0.0010248,-0.0012848,-0.0010248,-0.0008748,-0.0008748,-0.0018248,-0.0018248,-0.0018248,-0.0018248
2025-02-25 00:00:00-05:00,0.0034051999999999997,0.0,0.0034051999999999997,0.0,0.0034051999999999997,0.0,0.0034051999999999997,0.0,0.0034051999999999997,0.0,0.0034051999999999997,0.0,0.0,0.0,0.0,0.0,0.0,0.0,0.0,0.0,0.0,0.0,0.0,0.0,0.0,0.0,0.0,0.0,0.0,0.0,0.0,0.0,0.0,0.0,0.0,0.0
2025-02-26 00:00:00-05:00,0.0020052,0.0020052,-0.0013248,-0.0013248,-0.0013248,-0.0013248,0.0020052,0.0020052,-0.0013248,-0.0013248,-0.0013248,-0.0013248,0.0020052,0.0020052,-0.0013248,-0.0013248,-0.0013248,-0.0013248,-0.0027748,0.0012752,-0.0010548,0.0012752,-0.0010548,0.0012752,-0.0031148,0.0012752,-0.0013947999999999999,0.0012752,-0.0013947999999999999,0.0012752,-0.0037248000000000003,0.0012752,-0.0020047999999999997,0.0012752,-0.0020047999999999997,0.0012752
2025-02-27 00:00:00-05:00,-0.0036748,0.0,-0.0028848000000000003,0.0,-0.0028848000000000003,0.0,-0.0054248000000000005,0.0,-0.0046348000000000006,0.0,-0.0046348000000000006,0.0,-0.0054248000000000005,0.0,-0.0046348000000000006,0.0,-0.0046348000000000006,0.0,0.0045052,0.0045052,0.0045052,0.0045052,0.0047852,0.0047852,0.0037852,0.0037852,0.0037852,0.0037852,0.0037852,0.0037852,0.0030451999999999996,0.0030451999999999996,0.0030451999999999996,0.0030451999999999996,0.0030451999999999996,0.0030451999999999996
2025-02-28 00:00:00-05:00,-0.0020848,-0.0020848,-0.0015447999999999998,-0.0015447999999999998,-0.0015447999999999998,-0.0015447999999999998,-0.0020848,-0.0020848,-0.0016048,-0.0016048,-0.0016048,-0.0016048,0.0002652,0.0,0.0002652,0.0,0.0036452,0.0,-0.0013947999999999999,-0.0013947999999999999,-0.0017947999999999998,-0.0017947999999999998,-0.0017947999999999998,-0.0017947999999999998,-0.0015347999999999998,0.0,-0.0015347999999999998,0.0,-0.0015347999999999998,0.0,-0.0042348,0.0,-0.0042348,0.0,-0.0042348,0.0
2025-03-03 00:00:00-05:00,-0.0002548,0.0,-0.0002548,0.0,-0.0002548,0.0,-0.0002548,0.0,-0.0002548,0.0,-0.0002548,0.0,-0.0010548,0.0,-0.0010548,0.0,-0.0010548,0.0,0.0014552,0.0014552,0.0014552,0.0014552,0.0014552,0.0014552,0.0014552,0.0014552,0.0014552,0.0014552,0.0014552,0.0014552,4.5199999999999994e-05,4.5199999999999994e-05,4.5199999999999994e-05,4.5199999999999994e-05,4.5199999999999994e-05,4.5199999999999994e-05
2025-03-04 00:00:00-05:00,-0.0018947999999999999,-0.0018947999999999999,-0.0018548,-0.0018548,-0.0018548,-0.0018548,-0.00022480000000000002,-0.0026348,-0.0027948,-0.0025948,-0.0027948,-0.0025948,-0.00022480000000000002,-0.0029348,-0.0030548000000000003,-0.0028948000000000003,-0.0030548000000000003,-0.0028948000000000003,0.0005252,-0.0036148,-0.0027348000000000003,-0.0028348,-0.0027348000000000003,-0.0028348,-0.00022480000000000002,-0.0036148,-0.0034848,-0.0033748000000000003,-0.0034848,-0.0033748000000000003,-0.0036148,-0.0036148,-0.0036148,-0.0036148,-0.0036148,-0.0036148
2025-03-05 00:00:00-05:00,-0.0018747999999999998,-0.0018747999999999998,-0.0022448,-0.0022448,-0.0022448,-0.0022448,-0.0009948000000000001,0.0,-0.0009948000000000001,0.0,-0.0009948000000000001,0.0,-0.0009948000000000001,0.0,-0.0009948000000000001,0.0,-0.0009948000000000001,0.0,-0.0015748,-0.0005148,-0.0016347999999999998,-0.0019947999999999997,-0.0016347999999999998,-0.0019947999999999997,-0.0029748,-0.0005148,-0.0030348000000000003,-0.0005148,-0.0030348000000000003,-0.0005148,-0.0037548,-0.0005148,-0.0038148,-0.0005148,-0.0038148,-0.0005148
2025-03-06 00:00:00-05:00,0.0024752000000000003,0.0024752000000000003,-0.0019148,-0.0019148,-0.0019148,-0.0019148,0.0024752000000000003,0.0024752000000000003,-0.0019148,-0.0019148,-0.0019148,-0.0019148,0.0020452,0.0020452,-0.0023447999999999997,-0.0023447999999999997,-0.0023447999999999997,-0.0023447999999999997,-0.0033548000000000002,0.0,-0.0013648,0.0,-0.0013648,0.0,-0.0033548000000000002,0.0,-0.0013648,0.0,-0.0013648,0.0,-0.0036148,0.0,-0.0016247999999999998,0.0,-0.0016247999999999998,0.0
2025-03-07 00:00:00-05:00,0.0007852,0.0007852,0.0007852,0.0007852,0.0007852,0.0007852,0.0001552,0.0001552,0.0001552,0.0001552,0.0001552,0.0001552,-0.00034480000000000003,-0.00034480000000000003,-0.00034480000000000003,-0.00034480000000000003,-0.00034480000000000003,-0.00034480000000000003,-0.0005848,-0.0005848,-0.0005848,-0.0005848,-0.0005848,-0.0005848,-0.0005848,-0.0005848,-0.0005848,-0.0005848,-0.0005848,-0.0005848,-0.0005848,-0.0005848,-0.0005848,-0.0005848,-0.0005848,-0.0005848
2025-03-10 00:00:00-04:00,-0.0039048000000000004,-0.0039048000000000004,-0.0054748,-0.0054748,-0.0054748,-0.0054748,-0.0063848,-0.0063848,-0.0079548,-0.0079548,-0.0079548,-0.0079548,-0.0063848,-0.0063848,-0.0079548,-0.0079548,-0.0079548,-0.0079548,0.0017352000000000001,0.0,0.0017352000000000001,0.0,0.0017352000000000001,0.0,0.0017352000000000001,0.0,0.0017352000000000001,0.0,0.0017352000000000001,0.0,0.0007352,0.0,0.0007352,0.0,0.0007352,0.0
2025-03-11 00:00:00-04:00,-0.0023524,-0.0023524,-0.0021074,-0.0021074,0.0041326,0.0041326,-0.0023524,-0.0023524,-0.0021074,-0.0021074,0.0041326,0.0041326,-0.0023524,-0.0023524,-0.0021074,-0.0021074,0.0041326,0.0041326,-0.0042574,-0.0042574,-0.0013624000000000002,-0.0013624000000000002,-0.0013624000000000002,-0.0013624000000000002,-0.0042574,-0.0042574,-0.0013624000000000002,-0.0013624000000000002,-0.0013624000000000002,-0.0013624000000000002,0.0025575999999999997,0.0,0.0025575999999999997,0.0,0.0025575999999999997,0.0
2025-03-12 00:00:00-04:00,-0.0009224,0.0,-0.0011424,0.0,-0.0011424,0.0,-0.0009224,0.0,-0.0011424,0.0,-0.0011424,0.0,-0.0017224,0.0,-0.0019424000000000002,0.0,-0.0019424000000000002,0.0,-0.0017224,0.0007826,-0.0008523999999999999,-0.0007323999999999999,-0.0008523999999999999,-0.0007323999999999999,0.0007826,0.0007826,0.0007826,0.0007826,0.0007826,0.0007826,0.0005226,0.0005226,0.0005226,0.0005226,0.0005226,0.0005226
2025-03-13 00:00:00-04:00,-0.0027774,0.0014575999999999999,-0.0011024,0.0014575999999999999,-0.0011024,0.0019725999999999997,-0.0033324,0.0014575999999999999,-0.0016574,0.0014575999999999999,-0.0016574,0.0014575999999999999,-0.0033324,0.0014575999999999999,-0.0016574,0.0014575999999999999,-0.0016574,0.0014575999999999999,0.0038376,0.0038376,0.0038376,0.0038376,0.0006626000000000001,0.0006626000000000001,0.0035826,0.0035826,0.0035826,0.0035826,0.0011726,0.0011726,0.0030326,0.0030326,0.0030326,0.0030326,0.0022726,0.0022726
2025-03-14 00:00:00-04:00,0.0009026,0.0,0.0009026,0.0,0.0009026,0.0,0.0009026,0.0,0.0009026,0.0,0.0009026,0.0,0.0004976,0.0,0.0004976,0.0,0.0004976,0.0,0.0004976,0.0,0.0004976,0.0,0.0004976,0.0,2.7599999999999997e-05,0.0,2.7599999999999997e-05,0.0,2.7599999999999997e-05,0.0,-0.0003374,0.0,-0.0003374,0.0,-0.0003374,0.0
2025-03-17 00:00:00-04:00,-0.0001374,-0.0001374,-0.0001374,-0.0001374,-0.0001374,-0.0001374,-0.0001374,-0.0001374,-0.0001374,-0.0001374,-0.0001374,-0.0001374,-0.0003774,-0.0003774,-0.0003774,-0.0003774,-0.0003774,-0.0003774,-0.0005474,0.0,-0.0007224,0.0,-0.0007224,0.0,-0.0005474,0.0,-0.0007974,0.0,-0.0007974,0.0,-0.0009624,0.0,-0.0012124,0.0,-0.0012124,0.0
2025-03-18 00:00:00-04:00,0.0010326,0.0010326,0.0010326,0.0010326,0.0014226,0.0014226,0.0010326,0.0010326,0.0010326,0.0010326,0.0014226,0.0014226,0.0010326,0.0010326,0.0010326,0.0010326,0.0014826,0.0014826,0.0005826,0.0005826,0.0005826,0.0005826,0.0011726,0.0011726,5.26e-05,5.26e-05,5.26e-05,5.26e-05,5.26e-05,5.26e-05,5.26e-05,5.26e-05,5.26e-05,5.26e-05,5.26e-05,5.26e-05
2025-03-19 00:00:00-04:00,-0.0014274000000000001,-0.0014274000000000001,-0.0008573999999999999,-0.0008573999999999999,-0.0008573999999999999,-0.0008573999999999999,0.0003726,0.0,0.0003726,0.0,0.0003726,0.0,0.0002226,0.0,0.0002226,0.0,0.0002226,0.0,0.0001526,0.0,0.0001526,0.0,0.0008626,0.0,-0.0007174,0.0,-0.0007174,0.0,-0.0007174,0.0,0.0,0.0,0.0,0.0,0.0,0.0
2025-03-20 00:00:00-04:00,0.0010276,0.0,0.0010276,0.0,0.0018525999999999998,0.0,0.0008376000000000001,0.0,0.0008376000000000001,0.0,0.0008376000000000001,0.0,0.0003426,0.0,0.0003426,0.0,0.0003426,0.0,8.26e-05,0.0,8.26e-05,0.0,8.26e-05,0.0,-6.24e-05,0.0,-6.24e-05,0.0,-6.24e-05,0.0,-0.00034240000000000003,0.0,-0.00034240000000000003,0.0,-0.00034240000000000003,0.0
2025-03-21 00:00:00-04:00,-0.0002474,-0.0004374,-0.0004924,-0.0006424,-0.0004924,-0.0006424,-0.00034740000000000004,-0.0004374,-0.0005924,-0.0007224,-0.0005924,-0.0007224,-0.0004374,-0.0004374,-0.0008424,-0.0008424,-0.0008424,-0.0008424,-0.0005824000000000001,-0.0003174,-0.0008424,-0.0003174,-0.0008424,-0.0003174,-0.0007423999999999999,-0.0003174,-0.0010023999999999999,-0.0003174,-0.0010023999999999999,-0.0003174,-0.0007423999999999999,-0.0003174,-0.0010023999999999999,-0.0003174,-0.0010023999999999999,-0.0003174
2025-03-24 00:00:00-04:00,0.0007326,0.0,0.0007326,0.0,0.0007326,0.0,0.0007326,0.0,0.0007326,0.0,0.0007326,0.0,0.0007326,0.0,0.0007326,0.0,0.0007326,0.0,0.00018759999999999998,-0.0009524,-0.0006973999999999999,-0.0006973999999999999,-0.0006973999999999999,-0.0006973999999999999,-0.0009524,-0.0009524,-0.0007574,-0.0007574,-0.0007574,-0.0007574,-0.0009524,-0.0009524,-0.0008074,-0.0008074,-0.0008074,-0.0008074
2025-03-25 00:00:00-04:00,-0.0003724,-0.00020240000000000001,-0.0005274,-0.00020240000000000001,-0.0005274,-0.00020240000000000001,-0.0003724,-0.00020240000000000001,-0.0005574,-0.00020240000000000001,-0.0005574,-0.00020240000000000001,-0.0003724,-0.00020240000000000001,-0.0005574,-0.00020240000000000001,-0.0005574,-0.00020240000000000001,-0.0002974,-0.00020240000000000001,-0.0004424,-0.00020240000000000001,-0.0004424,-0.00020240000000000001,-0.0002974,-0.0003574,-0.0006224000000000001,-0.0003574,-0.0006224000000000001,-0.0003574,-0.00045240000000000005,-0.0003574,-0.0007773999999999999,-0.0003574,-0.0007773999999999999,-0.0003574
2025-03-26 00:00:00-04:00,0.0006626000000000001,0.0006626000000000001,-0.0004624,-0.0004624,-0.0004624,-0.0004624,0.0006626000000000001,0.0006626000000000001,-0.0004624,-0.0004624,-0.0004624,-0.0004624,-0.0011773999999999999,0.0005826,-0.0005674,0.0005826,-0.0005674,0.0005826,-0.0011773999999999999,0.0007176000000000001,-0.0004124,0.0007176000000000001,-0.0004124,0.0005426,-0.0011773999999999999,0.0007176000000000001,-0.0004124,0.0007176000000000001,-0.0004124,0.0006125999999999999,0.0007176000000000001,0.0007176000000000001,0.0007176000000000001,0.0007176000000000001,0.0010226,0.0010226
2025-03-27 00:00:00-04:00,-0.0020224,-0.0020224,-0.0016874000000000001,-0.0016874000000000001,-0.0016874000000000001,-0.0016874000000000001,8.26e-05,0.0,8.26e-05,0.0,8.26e-05,0.0,8.26e-05,0.0,8.26e-05,0.0,8.26e-05,0.0,0.0005676,0.0,0.0005676,0.0,0.0005676,0.0,0.0003676,0.0,0.0003676,0.0,0.0003676,0.0,8.26e-05,0.0,8.26e-05,0.0,8.26e-05,0.0
2025-03-28 00:00:00-04:00,0.0009026,0.0009026,0.0009026,0.0009026,0.0009026,0.0009026,0.0009026,0.0009026,0.0009026,0.0009026,0.0009026,0.0009026,0.0009026,0.0009026,0.0009026,0.0009026,0.0009026,0.0009026,-0.0009874,0.0,-0.0008573999999999999,0.0,-0.0008573999999999999,0.0,-0.0009874,0.0,-0.0008573999999999999,0.0,-0.0008573999999999999,0.0,-0.0013474000000000001,0.0,-0.0012174,0.0,-0.0012174,0.0
2025-03-31 00:00:00-04:00,0.0003926,0.0003926,0.0003926,0.0003926,0.0003926,0.0003926,0.0003926,0.0003926,0.0003926,0.0003926,0.0003926,0.0003926,0.0003926,0.0003926,0.0003926,0.0003926,0.0003926,0.0003926,-0.0009774,-0.0009774,-0.0017974,-0.0017974,-0.0017974,-0.0017974,-0.0009624,0.0,-0.0009624,0.0,-0.0009624,0.0,-0.0009624,0.0,-0.0009624,0.0,-0.0009624,0.0
2025-04-01 00:00:00-04:00,-0.0020074,-0.0020074,-0.0016774000000000001,-0.0016774000000000001,-0.0016774000000000001,-0.0016774000000000001,-0.0021324,-0.0021324,-0.0018024,-0.0018024,-0.0018024,-0.0018024,-0.0021324,-0.0021324,-0.0018024,-0.0018024,-0.0018024,-0.0018024,-0.0020074,-0.0020074,-0.0006724,-0.0006724,-0.0006724,-0.0006724,-0.0020074,-0.0020074,-0.0007023999999999999,-0.0007023999999999999,-0.0007023999999999999,-0.0007023999999999999,0.0012576,0.0,0.0012576,0.0,0.0012576,0.0
2025-04-02 00:00:00-04:00,0.0005826,0.0005826,0.0005826,0.0005826,0.0005826,0.0005826,0.0005826,0.0005826,0.0005826,0.0005826,0.0005826,0.0005826,0.0005826,0.0005826,0.0005826,0.0005826,0.0005826,0.0005826,0.0003076,0.0003076,0.0003076,0.0003076,0.0003076,0.0003076,0.0,0.0,0.0,0.0,0.0,0.0,0.0,0.0,0.0,0.0,0.0,0.0
2025-04-03 00:00:00-04:00,-0.0035574,-0.0035574,-0.0031824,-0.0031824,-0.0031824,-0.0031824,-0.0001324,0.0,-0.0001324,0.0,-0.0001324,0.0,-0.0001324,0.0,-0.0001324,0.0,-0.0001324,0.0,0.0011076,0.0,0.0011076,0.0,0.0011076,0.0,-0.0001324,0.0,-0.0001324,0.0,-0.0001324,0.0,-0.0005474,0.0,-0.0005474,0.0,-0.0005474,0.0
2025-04-04 00:00:00-04:00,0.0006826,0.0006826,-0.0011474,-0.0011474,-0.0011474,-0.0011474,-0.0020224,-0.0011224,-0.0023274000000000003,-0.0011224,-0.0023274000000000003,-0.0011224,-0.0020224,-0.0011224,-0.0023274000000000003,-0.0011224,-0.0023274000000000003,-0.0011224,0.0008926,0.0008926,0.0008926,0.0008926,0.0024026,0.0024026,0.0008926,0.0008926,0.0008926,0.0008926,0.0024026,0.0024026,0.0005526,0.0005526,0.0005526,0.0005526,0.0030826,0.0030826
2025-04-07 00:00:00-04:00,0.0001126,0.0001126,0.0001126,0.0001126,0.0001126,0.0001126,0.0001126,0.0001126,0.0001126,0.0001126,0.0001126,0.0001126,0.0001126,0.0001126,0.0001126,0.0001126,0.0001126,0.0001126,-0.0047224,0.0,-0.0054024,0.0,-0.0054024,0.0,-0.0047224,0.0,-0.0054024,0.0,-0.0054024,0.0,-0.0047224,0.0,-0.0054024,0.0,-0.0054024,0.0
2025-04-08 00:00:00-04:00,0.0012726,0.0,0.0012726,0.0,0.0029326,0.0,0.0008776000000000001,0.0,0.0008776000000000001,0.0,0.0008776000000000001,0.0,0.0004026,0.0,0.0004026,0.0,0.0004026,0.0,-0.0020524000000000002,-0.0020524000000000002,-0.0033524,-0.0033524,-0.0033524,-0.0033524,-0.0020524000000000002,-0.0020524000000000002,-0.0035024,-0.0035024,-0.0035024,-0.0035024,-0.0020524000000000002,-0.0020524000000000002,-0.0035024,-0.0035024,-0.0035024,-0.0035024
2025-04-09 00:00:00-04:00,0.0007976000000000001,0.0007976000000000001,0.0007976000000000001,0.0007976000000000001,0.0007976000000000001,0.0007976000000000001,-0.0013174,-0.0013174,-0.0013174,-0.0013174,-0.0013174,-0.0013174,-0.0013174,-0.0013174,-0.0013174,-0.0013174,-0.0013174,-0.0013174,-0.0032374,-0.0032374,-0.0027524,-0.0027524,-0.0027524,-0.0027524,-0.0020424,-0.0048474,-0.0053474,-0.0043624,-0.0053474,-0.0043624,-0.0020424,-0.0048474,-0.0057274,-0.0043624,-0.0057274,-0.0043624
2025-04-10 00:00:00-04:00,-0.0045274,0.0018026,-0.0022424000000000003,0.0018026,-0.0022424000000000003,0.0048326,-0.0045274,0.0018026,-0.0022424000000000003,0.0018026,-0.0022424000000000003,0.0048326,0.0018026,0.0018026,0.0018026,0.0018026,0.0018026,0.0018026,0.0023376,0.0023376,0.0023376,0.0023376,0.0038225999999999998,0.0038225999999999998,0.0018026,0.0018026,0.0018026,0.0018026,0.0018026,0.0018026,-2.400000000000002e-06,-2.400000000000002e-06,-2.400000000000002e-06,-2.400000000000002e-06,-2.400000000000002e-06,-2.400000000000002e-06
2025-04-11 00:00:00-04:00,0.0021926,-0.0045974,-0.0021524,-0.0019774000000000003,-0.0021524,0.0038726,0.0021926,-0.0045974,-0.0021524,-0.0019774000000000003,-0.0021524,0.0038726,-0.0045974,-0.0045974,-0.0028924000000000003,-0.0028924000000000003,0.0057025999999999995,0.0057025999999999995,-0.0094074,-0.0094074,-0.0029924,-0.0029924,-0.0029924,-0.0029924,-0.0105474,-0.0105474,-0.0041324000000000005,-0.0041324000000000005,-0.0041324000000000005,-0.0041324000000000005,0.0063326,0.0,0.0063326,0.0,0.0063326,0.0
2025-04-14 00:00:00-04:00,-0.0025074,-0.0025074,-0.0025074,-0.0025074,-0.0025074,-0.0025074,0.0,0.0,0.0,0.0,0.0,0.0,0.0,0.0,0.0,0.0,0.0,0.0,-0.0022924,-0.0022924,-0.0014174,-0.0014174,-0.0014174,-0.0014174,-0.0022924,-0.0022924,-0.0014174,-0.0014174,-0.0014174,-0.0014174,-0.0027974000000000002,-0.0027974000000000002,-0.0019224,-0.0019224,-0.0019224,-0.0019224
2025-04-15 00:00:00-04:00,-0.0014574000000000002,-0.0014574000000000002,-0.0012473999999999999,-0.0012473999999999999,-0.0012473999999999999,-0.0012473999999999999,-0.0014874,-0.0014874,-0.0012774,-0.0012774,-0.0012774,-0.0012774,8.76e-05,0.0,8.76e-05,0.0,8.76e-05,0.0,0.0004726,0.0,0.0004726,0.0,0.0004726,0.0,-0.0003374,0.0,-0.0003374,0.0,-0.0003374,0.0,-0.0003374,0.0,-0.0003374,0.0,-0.0003374,0.0
2025-04-16 00:00:00-04:00,0.0022526,0.0022526,0.0022526,0.0022526,0.0022526,0.0022526,0.0022526,0.0022526,0.0022526,0.0022526,0.0022526,0.0022526,0.0022526,0.0022526,0.0022526,0.0022526,0.0022526,0.0022526,0.0016175999999999999,0.0016175999999999999,0.0016175999999999999,0.0016175999999999999,0.0030426,0.0030426,0.0016175999999999999,0.0016175999999999999,0.0016175999999999999,0.0016175999999999999,0.0030426,0.0030426,0.0010026,0.0010026,0.0010026,0.0010026,0.0010026,0.0010026
2025-04-17 00:00:00-04:00,-0.0035574,-0.0035574,-0.0009674,-0.0009674,-0.0009674,-0.0009674,-0.0038374,-0.0038374,-0.0012473999999999999,-0.0012473999999999999,-0.0012473999999999999,-0.0012473999999999999,-0.0038374,-0.0038374,-0.0012473999999999999,-0.0012473999999999999,-0.0012473999999999999,-0.0012473999999999999,0.0016526,0.0,0.0016526,0.0,0.0016526,0.0,0.0016526,0.0,0.0016526,0.0,0.0016526,0.0,0.0010176,0.0,0.0010176,0.0,0.0010176,0.0
2025-04-21 00:00:00-04:00,-8.74e-05,-8.74e-05,-8.74e-05,-8.74e-05,-8.74e-05,-8.74e-05,-8.74e-05,-8.74e-05,-8.74e-05,-8.74e-05,-8.74e-05,-8.74e-05,-8.74e-05,-8.74e-05,-8.74e-05,-8.74e-05,-8.74e-05,-8.74e-05,-0.0027924,0.0016376,-0.0009874,0.0016376,-0.0009874,0.0016925999999999998,0.0016376,0.0016376,0.0016376,0.0016376,0.0016376,0.0016376,0.0015475999999999999,0.0015475999999999999,0.0015475999999999999,0.0015475999999999999,0.0015475999999999999,0.0015475999999999999
2025-04-22 00:00:00-04:00,-0.0054874,-0.0054874,-0.0011824,-0.0011824,-0.0011824,-0.0011824,0.0034476,0.0,0.0034476,0.0,0.0034476,0.0,0.0034476,0.0,0.0034476,0.0,0.0034476,0.0,-0.0032224000000000003,-0.0032224000000000003,-0.0007524,-0.0007524,-0.0007524,-0.0007524,0.0020976,-0.0036724,-0.0011074,-0.0012024,-0.0011074,-0.0012024,0.0020976,-0.0036724,-0.0013224,-0.0012024,-0.0013224,-0.0012024
2025-04-23 00:00:00-04:00,-0.0009624,0.0,-0.0009624,0.0,-0.0009624,0.0,-0.0009624,0.0,-0.0009624,0.0,-0.0009624,0.0,-0.0009624,0.0,-0.0009624,0.0,-0.0009624,0.0,-0.00028740000000000005,-0.00028740000000000005,-0.00028740000000000005,-0.00028740000000000005,-0.00028740000000000005,-0.00028740000000000005,-0.0010274,-0.0010274,-0.0010274,-0.0010274,-0.0010274,-0.0010274,-0.0017674000000000001,-0.0017674000000000001,-0.0017674000000000001,-0.0017674000000000001,-0.0017674000000000001,-0.0017674000000000001
2025-04-24 00:00:00-04:00,-0.0020724000000000003,-0.0001024,-0.0020774,-0.0001024,-0.0020774,-0.0001024,-0.0020724000000000003,-0.0001524,-0.0021374000000000002,-0.0001524,-0.0021374000000000002,-0.0001524,-0.0020724000000000003,-0.0001524,-0.0021374000000000002,-0.0001524,-0.0021374000000000002,-0.0001524,0.0014226,0.0014226,0.0014226,0.0014226,0.0023926,0.0023926,0.0014226,0.0014226,0.0014226,0.0014226,0.0023926,0.0023926,0.0014226,0.0014226,0.0014226,0.0014226,0.0023926,0.0023926
2025-04-25 00:00:00-04:00,0.0005576,0.0,0.0005576,0.0,0.0005576,0.0,0.0005576,0.0,0.0005576,0.0,0.0005576,0.0,0.0005576,0.0,0.0005576,0.0,0.0005576,0.0,0.0005576,-0.0017124,-0.0008774,-0.0009574,-0.0008774,-0.0009574,0.0001176,-0.0017124,-0.0013174,-0.0013874,-0.0013174,-0.0013874,-4.74e-05,-0.0017124,-0.0014824,-0.0017274,-0.0014824,-0.0017274
2025-04-28 00:00:00-04:00,-0.0010923999999999999,-0.0010923999999999999,-0.0010923999999999999,-0.0010923999999999999,-0.0010923999999999999,-0.0010923999999999999,-0.0010923999999999999,-0.0010923999999999999,-0.0010923999999999999,-0.0010923999999999999,-0.0010923999999999999,-0.0010923999999999999,-0.0010923999999999999,-0.0010923999999999999,-0.0010923999999999999,-0.0010923999999999999,-0.0010923999999999999,-0.0010923999999999999,-0.0015324000000000002,-0.0015324000000000002,-0.0009124,-0.0009124,-0.0009124,-0.0009124,-0.0017924,-0.0017924,-0.0011723999999999999,-0.0011723999999999999,-0.0011723999999999999,-0.0011723999999999999,-0.0021674,-0.0021674,-0.0015474,-0.0015474,-0.0015474,-0.0015474
2025-04-29 00:00:00-04:00,0.0008526,0.0,0.0008526,0.0,0.0013926,0.0,0.0008526,0.0,0.0008526,0.0,0.0017226,0.0,0.0008526,0.0,0.0008526,0.0,0.0017226,0.0,-8.24e-05,0.0,-8.24e-05,0.0,-8.24e-05,0.0,-8.24e-05,0.0,-8.24e-05,0.0,-8.24e-05,0.0,-0.0008024,0.0,-0.0008024,0.0,-0.0008024,0.0
2025-04-30 00:00:00-04:00,1.2599999999999998e-05,1.2599999999999998e-05,1.2599999999999998e-05,1.2599999999999998e-05,1.2599999999999998e-05,1.2599999999999998e-05,1.2599999999999998e-05,1.2599999999999998e-05,1.2599999999999998e-05,1.2599999999999998e-05,1.2599999999999998e-05,1.2599999999999998e-05,-4.74e-05,-4.74e-05,-4.74e-05,-4.74e-05,-4.74e-05,-4.74e-05,-0.0007723999999999999,-0.0007723999999999999,-0.0007723999999999999,-0.0007723999999999999,-0.0007723999999999999,-0.0007723999999999999,-0.0007723999999999999,-0.0007723999999999999,-0.0007723999999999999,-0.0007723999999999999,-0.0007723999999999999,-0.0007723999999999999,-0.0011424,-0.0011424,-0.0011424,-0.0011424,-0.0011424,-0.0011424
2025-05-01 00:00:00-04:00,-0.0004324,0.0,-0.0004324,0.0,-0.0004324,0.0,-0.0004324,0.0,-0.0004324,0.0,-0.0004324,0.0,-0.0004324,0.0,-0.0004324,0.0,-0.0004324,0.0,-0.0004324,0.0,-0.0006224000000000001,0.0,-0.0006224000000000001,0.0,-0.0007373999999999999,0.0,-0.0007373999999999999,0.0,-0.0007373999999999999,0.0,-0.0007373999999999999,0.0,-0.0007373999999999999,0.0,-0.0007373999999999999,0.0
2025-05-02 00:00:00-04:00,0.0026126,0.0,0.0026126,0.0,0.0019825999999999997,0.0,0.0026126,0.0,0.0026126,0.0,0.0019825999999999997,0.0,0.0026126,0.0,0.0026126,0.0,0.0019825999999999997,0.0,0.0023025999999999997,0.0,0.0023025999999999997,0.0,0.0023526,0.0,0.0009476,0.0,0.0009476,0.0,0.0009476,0.0,-0.0009624,0.0,-0.0009624,0.0,-0.0009624,0.0
2025-05-05 00:00:00-04:00,0.0010576000000000001,0.0010576000000000001,0.0010576000000000001,0.0010576000000000001,0.0010576000000000001,0.0010576000000000001,0.0010576000000000001,0.0010576000000000001,0.0010576000000000001,0.0010576000000000001,0.0010576000000000001,0.0010576000000000001,0.0008976,0.0008976,0.0008976,0.0008976,0.0008976,0.0008976,-0.0008374,3.76e-05,-0.0007174,-0.0006824,-0.0007174,0.0012825999999999998,-0.0009473999999999999,3.76e-05,-0.0008273999999999999,3.76e-05,-0.0008273999999999999,3.76e-05,3.76e-05,3.76e-05,3.76e-05,3.76e-05,3.76e-05,3.76e-05
2025-05-06 00:00:00-04:00,-0.0014724,0.0006426,-0.0006274000000000001,0.0006426,-0.0006274000000000001,0.0014126,0.0006426,0.0006426,0.0006426,0.0006426,0.0006426,0.0006426,0.0006426,0.0006426,0.0006426,0.0006426,0.0006426,0.0006426,0.0006426,0.0006426,0.0006426,0.0006426,0.0014226,0.0014226,0.0003526,0.0003526,0.0003526,0.0003526,0.0003526,0.0003526,-5.74e-05,-5.74e-05,-5.74e-05,-5.74e-05,-5.74e-05,-5.74e-05
2025-05-07 00:00:00-04:00,0.0,0.0,0.0,0.0,0.0,0.0,0.0,0.0,0.0,0.0,0.0,0.0,0.0,0.0,0.0,0.0,0.0,0.0,-0.0019524000000000002,0.00033759999999999997,-0.0014874,0.00033759999999999997,-0.0014874,0.00033759999999999997,-0.0021574000000000003,0.00033759999999999997,-0.0016924000000000002,0.00033759999999999997,-0.0016924000000000002,0.00033759999999999997,0.00033759999999999997,0.00033759999999999997,0.00033759999999999997,0.00033759999999999997,0.00033759999999999997,0.00033759999999999997
2025-05-08 00:00:00-04:00,0.0039026,0.0,0.0039026,0.0,0.0015225999999999998,0.0,0.0038426,0.0,0.0038426,0.0,0.0016426,0.0,0.0036576,0.0,0.0036576,0.0,0.0020126,0.0,-0.0038924000000000003,-0.0038924000000000003,-0.0007373999999999999,-0.0007373999999999999,-0.0007373999999999999,-0.0007373999999999999,-0.0043174,-0.0043174,-0.0011623999999999998,-0.0011623999999999998,-0.0011623999999999998,-0.0011623999999999998,0.0012226000000000001,0.0,0.0012226000000000001,0.0,0.0012226000000000001,0.0
2025-05-09 00:00:00-04:00,-0.0010424,-0.0010424,-0.0008724,-0.0008724,-0.0008724,-0.0008724,-0.0010424,-0.0010424,-0.0008724,-0.0008724,-0.0008724,-0.0008724,-0.0011723999999999999,-0.0011723999999999999,-0.0010023999999999999,-0.0010023999999999999,-0.0010023999999999999,-0.0010023999999999999,-0.0019124,-0.0019124,-0.0009023999999999999,-0.0009023999999999999,-0.0009023999999999999,-0.0009023999999999999,0.0009776000000000001,0.0,0.0009776000000000001,0.0,0.0009776000000000001,0.0,0.0009776000000000001,0.0,0.0009776000000000001,0.0,0.0009776000000000001,0.0
2025-05-12 00:00:00-04:00,0.0014876,0.0,0.0014876,0.0,0.0014876,0.0,0.0014876,0.0,0.0014876,0.0,0.0014876,0.0,0.0014876,0.0,0.0014876,0.0,0.0014876,0.0,0.0013675999999999998,0.0,0.0013675999999999998,0.0,0.0013675999999999998,0.0,0.0013675999999999998,0.0,0.0013675999999999998,0.0,0.0013675999999999998,0.0,0.0009126000000000001,0.0,0.0009126000000000001,0.0,0.0009126000000000001,0.0
2025-05-13 00:00:00-04:00,0.0014475999999999998,0.0014475999999999998,-0.0008474,-0.0008474,-0.0008474,-0.0008474,0.0014475999999999998,0.0014475999999999998,-0.0008474,-0.0008474,-0.0008474,-0.0008474,0.0011676,0.0011676,0.0011676,0.0011676,0.0011676,0.0011676,0.0005826,0.0005826,0.0005826,0.0005826,0.0011926,0.0011926,0.0005826,0.0005826,0.0005826,0.0005826,0.0011926,0.0011926,0.0003026,0.0003026,0.0003026,0.0003026,0.0003026,0.0003026
2025-05-14 00:00:00-04:00,0.0014575999999999999,0.0,0.0014575999999999999,0.0,0.0011326,0.0,0.0014575999999999999,0.0,0.0014575999999999999,0.0,0.0011326,0.0,0.0014575999999999999,0.0,0.0014575999999999999,0.0,0.0011326,0.0,-0.0015624,-0.0015624,-0.0005524,-0.0005524,-0.0005524,-0.0005524,-0.0018674000000000002,-0.0018674000000000002,-0.0008573999999999999,-0.0008573999999999999,-0.0008573999999999999,-0.0008573999999999999,-0.0018674000000000002,-0.0018674000000000002,-0.0008573999999999999,-0.0008573999999999999,-0.0008573999999999999,-0.0008573999999999999
2025-05-15 00:00:00-04:00,-0.0007823999999999999,-0.0007823999999999999,-0.00045240000000000005,-0.00045240000000000005,-0.00045240000000000005,-0.00045240000000000005,-0.0007823999999999999,-0.0007823999999999999,-0.00045240000000000005,-0.00045240000000000005,-0.00045240000000000005,-0.00045240000000000005,0.00029259999999999996,-0.0009073999999999999,-0.0005324,-0.0005774,-0.0005324,-0.0005774,-0.0009073999999999999,-0.0009073999999999999,-0.00036740000000000004,-0.00036740000000000004,-0.00036740000000000004,-0.00036740000000000004,-0.0009073999999999999,-0.0009073999999999999,-0.00046740000000000003,-0.00046740000000000003,-0.00046740000000000003,-0.00046740000000000003,-0.0009824,-0.0009824,-0.0005424000000000001,-0.0005424000000000001,-0.0005424000000000001,-0.0005424000000000001
2025-05-16 00:00:00-04:00,-0.0007874,-0.0007874,-0.0005774,-0.0005774,-0.0005774,-0.0005774,-0.0007874,-0.0007874,-0.0005774,-0.0005774,-0.0005774,-0.0005774,-0.0007874,-0.0007874,-0.0005774,-0.0005774,-0.0005774,-0.0005774,0.0007426,0.0,0.0007426,0.0,0.0011326,0.0,0.0006526,0.0,0.0006526,0.0,0.0006526,0.0,-0.00026240000000000004,0.0,-0.00026240000000000004,0.0,-0.00026240000000000004,0.0
2025-05-19 00:00:00-04:00,-0.0036674,-0.0036674,-0.0016974000000000002,-0.0016974000000000002,-0.0016974000000000002,-0.0016974000000000002,-0.0036674,-0.0036674,-0.0016974000000000002,-0.0016974000000000002,-0.0016974000000000002,-0.0016974000000000002,-0.0038324,-0.0038324,-0.0018624000000000002,-0.0018624000000000002,-0.0018624000000000002,-0.0018624000000000002,0.0025376,0.0,0.0025376,0.0,0.0025376,0.0,0.0019325999999999998,0.0,0.0019325999999999998,0.0,0.0019325999999999998,0.0,0.0014525999999999999,0.0,0.0014525999999999999,0.0,0.0014525999999999999,0.0
2025-05-20 00:00:00-04:00,-0.0019574,-0.0019574,-0.00046740000000000003,-0.00046740000000000003,-0.00046740000000000003,-0.00046740000000000003,-0.0019574,-0.0019574,-0.00046740000000000003,-0.00046740000000000003,-0.00046740000000000003,-0.00046740000000000003,-0.0019574,-0.0019574,-0.0005524,-0.0005524,-0.0005524,-0.0005524,0.0020976,0.0,0.0020976,0.0,0.0013126,0.0,0.0020976,0.0,0.0020976,0.0,0.0013126,0.0,0.0013725999999999999,0.0,0.0013725999999999999,0.0,0.0013725999999999999,0.0
2025-05-21 00:00:00-04:00,-0.0024874000000000003,-0.0024874000000000003,-0.0014624,-0.0014624,-0.0014624,-0.0014624,-0.0024874000000000003,-0.0024874000000000003,-0.0015174000000000001,-0.0015174000000000001,-0.0015174000000000001,-0.0015174000000000001,-0.0024874000000000003,-0.0024874000000000003,-0.0015174000000000001,-0.0015174000000000001,-0.0015174000000000001,-0.0015174000000000001,-0.0029574000000000002,-0.0029574000000000002,-0.0007624,-0.0007624,-0.0007624,-0.0007624,0.0021076,0.0,0.0021076,0.0,0.0016626,0.0,0.0021076,0.0,0.0021076,0.0,0.0016925999999999998,0.0
2025-05-22 00:00:00-04:00,0.0001076,0.0001076,0.0001076,0.0001076,0.0001076,0.0001076,0.0001076,0.0001076,0.0001076,0.0001076,0.0001076,0.0001076,0.0001076,0.0001076,0.0001076,0.0001076,0.0001076,0.0001076,0.0001076,0.0001076,0.0001076,0.0001076,0.0001076,0.0001076,-0.0001324,-0.0001324,-0.0001324,-0.0001324,-0.0001324,-0.0001324,-0.00028240000000000003,-0.00028240000000000003,-0.00028240000000000003,-0.00028240000000000003,-0.00028240000000000003,-0.00028240000000000003
2025-05-23 00:00:00-04:00,0.0011726,0.0,0.0011726,0.0,0.0017025999999999999,0.0,0.0011076,0.0,0.0011076,0.0,0.0018326,0.0,0.0,0.0,0.0,0.0,0.0,0.0,0.0005725999999999999,-0.0014924,-0.0008024,-0.0006174,-0.0008024,-0.0006174,0.0005725999999999999,-0.0014924,-0.0008024,-0.0006174,-0.0008024,-0.0006174,0.0005725999999999999,-0.0014924,-0.0008223999999999999,-0.0006174,-0.0008223999999999999,-0.0006174
2025-05-26 00:00:00-04:00,0.0023875999999999997,0.0023875999999999997,0.0023875999999999997,0.0023875999999999997,0.0023875999999999997,0.0023875999999999997,0.0,0.0,0.0,0.0,0.0,0.0,0.0,0.0,0.0,0.0,0.0,0.0,-0.0015874,0.0007376,-0.0007723999999999999,0.0007376,-0.0007723999999999999,0.0007376,0.0007376,0.0007376,0.0007376,0.0007376,0.0007376,0.0007376,0.0007376,0.0007376,0.0007376,0.0007376,0.0007376,0.0007376
2025-05-27 00:00:00-04:00,-0.00011240000000000001,0.0,-0.00011240000000000001,0.0,-0.00011240000000000001,0.0,-0.00011240000000000001,0.0,-0.00011240000000000001,0.0,-0.00011240000000000001,0.0,-0.0007174,0.0,-0.0007174,0.0,-0.0007174,0.0,-0.0007174,1.7599999999999998e-05,-0.0006124,-0.0004574,-0.0006124,-0.0004574,1.7599999999999998e-05,1.7599999999999998e-05,-0.0007874,-0.0007874,-0.0007874,-0.0007874,-0.0008573999999999999,0.0,-0.0008523999999999999,0.0,-0.0008523999999999999,0.0
2025-05-28 00:00:00-04:00,-0.0009274,-0.0009274,-0.0005774,-0.0005774,-0.0005774,-0.0005774,-0.0009274,-0.0009274,-0.0005774,-0.0005774,-0.0005774,-0.0005774,-0.0009274,-0.0009274,-0.0006074,-0.0006074,-0.0006074,-0.0006074,-0.0007874,-0.0007874,-0.0003724,-0.0003724,-0.0003724,-0.0003724,-0.0007874,-0.0007874,-0.0003724,-0.0003724,-0.0003724,-0.0003724,-0.0007874,-0.0007874,-0.0003724,-0.0003724,-0.0003724,-0.0003724
2025-05-29 00:00:00-04:00,0.0046375999999999995,0.0046375999999999995,0.0046375999999999995,0.0046375999999999995,0.0019026,0.0019026,0.0046375999999999995,0.0046375999999999995,0.0046375999999999995,0.0046375999999999995,0.0019026,0.0019026,0.0025526,0.0025526,0.0025526,0.0025526,0.0025526,0.0025526,-0.0006774,-0.0006774,-0.0006774,-0.0006774,-0.0006774,-0.0006774,-0.0006774,-0.0006774,-0.0006774,-0.0006774,-0.0006774,-0.0006774,0.0,0.0,0.0,0.0,0.0,0.0
2025-05-30 00:00:00-04:00,0.0001652,0.0,-0.0022448,0.0,-0.0022448,0.0,0.0001652,0.0,-0.0022448,0.0,-0.0022448,0.0,-0.0002648,0.0,-0.0026748,0.0,-0.0026748,0.0,-0.0006148000000000001,-0.0006148000000000001,-0.0014847999999999999,-0.0014847999999999999,-0.0014847999999999999,-0.0014847999999999999,-0.0007648,-0.0007648,-0.0016347999999999998,-0.0016347999999999998,-0.0016347999999999998,-0.0016347999999999998,-0.0011048,-0.0008848,-0.0019148,-0.0008848,-0.0019148,-0.0008848
2025-06-02 00:00:00-04:00,0.0025252,0.0,0.0025252,0.0,0.0025252,0.0,0.0025252,0.0,0.0025252,0.0,0.0025252,0.0,0.0025252,0.0,0.0025252,0.0,0.0025252,0.0,0.0024152,0.0,0.0024152,0.0,0.0023052000000000003,0.0,0.0024152,0.0,0.0024152,0.0,0.0027852,0.0,0.0017452000000000001,0.0,0.0017452000000000001,0.0,0.0017452000000000001,0.0
2025-06-03 00:00:00-04:00,0.0024452000000000002,0.0,0.0024452000000000002,0.0,0.0017652000000000002,0.0,0.0014652,0.0,0.0014652,0.0,0.0014652,0.0,0.0014652,0.0,0.0014652,0.0,0.0014652,0.0,0.0003152,0.0,0.0003152,0.0,0.0003152,0.0,1.5199999999999995e-05,0.0,1.5199999999999995e-05,0.0,1.5199999999999995e-05,0.0,1.5199999999999995e-05,0.0,1.5199999999999995e-05,0.0,1.5199999999999995e-05,0.0
2025-06-04 00:00:00-04:00,-0.0009348000000000001,-0.0009348000000000001,-0.0013348,-0.0013348,-0.0013348,-0.0013348,-0.0010948,-0.0010948,-0.0014948,-0.0014948,-0.0014948,-0.0014948,-0.0006148000000000001,0.0,-0.0006148000000000001,0.0,-0.0006148000000000001,0.0,-2.4800000000000003e-05,0.0,-2.4800000000000003e-05,0.0,-2.4800000000000003e-05,0.0,-2.4800000000000003e-05,0.0,-2.4800000000000003e-05,0.0,-2.4800000000000003e-05,0.0,-2.4800000000000003e-05,0.0,-2.4800000000000003e-05,0.0,-2.4800000000000003e-05,0.0
2025-06-05 00:00:00-04:00,-0.0011148,-0.0011148,-0.0011148,-0.0011148,-0.0011148,-0.0011148,-0.0011148,-0.0011148,-0.0011148,-0.0011148,-0.0011148,-0.0011148,0.0,0.0,0.0,0.0,0.0,0.0,-0.0008848,-0.0008848,-0.0009348000000000001,-0.0009348000000000001,-0.0009348000000000001,-0.0009348000000000001,-0.0010648,-0.0010648,-0.0011148,-0.0011148,-0.0011148,-0.0011148,-0.00041480000000000005,0.0,-0.00041480000000000005,0.0,-0.00041480000000000005,0.0
2025-06-06 00:00:00-04:00,0.0027976,0.0027976,0.0027976,0.0027976,0.0021826,0.0021826,0.0023325999999999998,0.0023325999999999998,0.0023325999999999998,0.0023325999999999998,0.0023325999999999998,0.0023325999999999998,0.0019525999999999999,0.0019525999999999999,0.0019525999999999999,0.0019525999999999999,0.0019525999999999999,0.0019525999999999999,0.0013625999999999998,0.0013625999999999998,0.0013625999999999998,0.0013625999999999998,0.0013625999999999998,0.0013625999999999998,0.0013625999999999998,0.0013625999999999998,0.0013625999999999998,0.0013625999999999998,0.0013625999999999998,0.0013625999999999998,0.0013625999999999998,0.0013625999999999998,0.0013625999999999998,0.0013625999999999998,0.0013625999999999998,0.0013625999999999998
2025-06-09 00:00:00-04:00,-0.00032480000000000003,0.0,-0.00032480000000000003,0.0,-0.00032480000000000003,0.0,-0.0013747999999999998,0.0,-0.0013747999999999998,0.0,-0.0013747999999999998,0.0,-0.0015848,0.0,-0.0015848,0.0,-0.0015848,0.0,-0.0005748000000000001,0.0,-0.0005748000000000001,0.0,-0.0005748000000000001,0.0,-0.0007448,0.0,-0.0007448,0.0,-0.0007448,0.0,-0.0010548,0.0,-0.0010548,0.0,-0.0010548,0.0
2025-06-10 00:00:00-04:00,0.0004852,-0.0015647999999999999,-0.0009348000000000001,-0.0010248,-0.0009348000000000001,0.0018852,0.0004852,-0.0015647999999999999,-0.0009348000000000001,-0.0010248,-0.0009348000000000001,0.0018852,0.0004852,-0.0015647999999999999,-0.0009348000000000001,-0.0010248,-0.0009348000000000001,0.0018852,-0.0013747999999999998,-0.0013747999999999998,-0.0011148,-0.0011148,0.0020652,0.0020652,-0.0015647999999999999,-0.0015647999999999999,-0.0013047999999999998,-0.0013047999999999998,0.0024452000000000002,0.0024452000000000002,-0.0028548000000000002,-0.0028548000000000002,-0.0025948,-0.0025948,-0.0025948,-0.0025948
2025-06-11 00:00:00-04:00,-0.0032548,-0.0032548,-0.0016648,-0.0016648,-0.0016648,-0.0016648,-0.0032548,-0.0032548,-0.0016648,-0.0016648,-0.0016648,-0.0016648,0.0009452,0.0,-0.0025648000000000003,0.0,-0.0025648000000000003,0.0,0.0006852,0.0,0.0006852,0.0,0.0006852,0.0,0.0006852,0.0,0.0006852,0.0,0.0006852,0.0,0.0001552,0.0,0.0001552,0.0,0.0001552,0.0
2025-06-12 00:00:00-04:00,-0.0019748,-0.0019748,-0.0016648,-0.0016648,-0.0016648,-0.0016648,-0.0021348,-0.0021348,-0.0018248,-0.0018248,-0.0018248,-0.0018248,-0.0006248,0.0,-0.0006248,0.0,-0.0006248,0.0,-0.0011048,0.0,-0.0011048,0.0,-0.0011048,0.0,-0.0019048,0.0,-0.0019048,0.0,-0.0019048,0.0,-0.0026748,0.0,-0.0026748,0.0,-0.0026748,0.0
2025-06-13 00:00:00-04:00,0.0108352,0.0,0.0108352,0.0,0.0033252,0.0,0.0105052,0.0,0.0105052,0.0,0.0039851999999999995,0.0,0.0071252,0.0,0.0071252,0.0,0.0107452,0.0,-0.0011548,0.0,-0.0011548,0.0,-0.0011548,0.0,-0.0030148,0.0,-0.0030148,0.0,-0.0030148,0.0,-0.0036748,0.0,-0.0036748,0.0,-0.0036748,0.0
2025-06-16 00:00:00-04:00,0.0037051999999999996,0.0037051999999999996,0.0037051999999999996,0.0037051999999999996,0.0037051999999999996,0.0037051999999999996,0.0037051999999999996,0.0037051999999999996,0.0037051999999999996,0.0037051999999999996,0.0037051999999999996,0.0037051999999999996,0.0018552000000000002,0.0018552000000000002,0.0018552000000000002,0.0018552000000000002,0.0018552000000000002,0.0018552000000000002,-0.0030948,0.0012452,-0.0016247999999999998,-0.0012248,-0.0016247999999999998,-0.0012248,0.0012452,0.0012452,0.0012452,0.0012452,0.0012452,0.0012452,0.0012452,0.0012452,0.0012452,0.0012452,0.0012452,0.0012452
2025-06-17 00:00:00-04:00,0.0031552,0.0,0.0031552,0.0,0.0021052,0.0,0.0022652,0.0,0.0022652,0.0,0.0038851999999999997,0.0,-0.0005248000000000001,0.0,-0.0005248000000000001,0.0,-0.0005248000000000001,0.0,0.0005352,0.0005352,0.0005352,0.0005352,0.0005352,0.0005352,-0.0007948,-0.0007948,-0.0007948,-0.0007948,-0.0007948,-0.0007948,-0.0012648,-0.0012648,-0.0012648,-0.0012648,-0.0012648,-0.0012648
2025-06-18 00:00:00-04:00,-0.0045048,0.0015052000000000002,-0.0022348,0.0015052000000000002,-0.0022348,0.0015052000000000002,-0.0045048,0.0015052000000000002,-0.0022348,0.0015052000000000002,-0.0022348,0.0015052000000000002,0.0015052000000000002,0.0015052000000000002,0.0015052000000000002,0.0015052000000000002,0.0015052000000000002,0.0015052000000000002,0.0007652,0.0007652,0.0007652,0.0007652,0.0007652,0.0007652,0.0007652,0.0007652,0.0007652,0.0007652,0.0007652,0.0007652,-0.0001448,-0.0001448,-0.0001448,-0.0001448,-0.0001448,-0.0001448
2025-06-19 00:00:00-04:00,0.0022452,0.0,0.0022452,0.0,0.0048852,0.0,0.0013252000000000001,0.0,0.0013252000000000001,0.0,0.0013252000000000001,0.0,0.0013252000000000001,0.0,0.0013252000000000001,0.0,0.0013252000000000001,0.0,-4.800000000000004e-06,0.0,-4.800000000000004e-06,0.0,-4.800000000000004e-06,0.0,-0.0015447999999999998,0.0,-0.0015447999999999998,0.0,-0.0015447999999999998,0.0,-0.0015447999999999998,0.0,-0.0015447999999999998,0.0,-0.0015447999999999998,0.0
2025-06-20 00:00:00-04:00,0.0013952,0.0013952,0.0013952,0.0013952,0.0013952,0.0013952,0.0013952,0.0013952,0.0013952,0.0013952,0.0013952,0.0013952,0.0,0.0,0.0,0.0,0.0,0.0,-0.0017847999999999998,0.0,-0.0026548,0.0,-0.0026548,0.0,-0.0017847999999999998,0.0,-0.0026548,0.0,-0.0026548,0.0,-0.0017847999999999998,0.0,-0.0026548,0.0,-0.0026548,0.0
2025-06-23 00:00:00-04:00,0.0027451999999999997,0.0027451999999999997,0.0027451999999999997,0.0027451999999999997,0.0027451999999999997,0.0027451999999999997,0.0013852,0.0013852,0.0013852,0.0013852,0.0013852,0.0013852,0.0,0.0,0.0,0.0,0.0,0.0,-0.0044148,0.0020852,-0.0021148,0.0020852,-0.0021148,0.0020852,0.0020852,0.0020852,0.0020852,0.0020852,0.0020852,0.0020852,0.0020852,0.0020852,0.0020852,0.0020852,0.0020852,0.0020852
2025-06-24 00:00:00-04:00,0.0060352,0.0060352,0.0060352,0.0060352,0.0060352,0.0060352,0.0054551999999999995,0.0054551999999999995,0.0054551999999999995,0.0054551999999999995,0.0054551999999999995,0.0054551999999999995,0.0054551999999999995,0.0054551999999999995,0.0054551999999999995,0.0054551999999999995,0.0054551999999999995,0.0054551999999999995,-0.0054448000000000005,0.0043152,-0.0010048000000000001,-0.0009748000000000001,-0.0010048000000000001,-0.0009748000000000001,-0.0057048,0.0043152,-0.0012648,-0.0012048,-0.0012648,-0.0012048,0.0043152,0.0043152,0.0043152,0.0043152,0.0044452,0.0044452
2025-06-25 00:00:00-04:00,-0.0002448,-0.0002448,-0.0002448,-0.0002448,-0.0002448,-0.0002448,-0.0002448,-0.0002448,-0.0002448,-0.0002448,-0.0002448,-0.0002448,-0.0002448,-0.0002448,-0.0002448,-0.0002448,-0.0002448,-0.0002448,-0.00041480000000000005,0.0,-0.0007648,0.0,-0.0007648,0.0,-0.00041480000000000005,0.0,-0.0009948000000000001,0.0,-0.0009948000000000001,0.0,-0.0005548,0.0,-0.0011348,0.0,-0.0011348,0.0
2025-06-26 00:00:00-04:00,-0.0036448,0.0015352,-0.0018647999999999998,0.0015352,-0.0018647999999999998,0.0015352,-0.0036448,0.0015352,-0.0018647999999999998,0.0015352,-0.0018647999999999998,0.0015352,-0.0036448,0.0015352,-0.0018647999999999998,0.0015352,-0.0018647999999999998,0.0015352,0.0022052,0.0022052,0.0022052,0.0022052,0.0015052000000000002,0.0015052000000000002,0.0020452,0.0020452,0.0020452,0.0020452,0.0018252000000000001,0.0018252000000000001,0.0019352000000000002,0.0019352000000000002,0.0019352000000000002,0.0019352000000000002,0.0020452,0.0020452
2025-06-27 00:00:00-04:00,0.0013252000000000001,0.0013252000000000001,-0.0013248,-0.0013248,-0.0013248,-0.0013248,-0.0027848,0.0,-0.0018248,0.0,-0.0018248,0.0,-0.0027848,0.0,-0.0018248,0.0,-0.0018248,0.0,0.0016152,0.0016152,0.0016152,0.0016152,0.0016152,0.0016152,0.0016152,0.0016152,0.0016152,0.0016152,0.0016152,0.0016152,0.0016152,0.0016152,0.0016152,0.0016152,0.0016152,0.0016152
2025-06-30 00:00:00-04:00,0.0035751999999999997,0.0035751999999999997,0.0035751999999999997,0.0035751999999999997,0.0032451999999999997,0.0032451999999999997,0.0028252,0.0028252,0.0028252,0.0028252,0.0028252,0.0028252,0.0014352000000000002,0.0014352000000000002,0.0014352000000000002,0.0014352000000000002,0.0014352000000000002,0.0014352000000000002,0.0020952,0.0020952,0.0020952,0.0020952,0.0019052000000000001,0.0019052000000000001,0.0017052,0.0017052,0.0017052,0.0017052,0.0017052,0.0017052,0.0014352000000000002,0.0014352000000000002,0.0014352000000000002,0.0014352000000000002,0.0014352000000000002,0.0014352000000000002
2025-07-01 00:00:00-04:00,0.0005951999999999999,-0.0020748,-0.0011948,-0.0014148,-0.0011948,-0.0014148,0.0005951999999999999,-0.0020748,-0.0011948,-0.0014148,-0.0011948,-0.0014148,-0.0020748,-0.0020748,-0.0015848,-0.0015848,-0.0015848,-0.0015848,-0.0023447999999999997,-0.0023447999999999997,-0.0007148,-0.0007148,-0.0007148,-0.0007148,-0.0024947999999999997,-0.0024947999999999997,-0.0008648,-0.0008648,-0.0008648,-0.0008648,-0.0026548,-0.0026548,-0.0010248,-0.0010248,-0.0010248,-0.0010248
2025-07-02 00:00:00-04:00,0.0025052,0.0025052,-0.0011348,-0.0011348,-0.0011348,-0.0011348,0.0019852,0.0019852,-0.0016547999999999999,-0.0016547999999999999,-0.0016547999999999999,-0.0016547999999999999,0.0018852,0.0018852,-0.0017548,-0.0017548,-0.0017548,-0.0017548,-0.0027148000000000003,0.0020652,-0.0005748000000000001,0.0020652,0.0009851999999999999,0.0010252,-0.0027148000000000003,0.0019152000000000001,-0.0007148,0.0019152000000000001,-0.0007148,0.0013252000000000001,-0.0027148000000000003,0.0019152000000000001,-0.0007148,0.0019152000000000001,-0.0007148,0.0013252000000000001
2025-07-03 00:00:00-04:00,0.0004452,0.0004452,0.0004452,0.0004452,0.0004452,0.0004452,0.0004452,0.0004452,0.0004452,0.0004452,0.0004452,0.0004452,0.0004452,0.0004452,0.0004452,0.0004452,0.0004452,0.0004452,0.0007752,0.0007752,-0.0008748,-0.0008748,-0.0008748,-0.0008748,0.0007752,0.0007752,-0.0008748,-0.0008748,-0.0008748,-0.0008748,0.0007752,0.0007752,-0.0008748,-0.0008748,-0.0008748,-0.0008748
2025-07-04 00:00:00-04:00,0.0013652,0.0,0.0013652,0.0,0.0013652,0.0,0.0013652,0.0,0.0013652,0.0,0.0013652,0.0,0.0013652,0.0,0.0013652,0.0,0.0013652,0.0,-0.0020948,-0.0020948,-0.0008448,-0.0008448,-0.0008448,-0.0008448,-0.0022948,-0.0022948,-0.0010448,-0.0010448,-0.0010448,-0.0010448,-0.0022948,-0.0022948,-0.0010448,-0.0010448,-0.0010448,-0.0010448
2025-07-07 00:00:00-04:00,-0.00040480000000000003,0.0,-0.00040480000000000003,0.0,-0.00040480000000000003,0.0,-0.00040480000000000003,0.0,-0.00040480000000000003,0.0,-0.00040480000000000003,0.0,-0.00040480000000000003,0.0,-0.00040480000000000003,0.0,-0.00040480000000000003,0.0,0.0011052,0.0,0.0011052,0.0,0.0011052,0.0,0.0011052,0.0,0.0011052,0.0,0.0011052,0.0,0.0002352,0.0,0.0002352,0.0,0.0002352,0.0
2025-07-08 00:00:00-04:00,-0.0050248,0.0033651999999999996,-0.0012648,0.0033651999999999996,-0.0012648,0.0026852,0.0033651999999999996,0.0033651999999999996,0.0033651999999999996,0.0033651999999999996,0.0033651999999999996,0.0033651999999999996,0.0033651999999999996,0.0033651999999999996,0.0033651999999999996,0.0033651999999999996,0.0033651999999999996,0.0033651999999999996,0.0024952,0.0024952,0.0024952,0.0024952,0.0021052,0.0021052,0.0024452000000000002,0.0024452000000000002,0.0024452000000000002,0.0024452000000000002,0.0022052,0.0022052,0.0011252,0.0011252,0.0011252,0.0011252,0.0011252,0.0011252
2025-07-09 00:00:00-04:00,0.0001552,0.0,0.0001552,0.0,0.0016052000000000002,0.0,0.0001552,0.0,0.0001552,0.0,0.0016052000000000002,0.0,9.52e-05,0.0,9.52e-05,0.0,0.0017252,0.0,-0.0012748,0.0,-0.0012748,0.0,-0.0012748,0.0,-0.0012748,0.0,-0.0012748,0.0,-0.0012748,0.0,-0.0013348,0.0,-0.0013348,0.0,-0.0013348,0.0
2025-07-10 00:00:00-04:00,-0.0028148,-0.0028148,-0.0012048,-0.0012048,-0.0012048,-0.0012048,0.0012452,0.0,0.0012452,0.0,0.0012452,0.0,0.0012452,0.0,0.0012452,0.0,0.0012452,0.0,0.0007852,0.0,0.0007852,0.0,0.0007852,0.0,0.0005851999999999999,0.0,0.0005851999999999999,0.0,0.0005851999999999999,0.0,0.0002852,0.0,0.0002852,0.0,0.0002852,0.0
2025-07-11 00:00:00-04:00,-0.0031448,-0.0031448,-0.0012748,-0.0012748,-0.0012748,-0.0012748,-0.0032748,-0.0032748,-0.0014047999999999999,-0.0014047999999999999,-0.0014047999999999999,-0.0014047999999999999,-0.0035148,-0.0035148,-0.0016447999999999999,-0.0016447999999999999,-0.0016447999999999999,-0.0016447999999999999,8.52e-05,0.0,8.52e-05,0.0,8.52e-05,0.0,0.0,0.0,0.0,0.0,0.0,0.0,0.0,0.0,0.0,0.0,0.0,0.0
2025-07-14 00:00:00-04:00,-0.0016948,-0.0016948,-0.0016948,-0.0016948,-0.0016948,-0.0016948,-0.0016948,-0.0016948,-0.0016948,-0.0016948,-0.0016948,-0.0016948,0.0,0.0,0.0,0.0,0.0,0.0,0.0003052,-0.0015347999999999998,-0.0010848000000000001,-0.0010048000000000001,-0.0010848000000000001,-0.0010048000000000001,0.0003052,-0.0015347999999999998,-0.0011348,-0.0010048000000000001,-0.0011348,-0.0010048000000000001,0.0001852,-0.0015347999999999998,-0.0012548000000000001,-0.0012448000000000001,-0.0012548000000000001,-0.0012448000000000001
2025-07-15 00:00:00-04:00,-0.0051548,0.0026252,-0.0009348000000000001,0.0026252,-0.0009348000000000001,0.0026252,-0.005634800000000001,0.0026252,-0.0014148,0.0026252,-0.0014148,0.0026252,-0.0058348,0.0026252,-0.0016148,0.0026252,-0.0016148,0.0026252,0.0026252,0.0026252,0.0026252,0.0026252,0.0026252,0.0026252,0.0026252,0.0026252,0.0026252,0.0026252,0.0026252,0.0026252,0.0026252,0.0026252,0.0026252,0.0026252,0.0026252,0.0026252
2025-07-16 00:00:00-04:00,0.0011652,0.0,-0.0013147999999999999,0.0,-0.0013147999999999999,0.0,0.0002952,0.0,-0.0021847999999999998,0.0,-0.0021847999999999998,0.0,0.0,0.0,0.0,0.0,0.0,0.0,-0.0020548,-0.0020548,-0.0015948,-0.0015948,-0.0015948,-0.0015948,-0.0020548,-0.0020548,-0.0018147999999999999,-0.0018147999999999999,-0.0018147999999999999,-0.0018147999999999999,-0.0020548,-0.0020548,-0.0018147999999999999,-0.0018147999999999999,-0.0018147999999999999,-0.0018147999999999999
2025-07-17 00:00:00-04:00,-0.0039748000000000006,0.0,-0.0013047999999999998,0.0,-0.0013047999999999998,0.0,-0.0039748000000000006,0.0,-0.0013047999999999998,0.0,-0.0013047999999999998,0.0,-0.0043948,0.0,-0.0017247999999999999,0.0,-0.0017247999999999999,0.0,0.0033751999999999996,0.0033751999999999996,-0.0011148,-0.0011148,-0.0011148,-0.0011148,0.0031752,0.0031752,-0.0013448,-0.0013448,-0.0013448,-0.0013448,0.0031752,0.0031752,-0.0013448,-0.0013448,-0.0013448,-0.0013448
2025-07-18 00:00:00-04:00,0.0006351999999999999,0.0006351999999999999,0.0006351999999999999,0.0006351999999999999,0.0016252,0.0016252,0.0006351999999999999,0.0006351999999999999,0.0006351999999999999,0.0006351999999999999,0.0016252,0.0016252,0.0006351999999999999,0.0006351999999999999,0.0006351999999999999,0.0006351999999999999,0.0016252,0.0016252,-0.00045480000000000005,0.0,-0.0005048,0.0,-0.0005048,0.0,-0.0005748000000000001,0.0,-0.0006248,0.0,-0.0006248,0.0,-0.0009848,0.0,-0.0010348,0.0,-0.0010348,0.0
2025-07-21 00:00:00-04:00,0.0013152,0.0013152,0.0013152,0.0013152,0.0013152,0.0013152,0.0013152,0.0013152,0.0013152,0.0013152,0.0013152,0.0013152,0.0011551999999999999,0.0011551999999999999,0.0011551999999999999,0.0011551999999999999,0.0011551999999999999,0.0011551999999999999,-0.0009448000000000001,0.0001852,-0.00038480000000000003,-0.0006548000000000001,-0.00038480000000000003,-0.0006548000000000001,-0.0009948000000000001,0.0001852,-0.00043480000000000005,-0.0007148,-0.00043480000000000005,-0.0007148,0.0001852,0.0001852,-0.0009348000000000001,-0.0009348000000000001,-0.0009348000000000001,-0.0009348000000000001
2025-07-22 00:00:00-04:00,-0.0017147999999999998,-0.0017147999999999998,-0.0009448000000000001,-0.0009448000000000001,-0.0009448000000000001,-0.0009448000000000001,-0.0017147999999999998,-0.0017147999999999998,-0.0009448000000000001,-0.0009448000000000001,-0.0009448000000000001,-0.0009448000000000001,-0.0017147999999999998,-0.0017147999999999998,-0.0009448000000000001,-0.0009448000000000001,-0.0009448000000000001,-0.0009448000000000001,-0.0018548,-0.0018548,-0.0005948,-0.0005948,-0.0005948,-0.0005948,0.0011852,-0.0020147999999999998,-0.0007148,-0.0007548,-0.0007148,-0.0007548,0.0008952,-0.0020147999999999998,-0.0010048000000000001,-0.0010548,-0.0010048000000000001,-0.0010548
2025-07-23 00:00:00-04:00,-0.0034648,0.0016352,-0.0009548,0.0016352,-0.0009548,0.0016352,-0.0037948,0.0016352,-0.0012848,0.0016352,-0.0012848,0.0016352,0.0016352,0.0016352,0.0016352,0.0016352,0.0016352,0.0016352,-0.0019448,0.0,-0.0019048,0.0,-0.0019048,0.0,-0.0026448,0.0,-0.0026048,0.0,-0.0026048,0.0,0.0,0.0,0.0,0.0,0.0,0.0
2025-07-24 00:00:00-04:00,-0.0021248,-0.0021248,-0.0013047999999999998,-0.0013047999999999998,-0.0013047999999999998,-0.0013047999999999998,-0.0021248,-0.0021248,-0.0013047999999999998,-0.0013047999999999998,-0.0013047999999999998,-0.0013047999999999998,-0.0021248,-0.0021248,-0.0013047999999999998,-0.0013047999999999998,-0.0013047999999999998,-0.0013047999999999998,-0.0016748,-0.0016748,-0.0007848,-0.0007848,-0.0007848,-0.0007848,-0.0018348,-0.0018348,-0.0009448000000000001,-0.0009448000000000001,-0.0009448000000000001,-0.0009448000000000001,-0.0021248,-0.0021248,-0.0012348,-0.0012348,-0.0012348,-0.0012348
2025-07-25 00:00:00-04:00,-0.0011322,-0.0011322,-0.0011322,-0.0011322,-0.0011322,-0.0011322,-0.0018372,-0.0018372,-0.0018372,-0.0018372,-0.0018372,-0.0018372,-0.0018372,-0.0018372,-0.0018372,-0.0018372,-0.0018372,-0.0018372,-0.0019422,-0.0019422,-0.0013272,-0.0013272,-0.0013272,-0.0013272,-0.0022572,-0.0022572,-0.0016422,-0.0016422,-0.0016422,-0.0016422,-0.0022572,-0.0022572,-0.0016422,-0.0016422,-0.0016422,-0.0016422
2025-07-28 00:00:00-04:00,-0.0030822000000000002,-6.720000000000001e-05,-0.0029022,-6.720000000000001e-05,-0.0029022,-6.720000000000001e-05,-6.720000000000001e-05,-6.720000000000001e-05,-6.720000000000001e-05,-6.720000000000001e-05,-6.720000000000001e-05,-6.720000000000001e-05,-6.720000000000001e-05,-6.720000000000001e-05,-6.720000000000001e-05,-6.720000000000001e-05,-6.720000000000001e-05,-6.720000000000001e-05,0.0010578,0.0010578,0.0010578,0.0010578,0.0018978,0.0018978,0.0004128,0.0004128,0.0004128,0.0004128,0.0004128,0.0004128,0.0004128,0.0004128,0.0004128,0.0004128,0.0004128,0.0004128
2025-07-29 00:00:00-04:00,0.0010578,0.0010578,0.0010578,0.0010578,0.0010578,0.0010578,0.0006828,0.0006828,0.0006828,0.0006828,0.0006828,0.0006828,0.0006828,0.0006828,0.0006828,0.0006828,0.0006828,0.0006828,0.0006828,0.0006828,0.0006828,0.0006828,0.0006828,0.0006828,0.00027780000000000003,0.00027780000000000003,0.00027780000000000003,0.00027780000000000003,0.00027780000000000003,0.00027780000000000003,0.00027780000000000003,0.00027780000000000003,0.00027780000000000003,0.00027780000000000003,0.00027780000000000003,0.00027780000000000003
2025-07-30 00:00:00-04:00,0.0016128,0.0016128,0.0016128,0.0016128,0.0016128,0.0016128,0.0016128,0.0016128,0.0016128,0.0016128,0.0016128,0.0016128,0.0013128,0.0013128,0.0013128,0.0013128,0.0013128,0.0013128,0.0002478,0.0002478,0.0002478,0.0002478,0.0002478,0.0002478,0.0002478,0.0002478,0.0002478,0.0002478,0.0002478,0.0002478,0.0002478,0.0002478,0.0002478,0.0002478,0.0002478,0.0002478
2025-07-31 00:00:00-04:00,0.0033978,0.0033978,0.0033978,0.0033978,0.0033978,0.0033978,0.0033978,0.0033978,0.0033978,0.0033978,0.0033978,0.0033978,0.0033978,0.0033978,0.0033978,0.0033978,0.0033978,0.0033978,0.0034728,0.0034728,0.0034728,0.0034728,0.0030678,0.0030678,0.0026177999999999996,0.0026177999999999996,0.0026177999999999996,0.0026177999999999996,0.0026177999999999996,0.0026177999999999996,0.0022278,0.0022278,0.0022278,0.0022278,0.0022278,0.0022278
2025-08-01 00:00:00-04:00,0.0001878,0.0,0.0001878,0.0,0.0001878,0.0,0.0001878,0.0,0.0001878,0.0,0.0001878,0.0,0.0,0.0,0.0,0.0,0.0,0.0,7.799999999999993e-06,-0.0023022,-0.0020322,-0.0018972,-0.0020322,-0.0018972,-0.0023022,-0.0023022,-0.0023022,-0.0023022,-0.0023022,-0.0023022,-0.0023022,-0.0023022,-0.0023022,-0.0023022,-0.0023022,-0.0023022
2025-08-04 00:00:00-04:00,0.0030851999999999997,0.0030851999999999997,0.0030851999999999997,0.0030851999999999997,0.0030851999999999997,0.0030851999999999997,0.0030851999999999997,0.0030851999999999997,0.0030851999999999997,0.0030851999999999997,0.0030851999999999997,0.0030851999999999997,0.0028052,0.0028052,0.0028052,0.0028052,0.0028052,0.0028052,0.0015552,0.0015552,0.0015552,0.0015552,0.0015552,0.0015552,0.0015552,0.0015552,0.0015552,0.0015552,0.0015552,0.0015552,0.0008652,0.0008652,0.0008652,0.0008652,0.0008652,0.0008652
2025-08-05 00:00:00-04:00,-0.0024148,0.0007951999999999999,-0.0015148,-0.0012548000000000001,-0.0015148,-0.0012548000000000001,-0.0026548,0.0007951999999999999,-0.0017548,-0.0016547999999999999,-0.0017548,-0.0016547999999999999,0.0007951999999999999,0.0007951999999999999,0.0007951999999999999,0.0007951999999999999,0.0007951999999999999,0.0007951999999999999,-0.0026948000000000002,0.0019652000000000003,-0.0006548000000000001,0.0019652000000000003,-0.0006548000000000001,0.0009452,0.0019652000000000003,0.0019652000000000003,0.0019652000000000003,0.0019652000000000003,0.0016252,0.0016252,0.0,0.0,0.0,0.0,0.0,0.0
2025-08-06 00:00:00-04:00,0.0029552,0.0029552,0.0029552,0.0029552,0.0029552,0.0029552,0.0029552,0.0029552,0.0029552,0.0029552,0.0029552,0.0029552,0.0029552,0.0029552,0.0029552,0.0029552,0.0029552,0.0029552,0.0039952,0.0039952,0.0039952,0.0039952,0.0033052,0.0033052,0.0039952,0.0039952,0.0039952,0.0039952,0.0033052,0.0033052,0.0032551999999999998,0.0032551999999999998,0.0032551999999999998,0.0032551999999999998,0.0032551999999999998,0.0032551999999999998
2025-08-07 00:00:00-04:00,0.0001752,0.0001752,0.0001752,0.0001752,0.0001752,0.0001752,-0.0001448,-0.0001448,-0.0001448,-0.0001448,-0.0001448,-0.0001448,-0.0005948,-0.0005948,-0.0005948,-0.0005948,-0.0005948,-0.0005948,-2.4800000000000003e-05,-2.4800000000000003e-05,-2.4800000000000003e-05,-2.4800000000000003e-05,-2.4800000000000003e-05,-2.4800000000000003e-05,-0.0009448000000000001,-0.0009448000000000001,-0.0009448000000000001,-0.0009448000000000001,-0.0009448000000000001,-0.0009448000000000001,-0.0014248,-0.0014248,-0.0014248,-0.0014248,-0.0014248,-0.0014248
2025-08-08 00:00:00-04:00,-0.0011848,-0.0011848,-0.0019748,-0.0019748,-0.0019748,-0.0019748,-0.0015347999999999998,-0.0015347999999999998,-0.0023247999999999997,-0.0023247999999999997,-0.0023247999999999997,-0.0023247999999999997,-0.0015347999999999998,-0.0015347999999999998,-0.0023247999999999997,-0.0023247999999999997,-0.0023247999999999997,-0.0023247999999999997,-0.0011048,-0.0011048,-0.0013747999999999998,-0.0013747999999999998,-0.0013747999999999998,-0.0013747999999999998,-0.0015347999999999998,-0.0015347999999999998,-0.0018047999999999999,-0.0018047999999999999,-0.0018047999999999999,-0.0018047999999999999,0.0,0.0,0.0,0.0,0.0,0.0
2025-08-11 00:00:00-04:00,-0.0015748,-0.0004448,-0.0019648,-0.0004448,-0.0019648,-0.0004448,-0.0015748,-0.0004448,-0.0019648,-0.0004448,-0.0019648,-0.0004448,-0.0015748,-0.0004448,-0.0019648,-0.0004448,-0.0019648,-0.0004448,0.0009151999999999999,0.0009151999999999999,0.0009151999999999999,0.0009151999999999999,0.0009151999999999999,0.0009151999999999999,0.0007252,0.0007252,0.0007252,0.0007252,0.0007252,0.0007252,0.0007252,0.0007252,0.0007252,0.0007252,0.0007252,0.0007252
2025-08-12 00:00:00-04:00,-0.0011948,-0.00032480000000000003,-0.0012448000000000001,-0.0014047999999999999,-0.0012448000000000001,-0.0014047999999999999,-0.00032480000000000003,-0.00032480000000000003,-0.0016748,-0.0016748,-0.0016748,-0.0016748,-0.00032480000000000003,-0.00032480000000000003,-0.0017047999999999998,-0.0017047999999999998,-0.0017047999999999998,-0.0017047999999999998,-0.00032480000000000003,-0.00032480000000000003,-0.0011248,-0.0011248,-0.0011248,-0.0011248,-0.0007048,-0.0007048,-0.0015048,-0.0015048,-0.0015048,-0.0015048,-0.0007648,-0.0007648,-0.0015647999999999999,-0.0015647999999999999,-0.0015647999999999999,-0.0015647999999999999
2025-08-13 00:00:00-04:00,-0.0013348,8.52e-05,-0.0008548000000000001,-0.0011648000000000001,-0.0008548000000000001,-0.0011648000000000001,8.52e-05,8.52e-05,-0.0012648,-0.0012648,-0.0012648,-0.0012648,8.52e-05,8.52e-05,-0.0012648,-0.0012648,-0.0012648,-0.0012648,-0.0007948,0.0,-0.0011348,0.0,-0.0011348,0.0,-0.0007948,0.0,-0.0011348,0.0,-0.0011348,0.0,-0.0009948000000000001,0.0,-0.0013348,0.0,-0.0013348,0.0
2025-08-14 00:00:00-04:00,-0.0012548000000000001,-0.0012548000000000001,-0.0014047999999999999,-0.0014047999999999999,-0.0014047999999999999,-0.0014047999999999999,-0.0012548000000000001,-0.0012548000000000001,-0.0014047999999999999,-0.0014047999999999999,-0.0014047999999999999,-0.0014047999999999999,-0.0015148,-0.0015148,-0.0016648,-0.0016648,-0.0016648,-0.0016648,0.0007252,0.0,0.0007252,0.0,0.0007252,0.0,0.0007252,0.0,0.0007252,0.0,0.0007252,0.0,0.0002152,0.0,0.0002152,0.0,0.0002152,0.0
2025-08-15 00:00:00-04:00,0.0018652,0.0018652,0.0018652,0.0018652,0.0018652,0.0018652,0.0018652,0.0018652,0.0018652,0.0018652,0.0018652,0.0018652,0.0018652,0.0018652,0.0018652,0.0018652,0.0018652,0.0018652,0.0017852,0.0017852,0.0017852,0.0017852,0.0017852,0.0017852,0.0017852,0.0017852,0.0017852,0.0017852,0.0017852,0.0017852,0.0011752,0.0011752,0.0011752,0.0011752,0.0011752,0.0011752
2025-08-18 00:00:00-04:00,-0.0018947999999999999,-0.0018947999999999999,-0.0022948,-0.0022948,-0.0022948,-0.0022948,-0.0019947999999999997,-0.0019947999999999997,-0.0023948,-0.0023948,-0.0023948,-0.0023948,-0.0022848,-0.0022848,-0.0026848,-0.0026848,-0.0026848,-0.0026848,-0.0028048,-0.0028048,-0.0010748,-0.0010748,-0.0010748,-0.0010748,-0.0028048,-0.0028048,-0.0010748,-0.0010748,-0.0010748,-0.0010748,-0.0028048,-0.0028048,-0.0010748,-0.0010748,-0.0010748,-0.0010748
2025-08-19 00:00:00-04:00,0.0007252,0.0,0.0007252,0.0,0.0007252,0.0,0.0007252,0.0,0.0007252,0.0,0.0007252,0.0,0.0007252,0.0,0.0007252,0.0,0.0007252,0.0,0.0007252,0.0,0.0007252,0.0,0.0018252000000000001,0.0,0.0003052,0.0,0.0003052,0.0,0.0003052,0.0,-0.00038480000000000003,0.0,-0.00038480000000000003,0.0,-0.00038480000000000003,0.0
2025-08-20 00:00:00-04:00,0.0021952,0.0,0.0021952,0.0,0.0034452,0.0,0.0021952,0.0,0.0021952,0.0,0.0034452,0.0,0.0021952,0.0,0.0021952,0.0,0.0034452,0.0,0.0004952,0.0,-0.0009048000000000001,0.0,-0.0009048000000000001,0.0,0.0004952,0.0,-0.0009048000000000001,0.0,-0.0009048000000000001,0.0,0.0001952,0.0,0.0001952,0.0,0.0022452,0.0
2025-08-21 00:00:00-04:00,-0.0016347999999999998,1.5199999999999995e-05,-0.0011548,-0.0014248,-0.0011548,-0.0014248,-0.0019248,1.5199999999999995e-05,-0.0014448,-0.0016247999999999998,-0.0014448,-0.0016247999999999998,-0.0019248,1.5199999999999995e-05,-0.0014448,-0.0016748,-0.0014448,-0.0016748,-0.0023547999999999998,0.0008751999999999999,-0.0011248,0.0008751999999999999,-0.0011248,0.0008751999999999999,0.0008751999999999999,0.0008751999999999999,0.0008751999999999999,0.0008751999999999999,0.0008751999999999999,0.0008751999999999999,0.0008751999999999999,0.0008751999999999999,0.0008751999999999999,0.0008751999999999999,0.0008751999999999999,0.0008751999999999999
2025-08-22 00:00:00-04:00,-0.0044148,-0.0044148,-0.0010448,-0.0010448,-0.0010448,-0.0010448,-0.0044148,-0.0044148,-0.0010448,-0.0010448,-0.0010448,-0.0010448,0.0021652,0.0,0.0021652,0.0,0.0044252,0.0,0.0,0.0,0.0,0.0,0.0,0.0,0.0,0.0,0.0,0.0,0.0,0.0,0.0,0.0,0.0,0.0,0.0,0.0
2025-08-25 00:00:00-04:00,0.0007951999999999999,0.0,0.0007951999999999999,0.0,0.0007951999999999999,0.0,0.0007951999999999999,0.0,0.0007951999999999999,0.0,0.0007951999999999999,0.0,0.0007951999999999999,0.0,0.0007951999999999999,0.0,0.0007951999999999999,0.0,0.0018852,0.0,0.0018852,0.0,0.0018852,0.0,0.0013952,0.0,0.0013952,0.0,0.0013952,0.0,0.0010152,0.0,0.0010152,0.0,0.0010152,0.0
2025-08-26 00:00:00-04:00,-0.0025548,-0.0025548,-0.0007848,-0.0007848,-0.0007848,-0.0007848,0.0015752000000000001,0.0,0.0015752000000000001,0.0,0.0020052,0.0,0.0015752000000000001,0.0,0.0015752000000000001,0.0,0.0020052,0.0,-0.0026848,0.0,-0.0026848,0.0,-0.0026848,0.0,-0.0026848,0.0,-0.0026848,0.0,-0.0026848,0.0,0.0,0.0,0.0,0.0,0.0,0.0
2025-08-27 00:00:00-04:00,-0.0001648,-0.0010048000000000001,-0.0010348,-0.0011048,-0.0010348,-0.0011048,-0.0001648,-0.0010048000000000001,-0.0010348,-0.0011048,-0.0010348,-0.0011048,-0.0001648,-0.0010048000000000001,-0.0010348,-0.0011048,-0.0010348,-0.0011048,-8.48e-05,-0.0007648,-0.0006248,-0.0007748000000000001,-0.0006248,-0.0007748000000000001,-0.00036480000000000003,-0.0007648,-0.0009048000000000001,-0.0009348000000000001,-0.0009048000000000001,-0.0009348000000000001,-0.0007648,-0.0007648,-0.0011148,-0.0011148,-0.0011148,-0.0011148
2025-08-28 00:00:00-04:00,-0.0045148,0.0020752,-0.0022948,0.0020752,-0.0022948,0.0020752,-0.0045148,0.0020752,-0.0022948,0.0020752,-0.0022948,0.0020752,-0.0045148,0.0020752,-0.0022948,0.0020752,-0.0022948,0.0020752,-0.0045148,0.0034352,-0.0009148,0.0034352,-0.0009148,0.0018452000000000002,0.0034352,0.0034352,0.0034352,0.0034352,0.0024652000000000003,0.0024652000000000003,0.0032151999999999997,0.0032151999999999997,0.0032151999999999997,0.0032151999999999997,0.0029652,0.0029652
2025-08-29 00:00:00-04:00,0.0010952,0.0,0.0010952,0.0,0.0010952,0.0,0.0008652,0.0,0.0008652,0.0,0.0008652,0.0,0.0005551999999999999,0.0,0.0005551999999999999,0.0,0.0005551999999999999,0.0,-0.0014248,-0.0014248,-0.0005948,-0.0005948,-0.0005948,-0.0005948,0.0006652,0.0,0.0006652,0.0,0.0006652,0.0,0.0006652,0.0,0.0006652,0.0,0.0006652,0.0
2025-09-01 00:00:00-04:00,-0.0030348000000000003,-0.0030348000000000003,-0.0024248,-0.0024248,-0.0024248,-0.0024248,-0.0030348000000000003,-0.0030348000000000003,-0.0024248,-0.0024248,-0.0024248,-0.0024248,-0.0037048000000000003,-0.0037048000000000003,-0.0030948,-0.0030948,-0.0030948,-0.0030948,0.0023752,0.0,0.0023752,0.0,0.0033452,0.0,0.0023752,0.0,0.0023752,0.0,0.0035851999999999998,0.0,0.0023752,0.0,0.0023752,0.0,0.0035851999999999998,0.0
2025-09-02 00:00:00-04:00,0.0012652,0.0,0.0012652,0.0,0.0023852,0.0,0.0008851999999999999,0.0,0.0008851999999999999,0.0,0.0008851999999999999,0.0,-1.4800000000000004e-05,0.0,-1.4800000000000004e-05,0.0,-1.4800000000000004e-05,0.0,-0.0005348,-0.00041480000000000005,-0.0007248,-0.0008648,-0.0007248,-0.0008648,-0.00041480000000000005,-0.00041480000000000005,-0.0010748,-0.0010748,-0.0010748,-0.0010748,-0.0012947999999999998,-0.0012947999999999998,-0.0019548,-0.0019548,-0.0019548,-0.0019548
2025-09-03 00:00:00-04:00,0.0002252,0.0,0.0002252,0.0,0.0002252,0.0,0.0002252,0.0,0.0002252,0.0,0.0002252,0.0,-0.0006048000000000001,0.0,-0.0006048000000000001,0.0,-0.0006048000000000001,0.0,0.0002652,0.0002652,-0.0006248,-0.0006248,-0.0006248,-0.0006248,-0.0010448,0.0,-0.0007648,0.0,-0.0007648,0.0,-0.0011648000000000001,0.0,-0.0010748,0.0,-0.0010748,0.0
2025-09-04 00:00:00-04:00,-0.0007448,-0.0005848,-0.0009848,-0.0005848,-0.0009848,0.0022252,-0.0007448,-0.0005848,-0.0009848,-0.0005848,-0.0009848,0.0023052000000000003,-0.0005848,-0.0005848,-0.0005848,-0.0005848,-0.0005848,-0.0005848,-0.0018047999999999999,-0.0018047999999999999,-0.0018047999999999999,-0.0018047999999999999,-0.0018047999999999999,-0.0018047999999999999,-0.0028548000000000002,-0.0028548000000000002,-0.0028548000000000002,-0.0028548000000000002,-0.0028548000000000002,-0.0028548000000000002,-0.0028548000000000002,-0.0028548000000000002,-0.0028548000000000002,-0.0028548000000000002,-0.0028548000000000002,-0.0028548000000000002
2025-09-05 00:00:00-04:00,0.0020052,0.0020052,0.0020052,0.0020052,0.0021052,0.0021052,0.0020052,0.0020052,0.0020052,0.0020052,0.0021052,0.0021052,0.0020052,0.0020052,0.0020052,0.0020052,0.0022852000000000003,0.0022852000000000003,0.0018752,0.0018752,0.0018752,0.0018752,0.0017452000000000001,0.0017452000000000001,0.0016752000000000002,0.0016752000000000002,0.0016752000000000002,0.0016752000000000002,0.0021452000000000003,0.0021452000000000003,0.0015252000000000002,0.0015252000000000002,0.0015252000000000002,0.0015252000000000002,0.0015252000000000002,0.0015252000000000002
2025-09-08 00:00:00-04:00,0.0021552,0.0021552,0.0021552,0.0021552,0.0036852,0.0036852,0.0014052000000000001,0.0014052000000000001,0.0014052000000000001,0.0014052000000000001,0.0014052000000000001,0.0014052000000000001,1.5199999999999995e-05,1.5199999999999995e-05,1.5199999999999995e-05,1.5199999999999995e-05,1.5199999999999995e-05,1.5199999999999995e-05,0.0004252,0.0,0.0004252,0.0,0.0004252,0.0,0.0004252,0.0,0.0004252,0.0,0.0004252,0.0,0.00032519999999999994,0.0,0.00032519999999999994,0.0,0.00032519999999999994,0.0
2025-09-09 00:00:00-04:00,0.0010552,0.0010552,-0.0010048000000000001,-0.0010048000000000001,-0.0010048000000000001,-0.0010048000000000001,0.0010552,0.0010552,-0.0010048000000000001,-0.0010048000000000001,-0.0010048000000000001,-0.0010048000000000001,-0.0022048,0.0005752,-0.0013648,0.0005752,-0.0013648,0.0005752,-0.0022048,0.0007752,-0.0012848,0.0007752,-0.0012848,0.0007752,-0.0022048,0.0007752,-0.0012848,0.0007752,-0.0012848,0.0007752,-0.0022048,0.0007752,-0.0012848,0.0007752,-0.0012848,0.0007752
2025-09-10 00:00:00-04:00,-0.0022348,0.0011352,-0.0009548,0.0011352,-0.0009548,0.0011352,-0.0022348,0.0011352,-0.0009548,0.0011352,-0.0009548,0.0011352,-0.0022348,0.0011352,-0.0009548,0.0011352,-0.0009548,0.0011352,0.0017852,0.0017852,-0.0007248,-0.0007248,-0.0007248,-0.0007248,-0.0025548,0.0015552,-0.0007648,0.0015552,-0.0007648,0.0015552,-0.0025548,0.0015552,-0.0007648,0.0015552,-0.0007648,0.0015552
2025-09-11 00:00:00-04:00,0.0011952,0.0011952,0.0011952,0.0011952,0.0011952,0.0011952,0.0011952,0.0011952,0.0011952,0.0011952,0.0011952,0.0011952,0.0002752,0.0002752,0.0002752,0.0002752,0.0002752,0.0002752,-0.0016848,0.00032519999999999994,-0.0012048,-0.0011048,-0.0012048,-0.0011048,0.00032519999999999994,0.00032519999999999994,0.00032519999999999994,0.00032519999999999994,0.00032519999999999994,0.00032519999999999994,0.0001252,0.0001252,0.0001252,0.0001252,0.0001252,0.0001252
2025-09-12 00:00:00-04:00,-0.0005948,0.0,-0.0008348,0.0,-0.0008348,0.0,-0.0008848,0.0,-0.0011248,0.0,-0.0011248,0.0,-0.0010848000000000001,0.0,-0.0013248,0.0,-0.0013248,0.0,-0.0007648,-2.4800000000000003e-05,-0.0006448000000000001,-0.0007248,-0.0006448000000000001,-0.0007248,-0.0007648,-8.48e-05,-0.0007748000000000001,-0.0007848,-0.0007748000000000001,-0.0007848,-0.0007648,-8.48e-05,-0.0007748000000000001,-0.0007848,-0.0007748000000000001,-0.0007848
2025-09-15 00:00:00-04:00,0.0008652,0.0008652,-0.0010448,-0.0010448,-0.0010448,-0.0010448,-0.0020848,0.0006351999999999999,-0.0013947999999999999,0.0006351999999999999,-0.0013947999999999999,0.0006351999999999999,-0.0020848,0.0006351999999999999,-0.0013947999999999999,0.0006351999999999999,-0.0013947999999999999,0.0006351999999999999,-0.0020848,0.0011852,-0.0008248,0.0011852,-0.0008248,0.0012251999999999999,0.0011852,0.0011852,0.0011852,0.0011852,0.0011852,0.0011852,0.0011852,0.0011852,0.0011852,0.0011852,0.0011852,0.0011852
2025-09-16 00:00:00-04:00,0.0018352000000000002,0.0018352000000000002,-0.0006148000000000001,-0.0006148000000000001,-0.0006148000000000001,-0.0006148000000000001,0.0018352000000000002,0.0018352000000000002,-0.0006148000000000001,-0.0006148000000000001,-0.0006148000000000001,-0.0006148000000000001,0.0018352000000000002,0.0018352000000000002,-0.0006448000000000001,-0.0006448000000000001,-0.0006448000000000001,-0.0006448000000000001,-0.0021148,0.0014552,-0.0004848,0.0014552,-0.0004848,0.0008851999999999999,0.0014552,0.0014552,0.0014552,0.0014552,0.0012251999999999999,0.0012251999999999999,0.0014552,0.0014552,0.0014552,0.0014552,0.0018852,0.0018852
2025-09-17 00:00:00-04:00,-0.0006148000000000001,-0.0006148000000000001,-0.0008348,-0.0008348,-0.0008348,-0.0008348,-0.0007248,-0.0007248,-0.0009448000000000001,-0.0009448000000000001,-0.0009448000000000001,-0.0009448000000000001,-0.00041480000000000005,0.0,-0.00041480000000000005,0.0,-0.00041480000000000005,0.0,-4.4800000000000005e-05,0.0,-4.4800000000000005e-05,0.0,-4.4800000000000005e-05,0.0,-4.4800000000000005e-05,0.0,-4.4800000000000005e-05,0.0,-4.4800000000000005e-05,0.0,-4.4800000000000005e-05,0.0,-4.4800000000000005e-05,0.0,-4.4800000000000005e-05,0.0
2025-09-18 00:00:00-04:00,0.0040152,0.0040152,0.0040152,0.0040152,0.0024652000000000003,0.0024652000000000003,0.0035551999999999997,0.0035551999999999997,0.0035551999999999997,0.0035551999999999997,0.0033851999999999997,0.0033851999999999997,0.0020252,0.0020252,0.0020252,0.0020252,0.0020252,0.0020252,-0.0024947999999999997,0.0015052000000000002,-0.0009048000000000001,-0.0007548,-0.0009048000000000001,-0.0007548,0.0015052000000000002,0.0015052000000000002,0.0015052000000000002,0.0015052000000000002,0.0020252,0.0020252,0.0015052000000000002,0.0015052000000000002,0.0015052000000000002,0.0015052000000000002,0.0020252,0.0020252
2025-09-19 00:00:00-04:00,-0.0026848,-0.0026848,-0.0012448000000000001,-0.0012448000000000001,-0.0012448000000000001,-0.0012448000000000001,-0.0028148,-0.0028148,-0.0013747999999999998,-0.0013747999999999998,-0.0013747999999999998,-0.0013747999999999998,-0.0028148,-0.0028148,-0.0013747999999999998,-0.0013747999999999998,-0.0013747999999999998,-0.0013747999999999998,0.0016152,0.0,0.0016152,0.0,0.0016152,0.0,0.0009052,0.0,0.0009052,0.0,0.0009052,0.0,0.0005451999999999999,0.0,0.0005451999999999999,0.0,0.0005451999999999999,0.0
2025-09-22 00:00:00-04:00,-0.0020848,-0.0020848,-0.0016048,-0.0016048,-0.0016048,-0.0016048,-0.0020848,-0.0020848,-0.0017448,-0.0017448,-0.0017448,-0.0017448,-0.0020848,-0.0020848,-0.0017448,-0.0017448,-0.0017448,-0.0017448,0.0008552,0.0,0.0008552,0.0,0.0008552,0.0,0.0008552,0.0,0.0008552,0.0,0.0008552,0.0,0.0,0.0,0.0,0.0,0.0,0.0
2025-09-23 00:00:00-04:00,-0.0012548000000000001,0.0003052,-0.0008248,-0.0008548000000000001,-0.0008248,-0.0008548000000000001,-0.0012848,0.0003052,-0.0008548000000000001,-0.0009448000000000001,-0.0008548000000000001,-0.0009448000000000001,0.0003052,0.0003052,0.0003052,0.0003052,0.0003052,0.0003052,0.0003052,0.0003052,-0.0007548,-0.0007548,-0.0007548,-0.0007548,0.0003052,0.0003052,-0.0007548,-0.0007548,-0.0007548,-0.0007548,0.0001852,0.0001852,-0.0008748,-0.0008748,-0.0008748,-0.0008748
2025-09-24 00:00:00-04:00,-0.0018647999999999998,0.0,-0.0011148,0.0,-0.0011148,0.0,-0.0018647999999999998,0.0,-0.0011148,0.0,-0.0011148,0.0,-0.0018647999999999998,0.0,-0.0011148,0.0,-0.0011148,0.0,0.0014952000000000001,0.0014952000000000001,0.0014952000000000001,0.0014952000000000001,0.0014952000000000001,0.0014952000000000001,0.0013952,0.0013952,0.0013952,0.0013952,0.0013952,0.0013952,0.0011952,0.0011952,0.0011952,0.0011952,0.0011952,0.0011952
2025-09-25 00:00:00-04:00,-0.0011948,-0.0011948,-0.0007348000000000001,-0.0007348000000000001,0.0013052,0.0013052,-0.0011948,-0.0011948,-0.0007348000000000001,-0.0007348000000000001,0.0013052,0.0013052,-0.0011948,-0.0011948,-0.0007348000000000001,-0.0007348000000000001,0.0013052,0.0013052,-0.0020548,-0.0020548,-0.0010648,-0.0010648,-0.0010648,-0.0010648,-0.0020548,-0.0020548,-0.0010648,-0.0010648,-0.0010648,-0.0010648,-0.0021547999999999997,-0.0021547999999999997,-0.0011648000000000001,-0.0011648000000000001,-0.0011648000000000001,-0.0011648000000000001
2025-09-26 00:00:00-04:00,-0.0010348,0.0,-0.0016347999999999998,0.0,-0.0016347999999999998,0.0,-0.0010348,0.0,-0.0016347999999999998,0.0,-0.0016347999999999998,0.0,-0.0010348,0.0,-0.0016948,0.0,-0.0016948,0.0,-0.0017047999999999998,0.0,-0.0010548,0.0,-0.0010548,0.0,-0.0017047999999999998,0.0,-0.0010548,0.0,-0.0010548,0.0,-0.0019448,0.0,-0.0012947999999999998,0.0,-0.0012947999999999998,0.0
2025-09-29 00:00:00-04:00,0.0034051999999999997,0.0034051999999999997,0.0034051999999999997,0.0034051999999999997,0.0026852,0.0026852,0.0034051999999999997,0.0034051999999999997,0.0034051999999999997,0.0034051999999999997,0.0026852,0.0026852,0.0028452,0.0028452,0.0028452,0.0028452,0.0028452,0.0028452,0.0019552000000000003,0.0019552000000000003,0.0019552000000000003,0.0019552000000000003,0.0023252,0.0023252,0.0016252,0.0016252,0.0016252,0.0016252,0.0016252,0.0016252,0.0013952,0.0013952,0.0013952,0.0013952,0.0013952,0.0013952
2025-09-30 00:00:00-04:00,-0.0006348,-0.0006348,-0.0006948000000000001,-0.0006948000000000001,-0.0006948000000000001,-0.0006948000000000001,-0.0006348,-0.0006348,-0.0007948,-0.0007948,-0.0007948,-0.0007948,-0.0011848,-0.0011848,-0.0013448,-0.0013448,-0.0013448,-0.0013448,-0.0007248,-0.0007248,-0.0007248,-0.0007248,-0.0007248,-0.0007248,-0.0007248,-0.0007248,-0.0007248,-0.0007248,-0.0007248,-0.0007248,-0.0014248,-0.0014248,-0.0014248,-0.0014248,-0.0014248,-0.0014248
2025-10-01 00:00:00-04:00,-0.008734800000000001,-0.008734800000000001,-0.0013947999999999999,-0.0013947999999999999,-0.0013947999999999999,-0.0013947999999999999,0.0072252,0.0,0.0072252,0.0,0.0028851999999999997,0.0,0.0057951999999999995,0.0,0.0057951999999999995,0.0,0.0061652,0.0,0.0057951999999999995,0.0,0.0057951999999999995,0.0,0.0029652,0.0,0.0052452,0.0,0.0052452,0.0,0.0040652,0.0,0.0052452,0.0,0.0052452,0.0,0.0040652,0.0
2025-10-02 00:00:00-04:00,0.0014652,0.0014652,0.0014652,0.0014652,0.0018452000000000002,0.0018452000000000002,0.0014652,0.0014652,0.0014652,0.0014652,0.0018452000000000002,0.0018452000000000002,0.0014652,0.0014652,0.0014652,0.0014652,0.0018452000000000002,0.0018452000000000002,0.0009151999999999999,0.0009151999999999999,0.0009151999999999999,0.0009151999999999999,0.0009151999999999999,0.0009151999999999999,0.00047519999999999995,0.00047519999999999995,0.00047519999999999995,0.00047519999999999995,0.00047519999999999995,0.00047519999999999995,-9.48e-05,-9.48e-05,-9.48e-05,-9.48e-05,-9.48e-05,-9.48e-05
2025-10-03 00:00:00-04:00,-0.0037848,0.0026652,-0.0007448,0.0026652,-0.0007448,0.0016652000000000001,-0.0041948,0.0026652,-0.0011548,0.0026652,-0.0011548,0.0020452,0.0026652,0.0026652,0.0026652,0.0026652,0.0026652,0.0026652,0.0017152,0.0017152,0.0017152,0.0017152,0.0018252000000000001,0.0018252000000000001,0.0017152,0.0017152,0.0017152,0.0017152,0.0018252000000000001,0.0018252000000000001,0.0009151999999999999,0.0009151999999999999,0.0009151999999999999,0.0009151999999999999,0.0009151999999999999,0.0009151999999999999
2025-10-06 00:00:00-04:00,0.0036228,0.0036228,0.0036228,0.0036228,0.0036228,0.0036228,0.0029178,0.0029178,0.0029178,0.0029178,0.0029178,0.0029178,0.0023928,0.0023928,0.0023928,0.0023928,0.0023928,0.0023928,-0.0027972,0.0014928,-0.0011772,0.0014928,-0.0011772,0.0014928,-0.0029922000000000004,0.0014478,-0.0014172,0.0014478,-0.0014172,0.0014478,0.0014478,0.0014478,0.0014478,0.0014478,0.0014478,0.0014478
2025-10-07 00:00:00-04:00,0.0005478,0.0,0.0005478,0.0,0.0028577999999999998,0.0,0.0005478,0.0,0.0005478,0.0,0.0028577999999999998,0.0,-0.0019272,0.0,-0.0019272,0.0,-0.0019272,0.0,0.0006528,0.0006528,0.0006528,0.0006528,0.0006528,0.0006528,0.0006528,0.0006528,0.0006528,0.0006528,0.0006528,0.0006528,0.0006528,0.0006528,0.0006528,0.0006528,0.0006528,0.0006528
2025-10-08 00:00:00-04:00,-0.0015521999999999999,-0.0015521999999999999,-0.0014772,-0.0014772,-0.0014772,-0.0014772,-0.0015521999999999999,-0.0015521999999999999,-0.0014772,-0.0014772,-0.0014772,-0.0014772,-0.0003972,-0.0019722,-0.0022122,-0.0018972,-0.0022122,-0.0018972,0.00027780000000000003,0.00027780000000000003,-0.0012372,-0.0012372,0.0022278,0.0022278,-0.00020219999999999998,-0.00020219999999999998,-0.0017171999999999999,-0.0017171999999999999,-0.0017171999999999999,-0.0017171999999999999,-0.0015222,-0.0015222,-0.0030372000000000003,-0.0030372000000000003,-0.0030372000000000003,-0.0030372000000000003
2025-10-09 00:00:00-04:00,-0.0020472,-0.0020472,-0.0017772,-0.0017772,-0.0017772,-0.0017772,-0.0020472,-0.0020472,-0.0017772,-0.0017772,-0.0017772,-0.0017772,-0.0024372,-0.0024372,-0.0021672,-0.0021672,-0.0021672,-0.0021672,0.0013878,0.0,0.0013878,0.0,0.0020178,0.0,0.0009828,0.0,0.0009828,0.0,0.0009828,0.0,0.0009828,0.0,0.0009828,0.0,0.0009828,0.0
2025-10-10 00:00:00-04:00,-0.0005771999999999999,-0.0005771999999999999,-0.0005771999999999999,-0.0005771999999999999,-0.0005771999999999999,-0.0005771999999999999,-0.0005771999999999999,-0.0005771999999999999,-0.0005771999999999999,-0.0005771999999999999,-0.0005771999999999999,-0.0005771999999999999,-0.0015372,-0.0015372,-0.0015372,-0.0015372,-0.0015372,-0.0015372,-0.0026922,-0.0026922,-0.0016272,-0.0016272,-0.0016272,-0.0016272,-0.0026922,-0.0026922,-0.0016272,-0.0016272,-0.0016272,-0.0016272,-0.0026922,-0.0026922,-0.0016872,-0.0016872,-0.0016872,-0.0016872
2025-10-13 00:00:00-04:00,0.0013426,0.0013426,0.0013426,0.0013426,0.0013426,0.0013426,0.0013426,0.0013426,0.0013426,0.0013426,0.0013426,0.0013426,0.0013426,0.0013426,0.0013426,0.0013426,0.0013426,0.0013426,0.0009826000000000001,0.0009826000000000001,0.0009826000000000001,0.0009826000000000001,0.0009826000000000001,0.0009826000000000001,0.0007926000000000001,0.0007926000000000001,0.0007926000000000001,0.0007926000000000001,0.0007926000000000001,0.0007926000000000001,0.00023759999999999997,0.00023759999999999997,0.00023759999999999997,0.00023759999999999997,0.00023759999999999997,0.00023759999999999997
2025-10-14 00:00:00-04:00,-0.0048224,-0.0048224,-0.0004624,-0.0004624,-0.0004624,-0.0004624,-0.0049374,-0.0049374,-0.0007023999999999999,-0.0007023999999999999,0.0013226,0.0013226,-0.0050624,-0.0050624,-0.0008273999999999999,-0.0008273999999999999,0.0015726,0.0015726,-0.0057574,-0.0057574,-0.0013824,-0.0013824,-0.0013824,-0.0013824,-0.0069724,-0.0069724,-0.0025974,-0.0025974,-0.0025974,-0.0025974,0.0040126,0.0,0.0040126,0.0,0.0040126,0.0
2025-10-15 00:00:00-04:00,-0.0031074,0.0015076,-0.0013924,0.0015076,-0.0013924,0.0015076,0.0015076,0.0015076,0.0015076,0.0015076,0.0015076,0.0015076,0.0015076,0.0015076,0.0015076,0.0015076,0.0015076,0.0015076,0.0022526,0.0022526,0.0022526,0.0022526,0.0018625999999999998,0.0018625999999999998,0.0022526,0.0022526,0.0022526,0.0022526,0.0018625999999999998,0.0018625999999999998,0.0019276,0.0019276,0.0019276,0.0019276,0.0019276,0.0019276
2025-10-16 00:00:00-04:00,-0.0019124,0.0,-0.0011524,0.0,-0.0011524,0.0,-0.0019124,0.0,-0.0012523999999999999,0.0,-0.0012523999999999999,0.0,-0.0019124,0.0,-0.0012523999999999999,0.0,-0.0012523999999999999,0.0,-0.0022024,0.0,-0.0008273999999999999,0.0,-0.0008273999999999999,0.0,-0.0026224,0.0,-0.0012473999999999999,0.0,-0.0012473999999999999,0.0,0.0,0.0,0.0,0.0,0.0,0.0
2025-10-17 00:00:00-04:00,0.0038025999999999997,0.0,0.0038025999999999997,0.0,0.0034026,0.0,0.0038025999999999997,0.0,0.0038025999999999997,0.0,0.0034026,0.0,0.0029925999999999998,0.0,0.0029925999999999998,0.0,0.0029925999999999998,0.0,-0.0046574,-0.0046574,-0.0013674000000000002,-0.0013674000000000002,-0.0013674000000000002,-0.0013674000000000002,-0.0046574,-0.0046574,-0.0013674000000000002,-0.0013674000000000002,-0.0013674000000000002,-0.0013674000000000002,-0.0046574,-0.0046574,-0.0013674000000000002,-0.0013674000000000002,-0.0013674000000000002,-0.0013674000000000002
2025-10-20 00:00:00-04:00,-0.0013124,0.0001226,-0.0010923999999999999,0.0001226,-0.0010923999999999999,0.0001226,-0.0014424000000000001,0.0001226,-0.0012224,0.0001226,-0.0012224,0.0001226,-0.0015374000000000002,0.0001226,-0.0013174,0.0001226,-0.0013174,0.0001226,-0.0028324,0.0018026,-0.0009624,0.0018026,-0.0009624,0.0012326000000000001,0.0018026,0.0018026,0.0018026,0.0018026,0.0018026,0.0018026,0.0010526,0.0010526,0.0010526,0.0010526,0.0010526,0.0010526
2025-10-21 00:00:00-04:00,-0.0010823999999999999,-0.0010823999999999999,-0.0004924,-0.0004924,-0.0004924,-0.0004924,-0.0010823999999999999,-0.0010823999999999999,-0.0004924,-0.0004924,-0.0004924,-0.0004924,-0.0010823999999999999,-0.0010823999999999999,-0.0004924,-0.0004924,-0.0004924,-0.0004924,-0.0011574,-0.0011574,-0.0005074,-0.0005074,-0.0005074,-0.0005074,-0.0012523999999999999,-0.0012523999999999999,-0.0006024,-0.0006024,-0.0006024,-0.0006024,-0.0014024,-0.0014024,-0.0007524,-0.0007524,-0.0007524,-0.0007524
2025-10-22 00:00:00-04:00,-0.0013224,0.0005276,-0.0006523999999999999,0.0005276,-0.0006523999999999999,0.0005276,-0.0013224,0.0005276,-0.0006523999999999999,0.0005276,-0.0006523999999999999,0.0005276,-0.0013224,0.0005276,-0.0006523999999999999,0.0005276,-0.0006523999999999999,0.0005276,-0.0019274000000000001,0.0010126,-0.0006824,0.0010126,-0.0006824,0.0010126,-0.0019274000000000001,0.0010126,-0.0006824,0.0010126,-0.0006824,0.0010126,0.0010126,0.0010126,0.0010126,0.0010126,0.0010126,0.0010126
2025-10-23 00:00:00-04:00,0.0009926,0.0009926,-0.0011224,-0.0011224,-0.0011224,-0.0011224,0.0007976000000000001,0.0007976000000000001,-0.0013174,-0.0013174,-0.0013174,-0.0013174,0.0007976000000000001,0.0007976000000000001,-0.0013174,-0.0013174,-0.0013174,-0.0013174,0.0015425999999999999,0.0015425999999999999,0.0015425999999999999,0.0015425999999999999,0.0015425999999999999,0.0015425999999999999,0.0012226000000000001,0.0012226000000000001,0.0012226000000000001,0.0012226000000000001,0.0012226000000000001,0.0012226000000000001,0.0007626000000000001,0.0007626000000000001,0.0007626000000000001,0.0007626000000000001,0.0007626000000000001,0.0007626000000000001
2025-10-24 00:00:00-04:00,0.0011376000000000001,0.0011376000000000001,0.0011376000000000001,0.0011376000000000001,0.0010426,0.0010426,0.0011376000000000001,0.0011376000000000001,0.0011376000000000001,0.0011376000000000001,0.0010426,0.0010426,0.0010526,0.0010526,0.0010526,0.0010526,0.0012126,0.0012126,0.0010526,0.0010526,0.0010526,0.0010526,0.0008626,0.0008626,0.0010526,0.0010526,0.0010526,0.0010526,0.0008626,0.0008626,0.0010526,0.0010526,0.0010526,0.0010526,0.0008626,0.0008626
2025-10-27 00:00:00-04:00,0.0,0.0,0.0,0.0,0.0,0.0,0.0,0.0,0.0,0.0,0.0,0.0,0.0,0.0,0.0,0.0,0.0,0.0,0.0006626000000000001,0.0006626000000000001,0.0006626000000000001,0.0006626000000000001,0.0006626000000000001,0.0006626000000000001,0.0006626000000000001,0.0006626000000000001,0.0006626000000000001,0.0006626000000000001,0.0006626000000000001,0.0006626000000000001,0.0006626000000000001,0.0006626000000000001,0.0006626000000000001,0.0006626000000000001,0.0006626000000000001,0.0006626000000000001
2025-10-28 00:00:00-04:00,-0.0009423999999999999,-0.0009423999999999999,-0.00038740000000000004,-0.00038740000000000004,-0.00038740000000000004,-0.00038740000000000004,-0.0009423999999999999,-0.0009423999999999999,-0.00038740000000000004,-0.00038740000000000004,-0.00038740000000000004,-0.00038740000000000004,-0.0009423999999999999,-0.0009423999999999999,-0.00038740000000000004,-0.00038740000000000004,-0.00038740000000000004,-0.00038740000000000004,0.00031259999999999995,0.0,0.00031259999999999995,0.0,0.00031259999999999995,0.0,0.00031259999999999995,0.0,0.00031259999999999995,0.0,0.00031259999999999995,0.0,0.0002326,0.0,0.0002326,0.0,0.0002326,0.0
2025-10-29 00:00:00-04:00,-0.0023024,0.0017775999999999998,-0.0004624,0.0017775999999999998,-0.0004624,0.0007426,-0.0023024,0.0017775999999999998,-0.00048740000000000003,0.0017775999999999998,-0.00048740000000000003,0.0007426,0.0017775999999999998,0.0017775999999999998,0.0017775999999999998,0.0017775999999999998,0.0008826000000000001,0.0008826000000000001,0.0018876,0.0018876,0.0018876,0.0018876,0.0007526000000000001,0.0007526000000000001,0.0017775999999999998,0.0017775999999999998,0.0017775999999999998,0.0017775999999999998,0.0009726,0.0009726,0.0017025999999999999,0.0017025999999999999,0.0017025999999999999,0.0017025999999999999,0.0011226,0.0011226
2025-10-30 00:00:00-04:00,-0.0008374,-0.0008374,-0.0022724,-0.0022724,-0.0022724,-0.0022724,-0.0008374,-0.0008374,-0.0022724,-0.0022724,-0.0022724,-0.0022724,-0.0008374,-0.0008374,-0.0022724,-0.0022724,-0.0022724,-0.0022724,-0.0012573999999999999,-0.0012573999999999999,-0.0010174,-0.0010174,0.0019525999999999999,0.0019525999999999999,-0.0022574,-0.0022574,-0.0020174,-0.0020174,-0.0020174,-0.0020174,-0.0022574,-0.0022574,-0.0020174,-0.0020174,-0.0020174,-0.0020174
2025-10-31 00:00:00-04:00,-0.00038740000000000004,-0.0006973999999999999,-0.0009023999999999999,-0.0006973999999999999,-0.0009023999999999999,-0.0006973999999999999,-0.00038740000000000004,-0.0006973999999999999,-0.0009023999999999999,-0.0006973999999999999,-0.0009023999999999999,-0.0006973999999999999,-0.0005924,-0.0006973999999999999,-0.0011074,-0.0006973999999999999,-0.0011074,-0.0006973999999999999,-0.0004124,-0.0004124,-0.0004124,-0.0004124,-0.0004124,-0.0004124,-0.0009023999999999999,-0.0009023999999999999,-0.0009023999999999999,-0.0009023999999999999,-0.0009023999999999999,-0.0009023999999999999,-0.0009023999999999999,-0.0009023999999999999,-0.0009023999999999999,-0.0009023999999999999,-0.0009023999999999999,-0.0009023999999999999
2025-11-03 00:00:00-05:00,-0.0008973999999999999,-0.0008973999999999999,-0.0008973999999999999,-0.0008973999999999999,-0.0008973999999999999,-0.0008973999999999999,-0.0010174,-0.0010174,-0.0010174,-0.0010174,-0.0010174,-0.0010174,-0.0015474,-0.0015474,-0.0015474,-0.0015474,-0.0015474,-0.0015474,0.0012975999999999999,0.0,0.0012975999999999999,0.0,0.0009426,0.0,0.0012975999999999999,0.0,0.0012975999999999999,0.0,0.0009926,0.0,0.0008276000000000001,0.0,0.0008276000000000001,0.0,0.0008276000000000001,0.0
2025-11-04 00:00:00-05:00,0.0057426,0.0,0.0057426,0.0,0.0009826000000000001,0.0,0.0054576,0.0,0.0054576,0.0,0.0015526,0.0,0.0051326,0.0,0.0051326,0.0,0.0022026,0.0,-0.0047224,-0.0047224,-0.0007074,-0.0007074,-0.0007074,-0.0007074,0.0039226,0.0,0.0039226,0.0,0.0016326,0.0,0.0038826,0.0,0.0038826,0.0,0.0017125999999999999,0.0
2025-11-05 00:00:00-05:00,0.0006576,0.0,0.0006576,0.0,0.0025926,0.0,0.0006576,0.0,0.0006576,0.0,0.0025926,0.0,-0.0001274,0.0,-0.0001274,0.0,-0.0001274,0.0,-0.0025524000000000002,0.0011626,-0.0012824000000000002,0.0011626,-0.0012824000000000002,0.0024526,-0.0032624,0.0011626,-0.0019924,0.0011626,-0.0019924,0.0011626,0.0011626,0.0011626,0.0011626,0.0011626,0.0011626,0.0011626
2025-11-06 00:00:00-05:00,-0.0024924,-0.0024924,-0.0013724000000000002,-0.0013724000000000002,-0.0013724000000000002,-0.0013724000000000002,-0.0024924,-0.0024924,-0.0013724000000000002,-0.0013724000000000002,-0.0013724000000000002,-0.0013724000000000002,0.0006926,0.0,0.0006926,0.0,0.0006926,0.0,-0.00036740000000000004,-0.0011324,-0.0013974,-0.0010023999999999999,-0.0013974,-0.0010023999999999999,-0.0011324,-0.0011324,-0.0011324,-0.0011324,-0.0011324,-0.0011324,-0.0011324,-0.0011324,-0.0011324,-0.0011324,-0.0011324,-0.0011324
2025-11-07 00:00:00-05:00,0.00016259999999999997,0.00016259999999999997,-0.0011673999999999999,-0.0011673999999999999,-0.0011673999999999999,-0.0011673999999999999,0.00016259999999999997,0.00016259999999999997,-0.0011673999999999999,-0.0011673999999999999,-0.0011673999999999999,-0.0011673999999999999,-0.0001524,-0.0001524,-0.0014824,-0.0014824,-0.0014824,-0.0014824,-0.0017674000000000001,0.0,-0.0017224,0.0,-0.0017224,0.0,-0.0022824,0.0,-0.0022374,0.0,-0.0022374,0.0,-0.0031224,0.0,-0.0030774,0.0,-0.0030774,0.0
2025-11-10 00:00:00-05:00,-0.0034874,0.0019126,-0.0014824,0.0019126,-0.0014824,0.0019126,-0.0039274,0.0019126,-0.0019224,0.0019126,-0.0019224,0.0019126,0.0019126,0.0019126,0.0019126,0.0019126,0.0019126,0.0019126,0.0020526,0.0020526,0.0020526,0.0020526,0.0020526,0.0020526,0.0015526,0.0015526,0.0015526,0.0015526,0.0015526,0.0015526,0.0008526,0.0008526,0.0008526,0.0008526,0.0008526,0.0008526
2025-11-11 00:00:00-05:00,-0.0017524,-0.0017524,-0.0007474,-0.0007474,-0.0007474,-0.0007474,-0.0017524,-0.0017524,-0.0007474,-0.0007474,-0.0007474,-0.0007474,-0.0023374,-0.0023374,-0.0013324,-0.0013324,-0.0013324,-0.0013324,-0.0022924,-0.0022924,-0.0006324,-0.0006324,-0.0006324,-0.0006324,0.0015175999999999998,0.0,0.0015175999999999998,0.0,0.0015225999999999998,0.0,0.0015175999999999998,0.0,0.0015175999999999998,0.0,0.0015225999999999998,0.0
2025-11-12 00:00:00-05:00,0.0019475999999999999,0.0019475999999999999,0.0019475999999999999,0.0019475999999999999,0.0019825999999999997,0.0019825999999999997,0.0019475999999999999,0.0019475999999999999,0.0019475999999999999,0.0019475999999999999,0.0019825999999999997,0.0019825999999999997,0.0019475999999999999,0.0019475999999999999,0.0019475999999999999,0.0019475999999999999,0.0019825999999999997,0.0019825999999999997,0.0011476000000000001,0.0011476000000000001,0.0011476000000000001,0.0011476000000000001,0.0016225999999999999,0.0016225999999999999,0.0009576000000000001,0.0009576000000000001,0.0009576000000000001,0.0009576000000000001,0.0009576000000000001,0.0009576000000000001,0.0005976,0.0005976,0.0005976,0.0005976,0.0005976,0.0005976
2025-11-13 00:00:00-05:00,-0.0029174,-0.0006724,-0.0023174000000000003,-0.0006724,-0.0023174000000000003,-0.0006724,-0.0029174,-0.0006724,-0.0023174000000000003,-0.0006724,-0.0023174000000000003,-0.0006724,-0.0006724,-0.0006724,-0.0006724,-0.0006724,-0.0006724,-0.0006724,0.0,0.0,0.0,0.0,0.0,0.0,0.0,0.0,0.0,0.0,0.0,0.0,0.0,0.0,0.0,0.0,0.0,0.0
2025-11-14 00:00:00-05:00,0.0017025999999999999,0.0,0.0017025999999999999,0.0,0.0024026,0.0,0.0017025999999999999,0.0,0.0017025999999999999,0.0,0.0024026,0.0,0.0017025999999999999,0.0,0.0017025999999999999,0.0,0.0025526,0.0,0.0017025999999999999,0.0,0.0017025999999999999,0.0,0.0023125999999999997,0.0,0.0017025999999999999,0.0,0.0017025999999999999,0.0,0.0023125999999999997,0.0,0.0017025999999999999,0.0,0.0017025999999999999,0.0,0.0024526,0.0
2025-11-17 00:00:00-05:00,0.0028476,0.0028476,0.0028476,0.0028476,0.0028476,0.0028476,0.0028476,0.0028476,0.0028476,0.0028476,0.0028476,0.0028476,0.0016225999999999999,0.0016225999999999999,0.0016225999999999999,0.0016225999999999999,0.0016225999999999999,0.0016225999999999999,-0.0022274,0.0012226000000000001,-0.0009624,0.0012226000000000001,-0.0009624,0.0012226000000000001,-0.0022274,0.0010326,-0.0010624,0.0010326,-0.0010624,0.0010326,0.0010326,0.0010326,0.0010326,0.0010326,0.0010326,0.0010326
2025-11-18 00:00:00-05:00,0.0037476,0.0,-0.0013424,0.0,-0.0013424,0.0,0.0035426,0.0,-0.0015474,0.0,-0.0015474,0.0,0.0035426,0.0,-0.0015474,0.0,-0.0015474,0.0,-0.0049674,-0.0049674,-0.0019474000000000002,-0.0019474000000000002,-0.0019474000000000002,-0.0019474000000000002,0.0027726,0.0,0.0027726,0.0,0.0046426,0.0,0.0027726,0.0,0.0027726,0.0,0.0027726,0.0
2025-11-19 00:00:00-05:00,-0.00018740000000000003,-0.00018740000000000003,-0.0015624,-0.0015624,-0.0015624,-0.0015624,-0.0020824,-0.0006374,-0.0025274,-0.0020124,-0.0025274,-0.0020124,-0.0020824,-0.0006374,-0.0025474,-0.0020124,-0.0025474,-0.0020124,-7.74e-05,-7.74e-05,-0.0020174,-0.0020174,-0.0020174,-0.0020174,-0.0006374,-0.0006374,-0.0025774,-0.0025774,-0.0025774,-0.0025774,-0.0006374,-0.0006374,-0.0025774,-0.0025774,-0.0025774,-0.0025774
2025-11-20 00:00:00-05:00,0.0012776,0.0012776,0.0012776,0.0012776,0.0012776,0.0012776,0.0008276000000000001,0.0008276000000000001,0.0008276000000000001,0.0008276000000000001,0.0008276000000000001,0.0008276000000000001,0.0004326,0.0004326,0.0004326,0.0004326,0.0004326,0.0004326,0.0001926,0.0001926,0.0001926,0.0001926,0.0001926,0.0001926,-0.00010740000000000001,-0.00010740000000000001,-0.00010740000000000001,-0.00010740000000000001,-0.00010740000000000001,-0.00010740000000000001,-0.0003624,-0.0003624,-0.0003624,-0.0003624,-0.0003624,-0.0003624
2025-11-21 00:00:00-05:00,-0.0011924,-0.0011924,-0.0011924,-0.0011924,-0.0011924,-0.0011924,-0.0011924,-0.0011924,-0.0011924,-0.0011924,-0.0011924,-0.0011924,-0.0019474000000000002,-0.0019474000000000002,-0.0019474000000000002,-0.0019474000000000002,-0.0019474000000000002,-0.0019474000000000002,-0.0025824,-0.0025824,-0.0008774,-0.0008774,-0.0008774,-0.0008774,0.0016526,0.0,-0.0014374000000000001,0.0,-0.0014374000000000001,0.0,0.0016526,0.0,-0.0014474000000000002,0.0,-0.0014474000000000002,0.0
2025-11-24 00:00:00-05:00,-0.0015824,0.0,-0.0015824,0.0,-0.0015824,0.0,-0.0015824,0.0,-0.0015824,0.0,-0.0015824,0.0,-0.0015824,0.0,-0.0015824,0.0,-0.0015824,0.0,0.0008726000000000001,0.0008726000000000001,0.0008726000000000001,0.0008726000000000001,0.0008726000000000001,0.0008726000000000001,0.0005076,0.0005076,0.0005076,0.0005076,0.0005076,0.0005076,0.0005076,0.0005076,0.0005076,0.0005076,0.0005076,0.0005076
2025-11-25 00:00:00-05:00,0.00048259999999999997,0.0,0.00048259999999999997,0.0,0.00048259999999999997,0.0,0.00048259999999999997,0.0,0.00048259999999999997,0.0,0.00048259999999999997,0.0,0.00048259999999999997,0.0,0.00048259999999999997,0.0,0.00048259999999999997,0.0,0.0004925999999999999,0.0,0.0004925999999999999,0.0,0.0008326000000000001,0.0,0.0002576,0.0,0.0002576,0.0,0.0002576,0.0,4.26e-05,0.0,4.26e-05,0.0,4.26e-05,0.0
2025-11-26 00:00:00-05:00,0.0021076,0.0021076,0.0021076,0.0021076,0.0016025999999999998,0.0016025999999999998,0.0021076,0.0021076,0.0021076,0.0021076,0.0016025999999999998,0.0016025999999999998,0.0021076,0.0021076,0.0021076,0.0021076,0.0017125999999999999,0.0017125999999999999,0.0012526,0.0012526,0.0012526,0.0012526,0.0014126,0.0014126,0.0010426,0.0010426,0.0010426,0.0010426,0.0010426,0.0010426,0.0006976,0.0006976,0.0006976,0.0006976,0.0006976,0.0006976
2025-11-27 00:00:00-05:00,-0.00030240000000000003,0.0,-0.0006074,0.0,-0.0006074,0.0,-0.00030240000000000003,0.0,-0.0006074,0.0,-0.0006074,0.0,-0.00030240000000000003,0.0,-0.0006074,0.0,-0.0006074,0.0,-0.00030240000000000003,0.0,-0.0006324,0.0,-0.0006324,0.0,0.0,0.0,0.0,0.0,0.0,0.0,0.0,0.0,0.0,0.0,0.0,0.0
2025-11-28 00:00:00-05:00,0.00029259999999999996,0.00029259999999999996,0.00029259999999999996,0.00029259999999999996,0.00029259999999999996,0.00029259999999999996,0.00029259999999999996,0.00029259999999999996,0.00029259999999999996,0.00029259999999999996,0.00029259999999999996,0.00029259999999999996,0.0001526,0.0001526,0.0001526,0.0001526,0.0001526,0.0001526,-0.0004224,-0.0004224,-0.0005924,-0.0005924,-0.0005924,-0.0005924,0.0,0.0,0.0,0.0,0.0,0.0,0.0,0.0,0.0,0.0,0.0,0.0
2025-12-01 00:00:00-05:00,0.0036425999999999997,0.0,0.0036425999999999997,0.0,0.0031626,0.0,0.0036425999999999997,0.0,0.0036425999999999997,0.0,0.0031626,0.0,0.0027326,0.0,0.0027326,0.0,0.0027326,0.0,-0.0010823999999999999,-0.0010823999999999999,-0.0013474000000000001,-0.0013474000000000001,-0.0013474000000000001,-0.0013474000000000001,-0.0010823999999999999,-0.0010823999999999999,-0.0013474000000000001,-0.0013474000000000001,-0.0013474000000000001,-0.0013474000000000001,-0.0006024,0.0,-0.0006024,0.0,-0.0006024,0.0
2025-12-02 00:00:00-05:00,-0.0015224000000000001,-0.0015224000000000001,-0.0011174,-0.0011174,-0.0011174,-0.0011174,-0.0015224000000000001,-0.0015224000000000001,-0.0011174,-0.0011174,-0.0011174,-0.0011174,-0.0015224000000000001,-0.0015224000000000001,-0.0011174,-0.0011174,-0.0011174,-0.0011174,0.0007126000000000001,0.0,0.0007126000000000001,0.0,0.0007126000000000001,0.0,0.0007126000000000001,0.0,0.0007126000000000001,0.0,0.0007126000000000001,0.0,0.0007126000000000001,0.0,0.0007126000000000001,0.0,0.0007126000000000001,0.0
2025-12-03 00:00:00-05:00,0.0003326,0.0003326,-0.00047240000000000004,-0.00047240000000000004,-0.00047240000000000004,-0.00047240000000000004,0.0003326,0.0003326,-0.00047240000000000004,-0.00047240000000000004,-0.00047240000000000004,-0.00047240000000000004,0.0003326,0.0003326,-0.00047240000000000004,-0.00047240000000000004,-0.00047240000000000004,-0.00047240000000000004,3.76e-05,3.76e-05,3.76e-05,3.76e-05,3.76e-05,3.76e-05,3.76e-05,3.76e-05,3.76e-05,3.76e-05,3.76e-05,3.76e-05,-0.0001024,-0.0001024,-0.0001024,-0.0001024,-0.0001024,-0.0001024
2025-12-04 00:00:00-05:00,-0.0001424,-0.0001424,-0.0005824000000000001,-0.0005824000000000001,-0.0005824000000000001,-0.0005824000000000001,-0.0001424,-0.0001424,-0.0005824000000000001,-0.0005824000000000001,-0.0005824000000000001,-0.0005824000000000001,-0.0001424,-0.0001424,-0.0005824000000000001,-0.0005824000000000001,-0.0005824000000000001,-0.0005824000000000001,-0.0006324,0.0,-0.0007673999999999999,0.0,-0.0007673999999999999,0.0,-0.0006324,0.0,-0.0007673999999999999,0.0,-0.0007673999999999999,0.0,-0.0006324,0.0,-0.0007673999999999999,0.0,-0.0007673999999999999,0.0
2025-12-05 00:00:00-05:00,-0.0022124000000000002,0.0014776,-0.0006774,0.0014776,-0.0006774,0.0008426000000000001,-0.0022124000000000002,0.0014776,-0.0006774,0.0014776,-0.0006774,0.0008426000000000001,0.0014776,0.0014776,0.0014776,0.0014776,0.0016025999999999998,0.0016025999999999998,0.0009426,0.0009426,0.0009426,0.0009426,0.0008926,0.0008926,0.0009426,0.0009426,0.0009426,0.0009426,0.0008926,0.0008926,0.0006626000000000001,0.0006626000000000001,0.0006626000000000001,0.0006626000000000001,0.0006626000000000001,0.0006626000000000001
2025-12-08 00:00:00-05:00,-0.0018924,0.0005775999999999999,-0.0012124,0.0005775999999999999,-0.0012124,0.0005775999999999999,-0.0018924,0.0005775999999999999,-0.0012124,0.0005775999999999999,-0.0012124,0.0005775999999999999,-0.0018924,0.0005775999999999999,-0.0012124,0.0005775999999999999,-0.0012124,0.0005775999999999999,0.0007276,0.0007276,0.0007276,0.0007276,0.0009426,0.0009426,0.0007276,0.0007276,0.0007276,0.0007276,0.0009426,0.0009426,0.0005775999999999999,0.0005775999999999999,0.0005775999999999999,0.0005775999999999999,0.0005775999999999999,0.0005775999999999999
2025-12-09 00:00:00-05:00,5.26e-05,-0.0007273999999999999,-0.0006024,-0.0006074,-0.0006024,-0.0006074,-0.0007273999999999999,-0.0007273999999999999,-0.0006724,-0.0006724,-0.0006724,-0.0006724,-2.7400000000000002e-05,0.0,-2.7400000000000002e-05,0.0,-2.7400000000000002e-05,0.0,0.00012759999999999998,0.0,0.00012759999999999998,0.0,0.0010226,0.0,0.00012759999999999998,0.0,0.00012759999999999998,0.0,0.00012759999999999998,0.0,-0.0002324,0.0,-0.0002324,0.0,-0.0002324,0.0
2025-12-10 00:00:00-05:00,-0.0011224,0.0005626,-0.00034240000000000003,-0.0005224,-0.00034240000000000003,-0.0005224,-0.0012824000000000002,0.0005626,-0.0005024000000000001,-0.0006074,-0.0005024000000000001,-0.0006074,-0.0012824000000000002,0.0005626,-0.0005024000000000001,0.0005626,-0.0005024000000000001,0.0005626,0.0011626,0.0011626,0.0011626,0.0011626,0.0011226,0.0011226,0.0011626,0.0011626,0.0011626,0.0011626,0.0011226,0.0011226,0.0011626,0.0011626,0.0011626,0.0011626,0.0011226,0.0011226
2025-12-11 00:00:00-05:00,0.0037226,0.0,0.0037226,0.0,0.0026026,0.0,0.0034326,0.0,0.0034326,0.0,0.0031826,0.0,0.0034326,0.0,0.0034326,0.0,0.0031826,0.0,0.0019825999999999997,0.0,0.0019825999999999997,0.0,0.0017226,0.0,0.0019825999999999997,0.0,0.0019825999999999997,0.0,0.0017226,0.0,0.0019825999999999997,0.0,0.0019825999999999997,0.0,0.0017226,0.0
2025-12-12 00:00:00-05:00,-0.0003124,0.0,-0.0003124,0.0,-0.0003124,0.0,-0.0003724,0.0,-0.0003724,0.0,-0.0003724,0.0,-0.0003724,0.0,-0.0003724,0.0,-0.0003724,0.0,-0.00020240000000000001,-0.00020240000000000001,-0.00020240000000000001,-0.00020240000000000001,-0.00020240000000000001,-0.00020240000000000001,-0.0006274000000000001,-0.0006274000000000001,-0.0006274000000000001,-0.0006274000000000001,-0.0006274000000000001,-0.0006274000000000001,-0.0006274000000000001,-0.0006274000000000001,-0.0006274000000000001,-0.0006274000000000001,-0.0006274000000000001,-0.0006274000000000001
2025-12-15 00:00:00-05:00,-3.74e-05,-3.74e-05,-3.74e-05,-3.74e-05,-3.74e-05,-3.74e-05,-3.74e-05,-3.74e-05,-3.74e-05,-3.74e-05,-3.74e-05,-3.74e-05,-3.74e-05,-3.74e-05,-3.74e-05,-3.74e-05,-3.74e-05,-3.74e-05,-3.74e-05,-3.74e-05,-3.74e-05,-3.74e-05,-3.74e-05,-3.74e-05,-3.74e-05,-3.74e-05,-3.74e-05,-3.74e-05,-3.74e-05,-3.74e-05,-0.00034740000000000004,-0.00034740000000000004,-0.00034740000000000004,-0.00034740000000000004,-0.00034740000000000004,-0.00034740000000000004
2025-12-16 00:00:00-05:00,0.0042376,0.0,0.0042376,0.0,0.0011526000000000002,0.0,0.0037526,0.0,0.0037526,0.0,0.0021226,0.0,0.0029026,0.0,0.0029026,0.0,0.0038225999999999998,0.0,0.0016676,0.0,0.0016676,0.0,0.0019525999999999999,0.0,0.0016676,0.0,0.0016676,0.0,0.0019525999999999999,0.0,0.0,0.0,0.0,0.0,0.0,0.0
2025-12-17 00:00:00-05:00,0.0011026,0.0011026,-0.0013124,-0.0013124,-0.0013124,-0.0013124,0.0011026,0.0011026,-0.0013124,-0.0013124,-0.0013124,-0.0013124,-0.0027524,0.0009676000000000001,-0.0016324,-0.0014474000000000002,-0.0016324,-0.0014474000000000002,0.0012026,0.0012026,-0.0010674,-0.0010674,-0.0010674,-0.0010674,0.0012026,0.0012026,-0.0010674,-0.0010674,-0.0010674,-0.0010674,0.0009676000000000001,0.0009676000000000001,-0.0013024,-0.0013024,-0.0013024,-0.0013024
2025-12-18 00:00:00-05:00,-0.0016374,0.0005775999999999999,-0.0009524,-0.0009373999999999999,-0.0009524,-0.0009373999999999999,-0.0019674000000000002,0.0005775999999999999,-0.0012824000000000002,-0.0013924,-0.0012824000000000002,-0.0013924,-0.0021924,0.0005775999999999999,-0.0015074,-0.0015524,-0.0015074,-0.0015524,-0.0015124000000000001,0.0005775999999999999,-0.0007423999999999999,-0.0008874,-0.0007423999999999999,-0.0008874,-0.0015124000000000001,0.0005775999999999999,-0.0007423999999999999,-0.0008874,-0.0007423999999999999,-0.0008874,0.0005775999999999999,0.0005775999999999999,-0.0010524,-0.0010524,-0.0010524,-0.0010524
2025-12-19 00:00:00-05:00,0.0018176,0.0018176,0.0018176,0.0018176,0.0019126,0.0019126,0.0018176,0.0018176,0.0018176,0.0018176,0.0019126,0.0019126,0.0018276,0.0018276,0.0018276,0.0018276,0.0018926,0.0018926,0.0018276,0.0018276,0.0018276,0.0018276,0.0017125999999999999,0.0017125999999999999,0.0018276,0.0018276,0.0018276,0.0018276,0.0017125999999999999,0.0017125999999999999,0.0014375999999999998,0.0014375999999999998,0.0014375999999999998,0.0014375999999999998,0.0014375999999999998,0.0014375999999999998
2025-12-22 00:00:00-05:00,0.0006626000000000001,0.0006626000000000001,0.0006626000000000001,0.0006626000000000001,0.0006626000000000001,0.0006626000000000001,0.0006626000000000001,0.0006626000000000001,0.0006626000000000001,0.0006626000000000001,0.0006626000000000001,0.0006626000000000001,0.0004326,0.0004326,0.0004326,0.0004326,0.0004326,0.0004326,0.0002226,0.0002226,0.0002226,0.0002226,0.0002226,0.0002226,9.76e-05,9.76e-05,9.76e-05,9.76e-05,9.76e-05,9.76e-05,5.26e-05,5.26e-05,5.26e-05,5.26e-05,5.26e-05,5.26e-05
2025-12-23 00:00:00-05:00,-0.0009724,-0.0009724,-0.0004024,-0.0004024,-0.0004024,-0.0004024,-0.0009724,-0.0009724,-0.0004024,-0.0004024,-0.0004024,-0.0004024,-0.0011623999999999998,-0.0011623999999999998,-0.0005924,-0.0005924,-0.0005924,-0.0005924,0.0005626,-0.0013224,-0.0006174,-0.0005624,-0.0006174,-0.0005624,0.0005626,-0.0013224,-0.0006174,-0.0005624,-0.0006174,-0.0005624,-0.0013224,-0.0013224,-0.0008324,-0.0008324,-0.0008324,-0.0008324
2025-12-24 00:00:00-05:00,-0.0006923999999999999,-0.0006923999999999999,-0.0004174,-0.0004174,-0.0004174,-0.0004174,-0.0006923999999999999,-0.0006923999999999999,-0.0004174,-0.0004174,-0.0004174,-0.0004174,-0.0006923999999999999,-0.0006923999999999999,-0.0004424,-0.0004424,-0.0004424,-0.0004424,0.0003876,0.0,0.0003876,0.0,0.0004026,0.0,0.0003876,0.0,0.0003876,0.0,0.0005526,0.0,0.0001926,0.0,0.0001926,0.0,0.0001926,0.0
2025-12-26 00:00:00-05:00,-0.0009473999999999999,-0.0009473999999999999,-0.0009073999999999999,-0.0009073999999999999,-0.0009073999999999999,-0.0009073999999999999,-0.0009473999999999999,-0.0009473999999999999,-0.0009073999999999999,-0.0009073999999999999,-0.0009073999999999999,-0.0009073999999999999,-0.0009473999999999999,-0.0009473999999999999,-0.0009073999999999999,-0.0009073999999999999,-0.0009073999999999999,-0.0009073999999999999,0.0007476000000000001,0.0,0.0007476000000000001,0.0,0.0006326,0.0,0.0005576,0.0,0.0005576,0.0,0.0005576,0.0,0.0004526,0.0,0.0004526,0.0,0.0004526,0.0
2025-12-29 00:00:00-05:00,-0.0016974000000000002,-0.0016974000000000002,-0.0005474,-0.0005474,-0.0005474,-0.0005474,-0.0016974000000000002,-0.0016974000000000002,-0.0008273999999999999,-0.0008273999999999999,-0.0008273999999999999,-0.0008273999999999999,-0.0016974000000000002,-0.0016974000000000002,-0.0008273999999999999,-0.0008273999999999999,-0.0008273999999999999,-0.0008273999999999999,0.0013176,0.0,0.0013176,0.0,0.0010026,0.0,0.0009476,0.0,0.0009476,0.0,0.0009476,0.0,0.0005725999999999999,0.0,0.0005725999999999999,0.0,0.0005725999999999999,0.0
2025-12-30 00:00:00-05:00,0.0002026,-0.0009574,-0.0006923999999999999,-0.0005174,-0.0006923999999999999,-0.0005174,5.76e-05,-0.0009574,-0.0008374,-0.0008724,-0.0008374,-0.0008724,2.599999999999998e-06,-0.0009574,-0.0008923999999999999,-0.0009023999999999999,-0.0008923999999999999,-0.0009023999999999999,-0.0004574,-0.0004574,-0.0005874,-0.0005874,-0.0005874,-0.0005874,-0.0004574,-0.0004574,-0.0005874,-0.0005874,-0.0005874,-0.0005874,-0.0007474,-0.0007474,-0.0008774,-0.0008774,-0.0008774,-0.0008774
2025-12-31 00:00:00-05:00,0.0019452,0.0,0.0019452,0.0,0.0019452,0.0,0.0019452,0.0,0.0019452,0.0,0.0019452,0.0,0.0016752000000000002,0.0,0.0016752000000000002,0.0,0.0016752000000000002,0.0,-0.0010648,-0.0010648,-0.0014448,-0.0014448,-0.0014448,-0.0014448,-0.0012848,-0.0012848,-0.0016648,-0.0016648,-0.0016648,-0.0016648,-0.0012848,-0.0012848,-0.0016648,-0.0016648,-0.0016648,-0.0016648
2026-01-02 00:00:00-05:00,0.0056652,0.0056652,0.0056652,0.0056652,0.0035651999999999997,0.0035651999999999997,0.0054751999999999995,0.0054751999999999995,0.0054751999999999995,0.0054751999999999995,0.003945199999999999,0.003945199999999999,0.0052552,0.0052552,0.0052552,0.0052552,0.0043852,0.0043852,0.0033651999999999996,0.0033651999999999996,0.0033651999999999996,0.0033651999999999996,0.0032451999999999997,0.0032451999999999997,0.0033651999999999996,0.0033651999999999996,0.0033651999999999996,0.0033651999999999996,0.0032451999999999997,0.0032451999999999997,0.0027752,0.0027752,0.0027752,0.0027752,0.0027752,0.0027752
2026-01-05 00:00:00-05:00,0.0007352,0.0007352,0.0007352,0.0007352,0.0007352,0.0007352,0.0001152,0.0001152,0.0001152,0.0001152,0.0001152,0.0001152,0.0001152,0.0001152,0.0001152,0.0001152,0.0001152,0.0001152,-0.0007148,-0.0007148,-0.0007148,-0.0007148,-0.0007148,-0.0007148,-0.0007148,-0.0007148,-0.0007148,-0.0007148,-0.0007148,-0.0007148,-0.0007148,-0.0007148,-0.0007148,-0.0007148,-0.0007148,-0.0007148
2026-01-06 00:00:00-05:00,-0.0032248000000000003,0.0018952,-0.0012548000000000001,0.0018952,-0.0012548000000000001,0.0013652,-0.0032248000000000003,0.0018952,-0.0012548000000000001,0.0018952,-0.0012548000000000001,0.0015452,-0.0036748,0.0018952,-0.0017047999999999998,0.0018952,-0.0017047999999999998,0.0029852,0.0025152,0.0025152,0.0025152,0.0025152,0.0021052,0.0021052,0.0018052,0.0018052,0.0018052,0.0018052,0.0018052,0.0018052,0.0016652000000000001,0.0016652000000000001,0.0016652000000000001,0.0016652000000000001,0.0016652000000000001,0.0016652000000000001
2026-01-07 00:00:00-05:00,0.0021052,0.0,0.0021052,0.0,0.0018852,0.0,0.0019552000000000003,0.0,0.0019552000000000003,0.0,0.0019552000000000003,0.0,0.0018352000000000002,0.0,0.0018352000000000002,0.0,0.0018352000000000002,0.0,0.0019952,0.0,0.0019952,0.0,0.0013252000000000001,0.0,0.0016352,0.0,0.0016352,0.0,0.0016352,0.0,0.0016352,0.0,0.0016352,0.0,0.0016352,0.0
2026-01-08 00:00:00-05:00,0.0029652,0.0,0.0029652,0.0,0.0019452,0.0,0.0028452,0.0,0.0028452,0.0,0.0021852,0.0,0.0023752,0.0,0.0023752,0.0,0.0031252,0.0,0.0023752,0.0,0.0023752,0.0,0.0026452,0.0,0.0023752,0.0,0.0023752,0.0,0.0026452,0.0,0.0023752,0.0,0.0023752,0.0,0.0026452,0.0
2026-01-09 00:00:00-05:00,0.0010152,0.0,0.0010152,0.0,0.0021652,0.0,0.0006852,0.0,0.0006852,0.0,0.0006852,0.0,-0.0002948,0.0,-0.0002948,0.0,-0.0002948,0.0,-0.0010448,-0.00039480000000000006,-0.0013248,-0.0007448,-0.0013248,-0.0007448,-0.00039480000000000006,-0.00039480000000000006,-0.00039480000000000006,-0.00039480000000000006,-0.00039480000000000006,-0.00039480000000000006,-0.00039480000000000006,-0.00039480000000000006,-0.00039480000000000006,-0.00039480000000000006,-0.00039480000000000006,-0.00039480000000000006
2026-01-12 00:00:00-05:00,0.0051052,0.0,0.0051052,0.0,0.0051052,0.0,0.0051052,0.0,0.0051052,0.0,0.0051052,0.0,0.0051052,0.0,0.0051052,0.0,0.0051052,0.0,0.0010852,0.0,0.0010852,0.0,0.0029452,0.0,1.5199999999999995e-05,0.0,1.5199999999999995e-05,0.0,1.5199999999999995e-05,0.0,-0.0004848,0.0,-0.0004848,0.0,-0.0004848,0.0
2026-01-13 00:00:00-05:00,-0.0005448,0.0,-0.0005448,0.0,-0.0005448,0.0,-0.0005448,0.0,-0.0005448,0.0,-0.0005448,0.0,-0.0012848,0.0,-0.0012848,0.0,-0.0012848,0.0,-0.0020448,0.0010752,-0.0006848000000000001,-0.0008048,-0.0006848000000000001,-0.0008048,-0.0020448,0.0010752,-0.0006848000000000001,-0.0008048,-0.0006848000000000001,-0.0008048,0.0008952,0.0008952,0.0008952,0.0008952,0.0008952,0.0008952
2026-01-14 00:00:00-05:00,-0.0021647999999999997,-0.0021647999999999997,-0.0010348,-0.0010348,-0.0010348,-0.0010348,-0.0021647999999999997,-0.0021647999999999997,-0.0012148,-0.0012148,-0.0012148,-0.0012148,-0.0021647999999999997,-0.0021647999999999997,-0.0012148,-0.0012148,-0.0012148,-0.0012148,-0.0024448,-0.0024448,-0.0010348,-0.0010348,-0.0010348,-0.0010348,0.0008351999999999999,0.0,-0.0016447999999999999,0.0,-0.0016447999999999999,0.0,0.00043519999999999995,0.0,0.00043519999999999995,0.0,0.00043519999999999995,0.0
2026-01-15 00:00:00-05:00,-0.0048648,0.0018752,-0.0019548,-0.0026048,-0.0019548,-0.0026048,0.0018752,0.0018752,-0.0031548,-0.0031548,-0.0031548,-0.0031548,0.0018752,0.0018752,-0.0031548,-0.0031548,-0.0031548,-0.0031548,-0.0045748,0.0016452,-0.0027748,0.0016452,-0.0027748,0.0016452,-0.0045748,0.0016452,-0.0027748,0.0016452,-0.0027748,0.0016452,0.0016452,0.0016452,0.0016452,0.0016452,0.0016452,0.0016452
2026-01-16 00:00:00-05:00,0.0038452,0.0038452,0.0038452,0.0038452,0.0017052,0.0017052,0.0031652,0.0031652,0.0031652,0.0031652,0.0030651999999999997,0.0030651999999999997,0.0027752,0.0027752,0.0027752,0.0027752,0.0027752,0.0027752,-0.0028148,0.0016952,-0.0009048000000000001,0.0016952,-0.0009048000000000001,0.0017252,0.0016952,0.0016952,0.0016952,0.0016952,0.0016952,0.0016952,0.0014752,0.0014752,0.0014752,0.0014752,0.0014752,0.0014752
2026-01-19 00:00:00-05:00,0.0013452000000000002,0.0,0.0013452000000000002,0.0,0.0013452000000000002,0.0,0.0013452000000000002,0.0,0.0013452000000000002,0.0,0.0013452000000000002,0.0,0.0013452000000000002,0.0,0.0013452000000000002,0.0,0.0013452000000000002,0.0,0.0020352,0.0,0.0020352,0.0,0.0028452,0.0,0.0017752,0.0,0.0017752,0.0,0.0017752,0.0,0.0010852,0.0,0.0010852,0.0,0.0010852,0.0
2026-01-20 00:00:00-05:00,0.0025751999999999997,-0.0051648,-0.0022648,-0.0018747999999999998,-0.0022648,-0.0018747999999999998,0.0025751999999999997,-0.0051648,-0.0022648,-0.0018747999999999998,-0.0022648,-0.0018747999999999998,0.0025751999999999997,-0.0051648,-0.0022648,-0.0018747999999999998,-0.0022648,-0.0018747999999999998,-0.004654800000000001,-0.004654800000000001,-0.0015647999999999999,-0.0015647999999999999,-0.0015647999999999999,-0.0015647999999999999,-0.0057448,-0.0057448,-0.0026548,-0.0026548,-0.0026548,-0.0026548,0.0,0.0,0.0,0.0,0.0,0.0
2026-01-21 00:00:00-05:00,-0.0036348,0.0013552000000000002,-0.0021448,0.0013552000000000002,-0.0021448,0.0013552000000000002,-0.0036348,0.0013552000000000002,-0.0021448,0.0013552000000000002,-0.0021448,0.0013552000000000002,0.0013552000000000002,0.0013552000000000002,0.0013552000000000002,0.0013552000000000002,0.0013552000000000002,0.0013552000000000002,0.0002152,0.0002152,-0.0011548,-0.0011548,-0.0011548,-0.0011548,-0.0014248,-0.00039480000000000006,-0.0016148,-0.00039480000000000006,-0.0016148,-0.00039480000000000006,-0.0014248,-0.00039480000000000006,-0.0016648,-0.00039480000000000006,-0.0016648,-0.00039480000000000006
2026-01-22 00:00:00-05:00,0.0006152,0.0006152,-0.0017847999999999998,-0.0017847999999999998,-0.0017847999999999998,-0.0017847999999999998,0.0006152,0.0006152,-0.0017847999999999998,-0.0017847999999999998,-0.0017847999999999998,-0.0017847999999999998,0.0006152,0.0006152,-0.0019848,-0.0019848,-0.0019848,-0.0019848,0.0006152,0.0006152,-0.0008048,-0.0008048,-0.0008048,-0.0008048,-0.0002948,-0.0002948,-0.0017147999999999998,-0.0017147999999999998,-0.0017147999999999998,-0.0017147999999999998,-0.0018147999999999999,0.0,-0.0018147999999999999,0.0,-0.0018147999999999999,0.0
2026-01-23 00:00:00-05:00,0.0025052,0.0025052,0.0025052,0.0025052,0.0039651999999999995,0.0039651999999999995,0.0025052,0.0025052,0.0025052,0.0025052,0.0039651999999999995,0.0039651999999999995,0.0023452,0.0023452,0.0023452,0.0023452,0.0023452,0.0023452,0.0004652,0.0004652,0.0004652,0.0004652,0.0004652,0.0004652,0.0001252,0.0001252,0.0001252,0.0001252,0.0001252,0.0001252,-1.4800000000000004e-05,-1.4800000000000004e-05,-1.4800000000000004e-05,-1.4800000000000004e-05,-1.4800000000000004e-05,-1.4800000000000004e-05
2026-01-26 00:00:00-05:00,0.0036652,0.0036652,0.0036652,0.0036652,0.0036652,0.0036652,0.0036652,0.0036652,0.0036652,0.0036652,0.0036652,0.0036652,0.0036652,0.0036652,0.0036652,0.0036652,0.0036652,0.0036652,0.0019452,0.0019452,0.0019452,0.0019452,0.0019452,0.0019452,0.0013852,0.0013852,0.0013852,0.0013852,0.0013852,0.0013852,0.0009452,0.0009452,0.0009452,0.0009452,0.0009452,0.0009452
2026-01-27 00:00:00-05:00,0.0049952,0.0049952,0.0049952,0.0049952,0.0031652,0.0031652,0.0042552,0.0042552,0.0042552,0.0042552,0.0046451999999999995,0.0046451999999999995,0.0042552,0.0042552,0.0042552,0.0042552,0.0046451999999999995,0.0046451999999999995,0.0035551999999999997,0.0035551999999999997,0.0035551999999999997,0.0035551999999999997,0.0015852000000000002,0.0015852000000000002,0.0035551999999999997,0.0035551999999999997,0.0035551999999999997,0.0035551999999999997,0.0015852000000000002,0.0015852000000000002,0.0028452,0.0028452,0.0028452,0.0028452,0.0030052,0.0030052
2026-01-28 00:00:00-05:00,0.0066752,0.0066752,0.0066752,0.0066752,0.0030052,0.0030052,0.0066752,0.0066752,0.0066752,0.0066752,0.0030052,0.0030052,0.0066752,0.0066752,0.0066752,0.0066752,0.0030052,0.0030052,-0.0044948,0.0033851999999999997,-0.0009948000000000001,0.0033851999999999997,-0.0009948000000000001,0.0018252000000000001,-0.0044948,0.0033851999999999997,-0.0009948000000000001,0.0033851999999999997,-0.0009948000000000001,0.0018252000000000001,-0.0048848,0.0033851999999999997,-0.0013847999999999998,0.0033851999999999997,-0.0013847999999999998,0.0022252
2026-01-29 00:00:00-05:00,-0.0055548,0.0,-0.0055548,0.0,-0.0055548,0.0,-0.0055548,0.0,-0.0055548,0.0,-0.0055548,0.0,-0.0055548,0.0,-0.0055548,0.0,-0.0055548,0.0,-0.0049648,0.0032952,-0.0014948,0.0032952,-0.0014948,0.0023452,0.0032952,0.0032952,0.0032952,0.0032952,0.0032952,0.0032952,0.0032952,0.0032952,0.0032952,0.0032952,0.0032952,0.0032952
2026-01-30 00:00:00-05:00,0.0072851999999999995,0.0,0.0072851999999999995,0.0,0.0072851999999999995,0.0,0.0064252,0.0,0.0064252,0.0,0.0064252,0.0,0.0064252,0.0,0.0064252,0.0,0.0064252,0.0,0.0072851999999999995,0.0,0.0072851999999999995,0.0,0.0032652,0.0,0.0064252,0.0,0.0064252,0.0,0.0049851999999999995,0.0,0.0024552000000000003,0.0,0.0024552000000000003,0.0,0.0024552000000000003,0.0
2026-02-02 00:00:00-05:00,-0.0078948,-0.0078948,-0.0058748,-0.0058748,-0.0058748,-0.0058748,-0.0078948,-0.0078948,-0.0069648,-0.0069648,-0.0069648,-0.0069648,-0.009414800000000001,-0.009414800000000001,-0.0084848,-0.0084848,-0.0084848,-0.0084848,0.0044052,0.0,0.0044052,0.0,0.0044052,0.0,0.0044052,0.0,0.0044052,0.0,0.0044052,0.0,0.0012351999999999999,0.0,0.0012351999999999999,0.0,0.0012351999999999999,0.0
2026-02-03 00:00:00-05:00,0.0028651999999999996,0.0028651999999999996,0.0028651999999999996,0.0028651999999999996,0.0028651999999999996,0.0028651999999999996,0.0024852,0.0024852,0.0024852,0.0024852,0.0024852,0.0024852,0.0012452,0.0012452,0.0012452,0.0012452,0.0012452,0.0012452,-0.0029548,0.0010952,-0.0017548,-0.0013047999999999998,-0.0017548,-0.0013047999999999998,-0.0029548,0.0005851999999999999,-0.0021148,0.0005851999999999999,-0.0021148,0.0005851999999999999,-0.0029548,0.0005851999999999999,-0.0021148,0.0005851999999999999,-0.0021148,0.0005851999999999999
2026-02-04 00:00:00-05:00,0.0030551999999999997,0.0030551999999999997,0.0030551999999999997,0.0030551999999999997,0.0030551999999999997,0.0030551999999999997,0.0022052,0.0022052,0.0022052,0.0022052,0.0022052,0.0022052,0.0022052,0.0022052,0.0022052,0.0022052,0.0022052,0.0022052,0.0022052,0.0022052,0.0022052,0.0022052,0.0022052,0.0022052,0.0012152,0.0012152,0.0012152,0.0012152,0.0012152,0.0012152,0.0012152,0.0012152,0.0012152,0.0012152,0.0012152,0.0012152
2026-02-05 00:00:00-05:00,4.5199999999999994e-05,-0.0031848000000000002,-0.0027148000000000003,-0.0027648,-0.0027148000000000003,-0.0027648,4.5199999999999994e-05,-0.0031848000000000002,-0.0027148000000000003,-0.0027648,-0.0027148000000000003,-0.0027648,-0.0033048,-0.0033048,-0.0034448,-0.0034448,-0.0034448,-0.0034448,0.0012251999999999999,0.0,0.0012251999999999999,0.0,0.0012251999999999999,0.0,0.0012251999999999999,0.0,0.0012251999999999999,0.0,0.0012251999999999999,0.0,0.0012251999999999999,0.0,0.0012251999999999999,0.0,0.0012251999999999999,0.0
2026-02-06 00:00:00-05:00,-0.0037574,0.0015425999999999999,-0.0021074,0.0015425999999999999,-0.0021074,0.0015425999999999999,-0.0041674,0.0015425999999999999,-0.0025174,0.0015425999999999999,-0.0025174,0.0015425999999999999,-0.0055324,0.0015425999999999999,-0.0038824000000000003,0.0015425999999999999,-0.0038824000000000003,0.0015425999999999999,-0.0041374,0.0015425999999999999,-0.0017824000000000002,0.0015425999999999999,-0.0017824000000000002,0.0015425999999999999,0.0015425999999999999,0.0015425999999999999,0.0015425999999999999,0.0015425999999999999,0.0015425999999999999,0.0015425999999999999,-0.00016240000000000002,-0.00016240000000000002,-0.00016240000000000002,-0.00016240000000000002,-0.00016240000000000002,-0.00016240000000000002
2026-02-09 00:00:00-05:00,-0.0022724,-0.0022724,-0.0024974,-0.0024974,-0.0024974,-0.0024974,-0.0022724,-0.0022724,-0.0024974,-0.0024974,-0.0024974,-0.0024974,-0.0033974,-0.0033974,-0.0036224,-0.0036224,-0.0036224,-0.0036224,0.0012376000000000002,0.0,-0.0008923999999999999,0.0,-0.0008923999999999999,0.0,0.0012376000000000002,0.0,-0.0008923999999999999,0.0,-0.0008923999999999999,0.0,0.0005876,0.0,0.0005876,0.0,0.0005876,0.0
2026-02-10 00:00:00-05:00,-0.00023740000000000002,0.0,-0.00023740000000000002,0.0,-0.00023740000000000002,0.0,-0.00023740000000000002,0.0,-0.00023740000000000002,0.0,-0.00023740000000000002,0.0,-0.0006523999999999999,0.0,-0.0006523999999999999,0.0,-0.0006523999999999999,0.0,-0.0005824000000000001,-2.7400000000000002e-05,-0.0004424,-0.0005224,-0.0004424,-0.0005224,-0.0008824,-2.7400000000000002e-05,-0.0007423999999999999,-0.0007474,-0.0007423999999999999,-0.0007474,-0.0010123999999999999,-8.74e-05,-0.0010724,-0.0010724,-0.0010724,-0.0010724
2026-02-11 00:00:00-05:00,-0.0002474,-0.0002474,-0.0005774,-0.0005774,0.0010726000000000002,0.0010726000000000002,-0.00040740000000000004,-0.00040740000000000004,-0.0007373999999999999,-0.0007373999999999999,-0.0007373999999999999,-0.0007373999999999999,-0.00040740000000000004,-0.00040740000000000004,-0.0007373999999999999,-0.0007373999999999999,-0.0007373999999999999,-0.0007373999999999999,-0.0008874,-0.0008874,-0.00048740000000000003,-0.00048740000000000003,-0.00048740000000000003,-0.00048740000000000003,-0.0010574,-0.0010574,-0.0006573999999999999,-0.0006573999999999999,-0.0006573999999999999,-0.0006573999999999999,-0.0011424,-0.0011424,-0.0007423999999999999,-0.0007423999999999999,-0.0007423999999999999,-0.0007423999999999999
2026-02-12 00:00:00-05:00,-0.0022674,0.0009076,-0.0011524,0.0009076,-0.0011524,0.0009076,-0.0025574,0.0009076,-0.0014424000000000001,0.0009076,-0.0014424000000000001,0.0009076,0.0009076,0.0009076,0.0009076,0.0009076,0.0009076,0.0009076,-0.0020074,0.0013775999999999999,-0.0005624,0.0013775999999999999,-0.0005624,0.0010026,0.0011326,0.0011326,0.0011326,0.0011326,0.0011326,0.0011326,0.0006476,0.0006476,0.0006476,0.0006476,0.0006476,0.0006476
2026-02-13 00:00:00-05:00,0.00023759999999999997,-0.0021624,-0.0018124,-0.0010974,-0.0018124,-0.0010974,0.00023759999999999997,0.0,-0.0019374000000000001,0.0,-0.0019374000000000001,0.0,-9.24e-05,0.0,-9.24e-05,0.0,-9.24e-05,0.0,-0.0014624,-0.0014624,-0.0017974,-0.0017974,-0.0017974,-0.0017974,-0.0015774,-0.0015774,-0.0019124,-0.0019124,-0.0019124,-0.0019124,-0.0015774,-0.0015774,-0.0019124,-0.0019124,-0.0019124,-0.0019124
2026-02-16 00:00:00-05:00,0.00046259999999999997,0.00046259999999999997,0.00046259999999999997,0.00046259999999999997,0.00046259999999999997,0.00046259999999999997,0.00046259999999999997,0.00046259999999999997,0.00046259999999999997,0.00046259999999999997,0.00046259999999999997,0.00046259999999999997,0.00037759999999999996,0.00037759999999999996,0.00037759999999999996,0.00037759999999999996,0.00037759999999999996,0.00037759999999999996,0.00021759999999999998,0.00021759999999999998,-0.0005624,-0.0005624,-0.0005624,-0.0005624,0.00021759999999999998,0.00021759999999999998,-0.0005624,-0.0005624,-0.0005624,-0.0005624,-0.00023740000000000002,-0.00023740000000000002,-0.0010174,-0.0010174,-0.0010174,-0.0010174
2026-02-17 00:00:00-05:00,-0.0028774,0.0005676,-0.0013074,0.0005676,-0.0013074,0.0005676,-0.0028774,0.0005676,-0.0013074,0.0005676,-0.0013074,0.0005676,0.0005676,0.0005676,0.0005676,0.0005676,0.0005676,0.0005676,0.0024276,0.0024276,0.0024276,0.0024276,0.0017125999999999999,0.0017125999999999999,0.0022676,0.0022676,0.0022676,0.0022676,0.0020326,0.0020326,-0.0004424,-0.0004424,-0.0004424,-0.0004424,-0.0004424,-0.0004424
2026-02-18 00:00:00-05:00,-0.0021974,-0.0021974,-0.0012473999999999999,-0.0012473999999999999,-0.0012473999999999999,-0.0012473999999999999,-0.0022774,-0.0022774,-0.0013274,-0.0013274,-0.0013274,-0.0013274,0.0009026,0.0,0.0009026,0.0,0.0009026,0.0,0.0017526,0.0,0.0017526,0.0,0.0013825999999999999,0.0,0.0017526,0.0,0.0017526,0.0,0.0013825999999999999,0.0,0.0016326,0.0,0.0016326,0.0,0.0016225999999999999,0.0
2026-02-19 00:00:00-05:00,-0.0017724000000000001,-0.0017724000000000001,-0.0012774,-0.0012774,-0.0012774,-0.0012774,-0.0017724000000000001,-0.0017724000000000001,-0.0012774,-0.0012774,-0.0012774,-0.0012774,-0.0017724000000000001,-0.0017724000000000001,-0.0012774,-0.0012774,-0.0012774,-0.0012774,0.00046259999999999997,0.0,0.00046259999999999997,0.0,0.00046259999999999997,0.0,0.00046259999999999997,0.0,0.00046259999999999997,0.0,0.00046259999999999997,0.0,0.00046259999999999997,0.0,0.00046259999999999997,0.0,0.00046259999999999997,0.0
2026-02-20 00:00:00-05:00,0.0012825999999999998,0.0,0.0012825999999999998,0.0,0.0011926,0.0,0.0008826000000000001,0.0,0.0008826000000000001,0.0,0.0008826000000000001,0.0,0.0006276,0.0,0.0006276,0.0,0.0006276,0.0,-0.0005674,-0.0005674,-0.0008623999999999999,-0.0008623999999999999,-0.0008623999999999999,-0.0008623999999999999,-0.0005674,-0.0005674,-0.0008623999999999999,-0.0008623999999999999,-0.0008623999999999999,-0.0008623999999999999,-0.0006873999999999999,-0.0006873999999999999,-0.0009824,-0.0009824,-0.0009824,-0.0009824
2026-02-23 00:00:00-05:00,0.0021676,0.0021676,0.0021676,0.0021676,0.0020326,0.0020326,0.0012676,0.0012676,0.0012676,0.0012676,0.0012676,0.0012676,0.0007226,0.0007226,0.0007226,0.0007226,0.0007226,0.0007226,-0.0016274,-0.0016274,-0.0011874,-0.0011874,-0.0011874,-0.0011874,-0.0016274,-0.0016274,-0.0013224,-0.0013224,-0.0013224,-0.0013224,-0.0016274,-0.0016274,-0.0013224,-0.0013224,-0.0013224,-0.0013224
2026-02-24 00:00:00-05:00,0.0002426,0.0,0.0002426,0.0,0.0002426,0.0,0.0002426,0.0,0.0002426,0.0,0.0002426,0.0,7.26e-05,0.0,7.26e-05,0.0,7.26e-05,0.0,0.00020759999999999998,0.0,0.00020759999999999998,0.0,0.0010026,0.0,-8.74e-05,0.0,-8.74e-05,0.0,-8.74e-05,0.0,-8.74e-05,0.0,-8.74e-05,0.0,-8.74e-05,0.0
2026-02-25 00:00:00-05:00,8.26e-05,0.0,8.26e-05,0.0,0.0015026,0.0,8.26e-05,0.0,8.26e-05,0.0,0.0015026,0.0,-0.0005224,0.0,-0.0005224,0.0,-0.0005224,0.0,-0.0012674,9.76e-05,-0.0007373999999999999,9.76e-05,-0.0007373999999999999,9.76e-05,-0.0014874,9.76e-05,-0.0009574,9.76e-05,-0.0009574,9.76e-05,9.76e-05,9.76e-05,9.76e-05,9.76e-05,9.76e-05,9.76e-05
2026-02-26 00:00:00-05:00,7.76e-05,7.76e-05,7.76e-05,7.76e-05,7.76e-05,7.76e-05,7.76e-05,7.76e-05,7.76e-05,7.76e-05,7.76e-05,7.76e-05,0.0,0.0,0.0,0.0,0.0,0.0,-0.0014974,-0.0014974,-0.0009473999999999999,-0.0009473999999999999,-0.0009473999999999999,-0.0009473999999999999,0.0,0.0,0.0,0.0,0.0,0.0,0.0,0.0,0.0,0.0,0.0,0.0
2026-02-27 00:00:00-05:00,0.0008026000000000001,0.0,0.0008026000000000001,0.0,0.0008026000000000001,0.0,0.0006876,0.0,0.0006876,0.0,0.0006876,0.0,0.0006876,0.0,0.0006876,0.0,0.0006876,0.0,0.0012326000000000001,0.0,0.0012326000000000001,0.0,0.0012326000000000001,0.0,0.0010076,0.0,0.0010076,0.0,0.0010076,0.0,0.0010076,0.0,0.0010076,0.0,0.0010076,0.0
2026-03-02 00:00:00-05:00,-0.0062574,0.0,-0.0044624,0.0,-0.0044624,0.0,-0.0062574,0.0,-0.0044624,0.0,-0.0044624,0.0,-0.0062574,0.0,-0.0044624,0.0,-0.0044624,0.0,0.0045325999999999995,0.0045325999999999995,0.0045325999999999995,0.0045325999999999995,0.0045325999999999995,0.0045325999999999995,0.0045325999999999995,0.0045325999999999995,0.0045325999999999995,0.0045325999999999995,0.0045325999999999995,0.0045325999999999995,0.0045325999999999995,0.0045325999999999995,0.0045325999999999995,0.0045325999999999995,0.0045325999999999995,0.0045325999999999995
2026-03-03 00:00:00-05:00,0.0055926,0.0055926,0.0055926,0.0055926,0.0021525999999999997,0.0021525999999999997,0.0054026,0.0054026,0.0054026,0.0054026,0.0025326,0.0025326,0.0051926,0.0051926,0.0051926,0.0051926,0.0029526,0.0029526,0.0044426,0.0044426,0.0044426,0.0044426,0.0022826,0.0022826,0.0044426,0.0044426,0.0044426,0.0044426,0.0024825999999999997,0.0024825999999999997,0.0034376,0.0034376,0.0034376,0.0034376,0.0034376,0.0034376
2026-03-04 00:00:00-05:00,-0.0027224000000000003,-8.24e-05,-0.0024724,-8.24e-05,-0.0024724,-8.24e-05,-0.0027224000000000003,-8.24e-05,-0.0024724,-8.24e-05,-0.0024724,-8.24e-05,-0.0027224000000000003,-8.24e-05,-0.0024724,-8.24e-05,-0.0024724,-8.24e-05,-8.24e-05,-8.24e-05,-8.24e-05,-8.24e-05,-8.24e-05,-8.24e-05,-0.0007224,-0.0007224,-0.0007224,-0.0007224,-0.0007224,-0.0007224,-0.0007224,-0.0007224,-0.0007224,-0.0007224,-0.0007224,-0.0007224
2026-03-05 00:00:00-05:00,-0.0021874,0.0002576,-0.0008223999999999999,0.0002576,-0.0008223999999999999,0.0002576,-0.0021874,0.0002576,-0.0008223999999999999,0.0002576,-0.0008223999999999999,0.0002576,-0.0025724000000000003,0.0002576,-0.0012074,0.0002576,-0.0012074,0.0002576,0.0015576,0.0015576,0.0015576,0.0015576,0.0025926,0.0025926,0.0002576,0.0002576,0.0002576,0.0002576,0.0002576,0.0002576,-0.0006573999999999999,-0.0006573999999999999,-0.0006573999999999999,-0.0006573999999999999,-0.0006573999999999999,-0.0006573999999999999
2026-03-06 00:00:00-05:00,0.0015225999999999998,0.0,0.0015225999999999998,0.0,0.0018326,0.0,0.0013076,0.0,0.0013076,0.0,0.0013076,0.0,0.0009526000000000001,0.0,0.0009526000000000001,0.0,0.0009526000000000001,0.0,-0.0012824000000000002,-0.0012824000000000002,-0.0005924,-0.0005924,-0.0005924,-0.0005924,0.00041759999999999996,0.0,0.00041759999999999996,0.0,0.00041759999999999996,0.0,0.00041759999999999996,0.0,0.00041759999999999996,0.0,0.00041759999999999996,0.0
2026-03-09 00:00:00-04:00,-0.0006674,-0.0006674,-0.0006674,-0.0006674,-0.0006674,-0.0006674,-0.0006674,-0.0006674,-0.0006674,-0.0006674,-0.0006674,-0.0006674,-0.0006674,-0.0006674,-0.0006674,-0.0006674,-0.0006674,-0.0006674,-0.0016024000000000001,-0.0016024000000000001,-0.0014824,-0.0014824,0.0028826,0.0028826,-0.0028074000000000003,-0.0028074000000000003,-0.0026874,-0.0026874,-0.0026874,-0.0026874,-0.0032024,-0.0032024,-0.0030824,-0.0030824,-0.0030824,-0.0030824
2026-03-10 00:00:00-04:00,-0.0015474,-0.0015474,-0.0021424,-0.0021424,-0.0021424,-0.0021424,-0.0016274,-0.0016274,-0.0022224000000000002,-0.0022224000000000002,-0.0022224000000000002,-0.0022224000000000002,-0.0016274,-0.0016274,-0.0022224000000000002,-0.0022224000000000002,-0.0022224000000000002,-0.0022224000000000002,0.0009376,0.0,0.0009376,0.0,0.0009376,0.0,0.0001926,0.0,0.0001926,0.0,0.0001926,0.0,-0.0004174,0.0,-0.0004174,0.0,-0.0004174,0.0
2026-03-11 00:00:00-04:00,-0.0014174,-0.0014174,-0.0009023999999999999,-0.0009023999999999999,-0.0009023999999999999,-0.0009023999999999999,-0.0014974,-0.0014974,-0.0010724,-0.0010724,-0.0010724,-0.0010724,-0.0003774,0.0,-0.0003774,0.0,-0.0003774,0.0,-0.0007124,0.0,-0.0013524000000000001,0.0,-0.0013524000000000001,0.0,-0.0010674,0.0,-0.0017074000000000002,0.0,-0.0017074000000000002,0.0,-0.0010674,0.0,-0.0017074000000000002,0.0,-0.0017074000000000002,0.0
2026-03-12 00:00:00-04:00,0.0012376000000000002,0.0012376000000000002,0.0012376000000000002,0.0012376000000000002,0.0030526,0.0030526,0.00027259999999999996,0.00027259999999999996,0.00027259999999999996,0.00027259999999999996,0.00027259999999999996,0.00027259999999999996,-7.400000000000002e-06,-7.400000000000002e-06,-7.400000000000002e-06,-7.400000000000002e-06,-7.400000000000002e-06,-7.400000000000002e-06,0.00012759999999999998,-0.0014074,-0.0011874,-0.0010424,-0.0011874,-0.0010424,0.00012759999999999998,-0.0019074,-0.0012573999999999999,-0.0015424000000000002,-0.0012573999999999999,-0.0015424000000000002,-7.74e-05,-0.0019074,-0.0014624,-0.0018274,-0.0014624,-0.0018274
2026-03-13 00:00:00-04:00,-0.0022474,0.0009376,-0.0011024,-0.0011974,-0.0011024,-0.0011974,-0.0022474,0.0009376,-0.0011024,-0.0011974,-0.0011024,-0.0011974,-0.0024524,0.0009376,-0.0013074,-0.0014774,-0.0013074,-0.0014774,-0.0025174,0.0,-0.0023024,0.0,-0.0023024,0.0,-0.0035474,0.0,-0.0033324,0.0,-0.0033324,0.0,-0.0035474,0.0,-0.0033324,0.0,-0.0033324,0.0
2026-03-16 00:00:00-04:00,0.0028975999999999997,0.0,0.0028975999999999997,0.0,0.0028975999999999997,0.0,0.0028975999999999997,0.0,0.0028975999999999997,0.0,0.0028975999999999997,0.0,0.0016426,0.0,0.0016426,0.0,0.0016426,0.0,0.0005176,0.0,0.0005176,0.0,0.0005176,0.0,0.0005176,0.0,0.0005176,0.0,0.0005176,0.0,0.0005176,0.0,0.0005176,0.0,0.0005176,0.0
2026-03-17 00:00:00-04:00,0.0016376,0.0016376,-0.0008273999999999999,-0.0008273999999999999,-0.0008273999999999999,-0.0008273999999999999,0.0015325999999999998,0.0015325999999999998,-0.0009323999999999999,-0.0009323999999999999,-0.0009323999999999999,-0.0009323999999999999,0.0013775999999999999,0.0013775999999999999,0.0013775999999999999,0.0013775999999999999,0.0013775999999999999,0.0013775999999999999,0.0013775999999999999,0.0013775999999999999,0.0013775999999999999,0.0013775999999999999,0.0013775999999999999,0.0013775999999999999,0.0011526000000000002,0.0011526000000000002,0.0011526000000000002,0.0011526000000000002,0.0011526000000000002,0.0011526000000000002,0.0006876,0.0006876,0.0006876,0.0006876,0.0006876,0.0006876
2026-03-18 00:00:00-04:00,-0.0037224000000000003,-0.0037224000000000003,-0.0006674,-0.0006674,-0.0006674,-0.0006674,-0.0037224000000000003,-0.0037224000000000003,-0.0006674,-0.0006674,-0.0006674,-0.0006674,0.0029625999999999997,0.0,0.0029625999999999997,0.0,0.0016326,0.0,0.0025326,0.0,0.0025326,0.0,0.0022126,0.0,0.0021926,0.0,0.0021926,0.0,0.0021926,0.0,0.0017875999999999999,0.0,0.0017875999999999999,0.0,0.0017875999999999999,0.0
2026-03-19 00:00:00-04:00,-0.0004174,-0.0004174,-0.0008623999999999999,-0.0008623999999999999,-0.0008623999999999999,-0.0008623999999999999,-0.0006973999999999999,-0.0006973999999999999,-0.0011424,-0.0011424,-0.0011424,-0.0011424,-0.0005974,0.0,-0.0005974,0.0,-0.0005974,0.0,-0.0002124,-0.0002124,-0.0009924,-0.0009924,-0.0009924,-0.0009924,-0.00030240000000000003,-0.00030240000000000003,-0.0010823999999999999,-0.0010823999999999999,-0.0010823999999999999,-0.0010823999999999999,-0.0010224,0.0,-0.0013924,0.0,-0.0013924,0.0
2026-03-20 00:00:00-04:00,0.0011476000000000001,0.0011476000000000001,-0.0012324,-0.0012324,-0.0012324,-0.0012324,0.0011476000000000001,0.0011476000000000001,-0.0012324,-0.0012324,-0.0012324,-0.0012324,0.0011476000000000001,0.0011476000000000001,-0.0012324,-0.0012324,-0.0012324,-0.0012324,-0.0023674,0.0007676,-0.0013274,0.0007676,-0.0013274,0.0007676,-0.0023674,0.0007676,-0.0013574000000000001,0.0007676,-0.0013574000000000001,0.0007676,-0.0023674,0.0007676,-0.0014174,0.0007676,-0.0014174,0.0007676
2026-03-23 00:00:00-04:00,-0.0037774,0.0,-0.0031174,0.0,-0.0031174,0.0,0.0,0.0,0.0,0.0,0.0,0.0,0.0,0.0,0.0,0.0,0.0,0.0,-0.0043924,0.0021976,-0.0020524000000000002,-0.0021474000000000003,-0.0020524000000000002,-0.0021474000000000003,0.0021976,0.0021976,0.0021976,0.0021976,0.0021976,0.0021976,0.0,0.0,0.0,0.0,0.0,0.0
2026-03-24 00:00:00-04:00,-0.0013474000000000001,-0.00019740000000000003,-0.0013574000000000001,-0.00019740000000000003,-0.0013574000000000001,0.0025726,-0.0013474000000000001,-0.00019740000000000003,-0.0013574000000000001,-0.00019740000000000003,-0.0013574000000000001,0.0029026,-0.00019740000000000003,-0.00019740000000000003,-0.00019740000000000003,-0.00019740000000000003,-0.00019740000000000003,-0.00019740000000000003,-0.0008874,-0.0008874,-0.0008874,-0.0008874,-0.0008874,-0.0008874,-0.0017224,-0.0017224,-0.0017224,-0.0017224,-0.0017224,-0.0017224,-0.0022674,-0.0022674,-0.0022674,-0.0022674,-0.0022674,-0.0022674
2026-03-25 00:00:00-04:00,0.0003926,0.0003926,-0.0011773999999999999,-0.0011773999999999999,-0.0011773999999999999,-0.0011773999999999999,-0.0018174,-0.00034240000000000003,-0.0018024,-0.00034240000000000003,-0.0018024,-0.00034240000000000003,-0.0018174,-0.00034240000000000003,-0.0018024,-0.00034240000000000003,-0.0018024,-0.00034240000000000003,-0.0018174,-0.00034240000000000003,-0.0017324,-0.00034240000000000003,-0.0017324,-0.00034240000000000003,-0.0018174,-0.00034240000000000003,-0.0017324,-0.00034240000000000003,-0.0017324,-0.00034240000000000003,-0.00034240000000000003,-0.00034240000000000003,-0.00034240000000000003,-0.00034240000000000003,-0.00034240000000000003,-0.00034240000000000003
2026-03-26 00:00:00-04:00,0.0008076,0.0008076,-0.0007773999999999999,-0.0007773999999999999,-0.0007773999999999999,-0.0007773999999999999,0.0004976,0.0004976,-0.0010873999999999999,-0.0010873999999999999,-0.0010873999999999999,-0.0010873999999999999,0.0001926,0.0001926,-0.0013924,-0.0013924,-0.0013924,-0.0013924,-0.0016774000000000001,-0.0003824,-0.0011324,-0.0014724,-0.0011324,-0.0014724,-0.0003824,-0.0003824,-0.0027924,-0.0027924,-0.0027924,-0.0027924,-0.0003824,-0.0003824,-0.0027924,-0.0027924,-0.0027924,-0.0027924
2026-03-27 00:00:00-04:00,0.0004876,-0.0016474,-0.0010624,-0.0010073999999999999,-0.0010624,-0.0010073999999999999,0.0001126,-0.0016474,-0.0014374000000000001,-0.0011974,-0.0014374000000000001,-0.0011974,0.0001126,-0.0016474,-0.0014374000000000001,-0.0013274,-0.0014374000000000001,-0.0013274,-0.0009423999999999999,-0.0009423999999999999,-0.0010274,-0.0010274,-0.0010274,-0.0010274,-0.0017824000000000002,-0.0017824000000000002,-0.0018674000000000002,-0.0018674000000000002,-0.0018674000000000002,-0.0018674000000000002,-0.0002474,0.0,-0.0002474,0.0,-0.0002474,0.0
2026-03-30 00:00:00-04:00,0.0033076,-0.0052774,-0.0018124,-0.0019274000000000001,-0.0018124,-0.0019274000000000001,-0.0052774,-0.0052774,-0.0023174000000000003,-0.0023174000000000003,-0.0023174000000000003,-0.0023174000000000003,-0.0052774,-0.0052774,-0.0023174000000000003,-0.0023174000000000003,-0.0023174000000000003,-0.0023174000000000003,0.0030326,0.0,0.0030326,0.0,0.0030326,0.0,0.0024026,0.0,0.0024026,0.0,0.0024026,0.0,0.0024026,0.0,0.0024026,0.0,0.0024026,0.0
2026-03-31 00:00:00-04:00,-0.0037374,-0.0037374,-0.0008374,-0.0008374,0.0015926,0.0015926,-0.0037374,-0.0037374,-0.0008374,-0.0008374,0.0015926,0.0015926,-0.0046874,-0.0046874,-0.0017874000000000002,-0.0017874000000000002,-0.0017874000000000002,-0.0017874000000000002,-0.0060874,-0.0060874,-0.0019124,-0.0019124,-0.0019124,-0.0019124,0.0026576,0.0,0.0026576,0.0,0.0026576,0.0,-0.0004774,0.0,-0.0004774,0.0,-0.0004774,0.0
2026-04-01 00:00:00-04:00,0.0038076,0.0,0.0038076,0.0,0.0038526,0.0,0.0038076,0.0,0.0038076,0.0,0.0038526,0.0,0.0038076,0.0,0.0038076,0.0,0.0038526,0.0,-0.0033574,-0.0033574,-0.0009574,-0.0009574,-0.0009574,-0.0009574,-0.0033574,-0.0033574,-0.0009574,-0.0009574,-0.0009574,-0.0009574,-0.0036274000000000002,-0.0036274000000000002,-0.0012274,-0.0012274,-0.0012274,-0.0012274
2026-04-02 00:00:00-04:00,0.0069276,0.0069276,-0.0008424,-0.0008424,-0.0008424,-0.0008424,0.0069276,0.0069276,-0.0008424,-0.0008424,-0.0008424,-0.0008424,-0.0082274,0.0066825999999999995,-0.0013924,-0.0010873999999999999,-0.0013924,-0.0010873999999999999,-0.0082274,0.0066825999999999995,-0.0014274000000000001,-0.0007023999999999999,-0.0014274000000000001,0.0013226,-0.0082274,0.0066825999999999995,-0.0014274000000000001,-0.0007373999999999999,-0.0014274000000000001,-0.0007373999999999999,0.0066825999999999995,0.0066825999999999995,0.0066825999999999995,0.0066825999999999995,0.0037426,0.0037426
2026-04-03 00:00:00-04:00,0.0006876,0.0006876,-0.0005474,-0.0005474,-0.0005474,-0.0005474,-0.0018624000000000002,0.0002826,-0.0013774000000000002,0.0002826,-0.0013774000000000002,0.0002826,-0.0018624000000000002,0.0002826,-0.0013774000000000002,0.0002826,-0.0013774000000000002,0.0002826,0.0011276,0.0011276,0.0011276,0.0011276,0.0011276,0.0011276,0.0011276,0.0011276,0.0011276,0.0011276,0.0011276,0.0011276,0.0011276,0.0011276,0.0011276,0.0011276,0.0011276,0.0011276
2026-04-06 00:00:00-04:00,0.0019576,0.0,0.0019576,0.0,0.0019576,0.0,0.0019576,0.0,0.0019576,0.0,0.0019576,0.0,0.0019576,0.0,0.0019576,0.0,0.0019576,0.0,0.0014325999999999998,0.0,0.0014325999999999998,0.0,0.0014325999999999998,0.0,0.0009076,0.0,0.0009076,0.0,0.0009076,0.0,0.0006876,0.0,0.0006876,0.0,0.0006876,0.0
2026-04-07 00:00:00-04:00,0.0014026,0.0014026,0.0014026,0.0014026,0.0027526,0.0027526,0.0011176,0.0011176,0.0011176,0.0011176,0.0011176,0.0011176,0.0009926,0.0009926,0.0009926,0.0009926,0.0009926,0.0009926,-0.0021224,0.0006876,-0.0014024,0.0006876,-0.0014024,0.0018026,0.0006876,0.0006876,0.0006876,0.0006876,0.0006876,0.0006876,0.0006876,0.0006876,0.0006876,0.0006876,0.0006876,0.0006876
2026-04-08 00:00:00-04:00,0.0101576,0.0,0.0101576,0.0,0.0068525999999999995,0.0,0.0101576,0.0,0.0101576,0.0,0.0068525999999999995,0.0,0.0045026,0.0,0.0045026,0.0,0.0045026,0.0,-0.0031174,-0.0031174,-0.0015424000000000002,-0.0015424000000000002,-0.0015424000000000002,-0.0015424000000000002,-0.0031174,-0.0031174,-0.0015424000000000002,-0.0015424000000000002,-0.0015424000000000002,-0.0015424000000000002,0.0013575999999999998,0.0,0.0013575999999999998,0.0,0.0013575999999999998,0.0
2026-04-09 00:00:00-04:00,-0.00032240000000000003,-0.00032240000000000003,-0.00032240000000000003,-0.00032240000000000003,-0.00032240000000000003,-0.00032240000000000003,-0.0007673999999999999,-0.0007673999999999999,-0.0007673999999999999,-0.0007673999999999999,-0.0007673999999999999,-0.0007673999999999999,-0.0007673999999999999,-0.0007673999999999999,-0.0007673999999999999,-0.0007673999999999999,-0.0007673999999999999,-0.0007673999999999999,-0.0008923999999999999,-0.0008923999999999999,-0.0006824,-0.0006824,-0.0006824,-0.0006824,-0.0008923999999999999,-0.0008923999999999999,-0.0008024,-0.0008024,-0.0008024,-0.0008024,-0.0008923999999999999,-0.0008923999999999999,-0.0008024,-0.0008024,-0.0008024,-0.0008024
2026-04-10 00:00:00-04:00,-0.0002674,-0.0002674,-0.0007823999999999999,-0.0007823999999999999,-0.0007823999999999999,-0.0007823999999999999,-0.00044740000000000003,-0.00044740000000000003,-0.0009624,-0.0009624,-0.0009624,-0.0009624,-0.0006174,-0.0006174,-0.0011324,-0.0011324,-0.0011324,-0.0011324,4.76e-05,0.0,4.76e-05,0.0,0.0007626000000000001,0.0,-0.00020740000000000003,0.0,-0.00020740000000000003,0.0,0.0012726,0.0,-0.0010174,0.0,-0.0010174,0.0,-0.0010174,0.0
2026-04-13 00:00:00-04:00,0.0017276,0.0,0.0017276,0.0,0.0017276,0.0,0.0017276,0.0,0.0017276,0.0,0.0017276,0.0,0.0017276,0.0,0.0017276,0.0,0.0017276,0.0,0.0020025999999999998,0.0,0.0020025999999999998,0.0,0.0020025999999999998,0.0,0.0020025999999999998,0.0,0.0020025999999999998,0.0,0.0020025999999999998,0.0,0.0009276000000000001,0.0,0.0009276000000000001,0.0,0.0009276000000000001,0.0
2026-04-14 00:00:00-04:00,-0.0005774,0.0,-0.0009724,0.0,-0.0009724,0.0,-0.0005774,0.0,-0.0009724,0.0,-0.0009724,0.0,-0.0005774,0.0,-0.0009724,0.0,-0.0009724,0.0,-0.00019240000000000001,0.0,-0.00019240000000000001,0.0,-0.00019240000000000001,0.0,-0.00019240000000000001,0.0,-0.00019240000000000001,0.0,-0.00019240000000000001,0.0,0.0,0.0,0.0,0.0,0.0,0.0
2026-04-15 00:00:00-04:00,-0.0008573999999999999,0.0,-0.0010873999999999999,0.0,-0.0010873999999999999,0.0,-0.0008573999999999999,0.0,-0.0010873999999999999,0.0,-0.0010873999999999999,0.0,-0.0008573999999999999,0.0,-0.0010873999999999999,0.0,-0.0010873999999999999,0.0,0.00021759999999999998,0.00021759999999999998,-0.00046740000000000003,-0.00046740000000000003,-0.00046740000000000003,-0.00046740000000000003,0.00021759999999999998,0.00021759999999999998,-0.00048740000000000003,-0.00048740000000000003,-0.00048740000000000003,-0.00048740000000000003,-0.0008573999999999999,0.0,-0.0007124,0.0,-0.0007124,0.0
2026-04-16 00:00:00-04:00,0.0019925999999999998,0.0,0.0019925999999999998,0.0,0.0013625999999999998,0.0,0.0019925999999999998,0.0,0.0019925999999999998,0.0,0.0013625999999999998,0.0,0.0016576,0.0,0.0016576,0.0,0.0016576,0.0,0.0011426000000000001,0.0,0.0011426000000000001,0.0,0.0012026,0.0,0.0008476,0.0,0.0008476,0.0,0.0008476,0.0,0.0005026,0.0,0.0005026,0.0,0.0005026,0.0
2026-04-17 00:00:00-04:00,-0.0005824000000000001,0.0,-0.0007874,0.0,-0.0007874,0.0,-0.0006224000000000001,0.0,-0.0008273999999999999,0.0,-0.0008273999999999999,0.0,-0.0006973999999999999,0.0,-0.0009023999999999999,0.0,-0.0009023999999999999,0.0,-0.0006973999999999999,-5.24e-05,-0.0006774,-5.24e-05,-0.0006774,-5.24e-05,-5.24e-05,-5.24e-05,-5.24e-05,-5.24e-05,-5.24e-05,-5.24e-05,-5.24e-05,-5.24e-05,-5.24e-05,-5.24e-05,-5.24e-05,-5.24e-05
2026-04-20 00:00:00-04:00,0.0003926,0.0,0.0003926,0.0,0.0003926,0.0,0.0003926,0.0,0.0003926,0.0,0.0003926,0.0,0.00021759999999999998,0.0,0.00021759999999999998,0.0,0.00021759999999999998,0.0,0.00047759999999999995,0.0,-0.0009624,0.0,-0.0009624,0.0,0.00047759999999999995,0.0,-0.0009624,0.0,-0.0009624,0.0,0.0002626,0.0,-0.0011773999999999999,0.0,-0.0011773999999999999,0.0
2026-04-21 00:00:00-04:00,0.0004976,0.0004976,0.0004976,0.0004976,0.0004976,0.0004976,0.0004976,0.0004976,0.0004976,0.0004976,0.0004976,0.0004976,0.0004976,0.0004976,0.0004976,0.0004976,0.0004976,0.0004976,-0.0011024,0.00047759999999999995,-0.0005824000000000001,-0.0005274,-0.0005824000000000001,-0.0005274,-0.0011024,0.00047759999999999995,-0.0005824000000000001,-0.0005474,-0.0005824000000000001,-0.0005474,0.0,0.0,0.0,0.0,0.0,0.0
2026-04-22 00:00:00-04:00,0.0012676,0.0012676,0.0012676,0.0012676,0.0012676,0.0012676,0.0012676,0.0012676,0.0012676,0.0012676,0.0012676,0.0012676,0.0012676,0.0012676,0.0012676,0.0012676,0.0012676,0.0012676,0.0004976,0.0004976,-0.0008123999999999999,-0.0008123999999999999,-0.0008123999999999999,-0.0008123999999999999,0.0001576,0.0001576,-0.0011524,-0.0011524,-0.0011524,-0.0011524,0.0001576,0.0001576,-0.0011524,-0.0011524,-0.0011524,-0.0011524
2026-04-23 00:00:00-04:00,-0.0021024,-0.0021024,-0.0006324,-0.0006324,-0.0006324,-0.0006324,0.0010176,0.0,0.0010176,0.0,0.0021425999999999997,0.0,0.0010176,0.0,0.0010176,0.0,0.0021425999999999997,0.0,-0.0011773999999999999,0.0,-0.0011773999999999999,0.0,-0.0011773999999999999,0.0,0.0,0.0,0.0,0.0,0.0,0.0,0.0,0.0,0.0,0.0,0.0,0.0
2026-04-24 00:00:00-04:00,0.0005676,0.0005676,0.0005676,0.0005676,0.0005676,0.0005676,0.0005076,0.0005076,0.0005076,0.0005076,0.0005076,0.0005076,7.76e-05,7.76e-05,7.76e-05,7.76e-05,7.76e-05,7.76e-05,-0.0010374,-0.0010374,-0.0011324,-0.0011324,-0.0011324,-0.0011324,-0.00017240000000000002,0.0,-0.00017240000000000002,0.0,-0.00017240000000000002,0.0,-0.00017240000000000002,0.0,-0.00017240000000000002,0.0,-0.00017240000000000002,0.0
2026-04-27 00:00:00-04:00,0.00016759999999999998,0.00016759999999999998,0.00016759999999999998,0.00016759999999999998,0.00016759999999999998,0.00016759999999999998,0.00016759999999999998,0.00016759999999999998,0.00016759999999999998,0.00016759999999999998,0.00016759999999999998,0.00016759999999999998,0.00016759999999999998,0.00016759999999999998,0.00016759999999999998,0.00016759999999999998,0.00016759999999999998,0.00016759999999999998,0.0003276,0.0003276,0.0003276,0.0003276,0.0014726,0.0014726,0.00016759999999999998,0.00016759999999999998,0.00016759999999999998,0.00016759999999999998,0.0017925999999999999,0.0017925999999999999,-0.0011574,-0.0011574,-0.0011574,-0.0011574,-0.0011574,-0.0011574
2026-04-28 00:00:00-04:00,-0.0031374000000000003,-0.0031374000000000003,-0.0014924,-0.0014924,-0.0014924,-0.0014924,-0.0034174,-0.0034174,-0.0017724000000000001,-0.0017724000000000001,-0.0017724000000000001,-0.0017724000000000001,-0.0034174,-0.0034174,-0.0017724000000000001,-0.0017724000000000001,-0.0017724000000000001,-0.0017724000000000001,0.0025326,0.0,0.0025326,0.0,0.0018725999999999999,0.0,0.0022126,0.0,0.0022126,0.0,0.0022126,0.0,0.0022126,0.0,0.0022126,0.0,0.0022126,0.0
2026-04-29 00:00:00-04:00,0.0005576,0.0005576,-0.0008424,-0.0008424,-0.0008424,-0.0008424,0.0005576,0.0005576,-0.0008424,-0.0008424,-0.0008424,-0.0008424,0.0005576,0.0005576,-0.0008424,-0.0008424,-0.0008424,-0.0008424,-0.0004224,-0.0004224,-0.0008123999999999999,-0.0008123999999999999,-0.0008123999999999999,-0.0008123999999999999,-0.0005024000000000001,-0.0005024000000000001,-0.0009674,-0.0005024000000000001,-0.0009674,-0.0005024000000000001,-0.0005024000000000001,-0.0005974,-0.0010624,-0.0005974,-0.0010624,-0.0005974
2026-04-30 00:00:00-04:00,-0.0042174000000000005,-0.0042174000000000005,-0.0058374,-0.0058374,-0.0058374,-0.0058374,-0.0045024,-0.0045024,-0.0061224,-0.0061224,-0.0061224,-0.0061224,-0.0045024,-0.0045024,-0.0061224,-0.0061224,-0.0061224,-0.0061224,-0.0062774,-0.0062774,-0.0009274,-0.0009274,-0.0009274,-0.0009274,-0.0062774,-0.0062774,-0.0009274,-0.0009274,-0.0009274,-0.0009274,0.0052426,0.0,0.0052426,0.0,0.0030026,0.0
2026-05-01 00:00:00-04:00,-3.74e-05,-0.0011574,-0.0010724,-0.0009824,-0.0010724,-0.0009824,-3.74e-05,-0.0011574,-0.0010724,-0.0009824,-0.0010724,-0.0009824,-0.0011574,-0.0011574,-0.0011574,-0.0011574,-0.0011574,-0.0011574,-0.0005824000000000001,-0.0005824000000000001,-0.0006774,-0.0006774,-0.0006774,-0.0006774,-0.0008123999999999999,-0.0008123999999999999,-0.0009073999999999999,-0.0009073999999999999,-0.0009073999999999999,-0.0009073999999999999,-0.0010324,-0.0010324,-0.0011274,-0.0011274,-0.0011274,-0.0011274
2026-05-04 00:00:00-04:00,-0.0010324,-0.0009124,-0.0016324,-0.0009124,-0.0016324,-0.0009124,-0.0013674000000000002,-0.0009124,-0.0019674000000000002,-0.0009124,-0.0019674000000000002,-0.0009124,-0.0013674000000000002,-0.0009124,-0.0019674000000000002,-0.0009124,-0.0019674000000000002,-0.0009124,0.00042259999999999997,0.00042259999999999997,0.00042259999999999997,0.00042259999999999997,0.00042259999999999997,0.00042259999999999997,0.00042259999999999997,0.00042259999999999997,0.00042259999999999997,0.00042259999999999997,0.00042259999999999997,0.00042259999999999997,-0.00019740000000000003,-0.00019740000000000003,-0.00019740000000000003,-0.00019740000000000003,-0.00019740000000000003,-0.00019740000000000003
2026-05-05 00:00:00-04:00,-0.0028624,0.0017426,-0.0009924,0.0017426,-0.0009924,0.0017925999999999999,-0.0028624,0.0017426,-0.0009924,0.0017426,-0.0009924,0.0017925999999999999,-0.0028624,0.0017426,-0.0009924,0.0017426,-0.0009924,0.0017426,0.0015726,0.0015726,0.0015726,0.0015726,0.0015726,0.0015726,0.0015726,0.0015726,0.0015726,0.0015726,0.0015726,0.0015726,0.0015726,0.0015726,0.0015726,0.0015726,0.0015726,0.0015726
2026-05-06 00:00:00-04:00,0.0011876,0.0011876,0.0011876,0.0011876,0.0011526000000000002,0.0011526000000000002,0.0008776000000000001,0.0008776000000000001,0.0008776000000000001,0.0008776000000000001,0.0017725999999999998,0.0017725999999999998,0.0,0.0,0.0,0.0,0.0,0.0,-0.0008223999999999999,0.0,-0.0008223999999999999,0.0,-0.0008223999999999999,0.0,0.0,0.0,0.0,0.0,0.0,0.0,0.0,0.0,0.0,0.0,0.0,0.0
2026-05-07 00:00:00-04:00,-0.0017774000000000002,0.0006175999999999999,-0.0009973999999999998,0.0006175999999999999,-0.0009973999999999998,0.0006175999999999999,-0.0017774000000000002,0.0006175999999999999,-0.0009973999999999998,0.0006175999999999999,-0.0009973999999999998,0.0006175999999999999,-0.0017774000000000002,0.0006175999999999999,-0.0009973999999999998,0.0006175999999999999,-0.0009973999999999998,0.0006175999999999999,-0.0016324,0.0006175999999999999,-0.0007974,-0.0009574,-0.0007974,-0.0009574,0.0006175999999999999,0.0006175999999999999,0.0006175999999999999,0.0006175999999999999,0.0006175999999999999,0.0006175999999999999,0.0006175999999999999,0.0006175999999999999,0.0006175999999999999,0.0006175999999999999,0.0006175999999999999,0.0006175999999999999
2026-05-08 00:00:00-04:00,0.0033326,0.0033326,0.0033326,0.0033326,0.0033326,0.0033326,0.0031026,0.0031026,0.0031026,0.0031026,0.0031026,0.0031026,0.0031026,0.0031026,0.0031026,0.0031026,0.0031026,0.0031026,0.0019925999999999998,0.0019925999999999998,0.0019925999999999998,0.0019925999999999998,0.0019925999999999998,0.0019925999999999998,0.0019925999999999998,0.0019925999999999998,0.0019925999999999998,0.0019925999999999998,0.0019925999999999998,0.0019925999999999998,0.0016376,0.0016376,0.0016376,0.0016376,0.0016376,0.0016376
2026-05-11 00:00:00-04:00,-0.0002674,-0.0002674,-0.0002674,-0.0002674,-0.0002674,-0.0002674,-0.0002674,-0.0002674,-0.0002674,-0.0002674,-0.0002674,-0.0002674,-0.0002674,-0.0002674,-0.0002674,-0.0002674,-0.0002674,-0.0002674,-0.0012124,-0.0012124,-0.0015774,-0.0015774,-0.0015774,-0.0015774,-0.0015424000000000002,-0.0015424000000000002,-0.0019074,-0.0019074,-0.0019074,-0.0019074,-0.0013124,0.0,-0.0013124,0.0,-0.0013124,0.0
2026-05-12 00:00:00-04:00,-0.0043024000000000005,-0.0043024000000000005,-0.0008573999999999999,-0.0008573999999999999,-0.0008573999999999999,-0.0008573999999999999,-0.0044174,-0.0044174,-0.0009724,-0.0009724,-0.0009724,-0.0009724,0.0033975999999999998,0.0,0.0033975999999999998,0.0,0.0025926,0.0,0.0028676,0.0,0.0028676,0.0,0.0025426,0.0,0.0025276,0.0,0.0025276,0.0,0.0025276,0.0,0.0025276,0.0,0.0025276,0.0,0.0025276,0.0
2026-05-13 00:00:00-04:00,0.0025575999999999997,0.0025575999999999997,-0.0009624,-0.0009624,-0.0009624,-0.0009624,-0.0035474,0.0022776,-0.0010974,0.0022776,-0.0010974,0.0024026,-0.0035474,0.0022776,-0.0010974,0.0022776,-0.0010974,0.0024026,0.0034526,0.0034526,0.0034526,0.0034526,0.0031525999999999998,0.0031525999999999998,0.0029676,0.0029676,0.0029676,0.0029676,0.0029676,0.0029676,0.0029676,0.0029676,0.0029676,0.0029676,0.0029676,0.0029676
2026-05-14 00:00:00-04:00,0.0006726000000000001,0.0006726000000000001,-0.0009274,-0.0009274,0.0017725999999999998,0.0017725999999999998,0.00027259999999999996,0.00027259999999999996,-0.0013274,-0.0013274,-0.0013274,-0.0013274,-0.0001474,-0.0001474,-0.0017474,-0.0017474,-0.0017474,-0.0017474,-0.0007273999999999999,-0.0007273999999999999,-0.0010724,-0.0010724,-0.0010724,-0.0010724,-0.0012124,-0.0012124,-0.0015574,-0.0015574,-0.0015574,-0.0015574,-0.0004924,0.0,-0.0004924,0.0,-0.0004924,0.0
2026-05-15 00:00:00-04:00,-0.0064474,-0.0064474,-0.0010224,-0.0010224,-0.0010224,-0.0010224,-0.0064474,-0.0064474,-0.0011274,-0.0011274,-0.0011274,-0.0011274,-0.0064474,-0.0064474,-0.0011274,-0.0011274,-0.0011274,-0.0011274,-0.0063124,-0.0063124,-0.0012924000000000002,-0.0012924000000000002,-0.0012924000000000002,-0.0012924000000000002,0.0049775999999999996,0.0,0.0049775999999999996,0.0,0.0029226,0.0,0.0043326,0.0,0.0043326,0.0,0.0042125999999999995,0.0
2026-05-18 00:00:00-04:00,-0.0009423999999999999,0.0,-0.0009423999999999999,0.0,-0.0009423999999999999,0.0,-0.0009423999999999999,0.0,-0.0009423999999999999,0.0,-0.0009423999999999999,0.0,-0.0009423999999999999,0.0,-0.0009423999999999999,0.0,-0.0009423999999999999,0.0,0.0,0.0,0.0,0.0,0.0,0.0,0.0,0.0,0.0,0.0,0.0,0.0,0.0,0.0,0.0,0.0,0.0,0.0
2026-05-19 00:00:00-04:00,-0.0027924,-0.0027924,-0.0013374,-0.0013374,-0.0013374,-0.0013374,-0.0029924,-0.0029924,-0.0015374000000000002,-0.0015374000000000002,-0.0015374000000000002,-0.0015374000000000002,-0.0031424,-0.0031424,-0.0016874000000000001,-0.0016874000000000001,-0.0016874000000000001,-0.0016874000000000001,-0.0028524,-0.0028524,-0.0015424000000000002,-0.0015424000000000002,-0.0015424000000000002,-0.0015424000000000002,0.0012226000000000001,0.0,0.0012226000000000001,0.0,0.0012226000000000001,0.0,0.0008026000000000001,0.0,0.0008026000000000001,0.0,0.0008026000000000001,0.0
2026-05-20 00:00:00-04:00,-0.0028074000000000003,0.0015126,-0.0011524,-0.0009973999999999998,-0.0011524,-0.0009973999999999998,0.0015126,0.0015126,-0.0019824,-0.0019824,-0.0019824,-0.0019824,0.0015126,0.0015126,-0.0019824,-0.0019824,-0.0019824,-0.0019824,0.0015726,0.0015726,0.0015726,0.0015726,0.0015726,0.0015726,0.0015726,0.0015726,0.0015726,0.0015726,0.0015726,0.0015726,0.0012726,0.0012726,0.0012726,0.0012726,0.0012726,0.0012726
2026-05-21 00:00:00-04:00,0.0003726,0.0003726,0.0003726,0.0003726,0.0003726,0.0003726,0.0003726,0.0003726,0.0003726,0.0003726,0.0003726,0.0003726,0.0003726,0.0003726,0.0003726,0.0003726,0.0003726,0.0003726,0.0016326,0.0016326,0.0016326,0.0016326,0.0018625999999999998,0.0018625999999999998,0.0015626,0.0015626,0.0015626,0.0015626,0.0020025999999999998,0.0020025999999999998,0.0010926,0.0010926,0.0010926,0.0010926,0.0029426,0.0029426
2026-05-22 00:00:00-04:00,0.0006776000000000001,0.0006776000000000001,0.0006776000000000001,0.0006776000000000001,0.0006776000000000001,0.0006776000000000001,0.0006776000000000001,0.0006776000000000001,0.0006776000000000001,0.0006776000000000001,0.0006776000000000001,0.0006776000000000001,0.0002126,0.0002126,0.0002126,0.0002126,0.0002126,0.0002126,-0.0004124,-0.0004124,-0.0012124,-0.0012124,-0.0012124,-0.0012124,-0.0009524,0.0,-0.0016824000000000001,0.0,-0.0016824000000000001,0.0,-0.0009524,0.0,-0.0017624000000000001,0.0,-0.0017624000000000001,0.0
2026-05-25 00:00:00-04:00,0.0034075999999999998,0.0034075999999999998,0.0034075999999999998,0.0034075999999999998,0.0034075999999999998,0.0034075999999999998,0.0034075999999999998,0.0034075999999999998,0.0034075999999999998,0.0034075999999999998,0.0034075999999999998,0.0034075999999999998,0.0023125999999999997,0.0023125999999999997,0.0023125999999999997,0.0023125999999999997,0.0023125999999999997,0.0023125999999999997,0.0015676,0.0015676,0.0015676,0.0015676,0.0015676,0.0015676,0.0011126,0.0011126,0.0011126,0.0011126,0.0011126,0.0011126,0.0005076,0.0005076,0.0005076,0.0005076,0.0005076,0.0005076
2026-05-26 00:00:00-04:00,0.0014625999999999999,0.0,0.0014625999999999999,0.0,0.0014625999999999999,0.0,0.0014625999999999999,0.0,0.0014625999999999999,0.0,0.0014625999999999999,0.0,0.0010776,0.0,0.0010776,0.0,0.0010776,0.0,-0.0006923999999999999,0.0,-0.0006923999999999999,0.0,-0.0006923999999999999,0.0,-0.0006923999999999999,0.0,-0.0006923999999999999,0.0,-0.0006923999999999999,0.0,-0.0006923999999999999,0.0,-0.0006923999999999999,0.0,-0.0006923999999999999,0.0
2026-05-27 00:00:00-04:00,-0.0003524,-0.0003524,-0.0003524,-0.0003524,-0.0003524,-0.0003524,-0.0003524,-0.0003524,-0.0003524,-0.0003524,-0.0003524,-0.0003524,-0.0003524,-0.0003524,-0.0003524,-0.0003524,-0.0003524,-0.0003524,0.0002026,-0.0009274,-0.0005724,-0.0006324,-0.0005724,-0.0006324,-0.0009274,-0.0009274,-0.0010274,-0.0010274,-0.0010274,-0.0010274,-0.0014524000000000002,-0.0014524000000000002,-0.0015524,-0.0015524,-0.0015524,-0.0015524
2026-05-28 00:00:00-04:00,0.0027676,0.0,0.0027676,0.0,0.0035326,0.0,0.0026525999999999997,0.0,0.0026525999999999997,0.0,0.0037626,0.0,0.0021625999999999998,0.0,0.0021625999999999998,0.0,0.0047426,0.0,-0.0023574,-0.0023574,-0.0012824000000000002,-0.0012824000000000002,-0.0012824000000000002,-0.0012824000000000002,-0.0023574,-0.0023574,-0.0012824000000000002,-0.0012824000000000002,-0.0012824000000000002,-0.0012824000000000002,0.0007126000000000001,0.0,0.0007126000000000001,0.0,0.0007126000000000001,0.0
2026-05-29 00:00:00-04:00,-0.0018724000000000002,0.0,-0.0018724000000000002,0.0,-0.0018724000000000002,0.0,-0.0018724000000000002,0.0,-0.0018724000000000002,0.0,-0.0018724000000000002,0.0,-0.0018724000000000002,0.0,-0.0018724000000000002,0.0,-0.0018724000000000002,0.0,-0.0018724000000000002,0.0008626,-0.0009224,0.0008626,-0.0009224,0.0008626,-0.0018724000000000002,0.0008626,-0.0009624,0.0008626,-0.0009624,0.0008626,-0.0025074,0.0008626,-0.0015974000000000001,0.0008626,-0.0015974000000000001,0.0008626
2026-06-01 00:00:00-04:00,0.0024676,0.0024676,0.0024676,0.0024676,0.0024676,0.0024676,0.0024676,0.0024676,0.0024676,0.0024676,0.0024676,0.0024676,0.0019475999999999999,0.0019475999999999999,0.0019475999999999999,0.0019475999999999999,0.0019475999999999999,0.0019475999999999999,0.0009926,0.0009926,0.0009926,0.0009926,0.0009926,0.0009926,0.0006026,0.0006026,0.0006026,0.0006026,0.0006026,0.0006026,0.0002676,0.0002676,0.0002676,0.0002676,0.0002676,0.0002676
2026-06-02 00:00:00-04:00,-0.0013024,0.0,-0.0013024,0.0,-0.0013024,0.0,-0.0013024,0.0,-0.0013024,0.0,-0.0013024,0.0,-0.0018474000000000001,0.0,-0.0018474000000000001,0.0,-0.0018474000000000001,0.0,-0.0023174000000000003,0.0,-0.0014324000000000001,0.0,-0.0014324000000000001,0.0,-0.0028624,0.0,-0.0019774000000000003,0.0,-0.0019774000000000003,0.0,-0.0033724000000000002,0.0,-0.0024874000000000003,0.0,-0.0024874000000000003,0.0
2026-06-03 00:00:00-04:00,0.0002026,0.0,0.0002026,0.0,0.0017025999999999999,0.0,0.0002026,0.0,0.0002026,0.0,0.0017025999999999999,0.0,-0.0004824,0.0,-0.0004824,0.0,-0.0004824,0.0,-0.0004124,-0.0004124,-0.0008474,-0.0008474,-0.0008474,-0.0008474,-0.0004124,-0.0004124,-0.0009724,-0.0009724,-0.0009724,-0.0009724,-0.0006624,-0.0006124,-0.0012124,-0.0006124,-0.0012124,-0.0006124
2026-06-04 00:00:00-04:00,-0.0021274,0.0005476,-0.0015274000000000002,-0.0013874,-0.0015274000000000002,-0.0013874,-0.0026224,0.0005476,-0.0020224,-0.0019374000000000001,-0.0020224,-0.0019374000000000001,0.0005476,0.0005476,-0.0026524,-0.0026524,-0.0026524,-0.0026524,0.0014475999999999998,0.0014475999999999998,-0.0016174000000000002,-0.0016174000000000002,-0.0016174000000000002,-0.0016174000000000002,0.0007226,0.0007226,-0.0023424,-0.0023424,-0.0023424,-0.0023424,0.0004726,0.0004726,-0.0025924,-0.0025924,-0.0025924,-0.0025924
2026-06-05 00:00:00-04:00,0.0043276,0.0,0.0043276,0.0,0.0032426,0.0,0.0036776,0.0,0.0036776,0.0,0.0045426,0.0,0.0036776,0.0,0.0036776,0.0,0.0045426,0.0,0.0011776,0.0,0.0011776,0.0,0.0011776,0.0,0.0008526,0.0,0.0008526,0.0,0.0008526,0.0,2.599999999999998e-06,0.0,2.599999999999998e-06,0.0,2.599999999999998e-06,0.0
2026-06-08 00:00:00-04:00,0.0020426,0.0020426,0.0020426,0.0020426,0.0020426,0.0020426,0.0005376,0.0005376,0.0005376,0.0005376,0.0005376,0.0005376,0.0005376,0.0005376,0.0005376,0.0005376,0.0005376,0.0005376,-0.0015124000000000001,-0.0015124000000000001,-0.0023424,-0.0023424,-0.0023424,-0.0023424,-0.0035924,-0.0035924,-0.0044224,-0.0044224,-0.0044224,-0.0044224,0.0,0.0,0.0,0.0,0.0,0.0
2026-06-09 00:00:00-04:00,-0.0057024,0.0028926,-0.0026124,-0.0025974,-0.0026124,-0.0025974,0.0028926,0.0028926,-0.0031624,-0.0031624,-0.0031624,-0.0031624,0.0028926,0.0028926,-0.0031624,-0.0031624,-0.0031624,-0.0031624,-0.0059224,0.0033576,-0.0023224,0.0033576,-0.0023224,0.0033576,-0.0059224,0.0033576,-0.0023224,0.0033576,-0.0023224,0.0033576,0.0033576,0.0033576,0.0033576,0.0033576,0.0033576,0.0033576
2026-06-10 00:00:00-04:00,0.0010876,-0.0031724,-0.0015824,-0.0019774000000000003,-0.0015824,-0.0019774000000000003,0.0010876,-0.0031724,-0.0018824,-0.0019774000000000003,-0.0018824,-0.0019774000000000003,-0.0031724,-0.0031724,-0.0028274,-0.0028274,-0.0028274,-0.0028274,0.0012226000000000001,0.0,0.0012226000000000001,0.0,0.0012226000000000001,0.0,0.0012226000000000001,0.0,0.0012226000000000001,0.0,0.0012226000000000001,0.0,-0.0003124,0.0,-0.0003124,0.0,-0.0003124,0.0
2026-06-11 00:00:00-04:00,-0.0090074,0.0053376,-0.0025424,0.0053376,-0.0025424,0.0053376,-0.0090074,0.0053376,-0.0025424,0.0053376,-0.0025424,0.0053376,-0.0100574,0.0053376,-0.0036274000000000002,0.0053376,-0.0036274000000000002,0.0053376,0.0053376,0.0053376,0.0053376,0.0053376,0.0053376,0.0053376,0.0033926,0.0033926,0.0033926,0.0033926,0.0033926,0.0033926,0.0033926,0.0033926,0.0033926,0.0033926,0.0033926,0.0033926
2026-06-12 00:00:00-04:00,-0.0034274,-0.0034274,-0.0017374,-0.0017374,-0.0017374,-0.0017374,-0.0038124,-0.0038124,-0.0021224,-0.0021224,-0.0021224,-0.0021224,-0.0046274,-0.0046274,-0.0029374,-0.0029374,-0.0029374,-0.0029374,-0.0050024,-0.0050024,-0.0015374000000000002,-0.0015374000000000002,-0.0015374000000000002,-0.0015374000000000002,-0.0055824,-0.0055824,-0.0021174,-0.0021174,-0.0021174,-0.0021174,0.0034026,0.0,0.0034026,0.0,0.0034026,0.0
2026-06-15 00:00:00-04:00,0.0031376,0.0031376,0.0031376,0.0031376,0.0031376,0.0031376,0.0025775999999999998,0.0025775999999999998,0.0025775999999999998,0.0025775999999999998,0.0025775999999999998,0.0025775999999999998,0.0025775999999999998,0.0025775999999999998,0.0025775999999999998,0.0025775999999999998,0.0025775999999999998,0.0025775999999999998,0.0016975999999999998,0.0016975999999999998,0.0016975999999999998,0.0016975999999999998,0.0016975999999999998,0.0016975999999999998,0.0015626,0.0015626,0.0015626,0.0015626,0.0015626,0.0015626,0.0015626,0.0015626,0.0015626,0.0015626,0.0015626,0.0015626
2026-06-16 00:00:00-04:00,-0.0011174,0.0,-0.0011174,0.0,-0.0011174,0.0,0.0,0.0,0.0,0.0,0.0,0.0,0.0,0.0,0.0,0.0,0.0,0.0,-0.0008024,-0.0004174,-0.0011673999999999999,-0.0004174,-0.0011673999999999999,-0.0004174,-0.0008024,-0.0004174,-0.0011673999999999999,-0.0004174,-0.0011673999999999999,-0.0004174,-0.0013924,0.0,-0.0019024,0.0,-0.0019024,0.0
2026-06-17 00:00:00-04:00,0.0034376,0.0034376,-0.0011623999999999998,-0.0011623999999999998,-0.0011623999999999998,-0.0011623999999999998,0.0033125999999999997,0.0033125999999999997,-0.0012874000000000002,-0.0012874000000000002,-0.0012874000000000002,-0.0012874000000000002,0.0030675999999999998,0.0030675999999999998,0.0030675999999999998,0.0030675999999999998,0.0029825999999999997,0.0029825999999999997,0.0030675999999999998,0.0030675999999999998,0.0030675999999999998,0.0030675999999999998,0.0021926,0.0021926,0.0030675999999999998,0.0030675999999999998,0.0030675999999999998,0.0030675999999999998,0.0021926,0.0021926,0.0027976,0.0027976,0.0027976,0.0027976,0.0027326,0.0027326
2026-06-18 00:00:00-04:00,0.0032126,0.0032126,0.0032126,0.0032126,0.0032126,0.0032126,0.0027526,0.0027526,0.0027526,0.0027526,0.0027526,0.0027526,0.0027526,0.0027526,0.0027526,0.0027526,0.0027526,0.0027526,-0.00030740000000000005,-0.00030740000000000005,-0.0025624000000000003,-0.0025624000000000003,-0.0025624000000000003,-0.0025624000000000003,-0.0022524,0.0,-0.0022524,0.0,-0.0022524,0.0,-0.0022524,0.0,-0.0022524,0.0,-0.0022524,0.0
2026-06-19 00:00:00-04:00,0.0,0.0,0.0,0.0,0.0,0.0,0.0,0.0,0.0,0.0,0.0,0.0,0.0,0.0,0.0,0.0,0.0,0.0,0.0013525999999999998,0.0,0.0013525999999999998,0.0,0.0027926,0.0,0.0013525999999999998,0.0,0.0013525999999999998,0.0,0.0027926,0.0,0.0013525999999999998,0.0,0.0013525999999999998,0.0,0.0027926,0.0
2026-06-22 00:00:00-04:00,-0.0056274,0.0019825999999999997,-0.0032274,0.0019825999999999997,-0.0032274,0.0019825999999999997,-0.0056274,0.0019825999999999997,-0.0032274,0.0019825999999999997,-0.0032274,0.0019825999999999997,-0.0056274,0.0019825999999999997,-0.0032274,0.0019825999999999997,-0.0032274,0.0019825999999999997,0.0033975999999999998,0.0033975999999999998,0.0033975999999999998,0.0033975999999999998,0.0033975999999999998,0.0033975999999999998,0.0031425999999999997,0.0031425999999999997,0.0031425999999999997,0.0031425999999999997,0.0031425999999999997,0.0031425999999999997,0.0019825999999999997,0.0019825999999999997,0.0019825999999999997,0.0019825999999999997,0.0019825999999999997,0.0019825999999999997
2026-06-23 00:00:00-04:00,0.0134026,0.0,0.0134026,0.0,0.0023325999999999998,0.0,0.0126576,0.0,0.0126576,0.0,0.0038225999999999998,0.0,0.0117776,0.0,0.0117776,0.0,0.0055826,0.0,0.0107476,-0.0127674,-0.0019224,-0.0018074,-0.0019224,-0.0018074,-0.0127674,-0.0127674,-0.0029324,-0.0029324,-0.0029324,-0.0029324,0.0094276,0.0,0.0094276,0.0,0.0076926,0.0
2026-06-24 00:00:00-04:00,-0.0022674,-2.400000000000002e-06,-0.0019024,-0.0015424000000000002,-0.0019024,-0.0015424000000000002,-0.0029324,-2.400000000000002e-06,-0.0025674,-0.0024474,-0.0025674,-0.0024474,-0.0041174,-2.400000000000002e-06,-0.0037524,-0.0038024,-0.0037524,-0.0038024,-0.0005974,-0.0005974,-0.0023374,-0.0023374,-0.0023374,-0.0023374,-0.0009924,-0.0009924,-0.0027324000000000003,-0.0027324000000000003,-0.0027324000000000003,-0.0027324000000000003,-0.0020174,0.0,-0.0020174,0.0,-0.0020174,0.0
2026-06-25 00:00:00-04:00,-0.0009724,0.0,-0.0009724,0.0,-0.0009724,0.0,-0.0010923999999999999,0.0,-0.0010923999999999999,0.0,-0.0010923999999999999,0.0,-0.0014324000000000001,0.0,-0.0014324000000000001,0.0,-0.0014324000000000001,0.0,-0.0014324000000000001,0.0,-0.0013974,0.0,-0.0013974,0.0,-0.0022674,0.0,-0.0022324000000000003,0.0,-0.0022324000000000003,0.0,0.0,0.0,0.0,0.0,0.0,0.0
2026-06-26 00:00:00-04:00,0.0022475999999999998,-0.0066724,-0.0029174,-0.0042474,-0.0029174,-0.0042474,-0.0066724,-0.0066724,-0.0044724000000000005,-0.0044724000000000005,-0.0044724000000000005,-0.0044724000000000005,-0.0066724,-0.0066724,-0.0047124,-0.0047124,-0.0047124,-0.0047124,0.0030876,0.0,0.0030876,0.0,0.0045626,0.0,0.0026276,0.0,0.0026276,0.0,0.0054826,0.0,0.0021326,0.0,0.0021326,0.0,0.0064726,0.0
2026-06-29 00:00:00-04:00,0.0014126,0.0014126,0.0014126,0.0014126,0.0014126,0.0014126,0.0005775999999999999,0.0005775999999999999,0.0005775999999999999,0.0005775999999999999,0.0005775999999999999,0.0005775999999999999,0.0005775999999999999,0.0005775999999999999,0.0005775999999999999,0.0005775999999999999,0.0005775999999999999,0.0005775999999999999,-0.0028174000000000003,0.0,-0.0026574000000000003,0.0,-0.0026574000000000003,0.0,0.0,0.0,0.0,0.0,0.0,0.0,0.0,0.0,0.0,0.0,0.0,0.0
2026-06-30 00:00:00-04:00,0.0018826,0.0018826,-0.0013374,-0.0013374,-0.0013374,-0.0013374,0.0015876,0.0015876,-0.0016324,-0.0016324,-0.0016324,-0.0016324,0.0015876,0.0015876,-0.0016324,-0.0016324,-0.0016324,-0.0016324,-0.0027474,0.00031759999999999997,-0.0018124,0.00031759999999999997,-0.0018124,0.00031759999999999997,-0.0033574,0.00031759999999999997,-0.0024674000000000002,0.00031759999999999997,-0.0024674000000000002,0.00031759999999999997,0.00031759999999999997,0.00031759999999999997,0.00031759999999999997,0.00031759999999999997,0.00031759999999999997,0.00031759999999999997
2026-07-01 00:00:00-04:00,-0.0027974000000000002,-0.0027974000000000002,-0.0007874,-0.0007874,-0.0007874,-0.0007874,-0.0030174,-0.0030174,-0.0010073999999999999,-0.0010073999999999999,-0.0010073999999999999,-0.0010073999999999999,-0.0030174,-0.0030174,-0.0010073999999999999,-0.0010073999999999999,-0.0010073999999999999,-0.0010073999999999999,0.0021776,0.0,0.0021776,0.0,0.0021326,0.0,0.0021776,0.0,0.0021776,0.0,0.0021326,0.0,0.0021776,0.0,0.0021776,0.0,0.0021326,0.0
2026-07-02 00:00:00-04:00,0.0025326,-0.0038074000000000003,-0.0012423999999999998,-0.0011524,-0.0012423999999999998,0.0022226,0.0025326,-0.0038074000000000003,-0.0012423999999999998,-0.0012024,-0.0012423999999999998,0.0023225999999999998,0.0025326,-0.0045324,-0.0013774000000000002,-0.0019274000000000001,-0.0013774000000000002,-0.0019274000000000001,-0.0028624,-0.0028624,-0.0022124000000000002,-0.0022124000000000002,-0.0022124000000000002,-0.0022124000000000002,-0.0035274,-0.0035274,-0.0028774,-0.0028774,-0.0028774,-0.0028774,-0.0045324,-0.0045324,-0.0038824000000000003,-0.0038824000000000003,-0.0038824000000000003,-0.0038824000000000003
2026-07-03 00:00:00-04:00,0.0049426,0.0049426,-0.0007074,-0.0007074,-0.0007074,-0.0007074,0.0048526,0.0048526,-0.0007974,-0.0007974,-0.0007974,-0.0007974,-0.0057874,0.0030826,-0.0014424000000000001,0.0030826,-0.0014424000000000001,0.0030826,-0.0060424,0.0030826,-0.0019974000000000003,0.0030826,-0.0019974000000000003,0.0030826,-0.0060424,0.0030826,-0.0019974000000000003,0.0030826,-0.0019974000000000003,0.0030826,0.0030826,0.0030826,0.0030826,0.0030826,0.0030826,0.0030826
2026-07-06 00:00:00-04:00,-0.0028674,-0.0028674,-0.0026124,-0.0026124,-0.0026124,-0.0026124,-0.0028674,-0.0028674,-0.0026124,-0.0026124,-0.0026124,-0.0026124,-0.0028674,-0.0028674,-0.0026124,-0.0026124,-0.0026124,-0.0026124,0.0006676000000000001,0.0,0.0006676000000000001,0.0,0.0006676000000000001,0.0,-0.0004224,0.0,-0.0004224,0.0,-0.0004224,0.0,-0.0004224,0.0,-0.0004224,0.0,-0.0004224,0.0
2026-07-07 00:00:00-04:00,0.0045776,0.0,0.0045776,0.0,0.0019525999999999999,0.0,0.0045776,0.0,0.0045776,0.0,0.0021226,0.0,0.0037026,0.0,0.0037026,0.0,0.0038726,0.0,-0.0041224,-0.0041224,-0.0014224,-0.0014224,-0.0014224,-0.0014224,0.0024825999999999997,0.0,0.0024825999999999997,0.0,0.0040226,0.0,0.0022576,0.0,0.0022576,0.0,0.0044726,0.0
2026-07-08 00:00:00-04:00,-0.0013124,-0.0013124,-0.0015174000000000001,-0.0015174000000000001,-0.0015174000000000001,-0.0015174000000000001,-0.0013124,-0.0013124,-0.0015174000000000001,-0.0015174000000000001,-0.0015174000000000001,-0.0015174000000000001,-0.0015274000000000002,-0.0015274000000000002,-0.0017324,-0.0017324,-0.0017324,-0.0017324,-0.0027274,-0.0027274,-0.0027274,-0.0027274,-0.0027274,-0.0027274,-0.0037624,-0.0037624,-0.0037624,-0.0037624,-0.0037624,-0.0037624,-0.0044524000000000005,-0.0044524000000000005,-0.0044524000000000005,-0.0044524000000000005,-0.0044524000000000005,-0.0044524000000000005
2026-07-09 00:00:00-04:00,0.0032026,0.0032026,-0.0009824,-0.0009824,-0.0009824,-0.0009824,0.0032026,0.0032026,-0.0009824,-0.0009824,-0.0009824,-0.0009824,0.0032026,0.0032026,-0.0009824,-0.0009824,-0.0009824,-0.0009824,-0.0027524,0.0,-0.0018124,0.0,-0.0018124,0.0,-0.0027524,0.0,-0.0018674000000000002,0.0,-0.0018674000000000002,0.0,-0.0027524,0.0,-0.0021624,0.0,-0.0021624,0.0
2026-07-10 00:00:00-04:00,0.0019375999999999998,0.0,-0.0009073999999999999,0.0,-0.0009073999999999999,0.0,0.0014375999999999998,0.0,-0.0014074,0.0,-0.0014074,0.0,0.0014375999999999998,0.0,-0.0014074,0.0,-0.0014074,0.0,0.00031759999999999997,-0.0027024,-0.0023374,-0.0019374000000000001,-0.0023374,-0.0019374000000000001,-0.00017240000000000002,-0.0027024,-0.0028274,-0.0026874,-0.0028274,-0.0026874,-0.0027024,-0.0027024,-0.0030274,-0.0030274,-0.0030274,-0.0030274
2026-07-13 00:00:00-04:00,-0.0073424,-0.0073424,-0.0028374,-0.0028374,-0.0028374,-0.0028374,-0.0073424,-0.0073424,-0.0028374,-0.0028374,-0.0028374,-0.0028374,-0.0073424,-0.0073424,-0.0028374,-0.0028374,-0.0028374,-0.0028374,0.0046026,0.0,0.0046026,0.0,0.0046026,0.0,0.0046026,0.0,0.0046026,0.0,0.0046026,0.0,0.0032925999999999997,0.0,0.0032925999999999997,0.0,0.0032925999999999997,0.0
2026-07-14 00:00:00-04:00,-0.0026424,0.0011226,-0.0009524,-0.0013824,0.0018226,-0.0013824,-0.0026724,0.0011226,-0.0009824,-0.0015174000000000001,0.0018826,-0.0015174000000000001,-0.0038274,0.0011226,-0.0021374000000000002,-0.0022874,-0.0021374000000000002,-0.0022874,0.0011226,0.0011226,-0.0036674,-0.0036674,-0.0036674,-0.0036674,0.0011226,0.0011226,-0.0036674,-0.0036674,-0.0036674,-0.0036674,-0.0048374,0.0,-0.0042424,0.0,-0.0042424,0.0
2026-07-15 00:00:00-04:00,0.0032576,0.0032576,0.0032576,0.0032576,0.0032576,0.0032576,0.0032576,0.0032576,0.0032576,0.0032576,0.0032576,0.0032576,0.0032576,0.0032576,0.0032576,0.0032576,0.0032576,0.0032576,0.0023676,0.0023676,0.0023676,0.0023676,0.0023676,0.0023676,0.0018276,0.0018276,0.0018276,0.0018276,0.0018276,0.0018276,0.0018276,0.0018276,0.0018276,0.0018276,0.0018276,0.0018276
2026-07-16 00:00:00-04:00,8.26e-05,-0.0014274000000000001,-0.0011924,-0.0011723999999999999,-0.0011924,-0.0011723999999999999,8.26e-05,-0.0014274000000000001,-0.0011924,-0.0011723999999999999,-0.0011924,-0.0011723999999999999,-0.0014274000000000001,-0.0014274000000000001,-0.0015774,-0.0015774,-0.0015774,-0.0015774,-0.00032740000000000004,0.0,-0.0017674000000000001,0.0,-0.0017674000000000001,0.0,-0.0006424,0.0,-0.0022424000000000003,0.0,-0.0022424000000000003,0.0,-0.0016674,0.0,-0.0032674,0.0,-0.0032674,0.0
2026-07-17 00:00:00-04:00,0.0084326,0.0,0.0084326,0.0,0.0021425999999999997,0.0,0.0076825999999999995,0.0,0.0076825999999999995,0.0,0.0036425999999999997,0.0,0.0074076,0.0,0.0074076,0.0,0.0041926,0.0,0.0055076,0.0,0.0055076,0.0,0.0041526,0.0,0.0052676,0.0,0.0052676,0.0,0.0046326,0.0,0.0048676,0.0,0.0048676,0.0,0.0048676,0.0
2026-07-20 00:00:00-04:00,-0.00048740000000000003,-0.00048740000000000003,-0.00048740000000000003,-0.00048740000000000003,-0.00048740000000000003,-0.00048740000000000003,-0.00048740000000000003,-0.00048740000000000003,-0.00048740000000000003,-0.00048740000000000003,-0.00048740000000000003,-0.00048740000000000003,-0.0012573999999999999,-0.0012573999999999999,-0.0012573999999999999,-0.0012573999999999999,-0.0012573999999999999,-0.0012573999999999999,-0.0030974,-0.0030974,-0.0030974,-0.0030974,-0.0030974,-0.0030974,-0.00016740000000000003,0.0,-0.00016740000000000003,0.0,-0.00016740000000000003,0.0,-0.00016740000000000003,0.0,-0.00016740000000000003,0.0,-0.00016740000000000003,0.0
2026-07-21 00:00:00-04:00,0.0066576,0.0066576,0.0066576,0.0066576,0.0043026,0.0043026,0.0066576,0.0066576,0.0066576,0.0066576,0.0043026,0.0043026,0.0066576,0.0066576,0.0066576,0.0066576,0.0044626,0.0044626,0.0068826,0.0068826,0.0068826,0.0068826,0.0037526,0.0037526,0.0057025999999999995,0.0057025999999999995,0.0057025999999999995,0.0057025999999999995,0.0057025999999999995,0.0057025999999999995,0.0049326,0.0049326,0.0049326,0.0049326,0.0049326,0.0049326
2026-07-22 00:00:00-04:00,0.0035976,-0.0046374,-0.0007823999999999999,-0.0008923999999999999,-0.0007823999999999999,-0.0008923999999999999,0.0032976,-0.0046374,-0.0010823999999999999,-0.0011874,-0.0010823999999999999,-0.0011874,-0.0046374,-0.0046374,-0.0014574000000000002,-0.0014574000000000002,-0.0014574000000000002,-0.0014574000000000002,0.0038176,0.0,0.0038176,0.0,0.0020626,0.0,0.0038176,0.0,0.0038176,0.0,0.0020626,0.0,0.0029676,0.0,0.0029676,0.0,0.0029676,0.0
2026-07-23 00:00:00-04:00,-0.0007373999999999999,-0.0014874,-0.0019424000000000002,-0.0019624,-0.0019424000000000002,-0.0019624,-0.0007373999999999999,-0.0014874,-0.0019424000000000002,-0.0019624,-0.0019424000000000002,-0.0019624,-0.0010324,-0.0014874,-0.0022374,-0.0023824000000000002,-0.0022374,-0.0023824000000000002,-0.0023524,-0.0023524,-0.0013874,-0.0013874,-0.0013874,-0.0013874,-0.0037124000000000002,-0.0037124000000000002,-0.0027474,-0.0027474,-0.0027474,-0.0027474,0.0009126000000000001,0.0,0.0009126000000000001,0.0,0.0009126000000000001,0.0
2026-07-24 00:00:00-04:00,0.0016925999999999998,-0.0037274,-0.0016024000000000001,-0.0019724,-0.0016024000000000001,-0.0019724,-0.0037274,-0.0037274,-0.0021824,-0.0021824,-0.0021824,-0.0021824,0.0013525999999999998,0.0,0.0013525999999999998,0.0,0.0013525999999999998,0.0,0.0013525999999999998,0.0,0.0013525999999999998,0.0,0.0013525999999999998,0.0,0.0013525999999999998,0.0,0.0013525999999999998,0.0,0.0013525999999999998,0.0,0.0013525999999999998,0.0,0.0013525999999999998,0.0,0.0013525999999999998,0.0
2026-07-27 00:00:00-04:00,2.2599999999999997e-05,0.0,2.2599999999999997e-05,0.0,2.2599999999999997e-05,0.0,2.2599999999999997e-05,0.0,2.2599999999999997e-05,0.0,2.2599999999999997e-05,0.0,2.2599999999999997e-05,0.0,2.2599999999999997e-05,0.0,2.2599999999999997e-05,0.0,-0.0019874000000000003,-0.0019874000000000003,-0.0019874000000000003,-0.0019874000000000003,-0.0019874000000000003,-0.0019874000000000003,-0.0024124,-0.0024124,-0.0024124,-0.0024124,-0.0024124,-0.0024124,-0.0024124,-0.0024124,-0.0024124,-0.0024124,-0.0024124,-0.0024124
2026-07-28 00:00:00-04:00,0.0040425999999999995,0.0040425999999999995,0.0040425999999999995,0.0040425999999999995,0.0031626,0.0031626,0.0032826,0.0032826,0.0032826,0.0032826,0.0046826,0.0046826,0.0032826,0.0032826,0.0032826,0.0032826,0.0046826,0.0046826,0.0028476,0.0028476,0.0028476,0.0028476,0.0041926,0.0041926,0.0018775999999999999,0.0018775999999999999,0.0018775999999999999,0.0018775999999999999,0.0018775999999999999,0.0018775999999999999,0.0018775999999999999,0.0018775999999999999,0.0018775999999999999,0.0018775999999999999,0.0018775999999999999,0.0018775999999999999
2026-07-29 00:00:00-04:00,0.0001026,0.0001026,-0.0015824,-0.0015824,0.0030826,0.0030826,-0.0007574,-0.0007574,-0.0024424,-0.0024424,-0.0024424,-0.0024424,-0.0036524,-0.0036524,-0.0053374,-0.0053374,-0.0053374,-0.0053374,0.0028626,0.0028626,0.0028626,0.0028626,0.0040926,0.0040926,0.0021176,0.0021176,0.0021176,0.0021176,0.0055826,0.0055826,0.0009326,0.0009326,0.0009326,0.0009326,0.0009326,0.0009326
2026-07-30 00:00:00-04:00,-0.0014874,0.0,-0.0014874,0.0,-0.0014874,0.0,-0.0014874,0.0,-0.0014874,0.0,-0.0014874,0.0,-0.0014874,0.0,-0.0014874,0.0,-0.0014874,0.0,-0.0036274000000000002,0.0006926,-0.0028724,0.0006926,-0.0028724,0.0006926,-0.0036274000000000002,0.0006926,-0.0028724,0.0006926,-0.0028724,0.0006926,-0.0036274000000000002,0.0006926,-0.0028724,0.0006926,-0.0028724,0.0006926
2026-07-31 00:00:00-04:00,0.0013326,0.0,0.0013326,0.0,0.0013326,0.0,0.0013326,0.0,0.0013326,0.0,0.0013326,0.0,0.0013326,0.0,0.0013326,0.0,0.0013326,0.0,0.0001326,0.0,-0.0016924000000000002,0.0,-0.0016924000000000002,0.0,-0.0004174,0.0,-0.0022424000000000003,0.0,-0.0022424000000000003,0.0,-0.0012824000000000002,0.0,-0.0031074,0.0,-0.0031074,0.0
2026-08-03 00:00:00-04:00,-0.0010574,0.0,-0.0010574,0.0,-0.0010574,0.0,-0.0010574,0.0,-0.0010574,0.0,-0.0010574,0.0,-0.0010574,0.0,-0.0010574,0.0,-0.0010574,0.0,-0.0005124,0.0,-0.0005124,0.0,-0.0005124,0.0,-0.0007924,0.0,-0.0007924,0.0,-0.0007924,0.0,-0.0007924,0.0,-0.0007924,0.0,-0.0007924,0.0
2026-08-04 00:00:00-04:00,0.0024126,-0.0032174,-0.0006824,-0.0007723999999999999,-0.0006824,0.0014625999999999999,0.0024126,-0.0032174,-0.0006824,-0.0007723999999999999,-0.0006824,0.0014625999999999999,0.0020025999999999998,-0.0032174,-0.0010923999999999999,-0.0010073999999999999,-0.0010923999999999999,-0.0010073999999999999,-0.0032174,-0.0032174,-0.0013424,-0.0013424,-0.0013424,-0.0013424,-0.0038074000000000003,-0.0038074000000000003,-0.0019324000000000001,-0.0019324000000000001,-0.0019324000000000001,-0.0019324000000000001,-0.0045174,-0.0045174,-0.0026424,-0.0026424,-0.0026424,-0.0026424
2026-08-05 00:00:00-04:00,0.0025926,0.0,0.0025926,0.0,0.0025126,0.0,0.0024725999999999997,0.0,0.0024725999999999997,0.0,0.0027526,0.0,0.0024725999999999997,0.0,0.0024725999999999997,0.0,0.0027526,0.0,0.0019576,-0.0030674,-0.0010674,-0.0009373999999999999,-0.0010674,-0.0009373999999999999,0.0019576,-0.0030674,-0.0010674,-0.0009473999999999999,-0.0010674,-0.0009473999999999999,-0.0031874,-0.0031874,-0.0013374,-0.0013374,-0.0013374,-0.0013374
2026-08-06 00:00:00-04:00,-0.0023124,0.0006476,-0.0015424000000000002,-0.0008623999999999999,-0.0015424000000000002,0.0016426,-0.0029324,0.0006476,-0.0021624,0.0006476,-0.0021624,0.0006476,0.0006476,0.0006476,0.0006476,0.0006476,0.0006476,0.0006476,-0.0016874000000000001,0.0003726,-0.0011924,-0.0012224,-0.0011924,-0.0012224,0.0003726,0.0003726,-0.0013724000000000002,-0.0013724000000000002,-0.0013724000000000002,-0.0013724000000000002,-0.00022740000000000003,-0.00022740000000000003,-0.0019724,-0.0019724,-0.0019724,-0.0019724
2026-08-07 00:00:00-04:00,-0.0007574,-0.0013674000000000002,-0.0019324000000000001,-0.0019124,-0.0019324000000000001,-0.0019124,-0.0007574,-0.0013674000000000002,-0.0019324000000000001,-0.0019324000000000001,-0.0019324000000000001,-0.0019324000000000001,-0.0007574,-0.0013674000000000002,-0.0019324000000000001,-0.0019324000000000001,-0.0019324000000000001,-0.0019324000000000001,-0.0005124,-0.0005124,-0.0005124,-0.0005124,-0.0005124,-0.0005124,-0.0013674000000000002,-0.0013674000000000002,-0.0013674000000000002,-0.0013674000000000002,-0.0013674000000000002,-0.0013674000000000002,-0.0013674000000000002,-0.0013674000000000002,-0.0013674000000000002,-0.0013674000000000002,-0.0013674000000000002,-0.0013674000000000002
