ts_event,OR15|close     |both,OR15|close     |trend,OR15|or_stop   |both,OR15|or_stop   |trend,OR15|or_stop_2r|both,OR15|or_stop_2r|trend,OR30|close     |both,OR30|close     |trend,OR30|or_stop   |both,OR30|or_stop   |trend,OR30|or_stop_2r|both,OR30|or_stop_2r|trend,OR60|close     |both,OR60|close     |trend,OR60|or_stop   |both,OR60|or_stop   |trend,OR60|or_stop_2r|both,OR60|or_stop_2r|trend
2020-03-06 00:00:00-05:00,0.0031352,0.0,0.0031352,0.0,0.0039851999999999995,0.0,0.0031352,0.0,0.0031352,0.0,0.0039851999999999995,0.0,0.0015352,0.0,0.0015352,0.0,0.0015352,0.0
2020-03-09 00:00:00-04:00,-0.0022948,0.0,-0.0019947999999999997,0.0,-0.0019947999999999997,0.0,0.0001752,0.0,0.0001752,0.0,0.0001752,0.0,0.0001752,0.0,0.0001752,0.0,0.0001752,0.0
2020-03-10 00:00:00-04:00,0.0050252,0.0,0.0050252,0.0,0.0050252,0.0,0.0050252,0.0,0.0050252,0.0,0.0050252,0.0,0.0032652,0.0,0.0032652,0.0,0.0032652,0.0
2020-03-11 00:00:00-04:00,0.0029552,0.0,0.0029552,0.0,0.0029552,0.0,0.0029552,0.0,0.0029552,0.0,0.0029552,0.0,0.0018852,0.0,0.0018852,0.0,0.0018852,0.0
2020-03-12 00:00:00-04:00,0.0101352,0.0,0.0101352,0.0,0.0044052,0.0,0.0087552,0.0,0.0087552,0.0,0.0071652,0.0,0.008465199999999999,0.0,0.008465199999999999,0.0,0.0077452,0.0
2020-03-13 00:00:00-04:00,-0.0105048,0.0,-0.0032848,0.0,-0.0032848,0.0,-0.0105048,0.0,-0.0032848,0.0,-0.0032848,0.0,-0.0105048,0.0,-0.0033348,0.0,-0.0033348,0.0
2020-03-16 00:00:00-04:00,0.0,0.0,0.0,0.0,0.0,0.0,0.0,0.0,0.0,0.0,0.0,0.0,0.0,0.0,0.0,0.0,0.0,0.0
2020-03-17 00:00:00-04:00,0.0018126,0.0,0.0018126,0.0,0.0018126,0.0,0.0005676,0.0,0.0005676,0.0,0.0005676,0.0,0.0,0.0,0.0,0.0,0.0,0.0
2020-03-18 00:00:00-04:00,0.0018976,0.0,-0.0010073999999999999,0.0,-0.0010073999999999999,0.0,0.0018976,0.0,-0.0013024,0.0,-0.0013024,0.0,-0.0032324000000000003,0.0,-0.0024124,0.0,-0.0024124,0.0
2020-03-19 00:00:00-04:00,0.0055126,0.0,0.0055126,0.0,0.0035726,0.0,0.0048526,0.0,0.0048526,0.0,0.0048925999999999996,0.0,0.0036826,0.0,0.0036826,0.0,0.0036826,0.0
2020-03-20 00:00:00-04:00,0.0013725999999999999,0.0,0.0013725999999999999,0.0,0.0013725999999999999,0.0,0.0008276000000000001,0.0,0.0008276000000000001,0.0,0.0008276000000000001,0.0,0.0008276000000000001,0.0,0.0008276000000000001,0.0,0.0008276000000000001,0.0
2020-03-23 00:00:00-04:00,-0.0019074,0.0,-0.0016324,0.0,-0.0016324,0.0,-0.0008123999999999999,0.0,-0.0008123999999999999,0.0,-0.0008123999999999999,0.0,-0.0008123999999999999,0.0,-0.0008123999999999999,0.0,-0.0008123999999999999,0.0
2020-03-24 00:00:00-04:00,0.0018725999999999999,0.0,0.0018725999999999999,0.0,0.0027026,0.0,0.0011526000000000002,0.0,0.0011526000000000002,0.0,0.0011526000000000002,0.0,0.0011526000000000002,0.0,0.0011526000000000002,0.0,0.0011526000000000002,0.0
2020-03-25 00:00:00-04:00,0.0008826000000000001,0.0,-0.0009774,0.0,-0.0009774,0.0,-0.0023824000000000002,0.0,-0.0019274000000000001,0.0,-0.0019274000000000001,0.0,-0.0027024,0.0,-0.0022474,0.0,-0.0022474,0.0
2020-03-26 00:00:00-04:00,-0.0025224,0.0,-0.0018024,0.0,-0.0018024,0.0,-4.24e-05,0.0,-4.24e-05,0.0,-4.24e-05,0.0,-4.24e-05,0.0,-4.24e-05,0.0,-4.24e-05,0.0
2020-03-27 00:00:00-04:00,0.0013226,0.0,0.0013226,0.0,0.0018926,0.0,0.0007326,0.0,0.0007326,0.0,0.0007326,0.0,-0.00020240000000000001,0.0,-0.00020240000000000001,0.0,-0.00020240000000000001,0.0
2020-03-30 00:00:00-04:00,-0.0041274,0.0,-0.0007723999999999999,0.0,-0.0007723999999999999,0.0,-0.0041274,0.0,-0.0007723999999999999,0.0,-0.0007723999999999999,0.0,0.0030826,0.0,0.0030826,0.0,0.0022426,0.0
2020-03-31 00:00:00-04:00,0.0004126,0.0,-0.0005274,0.0,-0.0005274,0.0,-0.0011374,0.0,-0.0007723999999999999,0.0,-0.0007723999999999999,0.0,-0.0011374,0.0,-0.0007723999999999999,0.0,-0.0007723999999999999,0.0
2020-04-01 00:00:00-04:00,-0.0024374,0.0,-0.0007574,0.0,-0.0007574,0.0,-0.0024374,0.0,-0.0007574,0.0,-0.0007574,0.0,0.0,0.0,0.0,0.0,0.0,0.0
2020-04-02 00:00:00-04:00,-0.0007423999999999999,0.0,-0.0005524,0.0,-0.0005524,0.0,-0.0007423999999999999,0.0,-0.0005524,0.0,-0.0005524,0.0,-0.0011974,0.0,-0.0010073999999999999,0.0,-0.0010073999999999999,0.0
2020-04-03 00:00:00-04:00,0.0002476,0.0,0.0002476,0.0,0.0002476,0.0,5.26e-05,0.0,5.26e-05,0.0,5.26e-05,0.0,5.26e-05,0.0,5.26e-05,0.0,5.26e-05,0.0
2020-04-06 00:00:00-04:00,0.0022976,0.0,0.0022976,0.0,0.0023225999999999998,0.0,0.0006676000000000001,0.0,0.0006676000000000001,0.0,0.0006676000000000001,0.0,0.0,0.0,0.0,0.0,0.0,0.0
2020-04-07 00:00:00-04:00,0.00016759999999999998,0.0,0.00016759999999999998,0.0,0.0011226,0.0,-0.0004174,0.0,-0.0004174,0.0,-0.0004174,0.0,-0.0007974,0.0,-0.0007974,0.0,-0.0007974,0.0
2020-04-08 00:00:00-04:00,-0.0025924,0.0,-0.0011474,0.0,-0.0011474,0.0,-0.0032574,0.0,-0.0018124,0.0,-0.0018124,0.0,0.0013575999999999998,0.0,0.0013575999999999998,0.0,0.0013575999999999998,0.0
2020-04-09 00:00:00-04:00,0.0004876,0.0,0.0004876,0.0,0.0008526,0.0,0.0003676,0.0,0.0003676,0.0,0.0010926,0.0,0.0002626,0.0,0.0002626,0.0,0.0002626,0.0
2020-04-13 00:00:00-04:00,0.00027259999999999996,0.0,-0.0005374,0.0,-0.0005374,0.0,-2.2400000000000002e-05,0.0,-0.0008324,0.0,-0.0008324,0.0,-0.0008474,0.0,-0.0008474,0.0,-0.0008474,0.0
2020-04-14 00:00:00-04:00,-0.0026024,0.0,-0.0008324,0.0,-0.0008324,0.0,0.0016825999999999998,0.0,0.0016825999999999998,0.0,0.0019825999999999997,0.0,0.0016825999999999998,0.0,0.0016825999999999998,0.0,0.0019825999999999997,0.0
2020-04-15 00:00:00-04:00,0.0005276,0.0,-0.0003574,0.0,-0.0003574,0.0,0.0004726,0.0,0.0004726,0.0,0.0004726,0.0,0.00027759999999999997,0.0,0.00027759999999999997,0.0,0.00027759999999999997,0.0
2020-04-16 00:00:00-04:00,-0.0018374,0.0,-0.0008824,0.0,-0.0008824,0.0,-0.0020274,0.0,-0.0010724,0.0,-0.0010724,0.0,0.0,0.0,0.0,0.0,0.0,0.0
2020-04-17 00:00:00-04:00,-0.0007624,0.0,-0.0007723999999999999,0.0,-0.0007723999999999999,0.0,-0.00016740000000000003,0.0,-0.00016740000000000003,0.0,-0.00016740000000000003,0.0,-0.00016740000000000003,0.0,-0.00016740000000000003,0.0,-0.00016740000000000003,0.0
2020-04-20 00:00:00-04:00,0.00012759999999999998,0.0,0.00012759999999999998,0.0,0.0008726000000000001,0.0,-0.0005524,0.0,-0.0005524,0.0,-0.0005524,0.0,0.0,0.0,0.0,0.0,0.0,0.0
2020-04-21 00:00:00-04:00,0.0010476,0.0,-0.0007373999999999999,0.0,-0.0007373999999999999,0.0,-0.0018174,0.0,-0.0009323999999999999,0.0,-0.0009323999999999999,0.0,-0.0020424,0.0,-0.0011574,0.0,-0.0011574,0.0
2020-04-22 00:00:00-04:00,0.0,0.0,0.0,0.0,0.0,0.0,0.0,0.0,0.0,0.0,0.0,0.0,0.0,0.0,0.0,0.0,0.0,0.0
2020-04-23 00:00:00-04:00,-0.0007023999999999999,0.0,-0.0007224,0.0,-0.0007224,0.0,-0.00038740000000000004,0.0,-0.0012423999999999998,0.0,-0.0012423999999999998,0.0,-0.00038740000000000004,0.0,-0.0012423999999999998,0.0,-0.0012423999999999998,0.0
2020-04-24 00:00:00-04:00,-0.0004224,0.0,-0.0004224,0.0,-0.0004224,0.0,-0.0004224,0.0,-0.0004224,0.0,-0.0004224,0.0,-0.0005174,0.0,-0.0005174,0.0,-0.0005174,0.0
2020-04-27 00:00:00-04:00,0.0022976,0.0,0.0022976,0.0,0.0011826,0.0,0.0022375999999999997,0.0,0.0022375999999999997,0.0,0.0013026,0.0,0.0018326,0.0,0.0018326,0.0,0.0021126,0.0
2020-04-28 00:00:00-04:00,-0.00017740000000000003,0.0,-0.0005124,0.0,-0.0005124,0.0,-0.0003624,0.0,-0.0006973999999999999,0.0,-0.0006973999999999999,0.0,-0.0004024,0.0,-0.0004024,0.0,-0.0004024,0.0
2020-04-29 00:00:00-04:00,0.0008926,0.0,0.0008926,0.0,0.0011026,0.0,0.0008926,0.0,0.0008926,0.0,0.0011026,0.0,0.0006476,0.0,0.0006476,0.0,0.0006476,0.0
2020-04-30 00:00:00-04:00,-0.0009724,0.0005176,-0.0004124,0.0005176,-0.0004124,0.0005626,-0.0012074,0.0005176,-0.0006473999999999999,0.0005176,-0.0006473999999999999,0.0005176,0.0005176,0.0005176,0.0005176,0.0005176,0.0005176,0.0005176
2020-05-01 00:00:00-04:00,-0.0008374,-0.0008374,-0.0005724,-0.0005724,-0.0005724,-0.0005724,-0.0008374,-0.0008374,-0.0005724,-0.0005724,-0.0005724,-0.0005724,-0.0010374,-0.0010374,-0.0008673999999999999,-0.0008673999999999999,-0.0008673999999999999,-0.0008673999999999999
2020-05-04 00:00:00-04:00,-0.0028348,0.0014952000000000001,-0.0011448,0.0014952000000000001,-0.0011448,0.0016052000000000002,-0.0028348,0.0014952000000000001,-0.0012348,0.0014952000000000001,-0.0012348,0.0016052000000000002,0.0014952000000000001,0.0014952000000000001,0.0014952000000000001,0.0014952000000000001,0.0014952000000000001,0.0014952000000000001
2020-05-05 00:00:00-04:00,-0.0014448,0.00039519999999999996,-0.0009548,0.00039519999999999996,-0.0009548,0.00039519999999999996,0.00039519999999999996,0.00039519999999999996,0.00039519999999999996,0.00039519999999999996,0.00039519999999999996,0.00039519999999999996,0.00039519999999999996,0.00039519999999999996,0.00039519999999999996,0.00039519999999999996,0.00039519999999999996,0.00039519999999999996
2020-05-06 00:00:00-04:00,-0.0017247999999999999,0.0,-0.0013047999999999998,0.0,-0.0013047999999999998,0.0,-0.0032548,0.0,-0.0028348,0.0,-0.0028348,0.0,0.0,0.0,0.0,0.0,0.0,0.0
2020-05-07 00:00:00-04:00,0.0007551999999999999,0.0007551999999999999,0.0007551999999999999,0.0007551999999999999,0.0007551999999999999,0.0007551999999999999,0.0007551999999999999,0.0007551999999999999,0.0007551999999999999,0.0007551999999999999,0.0007551999999999999,0.0007551999999999999,0.0004252,0.0004252,0.0004252,0.0004252,0.0004252,0.0004252
2020-05-08 00:00:00-04:00,0.0019552000000000003,0.0019552000000000003,0.0019552000000000003,0.0019552000000000003,0.0019552000000000003,0.0019552000000000003,0.0019552000000000003,0.0019552000000000003,0.0019552000000000003,0.0019552000000000003,0.0019552000000000003,0.0019552000000000003,0.0014852,0.0014852,0.0014852,0.0014852,0.0014852,0.0014852
2020-05-11 00:00:00-04:00,-0.0016848,-0.0016848,-0.0012748,-0.0012748,-0.0012748,-0.0012748,-0.0016848,-0.0016848,-0.0012748,-0.0012748,-0.0012748,-0.0012748,-0.0016848,-0.0016848,-0.0012748,-0.0012748,-0.0012748,-0.0012748
2020-05-12 00:00:00-04:00,-0.0009048000000000001,0.0,-0.0014747999999999999,0.0,-0.0014747999999999999,0.0,-0.0011148,0.0,-0.0016848,0.0,-0.0016848,0.0,-0.0016247999999999998,0.0,-0.0021948,0.0,-0.0021948,0.0
2020-05-13 00:00:00-04:00,0.0019152000000000001,0.0019152000000000001,0.0019152000000000001,0.0019152000000000001,0.0029652,0.0029652,0.0019152000000000001,0.0019152000000000001,0.0019152000000000001,0.0019152000000000001,0.0029652,0.0029652,0.0012351999999999999,0.0012351999999999999,0.0012351999999999999,0.0012351999999999999,0.0012351999999999999,0.0012351999999999999
2020-05-14 00:00:00-04:00,0.0005752,0.0,-0.0013147999999999999,0.0,-0.0013147999999999999,0.0,0.0002152,0.0,-0.0016748,0.0,-0.0016748,0.0,-0.00033480000000000006,0.0,-0.0022248,0.0,-0.0022248,0.0
2020-05-15 00:00:00-04:00,0.0005551999999999999,0.0,-0.0007348000000000001,0.0,0.0013052,0.0,0.0001752,0.0,-0.0011148,0.0,-0.0011148,0.0,-0.0005348,0.0,-0.0018248,0.0,-0.0018248,0.0
2020-05-18 00:00:00-04:00,0.0002252,0.0002252,0.0002252,0.0002252,0.0010651999999999999,0.0010651999999999999,-0.0002048,-0.0002048,-0.0002048,-0.0002048,-0.0002048,-0.0002048,-0.0002048,-0.0002048,-0.0002048,-0.0002048,-0.0002048,-0.0002048
2020-05-19 00:00:00-04:00,-0.0005248000000000001,0.0,-0.0005248000000000001,0.0,-0.0005248000000000001,0.0,-0.0005248000000000001,0.0,-0.0005248000000000001,0.0,-0.0005248000000000001,0.0,-0.0007748000000000001,0.0,-0.0007748000000000001,0.0,-0.0007748000000000001,0.0
2020-05-20 00:00:00-04:00,-0.0009848,8.52e-05,-0.0008248,8.52e-05,-0.0008248,0.0011852,8.52e-05,8.52e-05,8.52e-05,8.52e-05,8.52e-05,8.52e-05,2.5199999999999996e-05,2.5199999999999996e-05,2.5199999999999996e-05,2.5199999999999996e-05,2.5199999999999996e-05,2.5199999999999996e-05
2020-05-21 00:00:00-04:00,0.0008652,0.0,0.0008652,0.0,0.0015252000000000002,0.0,0.0006052,0.0,0.0006052,0.0,0.0006052,0.0,0.0006052,0.0,0.0006052,0.0,0.0006052,0.0
2020-05-22 00:00:00-04:00,0.0041852,0.0,0.0041852,0.0,0.0010452,0.0,0.0041852,0.0,0.0041852,0.0,0.0013452000000000002,0.0,0.0030851999999999997,0.0,0.0030851999999999997,0.0,0.0035451999999999997,0.0
2020-05-25 00:00:00-04:00,-0.0004648,0.0,-0.0006848000000000001,0.0,-0.0006848000000000001,0.0,-0.0004648,0.0,-0.0006848000000000001,0.0,-0.0006848000000000001,0.0,-0.0010048000000000001,0.0,-0.0012248,0.0,-0.0012248,0.0
2020-05-26 00:00:00-04:00,0.0023752,0.0023752,0.0023752,0.0023752,0.0013452000000000002,0.0013452000000000002,0.0023752,0.0023752,0.0023752,0.0023752,0.0013452000000000002,0.0013452000000000002,0.0016652000000000001,0.0016652000000000001,0.0016652000000000001,0.0016652000000000001,0.0016652000000000001,0.0016652000000000001
2020-05-27 00:00:00-04:00,0.0024552000000000003,0.0024552000000000003,0.0024552000000000003,0.0024552000000000003,0.0025252,0.0025252,0.0024552000000000003,0.0024552000000000003,0.0024552000000000003,0.0024552000000000003,0.0025651999999999997,0.0025651999999999997,0.0015052000000000002,0.0015052000000000002,0.0015052000000000002,0.0015052000000000002,0.0015052000000000002,0.0015052000000000002
2020-05-28 00:00:00-04:00,-0.0015347999999999998,-0.0015347999999999998,-0.0014948,-0.0014948,-0.0014948,-0.0014948,-0.0015347999999999998,-0.0015347999999999998,-0.0014948,-0.0014948,-0.0014948,-0.0014948,-0.0018147999999999999,-0.0018147999999999999,-0.0017748,-0.0017748,-0.0017748,-0.0017748
2020-05-29 00:00:00-04:00,-0.0016748,3.5199999999999995e-05,-0.0014348,3.5199999999999995e-05,-0.0014348,3.5199999999999995e-05,-0.0016748,3.5199999999999995e-05,-0.0014948,3.5199999999999995e-05,-0.0014948,3.5199999999999995e-05,-0.0002748,-0.0002748,-0.0002748,-0.0002748,-0.0002748,-0.0002748
2020-06-01 00:00:00-04:00,0.0009651999999999999,0.0009651999999999999,0.0009651999999999999,0.0009651999999999999,0.0009651999999999999,0.0009651999999999999,0.0004952,0.0004952,0.0004952,0.0004952,0.0004952,0.0004952,-9.48e-05,-9.48e-05,-9.48e-05,-9.48e-05,-9.48e-05,-9.48e-05
2020-06-02 00:00:00-04:00,0.0,0.0,0.0,0.0,0.0,0.0,0.0,0.0,0.0,0.0,0.0,0.0,0.0,0.0,0.0,0.0,0.0,0.0
2020-06-03 00:00:00-04:00,-0.0007448,5.519999999999999e-05,-0.0005548,-0.0006148000000000001,-0.0005548,-0.0006148000000000001,-0.0007448,5.519999999999999e-05,-0.0005548,-0.0006148000000000001,-0.0005548,-0.0006148000000000001,-0.0001448,-0.0001448,-0.0011548,-0.0011548,-0.0011548,-0.0011548
2020-06-04 00:00:00-04:00,0.0007728,0.0,0.0007728,0.0,0.0007728,0.0,0.0003078,0.0,0.0003078,0.0,0.0003078,0.0,7.799999999999993e-06,0.0,7.799999999999993e-06,0.0,7.799999999999993e-06,0.0
2020-06-05 00:00:00-04:00,0.0029928,0.0029928,0.0029928,0.0029928,0.0021978,0.0021978,0.0029928,0.0029928,0.0029928,0.0029928,0.0021978,0.0021978,0.0024978,0.0024978,0.0024978,0.0024978,0.0024978,0.0024978
2020-06-08 00:00:00-04:00,-0.0006221999999999999,0.0,-0.0006221999999999999,0.0,-0.0006221999999999999,0.0,-0.0006221999999999999,0.0,-0.0006221999999999999,0.0,-0.0006221999999999999,0.0,-0.0006221999999999999,0.0,-0.0006221999999999999,0.0,-0.0006221999999999999,0.0
2020-06-09 00:00:00-04:00,-0.0022272,0.0,-0.0021522,0.0,-0.0021522,0.0,-0.0022272,0.0,-0.0021522,0.0,-0.0021522,0.0,-0.0022272,0.0,-0.0021522,0.0,-0.0021522,0.0
2020-06-10 00:00:00-04:00,0.0005478,0.0005478,0.0005478,0.0005478,0.0005478,0.0005478,0.0002928,0.0002928,0.0002928,0.0002928,0.0002928,0.0002928,0.0002928,0.0002928,0.0002928,0.0002928,0.0002928,0.0002928
2020-06-11 00:00:00-04:00,-0.0038622,-0.0038622,-0.0016722,-0.0016722,-0.0016722,-0.0016722,-0.0045672,-0.0045672,-0.0023772,-0.0023772,-0.0023772,-0.0023772,-0.0051972,-0.0051972,-0.0030072000000000002,-0.0030072000000000002,-0.0030072000000000002,-0.0030072000000000002
2020-06-12 00:00:00-04:00,-0.007222200000000001,0.0022128,-0.0047922,0.0022128,-0.0047922,0.0022128,-0.007222200000000001,0.0022128,-0.0047922,0.0022128,-0.0047922,0.0022128,-0.007222200000000001,0.0022128,-0.0047922,0.0022128,-0.0047922,0.0022128
2020-06-15 00:00:00-04:00,0.0071627999999999995,-0.0093972,-0.0018522,-0.0019422,-0.0018522,-0.0019422,0.0071627999999999995,-0.0093972,-0.0018522,-0.0019422,-0.0018522,-0.0019422,-0.0097572,-0.0097572,-0.0025872000000000004,-0.0025872000000000004,-0.0025872000000000004,-0.0025872000000000004
2020-06-16 00:00:00-04:00,-0.0034122,0.0010428,-0.0017922,0.0010428,-0.0017922,0.0010428,-0.0034122,0.0010428,-0.0017922,0.0010428,-0.0017922,0.0010428,0.0010428,0.0010428,0.0010428,0.0010428,0.0010428,0.0010428
2020-06-17 00:00:00-04:00,-0.0012072,0.0,-0.0012072,0.0,-0.0012072,0.0,-0.0025122,0.0,-0.0025122,0.0,-0.0025122,0.0,-0.0025122,0.0,-0.0025122,0.0,-0.0025122,0.0
2020-06-18 00:00:00-04:00,-0.0022272,0.0,-0.0030672000000000004,0.0,-0.0030672000000000004,0.0,-0.0022272,0.0,-0.0030672000000000004,0.0,-0.0030672000000000004,0.0,-0.0022272,0.0,-0.0030672000000000004,0.0,-0.0030672000000000004,0.0
2020-06-19 00:00:00-04:00,-0.0015372,0.00020280000000000002,-0.0011172,0.00020280000000000002,-0.0011172,0.00020280000000000002,-0.0018222,0.00020280000000000002,-0.0014022,0.00020280000000000002,-0.0014022,0.00020280000000000002,-0.0021822,0.00020280000000000002,-0.0017622,0.00020280000000000002,-0.0017622,0.00020280000000000002
2020-06-22 00:00:00-04:00,0.0024528,0.0024528,0.0024528,0.0024528,0.0032178,0.0032178,0.0012978,0.0012978,0.0012978,0.0012978,0.0012978,0.0012978,0.0012978,0.0012978,0.0012978,0.0012978,0.0012978,0.0012978
2020-06-23 00:00:00-04:00,0.0025727999999999997,0.0,0.0025727999999999997,0.0,0.0013278,0.0,0.0023628,0.0,0.0023628,0.0,0.0017478,0.0,0.0019278,0.0,0.0019278,0.0,0.0026177999999999996,0.0
2020-06-24 00:00:00-04:00,0.0005478,0.0005478,-0.0019572,-0.0019572,-0.0019572,-0.0019572,-3.720000000000001e-05,-3.720000000000001e-05,-0.0025422,-0.0025422,-0.0025422,-0.0025422,0.0,0.0,0.0,0.0,0.0,0.0
2020-06-25 00:00:00-04:00,-0.0008772,-0.0008772,-0.0026172,-0.0026172,-0.0026172,-0.0026172,-0.0018821999999999999,-0.0018821999999999999,-0.0036222000000000003,-0.0036222000000000003,-0.0036222000000000003,-0.0036222000000000003,-0.0019422,0.0,-0.0019422,0.0,-0.0019422,0.0
2020-06-26 00:00:00-04:00,-0.0010272,0.0,-0.0018972,0.0,-0.0018972,0.0,-0.0010272,0.0,-0.0018972,0.0,-0.0018972,0.0,0.0,0.0,0.0,0.0,0.0,0.0
2020-06-29 00:00:00-04:00,-0.0019572,-0.0019572,-0.0018222,-0.0018222,-0.0018222,-0.0018222,-0.0019572,-0.0019572,-0.0019422,-0.0019422,-0.0019422,-0.0019422,-0.0024072,-0.0024072,-0.0023922,-0.0023922,-0.0023922,-0.0023922
2020-06-30 00:00:00-04:00,-0.0009521999999999999,-0.0009521999999999999,-0.0006972,-0.0006972,-0.0006972,-0.0006972,-0.0013422,-0.0013422,-0.0011322,-0.0011322,-0.0011322,-0.0011322,-0.0013422,-0.0013422,-0.0012522,-0.0012522,-0.0012522,-0.0012522
2020-07-01 00:00:00-04:00,-0.0015672,-0.0015672,-0.0011922,-0.0011922,-0.0011922,-0.0011922,-0.0015672,-0.0015672,-0.0011922,-0.0011922,-0.0011922,-0.0011922,0.0,0.0,0.0,0.0,0.0,0.0
2020-07-02 00:00:00-04:00,-0.0016122,0.0005178,-0.0009521999999999999,0.0005178,-0.0009521999999999999,0.0005178,0.0005178,0.0005178,0.0005178,0.0005178,0.0005178,0.0005178,0.0005178,0.0005178,0.0005178,0.0005178,0.0005178,0.0005178
2020-07-03 00:00:00-04:00,0.0003528,0.0003528,0.0003528,0.0003528,0.0003528,0.0003528,0.0003528,0.0003528,0.0003528,0.0003528,0.0003528,0.0003528,-0.00022480000000000002,-0.00022480000000000002,-0.00022480000000000002,-0.00022480000000000002,-0.00022480000000000002,-0.00022480000000000002
2020-07-06 00:00:00-04:00,0.0048378,0.0048378,0.0048378,0.0048378,0.0015378,0.0015378,0.0048378,0.0048378,0.0048378,0.0048378,0.0015378,0.0015378,0.0016252,0.0016252,0.0016252,0.0016252,0.0016252,0.0016252
2020-07-07 00:00:00-04:00,-0.0026048,-0.0026048,-0.0012348,-0.0012348,-0.0012348,-0.0012348,-0.0028048,-0.0028048,-0.0014348,-0.0014348,-0.0014348,-0.0014348,0.0012152,0.0,0.0012152,0.0,0.0012152,0.0
2020-07-08 00:00:00-04:00,-0.0017748,-0.0017748,-0.0013147999999999999,-0.0013147999999999999,-0.0013147999999999999,-0.0013147999999999999,-0.0019848,-0.0019848,-0.0015248,-0.0015248,-0.0015248,-0.0015248,-0.0019848,-0.0019848,-0.0015248,-0.0015248,-0.0015248,-0.0015248
2020-07-09 00:00:00-04:00,0.0002652,0.0,0.0002652,0.0,0.0002652,0.0,-0.00022480000000000002,0.0,-0.00022480000000000002,0.0,-0.00022480000000000002,0.0,-0.00022480000000000002,0.0,-0.00022480000000000002,0.0,-0.00022480000000000002,0.0
2020-07-10 00:00:00-04:00,0.0029452,0.0,0.0029452,0.0,0.0015852000000000002,0.0,0.0029452,0.0,0.0029452,0.0,0.0015852000000000002,0.0,0.0014652,0.0,0.0014652,0.0,0.0014652,0.0
2020-07-13 00:00:00-04:00,-0.0015347999999999998,0.00041519999999999995,-0.0008948000000000001,0.00041519999999999995,-0.0008948000000000001,0.00041519999999999995,0.00041519999999999995,0.00041519999999999995,0.00041519999999999995,0.00041519999999999995,0.00041519999999999995,0.00041519999999999995,3.5199999999999995e-05,3.5199999999999995e-05,3.5199999999999995e-05,3.5199999999999995e-05,3.5199999999999995e-05,3.5199999999999995e-05
2020-07-14 00:00:00-04:00,-6.48e-05,-0.0016748,-0.0016048,-0.0015148,-0.0016048,-0.0015148,-6.48e-05,-0.0016748,-0.0016048,-0.0015148,-0.0016048,-0.0015148,-6.48e-05,-0.0016748,-0.0016048,-0.0015148,-0.0016048,-0.0015148
2020-07-15 00:00:00-04:00,0.00047519999999999995,0.0,0.00047519999999999995,0.0,0.0018652,0.0,0.00047519999999999995,0.0,0.00047519999999999995,0.0,0.0018652,0.0,0.00047519999999999995,0.0,0.00047519999999999995,0.0,0.0018652,0.0
2020-07-16 00:00:00-04:00,-5.4800000000000004e-05,0.0,-5.4800000000000004e-05,0.0,-5.4800000000000004e-05,0.0,-5.4800000000000004e-05,0.0,-5.4800000000000004e-05,0.0,-5.4800000000000004e-05,0.0,-5.4800000000000004e-05,0.0,-5.4800000000000004e-05,0.0,-5.4800000000000004e-05,0.0
2020-07-17 00:00:00-04:00,-0.00014220000000000001,-0.00014220000000000001,-0.0013422,-0.0013422,-0.0013422,-0.0013422,-0.00014220000000000001,-0.00014220000000000001,-0.0013422,-0.0013422,-0.0013422,-0.0013422,-0.0014772,-0.0005922,-0.0015822,-0.0005922,-0.0015822,-0.0005922
2020-07-20 00:00:00-04:00,0.0030527999999999996,0.0,0.0030527999999999996,0.0,0.0018978,0.0,0.0030527999999999996,0.0,0.0030527999999999996,0.0,0.0018978,0.0,0.0011628,0.0,0.0011628,0.0,0.0011628,0.0
2020-07-21 00:00:00-04:00,0.0037727999999999998,0.0037727999999999998,0.0037727999999999998,0.0037727999999999998,0.0037727999999999998,0.0037727999999999998,0.0037727999999999998,0.0037727999999999998,0.0037727999999999998,0.0037727999999999998,0.0037727999999999998,0.0037727999999999998,0.0030827999999999997,0.0030827999999999997,0.0030827999999999997,0.0030827999999999997,0.0030827999999999997,0.0030827999999999997
2020-07-22 00:00:00-04:00,-0.0006522,-0.0022272,-0.0018821999999999999,-0.0025572,-0.0018821999999999999,-0.0025572,-0.0006522,-0.0022272,-0.0019272,-0.0025572,-0.0019272,-0.0025572,-0.0022272,-0.0022272,-0.0028722,-0.0028722,-0.0028722,-0.0028722
2020-07-23 00:00:00-04:00,-0.0020022,-0.0003972,-0.0021072,-0.0013722,-0.0021072,-0.0013722,-0.0003972,-0.0003972,-0.0003972,-0.0003972,-0.0003972,-0.0003972,-0.0003972,-0.0003972,-0.0003972,-0.0003972,-0.0003972,-0.0003972
2020-07-24 00:00:00-04:00,-0.0047248,-0.0047248,-0.0008648,-0.0008648,-0.0008648,-0.0008648,-0.0047248,-0.0047248,-0.0008848,-0.0008848,-0.0008848,-0.0008848,0.0031951999999999996,0.0,0.0031951999999999996,0.0,0.0028452,0.0
2020-07-27 00:00:00-04:00,0.0010052,0.0010052,0.0010052,0.0010052,0.0010052,0.0010052,0.0001352,0.0001352,0.0001352,0.0001352,0.0001352,0.0001352,-0.0001048,-0.0001048,-0.0001048,-0.0001048,-0.0001048,-0.0001048
2020-07-28 00:00:00-04:00,-0.0016247999999999998,-0.0016247999999999998,-0.0016447999999999999,-0.0016447999999999999,-0.0016447999999999999,-0.0016447999999999999,-0.0016247999999999998,-0.0016247999999999998,-0.0016447999999999999,-0.0016447999999999999,-0.0016447999999999999,-0.0016447999999999999,-0.0019548,-0.0019548,-0.0019748,-0.0019748,-0.0019748,-0.0019748
2020-07-29 00:00:00-04:00,-0.0010448,-0.0010448,-0.0010848000000000001,-0.0010848000000000001,-0.0010848000000000001,-0.0010848000000000001,-0.0013348,-0.0013348,-0.0013747999999999998,-0.0013747999999999998,-0.0013747999999999998,-0.0013747999999999998,-0.00036480000000000003,0.0,-0.00036480000000000003,0.0,-0.00036480000000000003,0.0
2020-07-30 00:00:00-04:00,0.0001652,0.0,0.0001652,0.0,0.0001652,0.0,-5.4800000000000004e-05,0.0,-5.4800000000000004e-05,0.0,-5.4800000000000004e-05,0.0,-7.48e-05,0.0,-7.48e-05,0.0,-7.48e-05,0.0
2020-07-31 00:00:00-04:00,0.0012052,-0.0025348,-0.0012248,-0.0009748000000000001,-0.0012248,-0.0009748000000000001,0.0012052,-0.0025348,-0.0012248,-0.0009748000000000001,-0.0012248,-0.0009748000000000001,-0.0025348,-0.0025348,-0.0013248,-0.0013248,-0.0013248,-0.0013248
2020-08-03 00:00:00-04:00,-0.0015848,0.0001252,-0.0010148,0.0001252,-0.0010148,0.0001252,0.0001252,0.0001252,0.0001252,0.0001252,0.0001252,0.0001252,-0.00040480000000000003,-0.00040480000000000003,-0.00040480000000000003,-0.00040480000000000003,-0.00040480000000000003,-0.00040480000000000003
2020-08-04 00:00:00-04:00,0.0006251999999999999,0.0006251999999999999,0.0006251999999999999,0.0006251999999999999,0.0006251999999999999,0.0006251999999999999,0.0006251999999999999,0.0006251999999999999,0.0006251999999999999,0.0006251999999999999,0.0006251999999999999,0.0006251999999999999,-0.0001348,-0.0001348,-0.0001348,-0.0001348,-0.0001348,-0.0001348
2020-08-05 00:00:00-04:00,-0.0016447999999999999,0.0005551999999999999,-0.0008948000000000001,0.0005551999999999999,-0.0008948000000000001,0.0005551999999999999,0.0005551999999999999,0.0005551999999999999,0.0005551999999999999,0.0005551999999999999,0.0005551999999999999,0.0005551999999999999,0.0005551999999999999,0.0005551999999999999,0.0005551999999999999,0.0005551999999999999,0.0005551999999999999,0.0005551999999999999
2020-08-06 00:00:00-04:00,-0.00041480000000000005,-0.00041480000000000005,-0.00039480000000000006,-0.00039480000000000006,0.0006251999999999999,0.0006251999999999999,-0.0016048,-0.0016048,-0.0015848,-0.0015848,-0.0015848,-0.0015848,-0.0016048,-0.0016048,-0.0015848,-0.0015848,-0.0015848,-0.0015848
2020-08-07 00:00:00-04:00,-0.0027548000000000004,-0.0027548000000000004,-0.0014448,-0.0014448,-0.0014448,-0.0014448,0.0007852,0.0,0.0007852,0.0,0.0007852,0.0,0.0007852,0.0,0.0007852,0.0,0.0007852,0.0
2020-08-10 00:00:00-04:00,-0.0017347999999999999,0.0,-0.0010348,0.0,-0.0010348,0.0,-0.0017347999999999999,0.0,-0.0011548,0.0,-0.0011548,0.0,-0.0017347999999999999,0.0,-0.0011548,0.0,-0.0011548,0.0
2020-08-11 00:00:00-04:00,0.0016352,0.0016352,0.0016352,0.0016352,0.0008652,0.0008652,0.0016352,0.0016352,0.0016352,0.0016352,0.0012852,0.0012852,0.0007452,0.0007452,0.0007452,0.0007452,0.0007452,0.0007452
2020-08-12 00:00:00-04:00,-0.0011248,-0.0011248,-0.0010548,-0.0010548,-0.0010548,-0.0010548,-0.0005448,0.0,-0.0005448,0.0,-0.0005448,0.0,-0.0014847999999999999,0.0,-0.0014847999999999999,0.0,-0.0014847999999999999,0.0
2020-08-13 00:00:00-04:00,-0.0017548,-0.0017548,-0.0010648,-0.0010648,-0.0010648,-0.0010648,0.0002652,0.0,0.0002652,0.0,0.0002652,0.0,0.0,0.0,0.0,0.0,0.0,0.0
2020-08-14 00:00:00-04:00,-0.0006348,0.0,-0.0006348,0.0,-0.0006348,0.0,-0.0006348,0.0,-0.0006348,0.0,-0.0006348,0.0,-0.0007948,0.0,-0.0007948,0.0,-0.0007948,0.0
2020-08-17 00:00:00-04:00,0.0006652,0.0006652,0.0006652,0.0006652,0.0008252,0.0008252,0.0006652,0.0006652,0.0006652,0.0006652,0.0008252,0.0008252,0.0006652,0.0006652,0.0006652,0.0006652,0.0008252,0.0008252
2020-08-18 00:00:00-04:00,0.0002352,0.0,0.0002352,0.0,0.0002352,0.0,0.0002352,0.0,0.0002352,0.0,0.0002352,0.0,0.0002352,0.0,0.0002352,0.0,0.0002352,0.0
2020-08-19 00:00:00-04:00,-0.00033480000000000006,-0.00033480000000000006,-0.00033480000000000006,-0.00033480000000000006,-0.00033480000000000006,-0.00033480000000000006,-0.00033480000000000006,-0.00033480000000000006,-0.00033480000000000006,-0.00033480000000000006,-0.00033480000000000006,-0.00033480000000000006,-0.00033480000000000006,-0.00033480000000000006,-0.00033480000000000006,-0.00033480000000000006,-0.00033480000000000006,-0.00033480000000000006
2020-08-20 00:00:00-04:00,-0.0013248,-0.0013248,-0.0009148,-0.0009148,-0.0009148,-0.0009148,-0.0013248,-0.0013248,-0.0009148,-0.0009148,-0.0009148,-0.0009148,4.5199999999999994e-05,0.0,4.5199999999999994e-05,0.0,4.5199999999999994e-05,0.0
2020-08-21 00:00:00-04:00,-0.0006048000000000001,-0.0006048000000000001,-0.0006248,-0.0006248,-0.0006248,-0.0006248,-0.0007748000000000001,-0.0007748000000000001,-0.0007948,-0.0007948,-0.0007948,-0.0007948,-0.0001348,0.0,-0.0001348,0.0,-0.0001348,0.0
2020-08-24 00:00:00-04:00,0.0008052,0.0008052,0.0008052,0.0008052,0.0008052,0.0008052,0.00045519999999999995,0.00045519999999999995,0.00045519999999999995,0.00045519999999999995,0.00045519999999999995,0.00045519999999999995,0.00045519999999999995,0.00045519999999999995,0.00045519999999999995,0.00045519999999999995,0.00045519999999999995,0.00045519999999999995
2020-08-25 00:00:00-04:00,0.0011778000000000001,0.0011778000000000001,0.0011778000000000001,0.0011778000000000001,0.0012078,0.0012078,0.0009528,0.0009528,0.0009528,0.0009528,0.0016578,0.0016578,0.00011279999999999999,0.00011279999999999999,0.00011279999999999999,0.00011279999999999999,0.00011279999999999999,0.00011279999999999999
2020-08-26 00:00:00-04:00,0.0001278,0.0,0.0001278,0.0,0.0001278,0.0,0.0001278,0.0,0.0001278,0.0,0.0001278,0.0,-0.00014220000000000001,0.0,-0.00014220000000000001,0.0,-0.00014220000000000001,0.0
2020-08-27 00:00:00-04:00,-0.0007948,-0.0007948,-0.0008548000000000001,-0.0008548000000000001,-0.0008548000000000001,-0.0008548000000000001,-0.0007948,-0.0007948,-0.0008548000000000001,-0.0008548000000000001,-0.0008548000000000001,-0.0008548000000000001,-0.0007948,-0.0007948,-0.0008548000000000001,-0.0008548000000000001,-0.0008548000000000001,-0.0008548000000000001
2020-08-28 00:00:00-04:00,-0.0019722,-0.0003972,-0.0011022,-0.0019422,-0.0011022,-0.0019422,-0.0019722,-0.0003972,-0.0011022,-0.0020022,-0.0011022,-0.0020022,-0.0024222,-0.0003972,-0.0015521999999999999,-0.0003972,-0.0015521999999999999,-0.0003972
2020-08-31 00:00:00-04:00,-0.0011172,-0.0011172,-0.0011172,-0.0011172,-0.0011172,-0.0011172,-0.0011172,-0.0011172,-0.0011172,-0.0011172,-0.0011172,-0.0011172,0.0,0.0,0.0,0.0,0.0,0.0
2020-09-01 00:00:00-04:00,0.0009978,0.0009978,0.0009978,0.0009978,0.0009978,0.0009978,0.0009978,0.0009978,0.0009978,0.0009978,0.0009978,0.0009978,0.0009978,0.0009978,0.0009978,0.0009978,0.0009978,0.0009978
2020-09-02 00:00:00-04:00,0.00027780000000000003,0.00027780000000000003,0.00027780000000000003,0.00027780000000000003,0.00027780000000000003,0.00027780000000000003,-0.0003522,-0.0003522,-0.0003522,-0.0003522,-0.0003522,-0.0003522,0.0,0.0,0.0,0.0,0.0,0.0
2020-09-03 00:00:00-04:00,0.0012978,0.0,0.0012978,0.0,0.0012978,0.0,0.0012978,0.0,0.0012978,0.0,0.0012978,0.0,-0.0004272,0.0,-0.0004272,0.0,-0.0004272,0.0
2020-09-04 00:00:00-04:00,0.0016052000000000002,0.0016052000000000002,-0.0018448,-0.0018448,-0.0018448,-0.0018448,0.0008751999999999999,0.0008751999999999999,-0.0025748000000000004,-0.0025748000000000004,-0.0025748000000000004,-0.0025748000000000004,-0.0001948,-0.0001948,-0.0036448,-0.0036448,-0.0036448,-0.0036448
2020-09-07 00:00:00-04:00,-0.0014547999999999998,-0.0014547999999999998,-0.0014547999999999998,-0.0014547999999999998,-0.0014547999999999998,-0.0014547999999999998,-0.0014547999999999998,-0.0014547999999999998,-0.0014547999999999998,-0.0014547999999999998,-0.0014547999999999998,-0.0014547999999999998,0.0,0.0,0.0,0.0,0.0,0.0
2020-09-08 00:00:00-04:00,-0.0008748,0.0,-0.0008748,0.0,-0.0008748,0.0,-0.0015547999999999998,0.0,-0.0015547999999999998,0.0,-0.0015547999999999998,0.0,-0.0015547999999999998,0.0,-0.0015547999999999998,0.0,-0.0015547999999999998,0.0
2020-09-09 00:00:00-04:00,0.0030951999999999998,0.0030951999999999998,0.0030951999999999998,0.0030951999999999998,0.0038851999999999997,0.0038851999999999997,0.0017752,0.0017752,0.0017752,0.0017752,0.0017752,0.0017752,0.0007951999999999999,0.0007951999999999999,0.0007951999999999999,0.0007951999999999999,0.0007951999999999999,0.0007951999999999999
2020-09-10 00:00:00-04:00,-0.0012448000000000001,0.0,-0.0012448000000000001,0.0,-0.0012448000000000001,0.0,-0.0012448000000000001,0.0,-0.0012448000000000001,0.0,-0.0012448000000000001,0.0,-0.0021148,0.0,-0.0021148,0.0,-0.0021148,0.0
2020-09-11 00:00:00-04:00,0.0022552,0.0022552,0.0022552,0.0022552,0.0022552,0.0022552,0.0016752000000000002,0.0016752000000000002,0.0016752000000000002,0.0016752000000000002,0.0016752000000000002,0.0016752000000000002,0.0011451999999999999,0.0011451999999999999,0.0011451999999999999,0.0011451999999999999,0.0011451999999999999,0.0011451999999999999
2020-09-14 00:00:00-04:00,-0.0031548,0.0022352,-0.0008448,0.0022352,-0.0008448,0.0013652,0.0022352,0.0022352,0.0022352,0.0022352,0.0020452,0.0020452,0.0022352,0.0022352,0.0022352,0.0022352,0.0020452,0.0020452
2020-09-15 00:00:00-04:00,-0.0020748,0.0009151999999999999,-0.0010748,0.0009151999999999999,-0.0010748,0.0009151999999999999,-0.0031548,0.0009151999999999999,-0.0021547999999999997,0.0009151999999999999,-0.0021547999999999997,0.0009151999999999999,0.0009151999999999999,0.0009151999999999999,0.0009151999999999999,0.0009151999999999999,0.0009151999999999999,0.0009151999999999999
2020-09-16 00:00:00-04:00,0.0013752,0.0013752,0.0013752,0.0013752,0.0020252,0.0020252,0.0013752,0.0013752,0.0013752,0.0013752,0.0027251999999999997,0.0027251999999999997,0.0010651999999999999,0.0010651999999999999,0.0010651999999999999,0.0010651999999999999,0.0010651999999999999,0.0010651999999999999
2020-09-17 00:00:00-04:00,0.0047052,0.0,0.0047052,0.0,0.0023052000000000003,0.0,0.0017852,0.0,0.0017852,0.0,0.0017852,0.0,0.0010552,0.0,0.0010552,0.0,0.0010552,0.0
2020-09-18 00:00:00-04:00,-0.0026448,0.0,-0.0019947999999999997,0.0,-0.0019947999999999997,0.0,-0.0026448,0.0,-0.0019947999999999997,0.0,-0.0019947999999999997,0.0,-0.0032548,0.0,-0.0026048,0.0,-0.0026048,0.0
2020-09-21 00:00:00-04:00,-0.0039048000000000004,-0.0039048000000000004,-0.0017047999999999998,-0.0017047999999999998,-0.0017047999999999998,-0.0017047999999999998,-0.0047348,-0.0047348,-0.0025348,-0.0025348,-0.0025348,-0.0025348,-0.0047348,-0.0047348,-0.0025348,-0.0025348,-0.0025348,-0.0025348
2020-09-22 00:00:00-04:00,0.0021452000000000003,0.0,0.0021452000000000003,0.0,0.0021452000000000003,0.0,0.0021452000000000003,0.0,0.0021452000000000003,0.0,0.0021452000000000003,0.0,0.0021452000000000003,0.0,0.0021452000000000003,0.0,0.0021452000000000003,0.0
2020-09-23 00:00:00-04:00,-0.0022548,0.0,-0.0015848,0.0,-0.0015848,0.0,-0.0022548,0.0,-0.0015848,0.0,-0.0015848,0.0,0.0,0.0,0.0,0.0,0.0,0.0
2020-09-24 00:00:00-04:00,-7.48e-05,-7.48e-05,-0.0019648,-0.0019648,-0.0019648,-0.0019648,-0.0005348,-0.0005348,-0.0024248,-0.0024248,-0.0024248,-0.0024248,-0.0019048,-0.0019048,-0.0037948,-0.0037948,-0.0037948,-0.0037948
2020-09-25 00:00:00-04:00,-0.0021148,-0.0021148,-0.0015447999999999998,-0.0015447999999999998,-0.0015447999999999998,-0.0015447999999999998,-0.0021148,-0.0021148,-0.0015447999999999998,-0.0015447999999999998,-0.0015447999999999998,-0.0015447999999999998,-0.0021148,-0.0021148,-0.0015647999999999999,-0.0015647999999999999,-0.0015647999999999999,-0.0015647999999999999
2020-09-28 00:00:00-04:00,0.0014352000000000002,0.0014352000000000002,0.0014352000000000002,0.0014352000000000002,0.0014352000000000002,0.0014352000000000002,0.0014352000000000002,0.0014352000000000002,0.0014352000000000002,0.0014352000000000002,0.0014352000000000002,0.0014352000000000002,0.0014352000000000002,0.0014352000000000002,0.0014352000000000002,0.0014352000000000002,0.0014352000000000002,0.0014352000000000002
2020-09-29 00:00:00-04:00,-9.48e-05,-9.48e-05,-0.0011048,-0.0011048,-0.0011048,-0.0011048,-9.48e-05,-9.48e-05,-0.0011048,-0.0011048,-0.0011048,-0.0011048,-0.00034480000000000003,-0.00034480000000000003,-0.0013548,-0.0013548,-0.0013548,-0.0013548
2020-09-30 00:00:00-04:00,0.0054252,-0.0070748,-0.0009648,-0.0013448,-0.0009648,-0.0013448,0.0054252,-0.0070748,-0.0010848000000000001,-0.0013448,-0.0010848000000000001,-0.0013448,-0.0070748,-0.0070748,-0.0018248,-0.0018248,-0.0018248,-0.0018248
2020-10-01 00:00:00-04:00,-0.0021948,0.0002152,-0.0016447999999999999,0.0002152,-0.0016447999999999999,0.0002152,-0.0021948,0.0002152,-0.0016447999999999999,0.0002152,-0.0016447999999999999,0.0002152,0.0002152,0.0002152,0.0002152,0.0002152,0.0002152,0.0002152
2020-10-02 00:00:00-04:00,0.0074351999999999994,0.0,0.0074351999999999994,0.0,0.0038452,0.0,0.0074351999999999994,0.0,0.0074351999999999994,0.0,0.0038452,0.0,0.0073051999999999995,0.0,0.0073051999999999995,0.0,0.0041052,0.0
2020-10-05 00:00:00-04:00,-0.0006748,-0.0006748,-0.0011848,-0.0011848,-0.0011848,-0.0011848,-0.0010548,-0.0010548,-0.0015647999999999999,-0.0015647999999999999,-0.0015647999999999999,-0.0015647999999999999,-0.0007448,0.0,-0.0007448,0.0,-0.0007448,0.0
2020-10-06 00:00:00-04:00,-0.0009748000000000001,0.0,-0.0009748000000000001,0.0,-0.0009748000000000001,0.0,-0.0009748000000000001,0.0,-0.0009748000000000001,0.0,-0.0009748000000000001,0.0,0.0,0.0,0.0,0.0,0.0,0.0
2020-10-07 00:00:00-04:00,0.0013852,0.0013852,0.0013852,0.0013852,0.0013852,0.0013852,0.0013852,0.0013852,0.0013852,0.0013852,0.0013852,0.0013852,0.0013852,0.0013852,0.0013852,0.0013852,0.0013852,0.0013852
2020-10-08 00:00:00-04:00,-0.0001324,-0.0001324,-0.0001324,-0.0001324,-0.0001324,-0.0001324,-0.0001324,-0.0001324,-0.0001324,-0.0001324,-0.0001324,-0.0001324,-0.0001324,-0.0001324,-0.0001324,-0.0001324,-0.0001324,-0.0001324
2020-10-09 00:00:00-04:00,-0.0005848,-0.00037480000000000006,-0.0007848,-0.00037480000000000006,-0.0007848,-0.00037480000000000006,-0.00037480000000000006,-0.00037480000000000006,-0.00037480000000000006,-0.00037480000000000006,-0.00037480000000000006,-0.00037480000000000006,-0.00037480000000000006,-0.00037480000000000006,-0.00037480000000000006,-0.00037480000000000006,-0.00037480000000000006,-0.00037480000000000006
2020-10-12 00:00:00-04:00,0.0015552,0.0015552,0.0015552,0.0015552,0.0017852,0.0017852,0.0015552,0.0015552,0.0015552,0.0015552,0.0015552,0.0015552,0.0015552,0.0015552,0.0015552,0.0015552,0.0015552,0.0015552
2020-10-13 00:00:00-04:00,-0.0011648000000000001,0.0,-0.0011648000000000001,0.0,-0.0011648000000000001,0.0,-0.0016547999999999999,0.0,-0.0016547999999999999,0.0,-0.0016547999999999999,0.0,-0.0023948,0.0,-0.0023948,0.0,-0.0023948,0.0
2020-10-14 00:00:00-04:00,-0.0006248,-0.0006248,-0.0006248,-0.0006248,-0.0006248,-0.0006248,-0.0006248,-0.0006248,-0.0006248,-0.0006248,-0.0006248,-0.0006248,-0.0006248,-0.0006248,-0.0006248,-0.0006248,-0.0006248,-0.0006248
2020-10-15 00:00:00-04:00,0.0015952000000000002,0.0,0.0015952000000000002,0.0,0.0018652,0.0,0.0013952,0.0,0.0013952,0.0,0.0022652,0.0,0.0005152,0.0,0.0005152,0.0,0.0005152,0.0
2020-10-16 00:00:00-04:00,-0.0023547999999999998,-0.0023547999999999998,-0.0014148,-0.0014148,-0.0014148,-0.0014148,-0.0023547999999999998,-0.0023547999999999998,-0.0016247999999999998,-0.0016247999999999998,-0.0016247999999999998,-0.0016247999999999998,-0.0023547999999999998,-0.0023547999999999998,-0.0016247999999999998,-0.0016247999999999998,-0.0016247999999999998,-0.0016247999999999998
2020-10-19 00:00:00-04:00,0.0003152,0.0003152,-0.0007948,-0.0007948,-0.0007948,-0.0007948,0.0003152,0.0003152,-0.0007948,-0.0007948,-0.0007948,-0.0007948,0.0003152,0.0003152,-0.0007948,-0.0007948,-0.0007948,-0.0007948
2020-10-20 00:00:00-04:00,-0.0007748000000000001,-0.0007748000000000001,-0.0010348,-0.0010348,-0.0010348,-0.0010348,-0.0005548,0.0,-0.0005548,0.0,-0.0005548,0.0,-0.0005548,0.0,-0.0005548,0.0,-0.0005548,0.0
2020-10-21 00:00:00-04:00,-0.0006748,-0.0006748,-0.0010148,-0.0010148,-0.0010148,-0.0010148,-0.0011748,-0.0011748,-0.0015148,-0.0015148,-0.0015148,-0.0015148,-0.0012248,-0.0012248,-0.0015647999999999999,-0.0015647999999999999,-0.0015647999999999999,-0.0015647999999999999
2020-10-22 00:00:00-04:00,0.0,0.0,0.0,0.0,0.0,0.0,0.0,0.0,0.0,0.0,0.0,0.0,0.0,0.0,0.0,0.0,0.0,0.0
2020-10-23 00:00:00-04:00,0.0001552,-0.0010448,-0.0008048,-0.0008548000000000001,-0.0008048,-0.0008548000000000001,-0.00038480000000000003,-0.0010448,-0.0013448,-0.0011048,-0.0013448,-0.0011048,-0.00038480000000000003,-0.0010448,-0.0013448,-0.0011148,-0.0013448,-0.0011148
2020-10-26 00:00:00-04:00,0.0002352,0.0,0.0002352,0.0,0.0002352,0.0,0.0002352,0.0,0.0002352,0.0,0.0002352,0.0,0.0002352,0.0,0.0002352,0.0,0.0002352,0.0
2020-10-27 00:00:00-04:00,-2.4800000000000003e-05,-2.4800000000000003e-05,-2.4800000000000003e-05,-2.4800000000000003e-05,-2.4800000000000003e-05,-2.4800000000000003e-05,-0.0004948,-0.0004948,-0.0004948,-0.0004948,-0.0004948,-0.0004948,0.0,0.0,0.0,0.0,0.0,0.0
2020-10-28 00:00:00-04:00,0.0005752,0.0005752,0.0005752,0.0005752,0.0005752,0.0005752,0.0005752,0.0005752,0.0005752,0.0005752,0.0005752,0.0005752,0.0005752,0.0005752,0.0005752,0.0005752,0.0005752,0.0005752
2020-10-29 00:00:00-04:00,0.0017752,0.0017752,0.0017752,0.0017752,0.0017752,0.0017752,0.0011752,0.0011752,0.0011752,0.0011752,0.0011752,0.0011752,0.0011752,0.0011752,0.0011752,0.0011752,0.0011752,0.0011752
2020-10-30 00:00:00-04:00,0.0040752,0.0,0.0040752,0.0,0.0034251999999999998,0.0,0.0040752,0.0,0.0040752,0.0,0.0034251999999999998,0.0,0.0,0.0,0.0,0.0,0.0,0.0
2020-11-02 00:00:00-05:00,0.0005352,0.0005352,0.0005352,0.0005352,0.0005352,0.0005352,-0.00040480000000000003,-0.00040480000000000003,-0.00040480000000000003,-0.00040480000000000003,-0.00040480000000000003,-0.00040480000000000003,0.0,0.0,0.0,0.0,0.0,0.0
2020-11-03 00:00:00-05:00,-0.00033480000000000006,-0.0011548,-0.0011148,-0.0012048,-0.0011148,-0.0012048,-0.0011548,-0.0011548,-0.0020448,-0.0020448,-0.0020448,-0.0020448,-0.0011548,-0.0011548,-0.0020448,-0.0020448,-0.0020448,-0.0020448
2020-11-04 00:00:00-05:00,0.0078252,0.0078252,0.0078252,0.0078252,0.0052252,0.0052252,0.0065152,0.0065152,0.0065152,0.0065152,0.0078452,0.0078452,0.0026252,0.0026252,0.0026252,0.0026252,0.0026252,0.0026252
2020-11-05 00:00:00-05:00,-0.004314800000000001,0.0023652,-0.0015048,0.0023652,-0.0015048,0.0034251999999999998,-0.004314800000000001,0.0023652,-0.0015048,0.0023652,-0.0015048,0.0034251999999999998,-0.0045948000000000004,0.0023652,-0.0017847999999999998,0.0023652,-0.0017847999999999998,0.0037652
2020-11-06 00:00:00-05:00,-0.0030748000000000004,-0.0030748000000000004,-0.0021148,-0.0021148,-0.0021148,-0.0021148,-0.0030748000000000004,-0.0030748000000000004,-0.0023148,-0.0023148,-0.0023148,-0.0023148,-0.00021480000000000002,0.0,-0.00021480000000000002,0.0,-0.00021480000000000002,0.0
2020-11-09 00:00:00-05:00,-0.0009348000000000001,-0.0009348000000000001,-0.0009348000000000001,-0.0009348000000000001,-0.0009348000000000001,-0.0009348000000000001,-0.0009348000000000001,-0.0009348000000000001,-0.0009348000000000001,-0.0009348000000000001,-0.0009348000000000001,-0.0009348000000000001,-0.0009348000000000001,-0.0009348000000000001,-0.0009348000000000001,-0.0009348000000000001,-0.0009348000000000001,-0.0009348000000000001
2020-11-10 00:00:00-05:00,-0.0020348,-0.0020348,-0.0009648,-0.0009648,0.0017652000000000002,0.0017652000000000002,-0.0023848,-0.0023848,-0.0015148,-0.0015148,-0.0015148,-0.0015148,0.0005152,0.0,0.0005152,0.0,0.0005152,0.0
2020-11-11 00:00:00-05:00,-0.0029648,0.0006751999999999999,-0.0012348,0.0006751999999999999,-0.0012348,0.0006751999999999999,0.0006751999999999999,0.0006751999999999999,0.0006751999999999999,0.0006751999999999999,0.0006751999999999999,0.0006751999999999999,0.0001552,0.0001552,0.0001552,0.0001552,0.0001552,0.0001552
2020-11-12 00:00:00-05:00,-0.0014847999999999999,-0.0014847999999999999,-0.0010348,-0.0010348,-0.0010348,-0.0010348,-0.0001048,0.0,-0.0001048,0.0,-0.0001048,0.0,-0.0012548000000000001,0.0,-0.0012548000000000001,0.0,-0.0012548000000000001,0.0
2020-11-13 00:00:00-05:00,-0.0026548,0.0007852,-0.0012348,0.0007852,-0.0012348,0.0007852,-0.0026548,0.0007852,-0.0013448,0.0007852,-0.0013448,0.0007852,-0.0031148,0.0007852,-0.0018047999999999999,0.0007852,-0.0018047999999999999,0.0007852
2020-11-16 00:00:00-05:00,2.5199999999999996e-05,-0.0011948,-0.0010848000000000001,-0.0006948000000000001,-0.0010848000000000001,-0.0006948000000000001,2.5199999999999996e-05,-0.0011948,-0.0010848000000000001,-0.0006948000000000001,-0.0010848000000000001,-0.0006948000000000001,-0.0011948,-0.0011948,-0.0011948,-0.0011948,-0.0011948,-0.0011948
2020-11-17 00:00:00-05:00,0.0010651999999999999,0.0,0.0010651999999999999,0.0,0.0009251999999999999,0.0,0.0006952,0.0,0.0006952,0.0,0.0016652000000000001,0.0,-0.00039480000000000006,0.0,-0.00039480000000000006,0.0,-0.00039480000000000006,0.0
2020-11-18 00:00:00-05:00,-0.0012248,-0.0012248,-0.0006048000000000001,-0.0006048000000000001,-0.0006048000000000001,-0.0006048000000000001,-0.0012248,-0.0012248,-0.0007648,-0.0007648,-0.0007648,-0.0007648,-0.0014248,-0.0014248,-0.0009648,-0.0009648,-0.0009648,-0.0009648
2020-11-19 00:00:00-05:00,0.0002752,0.0002752,-0.0008048,-0.0008048,-0.0008048,-0.0008048,-0.0011748,0.0,-0.0009448000000000001,0.0,-0.0009448000000000001,0.0,-0.0023948,0.0,-0.0021647999999999997,0.0,-0.0021647999999999997,0.0
2020-11-20 00:00:00-05:00,0.0006251999999999999,0.0006251999999999999,0.0006251999999999999,0.0006251999999999999,0.0017652000000000002,0.0017652000000000002,-0.0001448,-0.0001448,-0.0001448,-0.0001448,-0.0001448,-0.0001448,-0.0001448,-0.0001448,-0.0001448,-0.0001448,-0.0001448,-0.0001448
2020-11-23 00:00:00-05:00,-0.00039480000000000006,-8.48e-05,-0.00039480000000000006,-8.48e-05,-0.00039480000000000006,-8.48e-05,-0.00039480000000000006,-0.00022480000000000002,-0.0004848,-0.00022480000000000002,-0.0004848,-0.00022480000000000002,-0.00022480000000000002,-0.00022480000000000002,-0.00022480000000000002,-0.00022480000000000002,-0.00022480000000000002,-0.00022480000000000002
2020-11-24 00:00:00-05:00,-0.0010848000000000001,0.00035519999999999996,-0.0006448000000000001,0.00035519999999999996,-0.0006448000000000001,0.00035519999999999996,0.00035519999999999996,0.00035519999999999996,0.00035519999999999996,0.00035519999999999996,0.00035519999999999996,0.00035519999999999996,0.00035519999999999996,0.00035519999999999996,0.00035519999999999996,0.00035519999999999996,0.00035519999999999996,0.00035519999999999996
2020-11-25 00:00:00-05:00,-0.0016648,-0.0016648,-0.0004648,-0.0004648,0.0007652,0.0007652,0.0008652,0.0,0.0008652,0.0,0.0008652,0.0,0.0008652,0.0,0.0008652,0.0,0.0008652,0.0
2020-11-26 00:00:00-05:00,0.00041519999999999995,0.00041519999999999995,0.00041519999999999995,0.00041519999999999995,0.0009052,0.0009052,0.00041519999999999995,0.00041519999999999995,0.00041519999999999995,0.00041519999999999995,0.0009052,0.0009052,-0.00022480000000000002,-0.00022480000000000002,-0.00022480000000000002,-0.00022480000000000002,-0.00022480000000000002,-0.00022480000000000002
2020-11-27 00:00:00-05:00,-0.0014248,0.0008652,-0.0004248,0.0008652,-0.0004248,0.0007652,-0.0017247999999999999,0.0008652,-0.0007248,0.0008652,-0.0007248,0.0008652,-0.0018047999999999999,0.0008652,-0.0008048,0.0008652,-0.0008048,0.0008652
2020-11-30 00:00:00-05:00,-0.0032148000000000003,-0.0032148000000000003,-0.0014248,-0.0014248,-0.0014248,-0.0014248,-0.0032148000000000003,-0.0032148000000000003,-0.0014248,-0.0014248,-0.0014248,-0.0014248,-0.0032148000000000003,-0.0032148000000000003,-0.0014248,-0.0014248,-0.0014248,-0.0014248
2020-12-01 00:00:00-05:00,3.5199999999999995e-05,3.5199999999999995e-05,3.5199999999999995e-05,3.5199999999999995e-05,3.5199999999999995e-05,3.5199999999999995e-05,3.5199999999999995e-05,3.5199999999999995e-05,3.5199999999999995e-05,3.5199999999999995e-05,3.5199999999999995e-05,3.5199999999999995e-05,3.5199999999999995e-05,3.5199999999999995e-05,3.5199999999999995e-05,3.5199999999999995e-05,3.5199999999999995e-05,3.5199999999999995e-05
2020-12-02 00:00:00-05:00,-0.0016048,0.0,-0.0013448,0.0,-0.0013448,0.0,-0.0016048,0.0,-0.0013448,0.0,-0.0013448,0.0,-0.0016048,0.0,-0.0013448,0.0,-0.0013448,0.0
2020-12-03 00:00:00-05:00,0.0004452,0.0004452,-0.00039480000000000006,-0.00039480000000000006,-0.00039480000000000006,-0.00039480000000000006,0.0004452,0.0004452,-0.00039480000000000006,-0.00039480000000000006,-0.00039480000000000006,-0.00039480000000000006,-0.0009648,-0.0004648,-0.0011048,-0.0004648,-0.0011048,-0.0004648
2020-12-04 00:00:00-05:00,-0.0009348000000000001,0.0,-0.0005148,0.0,-0.0005148,0.0,-0.0009348000000000001,0.0,-0.0006248,0.0,-0.0006248,0.0,0.0,0.0,0.0,0.0,0.0,0.0
2020-12-07 00:00:00-05:00,-6.48e-05,0.0,-6.48e-05,0.0,-6.48e-05,0.0,-6.48e-05,0.0,-6.48e-05,0.0,-6.48e-05,0.0,-6.48e-05,0.0,-6.48e-05,0.0,-6.48e-05,0.0
2020-12-08 00:00:00-05:00,-4.4800000000000005e-05,0.0,-0.0005948,0.0,-0.0005948,0.0,-0.0005448,0.0,-0.0010948,0.0,-0.0010948,0.0,-0.0005448,0.0,-0.0010948,0.0,-0.0010948,0.0
2020-12-09 00:00:00-05:00,-0.0001048,0.0,-0.0001048,0.0,-0.0001048,0.0,-0.00036480000000000003,0.0,-0.00036480000000000003,0.0,-0.00036480000000000003,0.0,0.0,0.0,0.0,0.0,0.0,0.0
2020-12-10 00:00:00-05:00,0.0013878,0.0,0.0013878,0.0,0.0013878,0.0,0.0013878,0.0,0.0013878,0.0,0.0013878,0.0,0.0009078000000000001,0.0,0.0009078000000000001,0.0,0.0009078000000000001,0.0
2020-12-11 00:00:00-05:00,0.0006528,0.0,0.0006528,0.0,0.0006528,0.0,0.0003378,0.0,0.0003378,0.0,0.0003378,0.0,0.0001878,0.0,0.0001878,0.0,0.0001878,0.0
2020-12-14 00:00:00-05:00,-0.0013272,-0.0013272,-0.0006522,-0.0006522,-0.0006522,-0.0006522,0.0,0.0,0.0,0.0,0.0,0.0,0.0,0.0,0.0,0.0,0.0,0.0
2020-12-15 00:00:00-05:00,0.0002178,0.0,0.0002178,0.0,0.0015378,0.0,0.0002178,0.0,0.0002178,0.0,0.0015378,0.0,-0.0006822,0.0,-0.0006822,0.0,-0.0006822,0.0
2020-12-16 00:00:00-05:00,0.0010578,0.0010578,0.0010578,0.0010578,0.0012978,0.0012978,0.0010578,0.0010578,0.0010578,0.0010578,0.0012978,0.0012978,0.0010578,0.0010578,0.0010578,0.0010578,0.0014478,0.0014478
2020-12-17 00:00:00-05:00,0.0019103999999999998,0.0019103999999999998,-0.0009696,-0.0009696,-0.0009696,-0.0009696,-0.0030695999999999996,0.0012503999999999998,-0.0011496000000000002,0.0012503999999999998,-0.0011496000000000002,0.0012503999999999998,-0.0030695999999999996,0.0012503999999999998,-0.0011496000000000002,0.0012503999999999998,-0.0011496000000000002,0.0012503999999999998
2020-12-18 00:00:00-05:00,-0.0009896,-0.0009896,-0.0009096000000000001,-0.0009096000000000001,-0.0009096000000000001,-0.0009096000000000001,-0.0002096,0.0,-0.0002096,0.0,-0.0002096,0.0,-0.0005896,0.0,-0.0005896,0.0,-0.0005896,0.0
2020-12-21 00:00:00-05:00,-0.0011896,0.0,-0.0017696,0.0,-0.0017696,0.0,-0.0012896000000000001,0.0,-0.0018696000000000001,0.0,-0.0018696000000000001,0.0,0.0,0.0,0.0,0.0,0.0,0.0
2020-12-22 00:00:00-05:00,-0.0050896,-0.0050896,-0.0018696000000000001,-0.0018696000000000001,-0.0018696000000000001,-0.0018696000000000001,0.0,0.0,0.0,0.0,0.0,0.0,0.0,0.0,0.0,0.0,0.0,0.0
2020-12-23 00:00:00-05:00,0.0033704000000000004,0.0033704000000000004,0.0033704000000000004,0.0033704000000000004,0.0033704000000000004,0.0033704000000000004,0.0027104000000000004,0.0027104000000000004,0.0027104000000000004,0.0027104000000000004,0.0027104000000000004,0.0027104000000000004,0.0023504,0.0023504,0.0023504,0.0023504,0.0023504,0.0023504
2020-12-24 00:00:00-05:00,0.0006304,0.0006304,-0.0012496,-0.0012496,-0.0012496,-0.0012496,0.0001704,0.0001704,0.0001704,0.0001704,0.0001704,0.0001704,-0.0002496,-0.0002496,-0.0002496,-0.0002496,-0.0002496,-0.0002496
2020-12-28 00:00:00-05:00,0.0016304,0.0016304,0.0016304,0.0016304,0.0016304,0.0016304,0.0008104,0.0008104,0.0008104,0.0008104,0.0008104,0.0008104,0.0005103999999999999,0.0005103999999999999,0.0005103999999999999,0.0005103999999999999,0.0005103999999999999,0.0005103999999999999
2020-12-29 00:00:00-05:00,0.0015504,0.0015504,-0.0005096,-0.0005096,-0.0005096,-0.0005096,0.0015504,0.0015504,-0.0005096,-0.0005096,-0.0005096,-0.0005096,0.0,0.0,0.0,0.0,0.0,0.0
2020-12-30 00:00:00-05:00,0.0026104,0.0026104,0.0026104,0.0026104,0.0033704000000000004,0.0033704000000000004,0.0026104,0.0026104,0.0026104,0.0026104,0.0033704000000000004,0.0033704000000000004,0.0021704,0.0021704,0.0021704,0.0021704,0.0021704,0.0021704
2020-12-31 00:00:00-05:00,-0.0007896000000000001,-0.0003896,-0.0009296,-0.0009896,-0.0009296,-0.0009896,-0.0003896,-0.0003896,-0.0011896,-0.0011896,-0.0011896,-0.0011896,-0.0010696,0.0,-0.0010696,0.0,-0.0010696,0.0
2021-01-04 00:00:00-05:00,0.0027904,0.0027904,0.0027904,0.0027904,0.0027904,0.0027904,0.0027904,0.0027904,0.0027904,0.0027904,0.0027904,0.0027904,0.0027904,0.0027904,0.0027904,0.0027904,0.0027904,0.0027904
2021-01-05 00:00:00-05:00,-0.0012096000000000001,-0.0012096000000000001,-0.0024296,-0.0024296,-0.0024296,-0.0024296,-0.0013296,-0.0013296,-0.0025496,-0.0025496,-0.0025496,-0.0025496,-0.0013296,-0.0013296,-0.0025496,-0.0025496,-0.0025496,-0.0025496
2021-01-06 00:00:00-05:00,0.0083504,0.0,0.0083504,0.0,0.0088904,0.0,0.0025504,0.0,0.0025504,0.0,0.0025504,0.0,0.0025504,0.0,0.0025504,0.0,0.0025504,0.0
2021-01-07 00:00:00-05:00,0.0012678,0.0012678,-0.0013871999999999999,-0.0013871999999999999,-0.0013871999999999999,-0.0013871999999999999,0.0,0.0,0.0,0.0,0.0,0.0,0.0,0.0,0.0,0.0,0.0,0.0
2021-01-08 00:00:00-05:00,7.799999999999993e-06,7.799999999999993e-06,7.799999999999993e-06,7.799999999999993e-06,7.799999999999993e-06,7.799999999999993e-06,7.799999999999993e-06,7.799999999999993e-06,7.799999999999993e-06,7.799999999999993e-06,7.799999999999993e-06,7.799999999999993e-06,-0.0004272,-0.0004272,-0.0004272,-0.0004272,-0.0004272,-0.0004272
2021-01-11 00:00:00-05:00,-0.0024072,-0.0024072,-0.0006372,-0.0006372,-0.0006372,-0.0006372,0.0012978,0.0,0.0012978,0.0,0.0012978,0.0,-2.2200000000000008e-05,0.0,-2.2200000000000008e-05,0.0,-2.2200000000000008e-05,0.0
2021-01-12 00:00:00-05:00,-0.0002472,0.0,-0.0002472,0.0,-0.0002472,0.0,-0.0015072,0.0,-0.0015072,0.0,-0.0015072,0.0,-0.0017472,0.0,-0.0017472,0.0,-0.0017472,0.0
2021-01-13 00:00:00-05:00,0.0015378,0.0015378,0.0015378,0.0015378,0.0011178,0.0011178,0.0010728,0.0010728,0.0010728,0.0010728,0.0010728,0.0010728,-7.2000000000000065e-06,-7.2000000000000065e-06,-7.2000000000000065e-06,-7.2000000000000065e-06,-7.2000000000000065e-06,-7.2000000000000065e-06
2021-01-14 00:00:00-05:00,-0.0029772,-0.0029772,-0.0008322,-0.0008322,-0.0008322,-0.0008322,-0.0031872000000000003,-0.0031872000000000003,-0.0010422,-0.0010422,-0.0010422,-0.0010422,-0.0034422000000000003,-0.0034422000000000003,-0.0012972,-0.0012972,-0.0012972,-0.0012972
2021-01-15 00:00:00-05:00,-0.0029322000000000003,-0.0029322000000000003,-0.0026322000000000003,-0.0026322000000000003,-0.0026322000000000003,-0.0026322000000000003,-0.0031422000000000004,-0.0031422000000000004,-0.0028422000000000005,-0.0028422000000000005,-0.0028422000000000005,-0.0028422000000000005,-0.0031422000000000004,-0.0031422000000000004,-0.0028422000000000005,-0.0028422000000000005,-0.0028422000000000005,-0.0028422000000000005
2021-01-18 00:00:00-05:00,-0.0010122,0.0,-0.0014472,0.0,-0.0014472,0.0,0.0,0.0,0.0,0.0,0.0,0.0,0.0,0.0,0.0,0.0,0.0,0.0
2021-01-19 00:00:00-05:00,0.0022278,0.0022278,0.0022278,0.0022278,0.0012978,0.0012978,0.0022278,0.0022278,0.0022278,0.0022278,0.0012978,0.0012978,0.0013278,0.0013278,0.0013278,0.0013278,0.0030977999999999995,0.0030977999999999995
2021-01-20 00:00:00-05:00,0.0009228,0.0009228,0.0009228,0.0009228,0.0009228,0.0009228,0.0009228,0.0009228,0.0009228,0.0009228,0.0009228,0.0009228,0.0009228,0.0009228,0.0009228,0.0009228,0.0009228,0.0009228
2021-01-21 00:00:00-05:00,-0.0008172,-0.0016872,-0.0023172,-0.0024072,-0.0023172,-0.0024072,-0.0016872,-0.0016872,-0.0016872,-0.0016872,-0.0016872,-0.0016872,-0.0016872,-0.0016872,-0.0016872,-0.0016872,-0.0016872,-0.0016872
2021-01-22 00:00:00-05:00,0.0007428000000000001,0.0,-0.0008772,0.0,-0.0008772,0.0,-0.00032219999999999997,0.0,-0.00032219999999999997,0.0,-0.00032219999999999997,0.0,-0.00032219999999999997,0.0,-0.00032219999999999997,0.0,-0.00032219999999999997,0.0
2021-01-25 00:00:00-05:00,0.0009528,0.0009528,0.0009528,0.0009528,0.0014778,0.0014778,0.0006078,0.0006078,0.0006078,0.0006078,0.0006078,0.0006078,0.0006078,0.0006078,0.0006078,0.0006078,0.0006078,0.0006078
2021-01-26 00:00:00-05:00,0.0026027999999999997,0.0,0.0026027999999999997,0.0,0.0019578,0.0,0.0022278,0.0,0.0022278,0.0,0.0027078,0.0,0.0022278,0.0,0.0022278,0.0,0.0027078,0.0
2021-01-27 00:00:00-05:00,-0.0002172,-0.0002172,-0.0011772,-0.0011772,-0.0011772,-0.0011772,-0.0006672,-0.0006672,-0.0016272,-0.0016272,-0.0016272,-0.0016272,-0.0011472,0.0,-0.0020022,0.0,-0.0020022,0.0
2021-01-28 00:00:00-05:00,-0.0025748000000000004,-0.0025748000000000004,-0.0031248,-0.0031248,-0.0031248,-0.0031248,-0.0031148,-0.0031148,-0.0036648,-0.0036648,-0.0036648,-0.0036648,0.0,0.0,0.0,0.0,0.0,0.0
2021-01-29 00:00:00-05:00,0.0016652000000000001,0.0,0.0016652000000000001,0.0,0.0038052,0.0,0.0016652000000000001,0.0,0.0016652000000000001,0.0,0.0046651999999999996,0.0,1.5199999999999995e-05,0.0,1.5199999999999995e-05,0.0,1.5199999999999995e-05,0.0
2021-02-01 00:00:00-05:00,0.0048752,0.0048752,0.0048752,0.0048752,0.0020252,0.0020252,0.0036652,0.0036652,0.0036652,0.0036652,0.0036652,0.0036652,0.0031352,0.0031352,0.0031352,0.0031352,0.0031352,0.0031352
2021-02-02 00:00:00-05:00,0.00047519999999999995,0.00047519999999999995,0.00047519999999999995,0.00047519999999999995,0.00047519999999999995,0.00047519999999999995,-0.0005748000000000001,-0.0005748000000000001,-0.0005748000000000001,-0.0005748000000000001,-0.0005748000000000001,-0.0005748000000000001,-0.0008148000000000001,-0.0008148000000000001,-0.0008148000000000001,-0.0008148000000000001,-0.0008148000000000001,-0.0008148000000000001
2021-02-03 00:00:00-05:00,-0.0014647999999999998,0.0,-0.0007648,0.0,-0.0007648,0.0,-0.0018348,0.0,-0.0011348,0.0,-0.0011348,0.0,0.0,0.0,0.0,0.0,0.0,0.0
2021-02-04 00:00:00-05:00,-0.0006148000000000001,-0.0006148000000000001,-0.0008948000000000001,-0.0008948000000000001,-0.0008948000000000001,-0.0008948000000000001,-0.0006148000000000001,-0.0006148000000000001,-0.0010548,-0.0010548,-0.0010548,-0.0010548,-0.0006148000000000001,-0.0006148000000000001,-0.0010548,-0.0010548,-0.0010548,-0.0010548
2021-02-05 00:00:00-05:00,0.0021652,0.0021652,0.0021652,0.0021652,0.0014252000000000002,0.0014252000000000002,0.0021652,0.0021652,0.0021652,0.0021652,0.0014252000000000002,0.0014252000000000002,0.0010552,0.0010552,0.0010552,0.0010552,0.0010552,0.0010552
2021-02-08 00:00:00-05:00,-8.48e-05,-8.48e-05,-8.48e-05,-8.48e-05,-8.48e-05,-8.48e-05,0.0,0.0,0.0,0.0,0.0,0.0,0.0,0.0,0.0,0.0,0.0,0.0
2021-02-09 00:00:00-05:00,1.5199999999999995e-05,1.5199999999999995e-05,1.5199999999999995e-05,1.5199999999999995e-05,1.5199999999999995e-05,1.5199999999999995e-05,-0.00032480000000000003,-0.00032480000000000003,-0.00032480000000000003,-0.00032480000000000003,-0.00032480000000000003,-0.00032480000000000003,0.0,0.0,0.0,0.0,0.0,0.0
2021-02-10 00:00:00-05:00,0.0011451999999999999,0.0011451999999999999,0.0011451999999999999,0.0011451999999999999,0.0011451999999999999,0.0011451999999999999,0.0008552,0.0008552,0.0008552,0.0008552,0.0008552,0.0008552,0.0002052,0.0002052,0.0002052,0.0002052,0.0002052,0.0002052
2021-02-11 00:00:00-05:00,0.0009352,0.0009352,-0.0005948,-0.0005948,-0.0005948,-0.0005948,0.0007052,0.0007052,0.0007052,0.0007052,0.0007052,0.0007052,0.0007052,0.0007052,0.0007052,0.0007052,0.0007052,0.0007052
2021-02-12 00:00:00-05:00,0.0002752,0.0,0.0002752,0.0,0.0002752,0.0,0.0002752,0.0,0.0002752,0.0,0.0002752,0.0,-0.0002548,0.0,-0.0002548,0.0,-0.0002548,0.0
2021-02-15 00:00:00-05:00,0.00045519999999999995,0.0,0.00045519999999999995,0.0,0.00045519999999999995,0.0,0.00034519999999999993,0.0,0.00034519999999999993,0.0,0.00034519999999999993,0.0,0.0,0.0,0.0,0.0,0.0,0.0
2021-02-16 00:00:00-05:00,5.199999999999996e-06,5.199999999999996e-06,5.199999999999996e-06,5.199999999999996e-06,0.0006251999999999999,0.0006251999999999999,-0.0004948,-0.0004948,-0.0004948,-0.0004948,-0.0004948,-0.0004948,0.0,0.0,0.0,0.0,0.0,0.0
2021-02-17 00:00:00-05:00,0.0020452,0.0020452,0.0020452,0.0020452,0.0019252000000000002,0.0019252000000000002,0.0020452,0.0020452,0.0020452,0.0020452,0.0019252000000000002,0.0019252000000000002,0.0017152,0.0017152,0.0017152,0.0017152,0.0017152,0.0017152
2021-02-18 00:00:00-05:00,0.0028352,0.0,0.0028352,0.0,0.0009052,0.0,0.0024952,0.0,0.0024952,0.0,0.0015852000000000002,0.0,0.0007951999999999999,0.0,0.0007951999999999999,0.0,0.0007951999999999999,0.0
2021-02-19 00:00:00-05:00,-0.0006448000000000001,0.0,-0.0006448000000000001,0.0,0.0021852,0.0,-0.0027948,0.0,-0.0027948,0.0,-0.0027948,0.0,-0.0030248000000000002,0.0,-0.0030248000000000002,0.0,-0.0030248000000000002,0.0
2021-02-22 00:00:00-05:00,-0.0038848000000000003,-0.0038848000000000003,-0.0008948000000000001,-0.0008948000000000001,-0.0008948000000000001,-0.0008948000000000001,0.0027952,0.0,0.0027952,0.0,0.0021452000000000003,0.0,0.0016152,0.0,0.0016152,0.0,0.0016152,0.0
2021-02-23 00:00:00-05:00,0.0029151999999999997,0.0029151999999999997,0.0029151999999999997,0.0029151999999999997,0.0015252000000000002,0.0015252000000000002,0.0017752,0.0017752,0.0017752,0.0017752,0.0017752,0.0017752,0.0002852,0.0002852,0.0002852,0.0002852,0.0002852,0.0002852
2021-02-24 00:00:00-05:00,-0.0065648,-0.0065648,-0.0023048,-0.0023048,-0.0023048,-0.0023048,-0.0070448,-0.0070448,-0.0027848,-0.0027848,-0.0027848,-0.0027848,0.0035252,0.0,0.0035252,0.0,0.0035252,0.0
2021-02-25 00:00:00-05:00,0.0008552,0.0008552,0.0008552,0.0008552,0.0008552,0.0008552,0.0008552,0.0008552,0.0008552,0.0008552,0.0008552,0.0008552,0.0008552,0.0008552,0.0008552,0.0008552,0.0008552,0.0008552
2021-02-26 00:00:00-05:00,0.0021752,-0.0043248,-0.0020448,-0.0020848,-0.0020448,-0.0020848,-0.0043248,-0.0043248,-0.0023948,-0.0023948,-0.0023948,-0.0023948,-0.0043248,-0.0043248,-0.0031348,-0.0031348,-0.0031348,-0.0031348
2021-03-01 00:00:00-05:00,0.0001452,0.0001452,0.0001452,0.0001452,0.0001452,0.0001452,-0.0002948,-0.0002948,-0.0002948,-0.0002948,-0.0002948,-0.0002948,0.0,0.0,0.0,0.0,0.0,0.0
2021-03-02 00:00:00-05:00,0.0019252000000000002,0.0,0.0019252000000000002,0.0,0.0027251999999999997,0.0,0.0019252000000000002,0.0,0.0019252000000000002,0.0,0.0027251999999999997,0.0,0.0010452,0.0,0.0010452,0.0,0.0010452,0.0
2021-03-03 00:00:00-05:00,-0.0030148,0.0011052,-0.0018348,0.0011052,-0.0018348,0.0011052,0.0011052,0.0011052,0.0011052,0.0011052,0.0011052,0.0011052,0.0011052,0.0011052,0.0011052,0.0011052,0.0011052,0.0011052
2021-03-04 00:00:00-05:00,-0.0014847999999999999,-0.0014847999999999999,-0.0019648,-0.0019648,-0.0019648,-0.0019648,-0.0014847999999999999,-0.0014847999999999999,-0.0019648,-0.0019648,-0.0019648,-0.0019648,-0.0014847999999999999,-0.0014847999999999999,-0.0019648,-0.0019648,-0.0019648,-0.0019648
2021-03-05 00:00:00-05:00,0.0033352,0.0033352,0.0033352,0.0033352,0.003945199999999999,0.003945199999999999,0.0033352,0.0033352,0.0033352,0.0033352,0.003945199999999999,0.003945199999999999,0.0022052,0.0022052,0.0022052,0.0022052,0.0022052,0.0022052
2021-03-08 00:00:00-05:00,0.0040952,0.0,0.0040952,0.0,0.0042452,0.0,0.0028152,0.0,0.0028152,0.0,0.0028152,0.0,0.0028152,0.0,0.0028152,0.0,0.0028152,0.0
2021-03-09 00:00:00-05:00,-0.0015748,-0.0011848,-0.0024748,-0.0011848,-0.0024748,-0.0011848,-0.0015748,-0.0011848,-0.0024748,-0.0011848,-0.0024748,-0.0011848,-0.0011848,-0.0011848,-0.0011848,-0.0011848,-0.0011848,-0.0011848
2021-03-10 00:00:00-05:00,0.0007452,0.0,0.0007452,0.0,0.0007452,0.0,0.0007452,0.0,0.0007452,0.0,0.0007452,0.0,-0.00038480000000000003,0.0,-0.00038480000000000003,0.0,-0.00038480000000000003,0.0
2021-03-11 00:00:00-05:00,0.0053152,0.0,0.0053152,0.0,0.0021652,0.0,0.0053152,0.0,0.0053152,0.0,0.0021652,0.0,0.0031152,0.0,0.0031152,0.0,0.0031152,0.0
2021-03-12 00:00:00-05:00,0.0041652,0.0041652,0.0041652,0.0041652,0.0011652,0.0011652,0.0041652,0.0041652,0.0041652,0.0041652,0.0011652,0.0011652,0.0034752,0.0034752,0.0034752,0.0034752,0.0025452,0.0025452
2021-03-15 00:00:00-04:00,-0.0027348000000000003,0.0015052000000000002,-0.0009648,0.0015052000000000002,-0.0009648,0.0015052000000000002,-0.0027348000000000003,0.0015052000000000002,-0.0009648,0.0015052000000000002,-0.0009648,0.0015052000000000002,-0.0031348,0.0015052000000000002,-0.0013648,0.0015052000000000002,-0.0013648,0.0015052000000000002
2021-03-16 00:00:00-04:00,0.0026352,0.0,0.0026352,0.0,0.0012251999999999999,0.0,0.0024752000000000003,0.0,0.0024752000000000003,0.0,0.0015452,0.0,0.0019152000000000001,0.0,0.0019152000000000001,0.0,0.0019152000000000001,0.0
2021-03-17 00:00:00-04:00,0.0,0.0,0.0,0.0,0.0,0.0,0.0,0.0,0.0,0.0,0.0,0.0,0.0,0.0,0.0,0.0,0.0,0.0
2021-03-18 00:00:00-04:00,-0.0022748,0.0001652,-0.0012947999999999998,0.0001652,-0.0012947999999999998,0.0001652,-0.0023748,0.0001652,-0.0013947999999999999,0.0001652,-0.0013947999999999999,0.0001652,0.0001652,0.0001652,0.0001652,0.0001652,0.0001652,0.0001652
2021-03-19 00:00:00-04:00,-0.0012748,-0.0006348,-0.0015347999999999998,-0.0016748,-0.0015347999999999998,-0.0016748,-0.0013348,-0.0006348,-0.0015948,-0.0018548,-0.0015948,-0.0018548,-0.0006348,-0.0006348,-0.0006348,-0.0006348,-0.0006348,-0.0006348
2021-03-22 00:00:00-04:00,-0.0025147999999999998,-0.0025147999999999998,-0.0008148000000000001,-0.0008148000000000001,-0.0008148000000000001,-0.0008148000000000001,-0.0030248000000000002,-0.0030248000000000002,-0.0013248,-0.0013248,-0.0013248,-0.0013248,-0.0030248000000000002,-0.0030248000000000002,-0.0013248,-0.0013248,-0.0013248,-0.0013248
2021-03-23 00:00:00-04:00,0.0014226,0.0014226,0.0014226,0.0014226,0.0009326,0.0009326,0.0011576,0.0011576,0.0011576,0.0011576,0.0011576,0.0011576,0.0007876000000000001,0.0007876000000000001,0.0007876000000000001,0.0007876000000000001,0.0007876000000000001,0.0007876000000000001
2021-03-24 00:00:00-04:00,-0.00032740000000000004,-0.0001224,-0.0003774,-0.0004124,-0.0003774,-0.0004124,-0.0005674,-0.0001224,-0.0006174,-0.0005774,-0.0006174,-0.0005774,-0.0008173999999999999,-0.0001224,-0.0008673999999999999,-0.0006674,-0.0008673999999999999,-0.0006674
2021-03-25 00:00:00-04:00,-0.0003524,-0.00010740000000000001,-0.0004174,-0.0003924,-0.0004174,0.0007026000000000001,-0.00010740000000000001,-0.00010740000000000001,-0.00045240000000000005,-0.00045240000000000005,0.0008226,0.0008226,-0.00010740000000000001,-0.00010740000000000001,-0.0004774,-0.0004774,0.0008726000000000001,0.0008726000000000001
2021-03-26 00:00:00-04:00,-0.0014574000000000002,-0.0014574000000000002,-0.0004824,-0.0004824,-0.0004824,-0.0004824,-0.0014574000000000002,-0.0014574000000000002,-0.0004824,-0.0004824,-0.0004824,-0.0004824,0.0009226000000000001,0.0,0.0009226000000000001,0.0,0.0009226000000000001,0.0
2021-03-29 00:00:00-04:00,0.0010626000000000001,0.0010626000000000001,0.0010626000000000001,0.0010626000000000001,0.0009826000000000001,0.0009826000000000001,0.0008226,0.0008226,0.0008226,0.0008226,0.0014625999999999999,0.0014625999999999999,0.0005126,0.0005126,0.0005126,0.0005126,0.0005126,0.0005126
2021-03-30 00:00:00-04:00,0.0004726,0.0004726,0.0004726,0.0004726,0.0004726,0.0004726,0.0004726,0.0004726,0.0004726,0.0004726,0.0004726,0.0004726,0.0002126,0.0002126,0.0002126,0.0002126,0.0002126,0.0002126
2021-03-31 00:00:00-04:00,0.0001126,0.0001126,-0.0003574,-0.0003574,-0.0003574,-0.0003574,-0.0006973999999999999,0.0,-0.0006174,0.0,-0.0006174,0.0,-0.0009323999999999999,0.0,-0.0008523999999999999,0.0,-0.0008523999999999999,0.0
2021-04-01 00:00:00-04:00,0.00017759999999999998,-0.0005924,-0.0003324,-0.0003724,-0.0003324,-0.0003724,0.00017759999999999998,0.0,-0.0004374,0.0,-0.0004374,0.0,0.0,0.0,0.0,0.0,0.0,0.0
2021-04-02 00:00:00-04:00,-0.00023480000000000002,-0.00023480000000000002,-0.0006448000000000001,-0.0006448000000000001,-0.0006448000000000001,-0.0006448000000000001,-0.00023480000000000002,-0.00023480000000000002,-0.0006448000000000001,-0.0006448000000000001,-0.0006448000000000001,-0.0006448000000000001,-0.00023480000000000002,-0.00023480000000000002,-0.0006448000000000001,-0.0006448000000000001,-0.0006448000000000001,-0.0006448000000000001
2021-04-05 00:00:00-04:00,0.0001552,0.0001552,0.0001552,0.0001552,0.0001552,0.0001552,-8.48e-05,-8.48e-05,-8.48e-05,-8.48e-05,-8.48e-05,-8.48e-05,-8.48e-05,-8.48e-05,-8.48e-05,-8.48e-05,-8.48e-05,-8.48e-05
2021-04-06 00:00:00-04:00,0.0006751999999999999,0.0006751999999999999,0.0006751999999999999,0.0006751999999999999,0.0006751999999999999,0.0006751999999999999,0.0001852,0.0001852,0.0001852,0.0001852,0.0001852,0.0001852,0.0001852,0.0001852,0.0001852,0.0001852,0.0001852,0.0001852
2021-04-07 00:00:00-04:00,0.00039519999999999996,0.00039519999999999996,-0.0006548000000000001,-0.0006548000000000001,-0.0006548000000000001,-0.0006548000000000001,0.0002852,0.0002852,0.0002852,0.0002852,0.0002852,0.0002852,0.0002852,0.0002852,0.0002852,0.0002852,0.0002852,0.0002852
2021-04-08 00:00:00-04:00,0.0033052,0.0,0.0033052,0.0,0.0011451999999999999,0.0,0.0033052,0.0,0.0033052,0.0,0.0011451999999999999,0.0,0.0030651999999999997,0.0,0.0030651999999999997,0.0,0.0016252,0.0
2021-04-09 00:00:00-04:00,-0.0034348,0.0019252000000000002,-0.0013248,0.0019252000000000002,-0.0013248,0.0015252000000000002,-0.0034348,0.0019252000000000002,-0.0013248,0.0019252000000000002,-0.0013248,0.0015252000000000002,0.0019252000000000002,0.0019252000000000002,0.0019252000000000002,0.0019252000000000002,0.0019252000000000002,0.0019252000000000002
2021-04-12 00:00:00-04:00,7.52e-05,7.52e-05,7.52e-05,7.52e-05,0.0012652,0.0012652,-0.0002948,-0.0002948,-0.0002948,-0.0002948,-0.0002948,-0.0002948,-0.0010648,-0.0010648,-0.0010648,-0.0010648,-0.0010648,-0.0010648
2021-04-13 00:00:00-04:00,-0.0013947999999999999,-0.0013947999999999999,-0.0006448000000000001,-0.0006448000000000001,-0.0006448000000000001,-0.0006448000000000001,-0.0013947999999999999,-0.0013947999999999999,-0.0007048,-0.0007048,-0.0007048,-0.0007048,-0.0013947999999999999,-0.0013947999999999999,-0.0007048,-0.0007048,-0.0007048,-0.0007048
2021-04-14 00:00:00-04:00,0.00032519999999999994,0.00032519999999999994,-0.00039480000000000006,-0.00039480000000000006,-0.00039480000000000006,-0.00039480000000000006,0.00032519999999999994,0.00032519999999999994,-0.00040480000000000003,-0.00040480000000000003,-0.00040480000000000003,-0.00040480000000000003,-9.48e-05,-9.48e-05,-0.0008248,-0.0008248,-0.0008248,-0.0008248
2021-04-15 00:00:00-04:00,0.0002252,0.0002252,-0.0007148,-0.0007148,-0.0007148,-0.0007148,-0.0015547999999999998,0.0,-0.0013548,0.0,-0.0013548,0.0,-0.0015547999999999998,0.0,-0.0016648,0.0,-0.0016648,0.0
2021-04-16 00:00:00-04:00,0.0001652,0.0,0.0001652,0.0,0.0015252000000000002,0.0,-0.00021480000000000002,0.0,-0.00021480000000000002,0.0,-0.00021480000000000002,0.0,-0.00032480000000000003,0.0,-0.00032480000000000003,0.0,-0.00032480000000000003,0.0
2021-04-19 00:00:00-04:00,0.0018152,0.0018152,0.0018152,0.0018152,0.0015452,0.0015452,0.0018152,0.0018152,0.0018152,0.0018152,0.0015452,0.0015452,0.0012752,0.0012752,0.0012752,0.0012752,0.0012752,0.0012752
2021-04-20 00:00:00-04:00,-8.48e-05,-8.48e-05,-0.0004248,-0.0004248,-0.0004248,-0.0004248,-8.48e-05,-8.48e-05,-0.0005848,-0.0005848,-0.0005848,-0.0005848,-0.0001848,-0.0001848,-0.0001848,-0.0001848,-0.0001848,-0.0001848
2021-04-21 00:00:00-04:00,-0.0007348000000000001,-0.0007348000000000001,-0.0007448,-0.0007448,-0.0007448,-0.0007448,-0.0005548,0.0,-0.0005548,0.0,-0.0005548,0.0,-0.0005548,0.0,-0.0005548,0.0,-0.0005548,0.0
2021-04-22 00:00:00-04:00,0.0009452,0.0009452,0.0009452,0.0009452,0.0009452,0.0009452,0.0009452,0.0009452,0.0009452,0.0009452,0.0009452,0.0009452,0.0006152,0.0006152,0.0006152,0.0006152,0.0006152,0.0006152
2021-04-23 00:00:00-04:00,0.0001878,0.0001878,-0.0009072,-0.0009072,-0.0009072,-0.0009072,-0.0002472,-0.0002472,-0.0013422,-0.0013422,-0.0013422,-0.0013422,-0.0002472,-0.0002472,-0.0013422,-0.0013422,-0.0013422,-0.0013422
2021-04-26 00:00:00-04:00,-0.0005172,-0.0005172,-0.0005172,-0.0005172,-0.0005172,-0.0005172,-0.0014622,-0.0014622,-0.0014622,-0.0014622,-0.0014622,-0.0014622,-0.0014622,-0.0014622,-0.0014622,-0.0014622,-0.0014622,-0.0014622
2021-04-27 00:00:00-04:00,-0.0015372,0.0,-0.0006522,0.0,-0.0006522,0.0,-0.0015372,0.0,-0.0006522,0.0,-0.0006522,0.0,0.0,0.0,0.0,0.0,0.0,0.0
2021-04-28 00:00:00-04:00,-0.0002472,-0.0007722,-0.0008172,-0.0008772,-0.0008172,-0.0008772,-0.0002472,-0.0007722,-0.0008172,-0.0008772,-0.0008172,-0.0008772,-0.0007722,-0.0007722,-0.0010122,-0.0010122,-0.0010122,-0.0010122
2021-04-29 00:00:00-04:00,0.0009978,0.0009978,0.0009978,0.0009978,0.0009978,0.0009978,0.0009978,0.0009978,0.0009978,0.0009978,0.0009978,0.0009978,0.0006228,0.0006228,0.0006228,0.0006228,0.0006228,0.0006228
2021-04-30 00:00:00-04:00,0.0004278,0.0,0.0004278,0.0,0.0004278,0.0,0.0004278,0.0,0.0004278,0.0,0.0004278,0.0,0.0004278,0.0,0.0004278,0.0,0.0004278,0.0
2021-05-03 00:00:00-04:00,-0.0021522,-0.0021522,-0.0011622,-0.0011622,-0.0011622,-0.0011622,-0.0023472,-0.0023472,-0.0013572,-0.0013572,-0.0013572,-0.0013572,-0.0024972,-0.0024972,-0.0015072,-0.0015072,-0.0015072,-0.0015072
2021-05-04 00:00:00-04:00,-0.00038219999999999997,0.0,-0.00038219999999999997,0.0,-0.00038219999999999997,0.0,-0.0006221999999999999,0.0,-0.0006221999999999999,0.0,-0.0006221999999999999,0.0,-0.0007722,0.0,-0.0007722,0.0,-0.0007722,0.0
2021-05-05 00:00:00-04:00,0.0008928,0.0008928,0.0008928,0.0008928,0.0023178,0.0023178,-7.2000000000000065e-06,-7.2000000000000065e-06,-7.2000000000000065e-06,-7.2000000000000065e-06,-7.2000000000000065e-06,-7.2000000000000065e-06,-0.0009672,-0.0009672,-0.0009672,-0.0009672,-0.0009672,-0.0009672
2021-05-06 00:00:00-04:00,-0.0003672,-0.0003672,-0.0010122,-0.0010122,-0.0010122,-0.0010122,-0.0003672,-0.0003672,-0.0010122,-0.0010122,-0.0010122,-0.0010122,-0.0010422,0.0,-0.0010422,0.0,-0.0010422,0.0
2021-05-07 00:00:00-04:00,3.779999999999999e-05,3.779999999999999e-05,3.779999999999999e-05,3.779999999999999e-05,3.779999999999999e-05,3.779999999999999e-05,-0.0002622,-0.0002622,-0.0002622,-0.0002622,-0.0002622,-0.0002622,-0.0008022,-0.0008022,-0.0008022,-0.0008022,-0.0008022,-0.0008022
2021-05-10 00:00:00-04:00,-0.0017022,-0.0017022,-0.0013272,-0.0013272,-0.0013272,-0.0013272,-0.0017022,-0.0017022,-0.0013272,-0.0013272,-0.0013272,-0.0013272,-0.0017022,-0.0017022,-0.0013272,-0.0013272,-0.0013272,-0.0013272
2021-05-11 00:00:00-04:00,0.0032027999999999996,0.0,0.0032027999999999996,0.0,0.0028577999999999998,0.0,0.0018828,0.0,0.0018828,0.0,0.0054978,0.0,-0.0050772000000000005,0.0,-0.0050772000000000005,0.0,-0.0050772000000000005,0.0
2021-05-12 00:00:00-04:00,0.0045528,0.0,0.0045528,0.0,0.0033678,0.0,0.0045528,0.0,0.0045528,0.0,0.0033678,0.0,0.00027780000000000003,0.0,0.00027780000000000003,0.0,0.00027780000000000003,0.0
2021-05-13 00:00:00-04:00,-0.0009148,-0.0009148,-0.0009148,-0.0009148,-0.0009148,-0.0009148,-0.0012548000000000001,-0.0012548000000000001,-0.0012548000000000001,-0.0012548000000000001,-0.0012548000000000001,-0.0012548000000000001,-0.0014847999999999999,-0.0014847999999999999,-0.0014847999999999999,-0.0014847999999999999,-0.0014847999999999999,-0.0014847999999999999
2021-05-14 00:00:00-04:00,0.0026652,0.0026652,0.0026652,0.0026652,0.0014852,0.0014852,0.0023252,0.0023252,0.0023252,0.0023252,0.0021652,0.0021652,0.0011852,0.0011852,0.0011852,0.0011852,0.0011852,0.0011852
2021-05-17 00:00:00-04:00,-3.4800000000000006e-05,-0.0014348,-0.0014047999999999999,-0.0013448,-0.0014047999999999999,-0.0013448,-0.0007448,-0.0014348,-0.0021148,-0.0019848,-0.0021148,-0.0019848,-0.0014348,-0.0014348,-0.0022248,-0.0022248,-0.0022248,-0.0022248
2021-05-18 00:00:00-04:00,0.0013752,0.0013752,0.0013752,0.0013752,0.0011252,0.0011252,0.0010452,0.0010452,0.0010452,0.0010452,0.0010452,0.0010452,0.0010452,0.0010452,0.0010452,0.0010452,0.0010452,0.0010452
2021-05-19 00:00:00-04:00,-0.0015148,-0.0015148,-0.0013147999999999999,-0.0013147999999999999,-0.0013147999999999999,-0.0013147999999999999,-0.0020247999999999998,-0.0020247999999999998,-0.0018248,-0.0018248,-0.0018248,-0.0018248,-0.0002548,0.0,-0.0002548,0.0,-0.0002548,0.0
2021-05-20 00:00:00-04:00,0.00037519999999999996,0.00037519999999999996,0.00037519999999999996,0.00037519999999999996,0.00037519999999999996,0.00037519999999999996,-0.0001248,-0.0001248,-0.0001248,-0.0001248,-0.0001248,-0.0001248,0.0,0.0,0.0,0.0,0.0,0.0
2021-05-21 00:00:00-04:00,-0.0013747999999999998,-0.0013747999999999998,-0.0011848,-0.0011848,-0.0011848,-0.0011848,-0.0013747999999999998,-0.0013747999999999998,-0.0011848,-0.0011848,-0.0011848,-0.0011848,-0.0015748,-0.0015748,-0.0013847999999999998,-0.0013847999999999998,-0.0013847999999999998,-0.0013847999999999998
2021-05-24 00:00:00-04:00,0.0001552,0.0001552,0.0001552,0.0001552,0.0001552,0.0001552,-0.0008748,-0.0008748,-0.0008748,-0.0008748,-0.0008748,-0.0008748,-0.0008748,-0.0008748,-0.0008748,-0.0008748,-0.0008748,-0.0008748
2021-05-25 00:00:00-04:00,-0.0022748,0.0011451999999999999,-0.0008748,0.0011451999999999999,-0.0008748,0.0011451999999999999,-0.0024148,0.0011451999999999999,-0.0010148,0.0011451999999999999,-0.0010148,0.0011451999999999999,0.0006751999999999999,0.0006751999999999999,0.0006751999999999999,0.0006751999999999999,0.0006751999999999999,0.0006751999999999999
2021-05-26 00:00:00-04:00,-0.0001748,-0.0001748,-0.0001748,-0.0001748,-0.0001748,-0.0001748,0.0,0.0,0.0,0.0,0.0,0.0,0.0,0.0,0.0,0.0,0.0,0.0
2021-05-27 00:00:00-04:00,0.00025519999999999997,0.0,0.00025519999999999997,0.0,0.00025519999999999997,0.0,0.00025519999999999997,0.0,0.00025519999999999997,0.0,0.00025519999999999997,0.0,-9.48e-05,0.0,-9.48e-05,0.0,-9.48e-05,0.0
2021-05-28 00:00:00-04:00,0.0007252,0.0,0.0007252,0.0,0.0007252,0.0,0.0007252,0.0,0.0007252,0.0,0.0007252,0.0,0.0007252,0.0,0.0007252,0.0,0.0007252,0.0
2021-05-31 00:00:00-04:00,0.0001652,0.0,0.0001652,0.0,0.0001652,0.0,-0.0001148,0.0,-0.0001148,0.0,-0.0001148,0.0,-0.0001148,0.0,-0.0001148,0.0,-0.0001148,0.0
2021-06-01 00:00:00-04:00,-0.0001048,-0.0001048,-0.0007948,-0.0007948,-0.0007948,-0.0007948,-0.0001048,-0.0001048,-0.0007948,-0.0007948,-0.0007948,-0.0007948,-0.0003048,-0.0003048,-0.0009948000000000001,-0.0009948000000000001,-0.0009948000000000001,-0.0009948000000000001
2021-06-02 00:00:00-04:00,-3.4800000000000006e-05,-3.4800000000000006e-05,-3.4800000000000006e-05,-3.4800000000000006e-05,-3.4800000000000006e-05,-3.4800000000000006e-05,-0.00023480000000000002,-0.00023480000000000002,-0.00023480000000000002,-0.00023480000000000002,-0.00023480000000000002,-0.00023480000000000002,0.0,0.0,0.0,0.0,0.0,0.0
2021-06-03 00:00:00-04:00,-0.0005048,-0.0005048,-0.0008848,-0.0008848,-0.0008848,-0.0008848,0.0,0.0,0.0,0.0,0.0,0.0,0.0,0.0,0.0,0.0,0.0,0.0
2021-06-04 00:00:00-04:00,-0.0009348000000000001,-0.0001348,-0.0009748000000000001,-0.0001348,-0.0009748000000000001,-0.0001348,-0.0013248,-0.0001348,-0.0013648,-0.0001348,-0.0013648,-0.0001348,-0.0001348,-0.0001348,-0.0001348,-0.0001348,-0.0001348,-0.0001348
2021-06-07 00:00:00-04:00,0.0001052,0.0,0.0001052,0.0,0.0001052,0.0,0.0001052,0.0,0.0001052,0.0,0.0001052,0.0,0.0001052,0.0,0.0001052,0.0,0.0001052,0.0
2021-06-08 00:00:00-04:00,-0.0010448,-0.0010448,-0.0010548,-0.0010548,-0.0010548,-0.0010548,-0.0012048,-0.0012048,-0.0012148,-0.0012148,-0.0012148,-0.0012148,-0.0012048,-0.0012048,-0.0012148,-0.0012148,-0.0012148,-0.0012148
2021-06-09 00:00:00-04:00,-0.0005348,-0.0005348,-0.0007948,-0.0007948,-0.0007948,-0.0007948,-0.0007048,-0.0007048,-0.0009648,-0.0009648,-0.0009648,-0.0009648,0.0,0.0,0.0,0.0,0.0,0.0
2021-06-10 00:00:00-04:00,-0.00023480000000000002,-0.00023480000000000002,-0.00023480000000000002,-0.00023480000000000002,-0.00023480000000000002,-0.00023480000000000002,-0.00041480000000000005,-0.00041480000000000005,-0.00041480000000000005,-0.00041480000000000005,-0.00041480000000000005,-0.00041480000000000005,-0.00041480000000000005,-0.00041480000000000005,-0.00041480000000000005,-0.00041480000000000005,-0.00041480000000000005,-0.00041480000000000005
2021-06-11 00:00:00-04:00,-0.0002948,-0.0002948,-0.0007948,-0.0007948,-0.0007948,-0.0007948,0.0,0.0,0.0,0.0,0.0,0.0,0.0,0.0,0.0,0.0,0.0,0.0
2021-06-14 00:00:00-04:00,0.0,0.0,0.0,0.0,0.0,0.0,0.0,0.0,0.0,0.0,0.0,0.0,0.0,0.0,0.0,0.0,0.0,0.0
2021-06-15 00:00:00-04:00,0.0004852,0.0004852,0.0004852,0.0004852,0.0004852,0.0004852,-0.0001748,-0.0001748,-0.0001748,-0.0001748,-0.0001748,-0.0001748,-0.0005148,-0.0005148,-0.0005148,-0.0005148,-0.0005148,-0.0005148
2021-06-16 00:00:00-04:00,-0.0002648,-0.0002648,-0.00047480000000000005,-0.00047480000000000005,-0.00047480000000000005,-0.00047480000000000005,-0.0002648,-0.0002648,-0.00047480000000000005,-0.00047480000000000005,-0.00047480000000000005,-0.00047480000000000005,-0.00032480000000000003,0.0,-0.0006148000000000001,0.0,-0.0006148000000000001,0.0
2021-06-17 00:00:00-04:00,-0.0037422,0.0011778000000000001,-0.0023622,0.0011778000000000001,-0.0023622,0.0011778000000000001,0.0011778000000000001,0.0011778000000000001,0.0011778000000000001,0.0011778000000000001,0.0011778000000000001,0.0011778000000000001,0.0011778000000000001,0.0011778000000000001,0.0011778000000000001,0.0011778000000000001,0.0011778000000000001,0.0011778000000000001
2021-06-18 00:00:00-04:00,0.0011778000000000001,0.0011778000000000001,0.0011778000000000001,0.0011778000000000001,0.0011778000000000001,0.0011778000000000001,0.0008178,0.0008178,0.0008178,0.0008178,0.0008178,0.0008178,0.0008178,0.0008178,0.0008178,0.0008178,0.0008178,0.0008178
2021-06-21 00:00:00-04:00,-0.0021522,-0.0021522,-0.0007722,-0.0007722,-0.0007722,-0.0007722,0.0009678,0.0,0.0009678,0.0,0.0024378,0.0,0.0005928,0.0,0.0005928,0.0,0.0005928,0.0
2021-06-22 00:00:00-04:00,-0.0011322,-0.0011322,-0.0012972,-0.0012972,-0.0012972,-0.0012972,-0.0011322,-0.0011322,-0.0012972,-0.0012972,-0.0012972,-0.0012972,0.0,0.0,0.0,0.0,0.0,0.0
2021-06-23 00:00:00-04:00,0.0010878,0.0010878,0.0010878,0.0010878,0.0010878,0.0010878,0.0008928,0.0008928,0.0008928,0.0008928,0.0008928,0.0008928,0.0008928,0.0008928,0.0008928,0.0008928,0.0008928,0.0008928
2021-06-24 00:00:00-04:00,7.799999999999993e-06,7.799999999999993e-06,7.799999999999993e-06,7.799999999999993e-06,7.799999999999993e-06,7.799999999999993e-06,-8.22e-05,-8.22e-05,-8.22e-05,-8.22e-05,-8.22e-05,-8.22e-05,-8.22e-05,-8.22e-05,-8.22e-05,-8.22e-05,-8.22e-05,-8.22e-05
2021-06-25 00:00:00-04:00,-0.0013122,0.0005178,-0.0005922,0.0005178,-0.0005922,0.0005178,-0.0015222,0.0005178,-0.0008022,0.0005178,-0.0008022,0.0005178,-0.0016572,0.0005178,-0.0009372,0.0005178,-0.0009372,0.0005178
2021-06-28 00:00:00-04:00,-0.0012972,0.0,-0.0009521999999999999,0.0,-0.0009521999999999999,0.0,-0.0015822,0.0,-0.0012372,0.0,-0.0012372,0.0,-0.0015822,0.0,-0.0012372,0.0,-0.0012372,0.0
2021-06-29 00:00:00-04:00,-0.0009096000000000001,0.0,-0.0009096000000000001,0.0,-0.0009096000000000001,0.0,-0.0009096000000000001,0.0,-0.0009096000000000001,0.0,-0.0009096000000000001,0.0,-0.0009096000000000001,0.0,-0.0009096000000000001,0.0,-0.0009096000000000001,0.0
2021-06-30 00:00:00-04:00,0.0010103999999999998,0.0,0.0010103999999999998,0.0,0.0010103999999999998,0.0,0.0010103999999999998,0.0,0.0010103999999999998,0.0,0.0010103999999999998,0.0,0.0007503999999999999,0.0,0.0007503999999999999,0.0,0.0007503999999999999,0.0
2021-07-01 00:00:00-04:00,-0.0004096,-0.0004096,-0.0006696000000000001,-0.0006696000000000001,0.0010103999999999998,0.0010103999999999998,-0.0013296,-0.0013296,-0.0015896,-0.0015896,-0.0015896,-0.0015896,-0.0015296,-0.0015296,-0.0017896000000000001,-0.0017896000000000001,-0.0017896000000000001,-0.0017896000000000001
2021-07-02 00:00:00-04:00,-0.0023096,-0.0023096,-0.0010896,-0.0010896,-0.0010896,-0.0010896,0.0009103999999999999,0.0,0.0009103999999999999,0.0,0.0009103999999999999,0.0,0.0009103999999999999,0.0,0.0009103999999999999,0.0,0.0009103999999999999,0.0
2021-07-05 00:00:00-04:00,-0.0012672,-0.0012672,-0.0004572,-0.0004572,-0.0004572,-0.0004572,0.0007128,0.0,0.0007128,0.0,0.0009978,0.0,0.0004128,0.0,0.0004128,0.0,0.0004128,0.0
2021-07-06 00:00:00-04:00,0.0015528,0.0,0.0015528,0.0,0.0011478,0.0,0.0014628,0.0,0.0014628,0.0,0.0013278,0.0,0.0010578,0.0,0.0010578,0.0,0.0010578,0.0
2021-07-07 00:00:00-04:00,0.0005928,0.0005928,0.0005928,0.0005928,0.0005928,0.0005928,0.0005928,0.0005928,0.0005928,0.0005928,0.0005928,0.0005928,0.0005928,0.0005928,0.0005928,0.0005928,0.0005928,0.0005928
2021-07-08 00:00:00-04:00,0.0014328,0.0,0.0014328,0.0,0.0017478,0.0,0.0014328,0.0,0.0014328,0.0,0.0017478,0.0,0.0012228,0.0,0.0012228,0.0,0.0012228,0.0
2021-07-09 00:00:00-04:00,-0.0011696,0.0,-0.0011696,0.0,-0.0011696,0.0,-0.0011696,0.0,-0.0011696,0.0,-0.0011696,0.0,-0.0026896,0.0,-0.0026896,0.0,-0.0026896,0.0
2021-07-12 00:00:00-04:00,0.0012104,0.0,0.0012104,0.0,0.0018904,0.0,0.0009503999999999999,0.0,0.0009503999999999999,0.0,0.0009503999999999999,0.0,0.0002504,0.0,0.0002504,0.0,0.0002504,0.0
2021-07-13 00:00:00-04:00,9.039999999999999e-05,0.0,-0.0007096000000000001,0.0,-0.0007096000000000001,0.0,9.039999999999999e-05,0.0,-0.0007096000000000001,0.0,-0.0007096000000000001,0.0,1.0399999999999992e-05,0.0,1.0399999999999992e-05,0.0,1.0399999999999992e-05,0.0
2021-07-14 00:00:00-04:00,-0.0010496000000000001,-0.0010496000000000001,-0.0010496000000000001,-0.0010496000000000001,-0.0010496000000000001,-0.0010496000000000001,-0.0010496000000000001,-0.0010496000000000001,-0.0010496000000000001,-0.0010496000000000001,-0.0010496000000000001,-0.0010496000000000001,-0.0016496,-0.0016496,-0.0016496,-0.0016496,-0.0016496,-0.0016496
2021-07-15 00:00:00-04:00,-0.0021896,0.0004504,-0.0015696,0.0004504,-0.0015696,0.0004504,-0.0026095999999999997,0.0004504,-0.0019896000000000002,0.0004504,-0.0019896000000000002,0.0004504,0.0004504,0.0004504,0.0004504,0.0004504,0.0004504,0.0004504
2021-07-16 00:00:00-04:00,0.0007304,0.0007304,-0.0021696000000000003,-0.0021696000000000003,-0.0021696000000000003,-0.0021696000000000003,-0.0030496,0.0002504,-0.0024296,0.0002504,-0.0024296,0.0002504,-0.0031496,0.0002504,-0.0025296,0.0002504,-0.0025296,0.0002504
2021-07-19 00:00:00-04:00,-0.0015296,-0.0015296,-0.0022296,-0.0022296,-0.0022296,-0.0022296,-0.0013496,0.0,-0.0013496,0.0,-0.0013496,0.0,-0.0019096,0.0,-0.0019096,0.0,-0.0019096,0.0
2021-07-20 00:00:00-04:00,0.0003304,0.0003304,-0.0020896,-0.0020896,-0.0020896,-0.0020896,0.0003304,0.0003304,-0.0020896,-0.0020896,-0.0020896,-0.0020896,-9.600000000000008e-06,-9.600000000000008e-06,-0.0024296,-0.0024296,-0.0024296,-0.0024296
2021-07-21 00:00:00-04:00,0.0012503999999999998,0.0,0.0012503999999999998,0.0,0.0012503999999999998,0.0,0.0012503999999999998,0.0,0.0012503999999999998,0.0,0.0012503999999999998,0.0,0.0012503999999999998,0.0,0.0012503999999999998,0.0,0.0012503999999999998,0.0
2021-07-22 00:00:00-04:00,-0.0002496,-0.0002496,-0.0002496,-0.0002496,-0.0002496,-0.0002496,-0.0009696,-0.0009696,-0.0009696,-0.0009696,-0.0009696,-0.0009696,-0.0009696,-0.0009696,-0.0009696,-0.0009696,-0.0009696,-0.0009696
2021-07-23 00:00:00-04:00,-0.0002096,-0.0002096,-0.0002096,-0.0002096,0.0014104,0.0014104,-0.0006896000000000001,-0.0006896000000000001,-0.0006896000000000001,-0.0006896000000000001,-0.0006896000000000001,-0.0006896000000000001,0.0,0.0,0.0,0.0,0.0,0.0
2021-07-26 00:00:00-04:00,0.0019904,0.0,0.0019904,0.0,0.0022504,0.0,0.0015704,0.0,0.0015704,0.0,0.0015704,0.0,-0.0006696000000000001,0.0,-0.0006696000000000001,0.0,-0.0006696000000000001,0.0
2021-07-27 00:00:00-04:00,0.0005103999999999999,0.0,0.0005103999999999999,0.0,0.0005103999999999999,0.0,0.0005103999999999999,0.0,0.0005103999999999999,0.0,0.0005103999999999999,0.0,-0.0001296,0.0,-0.0001296,0.0,-0.0001296,0.0
2021-07-28 00:00:00-04:00,-6.960000000000001e-05,-6.960000000000001e-05,-0.0020896,-0.0020896,-0.0020896,-0.0020896,-0.0008696000000000001,-0.0008696000000000001,-0.0028896,-0.0028896,-0.0028896,-0.0028896,-0.0008696000000000001,-0.0008696000000000001,-0.0028896,-0.0028896,-0.0028896,-0.0028896
2021-07-29 00:00:00-04:00,-0.0014896,0.0,-0.0014896,0.0,-0.0014896,0.0,-0.0014896,0.0,-0.0014896,0.0,-0.0014896,0.0,-0.0014896,0.0,-0.0014896,0.0,-0.0014896,0.0
2021-07-30 00:00:00-04:00,0.0003104,0.0,0.0003104,0.0,0.0003104,0.0,0.0003104,0.0,0.0003104,0.0,0.0003104,0.0,0.0,0.0,0.0,0.0,0.0,0.0
2021-08-02 00:00:00-04:00,0.0020104,0.0020104,0.0020104,0.0020104,0.0020904,0.0020904,0.0020104,0.0020104,0.0020104,0.0020104,0.0020904,0.0020904,0.0008904,0.0008904,0.0008904,0.0008904,0.0008904,0.0008904
2021-08-03 00:00:00-04:00,-0.0022096,0.0,-0.0022096,0.0,-0.0022096,0.0,-0.0022096,0.0,-0.0022096,0.0,-0.0022096,0.0,-0.0022096,0.0,-0.0022096,0.0,-0.0022096,0.0
2021-08-04 00:00:00-04:00,0.0023304,0.0023304,0.0023304,0.0023304,0.0019303999999999999,0.0019303999999999999,0.0019703999999999998,0.0019703999999999998,0.0019703999999999998,0.0019703999999999998,0.0019703999999999998,0.0019703999999999998,0.0019703999999999998,0.0019703999999999998,0.0019703999999999998,0.0019703999999999998,0.0019703999999999998,0.0019703999999999998
2021-08-05 00:00:00-04:00,-0.0012496,-0.0012496,-0.0013096000000000002,-0.0013096000000000002,-0.0013096000000000002,-0.0013096000000000002,0.0,0.0,0.0,0.0,0.0,0.0,0.0,0.0,0.0,0.0,0.0,0.0
2021-08-06 00:00:00-04:00,-0.0003696,-0.0003696,-0.0003696,-0.0003696,-0.0003696,-0.0003696,0.0,0.0,0.0,0.0,0.0,0.0,0.0,0.0,0.0,0.0,0.0,0.0
2021-08-09 00:00:00-04:00,0.0016304,0.0016304,0.0016304,0.0016304,0.0016304,0.0016304,0.0016304,0.0016304,0.0016304,0.0016304,0.0016304,0.0016304,0.0009503999999999999,0.0009503999999999999,0.0009503999999999999,0.0009503999999999999,0.0009503999999999999,0.0009503999999999999
2021-08-10 00:00:00-04:00,-0.0007296000000000001,-0.0007296000000000001,-0.00046960000000000003,-0.00046960000000000003,-0.00046960000000000003,-0.00046960000000000003,-0.0010096,-0.0010096,-0.0007496000000000001,-0.0007496000000000001,-0.0007496000000000001,-0.0007496000000000001,1.0399999999999992e-05,0.0,1.0399999999999992e-05,0.0,0.0014504,0.0
2021-08-11 00:00:00-04:00,-0.0006696000000000001,-0.0006096,-0.0011296000000000001,-0.0006096,-0.0011296000000000001,-0.0006096,-0.0006696000000000001,-0.0006096,-0.0011296000000000001,-0.0006096,-0.0011296000000000001,-0.0006096,-0.0013096000000000002,-0.0006096,-0.0017696,-0.0006096,-0.0017696,-0.0006096
2021-08-12 00:00:00-04:00,-0.0009096000000000001,-0.0009096000000000001,-0.0009096000000000001,-0.0009096000000000001,-0.0009096000000000001,-0.0009096000000000001,-0.0009096000000000001,-0.0009096000000000001,-0.0009096000000000001,-0.0009096000000000001,-0.0009096000000000001,-0.0009096000000000001,-0.0010496000000000001,-0.0010496000000000001,-0.0010496000000000001,-0.0010496000000000001,-0.0010496000000000001,-0.0010496000000000001
2021-08-13 00:00:00-04:00,-0.0002496,-0.0002496,-0.0002496,-0.0002496,-0.0002496,-0.0002496,-0.0007096000000000001,-0.0007096000000000001,-0.0007096000000000001,-0.0007096000000000001,-0.0007096000000000001,-0.0007096000000000001,-0.0009096000000000001,-0.0009096000000000001,-0.0009096000000000001,-0.0009096000000000001,-0.0009096000000000001,-0.0009096000000000001
2021-08-16 00:00:00-04:00,0.0,0.0,0.0,0.0,0.0,0.0,0.0,0.0,0.0,0.0,0.0,0.0,0.0,0.0,0.0,0.0,0.0,0.0
2021-08-17 00:00:00-04:00,0.0006903999999999999,0.0,0.0006903999999999999,0.0,0.0006903999999999999,0.0,0.0003304,0.0,0.0003304,0.0,0.0003304,0.0,0.0,0.0,0.0,0.0,0.0,0.0
2021-08-18 00:00:00-04:00,0.0037704,0.0037704,0.0037704,0.0037704,0.0022504,0.0022504,0.0033904,0.0033904,0.0033904,0.0033904,0.0030104000000000003,0.0030104000000000003,0.0025104,0.0025104,0.0025104,0.0025104,0.0025104,0.0025104
2021-08-19 00:00:00-04:00,-0.0039696,-0.0039696,-0.0016696,-0.0016696,-0.0016696,-0.0016696,-0.0039696,-0.0039696,-0.0016696,-0.0016696,-0.0016696,-0.0016696,-0.0043896,-0.0043896,-0.0020896,-0.0020896,-0.0020896,-0.0020896
2021-08-20 00:00:00-04:00,-0.0017696,-0.0017696,-0.0016296000000000001,-0.0016296000000000001,-0.0016296000000000001,-0.0016296000000000001,-0.0023096,-0.0023096,-0.0021696000000000003,-0.0021696000000000003,-0.0021696000000000003,-0.0021696000000000003,-0.0003696,0.0,-0.0003696,0.0,-0.0003696,0.0
2021-08-23 00:00:00-04:00,0.0013104,0.0013104,0.0013104,0.0013104,0.0020104,0.0020104,0.0013104,0.0013104,0.0013104,0.0013104,0.0020104,0.0020104,0.0013104,0.0013104,0.0013104,0.0013104,0.0023704,0.0023704
2021-08-24 00:00:00-04:00,-0.0009372,0.0,-0.0005022,0.0,-0.0005022,0.0,-0.0010422,0.0,-0.0006072,0.0,-0.0006072,0.0,-0.0011322,0.0,-0.0006972,0.0,-0.0006972,0.0
2021-08-25 00:00:00-04:00,-0.0003072,0.0,-0.0003072,0.0,-0.0003072,0.0,-0.0003072,0.0,-0.0003072,0.0,-0.0003072,0.0,-0.0004122,0.0,-0.0004122,0.0,-0.0004122,0.0
2021-08-26 00:00:00-04:00,0.0002478,0.0,0.0002478,0.0,0.0002478,0.0,-5.220000000000001e-05,0.0,-5.220000000000001e-05,0.0,-5.220000000000001e-05,0.0,-5.220000000000001e-05,0.0,-5.220000000000001e-05,0.0,-5.220000000000001e-05,0.0
2021-08-27 00:00:00-04:00,-0.0041896,0.0023704,-0.0012096000000000001,0.0023704,-0.0012096000000000001,0.0027704,0.0023704,0.0023704,0.0023704,0.0023704,0.0032904,0.0032904,0.0023704,0.0023704,0.0023704,0.0023704,0.0032904,0.0032904
2021-08-30 00:00:00-04:00,-0.00014220000000000001,0.0,-0.00014220000000000001,0.0,-0.00014220000000000001,0.0,-0.0005322,0.0,-0.0005322,0.0,-0.0005322,0.0,-0.0010122,0.0,-0.0010122,0.0,-0.0010122,0.0
2021-08-31 00:00:00-04:00,-0.003922200000000001,0.0029327999999999997,-0.0007871999999999999,0.0029327999999999997,-0.0007871999999999999,0.0014178,-0.003922200000000001,0.0029327999999999997,-0.0007871999999999999,0.0029327999999999997,-0.0007871999999999999,0.0014178,0.0029327999999999997,0.0029327999999999997,0.0029327999999999997,0.0029327999999999997,0.0017178,0.0017178
2021-09-01 00:00:00-04:00,-0.0027695999999999997,0.0013104,-0.0008696000000000001,0.0013104,-0.0008696000000000001,0.0013104,-0.0036696,0.0013104,-0.0017696,0.0013104,-0.0017696,0.0013104,0.0013104,0.0013104,0.0013104,0.0013104,0.0013104,0.0013104
2021-09-02 00:00:00-04:00,-0.0005696,0.0,-0.0005696,0.0,-0.0005696,0.0,-0.0011096,0.0,-0.0011096,0.0,-0.0011096,0.0,0.0,0.0,0.0,0.0,0.0,0.0
2021-09-03 00:00:00-04:00,0.0002304,0.0002304,0.0002304,0.0002304,0.0002304,0.0002304,0.0002304,0.0002304,0.0002304,0.0002304,0.0002304,0.0002304,7.039999999999999e-05,7.039999999999999e-05,7.039999999999999e-05,7.039999999999999e-05,7.039999999999999e-05,7.039999999999999e-05
2021-09-06 00:00:00-04:00,-0.0027096,0.0013304,-0.0010296,0.0013304,-0.0010296,0.0018503999999999999,-0.0027096,0.0013304,-0.0010296,0.0013304,-0.0010296,0.0018503999999999999,0.0013304,0.0013304,0.0013304,0.0013304,0.0013304,0.0013304
2021-09-07 00:00:00-04:00,-0.0002096,0.0,-0.0002096,0.0,-0.0002096,0.0,-0.0002096,0.0,-0.0002096,0.0,-0.0002096,0.0,-0.0002096,0.0,-0.0002096,0.0,-0.0002096,0.0
2021-09-08 00:00:00-04:00,-0.0003696,-0.0003696,-0.0003696,-0.0003696,-0.0003696,-0.0003696,-0.0006696000000000001,-0.0006696000000000001,-0.0006696000000000001,-0.0006696000000000001,-0.0006696000000000001,-0.0006696000000000001,-0.0008496,-0.0008496,-0.0008496,-0.0008496,-0.0008496,-0.0008496
2021-09-09 00:00:00-04:00,0.0028704000000000004,0.0,0.0028704000000000004,0.0,0.0019303999999999999,0.0,0.0021303999999999997,0.0,0.0021303999999999997,0.0,0.0021303999999999997,0.0,0.0011703999999999998,0.0,0.0011703999999999998,0.0,0.0011703999999999998,0.0
2021-09-10 00:00:00-04:00,-0.0025496,0.0009304,-0.0014496,0.0009304,-0.0014496,0.0009304,-0.0025496,0.0008904,-0.0015496000000000002,0.0008904,-0.0015496000000000002,0.0008904,-0.0025496,0.0008904,-0.0015496000000000002,0.0008904,-0.0015496000000000002,0.0008904
2021-09-13 00:00:00-04:00,0.0024904,0.0,0.0024904,0.0,0.0015304,0.0,0.0005304,0.0,0.0005304,0.0,0.0005304,0.0,0.0005304,0.0,0.0005304,0.0,0.0005304,0.0
2021-09-14 00:00:00-04:00,-0.0005696,-0.0005696,-0.0005696,-0.0005696,-0.0005696,-0.0005696,-0.0005696,-0.0005696,-0.0005696,-0.0005696,-0.0005696,-0.0005696,-0.0005696,-0.0005696,-0.0005696,-0.0005696,-0.0005696,-0.0005696
2021-09-15 00:00:00-04:00,0.00011039999999999999,0.0,-0.0008296000000000001,0.0,0.0013304,0.0,0.00011039999999999999,0.0,0.00011039999999999999,0.0,0.0020504,0.0,-0.0003096,0.0,-0.0003096,0.0,-0.0003096,0.0
2021-09-16 00:00:00-04:00,-0.0016696,-0.0016696,-0.0008896,-0.0008896,-0.0008896,-0.0008896,-0.0016696,-0.0016696,-0.0008896,-0.0008896,-0.0008896,-0.0008896,-0.0022696,-0.0022696,-0.0014896,-0.0014896,-0.0014896,-0.0014896
2021-09-17 00:00:00-04:00,-0.0045896,0.0034704000000000002,-0.0009096000000000001,-0.0008296000000000001,-0.0009096000000000001,-0.0008296000000000001,0.0034704000000000002,0.0034704000000000002,-0.0011096,-0.0011096,-0.0011096,-0.0011096,0.0034704000000000002,0.0034704000000000002,-0.0011096,-0.0011096,-0.0011096,-0.0011096
2021-09-20 00:00:00-04:00,-0.0066896,-0.0066896,-0.0010496000000000001,-0.0010496000000000001,-0.0010496000000000001,-0.0010496000000000001,0.0051104,0.0,0.0051104,0.0,0.0029704,0.0,0.0043904,0.0,0.0043904,0.0,0.0044104,0.0
2021-09-21 00:00:00-04:00,0.00011279999999999999,0.00011279999999999999,-0.0024072,-0.0024072,-0.0024072,-0.0024072,0.00011279999999999999,0.00011279999999999999,-0.0024072,-0.0024072,-0.0024072,-0.0024072,-0.0007572,-0.0007572,-0.0007572,-0.0007572,-0.0007572,-0.0007572
2021-09-22 00:00:00-04:00,0.0035778,0.0035778,0.0035778,0.0035778,0.0035778,0.0035778,0.0035778,0.0035778,0.0035778,0.0035778,0.0035778,0.0035778,0.0035778,0.0035778,0.0035778,0.0035778,0.0035778,0.0035778
2021-09-23 00:00:00-04:00,-0.00032219999999999997,-0.0006972,-0.0008022,-0.0008922,-0.0008022,-0.0008922,-0.00032219999999999997,-0.0006972,-0.0008022,-0.0008922,-0.0008022,-0.0008922,-0.0006972,-0.0006972,-0.0012222,-0.0012222,-0.0012222,-0.0012222
2021-09-24 00:00:00-04:00,-0.0030222,-0.0030222,-0.0014472,-0.0014472,-0.0014472,-0.0014472,0.0014328,0.0,0.0014328,0.0,0.0014328,0.0,0.0014328,0.0,0.0014328,0.0,0.0014328,0.0
2021-09-27 00:00:00-04:00,0.0018978,0.0018978,0.0018978,0.0018978,0.0018978,0.0018978,0.0015378,0.0015378,0.0015378,0.0015378,0.0015378,0.0015378,0.0003528,0.0003528,0.0003528,0.0003528,0.0003528,0.0003528
2021-09-28 00:00:00-04:00,-0.0020922,0.0004728,-0.0014472,-0.0013422,-0.0014472,-0.0013422,-0.0026772000000000002,0.0004728,-0.0020322,-0.0018672,-0.0020322,-0.0018672,0.0004728,0.0004728,0.0004728,0.0004728,0.0004728,0.0004728
2021-09-29 00:00:00-04:00,0.0005252,0.0005252,-0.0014547999999999998,-0.0014547999999999998,-0.0014547999999999998,-0.0014547999999999998,-0.0020548,-4.800000000000004e-06,-0.0019947999999999997,-4.800000000000004e-06,-0.0019947999999999997,-4.800000000000004e-06,-0.0020548,-0.0001548,-0.0021348,-0.0001548,-0.0021348,-0.0001548
2021-09-30 00:00:00-04:00,0.0016652000000000001,0.0016652000000000001,-0.0009748000000000001,-0.0009748000000000001,-0.0009748000000000001,-0.0009748000000000001,0.0014552,0.0014552,-0.0011848,-0.0011848,-0.0011848,-0.0011848,0.0011752,0.0011752,0.0011752,0.0011752,0.0011752,0.0011752
2021-10-01 00:00:00-04:00,0.0033052,0.0,0.0033052,0.0,0.0021052,0.0,0.0033052,0.0,0.0033052,0.0,0.0021852,0.0,0.0010452,0.0,0.0010452,0.0,0.0010452,0.0
2021-10-04 00:00:00-04:00,0.0033851999999999997,0.0,0.0033851999999999997,0.0,0.0021652,0.0,0.0031852,0.0,0.0031852,0.0,0.0025651999999999997,0.0,0.0017252,0.0,0.0017252,0.0,0.0017252,0.0
2021-10-05 00:00:00-04:00,-0.0010248,-0.0010248,-0.0011548,-0.0011548,0.0021452000000000003,0.0021452000000000003,-0.0015948,-0.0015948,-0.0017247999999999999,-0.0017247999999999999,-0.0017247999999999999,-0.0017247999999999999,-0.0028948000000000003,-0.0028948000000000003,-0.0030248000000000002,-0.0030248000000000002,-0.0030248000000000002,-0.0030248000000000002
2021-10-06 00:00:00-04:00,-0.0038248,0.0025052,-0.0011848,0.0025052,-0.0011848,0.0012852,0.0025052,0.0025052,0.0025052,0.0025052,0.0024452000000000002,0.0024452000000000002,0.0025052,0.0025052,0.0025052,0.0025052,0.0027451999999999997,0.0027451999999999997
2021-10-07 00:00:00-04:00,0.0010651999999999999,0.0,0.0010651999999999999,0.0,0.0019252000000000002,0.0,0.0010651999999999999,0.0,0.0010651999999999999,0.0,0.0019252000000000002,0.0,0.0001552,0.0,0.0001552,0.0,0.0001552,0.0
2021-10-08 00:00:00-04:00,0.0011451999999999999,0.0011451999999999999,-0.0017047999999999998,-0.0017047999999999998,-0.0017047999999999998,-0.0017047999999999998,0.0,0.0,0.0,0.0,0.0,0.0,0.0,0.0,0.0,0.0,0.0,0.0
2021-10-11 00:00:00-04:00,0.0023552,0.0,0.0023552,0.0,0.0018652,0.0,0.0017352000000000001,0.0,0.0017352000000000001,0.0,0.0017352000000000001,0.0,0.0009352,0.0,0.0009352,0.0,0.0009352,0.0
2021-10-12 00:00:00-04:00,0.0001052,0.0001052,0.0001052,0.0001052,0.0001052,0.0001052,-0.0006148000000000001,-0.0006148000000000001,-0.0006148000000000001,-0.0006148000000000001,-0.0006148000000000001,-0.0006148000000000001,-0.0016447999999999999,-0.0016447999999999999,-0.0016447999999999999,-0.0016447999999999999,-0.0016447999999999999,-0.0016447999999999999
2021-10-13 00:00:00-04:00,-0.0002748,-0.0009548,-0.0010748,-0.0011048,-0.0010748,-0.0011048,-0.0006848000000000001,-0.0009548,-0.0014847999999999999,-0.0013648,-0.0014847999999999999,-0.0013648,-0.0009548,-0.0009548,-0.0009548,-0.0009548,-0.0009548,-0.0009548
2021-10-14 00:00:00-04:00,0.0009052,0.0,0.0009052,0.0,0.0009052,0.0,0.0,0.0,0.0,0.0,0.0,0.0,0.0,0.0,0.0,0.0,0.0,0.0
2021-10-15 00:00:00-04:00,-0.0025147999999999998,-0.0025147999999999998,-0.0011548,-0.0011548,-0.0011548,-0.0011548,-0.0027848,-0.0027848,-0.0014248,-0.0014248,-0.0014248,-0.0014248,-0.0031848000000000002,-0.0031848000000000002,-0.0018248,-0.0018248,-0.0018248,-0.0018248
2021-10-18 00:00:00-04:00,-0.0004448,0.0,-0.0004448,0.0,-0.0004448,0.0,-0.0006248,0.0,-0.0006248,0.0,-0.0006248,0.0,0.0,0.0,0.0,0.0,0.0,0.0
2021-10-19 00:00:00-04:00,-0.0003148,-0.0007448,-0.0009848,-0.00035480000000000006,-0.0009848,-0.00035480000000000006,-0.0007448,-0.0007448,-0.0007448,-0.0007448,-0.0007448,-0.0007448,-0.0011148,-0.0011148,-0.0011148,-0.0011148,-0.0011148,-0.0011148
2021-10-20 00:00:00-04:00,0.0004952,0.0004952,0.0004952,0.0004952,0.0004952,0.0004952,3.5199999999999995e-05,3.5199999999999995e-05,3.5199999999999995e-05,3.5199999999999995e-05,3.5199999999999995e-05,3.5199999999999995e-05,-0.00021480000000000002,-0.00021480000000000002,-0.00021480000000000002,-0.00021480000000000002,-0.00021480000000000002,-0.00021480000000000002
2021-10-21 00:00:00-04:00,-0.0009548,0.0002352,-0.0005948,-0.0006548000000000001,-0.0005948,-0.0006548000000000001,-0.0009548,0.0002352,-0.0005948,-0.0006548000000000001,-0.0005948,-0.0006548000000000001,0.0002352,0.0002352,-0.0007248,-0.0007248,-0.0007248,-0.0007248
2021-10-22 00:00:00-04:00,-0.0004448,0.0,-0.0006548000000000001,0.0,-0.0006548000000000001,0.0,-0.0008148000000000001,0.0,-0.0010248,0.0,-0.0010248,0.0,0.0,0.0,0.0,0.0,0.0,0.0
2021-10-25 00:00:00-04:00,0.0017652000000000002,0.0,0.0017652000000000002,0.0,0.0010052,0.0,0.0016752000000000002,0.0,0.0016752000000000002,0.0,0.0011852,0.0,0.0006152,0.0,0.0006152,0.0,0.0006152,0.0
2021-10-26 00:00:00-04:00,0.0002352,0.0,0.0002352,0.0,0.0002352,0.0,0.0002352,0.0,0.0002352,0.0,0.0002352,0.0,-0.0003048,0.0,-0.0003048,0.0,-0.0003048,0.0
2021-10-27 00:00:00-04:00,-0.0007248,-0.0007248,-0.0006348,-0.0006348,0.0011052,0.0011052,-0.0010248,-0.0010248,-0.0009348000000000001,-0.0009348000000000001,-0.0009348000000000001,-0.0009348000000000001,-0.0016848,-0.0016848,-0.0015948,-0.0015948,-0.0015948,-0.0015948
2021-10-28 00:00:00-04:00,-7.48e-05,-7.48e-05,-7.48e-05,-7.48e-05,-7.48e-05,-7.48e-05,-7.48e-05,-7.48e-05,-7.48e-05,-7.48e-05,-7.48e-05,-7.48e-05,-0.00034480000000000003,-0.00034480000000000003,-0.00034480000000000003,-0.00034480000000000003,-0.00034480000000000003,-0.00034480000000000003
2021-10-29 00:00:00-04:00,0.0006652,0.0006652,0.0006652,0.0006652,0.0006652,0.0006652,0.00043519999999999995,0.00043519999999999995,0.00043519999999999995,0.00043519999999999995,0.00043519999999999995,0.00043519999999999995,0.00043519999999999995,0.00043519999999999995,0.00043519999999999995,0.00043519999999999995,0.00043519999999999995,0.00043519999999999995
2021-11-01 00:00:00-04:00,-0.0010448,-0.0010448,-0.0011948,-0.0011948,-0.0011948,-0.0011948,-0.00035480000000000006,0.0,-0.00035480000000000006,0.0,-0.00035480000000000006,0.0,-0.00035480000000000006,0.0,-0.00035480000000000006,0.0,-0.00035480000000000006,0.0
2021-11-02 00:00:00-04:00,-0.0009548,0.0002752,-0.0005148,-0.0005348,-0.0005148,-0.0005348,-0.0010148,0.0002752,-0.0005748000000000001,-0.0006648,-0.0005748000000000001,-0.0006648,0.0002752,0.0002752,-0.0007348000000000001,-0.0007348000000000001,-0.0007348000000000001,-0.0007348000000000001
2021-11-03 00:00:00-04:00,0.0003228,0.0003228,0.0003228,0.0003228,0.0009378,0.0009378,-0.0001272,-0.0001272,-0.0001272,-0.0001272,-0.0001272,-0.0001272,-0.00038219999999999997,-0.00038219999999999997,-0.00038219999999999997,-0.00038219999999999997,-0.00038219999999999997,-0.00038219999999999997
2021-11-04 00:00:00-04:00,0.0005628,0.0,0.0005628,0.0,0.0005628,0.0,0.0005628,0.0,0.0005628,0.0,0.0005628,0.0,6.78e-05,0.0,6.78e-05,0.0,6.78e-05,0.0
2021-11-05 00:00:00-04:00,-0.0013272,0.0,-0.0013272,0.0,-0.0013272,0.0,-0.0016722,0.0,-0.0016722,0.0,-0.0016722,0.0,0.0,0.0,0.0,0.0,0.0,0.0
2021-11-08 00:00:00-05:00,-6.720000000000001e-05,-0.0011172,-0.0007122,-0.0009972,-0.0007122,-0.0009972,-0.0011172,-0.0011172,-0.0015222,-0.0015222,-0.0015222,-0.0015222,-0.0010422,0.0,-0.0022722,0.0,-0.0022722,0.0
2021-11-09 00:00:00-05:00,0.0012528,0.0012528,-0.0007572,-0.0007572,-0.0007572,-0.0007572,0.0010878,0.0010878,0.0010878,0.0010878,0.0015978,0.0015978,0.0010878,0.0010878,0.0010878,0.0010878,0.0010878,0.0010878
2021-11-10 00:00:00-05:00,-0.0023922,0.0,-0.0011172,0.0,0.0019878,0.0,-0.0023922,0.0,-0.0011172,0.0,0.0019878,0.0,-0.0031722000000000005,0.0,-0.0018972,0.0,-0.0018972,0.0
2021-11-11 00:00:00-05:00,-0.0008022,-0.0013122,-0.0011322,-0.0018821999999999999,-0.0011322,-0.0018821999999999999,-0.0013122,-0.0013122,-0.0024522,-0.0024522,-0.0024522,-0.0024522,-0.0014622,0.0,-0.0014622,0.0,-0.0014622,0.0
2021-11-12 00:00:00-05:00,-0.0030972000000000005,-0.0030972000000000005,-0.0010272,-0.0010272,-0.0010272,-0.0010272,-0.0030972000000000005,-0.0030972000000000005,-0.0010272,-0.0010272,-0.0010272,-0.0010272,0.0018678,0.0,0.0018678,0.0,0.0018678,0.0
2021-11-15 00:00:00-05:00,0.0001428,0.0,-0.0006372,0.0,0.0010278,0.0,-2.2200000000000008e-05,0.0,-0.0008022,0.0,-0.0008022,0.0,-2.2200000000000008e-05,0.0,-0.0008172,0.0,-0.0008172,0.0
2021-11-16 00:00:00-05:00,-0.0017772,-0.0017772,-0.0016272,-0.0016272,-0.0016272,-0.0016272,-0.0019422,-0.0019422,-0.0017922,-0.0017922,-0.0017922,-0.0017922,-7.2000000000000065e-06,0.0,-7.2000000000000065e-06,0.0,-7.2000000000000065e-06,0.0
2021-11-17 00:00:00-05:00,0.0002928,0.0,0.0002928,0.0,0.0010878,0.0,0.0002928,0.0,0.0002928,0.0,0.0002928,0.0,2.2799999999999995e-05,0.0,2.2799999999999995e-05,0.0,2.2799999999999995e-05,0.0
2021-11-18 00:00:00-05:00,0.0008478,0.0008478,-0.0005172,-0.0005172,-0.0005172,-0.0005172,-0.0015372,0.0006678,-0.0007272,0.0006678,-0.0007272,0.0006678,-0.0015372,0.0006678,-0.0007572,0.0006678,-0.0007572,0.0006678
2021-11-19 00:00:00-05:00,0.0017778,0.0017778,0.0017778,0.0017778,0.0017778,0.0017778,0.0017778,0.0017778,0.0017778,0.0017778,0.0017778,0.0017778,0.0014178,0.0014178,0.0014178,0.0014178,0.0014178,0.0014178
2021-11-22 00:00:00-05:00,-0.0003672,0.0,-0.0003672,0.0,-0.0003672,0.0,-0.0003672,0.0,-0.0003672,0.0,-0.0003672,0.0,-0.0003672,0.0,-0.0003672,0.0,-0.0003672,0.0
2021-11-23 00:00:00-05:00,0.0026927999999999995,0.0,0.0026927999999999995,0.0,0.0024678,0.0,0.0019878,0.0,0.0019878,0.0,0.0019878,0.0,0.0007428000000000001,0.0,0.0007428000000000001,0.0,0.0007428000000000001,0.0
2021-11-24 00:00:00-05:00,0.0019878,0.0019878,-0.0008922,-0.0008922,-0.0008922,-0.0008922,0.0018378000000000001,0.0018378000000000001,-0.0010422,-0.0010422,-0.0010422,-0.0010422,-0.0032322,0.0,-0.0014172,0.0,-0.0014172,0.0
2021-11-25 00:00:00-05:00,-0.0033072,0.0023778000000000002,-0.0007871999999999999,0.0023778000000000002,-0.0007871999999999999,0.0013578,-0.0035022000000000005,0.0023778000000000002,-0.0009972,0.0023778000000000002,-0.0009972,0.0015678,0.0023778000000000002,0.0023778000000000002,0.0023778000000000002,0.0023778000000000002,0.0020478000000000002,0.0020478000000000002
2021-11-26 00:00:00-05:00,0.0031428,0.0,0.0031428,0.0,0.0031428,0.0,0.0023628,0.0,0.0023628,0.0,0.0023628,0.0,0.0023628,0.0,0.0023628,0.0,0.0023628,0.0
2021-11-29 00:00:00-05:00,0.0009228,0.0009228,-0.0023622,-0.0023622,-0.0023622,-0.0023622,0.0009228,0.0009228,-0.0023622,-0.0023622,-0.0023622,-0.0023622,0.0002478,0.0002478,-0.0031272,-0.0031272,-0.0031272,-0.0031272
2021-11-30 00:00:00-05:00,0.0036452,0.0,0.0036452,0.0,0.0009851999999999999,0.0,0.0034051999999999997,0.0,0.0034051999999999997,0.0,0.0014652,0.0,0.0034051999999999997,0.0,0.0034051999999999997,0.0,0.0014652,0.0
2021-12-01 00:00:00-05:00,0.0054551999999999995,0.0054551999999999995,0.0054551999999999995,0.0054551999999999995,0.004605199999999999,0.004605199999999999,0.0051452,0.0051452,0.0051452,0.0051452,0.0052252,0.0052252,0.0036152,0.0036152,0.0036152,0.0036152,0.0036152,0.0036152
2021-12-02 00:00:00-05:00,0.0011052,0.0011052,0.0011052,0.0011052,0.0011052,0.0011052,-0.0002048,-0.0002048,-0.0002048,-0.0002048,-0.0002048,-0.0002048,-0.0004848,-0.0004848,-0.0004848,-0.0004848,-0.0004848,-0.0004848
2021-12-03 00:00:00-05:00,-0.0024148,0.0002852,-0.0015547999999999998,0.0002852,-0.0015547999999999998,0.0002852,-0.0025448,0.0002852,-0.0016848,0.0002852,-0.0016848,0.0002852,0.0002852,0.0002852,0.0002852,0.0002852,0.0002852,0.0002852
2021-12-06 00:00:00-05:00,0.0002052,0.0002052,0.0002052,0.0002052,0.0002052,0.0002052,0.0002052,0.0002052,0.0002052,0.0002052,0.0002052,0.0002052,0.0002052,0.0002052,0.0002052,0.0002052,0.0002052,0.0002052
2021-12-07 00:00:00-05:00,0.0032451999999999997,0.0032451999999999997,0.0032451999999999997,0.0032451999999999997,0.0027051999999999996,0.0027051999999999996,0.0026852,0.0026852,0.0026852,0.0026852,0.0026852,0.0026852,0.0026852,0.0026852,0.0026852,0.0026852,0.0026852,0.0026852
2021-12-08 00:00:00-05:00,-0.0011448,-0.00034480000000000003,-0.0012448000000000001,-0.00034480000000000003,-0.0012448000000000001,-0.00034480000000000003,-0.00034480000000000003,-0.00034480000000000003,-0.00034480000000000003,-0.00034480000000000003,-0.00034480000000000003,-0.00034480000000000003,-0.00034480000000000003,-0.00034480000000000003,-0.00034480000000000003,-0.00034480000000000003,-0.00034480000000000003,-0.00034480000000000003
2021-12-09 00:00:00-05:00,-0.0004948,-0.0004948,-0.0004948,-0.0004948,0.0008252,0.0008252,-0.0004948,-0.0004948,-0.0004948,-0.0004948,0.0008252,0.0008252,-0.0010148,-0.0010148,-0.0010748,-0.0010748,-0.0010748,-0.0010748
2021-12-10 00:00:00-05:00,-0.0002048,-0.0002048,-0.0009748000000000001,-0.0009748000000000001,-0.0009748000000000001,-0.0009748000000000001,-0.0005548,-0.0005548,-0.0014448,-0.0014448,-0.0014448,-0.0014448,-0.0009548,-0.0009548,-0.0018448,-0.0018448,-0.0018448,-0.0018448
2021-12-13 00:00:00-05:00,-0.0005448,-0.0005448,-0.0005748000000000001,-0.0005748000000000001,-0.0005748000000000001,-0.0005748000000000001,-0.0007048,-0.0007048,-0.0007348000000000001,-0.0007348000000000001,-0.0007348000000000001,-0.0007348000000000001,0.0,0.0,0.0,0.0,0.0,0.0
2021-12-14 00:00:00-05:00,-0.0001448,-0.0006548000000000001,-0.0006748,-0.0004648,-0.0006748,-0.0004648,-0.0006548000000000001,-0.0006548000000000001,-0.0007648,-0.0007648,-0.0007648,-0.0007648,-0.0002648,0.0,-0.0002648,0.0,-0.0002648,0.0
2021-12-15 00:00:00-05:00,-0.0002748,0.0,-0.0008248,0.0,-0.0008248,0.0,0.0,0.0,0.0,0.0,0.0,0.0,0.0,0.0,0.0,0.0,0.0,0.0
2021-12-16 00:00:00-05:00,-0.0030948,0.0023652,-0.0006148000000000001,-0.0005948,-0.0006148000000000001,-0.0005948,0.0023652,0.0023652,-0.0007048,-0.0007048,-0.0007048,-0.0007048,0.0021852,0.0021852,0.0021852,0.0021852,0.0021852,0.0021852
2021-12-17 00:00:00-05:00,-0.0030148,-0.0030148,-0.0013947999999999999,-0.0013947999999999999,-0.0013947999999999999,-0.0013947999999999999,0.0012052,0.0,0.0012052,0.0,0.0012052,0.0,0.0012052,0.0,0.0012052,0.0,0.0012052,0.0
2021-12-20 00:00:00-05:00,0.0027351999999999997,0.0,0.0027351999999999997,0.0,0.0027351999999999997,0.0,0.0027351999999999997,0.0,0.0027351999999999997,0.0,0.0027351999999999997,0.0,0.0010052,0.0,0.0010052,0.0,0.0010052,0.0
2021-12-21 00:00:00-05:00,0.0034352,0.0034352,0.0034352,0.0034352,0.0034352,0.0034352,0.0034352,0.0034352,0.0034352,0.0034352,0.0034352,0.0034352,0.0020552,0.0020552,0.0020552,0.0020552,0.0020552,0.0020552
2021-12-22 00:00:00-05:00,-0.00022480000000000002,-0.00022480000000000002,-0.0008548000000000001,-0.0008548000000000001,-0.0008548000000000001,-0.0008548000000000001,-0.00022480000000000002,-0.00022480000000000002,-0.0008548000000000001,-0.0008548000000000001,-0.0008548000000000001,-0.0008548000000000001,-0.0006948000000000001,0.0,-0.0011148,0.0,-0.0011148,0.0
2021-12-23 00:00:00-05:00,3.76e-05,3.76e-05,3.76e-05,3.76e-05,3.76e-05,3.76e-05,2.599999999999998e-06,2.599999999999998e-06,2.599999999999998e-06,2.599999999999998e-06,2.599999999999998e-06,2.599999999999998e-06,2.599999999999998e-06,2.599999999999998e-06,2.599999999999998e-06,2.599999999999998e-06,2.599999999999998e-06,2.599999999999998e-06
2021-12-27 00:00:00-05:00,-0.00032240000000000003,-0.00032240000000000003,-0.0003824,-0.0003824,-0.0003824,-0.0003824,-0.00032240000000000003,-0.00032240000000000003,-0.00045240000000000005,-0.00045240000000000005,-0.00045240000000000005,-0.00045240000000000005,-0.00032240000000000003,-0.00032240000000000003,-0.00045240000000000005,-0.00045240000000000005,-0.00045240000000000005,-0.00045240000000000005
2021-12-28 00:00:00-05:00,-0.00047240000000000004,8.76e-05,-0.0003124,8.76e-05,-0.0003124,8.76e-05,-0.0005524,8.76e-05,-0.0003924,8.76e-05,-0.0003924,8.76e-05,8.76e-05,8.76e-05,8.76e-05,8.76e-05,8.76e-05,8.76e-05
2021-12-29 00:00:00-05:00,-0.0001324,0.0,-0.0003174,0.0,0.0005526,0.0,-0.0004974000000000001,0.0,-0.0006824,0.0,-0.0006824,0.0,0.0,0.0,0.0,0.0,0.0,0.0
2021-12-30 00:00:00-05:00,0.00016259999999999997,0.00016259999999999997,0.00016259999999999997,0.00016259999999999997,0.00016259999999999997,0.00016259999999999997,2.7599999999999997e-05,2.7599999999999997e-05,2.7599999999999997e-05,2.7599999999999997e-05,2.7599999999999997e-05,2.7599999999999997e-05,-0.0001474,-0.0001474,-0.0001474,-0.0001474,-0.0001474,-0.0001474
2021-12-31 00:00:00-05:00,0.0001826,0.0001826,0.0001826,0.0001826,0.0001826,0.0001826,0.0,0.0,0.0,0.0,0.0,0.0,0.0,0.0,0.0,0.0,0.0,0.0
2022-01-03 00:00:00-05:00,0.0001476,0.0,0.0001476,0.0,0.0001476,0.0,0.0001476,0.0,0.0001476,0.0,0.0001476,0.0,-2.7400000000000002e-05,0.0,-2.7400000000000002e-05,0.0,-2.7400000000000002e-05,0.0
2022-01-04 00:00:00-05:00,0.0006576,0.0006576,0.0006576,0.0006576,0.0005126,0.0005126,0.0006576,0.0006576,0.0006576,0.0006576,0.0005126,0.0005126,0.0006576,0.0006576,0.0006576,0.0006576,0.0005126,0.0005126
2022-01-05 00:00:00-05:00,-0.0015347999999999998,-0.0015347999999999998,-0.0006448000000000001,-0.0006448000000000001,-0.0006448000000000001,-0.0006448000000000001,0.0002852,0.0,0.0002852,0.0,0.0002852,0.0,-0.0005348,0.0,-0.0005348,0.0,-0.0005348,0.0
2022-01-06 00:00:00-05:00,-0.0025924,-0.0025924,-0.0013824,-0.0013824,-0.0013824,-0.0013824,-0.0025924,-0.0025924,-0.0013824,-0.0013824,-0.0013824,-0.0013824,0.0007876000000000001,0.0,0.0007876000000000001,0.0,0.0007876000000000001,0.0
2022-01-07 00:00:00-05:00,0.0026852,0.0,0.0026852,0.0,0.0012251999999999999,0.0,0.0025252,0.0,0.0025252,0.0,0.0015452,0.0,0.0015352,0.0,0.0015352,0.0,0.0015352,0.0
2022-01-10 00:00:00-05:00,-0.0031148,0.0019252000000000002,-0.0010648,0.0019252000000000002,-0.0010648,0.0018452000000000002,0.0019252000000000002,0.0019252000000000002,0.0019252000000000002,0.0019252000000000002,0.0019252000000000002,0.0019252000000000002,0.0010152,0.0010152,0.0010152,0.0010152,0.0010152,0.0010152
2022-01-11 00:00:00-05:00,-4.800000000000004e-06,-0.0019448,-0.0017847999999999998,-0.0015748,-0.0017847999999999998,-0.0015748,-0.0006048000000000001,-0.0019448,-0.0023848,-0.0023247999999999997,-0.0023848,-0.0023247999999999997,-0.0019448,-0.0019448,-0.0026248,-0.0026248,-0.0026248,-0.0026248
2022-01-12 00:00:00-05:00,-0.0019848,0.0011952,-0.0006548000000000001,-0.0004948,-0.0006548000000000001,-0.0004948,-0.0022348,0.0011952,-0.0009048000000000001,0.0011952,-0.0009048000000000001,0.0014052000000000001,0.0011952,0.0011952,0.0011952,0.0011952,0.0023052000000000003,0.0023052000000000003
2022-01-13 00:00:00-05:00,0.0009551999999999999,0.0,0.0009551999999999999,0.0,0.0013252000000000001,0.0,0.0007551999999999999,0.0,0.0007551999999999999,0.0,0.0017252,0.0,0.0,0.0,0.0,0.0,0.0,0.0
2022-01-14 00:00:00-05:00,-0.0014248,0.0,-0.0011048,0.0,0.0020452,0.0,-0.0022748,0.0,-0.0019548,0.0,-0.0019548,0.0,-0.0039548000000000005,0.0,-0.0036348,0.0,-0.0036348,0.0
2022-01-17 00:00:00-05:00,-0.0012148,0.0,-0.0012148,0.0,-0.0012148,0.0,-0.0012148,0.0,-0.0012148,0.0,-0.0012148,0.0,0.0,0.0,0.0,0.0,0.0,0.0
2022-01-18 00:00:00-05:00,0.0047951999999999995,0.0047951999999999995,0.0047951999999999995,0.0047951999999999995,0.0021052,0.0021052,0.0045952,0.0045952,0.0045952,0.0045952,0.0025052,0.0025052,0.0045952,0.0045952,0.0045952,0.0045952,0.0025052,0.0025052
2022-01-19 00:00:00-05:00,-0.0047348,0.0028751999999999996,-0.0016648,0.0028751999999999996,-0.0016648,0.0034051999999999997,0.0028751999999999996,0.0028751999999999996,0.0028751999999999996,0.0028751999999999996,0.0041052,0.0041052,0.0018052,0.0018052,0.0018052,0.0018052,0.0018052,0.0018052
2022-01-20 00:00:00-05:00,-0.0052548000000000004,-0.0052548000000000004,-0.0020147999999999998,-0.0020147999999999998,-0.0020147999999999998,-0.0020147999999999998,0.0030351999999999996,0.0,0.0030351999999999996,0.0,0.0030351999999999996,0.0,0.0030351999999999996,0.0,0.0030351999999999996,0.0,0.0030351999999999996,0.0
2022-01-21 00:00:00-05:00,-0.0010848000000000001,-0.0032648,-0.0037448000000000004,-0.0040848,-0.0037448000000000004,-0.0040848,-0.0014047999999999999,-0.0032648,-0.0040648,-0.0032648,-0.0040648,-0.0032648,-0.0014047999999999999,-0.0032648,-0.0040648,-0.0032648,-0.0040648,-0.0032648
2022-01-24 00:00:00-05:00,-0.0014047999999999999,0.0,-0.0014047999999999999,0.0,-0.0014047999999999999,0.0,0.0,0.0,0.0,0.0,0.0,0.0,0.0,0.0,0.0,0.0,0.0,0.0
2022-01-25 00:00:00-05:00,-0.0005048,-0.0005048,-0.0005048,-0.0005048,-0.0005048,-0.0005048,-0.0005048,-0.0005048,-0.0005048,-0.0005048,-0.0005048,-0.0005048,-0.0005048,-0.0005048,-0.0005048,-0.0005048,-0.0005048,-0.0005048
2022-01-26 00:00:00-05:00,0.0008451999999999999,0.0,0.0008451999999999999,0.0,0.0008451999999999999,0.0,0.0008451999999999999,0.0,0.0008451999999999999,0.0,0.0008451999999999999,0.0,-0.0006048000000000001,0.0,-0.0006048000000000001,0.0,-0.0006048000000000001,0.0
2022-01-27 00:00:00-05:00,0.0043152,0.0043152,0.0043152,0.0043152,0.0043152,0.0043152,0.0026052,0.0026052,0.0026052,0.0026052,0.0026052,0.0026052,0.0010752,0.0010752,0.0010752,0.0010752,0.0010752,0.0010752
2022-01-28 00:00:00-05:00,-0.0013648,-0.0013648,-0.0018947999999999999,-0.0018947999999999999,-0.0018947999999999999,-0.0018947999999999999,-0.0013648,-0.0013648,-0.0018947999999999999,-0.0018947999999999999,-0.0018947999999999999,-0.0018947999999999999,-0.0011548,0.0,-0.0011548,0.0,-0.0011548,0.0
2022-01-31 00:00:00-05:00,0.0015752000000000001,0.0,0.0015752000000000001,0.0,0.0015752000000000001,0.0,0.0015752000000000001,0.0,0.0015752000000000001,0.0,0.0015752000000000001,0.0,0.0015752000000000001,0.0,0.0015752000000000001,0.0,0.0015752000000000001,0.0
2022-02-01 00:00:00-05:00,-0.0005174,-0.0005174,-0.0003624,-0.0003624,0.0006426,0.0006426,-0.0017047999999999998,-0.0017047999999999998,-0.0013947999999999999,-0.0013947999999999999,-0.0013947999999999999,-0.0013947999999999999,0.0,0.0,0.0,0.0,0.0,0.0
2022-02-02 00:00:00-05:00,0.0002426,0.0,0.0002426,0.0,0.0002426,0.0,0.0002426,0.0,0.0002426,0.0,0.0002426,0.0,0.0002426,0.0,0.0002426,0.0,0.0002426,0.0
2022-02-03 00:00:00-05:00,-0.0003824,0.0,-0.0003824,0.0,-0.0003824,0.0,-0.0003824,0.0,-0.0003824,0.0,-0.0003824,0.0,-0.0003824,0.0,-0.0003824,0.0,-0.0003824,0.0
2022-02-04 00:00:00-05:00,-0.0014774,-0.0014774,-0.0007924,-0.0007924,-0.0007924,-0.0007924,-0.0018574000000000002,-0.0018574000000000002,-0.0011723999999999999,-0.0011723999999999999,-0.0011723999999999999,-0.0011723999999999999,0.0006226,0.0,0.0006226,0.0,0.0006226,0.0
2022-02-07 00:00:00-05:00,0.0009026,-0.0020024,-0.0008273999999999999,-0.0009073999999999999,-0.0008273999999999999,-0.0009073999999999999,-0.0020024,-0.0020024,-0.0012074,-0.0012074,-0.0012074,-0.0012074,-0.0020024,-0.0020024,-0.0012074,-0.0012074,-0.0012074,-0.0012074
2022-02-08 00:00:00-05:00,8.76e-05,8.76e-05,8.76e-05,8.76e-05,8.76e-05,8.76e-05,-5.24e-05,-5.24e-05,-5.24e-05,-5.24e-05,-5.24e-05,-5.24e-05,-0.0001374,-0.0001374,-0.0001374,-0.0001374,-0.0001374,-0.0001374
2022-02-09 00:00:00-05:00,0.0005376,0.0,0.0005376,0.0,0.0009326,0.0,0.0005376,0.0,0.0005376,0.0,0.0009326,0.0,7.26e-05,0.0,7.26e-05,0.0,7.26e-05,0.0
2022-02-10 00:00:00-05:00,-0.0003174,-0.0003174,-0.0002124,-0.0002124,0.0003426,0.0003426,-0.0004924,-0.0004924,-0.00038740000000000004,-0.00038740000000000004,-0.00038740000000000004,-0.00038740000000000004,-0.0007273999999999999,-0.0007273999999999999,-0.0006224000000000001,-0.0006224000000000001,-0.0006224000000000001,-0.0006224000000000001
2022-02-11 00:00:00-05:00,-0.0018874,0.0009176000000000001,-0.0008324,0.0009176000000000001,-0.0008324,0.0012226000000000001,-0.0021524,0.0009176000000000001,-0.0010974,0.0009176000000000001,-0.0010974,0.0009176000000000001,0.0009176000000000001,0.0009176000000000001,0.0009176000000000001,0.0009176000000000001,0.0009176000000000001,0.0009176000000000001
2022-02-14 00:00:00-05:00,-0.0007924,-0.0007924,-0.0008923999999999999,-0.0008923999999999999,-0.0008923999999999999,-0.0008923999999999999,-0.0007924,-0.0007924,-0.0008923999999999999,-0.0008923999999999999,-0.0008923999999999999,-0.0008923999999999999,-0.00023740000000000002,0.0,-0.00023740000000000002,0.0,-0.00023740000000000002,0.0
2022-02-15 00:00:00-05:00,-4.74e-05,-4.74e-05,-0.00046740000000000003,-0.00046740000000000003,-0.00046740000000000003,-0.00046740000000000003,-4.74e-05,-4.74e-05,-0.0005724,-0.0005724,-0.0005724,-0.0005724,-0.0005874,0.0,-0.0006923999999999999,0.0,-0.0006923999999999999,0.0
2022-02-16 00:00:00-05:00,8.76e-05,0.0,-0.0005524,0.0,-0.0005524,0.0,8.76e-05,0.0,-0.0005524,0.0,-0.0005524,0.0,8.76e-05,0.0,-0.0005524,0.0,-0.0005524,0.0
2022-02-17 00:00:00-05:00,-0.0011824,0.0008426000000000001,-0.0002924,0.0008426000000000001,-0.0002924,0.00048259999999999997,-0.0014324000000000001,0.0008426000000000001,-0.0005424000000000001,0.0008426000000000001,-0.0005424000000000001,0.0007626000000000001,-0.0014324000000000001,0.0008426000000000001,-0.0005424000000000001,0.0008426000000000001,-0.0005424000000000001,0.0007626000000000001
2022-02-18 00:00:00-05:00,-0.0018024,-0.0018024,-0.0003774,-0.0003774,-0.0003774,-0.0003774,0.0003876,0.0,0.0003876,0.0,0.0003876,0.0,-0.0010574,0.0,-0.0010574,0.0,-0.0010574,0.0
2022-02-21 00:00:00-05:00,0.0018176,0.0,0.0018176,0.0,0.0018176,0.0,0.0009276000000000001,0.0,0.0009276000000000001,0.0,0.0009276000000000001,0.0,0.0,0.0,0.0,0.0,0.0,0.0
2022-02-22 00:00:00-05:00,-0.0008874,-0.0005924,-0.0013474000000000001,-0.0010674,-0.0013474000000000001,-0.0010674,-0.0008874,-0.0008374,-0.0014674,-0.0013124,-0.0014674,-0.0013124,-0.0008374,-0.0008374,-0.0017624000000000001,-0.0017624000000000001,-0.0017624000000000001,-0.0017624000000000001
2022-02-23 00:00:00-05:00,0.00043759999999999996,0.00043759999999999996,-0.00036740000000000004,-0.00036740000000000004,0.0006526,0.0006526,-0.0002224,-0.0002224,-0.0010274,-0.0010274,-0.0010274,-0.0010274,0.0,0.0,0.0,0.0,0.0,0.0
2022-02-24 00:00:00-05:00,0.0046776,0.0046776,-0.0010224,-0.0010224,-0.0010224,-0.0010224,-0.0060624,0.0038276,-0.0016474,0.0038276,-0.0016474,0.0036626,0.0038276,0.0038276,0.0038276,0.0038276,0.0038276,0.0038276
2022-02-25 00:00:00-05:00,-0.0004574,-0.0004574,-0.0013774000000000002,-0.0013774000000000002,-0.0013774000000000002,-0.0013774000000000002,-0.0004574,-0.0004574,-0.0015074,-0.0015074,-0.0015074,-0.0015074,-0.0008223999999999999,-0.0008223999999999999,-0.0018724000000000002,-0.0018724000000000002,-0.0018724000000000002,-0.0018724000000000002
2022-02-28 00:00:00-05:00,-0.0005624,-0.0005624,-0.0005624,-0.0005624,-0.0005624,-0.0005624,-0.0005624,-0.0005624,-0.0005624,-0.0005624,-0.0005624,-0.0005624,-0.0006424,-0.0006424,-0.0006424,-0.0006424,-0.0006424,-0.0006424
2022-03-01 00:00:00-05:00,0.00033759999999999997,-0.0014024,-0.0007423999999999999,-0.0008623999999999999,-0.0007423999999999999,-0.0008623999999999999,0.00033759999999999997,-0.0014024,-0.0007423999999999999,-0.0009323999999999999,-0.0007423999999999999,-0.0009323999999999999,-0.0014024,-0.0014024,-0.0011224,-0.0011224,-0.0011224,-0.0011224
2022-03-02 00:00:00-05:00,0.0001026,0.0001026,-0.0010023999999999999,-0.0010023999999999999,-0.0010023999999999999,-0.0010023999999999999,0.0001026,0.0001026,-0.0010023999999999999,-0.0010023999999999999,-0.0010023999999999999,-0.0010023999999999999,-0.0002324,-0.0002324,-0.0013374,-0.0013374,-0.0013374,-0.0013374
2022-03-03 00:00:00-05:00,-0.0011874,-0.0011874,-0.0007423999999999999,-0.0007423999999999999,-0.0007423999999999999,-0.0007423999999999999,-0.0011874,-0.0011874,-0.0007423999999999999,-0.0007423999999999999,-0.0007423999999999999,-0.0007423999999999999,0.0003226,0.0,0.0003226,0.0,0.0003226,0.0
2022-03-04 00:00:00-05:00,0.0018475999999999998,0.0,0.0018475999999999998,0.0,0.0018475999999999998,0.0,0.0012276000000000001,0.0,0.0012276000000000001,0.0,0.0012276000000000001,0.0,0.0,0.0,0.0,0.0,0.0,0.0
2022-03-07 00:00:00-05:00,-0.0014374000000000001,-0.0014374000000000001,-0.0008123999999999999,-0.0008123999999999999,-0.0008123999999999999,-0.0008123999999999999,-0.0014374000000000001,-0.0014374000000000001,-0.0008123999999999999,-0.0008123999999999999,-0.0008123999999999999,-0.0008123999999999999,0.0003526,0.0,0.0003526,0.0,0.0003526,0.0
2022-03-08 00:00:00-05:00,0.0026625999999999998,0.0026625999999999998,0.0026625999999999998,0.0026625999999999998,0.0033125999999999997,0.0033125999999999997,0.0026625999999999998,0.0026625999999999998,0.0026625999999999998,0.0026625999999999998,0.0035926,0.0035926,0.0026625999999999998,0.0026625999999999998,0.0026625999999999998,0.0026625999999999998,0.0035926,0.0035926
2022-03-09 00:00:00-05:00,4.76e-05,-0.0029948,-0.0011324,-0.0020948,-0.0011324,-0.0020948,4.76e-05,-0.0029948,-0.0011623999999999998,-0.0020948,-0.0011623999999999998,-0.0020948,-0.0029948,-0.0029948,-0.0038448,-0.0038448,-0.0038448,-0.0038448
2022-03-10 00:00:00-05:00,7.5999999999999975e-06,7.5999999999999975e-06,-0.0009473999999999999,-0.0009473999999999999,-0.0009473999999999999,-0.0009473999999999999,7.5999999999999975e-06,7.5999999999999975e-06,-0.0009724,-0.0009724,-0.0009724,-0.0009724,-0.0010324,-0.0002124,-0.0011174,-0.0002124,-0.0011174,-0.0002124
2022-03-11 00:00:00-05:00,-0.0016024000000000001,-0.0016024000000000001,-0.0011274,-0.0011274,-0.0011274,-0.0011274,-0.0020024,-0.0020024,-0.0015274000000000002,-0.0015274000000000002,-0.0015274000000000002,-0.0015274000000000002,-0.0020024,-0.0020024,-0.0015274000000000002,-0.0015274000000000002,-0.0015274000000000002,-0.0015274000000000002
2022-03-14 00:00:00-04:00,-0.0013374,0.0004126,-0.0008474,-0.0007373999999999999,-0.0008474,-0.0007373999999999999,0.0004126,0.0004126,0.0004126,0.0004126,0.0004126,0.0004126,-0.0001274,-0.0001274,-0.0001274,-0.0001274,-0.0001274,-0.0001274
2022-03-15 00:00:00-04:00,-0.0001224,-0.0001224,-0.0006473999999999999,-0.0006473999999999999,-0.0006473999999999999,-0.0006473999999999999,-0.0005274,-0.0005274,-0.0010524,-0.0010524,-0.0010524,-0.0010524,-0.0005274,-0.0005274,-0.0010524,-0.0010524,-0.0010524,-0.0010524
2022-03-16 00:00:00-04:00,-0.0025424,-0.0025424,-0.0005324,-0.0005324,-0.0005324,-0.0005324,0.0019576,0.0,0.0019576,0.0,0.0017326,0.0,0.0019576,0.0,0.0019576,0.0,0.0017326,0.0
2022-03-17 00:00:00-04:00,-0.0006074,-0.0003374,-0.0005974,-0.0003374,-0.0005974,-0.0003374,-0.0006074,-0.0003374,-0.0005974,-0.0003374,-0.0005974,-0.0003374,-0.0003374,-0.0003374,-0.0003374,-0.0003374,-0.0003374,-0.0003374
2022-03-18 00:00:00-04:00,0.0003276,0.0003276,0.0003276,0.0003276,0.0003276,0.0003276,0.0003276,0.0003276,0.0003276,0.0003276,0.0003276,0.0003276,-0.0004974000000000001,-0.0004974000000000001,-0.0004974000000000001,-0.0004974000000000001,-0.0004974000000000001,-0.0004974000000000001
2022-03-21 00:00:00-04:00,0.0010476,0.0010476,0.0010476,0.0010476,0.0009326,0.0009326,0.0007576000000000001,0.0007576000000000001,0.0007576000000000001,0.0007576000000000001,0.0007576000000000001,0.0007576000000000001,0.0007576000000000001,0.0007576000000000001,0.0007576000000000001,0.0007576000000000001,0.0007576000000000001,0.0007576000000000001
2022-03-22 00:00:00-04:00,-7.74e-05,-7.74e-05,-0.00028240000000000003,-0.00028240000000000003,0.00048259999999999997,0.00048259999999999997,-7.74e-05,-7.74e-05,-0.0003324,-0.0003324,0.0005826,0.0005826,-0.00048740000000000003,-0.00048740000000000003,-0.0007423999999999999,-0.0007423999999999999,-0.0007423999999999999,-0.0007423999999999999
2022-03-23 00:00:00-04:00,-0.0004824,-0.0004824,-0.0004824,-0.0004824,-0.0004824,-0.0004824,-0.0005374,-0.0005374,-0.0005374,-0.0005374,-0.0005374,-0.0005374,0.0,0.0,0.0,0.0,0.0,0.0
2022-03-24 00:00:00-04:00,-0.0013424,-0.0013424,-0.0005774,-0.0005774,-0.0005774,-0.0005774,-0.0014524000000000002,-0.0014524000000000002,-0.0006873999999999999,-0.0006873999999999999,-0.0006873999999999999,-0.0006873999999999999,-0.0017774000000000002,-0.0017774000000000002,-0.0010123999999999999,-0.0010123999999999999,-0.0010123999999999999,-0.0010123999999999999
2022-03-25 00:00:00-04:00,-0.0011424,-0.0011424,-0.0006024,-0.0006024,-0.0006024,-0.0006024,-9.24e-05,0.0,-9.24e-05,0.0,-9.24e-05,0.0,-9.24e-05,0.0,-9.24e-05,0.0,-9.24e-05,0.0
2022-03-28 00:00:00-04:00,-0.0010123999999999999,0.0003526,-0.0003974,0.0003526,-0.0003974,0.0003526,-0.0010724,0.0003526,-0.0004574,0.0003526,-0.0004574,0.0003526,0.0003526,0.0003526,0.0003526,0.0003526,0.0003526,0.0003526
2022-03-29 00:00:00-04:00,0.0009076,0.0,0.0009076,0.0,0.0008326000000000001,0.0,0.0009076,0.0,0.0009076,0.0,0.0009026,0.0,0.0009076,0.0,0.0009076,0.0,0.0009026,0.0
2022-03-30 00:00:00-04:00,0.0003876,0.0,0.0003876,0.0,0.0003876,0.0,0.0002676,0.0,0.0002676,0.0,0.0002676,0.0,-9.24e-05,0.0,-9.24e-05,0.0,-9.24e-05,0.0
2022-03-31 00:00:00-04:00,2.2599999999999997e-05,0.0,2.2599999999999997e-05,0.0,2.2599999999999997e-05,0.0,-0.0002124,0.0,-0.0002124,0.0,-0.0002124,0.0,0.0,0.0,0.0,0.0,0.0,0.0
2022-04-01 00:00:00-04:00,-0.00010740000000000001,-0.00010740000000000001,-0.00044740000000000003,-0.00044740000000000003,-0.00044740000000000003,-0.00044740000000000003,-0.0004774,-0.0004774,-0.0008173999999999999,-0.0008173999999999999,-0.0008173999999999999,-0.0008173999999999999,-0.0005774,0.0,-0.0005774,0.0,-0.0005774,0.0
2022-04-04 00:00:00-04:00,-0.0016274,-0.0016274,-0.0004124,-0.0004124,-0.0004124,-0.0004124,0.0011526000000000002,0.0,0.0011526000000000002,0.0,0.0010226,0.0,0.0011526000000000002,0.0,0.0011526000000000002,0.0,0.0010226,0.0
2022-04-05 00:00:00-04:00,4.26e-05,0.0,-0.00028240000000000003,0.0,-0.00028240000000000003,0.0,4.26e-05,0.0,-0.00028240000000000003,0.0,-0.00028240000000000003,0.0,0.0,0.0,0.0,0.0,0.0,0.0
2022-04-06 00:00:00-04:00,3.26e-05,0.0,3.26e-05,0.0,3.26e-05,0.0,3.26e-05,0.0,3.26e-05,0.0,3.26e-05,0.0,0.0,0.0,0.0,0.0,0.0,0.0
2022-04-07 00:00:00-04:00,-0.0001424,-0.0001424,-0.0008173999999999999,-0.0008173999999999999,-0.0008173999999999999,-0.0008173999999999999,-0.0001424,-0.0001424,-0.0008173999999999999,-0.0008173999999999999,-0.0008173999999999999,-0.0008173999999999999,-0.0001424,-0.0001424,-0.0008173999999999999,-0.0008173999999999999,-0.0008173999999999999,-0.0008173999999999999
2022-04-08 00:00:00-04:00,-0.0004024,0.0,-0.0004024,0.0,-0.0004024,0.0,-0.0009023999999999999,0.0,-0.0009023999999999999,0.0,-0.0009023999999999999,0.0,-0.0009624,0.0,-0.0009624,0.0,-0.0009624,0.0
2022-04-11 00:00:00-04:00,4.26e-05,0.0,4.26e-05,0.0,4.26e-05,0.0,4.26e-05,0.0,4.26e-05,0.0,4.26e-05,0.0,4.26e-05,0.0,4.26e-05,0.0,4.26e-05,0.0
2022-04-12 00:00:00-04:00,0.0002576,0.0,0.0002576,0.0,0.0012426,0.0,0.0002576,0.0,0.0002576,0.0,0.0002576,0.0,-0.0004574,0.0,-0.0004574,0.0,-0.0004574,0.0
2022-04-13 00:00:00-04:00,-0.0021224,0.0017125999999999999,-0.00028740000000000005,0.0017125999999999999,-0.00028740000000000005,0.0006026,0.0017125999999999999,0.0017125999999999999,0.0017125999999999999,0.0017125999999999999,0.0009126000000000001,0.0009126000000000001,0.0014076,0.0014076,0.0014076,0.0014076,0.0014076,0.0014076
2022-04-14 00:00:00-04:00,0.0003476,0.0003476,0.0003476,0.0003476,0.0003476,0.0003476,0.0003476,0.0003476,0.0003476,0.0003476,0.0003476,0.0003476,0.0003476,0.0003476,0.0003476,0.0003476,0.0003476,0.0003476
2022-04-18 00:00:00-04:00,0.0007726,0.0007726,0.0007726,0.0007726,0.0005526,0.0005526,0.0005226,0.0005226,0.0005226,0.0005226,0.0005226,0.0005226,0.0005226,0.0005226,0.0005226,0.0005226,0.0005226,0.0005226
2022-04-19 00:00:00-04:00,0.0006826,0.0,0.0006826,0.0,0.0005826,0.0,0.0005775999999999999,0.0,0.0005775999999999999,0.0,0.0007926000000000001,0.0,-0.0005524,0.0,-0.0005524,0.0,-0.0005524,0.0
2022-04-20 00:00:00-04:00,0.00034519999999999993,0.00034519999999999993,-0.0011648000000000001,-0.0011648000000000001,-0.0011648000000000001,-0.0011648000000000001,0.00034519999999999993,0.00034519999999999993,-0.0011648000000000001,-0.0011648000000000001,-0.0011648000000000001,-0.0011648000000000001,-0.0019548,0.0003052,-0.0015848,0.0003052,-0.0015848,0.0003052
2022-04-21 00:00:00-04:00,-8.48e-05,-8.48e-05,-0.0006648,-0.0006648,-0.0006648,-0.0006648,-0.0002448,-0.0002448,-0.0008248,-0.0008248,-0.0008248,-0.0008248,-0.00041480000000000005,-0.00041480000000000005,-0.0010448,-0.0010448,-0.0010448,-0.0010448
2022-04-22 00:00:00-04:00,-0.0016447999999999999,0.0,-0.0018047999999999999,0.0,-0.0018047999999999999,0.0,-0.0016447999999999999,0.0,-0.0018047999999999999,0.0,-0.0018047999999999999,0.0,0.0,0.0,0.0,0.0,0.0,0.0
2022-04-25 00:00:00-04:00,5.199999999999996e-06,0.0,5.199999999999996e-06,0.0,5.199999999999996e-06,0.0,5.199999999999996e-06,0.0,5.199999999999996e-06,0.0,5.199999999999996e-06,0.0,5.199999999999996e-06,0.0,5.199999999999996e-06,0.0,5.199999999999996e-06,0.0
2022-04-26 00:00:00-04:00,0.0010552,0.0,0.0010552,0.0,0.0013652,0.0,0.0010552,0.0,0.0010552,0.0,0.0015852000000000002,0.0,0.0006052,0.0,0.0006052,0.0,0.0006052,0.0
2022-04-27 00:00:00-04:00,-0.0030948,-0.0030948,-0.0010948,-0.0010948,-0.0010948,-0.0010948,-0.0030948,-0.0030948,-0.0011748,-0.0011748,-0.0011748,-0.0011748,0.0018152,0.0,0.0018152,0.0,0.0018152,0.0
2022-04-28 00:00:00-04:00,-0.0007023999999999999,-0.0007023999999999999,-0.0004174,-0.0004174,-0.0004174,-0.0004174,-0.0010224,-0.0010224,-0.0007373999999999999,-0.0007373999999999999,-0.0007373999999999999,-0.0007373999999999999,-0.0010224,-0.0010224,-0.0007373999999999999,-0.0007373999999999999,-0.0007373999999999999,-0.0007373999999999999
2022-04-29 00:00:00-04:00,0.0018926,0.0,0.0018926,0.0,0.0010226,0.0,0.0012426,0.0,0.0012426,0.0,0.0012426,0.0,0.0012426,0.0,0.0012426,0.0,0.0012426,0.0
2022-05-02 00:00:00-04:00,-0.00010740000000000001,-0.0009023999999999999,-0.0009174,-0.0008774,-0.0009174,-0.0008774,-0.00010740000000000001,0.0,-0.0010773999999999998,0.0,-0.0010773999999999998,0.0,-0.00010740000000000001,0.0,-0.0011074,0.0,-0.0011074,0.0
2022-05-03 00:00:00-04:00,0.0007976000000000001,0.0,0.0007976000000000001,0.0,0.0014226,0.0,0.0007976000000000001,0.0,0.0007976000000000001,0.0,0.0014226,0.0,-0.0005474,0.0,-0.0005474,0.0,-0.0005474,0.0
2022-05-04 00:00:00-04:00,-0.0002474,-0.0003324,-0.0003774,-0.0003324,-0.0003774,-0.0003324,-0.0002474,-0.0003324,-0.0004224,-0.0003324,-0.0004224,-0.0003324,-0.0002474,-0.0003324,-0.0004374,-0.0003324,-0.0004374,-0.0003324
2022-05-05 00:00:00-04:00,0.0003726,0.0,0.0003726,0.0,0.0003726,0.0,0.0002026,0.0,0.0002026,0.0,0.0002026,0.0,0.0001076,0.0,0.0001076,0.0,0.0001076,0.0
2022-05-06 00:00:00-04:00,-0.0004774,-0.0004774,-0.0004774,-0.0004774,-0.0004774,-0.0004774,-0.0004774,-0.0004774,-0.0004774,-0.0004774,-0.0004774,-0.0004774,-0.0007174,-0.0007174,-0.0007174,-0.0007174,-0.0007174,-0.0007174
2022-05-09 00:00:00-04:00,5.26e-05,5.26e-05,-0.0006523999999999999,-0.0006523999999999999,-0.0006523999999999999,-0.0006523999999999999,2.7599999999999997e-05,2.7599999999999997e-05,-0.0006774,-0.0006774,-0.0006774,-0.0006774,-0.0007174,-0.0007174,-0.0014224,-0.0014224,-0.0014224,-0.0014224
2022-05-10 00:00:00-04:00,-0.0044074,-0.0044074,-0.0025274,-0.0025274,-0.0025274,-0.0025274,0.0017576,0.0,0.0017576,0.0,0.0017576,0.0,0.0017576,0.0,0.0017576,0.0,0.0017576,0.0
2022-05-11 00:00:00-04:00,0.0009426,0.0,0.0009426,0.0,0.0009426,0.0,0.0004726,0.0,0.0004726,0.0,0.0004726,0.0,0.0004726,0.0,0.0004726,0.0,0.0004726,0.0
2022-05-12 00:00:00-04:00,0.0006476,0.0006476,-0.0013074,-0.0013074,-0.0013074,-0.0013074,-0.0024174,0.0,-0.0021724,0.0,-0.0021724,0.0,-0.0028674,0.0,-0.0026224,0.0,-0.0026224,0.0
2022-05-13 00:00:00-04:00,0.0014375999999999998,0.0,0.0014375999999999998,0.0,0.0015225999999999998,0.0,0.0011576,0.0,0.0011576,0.0,0.0011576,0.0,0.0006826,0.0,0.0006826,0.0,0.0006826,0.0
2022-05-16 00:00:00-04:00,0.0021576,0.0021576,0.0021576,0.0021576,0.0015926,0.0015926,0.0021576,0.0021576,0.0021576,0.0021576,0.0015926,0.0015926,0.0021576,0.0021576,0.0021576,0.0021576,0.0016025999999999998,0.0016025999999999998
2022-05-17 00:00:00-04:00,0.0013176,0.0,0.0013176,0.0,0.0008926,0.0,0.0003076,0.0,0.0003076,0.0,0.0003076,0.0,0.0003076,0.0,0.0003076,0.0,0.0003076,0.0
2022-05-18 00:00:00-04:00,0.0004076,0.0004076,0.0004076,0.0004076,0.0008826000000000001,0.0008826000000000001,0.0004076,0.0004076,0.0004076,0.0004076,0.0009226000000000001,0.0009226000000000001,0.0002126,0.0002126,0.0002126,0.0002126,0.0002126,0.0002126
2022-05-19 00:00:00-04:00,0.0001426,0.0,0.0001426,0.0,0.0001426,0.0,0.0001426,0.0,0.0001426,0.0,0.0001426,0.0,0.0001426,0.0,0.0001426,0.0,0.0001426,0.0
2022-05-20 00:00:00-04:00,0.0008876,0.0,0.0008876,0.0,0.0008876,0.0,0.0007276,0.0,0.0007276,0.0,0.0007276,0.0,0.0005926,0.0,0.0005926,0.0,0.0005926,0.0
2022-05-23 00:00:00-04:00,1.2599999999999998e-05,-0.0007924,-0.0007224,-0.00046740000000000003,-0.0007224,-0.00046740000000000003,-0.00020240000000000001,-0.0007924,-0.0009373999999999999,-0.0009524,-0.0009373999999999999,-0.0009524,-0.00020240000000000001,-0.0007924,-0.0009373999999999999,-0.0009524,-0.0009373999999999999,-0.0009524
2022-05-24 00:00:00-04:00,0.0010126,0.0010126,-0.0005124,-0.0005124,-0.0005124,-0.0005124,0.0010126,0.0010126,0.0010126,0.0010126,0.0010126,0.0010126,0.0010126,0.0010126,0.0010126,0.0010126,0.0010126,0.0010126
2022-05-25 00:00:00-04:00,-0.0012274,-0.0012274,-0.0011024,-0.0011024,-0.0011024,-0.0011024,2.2599999999999997e-05,0.0,2.2599999999999997e-05,0.0,2.2599999999999997e-05,0.0,2.2599999999999997e-05,0.0,2.2599999999999997e-05,0.0,2.2599999999999997e-05,0.0
2022-05-26 00:00:00-04:00,-0.0025024,0.00031759999999999997,-0.0019824,0.00031759999999999997,-0.0019824,0.00031759999999999997,-0.0025024,0.00031759999999999997,-0.0019824,0.00031759999999999997,-0.0019824,0.00031759999999999997,-0.0026374000000000002,0.00031759999999999997,-0.0021174,0.00031759999999999997,-0.0021174,0.00031759999999999997
2022-05-27 00:00:00-04:00,4.76e-05,4.76e-05,4.76e-05,4.76e-05,4.76e-05,4.76e-05,4.76e-05,4.76e-05,4.76e-05,4.76e-05,4.76e-05,4.76e-05,0.0,0.0,0.0,0.0,0.0,0.0
2022-05-30 00:00:00-04:00,0.0024176,0.0,0.0024176,0.0,0.0009826000000000001,0.0,0.0022876,0.0,0.0022876,0.0,0.0012426,0.0,0.0020726,0.0,0.0020726,0.0,0.0016726,0.0
2022-05-31 00:00:00-04:00,0.0011426000000000001,0.0011426000000000001,0.0011426000000000001,0.0011426000000000001,0.0009626000000000001,0.0009626000000000001,-0.0001224,-0.0001224,-0.0001224,-0.0001224,-0.0001224,-0.0001224,0.0,0.0,0.0,0.0,0.0,0.0
2022-06-01 00:00:00-04:00,0.0013426,0.0013426,-0.00038740000000000004,-0.00038740000000000004,-0.00038740000000000004,-0.00038740000000000004,0.0013426,0.0013426,-0.00038740000000000004,-0.00038740000000000004,-0.00038740000000000004,-0.00038740000000000004,-0.0017974,0.0009926,-0.0005474,0.0009926,-0.0005474,0.0009926
2022-06-02 00:00:00-04:00,2.2599999999999997e-05,0.0,2.2599999999999997e-05,0.0,2.2599999999999997e-05,0.0,-0.0005874,0.0,-0.0005874,0.0,-0.0005874,0.0,0.0,0.0,0.0,0.0,0.0,0.0
2022-06-03 00:00:00-04:00,7.76e-05,7.76e-05,7.76e-05,7.76e-05,7.76e-05,7.76e-05,-0.0002124,-0.0002124,-0.0002124,-0.0002124,-0.0002124,-0.0002124,0.0,0.0,0.0,0.0,0.0,0.0
2022-06-06 00:00:00-04:00,0.0012276000000000001,0.0,0.0012276000000000001,0.0,0.0012276000000000001,0.0,0.0011776,0.0,0.0011776,0.0,0.0011776,0.0,0.0009726,0.0,0.0009726,0.0,0.0009726,0.0
2022-06-07 00:00:00-04:00,0.0015225999999999998,0.0015225999999999998,0.0015225999999999998,0.0015225999999999998,0.0015225999999999998,0.0015225999999999998,0.0013476,0.0013476,0.0013476,0.0013476,0.0013476,0.0013476,0.00047759999999999995,0.00047759999999999995,0.00047759999999999995,0.00047759999999999995,0.00047759999999999995,0.00047759999999999995
2022-06-08 00:00:00-04:00,-0.0005974,-0.00026240000000000004,-0.0006024,-0.00026240000000000004,-0.0006024,-0.00026240000000000004,-0.0005974,-0.00026240000000000004,-0.0006024,-0.00026240000000000004,-0.0006024,-0.00026240000000000004,-0.0007723999999999999,-0.00026240000000000004,-0.0007773999999999999,-0.00026240000000000004,-0.0007773999999999999,-0.00026240000000000004
2022-06-09 00:00:00-04:00,0.0006476,0.0006476,0.0006476,0.0006476,0.0006476,0.0006476,0.00031259999999999995,0.00031259999999999995,0.00031259999999999995,0.00031259999999999995,0.00031259999999999995,0.00031259999999999995,-0.0001574,-0.0001574,-0.0001574,-0.0001574,-0.0001574,-0.0001574
2022-06-10 00:00:00-04:00,0.00027259999999999996,0.0,0.00027259999999999996,0.0,0.00027259999999999996,0.0,0.00027259999999999996,0.0,0.00027259999999999996,0.0,0.00027259999999999996,0.0,0.00027259999999999996,0.0,0.00027259999999999996,0.0,0.00027259999999999996,0.0
2022-06-13 00:00:00-04:00,0.0009376,0.0009376,0.0009376,0.0009376,0.0010926,0.0010926,0.0005976,0.0005976,0.0005976,0.0005976,0.0005976,0.0005976,-4.74e-05,-4.74e-05,-4.74e-05,-4.74e-05,-4.74e-05,-4.74e-05
2022-06-14 00:00:00-04:00,0.0019276,0.0,0.0019276,0.0,0.0019276,0.0,0.0019276,0.0,0.0019276,0.0,0.0019276,0.0,0.0016175999999999999,0.0,0.0016175999999999999,0.0,0.0016175999999999999,0.0
2022-06-15 00:00:00-04:00,0.0001926,0.0001926,-0.0004324,-0.0004324,-0.0004324,-0.0004324,-8.24e-05,-8.24e-05,-0.0007074,-0.0007074,-0.0007074,-0.0007074,-0.0007273999999999999,0.0,-0.0008923999999999999,0.0,-0.0008923999999999999,0.0
2022-06-16 00:00:00-04:00,-0.0031574,0.0026726,-0.0003724,0.0026726,0.0006626000000000001,0.0008026000000000001,-0.0033224,0.0026726,-0.0005374,0.0026726,-0.0005374,0.0011526000000000002,-0.0035174,0.0026726,-0.0007323999999999999,0.0026726,-0.0007323999999999999,0.0012825999999999998
2022-06-17 00:00:00-04:00,0.0004925999999999999,0.0,0.0004925999999999999,0.0,0.0004925999999999999,0.0,0.00022759999999999998,0.0,0.00022759999999999998,0.0,0.00022759999999999998,0.0,0.00022759999999999998,0.0,0.00022759999999999998,0.0,0.00022759999999999998,0.0
2022-06-20 00:00:00-04:00,-0.0003624,-0.0003624,-0.0003624,-0.0003624,-0.0003624,-0.0003624,-0.0003624,-0.0003624,-0.0003624,-0.0003624,-0.0003624,-0.0003624,-0.0005624,-0.0005624,-0.0005624,-0.0005624,-0.0005624,-0.0005624
2022-06-21 00:00:00-04:00,0.0006476,0.0,0.0006476,0.0,0.0009326,0.0,0.0006476,0.0,0.0006476,0.0,0.0009326,0.0,0.00012759999999999998,0.0,0.00012759999999999998,0.0,0.00012759999999999998,0.0
2022-06-22 00:00:00-04:00,0.0021525999999999997,0.0021525999999999997,0.0021525999999999997,0.0021525999999999997,0.0016326,0.0016326,0.0020575999999999997,0.0020575999999999997,0.0020575999999999997,0.0020575999999999997,0.0018226,0.0018226,0.0016925999999999998,0.0016925999999999998,0.0016925999999999998,0.0016925999999999998,0.0016925999999999998,0.0016925999999999998
2022-06-23 00:00:00-04:00,0.0009926,0.0,0.0009926,0.0,0.0014126,0.0,0.0007226,0.0,0.0007226,0.0,0.0007226,0.0,0.0,0.0,0.0,0.0,0.0,0.0
2022-06-24 00:00:00-04:00,0.0026876,0.0,0.0026876,0.0,0.0013725999999999999,0.0,0.0024676,0.0,0.0024676,0.0,0.0018126,0.0,0.0022876,0.0,0.0022876,0.0,0.0021726,0.0
2022-06-27 00:00:00-04:00,0.0008726000000000001,0.0,0.0008726000000000001,0.0,0.0017626,0.0,0.0008726000000000001,0.0,0.0008726000000000001,0.0,0.0017626,0.0,0.0008726000000000001,0.0,0.0008726000000000001,0.0,0.0017626,0.0
2022-06-28 00:00:00-04:00,0.00018759999999999998,0.00018759999999999998,0.00018759999999999998,0.00018759999999999998,0.0013226,0.0013226,0.00018759999999999998,0.00018759999999999998,0.00018759999999999998,0.00018759999999999998,0.0013226,0.0013226,0.00018759999999999998,0.00018759999999999998,0.00018759999999999998,0.00018759999999999998,0.0013226,0.0013226
2022-06-29 00:00:00-04:00,-0.0006674,-0.0006674,-0.0006473999999999999,-0.0006473999999999999,-0.0006473999999999999,-0.0006473999999999999,-0.0009674,-0.0009674,-0.0009473999999999999,-0.0009473999999999999,-0.0009473999999999999,-0.0009473999999999999,0.0,0.0,0.0,0.0,0.0,0.0
2022-06-30 00:00:00-04:00,0.0009676000000000001,0.0009676000000000001,0.0009676000000000001,0.0009676000000000001,0.0009676000000000001,0.0009676000000000001,0.0009676000000000001,0.0009676000000000001,0.0009676000000000001,0.0009676000000000001,0.0009676000000000001,0.0009676000000000001,0.0009676000000000001,0.0009676000000000001,0.0009676000000000001,0.0009676000000000001,0.0009676000000000001,0.0009676000000000001
2022-07-01 00:00:00-04:00,0.0024925999999999998,0.0024925999999999998,0.0024925999999999998,0.0024925999999999998,0.0006726000000000001,0.0006726000000000001,0.0022576,0.0022576,0.0022576,0.0022576,0.0012526,0.0012526,0.0021576,0.0021576,0.0021576,0.0021576,0.0014525999999999999,0.0014525999999999999
2022-07-04 00:00:00-04:00,-0.0001648,-0.0001648,-0.0001648,-0.0001648,-0.0001648,-0.0001648,-0.0001648,-0.0001648,-0.0001648,-0.0001648,-0.0001648,-0.0001648,-0.0013248,-0.0013248,-0.0013248,-0.0013248,-0.0013248,-0.0013248
2022-07-05 00:00:00-04:00,0.0001226,0.0001226,0.0001226,0.0001226,0.0001226,0.0001226,0.0001226,0.0001226,0.0001226,0.0001226,0.0001226,0.0001226,0.0001226,0.0001226,0.0001226,0.0001226,0.0001226,0.0001226
2022-07-06 00:00:00-04:00,-0.0008973999999999999,0.0003076,-0.0005024000000000001,-0.0005274,0.0009226000000000001,-0.0005274,-0.0016724,0.0003076,-0.0012774,-0.0006374,-0.0012774,-0.0006374,-0.0021924,0.0003076,-0.0017974,0.0003076,-0.0017974,0.0003076
2022-07-07 00:00:00-04:00,-0.0012573999999999999,-0.0012573999999999999,-0.0007323999999999999,-0.0007323999999999999,-0.0007323999999999999,-0.0007323999999999999,-0.0012724,-0.0012724,-0.0007474,-0.0007474,-0.0007474,-0.0007474,-0.0012724,-0.0012724,-0.0007773999999999999,-0.0007773999999999999,-0.0007773999999999999,-0.0007773999999999999
2022-07-08 00:00:00-04:00,-0.0011374,4.26e-05,-0.0007474,4.26e-05,-0.0007474,4.26e-05,-0.0011374,4.26e-05,-0.0007474,4.26e-05,-0.0007474,4.26e-05,-0.0011374,4.26e-05,-0.0007474,4.26e-05,-0.0007474,4.26e-05
2022-07-11 00:00:00-04:00,0.0013775999999999999,0.0013775999999999999,-0.00042740000000000003,-0.00042740000000000003,-0.00042740000000000003,-0.00042740000000000003,0.0012076,0.0012076,0.0012076,0.0012076,0.0011626,0.0011626,0.0012076,0.0012076,0.0012076,0.0012076,0.0013226,0.0013226
2022-07-12 00:00:00-04:00,0.0015726,0.0015726,0.0015726,0.0015726,0.0008926,0.0008926,0.0010726000000000002,0.0010726000000000002,0.0010726000000000002,0.0010726000000000002,0.0010726000000000002,0.0010726000000000002,2.7599999999999997e-05,2.7599999999999997e-05,2.7599999999999997e-05,2.7599999999999997e-05,2.7599999999999997e-05,2.7599999999999997e-05
2022-07-13 00:00:00-04:00,0.0001326,0.0,0.0001326,0.0,0.0001326,0.0,0.0001326,0.0,0.0001326,0.0,0.0001326,0.0,-8.24e-05,0.0,-8.24e-05,0.0,-8.24e-05,0.0
2022-07-14 00:00:00-04:00,0.00041759999999999996,0.0,0.00041759999999999996,0.0,0.0011026,0.0,0.0002876,0.0,0.0002876,0.0,0.0002876,0.0,8.76e-05,0.0,8.76e-05,0.0,8.76e-05,0.0
2022-07-15 00:00:00-04:00,0.00033519999999999996,0.00033519999999999996,0.00033519999999999996,0.00033519999999999996,0.00033519999999999996,0.00033519999999999996,-0.0005148,-0.0005148,-0.0005148,-0.0005148,-0.0005148,-0.0005148,0.0,0.0,0.0,0.0,0.0,0.0
2022-07-18 00:00:00-04:00,-0.0031548,-0.0031548,-0.0010448,-0.0010448,-0.0010448,-0.0010448,-0.0031548,-0.0031548,-0.0010448,-0.0010448,-0.0010448,-0.0010448,0.0018352000000000002,0.0,0.0018352000000000002,0.0,0.0018352000000000002,0.0
2022-07-19 00:00:00-04:00,-0.0004948,-0.0004948,-0.0009748000000000001,-0.0009748000000000001,-0.0009748000000000001,-0.0009748000000000001,-0.0004948,-0.0004948,-0.0009748000000000001,-0.0009748000000000001,-0.0009748000000000001,-0.0009748000000000001,-0.0005448,0.0,-0.0012448000000000001,0.0,-0.0012448000000000001,0.0
2022-07-20 00:00:00-04:00,0.0002052,0.0,0.0002052,0.0,0.0014052000000000001,0.0,-0.0010748,0.0,-0.0010748,0.0,-0.0010748,0.0,-0.0013648,0.0,-0.0013648,0.0,-0.0013648,0.0
2022-07-21 00:00:00-04:00,0.0017852,-0.0035048,-0.0008648,-0.0016347999999999998,-0.0008648,-0.0016347999999999998,0.0017852,-0.0035048,-0.0008648,-0.0016347999999999998,-0.0008648,-0.0016347999999999998,-0.0035048,-0.0035048,-0.0019648,-0.0019648,-0.0019648,-0.0019648
2022-07-22 00:00:00-04:00,-0.0009048000000000001,0.0,-0.0008948000000000001,0.0,-0.0008948000000000001,0.0,-0.0013147999999999999,0.0,-0.0013047999999999998,0.0,-0.0013047999999999998,0.0,-0.0013147999999999999,0.0,-0.0013047999999999998,0.0,-0.0013047999999999998,0.0
2022-07-25 00:00:00-04:00,-0.0010948,-0.0006448000000000001,-0.0013847999999999998,-0.0006448000000000001,-0.0013847999999999998,-0.0006448000000000001,-0.0006448000000000001,-0.0006448000000000001,-0.0006448000000000001,-0.0006448000000000001,-0.0006448000000000001,-0.0006448000000000001,-0.0007548,-0.0007548,-0.0007548,-0.0007548,-0.0007548,-0.0007548
2022-07-26 00:00:00-04:00,-0.0010248,-0.0010248,-0.0007748000000000001,-0.0007748000000000001,-0.0007748000000000001,-0.0007748000000000001,-0.0011548,-0.0011548,-0.0009048000000000001,-0.0009048000000000001,-0.0009048000000000001,-0.0009048000000000001,4.5199999999999994e-05,0.0,4.5199999999999994e-05,0.0,4.5199999999999994e-05,0.0
2022-07-27 00:00:00-04:00,-0.0007948,-0.0007948,-0.0007048,-0.0007048,-0.0007048,-0.0007048,-0.0007948,-0.0007948,-0.0008148000000000001,-0.0008148000000000001,-0.0008148000000000001,-0.0008148000000000001,-0.0007948,-0.0007948,-0.0008148000000000001,-0.0008148000000000001,-0.0008148000000000001,-0.0008148000000000001
2022-07-28 00:00:00-04:00,-0.00040480000000000003,0.0,-0.0010348,0.0,-0.0010348,0.0,0.0,0.0,0.0,0.0,0.0,0.0,0.0,0.0,0.0,0.0,0.0,0.0
2022-07-29 00:00:00-04:00,0.0009452,0.0009452,0.0009452,0.0009452,0.0009452,0.0009452,0.0009452,0.0009452,0.0009452,0.0009452,0.0009452,0.0009452,0.0009452,0.0009452,0.0009452,0.0009452,0.0009452,0.0009452
2022-08-01 00:00:00-04:00,-0.0005548,-0.00036480000000000003,-0.0007148,-0.0008648,-0.0007148,-0.0008648,-0.0005548,-0.00036480000000000003,-0.0007448,-0.0008648,-0.0007448,-0.0008648,-0.0005548,-0.00036480000000000003,-0.0007448,-0.0008648,-0.0007448,-0.0008648
2022-08-02 00:00:00-04:00,0.0016152,0.0,0.0016152,0.0,0.0011852,0.0,0.0009151999999999999,0.0,0.0009151999999999999,0.0,0.0009151999999999999,0.0,0.0007452,0.0,0.0007452,0.0,0.0007452,0.0
2022-08-03 00:00:00-04:00,-0.0019848,0.0005652,-0.0011048,0.0005652,-0.0011048,0.0005652,-0.0028348,0.0005652,-0.0019548,0.0005652,-0.0019548,0.0005652,0.0005652,0.0005652,0.0005652,0.0005652,0.0005652,0.0005652
2022-08-04 00:00:00-04:00,-0.00022480000000000002,-0.00022480000000000002,-0.00022480000000000002,-0.00022480000000000002,-0.00022480000000000002,-0.00022480000000000002,-0.0011248,-0.0011248,-0.0011248,-0.0011248,-0.0011248,-0.0011248,-0.0013047999999999998,-0.0013047999999999998,-0.0013047999999999998,-0.0013047999999999998,-0.0013047999999999998,-0.0013047999999999998
2022-08-05 00:00:00-04:00,0.0006652,0.0006652,0.0006652,0.0006652,0.0011252,0.0011252,0.0001452,0.0001452,0.0001452,0.0001452,0.0001452,0.0001452,0.0001452,0.0001452,0.0001452,0.0001452,0.0001452,0.0001452
2022-08-08 00:00:00-04:00,0.0022352,0.0022352,0.0022352,0.0022352,0.0013852,0.0013852,0.0020752,0.0020752,0.0020752,0.0020752,0.0017052,0.0017052,0.0020752,0.0020752,0.0020752,0.0020752,0.0017052,0.0017052
2022-08-09 00:00:00-04:00,-0.0007048,-0.0007048,-0.0007448,-0.0007448,-0.0007448,-0.0007448,-0.00023480000000000002,0.0,-0.0009448000000000001,0.0,-0.0009448000000000001,0.0,-0.00045480000000000005,0.0,-0.00045480000000000005,0.0,-0.00045480000000000005,0.0
2022-08-10 00:00:00-04:00,0.0004052,0.0,0.0004052,0.0,0.0004052,0.0,0.0004052,0.0,0.0004052,0.0,0.0004052,0.0,0.0004052,0.0,0.0004052,0.0,0.0004052,0.0
2022-08-11 00:00:00-04:00,0.00025519999999999997,0.00025519999999999997,0.00025519999999999997,0.00025519999999999997,0.00025519999999999997,0.00025519999999999997,-0.00041480000000000005,-0.00041480000000000005,-0.00041480000000000005,-0.00041480000000000005,-0.00041480000000000005,-0.00041480000000000005,-0.0006248,-0.0006248,-0.0006248,-0.0006248,-0.0006248,-0.0006248
2022-08-12 00:00:00-04:00,-0.0012548000000000001,0.0,-0.0012548000000000001,0.0,-0.0012548000000000001,0.0,-0.0012548000000000001,0.0,-0.0012548000000000001,0.0,-0.0012548000000000001,0.0,0.0,0.0,0.0,0.0,0.0,0.0
2022-08-15 00:00:00-04:00,-0.00040480000000000003,-0.00040480000000000003,-0.0005848,-0.0005848,-0.0005848,-0.0005848,-0.00038480000000000003,0.0,-0.0009248,0.0,-0.0009248,0.0,-0.00038480000000000003,0.0,-0.0009248,0.0,-0.0009248,0.0
2022-08-16 00:00:00-04:00,-0.00047480000000000005,0.0,-0.0009048000000000001,0.0,-0.0009048000000000001,0.0,-0.0006848000000000001,0.0,-0.0011148,0.0,-0.0011148,0.0,-0.0006848000000000001,0.0,-0.0011148,0.0,-0.0011148,0.0
2022-08-17 00:00:00-04:00,2.5199999999999996e-05,2.5199999999999996e-05,-0.0010148,-0.0010148,-0.0010148,-0.0010148,-0.0012448000000000001,0.0,-0.0013248,0.0,-0.0013248,0.0,-0.0012448000000000001,0.0,-0.0013248,0.0,-0.0013248,0.0
2022-08-18 00:00:00-04:00,-0.0002748,-0.0002748,-0.0002748,-0.0002748,-0.0002748,-0.0002748,-0.0002748,-0.0002748,-0.0002748,-0.0002748,-0.0002748,-0.0002748,-0.0005748000000000001,-0.0005748000000000001,-0.0005748000000000001,-0.0005748000000000001,-0.0005748000000000001,-0.0005748000000000001
2022-08-19 00:00:00-04:00,0.0006852,0.0,0.0006852,0.0,0.0006852,0.0,0.0005551999999999999,0.0,0.0005551999999999999,0.0,0.0005551999999999999,0.0,0.00033519999999999996,0.0,0.00033519999999999996,0.0,0.00033519999999999996,0.0
2022-08-22 00:00:00-04:00,-0.0004248,-0.0004248,-0.0004248,-0.0004248,-0.0004248,-0.0004248,-0.0007148,-0.0007148,-0.0007148,-0.0007148,-0.0007148,-0.0007148,-0.0007148,-0.0007148,-0.0007148,-0.0007148,-0.0007148,-0.0007148
2022-08-23 00:00:00-04:00,0.0015252000000000002,0.0,0.0015252000000000002,0.0,0.0019252000000000002,0.0,0.0015252000000000002,0.0,0.0015252000000000002,0.0,0.0019252000000000002,0.0,0.0,0.0,0.0,0.0,0.0,0.0
2022-08-24 00:00:00-04:00,0.0002652,0.0,0.0002652,0.0,0.0014252000000000002,0.0,0.0002652,0.0,0.0002652,0.0,0.0014252000000000002,0.0,-0.0005948,0.0,-0.0005948,0.0,-0.0005948,0.0
2022-08-25 00:00:00-04:00,0.0014752,0.0014752,0.0014752,0.0014752,0.0010852,0.0010852,0.0009251999999999999,0.0009251999999999999,0.0009251999999999999,0.0009251999999999999,0.0009251999999999999,0.0009251999999999999,0.0002752,0.0002752,0.0002752,0.0002752,0.0002752,0.0002752
2022-08-26 00:00:00-04:00,-0.0012048,-0.0012048,-0.0007648,-0.0007648,-0.0007648,-0.0007648,-0.0012048,-0.0012048,-0.0008548000000000001,-0.0008548000000000001,-0.0008548000000000001,-0.0008548000000000001,-0.0014047999999999999,-0.0014047999999999999,-0.0010548,-0.0010548,-0.0010548,-0.0010548
2022-08-29 00:00:00-04:00,-0.00043480000000000005,-0.00043480000000000005,-0.0011748,-0.0011748,-0.0011748,-0.0011748,-0.0010248,-0.0008148000000000001,-0.0017548,-0.0008148000000000001,-0.0017548,-0.0008148000000000001,-0.0012848,-0.0012848,-0.0012848,-0.0012848,-0.0012848,-0.0012848
2022-08-30 00:00:00-04:00,-0.0017047999999999998,0.0,-0.0013248,0.0,-0.0013248,0.0,-0.0024648,0.0,-0.0020848,0.0,-0.0020848,0.0,0.0,0.0,0.0,0.0,0.0,0.0
2022-08-31 00:00:00-04:00,0.0023652,0.0023652,0.0023652,0.0023652,0.0022652,0.0022652,0.0017152,0.0017152,0.0017152,0.0017152,0.0017152,0.0017152,0.0011252,0.0011252,0.0011252,0.0011252,0.0011252,0.0011252
2022-09-01 00:00:00-04:00,-0.0001548,0.0,-0.0015148,0.0,-0.0015148,0.0,-0.0001548,0.0,-0.0015148,0.0,-0.0015148,0.0,0.0,0.0,0.0,0.0,0.0,0.0
2022-09-02 00:00:00-04:00,0.0006852,0.0,-0.0009848,0.0,-0.0009848,0.0,0.0002452,0.0,-0.0014248,0.0,-0.0014248,0.0,0.0002452,0.0,-0.0014248,0.0,-0.0014248,0.0
2022-09-05 00:00:00-04:00,0.0011752,0.0,0.0011752,0.0,0.0011752,0.0,0.0008252,0.0,0.0008252,0.0,0.0008252,0.0,0.0,0.0,0.0,0.0,0.0,0.0
2022-09-06 00:00:00-04:00,-0.0003148,-0.0003148,-0.0003148,-0.0003148,-0.0003148,-0.0003148,-0.0015848,-0.0015848,-0.0015848,-0.0015848,-0.0015848,-0.0015848,0.0,0.0,0.0,0.0,0.0,0.0
2022-09-07 00:00:00-04:00,-0.0014847999999999999,0.0,-0.0014847999999999999,0.0,-0.0014847999999999999,0.0,0.0,0.0,0.0,0.0,0.0,0.0,0.0,0.0,0.0,0.0,0.0,0.0
2022-09-08 00:00:00-04:00,0.00047519999999999995,0.00047519999999999995,0.00047519999999999995,0.00047519999999999995,0.00047519999999999995,0.00047519999999999995,-4.800000000000004e-06,-4.800000000000004e-06,-4.800000000000004e-06,-4.800000000000004e-06,-4.800000000000004e-06,-4.800000000000004e-06,-4.800000000000004e-06,-4.800000000000004e-06,-4.800000000000004e-06,-4.800000000000004e-06,-4.800000000000004e-06,-4.800000000000004e-06
2022-09-09 00:00:00-04:00,0.0006152,0.0006152,0.0006152,0.0006152,0.0006152,0.0006152,-0.0001248,-0.0001248,-0.0001248,-0.0001248,-0.0001248,-0.0001248,0.0,0.0,0.0,0.0,0.0,0.0
2022-09-12 00:00:00-04:00,-0.0002948,0.0,-0.0002948,0.0,-0.0002948,0.0,-0.0002948,0.0,-0.0002948,0.0,-0.0002948,0.0,-0.00045480000000000005,0.0,-0.00045480000000000005,0.0,-0.00045480000000000005,0.0
2022-09-13 00:00:00-04:00,-0.0007848,0.0,-0.0007548,0.0,-0.0007548,0.0,-0.0010748,0.0,-0.0010448,0.0,-0.0010448,0.0,-0.0010748,0.0,-0.0010448,0.0,-0.0010448,0.0
2022-09-14 00:00:00-04:00,0.0001752,-0.0015048,-0.0011848,-0.0009648,-0.0011848,-0.0009648,-0.00041480000000000005,-0.0015048,-0.0017748,-0.0015048,-0.0017748,-0.0015048,-0.0015048,-0.0015048,-0.0015048,-0.0015048,-0.0015048,-0.0015048
2022-09-15 00:00:00-04:00,0.0005652,0.0005652,-0.0007648,-0.0007648,-0.0007648,-0.0007648,0.0003152,0.0003152,-0.0010148,-0.0010148,-0.0010148,-0.0010148,0.0003152,0.0003152,-0.0010148,-0.0010148,-0.0010148,-0.0010148
2022-09-16 00:00:00-04:00,-0.0014348,0.00045519999999999995,-0.0007448,0.00045519999999999995,-0.0007448,0.00045519999999999995,0.00045519999999999995,0.00045519999999999995,0.00045519999999999995,0.00045519999999999995,0.00045519999999999995,0.00045519999999999995,0.0002452,0.0002452,0.0002452,0.0002452,0.0002452,0.0002452
2022-09-19 00:00:00-04:00,-0.0036448,0.0026552,-0.0007748000000000001,0.0026552,-0.0007748000000000001,0.0016652000000000001,0.0026552,0.0026552,0.0026552,0.0026552,0.0018852,0.0018852,0.0026552,0.0026552,0.0026552,0.0026552,0.0020252,0.0020252
2022-09-20 00:00:00-04:00,-0.0001348,-0.0001348,-0.0001348,-0.0001348,-0.0001348,-0.0001348,-0.0001348,-0.0001348,-0.0001348,-0.0001348,-0.0001348,-0.0001348,-0.0009648,-0.0009648,-0.0009648,-0.0009648,-0.0009648,-0.0009648
2022-09-21 00:00:00-04:00,-0.0013847999999999998,4.5199999999999994e-05,-0.0011648000000000001,-0.0012748,-0.0011648000000000001,-0.0012748,-0.0013847999999999998,4.5199999999999994e-05,-0.0011648000000000001,-0.0012748,-0.0011648000000000001,-0.0012748,4.5199999999999994e-05,4.5199999999999994e-05,4.5199999999999994e-05,4.5199999999999994e-05,4.5199999999999994e-05,4.5199999999999994e-05
2022-09-22 00:00:00-04:00,-0.0012748,-0.0012748,-0.0013747999999999998,-0.0013747999999999998,-0.0013747999999999998,-0.0013747999999999998,-0.0012748,-0.0012748,-0.0013747999999999998,-0.0013747999999999998,-0.0013747999999999998,-0.0013747999999999998,-0.0023948,-0.0023948,-0.0024947999999999997,-0.0024947999999999997,-0.0024947999999999997,-0.0024947999999999997
2022-09-23 00:00:00-04:00,0.0013352000000000001,0.0013352000000000001,0.0013352000000000001,0.0013352000000000001,0.0023452,0.0023452,0.0013352000000000001,0.0013352000000000001,0.0013352000000000001,0.0013352000000000001,0.0023452,0.0023452,0.0013352000000000001,0.0013352000000000001,0.0013352000000000001,0.0013352000000000001,0.0023452,0.0023452
2022-09-26 00:00:00-04:00,0.0021452000000000003,0.0021452000000000003,0.0021452000000000003,0.0021452000000000003,0.0021452000000000003,0.0021452000000000003,0.0021452000000000003,0.0021452000000000003,0.0021452000000000003,0.0021452000000000003,0.0021452000000000003,0.0021452000000000003,0.0008252,0.0008252,0.0008252,0.0008252,0.0008252,0.0008252
2022-09-27 00:00:00-04:00,0.00025519999999999997,0.0,0.00025519999999999997,0.0,0.00025519999999999997,0.0,0.00025519999999999997,0.0,0.00025519999999999997,0.0,0.00025519999999999997,0.0,0.0,0.0,0.0,0.0,0.0,0.0
2022-09-28 00:00:00-04:00,0.0024352,0.0024352,0.0024352,0.0024352,0.0024352,0.0024352,0.0024352,0.0024352,0.0024352,0.0024352,0.0024352,0.0024352,0.0024352,0.0024352,0.0024352,0.0024352,0.0024352,0.0024352
2022-09-29 00:00:00-04:00,0.0008952,0.0008952,0.0008952,0.0008952,0.0008952,0.0008952,0.0008952,0.0008952,0.0008952,0.0008952,0.0008952,0.0008952,0.0008952,0.0008952,0.0008952,0.0008952,0.0008952,0.0008952
2022-09-30 00:00:00-04:00,0.0008751999999999999,0.0008751999999999999,0.0008751999999999999,0.0008751999999999999,0.0017652000000000002,0.0017652000000000002,-0.0002748,-0.0002748,-0.0002748,-0.0002748,-0.0002748,-0.0002748,-0.0010248,-0.0010248,-0.0010248,-0.0010248,-0.0010248,-0.0010248
2022-10-03 00:00:00-04:00,0.0016452,0.0,0.0016452,0.0,0.0016452,0.0,0.0016452,0.0,0.0016452,0.0,0.0016452,0.0,0.0016452,0.0,0.0016452,0.0,0.0016452,0.0
2022-10-04 00:00:00-04:00,0.0010252,0.0,0.0010252,0.0,0.0010252,0.0,0.0,0.0,0.0,0.0,0.0,0.0,0.0,0.0,0.0,0.0,0.0,0.0
2022-10-05 00:00:00-04:00,-6.48e-05,-6.48e-05,-6.48e-05,-6.48e-05,-6.48e-05,-6.48e-05,-0.0005948,-0.0005948,-0.0005948,-0.0005948,-0.0005948,-0.0005948,-0.0009748000000000001,-0.0009748000000000001,-0.0009748000000000001,-0.0009748000000000001,-0.0009748000000000001,-0.0009748000000000001
2022-10-06 00:00:00-04:00,-0.0008948000000000001,-0.0010748,-0.0018147999999999999,-0.0010748,-0.0018147999999999999,-0.0010748,-0.0010748,-0.0010748,-0.0010748,-0.0010748,-0.0010748,-0.0010748,-0.0010748,-0.0010748,-0.0010748,-0.0010748,-0.0010748,-0.0010748
2022-10-07 00:00:00-04:00,-0.00022480000000000002,0.0,-0.00022480000000000002,0.0,0.0017052,0.0,-0.0008348,0.0,-0.0008348,0.0,-0.0008348,0.0,-0.0008348,0.0,-0.0008348,0.0,-0.0008348,0.0
2022-10-10 00:00:00-04:00,-0.0013147999999999999,0.0,-0.0013147999999999999,0.0,-0.0013147999999999999,0.0,-0.0013147999999999999,0.0,-0.0013147999999999999,0.0,-0.0013147999999999999,0.0,0.0,0.0,0.0,0.0,0.0,0.0
2022-10-11 00:00:00-04:00,-0.0035448000000000003,0.0014552,-0.0019048,0.0014552,-0.0019048,0.0014552,-0.0035448000000000003,0.0014552,-0.0019048,0.0014552,-0.0019048,0.0014552,0.0014552,0.0014552,0.0014552,0.0014552,0.0014552,0.0014552
2022-10-12 00:00:00-04:00,0.0020652,0.0,0.0020652,0.0,0.0020652,0.0,0.0010052,0.0,0.0010052,0.0,0.0010052,0.0,0.0002152,0.0,0.0002152,0.0,0.0002152,0.0
2022-10-13 00:00:00-04:00,0.0009952,0.0009952,0.0009952,0.0009952,0.0009952,0.0009952,0.0009952,0.0009952,0.0009952,0.0009952,0.0009952,0.0009952,0.0009952,0.0009952,0.0009952,0.0009952,0.0009952,0.0009952
2022-10-14 00:00:00-04:00,0.0029552,0.0,0.0029552,0.0,0.0032251999999999997,0.0,0.0029552,0.0,0.0029552,0.0,0.0036652,0.0,0.0029552,0.0,0.0029552,0.0,0.0036652,0.0
2022-10-17 00:00:00-04:00,-0.0030748000000000004,-0.0030748000000000004,-0.0014547999999999998,-0.0014547999999999998,-0.0014547999999999998,-0.0014547999999999998,0.0015152000000000002,0.0,0.0015152000000000002,0.0,0.0015152000000000002,0.0,0.0015152000000000002,0.0,0.0015152000000000002,0.0,0.0015152000000000002,0.0
2022-10-18 00:00:00-04:00,-0.0044048,-0.0044048,-0.0009148,-0.0009148,-0.0009148,-0.0009148,-0.0044048,-0.0044048,-0.0009148,-0.0009148,-0.0009148,-0.0009148,-0.0046848,-0.0046848,-0.0011948,-0.0011948,-0.0011948,-0.0011948
2022-10-19 00:00:00-04:00,-0.0034648,0.0012752,-0.0019548,0.0012752,-0.0019548,0.0012752,-0.0034648,0.0,-0.0023447999999999997,0.0,-0.0023447999999999997,0.0,-0.0034648,0.0,-0.0023447999999999997,0.0,-0.0023447999999999997,0.0
2022-10-20 00:00:00-04:00,-0.0020448,-0.0020448,-0.0026148,-0.0026148,-0.0026148,-0.0026148,-0.0020448,-0.0020448,-0.0026148,-0.0026148,-0.0026148,-0.0026148,-0.0029448,-0.0029448,-0.0035148,-0.0035148,-0.0035148,-0.0035148
2022-10-21 00:00:00-04:00,-0.0003148,0.0,-0.0003148,0.0,-0.0003148,0.0,-0.0003148,0.0,-0.0003148,0.0,-0.0003148,0.0,-0.0009748000000000001,0.0,-0.0009748000000000001,0.0,-0.0009748000000000001,0.0
2022-10-24 00:00:00-04:00,-0.0040648,0.0016852000000000002,-0.0014948,0.0016852000000000002,-0.0014948,0.0016852000000000002,-0.0040648,0.0016852000000000002,-0.0014948,0.0016852000000000002,-0.0014948,0.0016852000000000002,0.0016852000000000002,0.0016852000000000002,0.0016852000000000002,0.0016852000000000002,0.0016852000000000002,0.0016852000000000002
2022-10-25 00:00:00-04:00,-0.00045480000000000005,-0.0011648000000000001,-0.0014847999999999999,-0.0011348,-0.0014847999999999999,-0.0011348,-0.0011648000000000001,-0.0011648000000000001,-0.0019448,-0.0019448,-0.0019448,-0.0019448,-0.0011648000000000001,-0.0011648000000000001,-0.0011648000000000001,-0.0011648000000000001,-0.0011648000000000001,-0.0011648000000000001
2022-10-26 00:00:00-04:00,-0.0010948,-0.0010948,-0.0009448000000000001,-0.0009448000000000001,-0.0009448000000000001,-0.0009448000000000001,-0.0010948,-0.0010948,-0.0009448000000000001,-0.0009448000000000001,-0.0009448000000000001,-0.0009448000000000001,3.5199999999999995e-05,0.0,3.5199999999999995e-05,0.0,3.5199999999999995e-05,0.0
2022-10-27 00:00:00-04:00,-0.00032480000000000003,-0.0015447999999999998,-0.0016648,-0.0011348,-0.0016648,-0.0011348,-0.0015447999999999998,-0.0015447999999999998,-0.0015447999999999998,-0.0015447999999999998,-0.0015447999999999998,-0.0015447999999999998,-0.0015447999999999998,-0.0015447999999999998,-0.0015447999999999998,-0.0015447999999999998,-0.0015447999999999998,-0.0015447999999999998
2022-10-28 00:00:00-04:00,-0.0014948,0.0,-0.0010648,0.0,-0.0010648,0.0,-0.0014948,0.0,-0.0010648,0.0,-0.0010648,0.0,-0.0025248,0.0,-0.0020948,0.0,-0.0020948,0.0
2022-10-31 00:00:00-04:00,-0.00020240000000000001,-0.00020240000000000001,-0.0004124,-0.0004124,-0.0004124,-0.0004124,-0.00036740000000000004,-0.00036740000000000004,-0.0005774,-0.0005774,-0.0005774,-0.0005774,-0.0003374,0.0,-0.0003374,0.0,-0.0003374,0.0
2022-11-01 00:00:00-04:00,0.0005926,0.0,0.0005926,0.0,0.0005926,0.0,0.0004925999999999999,0.0,0.0004925999999999999,0.0,0.0004925999999999999,0.0,0.00041759999999999996,0.0,0.00041759999999999996,0.0,0.00041759999999999996,0.0
2022-11-02 00:00:00-04:00,0.0004126,0.0,0.0004126,0.0,0.0004126,0.0,0.0004126,0.0,0.0004126,0.0,0.0004126,0.0,-4.74e-05,0.0,-4.74e-05,0.0,-4.74e-05,0.0
2022-11-03 00:00:00-04:00,0.0009876000000000002,0.0,0.0009876000000000002,0.0,0.0005626,0.0,0.0007776,0.0,0.0007776,0.0,0.0009826000000000001,0.0,0.0005126,0.0,0.0005126,0.0,0.0005126,0.0
2022-11-04 00:00:00-04:00,0.0013052,0.0,0.0013052,0.0,0.0020652,0.0,0.0013052,0.0,0.0013052,0.0,0.0020652,0.0,0.0013052,0.0,0.0013052,0.0,0.0020652,0.0
2022-11-07 00:00:00-05:00,-0.0028148,-0.0028148,-0.0008448,-0.0008448,-0.0008448,-0.0008448,0.0014352000000000002,0.0,0.0014352000000000002,0.0,0.0014352000000000002,0.0,0.0005252,0.0,0.0005252,0.0,0.0005252,0.0
2022-11-08 00:00:00-05:00,0.0011152,0.0011152,0.0011152,0.0011152,0.0015252000000000002,0.0015252000000000002,0.0008451999999999999,0.0008451999999999999,0.0008451999999999999,0.0008451999999999999,0.0008451999999999999,0.0008451999999999999,0.0008451999999999999,0.0008451999999999999,0.0008451999999999999,0.0008451999999999999,0.0008451999999999999,0.0008451999999999999
2022-11-09 00:00:00-05:00,-0.0013147999999999999,0.0002252,-0.0009348000000000001,-0.0009948000000000001,0.0017052,-0.0009948000000000001,-0.0026748,0.0002252,-0.0022948,-0.0010848000000000001,-0.0022948,-0.0010848000000000001,0.0002252,0.0002252,0.0002252,0.0002252,0.0002252,0.0002252
2022-11-10 00:00:00-05:00,-0.00041480000000000005,-0.00041480000000000005,-0.0007348000000000001,-0.0007348000000000001,-0.0007348000000000001,-0.0007348000000000001,-0.00041480000000000005,-0.00041480000000000005,-0.0007348000000000001,-0.0007348000000000001,-0.0007348000000000001,-0.0007348000000000001,-0.0008048,-0.0008048,-0.0011248,-0.0011248,-0.0011248,-0.0011248
2022-11-11 00:00:00-05:00,-0.0019174,-0.0019174,-0.0007474,-0.0007474,-0.0007474,-0.0007474,-0.0019174,-0.0019174,-0.0007474,-0.0007474,-0.0007474,-0.0007474,-0.0022774,-0.0022774,-0.0011074,-0.0011074,-0.0011074,-0.0011074
2022-11-14 00:00:00-05:00,-0.0007524,0.0001226,-0.0005974,-0.0003574,-0.0005974,-0.0003574,0.0001226,0.0001226,0.0001226,0.0001226,0.0001226,0.0001226,-0.0001574,-0.0001574,-0.0001574,-0.0001574,-0.0001574,-0.0001574
2022-11-15 00:00:00-05:00,0.0010126,0.0,0.0010126,0.0,0.0006426,0.0,0.0007976000000000001,0.0,0.0007976000000000001,0.0,0.0007976000000000001,0.0,0.0006576,0.0,0.0006576,0.0,0.0006576,0.0
2022-11-16 00:00:00-05:00,0.0013276,0.0,0.0013276,0.0,0.0008226,0.0,0.0012576,0.0,0.0012576,0.0,0.0009626000000000001,0.0,0.0009276000000000001,0.0,0.0009276000000000001,0.0,0.0009276000000000001,0.0
2022-11-17 00:00:00-05:00,-0.0004374,-0.0004374,-0.0002524,-0.0002524,0.00042259999999999997,0.00042259999999999997,-0.0004824,-0.0004824,-0.0003324,-0.0003324,0.0005826,0.0005826,-0.0009323999999999999,-0.0009323999999999999,-0.0007823999999999999,-0.0007823999999999999,-0.0007823999999999999,-0.0007823999999999999
2022-11-18 00:00:00-05:00,0.0002626,0.0002626,0.0002626,0.0002626,0.0002626,0.0002626,0.0002626,0.0002626,0.0002626,0.0002626,0.0002626,0.0002626,0.0,0.0,0.0,0.0,0.0,0.0
2022-11-21 00:00:00-05:00,5.76e-05,5.76e-05,5.76e-05,5.76e-05,5.76e-05,5.76e-05,-7.400000000000002e-06,-7.400000000000002e-06,-7.400000000000002e-06,-7.400000000000002e-06,-7.400000000000002e-06,-7.400000000000002e-06,0.0,0.0,0.0,0.0,0.0,0.0
2022-11-22 00:00:00-05:00,-0.0008074,0.0004925999999999999,-0.00026240000000000004,-0.0002574,-0.00026240000000000004,-0.0002574,-0.0009124,0.0004925999999999999,-0.00036740000000000004,0.0004925999999999999,-0.00036740000000000004,0.0004925999999999999,0.0004925999999999999,0.0004925999999999999,0.0004925999999999999,0.0004925999999999999,0.0004925999999999999,0.0004925999999999999
2022-11-23 00:00:00-05:00,-0.00034740000000000004,-0.00034740000000000004,-0.00028240000000000003,-0.00028240000000000003,-0.00028240000000000003,-0.00028240000000000003,-0.0004174,-0.0004174,-0.0003524,-0.0003524,-0.0003524,-0.0003524,-0.0004174,-0.0004174,-0.0003524,-0.0003524,-0.0003524,-0.0003524
2022-11-24 00:00:00-05:00,7.26e-05,7.26e-05,7.26e-05,7.26e-05,7.26e-05,7.26e-05,7.26e-05,7.26e-05,7.26e-05,7.26e-05,7.26e-05,7.26e-05,7.26e-05,7.26e-05,7.26e-05,7.26e-05,7.26e-05,7.26e-05
2022-11-25 00:00:00-05:00,-0.0002474,-8.74e-05,-0.00019740000000000003,-0.00028240000000000003,-0.00019740000000000003,-0.00028240000000000003,-8.74e-05,-8.74e-05,-8.74e-05,-8.74e-05,-8.74e-05,-8.74e-05,0.0,0.0,0.0,0.0,0.0,0.0
2022-11-28 00:00:00-05:00,-0.00017240000000000002,-0.00017240000000000002,-0.00017240000000000002,-0.00017240000000000002,-0.00017240000000000002,-0.00017240000000000002,-0.00034240000000000003,-0.00034240000000000003,-0.00034240000000000003,-0.00034240000000000003,-0.00034240000000000003,-0.00034240000000000003,0.0,0.0,0.0,0.0,0.0,0.0
2022-11-29 00:00:00-05:00,-0.0009774,0.0007726,-0.00017740000000000003,0.0007726,-0.00017740000000000003,0.0002026,-0.0010324,0.0007726,-0.0002324,0.0007726,-0.0002324,0.0003626,0.0006376,0.0006376,0.0006376,0.0006376,0.0007526000000000001,0.0007526000000000001
2022-11-30 00:00:00-05:00,-0.00021740000000000003,-0.00011240000000000001,-0.0002774,-0.00011240000000000001,-0.0002774,-0.00011240000000000001,-0.00011240000000000001,-0.00011240000000000001,-0.00011240000000000001,-0.00011240000000000001,-0.00011240000000000001,-0.00011240000000000001,-0.00026240000000000004,-0.00026240000000000004,-0.00026240000000000004,-0.00026240000000000004,-0.00026240000000000004,-0.00026240000000000004
2022-12-01 00:00:00-05:00,-7.74e-05,0.0,-0.0002774,0.0,-0.0002774,0.0,-0.00022740000000000003,0.0,-0.00042740000000000003,0.0,-0.00042740000000000003,0.0,-0.0003624,0.0,-0.0005624,0.0,-0.0005624,0.0
2022-12-02 00:00:00-05:00,-0.0003374,1.2599999999999998e-05,-0.00026240000000000004,1.2599999999999998e-05,-0.00026240000000000004,1.2599999999999998e-05,-0.00038740000000000004,1.2599999999999998e-05,-0.00032740000000000004,1.2599999999999998e-05,-0.00032740000000000004,1.2599999999999998e-05,1.2599999999999998e-05,1.2599999999999998e-05,1.2599999999999998e-05,1.2599999999999998e-05,1.2599999999999998e-05,1.2599999999999998e-05
2022-12-05 00:00:00-05:00,-0.0002324,0.0,-0.0002324,0.0,-0.0002324,0.0,0.0,0.0,0.0,0.0,0.0,0.0,0.0,0.0,0.0,0.0,0.0,0.0
2022-12-06 00:00:00-05:00,-0.0008523999999999999,-0.0008523999999999999,-0.00028740000000000005,-0.00028740000000000005,-0.00028740000000000005,-0.00028740000000000005,0.0005176,0.0,0.0005176,0.0,0.0006226,0.0,0.0005176,0.0,0.0005176,0.0,0.0007126000000000001,0.0
2022-12-07 00:00:00-05:00,-0.00038740000000000004,-0.00038740000000000004,-0.0003124,-0.0003124,-0.0003124,-0.0003124,-0.00038740000000000004,-0.00038740000000000004,-0.0003124,-0.0003124,-0.0003124,-0.0003124,0.0,0.0,0.0,0.0,0.0,0.0
2022-12-08 00:00:00-05:00,0.0006552,0.0006552,0.0006552,0.0006552,0.0006552,0.0006552,0.0006552,0.0006552,0.0006552,0.0006552,0.0006552,0.0006552,0.0006552,0.0006552,0.0006552,0.0006552,0.0006552,0.0006552
2022-12-09 00:00:00-05:00,0.0022352,0.0022352,0.0022352,0.0022352,0.0009651999999999999,0.0009651999999999999,0.0017052,0.0017052,0.0017052,0.0017052,0.0017052,0.0017052,0.0013052,0.0013052,0.0013052,0.0013052,0.0013052,0.0013052
2022-12-12 00:00:00-05:00,0.0005752,0.0005752,0.0005752,0.0005752,0.0005752,0.0005752,0.00025519999999999997,0.00025519999999999997,0.00025519999999999997,0.00025519999999999997,0.00025519999999999997,0.00025519999999999997,0.0002052,0.0002052,0.0002052,0.0002052,0.0002052,0.0002052
2022-12-13 00:00:00-05:00,-0.0005948,0.0,-0.0004848,0.0,0.0008052,0.0,-0.0007348000000000001,0.0,-0.0006248,0.0,-0.0006248,0.0,-0.0012148,0.0,-0.0011048,0.0,-0.0011048,0.0
2022-12-14 00:00:00-05:00,5.76e-05,5.76e-05,5.76e-05,5.76e-05,5.76e-05,5.76e-05,-1.2400000000000002e-05,-1.2400000000000002e-05,-1.2400000000000002e-05,-1.2400000000000002e-05,-1.2400000000000002e-05,-1.2400000000000002e-05,-0.0001324,-0.0001324,-0.0001324,-0.0001324,-0.0001324,-0.0001324
2022-12-15 00:00:00-05:00,0.0018752,0.0,0.0018752,0.0,0.0005051999999999999,0.0,0.0014152000000000001,0.0,0.0014152000000000001,0.0,0.0014252000000000002,0.0,0.00047519999999999995,0.0,0.00047519999999999995,0.0,0.00047519999999999995,0.0
2022-12-16 00:00:00-05:00,-0.0008948000000000001,0.0001352,-0.0006748,-0.00045480000000000005,-0.0006748,0.0007452,0.0001352,0.0001352,-0.0007848,-0.0007848,-0.0007848,-0.0007848,0.0001352,0.0001352,-0.0007848,-0.0007848,-0.0007848,-0.0007848
2022-12-19 00:00:00-05:00,-0.0005048,-0.0005048,-0.0008948000000000001,-0.0008948000000000001,-0.0008948000000000001,-0.0008948000000000001,0.0,0.0,0.0,0.0,0.0,0.0,0.0,0.0,0.0,0.0,0.0,0.0
2022-12-20 00:00:00-05:00,-0.0053248,-0.0053248,-0.00037480000000000006,-0.00037480000000000006,-0.00037480000000000006,-0.00037480000000000006,0.0048052,0.0,-0.0005648000000000001,0.0,-0.0005648000000000001,0.0,0.0047052,0.0,0.0047052,0.0,0.0012452,0.0
2022-12-21 00:00:00-05:00,-0.0010248,-0.0010248,-0.0016148,-0.0016148,-0.0016148,-0.0016148,-0.0010248,-0.0010248,-0.0016148,-0.0016148,-0.0016148,-0.0016148,-0.0009548,0.0,-0.0009548,0.0,-0.0009548,0.0
2022-12-22 00:00:00-05:00,-4.800000000000004e-06,-4.800000000000004e-06,-4.800000000000004e-06,-4.800000000000004e-06,-4.800000000000004e-06,-4.800000000000004e-06,-0.0005748000000000001,-0.0005748000000000001,-0.0005748000000000001,-0.0005748000000000001,-0.0005748000000000001,-0.0005748000000000001,-0.0005748000000000001,-0.0005748000000000001,-0.0005748000000000001,-0.0005748000000000001,-0.0005748000000000001,-0.0005748000000000001
2022-12-23 00:00:00-05:00,0.0010552,0.0010552,0.0010552,0.0010552,0.0010552,0.0010552,0.0003652,0.0003652,0.0003652,0.0003652,0.0003652,0.0003652,-0.00034480000000000003,-0.00034480000000000003,-0.00034480000000000003,-0.00034480000000000003,-0.00034480000000000003,-0.00034480000000000003
2022-12-27 00:00:00-05:00,-0.00032480000000000003,-0.00032480000000000003,-0.00032480000000000003,-0.00032480000000000003,-0.00032480000000000003,-0.00032480000000000003,-0.0005048,-0.0005048,-0.0005048,-0.0005048,-0.0005048,-0.0005048,0.0,0.0,0.0,0.0,0.0,0.0
2022-12-28 00:00:00-05:00,0.0008751999999999999,0.0008751999999999999,0.0008751999999999999,0.0008751999999999999,0.0008751999999999999,0.0008751999999999999,0.0005451999999999999,0.0005451999999999999,0.0005451999999999999,0.0005451999999999999,0.0005451999999999999,0.0005451999999999999,0.0,0.0,0.0,0.0,0.0,0.0
2022-12-29 00:00:00-05:00,-0.0011348,-0.0011348,-0.0008748,-0.0008748,-0.0008748,-0.0008748,-0.0011348,-0.0011348,-0.0008748,-0.0008748,-0.0008748,-0.0008748,-0.0012648,-0.0012648,-0.0010048000000000001,-0.0010048000000000001,-0.0010048000000000001,-0.0010048000000000001
2022-12-30 00:00:00-05:00,-0.0021847999999999998,0.0,-0.0008748,0.0,-0.0008748,0.0,-0.0021847999999999998,0.0,-0.0010348,0.0,-0.0010348,0.0,-0.0021847999999999998,0.0,-0.0010348,0.0,-0.0010348,0.0
2023-01-03 00:00:00-05:00,-0.0038348,-0.0038348,-0.0017047999999999998,-0.0017047999999999998,-0.0017047999999999998,-0.0017047999999999998,0.0016452,0.0,0.0016452,0.0,0.0016452,0.0,0.0016452,0.0,0.0016452,0.0,0.0016452,0.0
2023-01-04 00:00:00-05:00,0.0003052,0.0,0.0003052,0.0,0.0003052,0.0,0.0002052,0.0,0.0002052,0.0,0.0002052,0.0,0.0,0.0,0.0,0.0,0.0,0.0
2023-01-05 00:00:00-05:00,-0.0017247999999999999,0.00033519999999999996,-0.0007948,0.00033519999999999996,-0.0007948,0.00033519999999999996,0.00033519999999999996,0.00033519999999999996,0.00033519999999999996,0.00033519999999999996,0.00033519999999999996,0.00033519999999999996,0.00033519999999999996,0.00033519999999999996,0.00033519999999999996,0.00033519999999999996,0.00033519999999999996,0.00033519999999999996
2023-01-06 00:00:00-05:00,-0.00037480000000000006,0.0,-0.00032480000000000003,0.0,0.0004852,0.0,-0.00037480000000000006,0.0,-0.0005048,0.0,0.0008451999999999999,0.0,-0.0009948000000000001,0.0,-0.0011248,0.0,-0.0011248,0.0
2023-01-09 00:00:00-05:00,-0.0008748,-0.0008748,-0.0006048000000000001,-0.0006048000000000001,-0.0006048000000000001,-0.0006048000000000001,-0.0011248,-0.0011248,-0.0008548000000000001,-0.0008548000000000001,-0.0008548000000000001,-0.0008548000000000001,-6.48e-05,0.0,-6.48e-05,0.0,-6.48e-05,0.0
2023-01-10 00:00:00-05:00,-4.800000000000004e-06,-0.0012748,-0.0006548000000000001,-0.0011048,-0.0006548000000000001,-0.0011048,-0.0002048,-0.0012748,-0.0008548000000000001,-0.0013248,-0.0008548000000000001,-0.0013248,-0.0012748,-0.0012748,-0.0012748,-0.0012748,-0.0012748,-0.0012748
2023-01-11 00:00:00-05:00,0.0002952,0.0002952,0.0002952,0.0002952,0.0002952,0.0002952,0.0002452,0.0002452,0.0002452,0.0002452,0.0002452,0.0002452,0.0001452,0.0001452,0.0001452,0.0001452,0.0001452,0.0001452
2023-01-12 00:00:00-05:00,-0.0003148,-0.0001848,-0.00041480000000000005,-0.00035480000000000006,-0.00041480000000000005,-0.00035480000000000006,-0.0001848,-0.0001848,-0.0004848,-0.0004848,-0.0004848,-0.0004848,-0.00032480000000000003,-0.00032480000000000003,-0.0006248,-0.0006248,-0.0006248,-0.0006248
2023-01-13 00:00:00-05:00,8.52e-05,8.52e-05,8.52e-05,8.52e-05,0.0013652,0.0013652,-0.0007248,-0.0007248,-0.0007248,-0.0007248,-0.0007248,-0.0007248,-0.0009148,-0.0009148,-0.0009148,-0.0009148,-0.0009148,-0.0009148
2023-01-16 00:00:00-05:00,-0.0009948000000000001,0.0,-0.0005448,0.0,-0.0005448,0.0,-0.0017247999999999999,0.0,-0.0012748,0.0,-0.0012748,0.0,0.0,0.0,0.0,0.0,0.0,0.0
2023-01-17 00:00:00-05:00,0.0011852,0.0011852,0.0011852,0.0011852,0.0011852,0.0011852,0.0007052,0.0007052,0.0007052,0.0007052,0.0007052,0.0007052,0.00033519999999999996,0.00033519999999999996,0.00033519999999999996,0.00033519999999999996,0.00033519999999999996,0.00033519999999999996
2023-01-18 00:00:00-05:00,0.0019352000000000002,0.0,-0.0006048000000000001,0.0,-0.0006048000000000001,0.0,0.0018152,0.0,0.0018152,0.0,0.0012852,0.0,0.0018152,0.0,0.0018152,0.0,0.0012852,0.0
2023-01-19 00:00:00-05:00,-0.0005948,-8.48e-05,-0.0005248000000000001,-0.00047480000000000005,-0.0005248000000000001,-0.00047480000000000005,-8.48e-05,-8.48e-05,-0.0006448000000000001,-0.0006448000000000001,-0.0006448000000000001,-0.0006448000000000001,-8.48e-05,-8.48e-05,-0.0007848,-0.0007848,-0.0007848,-0.0007848
2023-01-20 00:00:00-05:00,-0.0006148000000000001,-0.0006148000000000001,-0.0007548,-0.0007548,-0.0007548,-0.0007548,-0.0005848,-0.0005848,-0.0007248,-0.0007248,-0.0007248,-0.0007248,-0.0005848,-0.0005848,-0.0007248,-0.0007248,-0.0007248,-0.0007248
2023-01-23 00:00:00-05:00,0.0004452,0.0,0.0004452,0.0,0.0004452,0.0,0.00034519999999999993,0.0,0.00034519999999999993,0.0,0.00034519999999999993,0.0,0.00034519999999999993,0.0,0.00034519999999999993,0.0,0.00034519999999999993,0.0
2023-01-24 00:00:00-05:00,0.0001852,0.0,0.0001852,0.0,0.0001852,0.0,0.0001852,0.0,0.0001852,0.0,0.0001852,0.0,-0.0001148,0.0,-0.0001148,0.0,-0.0001148,0.0
2023-01-25 00:00:00-05:00,-0.0009948000000000001,-0.0009948000000000001,-0.0007448,-0.0007448,-0.0007448,-0.0007448,-0.0009948000000000001,-0.0009948000000000001,-0.0007448,-0.0007448,-0.0007448,-0.0007448,0.0001752,0.0,0.0001752,0.0,0.0001752,0.0
2023-01-26 00:00:00-05:00,0.0014752,0.0014752,0.0014752,0.0014752,0.0016652000000000001,0.0016652000000000001,0.0014752,0.0014752,0.0014752,0.0014752,0.0017852,0.0017852,0.0011652,0.0011652,0.0011652,0.0011652,0.0011652,0.0011652
2023-01-27 00:00:00-05:00,0.00041519999999999995,0.0,0.00041519999999999995,0.0,0.00041519999999999995,0.0,0.00035519999999999996,0.0,0.00035519999999999996,0.0,0.00035519999999999996,0.0,2.5199999999999996e-05,0.0,2.5199999999999996e-05,0.0,2.5199999999999996e-05,0.0
2023-01-30 00:00:00-05:00,0.0006852,0.0,0.0006852,0.0,0.0006852,0.0,0.0006852,0.0,0.0006852,0.0,0.0006852,0.0,0.0003652,0.0,0.0003652,0.0,0.0003652,0.0
2023-01-31 00:00:00-05:00,0.0018552000000000002,-0.0023247999999999997,-0.00036480000000000003,-0.0003148,-0.00036480000000000003,-0.0003148,-0.0023247999999999997,-0.0023247999999999997,-0.0008648,-0.0008648,-0.0008648,-0.0008648,0.0009952,0.0,0.0009952,0.0,0.0009952,0.0
2023-02-01 00:00:00-05:00,0.0005252,0.0005252,0.0005252,0.0005252,0.0005252,0.0005252,0.00045519999999999995,0.00045519999999999995,0.00045519999999999995,0.00045519999999999995,0.00045519999999999995,0.00045519999999999995,0.0002052,0.0002052,0.0002052,0.0002052,0.0002052,0.0002052
2023-02-02 00:00:00-05:00,-0.0005648000000000001,0.0,-0.0008148000000000001,0.0,-0.0008148000000000001,0.0,-0.0005648000000000001,0.0,-0.0008348,0.0,-0.0008348,0.0,-0.0014047999999999999,0.0,-0.0016748,0.0,-0.0016748,0.0
2023-02-03 00:00:00-05:00,-0.0001748,0.0,-0.0001748,0.0,-0.0001748,0.0,-0.0001748,0.0,-0.0001748,0.0,-0.0001748,0.0,-0.0001748,0.0,-0.0001748,0.0,-0.0001748,0.0
2023-02-06 00:00:00-05:00,0.0012752,-0.0018947999999999999,-0.0005048,-0.0005248000000000001,-0.0005048,-0.0005248000000000001,-0.0018947999999999999,-0.0018947999999999999,-0.0006848000000000001,-0.0006848000000000001,-0.0006848000000000001,-0.0006848000000000001,-0.0022348,-0.0022348,-0.0016547999999999999,-0.0016547999999999999,-0.0016547999999999999,-0.0016547999999999999
2023-02-07 00:00:00-05:00,-0.0011948,-0.0011948,-0.0005748000000000001,-0.0005748000000000001,-0.0005748000000000001,-0.0005748000000000001,0.0005352,0.0,0.0005352,0.0,0.0005352,0.0,0.0005252,0.0,0.0005252,0.0,0.0005252,0.0
2023-02-08 00:00:00-05:00,-0.0008448,4.5199999999999994e-05,-0.0006448000000000001,4.5199999999999994e-05,-0.0006448000000000001,0.0011052,4.5199999999999994e-05,4.5199999999999994e-05,4.5199999999999994e-05,4.5199999999999994e-05,4.5199999999999994e-05,4.5199999999999994e-05,-0.0001648,-0.0001648,-0.0001648,-0.0001648,-0.0001648,-0.0001648
2023-02-09 00:00:00-05:00,0.0008052,0.0008052,-0.0006448000000000001,-0.0006448000000000001,-0.0006448000000000001,-0.0006448000000000001,0.0008052,0.0008052,-0.0006448000000000001,-0.0006448000000000001,-0.0006448000000000001,-0.0006448000000000001,0.0006751999999999999,0.0006751999999999999,-0.0007748000000000001,-0.0007748000000000001,-0.0007748000000000001,-0.0007748000000000001
2023-02-10 00:00:00-05:00,-0.0005548,-0.0005548,-0.0005048,-0.0005048,-0.0005048,-0.0005048,1.5199999999999995e-05,0.0,1.5199999999999995e-05,0.0,0.0010852,0.0,-0.0001848,0.0,-0.0001848,0.0,-0.0001848,0.0
2023-02-13 00:00:00-05:00,-0.0015948,0.0,-0.0018047999999999999,0.0,-0.0018047999999999999,0.0,0.0,0.0,0.0,0.0,0.0,0.0,0.0,0.0,0.0,0.0,0.0,0.0
2023-02-14 00:00:00-05:00,-0.00036480000000000003,0.0,-0.00036480000000000003,0.0,-0.00036480000000000003,0.0,-0.0005148,0.0,-0.0005148,0.0,-0.0005148,0.0,-0.0007448,0.0,-0.0007448,0.0,-0.0007448,0.0
2023-02-15 00:00:00-05:00,-0.0024048,-0.0024048,-0.0007348000000000001,-0.0007348000000000001,-0.0007348000000000001,-0.0007348000000000001,0.0013152,0.0,0.0013152,0.0,0.0013152,0.0,0.0010452,0.0,0.0010452,0.0,0.0010452,0.0
2023-02-16 00:00:00-05:00,-0.0011248,-0.0011248,-0.0009948000000000001,-0.0009948000000000001,-0.0009948000000000001,-0.0009948000000000001,-0.0011248,-0.0011248,-0.0009948000000000001,-0.0009948000000000001,-0.0009948000000000001,-0.0009948000000000001,-0.0011248,-0.0011248,-0.0009948000000000001,-0.0009948000000000001,-0.0009948000000000001,-0.0009948000000000001
2023-02-17 00:00:00-05:00,-0.0023648,-0.0023648,-0.0008748,-0.0008748,-0.0008748,-0.0008748,0.0013152,0.0,0.0013152,0.0,0.0013152,0.0,0.0010252,0.0,0.0010252,0.0,0.0010252,0.0
2023-02-20 00:00:00-05:00,0.0009851999999999999,0.0009851999999999999,0.0009851999999999999,0.0009851999999999999,0.0013852,0.0013852,0.0006852,0.0006852,0.0006852,0.0006852,0.0006852,0.0006852,0.0006852,0.0006852,0.0006852,0.0006852,0.0006852,0.0006852
2023-02-21 00:00:00-05:00,0.0001152,0.0001152,0.0001152,0.0001152,0.0001152,0.0001152,0.0001152,0.0001152,0.0001152,0.0001152,0.0001152,0.0001152,-0.0002748,-0.0002748,-0.0002748,-0.0002748,-0.0002748,-0.0002748
2023-02-22 00:00:00-05:00,-0.0004648,-0.0004648,-0.0007048,-0.0007048,-0.0007048,-0.0007048,-0.0005248000000000001,-0.0005248000000000001,-0.0007648,-0.0007648,-0.0007648,-0.0007648,-0.0005248000000000001,-0.0005248000000000001,-0.0007648,-0.0007648,-0.0007648,-0.0007648
2023-02-23 00:00:00-05:00,0.0005752,0.0005752,0.0005752,0.0005752,0.0006852,0.0006852,0.0001252,0.0001252,0.0001252,0.0001252,0.0001252,0.0001252,-0.0004648,-0.0004648,-0.0004648,-0.0004648,-0.0004648,-0.0004648
2023-02-24 00:00:00-05:00,0.0003152,0.0,0.0003152,0.0,0.0003152,0.0,-0.00023480000000000002,0.0,-0.00023480000000000002,0.0,-0.00023480000000000002,0.0,0.0,0.0,0.0,0.0,0.0,0.0
2023-02-27 00:00:00-05:00,-0.0007048,-0.0007048,-0.0005448,-0.0005448,-0.0005448,-0.0005448,-0.0007048,-0.0007048,-0.0005448,-0.0005448,-0.0005448,-0.0005448,0.0,0.0,0.0,0.0,0.0,0.0
2023-02-28 00:00:00-05:00,-0.0007448,-0.0007448,-0.0007948,-0.0007948,-0.0007948,-0.0007948,-0.0011948,-0.0011948,-0.0012448000000000001,-0.0012448000000000001,-0.0012448000000000001,-0.0012448000000000001,0.0,0.0,0.0,0.0,0.0,0.0
2023-03-01 00:00:00-05:00,0.0031352,0.0031352,0.0031352,0.0031352,0.0018252000000000001,0.0018252000000000001,0.0027251999999999997,0.0027251999999999997,0.0027251999999999997,0.0027251999999999997,0.0026452,0.0026452,0.0018152,0.0018152,0.0018152,0.0018152,0.0018152,0.0018152
2023-03-02 00:00:00-05:00,0.00039519999999999996,0.0,0.00039519999999999996,0.0,0.00039519999999999996,0.0,0.00039519999999999996,0.0,0.00039519999999999996,0.0,0.00039519999999999996,0.0,0.0,0.0,0.0,0.0,0.0,0.0
2023-03-03 00:00:00-05:00,-0.0006548000000000001,0.0,-0.0006548000000000001,0.0,-0.0006548000000000001,0.0,-0.0006548000000000001,0.0,-0.0006548000000000001,0.0,-0.0006548000000000001,0.0,-0.0012848,0.0,-0.0012848,0.0,-0.0012848,0.0
2023-03-06 00:00:00-05:00,0.0018152,0.0018152,0.0018152,0.0018152,0.0013452000000000002,0.0013452000000000002,0.0018152,0.0018152,0.0018152,0.0018152,0.0017852,0.0017852,0.00047519999999999995,0.00047519999999999995,0.00047519999999999995,0.00047519999999999995,0.00047519999999999995,0.00047519999999999995
2023-03-07 00:00:00-05:00,-3.4800000000000006e-05,-3.4800000000000006e-05,-3.4800000000000006e-05,-3.4800000000000006e-05,0.0013252000000000001,0.0013252000000000001,-0.00022480000000000002,-0.00022480000000000002,-0.00022480000000000002,-0.00022480000000000002,-0.00022480000000000002,-0.00022480000000000002,-0.0009248,-0.0009248,-0.0009248,-0.0009248,-0.0009248,-0.0009248
2023-03-08 00:00:00-05:00,-0.0004248,-0.0004248,-0.0006848000000000001,-0.0006848000000000001,-0.0006848000000000001,-0.0006848000000000001,-0.0006548000000000001,-0.0006548000000000001,-0.0009148,-0.0009148,-0.0009148,-0.0009148,-0.00041480000000000005,0.0,-0.00041480000000000005,0.0,-0.00041480000000000005,0.0
2023-03-09 00:00:00-05:00,-0.0012972,0.0,-0.0012972,0.0,-0.0012972,0.0,-0.0012972,0.0,-0.0012972,0.0,-0.0012972,0.0,0.0,0.0,0.0,0.0,0.0,0.0
2023-03-10 00:00:00-05:00,-0.0019722,-0.0019722,-0.0016722,-0.0016722,-0.0016722,-0.0016722,-0.0026622000000000004,-0.0026622000000000004,-0.0026022000000000003,-0.0026022000000000003,-0.0026022000000000003,-0.0026022000000000003,-0.0005022,0.0,-0.0005022,0.0,-0.0005022,0.0
2023-03-13 00:00:00-04:00,0.0029027999999999997,0.0029027999999999997,-0.0018972,-0.0018972,-0.0018972,-0.0018972,-0.0050622,0.0018678,-0.0021372,0.0018678,-0.0021372,0.0018678,-0.0056022,0.0018678,-0.0028272,0.0018678,-0.0028272,0.0018678
2023-03-14 00:00:00-04:00,-0.0003372,-0.0003372,-0.0003372,-0.0003372,-0.0003372,-0.0003372,-0.0013272,-0.0013272,-0.0013272,-0.0013272,-0.0013272,-0.0013272,-0.0023772,-0.0023772,-0.0023772,-0.0023772,-0.0023772,-0.0023772
2023-03-15 00:00:00-04:00,8.52e-05,8.52e-05,8.52e-05,8.52e-05,0.0012652,0.0012652,8.52e-05,8.52e-05,8.52e-05,8.52e-05,0.0013452000000000002,0.0013452000000000002,-2.4800000000000003e-05,-2.4800000000000003e-05,-2.4800000000000003e-05,-2.4800000000000003e-05,0.0015652,0.0015652
2023-03-16 00:00:00-04:00,-0.00032480000000000003,-0.00032480000000000003,-0.00032480000000000003,-0.00032480000000000003,-0.00032480000000000003,-0.00032480000000000003,-0.0007248,-0.0007248,-0.0007248,-0.0007248,-0.0007248,-0.0007248,0.0,0.0,0.0,0.0,0.0,0.0
2023-03-17 00:00:00-04:00,-0.0014248,0.0005451999999999999,-0.0007348000000000001,0.0005451999999999999,-0.0007348000000000001,0.0005451999999999999,-0.0015948,0.0005451999999999999,-0.0009048000000000001,0.0005451999999999999,-0.0009048000000000001,0.0005451999999999999,0.0005451999999999999,0.0005451999999999999,0.0005451999999999999,0.0005451999999999999,0.0005451999999999999,0.0005451999999999999
2023-03-20 00:00:00-04:00,0.0016752000000000002,0.0,0.0016752000000000002,0.0,0.0021852,0.0,0.0016752000000000002,0.0,0.0016752000000000002,0.0,0.0016752000000000002,0.0,0.0016752000000000002,0.0,0.0016752000000000002,0.0,0.0016752000000000002,0.0
2023-03-21 00:00:00-04:00,2.5199999999999996e-05,2.5199999999999996e-05,-0.0005848,-0.0005848,0.0010052,0.0010052,0.0,0.0,0.0,0.0,0.0,0.0,0.0,0.0,0.0,0.0,0.0,0.0
2023-03-22 00:00:00-04:00,-0.0002548,-0.0002548,-0.0002548,-0.0002548,-0.0002548,-0.0002548,-0.0002548,-0.0002548,-0.0002548,-0.0002548,-0.0002548,-0.0002548,-0.0002548,-0.0002548,-0.0002548,-0.0002548,-0.0002548,-0.0002548
2023-03-23 00:00:00-04:00,0.0024352,0.0024352,0.0024352,0.0024352,0.0016452,0.0016452,0.0023552,0.0023552,0.0023552,0.0023552,0.0018052,0.0018052,0.0019452,0.0019452,0.0019452,0.0019452,0.0019452,0.0019452
2023-03-24 00:00:00-04:00,-0.0011548,0.0,-0.0010348,0.0,-0.0010348,0.0,-0.0011548,0.0,-0.0010348,0.0,-0.0010348,0.0,-0.0011548,0.0,-0.0010348,0.0,-0.0010348,0.0
2023-03-27 00:00:00-04:00,-0.0015048,0.00035519999999999996,-0.0010448,-0.0006248,-0.0010448,-0.0006248,-0.0019748,0.00035519999999999996,-0.0015148,0.00035519999999999996,-0.0015148,0.00035519999999999996,0.00035519999999999996,0.00035519999999999996,0.00035519999999999996,0.00035519999999999996,0.00035519999999999996,0.00035519999999999996
2023-03-28 00:00:00-04:00,8.52e-05,0.0,8.52e-05,0.0,8.52e-05,0.0,-0.0001048,0.0,-0.0001048,0.0,-0.0001048,0.0,-0.0001048,0.0,-0.0001048,0.0,-0.0001048,0.0
2023-03-29 00:00:00-04:00,0.0014152000000000001,0.0014152000000000001,0.0014152000000000001,0.0014152000000000001,0.0014152000000000001,0.0014152000000000001,0.0014152000000000001,0.0014152000000000001,0.0014152000000000001,0.0014152000000000001,0.0014152000000000001,0.0014152000000000001,0.0012452,0.0012452,0.0012452,0.0012452,0.0012452,0.0012452
2023-03-30 00:00:00-04:00,0.0013852,0.0013852,0.0013852,0.0013852,0.0010852,0.0010852,0.0013552000000000002,0.0013552000000000002,0.0013552000000000002,0.0013552000000000002,0.0011451999999999999,0.0011451999999999999,0.0010052,0.0010052,0.0010052,0.0010052,0.0010052,0.0010052
2023-03-31 00:00:00-04:00,-0.00045480000000000005,-0.00045480000000000005,-0.00045480000000000005,-0.00045480000000000005,-0.00045480000000000005,-0.00045480000000000005,-0.0009348000000000001,-0.0009348000000000001,-0.0009348000000000001,-0.0009348000000000001,-0.0009348000000000001,-0.0009348000000000001,0.0,0.0,0.0,0.0,0.0,0.0
2023-04-03 00:00:00-04:00,0.0,0.0,0.0,0.0,0.0,0.0,0.0,0.0,0.0,0.0,0.0,0.0,0.0,0.0,0.0,0.0,0.0,0.0
2023-04-04 00:00:00-04:00,-0.0005548,-0.0005548,-0.0007748000000000001,-0.0007748000000000001,-0.0007748000000000001,-0.0007748000000000001,-0.0002748,0.0,-0.0010348,0.0,-0.0010348,0.0,-0.0002748,0.0,-0.0010348,0.0,-0.0010348,0.0
2023-04-05 00:00:00-04:00,0.0006852,0.0,0.0006852,0.0,0.0007252,0.0,0.0006251999999999999,0.0,0.0006251999999999999,0.0,0.0008451999999999999,0.0,0.00032519999999999994,0.0,0.00032519999999999994,0.0,0.00032519999999999994,0.0
2023-04-06 00:00:00-04:00,0.00025519999999999997,0.0,0.00025519999999999997,0.0,0.00025519999999999997,0.0,0.0001152,0.0,0.0001152,0.0,0.0001152,0.0,0.0001152,0.0,0.0001152,0.0,0.0001152,0.0
2023-04-07 00:00:00-04:00,-0.0001748,0.0,-0.0001748,0.0,-0.0001748,0.0,-0.0001748,0.0,-0.0001748,0.0,-0.0001748,0.0,-0.00036480000000000003,0.0,-0.00036480000000000003,0.0,-0.00036480000000000003,0.0
2023-04-10 00:00:00-04:00,0.0007252,0.0,0.0007252,0.0,0.0007252,0.0,0.00045519999999999995,0.0,0.00045519999999999995,0.0,0.00045519999999999995,0.0,0.00045519999999999995,0.0,0.00045519999999999995,0.0,0.00045519999999999995,0.0
2023-04-11 00:00:00-04:00,-0.0001848,0.0,-0.0001848,0.0,-0.0001848,0.0,-0.0001848,0.0,-0.0001848,0.0,-0.0001848,0.0,0.0,0.0,0.0,0.0,0.0,0.0
2023-04-12 00:00:00-04:00,0.00023280000000000002,0.0,0.00023280000000000002,0.0,0.00023280000000000002,0.0,-6.720000000000001e-05,0.0,-6.720000000000001e-05,0.0,-6.720000000000001e-05,0.0,-0.0003522,0.0,-0.0003522,0.0,-0.0003522,0.0
2023-04-13 00:00:00-04:00,0.0015078000000000001,0.0015078000000000001,0.0015078000000000001,0.0015078000000000001,0.0014478,0.0014478,0.0011328,0.0011328,0.0011328,0.0011328,0.0011328,0.0011328,0.0003678,0.0003678,0.0003678,0.0003678,0.0003678,0.0003678
2023-04-14 00:00:00-04:00,-0.0003372,-0.0003372,-0.0003372,-0.0003372,-0.0003372,-0.0003372,-0.0005922,-0.0005922,-0.0005922,-0.0005922,-0.0005922,-0.0005922,0.0,0.0,0.0,0.0,0.0,0.0
2023-04-17 00:00:00-04:00,-0.0001122,-0.0001122,-0.0006522,-0.0006522,-0.0006522,-0.0006522,-0.0008022,0.0,-0.0009521999999999999,0.0,-0.0009521999999999999,0.0,0.0,0.0,0.0,0.0,0.0,0.0
2023-04-18 00:00:00-04:00,-0.0006372,0.0,-0.0006221999999999999,0.0,-0.0006221999999999999,0.0,-0.0006522,0.0,-0.0006372,0.0,-0.0006372,0.0,0.0,0.0,0.0,0.0,0.0,0.0
2023-04-19 00:00:00-04:00,0.0007878,0.0,0.0007878,0.0,0.0007878,0.0,0.0007878,0.0,0.0007878,0.0,0.0007878,0.0,0.0007878,0.0,0.0007878,0.0,0.0007878,0.0
2023-04-20 00:00:00-04:00,-0.0015372,-0.0015372,-0.0009672,-0.0009672,-0.0009672,-0.0009672,-0.0016722,-0.0016722,-0.0011022,-0.0011022,-0.0011022,-0.0011022,-0.0020622,-0.0020622,-0.0014922,-0.0014922,-0.0014922,-0.0014922
2023-04-21 00:00:00-04:00,-0.0006072,-0.0006072,-0.0006072,-0.0006072,-0.0006072,-0.0006072,-0.0006072,-0.0006072,-0.0006072,-0.0006072,-0.0006072,-0.0006072,0.0,0.0,0.0,0.0,0.0,0.0
2023-04-24 00:00:00-04:00,0.0009678,0.0,0.0009678,0.0,0.0009678,0.0,0.0009678,0.0,0.0009678,0.0,0.0009678,0.0,0.0,0.0,0.0,0.0,0.0,0.0
2023-04-25 00:00:00-04:00,0.0016728000000000001,0.0,0.0016728000000000001,0.0,0.0016278,0.0,0.0013728,0.0,0.0013728,0.0,0.0022278,0.0,0.0012078,0.0,0.0012078,0.0,0.0012078,0.0
2023-04-26 00:00:00-04:00,0.0014178,0.0014178,0.0014178,0.0014178,0.0014178,0.0014178,0.0009528,0.0009528,0.0009528,0.0009528,0.0009528,0.0009528,-6.720000000000001e-05,-6.720000000000001e-05,-6.720000000000001e-05,-6.720000000000001e-05,-6.720000000000001e-05,-6.720000000000001e-05
2023-04-27 00:00:00-04:00,-0.0024072,0.0011628,-0.0010872,0.0011628,-0.0010872,0.0011628,-0.0026172,0.0011628,-0.0012972,0.0011628,-0.0012972,0.0011628,-0.0026172,0.0011628,-0.0012972,0.0011628,-0.0012972,0.0011628
2023-04-28 00:00:00-04:00,-0.00038219999999999997,-0.00038219999999999997,-0.0016722,-0.0016722,-0.0016722,-0.0016722,-0.00038219999999999997,-0.00038219999999999997,-0.0018672,-0.0018672,-0.0018672,-0.0018672,-0.00038219999999999997,-0.00038219999999999997,-0.0018672,-0.0018672,-0.0018672,-0.0018672
2023-05-01 00:00:00-04:00,-0.0024072,0.0014028,-0.0008322,0.0014028,-0.0008322,0.0012378,0.0014028,0.0014028,0.0014028,0.0014028,0.0014028,0.0014028,0.0007728,0.0007728,0.0007728,0.0007728,0.0007728,0.0007728
2023-05-02 00:00:00-04:00,-0.0019722,3.779999999999999e-05,-0.0015672,-0.0013272,-0.0015672,-0.0013272,3.779999999999999e-05,3.779999999999999e-05,3.779999999999999e-05,3.779999999999999e-05,3.779999999999999e-05,3.779999999999999e-05,3.779999999999999e-05,3.779999999999999e-05,3.779999999999999e-05,3.779999999999999e-05,3.779999999999999e-05,3.779999999999999e-05
2023-05-03 00:00:00-04:00,-0.0002172,-0.0002172,-0.0002172,-0.0002172,-0.0002172,-0.0002172,-0.0002172,-0.0002172,-0.0002172,-0.0002172,-0.0002172,-0.0002172,0.0,0.0,0.0,0.0,0.0,0.0
2023-05-04 00:00:00-04:00,0.0025428,0.0025428,0.0025428,0.0025428,0.0023178,0.0023178,0.0022878,0.0022878,0.0022878,0.0022878,0.0022878,0.0022878,0.0022878,0.0022878,0.0022878,0.0022878,0.0022878,0.0022878
2023-05-05 00:00:00-04:00,-0.0011322,3.779999999999999e-05,-0.0009072,3.779999999999999e-05,-0.0009072,3.779999999999999e-05,3.779999999999999e-05,3.779999999999999e-05,3.779999999999999e-05,3.779999999999999e-05,3.779999999999999e-05,3.779999999999999e-05,0.0,0.0,0.0,0.0,0.0,0.0
2023-05-08 00:00:00-04:00,-9.72e-05,-9.72e-05,-9.72e-05,-9.72e-05,-9.72e-05,-9.72e-05,-9.72e-05,-9.72e-05,-9.72e-05,-9.72e-05,-9.72e-05,-9.72e-05,-9.72e-05,-9.72e-05,-9.72e-05,-9.72e-05,-9.72e-05,-9.72e-05
2023-05-09 00:00:00-04:00,-0.0006221999999999999,-5.220000000000001e-05,-0.0005172,-0.0004722,-0.0005172,-0.0004722,-0.0006221999999999999,-5.220000000000001e-05,-0.0005172,-0.0004722,-0.0005172,-0.0004722,-0.00020219999999999998,-0.00020219999999999998,-0.00020219999999999998,-0.00020219999999999998,-0.00020219999999999998,-0.00020219999999999998
2023-05-10 00:00:00-04:00,-0.0011922,-0.0011922,-0.0009222,-0.0009222,-0.0009222,-0.0009222,0.0,0.0,0.0,0.0,0.0,0.0,0.0,0.0,0.0,0.0,0.0,0.0
2023-05-11 00:00:00-04:00,-0.00027719999999999996,-0.00027719999999999996,-0.00027719999999999996,-0.00027719999999999996,-0.00027719999999999996,-0.00027719999999999996,-0.00027719999999999996,-0.00027719999999999996,-0.00027719999999999996,-0.00027719999999999996,-0.00027719999999999996,-0.00027719999999999996,-0.0005172,-0.0005172,-0.0005172,-0.0005172,-0.0005172,-0.0005172
2023-05-12 00:00:00-04:00,-0.0005472,-0.0005472,-0.0005472,-0.0005472,-0.0005472,-0.0005472,-0.0005472,-0.0005472,-0.0005472,-0.0005472,-0.0005472,-0.0005472,-0.0005472,-0.0005472,-0.0005472,-0.0005472,-0.0005472,-0.0005472
2023-05-15 00:00:00-04:00,-0.0034422000000000003,0.0020628,-0.0007272,0.0020628,-0.0007272,0.0021378,-0.0037722000000000003,0.0020628,-0.0010572,0.0020628,-0.0010572,0.0020628,0.0020628,0.0020628,0.0020628,0.0020628,0.0020628,0.0020628
2023-05-16 00:00:00-04:00,-0.0005472,-0.0005472,-0.0003372,-0.0003372,-0.0003372,-0.0003372,-0.0007421999999999999,-0.0007421999999999999,-0.0006221999999999999,-0.0006221999999999999,-0.0006221999999999999,-0.0006221999999999999,-2.2200000000000008e-05,0.0,-2.2200000000000008e-05,0.0,-2.2200000000000008e-05,0.0
2023-05-17 00:00:00-04:00,-0.0002922,-0.0002922,-0.0002922,-0.0002922,-0.0002922,-0.0002922,-0.0002922,-0.0002922,-0.0002922,-0.0002922,-0.0002922,-0.0002922,-0.0002922,-0.0002922,-0.0002922,-0.0002922,-0.0002922,-0.0002922
2023-05-18 00:00:00-04:00,-0.00020219999999999998,-0.0006372,-0.0006072,-0.0006372,-0.0006072,-0.0006372,-0.00020219999999999998,-0.0006372,-0.0006522,-0.0006372,-0.0006522,-0.0006372,-0.0006372,-0.0006372,-0.0006372,-0.0006372,-0.0006372,-0.0006372
2023-05-19 00:00:00-04:00,0.0006528,-0.0015072,-0.0007572,-0.0006822,-0.0007572,-0.0006822,0.0006528,0.0,-0.0010722,0.0,-0.0010722,0.0,0.0006528,0.0,-0.0010722,0.0,-0.0010722,0.0
2023-05-22 00:00:00-04:00,7.799999999999993e-06,7.799999999999993e-06,7.799999999999993e-06,7.799999999999993e-06,7.799999999999993e-06,7.799999999999993e-06,7.799999999999993e-06,7.799999999999993e-06,7.799999999999993e-06,7.799999999999993e-06,7.799999999999993e-06,7.799999999999993e-06,7.799999999999993e-06,7.799999999999993e-06,7.799999999999993e-06,7.799999999999993e-06,7.799999999999993e-06,7.799999999999993e-06
2023-05-23 00:00:00-04:00,-0.0023322,-0.0023322,-0.0017472,-0.0017472,-0.0017472,-0.0017472,-0.0023322,-0.0023322,-0.0017472,-0.0017472,-0.0017472,-0.0017472,-0.0023322,-0.0023322,-0.0018222,-0.0018222,-0.0018222,-0.0018222
2023-05-24 00:00:00-04:00,-0.0014172,-0.0014172,-0.0008472,-0.0008472,-0.0008472,-0.0008472,0.0004728,0.0,0.0004728,0.0,0.0004728,0.0,0.0004728,0.0,0.0004728,0.0,0.0004728,0.0
2023-05-25 00:00:00-04:00,-0.0016572,-0.0016572,-0.0013122,-0.0013122,-0.0013122,-0.0013122,-0.0016572,-0.0016572,-0.0013122,-0.0013122,-0.0013122,-0.0013122,-0.0016572,-0.0016572,-0.0013122,-0.0013122,-0.0013122,-0.0013122
2023-05-26 00:00:00-04:00,-0.0006522,-0.0006522,-0.0011322,-0.0011322,-0.0011322,-0.0011322,-0.0006522,-0.0006522,-0.0011322,-0.0011322,-0.0011322,-0.0011322,-0.0006522,-0.0006522,-0.0011322,-0.0011322,-0.0011322,-0.0011322
2023-05-29 00:00:00-04:00,-8.48e-05,0.0,-8.48e-05,0.0,-8.48e-05,0.0,-8.48e-05,0.0,-8.48e-05,0.0,-8.48e-05,0.0,-0.0008748,0.0,-0.0008748,0.0,-0.0008748,0.0
2023-05-30 00:00:00-04:00,-0.0006048000000000001,0.0,-0.0006448000000000001,0.0,-0.0006448000000000001,0.0,-0.0006048000000000001,0.0,-0.0006448000000000001,0.0,-0.0006448000000000001,0.0,-0.0006048000000000001,0.0,-0.0006448000000000001,0.0,-0.0006448000000000001,0.0
2023-05-31 00:00:00-04:00,0.0033678,0.0,0.0033678,0.0,0.0012678,0.0,0.0032327999999999996,0.0,0.0032327999999999996,0.0,0.0015378,0.0,0.0029628,0.0,0.0029628,0.0,0.0020778,0.0
2023-06-01 00:00:00-04:00,0.0002352,0.0,-0.0007848,0.0,-0.0007848,0.0,0.0002352,0.0,-0.0007848,0.0,-0.0007848,0.0,-0.0007948,0.0,-0.0007948,0.0,-0.0007948,0.0
2023-06-02 00:00:00-04:00,0.0011028,0.0011028,-0.0005172,-0.0005172,-0.0005172,-0.0005172,-0.0017772,0.0007878,-0.0006522,0.0007878,-0.0006522,0.0014178,-0.0017772,0.0007878,-0.0006522,0.0007878,-0.0006522,0.0007878
2023-06-05 00:00:00-04:00,-0.0002472,-0.0002472,-0.0002472,-0.0002472,-0.0002472,-0.0002472,-0.0002472,-0.0002472,-0.0002472,-0.0002472,-0.0002472,-0.0002472,-0.0002472,-0.0002472,-0.0002472,-0.0002472,-0.0002472,-0.0002472
2023-06-06 00:00:00-04:00,-0.0012522,0.0005328,-0.0005622,0.0005328,-0.0005622,0.0010578,0.0005328,0.0005328,0.0005328,0.0005328,0.0016278,0.0016278,0.0002178,0.0002178,0.0002178,0.0002178,0.0002178,0.0002178
2023-06-07 00:00:00-04:00,-0.0014022,-0.0014022,-0.0007871999999999999,-0.0007871999999999999,-0.0007871999999999999,-0.0007871999999999999,-0.0014022,-0.0014022,-0.0008172,-0.0008172,-0.0008172,-0.0008172,0.0004278,0.0,0.0004278,0.0,0.0004278,0.0
2023-06-08 00:00:00-04:00,-0.0022548,-0.0022548,-0.0004848,-0.0004848,-0.0004848,-0.0004848,-0.0022548,-0.0022548,-0.0004848,-0.0004848,-0.0004848,-0.0004848,0.0014252000000000002,0.0,0.0014252000000000002,0.0,0.0014052000000000001,0.0
2023-06-09 00:00:00-04:00,-0.0001348,-0.0001348,-0.0001348,-0.0001348,-0.0001348,-0.0001348,-0.0001348,-0.0001348,-0.0001348,-0.0001348,-0.0001348,-0.0001348,-0.0001348,-0.0001348,-0.0001348,-0.0001348,-0.0001348,-0.0001348
2023-06-12 00:00:00-04:00,6.78e-05,6.78e-05,-0.0008322,-0.0008322,-0.0008322,-0.0008322,6.78e-05,6.78e-05,-0.0008322,-0.0008322,-0.0008322,-0.0008322,-0.00014220000000000001,-0.00014220000000000001,-0.0010422,-0.0010422,-0.0010422,-0.0010422
2023-06-13 00:00:00-04:00,-0.0021048,0.0014452,-0.0005648000000000001,0.0014452,-0.0005648000000000001,0.0008652,-0.0021048,0.0014252000000000002,-0.0006448000000000001,0.0014252000000000002,-0.0006448000000000001,0.0009052,0.0014252000000000002,0.0014252000000000002,0.0014252000000000002,0.0014252000000000002,0.0014252000000000002,0.0014252000000000002
2023-06-14 00:00:00-04:00,-0.00035480000000000006,-0.00035480000000000006,-0.0006248,-0.0006248,-0.0006248,-0.0006248,-0.00035480000000000006,-0.00035480000000000006,-0.0006248,-0.0006248,-0.0006248,-0.0006248,-0.00035480000000000006,-0.00035480000000000006,-0.0006448000000000001,-0.0006448000000000001,-0.0006448000000000001,-0.0006448000000000001
2023-06-15 00:00:00-04:00,0.0006452,0.0,0.0006452,0.0,0.0010651999999999999,0.0,0.0006452,0.0,0.0006452,0.0,0.0010651999999999999,0.0,0.0006452,0.0,0.0006452,0.0,0.0010651999999999999,0.0
2023-06-16 00:00:00-04:00,-0.0012248,0.0,-0.0008848,0.0,-0.0008848,0.0,-0.0015547999999999998,0.0,-0.0012148,0.0,-0.0012148,0.0,-0.0017147999999999998,0.0,-0.0013747999999999998,0.0,-0.0013747999999999998,0.0
2023-06-19 00:00:00-04:00,-0.0004848,0.0,-0.0004848,0.0,-0.0004848,0.0,-0.0004848,0.0,-0.0004848,0.0,-0.0004848,0.0,-0.0006648,0.0,-0.0006648,0.0,-0.0006648,0.0
2023-06-20 00:00:00-04:00,0.0006852,0.0,0.0006852,0.0,0.0009651999999999999,0.0,0.0006152,0.0,0.0006152,0.0,0.0011052,0.0,0.00035519999999999996,0.0,0.00035519999999999996,0.0,0.00035519999999999996,0.0
2023-06-21 00:00:00-04:00,-0.0007348000000000001,-0.0007348000000000001,-0.00045480000000000005,-0.00045480000000000005,-0.00045480000000000005,-0.00045480000000000005,-0.0008848,-0.0008848,-0.0006048000000000001,-0.0006048000000000001,-0.0006048000000000001,-0.0006048000000000001,0.0002052,0.0,0.0002052,0.0,0.0002052,0.0
2023-06-22 00:00:00-04:00,-0.0023247999999999997,-0.0023247999999999997,-0.0007548,-0.0007548,-0.0007548,-0.0007548,0.0013352000000000001,0.0,0.0013352000000000001,0.0,0.0017652000000000002,0.0,0.0011752,0.0,0.0011752,0.0,0.0011752,0.0
2023-06-23 00:00:00-04:00,0.0023952,0.0,0.0023952,0.0,0.0008451999999999999,0.0,0.0020852,0.0,0.0020852,0.0,0.0014652,0.0,0.0020152,0.0,0.0020152,0.0,0.0016052000000000002,0.0
2023-06-26 00:00:00-04:00,-0.0001348,-0.0008448,-0.0007948,-0.0009048000000000001,-0.0007948,-0.0009048000000000001,-0.0001348,-0.0008448,-0.0007948,-0.0009048000000000001,-0.0007948,-0.0009048000000000001,-0.0001348,-0.0008448,-0.0007948,-0.0009048000000000001,-0.0007948,-0.0009048000000000001
2023-06-27 00:00:00-04:00,-0.0009148,0.0,-0.0005548,0.0,-0.0005548,0.0,-0.0010848000000000001,0.0,-0.0007248,0.0,-0.0007248,0.0,-0.0011948,0.0,-0.0008348,0.0,-0.0008348,0.0
2023-06-28 00:00:00-04:00,-0.0007648,0.0,-0.0006648,0.0,-0.0006648,0.0,-0.0009248,0.0,-0.0008248,0.0,-0.0008248,0.0,0.0,0.0,0.0,0.0,0.0,0.0
2023-06-29 00:00:00-04:00,-0.0012947999999999998,-0.0012947999999999998,-0.0005948,-0.0005948,-0.0005948,-0.0005948,-0.0012947999999999998,-0.0012947999999999998,-0.0005948,-0.0005948,-0.0005948,-0.0005948,-0.0012947999999999998,-0.0012947999999999998,-0.0005948,-0.0005948,-0.0005948,-0.0005948
2023-06-30 00:00:00-04:00,0.0007752,0.0007752,0.0007752,0.0007752,0.0007752,0.0007752,0.0007752,0.0007752,0.0007752,0.0007752,0.0007752,0.0007752,0.0007752,0.0007752,0.0007752,0.0007752,0.0007752,0.0007752
2023-07-03 00:00:00-04:00,-0.0007348000000000001,0.0,-0.0009248,0.0,-0.0009248,0.0,-0.0008648,0.0,-0.0010548,0.0,-0.0010548,0.0,0.0,0.0,0.0,0.0,0.0,0.0
2023-07-04 00:00:00-04:00,-0.0001048,-0.0001048,-0.0001048,-0.0001048,-0.0001048,-0.0001048,0.0,0.0,0.0,0.0,0.0,0.0,0.0,0.0,0.0,0.0,0.0,0.0
2023-07-05 00:00:00-04:00,-0.00034480000000000003,-0.00033480000000000006,-0.0005348,-0.00033480000000000006,-0.0005348,-0.00033480000000000006,-0.00033480000000000006,-0.00033480000000000006,-0.00033480000000000006,-0.00033480000000000006,-0.00033480000000000006,-0.00033480000000000006,-0.00033480000000000006,-0.00033480000000000006,-0.00033480000000000006,-0.00033480000000000006,-0.00033480000000000006,-0.00033480000000000006
2023-07-06 00:00:00-04:00,0.0019352000000000002,0.0,0.0019352000000000002,0.0,0.0016452,0.0,0.0019352000000000002,0.0,0.0019352000000000002,0.0,0.0016452,0.0,0.0014652,0.0,0.0014652,0.0,0.0014652,0.0
2023-07-07 00:00:00-04:00,-0.0007871999999999999,-0.0007871999999999999,-0.0007871999999999999,-0.0007871999999999999,-0.0007871999999999999,-0.0007871999999999999,-0.0010422,-0.0010422,-0.0010422,-0.0010422,-0.0010422,-0.0010422,-0.0013722,-0.0013722,-0.0013722,-0.0013722,-0.0013722,-0.0013722
2023-07-10 00:00:00-04:00,0.0044778,0.0,0.0044778,0.0,0.0021678,0.0,0.0028277999999999997,0.0,0.0028277999999999997,0.0,0.0028277999999999997,0.0,0.0028277999999999997,0.0,0.0028277999999999997,0.0,0.0028277999999999997,0.0
2023-07-11 00:00:00-04:00,0.0004128,0.0004128,0.0004128,0.0004128,0.0004128,0.0004128,0.0004128,0.0004128,0.0004128,0.0004128,0.0004128,0.0004128,0.0004128,0.0004128,0.0004128,0.0004128,0.0004128,0.0004128
2023-07-12 00:00:00-04:00,-0.0010422,0.00020280000000000002,-0.0007272,0.00020280000000000002,-0.0007272,0.00020280000000000002,0.00020280000000000002,0.00020280000000000002,0.00020280000000000002,0.00020280000000000002,0.00020280000000000002,0.00020280000000000002,0.00020280000000000002,0.00020280000000000002,0.00020280000000000002,0.00020280000000000002,0.00020280000000000002,0.00020280000000000002
2023-07-13 00:00:00-04:00,0.0007428000000000001,0.0007428000000000001,0.0007428000000000001,0.0007428000000000001,0.0017778,0.0017778,0.00044280000000000003,0.00044280000000000003,0.00044280000000000003,0.00044280000000000003,0.0023778000000000002,0.0023778000000000002,0.00044280000000000003,0.00044280000000000003,0.00044280000000000003,0.00044280000000000003,0.0023778000000000002,0.0023778000000000002
2023-07-14 00:00:00-04:00,-0.0022422,0.0007428000000000001,-0.0013871999999999999,0.0007428000000000001,-0.0013871999999999999,0.0007428000000000001,0.0007428000000000001,0.0007428000000000001,0.0007428000000000001,0.0007428000000000001,0.0007428000000000001,0.0007428000000000001,0.0007428000000000001,0.0007428000000000001,0.0007428000000000001,0.0007428000000000001,0.0007428000000000001,0.0007428000000000001
2023-07-17 00:00:00-04:00,0.0005928,0.0005928,0.0005928,0.0005928,0.0011178,0.0011178,0.0005928,0.0005928,0.0005928,0.0005928,0.0011178,0.0011178,2.2799999999999995e-05,2.2799999999999995e-05,2.2799999999999995e-05,2.2799999999999995e-05,2.2799999999999995e-05,2.2799999999999995e-05
2023-07-18 00:00:00-04:00,-0.0005922,0.0,-0.0007122,0.0,-0.0007122,0.0,-0.0013572,0.0,-0.0014772,0.0,-0.0014772,0.0,-0.0013572,0.0,-0.0014772,0.0,-0.0014772,0.0
2023-07-19 00:00:00-04:00,-0.0006221999999999999,-8.22e-05,-0.0005622,-0.0005922,-0.0005622,-0.0005922,-0.0006221999999999999,-8.22e-05,-0.0005622,-0.0005922,-0.0005622,-0.0005922,-8.22e-05,-8.22e-05,-8.22e-05,-8.22e-05,-8.22e-05,-8.22e-05
2023-07-20 00:00:00-04:00,0.0014778,0.0014778,0.0014778,0.0014778,0.0014778,0.0014778,0.0013278,0.0013278,0.0013278,0.0013278,0.0013278,0.0013278,0.0009828,0.0009828,0.0009828,0.0009828,0.0009828,0.0009828
2023-07-21 00:00:00-04:00,0.0008952,0.0008952,0.0008952,0.0008952,0.0008952,0.0008952,0.0008952,0.0008952,0.0008952,0.0008952,0.0008952,0.0008952,0.00033519999999999996,0.00033519999999999996,0.00033519999999999996,0.00033519999999999996,0.00033519999999999996,0.00033519999999999996
2023-07-24 00:00:00-04:00,-0.0007272,-0.0007272,-0.0009521999999999999,-0.0009521999999999999,-0.0009521999999999999,-0.0009521999999999999,-0.0011622,-0.0011622,-0.0013871999999999999,-0.0013871999999999999,-0.0013871999999999999,-0.0013871999999999999,-0.0004422,0.0,-0.0017322,0.0,-0.0017322,0.0
2023-07-25 00:00:00-04:00,-0.0007272,0.0,-0.0007272,0.0,-0.0007272,0.0,0.0,0.0,0.0,0.0,0.0,0.0,0.0,0.0,0.0,0.0,0.0,0.0
2023-07-26 00:00:00-04:00,-0.0004248,-4.4800000000000005e-05,-0.00039480000000000006,-4.4800000000000005e-05,-0.00039480000000000006,0.0006452,-4.4800000000000005e-05,-4.4800000000000005e-05,-4.4800000000000005e-05,-4.4800000000000005e-05,-4.4800000000000005e-05,-4.4800000000000005e-05,-4.4800000000000005e-05,-4.4800000000000005e-05,-4.4800000000000005e-05,-4.4800000000000005e-05,-4.4800000000000005e-05,-4.4800000000000005e-05
2023-07-27 00:00:00-04:00,0.0035327999999999996,0.0035327999999999996,0.0035327999999999996,0.0035327999999999996,0.0016278,0.0016278,0.0031728,0.0031728,0.0031728,0.0031728,0.0023478,0.0023478,0.0020628,0.0020628,0.0020628,0.0020628,0.0020628,0.0020628
2023-07-28 00:00:00-04:00,0.0019878,0.0019878,-0.0017472,-0.0017472,0.0032478,0.0032478,0.0019878,0.0019878,-0.0017472,-0.0017472,0.0032478,0.0032478,0.0015378,0.0015378,-0.0021972,-0.0021972,-0.0021972,-0.0021972
2023-07-31 00:00:00-04:00,0.0028428,0.0,0.0028428,0.0,0.0020178,0.0,0.0018528,0.0,0.0018528,0.0,0.0018528,0.0,0.0006978,0.0,0.0006978,0.0,0.0006978,0.0
2023-08-01 00:00:00-04:00,-0.0006221999999999999,-0.0006221999999999999,-0.0008172,-0.0008172,-0.0008172,-0.0008172,-0.0008922,-0.0008922,-0.0008922,-0.0008922,-0.0008922,-0.0008922,-0.0012222,-0.0012222,-0.0012222,-0.0012222,-0.0012222,-0.0012222
2023-08-02 00:00:00-04:00,-0.0027522000000000002,-0.0027522000000000002,-0.0017622,-0.0017622,-0.0017622,-0.0017622,-0.0027522000000000002,-0.0027522000000000002,-0.0017622,-0.0017622,-0.0017622,-0.0017622,-0.0042372,-0.0042372,-0.0032472000000000004,-0.0032472000000000004,-0.0032472000000000004,-0.0032472000000000004
2023-08-03 00:00:00-04:00,0.0002752,-0.0017847999999999998,-0.0012947999999999998,-0.0011948,-0.0012947999999999998,-0.0011948,-0.0017847999999999998,-0.0017847999999999998,-0.0016247999999999998,-0.0016247999999999998,-0.0016247999999999998,-0.0016247999999999998,-0.0017847999999999998,-0.0017847999999999998,-0.0016247999999999998,-0.0016247999999999998,-0.0016247999999999998,-0.0016247999999999998
2023-08-04 00:00:00-04:00,0.0037727999999999998,0.0037727999999999998,0.0037727999999999998,0.0037727999999999998,0.0025878,0.0025878,0.0029777999999999996,0.0029777999999999996,0.0029777999999999996,0.0029777999999999996,0.0029777999999999996,0.0029777999999999996,0.0024528,0.0024528,0.0024528,0.0024528,0.0024528,0.0024528
2023-08-07 00:00:00-04:00,0.0007278,0.0007278,0.0007278,0.0007278,0.0007278,0.0007278,0.0003678,0.0003678,0.0003678,0.0003678,0.0003678,0.0003678,-0.0001272,-0.0001272,-0.0001272,-0.0001272,-0.0001272,-0.0001272
2023-08-08 00:00:00-04:00,0.0034728,0.0,0.0034728,0.0,0.0023478,0.0,0.0034728,0.0,0.0034728,0.0,0.0023478,0.0,0.0034728,0.0,0.0034728,0.0,0.0023478,0.0
2023-08-09 00:00:00-04:00,0.0008028,0.0008028,0.0008028,0.0008028,0.0008028,0.0008028,0.0004278,0.0004278,0.0004278,0.0004278,0.0004278,0.0004278,0.00027780000000000003,0.00027780000000000003,0.00027780000000000003,0.00027780000000000003,0.00027780000000000003,0.00027780000000000003
2023-08-10 00:00:00-04:00,0.0006852,0.0006852,-0.0005748000000000001,-0.0005748000000000001,-0.0005748000000000001,-0.0005748000000000001,0.00035519999999999996,0.00035519999999999996,-0.0009048000000000001,-0.0009048000000000001,-0.0009048000000000001,-0.0009048000000000001,-9.48e-05,-9.48e-05,-9.48e-05,-9.48e-05,-9.48e-05,-9.48e-05
2023-08-11 00:00:00-04:00,-0.0015521999999999999,-0.0015521999999999999,-0.0007122,-0.0007122,-0.0007122,-0.0007122,-0.0023922,-0.0023922,-0.0015521999999999999,-0.0015521999999999999,-0.0015521999999999999,-0.0015521999999999999,0.0002928,0.0,0.0002928,0.0,0.0002928,0.0
2023-08-14 00:00:00-04:00,0.0028878,0.0,0.0028878,0.0,0.0029178,0.0,0.0028878,0.0,0.0028878,0.0,0.0029178,0.0,0.0009378,0.0,0.0009378,0.0,0.0009378,0.0
2023-08-15 00:00:00-04:00,-0.0006348,-0.0001048,-0.0005348,-0.0006648,-0.0005348,-0.0006648,-0.0006348,-0.0001048,-0.0006148000000000001,-0.0006648,-0.0006148000000000001,-0.0006648,-0.0001048,-0.0001048,-0.0001048,-0.0001048,-0.0001048,-0.0001048
2023-08-16 00:00:00-04:00,-0.00032480000000000003,-0.0010548,-0.0008748,-0.0011048,-0.0008748,-0.0011048,-0.00032480000000000003,-0.0010548,-0.0008748,-0.0011048,-0.0008748,-0.0011048,-0.0010548,-0.0010548,-0.0010548,-0.0010548,-0.0010548,-0.0010548
2023-08-17 00:00:00-04:00,-0.0007048,-0.00034480000000000003,-0.0009648,-0.0007648,-0.0009648,-0.0007648,-0.0009948000000000001,-0.00034480000000000003,-0.0012548000000000001,-0.00034480000000000003,-0.0012548000000000001,-0.00034480000000000003,-0.00034480000000000003,-0.00034480000000000003,-0.00034480000000000003,-0.00034480000000000003,-0.00034480000000000003,-0.00034480000000000003
2023-08-18 00:00:00-04:00,-0.0008772,-0.0008772,-0.0018821999999999999,-0.0018821999999999999,-0.0018821999999999999,-0.0018821999999999999,-0.0008772,-0.0008772,-0.0018821999999999999,-0.0018821999999999999,-0.0018821999999999999,-0.0018821999999999999,-0.0012072,-0.0012072,-0.0022122,-0.0022122,-0.0022122,-0.0022122
2023-08-21 00:00:00-04:00,-0.0033972000000000004,-0.0033972000000000004,-0.0011322,-0.0011322,-0.0011322,-0.0011322,-0.0037422,-0.0037422,-0.0014772,-0.0014772,-0.0014772,-0.0014772,0.0015378,0.0,0.0015378,0.0,0.0015378,0.0
2023-08-22 00:00:00-04:00,0.00033519999999999996,0.00033519999999999996,0.00033519999999999996,0.00033519999999999996,0.00033519999999999996,0.00033519999999999996,0.00033519999999999996,0.00033519999999999996,0.00033519999999999996,0.00033519999999999996,0.00033519999999999996,0.00033519999999999996,4.5199999999999994e-05,4.5199999999999994e-05,4.5199999999999994e-05,4.5199999999999994e-05,4.5199999999999994e-05,4.5199999999999994e-05
2023-08-23 00:00:00-04:00,0.0026027999999999997,0.0026027999999999997,0.0026027999999999997,0.0026027999999999997,0.0028277999999999997,0.0028277999999999997,0.0021828,0.0021828,0.0021828,0.0021828,0.0021828,0.0021828,0.0018078,0.0018078,0.0018078,0.0018078,0.0018078,0.0018078
2023-08-24 00:00:00-04:00,0.0020152,0.0,0.0020152,0.0,0.0021452000000000003,0.0,0.0015952000000000002,0.0,0.0015952000000000002,0.0,0.0015952000000000002,0.0,0.0015952000000000002,0.0,0.0015952000000000002,0.0,0.0015952000000000002,0.0
2023-08-25 00:00:00-04:00,-0.00040480000000000003,-0.00040480000000000003,-0.00040480000000000003,-0.00040480000000000003,-0.00040480000000000003,-0.00040480000000000003,-0.00040480000000000003,-0.00040480000000000003,-0.00040480000000000003,-0.00040480000000000003,-0.00040480000000000003,-0.00040480000000000003,-0.00040480000000000003,-0.00040480000000000003,-0.00040480000000000003,-0.00040480000000000003,-0.00040480000000000003,-0.00040480000000000003
2023-08-28 00:00:00-04:00,-0.0010048000000000001,-0.0010048000000000001,-0.0012947999999999998,-0.0012947999999999998,-0.0012947999999999998,-0.0012947999999999998,-0.0004248,0.0,-0.0015347999999999998,0.0,-0.0015347999999999998,0.0,-0.0004248,0.0,-0.0004248,0.0,-0.0004248,0.0
2023-08-29 00:00:00-04:00,0.0011451999999999999,0.0,0.0011451999999999999,0.0,0.0011451999999999999,0.0,0.0011451999999999999,0.0,0.0011451999999999999,0.0,0.0011451999999999999,0.0,0.0008152,0.0,0.0008152,0.0,0.0008152,0.0
2023-08-30 00:00:00-04:00,-0.0009648,0.0,-0.0007948,0.0,-0.0007948,0.0,-0.0011348,0.0,-0.0009648,0.0,-0.0009648,0.0,-0.0011348,0.0,-0.0009648,0.0,-0.0009648,0.0
2023-08-31 00:00:00-04:00,-0.0001948,-0.00021480000000000002,-0.00033480000000000006,-0.0003048,-0.00033480000000000006,-0.0003048,-0.00021480000000000002,-0.00021480000000000002,-0.0006648,-0.0006648,-0.0006648,-0.0006648,-0.0008948000000000001,0.0,-0.0010548,0.0,-0.0010548,0.0
2023-09-01 00:00:00-04:00,-0.0002848,-0.0002848,-0.00039480000000000006,-0.00039480000000000006,-0.00039480000000000006,-0.00039480000000000006,-0.0002548,0.0,-0.0002548,0.0,-0.0002548,0.0,-0.00034480000000000003,0.0,-0.00034480000000000003,0.0,-0.00034480000000000003,0.0
2023-09-04 00:00:00-04:00,0.0008152,0.0,0.0008152,0.0,0.0008152,0.0,0.0008152,0.0,0.0008152,0.0,0.0008152,0.0,0.0006351999999999999,0.0,0.0006351999999999999,0.0,0.0006351999999999999,0.0
2023-09-05 00:00:00-04:00,-0.0001848,-0.0001848,-0.0001848,-0.0001848,-0.0001848,-0.0001848,0.0,0.0,0.0,0.0,0.0,0.0,0.0,0.0,0.0,0.0,0.0,0.0
2023-09-06 00:00:00-04:00,-0.0006248,-5.4800000000000004e-05,-0.0005648000000000001,-5.4800000000000004e-05,-0.0005648000000000001,-5.4800000000000004e-05,-5.4800000000000004e-05,-5.4800000000000004e-05,-5.4800000000000004e-05,-5.4800000000000004e-05,-5.4800000000000004e-05,-5.4800000000000004e-05,-5.4800000000000004e-05,-5.4800000000000004e-05,-5.4800000000000004e-05,-5.4800000000000004e-05,-5.4800000000000004e-05,-5.4800000000000004e-05
2023-09-07 00:00:00-04:00,0.0017252,0.0017252,0.0017252,0.0017252,0.0004652,0.0004652,0.0017252,0.0017252,0.0017252,0.0017252,0.0006251999999999999,0.0006251999999999999,0.0012351999999999999,0.0012351999999999999,0.0012351999999999999,0.0012351999999999999,0.0012351999999999999,0.0012351999999999999
2023-09-08 00:00:00-04:00,0.0011352,-0.0019048,-0.00034480000000000003,-0.0006948000000000001,-0.00034480000000000003,-0.0006948000000000001,-0.0022448,-0.0022448,-0.0010848000000000001,-0.0010848000000000001,-0.0010848000000000001,-0.0010848000000000001,0.0,0.0,0.0,0.0,0.0,0.0
2023-09-11 00:00:00-04:00,-0.0020948,-0.0020948,-0.0010148,-0.0010148,-0.0010148,-0.0010148,-0.0020948,-0.0020948,-0.0010148,-0.0010148,-0.0010148,-0.0010148,-0.0022548,-0.0022548,-0.0011748,-0.0011748,-0.0011748,-0.0011748
2023-09-12 00:00:00-04:00,-0.0007048,-0.0007048,-0.0005748000000000001,-0.0005748000000000001,-0.0005748000000000001,-0.0005748000000000001,-0.0007948,-0.0007948,-0.0006648,-0.0006648,-0.0006648,-0.0006648,6.52e-05,0.0,6.52e-05,0.0,6.52e-05,0.0
2023-09-13 00:00:00-04:00,0.0005051999999999999,0.0005051999999999999,-0.00038480000000000003,-0.00038480000000000003,-0.00038480000000000003,-0.00038480000000000003,-0.0010648,-0.0001148,-0.0007048,-0.0010048000000000001,-0.0007048,-0.0010048000000000001,-0.0010648,-0.0001148,-0.0007048,-0.0010048000000000001,-0.0007048,-0.0010048000000000001
2023-09-14 00:00:00-04:00,0.0014152000000000001,0.0,0.0014152000000000001,0.0,0.0009052,0.0,0.0012852,0.0,0.0012852,0.0,0.0011652,0.0,0.0009052,0.0,0.0009052,0.0,0.0009052,0.0
2023-09-15 00:00:00-04:00,0.0007052,-0.0013648,-0.0005848,-0.0006148000000000001,-0.0005848,-0.0006148000000000001,-0.0013648,-0.0013648,-0.0006948000000000001,-0.0006948000000000001,-0.0006948000000000001,-0.0006948000000000001,-0.0013648,-0.0013648,-0.0007848,-0.0007848,-0.0007848,-0.0007848
2023-09-18 00:00:00-04:00,-3.4800000000000006e-05,0.0,-3.4800000000000006e-05,0.0,-3.4800000000000006e-05,0.0,-0.0003048,0.0,-0.0003048,0.0,-0.0003048,0.0,-0.0003048,0.0,-0.0003048,0.0,-0.0003048,0.0
2023-09-19 00:00:00-04:00,0.0011252,0.0,0.0011252,0.0,0.0010452,0.0,0.0011252,0.0,0.0011252,0.0,0.0010452,0.0,0.0008552,0.0,0.0008552,0.0,0.0008552,0.0
2023-09-20 00:00:00-04:00,0.0005752,0.0,0.0005752,0.0,0.0005752,0.0,0.0005352,0.0,0.0005352,0.0,0.0005352,0.0,0.0002452,0.0,0.0002452,0.0,0.0002452,0.0
2023-09-21 00:00:00-04:00,-0.0017748,-0.0017748,-0.0009748000000000001,-0.0009748000000000001,-0.0009748000000000001,-0.0009748000000000001,0.0006251999999999999,0.0,0.0006251999999999999,0.0,0.0006251999999999999,0.0,-0.0001248,0.0,-0.0001248,0.0,-0.0001248,0.0
2023-09-22 00:00:00-04:00,-0.0022948,0.0012351999999999999,-0.0008848,0.0012351999999999999,-0.0008848,0.0015452,-0.0023948,0.0012351999999999999,-0.0009848,0.0012351999999999999,-0.0009848,0.0012351999999999999,0.0012351999999999999,0.0012351999999999999,0.0012351999999999999,0.0012351999999999999,0.0012351999999999999,0.0012351999999999999
2023-09-25 00:00:00-04:00,-0.0017247999999999999,-0.0017247999999999999,-0.0011948,-0.0011948,-0.0011948,-0.0011948,0.0002252,0.0,0.0002252,0.0,0.0002252,0.0,0.0002252,0.0,0.0002252,0.0,0.0002252,0.0
2023-09-26 00:00:00-04:00,0.0017152,0.0017152,0.0017152,0.0017152,0.0019252000000000002,0.0019252000000000002,0.0014552,0.0014552,0.0014552,0.0014552,0.0014552,0.0014552,7.52e-05,7.52e-05,7.52e-05,7.52e-05,7.52e-05,7.52e-05
2023-09-27 00:00:00-04:00,-0.0010948,-0.0010948,-0.0006348,-0.0006348,-0.0006348,-0.0006348,-0.0012148,-0.0012148,-0.0007548,-0.0007548,-0.0007548,-0.0007548,0.0003852,0.0,0.0003852,0.0,0.0003852,0.0
2023-09-28 00:00:00-04:00,-0.0004448,-0.0006648,-0.0006648,-0.0006648,-0.0006648,-0.0006648,-0.0007748000000000001,-0.0006648,-0.0009948000000000001,-0.0006648,-0.0009948000000000001,-0.0006648,-0.0006648,-0.0006648,-0.0006648,-0.0006648,-0.0006648,-0.0006648
2023-09-29 00:00:00-04:00,-0.0019572,-0.0019572,-0.0011022,-0.0011022,-0.0011022,-0.0011022,-0.0021972,-0.0021972,-0.0013422,-0.0013422,-0.0013422,-0.0013422,-0.0034272000000000005,-0.0034272000000000005,-0.0025722,-0.0025722,-0.0025722,-0.0025722
2023-10-02 00:00:00-04:00,-0.0023772,0.0,-0.0017622,0.0,-0.0017622,0.0,-0.0028872000000000004,0.0,-0.0022722,0.0,-0.0022722,0.0,-0.0028872000000000004,0.0,-0.0022722,0.0,-0.0022722,0.0
2023-10-03 00:00:00-04:00,0.0,0.0,0.0,0.0,0.0,0.0,0.0,0.0,0.0,0.0,0.0,0.0,0.0,0.0,0.0,0.0,0.0,0.0
2023-10-04 00:00:00-04:00,-0.0047622,0.0027078,-0.0016722,0.0027078,-0.0016722,0.0027078,0.0027078,0.0027078,0.0027078,0.0027078,0.0027078,0.0027078,0.0020178,0.0020178,0.0020178,0.0020178,0.0020178,0.0020178
2023-10-05 00:00:00-04:00,9.779999999999999e-05,0.0,9.779999999999999e-05,0.0,9.779999999999999e-05,0.0,9.779999999999999e-05,0.0,9.779999999999999e-05,0.0,9.779999999999999e-05,0.0,-0.0003072,0.0,-0.0003072,0.0,-0.0003072,0.0
2023-10-06 00:00:00-04:00,-0.0014022,0.0,-0.0010872,0.0,-0.0010872,0.0,-0.0020022,0.0,-0.0016872,0.0,-0.0016872,0.0,-0.0023622,0.0,-0.0020472,0.0,-0.0020472,0.0
2023-10-09 00:00:00-04:00,-0.0020922,-0.0020922,-0.0020922,-0.0020922,-0.0020922,-0.0020922,-0.0020922,-0.0020922,-0.0020922,-0.0020922,-0.0020922,-0.0020922,-0.0020922,-0.0020922,-0.0020922,-0.0020922,-0.0020922,-0.0020922
2023-10-10 00:00:00-04:00,-2.2200000000000008e-05,0.0,-2.2200000000000008e-05,0.0,-2.2200000000000008e-05,0.0,-0.0004272,0.0,-0.0004272,0.0,-0.0004272,0.0,-0.0006822,0.0,-0.0006822,0.0,-0.0006822,0.0
2023-10-11 00:00:00-04:00,-0.00037480000000000006,-0.00037480000000000006,-0.0007748000000000001,-0.0007748000000000001,-0.0007748000000000001,-0.0007748000000000001,-0.0004648,0.0,-0.0004648,0.0,-0.0004648,0.0,0.0,0.0,0.0,0.0,0.0,0.0
2023-10-12 00:00:00-04:00,0.0,0.0,0.0,0.0,0.0,0.0,0.0,0.0,0.0,0.0,0.0,0.0,0.0,0.0,0.0,0.0,0.0,0.0
2023-10-13 00:00:00-04:00,2.5199999999999996e-05,2.5199999999999996e-05,-0.0007948,-0.0007948,-0.0007948,-0.0007948,0.0,0.0,0.0,0.0,0.0,0.0,0.0,0.0,0.0,0.0,0.0,0.0
2023-10-16 00:00:00-04:00,5.519999999999999e-05,5.519999999999999e-05,5.519999999999999e-05,5.519999999999999e-05,5.519999999999999e-05,5.519999999999999e-05,5.519999999999999e-05,5.519999999999999e-05,5.519999999999999e-05,5.519999999999999e-05,5.519999999999999e-05,5.519999999999999e-05,5.519999999999999e-05,5.519999999999999e-05,5.519999999999999e-05,5.519999999999999e-05,5.519999999999999e-05,5.519999999999999e-05
2023-10-17 00:00:00-04:00,-0.0007848,0.0001352,-0.0005248000000000001,0.0001352,-0.0005248000000000001,0.0001352,0.0001352,0.0001352,0.0001352,0.0001352,0.0001352,0.0001352,-2.4800000000000003e-05,-2.4800000000000003e-05,-2.4800000000000003e-05,-2.4800000000000003e-05,-2.4800000000000003e-05,-2.4800000000000003e-05
2023-10-18 00:00:00-04:00,-0.0002048,0.0,-0.0002048,0.0,-0.0002048,0.0,-0.0002048,0.0,-0.0002048,0.0,-0.0002048,0.0,-0.0002048,0.0,-0.0002048,0.0,-0.0002048,0.0
2023-10-19 00:00:00-04:00,0.0015152000000000002,0.0015152000000000002,-0.0009748000000000001,-0.0009748000000000001,-0.0009748000000000001,-0.0009748000000000001,0.0013452000000000002,0.0013452000000000002,0.0013452000000000002,0.0013452000000000002,0.0013452000000000002,0.0013452000000000002,0.0013452000000000002,0.0013452000000000002,0.0013452000000000002,0.0013452000000000002,0.0013452000000000002,0.0013452000000000002
2023-10-20 00:00:00-04:00,-0.0006648,-0.0002548,-0.0007648,-0.0007748000000000001,-0.0007648,-0.0007748000000000001,-0.0006648,-0.0002548,-0.0007948,-0.0007748000000000001,-0.0007948,-0.0007748000000000001,-0.0002548,-0.0002548,-0.0012348,-0.0012348,-0.0012348,-0.0012348
2023-10-23 00:00:00-04:00,-6.48e-05,-6.48e-05,-0.0006048000000000001,-0.0006048000000000001,-0.0006048000000000001,-0.0006048000000000001,-0.0006148000000000001,-0.0005648000000000001,-0.0010048000000000001,-0.0005648000000000001,-0.0010048000000000001,-0.0005648000000000001,-0.0006148000000000001,-0.0005648000000000001,-0.0010148,-0.0005648000000000001,-0.0010148,-0.0005648000000000001
2023-10-24 00:00:00-04:00,-0.0019848,-0.0019848,-0.0011848,-0.0011848,-0.0011848,-0.0011848,-0.0022148,-0.0022148,-0.0014148,-0.0014148,-0.0014148,-0.0014148,-0.0024348,-0.0024348,-0.0016347999999999998,-0.0016347999999999998,-0.0016347999999999998,-0.0016347999999999998
2023-10-25 00:00:00-04:00,0.0009952,0.0009952,0.0009952,0.0009952,0.0009952,0.0009952,0.0009952,0.0009952,0.0009952,0.0009952,0.0009952,0.0009952,0.0008451999999999999,0.0008451999999999999,0.0008451999999999999,0.0008451999999999999,0.0008451999999999999,0.0008451999999999999
2023-10-26 00:00:00-04:00,0.0010352,0.0010352,0.0010352,0.0010352,0.0010352,0.0010352,0.0010352,0.0010352,0.0010352,0.0010352,0.0010352,0.0010352,0.0004452,0.0004452,0.0004452,0.0004452,0.0004452,0.0004452
2023-10-27 00:00:00-04:00,-0.0017548,-0.0017548,-0.0013548,-0.0013548,-0.0013548,-0.0013548,0.0,0.0,0.0,0.0,0.0,0.0,0.0,0.0,0.0,0.0,0.0,0.0
2023-10-30 00:00:00-04:00,-0.0001348,0.0,-0.0006748,0.0,-0.0006748,0.0,-0.0001248,0.0,-0.0006648,0.0,-0.0006648,0.0,-0.0001248,0.0,-0.0006648,0.0,-0.0006648,0.0
2023-10-31 00:00:00-04:00,0.0016152,0.0016152,0.0016152,0.0016152,0.0018852,0.0018852,0.0012251999999999999,0.0012251999999999999,0.0012251999999999999,0.0012251999999999999,0.0012251999999999999,0.0012251999999999999,0.0012251999999999999,0.0012251999999999999,0.0012251999999999999,0.0012251999999999999,0.0012251999999999999,0.0012251999999999999
2023-11-01 00:00:00-04:00,-0.0002948,-0.00033480000000000006,-0.00047480000000000005,-0.0005448,-0.00047480000000000005,-0.0005448,-0.00033480000000000006,-0.00033480000000000006,-0.0006848000000000001,-0.0006848000000000001,-0.0006848000000000001,-0.0006848000000000001,-0.00047480000000000005,0.0,-0.00047480000000000005,0.0,-0.00047480000000000005,0.0
2023-11-02 00:00:00-04:00,-0.0008548000000000001,-0.0008548000000000001,-0.0006548000000000001,-0.0006548000000000001,-0.0006548000000000001,-0.0006548000000000001,-1.4800000000000004e-05,0.0,-1.4800000000000004e-05,0.0,-1.4800000000000004e-05,0.0,-0.00043480000000000005,0.0,-0.00043480000000000005,0.0,-0.00043480000000000005,0.0
2023-11-03 00:00:00-04:00,-0.0010048000000000001,-0.0010048000000000001,-0.0005948,-0.0005948,-0.0005948,-0.0005948,0.0003152,0.0,0.0003152,0.0,0.0003152,0.0,0.0003152,0.0,0.0003152,0.0,0.0003152,0.0
2023-11-06 00:00:00-05:00,0.0003852,0.0,0.0003852,0.0,0.0003852,0.0,0.0002852,0.0,0.0002852,0.0,0.0002852,0.0,0.0002252,0.0,0.0002252,0.0,0.0002252,0.0
2023-11-07 00:00:00-05:00,-0.0007348000000000001,0.0,-0.0007348000000000001,0.0,-0.0007348000000000001,0.0,0.0,0.0,0.0,0.0,0.0,0.0,0.0,0.0,0.0,0.0,0.0,0.0
2023-11-08 00:00:00-05:00,-0.0012548000000000001,0.0005352,-0.0004848,0.0005352,-0.0004848,0.0005352,-0.0012548000000000001,0.0005352,-0.0005148,0.0005352,-0.0005148,0.0005352,-0.0012548000000000001,0.0005352,-0.0005348,0.0005352,-0.0005348,0.0005352
2023-11-09 00:00:00-05:00,0.0010252,0.0,0.0010252,0.0,0.0007452,0.0,0.0008152,0.0,0.0008152,0.0,0.0008152,0.0,0.0,0.0,0.0,0.0,0.0,0.0
2023-11-10 00:00:00-05:00,0.0001952,0.0,0.0001952,0.0,0.0001952,0.0,-6.48e-05,0.0,-6.48e-05,0.0,-6.48e-05,0.0,-9.48e-05,0.0,-9.48e-05,0.0,-9.48e-05,0.0
2023-11-13 00:00:00-05:00,5.519999999999999e-05,5.519999999999999e-05,-0.0004848,-0.0004848,-0.0004848,-0.0004848,-4.800000000000004e-06,-4.800000000000004e-06,-4.800000000000004e-06,-4.800000000000004e-06,0.0009251999999999999,0.0009251999999999999,-4.800000000000004e-06,-4.800000000000004e-06,-4.800000000000004e-06,-4.800000000000004e-06,0.0009452,0.0009452
2023-11-14 00:00:00-05:00,-0.0006648,-0.0006648,-0.00041480000000000005,-0.00041480000000000005,-0.00041480000000000005,-0.00041480000000000005,0.0001452,0.0,0.0001452,0.0,0.0001452,0.0,-3.4800000000000006e-05,0.0,-3.4800000000000006e-05,0.0,-3.4800000000000006e-05,0.0
2023-11-15 00:00:00-05:00,-0.0012048,-0.0012048,-0.00045480000000000005,-0.00045480000000000005,-0.00045480000000000005,-0.00045480000000000005,-0.0012048,-0.0012048,-0.0005448,-0.0005448,-0.0005448,-0.0005448,0.0005051999999999999,0.0,0.0005051999999999999,0.0,0.0005051999999999999,0.0
2023-11-16 00:00:00-05:00,-0.0005048,-0.0005048,-0.0005048,-0.0005048,0.0012052,0.0012052,-0.0006048000000000001,-0.0006048000000000001,-0.0006048000000000001,-0.0006048000000000001,-0.0006048000000000001,-0.0006048000000000001,-0.0016748,-0.0016748,-0.0016748,-0.0016748,-0.0016748,-0.0016748
2023-11-17 00:00:00-05:00,-0.00039480000000000006,-0.00039480000000000006,-0.00038480000000000003,-0.00038480000000000003,-0.00038480000000000003,-0.00038480000000000003,-0.00039480000000000006,-0.00039480000000000006,-0.00041480000000000005,-0.00041480000000000005,-0.00041480000000000005,-0.00041480000000000005,-0.0004448,-0.0004448,-0.0004648,-0.0004648,-0.0004648,-0.0004648
2023-11-20 00:00:00-05:00,0.0005451999999999999,0.0,0.0005451999999999999,0.0,0.0007852,0.0,0.0005152,0.0,0.0005152,0.0,0.0005152,0.0,0.0001952,0.0,0.0001952,0.0,0.0001952,0.0
2023-11-21 00:00:00-05:00,-0.0001848,-0.0001848,-0.00037480000000000006,-0.00037480000000000006,0.0005851999999999999,0.0005851999999999999,-0.0006048000000000001,-0.0006048000000000001,-0.0007948,-0.0007948,-0.0007948,-0.0007948,-0.0006048000000000001,-0.0006048000000000001,-0.0007948,-0.0007948,-0.0007948,-0.0007948
2023-11-22 00:00:00-05:00,-0.0005048,-0.0005048,-0.00038480000000000003,-0.00038480000000000003,-0.00038480000000000003,-0.00038480000000000003,-0.0005048,-0.0005048,-0.00038480000000000003,-0.00038480000000000003,-0.00038480000000000003,-0.00038480000000000003,-0.0008648,-0.0008648,-0.0007448,-0.0007448,-0.0007448,-0.0007448
2023-11-23 00:00:00-05:00,0.0005152,0.0005152,0.0005152,0.0005152,0.0006652,0.0006652,0.00039519999999999996,0.00039519999999999996,0.00039519999999999996,0.00039519999999999996,0.00039519999999999996,0.00039519999999999996,0.0,0.0,0.0,0.0,0.0,0.0
2023-11-24 00:00:00-05:00,0.0005752,0.0,0.0005752,0.0,0.00032519999999999994,0.0,0.0003052,0.0,0.0003052,0.0,0.0003052,0.0,0.0,0.0,0.0,0.0,0.0,0.0
2023-11-27 00:00:00-05:00,-0.0008948000000000001,-0.0008948000000000001,-0.0005148,-0.0005148,-0.0005148,-0.0005148,0.0001652,0.0,0.0001652,0.0,0.0001652,0.0,0.0001652,0.0,0.0001652,0.0,0.0001652,0.0
2023-11-28 00:00:00-05:00,-0.0005948,-0.0001148,-0.0006148000000000001,-0.0004448,-0.0006148000000000001,-0.0004448,-0.0005948,-0.0001148,-0.0006148000000000001,-0.0004648,-0.0006148000000000001,-0.0004648,-0.0001148,-0.0001148,-0.0007148,-0.0007148,-0.0007148,-0.0007148
2023-11-29 00:00:00-05:00,-0.0005348,0.0,-0.0005348,0.0,-0.0005348,0.0,-0.0005348,0.0,-0.0005348,0.0,-0.0005348,0.0,-0.0005348,0.0,-0.0005348,0.0,-0.0005348,0.0
2023-11-30 00:00:00-05:00,0.00025519999999999997,0.00025519999999999997,-0.00036480000000000003,-0.00036480000000000003,-0.00036480000000000003,-0.00036480000000000003,-0.0007648,0.0001252,-0.0005048,0.0001252,-0.0005048,0.0001252,0.0001252,0.0001252,0.0001252,0.0001252,0.0001252,0.0001252
2023-12-01 00:00:00-05:00,-0.0006672,-0.0006672,-0.0007722,-0.0007722,-0.0007722,-0.0007722,-0.0006672,-0.0006672,-0.0008922,-0.0008922,-0.0008922,-0.0008922,-0.0006672,-0.0006672,-0.0008922,-0.0008922,-0.0008922,-0.0008922
2023-12-04 00:00:00-05:00,-0.0010422,-0.0010422,-0.0006072,-0.0006072,-0.0006072,-0.0006072,0.00027780000000000003,0.0,0.00027780000000000003,0.0,0.00027780000000000003,0.0,0.00027780000000000003,0.0,0.00027780000000000003,0.0,0.00027780000000000003,0.0
2023-12-05 00:00:00-05:00,0.0022878,0.0,0.0022878,0.0,0.0015378,0.0,0.0021078,0.0,0.0021078,0.0,0.0018978,0.0,0.0018678,0.0,0.0018678,0.0,0.0018678,0.0
2023-12-06 00:00:00-05:00,-0.0007722,-0.0007722,-0.0007722,-0.0007722,-0.0007722,-0.0007722,-0.0007722,-0.0007722,-0.0007722,-0.0007722,-0.0007722,-0.0007722,-0.0007722,-0.0007722,-0.0007722,-0.0007722,-0.0007722,-0.0007722
2023-12-07 00:00:00-05:00,0.0010578,0.0,0.0010578,0.0,0.0010878,0.0,0.0007878,0.0,0.0007878,0.0,0.0007878,0.0,0.0,0.0,0.0,0.0,0.0,0.0
2023-12-08 00:00:00-05:00,-7.2000000000000065e-06,-0.0008622,-0.0007421999999999999,-0.0007122,-0.0007421999999999999,-0.0007122,-0.00017219999999999998,-0.0008622,-0.0009072,-0.0009372,-0.0009072,-0.0009372,-0.0008622,-0.0008622,-0.0008622,-0.0008622,-0.0008622,-0.0008622
2023-12-11 00:00:00-05:00,0.00027780000000000003,0.0,-0.0007572,0.0,-0.0007572,0.0,-3.720000000000001e-05,0.0,-0.0010722,0.0,-0.0010722,0.0,-3.720000000000001e-05,0.0,-0.0010722,0.0,-0.0010722,0.0
2023-12-12 00:00:00-05:00,-0.0007122,0.0,-0.0005622,0.0,-0.0005622,0.0,-0.0009072,0.0,-0.0007572,0.0,-0.0007572,0.0,0.0,0.0,0.0,0.0,0.0,0.0
2023-12-13 00:00:00-05:00,-0.0006221999999999999,-0.0006221999999999999,-0.00048719999999999997,-0.00048719999999999997,-0.00048719999999999997,-0.00048719999999999997,-0.0006221999999999999,-0.0006221999999999999,-0.0005322,-0.0005322,-0.0005322,-0.0005322,0.0,0.0,0.0,0.0,0.0,0.0
2023-12-14 00:00:00-05:00,-0.00014220000000000001,-0.00014220000000000001,-0.0014922,-0.0014922,-0.0014922,-0.0014922,-0.00014220000000000001,-0.00014220000000000001,-0.0015222,-0.0015222,-0.0015222,-0.0015222,-0.0002472,-0.0002472,-0.0016272,-0.0016272,-0.0016272,-0.0016272
2023-12-15 00:00:00-05:00,0.0002178,0.0002178,0.0002178,0.0002178,0.0002178,0.0002178,0.00011279999999999999,0.00011279999999999999,0.00011279999999999999,0.00011279999999999999,0.00011279999999999999,0.00011279999999999999,-0.0001272,-0.0001272,-0.0001272,-0.0001272,-0.0001272,-0.0001272
2023-12-18 00:00:00-05:00,0.0006678,0.0006678,0.0006678,0.0006678,0.0013278,0.0013278,0.0006678,0.0006678,0.0006678,0.0006678,0.0013278,0.0013278,0.0005928,0.0005928,0.0005928,0.0005928,0.0014778,0.0014778
2023-12-19 00:00:00-05:00,-0.0008472,-0.00014220000000000001,-0.0008022,-0.00014220000000000001,-0.0008022,-0.00014220000000000001,-0.0008472,-0.00014220000000000001,-0.0008022,-0.00014220000000000001,-0.0008022,-0.00014220000000000001,-0.00014220000000000001,-0.00014220000000000001,-0.00014220000000000001,-0.00014220000000000001,-0.00014220000000000001,-0.00014220000000000001
2023-12-20 00:00:00-05:00,-0.0002172,-0.0002172,-0.0004272,-0.0004272,-0.0004272,-0.0004272,-0.00048719999999999997,-0.00048719999999999997,-0.0006972,-0.0006972,-0.0006972,-0.0006972,-0.00048719999999999997,-0.00048719999999999997,-0.0006972,-0.0006972,-0.0006972,-0.0006972
2023-12-21 00:00:00-05:00,0.0018228,0.0018228,-0.0006372,-0.0006372,-0.0006372,-0.0006372,0.0016878,0.0016878,0.0016878,0.0016878,0.0012978,0.0012978,0.0016878,0.0016878,0.0016878,0.0016878,0.0014778,0.0014778
2023-12-22 00:00:00-05:00,0.0003528,0.0,0.0003528,0.0,0.0003528,0.0,0.0003528,0.0,0.0003528,0.0,0.0003528,0.0,-9.72e-05,0.0,-9.72e-05,0.0,-9.72e-05,0.0
2023-12-26 00:00:00-05:00,0.0015678,0.0015678,0.0015678,0.0015678,0.0006978,0.0006978,0.0013428000000000001,0.0013428000000000001,0.0013428000000000001,0.0013428000000000001,0.0011478,0.0011478,0.0010728,0.0010728,0.0010728,0.0010728,0.0010728,0.0010728
2023-12-27 00:00:00-05:00,-0.0008472,0.00023280000000000002,-0.0003972,-0.00048719999999999997,-0.0003972,-0.00048719999999999997,-0.0010122,0.0,-0.0007272,0.0,-0.0007272,0.0,0.0,0.0,0.0,0.0,0.0,0.0
2023-12-28 00:00:00-05:00,0.0001428,0.0001428,0.0001428,0.0001428,0.0001428,0.0001428,3.779999999999999e-05,3.779999999999999e-05,3.779999999999999e-05,3.779999999999999e-05,3.779999999999999e-05,3.779999999999999e-05,0.0,0.0,0.0,0.0,0.0,0.0
2023-12-29 00:00:00-05:00,-0.0010722,0.0,-0.0010572,0.0,-0.0010572,0.0,-0.0010722,0.0,-0.0010572,0.0,-0.0010572,0.0,-0.0010722,0.0,-0.0010572,0.0,-0.0010572,0.0
2024-01-02 00:00:00-05:00,0.0008478,0.0,0.0008478,0.0,0.0008478,0.0,0.0008478,0.0,0.0008478,0.0,0.0008478,0.0,0.0002628,0.0,0.0002628,0.0,0.0002628,0.0
2024-01-03 00:00:00-05:00,-0.0002172,0.0,-0.0002172,0.0,-0.0002172,0.0,-0.0003972,0.0,-0.0003972,0.0,-0.0003972,0.0,-0.0003972,0.0,-0.0003972,0.0,-0.0003972,0.0
2024-01-04 00:00:00-05:00,-0.0009372,0.0,-0.0004272,0.0,0.0006078,0.0,-0.0011022,0.0,-0.0007122,0.0,-0.0007122,0.0,-0.0013122,0.0,-0.0009222,0.0,-0.0009222,0.0
2024-01-05 00:00:00-05:00,0.0025727999999999997,0.0,0.0025727999999999997,0.0,0.0014178,0.0,0.0021378,0.0,0.0021378,0.0,0.0023478,0.0,0.0021378,0.0,0.0021378,0.0,0.0023478,0.0
2024-01-08 00:00:00-05:00,0.0027977999999999996,0.0,0.0027977999999999996,0.0,0.0015378,0.0,0.0027977999999999996,0.0,0.0027977999999999996,0.0,0.0015378,0.0,0.0014328,0.0,0.0014328,0.0,0.0014328,0.0
2024-01-09 00:00:00-05:00,-0.0002948,-0.0002948,-0.0002948,-0.0002948,-0.0002948,-0.0002948,-0.00038480000000000003,-0.00038480000000000003,-0.00045480000000000005,-0.00045480000000000005,-0.00045480000000000005,-0.00045480000000000005,-0.00038480000000000003,-0.00038480000000000003,-0.0004848,-0.0004848,-0.0004848,-0.0004848
2024-01-10 00:00:00-05:00,0.0003852,-0.0010748,-0.0006348,-0.0004648,-0.0006348,-0.0004648,-0.0010748,-0.0010748,-0.0006648,-0.0006648,-0.0006648,-0.0006648,-0.0010748,-0.0010748,-0.0006648,-0.0006648,-0.0006648,-0.0006648
2024-01-11 00:00:00-05:00,0.0005752,0.0005752,0.0005752,0.0005752,0.0005752,0.0005752,0.0005752,0.0005752,0.0005752,0.0005752,0.0005752,0.0005752,0.0005752,0.0005752,0.0005752,0.0005752,0.0005752,0.0005752
2024-01-12 00:00:00-05:00,0.0007151999999999999,0.0007151999999999999,0.0007151999999999999,0.0007151999999999999,0.0007151999999999999,0.0007151999999999999,0.0007151999999999999,0.0007151999999999999,0.0007151999999999999,0.0007151999999999999,0.0007151999999999999,0.0007151999999999999,0.00041519999999999995,0.00041519999999999995,0.00041519999999999995,0.00041519999999999995,0.00041519999999999995,0.00041519999999999995
2024-01-15 00:00:00-05:00,-0.0022548,0.0015752000000000001,-0.00038480000000000003,0.0015752000000000001,-0.00038480000000000003,0.0010852,0.0015752000000000001,0.0015752000000000001,0.0015752000000000001,0.0015752000000000001,0.0015452,0.0015452,0.0015752000000000001,0.0015752000000000001,0.0015752000000000001,0.0015752000000000001,0.0016652000000000001,0.0016652000000000001
2024-01-16 00:00:00-05:00,-0.0014322,-0.0014322,-0.0014172,-0.0014172,-0.0014172,-0.0014172,-0.0016872,-0.0016872,-0.0016722,-0.0016722,-0.0016722,-0.0016722,0.0,0.0,0.0,0.0,0.0,0.0
2024-01-17 00:00:00-05:00,0.0061128,0.0,0.0061128,0.0,0.0018078,0.0,0.0061128,0.0,0.0061128,0.0,0.0018078,0.0,0.0058728,0.0,0.0058728,0.0,0.0023778000000000002,0.0
2024-01-18 00:00:00-05:00,-0.0024672,0.0,-0.0012672,0.0,-0.0012672,0.0,-0.0024672,0.0,-0.0012672,0.0,-0.0012672,0.0,-0.0031872000000000003,0.0,-0.0019872,0.0,-0.0019872,0.0
2024-01-19 00:00:00-05:00,-0.0011148,7.52e-05,-0.0009248,7.52e-05,-0.0009248,7.52e-05,7.52e-05,7.52e-05,7.52e-05,7.52e-05,7.52e-05,7.52e-05,7.52e-05,7.52e-05,7.52e-05,7.52e-05,7.52e-05,7.52e-05
2024-01-22 00:00:00-05:00,5.519999999999999e-05,0.0,5.519999999999999e-05,0.0,5.519999999999999e-05,0.0,-0.0002748,0.0,-0.0002748,0.0,-0.0002748,0.0,-0.0002748,0.0,-0.0002748,0.0,-0.0002748,0.0
2024-01-23 00:00:00-05:00,-0.0008048,-0.0001048,-0.0006748,-0.0001048,-0.0006748,-0.0001048,-0.0008048,-0.0001048,-0.0006748,-0.0001048,-0.0006748,-0.0001048,-0.00045480000000000005,-0.00045480000000000005,-0.00045480000000000005,-0.00045480000000000005,-0.00045480000000000005,-0.00045480000000000005
2024-01-24 00:00:00-05:00,-0.0019748,0.0013152,-0.0005848,0.0013152,-0.0005848,0.0010252,0.0013152,0.0013152,0.0013152,0.0013152,0.0013252000000000001,0.0013252000000000001,0.0013152,0.0013152,0.0013152,0.0013152,0.0013252000000000001,0.0013252000000000001
2024-01-25 00:00:00-05:00,-0.00033480000000000006,0.0,-0.00033480000000000006,0.0,-0.00033480000000000006,0.0,-0.0011348,0.0,-0.0011348,0.0,-0.0011348,0.0,-0.0013947999999999999,0.0,-0.0013947999999999999,0.0,-0.0013947999999999999,0.0
2024-01-26 00:00:00-05:00,-0.0013248,-0.0013248,-0.0009048000000000001,-0.0009048000000000001,-0.0009048000000000001,-0.0009048000000000001,-0.0013248,-0.0013248,-0.0009048000000000001,-0.0009048000000000001,-0.0009048000000000001,-0.0009048000000000001,-0.0013248,-0.0013248,-0.0009648,-0.0009648,-0.0009648,-0.0009648
2024-01-29 00:00:00-05:00,0.0010428,0.0010428,0.0010428,0.0010428,0.0010428,0.0010428,0.0004278,0.0004278,0.0004278,0.0004278,0.0004278,0.0004278,0.0003078,0.0003078,0.0003078,0.0003078,0.0003078,0.0003078
2024-01-30 00:00:00-05:00,0.0005051999999999999,0.0,0.0005051999999999999,0.0,0.0005051999999999999,0.0,0.0,0.0,0.0,0.0,0.0,0.0,0.0,0.0,0.0,0.0,0.0,0.0
2024-01-31 00:00:00-05:00,-0.0008748,-0.0008748,-0.00040480000000000003,-0.00040480000000000003,-0.00040480000000000003,-0.00040480000000000003,0.0001852,0.0,-0.0006548000000000001,0.0,-0.0006548000000000001,0.0,-0.0001848,0.0,-0.0010248,0.0,-0.0010248,0.0
2024-02-01 00:00:00-05:00,0.0009151999999999999,-0.0017847999999999998,-0.0006848000000000001,-0.0006548000000000001,-0.0006848000000000001,-0.0006548000000000001,-0.0017847999999999998,-0.0017847999999999998,-0.0010048000000000001,-0.0010048000000000001,-0.0010048000000000001,-0.0010048000000000001,-0.0017847999999999998,-0.0017847999999999998,-0.0010748,-0.0010748,-0.0010748,-0.0010748
2024-02-02 00:00:00-05:00,-0.00039480000000000006,-0.00039480000000000006,-0.0007748000000000001,-0.0007748000000000001,-0.0007748000000000001,-0.0007748000000000001,-0.0007548,-0.0007548,-0.0011348,-0.0011348,-0.0011348,-0.0011348,0.0,0.0,0.0,0.0,0.0,0.0
2024-02-05 00:00:00-05:00,-0.0009948000000000001,0.0,-0.0005848,0.0,-0.0005848,0.0,0.0,0.0,0.0,0.0,0.0,0.0,0.0,0.0,0.0,0.0,0.0,0.0
2024-02-06 00:00:00-05:00,0.0007951999999999999,0.0007951999999999999,0.0007951999999999999,0.0007951999999999999,0.0008252,0.0008252,0.0004652,0.0004652,0.0004652,0.0004652,0.0004652,0.0004652,0.0004652,0.0004652,0.0004652,0.0004652,0.0004652,0.0004652
2024-02-07 00:00:00-05:00,-0.0025248,-0.0025248,-0.0021248,-0.0021248,-0.0021248,-0.0021248,0.0002952,0.0,0.0002952,0.0,0.0002952,0.0,0.0002952,0.0,0.0002952,0.0,0.0002952,0.0
2024-02-08 00:00:00-05:00,0.00043519999999999995,0.00043519999999999995,-0.0002748,-0.0002748,-0.0002748,-0.0002748,0.0001852,0.0001852,0.0001852,0.0001852,0.0001852,0.0001852,-8.48e-05,-8.48e-05,-8.48e-05,-8.48e-05,-8.48e-05,-8.48e-05
2024-02-09 00:00:00-05:00,-0.0002448,-0.00023480000000000002,-0.00039480000000000006,-0.00023480000000000002,-0.00039480000000000006,-0.00023480000000000002,-0.0002748,-0.00023480000000000002,-0.0004248,-0.00023480000000000002,-0.0004248,-0.00023480000000000002,-0.00023480000000000002,-0.00023480000000000002,-0.00023480000000000002,-0.00023480000000000002,-0.00023480000000000002,-0.00023480000000000002
2024-02-12 00:00:00-05:00,-0.0006048000000000001,-0.0006048000000000001,-0.0002448,-0.0002448,-0.0002448,-0.0002448,0.0002852,0.0,0.0002852,0.0,0.0002852,0.0,0.0002852,0.0,0.0002852,0.0,0.0002852,0.0
2024-02-13 00:00:00-05:00,0.0006652,0.0006652,-0.0004648,-0.0004648,-0.0004648,-0.0004648,0.0006652,0.0006652,0.0006652,0.0006652,0.0006652,0.0006652,0.0006652,0.0006652,0.0006652,0.0006652,0.0006652,0.0006652
2024-02-14 00:00:00-05:00,-0.0012248,0.0,-0.0006348,0.0,-0.0006348,0.0,0.0,0.0,0.0,0.0,0.0,0.0,0.0,0.0,0.0,0.0,0.0,0.0
2024-02-15 00:00:00-05:00,-0.0020548,0.0008451999999999999,-0.0011048,0.0008451999999999999,-0.0011048,0.0008451999999999999,0.0008451999999999999,0.0008451999999999999,0.0008451999999999999,0.0008451999999999999,0.0008451999999999999,0.0008451999999999999,0.0008451999999999999,0.0008451999999999999,0.0008451999999999999,0.0008451999999999999,0.0008451999999999999,0.0008451999999999999
2024-02-16 00:00:00-05:00,-0.0014348,0.0006852,-0.0006348,0.0006852,-0.0006348,0.0006852,-0.0014348,0.0005652,-0.0006648,0.0005652,-0.0006648,0.0005652,0.0005652,0.0005652,0.0005652,0.0005652,0.0005652,0.0005652
2024-02-19 00:00:00-05:00,0.0002852,0.0,0.0002852,0.0,0.0009651999999999999,0.0,-0.0006948000000000001,0.0,-0.0006948000000000001,0.0,-0.0006948000000000001,0.0,0.0,0.0,0.0,0.0,0.0,0.0
2024-02-20 00:00:00-05:00,-0.0016648,-0.0016648,-0.0006648,-0.0006648,-0.0006648,-0.0006648,0.0007452,0.0,0.0007452,0.0,0.0021652,0.0,-0.0011748,0.0,-0.0011748,0.0,-0.0011748,0.0
2024-02-21 00:00:00-05:00,0.0002852,0.0002852,0.0002852,0.0002852,0.0002852,0.0002852,0.0002852,0.0002852,0.0002852,0.0002852,0.0002852,0.0002852,0.0,0.0,0.0,0.0,0.0,0.0
2024-02-22 00:00:00-05:00,0.0017252,0.0017252,-0.0006248,-0.0006248,-0.0006248,-0.0006248,0.0013052,0.0013052,-0.0010448,-0.0010448,-0.0010448,-0.0010448,0.0011352,0.0011352,0.0011352,0.0011352,0.0011352,0.0011352
2024-02-23 00:00:00-05:00,0.0002052,0.0002052,0.0002052,0.0002052,0.0002052,0.0002052,5.199999999999996e-06,5.199999999999996e-06,5.199999999999996e-06,5.199999999999996e-06,5.199999999999996e-06,5.199999999999996e-06,-0.00038480000000000003,-0.00038480000000000003,-0.00038480000000000003,-0.00038480000000000003,-0.00038480000000000003,-0.00038480000000000003
2024-02-26 00:00:00-05:00,-0.00022480000000000002,-0.00022480000000000002,-0.00022480000000000002,-0.00022480000000000002,-0.00022480000000000002,-0.00022480000000000002,-0.0005248000000000001,-0.0005248000000000001,-0.0005248000000000001,-0.0005248000000000001,-0.0005248000000000001,-0.0005248000000000001,-0.0009848,-0.0009848,-0.0009848,-0.0009848,-0.0009848,-0.0009848
2024-02-27 00:00:00-05:00,0.0003052,0.0,-0.0006248,0.0,-0.0006248,0.0,0.0002252,0.0,0.0002252,0.0,0.0002252,0.0,0.0002252,0.0,0.0002252,0.0,0.0002252,0.0
2024-02-28 00:00:00-05:00,-0.0006648,-0.0006648,-0.0007448,-0.0007448,-0.0007448,-0.0007448,-0.0008248,-0.0008248,-0.0009048000000000001,-0.0009048000000000001,-0.0009048000000000001,-0.0009048000000000001,-0.0008248,-0.0008248,-0.0009048000000000001,-0.0009048000000000001,-0.0009048000000000001,-0.0009048000000000001
2024-02-29 00:00:00-05:00,-7.48e-05,-7.48e-05,-7.48e-05,-7.48e-05,0.0007852,0.0007852,-7.48e-05,-7.48e-05,-7.48e-05,-7.48e-05,0.0007852,0.0007852,-0.00021480000000000002,-0.00021480000000000002,-0.00021480000000000002,-0.00021480000000000002,-0.00021480000000000002,-0.00021480000000000002
2024-03-01 00:00:00-05:00,0.0016252,0.0016252,0.0016252,0.0016252,0.0016252,0.0016252,0.0016252,0.0016252,0.0016252,0.0016252,0.0016252,0.0016252,0.0005152,0.0005152,0.0005152,0.0005152,0.0005152,0.0005152
2024-03-04 00:00:00-05:00,9.52e-05,9.52e-05,9.52e-05,9.52e-05,9.52e-05,9.52e-05,8.52e-05,8.52e-05,8.52e-05,8.52e-05,8.52e-05,8.52e-05,-4.4800000000000005e-05,-4.4800000000000005e-05,-4.4800000000000005e-05,-4.4800000000000005e-05,-4.4800000000000005e-05,-4.4800000000000005e-05
2024-03-05 00:00:00-05:00,0.0013752,0.0,0.0013752,0.0,0.0009651999999999999,0.0,0.0008552,0.0,0.0008552,0.0,0.0008552,0.0,0.0003052,0.0,0.0003052,0.0,0.0003052,0.0
2024-03-06 00:00:00-05:00,0.0008252,0.0008252,0.0008252,0.0008252,0.0008252,0.0008252,0.0004052,0.0004052,0.0004052,0.0004052,0.0004052,0.0004052,0.0004052,0.0004052,0.0004052,0.0004052,0.0004052,0.0004052
2024-03-07 00:00:00-05:00,-0.0010448,0.0,-0.0010448,0.0,-0.0010448,0.0,-0.0010448,0.0,-0.0010448,0.0,-0.0010448,0.0,-0.0010448,0.0,-0.0010448,0.0,-0.0010448,0.0
2024-03-08 00:00:00-05:00,0.0004052,0.0004052,0.0004052,0.0004052,0.0011451999999999999,0.0011451999999999999,0.0004052,0.0004052,0.0004052,0.0004052,0.0011451999999999999,0.0011451999999999999,-1.4800000000000004e-05,-1.4800000000000004e-05,-1.4800000000000004e-05,-1.4800000000000004e-05,-1.4800000000000004e-05,-1.4800000000000004e-05
2024-03-11 00:00:00-04:00,-2.4800000000000003e-05,-0.0010548,-0.0009348000000000001,-0.0008648,-0.0009348000000000001,-0.0008648,-0.0001248,0.0,-0.0011848,0.0,-0.0011848,0.0,-0.0011448,0.0,-0.0011448,0.0,-0.0011448,0.0
2024-03-12 00:00:00-04:00,0.0013652,0.0013652,0.0013652,0.0013652,0.0013652,0.0013652,0.0012351999999999999,0.0012351999999999999,0.0012351999999999999,0.0012351999999999999,0.0012351999999999999,0.0012351999999999999,0.0,0.0,0.0,0.0,0.0,0.0
2024-03-13 00:00:00-04:00,7.52e-05,7.52e-05,-0.0003148,-0.0003148,-0.0003148,-0.0003148,-0.0004848,0.0,-0.00041480000000000005,0.0,0.0006652,0.0,-0.0010448,0.0,-0.0009748000000000001,0.0,-0.0009748000000000001,0.0
2024-03-14 00:00:00-04:00,-0.0010148,0.0003152,-0.0006048000000000001,0.0003152,-0.0006048000000000001,0.0003152,0.0003152,0.0003152,0.0003152,0.0003152,0.0003152,0.0003152,0.0003152,0.0003152,0.0003152,0.0003152,0.0003152,0.0003152
2024-03-15 00:00:00-04:00,-0.0014248,-0.0014248,-0.0004948,-0.0004948,-0.0004948,-0.0004948,-0.0017548,-0.0017548,-0.0008248,-0.0008248,-0.0008248,-0.0008248,-0.0021348,-0.0021348,-0.0012048,-0.0012048,-0.0012048,-0.0012048
2024-03-18 00:00:00-04:00,0.0027752,0.0027752,0.0027752,0.0027752,0.0016652000000000001,0.0016652000000000001,0.0027752,0.0027752,0.0027752,0.0027752,0.0016652000000000001,0.0016652000000000001,0.0024252,0.0024252,0.0024252,0.0024252,0.0023652,0.0023652
2024-03-19 00:00:00-04:00,-0.0012748,2.5199999999999996e-05,-0.0010648,-0.0008848,-0.0010648,-0.0008848,-0.0012748,2.5199999999999996e-05,-0.0010648,-0.0008848,-0.0010648,-0.0008848,-0.0017847999999999998,2.5199999999999996e-05,-0.0015748,-0.0016148,-0.0015748,-0.0016148
2024-03-20 00:00:00-04:00,0.0001552,0.0,0.0001552,0.0,0.0001552,0.0,-0.0001448,0.0,-0.0001448,0.0,-0.0001448,0.0,-0.0001448,0.0,-0.0001448,0.0,-0.0001448,0.0
2024-03-21 00:00:00-04:00,-0.0018647999999999998,0.0012052,-0.0005848,0.0012052,-0.0005848,0.0006852,-0.0018647999999999998,0.0012052,-0.0005848,0.0012052,-0.0005848,0.0006852,0.0012052,0.0012052,0.0012052,0.0012052,0.0012052,0.0012052
2024-03-22 00:00:00-04:00,0.0001752,0.0,-0.0005548,0.0,-0.0005548,0.0,0.0001752,0.0,-0.0005548,0.0,-0.0005548,0.0,-0.0001648,0.0,-0.0001648,0.0,0.0016252,0.0
2024-03-25 00:00:00-04:00,0.0011852,-0.0018047999999999999,-0.0005748000000000001,-0.0005348,-0.0005748000000000001,-0.0005348,0.0011852,-0.0018047999999999999,-0.0005748000000000001,-0.0005348,-0.0005748000000000001,-0.0005348,0.0009752,-0.0018047999999999999,-0.0007848,-0.0007048,-0.0007848,-0.0007048
2024-03-26 00:00:00-04:00,-4.4800000000000005e-05,-4.4800000000000005e-05,-0.0005148,-0.0005148,-0.0005148,-0.0005148,-7.48e-05,-7.48e-05,-0.0005448,-0.0005448,-0.0005448,-0.0005448,-0.0001648,-0.0001648,-0.0006348,-0.0006348,-0.0006348,-0.0006348
2024-03-27 00:00:00-04:00,-0.0010148,0.0005551999999999999,-0.00037480000000000006,0.0005551999999999999,-0.00037480000000000006,0.0005451999999999999,-0.0010148,0.0005551999999999999,-0.00037480000000000006,0.0005551999999999999,-0.00037480000000000006,0.0006052,-0.0010648,0.00045519999999999995,-0.0005548,0.00045519999999999995,-0.0005548,0.0009251999999999999
2024-03-28 00:00:00-04:00,0.0001552,0.0001552,0.0001552,0.0001552,0.0001552,0.0001552,0.0,0.0,0.0,0.0,0.0,0.0,0.0,0.0,0.0,0.0,0.0,0.0
2024-04-01 00:00:00-04:00,0.0006452,0.0,0.0006452,0.0,0.0006452,0.0,0.0005152,0.0,0.0005152,0.0,0.0005152,0.0,0.0005152,0.0,0.0005152,0.0,0.0005152,0.0
2024-04-02 00:00:00-04:00,-0.0003048,-0.0003048,-0.0007548,-0.0007548,-0.0007548,-0.0007548,-0.0003048,-0.0003048,-0.0007548,-0.0007548,-0.0007548,-0.0007548,-0.0003048,-0.0003048,-0.0007548,-0.0007548,-0.0007548,-0.0007548
2024-04-03 00:00:00-04:00,0.0012052,0.0,0.0012052,0.0,0.0012052,0.0,0.0006852,0.0,0.0006852,0.0,0.0006852,0.0,0.0006852,0.0,0.0006852,0.0,0.0006852,0.0
2024-04-04 00:00:00-04:00,-0.0007448,-0.0007448,-0.0007448,-0.0007448,-0.0007448,-0.0007448,-0.0007448,-0.0007448,-0.0007448,-0.0007448,-0.0007448,-0.0007448,-0.0007448,-0.0007448,-0.0007448,-0.0007448,-0.0007448,-0.0007448
2024-04-05 00:00:00-04:00,-0.0012648,0.0,-0.0013348,0.0,-0.0013348,0.0,-0.0012648,0.0,-0.0013348,0.0,-0.0013348,0.0,0.0,0.0,0.0,0.0,0.0,0.0
2024-04-08 00:00:00-04:00,-0.0005848,-0.0010348,-0.0014847999999999999,-0.0009548,-0.0014847999999999999,-0.0009548,-0.0010348,-0.0010348,-0.0015748,-0.0015748,-0.0015748,-0.0015748,-0.0010348,-0.0010348,-0.0016447999999999999,-0.0016447999999999999,-0.0016447999999999999,-0.0016447999999999999
2024-04-09 00:00:00-04:00,-0.0006948000000000001,0.0,-0.0004648,0.0,-0.0004648,0.0,-0.0010648,0.0,-0.0008348,0.0,-0.0008348,0.0,-0.0010648,0.0,-0.0008348,0.0,-0.0008348,0.0
2024-04-10 00:00:00-04:00,-0.00037480000000000006,-0.00037480000000000006,-0.00037480000000000006,-0.00037480000000000006,-0.00037480000000000006,-0.00037480000000000006,-0.0005048,-0.0005048,-0.0005048,-0.0005048,-0.0005048,-0.0005048,0.0,0.0,0.0,0.0,0.0,0.0
2024-04-11 00:00:00-04:00,0.0011052,0.0011052,0.0011052,0.0011052,0.0011052,0.0011052,0.0008751999999999999,0.0008751999999999999,0.0008751999999999999,0.0008751999999999999,0.0008751999999999999,0.0008751999999999999,0.0008751999999999999,0.0008751999999999999,0.0008751999999999999,0.0008751999999999999,0.0008751999999999999,0.0008751999999999999
2024-04-12 00:00:00-04:00,-0.0003048,-0.0003048,-0.0003048,-0.0003048,-0.0003048,-0.0003048,-0.0003048,-0.0003048,-0.0003048,-0.0003048,-0.0003048,-0.0003048,0.0,0.0,0.0,0.0,0.0,0.0
2024-04-15 00:00:00-04:00,-0.0023848,0.0,-0.0019848,0.0,-0.0019848,0.0,0.0,0.0,0.0,0.0,0.0,0.0,0.0,0.0,0.0,0.0,0.0,0.0
2024-04-16 00:00:00-04:00,5.519999999999999e-05,0.0,5.519999999999999e-05,0.0,0.0021852,0.0,5.519999999999999e-05,0.0,5.519999999999999e-05,0.0,0.0021852,0.0,5.519999999999999e-05,0.0,5.519999999999999e-05,0.0,0.0021852,0.0
2024-04-17 00:00:00-04:00,0.0015152000000000002,0.0,-0.0016347999999999998,0.0,-0.0016347999999999998,0.0,0.0015152000000000002,0.0,-0.0016347999999999998,0.0,-0.0016347999999999998,0.0,0.0,0.0,0.0,0.0,0.0,0.0
2024-04-18 00:00:00-04:00,0.0020052,0.0020052,0.0020052,0.0020052,0.0010052,0.0010052,0.0016452,0.0016452,0.0016452,0.0016452,0.0017252,0.0017252,0.0016452,0.0016452,0.0016452,0.0016452,0.0017252,0.0017252
2024-04-19 00:00:00-04:00,0.0029452,0.0,0.0029452,0.0,0.0038651999999999996,0.0,0.0025452,0.0,0.0025452,0.0,0.0046651999999999996,0.0,0.0014052000000000001,0.0,0.0014052000000000001,0.0,0.0069451999999999995,0.0
2024-04-22 00:00:00-04:00,-0.0012548000000000001,0.0,-0.0007948,0.0,0.0014252000000000002,0.0,-0.0012548000000000001,0.0,-0.0007948,0.0,0.0014252000000000002,0.0,0.0,0.0,0.0,0.0,0.0,0.0
2024-04-23 00:00:00-04:00,-0.0010848000000000001,0.0,-0.0011448,0.0,-0.0011448,0.0,-0.0010848000000000001,0.0,-0.0011448,0.0,-0.0011448,0.0,-0.0010848000000000001,0.0,-0.0011448,0.0,-0.0011448,0.0
2024-04-24 00:00:00-04:00,0.0014752,0.0,0.0014752,0.0,0.0012251999999999999,0.0,0.0010252,0.0,0.0010252,0.0,0.0010252,0.0,0.0006952,0.0,0.0006952,0.0,0.0006952,0.0
2024-04-25 00:00:00-04:00,-0.0026648,0.0013752,-0.0012448000000000001,0.0013752,-0.0012448000000000001,0.0013752,-0.0026648,0.0013752,-0.0012448000000000001,0.0013752,-0.0012448000000000001,0.0013752,0.0013752,0.0013752,0.0013752,0.0013752,0.0013752,0.0013752
2024-04-26 00:00:00-04:00,0.0001252,0.0,0.0001252,0.0,0.0001252,0.0,0.0001252,0.0,0.0001252,0.0,0.0001252,0.0,0.0001252,0.0,0.0001252,0.0,0.0001252,0.0
2024-04-29 00:00:00-04:00,-0.0018647999999999998,-0.0018647999999999998,-0.0007848,-0.0007848,-0.0007848,-0.0007848,0.0010052,0.0,0.0010052,0.0,0.0010052,0.0,0.0010052,0.0,0.0010052,0.0,0.0010052,0.0
2024-04-30 00:00:00-04:00,-0.0008848,0.0,-0.0006348,0.0,-0.0006348,0.0,-0.0008848,0.0,-0.0006348,0.0,-0.0006348,0.0,-0.0009648,0.0,-0.0007148,0.0,-0.0007148,0.0
2024-05-01 00:00:00-04:00,-0.0002448,-0.0002448,-0.0006048000000000001,-0.0006048000000000001,-0.0006048000000000001,-0.0006048000000000001,-0.0005048,0.0,-0.0005048,0.0,-0.0005048,0.0,-0.0005048,0.0,-0.0005048,0.0,-0.0005048,0.0
2024-05-02 00:00:00-04:00,-0.0009848,-0.0009848,-0.0009648,-0.0009648,-0.0009648,-0.0009648,-5.4800000000000004e-05,0.0,-5.4800000000000004e-05,0.0,-5.4800000000000004e-05,0.0,-0.00022480000000000002,0.0,-0.00022480000000000002,0.0,-0.00022480000000000002,0.0
2024-05-03 00:00:00-04:00,-0.00023480000000000002,0.0,-0.00023480000000000002,0.0,-0.00023480000000000002,0.0,-0.00023480000000000002,0.0,-0.00023480000000000002,0.0,-0.00023480000000000002,0.0,-0.0008748,0.0,-0.0008748,0.0,-0.0008748,0.0
2024-05-06 00:00:00-04:00,8.52e-05,8.52e-05,-0.0006448000000000001,-0.0006448000000000001,-0.0006448000000000001,-0.0006448000000000001,0.0,0.0,0.0,0.0,0.0,0.0,0.0,0.0,0.0,0.0,0.0,0.0
2024-05-07 00:00:00-04:00,-0.0002048,-0.0002048,-0.0005448,-0.0005448,-0.0005448,-0.0005448,-0.0002048,-0.0002048,-0.0005448,-0.0005448,-0.0005448,-0.0005448,0.0,0.0,0.0,0.0,0.0,0.0
2024-05-08 00:00:00-04:00,0.0001752,0.0001752,0.0001752,0.0001752,0.0001752,0.0001752,0.0001752,0.0001752,0.0001752,0.0001752,0.0001752,0.0001752,0.0001752,0.0001752,0.0001752,0.0001752,0.0001752,0.0001752
2024-05-09 00:00:00-04:00,-0.0007948,0.0,-0.0006348,0.0,-0.0006348,0.0,-0.0007948,0.0,-0.0006348,0.0,-0.0006348,0.0,-0.0010148,0.0,-0.0008548000000000001,0.0,-0.0008548000000000001,0.0
2024-05-10 00:00:00-04:00,-0.0001748,-0.0001748,-0.00041480000000000005,-0.00041480000000000005,-0.00041480000000000005,-0.00041480000000000005,-0.0001748,-0.0001748,-0.00041480000000000005,-0.00041480000000000005,-0.00041480000000000005,-0.00041480000000000005,-0.0002648,-0.0002648,-0.0005048,-0.0005048,-0.0005048,-0.0005048
2024-05-13 00:00:00-04:00,0.0015052000000000002,0.0,0.0015052000000000002,0.0,0.0015052000000000002,0.0,0.0015052000000000002,0.0,0.0015052000000000002,0.0,0.0015052000000000002,0.0,0.0014452,0.0,0.0014452,0.0,0.0014452,0.0
2024-05-14 00:00:00-04:00,-0.0003048,-0.0001648,-0.0003148,-0.0001648,-0.0003148,0.0006052,-0.0001648,-0.0001648,-0.0001648,-0.0001648,-0.0001648,-0.0001648,-0.0004448,-0.0004448,-0.0004448,-0.0004448,-0.0004448,-0.0004448
2024-05-15 00:00:00-04:00,-1.4800000000000004e-05,-1.4800000000000004e-05,-0.00047480000000000005,-0.00047480000000000005,-0.00047480000000000005,-0.00047480000000000005,-1.4800000000000004e-05,-1.4800000000000004e-05,-0.00047480000000000005,-0.00047480000000000005,-0.00047480000000000005,-0.00047480000000000005,-0.0006248,0.0,-0.0006248,0.0,-0.0006248,0.0
2024-05-16 00:00:00-04:00,-0.0002448,-0.0002448,-0.0007448,-0.0007448,-0.0007448,-0.0007448,-0.0002448,-0.0002448,-0.0007448,-0.0007448,-0.0007448,-0.0007448,0.0,0.0,0.0,0.0,0.0,0.0
2024-05-17 00:00:00-04:00,0.0001452,0.0001452,-0.00043480000000000005,-0.00043480000000000005,-0.00043480000000000005,-0.00043480000000000005,0.0001452,0.0001452,-0.0005848,-0.0005848,-0.0005848,-0.0005848,0.0001452,0.0001452,-0.0005848,-0.0005848,-0.0005848,-0.0005848
2024-05-20 00:00:00-04:00,0.0001952,0.0001952,0.0001952,0.0001952,0.0001952,0.0001952,0.0001952,0.0001952,0.0001952,0.0001952,0.0001952,0.0001952,0.0001052,0.0001052,0.0001052,0.0001052,0.0001052,0.0001052
2024-05-21 00:00:00-04:00,-0.0004248,-0.0004248,-0.00043480000000000005,-0.00043480000000000005,-0.00043480000000000005,-0.00043480000000000005,-0.0004248,-0.0004248,-0.00043480000000000005,-0.00043480000000000005,-0.00043480000000000005,-0.00043480000000000005,-5.4800000000000004e-05,0.0,-5.4800000000000004e-05,0.0,-5.4800000000000004e-05,0.0
2024-05-22 00:00:00-04:00,0.0001252,0.0001252,-0.0003148,-0.0003148,-0.0003148,-0.0003148,-0.0001648,-0.0001648,-0.0006148000000000001,-0.0006148000000000001,-0.0006148000000000001,-0.0006148000000000001,-0.0001648,-0.0001648,-0.0006448000000000001,-0.0006448000000000001,-0.0006448000000000001,-0.0006448000000000001
2024-05-23 00:00:00-04:00,-0.0035548000000000003,0.0027251999999999997,-0.0006048000000000001,0.0027251999999999997,-0.0006048000000000001,0.0012052,-0.0035548000000000003,0.0027251999999999997,-0.0006048000000000001,0.0027251999999999997,-0.0006048000000000001,0.0013652,0.0027251999999999997,0.0027251999999999997,0.0027251999999999997,0.0027251999999999997,0.0014652,0.0014652
2024-05-24 00:00:00-04:00,-1.4800000000000004e-05,-1.4800000000000004e-05,-1.4800000000000004e-05,-1.4800000000000004e-05,-1.4800000000000004e-05,-1.4800000000000004e-05,-0.0001648,-0.0001648,-0.0001648,-0.0001648,-0.0001648,-0.0001648,-0.0006948000000000001,-0.0006948000000000001,-0.0006948000000000001,-0.0006948000000000001,-0.0006948000000000001,-0.0006948000000000001
2024-05-27 00:00:00-04:00,0.0006751999999999999,0.0006751999999999999,0.0006751999999999999,0.0006751999999999999,0.0006751999999999999,0.0006751999999999999,0.0006351999999999999,0.0006351999999999999,0.0006351999999999999,0.0006351999999999999,0.0006351999999999999,0.0006351999999999999,0.0006351999999999999,0.0006351999999999999,0.0006351999999999999,0.0006351999999999999,0.0006351999999999999,0.0006351999999999999
2024-05-28 00:00:00-04:00,0.00033519999999999996,0.00033519999999999996,0.00033519999999999996,0.00033519999999999996,0.00033519999999999996,0.00033519999999999996,0.00033519999999999996,0.00033519999999999996,0.00033519999999999996,0.00033519999999999996,0.00033519999999999996,0.00033519999999999996,0.00033519999999999996,0.00033519999999999996,0.00033519999999999996,0.00033519999999999996,0.00033519999999999996,0.00033519999999999996
2024-05-29 00:00:00-04:00,0.0021752,0.0,0.0021752,0.0,0.0014852,0.0,0.0021752,0.0,0.0021752,0.0,0.0014852,0.0,0.0015652,0.0,0.0015652,0.0,0.0015652,0.0
2024-05-30 00:00:00-04:00,0.0016752000000000002,0.0,0.0016752000000000002,0.0,0.0010651999999999999,0.0,0.0016752000000000002,0.0,0.0016752000000000002,0.0,0.0010651999999999999,0.0,0.0013852,0.0,0.0013852,0.0,0.0016452,0.0
2024-05-31 00:00:00-04:00,-0.0010548,0.0,-0.0010548,0.0,-0.0010548,0.0,-0.0011948,0.0,-0.0011948,0.0,-0.0011948,0.0,0.0,0.0,0.0,0.0,0.0,0.0
2024-06-03 00:00:00-04:00,0.00039519999999999996,0.00039519999999999996,0.00039519999999999996,0.00039519999999999996,0.00039519999999999996,0.00039519999999999996,-1.4800000000000004e-05,-1.4800000000000004e-05,-1.4800000000000004e-05,-1.4800000000000004e-05,-1.4800000000000004e-05,-1.4800000000000004e-05,-1.4800000000000004e-05,-1.4800000000000004e-05,-1.4800000000000004e-05,-1.4800000000000004e-05,-1.4800000000000004e-05,-1.4800000000000004e-05
2024-06-04 00:00:00-04:00,-0.0007748000000000001,-0.0007748000000000001,-0.0006148000000000001,-0.0006148000000000001,-0.0006148000000000001,-0.0006148000000000001,-0.0011648000000000001,-0.0011648000000000001,-0.0010048000000000001,-0.0010048000000000001,-0.0010048000000000001,-0.0010048000000000001,-2.4800000000000003e-05,0.0,-2.4800000000000003e-05,0.0,-2.4800000000000003e-05,0.0
2024-06-05 00:00:00-04:00,0.0006378,0.0006378,-0.0007722,-0.0007722,-0.0007722,-0.0007722,-0.0017472,0.0004578,-0.0011022,0.0004578,-0.0011022,0.0004578,-0.0023022,0.0004578,-0.0017472,0.0004578,-0.0017472,0.0004578
2024-06-06 00:00:00-04:00,-0.0008322,-0.0006072,-0.0011772,-0.0006072,-0.0011772,-0.0006072,-0.0010122,-0.0006072,-0.0013572,-0.0006072,-0.0013572,-0.0006072,-0.0006072,-0.0006072,-0.0006072,-0.0006072,-0.0006072,-0.0006072
2024-06-07 00:00:00-04:00,0.0006678,0.0006678,0.0006678,0.0006678,0.0006678,0.0006678,0.0006678,0.0006678,0.0006678,0.0006678,0.0006678,0.0006678,0.00044280000000000003,0.00044280000000000003,0.00044280000000000003,0.00044280000000000003,0.00044280000000000003,0.00044280000000000003
2024-06-10 00:00:00-04:00,-6.720000000000001e-05,-6.720000000000001e-05,-6.720000000000001e-05,-6.720000000000001e-05,-6.720000000000001e-05,-6.720000000000001e-05,-6.720000000000001e-05,-6.720000000000001e-05,-6.720000000000001e-05,-6.720000000000001e-05,-6.720000000000001e-05,-6.720000000000001e-05,-6.720000000000001e-05,-6.720000000000001e-05,-6.720000000000001e-05,-6.720000000000001e-05,-6.720000000000001e-05,-6.720000000000001e-05
2024-06-11 00:00:00-04:00,0.0007878,0.0007878,-0.0007871999999999999,-0.0007871999999999999,-0.0007871999999999999,-0.0007871999999999999,0.0007878,0.0007878,-0.0007871999999999999,-0.0007871999999999999,-0.0007871999999999999,-0.0007871999999999999,0.0007878,0.0007878,0.0007878,0.0007878,0.0007878,0.0007878
2024-06-12 00:00:00-04:00,-0.0010722,0.00020280000000000002,-0.0007122,0.00020280000000000002,-0.0007122,0.00020280000000000002,-0.0012522,0.00020280000000000002,-0.0008922,0.00020280000000000002,-0.0008922,0.00020280000000000002,0.00020280000000000002,0.00020280000000000002,0.00020280000000000002,0.00020280000000000002,0.00020280000000000002,0.00020280000000000002
2024-06-13 00:00:00-04:00,0.0004278,0.0004278,0.0004278,0.0004278,0.0004278,0.0004278,-2.2200000000000008e-05,-2.2200000000000008e-05,-2.2200000000000008e-05,-2.2200000000000008e-05,-2.2200000000000008e-05,-2.2200000000000008e-05,-2.2200000000000008e-05,-2.2200000000000008e-05,-2.2200000000000008e-05,-2.2200000000000008e-05,-2.2200000000000008e-05,-2.2200000000000008e-05
2024-06-14 00:00:00-04:00,0.0010878,0.0010878,0.0010878,0.0010878,0.0010878,0.0010878,0.0010878,0.0010878,0.0010878,0.0010878,0.0010878,0.0010878,0.0010878,0.0010878,0.0010878,0.0010878,0.0010878,0.0010878
2024-06-17 00:00:00-04:00,-2.2200000000000008e-05,0.0,-2.2200000000000008e-05,0.0,-2.2200000000000008e-05,0.0,-2.2200000000000008e-05,0.0,-2.2200000000000008e-05,0.0,-2.2200000000000008e-05,0.0,-0.0006221999999999999,0.0,-0.0006221999999999999,0.0,-0.0006221999999999999,0.0
2024-06-18 00:00:00-04:00,-0.0002548,0.0,-0.0002548,0.0,-0.0002548,0.0,-0.00040480000000000003,0.0,-0.00040480000000000003,0.0,-0.00040480000000000003,0.0,-0.0009048000000000001,0.0,-0.0009048000000000001,0.0,-0.0009048000000000001,0.0
2024-06-19 00:00:00-04:00,-0.00037480000000000006,-0.0002048,-0.0004248,-0.00045480000000000005,-0.0004248,-0.00045480000000000005,-0.0002048,-0.0002048,-0.0002048,-0.0002048,-0.0002048,-0.0002048,-0.0002048,-0.0002048,-0.0002048,-0.0002048,-0.0002048,-0.0002048
2024-06-20 00:00:00-04:00,0.0051528,0.0051528,0.0051528,0.0051528,0.0007878,0.0007878,0.005017799999999999,0.005017799999999999,0.005017799999999999,0.005017799999999999,0.0010578,0.0010578,0.0042228,0.0042228,0.0042228,0.0042228,0.0026477999999999996,0.0026477999999999996
2024-06-21 00:00:00-04:00,-0.0015072,0.0,-0.0011622,0.0,-0.0011622,0.0,-0.0019572,0.0,-0.0016122,0.0,-0.0016122,0.0,0.0,0.0,0.0,0.0,0.0,0.0
2024-06-24 00:00:00-04:00,-0.0011922,-0.0011922,-0.0007122,-0.0007122,-0.0007122,-0.0007122,-0.0016272,-0.0016272,-0.0011472,-0.0011472,-0.0011472,-0.0011472,-0.00020219999999999998,0.0,-0.00020219999999999998,0.0,0.0033678,0.0
2024-06-25 00:00:00-04:00,-0.0024522,0.0015678,-0.0006972,0.0015678,0.0011478,0.0012378,-0.0031722000000000005,0.0015678,-0.0014172,0.0015678,-0.0014172,0.0015678,-0.0035922000000000003,0.0015678,-0.0018372,0.0015678,-0.0018372,0.0015678
2024-06-26 00:00:00-04:00,0.0014452,0.0014452,0.0014452,0.0014452,0.0009851999999999999,0.0009851999999999999,0.0010352,0.0010352,0.0010352,0.0010352,0.0010352,0.0010352,0.0007052,0.0007052,0.0007052,0.0007052,0.0007052,0.0007052
2024-06-27 00:00:00-04:00,-0.0026848,0.0009551999999999999,-0.0013147999999999999,0.0009551999999999999,-0.0013147999999999999,0.0009551999999999999,-0.0026848,0.0009551999999999999,-0.0013147999999999999,0.0009551999999999999,-0.0013147999999999999,0.0009551999999999999,0.0009551999999999999,0.0009551999999999999,0.0009551999999999999,0.0009551999999999999,0.0009551999999999999,0.0009551999999999999
2024-06-28 00:00:00-04:00,0.0003228,0.0003228,-0.0006672,-0.0006672,-0.0006672,-0.0006672,-0.0013722,-0.0008248,-0.0010122,-0.0008248,-0.0010122,-0.0008248,-0.0008248,-0.0008248,-0.0008248,-0.0008248,-0.0008248,-0.0008248
2024-07-01 00:00:00-04:00,0.0023928,0.0023928,0.0023928,0.0023928,0.0023928,0.0023928,0.0017628,0.0017628,0.0017628,0.0017628,0.0017628,0.0017628,0.0012978,0.0012978,0.0012978,0.0012978,0.0012978,0.0012978
2024-07-02 00:00:00-04:00,-0.0010572,0.0,-0.0010572,0.0,-0.0010572,0.0,-0.0019572,0.0,-0.0019572,0.0,-0.0019572,0.0,-0.0028872000000000004,0.0,-0.0028872000000000004,0.0,-0.0028872000000000004,0.0
2024-07-03 00:00:00-04:00,-0.0006148000000000001,0.0,-0.0006148000000000001,0.0,-0.0006148000000000001,0.0,-0.0006148000000000001,0.0,-0.0006148000000000001,0.0,-0.0006148000000000001,0.0,-0.0006148000000000001,0.0,-0.0006148000000000001,0.0,-0.0006148000000000001,0.0
2024-07-04 00:00:00-04:00,-0.0005472,-0.0005472,-0.0011022,-0.0011022,-0.0011022,-0.0011022,-0.0005472,-0.0005472,-0.0011022,-0.0011022,-0.0011022,-0.0011022,-0.0005472,-0.0005472,-0.0005472,-0.0005472,-0.0005472,-0.0005472
2024-07-05 00:00:00-04:00,0.0017328,0.0017328,0.0017328,0.0017328,0.0009378,0.0009378,0.0013278,0.0013278,0.0013278,0.0013278,0.0013278,0.0013278,0.0010728,0.0010728,0.0010728,0.0010728,0.0010728,0.0010728
2024-07-08 00:00:00-04:00,-0.0001272,-0.0009072,-0.0009072,-0.0009372,-0.0009072,-0.0009372,-0.0001272,-0.0010122,-0.0009822,-0.0010422,-0.0009822,-0.0010422,-0.0010122,-0.0010122,-0.0010572,-0.0010572,-0.0010572,-0.0010572
2024-07-09 00:00:00-04:00,0.00038280000000000003,0.0,0.00038280000000000003,0.0,0.0016578,0.0,0.00038280000000000003,0.0,0.00038280000000000003,0.0,0.00038280000000000003,0.0,-0.0003672,0.0,-0.0003672,0.0,-0.0003672,0.0
2024-07-10 00:00:00-04:00,-0.0006221999999999999,-0.0006221999999999999,-0.0006221999999999999,-0.0006221999999999999,-0.0006221999999999999,-0.0006221999999999999,-0.0008172,-0.0008172,-0.0008172,-0.0008172,-0.0008172,-0.0008172,-0.0010122,-0.0010122,-0.0010122,-0.0010122,-0.0010122,-0.0010122
2024-07-11 00:00:00-04:00,0.0004278,0.0,-0.0005022,0.0,0.0007578,0.0,-0.0004272,0.0,-0.0013572,0.0,-0.0013572,0.0,-0.0007722,0.0,-0.0017022,0.0,-0.0017022,0.0
2024-07-12 00:00:00-04:00,-0.0008948000000000001,-0.0008948000000000001,-0.0012348,-0.0012348,-0.0012348,-0.0012348,0.0,0.0,0.0,0.0,0.0,0.0,0.0,0.0,0.0,0.0,0.0,0.0
2024-07-15 00:00:00-04:00,0.0015752000000000001,0.0015752000000000001,0.0015752000000000001,0.0015752000000000001,0.0015052000000000002,0.0015052000000000002,0.0015752000000000001,0.0015752000000000001,0.0015752000000000001,0.0015752000000000001,0.0015052000000000002,0.0015052000000000002,0.0011652,0.0011652,0.0011652,0.0011652,0.0011652,0.0011652
2024-07-16 00:00:00-04:00,-0.0008348,-8.48e-05,-0.0007648,-8.48e-05,-0.0007648,-8.48e-05,-0.0008348,-0.0002648,-0.0008448,-0.0002648,-0.0008448,-0.0002648,-0.0002648,-0.0002648,-0.0002648,-0.0002648,-0.0002648,-0.0002648
2024-07-17 00:00:00-04:00,-0.0023948,-0.0023948,-0.00039480000000000006,-0.00039480000000000006,-0.00039480000000000006,-0.00039480000000000006,-0.0023948,-0.0023948,-0.0004648,-0.0004648,-0.0004648,-0.0004648,0.0018352000000000002,0.0,0.0018352000000000002,0.0,0.0017652000000000002,0.0
2024-07-18 00:00:00-04:00,0.0002352,0.0002352,-0.0005548,-0.0005548,-0.0005548,-0.0005548,0.0002352,0.0002352,-0.0006648,-0.0006648,-0.0006648,-0.0006648,-0.0009648,-9.48e-05,-0.0008848,-0.0009948000000000001,-0.0008848,-0.0009948000000000001
2024-07-19 00:00:00-04:00,2.5199999999999996e-05,2.5199999999999996e-05,2.5199999999999996e-05,2.5199999999999996e-05,2.5199999999999996e-05,2.5199999999999996e-05,0.0,0.0,0.0,0.0,0.0,0.0,0.0,0.0,0.0,0.0,0.0,0.0
2024-07-22 00:00:00-04:00,-0.0002748,0.0,-0.0002748,0.0,-0.0002748,0.0,-0.0010248,0.0,-0.0010248,0.0,-0.0010248,0.0,-0.0010248,0.0,-0.0010248,0.0,-0.0010248,0.0
2024-07-23 00:00:00-04:00,-0.0002048,0.0,-0.0015848,0.0,-0.0015848,0.0,-0.0002048,0.0,-0.0015848,0.0,-0.0015848,0.0,-0.00045480000000000005,0.0,-0.00045480000000000005,0.0,-0.00045480000000000005,0.0
2024-07-24 00:00:00-04:00,-0.0028548000000000002,-0.0028548000000000002,-0.0017047999999999998,-0.0017047999999999998,-0.0017047999999999998,-0.0017047999999999998,-0.0028548000000000002,-0.0028548000000000002,-0.0017047999999999998,-0.0017047999999999998,-0.0017047999999999998,-0.0017047999999999998,0.0,0.0,0.0,0.0,0.0,0.0
2024-07-25 00:00:00-04:00,-0.0022648,-0.0022648,-0.0013548,-0.0013548,-0.0013548,-0.0013548,0.0008252,0.0,0.0008252,0.0,0.0008252,0.0,0.0008252,0.0,0.0008252,0.0,0.0008252,0.0
2024-07-26 00:00:00-04:00,-8.48e-05,-8.48e-05,-8.48e-05,-8.48e-05,-8.48e-05,-8.48e-05,-8.48e-05,-8.48e-05,-8.48e-05,-8.48e-05,-8.48e-05,-8.48e-05,-8.48e-05,-8.48e-05,-8.48e-05,-8.48e-05,-8.48e-05,-8.48e-05
2024-07-29 00:00:00-04:00,0.0013052,0.0013052,0.0013052,0.0013052,0.0013052,0.0013052,0.0006251999999999999,0.0006251999999999999,0.0006251999999999999,0.0006251999999999999,0.0006251999999999999,0.0006251999999999999,0.0,0.0,0.0,0.0,0.0,0.0
2024-07-30 00:00:00-04:00,0.0018052,0.0018052,-0.0012548000000000001,-0.0012548000000000001,-0.0012548000000000001,-0.0012548000000000001,0.0018052,0.0018052,-0.0012548000000000001,-0.0012548000000000001,-0.0012548000000000001,-0.0012548000000000001,-0.0035948,0.0,-0.0018448,0.0,-0.0018448,0.0
2024-07-31 00:00:00-04:00,-0.0075748000000000005,0.0055552,-0.0019248,0.0055552,-0.0019248,0.0036652,0.0055552,0.0055552,0.0055552,0.0055552,0.0049651999999999995,0.0049651999999999995,0.0050952,0.0050952,0.0050952,0.0050952,0.0050952,0.0050952
2024-08-01 00:00:00-04:00,-0.0005324,0.0,-0.0005324,0.0,-0.0005324,0.0,-0.0005324,0.0,-0.0005324,0.0,-0.0005324,0.0,-0.0011424,0.0,-0.0011424,0.0,-0.0011424,0.0
2024-08-02 00:00:00-04:00,0.0021676,0.0,0.0021676,0.0,0.0022826,0.0,0.0008426000000000001,0.0,0.0008426000000000001,0.0,0.0008426000000000001,0.0,0.0008426000000000001,0.0,0.0008426000000000001,0.0,0.0008426000000000001,0.0
2024-08-05 00:00:00-04:00,0.0124926,0.0,0.0124926,0.0,0.0038326,0.0,0.0110926,0.0,0.0110926,0.0,0.0066326,0.0,0.0110926,0.0,0.0110926,0.0,0.0066326,0.0
2024-08-06 00:00:00-04:00,-0.0019724,0.0004076,-0.0011723999999999999,-0.0014224,-0.0011723999999999999,-0.0014224,0.0004076,0.0004076,0.0004076,0.0004076,0.0004076,0.0004076,-9.74e-05,-9.74e-05,-9.74e-05,-9.74e-05,-9.74e-05,-9.74e-05
2024-08-07 00:00:00-04:00,0.0038726,0.0,0.0038726,0.0,0.0034126,0.0,0.0030526,0.0,0.0030526,0.0,0.0050526,0.0,0.0021376,0.0,0.0021376,0.0,0.0021376,0.0
2024-08-08 00:00:00-04:00,-1.7400000000000003e-05,0.0,-1.7400000000000003e-05,0.0,-1.7400000000000003e-05,0.0,-0.0006473999999999999,0.0,-0.0006473999999999999,0.0,-0.0006473999999999999,0.0,-0.0006473999999999999,0.0,-0.0006473999999999999,0.0,-0.0006473999999999999,0.0
2024-08-09 00:00:00-04:00,0.00043759999999999996,0.00043759999999999996,0.00043759999999999996,0.00043759999999999996,0.00043759999999999996,0.00043759999999999996,0.0001126,0.0001126,0.0001126,0.0001126,0.0001126,0.0001126,0.0,0.0,0.0,0.0,0.0,0.0
2024-08-12 00:00:00-04:00,0.0001576,0.0,0.0001576,0.0,0.0001576,0.0,0.0001576,0.0,0.0001576,0.0,0.0001576,0.0,0.0001576,0.0,0.0001576,0.0,0.0001576,0.0
2024-08-13 00:00:00-04:00,-0.0013424,-0.0013424,-0.0003824,-0.0003824,-0.0003824,-0.0003824,0.0007476000000000001,0.0,0.0007476000000000001,0.0,0.0007476000000000001,0.0,0.0,0.0,0.0,0.0,0.0,0.0
2024-08-14 00:00:00-04:00,-0.00045240000000000005,-0.00045240000000000005,-0.0006224000000000001,-0.0006224000000000001,-0.0006224000000000001,-0.0006224000000000001,-0.0005824000000000001,-0.0005574,-0.0010474,-0.0005574,-0.0010474,-0.0005574,-0.0005824000000000001,-0.0005574,-0.0010474,-0.0005574,-0.0010474,-0.0005574
2024-08-15 00:00:00-04:00,0.0010476,0.0,0.0010476,0.0,0.0010426,0.0,0.0005576,0.0,0.0005576,0.0,0.0005576,0.0,-8.74e-05,0.0,-8.74e-05,0.0,-8.74e-05,0.0
2024-08-16 00:00:00-04:00,-0.0015774,-0.0015774,-0.0006674,-0.0006674,-0.0006674,-0.0006674,-0.0015774,-0.0015774,-0.0007074,-0.0007074,-0.0007074,-0.0007074,0.0007226,0.0,0.0007226,0.0,0.0007226,0.0
2024-08-19 00:00:00-04:00,-0.0014824,0.0,-0.0006523999999999999,0.0,-0.0006523999999999999,0.0,-0.0016274,0.0,-0.0007974,0.0,-0.0007974,0.0,-0.0018774,0.0,-0.0010474,0.0,-0.0010474,0.0
2024-08-20 00:00:00-04:00,-0.0007823999999999999,-0.0007823999999999999,-0.00036740000000000004,-0.00036740000000000004,-0.00036740000000000004,-0.00036740000000000004,-0.0007823999999999999,-0.0007823999999999999,-0.00036740000000000004,-0.00036740000000000004,-0.00036740000000000004,-0.00036740000000000004,-0.0007823999999999999,-0.0007823999999999999,-0.0004024,-0.0004024,-0.0004024,-0.0004024
2024-08-21 00:00:00-04:00,0.0002326,0.0,0.0002326,0.0,0.0002326,0.0,0.00012759999999999998,0.0,0.00012759999999999998,0.0,0.00012759999999999998,0.0,7.5999999999999975e-06,0.0,7.5999999999999975e-06,0.0,7.5999999999999975e-06,0.0
2024-08-22 00:00:00-04:00,0.0006376,0.0006376,0.0006376,0.0006376,0.0007626000000000001,0.0007626000000000001,0.0006376,0.0006376,0.0006376,0.0006376,0.0007626000000000001,0.0007626000000000001,0.0005976,0.0005976,0.0005976,0.0005976,0.0008426000000000001,0.0008426000000000001
2024-08-23 00:00:00-04:00,0.0005376,-0.0009373999999999999,-0.00034740000000000004,-0.00032240000000000003,-0.00034740000000000004,-0.00032240000000000003,-0.0009373999999999999,-0.0009373999999999999,-0.00045240000000000005,-0.00045240000000000005,-0.00045240000000000005,-0.00045240000000000005,0.00041759999999999996,0.0,0.00041759999999999996,0.0,0.00041759999999999996,0.0
2024-08-26 00:00:00-04:00,-0.00023740000000000002,0.0,-0.00023740000000000002,0.0,-0.00023740000000000002,0.0,-0.00023740000000000002,0.0,-0.00023740000000000002,0.0,-0.00023740000000000002,0.0,-0.0007224,0.0,-0.0007224,0.0,-0.0007224,0.0
2024-08-27 00:00:00-04:00,0.0006876,-0.0011623999999999998,-0.00044740000000000003,-0.00030240000000000003,-0.00044740000000000003,-0.00030240000000000003,-0.0011623999999999998,-0.0011623999999999998,-0.0006074,-0.0006074,-0.0006074,-0.0006074,0.0004726,0.0,0.0004726,0.0,0.0004726,0.0
2024-08-28 00:00:00-04:00,-0.0009774,-0.0009774,-0.0003624,-0.0003624,-0.0003624,-0.0003624,0.0005826,0.0,0.0005826,0.0,0.0005826,0.0,0.0005276,0.0,0.0005276,0.0,0.0005276,0.0
2024-08-29 00:00:00-04:00,0.0017226,0.0,0.0017226,0.0,0.0017526,0.0,0.0013976,0.0,0.0013976,0.0,0.0013976,0.0,0.0011976,0.0,0.0011976,0.0,0.0011976,0.0
2024-08-30 00:00:00-04:00,0.00039759999999999996,0.0,0.00039759999999999996,0.0,0.00039759999999999996,0.0,0.00023759999999999997,0.0,0.00023759999999999997,0.0,0.00023759999999999997,0.0,-6.24e-05,0.0,-6.24e-05,0.0,-6.24e-05,0.0
2024-09-02 00:00:00-04:00,-0.0002924,0.0,-0.0003324,0.0,0.0005826,0.0,-0.0005174,0.0,-0.0005574,0.0,-0.0005574,0.0,-0.0008123999999999999,0.0,-0.0008523999999999999,0.0,-0.0008523999999999999,0.0
2024-09-03 00:00:00-04:00,-0.0006024,-0.0002974,-0.0005874,-0.0002974,-0.0005874,-0.0002974,-0.0007423999999999999,-0.0002974,-0.0007273999999999999,-0.0002974,-0.0007273999999999999,-0.0002974,-0.0007423999999999999,-0.0002974,-0.0007273999999999999,-0.0002974,-0.0007273999999999999,-0.0002974
2024-09-04 00:00:00-04:00,0.0019825999999999997,0.0019825999999999997,0.0019825999999999997,0.0019825999999999997,0.0011626,0.0011626,0.0008876,0.0008876,0.0008876,0.0008876,0.0008876,0.0008876,-0.0005074,-0.0005074,-0.0005074,-0.0005074,-0.0005074,-0.0005074
2024-09-05 00:00:00-04:00,-0.0007474,-0.0004624,-0.0009524,-0.0004624,-0.0009524,-0.0004624,-0.0011224,-0.0004624,-0.0013274,-0.0004624,-0.0013274,-0.0004624,-0.0004624,-0.0004624,-0.0004624,-0.0004624,-0.0004624,-0.0004624
2024-09-06 00:00:00-04:00,-8.74e-05,-8.74e-05,-8.74e-05,-8.74e-05,-8.74e-05,-8.74e-05,-0.00045240000000000005,-0.00045240000000000005,-0.00045240000000000005,-0.00045240000000000005,-0.00045240000000000005,-0.00045240000000000005,-0.0014824,-0.0014824,-0.0014824,-0.0014824,-0.0014824,-0.0014824
2024-09-09 00:00:00-04:00,0.0012975999999999999,0.0,0.0012975999999999999,0.0,0.0017825999999999999,0.0,0.0011176,0.0,0.0011176,0.0,0.0011176,0.0,0.0008326000000000001,0.0,0.0008326000000000001,0.0,0.0008326000000000001,0.0
2024-09-10 00:00:00-04:00,0.0003326,0.0003326,0.0003326,0.0003326,0.0003326,0.0003326,0.0,0.0,0.0,0.0,0.0,0.0,0.0,0.0,0.0,0.0,0.0,0.0
2024-09-11 00:00:00-04:00,0.0012676,0.0012676,0.0012676,0.0012676,0.0011126,0.0011126,0.0003826,0.0003826,0.0003826,0.0003826,0.0003826,0.0003826,0.0003826,0.0003826,0.0003826,0.0003826,0.0003826,0.0003826
2024-09-12 00:00:00-04:00,0.0009876000000000002,0.0,0.0009876000000000002,0.0,0.0010426,0.0,0.0005626,0.0,0.0005626,0.0,0.0005626,0.0,0.0004925999999999999,0.0,0.0004925999999999999,0.0,0.0004925999999999999,0.0
2024-09-13 00:00:00-04:00,2.7599999999999997e-05,2.7599999999999997e-05,-0.0004424,-0.0004424,-0.0004424,-0.0004424,-9.74e-05,-9.74e-05,-0.0005674,-0.0005674,-0.0005674,-0.0005674,-9.74e-05,-9.74e-05,-0.0006624,-0.0006624,-0.0006624,-0.0006624
2024-09-16 00:00:00-04:00,3.26e-05,3.26e-05,3.26e-05,3.26e-05,3.26e-05,3.26e-05,-4.24e-05,-4.24e-05,-4.24e-05,-4.24e-05,-4.24e-05,-4.24e-05,-0.0001574,-0.0001574,-0.0001574,-0.0001574,-0.0001574,-0.0001574
2024-09-17 00:00:00-04:00,-0.0005924,-0.0005924,-0.00048740000000000003,-0.00048740000000000003,-0.00048740000000000003,-0.00048740000000000003,-0.0005924,-0.0005924,-0.00048740000000000003,-0.00048740000000000003,-0.00048740000000000003,-0.00048740000000000003,-0.0008573999999999999,-0.0008573999999999999,-0.0007524,-0.0007524,-0.0007524,-0.0007524
2024-09-18 00:00:00-04:00,-0.0003724,-2.7400000000000002e-05,-0.00030240000000000003,-2.7400000000000002e-05,-0.00030240000000000003,-2.7400000000000002e-05,-0.0004224,-2.7400000000000002e-05,-0.0003524,-2.7400000000000002e-05,-0.0003524,-2.7400000000000002e-05,-0.0004224,-2.7400000000000002e-05,-0.0003524,-2.7400000000000002e-05,-0.0003524,-2.7400000000000002e-05
2024-09-19 00:00:00-04:00,-0.0026274000000000002,-0.0026274000000000002,-0.0019574,-0.0019574,-0.0019574,-0.0019574,-0.0026274000000000002,-0.0026274000000000002,-0.0019574,-0.0019574,-0.0019574,-0.0019574,-0.0035174,-0.0035174,-0.0028474,-0.0028474,-0.0028474,-0.0028474
2024-09-20 00:00:00-04:00,-0.0003774,0.0,-0.0008673999999999999,0.0,-0.0008673999999999999,0.0,-0.0003774,0.0,-0.0008673999999999999,0.0,-0.0008673999999999999,0.0,-0.0003774,0.0,-0.0008673999999999999,0.0,-0.0008673999999999999,0.0
2024-09-23 00:00:00-04:00,0.0005276,0.0,0.0005276,0.0,0.0008226,0.0,7.76e-05,0.0,7.76e-05,0.0,7.76e-05,0.0,-0.0006523999999999999,0.0,-0.0006523999999999999,0.0,-0.0006523999999999999,0.0
2024-09-24 00:00:00-04:00,-0.0010474,-0.0010474,-0.0004024,-0.0004024,-0.0004024,-0.0004024,-0.0010474,-0.0010474,-0.0005174,-0.0005174,-0.0005174,-0.0005174,0.0003226,-0.0014874,-0.0009774,-0.0009574,-0.0009774,-0.0009574
2024-09-25 00:00:00-04:00,0.0010426,0.0010426,0.0010426,0.0010426,0.0012426,0.0012426,0.0008526,0.0008526,0.0008526,0.0008526,0.0008526,0.0008526,0.0005126,0.0005126,0.0005126,0.0005126,0.0005126,0.0005126
2024-09-26 00:00:00-04:00,0.0021076,0.0,0.0021076,0.0,0.0013926,0.0,0.0021076,0.0,0.0021076,0.0,0.0013926,0.0,0.0019825999999999997,0.0,0.0019825999999999997,0.0,0.0016426,0.0
2024-09-27 00:00:00-04:00,-0.0004574,-0.0004574,-0.0009724,-0.0009724,-0.0009724,-0.0009724,-0.0004574,-0.0004574,-0.0009724,-0.0009724,-0.0009724,-0.0009724,-0.0004574,-0.0004574,-0.0009724,-0.0009724,-0.0009724,-0.0009724
2024-09-30 00:00:00-04:00,0.0016376,0.0,0.0016376,0.0,0.0011626,0.0,0.0014926,0.0,0.0014926,0.0,0.0014525999999999999,0.0,0.0010926,0.0,0.0010926,0.0,0.0010926,0.0
2024-10-01 00:00:00-04:00,-0.00048740000000000003,-0.0004774,-0.0005874,-0.0008424,-0.0005874,-0.0008424,-0.0004774,-0.0004774,-0.0004774,-0.0004774,-0.0004774,-0.0004774,-0.0008173999999999999,-0.0008173999999999999,-0.0008173999999999999,-0.0008173999999999999,-0.0008173999999999999,-0.0008173999999999999
2024-10-02 00:00:00-04:00,0.0001376,-0.0009274,-0.0006973999999999999,-0.0007423999999999999,-0.0006973999999999999,-0.0007423999999999999,-0.0009274,-0.0009274,-0.0008874,-0.0008874,-0.0008874,-0.0008874,-0.0009274,-0.0009274,-0.0008874,-0.0008874,-0.0008874,-0.0008874
2024-10-03 00:00:00-04:00,0.0011826,0.0,0.0011826,0.0,0.0011826,0.0,0.0006876,0.0,0.0006876,0.0,0.0006876,0.0,0.0006876,0.0,0.0006876,0.0,0.0006876,0.0
2024-10-04 00:00:00-04:00,-0.0010923999999999999,0.0005226,-0.0004924,0.0005226,-0.0004924,0.0008826000000000001,0.0005226,0.0005226,0.0005226,0.0005226,0.0012626,0.0012626,0.0005226,0.0005226,0.0005226,0.0005226,0.0015526,0.0015526
2024-10-07 00:00:00-04:00,-0.0010724,-0.0010724,-0.0008173999999999999,-0.0008173999999999999,-0.0008173999999999999,-0.0008173999999999999,-0.0010724,-0.0010724,-0.0008573999999999999,-0.0008573999999999999,-0.0008573999999999999,-0.0008573999999999999,-0.0010724,-0.0010724,-0.0008573999999999999,-0.0008573999999999999,-0.0008573999999999999,-0.0008573999999999999
2024-10-08 00:00:00-04:00,-5.24e-05,0.0,-5.24e-05,0.0,-5.24e-05,0.0,-5.24e-05,0.0,-5.24e-05,0.0,-5.24e-05,0.0,-5.24e-05,0.0,-5.24e-05,0.0,-5.24e-05,0.0
2024-10-09 00:00:00-04:00,-0.0021248,-0.0021248,-0.0008248,-0.0008248,-0.0008248,-0.0008248,-0.0021248,-0.0021248,-0.0008248,-0.0008248,-0.0008248,-0.0008248,-0.0021248,-0.0021248,-0.0008248,-0.0008248,-0.0008248,-0.0008248
2024-10-10 00:00:00-04:00,-0.0005348,-0.0005348,-0.0005348,-0.0005348,-0.0005348,-0.0005348,-0.0005348,-0.0005348,-0.0005348,-0.0005348,-0.0005348,-0.0005348,-0.0007048,-0.0007048,-0.0007048,-0.0007048,-0.0007048,-0.0007048
2024-10-11 00:00:00-04:00,0.0005851999999999999,-0.0016247999999999998,-0.0008648,-0.0008948000000000001,-0.0008648,-0.0008948000000000001,-0.0016247999999999998,-0.0016247999999999998,-0.0010248,-0.0010248,-0.0010248,-0.0010248,-0.0016247999999999998,-0.0016247999999999998,-0.0010248,-0.0010248,-0.0010248,-0.0010248
2024-10-14 00:00:00-04:00,-0.0007248,0.0,-0.0007548,0.0,-0.0007548,0.0,-0.0010548,0.0,-0.0010848000000000001,0.0,-0.0010848000000000001,0.0,-0.0010548,0.0,-0.0010848000000000001,0.0,-0.0010848000000000001,0.0
2024-10-15 00:00:00-04:00,-3.4800000000000006e-05,0.0,-0.0011148,0.0,-0.0011148,0.0,-3.4800000000000006e-05,0.0,-0.0011148,0.0,-0.0011148,0.0,0.0,0.0,0.0,0.0,0.0,0.0
2024-10-16 00:00:00-04:00,0.0011152,0.0011152,-0.0007948,-0.0007948,-0.0007948,-0.0007948,0.0007852,0.0007852,-0.0011248,-0.0011248,-0.0011248,-0.0011248,0.0006452,0.0006452,0.0006452,0.0006452,0.0006452,0.0006452
2024-10-17 00:00:00-04:00,0.0009952,0.0009952,-0.0013847999999999998,-0.0013847999999999998,-0.0013847999999999998,-0.0013847999999999998,0.0009952,0.0009952,0.0009952,0.0009952,0.0009952,0.0009952,0.0,0.0,0.0,0.0,0.0,0.0
2024-10-18 00:00:00-04:00,-0.0012248,0.0,-0.0013147999999999999,0.0,-0.0013147999999999999,0.0,0.0,0.0,0.0,0.0,0.0,0.0,0.0,0.0,0.0,0.0,0.0,0.0
2024-10-21 00:00:00-04:00,-0.0028748000000000003,-0.0028748000000000003,-0.0007648,-0.0007648,-0.0007648,-0.0007648,-0.0028748000000000003,-0.0028748000000000003,-0.0008748,-0.0008748,-0.0008748,-0.0008748,0.0017752,0.0,0.0017752,0.0,0.0017752,0.0
2024-10-22 00:00:00-04:00,0.0012552,0.0,0.0012552,0.0,0.0012552,0.0,0.0009352,0.0,0.0009352,0.0,0.0009352,0.0,0.0006351999999999999,0.0,0.0006351999999999999,0.0,0.0006351999999999999,0.0
2024-10-23 00:00:00-04:00,8.52e-05,0.0,8.52e-05,0.0,8.52e-05,0.0,-0.0001448,0.0,-0.0001448,0.0,-0.0001448,0.0,0.0,0.0,0.0,0.0,0.0,0.0
2024-10-24 00:00:00-04:00,0.0011451999999999999,0.0011451999999999999,0.0011451999999999999,0.0011451999999999999,0.0009851999999999999,0.0009851999999999999,0.0008052,0.0008052,0.0008052,0.0008052,0.0008052,0.0008052,-0.0007148,-0.0007148,-0.0007148,-0.0007148,-0.0007148,-0.0007148
2024-10-25 00:00:00-04:00,-0.0001648,-0.0001648,-0.0008648,-0.0008648,-0.0008648,-0.0008648,-0.0001648,-0.0001648,-0.0008648,-0.0008648,-0.0008648,-0.0008648,-0.0008048,-0.0008048,-0.0015048,-0.0015048,-0.0015048,-0.0015048
2024-10-28 00:00:00-04:00,-0.0014348,-0.0014348,-0.0014348,-0.0014348,-0.0014348,-0.0014348,-0.0014348,-0.0014348,-0.0014348,-0.0014348,-0.0014348,-0.0014348,0.0,0.0,0.0,0.0,0.0,0.0
2024-10-29 00:00:00-04:00,-0.00040480000000000003,-0.00040480000000000003,-0.0016748,-0.0016748,-0.0016748,-0.0016748,-0.0016247999999999998,0.0,-0.0016247999999999998,0.0,-0.0016247999999999998,0.0,-0.0016247999999999998,0.0,-0.0016247999999999998,0.0,-0.0016247999999999998,0.0
2024-10-30 00:00:00-04:00,-0.0019148,-0.0019148,-0.0007848,-0.0007848,-0.0007848,-0.0007848,-0.0021747999999999997,-0.0021747999999999997,-0.0010448,-0.0010448,-0.0010448,-0.0010448,-0.0026448,-0.0026448,-0.0015148,-0.0015148,-0.0015148,-0.0015148
2024-10-31 00:00:00-04:00,-0.0022048,-0.0022048,-0.0018747999999999998,-0.0018747999999999998,-0.0018747999999999998,-0.0018747999999999998,-0.0022048,-0.0022048,-0.0018747999999999998,-0.0018747999999999998,-0.0018747999999999998,-0.0018747999999999998,-0.0022048,-0.0022048,-0.0018747999999999998,-0.0018747999999999998,-0.0018747999999999998,-0.0018747999999999998
2024-11-01 00:00:00-04:00,0.0014552,0.0014552,-0.0013648,-0.0013648,-0.0013648,-0.0013648,-0.0029748,0.0012351999999999999,-0.0015647999999999999,0.0012351999999999999,-0.0015647999999999999,0.0012351999999999999,-0.0029748,0.0012351999999999999,-0.0015647999999999999,0.0012351999999999999,-0.0015647999999999999,0.0012351999999999999
2024-11-04 00:00:00-05:00,0.0038751999999999997,0.0038751999999999997,0.0038751999999999997,0.0038751999999999997,0.0012052,0.0012052,0.0028851999999999997,0.0028851999999999997,0.0028851999999999997,0.0028851999999999997,0.0031852,0.0031852,0.0010552,0.0010552,0.0010552,0.0010552,0.0010552,0.0010552
2024-11-05 00:00:00-05:00,-0.0029048000000000004,0.0007852,-0.0012648,0.0007852,-0.0012648,0.0007852,-0.0029048000000000004,0.0007852,-0.0012648,0.0007852,-0.0012648,0.0007852,9.52e-05,9.52e-05,9.52e-05,9.52e-05,9.52e-05,9.52e-05
2024-11-06 00:00:00-05:00,0.0087952,0.0087952,0.0087952,0.0087952,0.0037451999999999997,0.0037451999999999997,0.0087952,0.0087952,0.0087952,0.0087952,0.0037451999999999997,0.0037451999999999997,0.0087952,0.0087952,0.0087952,0.0087952,0.0037451999999999997,0.0037451999999999997
2024-11-07 00:00:00-05:00,0.0024552000000000003,0.0024552000000000003,0.0024552000000000003,0.0024552000000000003,0.0016652000000000001,0.0016652000000000001,0.0017352000000000001,0.0017352000000000001,0.0017352000000000001,0.0017352000000000001,0.0017352000000000001,0.0017352000000000001,0.0009551999999999999,0.0009551999999999999,0.0009551999999999999,0.0009551999999999999,0.0009551999999999999,0.0009551999999999999
2024-11-08 00:00:00-05:00,-4.800000000000004e-06,-4.800000000000004e-06,-4.800000000000004e-06,-4.800000000000004e-06,0.0011052,0.0011052,-4.800000000000004e-06,-4.800000000000004e-06,-4.800000000000004e-06,-4.800000000000004e-06,0.0011052,0.0011052,-0.00023480000000000002,-0.00023480000000000002,-0.00023480000000000002,-0.00023480000000000002,-0.00023480000000000002,-0.00023480000000000002
2024-11-11 00:00:00-05:00,-6.48e-05,-6.48e-05,-0.0010648,-0.0010648,-0.0010648,-0.0010648,-6.48e-05,-6.48e-05,-6.48e-05,-6.48e-05,-6.48e-05,-6.48e-05,-0.00022480000000000002,-0.00022480000000000002,-0.00022480000000000002,-0.00022480000000000002,-0.00022480000000000002,-0.00022480000000000002
2024-11-12 00:00:00-05:00,-0.0013448,-0.0013448,-0.0012947999999999998,-0.0012947999999999998,-0.0012947999999999998,-0.0012947999999999998,-0.0013448,-0.0013448,-0.0012947999999999998,-0.0012947999999999998,-0.0012947999999999998,-0.0012947999999999998,-0.0002648,0.0,-0.0002648,0.0,-0.0002648,0.0
2024-11-13 00:00:00-05:00,-0.0015048,-0.0015048,-0.0006548000000000001,-0.0006548000000000001,-0.0006548000000000001,-0.0006548000000000001,0.0006952,-0.0016547999999999999,-0.0008448,-0.0008048,-0.0008448,-0.0008048,-0.0016547999999999999,-0.0016547999999999999,-0.0010448,-0.0010448,-0.0010448,-0.0010448
2024-11-14 00:00:00-05:00,0.0011752,0.0,0.0011752,0.0,0.0011752,0.0,0.0010552,0.0,0.0010552,0.0,0.0010552,0.0,0.0010552,0.0,0.0010552,0.0,0.0010552,0.0
2024-11-15 00:00:00-05:00,0.0,0.0,0.0,0.0,0.0,0.0,0.0,0.0,0.0,0.0,0.0,0.0,0.0,0.0,0.0,0.0,0.0,0.0
2024-11-18 00:00:00-05:00,-0.0016948,0.00032519999999999994,-0.0009648,0.00032519999999999994,-0.0009648,0.00032519999999999994,-0.0016948,0.00032519999999999994,-0.0009648,0.00032519999999999994,-0.0009648,0.00032519999999999994,-0.0020348,0.00032519999999999994,-0.0013348,0.00032519999999999994,-0.0013348,0.00032519999999999994
2024-11-19 00:00:00-05:00,0.0015752000000000001,0.0015752000000000001,0.0015752000000000001,0.0015752000000000001,0.0022652,0.0022652,0.0015752000000000001,0.0015752000000000001,0.0015752000000000001,0.0015752000000000001,0.0022852000000000003,0.0022852000000000003,0.0013052,0.0013052,0.0013052,0.0013052,0.0013052,0.0013052
2024-11-20 00:00:00-05:00,-0.0014948,0.0,-0.0011948,0.0,-0.0011948,0.0,-0.0014948,0.0,-0.0011948,0.0,-0.0011948,0.0,0.0,0.0,0.0,0.0,0.0,0.0
2024-11-21 00:00:00-05:00,-0.0023848,0.0001852,-0.0017847999999999998,0.0001852,-0.0017847999999999998,0.0001852,0.0001852,0.0001852,0.0001852,0.0001852,0.0001852,0.0001852,0.0001852,0.0001852,0.0001852,0.0001852,0.0001852,0.0001852
2024-11-22 00:00:00-05:00,0.0001052,0.0001052,-0.0011348,-0.0011348,-0.0011348,-0.0011348,-0.0008248,-0.0008248,-0.0020648,-0.0020648,-0.0020648,-0.0020648,-0.0008248,-0.0008248,-0.0020648,-0.0020648,-0.0020648,-0.0020648
2024-11-25 00:00:00-05:00,-0.0002848,-0.0002848,-0.0005848,-0.0005848,-0.0005848,-0.0005848,-0.00041480000000000005,-0.00041480000000000005,-0.00041480000000000005,-0.00041480000000000005,-0.00041480000000000005,-0.00041480000000000005,-0.00040480000000000003,-0.00040480000000000003,-0.00040480000000000003,-0.00040480000000000003,-0.00040480000000000003,-0.00040480000000000003
2024-11-26 00:00:00-05:00,0.0038651999999999996,0.0038651999999999996,0.0038651999999999996,0.0038651999999999996,0.0042252,0.0042252,0.0029752,0.0029752,0.0029752,0.0029752,0.0029752,0.0029752,0.0019152000000000001,0.0019152000000000001,0.0019152000000000001,0.0019152000000000001,0.0019152000000000001,0.0019152000000000001
2024-11-27 00:00:00-05:00,-0.0010848000000000001,-0.0010848000000000001,-0.0005848,-0.0005848,-0.0005848,-0.0005848,-0.0010848000000000001,-0.0010848000000000001,-0.0005848,-0.0005848,-0.0005848,-0.0005848,-0.0012348,-0.0012348,-0.0007348000000000001,-0.0007348000000000001,-0.0007348000000000001,-0.0007348000000000001
2024-11-28 00:00:00-05:00,0.00047519999999999995,0.00047519999999999995,-0.0004448,-0.0004448,-0.0004448,-0.0004448,0.00037519999999999996,0.00037519999999999996,-0.0005448,-0.0005448,-0.0005448,-0.0005448,0.0002652,0.0002652,0.0002652,0.0002652,0.0002652,0.0002652
2024-11-29 00:00:00-05:00,0.0023452,0.0023452,0.0023452,0.0023452,0.0018652,0.0018652,0.0016152,0.0016152,0.0016152,0.0016152,0.0016152,0.0016152,0.0008451999999999999,0.0008451999999999999,0.0008451999999999999,0.0008451999999999999,0.0008451999999999999,0.0008451999999999999
2024-12-02 00:00:00-05:00,-0.0002548,0.0,-0.0002548,0.0,-0.0002548,0.0,-0.0002548,0.0,-0.0002548,0.0,-0.0002548,0.0,-0.0002548,0.0,-0.0002548,0.0,-0.0002548,0.0
2024-12-03 00:00:00-05:00,0.0002652,0.0002652,0.0002652,0.0002652,0.0002652,0.0002652,9.52e-05,9.52e-05,9.52e-05,9.52e-05,9.52e-05,9.52e-05,-5.4800000000000004e-05,-5.4800000000000004e-05,-5.4800000000000004e-05,-5.4800000000000004e-05,-5.4800000000000004e-05,-5.4800000000000004e-05
2024-12-04 00:00:00-05:00,0.0007752,0.0007752,0.0007752,0.0007752,0.0009651999999999999,0.0009651999999999999,0.0006452,0.0006452,0.0006452,0.0006452,0.0012251999999999999,0.0012251999999999999,0.0006452,0.0006452,0.0006452,0.0006452,0.0012251999999999999,0.0012251999999999999
2024-12-05 00:00:00-05:00,-0.00039480000000000006,-0.00039480000000000006,-0.00039480000000000006,-0.00039480000000000006,-0.00039480000000000006,-0.00039480000000000006,-0.0004248,-0.0004248,-0.0004248,-0.0004248,-0.0004248,-0.0004248,0.0,0.0,0.0,0.0,0.0,0.0
2024-12-06 00:00:00-05:00,0.0005252,0.0005252,0.0005252,0.0005252,0.0005252,0.0005252,0.00034519999999999993,0.00034519999999999993,0.00034519999999999993,0.00034519999999999993,0.00034519999999999993,0.00034519999999999993,0.0001252,0.0001252,0.0001252,0.0001252,0.0001252,0.0001252
2024-12-09 00:00:00-05:00,8.52e-05,8.52e-05,8.52e-05,8.52e-05,8.52e-05,8.52e-05,8.52e-05,8.52e-05,8.52e-05,8.52e-05,8.52e-05,8.52e-05,0.0,0.0,0.0,0.0,0.0,0.0
2024-12-10 00:00:00-05:00,0.0004652,0.0,0.0004652,0.0,0.0004652,0.0,0.0002752,0.0,0.0002752,0.0,0.0002752,0.0,0.0,0.0,0.0,0.0,0.0,0.0
2024-12-11 00:00:00-05:00,0.00047519999999999995,0.00047519999999999995,-0.0005448,-0.0005448,-0.0005448,-0.0005448,0.0002852,0.0002852,-0.0007348000000000001,-0.0007348000000000001,-0.0007348000000000001,-0.0007348000000000001,0.0002852,0.0002852,-0.0007348000000000001,-0.0007348000000000001,-0.0007348000000000001,-0.0007348000000000001
2024-12-12 00:00:00-05:00,-0.0004648,-5.4800000000000004e-05,-0.00037480000000000006,-5.4800000000000004e-05,-0.00037480000000000006,-5.4800000000000004e-05,-0.0004648,-5.4800000000000004e-05,-0.00037480000000000006,-5.4800000000000004e-05,-0.00037480000000000006,-5.4800000000000004e-05,-5.4800000000000004e-05,-5.4800000000000004e-05,-5.4800000000000004e-05,-5.4800000000000004e-05,-5.4800000000000004e-05,-5.4800000000000004e-05
2024-12-13 00:00:00-05:00,5.199999999999996e-06,0.0,5.199999999999996e-06,0.0,0.0009452,0.0,-0.0005648000000000001,0.0,-0.0005648000000000001,0.0,-0.0005648000000000001,0.0,-0.0009448000000000001,0.0,-0.0009448000000000001,0.0,-0.0009448000000000001,0.0
2024-12-16 00:00:00-05:00,-0.0007848,-0.0002448,-0.0008348,-0.0006348,-0.0008348,-0.0006348,-0.0002448,-0.0002448,-0.0010348,-0.0010348,-0.0010348,-0.0010348,-0.00036480000000000003,-0.00036480000000000003,-0.00036480000000000003,-0.00036480000000000003,-0.00036480000000000003,-0.00036480000000000003
2024-12-17 00:00:00-05:00,-0.0006448000000000001,-0.0006448000000000001,-0.0006448000000000001,-0.0006448000000000001,-0.0006448000000000001,-0.0006448000000000001,-0.0008348,-0.0008348,-0.0008348,-0.0008348,-0.0008348,-0.0008348,-0.0011848,-0.0011848,-0.0011848,-0.0011848,-0.0011848,-0.0011848
2024-12-18 00:00:00-05:00,0.0012251999999999999,0.0012251999999999999,0.0012251999999999999,0.0012251999999999999,0.0015052000000000002,0.0015052000000000002,0.0008851999999999999,0.0008851999999999999,0.0008851999999999999,0.0008851999999999999,0.0008851999999999999,0.0008851999999999999,0.0004252,0.0004252,0.0004252,0.0004252,0.0004252,0.0004252
2024-12-19 00:00:00-05:00,0.0013252000000000001,0.0,0.0013252000000000001,0.0,0.0023852,0.0,-0.0001948,0.0,-0.0001948,0.0,-0.0001948,0.0,-0.0006948000000000001,0.0,-0.0006948000000000001,0.0,-0.0006948000000000001,0.0
2024-12-20 00:00:00-05:00,-0.0016547999999999999,0.0,-0.0016547999999999999,0.0,-0.0016547999999999999,0.0,-0.0016547999999999999,0.0,-0.0016547999999999999,0.0,-0.0016547999999999999,0.0,-0.0016547999999999999,0.0,-0.0016547999999999999,0.0,-0.0016547999999999999,0.0
2024-12-23 00:00:00-05:00,0.0027852,0.0027852,0.0027852,0.0027852,0.0027852,0.0027852,0.0026352,0.0026352,0.0026352,0.0026352,0.0026352,0.0026352,0.0012351999999999999,0.0012351999999999999,0.0012351999999999999,0.0012351999999999999,0.0012351999999999999,0.0012351999999999999
2024-12-24 00:00:00-05:00,0.0004076,0.0004076,0.0004076,0.0004076,0.0004076,0.0004076,0.00035759999999999996,0.00035759999999999996,0.00035759999999999996,0.00035759999999999996,0.00035759999999999996,0.00035759999999999996,0.0003076,0.0003076,0.0003076,0.0003076,0.0003076,0.0003076
2024-12-26 00:00:00-05:00,0.00029759999999999997,0.00029759999999999997,0.00029759999999999997,0.00029759999999999997,0.0005926,0.0005926,0.00021759999999999998,0.00021759999999999998,0.00021759999999999998,0.00021759999999999998,0.0007526000000000001,0.0007526000000000001,0.0001326,0.0001326,0.0001326,0.0001326,0.0001326,0.0001326
2024-12-27 00:00:00-05:00,0.00017259999999999997,0.0,0.00017259999999999997,0.0,0.00017259999999999997,0.0,0.00017259999999999997,0.0,0.00017259999999999997,0.0,0.00017259999999999997,0.0,0.00017259999999999997,0.0,0.00017259999999999997,0.0,0.00017259999999999997,0.0
2024-12-30 00:00:00-05:00,0.00043759999999999996,0.0,0.00043759999999999996,0.0,0.00043759999999999996,0.0,0.0004026,0.0,0.0004026,0.0,0.0004026,0.0,0.0004026,0.0,0.0004026,0.0,0.0004026,0.0
2024-12-31 00:00:00-05:00,-0.00040740000000000004,-0.00040740000000000004,-0.00040740000000000004,-0.00040740000000000004,-0.00040740000000000004,-0.00040740000000000004,-0.0005874,-0.0005874,-0.0005874,-0.0005874,-0.0005874,-0.0005874,-0.0011024,-0.0011024,-0.0011024,-0.0011024,-0.0011024,-0.0011024
2025-01-02 00:00:00-05:00,0.0018625999999999998,0.0018625999999999998,0.0018625999999999998,0.0018625999999999998,0.0018625999999999998,0.0018625999999999998,0.0016726,0.0016726,0.0016726,0.0016726,0.0016726,0.0016726,0.0013326,0.0013326,0.0013326,0.0013326,0.0013326,0.0013326
2025-01-03 00:00:00-05:00,-0.0002774,-0.0002974,-0.0005124,-0.00044740000000000003,-0.0005124,-0.00044740000000000003,-0.00045240000000000005,-0.0002974,-0.0006873999999999999,-0.0007124,-0.0006873999999999999,-0.0007124,-0.0002974,-0.0002974,-0.0002974,-0.0002974,-0.0002974,-0.0002974
2025-01-06 00:00:00-05:00,0.0007876000000000001,0.0007876000000000001,0.0007876000000000001,0.0007876000000000001,0.0008726000000000001,0.0008726000000000001,0.0007876000000000001,0.0007876000000000001,0.0007876000000000001,0.0007876000000000001,0.0008726000000000001,0.0008726000000000001,0.0007876000000000001,0.0007876000000000001,0.0007876000000000001,0.0007876000000000001,0.0007876000000000001,0.0007876000000000001
2025-01-07 00:00:00-05:00,-0.0016824000000000001,-0.0016824000000000001,-0.0005074,-0.0005074,-0.0005074,-0.0005074,-0.0016824000000000001,-0.0016824000000000001,-0.0005574,-0.0005574,-0.0005574,-0.0005574,-0.0017024000000000002,-0.0017024000000000002,-0.0005774,-0.0005774,-0.0005774,-0.0005774
2025-01-08 00:00:00-05:00,-6.24e-05,-0.00040740000000000004,-0.0003774,-0.0004424,-0.0003774,-0.0004424,-0.00040740000000000004,-0.00040740000000000004,-0.0005024000000000001,-0.0005024000000000001,-0.0005024000000000001,-0.0005024000000000001,-0.0001524,0.0,-0.0008573999999999999,0.0,-0.0008573999999999999,0.0
2025-01-09 00:00:00-05:00,-0.00019740000000000003,-0.00019740000000000003,-0.00048740000000000003,-0.00048740000000000003,-0.00048740000000000003,-0.00048740000000000003,-0.0002724,-0.0002724,-0.0005624,-0.0005624,-0.0005624,-0.0005624,-0.0004324,-0.0004324,-0.0007224,-0.0007224,-0.0007224,-0.0007224
2025-01-10 00:00:00-05:00,0.00022759999999999998,0.00022759999999999998,0.00022759999999999998,0.00022759999999999998,0.0015225999999999998,0.0015225999999999998,-0.00016240000000000002,-0.00016240000000000002,-0.00016240000000000002,-0.00016240000000000002,-0.00016240000000000002,-0.00016240000000000002,-0.0002774,-0.0002774,-0.0002774,-0.0002774,-0.0002774,-0.0002774
2025-01-13 00:00:00-05:00,0.0009926,0.0,0.0009926,0.0,0.0017925999999999999,0.0,0.0008326000000000001,0.0,0.0008326000000000001,0.0,0.0008326000000000001,0.0,-0.0007474,0.0,-0.0007474,0.0,-0.0007474,0.0
2025-01-14 00:00:00-05:00,-0.00038740000000000004,0.0,-0.0005224,0.0,-0.0005224,0.0,-0.00045240000000000005,0.0,-0.0005874,0.0,-0.0005874,0.0,-0.0007474,0.0,-0.0008824,0.0,-0.0008824,0.0
2025-01-15 00:00:00-05:00,-9.24e-05,0.0,-9.24e-05,0.0,-9.24e-05,0.0,-9.24e-05,0.0,-9.24e-05,0.0,-9.24e-05,0.0,-0.0002774,0.0,-0.0002774,0.0,-0.0002774,0.0
2025-01-16 00:00:00-05:00,-0.0006674,0.0002476,-0.0003774,-0.0003774,-0.0003774,-0.0003774,0.0002476,0.0002476,-0.0004574,-0.0004574,-0.0004574,-0.0004574,-0.0009973999999999998,0.0,-0.0007574,0.0,-0.0007574,0.0
2025-01-17 00:00:00-05:00,0.0003826,0.0003826,0.0003826,0.0003826,0.0003826,0.0003826,0.0003826,0.0003826,0.0003826,0.0003826,0.0003826,0.0003826,0.00023759999999999997,0.00023759999999999997,0.00023759999999999997,0.00023759999999999997,0.00023759999999999997,0.00023759999999999997
2025-01-20 00:00:00-05:00,-0.0009874,0.0,-0.0006174,0.0,-0.0006174,0.0,0.0,0.0,0.0,0.0,0.0,0.0,0.0,0.0,0.0,0.0,0.0,0.0
2025-01-21 00:00:00-05:00,0.0002476,0.0002476,0.0002476,0.0002476,0.0002476,0.0002476,-0.0009073999999999999,-0.0009073999999999999,-0.0009073999999999999,-0.0009073999999999999,-0.0009073999999999999,-0.0009073999999999999,-0.0009073999999999999,-0.0009073999999999999,-0.0009073999999999999,-0.0009073999999999999,-0.0009073999999999999,-0.0009073999999999999
2025-01-22 00:00:00-05:00,1.7599999999999998e-05,1.7599999999999998e-05,1.7599999999999998e-05,1.7599999999999998e-05,1.7599999999999998e-05,1.7599999999999998e-05,1.7599999999999998e-05,1.7599999999999998e-05,1.7599999999999998e-05,1.7599999999999998e-05,1.7599999999999998e-05,1.7599999999999998e-05,-0.00010740000000000001,-0.00010740000000000001,-0.00010740000000000001,-0.00010740000000000001,-0.00010740000000000001,-0.00010740000000000001
2025-01-23 00:00:00-05:00,0.0001026,0.0,-0.0003774,0.0,-0.0003774,0.0,0.0001026,0.0,-0.0003774,0.0,-0.0003774,0.0,-0.00011240000000000001,0.0,-0.0005924,0.0,-0.0005924,0.0
2025-01-24 00:00:00-05:00,-0.0005574,-0.0005574,-0.0005524,-0.0005524,-0.0005524,-0.0005524,-0.0010274,-0.0010274,-0.0010224,-0.0010224,-0.0010224,-0.0010224,-0.0010274,-0.0010274,-0.0010823999999999999,-0.0010823999999999999,-0.0010823999999999999,-0.0010823999999999999
2025-01-27 00:00:00-05:00,0.0031776,0.0,0.0031776,0.0,0.0026625999999999998,0.0,0.0031776,0.0,0.0031776,0.0,0.0026625999999999998,0.0,0.0017476,0.0,0.0017476,0.0,0.0017476,0.0
2025-01-28 00:00:00-05:00,-0.0006523999999999999,-0.0006523999999999999,-0.0007474,-0.0007474,-0.0007474,-0.0007474,-0.0010923999999999999,0.0,-0.0017524,0.0,-0.0017524,0.0,0.0,0.0,0.0,0.0,0.0,0.0
2025-01-29 00:00:00-05:00,0.0018126,0.0018126,0.0018126,0.0018126,0.0006726000000000001,0.0006726000000000001,0.0017476,0.0017476,0.0017476,0.0017476,0.0008026000000000001,0.0008026000000000001,0.0016075999999999998,0.0016075999999999998,0.0016075999999999998,0.0016075999999999998,0.0010826,0.0010826
2025-01-30 00:00:00-05:00,0.00037759999999999996,0.00037759999999999996,0.00037759999999999996,0.00037759999999999996,0.00037759999999999996,0.00037759999999999996,-6.74e-05,-6.74e-05,-6.74e-05,-6.74e-05,-6.74e-05,-6.74e-05,-0.0005724,-0.0005724,-0.0005724,-0.0005724,-0.0005724,-0.0005724
2025-01-31 00:00:00-05:00,0.0009276000000000001,0.0009276000000000001,-0.0004224,-0.0004224,-0.0004224,-0.0004224,0.0003926,0.0003926,0.0003926,0.0003926,0.0003926,0.0003926,0.0,0.0,0.0,0.0,0.0,0.0
2025-02-03 00:00:00-05:00,-0.0026648,-0.0026648,-0.0026748,-0.0026748,-0.0026748,-0.0026748,-0.0005048,0.0,-0.0005048,0.0,-0.0005048,0.0,-0.0005048,0.0,-0.0005048,0.0,-0.0005048,0.0
2025-02-04 00:00:00-05:00,0.0038751999999999997,0.0,0.0038751999999999997,0.0,0.0040051999999999996,0.0,0.0036752,0.0,0.0036752,0.0,0.0044052,0.0,0.0029952,0.0,0.0029952,0.0,0.0057652,0.0
2025-02-05 00:00:00-05:00,-0.0039648,-0.0039648,-0.0009048000000000001,-0.0009048000000000001,-0.0009048000000000001,-0.0009048000000000001,0.0027351999999999997,0.0,0.0027351999999999997,0.0,0.0028452,0.0,0.0017352000000000001,0.0,0.0017352000000000001,0.0,0.0017352000000000001,0.0
2025-02-06 00:00:00-05:00,-0.0018047999999999999,0.0009952,-0.0007448,0.0009952,-0.0007448,0.0012852,-0.0018047999999999999,0.0009251999999999999,-0.0007748000000000001,0.0009251999999999999,-0.0007748000000000001,0.0014252000000000002,0.0009251999999999999,0.0009251999999999999,0.0009251999999999999,0.0009251999999999999,0.0017452000000000001,0.0017452000000000001
2025-02-07 00:00:00-05:00,-0.0012548000000000001,-0.0012548000000000001,-0.0011748,-0.0011748,-0.0011748,-0.0011748,-0.0012548000000000001,-0.0012548000000000001,-0.0012248,-0.0012248,-0.0012248,-0.0012248,-6.48e-05,0.0,-6.48e-05,0.0,-6.48e-05,0.0
2025-02-10 00:00:00-05:00,-0.0009348000000000001,-0.0002748,-0.0011548,-0.0002748,-0.0011548,-0.0002748,-0.0011748,-0.0002748,-0.0013947999999999999,-0.0002748,-0.0013947999999999999,-0.0002748,-0.0002748,-0.0002748,-0.0002748,-0.0002748,-0.0002748,-0.0002748
2025-02-11 00:00:00-05:00,0.0011652,0.0,0.0011652,0.0,0.0008052,0.0,0.0005752,0.0,0.0005752,0.0,0.0005752,0.0,0.0005752,0.0,0.0005752,0.0,0.0005752,0.0
2025-02-12 00:00:00-05:00,-0.0015048,-0.0015048,-0.0009948000000000001,-0.0009948000000000001,-0.0009948000000000001,-0.0009948000000000001,-0.0015048,-0.0015048,-0.0009948000000000001,-0.0009948000000000001,-0.0009948000000000001,-0.0009948000000000001,0.0002252,0.0,0.0002252,0.0,0.0002252,0.0
2025-02-13 00:00:00-05:00,-0.00023480000000000002,-0.0006148000000000001,-0.0006348,-0.0006948000000000001,-0.0006348,-0.0006948000000000001,-0.0006148000000000001,-0.0006148000000000001,-0.0009748000000000001,-0.0009748000000000001,-0.0009748000000000001,-0.0009748000000000001,-0.0004848,-0.0011448,-0.0014847999999999999,-0.0011448,-0.0014847999999999999,-0.0011448
2025-02-14 00:00:00-05:00,0.0005851999999999999,0.0005851999999999999,0.0005851999999999999,0.0005851999999999999,0.0005851999999999999,0.0005851999999999999,0.0001852,0.0001852,0.0001852,0.0001852,0.0001852,0.0001852,0.0,0.0,0.0,0.0,0.0,0.0
2025-02-17 00:00:00-05:00,0.0017052,0.0017052,0.0017052,0.0017052,0.0012452,0.0012452,0.0011052,0.0011052,0.0011052,0.0011052,0.0011052,0.0011052,0.0007352,0.0007352,0.0007352,0.0007352,0.0007352,0.0007352
2025-02-18 00:00:00-05:00,0.0021652,0.0021652,0.0021652,0.0021652,0.0008252,0.0008252,0.0021652,0.0021652,0.0021652,0.0021652,0.0008252,0.0008252,0.0018452000000000002,0.0018452000000000002,0.0018452000000000002,0.0018452000000000002,0.0014652,0.0014652
2025-02-19 00:00:00-05:00,0.0006751999999999999,-0.0012248,-0.00036480000000000003,-0.00047480000000000005,-0.00036480000000000003,-0.00047480000000000005,0.0006552,-0.0014148,-0.0006048000000000001,-0.0007048,-0.0006048000000000001,-0.0007048,0.0005252,-0.0014148,-0.0007348000000000001,-0.0007748000000000001,-0.0007348000000000001,-0.0007748000000000001
2025-02-20 00:00:00-05:00,0.0008652,0.0,0.0008652,0.0,0.0008652,0.0,0.0007352,0.0,0.0007352,0.0,0.0007352,0.0,0.0,0.0,0.0,0.0,0.0,0.0
2025-02-21 00:00:00-05:00,-0.0005848,0.0,-0.0005848,0.0,-0.0005848,0.0,-0.0008948000000000001,0.0,-0.0008948000000000001,0.0,-0.0008948000000000001,0.0,-0.0012248,0.0,-0.0012248,0.0,-0.0012248,0.0
2025-02-24 00:00:00-05:00,-0.0012648,0.00025519999999999997,-0.0009448000000000001,0.00025519999999999997,-0.0009448000000000001,0.00025519999999999997,-0.0016048,0.00025519999999999997,-0.0012848,0.00025519999999999997,-0.0012848,0.00025519999999999997,0.00025519999999999997,0.00025519999999999997,0.00025519999999999997,0.00025519999999999997,0.00025519999999999997,0.00025519999999999997
2025-02-25 00:00:00-05:00,0.0,0.0,0.0,0.0,0.0,0.0,0.0,0.0,0.0,0.0,0.0,0.0,0.0,0.0,0.0,0.0,0.0,0.0
2025-02-26 00:00:00-05:00,-0.0020748,0.0005752,-0.0010548,0.0005752,-0.0010548,0.0005752,-0.0024148,0.0005752,-0.0013947999999999999,0.0005752,-0.0013947999999999999,0.0005752,-0.0030248000000000002,0.0005752,-0.0020047999999999997,0.0005752,-0.0020047999999999997,0.0005752
2025-02-27 00:00:00-05:00,0.0044551999999999994,0.0044551999999999994,0.0044551999999999994,0.0044551999999999994,0.0047852,0.0047852,0.0037351999999999997,0.0037351999999999997,0.0037351999999999997,0.0037351999999999997,0.0037351999999999997,0.0037351999999999997,0.0029952,0.0029952,0.0029952,0.0029952,0.0029952,0.0029952
2025-02-28 00:00:00-05:00,-0.0026448,-0.0026448,-0.0017947999999999998,-0.0017947999999999998,-0.0017947999999999998,-0.0017947999999999998,-0.0002848,0.0,-0.0002848,0.0,-0.0002848,0.0,-0.0029848,0.0,-0.0029848,0.0,-0.0029848,0.0
2025-03-03 00:00:00-05:00,0.0033052,0.0033052,0.0033052,0.0033052,0.0033052,0.0033052,0.0033052,0.0033052,0.0033052,0.0033052,0.0033052,0.0033052,0.0018952,0.0018952,0.0018952,0.0018952,0.0018952,0.0018952
2025-03-04 00:00:00-05:00,-0.0022748,0.0,-0.0027348000000000003,0.0,-0.0027348000000000003,0.0,-0.0030248000000000002,0.0,-0.0034848,0.0,-0.0034848,0.0,0.0,0.0,0.0,0.0,0.0,0.0
2025-03-05 00:00:00-05:00,-0.0019148,-0.0001748,-0.0016347999999999998,-0.0019947999999999997,-0.0016347999999999998,-0.0019947999999999997,-0.0033148,-0.0001748,-0.0030348000000000003,-0.0001748,-0.0030348000000000003,-0.0001748,-0.0040948,-0.0001748,-0.0038148,-0.0001748,-0.0038148,-0.0001748
2025-03-06 00:00:00-05:00,0.0006652,0.0,0.0006652,0.0,0.0006652,0.0,0.0006652,0.0,0.0006652,0.0,0.0006652,0.0,0.0004052,0.0,0.0004052,0.0,0.0004052,0.0
2025-03-07 00:00:00-05:00,0.0,0.0,0.0,0.0,0.0,0.0,0.0,0.0,0.0,0.0,0.0,0.0,0.0,0.0,0.0,0.0,0.0,0.0
2025-03-10 00:00:00-04:00,0.0009651999999999999,0.0,0.0009651999999999999,0.0,0.0009651999999999999,0.0,0.0009651999999999999,0.0,0.0009651999999999999,0.0,0.0009651999999999999,0.0,-3.4800000000000006e-05,0.0,-3.4800000000000006e-05,0.0,-3.4800000000000006e-05,0.0
2025-03-11 00:00:00-04:00,-0.0043324,-0.0043324,-0.0013624000000000002,-0.0013624000000000002,-0.0013624000000000002,-0.0013624000000000002,-0.0043324,-0.0043324,-0.0013624000000000002,-0.0013624000000000002,-0.0013624000000000002,-0.0013624000000000002,0.0026325999999999997,0.0,0.0026325999999999997,0.0,0.0026325999999999997,0.0
2025-03-12 00:00:00-04:00,-0.00038740000000000004,-0.0005524,-0.0008523999999999999,-0.0007323999999999999,-0.0008523999999999999,-0.0007323999999999999,-0.0005524,-0.0005524,-0.0005524,-0.0005524,-0.0005524,-0.0005524,-0.0008123999999999999,-0.0008123999999999999,-0.0008123999999999999,-0.0008123999999999999,-0.0008123999999999999,-0.0008123999999999999
2025-03-13 00:00:00-04:00,0.0042026,0.0042026,0.0042026,0.0042026,0.0006626000000000001,0.0006626000000000001,0.0039476,0.0039476,0.0039476,0.0039476,0.0011726,0.0011726,0.0033975999999999998,0.0033975999999999998,0.0033975999999999998,0.0033975999999999998,0.0022726,0.0022726
2025-03-14 00:00:00-04:00,0.0004476,0.0,0.0004476,0.0,0.0004476,0.0,-2.2400000000000002e-05,0.0,-2.2400000000000002e-05,0.0,-2.2400000000000002e-05,0.0,-0.00038740000000000004,0.0,-0.00038740000000000004,0.0,-0.00038740000000000004,0.0
2025-03-17 00:00:00-04:00,-0.00022740000000000003,0.0,-0.00022740000000000003,0.0,-0.00022740000000000003,0.0,-0.00022740000000000003,0.0,-0.00022740000000000003,0.0,-0.00022740000000000003,0.0,-0.0006424,0.0,-0.0006424,0.0,-0.0006424,0.0
2025-03-18 00:00:00-04:00,0.0010526,0.0010526,0.0010526,0.0010526,0.0011726,0.0011726,0.0005226,0.0005226,0.0005226,0.0005226,0.0005226,0.0005226,0.0005226,0.0005226,0.0005226,0.0005226,0.0005226,0.0005226
2025-03-19 00:00:00-04:00,0.0001426,0.0,0.0001426,0.0,0.0008626,0.0,-0.0007273999999999999,0.0,-0.0007273999999999999,0.0,-0.0007273999999999999,0.0,0.0,0.0,0.0,0.0,0.0,0.0
2025-03-20 00:00:00-04:00,0.0008326000000000001,0.0,0.0008326000000000001,0.0,0.0008326000000000001,0.0,0.0006876,0.0,0.0006876,0.0,0.0006876,0.0,0.0004076,0.0,0.0004076,0.0,0.0004076,0.0
2025-03-21 00:00:00-04:00,-0.0014074,0.0005076,-0.0008424,0.0005076,-0.0008424,0.0005076,-0.0015674,0.0005076,-0.0010023999999999999,0.0005076,-0.0010023999999999999,0.0005076,-0.0015674,0.0005076,-0.0010023999999999999,0.0005076,-0.0010023999999999999,0.0005076
2025-03-24 00:00:00-04:00,-0.0003924,-0.0003724,-0.0006973999999999999,-0.0003724,-0.0006973999999999999,-0.0003724,-0.0003724,-0.0003724,-0.0003724,-0.0003724,-0.0003724,-0.0003724,-0.0003724,-0.0003724,-0.0003724,-0.0003724,-0.0003724,-0.0003724
2025-03-25 00:00:00-04:00,-0.00048740000000000003,-1.2400000000000002e-05,-0.0004424,-1.2400000000000002e-05,-0.0004424,-1.2400000000000002e-05,-0.00048740000000000003,-0.00016740000000000003,-0.0006224000000000001,-0.00016740000000000003,-0.0006224000000000001,-0.00016740000000000003,-0.0006424,-0.00016740000000000003,-0.0007773999999999999,-0.00016740000000000003,-0.0007773999999999999,-0.00016740000000000003
2025-03-26 00:00:00-04:00,-0.0014424000000000001,0.0009826000000000001,-0.0004124,0.0009826000000000001,-0.0004124,0.0005426,-0.0014424000000000001,0.0009826000000000001,-0.0004124,0.0009826000000000001,-0.0004124,0.0006125999999999999,0.0009826000000000001,0.0009826000000000001,0.0009826000000000001,0.0009826000000000001,0.0009826000000000001,0.0009826000000000001
2025-03-27 00:00:00-04:00,0.0006125999999999999,0.0,0.0006125999999999999,0.0,0.0006125999999999999,0.0,0.0004126,0.0,0.0004126,0.0,0.0004126,0.0,0.00012759999999999998,0.0,0.00012759999999999998,0.0,0.00012759999999999998,0.0
2025-03-28 00:00:00-04:00,5.26e-05,0.0,5.26e-05,0.0,5.26e-05,0.0,5.26e-05,0.0,5.26e-05,0.0,5.26e-05,0.0,-0.00030740000000000005,0.0,-0.00030740000000000005,0.0,-0.00030740000000000005,0.0
2025-03-31 00:00:00-04:00,-0.0013374,-0.0013374,-0.0017974,-0.0017974,-0.0017974,-0.0017974,-0.0006024,0.0,-0.0006024,0.0,-0.0006024,0.0,-0.0006024,0.0,-0.0006024,0.0,-0.0006024,0.0
2025-04-01 00:00:00-04:00,-0.0006124,-0.0006124,-0.0006724,-0.0006724,-0.0006724,-0.0006724,-0.0006124,-0.0006124,-0.0007023999999999999,-0.0007023999999999999,-0.0007023999999999999,-0.0007023999999999999,-0.0001374,0.0,-0.0001374,0.0,-0.0001374,0.0
2025-04-02 00:00:00-04:00,0.0004276,0.0004276,0.0004276,0.0004276,0.0004276,0.0004276,0.0,0.0,0.0,0.0,0.0,0.0,0.0,0.0,0.0,0.0,0.0,0.0
2025-04-03 00:00:00-04:00,0.0010076,0.0,0.0010076,0.0,0.0010076,0.0,-0.0002324,0.0,-0.0002324,0.0,-0.0002324,0.0,-0.0006473999999999999,0.0,-0.0006473999999999999,0.0,-0.0006473999999999999,0.0
2025-04-04 00:00:00-04:00,0.00018759999999999998,0.00018759999999999998,0.00018759999999999998,0.00018759999999999998,0.0024026,0.0024026,0.00018759999999999998,0.00018759999999999998,0.00018759999999999998,0.00018759999999999998,0.0024026,0.0024026,-0.0001524,-0.0001524,-0.0001524,-0.0001524,0.0030826,0.0030826
2025-04-07 00:00:00-04:00,-0.00034740000000000004,0.0,-0.00034740000000000004,0.0,-0.00034740000000000004,0.0,-0.00034740000000000004,0.0,-0.00034740000000000004,0.0,-0.00034740000000000004,0.0,-0.00034740000000000004,0.0,-0.00034740000000000004,0.0,-0.00034740000000000004,0.0
2025-04-08 00:00:00-04:00,-0.0014474000000000002,-0.0014474000000000002,-0.0033524,-0.0033524,-0.0033524,-0.0033524,-0.0014474000000000002,-0.0014474000000000002,-0.0035024,-0.0035024,-0.0035024,-0.0035024,-0.0014474000000000002,-0.0014474000000000002,-0.0035024,-0.0035024,-0.0035024,-0.0035024
2025-04-09 00:00:00-04:00,-0.0007023999999999999,-0.0007023999999999999,-0.0027524,-0.0027524,-0.0027524,-0.0027524,-0.0045774,0.0,-0.0053474,0.0,-0.0053474,0.0,-0.0045774,0.0,-0.0057274,0.0,-0.0057274,0.0
2025-04-10 00:00:00-04:00,0.0017276,0.0017276,0.0017276,0.0017276,0.0038225999999999998,0.0038225999999999998,0.0011926,0.0011926,0.0011926,0.0011926,0.0011926,0.0011926,-0.0006124,-0.0006124,-0.0006124,-0.0006124,-0.0006124,-0.0006124
2025-04-11 00:00:00-04:00,-0.0096924,-0.0096924,-0.0029924,-0.0029924,-0.0029924,-0.0029924,-0.0108324,-0.0108324,-0.0041324000000000005,-0.0041324000000000005,-0.0041324000000000005,-0.0041324000000000005,0.0066175999999999995,0.0,0.0066175999999999995,0.0,0.0066175999999999995,0.0
2025-04-14 00:00:00-04:00,-0.0016274,-0.0016274,-0.0014174,-0.0014174,-0.0014174,-0.0014174,-0.0016274,-0.0016274,-0.0014174,-0.0014174,-0.0014174,-0.0014174,-0.0021324,-0.0021324,-0.0019224,-0.0019224,-0.0019224,-0.0019224
2025-04-15 00:00:00-04:00,-0.0001374,0.0,-0.0001374,0.0,-0.0001374,0.0,-0.0009473999999999999,0.0,-0.0009473999999999999,0.0,-0.0009473999999999999,0.0,-0.0009473999999999999,0.0,-0.0009473999999999999,0.0,-0.0009473999999999999,0.0
2025-04-16 00:00:00-04:00,0.0026425999999999997,0.0026425999999999997,0.0026425999999999997,0.0026425999999999997,0.0030426,0.0030426,0.0026425999999999997,0.0026425999999999997,0.0026425999999999997,0.0026425999999999997,0.0030426,0.0030426,0.0,0.0,0.0,0.0,0.0,0.0
2025-04-17 00:00:00-04:00,0.0015676,0.0,0.0015676,0.0,0.0015676,0.0,0.0015676,0.0,0.0015676,0.0,0.0015676,0.0,0.0009326,0.0,0.0009326,0.0,0.0009326,0.0
2025-04-21 00:00:00-04:00,-0.0022574,0.0011026,-0.0009874,0.0011026,-0.0009874,0.0016925999999999998,0.0011026,0.0011026,0.0011026,0.0011026,0.0011026,0.0011026,0.0010126,0.0010126,0.0010126,0.0010126,0.0010126,0.0010126
2025-04-22 00:00:00-04:00,-0.0002574,-0.0002574,-0.0007524,-0.0007524,-0.0007524,-0.0007524,-0.0008673999999999999,-0.0007074,-0.0011074,-0.0007074,-0.0011074,-0.0007074,-0.0008673999999999999,-0.0007074,-0.0013224,-0.0007074,-0.0013224,-0.0007074
2025-04-23 00:00:00-04:00,-0.0004224,-0.0004224,-0.0004224,-0.0004224,-0.0004224,-0.0004224,-0.0011623999999999998,-0.0011623999999999998,-0.0011623999999999998,-0.0011623999999999998,-0.0011623999999999998,-0.0011623999999999998,-0.0019024,-0.0019024,-0.0019024,-0.0019024,-0.0019024,-0.0019024
2025-04-24 00:00:00-04:00,0.0020626,0.0020626,0.0020626,0.0020626,0.0023926,0.0023926,0.0020626,0.0020626,0.0020626,0.0020626,0.0023926,0.0023926,0.0020626,0.0020626,0.0020626,0.0020626,0.0023926,0.0023926
2025-04-25 00:00:00-04:00,-0.00045240000000000005,-0.0007023999999999999,-0.0008774,-0.0009574,-0.0008774,-0.0009574,-0.0008923999999999999,-0.0007023999999999999,-0.0013174,-0.0013874,-0.0013174,-0.0013874,-0.0010574,-0.0007023999999999999,-0.0014824,-0.0017274,-0.0014824,-0.0017274
2025-04-28 00:00:00-04:00,0.0001826,0.0001826,0.0001826,0.0001826,0.0001826,0.0001826,-7.74e-05,-7.74e-05,-7.74e-05,-7.74e-05,-7.74e-05,-7.74e-05,-0.00045240000000000005,-0.00045240000000000005,-0.00045240000000000005,-0.00045240000000000005,-0.00045240000000000005,-0.00045240000000000005
2025-04-29 00:00:00-04:00,-0.0002974,0.0,-0.0002974,0.0,-0.0002974,0.0,-0.0002974,0.0,-0.0002974,0.0,-0.0002974,0.0,-0.0010174,0.0,-0.0010174,0.0,-0.0010174,0.0
2025-04-30 00:00:00-04:00,-0.0002324,-0.0002324,-0.0002324,-0.0002324,-0.0002324,-0.0002324,-0.0002324,-0.0002324,-0.0002324,-0.0002324,-0.0002324,-0.0002324,-0.0006024,-0.0006024,-0.0006024,-0.0006024,-0.0006024,-0.0006024
2025-05-01 00:00:00-04:00,-0.00044740000000000003,0.0,-0.0006224000000000001,0.0,-0.0006224000000000001,0.0,-0.0007524,0.0,-0.0007524,0.0,-0.0007524,0.0,-0.0007524,0.0,-0.0007524,0.0,-0.0007524,0.0
2025-05-02 00:00:00-04:00,0.0026926,0.0,0.0026926,0.0,0.0023526,0.0,0.0013376,0.0,0.0013376,0.0,0.0013376,0.0,-0.0005724,0.0,-0.0005724,0.0,-0.0005724,0.0
2025-05-05 00:00:00-04:00,-0.0008324,3.26e-05,-0.0007174,3.26e-05,-0.0007174,0.0012825999999999998,-0.0009423999999999999,3.26e-05,-0.0008273999999999999,3.26e-05,-0.0008273999999999999,3.26e-05,3.26e-05,3.26e-05,3.26e-05,3.26e-05,3.26e-05,3.26e-05
2025-05-06 00:00:00-04:00,0.0014226,0.0014226,0.0014226,0.0014226,0.0014226,0.0014226,0.0011326,0.0011326,0.0011326,0.0011326,0.0011326,0.0011326,0.0007226,0.0007226,0.0007226,0.0007226,0.0007226,0.0007226
2025-05-07 00:00:00-04:00,-0.0020024,0.0003876,-0.0014874,0.0003876,-0.0014874,0.0003876,-0.0022074,0.0003876,-0.0016924000000000002,0.0003876,-0.0016924000000000002,0.0003876,0.0003876,0.0003876,0.0003876,0.0003876,0.0003876,0.0003876
2025-05-08 00:00:00-04:00,-0.0041224,-0.0041224,-0.0007373999999999999,-0.0007373999999999999,-0.0007373999999999999,-0.0007373999999999999,-0.0045474,-0.0045474,-0.0011623999999999998,-0.0011623999999999998,-0.0011623999999999998,-0.0011623999999999998,0.0014525999999999999,0.0,0.0014525999999999999,0.0,0.0014525999999999999,0.0
2025-05-09 00:00:00-04:00,-0.0019374000000000001,-0.0019374000000000001,-0.0009023999999999999,-0.0009023999999999999,-0.0009023999999999999,-0.0009023999999999999,0.0010026,0.0,0.0010026,0.0,0.0010026,0.0,0.0010026,0.0,0.0010026,0.0,0.0010026,0.0
2025-05-12 00:00:00-04:00,0.0011526000000000002,0.0,0.0011526000000000002,0.0,0.0011526000000000002,0.0,0.0011526000000000002,0.0,0.0011526000000000002,0.0,0.0011526000000000002,0.0,0.0006976,0.0,0.0006976,0.0,0.0006976,0.0
2025-05-13 00:00:00-04:00,0.0003326,0.0003326,0.0003326,0.0003326,0.0011926,0.0011926,0.0003326,0.0003326,0.0003326,0.0003326,0.0011926,0.0011926,5.26e-05,5.26e-05,5.26e-05,5.26e-05,5.26e-05,5.26e-05
2025-05-14 00:00:00-04:00,-0.0009323999999999999,-0.0009323999999999999,-0.0005524,-0.0005524,-0.0005524,-0.0005524,-0.0012374,-0.0012374,-0.0008573999999999999,-0.0008573999999999999,-0.0008573999999999999,-0.0008573999999999999,-0.0012374,-0.0012374,-0.0008573999999999999,-0.0008573999999999999,-0.0008573999999999999,-0.0008573999999999999
2025-05-15 00:00:00-04:00,-0.0012074,-0.0012074,-0.00036740000000000004,-0.00036740000000000004,-0.00036740000000000004,-0.00036740000000000004,-0.0012074,-0.0012074,-0.00046740000000000003,-0.00046740000000000003,-0.00046740000000000003,-0.00046740000000000003,-0.0012824000000000002,-0.0012824000000000002,-0.0005424000000000001,-0.0005424000000000001,-0.0005424000000000001,-0.0005424000000000001
2025-05-16 00:00:00-04:00,0.00039759999999999996,0.0,0.00039759999999999996,0.0,0.0011326,0.0,0.0003076,0.0,0.0003076,0.0,0.0003076,0.0,-0.0006074,0.0,-0.0006074,0.0,-0.0006074,0.0
2025-05-19 00:00:00-04:00,0.0013625999999999998,0.0,0.0013625999999999998,0.0,0.0013625999999999998,0.0,0.0007576000000000001,0.0,0.0007576000000000001,0.0,0.0007576000000000001,0.0,0.00027759999999999997,0.0,0.00027759999999999997,0.0,0.00027759999999999997,0.0
2025-05-20 00:00:00-04:00,0.0021776,0.0,0.0021776,0.0,0.0013126,0.0,0.0021776,0.0,0.0021776,0.0,0.0013126,0.0,0.0014525999999999999,0.0,0.0014525999999999999,0.0,0.0014525999999999999,0.0
2025-05-21 00:00:00-04:00,-0.0022174,-0.0022174,-0.0007624,-0.0007624,-0.0007624,-0.0007624,0.0013675999999999998,0.0,0.0013675999999999998,0.0,0.0013675999999999998,0.0,0.0013675999999999998,0.0,0.0013675999999999998,0.0,0.0013675999999999998,0.0
2025-05-22 00:00:00-04:00,0.0002026,0.0002026,0.0002026,0.0002026,0.0002026,0.0002026,-3.74e-05,-3.74e-05,-3.74e-05,-3.74e-05,-3.74e-05,-3.74e-05,-0.00018740000000000003,-0.00018740000000000003,-0.00018740000000000003,-0.00018740000000000003,-0.00018740000000000003,-0.00018740000000000003
2025-05-23 00:00:00-04:00,0.0001826,-0.0011024,-0.0008024,-0.0006174,-0.0008024,-0.0006174,0.0001826,-0.0011024,-0.0008024,-0.0006174,-0.0008024,-0.0006174,0.0001826,-0.0011024,-0.0008223999999999999,-0.0006174,-0.0008223999999999999,-0.0006174
2025-05-26 00:00:00-04:00,-0.0006074,-0.0002424,-0.0007723999999999999,-0.0002424,-0.0007723999999999999,-0.0002424,-0.0002424,-0.0002424,-0.0002424,-0.0002424,-0.0002424,-0.0002424,-0.0002424,-0.0002424,-0.0002424,-0.0002424,-0.0002424,-0.0002424
2025-05-27 00:00:00-04:00,-2.7400000000000002e-05,-0.0006724,-0.0006124,-0.0004574,-0.0006124,-0.0004574,-0.0006724,-0.0006724,-0.0007874,-0.0007874,-0.0007874,-0.0007874,-0.00016740000000000003,0.0,-0.00016740000000000003,0.0,-0.00016740000000000003,0.0
2025-05-28 00:00:00-04:00,-0.00046740000000000003,-0.00046740000000000003,-0.0003724,-0.0003724,-0.0003724,-0.0003724,-0.00046740000000000003,-0.00046740000000000003,-0.0003724,-0.0003724,-0.0003724,-0.0003724,-0.00046740000000000003,-0.00046740000000000003,-0.0003724,-0.0003724,-0.0003724,-0.0003724
2025-05-29 00:00:00-04:00,-2.400000000000002e-06,-2.400000000000002e-06,-2.400000000000002e-06,-2.400000000000002e-06,-2.400000000000002e-06,-2.400000000000002e-06,-2.400000000000002e-06,-2.400000000000002e-06,-2.400000000000002e-06,-2.400000000000002e-06,-2.400000000000002e-06,-2.400000000000002e-06,0.0,0.0,0.0,0.0,0.0,0.0
2025-05-30 00:00:00-04:00,0.0014052000000000001,0.0014052000000000001,-0.0014847999999999999,-0.0014847999999999999,-0.0014847999999999999,-0.0014847999999999999,0.0012552,0.0012552,-0.0016347999999999998,-0.0016347999999999998,-0.0016347999999999998,-0.0016347999999999998,-0.0031248,0.0011352,-0.0019148,0.0011352,-0.0019148,0.0011352
2025-06-02 00:00:00-04:00,0.0023152,0.0,0.0023152,0.0,0.0023052000000000003,0.0,0.0023152,0.0,0.0023152,0.0,0.0027852,0.0,0.0016452,0.0,0.0016452,0.0,0.0016452,0.0
2025-06-03 00:00:00-04:00,0.0005252,0.0,0.0005252,0.0,0.0005252,0.0,0.0002252,0.0,0.0002252,0.0,0.0002252,0.0,0.0002252,0.0,0.0002252,0.0,0.0002252,0.0
2025-06-04 00:00:00-04:00,-0.0001748,0.0,-0.0001748,0.0,-0.0001748,0.0,-0.0001748,0.0,-0.0001748,0.0,-0.0001748,0.0,-0.0001748,0.0,-0.0001748,0.0,-0.0001748,0.0
2025-06-05 00:00:00-04:00,-0.0010648,-0.0010648,-0.0009348000000000001,-0.0009348000000000001,-0.0009348000000000001,-0.0009348000000000001,-0.0012448000000000001,-0.0012448000000000001,-0.0011148,-0.0011148,-0.0011148,-0.0011148,0.0,0.0,0.0,0.0,0.0,0.0
2025-06-06 00:00:00-04:00,0.0011626,0.0011626,0.0011626,0.0011626,0.0011626,0.0011626,0.0011626,0.0011626,0.0011626,0.0011626,0.0011626,0.0011626,0.0011626,0.0011626,0.0011626,0.0011626,0.0011626,0.0011626
2025-06-09 00:00:00-04:00,0.0002452,0.0,0.0002452,0.0,0.0002452,0.0,7.52e-05,0.0,7.52e-05,0.0,7.52e-05,0.0,-0.00023480000000000002,0.0,-0.00023480000000000002,0.0,-0.00023480000000000002,0.0
2025-06-10 00:00:00-04:00,-0.0005648000000000001,-0.0005648000000000001,-0.0011148,-0.0011148,0.0020652,0.0020652,-0.0007548,-0.0007548,-0.0013047999999999998,-0.0013047999999999998,0.0024452000000000002,0.0024452000000000002,-0.0020448,-0.0020448,-0.0025948,-0.0025948,-0.0025948,-0.0025948
2025-06-11 00:00:00-04:00,0.0012752,0.0,0.0012752,0.0,0.0012752,0.0,0.0012752,0.0,0.0012752,0.0,0.0012752,0.0,0.0007452,0.0,0.0007452,0.0,0.0007452,0.0
2025-06-12 00:00:00-04:00,-0.0006048000000000001,0.0,-0.0006048000000000001,0.0,-0.0006048000000000001,0.0,-0.0014047999999999999,0.0,-0.0014047999999999999,0.0,-0.0014047999999999999,0.0,-0.0021747999999999997,0.0,-0.0021747999999999997,0.0,-0.0021747999999999997,0.0
2025-06-13 00:00:00-04:00,0.0002752,0.0,0.0002752,0.0,0.0002752,0.0,-0.0015848,0.0,-0.0015848,0.0,-0.0015848,0.0,-0.0022448,0.0,-0.0022448,0.0,-0.0022448,0.0
2025-06-16 00:00:00-04:00,-0.0019848,0.0001352,-0.0016247999999999998,-0.0012248,-0.0016247999999999998,-0.0012248,0.0001352,0.0001352,0.0001352,0.0001352,0.0001352,0.0001352,0.0001352,0.0001352,0.0001352,0.0001352,0.0001352,0.0001352
2025-06-17 00:00:00-04:00,0.0011052,0.0011052,0.0011052,0.0011052,0.0011052,0.0011052,-0.00022480000000000002,-0.00022480000000000002,-0.00022480000000000002,-0.00022480000000000002,-0.00022480000000000002,-0.00022480000000000002,-0.0006948000000000001,-0.0006948000000000001,-0.0006948000000000001,-0.0006948000000000001,-0.0006948000000000001,-0.0006948000000000001
2025-06-18 00:00:00-04:00,0.0002652,0.0002652,0.0002652,0.0002652,0.0002652,0.0002652,0.0002652,0.0002652,0.0002652,0.0002652,0.0002652,0.0002652,-0.0006448000000000001,-0.0006448000000000001,-0.0006448000000000001,-0.0006448000000000001,-0.0006448000000000001,-0.0006448000000000001
2025-06-19 00:00:00-04:00,0.0001152,0.0,0.0001152,0.0,0.0001152,0.0,-0.0014248,0.0,-0.0014248,0.0,-0.0014248,0.0,-0.0014248,0.0,-0.0014248,0.0,-0.0014248,0.0
2025-06-20 00:00:00-04:00,-0.0023347999999999997,0.0,-0.0023347999999999997,0.0,-0.0023347999999999997,0.0,-0.0023347999999999997,0.0,-0.0023347999999999997,0.0,-0.0023347999999999997,0.0,-0.0023347999999999997,0.0,-0.0023347999999999997,0.0,-0.0023347999999999997,0.0
2025-06-23 00:00:00-04:00,-0.0040048,0.0016752000000000002,-0.0021148,0.0016752000000000002,-0.0021148,0.0016752000000000002,0.0016752000000000002,0.0016752000000000002,0.0016752000000000002,0.0016752000000000002,0.0016752000000000002,0.0016752000000000002,0.0016752000000000002,0.0016752000000000002,0.0016752000000000002,0.0016752000000000002,0.0016752000000000002,0.0016752000000000002
2025-06-24 00:00:00-04:00,-0.0028448,0.0017152,-0.0010048000000000001,-0.0009748000000000001,-0.0010048000000000001,-0.0009748000000000001,-0.0031048,0.0017152,-0.0012648,-0.0012048,-0.0012648,-0.0012048,0.0017152,0.0017152,0.0017152,0.0017152,0.0017152,0.0017152
2025-06-25 00:00:00-04:00,-0.0006648,0.0,-0.0007648,0.0,-0.0007648,0.0,-0.0006648,0.0,-0.0009948000000000001,0.0,-0.0009948000000000001,0.0,-0.0008048,0.0,-0.0011348,0.0,-0.0011348,0.0
2025-06-26 00:00:00-04:00,0.0013552000000000002,0.0013552000000000002,0.0013552000000000002,0.0013552000000000002,0.0013552000000000002,0.0013552000000000002,0.0011952,0.0011952,0.0011952,0.0011952,0.0011952,0.0011952,0.0010852,0.0010852,0.0010852,0.0010852,0.0010852,0.0010852
2025-06-27 00:00:00-04:00,0.0005551999999999999,0.0005551999999999999,0.0005551999999999999,0.0005551999999999999,0.0005551999999999999,0.0005551999999999999,0.0005551999999999999,0.0005551999999999999,0.0005551999999999999,0.0005551999999999999,0.0005551999999999999,0.0005551999999999999,0.0005551999999999999,0.0005551999999999999,0.0005551999999999999,0.0005551999999999999,0.0005551999999999999,0.0005551999999999999
2025-06-30 00:00:00-04:00,0.0018552000000000002,0.0018552000000000002,0.0018552000000000002,0.0018552000000000002,0.0019052000000000001,0.0019052000000000001,0.0014652,0.0014652,0.0014652,0.0014652,0.0014652,0.0014652,0.0011952,0.0011952,0.0011952,0.0011952,0.0011952,0.0011952
2025-07-01 00:00:00-04:00,-0.0022848,-0.0022848,-0.0007148,-0.0007148,-0.0007148,-0.0007148,-0.0024348,-0.0024348,-0.0008648,-0.0008648,-0.0008648,-0.0008648,-0.0025948,-0.0025948,-0.0010248,-0.0010248,-0.0010248,-0.0010248
2025-07-02 00:00:00-04:00,-0.0025948,0.0019452,-0.0005748000000000001,0.0019452,0.0009851999999999999,0.0010252,-0.0025948,0.0017952,-0.0007148,0.0017952,-0.0007148,0.0013252000000000001,-0.0025948,0.0017952,-0.0007148,0.0017952,-0.0007148,0.0013252000000000001
2025-07-03 00:00:00-04:00,0.0004852,0.0004852,-0.0008748,-0.0008748,-0.0008748,-0.0008748,0.0004852,0.0004852,-0.0008748,-0.0008748,-0.0008748,-0.0008748,0.0004852,0.0004852,-0.0008748,-0.0008748,-0.0008748,-0.0008748
2025-07-04 00:00:00-04:00,-0.0012848,-0.0012848,-0.0008448,-0.0008448,-0.0008448,-0.0008448,-0.0014847999999999999,-0.0014847999999999999,-0.0010448,-0.0010448,-0.0010448,-0.0010448,-0.0014847999999999999,-0.0014847999999999999,-0.0010448,-0.0010448,-0.0010448,-0.0010448
2025-07-07 00:00:00-04:00,0.0006251999999999999,0.0,0.0006251999999999999,0.0,0.0006251999999999999,0.0,0.0006251999999999999,0.0,0.0006251999999999999,0.0,0.0006251999999999999,0.0,-0.0002448,0.0,-0.0002448,0.0,-0.0002448,0.0
2025-07-08 00:00:00-04:00,0.0019452,0.0019452,0.0019452,0.0019452,0.0021052,0.0021052,0.0018952,0.0018952,0.0018952,0.0018952,0.0018952,0.0018952,0.0005752,0.0005752,0.0005752,0.0005752,0.0005752,0.0005752
2025-07-09 00:00:00-04:00,-0.00039480000000000006,0.0,-0.00039480000000000006,0.0,-0.00039480000000000006,0.0,-0.00039480000000000006,0.0,-0.00039480000000000006,0.0,-0.00039480000000000006,0.0,-0.00045480000000000005,0.0,-0.00045480000000000005,0.0,-0.00045480000000000005,0.0
2025-07-10 00:00:00-04:00,0.0007752,0.0,0.0007752,0.0,0.0007752,0.0,0.0005752,0.0,0.0005752,0.0,0.0005752,0.0,0.0002752,0.0,0.0002752,0.0,0.0002752,0.0
2025-07-11 00:00:00-04:00,0.0006852,0.0,0.0006852,0.0,0.0006852,0.0,0.0,0.0,0.0,0.0,0.0,0.0,0.0,0.0,0.0,0.0,0.0,0.0
2025-07-14 00:00:00-04:00,0.0007252,0.0,-0.0010848000000000001,0.0,-0.0010848000000000001,0.0,0.0007252,0.0,-0.0011348,0.0,-0.0011348,0.0,0.0006052,0.0,-0.0012548000000000001,0.0,-0.0012548000000000001,0.0
2025-07-15 00:00:00-04:00,0.0027651999999999998,0.0027651999999999998,0.0027651999999999998,0.0027651999999999998,0.0027651999999999998,0.0027651999999999998,0.0027651999999999998,0.0027651999999999998,0.0027651999999999998,0.0027651999999999998,0.0027651999999999998,0.0027651999999999998,0.0027651999999999998,0.0027651999999999998,0.0027651999999999998,0.0027651999999999998,0.0027651999999999998,0.0027651999999999998
2025-07-16 00:00:00-04:00,-0.0006348,-0.0006348,-0.0006348,-0.0006348,-0.0006348,-0.0006348,-0.0006348,-0.0006348,-0.0006348,-0.0006348,-0.0006348,-0.0006348,-0.0006348,-0.0006348,-0.0006348,-0.0006348,-0.0006348,-0.0006348
2025-07-17 00:00:00-04:00,0.0013552000000000002,0.0013552000000000002,-0.0011148,-0.0011148,-0.0011148,-0.0011148,0.0011551999999999999,0.0011551999999999999,-0.0013448,-0.0013448,-0.0013448,-0.0013448,0.0011551999999999999,0.0011551999999999999,-0.0013448,-0.0013448,-0.0013448,-0.0013448
2025-07-18 00:00:00-04:00,-0.0012448000000000001,0.0,-0.0005048,0.0,-0.0005048,0.0,-0.0013648,0.0,-0.0006248,0.0,-0.0006248,0.0,-0.0017748,0.0,-0.0010348,0.0,-0.0010348,0.0
2025-07-21 00:00:00-04:00,-0.0005848,-0.0001748,-0.00038480000000000003,-0.0006548000000000001,-0.00038480000000000003,-0.0006548000000000001,-0.0006348,-0.0001748,-0.00043480000000000005,-0.0007148,-0.00043480000000000005,-0.0007148,-0.0001748,-0.0001748,-0.0009348000000000001,-0.0009348000000000001,-0.0009348000000000001,-0.0009348000000000001
2025-07-22 00:00:00-04:00,-0.0018548,-0.0018548,-0.0005948,-0.0005948,-0.0005948,-0.0005948,0.0011852,-0.0020147999999999998,-0.0007148,-0.0007548,-0.0007148,-0.0007548,0.0008952,-0.0020147999999999998,-0.0010048000000000001,-0.0010548,-0.0010048000000000001,-0.0010548
2025-07-23 00:00:00-04:00,-0.0012648,0.0,-0.0012648,0.0,-0.0012648,0.0,-0.0019648,0.0,-0.0019648,0.0,-0.0019648,0.0,0.0,0.0,0.0,0.0,0.0,0.0
2025-07-24 00:00:00-04:00,-0.0011248,-0.0011248,-0.0007848,-0.0007848,-0.0007848,-0.0007848,-0.0012848,-0.0012848,-0.0009448000000000001,-0.0009448000000000001,-0.0009448000000000001,-0.0009448000000000001,-0.0015748,-0.0015748,-0.0012348,-0.0012348,-0.0012348,-0.0012348
2025-07-25 00:00:00-04:00,-0.0008922,-0.0008922,-0.0013272,-0.0013272,-0.0013272,-0.0013272,-0.0012072,-0.0012072,-0.0016422,-0.0016422,-0.0016422,-0.0016422,-0.0012072,-0.0012072,-0.0016422,-0.0016422,-0.0016422,-0.0016422
2025-07-28 00:00:00-04:00,0.0018678,0.0018678,0.0018678,0.0018678,0.0018978,0.0018978,0.0012228,0.0012228,0.0012228,0.0012228,0.0012228,0.0012228,0.0012228,0.0012228,0.0012228,0.0012228,0.0012228,0.0012228
2025-07-29 00:00:00-04:00,0.0008478,0.0008478,0.0008478,0.0008478,0.0008478,0.0008478,0.00044280000000000003,0.00044280000000000003,0.00044280000000000003,0.00044280000000000003,0.00044280000000000003,0.00044280000000000003,0.00044280000000000003,0.00044280000000000003,0.00044280000000000003,0.00044280000000000003,0.00044280000000000003,0.00044280000000000003
2025-07-30 00:00:00-04:00,0.0005028,0.0005028,0.0005028,0.0005028,0.0005028,0.0005028,0.0005028,0.0005028,0.0005028,0.0005028,0.0005028,0.0005028,0.0005028,0.0005028,0.0005028,0.0005028,0.0005028,0.0005028
2025-07-31 00:00:00-04:00,0.0036228,0.0036228,0.0036228,0.0036228,0.0030678,0.0030678,0.0027677999999999995,0.0027677999999999995,0.0027677999999999995,0.0027677999999999995,0.0027677999999999995,0.0027677999999999995,0.0023778000000000002,0.0023778000000000002,0.0023778000000000002,0.0023778000000000002,0.0023778000000000002,0.0023778000000000002
2025-08-01 00:00:00-04:00,-0.0014022,-0.0008922,-0.0020322,-0.0008922,-0.0020322,-0.0008922,-0.0008922,-0.0008922,-0.0008922,-0.0008922,-0.0008922,-0.0008922,-0.0008922,-0.0008922,-0.0008922,-0.0008922,-0.0008922,-0.0008922
2025-08-04 00:00:00-04:00,0.0012652,0.0012652,0.0012652,0.0012652,0.0012652,0.0012652,0.0012652,0.0012652,0.0012652,0.0012652,0.0012652,0.0012652,0.0005752,0.0005752,0.0005752,0.0005752,0.0005752,0.0005752
2025-08-05 00:00:00-04:00,-0.0017947999999999998,0.0010651999999999999,-0.0006548000000000001,0.0010651999999999999,-0.0006548000000000001,0.0009452,0.0010651999999999999,0.0010651999999999999,0.0010651999999999999,0.0010651999999999999,0.0010651999999999999,0.0010651999999999999,0.0,0.0,0.0,0.0,0.0,0.0
2025-08-06 00:00:00-04:00,0.0036951999999999996,0.0036951999999999996,0.0036951999999999996,0.0036951999999999996,0.0033052,0.0033052,0.0036951999999999996,0.0036951999999999996,0.0036951999999999996,0.0036951999999999996,0.0033052,0.0033052,0.0029552,0.0029552,0.0029552,0.0029552,0.0029552,0.0029552
2025-08-07 00:00:00-04:00,0.00041519999999999995,0.00041519999999999995,0.00041519999999999995,0.00041519999999999995,0.00041519999999999995,0.00041519999999999995,-0.0005048,-0.0005048,-0.0005048,-0.0005048,-0.0005048,-0.0005048,-0.0009848,-0.0009848,-0.0009848,-0.0009848,-0.0009848,-0.0009848
2025-08-08 00:00:00-04:00,-0.0021448,-0.0021448,-0.0013747999999999998,-0.0013747999999999998,-0.0013747999999999998,-0.0013747999999999998,-0.0025748000000000004,-0.0025748000000000004,-0.0018047999999999999,-0.0018047999999999999,-0.0018047999999999999,-0.0018047999999999999,0.0,0.0,0.0,0.0,0.0,0.0
2025-08-11 00:00:00-04:00,5.519999999999999e-05,5.519999999999999e-05,5.519999999999999e-05,5.519999999999999e-05,5.519999999999999e-05,5.519999999999999e-05,-0.0001348,-0.0001348,-0.0001348,-0.0001348,-0.0001348,-0.0001348,-0.0001348,-0.0001348,-0.0001348,-0.0001348,-0.0001348,-0.0001348
2025-08-12 00:00:00-04:00,-0.0011048,-0.0011048,-0.0011248,-0.0011248,-0.0011248,-0.0011248,-0.0014847999999999999,-0.0014847999999999999,-0.0015048,-0.0015048,-0.0015048,-0.0015048,0.0,0.0,0.0,0.0,0.0,0.0
2025-08-13 00:00:00-04:00,-0.00023480000000000002,0.0,-0.00023480000000000002,0.0,-0.00023480000000000002,0.0,-0.00023480000000000002,0.0,-0.00023480000000000002,0.0,-0.00023480000000000002,0.0,-0.00043480000000000005,0.0,-0.00043480000000000005,0.0,-0.00043480000000000005,0.0
2025-08-14 00:00:00-04:00,0.0009752,0.0,0.0009752,0.0,0.0009752,0.0,0.0009752,0.0,0.0009752,0.0,0.0009752,0.0,0.0004652,0.0,0.0004652,0.0,0.0004652,0.0
2025-08-15 00:00:00-04:00,0.0014352000000000002,0.0014352000000000002,0.0014352000000000002,0.0014352000000000002,0.0014352000000000002,0.0014352000000000002,0.0014352000000000002,0.0014352000000000002,0.0014352000000000002,0.0014352000000000002,0.0014352000000000002,0.0014352000000000002,0.0008252,0.0008252,0.0008252,0.0008252,0.0008252,0.0008252
2025-08-18 00:00:00-04:00,-0.0007948,-0.0007948,-0.0010748,-0.0010748,-0.0010748,-0.0010748,-0.0007948,-0.0007948,-0.0010748,-0.0010748,-0.0010748,-0.0010748,-0.0007948,-0.0007948,-0.0010748,-0.0010748,-0.0010748,-0.0010748
2025-08-19 00:00:00-04:00,0.0017952,0.0,0.0017952,0.0,0.0018252000000000001,0.0,0.0013752,0.0,0.0013752,0.0,0.0013752,0.0,0.0006852,0.0,0.0006852,0.0,0.0006852,0.0
2025-08-20 00:00:00-04:00,0.0014252000000000002,0.0,-0.0009048000000000001,0.0,-0.0009048000000000001,0.0,0.0014252000000000002,0.0,-0.0009048000000000001,0.0,-0.0009048000000000001,0.0,0.0011252,0.0,0.0011252,0.0,0.0022452,0.0
2025-08-21 00:00:00-04:00,-0.0018147999999999999,0.00033519999999999996,-0.0011248,0.00033519999999999996,-0.0011248,0.00033519999999999996,0.00033519999999999996,0.00033519999999999996,0.00033519999999999996,0.00033519999999999996,0.00033519999999999996,0.00033519999999999996,0.00033519999999999996,0.00033519999999999996,0.00033519999999999996,0.00033519999999999996,0.00033519999999999996,0.00033519999999999996
2025-08-22 00:00:00-04:00,0.0,0.0,0.0,0.0,0.0,0.0,0.0,0.0,0.0,0.0,0.0,0.0,0.0,0.0,0.0,0.0,0.0,0.0
2025-08-25 00:00:00-04:00,0.0001552,0.0,0.0001552,0.0,0.0001552,0.0,-0.00033480000000000006,0.0,-0.00033480000000000006,0.0,-0.00033480000000000006,0.0,-0.0007148,0.0,-0.0007148,0.0,-0.0007148,0.0
2025-08-26 00:00:00-04:00,-0.0035748000000000004,0.0,-0.0035748000000000004,0.0,-0.0035748000000000004,0.0,-0.0035748000000000004,0.0,-0.0035748000000000004,0.0,-0.0035748000000000004,0.0,0.0,0.0,0.0,0.0,0.0,0.0
2025-08-27 00:00:00-04:00,2.5199999999999996e-05,-0.0008748,-0.0006248,-0.0007748000000000001,-0.0006248,-0.0007748000000000001,-0.0002548,-0.0008748,-0.0009048000000000001,-0.0009348000000000001,-0.0009048000000000001,-0.0009348000000000001,-0.0008748,-0.0008748,-0.0011148,-0.0011148,-0.0011148,-0.0011148
2025-08-28 00:00:00-04:00,-0.0019748,0.0008952,-0.0009148,0.0008952,-0.0009148,0.0018452000000000002,0.0008952,0.0008952,0.0008952,0.0008952,0.0024652000000000003,0.0024652000000000003,0.0006751999999999999,0.0006751999999999999,0.0006751999999999999,0.0006751999999999999,0.0006751999999999999,0.0006751999999999999
2025-08-29 00:00:00-04:00,-0.0011348,-0.0011348,-0.0005948,-0.0005948,-0.0005948,-0.0005948,0.00037519999999999996,0.0,0.00037519999999999996,0.0,0.00037519999999999996,0.0,0.00037519999999999996,0.0,0.00037519999999999996,0.0,0.00037519999999999996,0.0
2025-09-01 00:00:00-04:00,0.0031252,0.0,0.0031252,0.0,0.0033452,0.0,0.0031252,0.0,0.0031252,0.0,0.0035851999999999998,0.0,0.0031252,0.0,0.0031252,0.0,0.0035851999999999998,0.0
2025-09-02 00:00:00-04:00,0.0008351999999999999,-0.0017847999999999998,-0.0007248,-0.0008648,-0.0007248,-0.0008648,-0.0017847999999999998,-0.0017847999999999998,-0.0010748,-0.0010748,-0.0010748,-0.0010748,-0.0026648,-0.0026648,-0.0019548,-0.0019548,-0.0019548,-0.0019548
2025-09-03 00:00:00-04:00,-0.0008648,-0.0008648,-0.0006248,-0.0006248,-0.0006248,-0.0006248,8.52e-05,0.0,-0.0007648,0.0,-0.0007648,0.0,-3.4800000000000006e-05,0.0,-3.4800000000000006e-05,0.0,-3.4800000000000006e-05,0.0
2025-09-04 00:00:00-04:00,-0.0012348,-0.0012348,-0.0012348,-0.0012348,-0.0012348,-0.0012348,-0.0022848,-0.0022848,-0.0022848,-0.0022848,-0.0022848,-0.0022848,-0.0022848,-0.0022848,-0.0022848,-0.0022848,-0.0022848,-0.0022848
2025-09-05 00:00:00-04:00,0.0014252000000000002,0.0014252000000000002,0.0014252000000000002,0.0014252000000000002,0.0017452000000000001,0.0017452000000000001,0.0012251999999999999,0.0012251999999999999,0.0012251999999999999,0.0012251999999999999,0.0012251999999999999,0.0012251999999999999,0.0010752,0.0010752,0.0010752,0.0010752,0.0010752,0.0010752
2025-09-08 00:00:00-04:00,0.0012752,0.0,0.0012752,0.0,0.0012752,0.0,0.0012752,0.0,0.0012752,0.0,0.0012752,0.0,0.0011752,0.0,0.0011752,0.0,0.0011752,0.0
2025-09-09 00:00:00-04:00,-0.0015848,0.0001552,-0.0012848,0.0001552,-0.0012848,0.0001552,-0.0015848,0.0001552,-0.0012848,0.0001552,-0.0012848,0.0001552,-0.0015848,0.0001552,-0.0012848,0.0001552,-0.0012848,0.0001552
2025-09-10 00:00:00-04:00,0.0007852,0.0007852,-0.0007248,-0.0007248,-0.0007248,-0.0007248,-0.0015547999999999998,0.0005551999999999999,-0.0007648,0.0005551999999999999,-0.0007648,0.0005551999999999999,-0.0015547999999999998,0.0005551999999999999,-0.0007648,0.0005551999999999999,-0.0007648,0.0005551999999999999
2025-09-11 00:00:00-04:00,-0.00039480000000000006,-0.0009648,-0.0012048,-0.0011048,-0.0012048,-0.0011048,-0.0009648,-0.0009648,-0.0009648,-0.0009648,-0.0009648,-0.0009648,-0.0011648000000000001,-0.0011648000000000001,-0.0011648000000000001,-0.0011648000000000001,-0.0011648000000000001,-0.0011648000000000001
2025-09-12 00:00:00-04:00,-0.0012248,0.0,-0.0006448000000000001,0.0,-0.0006448000000000001,0.0,-0.0012248,0.0,-0.0007748000000000001,0.0,-0.0007748000000000001,0.0,-0.0012248,0.0,-0.0007748000000000001,0.0,-0.0007748000000000001,0.0
2025-09-15 00:00:00-04:00,-0.0018047999999999999,0.0009052,-0.0008248,0.0009052,-0.0008248,0.0009052,0.0009052,0.0009052,0.0009052,0.0009052,0.0009052,0.0009052,0.0009052,0.0009052,0.0009052,0.0009052,0.0009052,0.0009052
2025-09-16 00:00:00-04:00,-0.0023748,0.0017152,-0.0004848,0.0017152,-0.0004848,0.0008851999999999999,0.0017152,0.0017152,0.0017152,0.0017152,0.0012251999999999999,0.0012251999999999999,0.0017152,0.0017152,0.0017152,0.0017152,0.0018852,0.0018852
2025-09-17 00:00:00-04:00,0.00045519999999999995,0.0,0.00045519999999999995,0.0,0.00045519999999999995,0.0,0.00045519999999999995,0.0,0.00045519999999999995,0.0,0.00045519999999999995,0.0,0.00045519999999999995,0.0,0.00045519999999999995,0.0,0.00045519999999999995,0.0
2025-09-18 00:00:00-04:00,-0.0020848,0.0010952,-0.0009048000000000001,-0.0007548,-0.0009048000000000001,-0.0007548,0.0010952,0.0010952,0.0010952,0.0010952,0.0020252,0.0020252,0.0010952,0.0010952,0.0010952,0.0010952,0.0020252,0.0020252
2025-09-19 00:00:00-04:00,0.0003652,0.0,0.0003652,0.0,0.0003652,0.0,-0.00034480000000000003,0.0,-0.00034480000000000003,0.0,-0.00034480000000000003,0.0,0.0,0.0,0.0,0.0,0.0,0.0
2025-09-22 00:00:00-04:00,-4.4800000000000005e-05,0.0,-4.4800000000000005e-05,0.0,-4.4800000000000005e-05,0.0,-4.4800000000000005e-05,0.0,-4.4800000000000005e-05,0.0,-4.4800000000000005e-05,0.0,0.0,0.0,0.0,0.0,0.0,0.0
2025-09-23 00:00:00-04:00,-0.00032480000000000003,-0.00032480000000000003,-0.0007548,-0.0007548,-0.0007548,-0.0007548,-0.00032480000000000003,-0.00032480000000000003,-0.0007548,-0.0007548,-0.0007548,-0.0007548,-0.0004448,-0.0004448,-0.0008748,-0.0008748,-0.0008748,-0.0008748
2025-09-24 00:00:00-04:00,0.0006652,0.0006652,0.0006652,0.0006652,0.0006652,0.0006652,0.0,0.0,0.0,0.0,0.0,0.0,0.0,0.0,0.0,0.0,0.0,0.0
2025-09-25 00:00:00-04:00,-0.0010448,-0.0010448,-0.0010648,-0.0010648,-0.0010648,-0.0010648,-0.0010448,-0.0010448,-0.0010648,-0.0010648,-0.0010648,-0.0010648,-0.0011448,-0.0011448,-0.0011648000000000001,-0.0011648000000000001,-0.0011648000000000001,-0.0011648000000000001
2025-09-26 00:00:00-04:00,-0.00036480000000000003,0.0,-0.00036480000000000003,0.0,-0.00036480000000000003,0.0,-0.00036480000000000003,0.0,-0.00036480000000000003,0.0,-0.00036480000000000003,0.0,-0.0006048000000000001,0.0,-0.0006048000000000001,0.0,-0.0006048000000000001,0.0
2025-09-29 00:00:00-04:00,0.0012052,0.0012052,0.0012052,0.0012052,0.0012052,0.0012052,0.0008751999999999999,0.0008751999999999999,0.0008751999999999999,0.0008751999999999999,0.0008751999999999999,0.0008751999999999999,0.0006452,0.0006452,0.0006452,0.0006452,0.0006452,0.0006452
2025-09-30 00:00:00-04:00,0.0002452,0.0002452,0.0002452,0.0002452,0.0002452,0.0002452,0.0002452,0.0002452,0.0002452,0.0002452,0.0002452,0.0002452,-0.00045480000000000005,-0.00045480000000000005,-0.00045480000000000005,-0.00045480000000000005,-0.00045480000000000005,-0.00045480000000000005
2025-10-01 00:00:00-04:00,0.0014752,0.0,0.0014752,0.0,0.0014752,0.0,0.0009251999999999999,0.0,0.0009251999999999999,0.0,0.0009251999999999999,0.0,0.0009251999999999999,0.0,0.0009251999999999999,0.0,0.0009251999999999999,0.0
2025-10-02 00:00:00-04:00,0.0011652,0.0011652,0.0011652,0.0011652,0.0011652,0.0011652,0.0007252,0.0007252,0.0007252,0.0007252,0.0007252,0.0007252,0.0001552,0.0001552,0.0001552,0.0001552,0.0001552,0.0001552
2025-10-03 00:00:00-04:00,0.0012152,0.0012152,0.0012152,0.0012152,0.0018252000000000001,0.0018252000000000001,0.0012152,0.0012152,0.0012152,0.0012152,0.0018252000000000001,0.0018252000000000001,0.00041519999999999995,0.00041519999999999995,0.00041519999999999995,0.00041519999999999995,0.00041519999999999995,0.00041519999999999995
2025-10-06 00:00:00-04:00,-0.0020022,0.0006978,-0.0011772,0.0006978,-0.0011772,0.0006978,-0.0021972,0.0006528,-0.0014172,0.0006528,-0.0014172,0.0006528,0.0006528,0.0006528,0.0006528,0.0006528,0.0006528,0.0006528
2025-10-07 00:00:00-04:00,0.0012528,0.0012528,0.0012528,0.0012528,0.0012528,0.0012528,0.0012528,0.0012528,0.0012528,0.0012528,0.0012528,0.0012528,0.0012528,0.0012528,0.0012528,0.0012528,0.0012528,0.0012528
2025-10-08 00:00:00-04:00,0.0006228,0.0006228,0.0006228,0.0006228,0.0022278,0.0022278,0.0001428,0.0001428,0.0001428,0.0001428,0.0001428,0.0001428,-0.0011772,-0.0011772,-0.0011772,-0.0011772,-0.0011772,-0.0011772
2025-10-09 00:00:00-04:00,0.0002928,0.0,0.0002928,0.0,0.0020178,0.0,-0.0001122,0.0,-0.0001122,0.0,-0.0001122,0.0,-0.0001122,0.0,-0.0001122,0.0,-0.0001122,0.0
2025-10-10 00:00:00-04:00,-0.0009672,-0.0009672,-0.0016272,-0.0016272,-0.0016272,-0.0016272,-0.0009672,-0.0009672,-0.0016272,-0.0016272,-0.0016272,-0.0016272,-0.0009672,-0.0009672,-0.0016872,-0.0016872,-0.0016872,-0.0016872
2025-10-13 00:00:00-04:00,0.0007026000000000001,0.0007026000000000001,0.0007026000000000001,0.0007026000000000001,0.0007026000000000001,0.0007026000000000001,0.0005126,0.0005126,0.0005126,0.0005126,0.0005126,0.0005126,-4.24e-05,-4.24e-05,-4.24e-05,-4.24e-05,-4.24e-05,-4.24e-05
2025-10-14 00:00:00-04:00,-0.0053474,-0.0053474,-0.0013824,-0.0013824,-0.0013824,-0.0013824,-0.0065624,-0.0065624,-0.0025974,-0.0025974,-0.0025974,-0.0025974,0.0036026,0.0,0.0036026,0.0,0.0036026,0.0
2025-10-15 00:00:00-04:00,0.0019226,0.0019226,0.0019226,0.0019226,0.0018625999999999998,0.0018625999999999998,0.0019226,0.0019226,0.0019226,0.0019226,0.0018625999999999998,0.0018625999999999998,0.0015975999999999998,0.0015975999999999998,0.0015975999999999998,0.0015975999999999998,0.0015975999999999998,0.0015975999999999998
2025-10-16 00:00:00-04:00,-0.0007574,0.0,-0.0008273999999999999,0.0,-0.0008273999999999999,0.0,-0.0011773999999999999,0.0,-0.0012473999999999999,0.0,-0.0012473999999999999,0.0,0.0,0.0,0.0,0.0,0.0,0.0
2025-10-17 00:00:00-04:00,-0.0030624000000000003,-0.0030624000000000003,-0.0013674000000000002,-0.0013674000000000002,-0.0013674000000000002,-0.0013674000000000002,-0.0030624000000000003,-0.0030624000000000003,-0.0013674000000000002,-0.0013674000000000002,-0.0013674000000000002,-0.0013674000000000002,-0.0030624000000000003,-0.0030624000000000003,-0.0013674000000000002,-0.0013674000000000002,-0.0013674000000000002,-0.0013674000000000002
2025-10-20 00:00:00-04:00,-0.0028624,0.0018326,-0.0009624,0.0018326,-0.0009624,0.0012326000000000001,0.0018326,0.0018326,0.0018326,0.0018326,0.0018326,0.0018326,0.0010826,0.0010826,0.0010826,0.0010826,0.0010826,0.0010826
2025-10-21 00:00:00-04:00,-0.0007924,-0.0007924,-0.0005074,-0.0005074,-0.0005074,-0.0005074,-0.0008874,-0.0008874,-0.0006024,-0.0006024,-0.0006024,-0.0006024,-0.0010374,-0.0010374,-0.0007524,-0.0007524,-0.0007524,-0.0007524
2025-10-22 00:00:00-04:00,-0.0017024000000000002,0.0007876000000000001,-0.0006824,0.0007876000000000001,-0.0006824,0.0007876000000000001,-0.0017024000000000002,0.0007876000000000001,-0.0006824,0.0007876000000000001,-0.0006824,0.0007876000000000001,0.0007876000000000001,0.0007876000000000001,0.0007876000000000001,0.0007876000000000001,0.0007876000000000001,0.0007876000000000001
2025-10-23 00:00:00-04:00,0.0012776,0.0012776,0.0012776,0.0012776,0.0012776,0.0012776,0.0009576000000000001,0.0009576000000000001,0.0009576000000000001,0.0009576000000000001,0.0009576000000000001,0.0009576000000000001,0.0004976,0.0004976,0.0004976,0.0004976,0.0004976,0.0004976
2025-10-24 00:00:00-04:00,0.0007726,0.0007726,0.0007726,0.0007726,0.0007726,0.0007726,0.0007726,0.0007726,0.0007726,0.0007726,0.0007726,0.0007726,0.0007726,0.0007726,0.0007726,0.0007726,0.0007726,0.0007726
2025-10-27 00:00:00-04:00,0.0006426,0.0006426,0.0006426,0.0006426,0.0006426,0.0006426,0.0006426,0.0006426,0.0006426,0.0006426,0.0006426,0.0006426,0.0006426,0.0006426,0.0006426,0.0006426,0.0006426,0.0006426
2025-10-28 00:00:00-04:00,0.00025259999999999996,0.0,0.00025259999999999996,0.0,0.00025259999999999996,0.0,0.00025259999999999996,0.0,0.00025259999999999996,0.0,0.00025259999999999996,0.0,0.00017259999999999997,0.0,0.00017259999999999997,0.0,0.00017259999999999997,0.0
2025-10-29 00:00:00-04:00,0.0014776,0.0014776,0.0014776,0.0014776,0.0007526000000000001,0.0007526000000000001,0.0013675999999999998,0.0013675999999999998,0.0013675999999999998,0.0013675999999999998,0.0009726,0.0009726,0.0012925999999999999,0.0012925999999999999,0.0012925999999999999,0.0012925999999999999,0.0011226,0.0011226
2025-10-30 00:00:00-04:00,-9.74e-05,-9.74e-05,-0.0010174,-0.0010174,0.0019525999999999999,0.0019525999999999999,-0.0010974,-0.0010974,-0.0020174,-0.0020174,-0.0020174,-0.0020174,-0.0010974,-0.0010974,-0.0020174,-0.0020174,-0.0020174,-0.0020174
2025-10-31 00:00:00-04:00,-0.0003174,-0.0003174,-0.0003174,-0.0003174,-0.0003174,-0.0003174,-0.0008074,-0.0008074,-0.0008074,-0.0008074,-0.0008074,-0.0008074,-0.0008074,-0.0008074,-0.0008074,-0.0008074,-0.0008074,-0.0008074
2025-11-03 00:00:00-05:00,0.0009626000000000001,0.0,0.0009626000000000001,0.0,0.0009426,0.0,0.0009626000000000001,0.0,0.0009626000000000001,0.0,0.0009926,0.0,0.0004925999999999999,0.0,0.0004925999999999999,0.0,0.0004925999999999999,0.0
2025-11-04 00:00:00-05:00,-0.0050474000000000005,-0.0050474000000000005,-0.0007074,-0.0007074,-0.0007074,-0.0007074,0.0042476,0.0,0.0042476,0.0,0.0016326,0.0,0.0042076,0.0,0.0042076,0.0,0.0017125999999999999,0.0
2025-11-05 00:00:00-05:00,-0.0036324,0.0022426,-0.0012824000000000002,0.0022426,-0.0012824000000000002,0.0024526,-0.0043424,0.0022426,-0.0019924,0.0022426,-0.0019924,0.0022426,0.0022426,0.0022426,0.0022426,0.0022426,0.0022426,0.0022426
2025-11-06 00:00:00-05:00,-0.0010773999999999998,-0.0004224,-0.0013974,-0.0004224,-0.0013974,-0.0004224,-0.0004224,-0.0004224,-0.0004224,-0.0004224,-0.0004224,-0.0004224,-0.0004224,-0.0004224,-0.0004224,-0.0004224,-0.0004224,-0.0004224
2025-11-07 00:00:00-05:00,-0.0015474,0.0,-0.0017224,0.0,-0.0017224,0.0,-0.0020624000000000003,0.0,-0.0022374,0.0,-0.0022374,0.0,-0.0029024000000000003,0.0,-0.0030774,0.0,-0.0030774,0.0
2025-11-10 00:00:00-05:00,0.0016726,0.0016726,0.0016726,0.0016726,0.0016726,0.0016726,0.0011726,0.0011726,0.0011726,0.0011726,0.0011726,0.0011726,0.0004726,0.0004726,0.0004726,0.0004726,0.0004726,0.0004726
2025-11-11 00:00:00-05:00,-0.0016424,-0.0016424,-0.0006324,-0.0006324,-0.0006324,-0.0006324,0.0008676000000000001,0.0,0.0008676000000000001,0.0,0.0008676000000000001,0.0,0.0008676000000000001,0.0,0.0008676000000000001,0.0,0.0008676000000000001,0.0
2025-11-12 00:00:00-05:00,0.0010076,0.0010076,0.0010076,0.0010076,0.0010076,0.0010076,0.0008176,0.0008176,0.0008176,0.0008176,0.0008176,0.0008176,0.00045759999999999996,0.00045759999999999996,0.00045759999999999996,0.00045759999999999996,0.00045759999999999996,0.00045759999999999996
2025-11-13 00:00:00-05:00,0.0,0.0,0.0,0.0,0.0,0.0,0.0,0.0,0.0,0.0,0.0,0.0,0.0,0.0,0.0,0.0,0.0,0.0
2025-11-14 00:00:00-05:00,0.0003276,0.0,0.0003276,0.0,0.0003276,0.0,0.0003276,0.0,0.0003276,0.0,0.0003276,0.0,0.0003276,0.0,0.0003276,0.0,0.0003276,0.0
2025-11-17 00:00:00-05:00,-0.0007023999999999999,-0.00030240000000000003,-0.0009624,-0.00030240000000000003,-0.0009624,-0.00030240000000000003,-0.0007023999999999999,-0.0004924,-0.0010624,-0.0004924,-0.0010624,-0.0004924,-0.0004924,-0.0004924,-0.0004924,-0.0004924,-0.0004924,-0.0004924
2025-11-18 00:00:00-05:00,-0.0057674,-0.0057674,-0.0019474000000000002,-0.0019474000000000002,-0.0019474000000000002,-0.0019474000000000002,0.0035726,0.0,0.0035726,0.0,0.0035726,0.0,0.0035726,0.0,0.0035726,0.0,0.0035726,0.0
2025-11-19 00:00:00-05:00,-0.0011673999999999999,-0.0011673999999999999,-0.0020174,-0.0020174,-0.0020174,-0.0020174,-0.0017274,-0.0017274,-0.0025774,-0.0025774,-0.0025774,-0.0025774,-0.0017274,-0.0017274,-0.0025774,-0.0025774,-0.0025774,-0.0025774
2025-11-20 00:00:00-05:00,0.0006926,0.0006926,0.0006926,0.0006926,0.0006926,0.0006926,0.0003926,0.0003926,0.0003926,0.0003926,0.0003926,0.0003926,0.0001376,0.0001376,0.0001376,0.0001376,0.0001376,0.0001376
2025-11-21 00:00:00-05:00,-0.0006774,-0.0006774,-0.0008774,-0.0008774,-0.0008774,-0.0008774,-0.0002524,0.0,-0.0014374000000000001,0.0,-0.0014374000000000001,0.0,-0.0002524,0.0,-0.0014474000000000002,0.0,-0.0014474000000000002,0.0
2025-11-24 00:00:00-05:00,0.0001326,0.0001326,0.0001326,0.0001326,0.0001326,0.0001326,-0.0002324,-0.0002324,-0.0002324,-0.0002324,-0.0002324,-0.0002324,-0.0002324,-0.0002324,-0.0002324,-0.0002324,-0.0002324,-0.0002324
2025-11-25 00:00:00-05:00,0.0007576000000000001,0.0,0.0007576000000000001,0.0,0.0008326000000000001,0.0,0.0005226,0.0,0.0005226,0.0,0.0005226,0.0,0.0,0.0,0.0,0.0,0.0,0.0
2025-11-26 00:00:00-05:00,0.0012276000000000001,0.0012276000000000001,0.0012276000000000001,0.0012276000000000001,0.0014126,0.0014126,0.0010176,0.0010176,0.0010176,0.0010176,0.0010176,0.0010176,0.0006726000000000001,0.0006726000000000001,0.0006726000000000001,0.0006726000000000001,0.0006726000000000001,0.0006726000000000001
2025-11-27 00:00:00-05:00,0.0001026,0.0,-0.0006324,0.0,-0.0006324,0.0,0.0,0.0,0.0,0.0,0.0,0.0,0.0,0.0,0.0,0.0,0.0,0.0
2025-11-28 00:00:00-05:00,-0.0004224,-0.0004224,-0.0005924,-0.0005924,-0.0005924,-0.0005924,0.0,0.0,0.0,0.0,0.0,0.0,0.0,0.0,0.0,0.0,0.0,0.0
2025-12-01 00:00:00-05:00,-0.0012924000000000002,-0.0012924000000000002,-0.0013474000000000001,-0.0013474000000000001,-0.0013474000000000001,-0.0013474000000000001,-0.0012924000000000002,-0.0012924000000000002,-0.0013474000000000001,-0.0013474000000000001,-0.0013474000000000001,-0.0013474000000000001,-0.0003924,0.0,-0.0003924,0.0,-0.0003924,0.0
2025-12-02 00:00:00-05:00,0.0004976,0.0,0.0004976,0.0,0.0004976,0.0,0.0004976,0.0,0.0004976,0.0,0.0004976,0.0,0.0004976,0.0,0.0004976,0.0,0.0004976,0.0
2025-12-03 00:00:00-05:00,0.00016759999999999998,0.00016759999999999998,0.00016759999999999998,0.00016759999999999998,0.00016759999999999998,0.00016759999999999998,0.00016759999999999998,0.00016759999999999998,0.00016759999999999998,0.00016759999999999998,0.00016759999999999998,0.00016759999999999998,2.7599999999999997e-05,2.7599999999999997e-05,2.7599999999999997e-05,2.7599999999999997e-05,2.7599999999999997e-05,2.7599999999999997e-05
2025-12-04 00:00:00-05:00,-0.0006024,0.0,-0.0007673999999999999,0.0,-0.0007673999999999999,0.0,-0.0006024,0.0,-0.0007673999999999999,0.0,-0.0007673999999999999,0.0,-0.0006024,0.0,-0.0007673999999999999,0.0,-0.0007673999999999999,0.0
2025-12-05 00:00:00-05:00,0.0007026000000000001,0.0007026000000000001,0.0007026000000000001,0.0007026000000000001,0.0008926,0.0008926,0.0007026000000000001,0.0007026000000000001,0.0007026000000000001,0.0007026000000000001,0.0008926,0.0008926,0.00042259999999999997,0.00042259999999999997,0.00042259999999999997,0.00042259999999999997,0.00042259999999999997,0.00042259999999999997
2025-12-08 00:00:00-05:00,0.0004276,0.0004276,0.0004276,0.0004276,0.0004276,0.0004276,0.0004276,0.0004276,0.0004276,0.0004276,0.0004276,0.0004276,0.00027759999999999997,0.00027759999999999997,0.00027759999999999997,0.00027759999999999997,0.00027759999999999997,0.00027759999999999997
2025-12-09 00:00:00-05:00,0.00029759999999999997,0.0,0.00029759999999999997,0.0,0.0010226,0.0,0.00029759999999999997,0.0,0.00029759999999999997,0.0,0.00029759999999999997,0.0,-6.24e-05,0.0,-6.24e-05,0.0,-6.24e-05,0.0
2025-12-10 00:00:00-05:00,0.0006776000000000001,0.0006776000000000001,0.0006776000000000001,0.0006776000000000001,0.0006776000000000001,0.0006776000000000001,0.0006776000000000001,0.0006776000000000001,0.0006776000000000001,0.0006776000000000001,0.0006776000000000001,0.0006776000000000001,0.0006776000000000001,0.0006776000000000001,0.0006776000000000001,0.0006776000000000001,0.0006776000000000001,0.0006776000000000001
2025-12-11 00:00:00-05:00,0.0025826,0.0,0.0025826,0.0,0.0017226,0.0,0.0025826,0.0,0.0025826,0.0,0.0017226,0.0,0.0025826,0.0,0.0025826,0.0,0.0017226,0.0
2025-12-12 00:00:00-05:00,9.26e-05,9.26e-05,9.26e-05,9.26e-05,9.26e-05,9.26e-05,-0.0003324,-0.0003324,-0.0003324,-0.0003324,-0.0003324,-0.0003324,-0.0003324,-0.0003324,-0.0003324,-0.0003324,-0.0003324,-0.0003324
2025-12-15 00:00:00-05:00,0.0003826,0.0003826,0.0003826,0.0003826,0.0003826,0.0003826,0.0003826,0.0003826,0.0003826,0.0003826,0.0003826,0.0003826,7.26e-05,7.26e-05,7.26e-05,7.26e-05,7.26e-05,7.26e-05
2025-12-16 00:00:00-05:00,0.0015626,0.0,0.0015626,0.0,0.0019525999999999999,0.0,0.0015626,0.0,0.0015626,0.0,0.0019525999999999999,0.0,0.0,0.0,0.0,0.0,0.0,0.0
2025-12-17 00:00:00-05:00,0.0007626000000000001,0.0007626000000000001,-0.0010674,-0.0010674,-0.0010674,-0.0010674,0.0007626000000000001,0.0007626000000000001,-0.0010674,-0.0010674,-0.0010674,-0.0010674,0.0005276,0.0005276,-0.0013024,-0.0013024,-0.0013024,-0.0013024
2025-12-18 00:00:00-05:00,-0.0005374,-0.0003974,-0.0007423999999999999,-0.0008874,-0.0007423999999999999,-0.0008874,-0.0005374,-0.0003974,-0.0007423999999999999,-0.0008874,-0.0007423999999999999,-0.0008874,-0.0003974,-0.0003974,-0.0010524,-0.0010524,-0.0010524,-0.0010524
2025-12-19 00:00:00-05:00,0.0007676,0.0007676,0.0007676,0.0007676,0.0007676,0.0007676,0.0007676,0.0007676,0.0007676,0.0007676,0.0007676,0.0007676,0.00037759999999999996,0.00037759999999999996,0.00037759999999999996,0.00037759999999999996,0.00037759999999999996,0.00037759999999999996
2025-12-22 00:00:00-05:00,-1.7400000000000003e-05,-1.7400000000000003e-05,-1.7400000000000003e-05,-1.7400000000000003e-05,-1.7400000000000003e-05,-1.7400000000000003e-05,-0.0001424,-0.0001424,-0.0001424,-0.0001424,-0.0001424,-0.0001424,-0.00018740000000000003,-0.00018740000000000003,-0.00018740000000000003,-0.00018740000000000003,-0.00018740000000000003,-0.00018740000000000003
2025-12-23 00:00:00-05:00,0.0006276,-0.0013874,-0.0006174,-0.0005624,-0.0006174,-0.0005624,0.0006276,-0.0013874,-0.0006174,-0.0005624,-0.0006174,-0.0005624,-0.0013874,-0.0013874,-0.0008324,-0.0008324,-0.0008324,-0.0008324
2025-12-24 00:00:00-05:00,0.00029759999999999997,0.0,0.00029759999999999997,0.0,0.0004026,0.0,0.00029759999999999997,0.0,0.00029759999999999997,0.0,0.0005526,0.0,0.0001026,0.0,0.0001026,0.0,0.0001026,0.0
2025-12-26 00:00:00-05:00,0.0005126,0.0,0.0005126,0.0,0.0005126,0.0,0.0003226,0.0,0.0003226,0.0,0.0003226,0.0,0.00021759999999999998,0.0,0.00021759999999999998,0.0,0.00021759999999999998,0.0
2025-12-29 00:00:00-05:00,0.0010026,0.0,0.0010026,0.0,0.0010026,0.0,0.0006326,0.0,0.0006326,0.0,0.0006326,0.0,0.0002576,0.0,0.0002576,0.0,0.0002576,0.0
2025-12-30 00:00:00-05:00,2.599999999999998e-06,2.599999999999998e-06,2.599999999999998e-06,2.599999999999998e-06,2.599999999999998e-06,2.599999999999998e-06,2.599999999999998e-06,2.599999999999998e-06,2.599999999999998e-06,2.599999999999998e-06,2.599999999999998e-06,2.599999999999998e-06,-0.00028740000000000005,-0.00028740000000000005,-0.00028740000000000005,-0.00028740000000000005,-0.00028740000000000005,-0.00028740000000000005
2025-12-31 00:00:00-05:00,-0.0011248,-0.0011248,-0.0014448,-0.0014448,-0.0014448,-0.0014448,-0.0013448,-0.0013448,-0.0016648,-0.0016648,-0.0016648,-0.0016648,-0.0013448,-0.0013448,-0.0016648,-0.0016648,-0.0016648,-0.0016648
2026-01-02 00:00:00-05:00,0.0033552,0.0033552,0.0033552,0.0033552,0.0032451999999999997,0.0032451999999999997,0.0033552,0.0033552,0.0033552,0.0033552,0.0032451999999999997,0.0032451999999999997,0.0027651999999999998,0.0027651999999999998,0.0027651999999999998,0.0027651999999999998,0.0027651999999999998,0.0027651999999999998
2026-01-05 00:00:00-05:00,0.0,0.0,0.0,0.0,0.0,0.0,0.0,0.0,0.0,0.0,0.0,0.0,0.0,0.0,0.0,0.0,0.0,0.0
2026-01-06 00:00:00-05:00,0.0034051999999999997,0.0034051999999999997,0.0034051999999999997,0.0034051999999999997,0.0021052,0.0021052,0.0026952,0.0026952,0.0026952,0.0026952,0.0026952,0.0026952,0.0025552,0.0025552,0.0025552,0.0025552,0.0025552,0.0025552
2026-01-07 00:00:00-05:00,0.0019052000000000001,0.0,0.0019052000000000001,0.0,0.0013252000000000001,0.0,0.0015452,0.0,0.0015452,0.0,0.0015452,0.0,0.0015452,0.0,0.0015452,0.0,0.0015452,0.0
2026-01-08 00:00:00-05:00,0.0041652,0.0,0.0041652,0.0,0.0026452,0.0,0.0041652,0.0,0.0041652,0.0,0.0026452,0.0,0.0041652,0.0,0.0041652,0.0,0.0026452,0.0
2026-01-09 00:00:00-05:00,-0.0017847999999999998,0.00034519999999999993,-0.0013248,-0.0007448,-0.0013248,-0.0007448,0.00034519999999999993,0.00034519999999999993,0.00034519999999999993,0.00034519999999999993,0.00034519999999999993,0.00034519999999999993,0.00034519999999999993,0.00034519999999999993,0.00034519999999999993,0.00034519999999999993,0.00034519999999999993,0.00034519999999999993
2026-01-12 00:00:00-05:00,0.0016452,0.0,0.0016452,0.0,0.0029452,0.0,0.0005752,0.0,0.0005752,0.0,0.0005752,0.0,0.0,0.0,0.0,0.0,0.0,0.0
2026-01-13 00:00:00-05:00,-0.0019848,0.0010152,-0.0006848000000000001,-0.0008048,-0.0006848000000000001,-0.0008048,-0.0019848,0.0010152,-0.0006848000000000001,-0.0008048,-0.0006848000000000001,-0.0008048,0.0,0.0,0.0,0.0,0.0,0.0
2026-01-14 00:00:00-05:00,-0.0025548,-0.0025548,-0.0010348,-0.0010348,-0.0010348,-0.0010348,0.0009452,0.0,-0.0016447999999999999,0.0,-0.0016447999999999999,0.0,0.0,0.0,0.0,0.0,0.0,0.0
2026-01-15 00:00:00-05:00,-0.0050648,0.0,-0.0027748,0.0,-0.0027748,0.0,-0.0050648,0.0,-0.0027748,0.0,-0.0027748,0.0,0.0,0.0,0.0,0.0,0.0,0.0
2026-01-16 00:00:00-05:00,-0.0028048,0.0016852000000000002,-0.0009048000000000001,0.0016852000000000002,-0.0009048000000000001,0.0017252,0.0016852000000000002,0.0016852000000000002,0.0016852000000000002,0.0016852000000000002,0.0016852000000000002,0.0016852000000000002,0.0014652,0.0014652,0.0014652,0.0014652,0.0014652,0.0014652
2026-01-19 00:00:00-05:00,0.0007452,0.0,0.0007452,0.0,0.0007452,0.0,0.0004852,0.0,0.0004852,0.0,0.0004852,0.0,-0.0002048,0.0,-0.0002048,0.0,-0.0002048,0.0
2026-01-20 00:00:00-05:00,-0.0035548000000000003,-0.0035548000000000003,-0.0015647999999999999,-0.0015647999999999999,-0.0015647999999999999,-0.0015647999999999999,-0.0046448,-0.0046448,-0.0026548,-0.0026548,-0.0026548,-0.0026548,0.0,0.0,0.0,0.0,0.0,0.0
2026-01-21 00:00:00-05:00,-0.0004448,-0.0004448,-0.0011548,-0.0011548,-0.0011548,-0.0011548,-0.0007648,-0.0010548,-0.0016148,-0.0010548,-0.0016148,-0.0010548,-0.0007648,-0.0010548,-0.0016648,-0.0010548,-0.0016648,-0.0010548
2026-01-22 00:00:00-05:00,-0.0013147999999999999,-0.0013147999999999999,-0.0008048,-0.0008048,-0.0008048,-0.0008048,-0.0022248,-0.0022248,-0.0017147999999999998,-0.0017147999999999998,-0.0017147999999999998,-0.0017147999999999998,0.0,0.0,0.0,0.0,0.0,0.0
2026-01-23 00:00:00-05:00,0.0010352,0.0010352,0.0010352,0.0010352,0.0010352,0.0010352,0.0006952,0.0006952,0.0006952,0.0006952,0.0006952,0.0006952,0.0005551999999999999,0.0005551999999999999,0.0005551999999999999,0.0005551999999999999,0.0005551999999999999,0.0005551999999999999
2026-01-26 00:00:00-05:00,0.0007151999999999999,0.0007151999999999999,0.0007151999999999999,0.0007151999999999999,0.0007151999999999999,0.0007151999999999999,0.0,0.0,0.0,0.0,0.0,0.0,0.0,0.0,0.0,0.0,0.0,0.0
2026-01-27 00:00:00-05:00,0.0033651999999999996,0.0033651999999999996,0.0033651999999999996,0.0033651999999999996,0.0015852000000000002,0.0015852000000000002,0.0033651999999999996,0.0033651999999999996,0.0033651999999999996,0.0033651999999999996,0.0015852000000000002,0.0015852000000000002,0.0026552,0.0026552,0.0026552,0.0026552,0.0030052,0.0030052
2026-01-28 00:00:00-05:00,-0.0039548000000000005,0.0,-0.0009948000000000001,0.0,-0.0009948000000000001,0.0,-0.0039548000000000005,0.0,-0.0009948000000000001,0.0,-0.0009948000000000001,0.0,-0.0043448,0.0,-0.0013847999999999998,0.0,-0.0013847999999999998,0.0
2026-01-29 00:00:00-05:00,-0.0046248,0.0029552,-0.0014948,0.0029552,-0.0014948,0.0023452,0.0029552,0.0029552,0.0029552,0.0029552,0.0029552,0.0029552,0.0029552,0.0029552,0.0029552,0.0029552,0.0029552,0.0029552
2026-01-30 00:00:00-05:00,0.0055852,0.0,0.0055852,0.0,0.0032652,0.0,0.0047252,0.0,0.0047252,0.0,0.0049851999999999995,0.0,0.0007551999999999999,0.0,0.0007551999999999999,0.0,0.0007551999999999999,0.0
2026-02-02 00:00:00-05:00,0.0090752,0.0,0.0090752,0.0,0.0090752,0.0,0.0090752,0.0,0.0090752,0.0,0.0090752,0.0,0.0059052,0.0,0.0059052,0.0,0.0059052,0.0
2026-02-03 00:00:00-05:00,-0.0021647999999999997,0.0003052,-0.0017548,-0.0013047999999999998,-0.0017548,-0.0013047999999999998,-0.0021647999999999997,0.0,-0.0021148,0.0,-0.0021148,0.0,-0.0021647999999999997,0.0,-0.0021148,0.0,-0.0021148,0.0
2026-02-04 00:00:00-05:00,0.0009151999999999999,0.0009151999999999999,0.0009151999999999999,0.0009151999999999999,0.0009151999999999999,0.0009151999999999999,-7.48e-05,-7.48e-05,-7.48e-05,-7.48e-05,-7.48e-05,-7.48e-05,-7.48e-05,-7.48e-05,-7.48e-05,-7.48e-05,-7.48e-05,-7.48e-05
2026-02-05 00:00:00-05:00,0.0001752,0.0,0.0001752,0.0,0.0001752,0.0,0.0001752,0.0,0.0001752,0.0,0.0001752,0.0,0.0001752,0.0,0.0001752,0.0,0.0001752,0.0
2026-02-06 00:00:00-05:00,-0.0039324,0.0013376,-0.0017824000000000002,0.0013376,-0.0017824000000000002,0.0013376,0.0013376,0.0013376,0.0013376,0.0013376,0.0013376,0.0013376,-0.00036740000000000004,-0.00036740000000000004,-0.00036740000000000004,-0.00036740000000000004,-0.00036740000000000004,-0.00036740000000000004
2026-02-09 00:00:00-05:00,0.0010826,0.0,-0.0008923999999999999,0.0,-0.0008923999999999999,0.0,0.0010826,0.0,-0.0008923999999999999,0.0,-0.0008923999999999999,0.0,0.0004326,0.0,0.0004326,0.0,0.0004326,0.0
2026-02-10 00:00:00-05:00,0.0001376,-0.0007474,-0.0004424,-0.0005224,-0.0004424,-0.0005224,-0.00016240000000000002,-0.0007474,-0.0007423999999999999,-0.0007474,-0.0007423999999999999,-0.0007474,-0.0002924,0.0,-0.0010724,0.0,-0.0010724,0.0
2026-02-11 00:00:00-05:00,-0.0009124,-0.0009124,-0.00048740000000000003,-0.00048740000000000003,-0.00048740000000000003,-0.00048740000000000003,-0.0010823999999999999,-0.0010823999999999999,-0.0006573999999999999,-0.0006573999999999999,-0.0006573999999999999,-0.0006573999999999999,-0.0011673999999999999,-0.0011673999999999999,-0.0007423999999999999,-0.0007423999999999999,-0.0007423999999999999,-0.0007423999999999999
2026-02-12 00:00:00-05:00,-0.0014074,0.0007776,-0.0005624,0.0007776,-0.0005624,0.0010026,0.0005325999999999999,0.0005325999999999999,0.0005325999999999999,0.0005325999999999999,0.0005325999999999999,0.0005325999999999999,4.76e-05,4.76e-05,4.76e-05,4.76e-05,4.76e-05,4.76e-05
2026-02-13 00:00:00-05:00,-0.0021224,-0.0021224,-0.0017974,-0.0017974,-0.0017974,-0.0017974,-0.0022374,-0.0022374,-0.0019124,-0.0019124,-0.0019124,-0.0019124,-0.0022374,-0.0022374,-0.0019124,-0.0019124,-0.0019124,-0.0019124
2026-02-16 00:00:00-05:00,-0.0005224,-0.0005224,-0.0005624,-0.0005624,-0.0005624,-0.0005624,-0.0005224,-0.0005224,-0.0005624,-0.0005624,-0.0005624,-0.0005624,-0.0009774,-0.0009774,-0.0010174,-0.0010174,-0.0010174,-0.0010174
2026-02-17 00:00:00-05:00,0.0030426,0.0030426,0.0030426,0.0030426,0.0017125999999999999,0.0017125999999999999,0.0028826,0.0028826,0.0028826,0.0028826,0.0020326,0.0020326,0.00017259999999999997,0.00017259999999999997,0.00017259999999999997,0.00017259999999999997,0.00017259999999999997,0.00017259999999999997
2026-02-18 00:00:00-05:00,0.0015626,0.0,0.0015626,0.0,0.0013825999999999999,0.0,0.0015626,0.0,0.0015626,0.0,0.0013825999999999999,0.0,0.0014425999999999998,0.0,0.0014425999999999998,0.0,0.0016225999999999999,0.0
2026-02-19 00:00:00-05:00,0.0004476,0.0,0.0004476,0.0,0.0004476,0.0,0.0004476,0.0,0.0004476,0.0,0.0004476,0.0,0.0004476,0.0,0.0004476,0.0,0.0004476,0.0
2026-02-20 00:00:00-05:00,-0.0010073999999999999,-0.0010073999999999999,-0.0008623999999999999,-0.0008623999999999999,-0.0008623999999999999,-0.0008623999999999999,-0.0010073999999999999,-0.0010073999999999999,-0.0008623999999999999,-0.0008623999999999999,-0.0008623999999999999,-0.0008623999999999999,-0.0011274,-0.0011274,-0.0009824,-0.0009824,-0.0009824,-0.0009824
2026-02-23 00:00:00-05:00,-0.0010324,-0.0010324,-0.0010324,-0.0010324,-0.0010324,-0.0010324,-0.0010324,-0.0010324,-0.0010324,-0.0010324,-0.0010324,-0.0010324,-0.0010324,-0.0010324,-0.0010324,-0.0010324,-0.0010324,-0.0010324
2026-02-24 00:00:00-05:00,0.00031259999999999995,0.0,0.00031259999999999995,0.0,0.0010026,0.0,1.7599999999999998e-05,0.0,1.7599999999999998e-05,0.0,1.7599999999999998e-05,0.0,1.7599999999999998e-05,0.0,1.7599999999999998e-05,0.0,1.7599999999999998e-05,0.0
2026-02-25 00:00:00-05:00,-0.0011623999999999998,-7.400000000000002e-06,-0.0007373999999999999,-7.400000000000002e-06,-0.0007373999999999999,-7.400000000000002e-06,-0.0013824,-7.400000000000002e-06,-0.0009574,-7.400000000000002e-06,-0.0009574,-7.400000000000002e-06,-7.400000000000002e-06,-7.400000000000002e-06,-7.400000000000002e-06,-7.400000000000002e-06,-7.400000000000002e-06,-7.400000000000002e-06
2026-02-26 00:00:00-05:00,-0.0010974,-0.0010974,-0.0009473999999999999,-0.0009473999999999999,-0.0009473999999999999,-0.0009473999999999999,0.0,0.0,0.0,0.0,0.0,0.0,0.0,0.0,0.0,0.0,0.0,0.0
2026-02-27 00:00:00-05:00,0.0004026,0.0,0.0004026,0.0,0.0004026,0.0,0.00017759999999999998,0.0,0.00017759999999999998,0.0,0.00017759999999999998,0.0,0.00017759999999999998,0.0,0.00017759999999999998,0.0,0.00017759999999999998,0.0
2026-03-02 00:00:00-05:00,0.0035475999999999997,0.0035475999999999997,0.0035475999999999997,0.0035475999999999997,0.0035475999999999997,0.0035475999999999997,0.0035475999999999997,0.0035475999999999997,0.0035475999999999997,0.0035475999999999997,0.0035475999999999997,0.0035475999999999997,0.0035475999999999997,0.0035475999999999997,0.0035475999999999997,0.0035475999999999997,0.0035475999999999997,0.0035475999999999997
2026-03-03 00:00:00-05:00,0.0028926,0.0028926,0.0028926,0.0028926,0.0022826,0.0022826,0.0028926,0.0028926,0.0028926,0.0028926,0.0024825999999999997,0.0024825999999999997,0.0018876,0.0018876,0.0018876,0.0018876,0.0018876,0.0018876
2026-03-04 00:00:00-05:00,0.0016125999999999998,0.0016125999999999998,0.0016125999999999998,0.0016125999999999998,0.0016125999999999998,0.0016125999999999998,0.0009726,0.0009726,0.0009726,0.0009726,0.0009726,0.0009726,0.0009726,0.0009726,0.0009726,0.0009726,0.0009726,0.0009726
2026-03-05 00:00:00-05:00,0.0011776,0.0011776,0.0011776,0.0011776,0.0025926,0.0025926,-0.0001224,-0.0001224,-0.0001224,-0.0001224,-0.0001224,-0.0001224,-0.0010374,-0.0010374,-0.0010374,-0.0010374,-0.0010374,-0.0010374
2026-03-06 00:00:00-05:00,-0.0009224,-0.0009224,-0.0005924,-0.0005924,-0.0005924,-0.0005924,5.76e-05,0.0,5.76e-05,0.0,5.76e-05,0.0,5.76e-05,0.0,5.76e-05,0.0,5.76e-05,0.0
2026-03-09 00:00:00-04:00,-0.0018524000000000001,-0.0018524000000000001,-0.0014824,-0.0014824,0.0028826,0.0028826,-0.0030574,-0.0030574,-0.0026874,-0.0026874,-0.0026874,-0.0026874,-0.0034524,-0.0034524,-0.0030824,-0.0030824,-0.0030824,-0.0030824
2026-03-10 00:00:00-04:00,0.0010126,0.0,0.0010126,0.0,0.0010126,0.0,0.0002676,0.0,0.0002676,0.0,0.0002676,0.0,-0.00034240000000000003,0.0,-0.00034240000000000003,0.0,-0.00034240000000000003,0.0
2026-03-11 00:00:00-04:00,-0.0009323999999999999,0.0,-0.0009323999999999999,0.0,-0.0009323999999999999,0.0,-0.0012874000000000002,0.0,-0.0012874000000000002,0.0,-0.0012874000000000002,0.0,-0.0012874000000000002,0.0,-0.0012874000000000002,0.0,-0.0012874000000000002,0.0
2026-03-12 00:00:00-04:00,-0.0006374,-0.0006424,-0.0011874,-0.0006424,-0.0011874,-0.0006424,-0.0006374,-0.0011424,-0.0012573999999999999,-0.0011424,-0.0012573999999999999,-0.0011424,-0.0008424,-0.0011424,-0.0014624,-0.0011424,-0.0014624,-0.0011424
2026-03-13 00:00:00-04:00,-0.0004174,0.0,-0.0004174,0.0,-0.0004174,0.0,-0.0014474000000000002,0.0,-0.0014474000000000002,0.0,-0.0014474000000000002,0.0,-0.0014474000000000002,0.0,-0.0014474000000000002,0.0,-0.0014474000000000002,0.0
2026-03-16 00:00:00-04:00,0.0004126,0.0,0.0004126,0.0,0.0004126,0.0,0.0004126,0.0,0.0004126,0.0,0.0004126,0.0,0.0004126,0.0,0.0004126,0.0,0.0004126,0.0
2026-03-17 00:00:00-04:00,0.0013625999999999998,0.0013625999999999998,0.0013625999999999998,0.0013625999999999998,0.0013625999999999998,0.0013625999999999998,0.0011376000000000001,0.0011376000000000001,0.0011376000000000001,0.0011376000000000001,0.0011376000000000001,0.0011376000000000001,0.0006726000000000001,0.0006726000000000001,0.0006726000000000001,0.0006726000000000001,0.0006726000000000001,0.0006726000000000001
2026-03-18 00:00:00-04:00,0.0022275999999999997,0.0,0.0022275999999999997,0.0,0.0022126,0.0,0.0018876,0.0,0.0018876,0.0,0.0018876,0.0,0.0014826,0.0,0.0014826,0.0,0.0014826,0.0
2026-03-19 00:00:00-04:00,-2.2400000000000002e-05,-2.2400000000000002e-05,-0.0009924,-0.0009924,-0.0009924,-0.0009924,-0.00011240000000000001,-0.00011240000000000001,-0.0010823999999999999,-0.0010823999999999999,-0.0010823999999999999,-0.0010823999999999999,-0.0012124,0.0,-0.0013924,0.0,-0.0013924,0.0
2026-03-20 00:00:00-04:00,-0.0012074,0.0,-0.0013274,0.0,-0.0013274,0.0,-0.0012074,0.0,-0.0013574000000000001,0.0,-0.0013574000000000001,0.0,-0.0012074,0.0,-0.0014174,0.0,-0.0014174,0.0
2026-03-23 00:00:00-04:00,-0.0020224,-0.00017240000000000002,-0.0020524000000000002,-0.0021474000000000003,-0.0020524000000000002,-0.0021474000000000003,-0.00017240000000000002,-0.00017240000000000002,-0.00017240000000000002,-0.00017240000000000002,-0.00017240000000000002,-0.00017240000000000002,0.0,0.0,0.0,0.0,0.0,0.0
2026-03-24 00:00:00-04:00,0.0014226,0.0014226,0.0014226,0.0014226,0.0014226,0.0014226,0.0005876,0.0005876,0.0005876,0.0005876,0.0005876,0.0005876,4.26e-05,4.26e-05,4.26e-05,4.26e-05,4.26e-05,4.26e-05
2026-03-25 00:00:00-04:00,-0.0017674000000000001,-0.0003924,-0.0017324,-0.0003924,-0.0017324,-0.0003924,-0.0017674000000000001,-0.0003924,-0.0017324,-0.0003924,-0.0017324,-0.0003924,-0.0003924,-0.0003924,-0.0003924,-0.0003924,-0.0003924,-0.0003924
2026-03-26 00:00:00-04:00,-0.0023624,0.0003026,-0.0011324,-0.0014724,-0.0011324,-0.0014724,0.0003026,0.0003026,-0.0027924,-0.0027924,-0.0027924,-0.0027924,0.0003026,0.0003026,-0.0027924,-0.0027924,-0.0027924,-0.0027924
2026-03-27 00:00:00-04:00,-0.0013724000000000002,-0.0013724000000000002,-0.0010274,-0.0010274,-0.0010274,-0.0010274,-0.0022124000000000002,-0.0022124000000000002,-0.0018674000000000002,-0.0018674000000000002,-0.0018674000000000002,-0.0018674000000000002,0.0,0.0,0.0,0.0,0.0,0.0
2026-03-30 00:00:00-04:00,0.0021425999999999997,0.0,0.0021425999999999997,0.0,0.0021425999999999997,0.0,0.0015126,0.0,0.0015126,0.0,0.0015126,0.0,0.0015126,0.0,0.0015126,0.0,0.0015126,0.0
2026-03-31 00:00:00-04:00,-0.0064374,-0.0064374,-0.0019124,-0.0019124,-0.0019124,-0.0019124,0.0030076,0.0,0.0030076,0.0,0.0030076,0.0,-0.0001274,0.0,-0.0001274,0.0,-0.0001274,0.0
2026-04-01 00:00:00-04:00,-0.0007874,-0.0007874,-0.0009574,-0.0009574,-0.0009574,-0.0009574,-0.0007874,-0.0007874,-0.0009574,-0.0009574,-0.0009574,-0.0009574,-0.0010574,-0.0010574,-0.0012274,-0.0012274,-0.0012274,-0.0012274
2026-04-02 00:00:00-04:00,-0.0094024,0.0078576,-0.0014274000000000001,-0.0007023999999999999,-0.0014274000000000001,0.0013226,-0.0094024,0.0078576,-0.0014274000000000001,-0.0007373999999999999,-0.0014274000000000001,-0.0007373999999999999,0.0078576,0.0078576,0.0078576,0.0078576,0.0037426,0.0037426
2026-04-03 00:00:00-04:00,0.0005725999999999999,0.0005725999999999999,0.0005725999999999999,0.0005725999999999999,0.0005725999999999999,0.0005725999999999999,0.0005725999999999999,0.0005725999999999999,0.0005725999999999999,0.0005725999999999999,0.0005725999999999999,0.0005725999999999999,0.0005725999999999999,0.0005725999999999999,0.0005725999999999999,0.0005725999999999999,0.0005725999999999999,0.0005725999999999999
2026-04-06 00:00:00-04:00,0.0009576000000000001,0.0,0.0009576000000000001,0.0,0.0009576000000000001,0.0,0.0004326,0.0,0.0004326,0.0,0.0004326,0.0,0.0002126,0.0,0.0002126,0.0,0.0002126,0.0
2026-04-07 00:00:00-04:00,-0.0024024000000000003,0.0009676000000000001,-0.0014024,0.0009676000000000001,-0.0014024,0.0018026,0.0009676000000000001,0.0009676000000000001,0.0009676000000000001,0.0009676000000000001,0.0009676000000000001,0.0009676000000000001,0.0009676000000000001,0.0009676000000000001,0.0009676000000000001,0.0009676000000000001,0.0009676000000000001,0.0009676000000000001
2026-04-08 00:00:00-04:00,-0.0035274,-0.0035274,-0.0015424000000000002,-0.0015424000000000002,-0.0015424000000000002,-0.0015424000000000002,-0.0035274,-0.0035274,-0.0015424000000000002,-0.0015424000000000002,-0.0015424000000000002,-0.0015424000000000002,0.0017675999999999998,0.0,0.0017675999999999998,0.0,0.0017675999999999998,0.0
2026-04-09 00:00:00-04:00,-0.0006923999999999999,-0.0006923999999999999,-0.0006824,-0.0006824,-0.0006824,-0.0006824,-0.0006923999999999999,-0.0006923999999999999,-0.0008024,-0.0008024,-0.0008024,-0.0008024,-0.0006923999999999999,-0.0006923999999999999,-0.0008024,-0.0008024,-0.0008024,-0.0008024
2026-04-10 00:00:00-04:00,0.0007176000000000001,0.0,0.0007176000000000001,0.0,0.0007626000000000001,0.0,0.00046259999999999997,0.0,0.00046259999999999997,0.0,0.0012726,0.0,-0.00034740000000000004,0.0,-0.00034740000000000004,0.0,-0.00034740000000000004,0.0
2026-04-13 00:00:00-04:00,0.0013076,0.0,0.0013076,0.0,0.0013076,0.0,0.0013076,0.0,0.0013076,0.0,0.0013076,0.0,0.0002326,0.0,0.0002326,0.0,0.0002326,0.0
2026-04-14 00:00:00-04:00,-0.0004124,0.0,-0.0004124,0.0,-0.0004124,0.0,-0.0004124,0.0,-0.0004124,0.0,-0.0004124,0.0,0.0,0.0,0.0,0.0,0.0,0.0
2026-04-15 00:00:00-04:00,0.0004076,0.0004076,-0.00046740000000000003,-0.00046740000000000003,-0.00046740000000000003,-0.00046740000000000003,0.0004076,0.0004076,-0.00048740000000000003,-0.00048740000000000003,-0.00048740000000000003,-0.00048740000000000003,-0.0010474,0.0,-0.0007124,0.0,-0.0007124,0.0
2026-04-16 00:00:00-04:00,0.0006376,0.0,0.0006376,0.0,0.0006376,0.0,0.0003426,0.0,0.0003426,0.0,0.0003426,0.0,-2.400000000000002e-06,0.0,-2.400000000000002e-06,0.0,-2.400000000000002e-06,0.0
2026-04-17 00:00:00-04:00,-0.0005274,-0.0002224,-0.0006774,-0.0002224,-0.0006774,-0.0002224,-0.0002224,-0.0002224,-0.0002224,-0.0002224,-0.0002224,-0.0002224,-0.0002224,-0.0002224,-0.0002224,-0.0002224,-0.0002224,-0.0002224
2026-04-20 00:00:00-04:00,-0.0005774,0.0,-0.0009624,0.0,-0.0009624,0.0,-0.0005774,0.0,-0.0009624,0.0,-0.0009624,0.0,-0.0007924,0.0,-0.0011773999999999999,0.0,-0.0011773999999999999,0.0
2026-04-21 00:00:00-04:00,-0.0006923999999999999,6.76e-05,-0.0005824000000000001,-0.0005274,-0.0005824000000000001,-0.0005274,-0.0006923999999999999,6.76e-05,-0.0005824000000000001,-0.0005474,-0.0005824000000000001,-0.0005474,0.0,0.0,0.0,0.0,0.0,0.0
2026-04-22 00:00:00-04:00,0.0004126,0.0004126,-0.0008123999999999999,-0.0008123999999999999,-0.0008123999999999999,-0.0008123999999999999,7.26e-05,7.26e-05,-0.0011524,-0.0011524,-0.0011524,-0.0011524,7.26e-05,7.26e-05,-0.0011524,-0.0011524,-0.0011524,-0.0011524
2026-04-23 00:00:00-04:00,-0.0009124,0.0,-0.0009124,0.0,-0.0009124,0.0,0.0,0.0,0.0,0.0,0.0,0.0,0.0,0.0,0.0,0.0,0.0,0.0
2026-04-24 00:00:00-04:00,-0.0008173999999999999,-0.0008173999999999999,-0.0011324,-0.0011324,-0.0011324,-0.0011324,-0.0003924,0.0,-0.0003924,0.0,-0.0003924,0.0,-0.0003924,0.0,-0.0003924,0.0,-0.0003924,0.0
2026-04-27 00:00:00-04:00,0.0006175999999999999,0.0006175999999999999,0.0006175999999999999,0.0006175999999999999,0.0014726,0.0014726,0.00045759999999999996,0.00045759999999999996,0.00045759999999999996,0.00045759999999999996,0.0017925999999999999,0.0017925999999999999,-0.0008673999999999999,-0.0008673999999999999,-0.0008673999999999999,-0.0008673999999999999,-0.0008673999999999999,-0.0008673999999999999
2026-04-28 00:00:00-04:00,0.0020076,0.0,0.0020076,0.0,0.0018725999999999999,0.0,0.0016875999999999998,0.0,0.0016875999999999998,0.0,0.0016875999999999998,0.0,0.0016875999999999998,0.0,0.0016875999999999998,0.0,0.0016875999999999998,0.0
2026-04-29 00:00:00-04:00,0.0002026,0.0002026,-0.0008123999999999999,-0.0008123999999999999,-0.0008123999999999999,-0.0008123999999999999,-0.0011274,0.0001226,-0.0009674,0.0001226,-0.0009674,0.0001226,-0.0011274,0.0,-0.0010624,0.0,-0.0010624,0.0
2026-04-30 00:00:00-04:00,-0.0074724,-0.0074724,-0.0009274,-0.0009274,-0.0009274,-0.0009274,-0.0074724,-0.0074724,-0.0009274,-0.0009274,-0.0009274,-0.0009274,0.0064376,0.0,0.0064376,0.0,0.0030026,0.0
2026-05-01 00:00:00-04:00,-0.00016740000000000003,-0.00016740000000000003,-0.00016740000000000003,-0.00016740000000000003,-0.00016740000000000003,-0.00016740000000000003,-0.0003974,-0.0003974,-0.0003974,-0.0003974,-0.0003974,-0.0003974,-0.0006174,-0.0006174,-0.0006174,-0.0006174,-0.0006174,-0.0006174
2026-05-04 00:00:00-04:00,0.0011976,0.0011976,0.0011976,0.0011976,0.0011976,0.0011976,0.0011976,0.0011976,0.0011976,0.0011976,0.0011976,0.0011976,0.0005775999999999999,0.0005775999999999999,0.0005775999999999999,0.0005775999999999999,0.0005775999999999999,0.0005775999999999999
2026-05-05 00:00:00-04:00,0.0010326,0.0010326,0.0010326,0.0010326,0.0010326,0.0010326,0.0010326,0.0010326,0.0010326,0.0010326,0.0010326,0.0010326,0.0010326,0.0010326,0.0010326,0.0010326,0.0010326,0.0010326
2026-05-06 00:00:00-04:00,-0.0012124,0.0,-0.0012124,0.0,-0.0012124,0.0,0.0,0.0,0.0,0.0,0.0,0.0,0.0,0.0,0.0,0.0,0.0,0.0
2026-05-07 00:00:00-04:00,-0.0012724,0.0002576,-0.0007974,-0.0009574,-0.0007974,-0.0009574,0.0002576,0.0002576,0.0002576,0.0002576,0.0002576,0.0002576,0.0002576,0.0002576,0.0002576,0.0002576,0.0002576,0.0002576
2026-05-08 00:00:00-04:00,0.0013675999999999998,0.0013675999999999998,0.0013675999999999998,0.0013675999999999998,0.0013675999999999998,0.0013675999999999998,0.0013675999999999998,0.0013675999999999998,0.0013675999999999998,0.0013675999999999998,0.0013675999999999998,0.0013675999999999998,0.0010126,0.0010126,0.0010126,0.0010126,0.0010126,0.0010126
2026-05-11 00:00:00-04:00,-0.0012224,-0.0012224,-0.0015774,-0.0015774,-0.0015774,-0.0015774,-0.0015524,-0.0015524,-0.0019074,-0.0019074,-0.0019074,-0.0019074,-0.0013024,0.0,-0.0013024,0.0,-0.0013024,0.0
2026-05-12 00:00:00-04:00,0.0016275999999999999,0.0,0.0016275999999999999,0.0,0.0025426,0.0,0.0012875999999999999,0.0,0.0012875999999999999,0.0,0.0012875999999999999,0.0,0.0012875999999999999,0.0,0.0012875999999999999,0.0,0.0012875999999999999,0.0
2026-05-13 00:00:00-04:00,0.0031826,0.0031826,0.0031826,0.0031826,0.0031525999999999998,0.0031525999999999998,0.0026976,0.0026976,0.0026976,0.0026976,0.0026976,0.0026976,0.0026976,0.0026976,0.0026976,0.0026976,0.0026976,0.0026976
2026-05-14 00:00:00-04:00,-0.0008123999999999999,-0.0008123999999999999,-0.0010724,-0.0010724,-0.0010724,-0.0010724,-0.0012974,-0.0012974,-0.0015574,-0.0015574,-0.0015574,-0.0015574,-0.00040740000000000004,0.0,-0.00040740000000000004,0.0,-0.00040740000000000004,0.0
2026-05-15 00:00:00-04:00,-0.0087624,-0.0087624,-0.0012924000000000002,-0.0012924000000000002,-0.0012924000000000002,-0.0012924000000000002,0.0074275999999999995,0.0,0.0074275999999999995,0.0,0.0029226,0.0,0.0067826,0.0,0.0067826,0.0,0.0042125999999999995,0.0
2026-05-18 00:00:00-04:00,0.0,0.0,0.0,0.0,0.0,0.0,0.0,0.0,0.0,0.0,0.0,0.0,0.0,0.0,0.0,0.0,0.0,0.0
2026-05-19 00:00:00-04:00,-0.0045424,-0.0045424,-0.0015424000000000002,-0.0015424000000000002,-0.0015424000000000002,-0.0015424000000000002,0.0029126,0.0,0.0029126,0.0,0.0029126,0.0,0.0024925999999999998,0.0,0.0024925999999999998,0.0,0.0024925999999999998,0.0
2026-05-20 00:00:00-04:00,-0.00011240000000000001,-0.00011240000000000001,-0.00011240000000000001,-0.00011240000000000001,-0.00011240000000000001,-0.00011240000000000001,-0.00011240000000000001,-0.00011240000000000001,-0.00011240000000000001,-0.00011240000000000001,-0.00011240000000000001,-0.00011240000000000001,-0.0004124,-0.0004124,-0.0004124,-0.0004124,-0.0004124,-0.0004124
2026-05-21 00:00:00-04:00,0.0029576,0.0029576,0.0029576,0.0029576,0.0018625999999999998,0.0018625999999999998,0.0028875999999999997,0.0028875999999999997,0.0028875999999999997,0.0028875999999999997,0.0020025999999999998,0.0020025999999999998,0.0024176,0.0024176,0.0024176,0.0024176,0.0029426,0.0029426
2026-05-22 00:00:00-04:00,-0.0007373999999999999,-0.0007373999999999999,-0.0012124,-0.0012124,-0.0012124,-0.0012124,-0.0006274000000000001,0.0,-0.0016824000000000001,0.0,-0.0016824000000000001,0.0,-0.0006274000000000001,0.0,-0.0017624000000000001,0.0,-0.0017624000000000001,0.0
2026-05-25 00:00:00-04:00,0.0016175999999999999,0.0016175999999999999,0.0016175999999999999,0.0016175999999999999,0.0016175999999999999,0.0016175999999999999,0.0011626,0.0011626,0.0011626,0.0011626,0.0011626,0.0011626,0.0005576,0.0005576,0.0005576,0.0005576,0.0005576,0.0005576
2026-05-26 00:00:00-04:00,-0.00030740000000000005,0.0,-0.00030740000000000005,0.0,-0.00030740000000000005,0.0,-0.00030740000000000005,0.0,-0.00030740000000000005,0.0,-0.00030740000000000005,0.0,-0.00030740000000000005,0.0,-0.00030740000000000005,0.0,-0.00030740000000000005,0.0
2026-05-27 00:00:00-04:00,-0.00034240000000000003,-0.0003824,-0.0005724,-0.0006324,-0.0005724,-0.0006324,-0.0003824,-0.0003824,-0.0010274,-0.0010274,-0.0010274,-0.0010274,-0.0009073999999999999,-0.0009073999999999999,-0.0015524,-0.0015524,-0.0015524,-0.0015524
2026-05-28 00:00:00-04:00,-0.0024424,-0.0024424,-0.0012824000000000002,-0.0012824000000000002,-0.0012824000000000002,-0.0012824000000000002,-0.0024424,-0.0024424,-0.0012824000000000002,-0.0012824000000000002,-0.0012824000000000002,-0.0012824000000000002,0.0007976000000000001,0.0,0.0007976000000000001,0.0,0.0007976000000000001,0.0
2026-05-29 00:00:00-04:00,-0.0008923999999999999,0.0,-0.0009224,0.0,-0.0009224,0.0,-0.0008923999999999999,0.0,-0.0009624,0.0,-0.0009624,0.0,-0.0015274000000000002,0.0,-0.0015974000000000001,0.0,-0.0015974000000000001,0.0
2026-06-01 00:00:00-04:00,0.0010076,0.0010076,0.0010076,0.0010076,0.0010076,0.0010076,0.0006175999999999999,0.0006175999999999999,0.0006175999999999999,0.0006175999999999999,0.0006175999999999999,0.0006175999999999999,0.0002826,0.0002826,0.0002826,0.0002826,0.0002826,0.0002826
2026-06-02 00:00:00-04:00,-0.0015574,0.0,-0.0014324000000000001,0.0,-0.0014324000000000001,0.0,-0.0021024,0.0,-0.0019774000000000003,0.0,-0.0019774000000000003,0.0,-0.0026124,0.0,-0.0024874000000000003,0.0,-0.0024874000000000003,0.0
2026-06-03 00:00:00-04:00,-0.0006024,-0.0006024,-0.0008474,-0.0008474,-0.0008474,-0.0008474,-0.0006024,-0.0006024,-0.0009724,-0.0009724,-0.0009724,-0.0009724,-0.00047240000000000004,0.0,-0.0012124,0.0,-0.0012124,0.0
2026-06-04 00:00:00-04:00,0.0005226,0.0005226,-0.0016174000000000002,-0.0016174000000000002,-0.0016174000000000002,-0.0016174000000000002,-0.00020240000000000001,-0.00020240000000000001,-0.0023424,-0.0023424,-0.0023424,-0.0023424,-0.00045240000000000005,-0.00045240000000000005,-0.0025924,-0.0025924,-0.0025924,-0.0025924
2026-06-05 00:00:00-04:00,0.0002476,0.0,0.0002476,0.0,0.0002476,0.0,-7.74e-05,0.0,-7.74e-05,0.0,-7.74e-05,0.0,-0.0009274,0.0,-0.0009274,0.0,-0.0009274,0.0
2026-06-08 00:00:00-04:00,-0.0032024,-0.0032024,-0.0023424,-0.0023424,-0.0023424,-0.0023424,-0.0052824000000000005,-0.0052824000000000005,-0.0044224,-0.0044224,-0.0044224,-0.0044224,0.0,0.0,0.0,0.0,0.0,0.0
2026-06-09 00:00:00-04:00,-0.0061274,0.0035626,-0.0023224,0.0035626,-0.0023224,0.0035626,-0.0061274,0.0035626,-0.0023224,0.0035626,-0.0023224,0.0035626,0.0035626,0.0035626,0.0035626,0.0035626,0.0035626,0.0035626
2026-06-10 00:00:00-04:00,0.0017226,0.0,0.0017226,0.0,0.0017226,0.0,0.0017226,0.0,0.0017226,0.0,0.0017226,0.0,0.0,0.0,0.0,0.0,0.0,0.0
2026-06-11 00:00:00-04:00,0.0044526,0.0044526,0.0044526,0.0044526,0.0044526,0.0044526,0.0025076,0.0025076,0.0025076,0.0025076,0.0025076,0.0025076,0.0025076,0.0025076,0.0025076,0.0025076,0.0025076,0.0025076
2026-06-12 00:00:00-04:00,-0.0041674,-0.0041674,-0.0015374000000000002,-0.0015374000000000002,-0.0015374000000000002,-0.0015374000000000002,-0.0047474,-0.0047474,-0.0021174,-0.0021174,-0.0021174,-0.0021174,0.0025675999999999997,0.0,0.0025675999999999997,0.0,0.0025675999999999997,0.0
2026-06-15 00:00:00-04:00,0.0013625999999999998,0.0013625999999999998,0.0013625999999999998,0.0013625999999999998,0.0013625999999999998,0.0013625999999999998,0.0012276000000000001,0.0012276000000000001,0.0012276000000000001,0.0012276000000000001,0.0012276000000000001,0.0012276000000000001,0.0012276000000000001,0.0012276000000000001,0.0012276000000000001,0.0012276000000000001,0.0012276000000000001,0.0012276000000000001
2026-06-16 00:00:00-04:00,-0.00034240000000000003,-0.0008774,-0.0011673999999999999,-0.0008774,-0.0011673999999999999,-0.0008774,-0.00034240000000000003,-0.0008774,-0.0011673999999999999,-0.0008774,-0.0011673999999999999,-0.0008774,-0.0009323999999999999,0.0,-0.0019024,0.0,-0.0019024,0.0
2026-06-17 00:00:00-04:00,0.0022076,0.0022076,0.0022076,0.0022076,0.0021926,0.0021926,0.0022076,0.0022076,0.0022076,0.0022076,0.0021926,0.0021926,0.0019375999999999998,0.0019375999999999998,0.0019375999999999998,0.0019375999999999998,0.0019375999999999998,0.0019375999999999998
2026-06-18 00:00:00-04:00,-0.0016524,-0.0016524,-0.0025624000000000003,-0.0025624000000000003,-0.0025624000000000003,-0.0025624000000000003,0.0,0.0,0.0,0.0,0.0,0.0,0.0,0.0,0.0,0.0,0.0,0.0
2026-06-19 00:00:00-04:00,0.0028025999999999997,0.0,0.0028025999999999997,0.0,0.0027926,0.0,0.0028025999999999997,0.0,0.0028025999999999997,0.0,0.0027926,0.0,0.0028025999999999997,0.0,0.0028025999999999997,0.0,0.0027926,0.0
2026-06-22 00:00:00-04:00,0.0014776,0.0014776,0.0014776,0.0014776,0.0014776,0.0014776,0.0012226000000000001,0.0012226000000000001,0.0012226000000000001,0.0012226000000000001,0.0012226000000000001,0.0012226000000000001,6.26e-05,6.26e-05,6.26e-05,6.26e-05,6.26e-05,6.26e-05
2026-06-23 00:00:00-04:00,0.0079776,-0.0099974,-0.0019224,-0.0018074,-0.0019224,-0.0018074,-0.0099974,-0.0099974,-0.0029324,-0.0029324,-0.0029324,-0.0029324,0.0066576,0.0,0.0066576,0.0,0.0066576,0.0
2026-06-24 00:00:00-04:00,-0.0006624,-0.0006624,-0.0023374,-0.0023374,-0.0023374,-0.0023374,-0.0010574,-0.0010574,-0.0027324000000000003,-0.0027324000000000003,-0.0027324000000000003,-0.0027324000000000003,-0.0019524000000000002,0.0,-0.0019524000000000002,0.0,-0.0019524000000000002,0.0
2026-06-25 00:00:00-04:00,-0.0011124,0.0,-0.0013974,0.0,-0.0013974,0.0,-0.0019474000000000002,0.0,-0.0022324000000000003,0.0,-0.0022324000000000003,0.0,0.0,0.0,0.0,0.0,0.0,0.0
2026-06-26 00:00:00-04:00,0.0066376,0.0,0.0066376,0.0,0.0045626,0.0,0.0061776,0.0,0.0061776,0.0,0.0054826,0.0,0.0056826,0.0,0.0056826,0.0,0.0064726,0.0
2026-06-29 00:00:00-04:00,-0.0036074,0.0,-0.0026574000000000003,0.0,-0.0026574000000000003,0.0,0.0,0.0,0.0,0.0,0.0,0.0,0.0,0.0,0.0,0.0,0.0,0.0
2026-06-30 00:00:00-04:00,-0.0034424,0.0010126,-0.0018124,0.0010126,-0.0018124,0.0010126,-0.0040524,0.0010126,-0.0024674000000000002,0.0010126,-0.0024674000000000002,0.0010126,0.0010126,0.0010126,0.0010126,0.0010126,0.0010126,0.0010126
2026-07-01 00:00:00-04:00,0.0014226,0.0,0.0014226,0.0,0.0021326,0.0,0.0014226,0.0,0.0014226,0.0,0.0021326,0.0,0.0014226,0.0,0.0014226,0.0,0.0021326,0.0
2026-07-02 00:00:00-04:00,-0.0002674,-0.0002674,-0.0002674,-0.0002674,-0.0002674,-0.0002674,-0.0009323999999999999,-0.0009323999999999999,-0.0009323999999999999,-0.0009323999999999999,-0.0009323999999999999,-0.0009323999999999999,-0.0019374000000000001,-0.0019374000000000001,-0.0019374000000000001,-0.0019374000000000001,-0.0019374000000000001,-0.0019374000000000001
2026-07-03 00:00:00-04:00,-0.0057074000000000005,0.0027475999999999998,-0.0019974000000000003,0.0027475999999999998,-0.0019974000000000003,0.0027475999999999998,-0.0057074000000000005,0.0027475999999999998,-0.0019974000000000003,0.0027475999999999998,-0.0019974000000000003,0.0027475999999999998,0.0027475999999999998,0.0027475999999999998,0.0027475999999999998,0.0027475999999999998,0.0027475999999999998,0.0027475999999999998
2026-07-06 00:00:00-04:00,0.0018026,0.0,0.0018026,0.0,0.0018026,0.0,0.0007126000000000001,0.0,0.0007126000000000001,0.0,0.0007126000000000001,0.0,0.0007126000000000001,0.0,0.0007126000000000001,0.0,0.0007126000000000001,0.0
2026-07-07 00:00:00-04:00,-0.0041474,-0.0041474,-0.0014224,-0.0014224,-0.0014224,-0.0014224,0.0025076,0.0,0.0025076,0.0,0.0040226,0.0,0.0022826,0.0,0.0022826,0.0,0.0044726,0.0
2026-07-08 00:00:00-04:00,-0.0023624,-0.0023624,-0.0023624,-0.0023624,-0.0023624,-0.0023624,-0.0033974,-0.0033974,-0.0033974,-0.0033974,-0.0033974,-0.0033974,-0.0040874,-0.0040874,-0.0040874,-0.0040874,-0.0040874,-0.0040874
2026-07-09 00:00:00-04:00,-0.0026474000000000003,0.0,-0.0018124,0.0,-0.0018124,0.0,-0.0026474000000000003,0.0,-0.0018674000000000002,0.0,-0.0018674000000000002,0.0,-0.0026474000000000003,0.0,-0.0021624,0.0,-0.0021624,0.0
2026-07-10 00:00:00-04:00,-0.00020240000000000001,-0.0021824,-0.0023374,-0.0019374000000000001,-0.0023374,-0.0019374000000000001,-0.0006923999999999999,-0.0021824,-0.0028274,-0.0021824,-0.0028274,-0.0021824,-0.0021824,-0.0021824,-0.0021824,-0.0021824,-0.0021824,-0.0021824
2026-07-13 00:00:00-04:00,0.0041826,0.0,0.0041826,0.0,0.0041826,0.0,0.0041826,0.0,0.0041826,0.0,0.0041826,0.0,0.0028726,0.0,0.0028726,0.0,0.0028726,0.0
2026-07-14 00:00:00-04:00,0.0016875999999999998,0.0016875999999999998,-0.0036674,-0.0036674,-0.0036674,-0.0036674,0.0016875999999999998,0.0016875999999999998,-0.0036674,-0.0036674,-0.0036674,-0.0036674,-0.0054024,0.0,-0.0042424,0.0,-0.0042424,0.0
2026-07-15 00:00:00-04:00,0.0023576,0.0023576,0.0023576,0.0023576,0.0023576,0.0023576,0.0018176,0.0018176,0.0018176,0.0018176,0.0018176,0.0018176,0.0018176,0.0018176,0.0018176,0.0018176,0.0018176,0.0018176
2026-07-16 00:00:00-04:00,-0.0003624,0.0,-0.0017674000000000001,0.0,-0.0017674000000000001,0.0,-0.0006774,0.0,-0.0022424000000000003,0.0,-0.0022424000000000003,0.0,-0.0017024000000000002,0.0,-0.0032674,0.0,-0.0032674,0.0
2026-07-17 00:00:00-04:00,0.0052476,0.0,0.0052476,0.0,0.0041526,0.0,0.0050076,0.0,0.0050076,0.0,0.0046326,0.0,0.0046076,0.0,0.0046076,0.0,0.0046076,0.0
2026-07-20 00:00:00-04:00,-0.0030274,-0.0030274,-0.0030974,-0.0030974,-0.0030974,-0.0030974,-0.00023740000000000002,0.0,-0.00023740000000000002,0.0,-0.00023740000000000002,0.0,-0.00023740000000000002,0.0,-0.00023740000000000002,0.0,-0.00023740000000000002,0.0
2026-07-21 00:00:00-04:00,0.0059226,0.0059226,0.0059226,0.0059226,0.0037526,0.0037526,0.0047426,0.0047426,0.0047426,0.0047426,0.0047426,0.0047426,0.0039726,0.0039726,0.0039726,0.0039726,0.0039726,0.0039726
2026-07-22 00:00:00-04:00,0.0022076,0.0,0.0022076,0.0,0.0020626,0.0,0.0022076,0.0,0.0022076,0.0,0.0020626,0.0,0.0013575999999999998,0.0,0.0013575999999999998,0.0,0.0013575999999999998,0.0
2026-07-23 00:00:00-04:00,-0.0022824,-0.0022824,-0.0013874,-0.0013874,-0.0013874,-0.0013874,-0.0036424,-0.0036424,-0.0027474,-0.0027474,-0.0027474,-0.0027474,0.0008426000000000001,0.0,0.0008426000000000001,0.0,0.0008426000000000001,0.0
2026-07-24 00:00:00-04:00,0.0013426,0.0,0.0013426,0.0,0.0013426,0.0,0.0013426,0.0,0.0013426,0.0,0.0013426,0.0,0.0013426,0.0,0.0013426,0.0,0.0013426,0.0
2026-07-27 00:00:00-04:00,-0.0020124,-0.0020124,-0.0020124,-0.0020124,-0.0020124,-0.0020124,-0.0024374,-0.0024374,-0.0024374,-0.0024374,-0.0024374,-0.0024374,-0.0024374,-0.0024374,-0.0024374,-0.0024374,-0.0024374,-0.0024374
2026-07-28 00:00:00-04:00,0.0041376,0.0041376,0.0041376,0.0041376,0.0041926,0.0041926,0.0031676,0.0031676,0.0031676,0.0031676,0.0031676,0.0031676,0.0031676,0.0031676,0.0031676,0.0031676,0.0031676,0.0031676
2026-07-29 00:00:00-04:00,0.0055626,0.0055626,0.0055626,0.0055626,0.0040926,0.0040926,0.0048176,0.0048176,0.0048176,0.0048176,0.0055826,0.0055826,0.0036325999999999997,0.0036325999999999997,0.0036325999999999997,0.0036325999999999997,0.0036325999999999997,0.0036325999999999997
2026-07-30 00:00:00-04:00,-0.0025624000000000003,0.0,-0.0028724,0.0,-0.0028724,0.0,-0.0025624000000000003,0.0,-0.0028724,0.0,-0.0028724,0.0,-0.0025624000000000003,0.0,-0.0028724,0.0,-0.0028724,0.0
2026-07-31 00:00:00-04:00,0.0021326,0.0,-0.0016924000000000002,0.0,-0.0016924000000000002,0.0,0.0015826,0.0,-0.0022424000000000003,0.0,-0.0022424000000000003,0.0,0.0007176000000000001,0.0,-0.0031074,0.0,-0.0031074,0.0
2026-08-03 00:00:00-04:00,0.0004676,0.0,0.0004676,0.0,0.0004676,0.0,0.00018759999999999998,0.0,0.00018759999999999998,0.0,0.00018759999999999998,0.0,0.00018759999999999998,0.0,0.00018759999999999998,0.0,0.00018759999999999998,0.0
2026-08-04 00:00:00-04:00,-0.0032174,-0.0032174,-0.0013424,-0.0013424,-0.0013424,-0.0013424,-0.0038074000000000003,-0.0038074000000000003,-0.0019324000000000001,-0.0019324000000000001,-0.0019324000000000001,-0.0019324000000000001,-0.0045174,-0.0045174,-0.0026424,-0.0026424,-0.0026424,-0.0026424
2026-08-05 00:00:00-04:00,0.0021625999999999998,-0.0032724,-0.0010674,-0.0009373999999999999,-0.0010674,-0.0009373999999999999,0.0021625999999999998,-0.0032724,-0.0010674,-0.0009473999999999999,-0.0010674,-0.0009473999999999999,-0.0033924000000000003,-0.0033924000000000003,-0.0013374,-0.0013374,-0.0013374,-0.0013374
2026-08-06 00:00:00-04:00,-0.0005124,-0.0008024,-0.0011924,-0.0012224,-0.0011924,-0.0012224,-0.0008024,-0.0008024,-0.0013724000000000002,-0.0013724000000000002,-0.0013724000000000002,-0.0013724000000000002,-0.0014024,-0.0014024,-0.0019724,-0.0019724,-0.0019724,-0.0019724
2026-08-07 00:00:00-04:00,8.76e-05,8.76e-05,8.76e-05,8.76e-05,8.76e-05,8.76e-05,-0.0007673999999999999,-0.0007673999999999999,-0.0007673999999999999,-0.0007673999999999999,-0.0007673999999999999,-0.0007673999999999999,-0.0007673999999999999,-0.0007673999999999999,-0.0007673999999999999,-0.0007673999999999999,-0.0007673999999999999,-0.0007673999999999999
