date,SND baseline,First physical touch core,First touch + width ≤0.5 ATR,First touch + impulse volume <0.75,First touch + normal RVOL,First touch + opposing room,First touch + width + low volume,Sensitivity · first touch + width ≤0.4,Sensitivity · first touch + width ≤0.6,Sensitivity · first touch + volume <0.5,Sensitivity · first touch + volume <1.0
2019-05-06,-104.0,-104.0,,-64.0,,-104.0,,,,-64.0,-64.0
2019-05-07,-249.5,-154.5,-18.5,-64.0,,-154.5,,-18.5,-50.5,-64.0,-82.5
2019-05-08,-244.0,-149.0,-58.5,-39.0,,-174.0,,-58.5,-90.5,-64.0,-57.5
2019-05-09,-186.5,4.5,141.5,-52.5,,-20.5,,141.5,76.5,-77.5,-71.0
2019-05-10,-75.5,174.5,155.0,-52.5,,-50.5,,141.5,90.0,-77.5,-16.0
2019-05-11,-75.5,174.5,155.0,-52.5,,-50.5,,141.5,90.0,-77.5,-16.0
2019-05-12,-75.5,174.5,155.0,-52.5,,-50.5,,141.5,90.0,-77.5,-16.0
2019-05-13,124.5,374.5,355.0,-102.5,,149.5,,341.5,290.0,-77.5,-66.0
2019-05-14,-5.5,244.5,301.0,-188.5,,61.5,-44.0,318.5,202.0,-90.5,-186.0
2019-05-15,171.5,355.0,301.0,-228.5,,-28.0,-44.0,318.5,162.0,-90.5,-226.0
2019-05-16,143.0,316.0,262.0,-228.5,,-67.0,-44.0,279.5,123.0,-90.5,-226.0
2019-05-17,-20.0,153.0,242.0,-228.5,,-123.5,-44.0,259.5,76.0,-90.5,-278.5
2019-05-18,-20.0,153.0,242.0,-228.5,,-123.5,-44.0,259.5,76.0,-90.5,-278.5
2019-05-19,-20.0,153.0,242.0,-228.5,,-123.5,-44.0,259.5,76.0,-90.5,-278.5
2019-05-20,287.0,365.0,236.0,-246.5,,-178.0,-62.0,241.5,288.0,-108.5,-296.5
2019-05-21,276.0,328.0,236.0,-272.5,18.0,-215.0,-62.0,241.5,233.0,-108.5,-322.5
2019-05-22,246.5,394.0,302.0,-206.5,18.0,-255.5,4.0,307.5,299.0,-108.5,-256.5
2019-05-23,142.0,362.5,254.5,-231.5,18.0,-287.0,-21.0,285.0,251.5,-133.5,-265.5
2019-05-24,78.0,298.5,213.0,-286.5,78.5,-351.0,-53.5,254.0,210.0,-133.5,-320.5
2019-05-25,78.0,298.5,213.0,-286.5,78.5,-351.0,-53.5,254.0,210.0,-133.5,-320.5
2019-05-26,78.0,298.5,213.0,-286.5,78.5,-351.0,-53.5,254.0,210.0,-133.5,-320.5
2019-05-27,90.5,298.5,213.0,-286.5,78.5,-351.0,-53.5,254.0,210.0,-133.5,-320.5
2019-05-28,201.0,231.5,175.0,-286.5,9.0,-401.5,-53.5,216.0,182.0,-133.5,-328.0
2019-05-29,197.5,209.5,129.5,-350.5,-20.0,-369.0,-88.5,196.0,136.5,-159.0,-392.0
2019-05-30,62.0,179.5,129.5,-350.5,-50.0,-399.0,-88.5,196.0,136.5,-159.0,-422.0
2019-05-31,-28.5,89.0,129.5,-350.5,-50.0,-489.5,-88.5,196.0,107.0,-159.0,-422.0
2019-06-01,-28.5,89.0,129.5,-350.5,-50.0,-489.5,-88.5,196.0,107.0,-159.0,-422.0
2019-06-02,-46.5,71.0,111.5,-350.5,-50.0,-507.5,-88.5,178.0,89.0,-159.0,-422.0
2019-06-03,90.5,243.5,311.5,-350.5,-50.0,-335.0,-88.5,378.0,261.5,-159.0,-222.0
2019-06-04,-62.5,162.5,297.5,-350.5,-64.0,-349.0,-88.5,364.0,247.5,-159.0,-222.0
2019-06-05,-100.0,153.5,288.5,-350.5,87.0,-198.0,-88.5,344.5,238.5,-159.0,-222.0
2019-06-06,34.5,106.5,266.5,-350.5,40.0,-245.0,-88.5,322.5,191.5,-159.0,-222.0
2019-06-07,105.5,349.0,442.5,-350.5,231.5,-2.5,-88.5,498.5,367.5,-159.0,-237.5
2019-06-08,105.5,349.0,442.5,-350.5,231.5,-2.5,-88.5,498.5,367.5,-159.0,-237.5
2019-06-09,105.5,349.0,442.5,-350.5,231.5,-2.5,-88.5,498.5,367.5,-159.0,-237.5
2019-06-10,145.0,349.0,442.5,-350.5,231.5,-2.5,-88.5,498.5,367.5,-159.0,-237.5
2019-06-11,278.5,309.0,402.5,-359.5,231.5,-42.5,-97.5,480.5,327.5,-168.0,-246.5
2019-06-12,267.5,298.0,415.0,-383.0,244.0,-53.5,-97.5,480.5,316.5,-168.0,-270.0
2019-06-13,240.0,220.0,392.0,-383.0,221.5,-76.0,-97.5,480.5,271.0,-168.0,-270.0
2019-06-14,249.0,225.0,368.5,-383.0,198.0,-47.5,-97.5,480.5,247.5,-168.0,-241.5
2019-06-15,249.0,225.0,368.5,-383.0,198.0,-47.5,-97.5,480.5,247.5,-168.0,-241.5
2019-06-16,249.0,225.0,368.5,-383.0,198.0,-47.5,-97.5,480.5,247.5,-168.0,-241.5
2019-06-17,244.0,231.0,355.0,-363.5,198.0,-41.5,-97.5,467.0,253.5,-168.0,-232.5
2019-06-18,234.0,189.5,332.5,-390.5,198.0,-56.0,-97.5,459.0,231.0,-195.0,-259.5
2019-06-19,250.5,99.0,293.5,-401.5,185.5,-142.5,-108.5,435.5,192.0,-195.0,-270.5
2019-06-20,114.0,72.5,290.0,-401.5,182.0,-169.0,-108.5,432.0,165.5,-195.0,-270.5
2019-06-21,82.5,41.0,290.0,-433.0,150.5,-200.5,-108.5,432.0,165.5,-195.0,-302.0
2019-06-22,82.5,41.0,290.0,-433.0,150.5,-200.5,-108.5,432.0,165.5,-195.0,-302.0
2019-06-23,82.5,41.0,290.0,-433.0,150.5,-200.5,-108.5,432.0,165.5,-195.0,-302.0
2019-06-24,84.5,81.0,303.5,-430.5,190.5,-172.0,-108.5,445.5,179.0,-192.5,-299.5
2019-06-25,337.5,13.5,273.5,-430.5,175.5,-239.5,-108.5,430.5,149.0,-192.5,-299.5
2019-06-26,367.0,43.0,263.0,-401.0,142.0,-176.5,-108.5,420.0,138.5,-163.0,-270.0
2019-06-27,339.0,-3.0,257.5,-422.0,101.5,-226.5,-108.5,414.5,92.5,-163.0,-291.0
2019-06-28,377.0,-41.5,257.5,-422.0,90.5,-226.5,-108.5,414.5,92.5,-163.0,-291.0
2019-06-29,377.0,-41.5,257.5,-422.0,90.5,-226.5,-108.5,414.5,92.5,-163.0,-291.0
2019-06-30,377.0,-41.5,257.5,-422.0,90.5,-226.5,-108.5,414.5,92.5,-163.0,-291.0
2019-07-01,442.0,23.5,245.5,-422.0,167.5,-161.5,-108.5,402.5,80.5,-163.0,-291.0
2019-07-02,495.5,77.0,320.5,-438.5,151.0,-86.5,-125.0,386.0,134.0,-163.0,-307.5
2019-07-03,465.0,46.5,290.0,-438.5,130.5,-117.0,-125.0,355.5,103.5,-163.0,-317.5
2019-07-04,427.0,47.0,290.5,-438.5,130.5,-116.5,-125.0,356.0,104.0,-163.0,-329.0
2019-07-05,326.0,8.5,290.5,-438.5,92.0,-155.0,-125.0,356.0,104.0,-163.0,-329.0
2019-07-06,326.0,8.5,290.5,-438.5,92.0,-155.0,-125.0,356.0,104.0,-163.0,-329.0
2019-07-07,326.0,8.5,290.5,-438.5,92.0,-155.0,-125.0,356.0,104.0,-163.0,-329.0
2019-07-08,315.0,-6.0,276.0,-453.0,92.0,-169.5,-139.5,356.0,89.5,-163.0,-343.5
2019-07-09,233.5,-49.0,265.0,-453.0,92.0,-212.5,-139.5,345.0,70.5,-163.0,-354.5
2019-07-10,157.5,-91.5,250.5,-453.0,92.0,-240.5,-139.5,330.5,28.0,-163.0,-354.5
2019-07-11,87.0,-109.0,233.0,-470.5,92.0,-258.0,-157.0,313.0,10.5,-163.0,-372.0
2019-07-12,60.0,-124.5,217.5,-470.5,92.0,-273.5,-157.0,302.0,-5.0,-163.0,-387.5
2019-07-13,60.0,-124.5,217.5,-470.5,92.0,-273.5,-157.0,302.0,-5.0,-163.0,-387.5
2019-07-14,37.0,-147.5,217.5,-493.5,69.0,-273.5,-157.0,302.0,-5.0,-163.0,-410.5
2019-07-15,20.0,-164.5,200.5,-493.5,52.0,-290.5,-157.0,285.0,-22.0,-163.0,-410.5
2019-07-16,106.0,-78.5,188.5,-486.5,138.0,-204.5,-169.0,285.0,64.0,-163.0,-420.5
2019-07-17,87.5,-18.0,179.0,-486.5,138.0,-214.0,-169.0,275.5,54.5,-163.0,-420.5
2019-07-18,238.5,-44.0,153.0,-486.5,127.5,-240.0,-169.0,265.0,28.5,-163.0,-420.5
2019-07-19,108.0,-100.5,137.0,-527.0,127.5,-296.5,-169.0,249.0,12.5,-203.5,-461.0
2019-07-20,108.0,-100.5,137.0,-527.0,127.5,-296.5,-169.0,249.0,12.5,-203.5,-461.0
2019-07-21,108.0,-100.5,137.0,-527.0,127.5,-296.5,-169.0,249.0,12.5,-203.5,-461.0
2019-07-22,67.0,-141.5,96.0,-536.0,114.0,-319.0,-178.0,208.0,-28.5,-203.5,-470.0
2019-07-23,-27.0,-235.5,58.5,-536.0,76.5,-413.0,-178.0,178.0,-66.0,-203.5,-497.0
2019-07-24,-115.5,-311.5,41.5,-591.0,34.5,-489.0,-178.0,178.0,-104.0,-258.5,-552.0
2019-07-25,-190.5,-386.5,40.5,-625.0,-21.5,-564.0,-189.5,177.0,-149.0,-258.5,-575.5
2019-07-26,-118.5,-314.5,112.5,-553.0,-38.0,-492.0,-117.5,249.0,-77.0,-186.5,-503.5
2019-07-27,-118.5,-314.5,112.5,-553.0,-38.0,-492.0,-117.5,249.0,-77.0,-186.5,-503.5
2019-07-28,-118.5,-314.5,112.5,-553.0,-38.0,-492.0,-117.5,249.0,-77.0,-186.5,-503.5
2019-07-29,-72.0,-341.0,86.0,-553.0,-64.5,-518.5,-117.5,239.0,-103.5,-186.5,-503.5
2019-07-30,-60.5,-329.5,60.5,-530.0,-64.5,-530.0,-131.5,213.5,-129.0,-163.5,-492.0
2019-07-31,92.0,-177.0,213.0,-611.0,118.0,-360.0,-152.5,404.5,23.5,-223.5,-590.5
2019-08-01,676.0,172.5,602.0,-611.0,67.5,-10.5,-152.5,793.5,412.5,-223.5,-590.5
2019-08-02,841.0,372.5,802.0,-611.0,67.5,-10.5,-152.5,793.5,612.5,-223.5,-590.5
2019-08-03,841.0,372.5,802.0,-611.0,67.5,-10.5,-152.5,793.5,612.5,-223.5,-590.5
2019-08-04,1041.0,572.5,1002.0,-411.0,267.5,189.5,47.5,993.5,812.5,-223.5,-390.5
2019-08-05,709.0,420.0,977.5,-411.0,219.5,37.0,47.5,969.0,788.0,-223.5,-390.5
2019-08-06,619.5,330.5,888.0,-462.0,168.5,-52.5,-3.5,930.5,698.5,-223.5,-441.5
2019-08-07,339.5,179.5,737.0,-462.0,168.5,-175.5,-3.5,873.5,547.5,-223.5,-441.5
2019-08-08,446.5,355.0,912.5,-462.0,168.5,24.5,-3.5,1049.0,723.0,-223.5,-441.5
2019-08-09,548.5,346.5,904.0,-462.0,160.0,16.0,-3.5,1040.5,714.5,-223.5,-441.5
2019-08-10,548.5,346.5,904.0,-462.0,160.0,16.0,-3.5,1040.5,714.5,-223.5,-441.5
2019-08-11,548.5,293.0,904.0,-462.0,106.5,-37.5,-3.5,1040.5,714.5,-223.5,-441.5
2019-08-12,764.0,374.0,947.0,-462.0,202.5,5.5,-3.5,1083.5,795.5,-223.5,-345.5
2019-08-13,655.0,329.5,921.0,-462.0,202.5,-39.0,-3.5,1083.5,769.5,-223.5,-371.5
2019-08-14,319.0,329.5,921.0,-462.0,202.5,-39.0,-3.5,1083.5,769.5,-223.5,-371.5
2019-08-15,494.5,557.5,873.5,-462.0,202.5,-63.5,-3.5,1036.0,722.0,-223.5,-371.5
2019-08-16,344.0,499.5,815.5,-494.5,177.0,-121.5,-36.0,1010.5,664.0,-223.5,-429.5
2019-08-17,344.0,499.5,815.5,-494.5,177.0,-121.5,-36.0,1010.5,664.0,-223.5,-429.5
2019-08-18,318.5,474.0,790.0,-494.5,151.5,-147.0,-36.0,985.0,638.5,-223.5,-429.5
2019-08-19,333.5,463.0,779.0,-494.5,151.5,-147.0,-36.0,974.0,627.5,-223.5,-429.5
2019-08-20,259.0,406.0,745.5,-509.5,133.0,-185.5,-51.0,959.0,570.5,-223.5,-468.0
2019-08-21,142.0,376.5,745.5,-509.5,133.0,-185.5,-51.0,959.0,541.0,-223.5,-497.5
2019-08-22,21.0,321.0,734.5,-520.5,133.0,-196.5,-62.0,948.0,530.0,-223.5,-553.0
2019-08-23,-200.5,122.0,687.0,-520.5,71.0,-294.0,-62.0,900.5,482.5,-223.5,-553.0
2019-08-24,-200.5,122.0,687.0,-520.5,71.0,-294.0,-62.0,900.5,482.5,-223.5,-553.0
2019-08-25,-302.5,122.0,687.0,-520.5,71.0,-294.0,-62.0,900.5,482.5,-223.5,-553.0
2019-08-26,41.5,-17.0,687.0,-603.5,-41.0,-433.0,-62.0,900.5,426.5,-306.5,-636.0
2019-08-27,2.0,-56.5,647.5,-603.5,-69.0,-461.0,-62.0,900.5,387.0,-306.5,-664.0
2019-08-28,-32.0,-90.5,619.0,-655.5,-69.0,-495.0,-76.0,872.0,335.0,-344.5,-716.0
2019-08-29,-177.0,-204.0,595.5,-655.5,-69.0,-518.5,-76.0,872.0,311.5,-344.5,-716.0
2019-08-30,-266.0,-293.0,595.5,-655.5,-127.0,-549.5,-76.0,872.0,280.5,-344.5,-716.0
2019-08-31,-266.0,-293.0,595.5,-655.5,-127.0,-549.5,-76.0,872.0,280.5,-344.5,-716.0
2019-09-01,-278.0,-305.0,583.5,-655.5,-127.0,-561.5,-76.0,860.0,268.5,-344.5,-716.0
2019-09-02,-365.5,-372.0,516.5,-678.5,-127.0,-628.5,-99.0,839.5,201.5,-344.5,-739.0
2019-09-03,-457.5,-442.0,475.5,-678.5,-168.0,-698.5,-99.0,798.5,160.5,-344.5,-739.0
2019-09-04,-267.5,-252.0,665.5,-488.5,32.0,-508.5,91.0,988.5,350.5,-354.5,-549.0
2019-09-05,-324.5,-309.0,608.5,-510.5,10.0,-543.5,69.0,976.5,293.5,-376.5,-594.0
2019-09-06,-343.0,-346.0,576.5,-510.5,-3.5,-575.5,69.0,963.0,261.5,-376.5,-594.0
2019-09-07,-343.0,-346.0,576.5,-510.5,-3.5,-575.5,69.0,963.0,261.5,-376.5,-594.0
2019-09-08,-343.0,-346.0,576.5,-510.5,-3.5,-575.5,69.0,963.0,261.5,-376.5,-594.0
2019-09-09,-281.0,-285.5,560.5,-510.5,-19.5,-591.5,69.0,947.0,245.5,-376.5,-594.0
2019-09-10,-211.5,-402.0,587.0,-579.0,-76.5,-603.0,69.0,973.5,272.0,-376.5,-567.5
2019-09-11,-334.0,-290.0,740.0,-579.0,-76.5,-450.0,69.0,1126.5,425.0,-376.5,-597.5
2019-09-12,-352.0,-308.0,712.5,-579.0,-76.5,-452.0,69.0,1099.0,397.5,-376.5,-613.5
2019-09-13,-406.5,-342.0,678.5,-599.5,-76.5,-486.0,48.5,1086.5,363.5,-397.0,-635.0
2019-09-14,-406.5,-342.0,678.5,-599.5,-76.5,-486.0,48.5,1086.5,363.5,-397.0,-635.0
2019-09-15,-406.5,-391.0,678.5,-599.5,-125.5,-535.0,48.5,1086.5,363.5,-397.0,-635.0
2019-09-16,-310.5,-435.0,659.5,-599.5,-125.5,-579.0,48.5,1067.5,319.5,-397.0,-660.0
2019-09-17,-351.0,-357.5,767.5,-630.0,-136.5,-620.5,48.5,1056.5,427.5,-397.0,-690.5
2019-09-18,-265.5,-420.0,724.5,-630.0,-136.5,-683.0,48.5,1036.0,384.5,-397.0,-690.5
2019-09-19,-200.0,-343.5,706.5,-648.0,-60.0,-683.0,30.5,1018.0,366.5,-397.0,-708.5
2019-09-20,-380.5,-387.0,663.0,-648.0,-77.0,-726.5,30.5,974.5,323.0,-397.0,-719.5
2019-09-21,-380.5,-387.0,663.0,-648.0,-77.0,-726.5,30.5,974.5,323.0,-397.0,-719.5
2019-09-22,-380.5,-387.0,663.0,-648.0,-77.0,-726.5,30.5,974.5,323.0,-397.0,-719.5
2019-09-23,-341.0,-347.5,624.0,-648.0,-104.5,-755.5,30.5,964.5,362.5,-397.0,-719.5
2019-09-24,-542.0,-484.5,585.5,-682.5,-139.0,-892.5,30.5,953.0,304.5,-431.5,-818.0
2019-09-25,-578.5,-491.5,578.5,-482.5,-139.0,-899.5,30.5,946.0,297.5,-431.5,-618.0
2019-09-26,-615.5,-528.5,541.5,-482.5,-176.0,-936.5,30.5,929.0,260.5,-431.5,-618.0
2019-09-27,-560.5,-647.0,449.0,-482.5,-210.0,-1055.0,30.5,878.5,168.0,-431.5,-658.0
2019-09-28,-560.5,-647.0,449.0,-482.5,-210.0,-1055.0,30.5,878.5,168.0,-431.5,-658.0
2019-09-29,-560.5,-647.0,449.0,-482.5,-210.0,-1055.0,30.5,878.5,168.0,-431.5,-658.0
2019-09-30,-634.5,-697.5,398.5,-482.5,-222.5,-1105.5,30.5,850.5,117.5,-431.5,-673.5
2019-10-01,-433.5,-697.5,398.5,-482.5,-222.5,-1105.5,30.5,850.5,117.5,-431.5,-673.5
2019-10-02,-525.5,-729.0,367.0,-482.5,-222.5,-1137.0,30.5,819.0,86.0,-431.5,-673.5
2019-10-03,-343.0,-529.0,567.0,-482.5,-222.5,-937.0,30.5,1019.0,286.0,-431.5,-473.5
2019-10-04,-370.0,-529.0,567.0,-482.5,-222.5,-937.0,30.5,1019.0,286.0,-431.5,-473.5
2019-10-05,-370.0,-529.0,567.0,-482.5,-222.5,-937.0,30.5,1019.0,286.0,-431.5,-473.5
2019-10-06,-370.0,-529.0,567.0,-482.5,-222.5,-937.0,30.5,1019.0,286.0,-431.5,-473.5
2019-10-07,-332.0,-491.0,567.0,-444.5,-184.5,-899.0,30.5,1019.0,286.0,-431.5,-435.5
2019-10-08,-509.0,-500.0,558.0,-444.5,-193.5,-908.0,30.5,1010.0,277.0,-431.5,-435.5
2019-10-09,-660.0,-621.5,479.5,-444.5,-193.5,-1001.5,30.5,986.5,198.5,-431.5,-435.5
2019-10-10,-786.5,-773.0,435.0,-444.5,-295.5,-1153.0,30.5,942.0,127.0,-431.5,-435.5
2019-10-11,-937.5,-831.5,435.0,-444.5,-307.0,-1211.5,30.5,942.0,115.5,-431.5,-435.5
2019-10-12,-937.5,-831.5,435.0,-444.5,-307.0,-1211.5,30.5,942.0,115.5,-431.5,-435.5
2019-10-13,-937.5,-831.5,435.0,-444.5,-307.0,-1211.5,30.5,942.0,115.5,-431.5,-435.5
2019-10-14,-944.5,-838.5,456.5,-456.5,-285.5,-1218.5,18.5,913.5,108.5,-431.5,-397.5
2019-10-15,-1037.5,-900.0,420.5,-456.5,-311.0,-1280.0,18.5,913.5,72.5,-431.5,-397.5
2019-10-16,-1054.0,-916.5,420.5,-486.0,-327.5,-1296.5,18.5,913.5,52.0,-431.5,-427.0
2019-10-17,-1104.5,-930.5,406.5,-500.0,-327.5,-1310.5,4.5,899.5,38.0,-445.5,-441.0
2019-10-18,-1175.5,-879.0,395.0,-500.0,-276.0,-1259.0,4.5,888.0,89.5,-445.5,-454.5
2019-10-19,-1175.5,-879.0,395.0,-500.0,-276.0,-1259.0,4.5,888.0,89.5,-445.5,-454.5
2019-10-20,-1175.5,-879.0,395.0,-500.0,-276.0,-1259.0,4.5,888.0,89.5,-445.5,-454.5
2019-10-21,-1021.5,-725.0,379.5,-346.0,-122.0,-1177.5,4.5,872.5,171.0,-445.5,-300.5
2019-10-22,-848.5,-538.5,566.0,-373.0,72.5,-991.0,4.5,859.0,357.5,-445.5,-327.5
2019-10-23,-905.0,-595.0,546.5,-373.0,53.0,-1047.5,4.5,859.0,338.0,-445.5,-347.0
2019-10-24,-962.5,-595.0,546.5,-373.0,53.0,-1047.5,4.5,859.0,338.0,-445.5,-347.0
2019-10-25,-793.5,-413.0,728.5,-424.5,53.0,-865.5,4.5,844.5,520.0,-445.5,-398.5
2019-10-26,-793.5,-413.0,728.5,-424.5,53.0,-865.5,4.5,844.5,520.0,-445.5,-398.5
2019-10-27,-793.5,-413.0,728.5,-424.5,53.0,-865.5,4.5,844.5,520.0,-445.5,-398.5
2019-10-28,-799.0,-418.5,723.0,-424.5,53.0,-871.0,4.5,839.0,514.5,-445.5,-398.5
2019-10-29,-735.0,-300.5,841.0,-306.5,46.0,-760.5,122.5,832.0,632.5,-445.5,-280.5
2019-10-30,-605.5,-171.0,841.0,-306.5,175.5,-631.0,122.5,832.0,615.0,-445.5,-280.5
2019-10-31,-599.5,-126.0,812.5,-324.5,148.5,-559.0,104.5,821.5,586.5,-463.5,-298.5
2019-11-01,-528.0,-135.0,803.5,-333.5,148.5,-568.0,95.5,812.5,577.5,-463.5,-307.5
2019-11-02,-528.0,-135.0,803.5,-333.5,148.5,-568.0,95.5,812.5,577.5,-463.5,-307.5
2019-11-03,-528.0,-135.0,803.5,-333.5,148.5,-568.0,95.5,812.5,577.5,-463.5,-307.5
2019-11-04,-547.5,-151.5,775.0,-321.5,136.0,-571.5,95.5,784.0,561.0,-463.5,-299.5
2019-11-05,-626.0,-179.0,747.5,-331.0,136.0,-599.0,86.0,756.5,533.5,-463.5,-309.0
2019-11-06,-598.0,-125.5,801.0,-256.0,195.5,-545.5,161.0,735.0,587.0,-463.5,-242.5
2019-11-07,-538.0,-59.0,762.5,-256.0,151.0,-479.0,161.0,709.5,653.5,-463.5,-242.5
2019-11-08,-414.0,-125.0,733.0,-277.0,121.5,-500.0,161.0,697.0,603.0,-463.5,-276.0
2019-11-09,-414.0,-125.0,733.0,-277.0,121.5,-500.0,161.0,697.0,603.0,-463.5,-276.0
2019-11-10,-422.0,-133.0,725.0,-285.0,121.5,-508.0,153.0,689.0,595.0,-471.5,-284.0
2019-11-11,-380.0,-75.5,702.0,-285.0,179.0,-531.0,153.0,679.5,572.0,-471.5,-284.0
2019-11-12,-443.0,-115.0,692.0,-307.5,139.5,-570.5,153.0,669.5,562.0,-471.5,-306.5
2019-11-13,-454.5,-149.5,678.5,-307.5,139.5,-605.0,153.0,656.0,527.5,-471.5,-306.5
2019-11-14,-523.5,-257.0,633.5,-325.5,77.0,-668.0,153.0,630.0,464.5,-471.5,-343.5
2019-11-15,-427.5,-282.0,608.5,-350.5,68.5,-693.0,128.0,605.0,439.5,-471.5,-368.5
2019-11-16,-427.5,-282.0,608.5,-350.5,68.5,-693.0,128.0,605.0,439.5,-471.5,-368.5
2019-11-17,-427.5,-282.0,608.5,-350.5,68.5,-693.0,128.0,605.0,439.5,-471.5,-368.5
2019-11-18,-482.0,-296.5,613.5,-358.5,41.0,-715.5,120.0,597.0,444.5,-479.5,-368.5
2019-11-19,-439.0,-253.5,605.5,-358.5,84.0,-746.5,120.0,589.0,436.5,-479.5,-325.5
2019-11-20,-212.0,-121.0,605.5,-394.5,395.5,-814.0,120.0,589.0,436.5,-479.5,-361.5
2019-11-21,-213.0,-162.0,637.5,-394.5,421.5,-782.0,120.0,621.0,444.5,-479.5,-361.5
2019-11-22,-214.0,-171.5,628.0,-394.5,421.5,-791.5,120.0,611.5,435.0,-479.5,-361.5
2019-11-23,-214.0,-171.5,628.0,-394.5,421.5,-791.5,120.0,611.5,435.0,-479.5,-361.5
2019-11-24,-214.0,-171.5,628.0,-394.5,421.5,-791.5,120.0,611.5,435.0,-479.5,-361.5
2019-11-25,-343.5,-152.5,647.0,-394.5,421.5,-791.5,120.0,630.5,454.0,-479.5,-361.5
2019-11-26,-383.5,-192.5,624.0,-420.5,398.5,-814.5,111.0,611.0,431.0,-479.5,-387.5
2019-11-27,-416.0,-225.0,624.0,-420.5,366.0,-847.0,111.0,611.0,431.0,-479.5,-387.5
2019-11-28,-372.0,-184.0,619.0,-439.0,407.0,-847.0,111.0,606.0,426.0,-479.5,-406.0
2019-11-29,-372.0,-184.0,609.5,-439.0,397.5,-856.5,111.0,606.0,405.0,-479.5,-417.5
2019-11-30,-372.0,-184.0,609.5,-439.0,397.5,-856.5,111.0,606.0,405.0,-479.5,-417.5
2019-12-01,-349.0,-137.5,609.5,-439.0,397.5,-856.5,111.0,606.0,405.0,-479.5,-417.5
2019-12-02,-422.0,-203.5,598.5,-460.0,365.5,-893.5,111.0,606.0,394.0,-500.5,-449.5
2019-12-03,-619.5,-237.0,798.5,-260.0,365.5,-927.0,311.0,806.0,594.0,-500.5,-249.5
2019-12-04,-646.5,-264.0,806.5,-232.0,358.5,-947.0,339.0,814.0,602.0,-500.5,-221.5
2019-12-05,-643.5,-261.0,809.5,-262.5,361.5,-944.0,308.5,801.5,605.0,-518.5,-218.5
2019-12-06,-654.5,-272.0,798.5,-262.5,361.5,-955.0,308.5,790.5,594.0,-518.5,-229.5
2019-12-07,-654.5,-272.0,798.5,-262.5,361.5,-955.0,308.5,790.5,594.0,-518.5,-229.5
2019-12-08,-667.0,-284.5,786.0,-275.0,349.0,-967.5,296.0,778.0,581.5,-531.0,-242.0
2019-12-09,-721.5,-337.0,786.0,-275.0,325.5,-1020.0,296.0,778.0,581.5,-531.0,-242.0
2019-12-10,-661.5,-277.0,775.5,-275.0,443.5,-960.0,296.0,767.5,571.0,-531.0,-266.5
2019-12-11,-696.0,-311.5,817.5,-223.0,443.5,-970.0,348.0,809.5,613.0,-531.0,-291.0
2019-12-12,-561.5,-220.0,809.0,-164.5,478.5,-878.5,348.0,801.0,590.0,-531.0,-232.5
2019-12-13,-528.0,-229.5,799.5,-164.5,478.5,-888.0,348.0,791.5,580.5,-531.0,-232.5
2019-12-14,-528.0,-229.5,799.5,-164.5,478.5,-888.0,348.0,791.5,580.5,-531.0,-232.5
2019-12-15,-528.0,-229.5,799.5,-164.5,478.5,-888.0,348.0,791.5,580.5,-531.0,-232.5
2019-12-16,-510.5,-212.0,817.0,-164.5,478.5,-870.5,348.0,791.5,598.0,-531.0,-232.5
2019-12-17,-508.5,-193.0,817.0,-164.5,497.5,-870.5,348.0,791.5,598.0,-531.0,-232.5
2019-12-18,-564.0,-208.5,801.5,-164.5,497.5,-874.5,348.0,787.5,582.5,-531.0,-232.5
2019-12-19,-589.0,-233.5,776.5,-164.5,487.0,-899.5,348.0,773.0,557.5,-531.0,-237.0
2019-12-20,-595.5,-240.0,770.0,-175.0,487.0,-906.0,348.0,766.5,551.0,-531.0,-243.5
2019-12-21,-595.5,-240.0,770.0,-175.0,487.0,-906.0,348.0,766.5,551.0,-531.0,-243.5
2019-12-22,-595.5,-240.0,770.0,-175.0,487.0,-906.0,348.0,766.5,551.0,-531.0,-243.5
2019-12-23,-581.0,-225.5,756.5,-175.0,487.0,-891.5,348.0,753.0,537.5,-531.0,-251.0
2019-12-24,-605.5,-246.5,747.5,-175.0,487.0,-900.5,348.0,744.0,528.5,-531.0,-251.0
2019-12-25,-588.5,-246.5,747.5,-175.0,487.0,-900.5,348.0,744.0,528.5,-531.0,-251.0
2019-12-26,-588.5,-246.5,747.5,-175.0,487.0,-900.5,348.0,744.0,528.5,-531.0,-251.0
2019-12-27,-506.5,-164.5,747.5,-175.0,448.5,-911.5,348.0,744.0,517.0,-531.0,-238.5
2019-12-28,-506.5,-164.5,747.5,-175.0,448.5,-911.5,348.0,744.0,517.0,-531.0,-238.5
2019-12-29,-506.5,-164.5,747.5,-175.0,448.5,-911.5,348.0,744.0,517.0,-531.0,-238.5
2019-12-30,-556.5,-175.5,736.5,-186.0,448.5,-911.5,337.0,733.0,506.0,-531.0,-249.5
2019-12-31,-562.5,-181.5,730.5,-186.0,442.5,-917.5,337.0,727.0,500.0,-531.0,-249.5
2020-01-01,-562.5,-181.5,730.5,-186.0,442.5,-917.5,337.0,727.0,500.0,-531.0,-249.5
2020-01-02,-644.5,-223.0,706.0,-186.0,419.5,-959.0,337.0,721.0,458.5,-531.0,-266.5
2020-01-03,-589.0,-277.5,706.0,-214.5,419.5,-1013.5,337.0,721.0,432.5,-531.0,-295.0
2020-01-04,-589.0,-277.5,706.0,-214.5,419.5,-1013.5,337.0,721.0,432.5,-531.0,-295.0
2020-01-05,-589.0,-277.5,706.0,-214.5,419.5,-1013.5,337.0,721.0,432.5,-531.0,-295.0
2020-01-06,-330.0,-326.0,690.5,-214.5,419.5,-1062.0,337.0,705.5,384.0,-531.0,-295.0
2020-01-07,-513.0,-470.0,654.0,-214.5,395.0,-1166.0,337.0,693.5,347.5,-531.0,-319.5
2020-01-08,-444.5,-352.5,634.0,-214.5,512.5,-1206.5,337.0,673.5,307.0,-531.0,-339.5
2020-01-09,-496.5,-404.5,606.5,-214.5,474.5,-1258.5,337.0,646.0,255.0,-531.0,-377.5
2020-01-10,-396.5,-418.5,592.5,-228.5,453.5,-1272.5,323.0,632.0,241.0,-531.0,-391.5
2020-01-11,-396.5,-418.5,592.5,-228.5,453.5,-1272.5,323.0,632.0,241.0,-531.0,-391.5
2020-01-12,-396.5,-418.5,592.5,-228.5,453.5,-1272.5,323.0,632.0,241.0,-531.0,-391.5
2020-01-13,-442.5,-452.5,585.0,-228.5,446.0,-1280.0,323.0,624.5,233.5,-531.0,-418.0
2020-01-14,-514.5,-524.5,557.5,-306.0,385.0,-1352.0,310.0,611.5,180.0,-531.0,-495.5
2020-01-15,-592.5,-590.5,557.5,-306.0,385.0,-1418.0,310.0,611.5,180.0,-531.0,-495.5
2020-01-16,-604.5,-602.5,545.5,-306.0,385.0,-1430.0,310.0,599.5,168.0,-531.0,-495.5
2020-01-17,-629.5,-611.0,537.0,-306.0,376.5,-1438.5,310.0,591.0,159.5,-531.0,-495.5
2020-01-18,-629.5,-611.0,537.0,-306.0,376.5,-1438.5,310.0,591.0,159.5,-531.0,-495.5
2020-01-19,-629.5,-611.0,537.0,-306.0,376.5,-1438.5,310.0,591.0,159.5,-531.0,-495.5
2020-01-20,-621.5,-630.0,545.0,-298.0,349.5,-1430.5,318.0,599.0,167.5,-523.0,-487.5
2020-01-21,-649.5,-687.0,545.0,-317.5,330.0,-1487.5,318.0,599.0,134.0,-523.0,-507.0
2020-01-22,-736.0,-717.0,533.5,-329.0,318.5,-1506.0,306.5,587.5,104.0,-534.5,-518.5
2020-01-23,-630.5,-728.0,522.5,-329.0,318.5,-1517.0,306.5,576.5,93.0,-534.5,-531.0
2020-01-24,-789.5,-762.0,488.5,-347.0,299.0,-1551.0,288.5,551.0,59.0,-534.5,-565.0
2020-01-25,-789.5,-762.0,488.5,-347.0,299.0,-1551.0,288.5,551.0,59.0,-534.5,-565.0
2020-01-26,-870.5,-762.0,488.5,-347.0,299.0,-1551.0,288.5,551.0,59.0,-534.5,-565.0
2020-01-27,-1082.0,-831.5,488.5,-382.5,299.0,-1623.5,288.5,551.0,22.0,-534.5,-637.5
2020-01-28,-1194.0,-910.5,488.5,-415.5,299.0,-1702.5,288.5,551.0,-11.0,-567.5,-670.5
2020-01-29,-1261.5,-1014.5,472.5,-503.5,211.0,-1745.5,288.5,535.0,-54.0,-567.5,-758.5
2020-01-30,-1110.5,-845.5,432.0,-526.5,211.0,-1817.0,265.5,494.5,-94.5,-567.5,-781.5
2020-01-31,-1436.5,-868.5,409.0,-549.5,188.0,-1840.0,242.5,471.5,-117.5,-567.5,-804.5
2020-02-01,-1436.5,-868.5,409.0,-549.5,188.0,-1840.0,242.5,471.5,-117.5,-567.5,-804.5
2020-02-02,-1518.5,-950.5,376.5,-582.0,188.0,-1872.5,210.0,439.0,-199.5,-567.5,-837.0
2020-02-03,-1643.0,-1063.0,317.5,-635.0,383.5,-1985.0,210.0,616.5,-258.5,-616.5,-890.5
2020-02-04,-1713.5,-1133.5,283.0,-671.0,347.5,-2055.5,210.0,616.5,-329.0,-652.5,-926.5
2020-02-05,-1428.5,-949.0,245.0,-671.0,547.5,-1871.0,210.0,578.5,-367.0,-652.5,-926.5
2020-02-06,-1505.0,-1025.5,232.5,-671.0,506.5,-1947.5,210.0,555.5,-415.0,-652.5,-939.0
2020-02-07,-1390.0,-910.5,347.5,-671.0,495.5,-2020.5,210.0,555.5,-300.0,-652.5,-950.0
2020-02-08,-1390.0,-910.5,347.5,-671.0,495.5,-2020.5,210.0,555.5,-300.0,-652.5,-950.0
2020-02-09,-1390.0,-910.5,347.5,-671.0,495.5,-2020.5,210.0,555.5,-300.0,-652.5,-950.0
2020-02-10,-1470.5,-961.5,296.5,-671.0,472.5,-2071.5,210.0,513.0,-351.0,-652.5,-950.0
2020-02-11,-1617.0,-1108.0,282.5,-700.0,369.0,-2218.0,210.0,499.0,-392.5,-652.5,-1055.0
2020-02-12,-1536.0,-1027.0,391.0,-700.0,490.0,-2137.0,210.0,607.5,-311.5,-652.5,-1055.0
2020-02-13,-1417.5,-908.5,359.5,-548.0,408.5,-2259.0,195.5,576.0,-376.5,-652.5,-903.0
2020-02-14,-1438.0,-929.0,338.0,-548.0,430.5,-2279.5,195.5,576.0,-397.0,-652.5,-965.0
2020-02-15,-1438.0,-929.0,338.0,-548.0,430.5,-2279.5,195.5,576.0,-397.0,-652.5,-965.0
2020-02-16,-1438.0,-929.0,338.0,-548.0,430.5,-2279.5,195.5,576.0,-397.0,-652.5,-965.0
2020-02-17,-1517.5,-963.0,304.0,-548.0,430.5,-2313.5,195.5,566.0,-431.0,-652.5,-965.0
2020-02-18,-1344.5,-971.0,296.0,-548.0,430.5,-2321.5,195.5,558.0,-439.0,-652.5,-965.0
2020-02-19,-1392.5,-1019.0,248.0,-548.0,430.5,-2369.5,195.5,529.0,-487.0,-652.5,-978.0
2020-02-20,-1409.5,-1036.0,231.0,-548.0,413.5,-2386.5,195.5,529.0,-504.0,-652.5,-978.0
2020-02-21,-1392.5,-1079.5,231.0,-548.0,413.5,-2430.0,195.5,529.0,-504.0,-652.5,-978.0
2020-02-22,-1392.5,-1079.5,231.0,-548.0,413.5,-2430.0,195.5,529.0,-504.0,-652.5,-978.0
2020-02-23,-1392.5,-1079.5,231.0,-548.0,413.5,-2430.0,195.5,529.0,-504.0,-652.5,-978.0
2020-02-24,-1337.5,-958.0,395.5,-548.0,413.5,-2308.5,195.5,729.0,-339.5,-652.5,-978.0
2020-02-25,-1593.0,-1053.0,371.0,-548.0,389.0,-2403.5,195.5,704.5,-364.0,-652.5,-978.0
2020-02-26,-1393.0,-784.5,556.5,-148.0,389.0,-2218.0,395.5,890.0,-178.5,-452.5,-578.0
2020-02-27,-1238.0,-406.5,534.5,-348.0,389.0,-2040.0,395.5,881.0,-200.5,-452.5,-791.0
2020-02-28,-857.5,127.5,468.5,-348.0,389.0,-1906.0,395.5,815.0,-266.5,-452.5,-391.0
2020-02-29,-857.5,127.5,468.5,-348.0,389.0,-1906.0,395.5,815.0,-266.5,-452.5,-391.0
2020-03-01,-857.5,127.5,468.5,-348.0,389.0,-1906.0,395.5,815.0,-266.5,-452.5,-391.0
2020-03-02,-333.0,433.5,574.5,-348.0,589.0,-1600.0,395.5,921.0,-160.5,-452.5,-216.5
2020-03-03,-876.5,-76.5,464.5,-348.0,589.0,-1910.0,395.5,811.0,-270.5,-452.5,-216.5
2020-03-04,-770.0,30.0,664.5,-348.0,789.0,-1710.0,395.5,1011.0,-70.5,-452.5,-16.5
2020-03-05,-1064.0,119.0,553.5,-348.0,935.0,-1621.0,395.5,900.0,-181.5,-452.5,-70.5
2020-03-06,-1630.5,70.5,420.5,-348.0,935.0,-1669.5,395.5,819.0,-314.5,-452.5,-70.5
2020-03-07,-1630.5,70.5,420.5,-348.0,935.0,-1669.5,395.5,819.0,-314.5,-452.5,-70.5
2020-03-08,-1854.0,70.5,420.5,-348.0,935.0,-1669.5,395.5,819.0,-314.5,-452.5,-70.5
2020-03-09,-2145.5,-212.0,420.5,-348.0,818.0,-1952.0,395.5,819.0,-399.5,-452.5,-70.5
2020-03-10,-1913.0,-59.0,373.5,-148.0,971.0,-1799.0,395.5,772.0,-446.5,-452.5,82.5
2020-03-11,-1913.0,141.0,373.5,-148.0,971.0,-1599.0,395.5,772.0,-446.5,-452.5,282.5
2020-03-12,-2194.0,20.5,253.0,52.0,971.0,-1719.5,595.5,694.0,-567.0,-252.5,378.0
2020-03-13,-2194.0,20.5,253.0,52.0,971.0,-1719.5,595.5,694.0,-567.0,-252.5,378.0
2020-03-14,-2194.0,20.5,253.0,52.0,971.0,-1719.5,595.5,694.0,-567.0,-252.5,378.0
2020-03-15,-2194.0,20.5,253.0,52.0,971.0,-1719.5,595.5,694.0,-567.0,-252.5,378.0
2020-03-16,-2322.0,-307.5,125.0,52.0,971.0,-2047.5,595.5,694.0,-695.0,-252.5,378.0
2020-03-17,-2122.0,-507.5,125.0,52.0,771.0,-2047.5,595.5,694.0,-695.0,-252.5,178.0
2020-03-18,-2322.0,-107.5,125.0,252.0,971.0,-1647.5,595.5,694.0,-495.0,-52.5,378.0
2020-03-19,-1922.0,-107.5,125.0,252.0,971.0,-1647.5,595.5,694.0,-495.0,-52.5,378.0
2020-03-20,-1880.0,113.0,525.0,252.0,791.5,-1247.5,595.5,1094.0,-274.5,-52.5,198.5
2020-03-21,-1880.0,113.0,525.0,252.0,791.5,-1247.5,595.5,1094.0,-274.5,-52.5,198.5
2020-03-22,-1680.0,313.0,725.0,252.0,991.5,-1047.5,595.5,1294.0,-74.5,-52.5,398.5
2020-03-23,-434.0,1113.0,1125.0,252.0,1191.5,-247.5,595.5,1294.0,525.5,-52.5,598.5
2020-03-24,-440.0,1157.0,1169.0,252.0,1035.5,-203.5,595.5,1338.0,569.5,-52.5,598.5
2020-03-25,-379.0,1018.0,955.0,252.0,613.5,-375.0,595.5,1241.0,555.5,-52.5,344.0
2020-03-26,-748.0,935.5,872.5,252.0,531.0,-457.5,595.5,1158.5,473.0,-52.5,261.5
2020-03-27,-241.5,1135.5,872.5,252.0,731.0,-257.5,595.5,1158.5,673.0,-52.5,261.5
2020-03-28,-241.5,1135.5,872.5,252.0,731.0,-257.5,595.5,1158.5,673.0,-52.5,261.5
2020-03-29,-441.5,1135.5,872.5,252.0,731.0,-257.5,595.5,1158.5,673.0,-52.5,261.5
2020-03-30,-1137.0,1320.5,857.5,252.0,916.0,-272.5,595.5,1143.5,658.0,-52.5,261.5
2020-03-31,-1174.0,1283.5,820.5,252.0,916.0,-309.5,595.5,1106.5,621.0,-52.5,261.5
2020-04-01,-1484.5,1094.0,681.5,139.0,789.0,-386.0,533.0,1106.5,431.5,-115.0,72.0
2020-04-02,-1448.5,839.5,681.5,139.0,703.5,-544.5,533.0,1106.5,361.0,-115.0,-24.0
2020-04-03,-1610.0,784.0,626.0,139.0,703.5,-600.0,533.0,1051.0,305.5,-115.0,-24.0
2020-04-04,-1610.0,784.0,626.0,139.0,703.5,-600.0,533.0,1051.0,305.5,-115.0,-24.0
2020-04-05,-1938.5,655.5,626.0,139.0,703.5,-600.0,533.0,1051.0,305.5,-115.0,-24.0
2020-04-06,-2041.0,553.0,599.5,139.0,703.5,-702.5,533.0,1024.5,203.0,-115.0,-24.0
2020-04-07,-1738.0,656.0,483.5,139.0,703.5,-599.5,533.0,977.5,87.0,-115.0,-52.0
2020-04-08,-1316.5,334.5,412.5,139.0,574.5,-599.5,533.0,977.5,16.0,-115.0,-123.0
2020-04-09,-1488.0,351.0,292.0,76.0,391.0,-520.0,470.0,977.5,-167.5,-178.0,-243.5
2020-04-10,-1488.0,351.0,292.0,76.0,391.0,-520.0,470.0,977.5,-167.5,-178.0,-243.5
2020-04-11,-1488.0,351.0,292.0,76.0,391.0,-520.0,470.0,977.5,-167.5,-178.0,-243.5
2020-04-12,-1652.5,351.0,292.0,76.0,391.0,-520.0,470.0,977.5,-167.5,-178.0,-243.5
2020-04-13,-1621.0,382.5,217.0,76.0,295.5,-320.0,470.0,902.5,-242.5,-178.0,-43.5
2020-04-14,-1991.0,210.5,134.5,-13.5,123.5,-492.0,470.0,820.0,-325.0,-267.5,-133.0
2020-04-15,-1822.0,379.5,134.5,-13.5,1.5,-263.5,470.0,820.0,-125.0,-267.5,-192.5
2020-04-16,-1896.0,579.5,134.5,-13.5,201.5,-263.5,470.0,820.0,-125.0,-267.5,7.5
2020-04-17,-1499.0,779.5,33.0,-13.5,401.5,-63.5,470.0,718.5,-226.5,-267.5,-44.5
2020-04-18,-1499.0,779.5,33.0,-13.5,401.5,-63.5,470.0,718.5,-226.5,-267.5,-44.5
2020-04-19,-1299.0,979.5,33.0,-13.5,401.5,136.5,470.0,718.5,-226.5,-267.5,-44.5
2020-04-20,-980.0,1149.5,3.0,-13.5,571.5,106.5,470.0,688.5,-256.5,-267.5,-44.5
2020-04-21,-400.5,1324.5,-31.0,-13.5,797.0,281.5,470.0,654.5,-341.0,-267.5,15.0
2020-04-22,27.5,1451.0,169.0,-13.5,997.0,481.5,470.0,854.5,-214.5,-267.5,215.0
2020-04-23,-186.0,1369.0,169.0,-95.5,915.0,399.5,470.0,854.5,-214.5,-267.5,133.0
2020-04-24,-67.0,1217.5,98.5,104.5,800.5,366.0,433.0,784.0,-285.0,-267.5,333.0
2020-04-25,-67.0,1217.5,98.5,104.5,800.5,366.0,433.0,784.0,-285.0,-267.5,333.0
2020-04-26,-67.0,1217.5,98.5,104.5,800.5,366.0,433.0,784.0,-285.0,-267.5,333.0
2020-04-27,14.0,1298.5,179.5,104.5,918.5,447.0,433.0,902.0,-204.0,-267.5,267.0
2020-04-28,204.5,1301.5,114.5,104.5,986.5,450.0,433.0,871.5,-319.5,-267.5,267.0
2020-04-29,-32.5,1202.5,15.5,104.5,944.0,351.0,433.0,815.0,-418.5,-267.5,247.5
2020-04-30,-38.0,1197.0,10.0,8.0,1001.0,345.5,336.5,842.0,-424.0,-267.5,274.5
2020-05-01,-404.5,1101.0,-40.5,-42.5,988.5,249.5,286.0,842.0,-436.5,-267.5,262.0
2020-05-02,-404.5,1101.0,-40.5,-42.5,988.5,249.5,286.0,842.0,-436.5,-267.5,262.0
2020-05-03,-404.5,1301.0,159.5,-42.5,1188.5,449.5,286.0,842.0,-236.5,-267.5,262.0
2020-05-04,-46.0,1501.0,359.5,-42.5,1388.5,649.5,286.0,1042.0,-36.5,-267.5,225.5
2020-05-05,-239.5,1361.0,318.0,-42.5,1347.0,509.5,286.0,1042.0,-78.0,-267.5,184.0
2020-05-06,-376.5,1312.0,318.0,-42.5,1347.0,460.5,286.0,1042.0,-127.0,-267.5,184.0
2020-05-07,-49.5,1312.0,318.0,-42.5,1347.0,460.5,286.0,1042.0,-127.0,-267.5,184.0
2020-05-08,-246.0,1282.0,272.5,-42.5,1301.5,430.5,286.0,996.5,-172.5,-267.5,169.5
2020-05-09,-246.0,1282.0,272.5,-42.5,1301.5,430.5,286.0,996.5,-172.5,-267.5,169.5
2020-05-10,-246.0,1282.0,272.5,-42.5,1301.5,430.5,286.0,996.5,-172.5,-267.5,169.5
2020-05-11,-349.5,1445.0,472.5,-42.5,1301.5,593.5,286.0,1196.5,-9.5,-267.5,169.5
2020-05-12,-447.0,1479.0,472.5,-42.5,1175.0,627.5,286.0,1196.5,-49.0,-267.5,169.5
2020-05-13,-551.0,1367.0,360.5,-76.5,1133.5,515.5,252.0,1126.0,-161.0,-267.5,94.0
2020-05-14,-965.0,1165.5,235.5,-116.5,1105.5,354.0,212.0,1058.0,-286.0,-307.5,54.0
2020-05-15,-1125.5,1365.5,235.5,-116.5,1105.5,354.0,212.0,1058.0,-286.0,-307.5,54.0
2020-05-16,-1125.5,1365.5,235.5,-116.5,1105.5,354.0,212.0,1058.0,-286.0,-307.5,54.0
2020-05-17,-1125.5,1365.5,235.5,-116.5,1105.5,354.0,212.0,1058.0,-286.0,-307.5,54.0
2020-05-18,-1534.0,1242.5,112.5,-116.5,1039.5,231.0,212.0,1023.0,-409.0,-307.5,-12.0
2020-05-19,-1236.0,1545.5,112.5,-116.5,1400.0,534.0,212.0,1023.0,-248.5,-307.5,188.0
2020-05-20,-1463.5,1713.0,280.0,-150.0,1407.5,701.5,178.5,999.5,-81.0,-307.5,154.5
2020-05-21,-1409.5,1853.0,220.0,50.0,1547.5,841.5,178.5,999.5,-141.0,-307.5,294.5
2020-05-22,-1595.5,1962.0,220.0,50.0,1656.5,841.5,178.5,999.5,-141.0,-307.5,294.5
2020-05-23,-1595.5,1962.0,220.0,50.0,1656.5,841.5,178.5,999.5,-141.0,-307.5,294.5
2020-05-24,-1612.5,1945.0,203.0,33.0,1639.5,824.5,161.5,982.5,-158.0,-307.5,277.5
2020-05-25,-1750.5,1863.5,200.5,33.0,1639.5,743.0,161.5,971.0,-160.5,-307.5,286.5
2020-05-26,-1828.0,1790.0,178.0,33.0,1566.0,692.0,161.5,971.0,-183.0,-307.5,264.0
2020-05-27,-1752.5,1937.5,125.5,33.0,1513.5,639.5,161.5,949.0,-235.5,-307.5,242.0
2020-05-28,-1654.5,1898.5,86.5,33.0,1513.5,600.5,161.5,910.0,-274.5,-307.5,203.0
2020-05-29,-1632.0,1806.0,49.5,33.0,1458.0,508.0,161.5,873.0,-367.0,-307.5,110.5
2020-05-30,-1632.0,1806.0,49.5,33.0,1458.0,508.0,161.5,873.0,-367.0,-307.5,110.5
2020-05-31,-1632.0,1806.0,49.5,33.0,1458.0,508.0,161.5,873.0,-367.0,-307.5,110.5
2020-06-01,-1380.0,1689.0,-67.5,33.0,1341.0,391.0,161.5,800.0,-484.0,-307.5,110.5
2020-06-02,-1441.5,1627.5,-129.0,33.0,1279.5,329.5,161.5,738.5,-545.5,-307.5,90.0
2020-06-03,-1416.0,1653.0,-164.0,33.0,1174.0,258.5,161.5,738.5,-520.0,-307.5,54.5
2020-06-04,-1614.0,1490.5,-187.0,33.0,1053.5,132.5,161.5,715.5,-585.0,-307.5,54.5
2020-06-05,-1678.5,1490.5,-187.0,33.0,1053.5,132.5,161.5,715.5,-585.0,-307.5,54.5
2020-06-06,-1678.5,1490.5,-187.0,33.0,1053.5,132.5,161.5,715.5,-585.0,-307.5,54.5
2020-06-07,-1678.5,1490.5,-187.0,33.0,1053.5,132.5,161.5,715.5,-585.0,-307.5,54.5
2020-06-08,-1838.5,1354.5,-239.5,33.0,969.0,33.5,161.5,700.0,-673.5,-307.5,17.5
2020-06-09,-1597.0,1338.0,-256.0,33.0,969.0,17.0,161.5,683.5,-690.0,-307.5,17.5
2020-06-10,-1762.0,1186.0,-300.5,233.0,869.5,-66.0,161.5,639.0,-734.5,-107.5,-27.0
2020-06-11,-2236.5,965.0,-300.5,233.0,717.5,-287.0,161.5,639.0,-734.5,-107.5,-96.0
2020-06-12,-2591.5,810.0,-336.5,233.0,717.5,-323.0,161.5,603.0,-770.5,-107.5,-96.0
2020-06-13,-2591.5,810.0,-336.5,233.0,717.5,-323.0,161.5,603.0,-770.5,-107.5,-96.0
2020-06-14,-2816.0,585.5,-361.0,233.0,517.5,-347.5,161.5,578.5,-795.0,-107.5,-120.5
2020-06-15,-2471.5,420.0,-361.0,233.0,462.0,-457.5,161.5,578.5,-795.0,-107.5,-120.5
2020-06-16,-2555.5,275.5,-467.0,384.5,462.0,-602.0,313.0,778.5,-901.0,-107.5,-265.0
2020-06-17,-2505.0,475.5,-520.5,384.5,408.5,-652.0,313.0,778.5,-954.5,-107.5,-265.0
2020-06-18,-2524.5,456.0,-565.0,384.5,389.0,-606.0,313.0,778.5,-999.0,-107.5,-265.0
2020-06-19,-2340.0,642.5,-378.5,584.5,389.0,-419.5,513.0,765.0,-812.5,-107.5,-65.0
2020-06-20,-2340.0,642.5,-378.5,584.5,389.0,-419.5,513.0,765.0,-812.5,-107.5,-65.0
2020-06-21,-2340.0,642.5,-378.5,584.5,389.0,-419.5,513.0,765.0,-812.5,-107.5,-65.0
2020-06-22,-2645.0,519.5,-378.5,461.5,589.0,-419.5,513.0,765.0,-612.5,-183.0,-188.0
2020-06-23,-2192.0,498.5,-436.5,461.5,626.0,-440.5,513.0,745.0,-670.5,-183.0,-188.0
2020-06-24,-1643.0,599.5,-277.0,421.0,785.5,-339.5,472.5,745.0,-569.5,-183.0,-228.5
2020-06-25,-1362.5,620.5,-162.5,421.0,736.0,-339.5,472.5,709.0,-455.0,-183.0,-228.5
2020-06-26,-857.5,499.0,-185.5,421.0,637.5,-461.0,472.5,686.0,-478.0,-183.0,-251.5
2020-06-27,-857.5,499.0,-185.5,421.0,637.5,-461.0,472.5,686.0,-478.0,-183.0,-251.5
2020-06-28,-657.5,699.0,-185.5,621.0,637.5,-261.0,472.5,686.0,-478.0,17.0,-51.5
2020-06-29,-632.5,524.0,-296.5,621.0,525.5,-436.0,472.5,623.0,-589.0,17.0,-51.5
2020-06-30,-861.5,477.5,-337.5,621.0,520.0,-482.5,472.5,623.0,-677.0,17.0,-51.5
2020-07-01,-1132.0,455.5,-359.5,621.0,498.0,-504.5,472.5,601.0,-699.0,17.0,-51.5
2020-07-02,-1297.5,290.0,-393.0,489.0,498.0,-630.0,472.5,601.0,-732.5,-75.0,-183.5
2020-07-03,-1297.5,290.0,-415.0,489.0,498.0,-652.0,472.5,579.0,-732.5,-75.0,-183.5
2020-07-04,-1297.5,290.0,-415.0,489.0,498.0,-652.0,472.5,579.0,-732.5,-75.0,-183.5
2020-07-05,-1257.0,330.5,-415.0,489.0,538.5,-682.0,472.5,579.0,-692.0,-75.0,-183.5
2020-07-06,-1257.0,330.5,-415.0,489.0,538.5,-682.0,472.5,579.0,-692.0,-75.0,-183.5
2020-07-07,-1151.0,530.5,-415.0,489.0,738.5,-733.5,472.5,579.0,-692.0,-75.0,-183.5
2020-07-08,-1231.5,433.0,-443.0,489.0,669.0,-761.5,472.5,551.0,-720.0,-75.0,-183.5
2020-07-09,-1343.0,361.5,-514.5,460.5,640.5,-833.0,444.0,522.5,-791.5,-75.0,-212.0
2020-07-10,-1458.5,246.0,-557.0,460.5,614.0,-948.5,444.0,480.0,-834.0,-75.0,-238.5
2020-07-11,-1458.5,246.0,-557.0,460.5,614.0,-948.5,444.0,480.0,-834.0,-75.0,-238.5
2020-07-12,-1458.5,246.0,-557.0,460.5,614.0,-948.5,444.0,480.0,-834.0,-75.0,-238.5
2020-07-13,-1792.5,100.5,-600.5,442.0,487.0,-1094.0,425.5,436.5,-877.5,-75.0,-359.0
2020-07-14,-2097.5,146.0,-664.5,442.0,416.0,-1048.5,425.5,372.5,-948.5,-75.0,-423.0
2020-07-15,-2079.5,149.5,-661.0,442.0,416.0,-1001.5,425.5,290.5,-945.0,-75.0,-461.5
2020-07-16,-1854.5,349.5,-461.0,442.0,416.0,-801.5,425.5,490.5,-745.0,-75.0,-461.5
2020-07-17,-1908.5,295.5,-493.0,388.0,384.0,-833.5,425.5,458.5,-799.0,-75.0,-515.5
2020-07-18,-1908.5,295.5,-493.0,388.0,384.0,-833.5,425.5,458.5,-799.0,-75.0,-515.5
2020-07-19,-1946.5,257.5,-531.0,388.0,346.0,-871.5,425.5,458.5,-837.0,-75.0,-553.5
2020-07-20,-2469.5,202.5,-586.0,388.0,291.0,-926.5,425.5,434.5,-892.0,-75.0,-577.5
2020-07-21,-2495.0,177.0,-611.5,362.5,291.0,-952.0,400.0,409.0,-917.5,-75.0,-603.0
2020-07-22,-2210.5,328.5,-645.5,362.5,337.0,-800.5,400.0,375.0,-951.5,-75.0,-617.5
2020-07-23,-2191.5,433.5,-445.5,267.5,537.0,-895.5,400.0,575.0,-751.5,-170.0,-712.5
2020-07-24,-2088.5,674.0,-405.0,267.5,517.0,-655.0,400.0,555.0,-511.0,-170.0,-652.0
2020-07-25,-2088.5,674.0,-405.0,267.5,517.0,-655.0,400.0,555.0,-511.0,-170.0,-652.0
2020-07-26,-2149.5,674.0,-405.0,267.5,517.0,-655.0,400.0,555.0,-511.0,-170.0,-652.0
2020-07-27,-2339.5,533.0,-421.0,267.5,376.0,-796.0,400.0,539.0,-527.0,-170.0,-652.0
2020-07-28,-2608.0,664.5,-489.5,267.5,307.5,-841.0,400.0,515.5,-395.5,-170.0,-675.5
2020-07-29,-2742.0,615.5,-582.5,267.5,275.0,-847.5,400.0,465.0,-488.5,-170.0,-675.5
2020-07-30,-3112.5,551.5,-646.5,267.5,211.0,-911.5,400.0,401.0,-552.5,-170.0,-699.0
2020-07-31,-2695.5,690.0,-446.5,467.5,211.0,-911.5,600.0,401.0,-414.0,-170.0,-499.0
2020-08-01,-2695.5,690.0,-446.5,467.5,211.0,-911.5,600.0,401.0,-414.0,-170.0,-499.0
2020-08-02,-2695.5,690.0,-446.5,467.5,211.0,-911.5,600.0,401.0,-414.0,-170.0,-499.0
2020-08-03,-2680.5,733.5,-522.5,467.5,211.0,-868.0,600.0,401.0,-370.5,-170.0,-532.5
2020-08-04,-2535.0,593.0,-571.0,434.0,162.5,-916.5,566.5,352.5,-419.0,-170.0,-588.5
2020-08-05,-2450.5,571.0,-555.0,417.0,197.5,-912.5,549.5,321.5,-441.0,-187.0,-532.5
2020-08-06,-2552.0,520.5,-605.5,392.5,197.5,-963.0,525.0,297.0,-491.5,-211.5,-557.0
2020-08-07,-2578.5,408.0,-605.5,316.5,85.0,-1075.5,525.0,297.0,-528.0,-211.5,-633.0
2020-08-08,-2578.5,408.0,-605.5,316.5,85.0,-1075.5,525.0,297.0,-528.0,-211.5,-633.0
2020-08-09,-2578.5,408.0,-605.5,316.5,85.0,-1075.5,525.0,297.0,-528.0,-211.5,-633.0
2020-08-10,-2404.5,582.0,-631.5,290.5,85.0,-901.5,499.0,271.0,-554.0,-237.5,-659.0
2020-08-11,-2257.0,529.5,-684.0,290.5,52.0,-954.0,499.0,251.5,-606.5,-237.5,-659.0
2020-08-12,-2530.5,484.0,-729.5,264.0,22.0,-999.5,472.5,206.0,-652.0,-264.0,-701.0
2020-08-13,-2509.5,626.0,-752.0,217.5,164.0,-857.5,472.5,183.5,-474.5,-264.0,-501.0
2020-08-14,-2402.5,826.0,-752.0,217.5,364.0,-657.5,472.5,183.5,-474.5,-264.0,-501.0
2020-08-15,-2402.5,826.0,-752.0,217.5,364.0,-657.5,472.5,183.5,-474.5,-264.0,-501.0
2020-08-16,-2402.5,826.0,-752.0,217.5,364.0,-657.5,472.5,183.5,-474.5,-264.0,-501.0
2020-08-17,-2517.0,826.0,-752.0,217.5,364.0,-657.5,472.5,183.5,-474.5,-264.0,-501.0
2020-08-18,-2623.5,737.5,-790.5,190.5,364.0,-729.0,472.5,145.0,-536.0,-264.0,-549.5
2020-08-19,-2694.5,666.5,-814.0,119.5,316.5,-800.0,449.0,121.5,-559.5,-335.0,-620.5
2020-08-20,-2752.0,609.0,-871.5,82.5,490.0,-857.5,412.0,74.5,-617.0,-372.0,-657.5
2020-08-21,-2734.0,627.0,-891.5,82.5,452.5,-839.5,412.0,54.5,-637.0,-372.0,-619.5
2020-08-22,-2734.0,627.0,-891.5,82.5,452.5,-839.5,412.0,54.5,-637.0,-372.0,-619.5
2020-08-23,-2734.0,627.0,-891.5,82.5,452.5,-839.5,412.0,54.5,-637.0,-372.0,-619.5
2020-08-24,-2423.5,775.5,-891.5,31.0,452.5,-691.0,412.0,54.5,-437.0,-423.5,-671.0
2020-08-25,-2303.0,954.0,-920.0,31.0,652.5,-512.5,412.0,26.0,-465.5,-423.5,-671.0
2020-08-26,-1942.0,915.0,-959.0,24.5,631.5,-551.5,405.5,-13.0,-504.5,-430.0,-695.5
2020-08-27,-1952.5,886.5,-987.5,24.5,603.0,-580.0,405.5,-41.5,-533.0,-430.0,-733.0
2020-08-28,-1924.0,915.0,-987.5,24.5,684.5,-551.5,405.5,-41.5,-533.0,-430.0,-733.0
2020-08-29,-1924.0,915.0,-987.5,24.5,684.5,-551.5,405.5,-41.5,-533.0,-430.0,-733.0
2020-08-30,-2008.0,915.0,-987.5,24.5,684.5,-551.5,405.5,-41.5,-533.0,-430.0,-733.0
2020-08-31,-2121.5,801.5,-1051.0,24.5,632.5,-615.0,405.5,-78.5,-646.5,-430.0,-744.5
2020-09-01,-2161.0,762.0,-1090.5,-2.5,620.0,-654.5,378.5,-118.0,-686.0,-457.0,-771.5
2020-09-02,-2267.5,701.5,-1178.0,-90.0,532.5,-687.0,291.0,-169.0,-746.5,-485.0,-859.0
2020-09-03,-2232.0,769.5,-1249.5,-90.0,695.0,-581.5,291.0,-240.5,-818.0,-485.0,-953.5
2020-09-04,-1154.0,715.0,-1249.5,-223.5,780.5,-496.0,291.0,-240.5,-618.0,-485.0,-1087.0
2020-09-05,-1154.0,715.0,-1249.5,-223.5,780.5,-496.0,291.0,-240.5,-618.0,-485.0,-1087.0
2020-09-06,-1354.0,515.0,-1249.5,-223.5,780.5,-496.0,291.0,-240.5,-618.0,-485.0,-1087.0
2020-09-07,-1358.0,511.0,-1253.5,-315.5,931.5,-500.0,199.0,-244.5,-622.0,-485.0,-1028.0
2020-09-08,-1364.5,584.0,-1253.5,-315.5,1131.5,-300.0,199.0,-244.5,-622.0,-485.0,-1028.0
2020-09-09,-1918.0,430.5,-1407.0,-388.0,1059.0,-453.5,126.5,-244.5,-775.5,-485.0,-1100.5
2020-09-10,-1641.0,523.5,-1434.0,-388.0,1259.0,-560.5,126.5,-271.5,-882.5,-485.0,-1100.5
2020-09-11,-1364.5,400.0,-1557.5,-388.0,1135.5,-684.0,126.5,-395.0,-1006.0,-485.0,-1100.5
2020-09-12,-1364.5,400.0,-1557.5,-388.0,1135.5,-684.0,126.5,-395.0,-1006.0,-485.0,-1100.5
2020-09-13,-1364.5,400.0,-1557.5,-388.0,1135.5,-684.0,126.5,-395.0,-1006.0,-485.0,-1100.5
2020-09-14,-1369.5,554.5,-1655.0,-388.0,1135.5,-736.0,126.5,-492.5,-851.5,-485.0,-900.5
2020-09-15,-1088.5,687.5,-1722.0,-388.0,1135.5,-603.0,126.5,-559.5,-718.5,-485.0,-900.5
2020-09-16,-754.0,820.5,-1722.0,-188.0,1135.5,-470.0,126.5,-559.5,-718.5,-485.0,-767.5
2020-09-17,-610.0,564.5,-1826.0,-223.5,1011.5,-726.0,91.0,-663.5,-822.5,-520.5,-927.0
2020-09-18,-616.5,394.5,-1870.5,-223.5,860.0,-726.0,91.0,-708.0,-867.0,-520.5,-971.5
2020-09-19,-616.5,394.5,-1870.5,-223.5,860.0,-726.0,91.0,-708.0,-867.0,-520.5,-971.5
2020-09-20,-616.5,394.5,-1870.5,-223.5,860.0,-726.0,91.0,-708.0,-867.0,-520.5,-971.5
2020-09-21,-1049.5,111.0,-2005.5,-492.5,660.0,-809.5,22.0,-738.5,-1002.0,-520.5,-1306.5
2020-09-22,-652.5,144.5,-2172.0,-492.5,593.0,-776.0,22.0,-765.0,-968.5,-520.5,-1306.5
2020-09-23,-1014.0,121.5,-2201.0,-492.5,570.0,-799.0,22.0,-794.0,-997.5,-520.5,-1306.5
2020-09-24,-805.5,-70.0,-2258.5,-492.5,378.5,-990.5,22.0,-794.0,-1055.0,-520.5,-1440.5
2020-09-25,-839.5,20.0,-2351.0,-492.5,468.5,-900.5,22.0,-886.5,-1209.0,-520.5,-1484.5
2020-09-26,-839.5,20.0,-2351.0,-492.5,468.5,-900.5,22.0,-886.5,-1209.0,-520.5,-1484.5
2020-09-27,-839.5,20.0,-2351.0,-492.5,468.5,-900.5,22.0,-886.5,-1209.0,-520.5,-1484.5
2020-09-28,-890.5,-31.0,-2402.0,-492.5,417.5,-951.5,22.0,-886.5,-1260.0,-520.5,-1484.5
2020-09-29,-905.0,36.0,-2384.0,-492.5,384.5,-884.5,22.0,-919.5,-1193.0,-520.5,-1466.5
2020-09-30,-625.0,167.5,-2452.5,-492.5,584.5,-753.0,22.0,-942.0,-1261.5,-520.5,-1466.5
2020-10-01,-694.5,328.5,-2491.5,-492.5,745.5,-592.0,22.0,-981.0,-1100.5,-520.5,-1368.0
2020-10-02,-837.5,334.5,-2537.5,-492.5,885.5,-498.0,22.0,-1027.0,-1206.5,-520.5,-1368.0
2020-10-03,-837.5,334.5,-2537.5,-492.5,885.5,-498.0,22.0,-1027.0,-1206.5,-520.5,-1368.0
2020-10-04,-941.0,231.0,-2537.5,-492.5,782.0,-498.0,22.0,-1027.0,-1206.5,-520.5,-1368.0
2020-10-05,-1120.5,51.5,-2592.5,-492.5,727.0,-607.0,22.0,-1065.5,-1315.5,-520.5,-1368.0
2020-10-06,-1492.0,-175.5,-2653.5,-492.5,483.0,-877.5,22.0,-1126.5,-1376.5,-520.5,-1511.0
2020-10-07,-1545.5,-229.0,-2653.5,-492.5,483.0,-931.0,22.0,-1126.5,-1376.5,-520.5,-1511.0
2020-10-08,-1448.0,-131.5,-2556.0,-395.0,580.5,-833.5,119.5,-1146.0,-1279.0,-423.0,-1413.5
2020-10-09,-1646.5,-170.5,-2556.0,-395.0,580.5,-872.5,119.5,-1146.0,-1318.0,-423.0,-1413.5
2020-10-10,-1646.5,-170.5,-2556.0,-395.0,580.5,-872.5,119.5,-1146.0,-1318.0,-423.0,-1413.5
2020-10-11,-1646.5,-170.5,-2556.0,-395.0,542.5,-872.5,119.5,-1146.0,-1356.0,-423.0,-1413.5
2020-10-12,-1516.5,-40.5,-2556.0,-395.0,472.5,-742.5,119.5,-1146.0,-1356.0,-423.0,-1413.5
2020-10-13,-1541.5,-65.5,-2590.5,-395.0,672.5,-767.5,119.5,-1180.5,-1449.0,-423.0,-1213.5
2020-10-14,-1391.0,85.0,-2640.0,-244.5,823.0,-567.5,70.0,-1180.5,-1498.5,-223.0,-1063.0
2020-10-15,-1210.0,207.5,-2762.0,-96.5,1031.0,-489.5,70.0,-1191.0,-1620.5,-223.0,-715.0
2020-10-16,-973.0,361.5,-2608.0,-96.5,1185.0,-335.5,70.0,-1191.0,-1466.5,-223.0,-515.0
2020-10-17,-973.0,361.5,-2608.0,-96.5,1185.0,-335.5,70.0,-1191.0,-1466.5,-223.0,-515.0
2020-10-18,-973.0,361.5,-2608.0,-96.5,1185.0,-335.5,70.0,-1191.0,-1466.5,-223.0,-515.0
2020-10-19,-1060.5,561.5,-2608.0,-96.5,1385.0,-135.5,70.0,-1191.0,-1266.5,-223.0,-515.0
2020-10-20,-1040.0,894.5,-2408.0,103.5,1411.0,214.5,70.0,-1191.0,-1116.5,-23.0,-115.0
2020-10-21,-975.5,708.0,-2435.0,13.5,1323.0,116.0,64.0,-1235.0,-1143.5,-107.0,-205.0
2020-10-22,-706.0,904.0,-2235.0,13.5,1523.0,312.0,64.0,-1035.0,-977.5,-107.0,-205.0
2020-10-23,-545.5,889.5,-2249.5,13.5,1508.5,297.5,64.0,-1068.0,-992.0,-107.0,-205.0
2020-10-24,-545.5,889.5,-2249.5,13.5,1508.5,297.5,64.0,-1068.0,-992.0,-107.0,-205.0
2020-10-25,-545.5,889.5,-2249.5,13.5,1508.5,297.5,64.0,-1068.0,-992.0,-107.0,-205.0
2020-10-26,-188.5,948.0,-2363.0,-13.5,1594.0,184.0,37.0,-1095.0,-1105.5,-107.0,-60.0
2020-10-27,-38.5,1148.0,-2163.0,-13.5,1794.0,384.0,37.0,-895.0,-905.5,-107.0,-78.5
2020-10-28,-321.5,1054.5,-2256.5,-69.5,1738.0,290.5,-19.0,-932.5,-999.0,-107.0,-172.0
2020-10-29,-178.5,1197.5,-2313.5,-69.5,1681.0,433.5,-19.0,-932.5,-1056.0,-107.0,-172.0
2020-10-30,-174.0,1289.0,-2422.0,-178.0,1572.5,525.0,-127.5,-975.5,-964.5,-107.0,-280.5
2020-10-31,-174.0,1289.0,-2422.0,-178.0,1572.5,525.0,-127.5,-975.5,-964.5,-107.0,-280.5
2020-11-01,-174.0,1289.0,-2460.5,-216.5,1534.0,525.0,-166.0,-1014.0,-964.5,-107.0,-319.0
2020-11-02,154.5,1406.0,-2460.5,-299.5,1451.0,725.0,-166.0,-1014.0,-764.5,-107.0,-402.0
2020-11-03,-487.0,1357.0,-2539.5,-299.5,1307.5,676.0,-166.0,-1040.0,-908.0,-107.0,-281.0
2020-11-04,-345.0,1620.0,-2476.5,-99.5,1507.5,939.0,-166.0,-977.0,-645.0,93.0,-81.0
2020-11-05,-568.0,1465.5,-2543.0,-187.5,1419.5,851.0,-166.0,-1043.5,-799.5,93.0,-235.5
2020-11-06,-684.5,1315.0,-2543.0,-187.5,1419.5,700.5,-166.0,-1043.5,-950.0,93.0,-235.5
2020-11-07,-684.5,1315.0,-2543.0,-187.5,1419.5,700.5,-166.0,-1043.5,-950.0,93.0,-235.5
2020-11-08,-780.5,1315.0,-2543.0,-187.5,1419.5,700.5,-166.0,-1043.5,-950.0,93.0,-235.5
2020-11-09,-251.5,1347.0,-2543.0,-187.5,1419.5,732.5,-166.0,-1043.5,-918.0,93.0,-235.5
2020-11-10,-251.5,1275.5,-2642.0,-187.5,1219.5,633.5,-166.0,-1142.5,-789.5,93.0,-263.0
2020-11-11,-843.0,1133.5,-2727.5,-187.5,1142.5,491.5,-166.0,-1228.0,-931.5,93.0,-263.0
2020-11-12,-710.5,1333.5,-2727.5,-187.5,1342.5,691.5,-166.0,-1228.0,-731.5,93.0,-263.0
2020-11-13,-680.5,1533.5,-2809.0,12.5,1542.5,646.5,-202.5,-1264.5,-813.0,93.0,-63.0
2020-11-14,-680.5,1533.5,-2809.0,12.5,1542.5,646.5,-202.5,-1264.5,-813.0,93.0,-63.0
2020-11-15,-680.5,1533.5,-2809.0,12.5,1542.5,646.5,-202.5,-1264.5,-813.0,93.0,-63.0
2020-11-16,-452.0,1533.5,-2809.0,12.5,1542.5,646.5,-202.5,-1264.5,-813.0,93.0,-63.0
2020-11-17,-227.5,1651.5,-2702.0,12.5,1552.0,764.5,-202.5,-1157.5,-803.5,93.0,-63.0
2020-11-18,-27.5,1822.5,-2764.0,12.5,1723.0,935.5,-202.5,-1186.5,-865.5,93.0,137.0
2020-11-19,-342.5,1737.0,-2805.5,12.5,1618.5,894.0,-202.5,-1186.5,-907.0,93.0,74.0
2020-11-20,-155.0,1737.0,-2805.5,12.5,1618.5,894.0,-202.5,-1186.5,-907.0,93.0,74.0
2020-11-21,-155.0,1737.0,-2805.5,12.5,1618.5,894.0,-202.5,-1186.5,-907.0,93.0,74.0
2020-11-22,-155.0,1737.0,-2805.5,12.5,1618.5,894.0,-202.5,-1186.5,-907.0,93.0,74.0
2020-11-23,-30.5,1632.0,-2805.5,-18.0,1618.5,863.5,-202.5,-1186.5,-937.5,93.0,43.5
2020-11-24,-363.5,1450.5,-2900.5,-83.5,1502.5,766.0,-268.0,-1252.0,-1064.5,93.0,-22.0
2020-11-25,-269.0,1450.5,-2900.5,-83.5,1502.5,766.0,-268.0,-1252.0,-1064.5,93.0,-22.0
2020-11-26,-326.0,1393.5,-2957.5,-83.5,1502.5,709.0,-268.0,-1297.0,-1121.5,93.0,-48.5
2020-11-27,-379.0,1383.0,-2968.0,-83.5,1502.5,709.0,-268.0,-1307.5,-1132.0,93.0,-48.5
2020-11-28,-379.0,1383.0,-2968.0,-83.5,1502.5,709.0,-268.0,-1307.5,-1132.0,93.0,-48.5
2020-11-29,-379.0,1383.0,-2968.0,-83.5,1502.5,709.0,-268.0,-1307.5,-1132.0,93.0,-48.5
2020-11-30,-307.0,1474.0,-2768.0,-140.5,1450.5,800.0,-268.0,-1107.5,-932.0,93.0,-139.5
2020-12-01,-630.5,1392.5,-2837.0,-183.0,1420.5,718.5,-268.0,-1146.5,-1013.5,93.0,-182.0
2020-12-02,-599.5,1449.0,-2854.0,-183.0,1477.0,775.0,-268.0,-1163.5,-974.0,93.0,-182.0
2020-12-03,-583.0,1465.5,-2854.0,-166.5,1383.5,791.5,-268.0,-1163.5,-974.0,109.5,-165.5
2020-12-04,-469.0,1415.0,-2904.5,-166.5,1383.5,741.0,-268.0,-1163.5,-1024.5,109.5,-195.5
2020-12-05,-469.0,1415.0,-2904.5,-166.5,1383.5,741.0,-268.0,-1163.5,-1024.5,109.5,-195.5
2020-12-06,-469.0,1415.0,-2904.5,-166.5,1383.5,741.0,-268.0,-1163.5,-1024.5,109.5,-195.5
2020-12-07,-326.5,1345.0,-2969.0,-172.0,1366.0,671.0,-268.0,-1228.0,-1089.0,109.5,-201.0
2020-12-08,-444.5,1302.0,-3012.0,-195.0,1366.0,651.0,-291.0,-1248.0,-1132.0,85.5,-224.0
2020-12-09,-803.5,1235.5,-3078.5,-261.5,1566.0,584.5,-357.5,-1270.5,-1198.5,19.0,-290.5
2020-12-10,-684.0,1070.5,-3102.5,-366.0,1425.0,524.0,-357.5,-1294.5,-1259.0,-85.5,-395.0
2020-12-11,-564.0,1190.5,-3068.0,-366.0,1459.5,558.5,-357.5,-1260.0,-1224.5,-85.5,-395.0
2020-12-12,-564.0,1190.5,-3068.0,-366.0,1459.5,558.5,-357.5,-1260.0,-1224.5,-85.5,-395.0
2020-12-13,-564.0,1190.5,-3068.0,-366.0,1459.5,558.5,-357.5,-1260.0,-1224.5,-85.5,-395.0
2020-12-14,-592.0,1162.5,-3084.5,-366.0,1415.0,530.5,-357.5,-1276.5,-1285.5,-85.5,-439.5
2020-12-15,-695.0,1038.0,-3157.5,-396.0,1341.0,406.0,-387.5,-1319.5,-1358.5,-115.5,-469.5
2020-12-16,-799.0,958.5,-3207.0,-396.0,1266.0,326.5,-387.5,-1369.0,-1438.0,-115.5,-469.5
2020-12-17,-876.0,881.5,-3236.5,-396.0,1208.0,297.0,-387.5,-1398.5,-1467.5,-115.5,-469.5
2020-12-18,-992.0,824.5,-3249.5,-396.0,1151.0,240.0,-387.5,-1411.5,-1506.0,-115.5,-495.0
2020-12-19,-992.0,824.5,-3249.5,-396.0,1151.0,240.0,-387.5,-1411.5,-1506.0,-115.5,-495.0
2020-12-20,-992.0,824.5,-3249.5,-396.0,1151.0,240.0,-387.5,-1411.5,-1506.0,-115.5,-495.0
2020-12-21,-1436.0,570.0,-3289.0,-435.5,1151.0,127.0,-427.0,-1451.0,-1545.5,-115.5,-534.5
2020-12-22,-1490.0,450.0,-3372.5,-461.5,1071.0,69.5,-453.0,-1494.5,-1629.0,-115.5,-560.5
2020-12-23,-1386.5,319.0,-3332.5,-512.5,1191.0,52.5,-453.0,-1548.5,-1589.0,-115.5,-628.5
2020-12-24,-1402.5,303.0,-3370.0,-533.5,1175.0,15.0,-474.0,-1586.0,-1626.5,-115.5,-649.5
2020-12-25,-1402.5,303.0,-3370.0,-533.5,1175.0,15.0,-474.0,-1586.0,-1626.5,-115.5,-649.5
2020-12-26,-1402.5,303.0,-3370.0,-533.5,1175.0,15.0,-474.0,-1586.0,-1626.5,-115.5,-649.5
2020-12-27,-1556.5,336.0,-3413.5,-533.5,1232.5,-28.5,-474.0,-1629.5,-1670.0,-115.5,-649.5
2020-12-28,-1703.0,273.5,-3438.5,-571.0,1207.5,-91.0,-474.0,-1629.5,-1695.0,-115.5,-687.0
2020-12-29,-1686.5,356.5,-3446.0,-578.5,1298.0,-8.0,-481.5,-1637.0,-1702.5,-115.5,-694.5
2020-12-30,-1587.5,334.5,-3468.0,-600.5,1298.0,-8.0,-503.5,-1659.0,-1724.5,-115.5,-716.5
2020-12-31,-1655.0,260.5,-3490.5,-623.0,1294.5,-59.5,-526.0,-1659.0,-1747.0,-138.0,-787.0
2021-01-01,-1655.0,260.5,-3490.5,-623.0,1294.5,-59.5,-526.0,-1659.0,-1747.0,-138.0,-787.0
2021-01-02,-1655.0,260.5,-3490.5,-623.0,1294.5,-59.5,-526.0,-1659.0,-1747.0,-138.0,-787.0
2021-01-03,-1655.0,260.5,-3490.5,-623.0,1294.5,-59.5,-526.0,-1659.0,-1747.0,-138.0,-787.0
2021-01-04,-1933.0,405.0,-3511.5,-623.0,1273.5,106.0,-526.0,-1680.0,-1768.0,-138.0,-808.0
2021-01-05,-1692.0,269.5,-3401.0,-680.5,1025.0,57.5,-526.0,-1480.0,-1762.0,-138.0,-915.0
2021-01-06,-1219.5,131.0,-3427.5,-680.5,1025.0,-81.0,-526.0,-1506.5,-1788.5,-138.0,-941.5
2021-01-07,-1606.0,75.0,-3483.5,-680.5,1025.0,-137.0,-526.0,-1562.5,-1844.5,-138.0,-941.5
2021-01-08,-1673.5,7.5,-3483.5,-680.5,1025.0,-204.5,-526.0,-1562.5,-1844.5,-138.0,-941.5
2021-01-09,-1673.5,7.5,-3483.5,-680.5,1025.0,-204.5,-526.0,-1562.5,-1844.5,-138.0,-941.5
2021-01-10,-1673.5,7.5,-3483.5,-680.5,1025.0,-204.5,-526.0,-1562.5,-1844.5,-138.0,-941.5
2021-01-11,-1716.5,149.5,-3541.5,-509.0,1195.5,-262.5,-554.5,-1620.5,-1902.5,-138.0,-770.0
2021-01-12,-1670.5,270.5,-3420.5,-509.0,1128.5,-92.5,-554.5,-1462.5,-1781.5,-138.0,-819.0
2021-01-13,-1805.0,456.5,-3269.0,-509.0,1114.5,93.5,-554.5,-1281.0,-1630.0,-138.0,-819.0
2021-01-14,-2042.0,371.0,-3269.0,-509.0,1073.0,52.0,-554.5,-1281.0,-1715.5,-138.0,-819.0
2021-01-15,-2005.5,456.0,-3269.0,-509.0,1151.0,180.5,-554.5,-1281.0,-1715.5,-138.0,-690.5
2021-01-16,-2005.5,456.0,-3269.0,-509.0,1151.0,180.5,-554.5,-1281.0,-1715.5,-138.0,-690.5
2021-01-17,-2005.5,456.0,-3269.0,-509.0,1151.0,180.5,-554.5,-1281.0,-1715.5,-138.0,-690.5
2021-01-18,-2001.0,645.0,-3080.0,-509.0,1151.0,369.5,-554.5,-1092.0,-1526.5,-138.0,-501.5
2021-01-19,-2058.0,588.0,-3137.0,-525.0,1094.0,312.5,-570.5,-1127.0,-1583.5,-138.0,-517.5
2021-01-20,-2144.0,788.0,-3137.0,-325.0,1094.0,312.5,-570.5,-1127.0,-1583.5,62.0,-317.5
2021-01-21,-1994.0,938.0,-3187.0,-325.0,1262.0,462.5,-570.5,-1145.0,-1633.5,62.0,-117.5
2021-01-22,-2022.0,914.5,-3210.5,-325.0,1262.0,439.0,-570.5,-1168.5,-1657.0,62.0,-141.0
2021-01-23,-2022.0,914.5,-3210.5,-325.0,1262.0,439.0,-570.5,-1168.5,-1657.0,62.0,-141.0
2021-01-24,-2022.0,914.5,-3210.5,-325.0,1262.0,439.0,-570.5,-1168.5,-1657.0,62.0,-141.0
2021-01-25,-2154.0,886.0,-3239.0,-325.0,1262.0,410.5,-570.5,-1184.5,-1685.5,62.0,-141.0
2021-01-26,-1964.5,855.5,-3269.5,-325.0,1231.5,380.0,-570.5,-1215.0,-1716.0,62.0,-141.0
2021-01-27,-1661.0,1359.0,-2878.5,-180.0,1390.0,938.5,-370.5,-1024.0,-1412.5,262.0,4.0
2021-01-28,-1091.5,1559.0,-2678.5,-180.0,1390.0,1138.5,-370.5,-824.0,-1212.5,262.0,204.0
2021-01-29,-1565.0,1821.5,-2278.5,-180.0,1390.0,1401.0,-370.5,-424.0,-812.5,262.0,123.0
2021-01-30,-1565.0,1821.5,-2278.5,-180.0,1390.0,1401.0,-370.5,-424.0,-812.5,262.0,123.0
2021-01-31,-1165.0,1821.5,-2278.5,-180.0,1390.0,1401.0,-370.5,-424.0,-812.5,262.0,123.0
2021-02-01,-1765.0,2021.5,-2278.5,-380.0,1274.0,1401.0,-370.5,-424.0,-612.5,62.0,123.0
2021-02-02,-1775.0,1967.5,-2359.5,-407.0,1274.0,1347.0,-397.5,-505.0,-666.5,62.0,96.0
2021-02-03,-1832.5,1910.0,-2159.5,-407.0,1415.0,1347.0,-397.5,-305.0,-724.0,62.0,96.0
2021-02-04,-1796.0,2011.5,-2299.5,-407.0,1313.0,1514.5,-397.5,-401.0,-556.5,62.0,63.5
2021-02-05,-1847.5,1960.0,-2299.5,-407.0,1261.5,1463.0,-397.5,-401.0,-556.5,62.0,63.5
2021-02-06,-1847.5,1960.0,-2299.5,-407.0,1261.5,1463.0,-397.5,-401.0,-556.5,62.0,63.5
2021-02-07,-1847.5,1960.0,-2299.5,-407.0,1261.5,1463.0,-397.5,-401.0,-556.5,62.0,63.5
2021-02-08,-1960.5,1847.0,-2337.0,-407.0,1186.0,1350.0,-397.5,-438.5,-594.0,62.0,31.5
2021-02-09,-2012.0,1872.5,-2348.5,-438.5,1223.0,1375.5,-397.5,-450.0,-637.0,62.0,54.5
2021-02-10,-1576.5,1844.5,-2313.0,-438.5,1223.0,1347.5,-397.5,-414.5,-601.5,62.0,-9.0
2021-02-11,-1657.5,1729.5,-2335.0,-438.5,1163.0,1292.5,-397.5,-436.5,-623.5,62.0,-9.0
2021-02-12,-1719.5,1929.5,-2366.0,-438.5,1363.0,1261.5,-397.5,-436.5,-685.5,62.0,191.0
2021-02-13,-1719.5,1929.5,-2366.0,-438.5,1363.0,1261.5,-397.5,-436.5,-685.5,62.0,191.0
2021-02-14,-1719.5,1929.5,-2366.0,-438.5,1363.0,1261.5,-397.5,-436.5,-685.5,62.0,191.0
2021-02-15,-1731.0,1918.0,-2377.5,-438.5,1363.0,1250.0,-397.5,-448.0,-697.0,62.0,179.5
2021-02-16,-1811.5,1837.5,-2419.5,-438.5,1341.0,1208.0,-397.5,-470.0,-739.0,62.0,121.0
2021-02-17,-2006.0,1776.5,-2480.5,-438.5,1341.0,1147.0,-397.5,-531.0,-800.0,62.0,98.0
2021-02-18,-2285.0,1596.5,-2559.5,-438.5,1206.0,967.0,-397.5,-564.5,-924.0,62.0,98.0
2021-02-19,-2589.0,1433.0,-2680.0,-438.5,1042.5,803.5,-397.5,-602.0,-1087.5,62.0,98.0
2021-02-20,-2589.0,1433.0,-2680.0,-438.5,1042.5,803.5,-397.5,-602.0,-1087.5,62.0,98.0
2021-02-21,-2589.0,1433.0,-2680.0,-438.5,1042.5,803.5,-397.5,-602.0,-1087.5,62.0,98.0
2021-02-22,-2995.5,1151.0,-2742.0,-530.5,976.5,521.5,-397.5,-602.0,-1211.5,62.0,6.0
2021-02-23,-3392.5,982.5,-2776.0,-594.5,912.5,353.0,-397.5,-636.0,-1380.0,62.0,-58.0
2021-02-24,-3846.0,643.0,-2881.5,-718.0,912.5,124.0,-397.5,-671.5,-1485.5,62.0,-251.5
2021-02-25,-4360.5,397.5,-2972.5,-718.0,821.5,-30.5,-397.5,-671.5,-1576.5,62.0,-497.0
2021-02-26,-4296.5,597.5,-2972.5,-718.0,821.5,169.5,-397.5,-671.5,-1576.5,62.0,-497.0
2021-02-27,-4296.5,597.5,-2972.5,-718.0,821.5,169.5,-397.5,-671.5,-1576.5,62.0,-497.0
2021-02-28,-4496.5,397.5,-2972.5,-718.0,821.5,169.5,-397.5,-671.5,-1576.5,62.0,-497.0
2021-03-01,-4889.5,204.5,-3030.5,-718.0,821.5,-23.5,-397.5,-729.5,-1634.5,62.0,-497.0
2021-03-02,-4981.0,113.0,-3030.5,-718.0,821.5,-115.0,-397.5,-729.5,-1634.5,62.0,-497.0
2021-03-03,-4410.0,395.0,-2869.5,-518.0,1182.5,6.0,-397.5,-568.5,-1552.5,262.0,-318.0
2021-03-04,-4591.5,69.0,-2995.5,-518.0,1182.5,-120.0,-397.5,-613.5,-1678.5,262.0,-318.0
2021-03-05,-4684.0,-223.5,-2995.5,-518.0,1182.5,-212.5,-397.5,-613.5,-1678.5,262.0,-410.5
2021-03-06,-4684.0,-223.5,-2995.5,-518.0,1182.5,-212.5,-397.5,-613.5,-1678.5,262.0,-410.5
2021-03-07,-4484.0,-23.5,-2995.5,-518.0,1182.5,-12.5,-397.5,-613.5,-1678.5,262.0,-410.5
2021-03-08,-4363.0,176.5,-2795.5,-518.0,1182.5,187.5,-397.5,-613.5,-1478.5,262.0,-210.5
2021-03-09,-5176.0,-86.5,-2897.0,-518.0,1182.5,86.0,-397.5,-715.0,-1580.0,262.0,-372.0
2021-03-10,-5177.0,113.5,-2897.0,-518.0,1182.5,86.0,-397.5,-715.0,-1580.0,262.0,-172.0
2021-03-11,-5395.5,-105.0,-2915.5,-536.5,982.5,67.5,-416.0,-733.5,-1598.5,262.0,-190.5
2021-03-12,-5324.5,55.0,-2955.5,-536.5,1182.5,227.5,-416.0,-773.5,-1438.5,262.0,-190.5
2021-03-13,-5324.5,55.0,-2955.5,-536.5,1182.5,227.5,-416.0,-773.5,-1438.5,262.0,-190.5
2021-03-14,-5324.5,55.0,-2955.5,-536.5,1182.5,227.5,-416.0,-773.5,-1438.5,262.0,-190.5
2021-03-15,-4978.0,143.0,-3067.5,-571.5,1182.5,361.5,-451.0,-839.5,-1623.0,262.0,-344.0
2021-03-16,-5192.0,102.0,-3108.5,-571.5,1182.5,361.5,-451.0,-839.5,-1664.0,262.0,-344.0
2021-03-17,-5299.0,18.5,-3192.0,-591.0,1182.5,278.0,-470.5,-923.0,-1747.5,262.0,-363.5
2021-03-18,-5918.0,-129.0,-3192.0,-591.0,1035.0,213.5,-470.5,-923.0,-1812.0,262.0,-428.0
2021-03-19,-6234.0,-151.0,-3214.0,-591.0,1013.0,191.5,-470.5,-945.0,-1834.0,262.0,-428.0
2021-03-20,-6234.0,-151.0,-3214.0,-591.0,1013.0,191.5,-470.5,-945.0,-1834.0,262.0,-428.0
2021-03-21,-6260.0,-177.0,-3240.0,-591.0,987.0,165.5,-470.5,-971.0,-1860.0,262.0,-428.0
2021-03-22,-6342.0,-259.0,-3322.0,-591.0,987.0,83.5,-470.5,-1053.0,-1942.0,262.0,-428.0
2021-03-23,-5897.0,89.5,-3173.5,-391.0,1062.0,432.0,-470.5,-904.5,-1793.5,262.0,-287.0
2021-03-24,-5477.0,49.5,-3065.5,-438.0,869.0,480.0,-517.5,-749.5,-1745.5,262.0,-334.0
2021-03-25,-5468.0,58.5,-2882.0,-502.5,694.5,597.0,-517.5,-766.0,-1562.0,262.0,-415.0
2021-03-26,-5432.0,138.5,-2802.0,-302.5,816.5,677.0,-317.5,-643.0,-1482.0,462.0,-250.0
2021-03-27,-5432.0,138.5,-2802.0,-302.5,816.5,677.0,-317.5,-643.0,-1482.0,462.0,-250.0
2021-03-28,-5432.0,138.5,-2802.0,-302.5,816.5,677.0,-317.5,-643.0,-1482.0,462.0,-250.0
2021-03-29,-5156.0,13.0,-2880.5,-402.0,717.0,651.0,-317.5,-669.0,-1560.5,462.0,-349.5
2021-03-30,-5427.5,-165.0,-2923.5,-445.0,594.0,553.0,-360.5,-712.0,-1658.5,419.0,-247.5
2021-03-31,-5614.0,-201.5,-2960.0,-445.0,574.5,516.5,-360.5,-748.5,-1695.0,419.0,-264.5
2021-04-01,-5851.5,-339.5,-3030.0,-506.0,513.5,378.5,-360.5,-786.0,-1833.0,419.0,-358.0
2021-04-02,-5851.5,-339.5,-3030.0,-506.0,513.5,378.5,-360.5,-786.0,-1833.0,419.0,-358.0
2021-04-03,-5851.5,-339.5,-3030.0,-506.0,513.5,378.5,-360.5,-786.0,-1833.0,419.0,-358.0
2021-04-04,-5863.5,-351.5,-3042.0,-506.0,513.5,366.5,-360.5,-798.0,-1845.0,419.0,-358.0
2021-04-05,-5970.0,-447.5,-3072.0,-506.0,513.5,270.5,-360.5,-828.0,-1941.0,419.0,-358.0
2021-04-06,-6010.0,-284.5,-3090.0,-506.0,476.5,470.5,-360.5,-846.0,-1741.0,419.0,-358.0
2021-04-07,-6119.5,-394.0,-3108.5,-591.5,426.0,347.5,-387.0,-864.5,-1791.5,419.0,-443.5
2021-04-08,-6194.5,-469.0,-3136.5,-591.5,341.5,272.5,-387.0,-892.5,-1866.5,419.0,-443.5
2021-04-09,-6202.0,-498.0,-3165.5,-591.5,312.5,243.5,-387.0,-892.5,-1895.5,419.0,-443.5
2021-04-10,-6202.0,-498.0,-3165.5,-591.5,312.5,243.5,-387.0,-892.5,-1895.5,419.0,-443.5
2021-04-11,-6202.0,-498.0,-3165.5,-591.5,312.5,243.5,-387.0,-892.5,-1895.5,419.0,-443.5
2021-04-12,-6339.5,-600.5,-3195.0,-591.5,218.5,193.5,-387.0,-922.0,-1960.0,419.0,-473.0
2021-04-13,-6448.5,-709.5,-3241.0,-626.5,149.5,84.5,-387.0,-968.0,-2020.5,419.0,-508.0
2021-04-14,-6636.5,-800.0,-3299.5,-626.5,124.0,41.0,-387.0,-1001.0,-2111.0,419.0,-558.0
2021-04-15,-6396.0,-559.5,-3382.5,-626.5,166.5,57.5,-387.0,-1084.0,-1970.0,419.0,-515.5
2021-04-16,-6524.0,-605.5,-3426.5,-626.5,135.5,57.5,-387.0,-1128.0,-2014.0,419.0,-515.5
2021-04-17,-6524.0,-605.5,-3426.5,-626.5,135.5,57.5,-387.0,-1128.0,-2014.0,419.0,-515.5
2021-04-18,-6524.0,-605.5,-3426.5,-650.0,135.5,57.5,-410.5,-1151.5,-2014.0,395.5,-539.0
2021-04-19,-6595.5,-638.0,-3459.0,-650.0,103.0,25.0,-410.5,-967.0,-2046.5,395.5,-539.0
2021-04-20,-6192.0,-644.5,-3566.0,-598.0,129.5,18.5,-410.5,-1025.5,-2153.5,395.5,-487.0
2021-04-21,-5955.5,-510.5,-3632.0,-598.0,63.5,184.0,-410.5,-1057.0,-2219.5,395.5,-518.5
2021-04-22,-6201.5,-734.0,-3660.0,-686.0,-52.5,68.0,-410.5,-1085.0,-2247.5,395.5,-648.0
2021-04-23,-6184.0,-716.5,-3660.0,-686.0,-52.5,85.5,-410.5,-1085.0,-2247.5,395.5,-648.0
2021-04-24,-6184.0,-716.5,-3660.0,-686.0,-52.5,85.5,-410.5,-1085.0,-2247.5,395.5,-648.0
2021-04-25,-6184.0,-716.5,-3660.0,-686.0,-52.5,85.5,-410.5,-1085.0,-2247.5,395.5,-648.0
2021-04-26,-6376.5,-789.0,-3670.0,-686.0,-160.0,13.0,-410.5,-1095.0,-2257.5,395.5,-648.0
2021-04-27,-6211.5,-589.0,-3470.0,-686.0,-160.0,213.0,-410.5,-895.0,-2057.5,395.5,-448.0
2021-04-28,-6098.0,-613.5,-3526.5,-708.0,-142.0,210.5,-432.5,-951.5,-2114.0,373.5,-470.0
2021-04-29,-6292.5,-613.5,-3526.5,-708.0,-142.0,210.5,-432.5,-951.5,-2114.0,373.5,-470.0
2021-04-30,-6182.5,-614.0,-3466.0,-647.5,-142.5,210.5,-372.0,-951.5,-2053.5,373.5,-409.5
2021-05-01,-6182.5,-614.0,-3466.0,-647.5,-142.5,210.5,-372.0,-951.5,-2053.5,373.5,-409.5
2021-05-02,-6182.5,-625.5,-3477.5,-647.5,-142.5,210.5,-372.0,-963.0,-2065.0,373.5,-409.5
2021-05-03,-6059.0,-691.5,-3487.5,-647.5,-198.5,210.5,-372.0,-973.0,-2075.0,373.5,-419.5
2021-05-04,-6369.0,-491.5,-3487.5,-684.0,1.5,210.5,-372.0,-973.0,-1875.0,373.5,-456.0
2021-05-05,-6489.5,-322.5,-3518.5,-684.0,201.5,179.5,-372.0,-1004.0,-1906.0,373.5,-456.0
2021-05-06,-6626.5,-282.5,-3586.5,-722.0,271.5,219.5,-410.0,-1072.0,-1774.0,373.5,-586.0
2021-05-07,-6720.5,-113.0,-3617.0,-522.0,441.0,189.0,-410.0,-1102.5,-1604.5,373.5,-386.0
2021-05-08,-6720.5,-113.0,-3617.0,-522.0,441.0,189.0,-410.0,-1102.5,-1604.5,373.5,-386.0
2021-05-09,-6720.5,-113.0,-3617.0,-522.0,441.0,189.0,-410.0,-1102.5,-1604.5,373.5,-386.0
2021-05-10,-7085.5,-215.0,-3719.0,-522.0,362.5,87.0,-410.0,-1127.0,-1706.5,373.5,-464.5
2021-05-11,-7152.5,-282.0,-3719.0,-522.0,362.5,20.0,-410.0,-1127.0,-1773.5,373.5,-464.5
2021-05-12,-6867.0,49.0,-3588.0,-522.0,362.5,351.0,-410.0,-927.0,-1642.5,373.5,-464.5
2021-05-13,-6437.5,293.5,-3388.0,-522.0,362.5,551.0,-410.0,-727.0,-1442.5,373.5,-325.5
2021-05-14,-6879.0,175.0,-3413.5,-522.0,362.5,432.5,-410.0,-752.5,-1468.0,373.5,-325.5
2021-05-15,-6879.0,175.0,-3413.5,-522.0,362.5,432.5,-410.0,-752.5,-1468.0,373.5,-325.5
2021-05-16,-6879.0,175.0,-3413.5,-522.0,362.5,432.5,-410.0,-752.5,-1468.0,373.5,-325.5
2021-05-17,-6736.5,317.5,-3447.0,-579.5,305.0,575.0,-443.5,-786.0,-1501.5,373.5,-383.0
2021-05-18,-6883.5,236.5,-3528.0,-579.5,224.0,494.0,-443.5,-786.0,-1582.5,373.5,-383.0
2021-05-19,-6714.5,286.5,-3605.5,-606.0,197.5,616.5,-470.0,-863.5,-1660.0,373.5,-409.5
2021-05-20,-6837.0,414.5,-3605.5,-406.0,125.5,744.5,-470.0,-863.5,-1660.0,373.5,-209.5
2021-05-21,-6855.5,396.0,-3624.0,-406.0,107.0,726.0,-470.0,-882.0,-1678.5,373.5,-209.5
2021-05-22,-6855.5,396.0,-3624.0,-406.0,107.0,726.0,-470.0,-882.0,-1678.5,373.5,-209.5
2021-05-23,-6881.0,370.5,-3649.5,-406.0,107.0,700.5,-470.0,-907.5,-1704.0,373.5,-209.5
2021-05-24,-7055.0,209.5,-3649.5,-406.0,-54.0,632.5,-470.0,-907.5,-1704.0,373.5,-209.5
2021-05-25,-7065.0,199.5,-3683.0,-406.0,-87.5,599.0,-470.0,-907.5,-1737.5,373.5,-186.0
2021-05-26,-7137.0,112.5,-3718.0,-470.5,-87.5,524.5,-482.5,-942.5,-1772.5,321.5,-250.5
2021-05-27,-7175.5,77.0,-3787.0,-533.5,-151.0,537.0,-504.0,-984.0,-1843.5,321.5,-315.5
2021-05-28,-7139.5,113.0,-3840.0,-472.0,-115.0,484.0,-504.0,-1009.5,-1807.5,383.0,-254.0
2021-05-29,-7139.5,113.0,-3840.0,-472.0,-115.0,484.0,-504.0,-1009.5,-1807.5,383.0,-254.0
2021-05-30,-7139.5,113.0,-3840.0,-472.0,-115.0,484.0,-504.0,-1009.5,-1807.5,383.0,-254.0
2021-05-31,-7077.0,175.0,-3854.0,-486.0,-115.0,436.5,-518.0,-1023.5,-1821.5,369.0,-268.0
2021-06-01,-7047.5,296.5,-3922.5,-486.0,85.0,558.0,-518.0,-1062.0,-1673.0,369.0,-95.0
2021-06-02,-7207.5,234.0,-3940.0,-486.0,85.0,540.5,-518.0,-1079.5,-1690.5,369.0,-140.0
2021-06-03,-7287.0,146.0,-3951.5,-486.0,8.5,529.0,-518.0,-1091.0,-1702.0,369.0,-140.0
2021-06-04,-7309.0,204.5,-4025.5,-518.0,8.5,387.5,-550.0,-1139.5,-1776.0,369.0,-188.5
2021-06-05,-7309.0,204.5,-4025.5,-518.0,8.5,387.5,-550.0,-1139.5,-1776.0,369.0,-188.5
2021-06-06,-7309.0,204.5,-4025.5,-518.0,8.5,387.5,-550.0,-1139.5,-1776.0,369.0,-188.5
2021-06-07,-7362.5,151.0,-4079.0,-549.0,8.5,334.0,-581.0,-1162.0,-1829.5,369.0,-219.5
2021-06-08,-7294.5,52.5,-4118.0,-719.0,-116.0,360.0,-581.0,-1201.0,-1868.5,369.0,-279.0
2021-06-09,-7313.5,33.5,-4137.0,-783.0,6.0,341.0,-581.0,-1220.0,-1887.5,369.0,-306.5
2021-06-10,-7022.0,6.5,-4164.0,-795.5,6.0,314.0,-593.5,-1247.0,-1914.5,369.0,-319.0
2021-06-11,-6970.5,-42.5,-4180.0,-795.5,6.0,265.0,-593.5,-1263.0,-1963.5,369.0,-319.0
2021-06-12,-6970.5,-42.5,-4180.0,-795.5,6.0,265.0,-593.5,-1263.0,-1963.5,369.0,-319.0
2021-06-13,-6970.5,-42.5,-4180.0,-795.5,6.0,265.0,-593.5,-1263.0,-1963.5,369.0,-319.0
2021-06-14,-7079.0,-122.0,-4210.5,-815.0,6.0,254.0,-613.0,-1274.0,-1994.0,369.0,-349.5
2021-06-15,-7111.5,-154.0,-4195.0,-806.5,-10.0,222.0,-613.0,-1258.5,-2010.0,369.0,-341.0
2021-06-16,-7118.0,-160.5,-4213.0,-806.5,-10.0,245.0,-613.0,-1276.5,-1954.0,369.0,-359.0
2021-06-17,-6992.5,11.5,-4241.0,-634.5,-10.0,417.0,-641.0,-1304.5,-1782.0,369.0,-187.0
2021-06-18,-7035.5,-19.5,-4272.0,-665.5,-41.0,386.0,-672.0,-1335.5,-1813.0,338.0,-218.0
2021-06-19,-7035.5,-19.5,-4272.0,-665.5,-41.0,386.0,-672.0,-1335.5,-1813.0,338.0,-218.0
2021-06-20,-7035.5,-19.5,-4272.0,-665.5,-41.0,386.0,-672.0,-1335.5,-1813.0,338.0,-218.0
2021-06-21,-6956.0,-114.5,-4257.0,-775.5,-26.0,291.0,-672.0,-1320.5,-1798.0,228.0,-313.0
2021-06-22,-6801.0,66.0,-4276.5,-782.5,174.0,271.5,-679.0,-1340.0,-1817.5,228.0,-120.0
2021-06-23,-6904.0,-37.0,-4350.5,-836.0,115.0,168.5,-732.5,-1360.5,-1920.5,228.0,-202.5
2021-06-24,-6742.0,117.0,-4196.5,-836.0,69.0,322.5,-732.5,-1185.0,-1766.5,228.0,-10.5
2021-06-25,-6700.5,122.0,-4196.5,-872.0,74.0,322.5,-732.5,-1185.0,-1766.5,228.0,-46.5
2021-06-26,-6700.5,122.0,-4196.5,-872.0,74.0,322.5,-732.5,-1185.0,-1766.5,228.0,-46.5
2021-06-27,-6700.5,122.0,-4196.5,-872.0,74.0,322.5,-732.5,-1185.0,-1766.5,228.0,-46.5
2021-06-28,-6814.0,276.0,-4210.5,-872.0,74.0,276.5,-732.5,-1199.0,-1566.5,228.0,107.5
2021-06-29,-6628.0,462.0,-4249.0,-872.0,260.0,462.5,-732.5,-1211.0,-1380.5,228.0,268.0
2021-06-30,-6647.5,442.5,-4261.5,-872.0,260.0,486.5,-732.5,-1223.5,-1393.0,228.0,224.5
2021-07-01,-6664.0,347.5,-4280.0,-967.0,165.0,391.5,-751.0,-1242.0,-1411.5,209.5,129.5
2021-07-02,-6676.0,335.5,-4292.0,-967.0,165.0,379.5,-751.0,-1254.0,-1423.5,209.5,129.5
2021-07-03,-6676.0,335.5,-4292.0,-967.0,165.0,379.5,-751.0,-1254.0,-1423.5,209.5,129.5
2021-07-04,-6676.0,335.5,-4292.0,-967.0,165.0,379.5,-751.0,-1254.0,-1423.5,209.5,129.5
2021-07-05,-6734.0,277.5,-4350.0,-967.0,122.0,338.5,-751.0,-1312.0,-1481.5,209.5,101.5
2021-07-06,-6813.5,243.5,-4364.0,-967.0,88.0,304.5,-751.0,-1326.0,-1515.5,209.5,101.5
2021-07-07,-6662.5,420.0,-4189.5,-967.0,288.0,479.0,-751.0,-1326.0,-1341.0,209.5,101.5
2021-07-08,-6513.5,381.0,-4228.5,-1006.0,288.0,440.0,-790.0,-1326.0,-1380.0,209.5,62.5
2021-07-09,-6335.5,559.0,-4050.5,-806.0,288.0,618.0,-590.0,-1148.0,-1202.0,209.5,262.5
2021-07-10,-6335.5,559.0,-4050.5,-806.0,288.0,618.0,-590.0,-1148.0,-1202.0,209.5,262.5
2021-07-11,-6335.5,559.0,-4050.5,-806.0,288.0,618.0,-590.0,-1148.0,-1202.0,209.5,262.5
2021-07-12,-6510.0,411.5,-4096.5,-806.0,242.0,548.5,-590.0,-1168.5,-1248.0,209.5,193.0
2021-07-13,-6602.0,331.0,-4141.0,-806.0,242.0,468.0,-590.0,-1190.0,-1328.5,209.5,193.0
2021-07-14,-6655.5,333.5,-4182.0,-806.0,201.0,378.0,-590.0,-1231.0,-1418.5,209.5,236.5
2021-07-15,-6504.5,284.5,-4231.0,-806.0,201.0,329.0,-590.0,-1231.0,-1467.5,209.5,236.5
2021-07-16,-6631.5,221.0,-4274.5,-826.0,157.5,265.5,-610.0,-1274.5,-1531.0,209.5,216.5
2021-07-17,-6631.5,221.0,-4274.5,-826.0,157.5,265.5,-610.0,-1274.5,-1531.0,209.5,216.5
2021-07-18,-6631.5,221.0,-4274.5,-826.0,157.5,265.5,-610.0,-1274.5,-1531.0,209.5,216.5
2021-07-19,-6893.5,135.5,-4299.0,-850.5,157.5,180.0,-634.5,-1299.0,-1409.0,209.5,131.0
2021-07-20,-6973.5,112.0,-4322.5,-850.5,157.5,156.5,-634.5,-1322.5,-1432.5,209.5,131.0
2021-07-21,-7133.5,-4.5,-4346.5,-967.0,110.5,40.0,-658.5,-1346.5,-1549.0,209.5,14.5
2021-07-22,-7290.0,-84.5,-4426.5,-995.5,55.5,-40.0,-687.0,-1398.0,-1629.0,209.5,-14.0
2021-07-23,-7316.5,-111.0,-4453.0,-995.5,39.5,-66.5,-687.0,-1414.0,-1655.5,209.5,-14.0
2021-07-24,-7316.5,-111.0,-4453.0,-995.5,39.5,-66.5,-687.0,-1414.0,-1655.5,209.5,-14.0
2021-07-25,-7341.0,-135.5,-4477.5,-1020.0,15.0,-91.0,-711.5,-1438.5,-1680.0,185.0,-38.5
2021-07-26,-7418.5,-213.0,-4503.0,-1033.0,2.0,-143.0,-711.5,-1438.5,-1671.5,138.0,-51.5
2021-07-27,-7621.5,-271.5,-4517.5,-1047.5,-12.5,-187.0,-726.0,-1453.0,-1686.0,138.0,-66.0
2021-07-28,-7715.5,-365.5,-4517.5,-1147.5,-12.5,-187.0,-726.0,-1453.0,-1686.0,38.0,-166.0
2021-07-29,-7853.0,-400.5,-4552.5,-1147.5,-35.5,-222.0,-726.0,-1488.0,-1721.0,38.0,-166.0
2021-07-30,-7708.5,-200.5,-4586.5,-1147.5,-69.5,-311.5,-726.0,-1488.0,-1810.5,38.0,34.0
2021-07-31,-7708.5,-200.5,-4586.5,-1147.5,-69.5,-311.5,-726.0,-1488.0,-1810.5,38.0,34.0
2021-08-01,-7708.5,-200.5,-4586.5,-1147.5,-69.5,-311.5,-726.0,-1488.0,-1810.5,38.0,34.0
2021-08-02,-7588.0,-225.5,-4611.5,-1147.5,-94.5,-336.5,-726.0,-1513.0,-1835.5,38.0,34.0
2021-08-03,-7716.0,-283.0,-4641.0,-1176.5,-152.0,-432.5,-755.0,-1542.5,-1865.0,38.0,5.0
2021-08-04,-7724.0,-377.5,-4692.5,-1188.0,-195.0,-467.0,-766.5,-1571.0,-1916.5,26.5,-23.5
2021-08-05,-7605.0,-259.0,-4752.5,-1230.5,-255.0,-531.0,-766.5,-1610.5,-1976.5,26.5,-66.0
2021-08-06,-7669.5,-272.5,-4762.5,-1230.5,-225.5,-544.5,-766.5,-1620.5,-2007.0,26.5,-67.0
2021-08-07,-7669.5,-272.5,-4762.5,-1230.5,-225.5,-544.5,-766.5,-1620.5,-2007.0,26.5,-67.0
2021-08-08,-7669.5,-272.5,-4762.5,-1230.5,-225.5,-544.5,-766.5,-1620.5,-2007.0,26.5,-67.0
2021-08-09,-7498.0,-266.0,-4784.0,-1202.5,-247.0,-516.5,-766.5,-1635.0,-2028.5,26.5,-39.0
2021-08-10,-7619.0,-331.0,-4824.0,-1255.5,-276.0,-533.5,-794.5,-1669.0,-2093.5,-1.5,-92.0
2021-08-11,-7480.5,-417.0,-4853.5,-1312.0,-332.5,-619.5,-794.5,-1669.0,-2123.0,-1.5,-148.5
2021-08-12,-7345.5,-491.0,-4882.0,-1357.5,-406.5,-693.5,-794.5,-1697.5,-2151.5,-1.5,-222.5
2021-08-13,-7426.0,-493.5,-4911.5,-1370.5,-379.5,-696.0,-807.5,-1727.0,-2181.0,-14.5,-235.5
2021-08-14,-7426.0,-493.5,-4911.5,-1370.5,-379.5,-696.0,-807.5,-1727.0,-2181.0,-14.5,-235.5
2021-08-15,-7470.0,-537.5,-4911.5,-1370.5,-379.5,-696.0,-807.5,-1727.0,-2181.0,-14.5,-235.5
2021-08-16,-7300.5,-657.5,-4932.5,-1370.5,-478.5,-816.0,-807.5,-1727.0,-2202.0,-14.5,-256.5
2021-08-17,-7100.5,-457.5,-4732.5,-1170.5,-478.5,-616.0,-607.5,-1527.0,-2002.0,185.5,-56.5
2021-08-18,-7121.5,-478.5,-4753.5,-1170.5,-478.5,-637.0,-607.5,-1548.0,-2023.0,185.5,-56.5
2021-08-19,-6834.5,-119.0,-4744.5,-1216.5,-524.5,-231.5,-653.5,-1493.0,-2063.5,139.5,-59.0
2021-08-20,-6874.5,-119.0,-4744.5,-1216.5,-524.5,-231.5,-653.5,-1493.0,-2063.5,139.5,-59.0
2021-08-21,-6874.5,-119.0,-4744.5,-1216.5,-524.5,-231.5,-653.5,-1493.0,-2063.5,139.5,-59.0
2021-08-22,-6939.5,-143.0,-4768.5,-1228.5,-524.5,-255.5,-665.5,-1517.0,-2087.5,127.5,-71.0
2021-08-23,-7001.5,-183.0,-4786.0,-1228.5,-564.5,-295.5,-665.5,-1534.5,-2105.0,127.5,-93.5
2021-08-24,-7063.5,-232.5,-4846.5,-1261.0,-581.5,-345.0,-698.0,-1595.0,-2154.5,127.5,-126.0
2021-08-25,-7099.0,-268.0,-4886.5,-1277.5,-605.0,-364.0,-714.5,-1635.0,-2203.5,111.0,-142.5
2021-08-26,-7072.5,-241.5,-4899.0,-1307.0,-635.0,-337.5,-714.5,-1647.5,-2216.0,111.0,-184.5
2021-08-27,-7189.0,-284.5,-4942.0,-1327.5,-657.5,-380.5,-735.0,-1668.0,-2259.0,111.0,-205.0
2021-08-28,-7189.0,-284.5,-4942.0,-1327.5,-657.5,-380.5,-735.0,-1668.0,-2259.0,111.0,-205.0
2021-08-29,-7189.0,-284.5,-4942.0,-1327.5,-657.5,-380.5,-735.0,-1668.0,-2259.0,111.0,-205.0
2021-08-30,-6857.0,-301.5,-4988.5,-1327.5,-657.5,-393.0,-735.0,-1497.5,-2305.5,111.0,-205.0
2021-08-31,-6927.0,-371.5,-5005.5,-1327.5,-727.5,-410.0,-735.0,-1514.5,-2322.5,111.0,-258.0
2021-09-01,-6915.0,-424.5,-5023.5,-1380.5,-745.5,-463.0,-753.0,-1532.5,-2340.5,93.0,-311.0
2021-09-02,-6913.0,-224.5,-4823.5,-1380.5,-545.5,-263.0,-753.0,-1332.5,-2140.5,93.0,-311.0
2021-09-03,-7005.0,-316.5,-4823.5,-1406.0,-577.0,-263.0,-753.0,-1332.5,-2172.0,93.0,-336.5
2021-09-04,-7005.0,-316.5,-4823.5,-1406.0,-577.0,-263.0,-753.0,-1332.5,-2172.0,93.0,-336.5
2021-09-05,-7005.0,-316.5,-4823.5,-1406.0,-577.0,-263.0,-753.0,-1332.5,-2172.0,93.0,-336.5
2021-09-06,-6921.5,-233.0,-4740.0,-1398.0,-577.0,-166.5,-745.0,-1249.0,-2088.5,93.0,-240.0
2021-09-07,-6841.0,-239.0,-4725.0,-1400.5,-583.0,-219.0,-745.0,-1234.0,-2073.5,93.0,-242.5
2021-09-08,-7023.5,-39.0,-4735.5,-1400.5,-383.0,-19.0,-745.0,-1244.5,-1873.5,93.0,-242.5
2021-09-09,-6845.0,139.5,-4557.0,-1200.5,-204.5,159.5,-745.0,-1066.0,-1695.0,93.0,-42.5
2021-09-10,-6923.5,106.0,-4590.5,-1215.0,-204.5,126.0,-759.5,-1099.5,-1728.5,93.0,-57.0
2021-09-11,-6923.5,106.0,-4590.5,-1215.0,-204.5,126.0,-759.5,-1099.5,-1728.5,93.0,-57.0
2021-09-12,-6932.0,97.5,-4599.0,-1223.5,-204.5,117.5,-768.0,-1108.0,-1737.0,93.0,-65.5
2021-09-13,-7018.5,36.5,-4660.0,-1223.5,-204.5,56.5,-768.0,-1139.0,-1798.0,93.0,-65.5
2021-09-14,-7198.5,-143.5,-4684.0,-1386.0,-384.5,-28.5,-768.0,-1163.0,-1859.0,93.0,-228.0
2021-09-15,-6935.5,-85.5,-4484.0,-1470.0,-442.5,-170.5,-768.0,-963.0,-1659.0,9.0,-312.0
2021-09-16,-6614.5,270.5,-4284.0,-1270.0,-286.5,229.5,-568.0,-963.0,-1459.0,9.0,88.0
2021-09-17,-6783.0,235.0,-4284.0,-1270.0,-322.0,229.5,-568.0,-963.0,-1494.5,9.0,88.0
2021-09-18,-6783.0,235.0,-4284.0,-1270.0,-322.0,229.5,-568.0,-963.0,-1494.5,9.0,88.0
2021-09-19,-6583.0,435.0,-4284.0,-1070.0,-322.0,429.5,-568.0,-963.0,-1494.5,209.0,288.0
2021-09-20,-6615.5,530.5,-4388.5,-1070.0,-363.0,525.0,-568.0,-963.0,-1399.0,209.0,288.0
2021-09-21,-6581.0,365.0,-4405.0,-1070.0,-363.0,359.5,-568.0,-979.5,-1415.5,209.0,288.0
2021-09-22,-6647.0,299.0,-4471.0,-1070.0,-393.5,293.5,-568.0,-1045.5,-1481.5,209.0,288.0
2021-09-23,-6890.0,92.0,-4537.5,-1115.5,-460.0,86.5,-595.0,-1112.0,-1598.0,182.0,203.0
2021-09-24,-6931.0,225.5,-4537.5,-1115.5,-260.0,20.0,-595.0,-1112.0,-1598.0,182.0,203.0
2021-09-25,-6931.0,225.5,-4537.5,-1115.5,-260.0,20.0,-595.0,-1112.0,-1598.0,182.0,203.0
2021-09-26,-6961.5,195.0,-4568.0,-1115.5,-260.0,-10.5,-595.0,-1142.5,-1628.5,182.0,203.0
2021-09-27,-7323.5,33.0,-4585.5,-1115.5,-131.5,-172.5,-595.0,-1160.0,-1646.0,182.0,112.5
2021-09-28,-7475.5,25.5,-4242.0,-1115.5,-193.5,-123.5,-595.0,-960.0,-1564.5,182.0,250.5
2021-09-29,-7700.0,-117.0,-4079.5,-1227.5,-193.5,-266.0,-632.5,-797.5,-1402.0,182.0,108.0
2021-09-30,-7683.0,-201.0,-4100.0,-1248.0,-257.0,-350.0,-653.0,-818.0,-1486.0,182.0,87.5
2021-10-01,-7305.5,-72.0,-4148.5,-1248.0,-57.0,-398.5,-653.0,-866.5,-1534.5,182.0,287.5
2021-10-02,-7305.5,-72.0,-4148.5,-1248.0,-57.0,-398.5,-653.0,-866.5,-1534.5,182.0,287.5
2021-10-03,-7305.5,-72.0,-4148.5,-1248.0,-57.0,-398.5,-653.0,-866.5,-1534.5,182.0,287.5
2021-10-04,-7020.5,-302.0,-4323.5,-1609.5,-137.5,-385.5,-729.0,-911.5,-1709.5,85.5,-218.5
2021-10-05,-6966.5,-335.5,-4163.5,-1609.5,-137.5,-379.0,-729.0,-751.5,-1549.5,85.5,-258.5
2021-10-06,-7199.5,-366.0,-4324.5,-1666.5,-191.0,-340.0,-786.0,-751.5,-1510.5,85.5,-315.5
2021-10-07,-7282.0,-436.5,-4395.0,-1699.0,-261.5,-410.5,-818.5,-822.0,-1581.0,85.5,-348.0
2021-10-08,-7270.0,-545.5,-4454.5,-1616.5,-179.0,-470.0,-818.5,-881.5,-1640.5,85.5,-296.0
2021-10-09,-7270.0,-545.5,-4454.5,-1616.5,-179.0,-470.0,-818.5,-881.5,-1640.5,85.5,-296.0
2021-10-10,-7270.0,-545.5,-4454.5,-1616.5,-179.0,-470.0,-818.5,-881.5,-1640.5,85.5,-296.0
2021-10-11,-7314.0,-609.0,-4459.0,-1616.5,-183.5,-533.5,-818.5,-886.0,-1704.0,85.5,-296.0
2021-10-12,-7031.0,-326.0,-4626.0,-1676.5,200.0,-510.5,-818.5,-902.5,-1681.0,85.5,-356.0
2021-10-13,-7103.5,-326.0,-4626.0,-1676.5,200.0,-510.5,-818.5,-902.5,-1681.0,85.5,-356.0
2021-10-14,-6997.0,-126.0,-4653.0,-1676.5,400.0,-310.5,-818.5,-929.5,-1708.0,85.5,-156.0
2021-10-15,-6808.0,63.0,-4694.0,-1487.5,589.0,-121.5,-818.5,-970.5,-1749.0,274.5,33.0
2021-10-16,-6808.0,63.0,-4694.0,-1487.5,589.0,-121.5,-818.5,-970.5,-1749.0,274.5,33.0
2021-10-17,-6808.0,63.0,-4694.0,-1487.5,589.0,-121.5,-818.5,-970.5,-1749.0,274.5,33.0
2021-10-18,-6519.5,217.5,-4783.0,-1517.5,789.0,33.0,-848.5,-1016.0,-1838.0,244.5,3.0
2021-10-19,-6339.0,404.0,-4596.5,-1517.5,789.0,-22.0,-848.5,-1029.5,-1651.5,244.5,203.0
2021-10-20,-6280.0,470.5,-4623.0,-1571.5,789.0,-6.5,-848.5,-1029.5,-1678.0,244.5,269.5
2021-10-21,-6480.5,642.5,-4685.5,-1606.0,989.0,-41.0,-883.0,-1029.5,-1740.5,210.0,207.0
2021-10-22,-6378.5,589.0,-4739.0,-1634.5,989.0,-94.5,-911.5,-1083.0,-1794.0,210.0,178.5
2021-10-23,-6378.5,589.0,-4739.0,-1634.5,989.0,-94.5,-911.5,-1083.0,-1794.0,210.0,178.5
2021-10-24,-6378.5,589.0,-4739.0,-1634.5,989.0,-94.5,-911.5,-1083.0,-1794.0,210.0,178.5
2021-10-25,-6567.0,767.5,-4560.5,-1634.5,967.5,-94.5,-911.5,-1104.5,-1615.5,210.0,178.5
2021-10-26,-6147.5,1010.0,-4383.5,-1369.0,924.5,82.5,-711.5,-927.5,-1438.5,475.5,444.0
2021-10-27,-6385.5,772.0,-4383.5,-1429.0,740.5,22.5,-711.5,-927.5,-1438.5,475.5,330.0
2021-10-28,-6514.0,643.5,-4383.5,-1513.0,740.5,-22.0,-711.5,-927.5,-1438.5,475.5,246.0
2021-10-29,-6516.5,641.0,-4416.5,-1388.5,813.5,-24.5,-711.5,-927.5,-1471.5,400.0,370.5
2021-10-30,-6516.5,641.0,-4416.5,-1388.5,813.5,-24.5,-711.5,-927.5,-1471.5,400.0,370.5
2021-10-31,-6516.5,641.0,-4416.5,-1388.5,813.5,-24.5,-711.5,-927.5,-1471.5,400.0,370.5
2021-11-01,-6371.5,599.0,-4458.5,-1419.5,813.5,-66.5,-742.5,-958.5,-1513.5,400.0,328.5
2021-11-02,-6396.5,574.0,-4483.5,-1419.5,813.5,-91.5,-742.5,-983.5,-1538.5,400.0,328.5
2021-11-03,-6476.0,543.5,-4514.0,-1419.5,813.5,-106.0,-742.5,-1014.0,-1569.0,400.0,328.5
2021-11-04,-6476.0,543.5,-4514.0,-1419.5,813.5,-106.0,-742.5,-1014.0,-1569.0,400.0,328.5
2021-11-05,-6490.0,529.5,-4528.0,-1419.5,813.5,-120.0,-742.5,-1028.0,-1583.0,400.0,328.5
2021-11-06,-6490.0,529.5,-4528.0,-1419.5,813.5,-120.0,-742.5,-1028.0,-1583.0,400.0,328.5
2021-11-07,-6490.0,529.5,-4528.0,-1419.5,813.5,-120.0,-742.5,-1028.0,-1583.0,400.0,328.5
2021-11-08,-6585.5,478.5,-4528.0,-1470.5,762.5,-171.0,-742.5,-1028.0,-1583.0,400.0,277.5
2021-11-09,-6734.0,398.0,-4528.0,-1470.5,682.0,-202.0,-742.5,-1028.0,-1619.0,400.0,277.5
2021-11-10,-7199.5,86.0,-4528.0,-1470.5,682.0,-329.0,-742.5,-1028.0,-1619.0,400.0,277.5
2021-11-11,-7054.0,232.5,-4528.0,-1470.5,682.0,-129.0,-742.5,-1028.0,-1472.5,400.0,224.0
2021-11-12,-7217.0,150.5,-4610.0,-1470.5,600.0,-183.0,-742.5,-1110.0,-1554.5,400.0,224.0
2021-11-13,-7217.0,150.5,-4610.0,-1470.5,600.0,-183.0,-742.5,-1110.0,-1554.5,400.0,224.0
2021-11-14,-7217.0,150.5,-4610.0,-1470.5,600.0,-183.0,-742.5,-1110.0,-1554.5,400.0,224.0
2021-11-15,-7241.5,126.0,-4634.5,-1470.5,575.5,-207.5,-742.5,-1134.5,-1579.0,400.0,224.0
2021-11-16,-7282.5,75.5,-4649.5,-1470.5,540.0,-258.0,-742.5,-1149.5,-1629.5,400.0,224.0
2021-11-17,-7464.5,-40.5,-4666.0,-1470.5,540.0,-374.0,-742.5,-1166.0,-1646.0,400.0,224.0
2021-11-18,-7552.0,-95.0,-4720.5,-1470.5,540.0,-428.5,-742.5,-1177.5,-1700.5,400.0,169.5
2021-11-19,-7614.0,-119.5,-4745.0,-1495.0,540.0,-453.0,-767.0,-1202.0,-1725.0,400.0,145.0
2021-11-20,-7614.0,-119.5,-4745.0,-1495.0,540.0,-453.0,-767.0,-1202.0,-1725.0,400.0,145.0
2021-11-21,-7614.0,-119.5,-4745.0,-1495.0,540.0,-453.0,-767.0,-1202.0,-1725.0,400.0,145.0
2021-11-22,-7821.5,-127.0,-4614.5,-1521.0,532.5,-460.5,-767.0,-1035.0,-1594.5,400.0,10.5
2021-11-23,-7742.0,-319.0,-4718.0,-1521.0,373.0,-652.5,-767.0,-1138.5,-1698.0,400.0,10.5
2021-11-24,-7730.5,-119.0,-4756.0,-1521.0,373.0,-690.5,-767.0,-1176.5,-1736.0,400.0,10.5
2021-11-25,-7764.0,-197.0,-4809.0,-1521.0,339.5,-743.5,-767.0,-1229.5,-1789.0,400.0,10.5
2021-11-26,-7468.0,-101.5,-4840.5,-1552.5,339.5,-648.0,-798.5,-1261.0,-1725.0,400.0,-63.0
2021-11-27,-7468.0,-101.5,-4840.5,-1552.5,339.5,-648.0,-798.5,-1261.0,-1725.0,400.0,-63.0
2021-11-28,-7330.5,-101.5,-4869.0,-1581.0,339.5,-676.5,-827.0,-1289.5,-1753.5,371.5,-91.5
2021-11-29,-7535.0,-349.5,-5008.0,-1629.0,291.5,-767.5,-875.0,-1320.0,-1892.5,323.5,-200.0
2021-11-30,-7697.5,-166.5,-5059.0,-1429.0,491.5,-784.5,-875.0,-1371.0,-1943.5,323.5,0.0
2021-12-01,-7924.0,-134.5,-5208.0,-1512.0,340.0,-1018.5,-958.0,-1437.0,-2177.5,240.5,-168.0
2021-12-02,-8419.5,-630.0,-5356.5,-1735.0,340.0,-1514.0,-983.5,-1521.5,-2523.5,142.0,-391.0
2021-12-03,-8547.0,-845.5,-5439.5,-1735.0,172.0,-1729.5,-983.5,-1557.0,-2686.0,142.0,-553.5
2021-12-04,-8547.0,-845.5,-5439.5,-1735.0,172.0,-1729.5,-983.5,-1557.0,-2686.0,142.0,-553.5
2021-12-05,-8547.0,-845.5,-5439.5,-1735.0,172.0,-1729.5,-983.5,-1557.0,-2686.0,142.0,-553.5
2021-12-06,-8240.0,-480.5,-5274.5,-1770.0,172.0,-1564.5,-1018.5,-1392.0,-2521.0,142.0,-588.5
2021-12-07,-8477.0,-680.5,-5274.5,-1770.0,-28.0,-1764.5,-1018.5,-1392.0,-2521.0,142.0,-588.5
2021-12-08,-8437.0,-640.5,-5306.0,-1801.5,-103.0,-1839.5,-1050.0,-1423.5,-2596.0,142.0,-505.0
2021-12-09,-8575.5,-748.0,-5306.0,-1862.5,-103.0,-1839.5,-1050.0,-1423.5,-2703.5,142.0,-612.5
2021-12-10,-8722.5,-637.0,-5445.0,-1670.5,52.0,-1928.5,-1108.0,-1481.5,-2842.5,142.0,-420.5
2021-12-11,-8722.5,-637.0,-5445.0,-1670.5,52.0,-1928.5,-1108.0,-1481.5,-2842.5,142.0,-420.5
2021-12-12,-8722.5,-637.0,-5445.0,-1670.5,52.0,-1928.5,-1108.0,-1481.5,-2842.5,142.0,-420.5
2021-12-13,-8155.5,-624.0,-5258.5,-1670.5,-32.5,-2026.5,-1108.0,-1495.0,-2656.0,142.0,-305.0
2021-12-14,-8038.5,-507.0,-5329.0,-1670.5,-45.0,-1897.0,-1108.0,-1565.5,-2726.5,142.0,-360.0
2021-12-15,-8532.0,-580.5,-5360.5,-1811.0,-118.5,-2030.0,-1108.0,-1597.0,-2758.0,142.0,-500.5
2021-12-16,-8839.0,-564.5,-5434.0,-1884.5,-168.5,-2014.0,-1181.5,-1670.5,-2831.5,142.0,-574.0
2021-12-17,-8668.5,-442.5,-5434.0,-1684.5,-46.5,-1814.0,-1181.5,-1670.5,-2909.5,142.0,-374.0
2021-12-18,-8668.5,-442.5,-5434.0,-1684.5,-46.5,-1814.0,-1181.5,-1670.5,-2909.5,142.0,-374.0
2021-12-19,-8704.5,-478.5,-5470.0,-1684.5,-46.5,-1850.0,-1181.5,-1706.5,-2945.5,142.0,-410.0
2021-12-20,-8769.0,-593.5,-5585.0,-1737.0,-109.0,-1965.0,-1234.0,-1821.5,-3060.5,142.0,-462.5
2021-12-21,-8515.5,-393.5,-5585.0,-1737.0,-109.0,-1965.0,-1234.0,-1821.5,-2860.5,142.0,-462.5
2021-12-22,-8493.0,-324.0,-5681.5,-1867.5,91.0,-1895.5,-1281.0,-1918.0,-2957.0,11.5,-593.0
2021-12-23,-8283.5,-396.5,-5710.5,-1867.5,91.0,-1968.0,-1281.0,-1947.0,-3029.5,11.5,-665.5
2021-12-24,-8283.5,-396.5,-5710.5,-1867.5,91.0,-1968.0,-1281.0,-1947.0,-3029.5,11.5,-665.5
2021-12-25,-8283.5,-396.5,-5710.5,-1867.5,91.0,-1968.0,-1281.0,-1947.0,-3029.5,11.5,-665.5
2021-12-26,-8341.0,-454.0,-5710.5,-1867.5,91.0,-2025.5,-1281.0,-1947.0,-3029.5,11.5,-665.5
2021-12-27,-8618.5,-648.0,-5710.5,-1777.5,0.0,-2219.5,-1281.0,-1947.0,-3029.5,11.5,-575.5
2021-12-28,-8161.5,-489.5,-5710.5,-1777.5,0.0,-2061.0,-1281.0,-1978.0,-3029.5,11.5,-575.5
2021-12-29,-7941.5,-298.5,-5519.5,-1803.0,200.0,-1870.0,-1306.5,-1987.0,-2838.5,-14.0,-384.5
2021-12-30,-7907.5,-220.5,-5519.5,-1803.0,200.0,-1870.0,-1306.5,-1987.0,-2638.5,-14.0,-306.5
2021-12-31,-7741.0,-54.0,-5553.0,-1803.0,200.0,-1703.5,-1306.5,-2020.5,-2672.0,-14.0,-306.5
2022-01-01,-7741.0,-54.0,-5553.0,-1803.0,200.0,-1703.5,-1306.5,-2020.5,-2672.0,-14.0,-306.5
2022-01-02,-7741.0,-54.0,-5553.0,-1803.0,200.0,-1703.5,-1306.5,-2020.5,-2672.0,-14.0,-306.5
2022-01-03,-8054.5,-122.0,-5621.0,-1846.0,200.0,-1771.5,-1349.5,-2045.5,-2740.0,-14.0,-349.5
2022-01-04,-8282.5,-275.0,-5687.5,-1846.0,160.5,-1914.0,-1349.5,-2112.0,-2806.5,-14.0,-368.5
2022-01-05,-8650.0,-468.0,-5687.5,-1846.0,74.0,-2107.0,-1349.5,-2112.0,-2891.5,-14.0,-455.0
2022-01-06,-9061.5,-535.0,-5754.5,-1846.0,7.0,-2107.0,-1349.5,-2179.0,-2958.5,-14.0,-455.0
2022-01-07,-9461.5,-535.0,-5754.5,-1846.0,7.0,-2107.0,-1349.5,-2179.0,-2958.5,-14.0,-455.0
2022-01-08,-9461.5,-535.0,-5754.5,-1846.0,7.0,-2107.0,-1349.5,-2179.0,-2958.5,-14.0,-455.0
2022-01-09,-9461.5,-535.0,-5754.5,-1846.0,7.0,-2107.0,-1349.5,-2179.0,-2958.5,-14.0,-455.0
2022-01-10,-9869.0,-742.5,-5787.5,-1879.0,7.0,-2314.5,-1382.5,-2212.0,-3066.0,-14.0,-562.5
2022-01-11,-10202.0,-606.5,-5851.5,-1879.0,7.0,-2378.5,-1382.5,-2240.0,-3130.0,-14.0,-562.5
2022-01-12,-10231.5,-636.0,-5881.0,-1879.0,7.0,-2408.0,-1382.5,-2269.5,-3159.5,-14.0,-562.5
2022-01-13,-10383.5,-719.5,-5902.0,-1879.0,-76.5,-2491.5,-1382.5,-2290.5,-3180.5,-14.0,-625.0
2022-01-14,-10660.5,-711.5,-5998.0,-2128.5,-115.0,-2483.5,-1478.5,-2329.0,-3276.5,-14.0,-874.5
2022-01-15,-10660.5,-711.5,-5998.0,-2128.5,-115.0,-2483.5,-1478.5,-2329.0,-3276.5,-14.0,-874.5
2022-01-16,-10660.5,-711.5,-5998.0,-2128.5,-115.0,-2483.5,-1478.5,-2329.0,-3276.5,-14.0,-874.5
2022-01-17,-10706.0,-606.5,-5893.0,-2170.5,32.0,-2378.5,-1520.5,-2424.0,-3171.5,-14.0,-939.0
2022-01-18,-10701.5,-206.5,-5893.0,-2170.5,32.0,-2178.5,-1520.5,-2424.0,-3171.5,-14.0,-739.0
2022-01-19,-9965.0,-207.0,-5893.0,-2365.5,232.0,-1984.0,-1520.5,-2424.0,-3046.5,-14.0,-934.0
2022-01-20,-9770.0,113.5,-5772.5,-2365.5,201.0,-1663.5,-1520.5,-2272.5,-2926.0,-14.0,-782.5
2022-01-21,-10303.0,-375.0,-5941.5,-2485.0,201.0,-2152.0,-1520.5,-2344.5,-3095.0,-14.0,-999.0
2022-01-22,-10303.0,-375.0,-5941.5,-2485.0,201.0,-2152.0,-1520.5,-2344.5,-3095.0,-14.0,-999.0
2022-01-23,-10303.0,-375.0,-5941.5,-2485.0,201.0,-2152.0,-1520.5,-2344.5,-3095.0,-14.0,-999.0
2022-01-24,-10322.5,-489.5,-6056.0,-2485.0,163.5,-2266.5,-1520.5,-2421.5,-3209.5,-14.0,-999.0
2022-01-25,-10655.5,-822.5,-6190.5,-2517.5,131.0,-2599.5,-1553.0,-2556.0,-3344.0,-14.0,-1430.0
2022-01-26,-11208.5,-836.0,-6004.0,-2317.5,131.0,-2613.0,-1353.0,-2369.5,-3157.5,-14.0,-1230.0
2022-01-27,-11008.5,-936.0,-6104.0,-2317.5,131.0,-2713.0,-1353.0,-2469.5,-3257.5,-14.0,-1330.0
2022-01-28,-11171.0,-765.5,-5933.5,-2202.0,131.0,-2542.5,-1237.5,-2499.0,-3087.0,186.0,-1014.5
2022-01-29,-11171.0,-765.5,-5933.5,-2202.0,131.0,-2542.5,-1237.5,-2499.0,-3087.0,186.0,-1014.5
2022-01-30,-11171.0,-765.5,-5933.5,-2202.0,131.0,-2542.5,-1237.5,-2499.0,-3087.0,186.0,-1014.5
2022-01-31,-11595.0,-835.0,-6003.0,-2202.0,85.5,-2612.0,-1237.5,-2568.5,-3156.5,186.0,-1014.5
2022-02-01,-11500.5,-671.5,-5839.5,-2202.0,249.0,-2448.5,-1237.5,-2605.0,-2993.0,186.0,-1014.5
2022-02-02,-10903.5,-423.0,-5679.0,-1914.0,297.5,-2288.0,-1037.5,-2444.5,-2832.5,186.0,-726.5
2022-02-03,-10439.0,-199.0,-5568.5,-1763.0,342.5,-2064.0,-1086.5,-2534.0,-2522.0,186.0,-575.5
2022-02-04,-11125.5,-199.0,-5368.5,-1963.0,542.5,-1864.0,-1086.5,-2334.0,-2322.0,-14.0,-775.5
2022-02-05,-11125.5,-199.0,-5368.5,-1963.0,542.5,-1864.0,-1086.5,-2334.0,-2322.0,-14.0,-775.5
2022-02-06,-11125.5,-199.0,-5368.5,-1963.0,542.5,-1864.0,-1086.5,-2334.0,-2322.0,-14.0,-775.5
2022-02-07,-11525.5,-179.5,-5461.0,-1963.0,674.5,-1888.5,-1086.5,-2426.5,-2414.5,-14.0,-888.0
2022-02-08,-11814.0,-398.0,-5558.5,-1963.0,516.0,-1986.0,-1086.5,-2464.0,-2512.0,-14.0,-888.0
2022-02-09,-11738.0,-77.0,-5413.5,-1787.0,516.0,-1865.0,-1086.5,-2264.0,-2367.0,-14.0,-712.0
2022-02-10,-11739.5,-7.0,-5413.5,-1787.0,516.0,-1795.0,-1086.5,-2264.0,-2414.5,-14.0,-712.0
2022-02-11,-11734.5,194.0,-5213.5,-1587.0,517.0,-1594.0,-886.5,-2064.0,-2292.5,-14.0,-512.0
2022-02-12,-11734.5,194.0,-5213.5,-1587.0,517.0,-1594.0,-886.5,-2064.0,-2292.5,-14.0,-512.0
2022-02-13,-11734.5,194.0,-5277.5,-1587.0,517.0,-1594.0,-886.5,-2128.0,-2356.5,-14.0,-512.0
2022-02-14,-11731.0,292.5,-5277.5,-1555.0,415.5,-1495.5,-886.5,-2128.0,-2356.5,-14.0,-613.5
2022-02-15,-11738.0,298.5,-5271.5,-1555.0,421.5,-1489.5,-886.5,-1928.0,-2350.5,-14.0,-613.5
2022-02-16,-11797.5,472.0,-5298.0,-1555.0,621.5,-1289.5,-886.5,-1954.5,-2177.0,-14.0,-640.0
2022-02-17,-11792.0,611.0,-5159.0,-1555.0,821.5,-1150.5,-886.5,-1815.5,-2038.0,-14.0,-640.0
2022-02-18,-12493.5,225.5,-5252.0,-1612.0,564.5,-1336.0,-943.5,-1851.5,-2131.0,-14.0,-697.0
2022-02-19,-12493.5,225.5,-5252.0,-1612.0,564.5,-1336.0,-943.5,-1851.5,-2131.0,-14.0,-697.0
2022-02-20,-12530.5,188.5,-5289.0,-1612.0,527.5,-1373.0,-943.5,-1888.5,-2168.0,-14.0,-697.0
2022-02-21,-12530.5,188.5,-5289.0,-1612.0,527.5,-1373.0,-943.5,-1888.5,-2168.0,-14.0,-697.0
2022-02-22,-12122.0,125.0,-5212.5,-1612.0,167.5,-1296.5,-943.5,-1738.5,-2091.5,-14.0,-770.5
2022-02-23,-11522.0,325.0,-5012.5,-1612.0,367.5,-1096.5,-943.5,-1538.5,-1891.5,-14.0,-770.5
2022-02-24,-12002.5,-155.5,-5128.0,-1612.0,367.5,-1529.5,-943.5,-1654.0,-2007.0,-14.0,-818.0
2022-02-25,-12120.0,-273.0,-5224.5,-1612.0,50.0,-1550.5,-943.5,-1750.5,-2124.5,-14.0,-818.0
2022-02-26,-12120.0,-273.0,-5224.5,-1612.0,50.0,-1550.5,-943.5,-1750.5,-2124.5,-14.0,-818.0
2022-02-27,-12120.0,-273.0,-5224.5,-1612.0,50.0,-1550.5,-943.5,-1750.5,-2124.5,-14.0,-818.0
2022-02-28,-12369.0,-264.0,-5202.5,-1704.0,250.0,-1541.5,-1035.5,-1676.5,-2102.5,-14.0,-923.0
2022-03-01,-12861.0,70.5,-5268.0,-1704.0,584.5,-1607.0,-1035.5,-1742.0,-2168.0,-14.0,-923.0
2022-03-02,-12552.0,33.5,-5305.0,-1704.0,584.5,-1644.0,-1035.5,-1779.0,-2205.0,-14.0,-923.0
2022-03-03,-12931.5,131.0,-5407.5,-1504.0,784.5,-1518.0,-1035.5,-1881.5,-2307.5,-14.0,-761.0
2022-03-04,-12581.5,481.0,-5457.5,-1554.0,1134.5,-1168.0,-1085.5,-1931.5,-2357.5,-14.0,-811.0
2022-03-05,-12581.5,481.0,-5457.5,-1554.0,1134.5,-1168.0,-1085.5,-1931.5,-2357.5,-14.0,-811.0
2022-03-06,-12581.5,481.0,-5457.5,-1554.0,1134.5,-1168.0,-1085.5,-1931.5,-2357.5,-14.0,-811.0
2022-03-07,-12696.0,495.5,-5339.5,-1657.5,1252.5,-1050.0,-1085.5,-1731.5,-2343.0,-14.0,-914.5
2022-03-08,-11860.5,895.5,-5339.5,-1657.5,1252.5,-850.0,-1085.5,-1731.5,-2343.0,-14.0,-914.5
2022-03-09,-11860.5,1295.5,-4939.5,-1657.5,1652.5,-250.0,-1085.5,-1331.5,-1943.0,-14.0,-914.5
2022-03-10,-11881.0,1311.0,-4739.5,-1657.5,1468.0,-234.5,-1085.5,-1331.5,-1743.0,-14.0,-914.5
2022-03-11,-12067.0,1150.5,-4772.5,-1785.0,1468.0,-395.0,-1085.5,-1364.5,-1776.0,-14.0,-1042.0
2022-03-12,-12067.0,1150.5,-4772.5,-1785.0,1468.0,-395.0,-1085.5,-1364.5,-1776.0,-14.0,-1042.0
2022-03-13,-12067.0,1150.5,-4772.5,-1785.0,1468.0,-395.0,-1085.5,-1364.5,-1776.0,-14.0,-1042.0
2022-03-14,-12471.0,746.5,-4858.5,-1785.0,1468.0,-799.0,-1085.5,-1450.5,-1862.0,-14.0,-1160.0
2022-03-15,-12627.5,709.5,-4895.5,-1785.0,1468.0,-836.0,-1085.5,-1487.5,-1899.0,-14.0,-1160.0
2022-03-16,-12535.0,871.5,-4933.5,-1785.0,1468.0,-674.0,-1085.5,-1525.5,-1737.0,-14.0,-1160.0
2022-03-17,-12498.0,908.5,-5096.5,-1785.0,1634.0,-637.0,-1085.5,-1688.5,-1900.0,-14.0,-1160.0
2022-03-18,-12526.0,880.5,-5124.5,-1785.0,1634.0,-665.0,-1085.5,-1716.5,-1928.0,-14.0,-1160.0
2022-03-19,-12526.0,880.5,-5124.5,-1785.0,1634.0,-665.0,-1085.5,-1716.5,-1928.0,-14.0,-1160.0
2022-03-20,-12526.0,880.5,-5124.5,-1785.0,1634.0,-665.0,-1085.5,-1716.5,-1928.0,-14.0,-1160.0
2022-03-21,-12566.0,840.5,-5164.5,-1785.0,1634.0,-705.0,-1085.5,-1756.5,-1968.0,-14.0,-1160.0
2022-03-22,-12486.5,769.5,-5249.5,-1837.0,1596.0,-776.0,-1137.5,-1841.5,-2053.0,-14.0,-1137.0
2022-03-23,-12794.0,518.5,-5049.5,-1837.0,1457.5,-888.5,-1137.5,-1641.5,-1853.0,-14.0,-1137.0
2022-03-24,-12746.0,636.5,-5131.5,-1837.0,1406.5,-770.5,-1137.5,-1707.0,-1935.0,-14.0,-992.0
2022-03-25,-13070.0,513.0,-5182.0,-1837.0,1343.0,-894.0,-1137.5,-1707.0,-1998.5,-14.0,-992.0
2022-03-26,-13070.0,513.0,-5182.0,-1837.0,1343.0,-894.0,-1137.5,-1707.0,-1998.5,-14.0,-992.0
2022-03-27,-13070.0,513.0,-5182.0,-1837.0,1343.0,-894.0,-1137.5,-1707.0,-1998.5,-14.0,-992.0
2022-03-28,-12786.5,228.0,-5207.5,-1837.0,1058.0,-1036.0,-1137.5,-1732.5,-2024.0,-14.0,-1108.5
2022-03-29,-13141.5,188.5,-5253.5,-1957.5,1058.0,-1075.5,-1137.5,-1778.5,-2143.0,-134.5,-1229.0
2022-03-30,-13252.5,8.0,-5294.0,-2080.5,877.5,-1256.0,-1137.5,-1819.0,-2183.5,-134.5,-1369.0
2022-03-31,-13569.5,-155.5,-5316.0,-2222.0,714.0,-1278.0,-1137.5,-1841.0,-2005.5,-276.0,-1510.5
2022-04-01,-13452.5,-224.5,-5368.0,-2239.0,642.5,-1330.0,-1137.5,-1893.0,-2057.5,-276.0,-1559.5
2022-04-02,-13452.5,-224.5,-5368.0,-2239.0,642.5,-1330.0,-1137.5,-1893.0,-2057.5,-276.0,-1559.5
2022-04-03,-13452.5,-224.5,-5368.0,-2239.0,642.5,-1330.0,-1137.5,-1893.0,-2057.5,-276.0,-1559.5
2022-04-04,-13228.0,-244.0,-5258.5,-2239.0,817.0,-1382.5,-1137.5,-1745.5,-1948.0,-276.0,-1586.5
2022-04-05,-13417.0,12.5,-5058.5,-2239.0,873.5,-1278.5,-1137.5,-1745.5,-1748.0,-276.0,-1386.5
2022-04-06,-13807.0,78.5,-5091.5,-2272.0,939.5,-1111.5,-1170.5,-1778.5,-1781.0,-309.0,-1520.5
2022-04-07,-13736.0,-39.0,-5209.0,-2311.0,900.5,-1229.0,-1209.5,-1896.0,-1898.5,-309.0,-1559.5
2022-04-08,-13932.0,-199.0,-5249.5,-2311.0,860.0,-1389.0,-1209.5,-1936.5,-1939.0,-309.0,-1559.5
2022-04-09,-13932.0,-199.0,-5249.5,-2311.0,860.0,-1389.0,-1209.5,-1936.5,-1939.0,-309.0,-1559.5
2022-04-10,-14156.5,-292.0,-5342.5,-2335.5,791.5,-1482.0,-1234.0,-2029.5,-2032.0,-309.0,-1652.5
2022-04-11,-14067.0,-202.5,-5342.5,-2335.5,791.5,-1392.5,-1234.0,-2029.5,-2032.0,-309.0,-1452.5
2022-04-12,-13824.0,-180.5,-5202.0,-2335.5,613.5,-1370.5,-1234.0,-1829.5,-1891.5,-309.0,-1571.0
2022-04-13,-13717.0,-3.5,-5225.0,-2335.5,790.5,-1193.5,-1234.0,-1852.5,-1714.5,-309.0,-1394.0
2022-04-14,-13944.5,-150.5,-5252.5,-2363.0,671.0,-1313.0,-1261.5,-1880.0,-1742.0,-336.5,-1421.5
2022-04-15,-13944.5,-150.5,-5252.5,-2363.0,671.0,-1313.0,-1261.5,-1880.0,-1742.0,-336.5,-1421.5
2022-04-16,-13944.5,-150.5,-5252.5,-2363.0,671.0,-1313.0,-1261.5,-1880.0,-1742.0,-336.5,-1421.5
2022-04-17,-13944.5,-150.5,-5252.5,-2363.0,671.0,-1313.0,-1261.5,-1880.0,-1742.0,-336.5,-1421.5
2022-04-18,-13458.0,136.0,-5052.5,-2163.0,970.5,-1013.5,-1261.5,-1680.0,-1542.0,-336.5,-1221.5
2022-04-19,-13608.0,80.5,-5108.0,-2163.0,1149.0,-1069.0,-1261.5,-1735.5,-1597.5,-536.5,-1221.5
2022-04-20,-13769.0,-80.5,-5159.0,-2331.0,1207.0,-1237.0,-1261.5,-1786.5,-1648.5,-704.5,-1389.5
2022-04-21,-14013.5,-464.5,-5201.5,-2331.0,899.0,-1545.0,-1261.5,-1829.0,-1691.0,-704.5,-1389.5
2022-04-22,-14157.0,-502.5,-5230.0,-2331.0,899.0,-1583.0,-1261.5,-1857.5,-1719.5,-704.5,-1418.0
2022-04-23,-14157.0,-502.5,-5230.0,-2331.0,899.0,-1583.0,-1261.5,-1857.5,-1719.5,-704.5,-1418.0
2022-04-24,-14157.0,-502.5,-5230.0,-2331.0,899.0,-1583.0,-1261.5,-1857.5,-1719.5,-704.5,-1418.0
2022-04-25,-13757.0,-302.5,-5230.0,-2331.0,899.0,-1383.0,-1261.5,-1857.5,-1719.5,-704.5,-1418.0
2022-04-26,-14055.0,-442.5,-5269.0,-2331.0,870.0,-1523.0,-1261.5,-1896.5,-1859.5,-704.5,-1548.0
2022-04-27,-14036.0,-277.5,-5304.0,-2331.0,870.0,-1358.0,-1261.5,-1931.5,-1894.5,-704.5,-1548.0
2022-04-28,-14324.5,60.5,-5166.0,-1931.0,1008.0,-1020.0,-1061.5,-1793.5,-1556.5,-504.5,-1148.0
2022-04-29,-14671.5,27.0,-5199.5,-1931.0,974.5,-1053.5,-1061.5,-1827.0,-1590.0,-504.5,-1148.0
2022-04-30,-14671.5,27.0,-5199.5,-1931.0,974.5,-1053.5,-1061.5,-1827.0,-1590.0,-504.5,-1148.0
2022-05-01,-14741.5,-43.0,-5269.5,-1931.0,974.5,-1123.5,-1061.5,-1897.0,-1660.0,-504.5,-1218.0
2022-05-02,-14975.0,-76.5,-5303.0,-1931.0,974.5,-1157.0,-1061.5,-1930.5,-1693.5,-504.5,-1218.0
2022-05-03,-14976.0,-166.0,-5140.5,-1931.0,922.5,-1085.5,-1061.5,-1768.0,-1622.0,-504.5,-1179.0
2022-05-04,-15735.0,-269.5,-5244.0,-1931.0,922.5,-1189.0,-1061.5,-1819.0,-1725.5,-504.5,-1236.0
2022-05-05,-15884.5,-419.0,-5244.0,-1931.0,922.5,-1338.5,-1061.5,-1819.0,-1875.0,-504.5,-1236.0
2022-05-06,-16134.0,-619.0,-5044.0,-1931.0,1122.5,-1538.5,-1061.5,-1619.0,-1475.0,-504.5,-1236.0
2022-05-07,-16134.0,-619.0,-5044.0,-1931.0,1122.5,-1538.5,-1061.5,-1619.0,-1475.0,-504.5,-1236.0
2022-05-08,-16134.0,-619.0,-5044.0,-1931.0,1122.5,-1538.5,-1061.5,-1619.0,-1475.0,-504.5,-1236.0
2022-05-09,-15934.0,-419.0,-4844.0,-1931.0,1122.5,-1338.5,-1061.5,-1419.0,-1275.0,-504.5,-1036.0
2022-05-10,-15838.0,-484.0,-4542.5,-1829.5,956.0,-1203.5,-960.0,-1019.0,-973.5,-304.5,-934.5
2022-05-11,-16250.5,-748.0,-4648.5,-1829.5,850.0,-1467.5,-960.0,-1019.0,-1079.5,-304.5,-1040.5
2022-05-12,-16481.5,-548.0,-4740.5,-1629.5,758.0,-1467.5,-960.0,-1019.0,-879.5,-304.5,-1040.5
2022-05-13,-16925.5,-792.0,-4842.5,-1629.5,616.0,-1609.5,-960.0,-1019.0,-981.5,-304.5,-1182.5
2022-05-14,-16925.5,-792.0,-4842.5,-1629.5,616.0,-1609.5,-960.0,-1019.0,-981.5,-304.5,-1182.5
2022-05-15,-16990.0,-856.5,-4907.0,-1629.5,616.0,-1609.5,-960.0,-1083.5,-1046.0,-304.5,-1182.5
2022-05-16,-16231.5,-295.5,-4946.0,-1629.5,1216.0,-1648.5,-960.0,-1122.5,-1085.0,-304.5,-982.5
2022-05-17,-16187.0,-95.5,-4746.0,-1429.5,1060.5,-1448.5,-760.0,-922.5,-885.0,-104.5,-782.5
2022-05-18,-16462.5,64.5,-4586.0,-1496.5,1260.5,-1288.5,-760.0,-762.5,-725.0,-104.5,-849.5
2022-05-19,-15931.5,420.5,-4499.0,-1296.5,1191.5,-1201.5,-760.0,-606.5,-638.0,95.5,-649.5
2022-05-20,-16737.5,-61.0,-4662.5,-1296.5,785.5,-1464.0,-760.0,-694.5,-801.5,95.5,-725.0
2022-05-21,-16737.5,-61.0,-4662.5,-1296.5,785.5,-1464.0,-760.0,-694.5,-801.5,95.5,-725.0
2022-05-22,-16737.5,-61.0,-4662.5,-1296.5,785.5,-1464.0,-760.0,-694.5,-801.5,95.5,-725.0
2022-05-23,-16811.5,3.0,-4706.0,-1296.5,893.0,-1507.5,-760.0,-738.0,-845.0,95.5,-661.0
2022-05-24,-16640.5,707.5,-4401.5,-1157.0,1597.5,-1003.0,-620.5,-433.5,-540.5,95.5,-321.5
2022-05-25,-16313.0,462.5,-4552.0,-1157.0,1406.5,-1153.5,-620.5,-584.0,-691.0,95.5,-366.0
2022-05-26,-16596.0,379.5,-4597.5,-1173.5,1406.5,-1220.0,-637.0,-629.5,-736.5,79.0,-366.0
2022-05-27,-16801.0,335.0,-4642.0,-1173.5,1362.0,-1264.5,-637.0,-674.0,-781.0,79.0,-366.0
2022-05-28,-16801.0,335.0,-4642.0,-1173.5,1362.0,-1264.5,-637.0,-674.0,-781.0,79.0,-366.0
2022-05-29,-16801.0,335.0,-4642.0,-1173.5,1362.0,-1264.5,-637.0,-674.0,-781.0,79.0,-366.0
2022-05-30,-16629.0,507.0,-4670.0,-1173.5,1362.0,-1092.5,-637.0,-702.0,-809.0,79.0,-166.0
2022-05-31,-16394.5,838.5,-4538.5,-1173.5,1693.5,-761.0,-637.0,-570.5,-677.5,79.0,-166.0
2022-06-01,-16594.5,932.5,-4644.5,-1173.5,1693.5,-667.0,-637.0,-676.5,-783.5,79.0,-222.0
2022-06-02,-16853.5,994.0,-4708.5,-1173.5,1829.5,-605.5,-637.0,-740.5,-922.0,79.0,-22.0
2022-06-03,-17539.0,908.5,-4755.5,-1173.5,1791.0,-691.0,-637.0,-787.5,-969.0,79.0,-60.5
2022-06-04,-17539.0,908.5,-4755.5,-1173.5,1791.0,-691.0,-637.0,-787.5,-969.0,79.0,-60.5
2022-06-05,-17539.0,908.5,-4755.5,-1173.5,1791.0,-691.0,-637.0,-787.5,-969.0,79.0,-60.5
2022-06-06,-17461.0,1250.5,-4355.5,-1173.5,1733.0,-349.0,-637.0,-387.5,-627.0,79.0,139.5
2022-06-07,-17563.0,1148.5,-4457.5,-1173.5,1631.0,-451.0,-637.0,-428.0,-729.0,79.0,139.5
2022-06-08,-17420.0,1304.0,-4502.0,-1173.5,1786.5,-295.5,-637.0,-472.5,-773.5,79.0,339.5
2022-06-09,-17484.5,1255.5,-4502.0,-1173.5,1986.5,-227.0,-637.0,-472.5,-773.5,79.0,339.5
2022-06-10,-17561.5,1251.5,-4345.5,-1173.5,2026.0,-231.0,-637.0,-316.0,-617.0,79.0,339.5
2022-06-11,-17561.5,1251.5,-4345.5,-1173.5,2026.0,-231.0,-637.0,-316.0,-617.0,79.0,339.5
2022-06-12,-17561.5,1251.5,-4345.5,-1173.5,2026.0,-231.0,-637.0,-316.0,-617.0,79.0,339.5
2022-06-13,-17638.0,1274.0,-4145.5,-1260.5,2139.0,-321.5,-637.0,-316.0,-504.0,79.0,162.0
2022-06-14,-17811.0,1126.0,-4197.5,-1260.5,2087.0,-321.5,-637.0,-368.0,-652.0,79.0,110.0
2022-06-15,-17599.5,1201.5,-4322.0,-1060.5,2162.5,-246.0,-637.0,-492.5,-776.5,79.0,239.0
2022-06-16,-18077.0,1124.0,-4399.5,-1138.0,2085.0,-323.5,-714.5,-570.0,-854.0,79.0,161.5
2022-06-17,-17897.5,1256.5,-4467.0,-1138.0,2285.0,-191.0,-714.5,-637.5,-921.5,79.0,123.5
2022-06-18,-17897.5,1256.5,-4467.0,-1138.0,2285.0,-191.0,-714.5,-637.5,-921.5,79.0,123.5
2022-06-19,-17897.5,1256.5,-4467.0,-1138.0,2285.0,-191.0,-714.5,-637.5,-921.5,79.0,123.5
2022-06-20,-17769.0,1330.5,-4487.0,-1064.0,2285.0,-216.0,-739.5,-657.5,-941.5,79.0,197.5
2022-06-21,-17446.5,1506.5,-4538.5,-1121.5,2461.0,-267.5,-739.5,-709.0,-993.0,79.0,140.0
2022-06-22,-17104.0,1489.5,-4625.0,-1192.5,2413.0,-284.5,-739.5,-747.5,-939.0,79.0,9.5
2022-06-23,-16809.0,1889.5,-4663.5,-1192.5,2613.0,-123.0,-739.5,-786.0,-977.5,79.0,9.5
2022-06-24,-17119.0,1579.5,-4823.5,-1192.5,2491.0,-433.0,-739.5,-870.5,-1137.5,79.0,9.5
2022-06-25,-17119.0,1579.5,-4823.5,-1192.5,2491.0,-433.0,-739.5,-870.5,-1137.5,79.0,9.5
2022-06-26,-17119.0,1579.5,-4823.5,-1192.5,2491.0,-433.0,-739.5,-870.5,-1137.5,79.0,9.5
2022-06-27,-17229.5,1823.0,-4468.0,-1304.5,2534.5,-189.5,-739.5,-715.0,-782.0,-33.0,-147.0
2022-06-28,-17044.5,1676.0,-4615.0,-1304.5,2387.5,-276.0,-739.5,-801.5,-929.0,-33.0,-147.0
2022-06-29,-16993.0,1503.0,-4709.0,-1304.5,2214.5,-316.0,-739.5,-895.5,-1023.0,-33.0,-241.0
2022-06-30,-17347.0,1249.0,-4770.0,-1304.5,2021.5,-377.0,-739.5,-956.5,-1084.0,-33.0,-241.0
2022-07-01,-16947.0,1170.0,-4770.0,-1304.5,1942.5,-456.0,-739.5,-956.5,-1163.0,-33.0,-241.0
2022-07-02,-16947.0,1170.0,-4770.0,-1304.5,1942.5,-456.0,-739.5,-956.5,-1163.0,-33.0,-241.0
2022-07-03,-16747.0,1370.0,-4570.0,-1104.5,2142.5,-456.0,-539.5,-756.5,-963.0,167.0,-41.0
2022-07-04,-16842.5,1437.5,-4502.5,-1034.5,2110.0,-356.0,-469.5,-689.0,-895.5,167.0,-3.5
2022-07-05,-16998.5,1230.0,-4633.5,-1052.0,1930.5,-513.0,-469.5,-769.5,-1044.0,167.0,-91.0
2022-07-06,-17073.0,1155.5,-4691.0,-1052.0,1873.0,-587.5,-469.5,-769.5,-1118.5,167.0,-148.5
2022-07-07,-16844.5,905.0,-4734.0,-1052.0,1751.0,-587.5,-469.5,-769.5,-1161.5,167.0,-227.5
2022-07-08,-17149.0,677.0,-4734.0,-1122.5,1597.5,-815.5,-469.5,-769.5,-1161.5,96.5,-381.0
2022-07-09,-17149.0,677.0,-4734.0,-1122.5,1597.5,-815.5,-469.5,-769.5,-1161.5,96.5,-381.0
2022-07-10,-17149.0,677.0,-4734.0,-1122.5,1597.5,-815.5,-469.5,-769.5,-1161.5,96.5,-381.0
2022-07-11,-17273.5,537.0,-4734.0,-1122.5,1457.5,-955.5,-469.5,-769.5,-1229.0,96.5,-381.0
2022-07-12,-17419.0,391.5,-4816.5,-1146.0,1371.0,-1042.0,-493.0,-793.0,-1311.5,73.0,-404.5
2022-07-13,-17316.0,564.0,-4844.0,-1173.5,1371.0,-1069.5,-520.5,-820.5,-1339.0,73.0,-432.0
2022-07-14,-17187.5,475.5,-4842.5,-1173.5,1282.5,-1068.0,-520.5,-819.0,-1337.5,73.0,-398.5
2022-07-15,-17142.5,520.5,-4797.5,-1173.5,1230.0,-1023.0,-520.5,-819.0,-1292.5,73.0,-301.0
2022-07-16,-17142.5,520.5,-4797.5,-1173.5,1230.0,-1023.0,-520.5,-819.0,-1292.5,73.0,-301.0
2022-07-17,-17258.5,520.5,-4797.5,-1173.5,1230.0,-1023.0,-520.5,-819.0,-1292.5,73.0,-301.0
2022-07-18,-16851.0,435.5,-4882.5,-1173.5,1214.0,-1108.0,-520.5,-864.0,-1377.5,73.0,-301.0
2022-07-19,-17113.5,435.5,-4882.5,-1173.5,1214.0,-1108.0,-520.5,-864.0,-1377.5,73.0,-301.0
2022-07-20,-17331.5,363.0,-4955.0,-1173.5,1141.5,-1180.5,-520.5,-929.5,-1450.0,73.0,-267.0
2022-07-21,-17575.5,393.0,-4955.0,-1069.5,1067.5,-1150.5,-520.5,-929.5,-1524.0,-23.0,-237.0
2022-07-22,-17644.5,357.5,-4790.5,-1269.5,1067.5,-986.0,-520.5,-765.0,-1359.5,-23.0,-272.5
2022-07-23,-17644.5,357.5,-4790.5,-1269.5,1067.5,-986.0,-520.5,-765.0,-1359.5,-23.0,-272.5
2022-07-24,-17644.5,357.5,-4790.5,-1269.5,1067.5,-986.0,-520.5,-765.0,-1359.5,-23.0,-272.5
2022-07-25,-17771.5,227.5,-4790.5,-1334.0,937.5,-1051.5,-520.5,-765.0,-1424.0,-23.0,-402.5
2022-07-26,-17996.5,363.5,-4854.5,-1334.0,937.5,-851.5,-520.5,-792.5,-1288.0,-23.0,-402.5
2022-07-27,-18423.0,295.5,-4854.5,-1334.0,869.5,-919.5,-520.5,-792.5,-1356.0,-23.0,-470.5
2022-07-28,-18702.5,-31.0,-4887.0,-1334.0,669.5,-952.0,-520.5,-825.0,-1388.5,-23.0,-470.5
2022-07-29,-18573.0,140.0,-4716.0,-1334.0,835.5,-781.0,-520.5,-654.0,-1217.5,-23.0,-470.5
2022-07-30,-18573.0,140.0,-4716.0,-1334.0,835.5,-781.0,-520.5,-654.0,-1217.5,-23.0,-470.5
2022-07-31,-18573.0,140.0,-4716.0,-1334.0,835.5,-781.0,-520.5,-654.0,-1217.5,-23.0,-470.5
2022-08-01,-18019.5,405.0,-4562.5,-1134.0,989.0,-827.5,-520.5,-700.5,-1064.0,-23.0,-87.0
2022-08-02,-17619.5,306.5,-4596.5,-1168.0,884.5,-892.0,-554.5,-734.5,-1098.0,-23.0,-121.0
2022-08-03,-17235.0,491.0,-4412.0,-1168.0,1069.0,-707.5,-554.5,-550.0,-913.5,-23.0,-121.0
2022-08-04,-17097.0,639.0,-4264.0,-1168.0,1238.5,-559.5,-554.5,-402.0,-765.5,-23.0,-121.0
2022-08-05,-17212.5,923.5,-4093.5,-1197.5,1238.5,-389.0,-584.0,-431.5,-595.0,-52.5,-36.5
2022-08-06,-17212.5,923.5,-4093.5,-1197.5,1238.5,-389.0,-584.0,-431.5,-595.0,-52.5,-36.5
2022-08-07,-17212.5,923.5,-4093.5,-1197.5,1238.5,-389.0,-584.0,-431.5,-595.0,-52.5,-36.5
2022-08-08,-17013.0,1210.5,-3946.5,-1197.5,1394.0,2.5,-584.0,-240.0,-448.0,-52.5,-36.5
2022-08-09,-16509.0,1188.5,-3968.5,-1197.5,1394.0,-19.5,-584.0,-262.0,-470.0,-52.5,-58.5
2022-08-10,-16693.5,1086.0,-4071.0,-1197.5,1321.0,-122.0,-584.0,-312.0,-572.5,-52.5,-58.5
2022-08-11,-16883.0,995.5,-4112.0,-1197.5,1230.5,-212.5,-584.0,-353.0,-663.0,-52.5,-58.5
2022-08-12,-16483.0,1195.5,-4126.0,-997.5,1124.5,-69.5,-584.0,-367.0,-783.0,147.5,141.5
2022-08-13,-16483.0,1195.5,-4126.0,-997.5,1124.5,-69.5,-584.0,-367.0,-783.0,147.5,141.5
2022-08-14,-16483.0,1195.5,-4126.0,-997.5,1124.5,-69.5,-584.0,-367.0,-783.0,147.5,141.5
2022-08-15,-16221.0,1186.5,-4154.0,-1006.5,1115.5,-97.5,-593.0,-395.0,-792.0,138.5,132.5
2022-08-16,-16101.5,1403.5,-4187.0,-937.5,1384.5,102.5,-593.0,-428.0,-644.0,138.5,201.5
2022-08-17,-15795.0,1222.0,-4187.0,-937.5,1203.0,14.5,-593.0,-428.0,-644.0,138.5,201.5
2022-08-18,-15515.0,1375.0,-3987.0,-737.5,1356.0,167.5,-393.0,-463.0,-491.0,138.5,354.5
2022-08-19,-15863.5,1375.0,-3987.0,-737.5,1356.0,167.5,-393.0,-463.0,-491.0,138.5,354.5
2022-08-20,-15863.5,1375.0,-3987.0,-737.5,1356.0,167.5,-393.0,-463.0,-491.0,138.5,354.5
2022-08-21,-15863.5,1375.0,-3987.0,-737.5,1356.0,167.5,-393.0,-463.0,-491.0,138.5,354.5
2022-08-22,-16347.0,1286.0,-4024.0,-751.5,1267.0,78.5,-407.0,-500.0,-580.0,138.5,317.5
2022-08-23,-16176.5,1256.5,-4053.5,-751.5,1237.5,49.0,-407.0,-529.5,-609.5,138.5,317.5
2022-08-24,-15976.5,1396.0,-4085.5,-551.5,1437.5,17.0,-407.0,-561.5,-641.5,138.5,517.5
2022-08-25,-15429.0,1943.5,-3738.0,-351.5,1753.0,564.5,-207.0,-214.0,-294.0,338.5,883.0
2022-08-26,-15532.0,1911.0,-3799.0,-351.5,1720.5,310.0,-207.0,-275.0,-439.0,338.5,883.0
2022-08-27,-15532.0,1911.0,-3799.0,-351.5,1720.5,310.0,-207.0,-275.0,-439.0,338.5,883.0
2022-08-28,-15690.5,1911.0,-3799.0,-351.5,1720.5,310.0,-207.0,-275.0,-439.0,338.5,883.0
2022-08-29,-15853.0,1748.5,-3884.0,-429.0,1720.5,225.0,-207.0,-360.0,-601.5,338.5,748.0
2022-08-30,-15867.5,1711.0,-3921.5,-429.0,1720.5,187.5,-207.0,-397.5,-639.0,338.5,710.5
2022-08-31,-15282.5,2048.0,-3721.5,-429.0,1657.5,587.5,-207.0,-197.5,-502.0,338.5,710.5
2022-09-01,-14864.0,1890.5,-3721.5,-429.0,1500.0,430.0,-207.0,-197.5,-566.0,338.5,646.5
2022-09-02,-14928.0,2026.5,-3585.5,-429.0,1500.0,566.0,-207.0,-61.5,-430.0,338.5,782.5
2022-09-03,-14928.0,2026.5,-3585.5,-429.0,1500.0,566.0,-207.0,-61.5,-430.0,338.5,782.5
2022-09-04,-14984.5,1970.0,-3642.0,-485.5,1500.0,509.5,-263.5,-118.0,-486.5,338.5,726.0
2022-09-05,-15028.5,1926.0,-3686.0,-529.5,1500.0,465.5,-307.5,-162.0,-530.5,338.5,682.0
2022-09-06,-14961.0,2526.0,-3486.0,-359.0,1900.0,865.5,-337.0,-191.5,-330.5,338.5,852.5
2022-09-07,-15186.0,2411.5,-3518.5,-441.0,1867.5,833.0,-337.0,-224.0,-445.0,338.5,770.5
2022-09-08,-15281.5,2611.5,-3518.5,-441.0,2067.5,1033.0,-337.0,-224.0,-445.0,338.5,770.5
2022-09-09,-15504.0,2589.0,-3596.5,-441.0,2067.5,1010.5,-337.0,-224.0,-523.0,338.5,826.0
2022-09-10,-15504.0,2589.0,-3596.5,-441.0,2067.5,1010.5,-337.0,-224.0,-523.0,338.5,826.0
2022-09-11,-15504.0,2589.0,-3596.5,-441.0,2067.5,1010.5,-337.0,-224.0,-523.0,338.5,826.0
2022-09-12,-15035.5,2938.5,-3396.5,-441.0,2054.0,1360.0,-337.0,-24.0,-323.0,338.5,826.0
2022-09-13,-15552.5,2622.0,-3459.5,-542.0,1818.5,1043.5,-337.0,-87.0,-386.0,338.5,662.0
2022-09-14,-15416.5,2481.5,-3500.5,-614.5,1678.0,930.0,-337.0,-128.0,-526.5,338.5,562.5
2022-09-15,-15090.5,2294.5,-3300.5,-614.5,1604.0,856.0,-337.0,72.0,-400.5,338.5,562.5
2022-09-16,-14683.0,2494.5,-3100.5,-614.5,1541.5,1056.0,-337.0,272.0,-200.5,338.5,762.5
2022-09-17,-14683.0,2494.5,-3100.5,-614.5,1541.5,1056.0,-337.0,272.0,-200.5,338.5,762.5
2022-09-18,-14683.0,2494.5,-3100.5,-614.5,1541.5,1056.0,-337.0,272.0,-200.5,338.5,762.5
2022-09-19,-14363.5,2236.0,-3117.0,-744.5,1395.0,1008.0,-337.0,255.5,-217.0,338.5,632.5
2022-09-20,-14215.0,2281.5,-3129.0,-744.5,1440.5,841.5,-337.0,243.5,-277.5,338.5,832.5
2022-09-21,-14358.5,2233.0,-3177.5,-744.5,1392.0,793.0,-337.0,232.0,-326.0,338.5,821.0
2022-09-22,-14467.0,2124.5,-3286.0,-793.5,1343.0,733.5,-386.0,123.5,-434.5,289.5,772.0
2022-09-23,-14467.0,2124.5,-3286.0,-793.5,1343.0,733.5,-386.0,123.5,-434.5,289.5,772.0
2022-09-24,-14467.0,2124.5,-3286.0,-793.5,1343.0,733.5,-386.0,123.5,-434.5,289.5,772.0
2022-09-25,-14467.0,2124.5,-3286.0,-793.5,1343.0,733.5,-386.0,123.5,-434.5,289.5,772.0
2022-09-26,-14546.5,2007.0,-3286.0,-793.5,1343.0,616.0,-386.0,123.5,-434.5,289.5,654.5
2022-09-27,-14795.0,1877.5,-3386.0,-977.0,1213.5,557.5,-444.5,23.5,-534.5,106.0,525.0
2022-09-28,-15285.5,1619.0,-3451.5,-977.0,1203.5,299.0,-444.5,-42.0,-600.0,106.0,525.0
2022-09-29,-14921.5,1983.0,-3051.5,-777.0,1490.0,338.0,-244.5,-80.5,-200.0,106.0,725.0
2022-09-30,-15451.5,1694.5,-3144.0,-777.0,1229.5,245.5,-244.5,-173.0,-292.5,106.0,501.0
2022-10-01,-15451.5,1694.5,-3144.0,-777.0,1229.5,245.5,-244.5,-173.0,-292.5,106.0,501.0
2022-10-02,-15451.5,1694.5,-3144.0,-777.0,1229.5,245.5,-244.5,-173.0,-292.5,106.0,501.0
2022-10-03,-15532.0,1614.0,-3144.0,-777.0,1229.5,165.0,-244.5,-173.0,-373.0,106.0,501.0
2022-10-04,-15706.0,1570.5,-3187.5,-777.0,1229.5,121.5,-244.5,-216.5,-416.5,106.0,501.0
2022-10-05,-15951.5,1558.5,-3234.0,-823.5,1217.5,109.5,-291.0,-263.0,-463.0,106.0,454.5
2022-10-06,-15725.0,2051.5,-2669.5,-666.0,1339.5,602.5,-133.5,-341.0,101.5,106.0,783.0
2022-10-07,-15846.0,1930.5,-2777.0,-666.0,1326.0,495.0,-133.5,-382.0,-6.0,106.0,783.0
2022-10-08,-15846.0,1930.5,-2777.0,-666.0,1326.0,495.0,-133.5,-382.0,-6.0,106.0,783.0
2022-10-09,-15846.0,1930.5,-2777.0,-666.0,1326.0,495.0,-133.5,-382.0,-6.0,106.0,783.0
2022-10-10,-16230.0,1993.5,-2863.0,-803.0,999.5,558.0,-133.5,-416.5,-92.0,106.0,846.0
2022-10-11,-15735.5,1668.0,-3000.0,-803.0,706.0,232.5,-133.5,-490.5,-229.0,106.0,846.0
2022-10-12,-15539.0,1913.0,-3044.5,-803.0,995.5,477.5,-133.5,-535.0,-73.5,106.0,935.5
2022-10-13,-16164.0,1632.0,-3125.5,-803.0,962.0,196.5,-133.5,-616.0,-154.5,106.0,902.0
2022-10-14,-16818.0,1501.0,-3482.5,-547.0,934.5,127.5,-277.5,-701.5,-511.5,106.0,1158.0
2022-10-15,-16818.0,1501.0,-3482.5,-547.0,934.5,127.5,-277.5,-701.5,-511.5,106.0,1158.0
2022-10-16,-16835.5,1483.5,-3500.0,-547.0,917.0,110.0,-277.5,-719.0,-529.0,106.0,1158.0
2022-10-17,-16938.0,1683.5,-3300.0,-547.0,1117.0,310.0,-277.5,-719.0,-329.0,106.0,1158.0
2022-10-18,-17107.0,1514.5,-3430.5,-599.0,948.0,179.5,-329.5,-794.0,-459.5,54.0,1050.5
2022-10-19,-16681.0,1645.5,-3465.5,-433.0,1079.0,310.5,-329.5,-829.0,-494.5,54.0,1181.5
2022-10-20,-16743.5,1809.5,-3501.5,-433.0,1043.0,274.5,-329.5,-865.0,-330.5,54.0,1145.5
2022-10-21,-16924.0,1717.0,-3594.0,-233.0,950.5,182.0,-329.5,-901.0,-423.0,254.0,1345.5
2022-10-22,-16924.0,1717.0,-3594.0,-233.0,950.5,182.0,-329.5,-901.0,-423.0,254.0,1345.5
2022-10-23,-16724.0,1917.0,-3594.0,-233.0,950.5,382.0,-329.5,-901.0,-423.0,254.0,1345.5
2022-10-24,-16855.5,1747.5,-3668.5,-307.5,855.5,287.0,-404.0,-901.0,-497.5,254.0,1271.0
2022-10-25,-17316.5,1713.0,-3794.0,-291.5,805.0,236.5,-479.0,-1025.5,-623.0,179.0,1287.0
2022-10-26,-16863.5,1766.0,-3839.5,-91.5,658.0,289.5,-479.0,-1071.0,-668.5,179.0,1441.5
2022-10-27,-16976.5,2166.0,-3839.5,108.5,1058.0,289.5,-479.0,-1071.0,-668.5,179.0,1641.5
2022-10-28,-17180.5,2132.5,-3873.0,108.5,1024.5,256.0,-479.0,-1104.5,-702.0,179.0,1641.5
2022-10-29,-17180.5,2132.5,-3873.0,108.5,1024.5,256.0,-479.0,-1104.5,-702.0,179.0,1641.5
2022-10-30,-17180.5,2132.5,-3873.0,108.5,1024.5,256.0,-479.0,-1104.5,-702.0,179.0,1641.5
2022-10-31,-16992.0,2321.0,-3729.0,108.5,1269.0,400.0,-479.0,-904.5,-558.0,179.0,1629.5
2022-11-01,-17478.5,2195.5,-3788.5,108.5,1195.5,348.0,-479.0,-904.5,-669.5,179.0,1577.5
2022-11-02,-17364.0,2310.0,-3858.0,-12.5,1112.5,250.5,-514.5,-988.5,-739.0,58.0,1456.5
2022-11-03,-17520.0,2214.0,-3954.0,-49.0,1059.0,154.5,-551.0,-1078.0,-835.0,58.0,1403.0
2022-11-04,-17588.0,2025.5,-3971.5,-230.5,960.5,-44.5,-551.0,-1095.5,-933.5,58.0,1113.0
2022-11-05,-17588.0,2025.5,-3971.5,-230.5,960.5,-44.5,-551.0,-1095.5,-933.5,58.0,1113.0
2022-11-06,-17588.0,2025.5,-3971.5,-230.5,960.5,-44.5,-551.0,-1095.5,-933.5,58.0,1113.0
2022-11-07,-17709.0,2124.5,-4072.5,-253.0,1101.5,-109.0,-573.5,-1196.5,-1034.5,58.0,1090.5
2022-11-08,-17734.0,1824.5,-4158.0,-253.0,865.5,-345.0,-573.5,-1231.0,-1120.0,58.0,1090.5
2022-11-09,-18273.0,1562.5,-4220.0,-315.0,603.5,-407.0,-635.5,-1276.0,-1182.0,58.0,828.5
2022-11-10,-18603.5,1632.0,-4281.5,-115.0,734.5,-507.5,-635.5,-1337.5,-1243.5,58.0,1028.5
2022-11-11,-18555.5,1733.5,-4380.0,-115.0,836.0,-406.0,-635.5,-1436.0,-1342.0,58.0,930.0
2022-11-12,-18555.5,1733.5,-4380.0,-115.0,836.0,-406.0,-635.5,-1436.0,-1342.0,58.0,930.0
2022-11-13,-18592.0,1697.0,-4416.5,-151.5,799.5,-442.5,-672.0,-1472.5,-1378.5,58.0,893.5
2022-11-14,-18685.5,1619.5,-4494.0,-203.5,722.0,-520.0,-724.0,-1498.0,-1456.0,58.0,816.0
2022-11-15,-18414.5,1989.0,-4324.5,-3.5,722.0,-150.5,-724.0,-1328.5,-1286.5,58.0,1016.0
2022-11-16,-18592.5,1910.0,-4335.5,-14.5,722.0,-229.5,-735.0,-1339.5,-1365.5,58.0,1005.0
2022-11-17,-19042.0,1824.0,-4421.5,-32.0,722.0,-274.0,-752.5,-1381.0,-1451.5,58.0,987.5
2022-11-18,-19392.5,1671.0,-4421.5,-32.0,569.0,-427.0,-752.5,-1381.0,-1451.5,58.0,897.5
2022-11-19,-19392.5,1671.0,-4421.5,-32.0,569.0,-427.0,-752.5,-1381.0,-1451.5,58.0,897.5
2022-11-20,-19392.5,1671.0,-4421.5,-32.0,569.0,-427.0,-752.5,-1381.0,-1451.5,58.0,897.5
2022-11-21,-19241.5,1822.0,-4436.0,168.0,720.0,-276.0,-752.5,-1395.5,-1446.0,58.0,1048.5
2022-11-22,-19621.5,1601.0,-4494.0,141.5,594.5,-497.0,-779.0,-1422.0,-1504.0,58.0,1022.0
2022-11-23,-19399.0,1890.5,-4294.0,341.5,527.5,-97.0,-779.0,-1222.0,-1304.0,58.0,1222.0
2022-11-24,-19400.0,1855.0,-4329.5,341.5,492.0,-132.5,-779.0,-1257.5,-1339.5,58.0,1211.5
2022-11-25,-19200.0,2055.0,-4129.5,541.5,492.0,67.5,-579.0,-1057.5,-1139.5,58.0,1411.5
2022-11-26,-19200.0,2055.0,-4129.5,541.5,492.0,67.5,-579.0,-1057.5,-1139.5,58.0,1411.5
2022-11-27,-19386.0,2055.0,-4129.5,541.5,492.0,67.5,-579.0,-1057.5,-1139.5,58.0,1411.5
2022-11-28,-19566.5,1949.0,-4145.5,541.5,386.0,51.5,-579.0,-1073.5,-1155.5,58.0,1411.5
2022-11-29,-19810.0,1868.5,-4155.0,461.0,376.5,-29.0,-579.0,-1083.0,-1165.0,-22.5,1331.0
2022-11-30,-19708.0,1817.5,-4170.0,461.0,376.5,-80.0,-579.0,-1098.0,-1180.0,-22.5,1280.0
2022-12-01,-19936.0,1817.5,-4170.0,461.0,376.5,-80.0,-579.0,-1098.0,-1180.0,-22.5,1280.0
2022-12-02,-19924.5,1866.5,-4121.0,461.0,355.5,-31.0,-579.0,-1128.5,-1131.0,-22.5,1280.0
2022-12-03,-19924.5,1866.5,-4121.0,461.0,355.5,-31.0,-579.0,-1128.5,-1131.0,-22.5,1280.0
2022-12-04,-19924.5,1866.5,-4121.0,461.0,355.5,-31.0,-579.0,-1128.5,-1131.0,-22.5,1280.0
2022-12-05,-19524.5,1823.0,-4164.5,461.0,351.0,-35.5,-579.0,-1133.0,-1174.5,-22.5,1241.0
2022-12-06,-19726.0,1743.0,-4196.5,429.0,273.0,-67.5,-611.0,-1165.0,-1206.5,-22.5,1182.5
2022-12-07,-19715.5,1660.5,-4295.0,429.0,201.0,-166.0,-611.0,-1191.5,-1305.0,-22.5,1145.0
2022-12-08,-19899.0,1477.0,-4332.0,360.0,95.0,-349.5,-611.0,-1228.5,-1342.0,-22.5,998.5
2022-12-09,-19685.5,1569.0,-4339.5,360.0,-5.5,-157.0,-611.0,-1236.0,-1349.5,-22.5,998.5
2022-12-10,-19685.5,1569.0,-4339.5,360.0,-5.5,-157.0,-611.0,-1236.0,-1349.5,-22.5,998.5
2022-12-11,-19685.5,1569.0,-4339.5,360.0,-5.5,-157.0,-611.0,-1236.0,-1349.5,-22.5,998.5
2022-12-12,-19914.5,1759.5,-4149.0,579.5,14.0,33.5,-391.5,-1045.5,-1159.0,-22.5,1218.0
2022-12-13,-19410.0,2159.5,-4149.0,579.5,214.0,433.5,-391.5,-1045.5,-1159.0,-22.5,1218.0
2022-12-14,-19635.0,1999.5,-4241.0,511.5,122.0,273.5,-391.5,-1082.5,-1251.0,-22.5,1113.0
2022-12-15,-19655.0,2010.5,-4266.0,511.5,97.0,284.5,-391.5,-1107.5,-1276.0,-22.5,1149.0
2022-12-16,-19865.5,1800.0,-4296.0,511.5,-20.0,74.0,-391.5,-1137.5,-1306.0,-22.5,1085.5
2022-12-17,-19865.5,1800.0,-4296.0,511.5,-20.0,74.0,-391.5,-1137.5,-1306.0,-22.5,1085.5
2022-12-18,-19865.5,1800.0,-4296.0,511.5,-20.0,74.0,-391.5,-1137.5,-1306.0,-22.5,1085.5
2022-12-19,-20066.0,1760.0,-4336.0,511.5,-60.0,34.0,-391.5,-1137.5,-1346.0,-22.5,1085.5
2022-12-20,-19852.0,1904.0,-4336.0,711.5,-60.0,178.0,-391.5,-1137.5,-1402.0,-22.5,1285.5
2022-12-21,-19912.0,1885.5,-4226.5,711.5,-188.0,202.0,-391.5,-1028.0,-1335.0,-22.5,1157.5
2022-12-22,-20094.5,1903.0,-4239.5,642.0,-370.5,276.0,-391.5,-1041.0,-1348.0,-92.0,1088.0
2022-12-23,-19937.0,2138.0,-4204.5,620.5,-192.0,454.5,-413.0,-1006.0,-1313.0,-92.0,1123.0
2022-12-24,-19937.0,2138.0,-4204.5,620.5,-192.0,454.5,-413.0,-1006.0,-1313.0,-92.0,1123.0
2022-12-25,-19937.0,2138.0,-4204.5,620.5,-192.0,454.5,-413.0,-1006.0,-1313.0,-92.0,1123.0
2022-12-26,-19937.0,2138.0,-4204.5,620.5,-192.0,454.5,-413.0,-1006.0,-1313.0,-92.0,1123.0
2022-12-27,-20049.0,2072.5,-4270.0,620.5,-218.5,389.0,-413.0,-1071.5,-1378.5,-92.0,1123.0
2022-12-28,-20044.0,1997.0,-4345.5,620.5,-264.5,313.5,-413.0,-1152.5,-1454.0,-92.0,1123.0
2022-12-29,-19998.5,2003.5,-4177.0,589.0,-258.0,482.0,-444.5,-952.5,-1285.5,-92.0,1291.5
2022-12-30,-20102.0,1976.5,-4204.0,589.0,-285.0,455.0,-444.5,-979.5,-1312.5,-92.0,1291.5
2022-12-31,-20102.0,1976.5,-4204.0,589.0,-285.0,455.0,-444.5,-979.5,-1312.5,-92.0,1291.5
2023-01-01,-20102.0,1976.5,-4204.0,589.0,-285.0,455.0,-444.5,-979.5,-1312.5,-92.0,1291.5
2023-01-02,-20102.0,1976.5,-4204.0,589.0,-285.0,455.0,-444.5,-979.5,-1312.5,-92.0,1291.5
2023-01-03,-20306.5,1834.0,-3854.5,497.0,-135.5,604.5,-444.5,-779.5,-963.0,-92.0,1318.5
2023-01-04,-20212.5,1799.0,-3899.5,462.0,-170.5,559.5,-489.5,-824.5,-1008.0,-137.0,1283.5
2023-01-05,-19863.0,1740.0,-3958.5,403.0,-215.5,536.5,-548.5,-847.5,-1067.0,-196.0,1224.5
2023-01-06,-20419.5,1903.0,-3992.0,403.0,-52.5,536.5,-548.5,-881.0,-1100.5,-196.0,1224.5
2023-01-07,-20419.5,1903.0,-3992.0,403.0,-52.5,536.5,-548.5,-881.0,-1100.5,-196.0,1224.5
2023-01-08,-20419.5,1903.0,-3992.0,403.0,-52.5,536.5,-548.5,-881.0,-1100.5,-196.0,1224.5
2023-01-09,-20283.0,1839.5,-3992.0,403.0,-52.5,473.0,-548.5,-881.0,-1100.5,-196.0,1161.0
2023-01-10,-20268.0,2016.5,-3815.0,603.0,-52.5,650.0,-348.5,-704.0,-923.5,-196.0,1338.0
2023-01-11,-19927.0,2157.5,-3874.0,576.0,-79.5,791.0,-375.5,-731.0,-982.5,-223.0,1279.0
2023-01-12,-19598.5,2357.5,-3874.0,576.0,-79.5,991.0,-375.5,-731.0,-982.5,-223.0,1279.0
2023-01-13,-19676.5,2335.0,-3896.5,553.5,-88.5,982.0,-398.0,-753.5,-1005.0,-223.0,1256.5
2023-01-14,-19676.5,2335.0,-3896.5,553.5,-88.5,982.0,-398.0,-753.5,-1005.0,-223.0,1256.5
2023-01-15,-19676.5,2335.0,-3896.5,553.5,-88.5,982.0,-398.0,-753.5,-1005.0,-223.0,1256.5
2023-01-16,-19703.0,2308.5,-3923.0,553.5,-115.0,955.5,-398.0,-780.0,-1031.5,-223.0,1234.0
2023-01-17,-19369.5,2496.0,-3735.5,741.0,72.5,1143.0,-410.5,-792.5,-844.0,-223.0,1421.5
2023-01-18,-19373.0,2696.0,-3535.5,741.0,44.0,1343.0,-410.5,-592.5,-644.0,-223.0,1621.5
2023-01-19,-19293.0,2776.0,-3335.5,741.0,-125.5,1543.0,-410.5,-392.5,-444.0,-223.0,1621.5
2023-01-20,-19699.5,2746.5,-3365.0,725.5,-139.5,1513.5,-426.0,-422.0,-473.5,-223.0,1606.0
2023-01-21,-19699.5,2746.5,-3365.0,725.5,-139.5,1513.5,-426.0,-422.0,-473.5,-223.0,1606.0
2023-01-22,-19699.5,2746.5,-3365.0,725.5,-139.5,1513.5,-426.0,-422.0,-473.5,-223.0,1606.0
2023-01-23,-20153.5,2434.0,-3459.0,690.0,-356.0,1201.0,-461.5,-516.0,-567.5,-258.5,1570.5
2023-01-24,-20002.0,2487.5,-3485.5,570.0,-382.5,1254.5,-461.5,-542.5,-594.0,-258.5,1424.0
2023-01-25,-20291.0,2402.5,-3520.0,570.0,-417.0,1169.5,-461.5,-542.5,-679.0,-258.5,1424.0
2023-01-26,-20634.0,2236.5,-3520.0,570.0,-583.0,1169.5,-461.5,-542.5,-679.0,-258.5,1424.0
2023-01-27,-20809.0,2159.0,-3548.0,570.0,-583.0,1092.0,-461.5,-570.5,-707.0,-258.5,1396.0
2023-01-28,-20809.0,2159.0,-3548.0,570.0,-583.0,1092.0,-461.5,-570.5,-707.0,-258.5,1396.0
2023-01-29,-20809.0,2159.0,-3548.0,570.0,-583.0,1092.0,-461.5,-570.5,-707.0,-258.5,1396.0
2023-01-30,-20904.5,2063.5,-3568.5,495.0,-658.0,1071.5,-461.5,-591.0,-727.5,-258.5,1321.0
2023-01-31,-20911.5,2069.5,-3568.5,834.5,-852.0,1195.5,-461.5,-591.0,-527.5,-258.5,1584.5
2023-02-01,-20823.0,1760.5,-3680.0,834.5,-934.0,931.0,-461.5,-673.0,-686.0,-258.5,1489.0
2023-02-02,-21058.0,1508.5,-3697.0,767.0,-1018.5,696.0,-461.5,-690.0,-770.5,-258.5,1421.5
2023-02-03,-21408.0,1222.0,-3812.0,767.0,-1018.5,581.0,-461.5,-690.0,-885.5,-258.5,1421.5
2023-02-04,-21408.0,1222.0,-3812.0,767.0,-1018.5,581.0,-461.5,-690.0,-885.5,-258.5,1421.5
2023-02-05,-21408.0,1222.0,-3812.0,767.0,-1018.5,581.0,-461.5,-690.0,-885.5,-258.5,1421.5
2023-02-06,-21195.5,1434.5,-3729.0,837.0,-1006.0,793.5,-461.5,-490.0,-802.5,-258.5,1691.5
2023-02-07,-21410.0,1344.0,-3729.0,837.0,-1096.5,703.0,-461.5,-490.0,-853.0,-258.5,1891.5
2023-02-08,-21128.5,1577.5,-3574.5,811.0,-1037.0,857.5,-487.5,-335.5,-698.5,-258.5,1865.5
2023-02-09,-21414.0,1523.5,-3574.5,811.0,-1037.0,803.5,-487.5,-335.5,-752.5,-258.5,1865.5
2023-02-10,-21178.0,1835.0,-3463.0,786.0,-900.5,1140.0,-512.5,-224.0,-641.0,-258.5,1840.5
2023-02-11,-21178.0,1835.0,-3463.0,786.0,-900.5,1140.0,-512.5,-224.0,-641.0,-258.5,1840.5
2023-02-12,-21178.0,1835.0,-3463.0,786.0,-900.5,1140.0,-512.5,-224.0,-641.0,-258.5,1840.5
2023-02-13,-21407.5,1796.5,-3484.5,786.0,-900.5,1101.5,-512.5,-245.5,-662.5,-258.5,1840.5
2023-02-14,-21159.0,2139.5,-3541.5,772.0,-720.0,1240.5,-526.5,-302.5,-719.5,-272.5,1803.0
2023-02-15,-20877.0,2102.0,-3579.0,772.0,-757.5,1220.0,-526.5,-340.0,-757.0,-272.5,1803.0
2023-02-16,-20820.5,1871.5,-3613.5,576.0,-870.5,989.5,-526.5,-374.5,-791.5,-272.5,1607.0
2023-02-17,-20615.0,2271.5,-3413.5,576.0,-742.5,1132.0,-526.5,-174.5,-591.5,-272.5,1535.0
2023-02-18,-20615.0,2271.5,-3413.5,576.0,-742.5,1132.0,-526.5,-174.5,-591.5,-272.5,1535.0
2023-02-19,-20615.0,2271.5,-3413.5,576.0,-742.5,1132.0,-526.5,-174.5,-591.5,-272.5,1535.0
2023-02-20,-20555.5,2236.5,-3448.5,541.0,-725.5,1132.0,-561.5,-209.5,-626.5,-307.5,1500.0
2023-02-21,-20574.0,2436.5,-3248.5,741.0,-742.0,1115.5,-361.5,-226.0,-426.5,-307.5,1700.0
2023-02-22,-20709.5,2301.0,-3248.5,741.0,-797.5,1035.5,-361.5,-226.0,-426.5,-307.5,1700.0
2023-02-23,-20864.5,2291.0,-3283.0,718.5,-773.0,1048.0,-384.0,-260.5,-461.0,-307.5,1677.5
2023-02-24,-20822.5,2225.0,-3283.0,718.5,-839.0,982.0,-384.0,-260.5,-461.0,-307.5,1677.5
2023-02-25,-20822.5,2225.0,-3283.0,718.5,-839.0,982.0,-384.0,-260.5,-461.0,-307.5,1677.5
2023-02-26,-20822.5,2225.0,-3283.0,718.5,-839.0,982.0,-384.0,-260.5,-461.0,-307.5,1677.5
2023-02-27,-20455.5,2387.5,-3041.5,639.5,-676.5,1223.5,-384.0,-19.0,-219.5,-307.5,1553.5
2023-02-28,-20480.5,2278.5,-3087.0,562.0,-676.5,1178.0,-398.0,-33.0,-274.0,-385.0,1476.0
2023-03-01,-20709.0,2220.5,-3087.0,562.0,-734.5,1178.0,-398.0,-33.0,-274.0,-385.0,1418.0
2023-03-02,-20368.5,2089.0,-3087.0,562.0,-817.5,1046.5,-398.0,-33.0,-322.5,-385.0,1418.0
2023-03-03,-20690.5,1982.5,-3131.0,562.0,-861.5,1046.5,-398.0,-61.5,-366.5,-385.0,1418.0
2023-03-04,-20690.5,1982.5,-3131.0,562.0,-861.5,1046.5,-398.0,-61.5,-366.5,-385.0,1418.0
2023-03-05,-20690.5,1982.5,-3131.0,562.0,-861.5,1046.5,-398.0,-61.5,-366.5,-385.0,1418.0
2023-03-06,-20795.0,1934.5,-3179.0,562.0,-882.5,998.5,-398.0,-109.5,-414.5,-385.0,1394.5
2023-03-07,-20650.0,2110.5,-3203.0,738.0,-682.5,1174.5,-422.0,-133.5,-438.5,-385.0,1570.5
2023-03-08,-20514.0,2046.0,-3265.0,738.0,-715.0,1112.5,-422.0,-165.0,-500.5,-385.0,1558.0
2023-03-09,-20723.0,1957.0,-3305.0,738.0,-715.0,1023.5,-422.0,-205.0,-540.5,-385.0,1558.0
2023-03-10,-20749.5,2142.5,-3421.0,703.5,-715.0,907.5,-456.5,-321.0,-656.5,-385.0,1489.5
2023-03-11,-20749.5,2142.5,-3421.0,703.5,-715.0,907.5,-456.5,-321.0,-656.5,-385.0,1489.5
2023-03-12,-20749.5,2142.5,-3421.0,703.5,-715.0,907.5,-456.5,-321.0,-656.5,-385.0,1489.5
2023-03-13,-20600.5,2035.5,-3318.5,561.0,-810.0,1012.5,-456.5,-349.0,-621.0,-385.0,1347.0
2023-03-14,-20329.5,2218.5,-3466.5,544.0,-810.0,931.5,-473.5,-366.0,-769.0,-402.0,1266.0
2023-03-15,-20504.0,2425.0,-3497.5,544.0,-972.5,1300.5,-473.5,-397.0,-800.0,-402.0,1103.5
2023-03-16,-20595.5,2596.5,-3581.5,544.0,-772.5,1472.0,-473.5,-481.0,-884.0,-402.0,1303.5
2023-03-17,-20563.0,2785.0,-3593.0,544.0,-584.0,1660.5,-473.5,-492.5,-695.5,-402.0,1492.0
2023-03-18,-20563.0,2785.0,-3593.0,544.0,-584.0,1660.5,-473.5,-492.5,-695.5,-402.0,1492.0
2023-03-19,-20563.0,2785.0,-3593.0,544.0,-584.0,1660.5,-473.5,-492.5,-695.5,-402.0,1492.0
2023-03-20,-20289.0,2625.5,-3646.5,544.0,-690.0,1501.0,-473.5,-486.5,-749.0,-402.0,1492.0
2023-03-21,-20507.5,2568.0,-3646.5,544.0,-747.5,1443.5,-473.5,-486.5,-749.0,-402.0,1492.0
2023-03-22,-20533.0,2414.0,-3735.5,500.0,-791.5,1289.5,-517.5,-531.5,-838.0,-402.0,1383.0
2023-03-23,-20878.5,2167.0,-3782.5,500.0,-838.5,1242.5,-517.5,-531.5,-885.0,-402.0,1183.0
2023-03-24,-21046.5,2099.0,-3850.5,500.0,-857.0,1174.5,-517.5,-550.0,-953.0,-402.0,1133.5
2023-03-25,-21046.5,2099.0,-3850.5,500.0,-857.0,1174.5,-517.5,-550.0,-953.0,-402.0,1133.5
2023-03-26,-21046.5,2099.0,-3850.5,500.0,-857.0,1174.5,-517.5,-550.0,-953.0,-402.0,1133.5
2023-03-27,-21152.0,2062.5,-3887.0,500.0,-857.0,1138.0,-517.5,-586.5,-989.5,-402.0,1133.5
2023-03-28,-21152.0,2062.5,-3887.0,500.0,-857.0,1138.0,-517.5,-586.5,-989.5,-402.0,1133.5
2023-03-29,-21349.0,2177.0,-3715.5,671.5,-959.0,1252.5,-346.0,-615.0,-818.0,-402.0,1305.0
2023-03-30,-21387.5,2144.5,-3748.0,671.5,-991.5,1252.5,-346.0,-615.0,-850.5,-402.0,1305.0
2023-03-31,-21201.5,2330.5,-3762.0,657.5,-791.5,1238.5,-360.0,-629.0,-864.5,-402.0,1291.0
2023-04-01,-21201.5,2330.5,-3762.0,657.5,-791.5,1238.5,-360.0,-629.0,-864.5,-402.0,1291.0
2023-04-02,-21201.5,2330.5,-3762.0,657.5,-791.5,1238.5,-360.0,-629.0,-864.5,-402.0,1291.0
2023-04-03,-21433.0,2099.0,-3842.0,657.5,-905.5,1121.0,-360.0,-652.0,-982.0,-402.0,1291.0
2023-04-04,-21311.0,2044.5,-3887.5,627.5,-905.5,1296.5,-390.0,-467.5,-1027.5,-402.0,1245.5
2023-04-05,-20911.0,2019.0,-3913.0,627.5,-931.0,1271.0,-390.0,-467.5,-1053.0,-402.0,1245.5
2023-04-06,-20984.0,2168.0,-3713.0,827.5,-982.0,1420.0,-190.0,-467.5,-853.0,-202.0,1445.5
2023-04-07,-21021.5,2130.5,-3750.5,790.0,-1019.5,1382.5,-227.5,-467.5,-890.5,-239.5,1408.0
2023-04-08,-21021.5,2130.5,-3750.5,790.0,-1019.5,1382.5,-227.5,-467.5,-890.5,-239.5,1408.0
2023-04-09,-21021.5,2130.5,-3750.5,790.0,-1019.5,1382.5,-227.5,-467.5,-890.5,-239.5,1408.0
2023-04-10,-20780.5,2070.0,-3811.0,768.0,-1058.0,1366.0,-249.5,-528.0,-951.0,-239.5,1364.0
2023-04-11,-20896.5,2012.5,-3868.5,768.0,-1105.0,1308.5,-249.5,-555.5,-1008.5,-239.5,1323.5
2023-04-12,-21105.5,2001.0,-3880.0,768.0,-1116.5,1297.0,-249.5,-567.0,-1020.0,-239.5,1323.5
2023-04-13,-21243.5,1956.0,-3925.0,768.0,-1161.5,1252.0,-249.5,-612.0,-1065.0,-239.5,1323.5
2023-04-14,-21402.5,1981.5,-3725.0,968.0,-1053.5,1277.5,-49.5,-650.5,-865.0,-39.5,1523.5
2023-04-15,-21402.5,1981.5,-3725.0,968.0,-1053.5,1277.5,-49.5,-650.5,-865.0,-39.5,1523.5
2023-04-16,-21402.5,1981.5,-3725.0,968.0,-1053.5,1277.5,-49.5,-650.5,-865.0,-39.5,1523.5
2023-04-17,-21433.5,2166.5,-3540.0,1168.0,-1068.5,1462.5,150.5,-665.5,-680.0,-39.5,1723.5
2023-04-18,-21484.5,2146.0,-3560.5,1168.0,-1089.0,1442.0,150.5,-686.0,-700.5,-39.5,1723.5
2023-04-19,-21659.5,1971.0,-3609.5,1069.0,-1124.0,1358.0,142.5,-694.0,-784.5,-130.5,1583.5
2023-04-20,-21325.0,2126.5,-3409.5,1069.0,-1124.0,1513.5,142.5,-494.0,-584.5,-130.5,1583.5
2023-04-21,-21507.0,1982.5,-3446.5,1069.0,-1196.0,1422.5,142.5,-531.0,-621.5,-130.5,1529.5
2023-04-22,-21507.0,1982.5,-3446.5,1069.0,-1196.0,1422.5,142.5,-531.0,-621.5,-130.5,1529.5
2023-04-23,-21507.0,1982.5,-3446.5,1069.0,-1196.0,1422.5,142.5,-531.0,-621.5,-130.5,1529.5
2023-04-24,-21440.5,2049.0,-3508.0,1024.5,-1220.5,1489.0,98.0,-592.5,-555.0,-150.5,1485.0
2023-04-25,-21404.5,2223.0,-3334.0,1024.5,-1046.5,1663.0,98.0,-392.5,-381.0,-150.5,1485.0
2023-04-26,-21601.0,2047.5,-3378.5,893.5,-1188.0,1652.5,98.0,-437.0,-425.5,-150.5,1334.0
2023-04-27,-21831.5,2165.5,-3378.5,893.5,-1070.0,1570.5,98.0,-437.0,-425.5,-150.5,1334.0
2023-04-28,-21544.0,2288.5,-3455.5,862.5,-870.0,1724.5,67.0,-437.0,-502.5,-150.5,1303.0
2023-04-29,-21544.0,2288.5,-3455.5,862.5,-870.0,1724.5,67.0,-437.0,-502.5,-150.5,1303.0
2023-04-30,-21544.0,2288.5,-3455.5,862.5,-870.0,1724.5,67.0,-437.0,-502.5,-150.5,1303.0
2023-05-01,-21692.5,2154.5,-3504.5,847.0,-988.5,1590.5,51.5,-491.5,-551.5,-150.5,1243.0
2023-05-02,-21707.5,2139.5,-3519.5,847.0,-1003.5,1575.5,51.5,-506.5,-566.5,-150.5,1243.0
2023-05-03,-21370.0,1895.5,-3582.0,773.0,-1104.0,1448.5,42.0,-533.0,-629.0,-215.0,1152.0
2023-05-04,-21296.0,1969.5,-3610.0,773.0,-1002.0,1522.5,42.0,-561.0,-657.0,-215.0,1254.0
2023-05-05,-21540.0,1786.5,-3566.0,721.0,-1010.0,1566.5,42.0,-574.5,-613.0,-215.0,1013.5
2023-05-06,-21540.0,1786.5,-3566.0,721.0,-1010.0,1566.5,42.0,-574.5,-613.0,-215.0,1013.5
2023-05-07,-21540.0,1786.5,-3566.0,721.0,-1010.0,1566.5,42.0,-574.5,-613.0,-215.0,1013.5
2023-05-08,-21667.0,1695.0,-3617.5,721.0,-846.5,1475.0,42.0,-596.0,-464.5,-215.0,937.0
2023-05-09,-21701.0,1646.5,-3629.5,721.0,-883.0,1426.5,42.0,-608.0,-476.5,-215.0,937.0
2023-05-10,-21411.0,1730.5,-3669.0,721.0,-926.0,1544.0,42.0,-647.5,-516.0,-215.0,937.0
2023-05-11,-21600.0,1578.5,-3754.0,721.0,-942.5,1459.0,42.0,-664.0,-601.0,-215.0,906.0
2023-05-12,-21528.5,1650.0,-3802.0,663.5,-823.0,1530.5,16.5,-712.0,-649.0,-240.5,968.0
2023-05-13,-21528.5,1650.0,-3802.0,663.5,-823.0,1530.5,16.5,-712.0,-649.0,-240.5,968.0
2023-05-14,-21528.5,1650.0,-3802.0,663.5,-823.0,1530.5,16.5,-712.0,-649.0,-240.5,968.0
2023-05-15,-21698.5,1625.5,-3826.5,663.5,-823.0,1506.0,16.5,-712.0,-673.5,-240.5,968.0
2023-05-16,-21710.5,1562.0,-3862.0,663.5,-869.5,1442.5,16.5,-747.5,-737.0,-240.5,951.0
2023-05-17,-21841.0,1504.5,-3871.0,663.5,-927.0,1397.5,16.5,-789.0,-746.0,-240.5,951.0
2023-05-18,-21704.5,1680.0,-3695.5,663.5,-751.5,1573.0,16.5,-613.5,-570.5,-240.5,951.0
2023-05-19,-21628.0,1643.5,-3732.0,663.5,-788.0,1536.5,16.5,-613.5,-607.0,-240.5,914.5
2023-05-20,-21628.0,1643.5,-3732.0,663.5,-788.0,1536.5,16.5,-613.5,-607.0,-240.5,914.5
2023-05-21,-21628.0,1643.5,-3732.0,663.5,-788.0,1536.5,16.5,-613.5,-607.0,-240.5,914.5
2023-05-22,-21598.5,1625.5,-3750.0,663.5,-788.0,1518.5,16.5,-631.5,-625.0,-240.5,896.5
2023-05-23,-21753.5,1526.0,-3777.0,663.5,-887.5,1419.0,16.5,-658.5,-652.0,-240.5,824.0
2023-05-24,-21570.0,1726.0,-3577.0,663.5,-687.5,1619.0,16.5,-458.5,-452.0,-240.5,824.0
2023-05-25,-21553.0,1743.0,-3459.0,663.5,-786.0,1647.0,16.5,-340.5,-334.0,-240.5,806.0
2023-05-26,-21804.5,1691.5,-3510.5,630.0,-986.0,1795.5,-17.0,-392.0,-385.5,-274.0,772.5
2023-05-27,-21804.5,1691.5,-3510.5,630.0,-986.0,1795.5,-17.0,-392.0,-385.5,-274.0,772.5
2023-05-28,-21804.5,1691.5,-3510.5,630.0,-986.0,1795.5,-17.0,-392.0,-385.5,-274.0,772.5
2023-05-29,-21776.0,1720.0,-3510.5,611.5,-986.0,1824.0,-35.5,-392.0,-385.5,-274.0,772.5
2023-05-30,-21758.5,1968.0,-3157.5,811.5,-691.0,1977.0,164.5,-8.0,-32.5,-74.0,1067.5
2023-05-31,-21882.5,1868.5,-3257.0,811.5,-746.0,1900.5,164.5,-32.5,-132.0,-74.0,1067.5
2023-06-01,-22214.0,1720.0,-3339.5,768.0,-851.0,1752.0,121.0,-32.5,-214.5,-74.0,958.0
2023-06-02,-22280.0,1877.0,-3182.5,768.0,-694.0,1952.0,121.0,-75.5,-57.5,-74.0,921.5
2023-06-03,-22280.0,1877.0,-3182.5,768.0,-694.0,1952.0,121.0,-75.5,-57.5,-74.0,921.5
2023-06-04,-22280.0,1877.0,-3182.5,768.0,-694.0,1952.0,121.0,-75.5,-57.5,-74.0,921.5
2023-06-05,-22080.0,2077.0,-2982.5,743.0,-494.0,2152.0,96.0,124.5,142.5,-74.0,896.5
2023-06-06,-22128.0,2029.0,-3041.5,743.0,-538.5,2104.0,96.0,124.5,80.0,-74.0,911.0
2023-06-07,-22173.5,2153.5,-3067.0,667.5,-364.0,2278.5,70.5,99.0,204.5,-124.0,835.5
2023-06-08,-22014.5,2353.5,-3067.0,667.5,-364.0,2478.5,70.5,99.0,204.5,-124.0,835.5
2023-06-09,-22082.0,2396.5,-2867.0,667.5,-164.0,2678.5,70.5,99.0,404.5,-124.0,835.5
2023-06-10,-22082.0,2396.5,-2867.0,667.5,-164.0,2678.5,70.5,99.0,404.5,-124.0,835.5
2023-06-11,-22082.0,2396.5,-2867.0,667.5,-164.0,2678.5,70.5,99.0,404.5,-124.0,835.5
2023-06-12,-21966.5,2552.5,-2711.0,667.5,-190.5,2834.5,70.5,255.0,560.5,-124.0,809.0
2023-06-13,-21807.0,2387.5,-2751.0,667.5,-190.5,2669.5,70.5,215.0,520.5,-124.0,809.0
2023-06-14,-21679.0,2266.5,-2814.5,667.5,-279.5,2580.0,70.5,151.5,457.0,-124.0,809.0
2023-06-15,-21713.0,2466.5,-2861.0,867.5,-279.5,2580.0,70.5,151.5,410.5,-124.0,1009.0
2023-06-16,-21842.5,2485.5,-2892.5,867.5,-429.0,2415.5,70.5,120.0,379.0,-124.0,1009.0
2023-06-17,-21842.5,2485.5,-2892.5,867.5,-429.0,2415.5,70.5,120.0,379.0,-124.0,1009.0
2023-06-18,-21862.5,2465.5,-2912.5,867.5,-449.0,2395.5,70.5,100.0,359.0,-124.0,1009.0
2023-06-19,-21916.5,2411.5,-2966.5,854.0,-489.5,2360.5,57.0,46.0,305.0,-124.0,976.5
2023-06-20,-21838.5,2338.0,-3040.0,829.5,-538.0,2311.5,32.5,-3.0,231.5,-148.5,924.0
2023-06-21,-21657.0,2519.5,-2858.5,829.5,-356.5,2493.0,32.5,178.5,413.0,-148.5,1124.0
2023-06-22,-21620.5,2556.0,-2905.0,1029.5,-520.0,2563.5,32.5,166.0,566.5,-148.5,1290.0
2023-06-23,-21350.5,2683.5,-2905.0,1029.5,-520.0,2691.0,32.5,166.0,566.5,-148.5,1290.0
2023-06-24,-21350.5,2683.5,-2905.0,1029.5,-520.0,2691.0,32.5,166.0,566.5,-148.5,1290.0
2023-06-25,-21363.5,2670.5,-2918.0,1029.5,-533.0,2678.0,32.5,153.0,553.5,-148.5,1290.0
2023-06-26,-21283.5,2969.0,-2819.5,985.0,-190.0,2976.5,-12.0,108.5,652.0,-193.0,1188.5
2023-06-27,-21541.5,2871.5,-2819.5,985.0,-287.5,2939.0,-12.0,108.5,614.5,-193.0,1188.5
2023-06-28,-21731.0,2735.5,-2846.5,915.5,-375.0,2803.0,-12.0,81.5,548.0,-262.5,1101.0
2023-06-29,-21750.5,2634.5,-2902.5,915.5,-455.0,2747.0,-12.0,60.5,447.0,-262.5,1066.0
2023-06-30,-21599.0,2798.5,-2702.5,879.5,-255.0,2947.0,-12.0,260.5,647.0,-262.5,1030.0
2023-07-01,-21599.0,2798.5,-2702.5,879.5,-255.0,2947.0,-12.0,260.5,647.0,-262.5,1030.0
2023-07-02,-21599.0,2798.5,-2702.5,879.5,-255.0,2947.0,-12.0,260.5,647.0,-262.5,1030.0
2023-07-03,-21602.5,2795.0,-2718.0,879.5,-270.5,2947.0,-12.0,245.0,631.5,-262.5,1030.0
2023-07-04,-21635.0,2762.5,-2750.5,879.5,-270.5,2931.5,-12.0,212.5,599.0,-262.5,1014.5
2023-07-05,-21690.5,2731.5,-2781.5,860.5,-282.5,2903.0,-31.0,200.5,568.0,-262.5,995.5
2023-07-06,-21364.0,3111.0,-2402.0,860.5,117.5,3282.5,-31.0,180.0,947.5,-262.5,995.5
2023-07-07,-21512.5,3047.0,-2424.0,860.5,117.5,3218.5,-31.0,158.0,883.5,-262.5,973.5
2023-07-08,-21512.5,3047.0,-2424.0,860.5,117.5,3218.5,-31.0,158.0,883.5,-262.5,973.5
2023-07-09,-21512.5,3027.5,-2443.5,860.5,117.5,3218.5,-31.0,138.5,864.0,-262.5,973.5
2023-07-10,-21447.5,2953.5,-2517.5,860.5,117.5,3144.5,-31.0,105.0,790.0,-262.5,940.0
2023-07-11,-21284.0,2834.5,-2593.5,860.5,-1.5,3025.5,-31.0,29.0,671.0,-262.5,873.0
2023-07-12,-21635.0,3021.0,-2407.0,817.5,-15.0,3212.0,-31.0,215.5,857.5,-262.5,1073.0
2023-07-13,-21485.5,3195.5,-2232.5,817.5,185.0,3386.5,-31.0,390.0,1032.0,-262.5,1048.0
2023-07-14,-21692.0,3113.5,-2314.5,817.5,126.0,3304.5,-31.0,308.0,950.0,-262.5,1035.0
2023-07-15,-21692.0,3113.5,-2314.5,817.5,126.0,3304.5,-31.0,308.0,950.0,-262.5,1035.0
2023-07-16,-21692.0,3113.5,-2314.5,817.5,126.0,3304.5,-31.0,308.0,950.0,-262.5,1035.0
2023-07-17,-21692.0,3113.5,-2314.5,817.5,126.0,3304.5,-31.0,308.0,950.0,-262.5,1035.0
2023-07-18,-21923.0,3018.5,-2325.0,807.0,31.0,3209.5,-41.5,297.5,939.5,-262.5,940.0
2023-07-19,-22019.0,2940.0,-2339.0,742.5,-47.5,3131.0,-41.5,283.5,925.5,-262.5,875.5
2023-07-20,-22334.5,3077.5,-2201.5,742.5,-110.0,3268.5,-41.5,221.0,1063.0,-262.5,841.5
2023-07-21,-22460.0,3112.0,-2001.5,742.5,-75.5,3357.5,-41.5,421.0,1263.0,-262.5,730.5
2023-07-22,-22460.0,3112.0,-2001.5,742.5,-75.5,3357.5,-41.5,421.0,1263.0,-262.5,730.5
2023-07-23,-22460.0,3112.0,-2001.5,742.5,-75.5,3357.5,-41.5,421.0,1263.0,-262.5,730.5
2023-07-24,-22560.0,3016.5,-2036.5,682.0,-136.0,3322.5,-41.5,421.0,1228.0,-262.5,670.0
2023-07-25,-22006.0,3570.5,-2059.0,882.0,195.5,3500.0,-41.5,398.5,1205.5,-62.5,1024.0
2023-07-26,-22074.5,3563.0,-1877.0,725.5,326.5,3631.0,-41.5,580.5,1387.5,-62.5,867.5
2023-07-27,-21827.0,3389.0,-1923.5,725.5,306.5,3584.5,-41.5,534.0,1341.0,-62.5,867.5
2023-07-28,-22033.5,3257.0,-1923.5,725.5,306.5,3584.5,-41.5,534.0,1341.0,-62.5,867.5
2023-07-29,-22033.5,3257.0,-1923.5,725.5,306.5,3584.5,-41.5,534.0,1341.0,-62.5,867.5
2023-07-30,-22103.0,3222.5,-1958.0,725.5,306.5,3550.0,-41.5,499.5,1306.5,-62.5,867.5
2023-07-31,-22168.5,3307.5,-1873.0,725.5,281.0,3550.0,-41.5,620.5,1391.5,-62.5,831.5
2023-08-01,-22373.5,3129.5,-1893.5,725.5,204.5,3448.5,-41.5,600.0,1371.0,-62.5,775.5
2023-08-02,-22872.5,2983.0,-1978.0,725.5,163.5,3302.0,-41.5,515.5,1224.5,-62.5,691.0
2023-08-03,-23082.0,2881.0,-2023.5,674.0,312.0,3200.0,-87.0,715.5,1128.5,-108.0,639.5
2023-08-04,-22819.0,2827.5,-2023.5,674.0,312.0,3146.5,-87.0,715.5,1075.0,-108.0,639.5
2023-08-05,-22819.0,2827.5,-2023.5,674.0,312.0,3146.5,-87.0,715.5,1075.0,-108.0,639.5
2023-08-06,-22819.0,2827.5,-2023.5,674.0,312.0,3146.5,-87.0,715.5,1075.0,-108.0,639.5
2023-08-07,-22937.5,2542.0,-2124.5,674.0,73.5,3127.5,-87.0,661.5,974.0,-108.0,639.5
2023-08-08,-22822.5,2657.0,-2009.5,652.5,210.0,3242.5,-108.5,824.0,1089.0,-129.5,602.0
2023-08-09,-22445.5,2604.5,-2062.0,600.0,176.0,3224.0,-161.0,805.5,1036.5,-129.5,549.5
2023-08-10,-22252.5,2433.5,-2150.0,600.0,113.5,3082.5,-161.0,753.0,948.5,-129.5,514.0
2023-08-11,-22093.0,2602.5,-2181.0,600.0,82.5,3051.5,-161.0,722.0,1117.5,-129.5,514.0
2023-08-12,-22093.0,2602.5,-2181.0,600.0,82.5,3051.5,-161.0,722.0,1117.5,-129.5,514.0
2023-08-13,-22093.0,2602.5,-2181.0,600.0,82.5,3051.5,-161.0,722.0,1117.5,-129.5,514.0
2023-08-14,-22227.5,2484.0,-2299.5,600.0,-36.0,2933.0,-161.0,692.0,999.0,-129.5,484.0
2023-08-15,-22396.0,2363.0,-2347.5,600.0,-126.5,2838.5,-161.0,644.0,951.0,-129.5,484.0
2023-08-16,-22579.0,2678.5,-2197.0,565.0,24.0,2803.5,-161.0,794.5,1101.5,-129.5,449.0
2023-08-17,-22625.0,2632.5,-2197.0,565.0,-22.0,2757.5,-161.0,794.5,1055.5,-129.5,403.0
2023-08-18,-22186.5,2991.0,-2038.5,565.0,358.0,3116.0,-161.0,753.0,1170.0,-129.5,361.5
2023-08-19,-22186.5,2991.0,-2038.5,565.0,358.0,3116.0,-161.0,753.0,1170.0,-129.5,361.5
2023-08-20,-22186.5,2991.0,-2038.5,565.0,358.0,3116.0,-161.0,753.0,1170.0,-129.5,361.5
2023-08-21,-22431.5,2746.0,-2113.0,456.0,113.0,2945.0,-161.0,718.0,1095.5,-238.5,252.5
2023-08-22,-22298.0,2879.5,-2142.0,589.5,246.5,3078.5,-161.0,689.0,1066.5,-305.0,386.0
2023-08-23,-22357.5,3020.0,-2000.0,556.5,420.0,3220.5,-194.0,831.0,1208.5,-305.0,353.0
2023-08-24,-22567.5,2894.0,-2070.5,556.5,338.5,3094.5,-194.0,760.5,1082.5,-305.0,308.5
2023-08-25,-22250.5,2856.5,-1908.0,556.5,338.5,3257.0,-194.0,723.0,1245.0,-305.0,308.5
2023-08-26,-22250.5,2856.5,-1908.0,556.5,338.5,3257.0,-194.0,723.0,1245.0,-305.0,308.5
2023-08-27,-22250.5,2856.5,-1908.0,556.5,338.5,3257.0,-194.0,723.0,1245.0,-305.0,308.5
2023-08-28,-21737.5,3169.5,-1708.0,869.5,651.5,3570.0,6.0,923.0,1445.0,-305.0,621.5
2023-08-29,-21493.0,3077.5,-1800.0,830.0,601.5,3478.0,-33.5,912.5,1353.0,-305.0,582.0
2023-08-30,-21123.0,3447.5,-1630.0,1030.0,787.5,3848.0,-33.5,1082.5,1723.0,-305.0,782.0
2023-08-31,-21079.5,3491.0,-1647.5,1012.5,831.0,3830.5,-51.0,1065.0,1766.5,-305.0,764.5
2023-09-01,-21059.5,3476.5,-1662.0,1012.5,831.0,3816.0,-51.0,1050.5,1752.0,-305.0,764.5
2023-09-02,-21059.5,3476.5,-1662.0,1012.5,831.0,3816.0,-51.0,1050.5,1752.0,-305.0,764.5
2023-09-03,-21059.5,3476.5,-1662.0,1012.5,831.0,3816.0,-51.0,1050.5,1752.0,-305.0,764.5
2023-09-04,-21008.5,3527.5,-1716.5,1012.5,831.0,3791.0,-51.0,1005.0,1697.5,-305.0,739.5
2023-09-05,-20832.5,3844.5,-1543.5,1212.5,1031.0,3708.5,149.0,1005.0,1870.5,-305.0,939.5
2023-09-06,-20588.5,4044.5,-1343.5,1212.5,1008.0,3908.5,149.0,1205.0,2070.5,-305.0,939.5
2023-09-07,-19988.5,4644.5,-943.5,1412.5,1208.0,4508.5,349.0,1605.0,2470.5,-305.0,1339.5
2023-09-08,-19944.5,4821.5,-966.5,1412.5,1185.0,4685.5,349.0,1582.0,2647.5,-305.0,1339.5
2023-09-09,-19944.5,4821.5,-966.5,1412.5,1185.0,4685.5,349.0,1582.0,2647.5,-305.0,1339.5
2023-09-10,-19976.5,4789.5,-998.5,1412.5,1185.0,4653.5,349.0,1550.0,2615.5,-305.0,1339.5
2023-09-11,-20101.5,4699.5,-1021.5,1412.5,1219.0,4664.5,349.0,1527.0,2626.5,-305.0,1339.5
2023-09-12,-19774.5,4607.5,-1045.5,1412.5,1195.0,4640.5,349.0,1503.0,2602.5,-305.0,1339.5
2023-09-13,-20032.5,4935.0,-859.0,1341.5,1522.5,4827.0,349.0,1689.5,2730.0,-305.0,1268.5
2023-09-14,-20108.0,4859.5,-878.0,1341.5,1549.0,4751.5,349.0,1670.5,2711.0,-305.0,1268.5
2023-09-15,-20538.0,4686.5,-878.0,1341.5,1376.0,4751.5,349.0,1670.5,2711.0,-305.0,1095.5
2023-09-16,-20538.0,4686.5,-878.0,1341.5,1376.0,4751.5,349.0,1670.5,2711.0,-305.0,1095.5
2023-09-17,-20538.0,4686.5,-878.0,1341.5,1376.0,4751.5,349.0,1670.5,2711.0,-305.0,1095.5
2023-09-18,-20473.0,4638.0,-919.5,1334.5,1316.5,4740.0,323.0,1629.0,2632.5,-331.0,1088.5
2023-09-19,-20371.5,4838.0,-947.0,1334.5,1516.5,4708.0,323.0,1601.5,2832.5,-331.0,1088.5
2023-09-20,-20294.0,4803.5,-981.5,1314.5,1502.0,4673.5,303.0,1567.0,2798.0,-331.0,1068.5
2023-09-21,-20574.5,4733.5,-1008.0,1314.5,1475.5,4603.5,303.0,1540.5,2728.0,-331.0,1068.5
2023-09-22,-20716.5,4764.0,-1042.5,1280.0,1306.0,4668.5,268.5,1511.0,2693.5,-331.0,1034.0
2023-09-23,-20716.5,4764.0,-1042.5,1280.0,1306.0,4668.5,268.5,1511.0,2693.5,-331.0,1034.0
2023-09-24,-20716.5,4764.0,-1042.5,1280.0,1306.0,4668.5,268.5,1511.0,2693.5,-331.0,1034.0
2023-09-25,-20662.5,4899.0,-1107.5,1280.0,1480.5,4803.5,268.5,1485.5,2628.5,-331.0,1034.0
2023-09-26,-21014.0,4677.5,-1153.5,1176.0,1461.0,4757.5,242.0,1439.5,2582.5,-331.0,930.0
2023-09-27,-20673.5,4648.5,-1182.5,1176.0,1630.5,4728.5,242.0,1410.5,2553.5,-331.0,912.0
2023-09-28,-20276.5,4999.5,-1182.5,1176.0,1781.5,5079.5,242.0,1410.5,2504.5,-331.0,912.0
2023-09-29,-20216.0,5116.5,-1241.5,1176.0,1744.0,4996.5,242.0,1351.5,2683.0,-331.0,853.0
2023-09-30,-20216.0,5116.5,-1241.5,1176.0,1744.0,4996.5,242.0,1351.5,2683.0,-331.0,853.0
2023-10-01,-20216.0,5116.5,-1241.5,1176.0,1744.0,4996.5,242.0,1351.5,2683.0,-331.0,853.0
2023-10-02,-20299.5,5298.0,-1260.0,1176.0,1944.0,4978.0,242.0,1333.0,2664.5,-331.0,834.5
2023-10-03,-20414.5,5052.0,-1308.0,1176.0,1837.5,4930.0,242.0,1285.0,2616.5,-331.0,834.5
2023-10-04,-20690.0,4852.0,-1308.0,1176.0,1837.5,4930.0,242.0,1285.0,2616.5,-331.0,834.5
2023-10-05,-20871.0,4702.0,-1320.5,1038.5,1825.0,4917.5,242.0,1272.5,2604.0,-331.0,697.0
2023-10-06,-21333.0,4625.0,-1397.5,1038.5,1798.5,4840.5,242.0,1246.0,2527.0,-331.0,697.0
2023-10-07,-21333.0,4625.0,-1397.5,1038.5,1798.5,4840.5,242.0,1246.0,2527.0,-331.0,697.0
2023-10-08,-21333.0,4625.0,-1397.5,1038.5,1798.5,4840.5,242.0,1246.0,2527.0,-331.0,697.0
2023-10-09,-21058.5,4691.0,-1456.0,1038.5,1998.5,4906.5,242.0,1187.5,2468.5,-331.0,621.5
2023-10-10,-21082.5,4667.0,-1480.0,1038.5,1998.5,4882.5,242.0,1163.5,2444.5,-331.0,621.5
2023-10-11,-21354.5,4539.5,-1533.0,1038.5,1871.0,4829.5,242.0,1143.0,2391.5,-331.0,621.5
2023-10-12,-21625.0,4442.5,-1577.0,1021.0,1797.0,4750.0,224.5,1099.0,2347.5,-331.0,604.0
2023-10-13,-21783.5,4284.0,-1604.0,889.5,1638.5,4591.5,224.5,1072.0,2320.5,-331.0,472.5
2023-10-14,-21783.5,4284.0,-1604.0,889.5,1638.5,4591.5,224.5,1072.0,2320.5,-331.0,472.5
2023-10-15,-21783.5,4284.0,-1604.0,889.5,1638.5,4591.5,224.5,1072.0,2320.5,-331.0,472.5
2023-10-16,-21302.0,4302.0,-1604.0,889.5,1720.0,4673.0,224.5,1072.0,2320.5,-331.0,472.5
2023-10-17,-21311.0,4441.5,-1624.0,889.5,1879.5,4853.0,224.5,1052.0,2460.0,-331.0,472.5
2023-10-18,-21079.0,4586.0,-1479.5,876.0,2024.0,5053.0,211.0,1238.5,2604.5,-331.0,417.0
2023-10-19,-20987.5,4630.0,-1546.0,1076.0,2198.5,5186.5,211.0,1172.0,2538.0,-331.0,591.5
2023-10-20,-21089.5,4610.5,-1565.5,1076.0,2179.0,5167.0,211.0,1152.5,2518.5,-331.0,591.5
2023-10-21,-21089.5,4610.5,-1565.5,1076.0,2179.0,5167.0,211.0,1152.5,2518.5,-331.0,591.5
2023-10-22,-21089.5,4610.5,-1565.5,1076.0,2179.0,5167.0,211.0,1152.5,2518.5,-331.0,591.5
2023-10-23,-20817.0,4928.5,-1447.5,1076.0,2497.0,5485.0,211.0,1332.5,2636.5,-331.0,529.5
2023-10-24,-21037.5,4776.0,-1508.5,984.5,2384.5,5424.0,211.0,1271.5,2575.5,-331.0,377.0
2023-10-25,-20924.0,4976.0,-1308.5,984.5,2584.5,5624.0,211.0,1471.5,2775.5,-331.0,323.0
2023-10-26,-20946.5,5307.5,-1308.5,1384.5,2984.5,5955.5,211.0,1471.5,2775.5,-331.0,723.0
2023-10-27,-20957.5,5294.0,-1322.0,1384.5,2984.5,5942.0,211.0,1458.0,2762.0,-331.0,723.0
2023-10-28,-20957.5,5294.0,-1322.0,1384.5,2984.5,5942.0,211.0,1458.0,2762.0,-331.0,723.0
2023-10-29,-20957.5,5294.0,-1322.0,1384.5,2984.5,5942.0,211.0,1458.0,2762.0,-331.0,723.0
2023-10-30,-20687.0,5404.0,-1122.0,1584.5,3094.5,6052.0,411.0,1458.0,2962.0,-131.0,923.0
2023-10-31,-20548.0,5728.0,-1160.5,1584.5,3418.5,6013.5,411.0,1458.0,2923.5,-131.0,1047.0
2023-11-01,-20615.0,5672.5,-1216.0,1544.5,3378.5,5969.0,371.0,1402.5,2868.0,-171.0,1007.0
2023-11-02,-20638.0,5672.5,-1216.0,1544.5,3378.5,5969.0,371.0,1402.5,2868.0,-171.0,1007.0
2023-11-03,-20635.0,5638.0,-1250.5,1344.5,3578.5,6134.5,371.0,1368.0,3033.5,-171.0,807.0
2023-11-04,-20635.0,5638.0,-1250.5,1344.5,3578.5,6134.5,371.0,1368.0,3033.5,-171.0,807.0
2023-11-05,-20635.0,5638.0,-1250.5,1344.5,3578.5,6134.5,371.0,1368.0,3033.5,-171.0,807.0
2023-11-06,-20730.5,5542.5,-1295.0,1321.5,3520.0,6060.5,348.0,1323.5,2938.0,-194.0,770.0
2023-11-07,-20997.0,5414.5,-1311.5,1321.5,3426.5,6043.0,348.0,1307.0,2888.0,-194.0,692.0
2023-11-08,-21054.5,5357.0,-1354.0,1306.0,3347.0,6000.5,332.5,1291.5,2845.5,-209.5,676.5
2023-11-09,-21171.5,5240.0,-1366.0,1306.0,3328.5,5883.0,332.5,1279.5,2833.5,-209.5,559.5
2023-11-10,-21159.5,5429.0,-1377.0,1506.0,3528.5,6072.0,332.5,1268.5,2822.5,-209.5,759.5
2023-11-11,-21159.5,5429.0,-1377.0,1506.0,3528.5,6072.0,332.5,1268.5,2822.5,-209.5,759.5
2023-11-12,-21159.5,5429.0,-1377.0,1506.0,3528.5,6072.0,332.5,1268.5,2822.5,-209.5,759.5
2023-11-13,-21140.0,5429.0,-1377.0,1506.0,3528.5,6072.0,332.5,1268.5,2822.5,-209.5,759.5
2023-11-14,-21136.5,5467.5,-1212.0,1405.0,3528.5,5910.5,315.0,1433.5,2944.5,-209.5,658.5
2023-11-15,-21010.5,5343.5,-1239.0,1308.0,3701.5,5883.5,315.0,1406.5,3117.5,-306.5,561.5
2023-11-16,-21196.0,5259.0,-1273.0,1262.0,3617.0,5812.0,269.0,1372.5,3083.5,-327.5,515.5
2023-11-17,-21256.5,5198.5,-1333.5,1225.5,3617.0,5751.5,232.5,1336.0,3023.0,-344.5,455.0
2023-11-18,-21256.5,5198.5,-1333.5,1225.5,3617.0,5751.5,232.5,1336.0,3023.0,-344.5,455.0
2023-11-19,-21256.5,5198.5,-1333.5,1225.5,3617.0,5751.5,232.5,1336.0,3023.0,-344.5,455.0
2023-11-20,-21468.5,5112.0,-1358.5,1225.5,3541.5,5665.0,232.5,1311.0,2968.0,-344.5,444.0
2023-11-21,-21511.0,5069.5,-1401.0,1225.5,3519.0,5622.5,232.5,1268.5,2925.5,-344.5,424.0
2023-11-22,-21649.0,4944.0,-1418.5,1158.0,3461.0,5497.0,232.5,1251.0,2908.0,-344.5,356.5
2023-11-23,-21607.0,4974.5,-1388.0,1188.5,3461.0,5502.0,263.0,1281.5,2938.5,-302.5,387.0
2023-11-24,-21607.0,4939.0,-1396.5,1188.5,3461.0,5493.5,263.0,1273.0,2930.0,-302.5,387.0
2023-11-25,-21607.0,4939.0,-1396.5,1188.5,3461.0,5493.5,263.0,1273.0,2930.0,-302.5,387.0
2023-11-26,-21542.5,4939.0,-1396.5,1188.5,3461.0,5493.5,263.0,1273.0,2930.0,-302.5,387.0
2023-11-27,-21590.0,4854.0,-1446.0,1172.0,3461.0,5444.0,246.5,1223.5,2880.5,-319.0,354.5
2023-11-28,-21483.5,4960.5,-1462.5,1172.0,3567.5,5550.5,246.5,1207.0,2864.0,-319.0,554.5
2023-11-29,-21554.5,4889.5,-1533.5,1172.0,3519.5,5497.0,246.5,1166.5,2793.0,-319.0,554.5
2023-11-30,-21613.5,4813.0,-1610.0,1172.0,3472.5,5420.5,246.5,1147.0,2716.5,-319.0,554.5
2023-12-01,-21412.5,4682.5,-1651.0,1131.5,3342.0,5339.0,246.5,1106.0,2675.5,-319.0,494.5
2023-12-02,-21412.5,4682.5,-1651.0,1131.5,3342.0,5339.0,246.5,1106.0,2675.5,-319.0,494.5
2023-12-03,-21412.5,4682.5,-1651.0,1131.5,3342.0,5339.0,246.5,1106.0,2675.5,-319.0,494.5
2023-12-04,-21538.5,4607.5,-1675.5,1131.5,3317.5,5264.0,246.5,1081.5,2651.0,-319.0,494.5
2023-12-05,-21379.0,4792.0,-1691.0,1131.5,3502.0,5448.5,246.5,1066.0,2635.5,-319.0,479.0
2023-12-06,-21106.0,4637.0,-1762.5,1047.5,3421.0,5384.0,202.5,1038.5,2527.0,-319.0,367.5
2023-12-07,-21463.0,4616.5,-1783.0,1027.0,3400.5,5373.0,182.0,1018.0,2506.5,-319.0,347.0
2023-12-08,-21152.0,4792.5,-1807.0,1027.0,3576.5,5549.0,182.0,994.0,2682.5,-319.0,547.0
2023-12-09,-21152.0,4792.5,-1807.0,1027.0,3576.5,5549.0,182.0,994.0,2682.5,-319.0,547.0
2023-12-10,-21187.5,4757.0,-1842.5,1027.0,3576.5,5513.5,182.0,958.5,2647.0,-319.0,511.5
2023-12-11,-21273.0,4692.5,-1861.0,1027.0,3576.5,5449.0,182.0,940.0,2582.5,-319.0,465.5
2023-12-12,-21073.0,4892.5,-1661.0,1227.0,3576.5,5649.0,382.0,1140.0,2782.5,-319.0,665.5
2023-12-13,-21200.5,4765.0,-1717.5,1131.5,3576.5,5521.5,357.5,1108.0,2726.0,-390.0,570.0
2023-12-14,-21000.5,4965.0,-1517.5,1131.5,3776.5,5721.5,357.5,1308.0,2926.0,-390.0,570.0
2023-12-15,-20832.5,5227.5,-1317.5,1131.5,4039.0,5984.5,357.5,1508.0,3126.0,-390.0,833.0
2023-12-16,-20832.5,5227.5,-1317.5,1131.5,4039.0,5984.5,357.5,1508.0,3126.0,-390.0,833.0
2023-12-17,-20832.5,5227.5,-1317.5,1131.5,4039.0,5984.5,357.5,1508.0,3126.0,-390.0,833.0
2023-12-18,-20905.0,5213.0,-1332.0,1131.5,4024.5,5970.0,357.5,1493.5,3111.5,-390.0,833.0
2023-12-19,-20918.0,5200.0,-1368.0,1174.5,3968.5,5998.5,336.0,1479.0,3034.0,-390.0,876.0
2023-12-20,-21148.0,5125.0,-1395.0,1126.5,3920.5,5923.5,336.0,1452.0,3007.0,-390.0,828.0
2023-12-21,-21239.0,4968.5,-1416.5,1126.5,3920.5,5902.0,336.0,1430.5,2985.5,-390.0,828.0
2023-12-22,-21056.5,4897.0,-1429.5,1068.0,3849.0,5889.0,336.0,1417.5,2972.5,-390.0,769.5
2023-12-23,-21056.5,4897.0,-1429.5,1068.0,3849.0,5889.0,336.0,1417.5,2972.5,-390.0,769.5
2023-12-24,-21056.5,4897.0,-1429.5,1068.0,3849.0,5889.0,336.0,1417.5,2972.5,-390.0,769.5
2023-12-25,-21056.5,4897.0,-1429.5,1068.0,3849.0,5889.0,336.0,1417.5,2972.5,-390.0,769.5
2023-12-26,-21173.0,4885.0,-1441.5,1068.0,3849.0,5877.0,336.0,1405.5,2960.5,-390.0,769.5
2023-12-27,-21356.5,4766.0,-1460.0,1049.5,3753.5,5758.0,317.5,1405.5,2937.0,-390.0,751.0
2023-12-28,-21262.5,4860.0,-1467.5,1101.0,3746.0,5852.0,317.5,1398.0,2929.5,-390.0,795.0
2023-12-29,-21410.0,4757.0,-1487.0,1081.5,3726.5,5749.0,298.0,1378.5,2865.0,-409.5,730.5
2023-12-30,-21410.0,4757.0,-1487.0,1081.5,3726.5,5749.0,298.0,1378.5,2865.0,-409.5,730.5
2023-12-31,-21410.0,4757.0,-1487.0,1081.5,3726.5,5749.0,298.0,1378.5,2865.0,-409.5,730.5
2024-01-01,-21410.0,4757.0,-1487.0,1081.5,3726.5,5749.0,298.0,1378.5,2865.0,-409.5,730.5
2024-01-02,-21569.5,4757.0,-1487.0,1081.5,3726.5,5749.0,298.0,1378.5,2865.0,-409.5,730.5
2024-01-03,-21621.0,4705.5,-1487.0,1081.5,3726.5,5697.5,298.0,1378.5,2813.5,-409.5,679.0
2024-01-04,-21221.0,4905.5,-1507.0,1281.5,3726.5,5677.5,298.0,1358.5,2793.5,-409.5,879.0
2024-01-05,-21017.0,4897.0,-1530.5,1258.0,3718.0,5654.0,274.5,1335.0,2770.0,-409.5,870.5
2024-01-06,-21017.0,4897.0,-1530.5,1258.0,3718.0,5654.0,274.5,1335.0,2770.0,-409.5,870.5
2024-01-07,-21017.0,4897.0,-1530.5,1258.0,3718.0,5654.0,274.5,1335.0,2770.0,-409.5,870.5
2024-01-08,-20769.0,4811.5,-1568.0,1258.0,3718.0,5616.5,274.5,1297.5,2732.5,-409.5,870.5
2024-01-09,-20875.0,4719.5,-1568.0,1258.0,3718.0,5524.5,274.5,1297.5,2732.5,-409.5,870.5
2024-01-10,-20902.0,4760.0,-1600.0,1338.0,3798.0,5565.0,242.5,1265.5,2661.0,-409.5,950.5
2024-01-11,-21021.5,4587.5,-1626.0,1338.0,3772.0,5498.5,242.5,1239.5,2635.0,-409.5,950.5
2024-01-12,-21071.5,4537.5,-1676.0,1338.0,3759.0,5448.5,242.5,1226.5,2585.0,-409.5,950.5
2024-01-13,-21071.5,4537.5,-1676.0,1338.0,3759.0,5448.5,242.5,1226.5,2585.0,-409.5,950.5
2024-01-14,-21071.5,4537.5,-1676.0,1338.0,3759.0,5448.5,242.5,1226.5,2585.0,-409.5,950.5
2024-01-15,-21095.0,4514.0,-1700.5,1339.0,3759.0,5425.0,242.5,1202.0,2560.5,-409.5,951.5
2024-01-16,-21308.0,4476.5,-1738.0,1339.0,3759.0,5387.5,242.5,1164.5,2523.0,-409.5,951.5
2024-01-17,-21248.0,4368.5,-1738.0,1339.0,3699.0,5339.5,242.5,1164.5,2475.0,-409.5,951.5
2024-01-18,-21176.0,4656.0,-1556.5,1339.0,3899.0,5386.0,242.5,1164.5,2656.5,-409.5,1151.5
2024-01-19,-20776.0,4656.0,-1556.5,1339.0,3899.0,5386.0,242.5,1164.5,2656.5,-409.5,1151.5
2024-01-20,-20776.0,4656.0,-1556.5,1339.0,3899.0,5386.0,242.5,1164.5,2656.5,-409.5,1151.5
2024-01-21,-20776.0,4656.0,-1556.5,1339.0,3899.0,5386.0,242.5,1164.5,2656.5,-409.5,1151.5
2024-01-22,-20804.5,4627.5,-1585.0,1310.5,3899.0,5357.5,214.0,1136.0,2628.0,-409.5,1123.0
2024-01-23,-20884.5,4560.0,-1608.5,1310.5,3899.0,5290.0,214.0,1112.5,2604.5,-409.5,1123.0
2024-01-24,-20946.0,4498.5,-1670.0,1310.5,3837.5,5228.5,214.0,1051.0,2543.0,-409.5,1083.5
2024-01-25,-20719.0,4768.0,-1535.0,1310.5,4013.0,5498.0,214.0,1026.5,2678.0,-409.5,1083.5
2024-01-26,-20602.0,4960.0,-1543.0,1510.5,4005.0,5698.0,214.0,1026.5,2670.0,-209.5,1275.5
2024-01-27,-20602.0,4960.0,-1543.0,1510.5,4005.0,5698.0,214.0,1026.5,2670.0,-209.5,1275.5
2024-01-28,-20602.0,4960.0,-1543.0,1510.5,4005.0,5698.0,214.0,1026.5,2670.0,-209.5,1275.5
2024-01-29,-20125.5,4823.0,-1607.0,1479.0,3925.0,5672.5,182.5,995.0,2606.0,-241.0,1244.0
2024-01-30,-19926.0,4981.5,-1448.5,1479.0,4083.5,5831.0,182.5,1195.0,2764.5,-241.0,1244.0
2024-01-31,-19978.0,4932.5,-1497.5,1462.5,4034.5,5782.0,166.0,1178.5,2715.5,-241.0,1227.5
2024-02-01,-20118.5,4903.0,-1527.0,1462.5,4005.0,5752.5,166.0,1149.0,2686.0,-241.0,1227.5
2024-02-02,-20305.0,4760.5,-1620.0,1462.5,3955.5,5638.5,166.0,1107.5,2593.0,-241.0,1199.0
2024-02-03,-20305.0,4760.5,-1620.0,1462.5,3955.5,5638.5,166.0,1107.5,2593.0,-241.0,1199.0
2024-02-04,-20305.0,4760.5,-1620.0,1462.5,3955.5,5638.5,166.0,1107.5,2593.0,-241.0,1199.0
2024-02-05,-20192.5,4646.5,-1659.0,1462.5,3841.5,5563.5,166.0,1107.5,2554.0,-241.0,1199.0
2024-02-06,-20121.0,4608.5,-1697.0,1462.5,3825.0,5542.0,166.0,1069.5,2516.0,-241.0,1199.0
2024-02-07,-20312.0,4438.5,-1783.5,1462.5,3655.0,5455.5,166.0,1026.0,2429.5,-241.0,1156.0
2024-02-08,-20253.5,4498.5,-1816.0,1462.5,3655.0,5455.5,166.0,993.5,2397.0,-241.0,1156.0
2024-02-09,-20322.5,4429.5,-1850.5,1428.0,3655.0,5386.5,131.5,993.5,2328.0,-275.5,1121.5
2024-02-10,-20322.5,4429.5,-1850.5,1428.0,3655.0,5386.5,131.5,993.5,2328.0,-275.5,1121.5
2024-02-11,-20322.5,4429.5,-1850.5,1428.0,3655.0,5386.5,131.5,993.5,2328.0,-275.5,1121.5
2024-02-12,-20410.0,4366.0,-1860.5,1374.5,3655.0,5323.0,131.5,983.5,2318.0,-275.5,1068.0
2024-02-13,-20900.5,4338.0,-1888.5,1574.5,3855.0,5295.0,131.5,955.5,2290.0,-75.5,1268.0
2024-02-14,-20500.5,4152.0,-1888.5,1774.5,3669.0,5248.0,131.5,955.5,2243.0,-75.5,1468.0
2024-02-15,-20261.0,4134.5,-1906.0,1757.0,3651.5,5230.5,114.0,938.0,2225.5,-75.5,1450.5
2024-02-16,-20488.5,4070.5,-1970.0,1710.0,3604.5,5185.0,85.5,874.0,2161.5,-75.5,1403.5
2024-02-17,-20488.5,4070.5,-1970.0,1710.0,3604.5,5185.0,85.5,874.0,2161.5,-75.5,1403.5
2024-02-18,-20488.5,4070.5,-1970.0,1710.0,3604.5,5185.0,85.5,874.0,2161.5,-75.5,1403.5
2024-02-19,-20537.0,4003.5,-2037.0,1674.5,3576.5,5136.5,50.0,807.0,2094.5,-94.0,1347.5
2024-02-20,-20537.0,4375.0,-2065.5,1602.0,3748.0,5108.0,50.0,807.0,2266.0,-94.0,1519.0
2024-02-21,-20638.0,4509.0,-2131.5,1562.5,3908.5,5242.0,10.5,780.5,2200.0,-94.0,1679.5
2024-02-22,-21078.5,4415.0,-2131.5,1762.5,4108.5,5442.0,10.5,780.5,2400.0,-94.0,1879.5
2024-02-23,-21197.5,4396.5,-2150.0,1762.5,4090.0,5423.5,10.5,762.0,2381.5,-94.0,1879.5
2024-02-24,-21197.5,4396.5,-2150.0,1762.5,4090.0,5423.5,10.5,762.0,2381.5,-94.0,1879.5
2024-02-25,-21197.5,4396.5,-2150.0,1762.5,4090.0,5423.5,10.5,762.0,2381.5,-94.0,1879.5
2024-02-26,-21083.0,4560.5,-1986.0,1962.5,4290.0,5587.5,210.5,706.0,2545.5,-94.0,2079.5
2024-02-27,-21161.5,4740.0,-2063.0,1938.5,4469.5,5787.5,186.5,661.5,2468.5,-94.0,2055.5
2024-02-28,-21334.0,4604.0,-2123.5,1938.5,4359.0,5752.5,186.5,636.0,2408.0,-94.0,2055.5
2024-02-29,-21129.0,4537.5,-2208.0,1870.0,4325.0,5738.0,118.0,551.5,2323.5,-162.5,2003.5
2024-03-01,-20729.0,4677.5,-2223.0,1870.0,4525.0,5878.0,118.0,536.5,2463.5,-162.5,1988.5
2024-03-02,-20729.0,4677.5,-2223.0,1870.0,4525.0,5878.0,118.0,536.5,2463.5,-162.5,1988.5
2024-03-03,-20729.0,4677.5,-2223.0,1870.0,4525.0,5878.0,118.0,536.5,2463.5,-162.5,1988.5
2024-03-04,-20586.0,4820.5,-2237.0,1870.0,4682.0,6021.0,118.0,522.5,2606.5,-162.5,1988.5
2024-03-05,-20832.0,4634.0,-2237.0,1796.0,4562.0,5834.5,118.0,522.5,2560.5,-162.5,1914.5
2024-03-06,-20886.5,4598.0,-2273.0,1796.0,4526.0,5798.5,118.0,522.5,2524.5,-162.5,1914.5
2024-03-07,-20956.5,4607.5,-2114.0,1741.0,4537.5,5808.0,118.0,522.5,2732.0,-162.5,1859.5
2024-03-08,-21237.0,4759.5,-2163.5,1718.5,4516.5,5760.0,95.5,473.0,2682.5,-162.5,1838.5
2024-03-09,-21237.0,4759.5,-2163.5,1718.5,4516.5,5760.0,95.5,473.0,2682.5,-162.5,1838.5
2024-03-10,-21237.0,4759.5,-2163.5,1718.5,4516.5,5760.0,95.5,473.0,2682.5,-162.5,1838.5
2024-03-11,-21111.0,4819.5,-2011.0,1718.5,4421.5,5912.5,95.5,378.0,2835.0,-162.5,1791.0
2024-03-12,-21711.0,4600.0,-2030.5,1718.5,4421.5,5912.5,95.5,358.5,2815.5,-162.5,1771.5
2024-03-13,-21788.5,4522.5,-2108.0,1718.5,4379.0,5835.0,95.5,323.5,2738.0,-162.5,1729.0
2024-03-14,-21629.5,4681.5,-2149.0,1718.5,4338.0,5994.0,95.5,523.5,2697.0,-162.5,2129.0
2024-03-15,-21237.5,4890.5,-2189.0,1767.5,4347.0,5954.0,95.5,483.5,2657.0,-162.5,2378.0
2024-03-16,-21237.5,4890.5,-2189.0,1767.5,4347.0,5954.0,95.5,483.5,2657.0,-162.5,2378.0
2024-03-17,-21288.5,4839.5,-2240.0,1767.5,4296.0,5954.0,95.5,432.5,2606.0,-162.5,2378.0
2024-03-18,-21638.5,4839.5,-2240.0,1767.5,4272.0,5954.0,95.5,432.5,2606.0,-162.5,2578.0
2024-03-19,-21277.5,4681.5,-2323.0,1767.5,4265.0,5864.0,95.5,400.5,2523.0,-162.5,2578.0
2024-03-20,-21421.0,4659.5,-2345.0,1745.5,4216.0,5842.0,73.5,378.5,2501.0,-162.5,2556.0
2024-03-21,-21530.5,4569.0,-2373.5,1683.5,4125.5,5751.5,73.5,350.0,2472.5,-162.5,2494.0
2024-03-22,-21615.5,4484.0,-2399.5,1760.5,4040.5,5589.5,73.5,324.0,2446.5,-162.5,2571.0
2024-03-23,-21615.5,4484.0,-2399.5,1760.5,4040.5,5589.5,73.5,324.0,2446.5,-162.5,2571.0
2024-03-24,-21634.5,4465.0,-2418.5,1760.5,4040.5,5570.5,73.5,305.0,2427.5,-162.5,2571.0
2024-03-25,-21829.5,4330.0,-2466.0,1760.5,3961.5,5418.5,73.5,257.5,2397.0,-162.5,2419.0
2024-03-26,-21695.0,4464.5,-2291.0,1735.5,4121.0,5593.5,48.5,432.5,2531.5,-162.5,2594.0
2024-03-27,-21730.0,4429.5,-2326.0,1735.5,4121.0,5558.5,48.5,397.5,2496.5,-162.5,2559.0
2024-03-28,-21845.5,4457.5,-2258.0,1735.5,4167.5,5483.0,48.5,465.5,2564.5,-162.5,2615.0
2024-03-29,-21845.5,4457.5,-2258.0,1735.5,4167.5,5483.0,48.5,465.5,2564.5,-162.5,2615.0
2024-03-30,-21845.5,4457.5,-2258.0,1735.5,4167.5,5483.0,48.5,465.5,2564.5,-162.5,2615.0
2024-03-31,-21902.0,4457.5,-2258.0,1735.5,4167.5,5483.0,48.5,465.5,2564.5,-162.5,2615.0
2024-04-01,-21882.0,4395.0,-2314.0,1735.5,3995.0,5550.0,48.5,409.5,2508.5,-162.5,2615.0
2024-04-02,-22070.5,4275.5,-2339.0,1710.5,3970.0,5430.5,23.5,384.5,2483.5,-162.5,2590.0
2024-04-03,-22126.0,4220.0,-2394.5,1710.5,3970.0,5375.0,23.5,371.5,2428.0,-162.5,2590.0
2024-04-04,-22436.0,4114.0,-2458.0,1671.5,3927.5,5308.0,-15.5,308.0,2322.0,-162.5,2551.0
2024-04-05,-22345.5,4081.5,-2490.5,1671.5,3927.5,5275.5,-15.5,275.5,2289.5,-162.5,2515.5
2024-04-06,-22345.5,4081.5,-2490.5,1671.5,3927.5,5275.5,-15.5,275.5,2289.5,-162.5,2515.5
2024-04-07,-22345.5,4081.5,-2490.5,1671.5,3927.5,5275.5,-15.5,275.5,2289.5,-162.5,2515.5
2024-04-08,-22256.0,4216.5,-2548.0,1671.5,3862.5,5475.5,-15.5,264.5,2167.0,-162.5,2515.5
2024-04-09,-22360.0,4072.0,-2560.0,1671.5,3776.0,5331.0,-15.5,252.5,2109.0,-162.5,2429.0
2024-04-10,-22191.0,3933.5,-2655.5,1603.5,3637.5,5192.5,-83.5,225.0,1970.5,-162.5,2361.0
2024-04-11,-22241.5,3683.0,-2655.5,1603.5,3587.0,5142.0,-83.5,225.0,1920.0,-162.5,2361.0
2024-04-12,-22519.0,3482.0,-2716.5,1417.5,3330.0,5071.0,-83.5,225.0,1788.0,-162.5,2104.0
2024-04-13,-22519.0,3482.0,-2716.5,1417.5,3330.0,5071.0,-83.5,225.0,1788.0,-162.5,2104.0
2024-04-14,-22519.0,3482.0,-2716.5,1417.5,3330.0,5071.0,-83.5,225.0,1788.0,-162.5,2104.0
2024-04-15,-22654.5,3309.0,-2790.0,1417.5,3278.5,4898.0,-83.5,203.0,1645.5,-162.5,2104.0
2024-04-16,-22430.0,3354.5,-2590.0,1417.5,3201.0,5021.0,-83.5,403.0,1845.5,-162.5,2027.0
2024-04-17,-22688.0,3314.5,-2630.0,1391.5,3201.0,4981.0,-109.5,363.0,1805.5,-162.5,2001.0
2024-04-18,-23073.0,3240.0,-2704.5,1391.5,3164.0,4906.5,-109.5,288.5,1731.0,-162.5,2001.0
2024-04-19,-22785.5,3172.0,-2772.5,1391.5,3164.0,4838.5,-109.5,288.5,1663.0,-162.5,1933.0
2024-04-20,-22785.5,3172.0,-2772.5,1391.5,3164.0,4838.5,-109.5,288.5,1663.0,-162.5,1933.0
2024-04-21,-22785.5,3172.0,-2772.5,1391.5,3164.0,4838.5,-109.5,288.5,1663.0,-162.5,1933.0
2024-04-22,-22605.5,3254.0,-2905.0,1391.5,3116.5,4739.0,-109.5,156.0,1530.5,-162.5,1882.0
2024-04-23,-22505.5,3354.0,-2705.0,1391.5,3216.5,4839.0,-109.5,356.0,1730.5,-162.5,1882.0
2024-04-24,-22359.5,3534.5,-2524.5,1391.5,3216.5,5019.5,-109.5,536.5,1911.0,-162.5,1882.0
2024-04-25,-22695.0,3427.0,-2567.0,1391.5,3174.0,4912.0,-109.5,494.0,1803.5,-162.5,1882.0
2024-04-26,-22428.5,3345.5,-2632.0,1375.0,3145.5,4847.0,-109.5,429.0,1738.5,-162.5,1865.5
2024-04-27,-22428.5,3345.5,-2632.0,1375.0,3145.5,4847.0,-109.5,429.0,1738.5,-162.5,1865.5
2024-04-28,-22428.5,3345.5,-2632.0,1375.0,3145.5,4847.0,-109.5,429.0,1738.5,-162.5,1865.5
2024-04-29,-22534.5,3461.0,-2716.5,1366.0,3307.0,4822.5,-118.5,344.5,1654.0,-162.5,1856.5
2024-04-30,-22687.0,3508.5,-2516.5,1366.0,3154.5,5022.5,-118.5,544.5,1854.0,-162.5,2056.5
2024-05-01,-22785.5,3410.0,-2615.0,1366.0,3154.5,4924.0,-118.5,536.5,1755.5,-162.5,2056.5
2024-05-02,-23032.5,3217.0,-2708.5,1341.5,2955.5,4731.0,-143.0,443.0,1662.0,-162.5,2032.0
2024-05-03,-23222.5,3198.0,-2727.5,1341.5,2936.5,4712.0,-143.0,424.0,1643.0,-162.5,2032.0
2024-05-04,-23222.5,3198.0,-2727.5,1341.5,2936.5,4712.0,-143.0,424.0,1643.0,-162.5,2032.0
2024-05-05,-23222.5,3198.0,-2727.5,1341.5,2936.5,4712.0,-143.0,424.0,1643.0,-162.5,2032.0
2024-05-06,-22882.0,3102.5,-2779.0,1296.5,2936.5,4623.0,-188.0,372.5,1591.5,-207.5,1943.0
2024-05-07,-22850.0,3134.5,-2814.0,1399.0,2936.5,4655.0,-188.0,337.5,1659.0,-207.5,2034.5
2024-05-08,-22933.0,3112.0,-2836.5,1399.0,2936.5,4632.5,-188.0,337.5,1636.5,-207.5,2034.5
2024-05-09,-23061.0,3043.5,-2847.5,1340.5,2936.5,4574.0,-188.0,326.5,1625.5,-266.0,1966.0
2024-05-10,-23012.0,2982.5,-2860.5,1340.5,2875.5,4561.0,-188.0,313.5,1612.5,-266.0,1966.0
2024-05-11,-23012.0,2982.5,-2860.5,1340.5,2875.5,4561.0,-188.0,313.5,1612.5,-266.0,1966.0
2024-05-12,-23012.0,2982.5,-2860.5,1340.5,2875.5,4561.0,-188.0,313.5,1612.5,-266.0,1966.0
2024-05-13,-23062.5,2945.0,-2898.0,1340.5,2855.0,4540.0,-188.0,280.0,1575.0,-266.0,1966.0
2024-05-14,-23321.0,2975.0,-2734.0,1320.5,2814.5,4663.5,-208.0,444.0,1739.0,-286.0,1946.0
2024-05-15,-23460.0,2910.0,-2734.0,1320.5,2749.5,4598.5,-208.0,444.0,1739.5,-286.0,1946.0
2024-05-16,-23481.0,2889.0,-2755.0,1299.5,2749.5,4577.5,-229.0,423.0,1718.5,-286.0,1925.0
2024-05-17,-23296.0,3074.0,-2770.0,1299.5,2949.5,4762.5,-229.0,408.0,1703.5,-286.0,1910.0
2024-05-18,-23296.0,3074.0,-2770.0,1299.5,2949.5,4762.5,-229.0,408.0,1703.5,-286.0,1910.0
2024-05-19,-23296.0,3074.0,-2770.0,1299.5,2949.5,4762.5,-229.0,408.0,1703.5,-286.0,1910.0
2024-05-20,-23271.5,3210.0,-2834.0,1499.5,2901.5,4914.0,-229.0,376.5,1839.5,-86.0,2062.0
2024-05-21,-23326.5,3368.5,-2848.0,1485.5,3101.5,4900.0,-243.0,362.5,1798.0,-86.0,2048.0
2024-05-22,-23250.0,3493.0,-2880.0,1469.5,3101.5,5024.5,-259.0,330.5,1766.0,-102.0,2216.0
2024-05-23,-23465.0,3343.0,-2928.5,1368.0,2980.0,4874.5,-259.0,282.0,1717.5,-102.0,2114.5
2024-05-24,-23465.0,3543.0,-2728.5,1368.0,3180.0,5074.5,-259.0,482.0,1917.5,-102.0,2114.5
2024-05-25,-23465.0,3543.0,-2728.5,1368.0,3180.0,5074.5,-259.0,482.0,1917.5,-102.0,2114.5
2024-05-26,-23465.0,3543.0,-2728.5,1368.0,3180.0,5074.5,-259.0,482.0,1917.5,-102.0,2114.5
2024-05-27,-23488.0,3520.0,-2751.5,1368.0,3180.0,5051.5,-259.0,459.0,1894.5,-102.0,2091.5
2024-05-28,-23647.0,3432.5,-2751.5,1368.0,3180.0,4964.0,-259.0,459.0,1894.5,-102.0,2053.0
2024-05-29,-23781.0,3210.5,-2551.5,1331.0,2958.0,5110.0,-259.0,659.0,2057.5,-102.0,1885.0
2024-05-30,-23943.5,3130.0,-2588.0,1331.0,2958.0,5029.5,-259.0,659.0,1977.0,-102.0,1885.0
2024-05-31,-23788.0,3170.5,-2631.0,1331.0,3158.0,5070.0,-259.0,659.0,1888.0,-102.0,1925.5
2024-06-01,-23788.0,3170.5,-2631.0,1331.0,3158.0,5070.0,-259.0,659.0,1888.0,-102.0,1925.5
2024-06-02,-23788.0,3170.5,-2631.0,1331.0,3158.0,5070.0,-259.0,659.0,1888.0,-102.0,1925.5
2024-06-03,-23362.0,2930.0,-2709.5,1312.5,3050.0,4919.0,-277.5,580.5,1809.5,-102.0,1907.0
2024-06-04,-23158.5,3062.0,-2709.5,1312.5,3050.0,4919.0,-277.5,580.5,2009.5,-102.0,2107.0
2024-06-05,-23628.0,3171.0,-2730.0,1312.5,3029.5,4828.0,-277.5,560.0,2189.0,-102.0,2086.5
2024-06-06,-23735.0,3064.0,-2730.0,1312.5,2971.5,4721.0,-277.5,560.0,2140.0,-102.0,1979.5
2024-06-07,-23951.5,2847.5,-2746.0,1260.0,2955.5,4504.5,-277.5,544.0,2124.0,-154.5,1927.0
2024-06-08,-23951.5,2847.5,-2746.0,1260.0,2955.5,4504.5,-277.5,544.0,2124.0,-154.5,1927.0
2024-06-09,-23951.5,2847.5,-2746.0,1260.0,2955.5,4504.5,-277.5,544.0,2124.0,-154.5,1927.0
2024-06-10,-24000.5,2777.5,-2765.5,1260.0,2936.0,4434.5,-277.5,524.5,2104.5,-154.5,1927.0
2024-06-11,-23692.5,2687.5,-2781.5,1260.0,2862.0,4418.5,-277.5,508.5,2088.5,-154.5,1927.0
2024-06-12,-23704.0,2676.0,-2793.0,1260.0,2862.0,4407.0,-277.5,497.0,2077.0,-154.5,1927.0
2024-06-13,-23594.5,2890.0,-2836.5,1460.0,2862.0,4421.0,-277.5,453.5,2033.5,45.5,2127.0
2024-06-14,-23491.0,2796.0,-2868.0,1428.5,2830.5,4337.0,-309.0,422.0,2002.0,14.0,2095.5
2024-06-15,-23491.0,2796.0,-2868.0,1428.5,2830.5,4337.0,-309.0,422.0,2002.0,14.0,2095.5
2024-06-16,-23491.0,2796.0,-2868.0,1428.5,2830.5,4337.0,-309.0,422.0,2002.0,14.0,2095.5
2024-06-17,-23598.0,2743.5,-2883.0,1413.5,2830.5,4322.0,-324.0,407.0,1949.5,14.0,2080.5
2024-06-18,-23398.0,2943.5,-2906.5,1413.5,2830.5,4298.5,-324.0,383.5,1926.0,14.0,2280.5
2024-06-19,-23365.5,2952.5,-2897.5,1409.5,2830.5,4331.0,-324.0,416.0,1935.0,14.0,2253.0
2024-06-20,-23192.5,2940.0,-2910.0,1409.5,2830.5,4318.5,-324.0,403.5,1922.5,14.0,2253.0
2024-06-21,-23109.5,3017.0,-2960.5,1609.5,2797.5,4395.5,-324.0,353.0,1872.0,214.0,2453.0
2024-06-22,-23109.5,3017.0,-2960.5,1609.5,2797.5,4395.5,-324.0,353.0,1872.0,214.0,2453.0
2024-06-23,-23109.5,3017.0,-2960.5,1609.5,2797.5,4395.5,-324.0,353.0,1872.0,214.0,2453.0
2024-06-24,-22959.0,3217.0,-2760.5,1584.5,2997.5,4370.5,-349.0,553.0,2072.0,214.0,2428.0
2024-06-25,-23205.0,2971.0,-2869.5,1497.0,2857.0,4124.5,-436.5,496.0,1963.0,214.0,2340.5
2024-06-26,-23148.5,2796.0,-2995.5,1462.0,2766.0,3998.5,-471.5,370.0,1788.0,214.0,2270.5
2024-06-27,-23227.0,3147.0,-2795.5,1462.0,3117.0,4149.5,-471.5,370.0,1988.0,214.0,2270.5
2024-06-28,-23468.0,2993.0,-2854.5,1462.0,3117.0,3995.5,-471.5,311.0,1929.0,214.0,2270.5
2024-06-29,-23468.0,2993.0,-2854.5,1462.0,3117.0,3995.5,-471.5,311.0,1929.0,214.0,2270.5
2024-06-30,-23497.5,2963.5,-2884.0,1462.0,3117.0,3966.0,-471.5,281.5,1899.5,214.0,2270.5
2024-07-01,-23635.5,2851.5,-2920.0,1462.0,3041.0,3854.0,-471.5,245.5,1863.5,214.0,2270.5
2024-07-02,-23464.5,2801.5,-2970.0,1462.0,3041.0,3804.0,-471.5,195.5,1813.5,214.0,2270.5
2024-07-03,-23536.0,2738.0,-3033.5,1417.5,3000.0,3740.5,-516.0,132.0,1750.0,214.0,2207.0
2024-07-04,-23474.0,2800.0,-2971.5,1492.5,3075.0,3802.5,-441.0,103.0,1812.0,289.0,2282.0
2024-07-05,-23040.0,2834.0,-2937.5,1492.5,3109.0,3836.5,-441.0,103.0,1846.0,289.0,2316.0
2024-07-06,-23040.0,2834.0,-2937.5,1492.5,3109.0,3836.5,-441.0,103.0,1846.0,289.0,2316.0
2024-07-07,-23040.0,2834.0,-2937.5,1492.5,3109.0,3836.5,-441.0,103.0,1846.0,289.0,2316.0
2024-07-08,-22970.5,2931.0,-2790.0,1497.0,3206.0,3987.5,-458.5,250.5,1993.5,235.0,2320.5
2024-07-09,-23006.5,2923.5,-2807.5,1497.0,3216.0,3980.0,-458.5,233.0,1976.0,235.0,2320.5
2024-07-10,-23211.0,2784.0,-2862.5,1497.0,3098.5,3947.0,-458.5,200.0,1921.0,235.0,2320.5
2024-07-11,-23557.0,2656.5,-2883.0,1497.0,3078.0,3840.0,-458.5,179.5,1900.5,235.0,2300.0
2024-07-12,-23332.5,2598.0,-2941.5,1497.0,2973.0,3759.5,-458.5,124.0,1842.0,235.0,2300.0
2024-07-13,-23332.5,2598.0,-2941.5,1497.0,2973.0,3759.5,-458.5,124.0,1842.0,235.0,2300.0
2024-07-14,-23332.5,2598.0,-2941.5,1497.0,2973.0,3759.5,-458.5,124.0,1842.0,235.0,2300.0
2024-07-15,-23509.0,2580.5,-2959.0,1479.5,2973.0,3742.0,-476.0,106.5,1824.5,235.0,2282.5
2024-07-16,-23656.0,2524.0,-2980.5,1479.5,2951.5,3720.5,-476.0,85.0,1803.0,235.0,2282.5
2024-07-17,-23777.0,2403.0,-2780.5,1479.5,2951.5,3920.5,-476.0,85.0,2003.0,235.0,2282.5
2024-07-18,-24206.0,2341.0,-2780.5,1479.5,2951.5,3858.5,-476.0,85.0,1941.0,235.0,2220.5
2024-07-19,-23820.0,2607.0,-2580.5,1479.5,2951.5,4124.5,-476.0,285.0,2141.0,235.0,2220.5
2024-07-20,-23820.0,2607.0,-2580.5,1479.5,2951.5,4124.5,-476.0,285.0,2141.0,235.0,2220.5
2024-07-21,-23820.0,2607.0,-2580.5,1479.5,2951.5,4124.5,-476.0,285.0,2141.0,235.0,2220.5
2024-07-22,-23961.0,2621.5,-2380.5,1479.5,3151.5,4324.5,-476.0,485.0,2265.0,235.0,2420.5
2024-07-23,-23822.0,2554.0,-2448.0,1479.5,3117.0,4257.0,-476.0,417.5,2197.5,235.0,2420.5
2024-07-24,-24186.5,2275.5,-2566.5,1401.0,3084.5,3978.5,-476.0,331.5,2079.0,235.0,2309.5
2024-07-25,-24868.0,2399.5,-2566.5,1601.0,2958.0,4252.0,-476.0,331.5,2279.0,235.0,2709.5
2024-07-26,-24917.0,2399.5,-2566.5,1601.0,2958.0,4252.0,-476.0,331.5,2279.0,235.0,2709.5
2024-07-27,-24917.0,2399.5,-2566.5,1601.0,2958.0,4252.0,-476.0,331.5,2279.0,235.0,2709.5
2024-07-28,-24917.0,2399.5,-2566.5,1601.0,2958.0,4252.0,-476.0,331.5,2279.0,235.0,2709.5
2024-07-29,-25237.0,2462.0,-2704.0,1579.5,3136.5,4114.5,-497.5,261.0,2141.5,213.5,2688.0
2024-07-30,-25103.0,2396.0,-2770.0,1579.5,3136.5,4048.5,-497.5,261.0,2075.5,213.5,2622.0
2024-07-31,-25486.0,2680.0,-2570.0,1779.5,3220.5,4448.5,-497.5,461.0,2275.5,213.5,3022.0
2024-08-01,-25482.5,2605.5,-2509.5,1724.0,3220.5,4374.0,-553.0,605.5,2247.5,213.5,2966.5
2024-08-02,-25682.5,2605.5,-2509.5,1724.0,3220.5,4374.0,-553.0,605.5,2247.5,213.5,2966.5
2024-08-03,-25682.5,2605.5,-2509.5,1724.0,3220.5,4374.0,-553.0,605.5,2247.5,213.5,2966.5
2024-08-04,-26185.5,2484.0,-2509.5,1724.0,3099.0,4252.5,-553.0,605.5,2247.5,213.5,2845.0
2024-08-05,-26263.0,2406.5,-2339.0,1815.0,3160.0,4175.0,-353.0,576.0,2418.0,104.5,2797.0
2024-08-06,-26119.0,2806.5,-2139.0,1815.0,3360.0,4575.0,-353.0,776.0,2818.0,104.5,2997.0
2024-08-07,-26226.5,2299.0,-2450.0,1618.5,3163.5,4264.0,-353.0,465.0,2507.0,104.5,2800.5
2024-08-08,-26383.5,2499.0,-2250.0,1618.5,3163.5,4464.0,-353.0,465.0,2707.0,104.5,2800.5
2024-08-09,-26696.5,2499.0,-2250.0,1618.5,3163.5,4464.0,-353.0,465.0,2707.0,104.5,2800.5
2024-08-10,-26696.5,2499.0,-2250.0,1618.5,3163.5,4464.0,-353.0,465.0,2707.0,104.5,2800.5
2024-08-11,-26696.5,2499.0,-2250.0,1618.5,3163.5,4464.0,-353.0,465.0,2707.0,104.5,2800.5
2024-08-12,-26608.0,2335.0,-2125.5,1543.0,3163.5,4300.0,-428.5,465.0,2543.0,104.5,2725.0
2024-08-13,-26460.0,2483.0,-1977.5,1491.0,3163.5,4448.0,-480.5,613.0,2691.0,104.5,2673.0
2024-08-14,-26415.0,2528.0,-2001.5,1691.0,3032.5,4493.0,-480.5,589.0,2667.0,304.5,2873.0
2024-08-15,-26252.5,2705.0,-1842.5,1650.0,3032.5,4670.0,-521.5,748.0,2826.0,263.5,2832.0
2024-08-16,-26197.5,2768.0,-1779.5,1650.0,3032.5,4781.5,-521.5,748.0,2889.0,263.5,2832.0
2024-08-17,-26197.5,2768.0,-1779.5,1650.0,3032.5,4781.5,-521.5,748.0,2889.0,263.5,2832.0
2024-08-18,-26245.0,2768.0,-1779.5,1650.0,3032.5,4781.5,-521.5,748.0,2889.0,263.5,2832.0
2024-08-19,-26366.5,2645.5,-1779.5,1650.0,2968.0,4659.0,-521.5,748.0,2766.5,263.5,2832.0
2024-08-20,-26035.5,2717.5,-1779.5,1850.0,2968.0,4859.0,-521.5,748.0,2766.5,463.5,3032.0
2024-08-21,-26057.5,3045.5,-1605.0,2003.5,2968.0,5033.5,-521.5,922.5,2941.0,463.5,3185.5
2024-08-22,-26460.5,3130.5,-1447.0,1930.5,2968.0,4895.0,-521.5,1122.5,3099.0,463.5,3070.5
2024-08-23,-26219.5,3330.5,-1247.0,1930.5,2968.0,5095.0,-521.5,1322.5,3299.0,463.5,3270.5
2024-08-24,-26219.5,3330.5,-1247.0,1930.5,2968.0,5095.0,-521.5,1322.5,3299.0,463.5,3270.5
2024-08-25,-26219.5,3330.5,-1247.0,1930.5,2968.0,5095.0,-521.5,1322.5,3299.0,463.5,3270.5
2024-08-26,-25777.0,3330.5,-1247.0,1930.5,2968.0,5095.0,-521.5,1322.5,3299.0,463.5,3270.5
2024-08-27,-25914.0,3197.0,-1247.0,1930.5,2911.0,4961.5,-521.5,1322.5,3242.0,463.5,3270.5
2024-08-28,-26023.0,3088.0,-1269.5,1930.5,2824.5,4852.5,-521.5,1300.0,3133.0,463.5,3270.5
2024-08-29,-26042.5,2907.0,-1269.5,1828.0,2746.0,4671.5,-521.5,1300.0,3030.5,463.5,3168.0
2024-08-30,-25973.0,2953.5,-1223.0,1914.5,2631.0,4871.5,-635.0,1460.0,3077.0,663.5,3254.5
2024-08-31,-25973.0,2953.5,-1223.0,1914.5,2631.0,4871.5,-635.0,1460.0,3077.0,663.5,3254.5
2024-09-01,-25987.5,2939.0,-1237.5,1914.5,2631.0,4857.0,-635.0,1445.5,3062.5,663.5,3254.5
2024-09-02,-26060.5,2866.0,-1310.5,1914.5,2631.0,4784.0,-635.0,1372.5,2989.5,663.5,3254.5
2024-09-03,-26798.5,2716.5,-1460.0,1914.5,2535.0,4634.5,-635.0,1223.0,2840.0,663.5,3105.0
2024-09-04,-26529.0,2786.0,-1295.5,1914.5,2463.0,4704.0,-635.0,1387.5,2909.5,663.5,3210.0
2024-09-05,-26698.5,2822.0,-1356.5,1914.5,2663.0,4843.0,-635.0,1387.5,2848.5,663.5,3210.0
2024-09-06,-26863.5,2961.5,-1417.0,1914.5,2802.5,4982.5,-635.0,1327.0,2988.0,663.5,3149.5
2024-09-07,-26863.5,2961.5,-1417.0,1914.5,2802.5,4982.5,-635.0,1327.0,2988.0,663.5,3149.5
2024-09-08,-26976.0,2849.0,-1417.0,1914.5,2690.0,4870.0,-635.0,1327.0,2875.5,663.5,3149.5
2024-09-09,-27176.0,2649.0,-1417.0,1914.5,2490.0,4670.0,-635.0,1327.0,2875.5,663.5,3149.5
2024-09-10,-26504.5,3449.0,-1275.5,1914.5,2890.0,5070.0,-635.0,1468.5,3017.0,663.5,3349.5
2024-09-11,-27047.5,3212.5,-1321.0,1914.5,2890.0,4833.5,-635.0,1423.0,2971.5,663.5,3349.5
2024-09-12,-26557.5,3587.5,-1346.0,1914.5,3265.0,5208.5,-635.0,1398.0,2946.5,663.5,3349.5
2024-09-13,-26353.5,3814.5,-1422.0,1914.5,3435.0,5178.5,-635.0,1322.0,2916.5,663.5,3273.5
2024-09-14,-26353.5,3814.5,-1422.0,1914.5,3435.0,5178.5,-635.0,1322.0,2916.5,663.5,3273.5
2024-09-15,-26353.5,3814.5,-1422.0,1914.5,3435.0,5178.5,-635.0,1322.0,2916.5,663.5,3273.5
2024-09-16,-26326.5,3759.0,-1477.5,1877.0,3435.0,5123.0,-672.5,1266.5,2861.0,626.0,3236.0
2024-09-17,-26298.5,3662.0,-1499.5,1877.0,3435.0,5026.0,-672.5,1244.5,2839.0,626.0,3214.0
2024-09-18,-26757.0,3203.5,-1553.0,1799.5,3435.0,5013.5,-672.5,1232.0,2785.5,626.0,2936.5
2024-09-19,-26957.0,3403.5,-1353.0,1799.5,3635.0,5213.5,-672.5,1432.0,2985.5,626.0,2936.5
2024-09-20,-26844.5,3316.0,-1353.0,1799.5,3547.5,5126.0,-672.5,1432.0,2898.0,626.0,2936.5
2024-09-21,-26844.5,3316.0,-1353.0,1799.5,3547.5,5126.0,-672.5,1432.0,2898.0,626.0,2936.5
2024-09-22,-26844.5,3316.0,-1353.0,1799.5,3547.5,5126.0,-672.5,1432.0,2898.0,626.0,2936.5
2024-09-23,-26679.0,3258.5,-1369.0,1758.0,3490.0,5068.5,-672.5,1416.0,2825.0,626.0,2879.0
2024-09-24,-26234.0,3293.0,-1369.0,1958.0,3629.0,5164.0,-672.5,1416.0,2757.5,626.0,3018.0
2024-09-25,-26085.0,3493.0,-1413.5,2158.0,3829.0,5119.5,-672.5,1371.5,2713.0,626.0,3218.0
2024-09-26,-26157.0,3421.0,-1413.5,2158.0,3757.0,5119.5,-672.5,1371.5,2713.0,626.0,3218.0
2024-09-27,-26253.0,3325.0,-1509.5,2158.0,3661.0,5023.5,-672.5,1327.5,2617.0,626.0,3174.0
2024-09-28,-26253.0,3325.0,-1509.5,2158.0,3661.0,5023.5,-672.5,1327.5,2617.0,626.0,3174.0
2024-09-29,-26253.0,3325.0,-1509.5,2158.0,3661.0,5023.5,-672.5,1327.5,2617.0,626.0,3174.0
2024-09-30,-26134.0,3244.0,-1509.5,2158.0,3580.0,4942.5,-672.5,1327.5,2617.0,626.0,3093.0
2024-10-01,-25734.0,3193.0,-1560.5,2158.0,3529.0,5142.5,-672.5,1327.5,2566.0,626.0,3042.0
2024-10-02,-25578.0,3100.5,-1653.0,2114.0,3485.0,5098.5,-716.5,1235.0,2473.5,582.0,2998.0
2024-10-03,-25642.0,2961.0,-1722.5,2114.0,3442.0,5029.0,-716.5,1165.5,2334.0,582.0,2998.0
2024-10-04,-25493.0,3077.5,-1606.0,2061.0,3558.5,4945.5,-769.5,1165.5,2450.5,582.0,2861.5
2024-10-05,-25493.0,3077.5,-1606.0,2061.0,3558.5,4945.5,-769.5,1165.5,2450.5,582.0,2861.5
2024-10-06,-25493.0,3077.5,-1606.0,2061.0,3558.5,4945.5,-769.5,1165.5,2450.5,582.0,2861.5
2024-10-07,-25204.5,3202.0,-1406.0,2061.0,3683.0,5145.5,-769.5,1365.5,2650.5,582.0,3061.5
2024-10-08,-25119.0,3189.5,-1418.5,2061.0,3683.0,5206.0,-769.5,1483.0,2638.0,582.0,3061.5
2024-10-09,-24919.0,3389.5,-1442.0,2261.0,3659.5,5182.5,-769.5,1459.5,2614.5,582.0,3261.5
2024-10-10,-24623.5,3685.0,-1242.0,2461.0,3882.5,5478.0,-569.5,1659.5,2837.5,782.0,3484.5
2024-10-11,-24385.5,3850.5,-1317.5,2420.0,4048.0,5402.5,-610.5,1625.0,2762.0,782.0,3443.5
2024-10-12,-24385.5,3850.5,-1317.5,2420.0,4048.0,5402.5,-610.5,1625.0,2762.0,782.0,3443.5
2024-10-13,-24385.5,3850.5,-1317.5,2420.0,4048.0,5402.5,-610.5,1625.0,2762.0,782.0,3443.5
2024-10-14,-24500.0,3917.0,-1451.0,2371.0,4142.0,5518.0,-659.5,1540.5,2628.5,733.0,3359.0
2024-10-15,-24802.5,3936.0,-1478.5,2371.0,4188.5,5537.0,-659.5,1513.0,2601.0,733.0,3359.0
2024-10-16,-24424.0,4336.0,-1278.5,2371.0,4588.5,5937.0,-659.5,1713.0,2801.0,733.0,3759.0
2024-10-17,-24079.5,4320.5,-1354.0,2231.0,4373.0,5861.5,-659.5,1689.5,2725.5,733.0,3619.0
2024-10-18,-23792.0,4251.0,-1423.5,2231.0,4373.0,5792.0,-659.5,1689.5,2656.0,733.0,3619.0
2024-10-19,-23792.0,4251.0,-1423.5,2231.0,4373.0,5792.0,-659.5,1689.5,2656.0,733.0,3619.0
2024-10-20,-23792.0,4251.0,-1423.5,2231.0,4373.0,5792.0,-659.5,1689.5,2656.0,733.0,3619.0
2024-10-21,-23326.0,4409.0,-1423.5,2231.0,4573.0,5950.0,-659.5,1689.5,2614.0,733.0,3619.0
2024-10-22,-23375.0,4243.0,-1508.0,2231.0,4447.5,5906.0,-659.5,1689.5,2529.5,733.0,3619.0
2024-10-23,-23846.0,4622.0,-1529.0,2431.0,4524.5,6085.0,-659.5,1668.5,2508.5,733.0,3819.0
2024-10-24,-23926.5,4581.5,-1569.5,2431.0,4524.5,6044.5,-659.5,1628.0,2468.0,733.0,3819.0
2024-10-25,-23990.5,4680.5,-1599.0,2631.0,4695.0,6173.0,-659.5,1598.5,2438.5,733.0,4019.0
2024-10-26,-23990.5,4680.5,-1599.0,2631.0,4695.0,6173.0,-659.5,1598.5,2438.5,733.0,4019.0
2024-10-27,-23990.5,4680.5,-1625.5,2631.0,4668.5,6173.0,-659.5,1572.0,2412.0,733.0,3992.5
2024-10-28,-23806.5,4913.0,-1533.5,2631.0,4991.5,6081.0,-659.5,1770.5,2504.0,733.0,4115.5
2024-10-29,-23877.5,4968.0,-1583.5,2631.0,5046.5,6136.0,-659.5,1770.5,2654.0,733.0,4115.5
2024-10-30,-24019.0,4930.5,-1621.0,2631.0,5009.0,6098.5,-659.5,1733.0,2616.5,733.0,4115.5
2024-10-31,-24214.0,4795.5,-1663.0,2631.0,4898.0,6056.5,-659.5,1691.0,2574.5,733.0,4022.5
2024-11-01,-23843.5,4744.5,-1714.0,2631.0,4898.0,6005.5,-659.5,1640.0,2523.5,733.0,4022.5
2024-11-02,-23843.5,4744.5,-1714.0,2631.0,4898.0,6005.5,-659.5,1640.0,2523.5,733.0,4022.5
2024-11-03,-23843.5,4744.5,-1714.0,2631.0,4898.0,6005.5,-659.5,1640.0,2523.5,733.0,4022.5
2024-11-04,-24188.5,4563.0,-1784.5,2631.0,4716.5,5935.0,-659.5,1569.5,2453.0,733.0,3844.5
2024-11-05,-24198.5,4838.5,-1821.5,2743.5,4829.0,6010.5,-659.5,1532.5,2405.0,733.0,3957.0
2024-11-06,-24632.0,4910.5,-1885.0,2743.5,5029.0,6147.0,-659.5,1532.5,2541.5,733.0,4157.0
2024-11-07,-24432.0,5110.5,-1685.0,2743.5,5229.0,6347.0,-659.5,1732.5,2741.5,733.0,4157.0
2024-11-08,-24640.5,5110.0,-1669.0,2807.5,5342.0,6274.0,-659.5,1708.0,2757.5,733.0,4196.5
2024-11-09,-24640.5,5110.0,-1669.0,2807.5,5342.0,6274.0,-659.5,1708.0,2757.5,733.0,4196.5
2024-11-10,-24640.5,5110.0,-1669.0,2807.5,5342.0,6274.0,-659.5,1708.0,2757.5,733.0,4196.5
2024-11-11,-24871.0,4992.0,-1787.0,2775.0,5271.5,6194.0,-692.0,1660.5,2639.5,733.0,4164.0
2024-11-12,-24827.5,4840.0,-1863.5,2775.0,5155.5,6100.5,-692.0,1633.5,2563.0,733.0,4078.5
2024-11-13,-24507.0,5040.0,-1663.5,2775.0,5355.5,6300.5,-692.0,1633.5,2763.0,733.0,4278.5
2024-11-14,-24887.5,4871.0,-1727.5,2670.0,5186.5,6152.5,-692.0,1612.5,2699.0,733.0,4173.5
2024-11-15,-25416.5,4720.5,-1878.0,2670.0,5036.0,6002.0,-692.0,1612.5,2548.5,733.0,4173.5
2024-11-16,-25416.5,4720.5,-1878.0,2670.0,5036.0,6002.0,-692.0,1612.5,2548.5,733.0,4173.5
2024-11-17,-25416.5,4720.5,-1878.0,2670.0,5036.0,6002.0,-692.0,1612.5,2548.5,733.0,4173.5
2024-11-18,-25321.5,4815.5,-1678.0,2670.0,5036.0,6097.0,-692.0,1812.5,2748.5,733.0,4173.5
2024-11-19,-25492.5,4816.0,-1478.0,2670.0,5125.0,6097.5,-692.0,2012.5,2948.5,733.0,4373.5
2024-11-20,-24937.5,4781.0,-1513.0,2670.0,5125.0,6062.5,-692.0,1977.5,2913.5,733.0,4373.5
2024-11-21,-25055.0,4391.5,-1702.5,2670.0,5052.5,5940.5,-692.0,1903.5,2724.0,733.0,4373.5
2024-11-22,-24873.0,4268.5,-1825.5,2670.0,4993.0,5881.0,-692.0,1903.5,2601.0,733.0,4373.5
2024-11-23,-24873.0,4268.5,-1825.5,2670.0,4993.0,5881.0,-692.0,1903.5,2601.0,733.0,4373.5
2024-11-24,-24873.0,4268.5,-1825.5,2670.0,4993.0,5881.0,-692.0,1903.5,2601.0,733.0,4373.5
2024-11-25,-24680.0,4457.5,-1836.5,2659.0,5193.0,6070.0,-703.0,1892.5,2790.0,733.0,4362.5
2024-11-26,-24384.0,4287.0,-1733.5,2859.0,5096.0,6014.0,-503.0,1851.5,2893.0,733.0,4521.5
2024-11-27,-24607.0,4487.0,-1533.5,2859.0,5096.0,6014.0,-503.0,1851.5,3093.0,733.0,4460.5
2024-11-28,-24692.5,4442.5,-1546.5,2859.0,5083.0,5969.5,-503.0,1838.5,3048.5,733.0,4460.5
2024-11-29,-25092.5,4364.0,-1568.5,2859.0,5004.5,5891.0,-503.0,1816.5,3026.5,733.0,4460.5
2024-11-30,-25092.5,4364.0,-1568.5,2859.0,5004.5,5891.0,-503.0,1816.5,3026.5,733.0,4460.5
2024-12-01,-25093.5,4357.0,-1568.5,2859.0,4997.5,5884.0,-503.0,1816.5,3019.5,733.0,4460.5
2024-12-02,-25132.0,4302.5,-1634.5,2821.0,4978.0,5829.5,-541.0,1769.0,2953.5,733.0,4422.5
2024-12-03,-25342.0,4339.5,-1634.5,2821.0,4978.0,5866.5,-541.0,1769.0,2918.0,733.0,4495.0
2024-12-04,-25165.5,4516.0,-1658.0,2821.0,5178.0,6043.0,-541.0,1745.5,2894.5,733.0,4495.0
2024-12-05,-25285.5,4396.0,-1695.0,2772.0,5144.0,5957.0,-541.0,1708.5,2857.5,733.0,4396.0
2024-12-06,-25461.5,4271.0,-1737.5,2772.0,5095.5,5838.0,-541.0,1666.0,2815.0,733.0,4396.0
2024-12-07,-25461.5,4271.0,-1737.5,2772.0,5095.5,5838.0,-541.0,1666.0,2815.0,733.0,4396.0
2024-12-08,-25461.5,4271.0,-1737.5,2772.0,5095.5,5838.0,-541.0,1666.0,2815.0,733.0,4396.0
2024-12-09,-25560.5,4200.5,-1808.0,2729.5,5053.0,5767.5,-583.5,1638.0,2744.5,690.5,4325.5
2024-12-10,-25417.5,4493.0,-1515.5,2729.5,5026.5,6060.0,-583.5,1930.5,3037.0,690.5,4325.5
2024-12-11,-25310.0,4611.0,-1567.0,2929.5,5144.5,6178.0,-583.5,1879.0,2985.5,890.5,4525.5
2024-12-12,-25089.5,4692.5,-1590.0,2929.5,5249.0,6355.0,-583.5,1856.0,3162.5,890.5,4502.5
2024-12-13,-25248.5,4533.5,-1663.0,2929.5,5062.5,6135.0,-583.5,1833.0,3046.0,890.5,4452.5
2024-12-14,-25248.5,4533.5,-1663.0,2929.5,5062.5,6135.0,-583.5,1833.0,3046.0,890.5,4452.5
2024-12-15,-25248.5,4533.5,-1663.0,2929.5,5062.5,6135.0,-583.5,1833.0,3046.0,890.5,4452.5
2024-12-16,-25267.0,4515.0,-1681.5,2929.5,5062.5,6116.5,-583.5,1814.5,3027.5,890.5,4434.0
2024-12-17,-25231.0,4427.5,-1769.0,2929.5,5062.5,6029.0,-583.5,1727.0,2940.0,890.5,4403.0
2024-12-18,-25222.0,4225.5,-1834.0,2845.0,5022.0,5827.0,-583.5,1662.0,2875.0,806.0,4278.0
2024-12-19,-24677.5,4570.0,-1689.5,2845.0,5022.0,6171.5,-583.5,1806.5,3019.5,806.0,4678.0
2024-12-20,-24634.0,4770.0,-1689.5,2845.0,5022.0,6371.5,-583.5,1806.5,3219.5,806.0,4678.0
2024-12-21,-24634.0,4770.0,-1689.5,2845.0,5022.0,6371.5,-583.5,1806.5,3219.5,806.0,4678.0
2024-12-22,-24634.0,4770.0,-1689.5,2845.0,5022.0,6371.5,-583.5,1806.5,3219.5,806.0,4678.0
2024-12-23,-24200.5,5142.0,-1554.0,3045.0,5022.0,6543.5,-383.5,1742.0,3355.0,806.0,4735.0
2024-12-24,-24000.5,5342.0,-1354.0,3045.0,5222.0,6743.5,-383.5,1942.0,3555.0,806.0,4935.0
2024-12-25,-24127.5,5342.0,-1354.0,3045.0,5222.0,6743.5,-383.5,1942.0,3555.0,806.0,4935.0
2024-12-26,-23592.0,5261.0,-1354.0,3045.0,5222.0,6662.5,-383.5,1942.0,3555.0,806.0,4854.0
2024-12-27,-23466.0,5461.0,-1154.0,3045.0,5222.0,6862.5,-383.5,1942.0,3755.0,806.0,4854.0
2024-12-28,-23466.0,5461.0,-1154.0,3045.0,5222.0,6862.5,-383.5,1942.0,3755.0,806.0,4854.0
2024-12-29,-23466.0,5461.0,-1154.0,3045.0,5222.0,6862.5,-383.5,1942.0,3755.0,806.0,4854.0
2024-12-30,-23865.0,5262.0,-954.0,2846.0,5023.0,6663.5,-383.5,2142.0,3955.0,607.0,4655.0
2024-12-31,-23943.5,5335.5,-808.5,2846.0,5168.5,6737.0,-383.5,2087.5,4028.5,607.0,4634.0
2025-01-01,-23943.5,5335.5,-808.5,2846.0,5168.5,6737.0,-383.5,2087.5,4028.5,607.0,4634.0
2025-01-02,-24101.5,5177.5,-878.0,2776.5,5099.0,6579.0,-453.0,2018.0,3870.5,607.0,4564.5
2025-01-03,-24356.0,4980.5,-982.5,2709.0,4994.5,6542.0,-520.5,1981.0,3766.0,607.0,4460.0
2025-01-04,-24356.0,4980.5,-982.5,2709.0,4994.5,6542.0,-520.5,1981.0,3766.0,607.0,4460.0
2025-01-05,-24356.0,4980.5,-982.5,2709.0,4994.5,6542.0,-520.5,1981.0,3766.0,607.0,4460.0
2025-01-06,-24390.0,4980.5,-982.5,2709.0,4994.5,6542.0,-520.5,1981.0,3766.0,607.0,4460.0
2025-01-07,-24434.5,4980.5,-782.5,2477.5,4994.5,6259.5,-552.0,2181.0,3966.0,607.0,4228.5
2025-01-08,-24575.0,5096.5,-461.5,2477.5,5067.0,6499.5,-552.0,2302.0,4287.0,607.0,4182.0
2025-01-09,-24333.5,5096.5,-461.5,2477.5,5067.0,6499.5,-552.0,2302.0,4287.0,607.0,4182.0
2025-01-10,-24003.5,4996.0,-489.0,2404.5,4994.0,6472.0,-552.0,2302.0,4259.5,607.0,4081.5
2025-01-11,-24003.5,4996.0,-489.0,2404.5,4994.0,6472.0,-552.0,2302.0,4259.5,607.0,4081.5
2025-01-12,-24003.5,4996.0,-489.0,2404.5,4994.0,6472.0,-552.0,2302.0,4259.5,607.0,4081.5
2025-01-13,-24266.0,4866.5,-312.0,2404.5,4971.0,6342.5,-552.0,2479.0,4436.5,607.0,4058.5
2025-01-14,-23466.0,5066.5,-312.0,2404.5,4971.0,6542.5,-552.0,2479.0,4436.5,607.0,4258.5
2025-01-15,-23648.5,5189.0,-189.5,2604.5,4971.0,6665.0,-352.0,2401.5,4559.0,607.0,4435.5
2025-01-16,-23192.5,5445.0,-57.5,2604.5,5303.0,6921.0,-352.0,2601.5,4615.0,607.0,4435.5
2025-01-17,-23205.0,5632.5,130.0,2592.0,5490.5,7108.5,-364.5,2801.5,4802.5,607.0,4623.0
2025-01-18,-23205.0,5632.5,130.0,2592.0,5490.5,7108.5,-364.5,2801.5,4802.5,607.0,4623.0
2025-01-19,-23205.0,5632.5,130.0,2592.0,5490.5,7108.5,-364.5,2801.5,4802.5,607.0,4623.0
2025-01-20,-23316.0,5819.5,130.0,2442.5,5827.0,7295.5,-364.5,2801.5,4802.5,457.5,4673.5
2025-01-21,-22583.0,5910.0,107.0,2442.5,5717.5,7409.0,-364.5,2778.5,4693.0,457.5,4650.5
2025-01-22,-22482.0,6048.0,290.0,2642.5,5872.5,7592.0,-164.5,2961.5,4831.0,457.5,4850.5
2025-01-23,-22614.0,5938.5,203.5,2614.0,5785.5,7482.5,-193.0,2875.0,4721.5,429.0,4822.0
2025-01-24,-22741.5,5811.0,140.0,2614.0,5608.0,7419.0,-193.0,2852.5,4658.0,429.0,4822.0
2025-01-25,-22741.5,5811.0,140.0,2614.0,5608.0,7419.0,-193.0,2852.5,4658.0,429.0,4822.0
2025-01-26,-22941.5,5811.0,140.0,2614.0,5608.0,7419.0,-193.0,2852.5,4658.0,429.0,4822.0
2025-01-27,-23653.5,5442.0,47.5,2578.5,5572.5,7050.0,-228.5,2817.0,4565.5,429.0,4786.5
2025-01-28,-23627.0,5560.0,247.5,2578.5,5572.5,7168.0,-228.5,3017.0,4683.5,429.0,4786.5
2025-01-29,-23002.0,5937.0,350.5,2778.5,5772.5,7271.0,-228.5,3175.5,4786.5,629.0,5131.0
2025-01-30,-23052.0,6184.0,300.0,2676.0,6172.5,7318.0,-228.5,3175.5,4633.5,629.0,5028.5
2025-01-31,-23179.5,6138.5,254.5,2676.0,6172.5,7272.5,-228.5,3130.0,4588.0,629.0,5028.5
2025-02-01,-23179.5,6138.5,254.5,2676.0,6172.5,7272.5,-228.5,3130.0,4588.0,629.0,5028.5
2025-02-02,-23236.0,6082.0,198.0,2676.0,6172.5,7216.0,-228.5,3073.5,4531.5,629.0,5028.5
2025-02-03,-23618.0,5900.0,16.0,2588.5,6172.5,7121.5,-316.0,2986.0,4349.5,629.0,4846.5
2025-02-04,-23870.5,5847.5,-36.5,2588.5,6172.5,7069.0,-316.0,2933.5,4297.0,629.0,4846.5
2025-02-05,-23323.5,5883.0,-89.5,2424.0,6372.5,6904.5,-369.0,2933.5,4444.0,629.0,4682.0
2025-02-06,-23213.0,6029.0,56.5,2424.0,6318.5,7050.5,-369.0,3098.0,4590.0,629.0,4682.0
2025-02-07,-23668.0,5802.0,227.0,2424.0,6256.0,7221.0,-369.0,3068.5,4527.5,629.0,4682.0
2025-02-08,-23668.0,5802.0,227.0,2424.0,6256.0,7221.0,-369.0,3068.5,4527.5,629.0,4682.0
2025-02-09,-23468.0,5802.0,227.0,2424.0,6256.0,7221.0,-369.0,3068.5,4527.5,629.0,4682.0
2025-02-10,-23427.0,6092.0,427.0,2347.0,6456.0,7421.0,-369.0,3268.5,4727.5,629.0,4605.0
2025-02-11,-23403.5,6248.5,583.5,2347.0,6456.0,7621.0,-369.0,3425.0,4884.0,629.0,4564.0
2025-02-12,-23027.5,6409.0,583.5,2347.0,6456.0,7621.0,-369.0,3425.0,4884.0,629.0,4564.0
2025-02-13,-23494.0,6262.0,543.5,2240.0,6349.0,7581.0,-369.0,3385.0,4844.0,522.0,4417.0
2025-02-14,-23568.0,6188.0,528.0,2240.0,6349.0,7507.0,-369.0,3369.5,4770.0,522.0,4358.5
2025-02-15,-23568.0,6188.0,528.0,2240.0,6349.0,7507.0,-369.0,3369.5,4770.0,522.0,4358.5
2025-02-16,-23661.5,6094.5,528.0,2240.0,6349.0,7507.0,-369.0,3369.5,4770.0,522.0,4265.0
2025-02-17,-23648.5,6093.5,527.0,2240.0,6311.0,7506.0,-369.0,3406.5,4769.0,522.0,4265.0
2025-02-18,-23868.5,5933.5,443.0,2177.5,6270.0,7346.0,-369.0,3362.5,4685.0,522.0,4202.5
2025-02-19,-23600.5,6040.0,443.0,2177.5,6429.5,7493.0,-369.0,3362.5,4632.0,522.0,4149.5
2025-02-20,-23703.0,5884.0,589.5,2021.5,6327.0,7390.5,-422.5,3562.5,4778.5,522.0,3993.5
2025-02-21,-23950.5,5751.5,531.5,2021.5,6291.0,7258.0,-422.5,3540.5,4646.0,522.0,3971.5
2025-02-22,-23950.5,5751.5,531.5,2021.5,6291.0,7258.0,-422.5,3540.5,4646.0,522.0,3971.5
2025-02-23,-24022.0,5680.0,531.5,2021.5,6219.5,7186.5,-422.5,3540.5,4574.5,522.0,3900.0
2025-02-24,-24284.5,5817.5,469.0,2221.5,6219.5,7324.0,-422.5,3540.5,4512.0,522.0,4100.0
2025-02-25,-24335.0,5944.0,770.0,2221.5,6219.5,7425.0,-422.5,3641.5,4813.0,522.0,4125.5
2025-02-26,-24205.0,5791.5,708.5,2197.5,6091.0,7363.5,-446.5,3580.0,4751.5,522.0,4101.5
2025-02-27,-24220.5,6030.5,876.5,2068.5,6059.0,7402.5,-446.5,3748.0,4990.5,522.0,4172.5
2025-02-28,-24366.5,5898.0,944.0,1963.5,5859.0,7375.0,-551.5,3859.5,5058.0,522.0,4040.0
2025-03-01,-24366.5,5898.0,944.0,1963.5,5859.0,7375.0,-551.5,3859.5,5058.0,522.0,4040.0
2025-03-02,-24366.5,5898.0,944.0,1963.5,5859.0,7375.0,-551.5,3859.5,5058.0,522.0,4040.0
2025-03-03,-24869.0,5486.0,926.5,2015.5,6059.0,7072.5,-351.5,3684.0,5040.5,522.0,3988.5
2025-03-04,-24311.0,4954.0,803.0,2015.5,5914.0,6740.5,-351.5,3619.5,4794.5,522.0,3988.5
2025-03-05,-24637.5,5027.5,676.5,2215.5,5914.0,6614.0,-351.5,3619.5,4668.0,522.0,4062.0
2025-03-06,-25089.0,4629.5,676.5,2215.5,5716.0,6614.0,-351.5,3619.5,4668.0,522.0,3862.0
2025-03-07,-25212.0,4584.5,631.5,2215.5,5671.0,6569.0,-351.5,3574.5,4623.0,522.0,3862.0
2025-03-08,-25212.0,4584.5,631.5,2215.5,5671.0,6569.0,-351.5,3574.5,4623.0,522.0,3862.0
2025-03-09,-25212.0,4584.5,631.5,2215.5,5671.0,6569.0,-351.5,3574.5,4623.0,522.0,3862.0
2025-03-10,-24812.0,4930.0,977.0,2415.5,5871.0,6914.5,-151.5,3720.0,4968.5,522.0,4207.5
2025-03-11,-25207.0,5081.5,875.5,2415.5,5822.5,7066.0,-151.5,3720.0,5067.0,522.0,4207.5
2025-03-12,-25333.5,4955.0,749.0,2362.5,5749.0,6939.5,-204.5,3593.5,4940.5,522.0,4154.5
2025-03-13,-25133.5,5259.5,653.5,2562.5,5853.5,7139.5,-204.5,3593.5,5045.0,522.0,4354.5
2025-03-14,-25751.5,5177.0,571.0,2562.5,5771.0,7057.0,-204.5,3511.0,4962.5,522.0,4297.0
2025-03-15,-25751.5,5177.0,571.0,2562.5,5771.0,7057.0,-204.5,3511.0,4962.5,522.0,4297.0
2025-03-16,-25751.5,5177.0,571.0,2562.5,5771.0,7057.0,-204.5,3511.0,4962.5,522.0,4297.0
2025-03-17,-25810.5,5118.0,505.5,2697.0,5771.0,6991.5,-270.0,3445.5,4897.0,456.5,4431.5
2025-03-18,-25277.0,5110.0,421.0,2573.5,5771.0,7148.0,-270.0,3361.0,4812.5,456.5,4464.5
2025-03-19,-25730.0,5089.5,200.5,2504.0,5771.0,6997.0,-339.5,3248.5,4592.0,456.5,4277.5
2025-03-20,-25615.0,5252.5,269.5,2704.0,5818.0,7160.0,-139.5,3380.5,4661.0,456.5,4477.5
2025-03-21,-25687.0,5271.5,112.0,2704.0,5637.0,6979.0,-139.5,3380.5,4480.0,456.5,4582.5
2025-03-22,-25687.0,5271.5,112.0,2704.0,5637.0,6979.0,-139.5,3380.5,4480.0,456.5,4582.5
2025-03-23,-25687.0,5271.5,112.0,2704.0,5637.0,6979.0,-139.5,3380.5,4480.0,456.5,4582.5
2025-03-24,-25799.5,5176.5,17.0,2704.0,5637.0,6884.0,-139.5,3350.5,4385.0,456.5,4552.5
2025-03-25,-25953.5,5058.0,-25.5,2704.0,5637.0,6787.5,-139.5,3308.0,4342.5,456.5,4434.0
2025-03-26,-25786.0,5225.5,-58.0,2704.0,5837.0,6955.0,-139.5,3275.5,4310.0,456.5,4382.0
2025-03-27,-25838.5,5171.5,-112.0,2704.0,5783.0,6901.0,-139.5,3275.5,4256.0,456.5,4382.0
2025-03-28,-25878.0,5171.5,88.0,2904.0,5583.0,7101.0,60.5,3475.5,4456.0,656.5,4582.0
2025-03-29,-25878.0,5171.5,88.0,2904.0,5583.0,7101.0,60.5,3475.5,4456.0,656.5,4582.0
2025-03-30,-25878.0,5171.5,88.0,2904.0,5583.0,7101.0,60.5,3475.5,4456.0,656.5,4582.0
2025-03-31,-26257.0,4792.5,14.5,2821.0,5378.0,6722.0,60.5,3475.5,4208.5,656.5,4499.0
2025-04-01,-26540.5,4509.0,-169.5,2721.5,5378.0,6438.5,60.5,3378.0,3925.0,656.5,4337.5
2025-04-02,-26608.0,4509.0,30.5,2721.5,5178.0,6438.5,60.5,3378.0,4125.0,656.5,4137.5
2025-04-03,-27100.0,4417.0,-61.5,2721.5,5178.0,6346.5,60.5,3286.0,4033.0,656.5,4137.5
2025-04-04,-27300.0,4417.0,-61.5,2921.5,5178.0,6146.5,60.5,3286.0,4033.0,656.5,4537.5
2025-04-05,-27300.0,4417.0,-61.5,2921.5,5178.0,6146.5,60.5,3286.0,4033.0,656.5,4537.5
2025-04-06,-27500.0,4417.0,-61.5,2921.5,5178.0,6146.5,60.5,3286.0,4033.0,656.5,4537.5
2025-04-07,-28300.0,4017.0,-261.5,2921.5,5178.0,5946.5,60.5,3086.0,3833.0,656.5,4537.5
2025-04-08,-28398.0,4017.0,-61.5,2921.5,5178.0,6146.5,60.5,3286.0,4033.0,656.5,4737.5
2025-04-09,-27845.0,4617.0,338.5,3121.5,5178.0,6746.5,260.5,3486.0,4633.0,656.5,5337.5
2025-04-10,-27645.0,5017.0,738.5,3121.5,5178.0,7146.5,260.5,3486.0,5033.0,656.5,5537.5
2025-04-11,-28045.0,5217.0,738.5,3121.5,5378.0,7146.5,260.5,3486.0,5033.0,656.5,5737.5
2025-04-12,-28045.0,5217.0,738.5,3121.5,5378.0,7146.5,260.5,3486.0,5033.0,656.5,5737.5
2025-04-13,-28045.0,5217.0,938.5,3321.5,5578.0,7346.5,460.5,3686.0,5233.0,656.5,5937.5
2025-04-14,-27525.0,5337.0,858.5,3321.5,5578.0,7266.5,460.5,3606.0,5153.0,656.5,6137.5
2025-04-15,-27465.5,5279.0,800.5,3321.5,5520.0,7208.5,460.5,3548.0,5095.0,656.5,6137.5
2025-04-16,-27867.0,5407.0,728.5,3321.5,5520.0,7208.5,460.5,3476.0,5223.0,656.5,6137.5
2025-04-17,-27392.0,6007.0,928.5,3321.5,5920.0,7408.5,460.5,3476.0,5423.0,656.5,6137.5
2025-04-18,-27392.0,6007.0,928.5,3321.5,5920.0,7408.5,460.5,3476.0,5423.0,656.5,6137.5
2025-04-19,-27392.0,6007.0,928.5,3321.5,5920.0,7408.5,460.5,3476.0,5423.0,656.5,6137.5
2025-04-20,-27592.0,6007.0,928.5,3321.5,5920.0,7408.5,460.5,3476.0,5423.0,656.5,6137.5
2025-04-21,-27726.0,5873.0,794.5,3321.5,5863.0,7274.5,460.5,3419.0,5289.0,656.5,6060.5
2025-04-22,-28253.5,5839.5,683.0,3321.5,5778.5,7325.5,460.5,3392.0,5177.5,656.5,6060.5
2025-04-23,-28453.0,5894.0,883.0,3176.0,5633.0,7380.0,460.5,3592.0,5377.5,656.5,5915.0
2025-04-24,-28371.0,6155.5,1283.0,3176.0,5694.5,7641.5,460.5,3992.0,5777.5,656.5,5915.0
2025-04-25,-28601.0,6056.0,1283.0,3176.0,5595.0,7641.5,460.5,3992.0,5678.0,656.5,5915.0
2025-04-26,-28601.0,6056.0,1283.0,3176.0,5595.0,7641.5,460.5,3992.0,5678.0,656.5,5915.0
2025-04-27,-28601.0,6056.0,1283.0,3176.0,5595.0,7641.5,460.5,3992.0,5678.0,656.5,5915.0
2025-04-28,-28532.0,6183.0,1283.0,3176.0,5522.0,7368.5,460.5,3992.0,5555.5,656.5,5764.5
2025-04-29,-28417.5,6040.5,1226.0,3176.0,5379.5,7226.0,460.5,3935.0,5413.0,656.5,5764.5
2025-04-30,-28992.5,5902.5,1384.5,3176.0,5379.5,7226.0,460.5,4093.5,5571.5,656.5,5626.5
2025-05-01,-29356.5,5596.0,1271.0,3069.5,5118.5,6919.5,460.5,4048.0,5351.5,656.5,5520.0
2025-05-02,-29694.0,5796.0,1198.5,2997.0,5318.5,7119.5,388.0,3975.5,5279.0,656.5,5447.5
2025-05-03,-29694.0,5796.0,1198.5,2997.0,5318.5,7119.5,388.0,3975.5,5279.0,656.5,5447.5
2025-05-04,-29848.0,5642.0,1198.5,2997.0,5164.5,7119.5,388.0,3975.5,5279.0,656.5,5447.5
2025-05-05,-29582.0,5963.0,1598.5,2918.0,5364.5,7440.5,388.0,4175.5,5600.0,656.5,5568.5
2025-05-06,-30067.0,5747.0,1483.5,2817.0,5249.5,7224.5,388.0,4060.5,5485.0,656.5,5412.0
2025-05-07,-30020.0,6050.0,1683.5,2817.0,5249.5,7327.5,388.0,4260.5,5685.0,656.5,5412.0
2025-05-08,-29993.0,6425.0,1858.5,2817.0,5224.5,7302.5,388.0,4235.5,5860.0,656.5,5412.0
2025-05-09,-29860.0,6756.5,1990.0,3017.0,5424.5,7502.5,388.0,4435.5,5991.5,656.5,5543.5
2025-05-10,-29860.0,6756.5,1990.0,3017.0,5424.5,7502.5,388.0,4435.5,5991.5,656.5,5543.5
2025-05-11,-30142.5,6728.0,1961.5,3017.0,5424.5,7474.0,388.0,4407.0,5963.0,656.5,5515.0
2025-05-12,-29846.5,7024.0,2161.5,3417.0,5216.0,7370.0,588.0,4607.0,6259.0,856.5,5915.0
2025-05-13,-29881.5,7224.0,2361.5,3417.0,5216.0,7570.0,588.0,4807.0,6459.0,856.5,6115.0
2025-05-14,-29451.5,7454.0,2361.5,3617.0,5246.0,7770.0,588.0,4807.0,6459.0,856.5,6345.0
2025-05-15,-29488.0,7558.5,2266.0,3617.0,5146.5,7674.5,588.0,4711.5,6363.5,856.5,6271.5
2025-05-16,-29674.5,7372.0,2213.0,3617.0,5013.0,7488.0,588.0,4711.5,6310.5,856.5,6271.5
2025-05-17,-29674.5,7372.0,2213.0,3617.0,5013.0,7488.0,588.0,4711.5,6310.5,856.5,6271.5
2025-05-18,-29747.5,7372.0,2213.0,3617.0,5013.0,7488.0,588.0,4711.5,6310.5,856.5,6271.5
2025-05-19,-30075.0,7262.0,2163.0,3542.5,4954.5,7378.0,588.0,4661.5,6106.0,782.0,6188.5
2025-05-20,-29899.0,7462.0,2322.0,3542.5,4954.5,7578.0,588.0,4620.5,6265.0,782.0,6188.5
2025-05-21,-29740.0,7159.0,2322.0,3398.5,4795.5,7419.0,588.0,4620.5,6265.0,638.0,6044.5
2025-05-22,-29765.5,7133.5,2296.5,3398.5,4770.0,7393.5,588.0,4595.0,6239.5,638.0,6007.0
2025-05-23,-29649.0,7250.0,2164.0,3551.5,4602.0,7510.0,541.0,4462.5,6356.0,638.0,6123.5
2025-05-24,-29649.0,7250.0,2164.0,3551.5,4602.0,7510.0,541.0,4462.5,6356.0,638.0,6123.5
2025-05-25,-29649.0,7250.0,2164.0,3551.5,4602.0,7510.0,541.0,4462.5,6356.0,638.0,6123.5
2025-05-26,-29619.5,7211.0,2125.0,3551.5,4598.5,7465.0,541.0,4486.0,6317.0,638.0,6078.5
2025-05-27,-29861.5,7120.5,2034.5,3551.5,4508.0,7374.5,541.0,4395.5,6226.5,638.0,6003.0
2025-05-28,-30162.5,7089.0,2004.0,3551.5,4485.0,7343.0,541.0,4365.0,6196.0,638.0,6003.0
2025-05-29,-30202.0,6911.5,1945.5,3551.5,4307.5,7165.5,541.0,4365.0,6137.5,638.0,6003.0
2025-05-30,-29864.5,7111.5,2145.5,3551.5,4307.5,7165.5,541.0,4365.0,6337.5,638.0,6003.0
2025-05-31,-29864.5,7111.5,2145.5,3551.5,4307.5,7165.5,541.0,4365.0,6337.5,638.0,6003.0
2025-06-01,-29864.5,7111.5,2145.5,3551.5,4307.5,7165.5,541.0,4365.0,6337.5,638.0,6003.0
2025-06-02,-29582.0,7311.5,2145.5,3551.5,4507.5,7365.5,541.0,4365.0,6537.5,638.0,6203.0
2025-06-03,-29700.0,7193.5,2027.5,3551.5,4389.5,7292.5,541.0,4247.0,6419.5,638.0,6203.0
2025-06-04,-29480.5,7375.0,2011.5,3536.0,4389.5,7476.5,528.0,4231.0,6603.5,638.0,6187.5
2025-06-05,-29670.5,6985.5,2011.5,3536.0,4189.5,7146.5,528.0,4231.0,6603.5,638.0,6187.5
2025-06-06,-29718.5,7185.5,2011.5,3536.0,4189.5,7346.5,528.0,4231.0,6603.5,638.0,6187.5
2025-06-07,-29718.5,7185.5,2011.5,3536.0,4189.5,7346.5,528.0,4231.0,6603.5,638.0,6187.5
2025-06-08,-29718.5,7185.5,2011.5,3536.0,4189.5,7346.5,528.0,4231.0,6603.5,638.0,6187.5
2025-06-09,-29722.0,7299.5,2186.0,3675.5,4155.5,7287.0,728.0,4171.5,6717.5,638.0,6327.0
2025-06-10,-29361.0,7699.5,2386.0,3675.5,4155.5,7687.0,728.0,4371.5,6917.5,638.0,6327.0
2025-06-11,-28930.0,7899.5,2338.0,3675.5,4355.5,7887.0,728.0,4371.5,6869.5,638.0,6327.0
2025-06-12,-28636.5,8259.5,2498.0,3675.5,4434.5,8017.0,728.0,4301.5,7229.5,638.0,6257.0
2025-06-13,-28755.5,8140.5,2498.0,3675.5,4315.5,7898.0,728.0,4301.5,7229.5,638.0,6257.0
2025-06-14,-28755.5,8140.5,2498.0,3675.5,4315.5,7898.0,728.0,4301.5,7229.5,638.0,6257.0
2025-06-15,-28755.5,8140.5,2498.0,3675.5,4315.5,7898.0,728.0,4301.5,7229.5,638.0,6257.0
2025-06-16,-28955.5,8340.5,2698.0,3675.5,4315.5,7898.0,728.0,4501.5,7429.5,638.0,6257.0
2025-06-17,-29209.5,8228.0,2812.5,3675.5,4315.5,7875.5,728.0,4616.0,7544.0,638.0,6257.0
2025-06-18,-29268.5,8169.0,2753.5,3675.5,4256.5,7816.5,728.0,4557.0,7485.0,638.0,6198.0
2025-06-19,-29231.5,8074.5,2659.0,3675.5,4256.5,7722.0,728.0,4462.5,7390.5,638.0,6198.0
2025-06-20,-29679.0,7805.5,2586.5,3675.5,4135.5,7453.0,728.0,4390.0,7233.5,638.0,6113.5
2025-06-21,-29679.0,7805.5,2586.5,3675.5,4135.5,7453.0,728.0,4390.0,7233.5,638.0,6113.5
2025-06-22,-29708.0,7776.5,2557.5,3675.5,4106.5,7424.0,728.0,4361.0,7204.5,638.0,6113.5
2025-06-23,-29618.5,8116.5,2757.5,3875.5,4246.5,7764.0,728.0,4561.0,7344.5,638.0,6313.5
2025-06-24,-29583.5,8151.5,2892.0,4010.0,4311.5,7698.5,862.5,4495.5,7479.0,608.0,6448.0
2025-06-25,-29633.0,8058.5,2799.0,4010.0,4269.0,7634.5,862.5,4445.0,7386.0,608.0,6397.5
2025-06-26,-29515.5,8176.0,2799.0,4010.0,4386.5,7752.0,862.5,4445.0,7386.0,608.0,6597.5
2025-06-27,-29277.0,8482.0,2945.5,4171.0,4307.0,8058.0,823.5,4630.5,7492.0,808.0,6958.5
2025-06-28,-29277.0,8482.0,2945.5,4171.0,4307.0,8058.0,823.5,4630.5,7492.0,808.0,6958.5
2025-06-29,-29277.0,8482.0,2945.5,4171.0,4307.0,8058.0,823.5,4630.5,7492.0,808.0,6958.5
2025-06-30,-29442.5,8364.5,2880.5,4118.5,4203.0,7993.0,823.5,4565.5,7374.5,808.0,6873.5
2025-07-01,-29462.0,8480.0,2996.0,4118.5,4363.0,7902.0,823.5,4765.5,7490.0,808.0,7029.0
2025-07-02,-29555.5,8378.0,2894.0,4039.0,4340.5,7800.0,744.0,4663.5,7388.0,774.5,6949.5
2025-07-03,-29585.5,8348.0,2864.0,4039.0,4310.5,7770.0,744.0,4633.5,7358.0,774.5,6919.5
2025-07-04,-29585.5,8348.0,2864.0,4039.0,4310.5,7770.0,744.0,4633.5,7358.0,774.5,6919.5
2025-07-05,-29585.5,8348.0,2864.0,4039.0,4310.5,7770.0,744.0,4633.5,7358.0,774.5,6919.5
2025-07-06,-29437.0,8496.5,2864.0,4039.0,4510.5,7918.5,744.0,4633.5,7506.5,774.5,6868.0
2025-07-07,-29591.5,8430.0,2797.5,4006.0,4465.5,7852.0,711.0,4567.0,7440.0,741.5,6813.5
2025-07-08,-29671.0,8350.5,2718.0,4006.0,4386.0,7772.5,711.0,4487.5,7360.5,741.5,6770.5
2025-07-09,-29627.0,8444.5,2812.0,3925.5,4333.0,7866.5,630.5,4575.5,7454.5,741.5,6690.0
2025-07-10,-29554.5,8644.5,3012.0,3888.5,4333.0,8066.5,593.5,4775.5,7654.5,741.5,6653.0
2025-07-11,-29689.5,8556.5,2981.0,3888.5,4333.0,7978.5,593.5,4744.5,7566.5,741.5,6622.0
2025-07-12,-29689.5,8556.5,2981.0,3888.5,4333.0,7978.5,593.5,4744.5,7566.5,741.5,6622.0
2025-07-13,-29689.5,8556.5,2981.0,3888.5,4333.0,7978.5,593.5,4744.5,7566.5,741.5,6622.0
2025-07-14,-29289.5,8522.0,2946.5,3876.5,4333.0,7944.0,581.5,4710.0,7532.0,741.5,6610.0
2025-07-15,-29230.5,8666.0,2890.5,3840.5,4277.0,8088.0,545.5,4654.0,7476.0,741.5,6574.0
2025-07-16,-29017.0,8528.0,2842.0,3840.5,4201.5,8012.5,545.5,4654.0,7413.5,741.5,6450.0
2025-07-17,-29050.5,8645.5,2959.5,3784.5,4063.0,7930.0,489.5,4617.0,7531.0,685.5,6650.0
2025-07-18,-29081.5,8614.5,2928.5,3784.5,4032.0,7899.0,489.5,4586.0,7500.0,685.5,6650.0
2025-07-19,-29081.5,8614.5,2928.5,3784.5,4032.0,7899.0,489.5,4586.0,7500.0,685.5,6650.0
2025-07-20,-29081.5,8614.5,2928.5,3784.5,4032.0,7899.0,489.5,4586.0,7500.0,685.5,6650.0
2025-07-21,-29258.5,8469.0,2854.0,3784.5,3957.5,7785.5,489.5,4543.5,7354.5,685.5,6584.0
2025-07-22,-29527.0,8382.5,2854.0,3784.5,3871.0,7699.0,489.5,4543.5,7354.5,685.5,6607.5
2025-07-23,-29763.5,8253.0,2773.5,3784.5,3783.0,7608.5,489.5,4463.0,7225.0,685.5,6558.5
2025-07-24,-29822.5,8239.0,2759.5,3770.5,3783.0,7594.5,475.5,4449.0,7211.0,685.5,6544.5
2025-07-25,-29904.5,8157.0,2759.5,3770.5,3783.0,7512.5,475.5,4449.0,7129.0,685.5,6544.5
2025-07-26,-29904.5,8157.0,2759.5,3770.5,3783.0,7512.5,475.5,4449.0,7129.0,685.5,6544.5
2025-07-27,-29904.5,8157.0,2759.5,3770.5,3783.0,7512.5,475.5,4449.0,7129.0,685.5,6544.5
2025-07-28,-29969.0,8092.5,2695.0,3734.0,3755.0,7448.0,439.0,4384.5,7064.5,685.5,6508.0
2025-07-29,-29704.0,8357.5,2960.0,3934.0,3785.5,7713.0,639.0,4558.5,7329.5,685.5,6773.0
2025-07-30,-29645.5,8712.5,3115.0,4134.0,3957.5,7868.0,839.0,4741.5,7484.5,885.5,6928.0
2025-07-31,-30004.5,8616.0,3068.0,4134.0,3957.5,7771.5,839.0,4741.5,7388.0,885.5,6928.0
2025-08-01,-30140.0,8424.0,3211.5,3998.5,3957.5,7715.0,839.0,4885.0,7531.5,885.5,6792.5
2025-08-02,-30140.0,8424.0,3211.5,3998.5,3957.5,7715.0,839.0,4885.0,7531.5,885.5,6792.5
2025-08-03,-30140.0,8424.0,3211.5,3998.5,3957.5,7715.0,839.0,4885.0,7531.5,885.5,6792.5
2025-08-04,-30211.0,8353.0,3140.5,3998.5,3957.5,7644.0,839.0,4814.0,7460.5,885.5,6792.5
2025-08-05,-30044.5,8249.5,3107.0,3998.5,3924.0,7540.5,839.0,4780.5,7427.0,885.5,6792.5
2025-08-06,-29984.0,8350.5,3082.0,3998.5,3924.0,7641.5,839.0,4755.5,7328.0,885.5,6992.5
2025-08-07,-30024.0,8362.5,3249.5,3998.5,4091.5,7653.5,839.0,4923.0,7495.5,885.5,6992.5
2025-08-08,-30191.5,8187.0,3223.5,3998.5,4091.0,7532.5,839.0,4811.5,7469.5,885.5,6967.0
2025-08-09,-30191.5,8187.0,3223.5,3998.5,4091.0,7532.5,839.0,4811.5,7469.5,885.5,6967.0
2025-08-10,-30191.5,8187.0,3223.5,3998.5,4091.0,7532.5,839.0,4811.5,7469.5,885.5,6967.0
2025-08-11,-29821.5,8033.0,3193.5,3919.5,4007.0,7532.5,839.0,4781.5,7439.5,885.5,6888.0
2025-08-12,-29827.5,8192.0,3152.5,3919.5,4207.0,7691.5,839.0,4781.5,7398.5,885.5,6888.0
2025-08-13,-29869.0,8150.5,3111.0,3919.5,4165.5,7650.0,839.0,4740.0,7357.0,885.5,6875.0
2025-08-14,-29935.5,8291.5,3256.0,3886.5,4169.5,7824.0,806.0,4885.0,7561.0,885.5,6842.0
2025-08-15,-29476.5,8285.0,3256.0,3880.0,4163.0,7817.5,806.0,4885.0,7561.0,885.5,6835.5
2025-08-16,-29476.5,8285.0,3256.0,3880.0,4163.0,7817.5,806.0,4885.0,7561.0,885.5,6835.5
2025-08-17,-29476.5,8285.0,3256.0,3880.0,4163.0,7817.5,806.0,4885.0,7561.0,885.5,6835.5
2025-08-18,-29765.0,8027.5,3097.0,3751.0,3948.5,7731.5,677.0,4826.5,7402.0,842.5,6706.5
2025-08-19,-29762.0,8086.5,3075.5,3751.0,3807.5,7790.5,677.0,4805.0,7580.5,842.5,6706.5
2025-08-20,-29946.5,7906.5,3041.0,3751.0,3627.5,7756.0,677.0,4770.5,7546.0,842.5,6526.5
2025-08-21,-29748.0,7599.5,3241.0,3951.0,3827.5,7693.0,877.0,4970.5,7683.0,842.5,6421.0
2025-08-22,-29579.0,7563.5,3373.5,3951.0,3979.5,7657.0,877.0,4951.0,7747.5,842.5,6520.5
2025-08-23,-29579.0,7563.5,3373.5,3951.0,3979.5,7657.0,877.0,4951.0,7747.5,842.5,6520.5
2025-08-24,-29579.0,7563.5,3373.5,3951.0,3979.5,7657.0,877.0,4951.0,7747.5,842.5,6520.5
2025-08-25,-29734.0,7449.5,3256.0,3951.0,3900.0,7543.0,877.0,4833.5,7630.0,842.5,6486.0
2025-08-26,-29816.5,7367.0,3233.5,3891.0,3877.5,7460.5,877.0,4811.0,7607.5,842.5,6426.0
2025-08-27,-29660.0,7523.5,3433.5,3891.0,4034.0,7617.0,877.0,5011.0,7807.5,842.5,6426.0
2025-08-28,-29498.0,7788.5,3498.5,3891.0,4299.0,7882.0,877.0,5011.0,7872.5,842.5,6426.0
2025-08-29,-29768.5,7796.0,3629.5,4068.5,4153.0,8013.0,1054.5,5188.5,8003.5,842.5,6480.0
2025-08-30,-29768.5,7796.0,3629.5,4068.5,4153.0,8013.0,1054.5,5188.5,8003.5,842.5,6480.0
2025-08-31,-29885.0,7749.5,3583.0,4022.0,4106.5,7966.5,1008.0,5142.0,7957.0,842.5,6433.5
2025-09-01,-29916.5,7715.0,3548.5,4022.0,4106.5,7932.0,1008.0,5107.5,7922.5,842.5,6433.5
2025-09-02,-30457.0,7574.5,3502.5,3976.0,3966.0,7791.5,962.0,5061.5,7876.5,842.5,6387.5
2025-09-03,-30436.5,7424.0,3540.5,3918.0,3914.5,7749.0,904.0,5157.5,7914.5,784.5,6297.0
2025-09-04,-30675.5,7333.5,3502.5,3918.0,3824.0,7696.5,904.0,5119.5,7876.5,784.5,6297.0
2025-09-05,-30557.5,7156.0,3429.5,3918.0,3770.5,7519.0,904.0,5100.0,7803.5,784.5,6243.5
2025-09-06,-30557.5,7156.0,3429.5,3918.0,3770.5,7519.0,904.0,5100.0,7803.5,784.5,6243.5
2025-09-07,-30557.5,7156.0,3429.5,3918.0,3770.5,7519.0,904.0,5100.0,7803.5,784.5,6243.5
2025-09-08,-30783.5,7098.0,3371.5,3892.0,3712.5,7493.0,878.0,5042.0,7745.5,784.5,6185.5
2025-09-09,-30698.0,7286.5,3560.0,3892.0,3901.0,7635.5,878.0,5230.5,7934.0,784.5,6385.5
2025-09-10,-30239.0,7464.5,3538.0,4092.0,4079.0,7835.5,878.0,5191.5,7912.0,784.5,6585.5
2025-09-11,-30088.0,7616.5,3490.0,4044.0,4031.0,7787.5,830.0,5166.5,7864.0,784.5,6537.5
2025-09-12,-30113.0,7591.5,3465.0,4017.0,4006.0,7762.5,803.0,5141.5,7839.0,757.5,6510.5
2025-09-13,-30113.0,7591.5,3465.0,4017.0,4006.0,7762.5,803.0,5141.5,7839.0,757.5,6510.5
2025-09-14,-30113.0,7591.5,3465.0,4017.0,4006.0,7762.5,803.0,5141.5,7839.0,757.5,6510.5
2025-09-15,-30152.5,7552.0,3465.0,3977.5,4006.0,7723.0,803.0,5141.5,7799.5,757.5,6471.0
2025-09-16,-30016.0,7631.0,3637.5,4177.5,4006.0,7851.5,1003.0,5341.5,7972.0,757.5,6621.5
2025-09-17,-29599.5,7773.0,3618.0,4102.5,4006.0,8032.0,1003.0,5322.0,7952.5,757.5,6508.0
2025-09-18,-29688.0,7684.5,3529.5,4102.5,4006.0,7943.5,1003.0,5284.5,7864.0,757.5,6508.0
2025-09-19,-29753.0,7619.5,3464.5,4102.5,3941.0,7878.5,1003.0,5259.0,7799.0,757.5,6508.0
2025-09-20,-29753.0,7619.5,3464.5,4102.5,3941.0,7878.5,1003.0,5259.0,7799.0,757.5,6508.0
2025-09-21,-29753.0,7619.5,3464.5,4102.5,3941.0,7878.5,1003.0,5259.0,7799.0,757.5,6508.0
2025-09-22,-29660.0,7766.0,3464.5,4102.5,4087.5,8025.0,1003.0,5259.0,7999.0,757.5,6454.5
2025-09-23,-29793.0,7633.0,3448.5,4102.5,4071.5,7892.0,1003.0,5243.0,7983.0,757.5,6454.5
2025-09-24,-29884.0,7602.0,3417.5,4071.5,4040.5,7861.0,972.0,5243.0,7952.0,757.5,6423.5
2025-09-25,-29884.0,7602.0,3417.5,4071.5,4040.5,7861.0,972.0,5243.0,7952.0,757.5,6423.5
2025-09-26,-29904.5,7648.5,3344.0,4071.5,4001.5,7907.5,972.0,5169.5,7998.5,757.5,6350.0
2025-09-27,-29904.5,7648.5,3344.0,4071.5,4001.5,7907.5,972.0,5169.5,7998.5,757.5,6350.0
2025-09-28,-29904.5,7648.5,3344.0,4071.5,4001.5,7907.5,972.0,5169.5,7998.5,757.5,6350.0
2025-09-29,-29791.5,7795.0,3544.0,4071.5,4201.5,8054.0,972.0,5369.5,8198.5,757.5,6350.0
2025-09-30,-29922.0,7740.0,3503.5,4071.5,4201.5,8054.0,972.0,5369.5,8158.0,757.5,6295.0
2025-10-01,-29698.0,7789.0,3658.0,4071.5,4156.0,8103.0,972.0,5324.0,8312.5,757.5,6189.5
2025-10-02,-29694.5,7822.5,3604.5,4071.5,4189.5,8049.5,972.0,5270.5,8259.0,757.5,6276.5
2025-10-03,-29946.5,7661.0,3572.5,3973.5,4091.5,7951.5,940.0,5238.5,8227.0,757.5,6178.5
2025-10-04,-29946.5,7661.0,3572.5,3973.5,4091.5,7951.5,940.0,5238.5,8227.0,757.5,6178.5
2025-10-05,-29946.5,7661.0,3572.5,3973.5,4091.5,7951.5,940.0,5238.5,8227.0,757.5,6178.5
2025-10-06,-30205.0,7426.5,3453.5,3938.0,3857.0,7717.0,904.5,5203.0,8108.0,757.5,6143.0
2025-10-07,-30016.0,7639.0,3524.0,4138.0,3946.5,7729.5,904.5,5203.0,8137.5,757.5,6466.0
2025-10-08,-30025.5,7802.0,3487.0,4138.0,4128.0,7892.5,904.5,5166.0,8100.5,757.5,6466.0
2025-10-09,-29690.5,7902.5,3636.5,4138.0,4059.5,7993.0,904.5,5366.0,8201.0,757.5,6371.0
2025-10-10,-30468.0,7575.5,3586.0,4087.5,3776.0,7666.0,854.0,5366.0,8038.0,757.5,6251.5
2025-10-11,-30468.0,7575.5,3586.0,4087.5,3776.0,7666.0,854.0,5366.0,8038.0,757.5,6251.5
2025-10-12,-30657.0,7386.5,3586.0,3898.5,3776.0,7477.0,854.0,5366.0,8038.0,757.5,6062.5
2025-10-13,-30588.5,7455.0,3454.5,3898.5,3776.0,7545.5,854.0,5234.5,7906.5,757.5,6062.5
2025-10-14,-30335.5,7455.0,3454.5,3898.5,3776.0,7545.5,854.0,5234.5,7906.5,757.5,6062.5
2025-10-15,-30697.5,7548.0,3747.5,4048.5,3526.0,7638.5,804.0,5527.5,8199.5,957.5,6212.5
2025-10-16,-31364.0,7412.5,3747.5,4048.5,3526.0,7503.0,804.0,5527.5,8199.5,957.5,6212.5
2025-10-17,-31649.0,7212.5,3747.5,4048.5,3526.0,7503.0,804.0,5527.5,8199.5,957.5,6012.5
2025-10-18,-31649.0,7212.5,3747.5,4048.5,3526.0,7503.0,804.0,5527.5,8199.5,957.5,6012.5
2025-10-19,-31449.0,7412.5,3702.5,4003.5,3481.0,7503.0,759.0,5482.5,8154.5,912.5,6212.5
2025-10-20,-31939.5,7175.0,3524.5,4003.5,3310.5,7410.5,759.0,5304.5,7891.5,912.5,6180.0
2025-10-21,-31972.0,7235.5,3633.0,4003.5,3371.0,7519.0,759.0,5304.5,7952.0,912.5,6180.0
2025-10-22,-32269.5,7290.0,3547.5,3858.0,3225.5,7633.5,673.5,5304.5,7806.5,912.5,6034.5
2025-10-23,-31948.0,7290.0,3547.5,3858.0,3225.5,7633.5,673.5,5304.5,7806.5,912.5,6034.5
2025-10-24,-32095.5,7228.0,3547.5,3858.0,3225.5,7571.5,673.5,5304.5,7806.5,912.5,6034.5
2025-10-25,-32095.5,7228.0,3547.5,3858.0,3225.5,7571.5,673.5,5304.5,7806.5,912.5,6034.5
2025-10-26,-32095.5,7228.0,3547.5,3858.0,3225.5,7571.5,673.5,5304.5,7806.5,912.5,6034.5
2025-10-27,-32095.5,7228.0,3547.5,3858.0,3225.5,7571.5,673.5,5304.5,7806.5,912.5,6034.5
2025-10-28,-32121.0,7202.5,3522.0,3858.0,3225.5,7546.0,673.5,5279.0,7781.0,912.5,6034.5
2025-10-29,-32515.5,7078.5,3522.0,3858.0,3166.0,7422.0,673.5,5279.0,7781.0,912.5,6034.5
2025-10-30,-32016.5,7678.5,3821.0,3858.0,3265.0,7822.0,673.5,5479.0,8080.0,912.5,5933.5
2025-10-31,-31416.5,7634.0,3976.5,3658.0,3465.0,7977.5,673.5,5634.5,8235.5,912.5,5933.5
2025-11-01,-31416.5,7634.0,3976.5,3658.0,3465.0,7977.5,673.5,5634.5,8235.5,912.5,5933.5
2025-11-02,-31416.5,7634.0,3976.5,3658.0,3465.0,7977.5,673.5,5634.5,8235.5,912.5,5933.5
2025-11-03,-31728.5,7390.5,3858.5,3479.5,3274.5,7734.0,620.5,5581.5,8117.5,912.5,5755.0
2025-11-04,-32107.5,7027.0,3801.5,3357.5,3064.5,7370.5,620.5,5524.5,8060.5,912.5,5576.0
2025-11-05,-32284.5,6850.0,3624.5,3261.0,2887.5,7193.5,524.0,5524.5,7883.5,816.0,5479.5
2025-11-06,-33027.0,6581.5,3556.0,3261.0,2866.5,6925.0,524.0,5456.0,7815.0,816.0,5279.5
2025-11-07,-33206.5,6602.0,3687.5,3261.0,3066.5,6945.5,524.0,5587.5,7835.5,816.0,5279.5
2025-11-08,-33206.5,6602.0,3687.5,3261.0,3066.5,6945.5,524.0,5587.5,7835.5,816.0,5279.5
2025-11-09,-33206.5,6602.0,3687.5,3261.0,3066.5,6945.5,524.0,5587.5,7835.5,816.0,5279.5
2025-11-10,-33739.5,6802.0,3887.5,3261.0,3066.5,7145.5,524.0,5587.5,8035.5,816.0,5279.5
2025-11-11,-33472.5,6975.5,4043.5,3378.5,3240.0,7219.0,524.0,5543.5,8109.0,816.0,5397.0
2025-11-12,-33079.0,7206.0,4124.0,3578.5,3602.0,7249.5,724.0,5424.0,8118.5,816.0,5688.0
2025-11-13,-33287.0,7239.0,4096.0,3578.5,3574.0,7282.5,724.0,5396.0,8290.5,816.0,5660.0
2025-11-14,-33596.5,7129.5,4096.0,3578.5,3574.0,7173.0,724.0,5396.0,8181.0,816.0,5660.0
2025-11-15,-33596.5,7129.5,4096.0,3578.5,3574.0,7173.0,724.0,5396.0,8181.0,816.0,5660.0
2025-11-16,-33757.5,6968.5,4096.0,3578.5,3413.0,7012.0,724.0,5396.0,8020.0,816.0,5660.0
2025-11-17,-34632.0,6294.0,3819.0,3578.5,3330.5,6535.0,724.0,5212.0,7743.0,816.0,5660.0
2025-11-18,-34324.5,6601.5,3726.5,3686.0,3330.5,6642.5,631.5,5119.5,7650.5,816.0,5767.5
2025-11-19,-34734.0,6801.5,3926.5,3686.0,3330.5,6642.5,631.5,5319.5,7850.5,816.0,5967.5
2025-11-20,-35781.0,6867.5,4126.5,3686.0,3396.5,6842.5,631.5,5519.5,8050.5,816.0,5833.5
2025-11-21,-35000.0,7055.5,4002.0,3686.0,3396.5,6718.0,631.5,5519.5,7926.0,816.0,5833.5
2025-11-22,-35000.0,7055.5,4002.0,3686.0,3396.5,6718.0,631.5,5519.5,7926.0,816.0,5833.5
2025-11-23,-35000.0,7055.5,4002.0,3686.0,3396.5,6718.0,631.5,5519.5,7926.0,816.0,5833.5
2025-11-24,-35200.0,6953.0,3899.5,3686.0,3396.5,6718.0,631.5,5417.0,7823.5,816.0,5833.5
2025-11-25,-35149.0,7065.5,3829.5,3886.0,3596.5,6630.5,631.5,5417.0,7936.0,816.0,6033.5
2025-11-26,-35363.0,7465.5,3734.5,3815.0,3996.5,6587.5,631.5,5322.0,7841.0,816.0,5962.5
2025-11-27,-35328.0,7500.5,3769.5,3850.0,3996.5,6587.5,666.5,5357.0,7876.0,816.0,5997.5
2025-11-28,-35143.5,7685.0,3754.0,3850.0,3996.5,6772.0,666.5,5341.5,7860.5,816.0,5997.5
2025-11-29,-35143.5,7685.0,3754.0,3850.0,3996.5,6772.0,666.5,5341.5,7860.5,816.0,5997.5
2025-11-30,-35293.5,7685.0,3754.0,3850.0,3996.5,6772.0,666.5,5341.5,7860.5,816.0,5997.5
2025-12-01,-34693.5,7885.0,3754.0,3850.0,4196.5,6972.0,666.5,5341.5,7860.5,816.0,5997.5
2025-12-02,-33909.5,8326.5,3882.0,3850.0,4038.0,7300.0,666.5,5469.5,8102.0,816.0,5997.5
2025-12-03,-33161.5,8526.5,4082.0,3850.0,4038.0,7500.0,666.5,5669.5,8302.0,816.0,5962.5
2025-12-04,-33472.5,8227.5,3885.0,3723.5,3897.5,7313.0,624.0,5512.0,8021.0,816.0,5695.0
2025-12-05,-33252.0,8526.0,3755.0,3911.0,4055.5,7411.5,611.5,5394.5,7891.0,816.0,6082.5
2025-12-06,-33252.0,8526.0,3755.0,3911.0,4055.5,7411.5,611.5,5394.5,7891.0,816.0,6082.5
2025-12-07,-33252.0,8526.0,3755.0,3911.0,4055.5,7411.5,611.5,5394.5,7891.0,816.0,6082.5
2025-12-08,-33320.5,8375.0,3719.5,3911.0,4004.5,7311.5,611.5,5359.0,7855.5,816.0,6031.5
2025-12-09,-33231.0,8567.5,3912.0,3911.0,4004.5,7304.0,611.5,5306.5,8048.0,816.0,6024.0
2025-12-10,-34175.0,8235.0,3870.0,3869.0,3887.5,7187.0,569.5,5306.5,8006.0,774.0,5982.0
2025-12-11,-33891.5,8252.5,3820.0,3869.0,3955.0,7137.0,569.5,5256.5,8156.0,774.0,5799.5
2025-12-12,-34507.0,7974.0,3787.0,3716.5,3709.5,7011.0,569.5,5223.5,8123.0,774.0,5647.0
2025-12-13,-34507.0,7974.0,3787.0,3716.5,3709.5,7011.0,569.5,5223.5,8123.0,774.0,5647.0
2025-12-14,-34507.0,7974.0,3787.0,3716.5,3709.5,7011.0,569.5,5223.5,8123.0,774.0,5647.0
2025-12-15,-34987.5,7493.5,3729.0,3660.0,3525.0,6777.5,569.5,5165.5,8000.0,774.0,5231.5
2025-12-16,-34414.5,7055.5,3747.5,3660.0,3525.0,6729.5,569.5,5062.5,7919.0,774.0,4983.5
2025-12-17,-34725.0,7078.0,3692.0,3860.0,3525.0,6552.0,569.5,5007.0,8063.5,774.0,5128.0
2025-12-18,-34945.5,6857.5,3591.0,3860.0,3424.0,6432.5,569.5,5007.0,7962.5,774.0,5027.0
2025-12-19,-34945.5,6857.5,3591.0,3860.0,3424.0,6432.5,569.5,5007.0,7962.5,774.0,5027.0
2025-12-20,-34945.5,6857.5,3591.0,3860.0,3424.0,6432.5,569.5,5007.0,7962.5,774.0,5027.0
2025-12-21,-34945.5,6857.5,3591.0,3860.0,3424.0,6432.5,569.5,5007.0,7962.5,774.0,5027.0
2025-12-22,-34880.5,6735.0,3468.5,3836.0,3624.0,6369.0,545.5,4884.5,7840.0,750.0,5168.0
2025-12-23,-35043.5,6710.5,3444.0,3836.0,3624.0,6344.5,545.5,4860.0,7815.5,750.0,5168.0
2025-12-24,-35083.0,6671.0,3404.5,3836.0,3624.0,6305.0,545.5,4820.5,7776.0,750.0,5146.5
2025-12-25,-35083.0,6671.0,3404.5,3836.0,3624.0,6305.0,545.5,4820.5,7776.0,750.0,5146.5
2025-12-26,-35082.0,6672.0,3404.5,3836.0,3624.0,6343.0,545.5,4820.5,7776.0,750.0,5142.0
2025-12-27,-35082.0,6672.0,3404.5,3836.0,3624.0,6343.0,545.5,4820.5,7776.0,750.0,5142.0
2025-12-28,-35082.0,6672.0,3404.5,3836.0,3624.0,6343.0,545.5,4820.5,7776.0,750.0,5142.0
2025-12-29,-34609.0,6672.0,3404.5,3819.0,3624.0,6343.0,528.5,4820.5,7776.0,750.0,5142.0
2025-12-30,-34651.0,6523.0,3364.0,3819.0,3515.5,6194.0,528.5,4780.0,7735.5,750.0,5118.5
2025-12-31,-34850.0,6492.0,3333.0,3819.0,3515.5,6163.0,528.5,4749.0,7704.5,750.0,5118.5
2026-01-01,-34958.0,6384.0,3333.0,3819.0,3407.5,6055.0,528.5,4749.0,7704.5,750.0,5118.5
2026-01-02,-34921.5,6420.5,3500.5,3819.0,3476.5,6091.5,528.5,4916.5,7872.0,750.0,5086.0
2026-01-03,-34921.5,6420.5,3500.5,3819.0,3476.5,6091.5,528.5,4916.5,7872.0,750.0,5086.0
2026-01-04,-34921.5,6420.5,3500.5,3819.0,3476.5,6091.5,528.5,4916.5,7872.0,750.0,5086.0
2026-01-05,-34521.5,6820.5,3700.5,3819.0,3676.5,6491.5,528.5,5116.5,8072.0,750.0,5086.0
2026-01-06,-34787.0,6955.0,3635.0,3819.0,3611.0,6426.0,528.5,5051.0,8006.5,750.0,5086.0
2026-01-07,-35057.0,6839.0,3566.0,3819.0,3527.5,6310.0,528.5,5014.5,7937.5,750.0,5049.5
2026-01-08,-34835.5,6949.5,3676.5,4019.0,3727.5,6474.0,728.5,5178.5,8048.0,750.0,5196.0
2026-01-09,-34658.0,7127.0,3676.5,4019.0,3927.5,6556.5,728.5,5178.5,8130.5,750.0,5396.0
2026-01-10,-34658.0,7127.0,3676.5,4019.0,3927.5,6556.5,728.5,5178.5,8130.5,750.0,5396.0
2026-01-11,-34658.0,7127.0,3676.5,4019.0,3927.5,6556.5,728.5,5178.5,8130.5,750.0,5396.0
2026-01-12,-34983.0,7060.0,3609.5,4019.0,3927.5,6556.5,728.5,5178.5,8063.5,750.0,5396.0
2026-01-13,-34574.0,7030.0,3779.5,4019.0,4127.5,6726.5,928.5,5348.5,8233.5,750.0,5396.0
2026-01-14,-34458.0,6929.0,3678.5,4019.0,4026.5,6625.5,928.5,5316.0,8132.5,750.0,5396.0
2026-01-15,-34224.0,7163.0,3712.5,4019.0,4026.5,6859.5,928.5,5350.0,8366.5,750.0,5396.0
2026-01-16,-33897.5,7345.0,3678.0,4019.0,4026.5,6825.0,928.5,5315.5,8332.0,750.0,5378.0
2026-01-17,-33897.5,7345.0,3678.0,4019.0,4026.5,6825.0,928.5,5315.5,8332.0,750.0,5378.0
2026-01-18,-34097.5,7345.0,3678.0,4019.0,4026.5,6825.0,928.5,5315.5,8332.0,750.0,5378.0
2026-01-19,-34168.5,7358.0,3644.5,4019.0,4026.5,6672.0,928.5,5282.0,8298.5,750.0,5544.0
2026-01-20,-33840.0,7713.0,3911.0,4152.0,4226.5,7005.5,1061.5,5415.0,8565.0,750.0,5565.5
2026-01-21,-33952.0,7337.0,3791.0,4152.0,4195.5,6629.5,1061.5,5384.0,8445.0,750.0,5309.5
2026-01-22,-33775.5,7537.0,3791.0,4152.0,4195.5,6829.5,1061.5,5384.0,8645.0,750.0,5309.5
2026-01-23,-32995.5,7476.5,3730.5,4152.0,4135.0,6829.5,1061.5,5384.0,8584.5,750.0,5309.5
2026-01-24,-32995.5,7476.5,3730.5,4152.0,4135.0,6829.5,1061.5,5384.0,8584.5,750.0,5309.5
2026-01-25,-32995.5,7476.5,3730.5,4152.0,4135.0,6829.5,1061.5,5384.0,8584.5,750.0,5309.5
2026-01-26,-33310.5,7438.5,3682.5,4226.0,4087.0,6791.5,1040.0,5336.0,8546.5,750.0,5357.0
2026-01-27,-33414.5,7293.5,3596.5,4213.5,3954.5,6646.5,1027.5,5250.0,8401.5,750.0,5250.5
2026-01-28,-33214.5,7493.5,3596.5,4213.5,4154.5,6846.5,1027.5,5250.0,8401.5,750.0,5250.5
2026-01-29,-33897.0,7893.5,3796.5,4213.5,4354.5,6846.5,1027.5,5250.0,8601.5,750.0,5250.5
2026-01-30,-33997.0,7793.5,3696.5,4213.5,4254.5,6746.5,1027.5,5250.0,8501.5,750.0,5150.5
2026-01-31,-33997.0,7793.5,3696.5,4213.5,4254.5,6746.5,1027.5,5250.0,8501.5,750.0,5150.5
2026-02-01,-34197.0,7793.5,3696.5,4213.5,4254.5,6746.5,1027.5,5250.0,8501.5,750.0,5150.5
2026-02-02,-34474.5,7116.0,3565.0,3867.5,4108.5,6269.0,1027.5,5118.5,8224.0,604.0,4804.5
2026-02-03,-34342.5,7248.0,3497.0,3867.5,4040.5,6401.0,1027.5,5118.5,8356.0,604.0,5004.5
2026-02-04,-34446.5,7288.0,3631.0,3723.5,4040.5,6241.0,1027.5,5052.5,8396.0,604.0,4860.5
2026-02-05,-34790.5,7193.5,3736.5,3629.0,3941.0,6146.5,933.0,4858.5,8501.5,604.0,4666.5
2026-02-06,-35113.5,7193.5,3736.5,3629.0,3941.0,6146.5,933.0,4858.5,8501.5,604.0,4666.5
2026-02-07,-35113.5,7193.5,3736.5,3629.0,3941.0,6146.5,933.0,4858.5,8501.5,604.0,4666.5
2026-02-08,-35113.5,7193.5,3736.5,3629.0,3941.0,6146.5,933.0,4858.5,8501.5,604.0,4666.5
2026-02-09,-35301.5,7221.5,3877.5,3629.0,3969.0,5974.5,933.0,4799.5,8529.5,604.0,4753.5
2026-02-10,-35036.0,7621.5,4077.5,3629.0,4369.0,6174.5,933.0,4999.5,8729.5,604.0,4953.5
2026-02-11,-34865.0,8021.5,4477.5,3629.0,4769.0,6574.5,933.0,5199.5,9129.5,604.0,4953.5
2026-02-12,-35233.5,8127.0,4677.5,3629.0,4674.5,6774.5,933.0,5399.5,9329.5,604.0,5153.5
2026-02-13,-35141.5,8019.0,4877.5,3629.0,4874.5,6866.5,933.0,5399.5,9421.5,604.0,5353.5
2026-02-14,-35141.5,8019.0,4877.5,3629.0,4874.5,6866.5,933.0,5399.5,9421.5,604.0,5353.5
2026-02-15,-35197.5,7963.0,4821.5,3573.0,4874.5,6810.5,877.0,5343.5,9365.5,604.0,5297.5
2026-02-16,-35048.5,7927.0,4785.5,3573.0,4874.5,6774.5,877.0,5307.5,9329.5,604.0,5261.5
2026-02-17,-35210.5,7894.0,4631.0,3498.5,4874.0,6494.0,802.5,5227.5,9175.0,604.0,5234.5
2026-02-18,-34756.5,7948.0,4685.0,3498.5,5074.0,6284.5,802.5,5081.5,9229.0,604.0,5344.5
2026-02-19,-34610.5,7948.0,4685.0,3498.5,5074.0,6284.5,802.5,5081.5,9229.0,604.0,5344.5
2026-02-20,-34228.5,7840.0,4577.0,3498.5,5074.0,6248.0,802.5,5045.0,9121.0,604.0,5344.5
2026-02-21,-34228.5,7840.0,4577.0,3498.5,5074.0,6248.0,802.5,5045.0,9121.0,604.0,5344.5
2026-02-22,-34428.5,7840.0,4577.0,3498.5,5074.0,6248.0,802.5,5045.0,9121.0,604.0,5344.5
2026-02-23,-35228.5,8040.0,4525.5,3447.0,5274.0,6248.0,751.0,4993.5,9069.5,604.0,5293.0
2026-02-24,-35083.5,8214.5,4575.0,3447.0,5362.5,6422.5,751.0,5043.0,9244.0,604.0,5218.0
2026-02-25,-35055.0,8083.0,4551.5,3437.0,5312.5,6330.0,741.0,5019.5,9220.5,604.0,5208.0
2026-02-26,-34981.0,8190.5,4459.0,3437.0,5512.5,6437.5,741.0,4927.0,9128.0,604.0,5208.0
2026-02-27,-34895.5,8291.5,4366.5,3373.5,5613.5,6345.0,677.5,4834.5,9035.5,540.5,5144.5
2026-02-28,-34895.5,8291.5,4366.5,3373.5,5613.5,6345.0,677.5,4834.5,9035.5,540.5,5144.5
2026-03-01,-34895.5,8291.5,4366.5,3373.5,5613.5,6345.0,677.5,4834.5,9035.5,540.5,5144.5
2026-03-02,-34984.0,8203.0,4278.0,3373.5,5613.5,6256.5,677.5,4746.0,8947.0,540.5,5056.0
2026-03-03,-35060.5,8443.5,4118.5,3373.5,5741.5,6497.0,677.5,4586.5,8987.5,540.5,5456.0
2026-03-04,-35260.5,8443.5,4118.5,3373.5,5741.5,6497.0,677.5,4586.5,8987.5,540.5,5456.0
2026-03-05,-35170.5,8533.0,4118.5,3373.5,5741.5,6786.5,677.5,4586.5,8877.0,540.5,5345.5
2026-03-06,-34406.0,9133.0,4318.5,3773.5,5941.5,7386.5,877.5,4786.5,9277.0,540.5,5745.5
2026-03-07,-34406.0,9133.0,4318.5,3773.5,5941.5,7386.5,877.5,4786.5,9277.0,540.5,5745.5
2026-03-08,-34606.0,8933.0,4318.5,3573.5,5941.5,7186.5,877.5,4786.5,9277.0,540.5,5545.5
2026-03-09,-34762.0,9025.0,4410.5,3573.5,6141.5,7278.5,877.5,4986.5,9369.0,540.5,5545.5
2026-03-10,-34076.5,9029.5,4504.0,3573.5,6215.5,7427.5,877.5,4880.0,9462.5,540.5,5401.0
2026-03-11,-33755.5,9350.5,4825.0,3573.5,6336.5,7548.5,877.5,5001.0,9783.5,540.5,5401.0
2026-03-12,-34044.0,9210.5,4685.0,3573.5,6196.5,7408.5,877.5,4960.0,9643.5,540.5,5401.0
2026-03-13,-34004.0,9155.0,4795.5,3573.5,6355.5,7353.0,877.5,4970.5,9754.0,540.5,5460.0
2026-03-14,-34004.0,9155.0,4795.5,3573.5,6355.5,7353.0,877.5,4970.5,9754.0,540.5,5460.0
2026-03-15,-34034.5,9124.5,4765.0,3543.0,6355.5,7322.5,847.0,4940.0,9723.5,540.5,5429.5
2026-03-16,-34472.0,8740.0,4709.5,3543.0,6155.5,7255.0,847.0,4884.5,9668.0,540.5,5300.5
2026-03-17,-34072.0,8940.0,4909.5,3543.0,6155.5,7455.0,847.0,5084.5,9868.0,540.5,5500.5
2026-03-18,-33427.0,8817.0,4776.0,3743.0,6108.5,7332.0,847.0,5015.5,9687.5,540.5,5589.0
2026-03-19,-33350.0,8554.5,4630.5,3743.0,6023.5,7186.5,847.0,4955.0,9542.0,540.5,5589.0
2026-03-20,-33860.5,8448.0,4791.5,3632.5,5717.0,7080.0,847.0,5116.0,9592.5,540.5,5521.5
2026-03-21,-33860.5,8448.0,4791.5,3632.5,5717.0,7080.0,847.0,5116.0,9592.5,540.5,5521.5
2026-03-22,-33860.5,8448.0,4791.5,3632.5,5717.0,7080.0,847.0,5116.0,9592.5,540.5,5521.5
2026-03-23,-34016.0,8848.0,4991.5,3632.5,5717.0,7280.0,847.0,5316.0,9792.5,540.5,5921.5
2026-03-24,-34117.0,8688.0,4831.5,3560.5,5629.0,7120.0,775.0,5156.0,9632.5,540.5,5849.5
2026-03-25,-34130.0,9030.0,4719.0,3560.5,5571.0,7207.5,775.0,5043.5,9974.5,540.5,6049.5
2026-03-26,-34949.0,8714.0,4403.0,3560.5,5392.0,6891.5,775.0,4823.5,9658.5,540.5,6049.5
2026-03-27,-35573.5,8867.5,4536.0,3560.5,5695.5,7112.0,775.0,4756.5,9708.5,540.5,5886.0
2026-03-28,-35573.5,8867.5,4536.0,3560.5,5695.5,7112.0,775.0,4756.5,9708.5,540.5,5886.0
2026-03-29,-35876.5,8764.5,4433.0,3560.5,5695.5,7009.0,775.0,4756.5,9605.5,540.5,5783.0
2026-03-30,-36076.5,8764.5,4433.0,3560.5,5695.5,7009.0,775.0,4756.5,9605.5,540.5,5783.0
2026-03-31,-36009.5,9002.0,4433.0,3760.5,5933.0,7005.0,775.0,4756.5,9805.5,540.5,5979.0
2026-04-01,-36406.0,8916.5,4347.5,3675.0,6047.5,7119.5,689.5,4671.0,9720.0,540.5,6093.5
2026-04-02,-36389.5,8990.5,4547.5,3875.0,6247.5,7193.5,889.5,4871.0,9794.0,540.5,6293.5
2026-04-03,-36496.0,8936.5,4493.5,4042.5,6247.5,7139.5,1057.0,4817.0,9740.0,740.5,6461.0
2026-04-04,-36496.0,8936.5,4493.5,4042.5,6247.5,7139.5,1057.0,4817.0,9740.0,740.5,6461.0
2026-04-05,-36670.5,8936.5,4693.5,4042.5,6247.5,7139.5,1057.0,5017.0,9940.0,740.5,6661.0
2026-04-06,-35942.5,9336.5,4693.5,4442.5,6647.5,7339.5,1057.0,5017.0,10140.0,740.5,7061.0
2026-04-07,-36635.5,9033.5,4512.0,4442.5,6347.5,7158.5,1057.0,5017.0,9958.5,740.5,6683.0
2026-04-08,-36888.5,8905.5,4384.0,4442.5,6271.5,7030.5,1057.0,4889.0,9830.5,740.5,6607.0
2026-04-09,-37027.5,8905.0,4383.5,4642.5,6108.5,6881.5,1257.0,4726.0,9830.0,740.5,6807.0
2026-04-10,-36984.0,9051.0,4529.5,4642.5,6308.5,7027.5,1257.0,4926.0,9976.0,740.5,6807.0
2026-04-11,-36984.0,9051.0,4529.5,4642.5,6308.5,7027.5,1257.0,4926.0,9976.0,740.5,6807.0
2026-04-12,-36984.0,9051.0,4529.5,4642.5,6308.5,7027.5,1257.0,4926.0,9976.0,740.5,6807.0
2026-04-13,-36847.5,9224.5,4703.0,4642.5,6508.5,7201.0,1257.0,5099.5,10149.5,740.5,6780.5
2026-04-14,-36925.0,9191.5,4670.0,4642.5,6508.5,7168.0,1257.0,5066.5,10116.5,740.5,6780.5
2026-04-15,-36937.0,9283.0,4561.5,4642.5,6708.5,7259.5,1257.0,4986.0,10008.0,740.5,6727.0
2026-04-16,-36884.5,9388.5,4667.0,4533.5,6908.5,7365.0,1148.0,4946.5,10113.5,740.5,6618.0
2026-04-17,-36838.0,9435.0,4535.0,4460.5,7014.0,7446.5,1075.0,4887.5,9981.5,740.5,6723.5
2026-04-18,-36838.0,9435.0,4535.0,4460.5,7014.0,7446.5,1075.0,4887.5,9981.5,740.5,6723.5
2026-04-19,-36638.0,9635.0,4535.0,4460.5,7014.0,7646.5,1075.0,4887.5,9981.5,740.5,6723.5
2026-04-20,-36728.5,9544.5,4512.0,4460.5,7033.0,7556.0,1075.0,4864.5,9872.0,740.5,6637.0
2026-04-21,-36783.5,9489.5,4457.0,4415.5,7033.0,7501.0,1030.0,4809.5,9817.0,740.5,6592.0
2026-04-22,-36819.0,9454.0,4597.5,4415.5,6997.5,7465.5,1030.0,5009.5,9957.5,740.5,6592.0
2026-04-23,-36899.0,9326.0,4469.5,4415.5,6895.5,7337.5,1030.0,4881.5,9829.5,740.5,6592.0
2026-04-24,-36941.5,9283.5,4427.0,4415.5,6895.5,7295.0,1030.0,4839.0,9787.0,740.5,6592.0
2026-04-25,-36941.5,9283.5,4427.0,4415.5,6895.5,7295.0,1030.0,4839.0,9787.0,740.5,6592.0
2026-04-26,-36941.5,9283.5,4427.0,4415.5,6895.5,7295.0,1030.0,4839.0,9787.0,740.5,6592.0
2026-04-27,-36885.0,9360.5,4574.5,4415.5,7043.0,7442.5,1030.0,5039.0,9864.0,740.5,6521.5
2026-04-28,-37056.5,9017.5,4574.5,4290.5,6843.0,7442.5,1030.0,5039.0,9864.0,740.5,6396.5
2026-04-29,-37687.0,8832.0,4344.0,4223.5,6657.5,7212.0,963.0,4994.0,9633.5,740.5,6329.5
2026-04-30,-37228.0,8393.0,4246.0,4082.5,6516.5,6973.0,963.0,4994.0,9535.5,740.5,6188.5
2026-05-01,-37293.5,8327.5,4180.5,4017.0,6516.5,6907.5,897.5,4928.5,9470.0,740.5,6123.0
2026-05-02,-37293.5,8327.5,4180.5,4017.0,6516.5,6907.5,897.5,4928.5,9470.0,740.5,6123.0
2026-05-03,-37293.5,8327.5,4180.5,4017.0,6516.5,6907.5,897.5,4928.5,9470.0,740.5,6123.0
2026-05-04,-36541.5,8279.5,4180.5,4072.0,6571.5,6907.5,897.5,4928.5,9367.0,740.5,6178.0
2026-05-05,-36729.0,8491.5,4180.5,4084.0,6571.5,7119.5,897.5,4928.5,9579.0,740.5,6190.0
2026-05-06,-36729.0,8491.5,4180.5,4084.0,6571.5,7119.5,897.5,4928.5,9579.0,740.5,6190.0
2026-05-07,-36129.0,8891.5,4380.5,4084.0,6771.5,7519.5,897.5,5128.5,9979.0,740.5,6590.0
2026-05-08,-35929.0,9091.5,4580.5,4084.0,6971.5,7719.5,897.5,5128.5,10179.0,740.5,6590.0
2026-05-09,-35929.0,9091.5,4580.5,4084.0,6971.5,7719.5,897.5,5128.5,10179.0,740.5,6590.0
2026-05-10,-35985.0,9035.5,4524.5,4084.0,6915.5,7663.5,897.5,5072.5,10123.0,740.5,6590.0
2026-05-11,-35632.5,9235.5,4445.5,4084.0,6836.5,7863.5,897.5,4993.5,10044.0,740.5,6790.0
2026-05-12,-35168.0,9435.5,4645.5,4084.0,6836.5,8063.5,897.5,4993.5,10244.0,740.5,6990.0
2026-05-13,-35959.0,9435.5,4645.5,4084.0,6836.5,8063.5,897.5,4993.5,10244.0,740.5,6990.0
2026-05-14,-35397.5,9909.0,4919.0,4157.5,7036.5,8537.0,971.0,5067.0,10517.5,740.5,7463.5
2026-05-15,-35896.0,9723.5,4845.5,4157.5,7163.0,8528.5,971.0,4993.5,10309.0,740.5,7590.0
2026-05-16,-35896.0,9723.5,4845.5,4157.5,7163.0,8528.5,971.0,4993.5,10309.0,740.5,7590.0
2026-05-17,-36096.0,9723.5,4845.5,4157.5,7163.0,8528.5,971.0,4993.5,10309.0,740.5,7590.0
2026-05-18,-35880.0,10062.5,5184.5,4357.5,7102.0,8867.5,1171.0,5132.5,10648.0,740.5,7790.0
2026-05-19,-35643.5,9774.0,5251.5,4357.5,7302.0,9112.0,1171.0,5332.5,10559.5,740.5,7990.0
2026-05-20,-35602.5,9815.0,5451.5,4357.5,7302.0,9153.0,1171.0,5532.5,10600.5,740.5,7831.0
2026-05-21,-36142.0,9602.5,5239.0,4357.5,7204.5,9055.5,1171.0,5532.5,10388.0,740.5,7831.0
2026-05-22,-35923.5,9425.0,5061.5,4357.5,7027.0,8878.0,1171.0,5462.0,10210.5,740.5,7724.0
2026-05-23,-35923.5,9425.0,5061.5,4357.5,7027.0,8878.0,1171.0,5462.0,10210.5,740.5,7724.0
2026-05-24,-35923.5,9425.0,5061.5,4357.5,7027.0,8878.0,1171.0,5462.0,10210.5,740.5,7724.0
2026-05-25,-36170.0,9339.0,4949.0,4317.5,6941.0,8792.0,1131.0,5349.5,10098.0,700.5,7649.5
2026-05-26,-36513.5,8995.5,4888.5,4285.5,6912.5,8648.5,1099.0,5289.0,10037.5,700.5,7617.5
2026-05-27,-36978.0,9160.0,4833.0,4485.5,7175.0,8895.0,1099.0,5233.5,9900.0,700.5,8017.5
2026-05-28,-36599.5,9138.5,4760.0,4434.0,7153.5,8873.5,1047.5,5160.5,9827.0,700.5,8017.5
2026-05-29,-36908.5,8829.5,4699.5,4434.0,6844.5,8641.5,1047.5,5100.0,9766.5,700.5,7821.0
2026-05-30,-36908.5,8829.5,4699.5,4434.0,6844.5,8641.5,1047.5,5100.0,9766.5,700.5,7821.0
2026-05-31,-36908.5,8829.5,4699.5,4434.0,6844.5,8641.5,1047.5,5100.0,9766.5,700.5,7821.0
2026-06-01,-37003.0,9029.5,4672.0,4406.5,6817.0,8841.5,1020.0,5072.5,9966.5,700.5,7793.5
2026-06-02,-36539.0,9293.5,4536.0,4406.5,6881.0,9105.5,1020.0,4936.5,10030.5,700.5,7945.5
2026-06-03,-35805.5,9604.5,4736.0,4606.5,6947.0,9505.5,1220.0,5136.5,10230.5,700.5,8345.5
2026-06-04,-36306.5,9734.0,4936.0,4806.5,7049.0,9635.0,1420.0,5336.5,10332.5,700.5,8447.5
2026-06-05,-36980.0,9811.0,4813.0,4806.5,6946.5,9712.0,1420.0,5336.5,10209.5,700.5,8548.5
2026-06-06,-36980.0,9811.0,4813.0,4806.5,6946.5,9712.0,1420.0,5336.5,10209.5,700.5,8548.5
2026-06-07,-36980.0,9811.0,4813.0,4806.5,6946.5,9712.0,1420.0,5336.5,10209.5,700.5,8548.5
2026-06-08,-37226.5,9564.5,4766.5,4806.5,6746.5,9665.5,1420.0,5290.0,10163.0,700.5,8348.5
2026-06-09,-37556.5,9834.5,4836.5,5006.5,6616.5,9935.5,1420.0,5360.0,10233.0,700.5,8688.0
2026-06-10,-37318.5,10034.5,4836.5,4806.5,6616.5,10135.5,1220.0,5560.0,10433.0,700.5,8688.0
2026-06-11,-37593.0,9960.0,4762.0,5006.5,6616.5,10261.0,1220.0,5485.5,10558.5,700.5,8888.0
2026-06-12,-37320.0,10448.0,4850.0,4912.5,7252.5,10643.0,1126.0,5537.5,10646.5,700.5,8994.0
2026-06-13,-37320.0,10448.0,4850.0,4912.5,7252.5,10643.0,1126.0,5537.5,10646.5,700.5,8994.0
2026-06-14,-37320.0,10448.0,4850.0,4912.5,7252.5,10643.0,1126.0,5537.5,10646.5,700.5,8994.0
2026-06-15,-37367.5,10582.5,4984.5,5112.5,7252.5,10777.5,1326.0,5672.0,10781.0,900.5,9194.0
2026-06-16,-37224.0,10890.0,5292.0,5312.5,7252.5,11085.0,1526.0,5779.5,11088.5,900.5,9332.0
2026-06-17,-36686.0,11490.0,5692.0,5312.5,7652.5,11685.0,1526.0,5979.5,11488.5,900.5,9332.0
2026-06-18,-36466.0,12290.0,5692.0,5312.5,8252.5,12285.0,1526.0,5979.5,11688.5,900.5,9532.0
2026-06-19,-36666.0,12290.0,5692.0,5312.5,8252.5,12285.0,1526.0,5979.5,11688.5,900.5,9532.0
2026-06-20,-36666.0,12290.0,5692.0,5312.5,8252.5,12285.0,1526.0,5979.5,11688.5,900.5,9532.0
2026-06-21,-36266.0,12290.0,5692.0,5312.5,8252.5,12285.0,1526.0,5979.5,11688.5,900.5,9532.0
2026-06-22,-36965.0,11940.5,5692.0,5312.5,8103.0,12135.5,1526.0,5979.5,11688.5,900.5,9382.5
2026-06-23,-36365.0,11772.0,5692.0,5312.5,8103.0,12135.5,1526.0,5979.5,11688.5,900.5,9382.5
2026-06-24,-36207.5,11329.5,5598.5,5312.5,7660.5,12042.0,1526.0,5886.0,11446.0,900.5,9382.5
2026-06-25,-37100.0,11037.0,5306.0,5112.5,7460.5,11949.5,1526.0,5886.0,11153.5,900.5,9182.5
2026-06-26,-36738.0,11199.0,5183.0,5112.5,7422.5,11826.5,1526.0,5763.0,11030.5,900.5,9059.5
2026-06-27,-36738.0,11199.0,5183.0,5112.5,7422.5,11826.5,1526.0,5763.0,11030.5,900.5,9059.5
2026-06-28,-36938.0,11199.0,5183.0,5112.5,7422.5,11826.5,1526.0,5763.0,11030.5,900.5,9059.5
2026-06-29,-36211.5,11325.5,5309.5,5039.0,7422.5,11953.0,1452.5,5889.5,11357.0,827.0,9186.0
2026-06-30,-35508.5,11828.5,5412.5,5039.0,7622.5,12056.0,1452.5,5880.0,11660.0,827.0,9376.5
2026-07-01,-35693.5,11655.0,5348.0,4854.0,7449.0,12006.5,1452.5,5815.5,11471.5,827.0,9067.5
2026-07-02,-36284.5,11855.0,5348.0,4854.0,7449.0,12206.5,1452.5,5815.5,11471.5,827.0,9267.5
2026-07-03,-36284.5,11855.0,5348.0,4854.0,7449.0,12206.5,1452.5,5815.5,11471.5,827.0,9267.5
2026-07-04,-36284.5,11855.0,5348.0,4854.0,7449.0,12206.5,1452.5,5815.5,11471.5,827.0,9267.5
2026-07-05,-35884.5,11761.5,5348.0,4854.0,7355.5,12206.5,1452.5,5815.5,11378.0,827.0,9267.5
2026-07-06,-35973.5,11672.5,5259.0,4854.0,7266.5,12206.5,1452.5,5815.5,11289.0,827.0,9267.5
2026-07-07,-35658.5,12272.5,5659.0,4854.0,7866.5,12606.5,1452.5,6015.5,11889.0,827.0,9667.5
2026-07-08,-36161.0,12173.5,5659.0,4854.0,7866.5,12806.5,1452.5,6015.5,11990.0,827.0,9667.5
2026-07-09,-35605.5,12239.5,5859.0,4871.0,7532.5,13055.5,1652.5,6215.5,12190.0,1027.0,9684.5
2026-07-10,-35205.5,12639.5,6059.0,4871.0,7932.5,13455.5,1652.5,6415.5,12590.0,1027.0,9884.5
2026-07-11,-35205.5,12639.5,6059.0,4871.0,7932.5,13455.5,1652.5,6415.5,12590.0,1027.0,9884.5
2026-07-12,-35205.5,12639.5,6059.0,4871.0,7932.5,13455.5,1652.5,6415.5,12590.0,1027.0,9884.5
2026-07-13,-35278.0,12530.5,5950.0,4762.0,7823.5,13346.5,1543.5,6306.5,12481.0,1027.0,9775.5
2026-07-14,-34529.0,12679.5,6099.0,4962.0,8023.5,13495.5,1743.5,6455.5,12630.0,1027.0,9924.5
2026-07-15,-34720.0,12274.0,5848.0,4962.0,7762.5,13244.5,1743.5,6311.0,12379.0,1027.0,9840.0
2026-07-16,-35399.0,11894.5,5868.5,4582.5,7643.0,13265.0,1764.0,6451.0,12399.5,1227.0,9460.5
2026-07-17,-35599.0,11694.5,5868.5,4582.5,7643.0,13265.0,1764.0,6451.0,12399.5,1227.0,9460.5
2026-07-18,-35599.0,11694.5,5868.5,4582.5,7643.0,13265.0,1764.0,6451.0,12399.5,1227.0,9460.5
2026-07-19,-35199.0,11694.5,5868.5,4582.5,7643.0,13265.0,1764.0,6451.0,12399.5,1227.0,9460.5
2026-07-20,-34366.5,11927.0,6101.0,4582.5,7875.5,13497.5,1764.0,6483.5,12632.0,1227.0,9660.5
2026-07-21,-34232.5,12127.0,6301.0,4582.5,7875.5,13697.5,1764.0,6483.5,12832.0,1227.0,9660.5
2026-07-22,-34331.5,11552.0,6219.5,4182.5,7594.0,13122.5,1764.0,6483.5,12657.0,1227.0,9260.5
2026-07-23,-34298.0,11585.5,6419.5,3982.5,7627.5,13122.5,1764.0,6683.5,12857.0,1227.0,9260.5
2026-07-24,-34208.0,11654.5,6619.5,3982.5,7696.5,13322.5,1764.0,6683.5,12926.0,1227.0,9460.5
2026-07-25,-34208.0,11654.5,6619.5,3982.5,7696.5,13322.5,1764.0,6683.5,12926.0,1227.0,9460.5
2026-07-26,-34418.5,11444.0,6530.0,3982.5,7486.0,13112.0,1764.0,6594.0,12715.5,1227.0,9371.0
2026-07-27,-34217.5,11598.5,6614.0,4008.0,7841.0,13266.5,1719.0,6678.0,12999.5,1227.0,9596.5
2026-07-28,-35095.5,11178.5,6666.5,3978.0,7643.0,12846.5,1689.0,6530.5,12771.5,1227.0,9501.0
2026-07-29,-35557.0,10721.5,6585.0,3978.0,7386.0,12589.5,1689.0,6449.0,12514.5,1227.0,9125.5
2026-07-30,-35485.5,10521.5,6585.0,3978.0,7386.0,12589.5,1689.0,6449.0,12514.5,1227.0,9125.5
2026-07-31,-35152.0,10531.0,6394.5,3978.0,7395.5,12599.0,1689.0,6386.5,12524.0,1227.0,9325.5
2026-08-01,-35152.0,10531.0,6394.5,3978.0,7395.5,12599.0,1689.0,6386.5,12524.0,1227.0,9325.5
2026-08-02,-35152.0,10531.0,6394.5,3978.0,7395.5,12599.0,1689.0,6386.5,12524.0,1227.0,9325.5
2026-08-03,-34982.5,10576.0,6439.5,4092.5,7240.5,12644.0,1803.5,6431.5,12569.0,1141.5,9440.0
2026-08-04,-35190.0,10568.5,6439.5,3926.5,7371.5,12436.5,1803.5,6431.5,12569.0,1141.5,9474.0
2026-08-05,-34366.5,10748.5,6774.5,3771.5,7351.5,12216.5,1803.5,6766.5,12904.0,1141.5,9519.0
2026-08-06,-34622.0,10493.0,6689.5,3771.5,7096.0,11961.0,1803.5,6681.5,12819.0,1141.5,9307.5
2026-08-07,-34880.5,10434.5,6631.0,3771.5,7096.0,11902.5,1803.5,6623.0,12760.5,1141.5,9249.0
2026-08-08,-34880.5,10434.5,6631.0,3771.5,7096.0,11902.5,1803.5,6623.0,12760.5,1141.5,9249.0
2026-08-09,-34880.5,10434.5,6631.0,3771.5,7096.0,11902.5,1803.5,6623.0,12760.5,1141.5,9249.0
2026-08-10,-34785.5,10329.5,6458.5,3554.5,6991.0,12018.0,1719.0,6623.0,12588.0,1141.5,9032.0
2026-08-11,-34590.0,10498.5,6366.0,3554.5,6960.0,11925.5,1719.0,6592.0,12495.5,1141.5,9032.0
2026-08-12,-34979.0,10222.0,6244.5,3399.5,6733.0,11844.5,1719.0,6551.5,12374.0,1141.5,8836.5
2026-08-13,-35073.0,10131.0,6199.5,3399.5,6548.5,11753.5,1719.0,6506.5,12329.0,1141.5,8791.5
2026-08-14,-34555.0,10898.5,6967.0,3567.0,6748.5,12121.0,1886.5,7074.0,13096.5,1141.5,8959.0
2026-08-15,-34555.0,10898.5,6967.0,3567.0,6748.5,12121.0,1886.5,7074.0,13096.5,1141.5,8959.0
2026-08-16,-34555.0,10898.5,6967.0,3567.0,6748.5,12121.0,1886.5,7074.0,13096.5,1141.5,8959.0
2026-08-17,-34375.5,10830.0,6898.5,3534.0,6748.5,12052.5,1853.5,7005.5,13028.0,1108.5,8926.0
2026-08-18,-34732.5,10973.5,7042.0,3477.5,7148.5,12196.0,1797.0,6949.0,13171.5,1108.5,9069.5
2026-08-19,-34530.5,11289.5,7158.0,3477.5,7264.5,12196.0,1797.0,7149.0,13287.5,1108.5,9185.5
2026-08-20,-34613.0,11207.0,7152.5,3375.0,7284.5,12190.5,1694.5,7087.5,13282.0,1006.0,9083.0
2026-08-21,-34213.0,11407.0,7085.0,3375.0,7217.0,12390.5,1694.5,7087.5,13482.0,,9083.0
2026-08-22,-34213.0,11407.0,7085.0,3375.0,7217.0,12390.5,1694.5,7087.5,13482.0,,9083.0
2026-08-23,-34395.0,11225.0,7085.0,3375.0,7035.0,12390.5,1694.5,7087.5,13482.0,,8901.0
2026-08-24,-34219.5,11312.5,7013.5,3375.0,7122.5,12278.0,1694.5,7016.0,13569.5,,8901.0
2026-08-25,-34382.0,11172.0,7200.0,3259.0,7086.0,12348.5,1694.5,7202.5,13652.0,,8971.5
2026-08-26,-34040.0,11499.5,7127.5,3259.0,7413.5,12476.0,1694.5,7202.5,13779.5,,8971.5
2026-08-27,-33942.0,11797.5,7025.5,3459.0,7813.5,12574.0,1694.5,7202.5,13677.5,,9371.5
2026-08-28,-34196.5,11438.0,6984.0,3672.0,7654.0,12587.0,1707.5,7161.0,13890.5,,9212.0
2026-08-29,-34196.5,11438.0,6984.0,3672.0,7654.0,12587.0,1707.5,7161.0,13890.5,,9212.0
2026-08-30,-34196.5,11355.0,6901.0,3589.0,7654.0,12504.0,1624.5,7161.0,13807.5,,9129.0
2026-08-31,-33442.0,11509.5,7055.5,3589.0,7608.5,12658.5,1624.5,7072.5,13962.0,,9129.0
2026-09-01,-34479.5,11360.0,7055.5,3589.0,7538.5,12309.0,1624.5,7072.5,13785.5,,8859.0
2026-09-02,-34220.5,11518.0,7104.5,3460.0,7772.5,12543.0,1495.5,7018.5,13743.5,,8839.0
2026-09-03,-34489.0,11416.0,7002.5,3420.5,7733.0,12441.0,1456.0,6916.5,13641.5,,8799.5
