date,SND baseline,First physical touch core,First touch + width ≤0.5 ATR,First touch + impulse volume <0.75,First touch + normal RVOL,First touch + opposing room,First touch + width + low volume,Sensitivity · first touch + width ≤0.4,Sensitivity · first touch + width ≤0.6,Sensitivity · first touch + volume <0.5,Sensitivity · first touch + volume <1.0
2019-05-06,-104.0,-104.0,,-64.0,,-104.0,,,,-64.0,-64.0
2019-05-07,-249.5,-154.5,-18.5,-64.0,,-154.5,,-18.5,-50.5,-64.0,-82.5
2019-05-08,-244.0,-149.0,-58.5,-39.0,,-174.0,,-58.5,-90.5,-64.0,-57.5
2019-05-09,-186.5,0.0,0.0,-52.5,,-20.5,,0.0,0.0,-77.5,-71.0
2019-05-10,-75.5,0.0,0.0,-52.5,,-50.5,,0.0,0.0,-77.5,-16.0
2019-05-11,-75.5,0.0,0.0,-52.5,,-50.5,,0.0,0.0,-77.5,-16.0
2019-05-12,-75.5,0.0,0.0,-52.5,,-50.5,,0.0,0.0,-77.5,-16.0
2019-05-13,0.0,0.0,0.0,-102.5,,0.0,,0.0,0.0,-77.5,-66.0
2019-05-14,-130.0,-130.0,-54.0,-188.5,,-88.0,-44.0,-23.0,-88.0,-90.5,-186.0
2019-05-15,0.0,-19.5,-54.0,-228.5,,-177.5,-44.0,-23.0,-128.0,-90.5,-226.0
2019-05-16,-28.5,-58.5,-93.0,-228.5,,-216.5,-44.0,-62.0,-167.0,-90.5,-226.0
2019-05-17,-191.5,-221.5,-113.0,-228.5,,-273.0,-44.0,-82.0,-214.0,-90.5,-278.5
2019-05-18,-191.5,-221.5,-113.0,-228.5,,-273.0,-44.0,-82.0,-214.0,-90.5,-278.5
2019-05-19,-191.5,-221.5,-113.0,-228.5,,-273.0,-44.0,-82.0,-214.0,-90.5,-278.5
2019-05-20,0.0,-9.5,-119.0,-246.5,,-327.5,-62.0,-100.0,-2.0,-108.5,-296.5
2019-05-21,-11.0,-46.5,-119.0,-272.5,0.0,-364.5,-62.0,-100.0,-57.0,-108.5,-322.5
2019-05-22,-40.5,0.0,-53.0,-206.5,0.0,-405.0,0.0,-34.0,0.0,-108.5,-256.5
2019-05-23,-145.0,-31.5,-100.5,-231.5,0.0,-436.5,-25.0,-56.5,-47.5,-133.5,-265.5
2019-05-24,-209.0,-95.5,-142.0,-286.5,0.0,-500.5,-57.5,-87.5,-89.0,-133.5,-320.5
2019-05-25,-209.0,-95.5,-142.0,-286.5,0.0,-500.5,-57.5,-87.5,-89.0,-133.5,-320.5
2019-05-26,-209.0,-95.5,-142.0,-286.5,0.0,-500.5,-57.5,-87.5,-89.0,-133.5,-320.5
2019-05-27,-196.5,-95.5,-142.0,-286.5,0.0,-500.5,-57.5,-87.5,-89.0,-133.5,-320.5
2019-05-28,-86.0,-162.5,-180.0,-286.5,-69.5,-551.0,-57.5,-125.5,-117.0,-133.5,-328.0
2019-05-29,-89.5,-184.5,-225.5,-350.5,-98.5,-518.5,-92.5,-145.5,-162.5,-159.0,-392.0
2019-05-30,-225.0,-214.5,-225.5,-350.5,-128.5,-548.5,-92.5,-145.5,-162.5,-159.0,-422.0
2019-05-31,-315.5,-305.0,-225.5,-350.5,-128.5,-639.0,-92.5,-145.5,-192.0,-159.0,-422.0
2019-06-01,-315.5,-305.0,-225.5,-350.5,-128.5,-639.0,-92.5,-145.5,-192.0,-159.0,-422.0
2019-06-02,-333.5,-323.0,-243.5,-350.5,-128.5,-657.0,-92.5,-163.5,-210.0,-159.0,-422.0
2019-06-03,-196.5,-150.5,-43.5,-350.5,-128.5,-484.5,-92.5,0.0,-37.5,-159.0,-222.0
2019-06-04,-349.5,-231.5,-57.5,-350.5,-142.5,-498.5,-92.5,-14.0,-51.5,-159.0,-222.0
2019-06-05,-387.0,-240.5,-66.5,-350.5,0.0,-347.5,-92.5,-33.5,-60.5,-159.0,-222.0
2019-06-06,-252.5,-287.5,-88.5,-350.5,-47.0,-394.5,-92.5,-55.5,-107.5,-159.0,-222.0
2019-06-07,-181.5,-45.0,0.0,-350.5,0.0,-152.0,-92.5,0.0,0.0,-159.0,-237.5
2019-06-08,-181.5,-45.0,0.0,-350.5,0.0,-152.0,-92.5,0.0,0.0,-159.0,-237.5
2019-06-09,-181.5,-45.0,0.0,-350.5,0.0,-152.0,-92.5,0.0,0.0,-159.0,-237.5
2019-06-10,-142.0,-45.0,0.0,-350.5,0.0,-152.0,-92.5,0.0,0.0,-159.0,-237.5
2019-06-11,-8.5,-85.0,-40.0,-359.5,0.0,-192.0,-101.5,-18.0,-40.0,-168.0,-246.5
2019-06-12,-19.5,-96.0,-27.5,-383.0,0.0,-203.0,-101.5,-18.0,-51.0,-168.0,-270.0
2019-06-13,-47.0,-174.0,-50.5,-383.0,-22.5,-225.5,-101.5,-18.0,-96.5,-168.0,-270.0
2019-06-14,-38.0,-169.0,-74.0,-383.0,-46.0,-197.0,-101.5,-18.0,-120.0,-168.0,-241.5
2019-06-15,-38.0,-169.0,-74.0,-383.0,-46.0,-197.0,-101.5,-18.0,-120.0,-168.0,-241.5
2019-06-16,-38.0,-169.0,-74.0,-383.0,-46.0,-197.0,-101.5,-18.0,-120.0,-168.0,-241.5
2019-06-17,-43.0,-163.0,-87.5,-363.5,-46.0,-191.0,-101.5,-31.5,-114.0,-168.0,-232.5
2019-06-18,-53.0,-204.5,-110.0,-390.5,-46.0,-205.5,-101.5,-39.5,-136.5,-195.0,-259.5
2019-06-19,-36.5,-295.0,-149.0,-401.5,-58.5,-292.0,-112.5,-63.0,-175.5,-195.0,-270.5
2019-06-20,-173.0,-321.5,-152.5,-401.5,-62.0,-318.5,-112.5,-66.5,-202.0,-195.0,-270.5
2019-06-21,-204.5,-353.0,-152.5,-433.0,-93.5,-350.0,-112.5,-66.5,-202.0,-195.0,-302.0
2019-06-22,-204.5,-353.0,-152.5,-433.0,-93.5,-350.0,-112.5,-66.5,-202.0,-195.0,-302.0
2019-06-23,-204.5,-353.0,-152.5,-433.0,-93.5,-350.0,-112.5,-66.5,-202.0,-195.0,-302.0
2019-06-24,-202.5,-313.0,-139.0,-430.5,-53.5,-321.5,-112.5,-53.0,-188.5,-192.5,-299.5
2019-06-25,0.0,-380.5,-169.0,-430.5,-68.5,-389.0,-112.5,-68.0,-218.5,-192.5,-299.5
2019-06-26,0.0,-351.0,-179.5,-401.0,-102.0,-326.0,-112.5,-78.5,-229.0,-163.0,-270.0
2019-06-27,-28.0,-397.0,-185.0,-422.0,-142.5,-376.0,-112.5,-84.0,-275.0,-163.0,-291.0
2019-06-28,0.0,-435.5,-185.0,-422.0,-153.5,-376.0,-112.5,-84.0,-275.0,-163.0,-291.0
2019-06-29,0.0,-435.5,-185.0,-422.0,-153.5,-376.0,-112.5,-84.0,-275.0,-163.0,-291.0
2019-06-30,0.0,-435.5,-185.0,-422.0,-153.5,-376.0,-112.5,-84.0,-275.0,-163.0,-291.0
2019-07-01,0.0,-370.5,-197.0,-422.0,-76.5,-311.0,-112.5,-96.0,-287.0,-163.0,-291.0
2019-07-02,0.0,-317.0,-122.0,-438.5,-93.0,-236.0,-129.0,-112.5,-233.5,-163.0,-307.5
2019-07-03,-30.5,-347.5,-152.5,-438.5,-113.5,-266.5,-129.0,-143.0,-264.0,-163.0,-317.5
2019-07-04,-68.5,-347.0,-152.0,-438.5,-113.5,-266.0,-129.0,-142.5,-263.5,-163.0,-329.0
2019-07-05,-169.5,-385.5,-152.0,-438.5,-152.0,-304.5,-129.0,-142.5,-263.5,-163.0,-329.0
2019-07-06,-169.5,-385.5,-152.0,-438.5,-152.0,-304.5,-129.0,-142.5,-263.5,-163.0,-329.0
2019-07-07,-169.5,-385.5,-152.0,-438.5,-152.0,-304.5,-129.0,-142.5,-263.5,-163.0,-329.0
2019-07-08,-180.5,-400.0,-166.5,-453.0,-152.0,-319.0,-143.5,-142.5,-278.0,-163.0,-343.5
2019-07-09,-262.0,-443.0,-177.5,-453.0,-152.0,-362.0,-143.5,-153.5,-297.0,-163.0,-354.5
2019-07-10,-338.0,-485.5,-192.0,-453.0,-152.0,-390.0,-143.5,-168.0,-339.5,-163.0,-354.5
2019-07-11,-408.5,-503.0,-209.5,-470.5,-152.0,-407.5,-161.0,-185.5,-357.0,-163.0,-372.0
2019-07-12,-435.5,-518.5,-225.0,-470.5,-152.0,-423.0,-161.0,-196.5,-372.5,-163.0,-387.5
2019-07-13,-435.5,-518.5,-225.0,-470.5,-152.0,-423.0,-161.0,-196.5,-372.5,-163.0,-387.5
2019-07-14,-458.5,-541.5,-225.0,-493.5,-175.0,-423.0,-161.0,-196.5,-372.5,-163.0,-410.5
2019-07-15,-475.5,-558.5,-242.0,-493.5,-192.0,-440.0,-161.0,-213.5,-389.5,-163.0,-410.5
2019-07-16,-389.5,-472.5,-254.0,-486.5,-106.0,-354.0,-173.0,-213.5,-303.5,-163.0,-420.5
2019-07-17,-408.0,-412.0,-263.5,-486.5,-106.0,-363.5,-173.0,-223.0,-313.0,-163.0,-420.5
2019-07-18,-257.0,-438.0,-289.5,-486.5,-116.5,-389.5,-173.0,-233.5,-339.0,-163.0,-420.5
2019-07-19,-387.5,-494.5,-305.5,-527.0,-116.5,-446.0,-173.0,-249.5,-355.0,-203.5,-461.0
2019-07-20,-387.5,-494.5,-305.5,-527.0,-116.5,-446.0,-173.0,-249.5,-355.0,-203.5,-461.0
2019-07-21,-387.5,-494.5,-305.5,-527.0,-116.5,-446.0,-173.0,-249.5,-355.0,-203.5,-461.0
2019-07-22,-428.5,-535.5,-346.5,-536.0,-130.0,-468.5,-182.0,-290.5,-396.0,-203.5,-470.0
2019-07-23,-522.5,-629.5,-384.0,-536.0,-167.5,-562.5,-182.0,-320.5,-433.5,-203.5,-497.0
2019-07-24,-611.0,-705.5,-401.0,-591.0,-209.5,-638.5,-182.0,-320.5,-471.5,-258.5,-552.0
2019-07-25,-686.0,-780.5,-402.0,-625.0,-265.5,-713.5,-193.5,-321.5,-516.5,-258.5,-575.5
2019-07-26,-614.0,-708.5,-330.0,-553.0,-282.0,-641.5,-121.5,-249.5,-444.5,-186.5,-503.5
2019-07-27,-614.0,-708.5,-330.0,-553.0,-282.0,-641.5,-121.5,-249.5,-444.5,-186.5,-503.5
2019-07-28,-614.0,-708.5,-330.0,-553.0,-282.0,-641.5,-121.5,-249.5,-444.5,-186.5,-503.5
2019-07-29,-567.5,-735.0,-356.5,-553.0,-308.5,-668.0,-121.5,-259.5,-471.0,-186.5,-503.5
2019-07-30,-556.0,-723.5,-382.0,-530.0,-308.5,-679.5,-135.5,-285.0,-496.5,-163.5,-492.0
2019-07-31,-403.5,-571.0,-229.5,-611.0,-126.0,-509.5,-156.5,-94.0,-344.0,-223.5,-590.5
2019-08-01,0.0,-221.5,0.0,-611.0,-176.5,-160.0,-156.5,0.0,0.0,-223.5,-590.5
2019-08-02,0.0,-21.5,0.0,-611.0,-176.5,-160.0,-156.5,0.0,0.0,-223.5,-590.5
2019-08-03,0.0,-21.5,0.0,-611.0,-176.5,-160.0,-156.5,0.0,0.0,-223.5,-590.5
2019-08-04,0.0,0.0,0.0,-411.0,0.0,0.0,0.0,0.0,0.0,-223.5,-390.5
2019-08-05,-332.0,-152.5,-24.5,-411.0,-48.0,-152.5,0.0,-24.5,-24.5,-223.5,-390.5
2019-08-06,-421.5,-242.0,-114.0,-462.0,-99.0,-242.0,-51.0,-63.0,-114.0,-223.5,-441.5
2019-08-07,-701.5,-393.0,-265.0,-462.0,-99.0,-365.0,-51.0,-120.0,-265.0,-223.5,-441.5
2019-08-08,-594.5,-217.5,-89.5,-462.0,-99.0,-165.0,-51.0,0.0,-89.5,-223.5,-441.5
2019-08-09,-492.5,-226.0,-98.0,-462.0,-107.5,-173.5,-51.0,-8.5,-98.0,-223.5,-441.5
2019-08-10,-492.5,-226.0,-98.0,-462.0,-107.5,-173.5,-51.0,-8.5,-98.0,-223.5,-441.5
2019-08-11,-492.5,-279.5,-98.0,-462.0,-161.0,-227.0,-51.0,-8.5,-98.0,-223.5,-441.5
2019-08-12,-277.0,-198.5,-55.0,-462.0,-65.0,-184.0,-51.0,0.0,-17.0,-223.5,-345.5
2019-08-13,-386.0,-243.0,-81.0,-462.0,-65.0,-228.5,-51.0,0.0,-43.0,-223.5,-371.5
2019-08-14,-722.0,-243.0,-81.0,-462.0,-65.0,-228.5,-51.0,0.0,-43.0,-223.5,-371.5
2019-08-15,-546.5,-15.0,-128.5,-462.0,-65.0,-253.0,-51.0,-47.5,-90.5,-223.5,-371.5
2019-08-16,-697.0,-73.0,-186.5,-494.5,-90.5,-311.0,-83.5,-73.0,-148.5,-223.5,-429.5
2019-08-17,-697.0,-73.0,-186.5,-494.5,-90.5,-311.0,-83.5,-73.0,-148.5,-223.5,-429.5
2019-08-18,-722.5,-98.5,-212.0,-494.5,-116.0,-336.5,-83.5,-98.5,-174.0,-223.5,-429.5
2019-08-19,-707.5,-109.5,-223.0,-494.5,-116.0,-336.5,-83.5,-109.5,-185.0,-223.5,-429.5
2019-08-20,-782.0,-166.5,-256.5,-509.5,-134.5,-375.0,-98.5,-124.5,-242.0,-223.5,-468.0
2019-08-21,-899.0,-196.0,-256.5,-509.5,-134.5,-375.0,-98.5,-124.5,-271.5,-223.5,-497.5
2019-08-22,-1020.0,-251.5,-267.5,-520.5,-134.5,-386.0,-109.5,-135.5,-282.5,-223.5,-553.0
2019-08-23,-1241.5,-450.5,-315.0,-520.5,-196.5,-483.5,-109.5,-183.0,-330.0,-223.5,-553.0
2019-08-24,-1241.5,-450.5,-315.0,-520.5,-196.5,-483.5,-109.5,-183.0,-330.0,-223.5,-553.0
2019-08-25,-1343.5,-450.5,-315.0,-520.5,-196.5,-483.5,-109.5,-183.0,-330.0,-223.5,-553.0
2019-08-26,-999.5,-589.5,-315.0,-603.5,-308.5,-622.5,-109.5,-183.0,-386.0,-306.5,-636.0
2019-08-27,-1039.0,-629.0,-354.5,-603.5,-336.5,-650.5,-109.5,-183.0,-425.5,-306.5,-664.0
2019-08-28,-1073.0,-663.0,-383.0,-655.5,-336.5,-684.5,-123.5,-211.5,-477.5,-344.5,-716.0
2019-08-29,-1218.0,-776.5,-406.5,-655.5,-336.5,-708.0,-123.5,-211.5,-501.0,-344.5,-716.0
2019-08-30,-1307.0,-865.5,-406.5,-655.5,-394.5,-739.0,-123.5,-211.5,-532.0,-344.5,-716.0
2019-08-31,-1307.0,-865.5,-406.5,-655.5,-394.5,-739.0,-123.5,-211.5,-532.0,-344.5,-716.0
2019-09-01,-1319.0,-877.5,-418.5,-655.5,-394.5,-751.0,-123.5,-223.5,-544.0,-344.5,-716.0
2019-09-02,-1406.5,-944.5,-485.5,-678.5,-394.5,-818.0,-146.5,-244.0,-611.0,-344.5,-739.0
2019-09-03,-1498.5,-1014.5,-526.5,-678.5,-435.5,-888.0,-146.5,-285.0,-652.0,-344.5,-739.0
2019-09-04,-1308.5,-824.5,-336.5,-488.5,-235.5,-698.0,0.0,-95.0,-462.0,-354.5,-549.0
2019-09-05,-1365.5,-881.5,-393.5,-510.5,-257.5,-733.0,-22.0,-107.0,-519.0,-376.5,-594.0
2019-09-06,-1384.0,-918.5,-425.5,-510.5,-271.0,-765.0,-22.0,-120.5,-551.0,-376.5,-594.0
2019-09-07,-1384.0,-918.5,-425.5,-510.5,-271.0,-765.0,-22.0,-120.5,-551.0,-376.5,-594.0
2019-09-08,-1384.0,-918.5,-425.5,-510.5,-271.0,-765.0,-22.0,-120.5,-551.0,-376.5,-594.0
2019-09-09,-1322.0,-858.0,-441.5,-510.5,-287.0,-781.0,-22.0,-136.5,-567.0,-376.5,-594.0
2019-09-10,-1252.5,-974.5,-415.0,-579.0,-344.0,-792.5,-22.0,-110.0,-540.5,-376.5,-567.5
2019-09-11,-1375.0,-862.5,-262.0,-579.0,-344.0,-639.5,-22.0,0.0,-387.5,-376.5,-597.5
2019-09-12,-1393.0,-880.5,-289.5,-579.0,-344.0,-641.5,-22.0,-27.5,-415.0,-376.5,-613.5
2019-09-13,-1447.5,-914.5,-323.5,-599.5,-344.0,-675.5,-42.5,-40.0,-449.0,-397.0,-635.0
2019-09-14,-1447.5,-914.5,-323.5,-599.5,-344.0,-675.5,-42.5,-40.0,-449.0,-397.0,-635.0
2019-09-15,-1447.5,-963.5,-323.5,-599.5,-393.0,-724.5,-42.5,-40.0,-449.0,-397.0,-635.0
2019-09-16,-1351.5,-1007.5,-342.5,-599.5,-393.0,-768.5,-42.5,-59.0,-493.0,-397.0,-660.0
2019-09-17,-1392.0,-930.0,-234.5,-630.0,-404.0,-810.0,-42.5,-70.0,-385.0,-397.0,-690.5
2019-09-18,-1306.5,-992.5,-277.5,-630.0,-404.0,-872.5,-42.5,-90.5,-428.0,-397.0,-690.5
2019-09-19,-1241.0,-916.0,-295.5,-648.0,-327.5,-872.5,-60.5,-108.5,-446.0,-397.0,-708.5
2019-09-20,-1421.5,-959.5,-339.0,-648.0,-344.5,-916.0,-60.5,-152.0,-489.5,-397.0,-719.5
2019-09-21,-1421.5,-959.5,-339.0,-648.0,-344.5,-916.0,-60.5,-152.0,-489.5,-397.0,-719.5
2019-09-22,-1421.5,-959.5,-339.0,-648.0,-344.5,-916.0,-60.5,-152.0,-489.5,-397.0,-719.5
2019-09-23,-1382.0,-920.0,-378.0,-648.0,-372.0,-945.0,-60.5,-162.0,-450.0,-397.0,-719.5
2019-09-24,-1583.0,-1057.0,-416.5,-682.5,-406.5,-1082.0,-60.5,-173.5,-508.0,-431.5,-818.0
2019-09-25,-1619.5,-1064.0,-423.5,-482.5,-406.5,-1089.0,-60.5,-180.5,-515.0,-431.5,-618.0
2019-09-26,-1656.5,-1101.0,-460.5,-482.5,-443.5,-1126.0,-60.5,-197.5,-552.0,-431.5,-618.0
2019-09-27,-1601.5,-1219.5,-553.0,-482.5,-477.5,-1244.5,-60.5,-248.0,-644.5,-431.5,-658.0
2019-09-28,-1601.5,-1219.5,-553.0,-482.5,-477.5,-1244.5,-60.5,-248.0,-644.5,-431.5,-658.0
2019-09-29,-1601.5,-1219.5,-553.0,-482.5,-477.5,-1244.5,-60.5,-248.0,-644.5,-431.5,-658.0
2019-09-30,-1675.5,-1270.0,-603.5,-482.5,-490.0,-1295.0,-60.5,-276.0,-695.0,-431.5,-673.5
2019-10-01,-1474.5,-1270.0,-603.5,-482.5,-490.0,-1295.0,-60.5,-276.0,-695.0,-431.5,-673.5
2019-10-02,-1566.5,-1301.5,-635.0,-482.5,-490.0,-1326.5,-60.5,-307.5,-726.5,-431.5,-673.5
2019-10-03,-1384.0,-1101.5,-435.0,-482.5,-490.0,-1126.5,-60.5,-107.5,-526.5,-431.5,-473.5
2019-10-04,-1411.0,-1101.5,-435.0,-482.5,-490.0,-1126.5,-60.5,-107.5,-526.5,-431.5,-473.5
2019-10-05,-1411.0,-1101.5,-435.0,-482.5,-490.0,-1126.5,-60.5,-107.5,-526.5,-431.5,-473.5
2019-10-06,-1411.0,-1101.5,-435.0,-482.5,-490.0,-1126.5,-60.5,-107.5,-526.5,-431.5,-473.5
2019-10-07,-1373.0,-1063.5,-435.0,-444.5,-452.0,-1088.5,-60.5,-107.5,-526.5,-431.5,-435.5
2019-10-08,-1550.0,-1072.5,-444.0,-444.5,-461.0,-1097.5,-60.5,-116.5,-535.5,-431.5,-435.5
2019-10-09,-1701.0,-1194.0,-522.5,-444.5,-461.0,-1191.0,-60.5,-140.0,-614.0,-431.5,-435.5
2019-10-10,-1827.5,-1345.5,-567.0,-444.5,-563.0,-1342.5,-60.5,-184.5,-685.5,-431.5,-435.5
2019-10-11,-1978.5,-1404.0,-567.0,-444.5,-574.5,-1401.0,-60.5,-184.5,-697.0,-431.5,-435.5
2019-10-12,-1978.5,-1404.0,-567.0,-444.5,-574.5,-1401.0,-60.5,-184.5,-697.0,-431.5,-435.5
2019-10-13,-1978.5,-1404.0,-567.0,-444.5,-574.5,-1401.0,-60.5,-184.5,-697.0,-431.5,-435.5
2019-10-14,-1985.5,-1411.0,-545.5,-456.5,-553.0,-1408.0,-72.5,-213.0,-704.0,-431.5,-397.5
2019-10-15,-2078.5,-1472.5,-581.5,-456.5,-578.5,-1469.5,-72.5,-213.0,-740.0,-431.5,-397.5
2019-10-16,-2095.0,-1489.0,-581.5,-486.0,-595.0,-1486.0,-72.5,-213.0,-760.5,-431.5,-427.0
2019-10-17,-2145.5,-1503.0,-595.5,-500.0,-595.0,-1500.0,-86.5,-227.0,-774.5,-445.5,-441.0
2019-10-18,-2216.5,-1451.5,-607.0,-500.0,-543.5,-1448.5,-86.5,-238.5,-723.0,-445.5,-454.5
2019-10-19,-2216.5,-1451.5,-607.0,-500.0,-543.5,-1448.5,-86.5,-238.5,-723.0,-445.5,-454.5
2019-10-20,-2216.5,-1451.5,-607.0,-500.0,-543.5,-1448.5,-86.5,-238.5,-723.0,-445.5,-454.5
2019-10-21,-2062.5,-1297.5,-622.5,-346.0,-389.5,-1367.0,-86.5,-254.0,-641.5,-445.5,-300.5
2019-10-22,-1889.5,-1111.0,-436.0,-373.0,-195.0,-1180.5,-86.5,-267.5,-455.0,-445.5,-327.5
2019-10-23,-1946.0,-1167.5,-455.5,-373.0,-214.5,-1237.0,-86.5,-267.5,-474.5,-445.5,-347.0
2019-10-24,-2003.5,-1167.5,-455.5,-373.0,-214.5,-1237.0,-86.5,-267.5,-474.5,-445.5,-347.0
2019-10-25,-1834.5,-985.5,-273.5,-424.5,-214.5,-1055.0,-86.5,-282.0,-292.5,-445.5,-398.5
2019-10-26,-1834.5,-985.5,-273.5,-424.5,-214.5,-1055.0,-86.5,-282.0,-292.5,-445.5,-398.5
2019-10-27,-1834.5,-985.5,-273.5,-424.5,-214.5,-1055.0,-86.5,-282.0,-292.5,-445.5,-398.5
2019-10-28,-1840.0,-991.0,-279.0,-424.5,-214.5,-1060.5,-86.5,-287.5,-298.0,-445.5,-398.5
2019-10-29,-1776.0,-873.0,-161.0,-306.5,-221.5,-950.0,0.0,-294.5,-180.0,-445.5,-280.5
2019-10-30,-1646.5,-743.5,-161.0,-306.5,-92.0,-820.5,0.0,-294.5,-197.5,-445.5,-280.5
2019-10-31,-1640.5,-698.5,-189.5,-324.5,-119.0,-748.5,-18.0,-305.0,-226.0,-463.5,-298.5
2019-11-01,-1569.0,-707.5,-198.5,-333.5,-119.0,-757.5,-27.0,-314.0,-235.0,-463.5,-307.5
2019-11-02,-1569.0,-707.5,-198.5,-333.5,-119.0,-757.5,-27.0,-314.0,-235.0,-463.5,-307.5
2019-11-03,-1569.0,-707.5,-198.5,-333.5,-119.0,-757.5,-27.0,-314.0,-235.0,-463.5,-307.5
2019-11-04,-1588.5,-724.0,-227.0,-321.5,-131.5,-761.0,-27.0,-342.5,-251.5,-463.5,-299.5
2019-11-05,-1667.0,-751.5,-254.5,-331.0,-131.5,-788.5,-36.5,-370.0,-279.0,-463.5,-309.0
2019-11-06,-1639.0,-698.0,-201.0,-256.0,-72.0,-735.0,0.0,-391.5,-225.5,-463.5,-242.5
2019-11-07,-1579.0,-631.5,-239.5,-256.0,-116.5,-668.5,0.0,-417.0,-159.0,-463.5,-242.5
2019-11-08,-1455.0,-697.5,-269.0,-277.0,-146.0,-689.5,0.0,-429.5,-209.5,-463.5,-276.0
2019-11-09,-1455.0,-697.5,-269.0,-277.0,-146.0,-689.5,0.0,-429.5,-209.5,-463.5,-276.0
2019-11-10,-1463.0,-705.5,-277.0,-285.0,-146.0,-697.5,-8.0,-437.5,-217.5,-471.5,-284.0
2019-11-11,-1421.0,-648.0,-300.0,-285.0,-88.5,-720.5,-8.0,-447.0,-240.5,-471.5,-284.0
2019-11-12,-1484.0,-687.5,-310.0,-307.5,-128.0,-760.0,-8.0,-457.0,-250.5,-471.5,-306.5
2019-11-13,-1495.5,-722.0,-323.5,-307.5,-128.0,-794.5,-8.0,-470.5,-285.0,-471.5,-306.5
2019-11-14,-1564.5,-829.5,-368.5,-325.5,-190.5,-857.5,-8.0,-496.5,-348.0,-471.5,-343.5
2019-11-15,-1468.5,-854.5,-393.5,-350.5,-199.0,-882.5,-33.0,-521.5,-373.0,-471.5,-368.5
2019-11-16,-1468.5,-854.5,-393.5,-350.5,-199.0,-882.5,-33.0,-521.5,-373.0,-471.5,-368.5
2019-11-17,-1468.5,-854.5,-393.5,-350.5,-199.0,-882.5,-33.0,-521.5,-373.0,-471.5,-368.5
2019-11-18,-1523.0,-869.0,-388.5,-358.5,-226.5,-905.0,-41.0,-529.5,-368.0,-479.5,-368.5
2019-11-19,-1480.0,-826.0,-396.5,-358.5,-183.5,-936.0,-41.0,-537.5,-376.0,-479.5,-325.5
2019-11-20,-1253.0,-693.5,-396.5,-394.5,0.0,-1003.5,-41.0,-537.5,-376.0,-479.5,-361.5
2019-11-21,-1254.0,-734.5,-364.5,-394.5,0.0,-971.5,-41.0,-505.5,-368.0,-479.5,-361.5
2019-11-22,-1255.0,-744.0,-374.0,-394.5,0.0,-981.0,-41.0,-515.0,-377.5,-479.5,-361.5
2019-11-23,-1255.0,-744.0,-374.0,-394.5,0.0,-981.0,-41.0,-515.0,-377.5,-479.5,-361.5
2019-11-24,-1255.0,-744.0,-374.0,-394.5,0.0,-981.0,-41.0,-515.0,-377.5,-479.5,-361.5
2019-11-25,-1384.5,-725.0,-355.0,-394.5,0.0,-981.0,-41.0,-496.0,-358.5,-479.5,-361.5
2019-11-26,-1424.5,-765.0,-378.0,-420.5,-23.0,-1004.0,-50.0,-515.5,-381.5,-479.5,-387.5
2019-11-27,-1457.0,-797.5,-378.0,-420.5,-55.5,-1036.5,-50.0,-515.5,-381.5,-479.5,-387.5
2019-11-28,-1413.0,-756.5,-383.0,-439.0,-14.5,-1036.5,-50.0,-520.5,-386.5,-479.5,-406.0
2019-11-29,-1413.0,-756.5,-392.5,-439.0,-24.0,-1046.0,-50.0,-520.5,-407.5,-479.5,-417.5
2019-11-30,-1413.0,-756.5,-392.5,-439.0,-24.0,-1046.0,-50.0,-520.5,-407.5,-479.5,-417.5
2019-12-01,-1390.0,-710.0,-392.5,-439.0,-24.0,-1046.0,-50.0,-520.5,-407.5,-479.5,-417.5
2019-12-02,-1463.0,-776.0,-403.5,-460.0,-56.0,-1083.0,-50.0,-520.5,-418.5,-500.5,-449.5
2019-12-03,-1660.5,-809.5,-203.5,-260.0,-56.0,-1116.5,0.0,-320.5,-218.5,-500.5,-249.5
2019-12-04,-1687.5,-836.5,-195.5,-232.0,-63.0,-1136.5,0.0,-312.5,-210.5,-500.5,-221.5
2019-12-05,-1684.5,-833.5,-192.5,-262.5,-60.0,-1133.5,-30.5,-325.0,-207.5,-518.5,-218.5
2019-12-06,-1695.5,-844.5,-203.5,-262.5,-60.0,-1144.5,-30.5,-336.0,-218.5,-518.5,-229.5
2019-12-07,-1695.5,-844.5,-203.5,-262.5,-60.0,-1144.5,-30.5,-336.0,-218.5,-518.5,-229.5
2019-12-08,-1708.0,-857.0,-216.0,-275.0,-72.5,-1157.0,-43.0,-348.5,-231.0,-531.0,-242.0
2019-12-09,-1762.5,-909.5,-216.0,-275.0,-96.0,-1209.5,-43.0,-348.5,-231.0,-531.0,-242.0
2019-12-10,-1702.5,-849.5,-226.5,-275.0,0.0,-1149.5,-43.0,-359.0,-241.5,-531.0,-266.5
2019-12-11,-1737.0,-884.0,-184.5,-223.0,0.0,-1159.5,0.0,-317.0,-199.5,-531.0,-291.0
2019-12-12,-1602.5,-792.5,-193.0,-164.5,0.0,-1068.0,0.0,-325.5,-222.5,-531.0,-232.5
2019-12-13,-1569.0,-802.0,-202.5,-164.5,0.0,-1077.5,0.0,-335.0,-232.0,-531.0,-232.5
2019-12-14,-1569.0,-802.0,-202.5,-164.5,0.0,-1077.5,0.0,-335.0,-232.0,-531.0,-232.5
2019-12-15,-1569.0,-802.0,-202.5,-164.5,0.0,-1077.5,0.0,-335.0,-232.0,-531.0,-232.5
2019-12-16,-1551.5,-784.5,-185.0,-164.5,0.0,-1060.0,0.0,-335.0,-214.5,-531.0,-232.5
2019-12-17,-1549.5,-765.5,-185.0,-164.5,0.0,-1060.0,0.0,-335.0,-214.5,-531.0,-232.5
2019-12-18,-1605.0,-781.0,-200.5,-164.5,0.0,-1064.0,0.0,-339.0,-230.0,-531.0,-232.5
2019-12-19,-1630.0,-806.0,-225.5,-164.5,-10.5,-1089.0,0.0,-353.5,-255.0,-531.0,-237.0
2019-12-20,-1636.5,-812.5,-232.0,-175.0,-10.5,-1095.5,0.0,-360.0,-261.5,-531.0,-243.5
2019-12-21,-1636.5,-812.5,-232.0,-175.0,-10.5,-1095.5,0.0,-360.0,-261.5,-531.0,-243.5
2019-12-22,-1636.5,-812.5,-232.0,-175.0,-10.5,-1095.5,0.0,-360.0,-261.5,-531.0,-243.5
2019-12-23,-1622.0,-798.0,-245.5,-175.0,-10.5,-1081.0,0.0,-373.5,-275.0,-531.0,-251.0
2019-12-24,-1646.5,-819.0,-254.5,-175.0,-10.5,-1090.0,0.0,-382.5,-284.0,-531.0,-251.0
2019-12-25,-1629.5,-819.0,-254.5,-175.0,-10.5,-1090.0,0.0,-382.5,-284.0,-531.0,-251.0
2019-12-26,-1629.5,-819.0,-254.5,-175.0,-10.5,-1090.0,0.0,-382.5,-284.0,-531.0,-251.0
2019-12-27,-1547.5,-737.0,-254.5,-175.0,-49.0,-1101.0,0.0,-382.5,-295.5,-531.0,-238.5
2019-12-28,-1547.5,-737.0,-254.5,-175.0,-49.0,-1101.0,0.0,-382.5,-295.5,-531.0,-238.5
2019-12-29,-1547.5,-737.0,-254.5,-175.0,-49.0,-1101.0,0.0,-382.5,-295.5,-531.0,-238.5
2019-12-30,-1597.5,-748.0,-265.5,-186.0,-49.0,-1101.0,-11.0,-393.5,-306.5,-531.0,-249.5
2019-12-31,-1603.5,-754.0,-271.5,-186.0,-55.0,-1107.0,-11.0,-399.5,-312.5,-531.0,-249.5
2020-01-01,-1603.5,-754.0,-271.5,-186.0,-55.0,-1107.0,-11.0,-399.5,-312.5,-531.0,-249.5
2020-01-02,-1685.5,-795.5,-296.0,-186.0,-78.0,-1148.5,-11.0,-405.5,-354.0,-531.0,-266.5
2020-01-03,-1630.0,-850.0,-296.0,-214.5,-78.0,-1203.0,-11.0,-405.5,-380.0,-531.0,-295.0
2020-01-04,-1630.0,-850.0,-296.0,-214.5,-78.0,-1203.0,-11.0,-405.5,-380.0,-531.0,-295.0
2020-01-05,-1630.0,-850.0,-296.0,-214.5,-78.0,-1203.0,-11.0,-405.5,-380.0,-531.0,-295.0
2020-01-06,-1371.0,-898.5,-311.5,-214.5,-78.0,-1251.5,-11.0,-421.0,-428.5,-531.0,-295.0
2020-01-07,-1554.0,-1042.5,-348.0,-214.5,-102.5,-1355.5,-11.0,-433.0,-465.0,-531.0,-319.5
2020-01-08,-1485.5,-925.0,-368.0,-214.5,0.0,-1396.0,-11.0,-453.0,-505.5,-531.0,-339.5
2020-01-09,-1537.5,-977.0,-395.5,-214.5,-38.0,-1448.0,-11.0,-480.5,-557.5,-531.0,-377.5
2020-01-10,-1437.5,-991.0,-409.5,-228.5,-59.0,-1462.0,-25.0,-494.5,-571.5,-531.0,-391.5
2020-01-11,-1437.5,-991.0,-409.5,-228.5,-59.0,-1462.0,-25.0,-494.5,-571.5,-531.0,-391.5
2020-01-12,-1437.5,-991.0,-409.5,-228.5,-59.0,-1462.0,-25.0,-494.5,-571.5,-531.0,-391.5
2020-01-13,-1483.5,-1025.0,-417.0,-228.5,-66.5,-1469.5,-25.0,-502.0,-579.0,-531.0,-418.0
2020-01-14,-1555.5,-1097.0,-444.5,-306.0,-127.5,-1541.5,-38.0,-515.0,-632.5,-531.0,-495.5
2020-01-15,-1633.5,-1163.0,-444.5,-306.0,-127.5,-1607.5,-38.0,-515.0,-632.5,-531.0,-495.5
2020-01-16,-1645.5,-1175.0,-456.5,-306.0,-127.5,-1619.5,-38.0,-527.0,-644.5,-531.0,-495.5
2020-01-17,-1670.5,-1183.5,-465.0,-306.0,-136.0,-1628.0,-38.0,-535.5,-653.0,-531.0,-495.5
2020-01-18,-1670.5,-1183.5,-465.0,-306.0,-136.0,-1628.0,-38.0,-535.5,-653.0,-531.0,-495.5
2020-01-19,-1670.5,-1183.5,-465.0,-306.0,-136.0,-1628.0,-38.0,-535.5,-653.0,-531.0,-495.5
2020-01-20,-1662.5,-1202.5,-457.0,-298.0,-163.0,-1620.0,-30.0,-527.5,-645.0,-523.0,-487.5
2020-01-21,-1690.5,-1259.5,-457.0,-317.5,-182.5,-1677.0,-30.0,-527.5,-678.5,-523.0,-507.0
2020-01-22,-1777.0,-1289.5,-468.5,-329.0,-194.0,-1695.5,-41.5,-539.0,-708.5,-534.5,-518.5
2020-01-23,-1671.5,-1300.5,-479.5,-329.0,-194.0,-1706.5,-41.5,-550.0,-719.5,-534.5,-531.0
2020-01-24,-1830.5,-1334.5,-513.5,-347.0,-213.5,-1740.5,-59.5,-575.5,-753.5,-534.5,-565.0
2020-01-25,-1830.5,-1334.5,-513.5,-347.0,-213.5,-1740.5,-59.5,-575.5,-753.5,-534.5,-565.0
2020-01-26,-1911.5,-1334.5,-513.5,-347.0,-213.5,-1740.5,-59.5,-575.5,-753.5,-534.5,-565.0
2020-01-27,-2123.0,-1404.0,-513.5,-382.5,-213.5,-1813.0,-59.5,-575.5,-790.5,-534.5,-637.5
2020-01-28,-2235.0,-1483.0,-513.5,-415.5,-213.5,-1892.0,-59.5,-575.5,-823.5,-567.5,-670.5
2020-01-29,-2302.5,-1587.0,-529.5,-503.5,-301.5,-1935.0,-59.5,-591.5,-866.5,-567.5,-758.5
2020-01-30,-2151.5,-1418.0,-570.0,-526.5,-301.5,-2006.5,-82.5,-632.0,-907.0,-567.5,-781.5
2020-01-31,-2477.5,-1441.0,-593.0,-549.5,-324.5,-2029.5,-105.5,-655.0,-930.0,-567.5,-804.5
2020-02-01,-2477.5,-1441.0,-593.0,-549.5,-324.5,-2029.5,-105.5,-655.0,-930.0,-567.5,-804.5
2020-02-02,-2559.5,-1523.0,-625.5,-582.0,-324.5,-2062.0,-138.0,-687.5,-1012.0,-567.5,-837.0
2020-02-03,-2684.0,-1635.5,-684.5,-635.0,-129.0,-2174.5,-138.0,-510.0,-1071.0,-616.5,-890.5
2020-02-04,-2754.5,-1706.0,-719.0,-671.0,-165.0,-2245.0,-138.0,-510.0,-1141.5,-652.5,-926.5
2020-02-05,-2469.5,-1521.5,-757.0,-671.0,0.0,-2060.5,-138.0,-548.0,-1179.5,-652.5,-926.5
2020-02-06,-2546.0,-1598.0,-769.5,-671.0,-41.0,-2137.0,-138.0,-571.0,-1227.5,-652.5,-939.0
2020-02-07,-2431.0,-1483.0,-654.5,-671.0,-52.0,-2210.0,-138.0,-571.0,-1112.5,-652.5,-950.0
2020-02-08,-2431.0,-1483.0,-654.5,-671.0,-52.0,-2210.0,-138.0,-571.0,-1112.5,-652.5,-950.0
2020-02-09,-2431.0,-1483.0,-654.5,-671.0,-52.0,-2210.0,-138.0,-571.0,-1112.5,-652.5,-950.0
2020-02-10,-2511.5,-1534.0,-705.5,-671.0,-75.0,-2261.0,-138.0,-613.5,-1163.5,-652.5,-950.0
2020-02-11,-2658.0,-1680.5,-719.5,-700.0,-178.5,-2407.5,-138.0,-627.5,-1205.0,-652.5,-1055.0
2020-02-12,-2577.0,-1599.5,-611.0,-700.0,-57.5,-2326.5,-138.0,-519.0,-1124.0,-652.5,-1055.0
2020-02-13,-2458.5,-1481.0,-642.5,-548.0,-139.0,-2448.5,-152.5,-550.5,-1189.0,-652.5,-903.0
2020-02-14,-2479.0,-1501.5,-664.0,-548.0,-117.0,-2469.0,-152.5,-550.5,-1209.5,-652.5,-965.0
2020-02-15,-2479.0,-1501.5,-664.0,-548.0,-117.0,-2469.0,-152.5,-550.5,-1209.5,-652.5,-965.0
2020-02-16,-2479.0,-1501.5,-664.0,-548.0,-117.0,-2469.0,-152.5,-550.5,-1209.5,-652.5,-965.0
2020-02-17,-2558.5,-1535.5,-698.0,-548.0,-117.0,-2503.0,-152.5,-560.5,-1243.5,-652.5,-965.0
2020-02-18,-2385.5,-1543.5,-706.0,-548.0,-117.0,-2511.0,-152.5,-568.5,-1251.5,-652.5,-965.0
2020-02-19,-2433.5,-1591.5,-754.0,-548.0,-117.0,-2559.0,-152.5,-597.5,-1299.5,-652.5,-978.0
2020-02-20,-2450.5,-1608.5,-771.0,-548.0,-134.0,-2576.0,-152.5,-597.5,-1316.5,-652.5,-978.0
2020-02-21,-2433.5,-1652.0,-771.0,-548.0,-134.0,-2619.5,-152.5,-597.5,-1316.5,-652.5,-978.0
2020-02-22,-2433.5,-1652.0,-771.0,-548.0,-134.0,-2619.5,-152.5,-597.5,-1316.5,-652.5,-978.0
2020-02-23,-2433.5,-1652.0,-771.0,-548.0,-134.0,-2619.5,-152.5,-597.5,-1316.5,-652.5,-978.0
2020-02-24,-2378.5,-1530.5,-606.5,-548.0,-134.0,-2498.0,-152.5,-397.5,-1152.0,-652.5,-978.0
2020-02-25,-2634.0,-1625.5,-631.0,-548.0,-158.5,-2593.0,-152.5,-422.0,-1176.5,-652.5,-978.0
2020-02-26,-2434.0,-1357.0,-445.5,-148.0,-158.5,-2407.5,0.0,-236.5,-991.0,-452.5,-578.0
2020-02-27,-2279.0,-979.0,-467.5,-348.0,-158.5,-2229.5,0.0,-245.5,-1013.0,-452.5,-791.0
2020-02-28,-1898.5,-445.0,-533.5,-348.0,-158.5,-2095.5,0.0,-311.5,-1079.0,-452.5,-391.0
2020-02-29,-1898.5,-445.0,-533.5,-348.0,-158.5,-2095.5,0.0,-311.5,-1079.0,-452.5,-391.0
2020-03-01,-1898.5,-445.0,-533.5,-348.0,-158.5,-2095.5,0.0,-311.5,-1079.0,-452.5,-391.0
2020-03-02,-1374.0,-139.0,-427.5,-348.0,0.0,-1789.5,0.0,-205.5,-973.0,-452.5,-216.5
2020-03-03,-1917.5,-649.0,-537.5,-348.0,0.0,-2099.5,0.0,-315.5,-1083.0,-452.5,-216.5
2020-03-04,-1811.0,-542.5,-337.5,-348.0,0.0,-1899.5,0.0,-115.5,-883.0,-452.5,-16.5
2020-03-05,-2105.0,-453.5,-448.5,-348.0,0.0,-1810.5,0.0,-226.5,-994.0,-452.5,-70.5
2020-03-06,-2671.5,-502.0,-581.5,-348.0,0.0,-1859.0,0.0,-307.5,-1127.0,-452.5,-70.5
2020-03-07,-2671.5,-502.0,-581.5,-348.0,0.0,-1859.0,0.0,-307.5,-1127.0,-452.5,-70.5
2020-03-08,-2895.0,-502.0,-581.5,-348.0,0.0,-1859.0,0.0,-307.5,-1127.0,-452.5,-70.5
2020-03-09,-3186.5,-784.5,-581.5,-348.0,-117.0,-2141.5,0.0,-307.5,-1212.0,-452.5,-70.5
2020-03-10,-2954.0,-631.5,-628.5,-148.0,0.0,-1988.5,0.0,-354.5,-1259.0,-452.5,0.0
2020-03-11,-2954.0,-431.5,-628.5,-148.0,0.0,-1788.5,0.0,-354.5,-1259.0,-452.5,0.0
2020-03-12,-3235.0,-552.0,-749.0,0.0,0.0,-1909.0,0.0,-432.5,-1379.5,-252.5,0.0
2020-03-13,-3235.0,-552.0,-749.0,0.0,0.0,-1909.0,0.0,-432.5,-1379.5,-252.5,0.0
2020-03-14,-3235.0,-552.0,-749.0,0.0,0.0,-1909.0,0.0,-432.5,-1379.5,-252.5,0.0
2020-03-15,-3235.0,-552.0,-749.0,0.0,0.0,-1909.0,0.0,-432.5,-1379.5,-252.5,0.0
2020-03-16,-3363.0,-880.0,-877.0,0.0,0.0,-2237.0,0.0,-432.5,-1507.5,-252.5,0.0
2020-03-17,-3163.0,-1080.0,-877.0,0.0,-200.0,-2237.0,0.0,-432.5,-1507.5,-252.5,-200.0
2020-03-18,-3363.0,-680.0,-877.0,0.0,0.0,-1837.0,0.0,-432.5,-1307.5,-52.5,0.0
2020-03-19,-2963.0,-680.0,-877.0,0.0,0.0,-1837.0,0.0,-432.5,-1307.5,-52.5,0.0
2020-03-20,-2921.0,-459.5,-477.0,0.0,-179.5,-1437.0,0.0,-32.5,-1087.0,-52.5,-179.5
2020-03-21,-2921.0,-459.5,-477.0,0.0,-179.5,-1437.0,0.0,-32.5,-1087.0,-52.5,-179.5
2020-03-22,-2721.0,-259.5,-277.0,0.0,0.0,-1237.0,0.0,0.0,-887.0,-52.5,0.0
2020-03-23,-1475.0,0.0,0.0,0.0,0.0,-437.0,0.0,0.0,-287.0,-52.5,0.0
2020-03-24,-1481.0,0.0,0.0,0.0,-156.0,-393.0,0.0,0.0,-243.0,-52.5,0.0
2020-03-25,-1420.0,-139.0,-214.0,0.0,-578.0,-564.5,0.0,-97.0,-257.0,-52.5,-254.5
2020-03-26,-1789.0,-221.5,-296.5,0.0,-660.5,-647.0,0.0,-179.5,-339.5,-52.5,-337.0
2020-03-27,-1282.5,-21.5,-296.5,0.0,-460.5,-447.0,0.0,-179.5,-139.5,-52.5,-337.0
2020-03-28,-1282.5,-21.5,-296.5,0.0,-460.5,-447.0,0.0,-179.5,-139.5,-52.5,-337.0
2020-03-29,-1482.5,-21.5,-296.5,0.0,-460.5,-447.0,0.0,-179.5,-139.5,-52.5,-337.0
2020-03-30,-2178.0,0.0,-311.5,0.0,-275.5,-462.0,0.0,-194.5,-154.5,-52.5,-337.0
2020-03-31,-2215.0,-37.0,-348.5,0.0,-275.5,-499.0,0.0,-231.5,-191.5,-52.5,-337.0
2020-04-01,-2525.5,-226.5,-487.5,-113.0,-402.5,-575.5,-62.5,-231.5,-381.0,-115.0,-526.5
2020-04-02,-2489.5,-481.0,-487.5,-113.0,-488.0,-734.0,-62.5,-231.5,-451.5,-115.0,-622.5
2020-04-03,-2651.0,-536.5,-543.0,-113.0,-488.0,-789.5,-62.5,-287.0,-507.0,-115.0,-622.5
2020-04-04,-2651.0,-536.5,-543.0,-113.0,-488.0,-789.5,-62.5,-287.0,-507.0,-115.0,-622.5
2020-04-05,-2979.5,-665.0,-543.0,-113.0,-488.0,-789.5,-62.5,-287.0,-507.0,-115.0,-622.5
2020-04-06,-3082.0,-767.5,-569.5,-113.0,-488.0,-892.0,-62.5,-313.5,-609.5,-115.0,-622.5
2020-04-07,-2779.0,-664.5,-685.5,-113.0,-488.0,-789.0,-62.5,-360.5,-725.5,-115.0,-650.5
2020-04-08,-2357.5,-986.0,-756.5,-113.0,-617.0,-789.0,-62.5,-360.5,-796.5,-115.0,-721.5
2020-04-09,-2529.0,-969.5,-877.0,-176.0,-800.5,-709.5,-125.5,-360.5,-980.0,-178.0,-842.0
2020-04-10,-2529.0,-969.5,-877.0,-176.0,-800.5,-709.5,-125.5,-360.5,-980.0,-178.0,-842.0
2020-04-11,-2529.0,-969.5,-877.0,-176.0,-800.5,-709.5,-125.5,-360.5,-980.0,-178.0,-842.0
2020-04-12,-2693.5,-969.5,-877.0,-176.0,-800.5,-709.5,-125.5,-360.5,-980.0,-178.0,-842.0
2020-04-13,-2662.0,-938.0,-952.0,-176.0,-896.0,-509.5,-125.5,-435.5,-1055.0,-178.0,-642.0
2020-04-14,-3032.0,-1110.0,-1034.5,-265.5,-1068.0,-681.5,-125.5,-518.0,-1137.5,-267.5,-731.5
2020-04-15,-2863.0,-941.0,-1034.5,-265.5,-1190.0,-453.0,-125.5,-518.0,-937.5,-267.5,-791.0
2020-04-16,-2937.0,-741.0,-1034.5,-265.5,-990.0,-453.0,-125.5,-518.0,-937.5,-267.5,-591.0
2020-04-17,-2540.0,-541.0,-1136.0,-265.5,-790.0,-253.0,-125.5,-619.5,-1039.0,-267.5,-643.0
2020-04-18,-2540.0,-541.0,-1136.0,-265.5,-790.0,-253.0,-125.5,-619.5,-1039.0,-267.5,-643.0
2020-04-19,-2340.0,-341.0,-1136.0,-265.5,-790.0,-53.0,-125.5,-619.5,-1039.0,-267.5,-643.0
2020-04-20,-2021.0,-171.0,-1166.0,-265.5,-620.0,-83.0,-125.5,-649.5,-1069.0,-267.5,-643.0
2020-04-21,-1441.5,0.0,-1200.0,-265.5,-394.5,0.0,-125.5,-683.5,-1153.5,-267.5,-583.5
2020-04-22,-1013.5,0.0,-1000.0,-265.5,-194.5,0.0,-125.5,-483.5,-1027.0,-267.5,-383.5
2020-04-23,-1227.0,-82.0,-1000.0,-347.5,-276.5,-82.0,-125.5,-483.5,-1027.0,-267.5,-465.5
2020-04-24,-1108.0,-233.5,-1070.5,-147.5,-391.0,-115.5,-162.5,-554.0,-1097.5,-267.5,-265.5
2020-04-25,-1108.0,-233.5,-1070.5,-147.5,-391.0,-115.5,-162.5,-554.0,-1097.5,-267.5,-265.5
2020-04-26,-1108.0,-233.5,-1070.5,-147.5,-391.0,-115.5,-162.5,-554.0,-1097.5,-267.5,-265.5
2020-04-27,-1027.0,-152.5,-989.5,-147.5,-273.0,-34.5,-162.5,-436.0,-1016.5,-267.5,-331.5
2020-04-28,-836.5,-149.5,-1054.5,-147.5,-205.0,-31.5,-162.5,-466.5,-1132.0,-267.5,-331.5
2020-04-29,-1073.5,-248.5,-1153.5,-147.5,-247.5,-130.5,-162.5,-523.0,-1231.0,-267.5,-351.0
2020-04-30,-1079.0,-254.0,-1159.0,-244.0,-190.5,-136.0,-259.0,-496.0,-1236.5,-267.5,-324.0
2020-05-01,-1445.5,-350.0,-1209.5,-294.5,-203.0,-232.0,-309.5,-496.0,-1249.0,-267.5,-336.5
2020-05-02,-1445.5,-350.0,-1209.5,-294.5,-203.0,-232.0,-309.5,-496.0,-1249.0,-267.5,-336.5
2020-05-03,-1445.5,-150.0,-1009.5,-294.5,-3.0,-32.0,-309.5,-496.0,-1049.0,-267.5,-336.5
2020-05-04,-1087.0,0.0,-809.5,-294.5,0.0,0.0,-309.5,-296.0,-849.0,-267.5,-373.0
2020-05-05,-1280.5,-140.0,-851.0,-294.5,-41.5,-140.0,-309.5,-296.0,-890.5,-267.5,-414.5
2020-05-06,-1417.5,-189.0,-851.0,-294.5,-41.5,-189.0,-309.5,-296.0,-939.5,-267.5,-414.5
2020-05-07,-1090.5,-189.0,-851.0,-294.5,-41.5,-189.0,-309.5,-296.0,-939.5,-267.5,-414.5
2020-05-08,-1287.0,-219.0,-896.5,-294.5,-87.0,-219.0,-309.5,-341.5,-985.0,-267.5,-429.0
2020-05-09,-1287.0,-219.0,-896.5,-294.5,-87.0,-219.0,-309.5,-341.5,-985.0,-267.5,-429.0
2020-05-10,-1287.0,-219.0,-896.5,-294.5,-87.0,-219.0,-309.5,-341.5,-985.0,-267.5,-429.0
2020-05-11,-1390.5,-56.0,-696.5,-294.5,-87.0,-56.0,-309.5,-141.5,-822.0,-267.5,-429.0
2020-05-12,-1488.0,-22.0,-696.5,-294.5,-213.5,-22.0,-309.5,-141.5,-861.5,-267.5,-429.0
2020-05-13,-1592.0,-134.0,-808.5,-328.5,-255.0,-134.0,-343.5,-212.0,-973.5,-267.5,-504.5
2020-05-14,-2006.0,-335.5,-933.5,-368.5,-283.0,-295.5,-383.5,-280.0,-1098.5,-307.5,-544.5
2020-05-15,-2166.5,-135.5,-933.5,-368.5,-283.0,-295.5,-383.5,-280.0,-1098.5,-307.5,-544.5
2020-05-16,-2166.5,-135.5,-933.5,-368.5,-283.0,-295.5,-383.5,-280.0,-1098.5,-307.5,-544.5
2020-05-17,-2166.5,-135.5,-933.5,-368.5,-283.0,-295.5,-383.5,-280.0,-1098.5,-307.5,-544.5
2020-05-18,-2575.0,-258.5,-1056.5,-368.5,-349.0,-418.5,-383.5,-315.0,-1221.5,-307.5,-610.5
2020-05-19,-2277.0,0.0,-1056.5,-368.5,0.0,-115.5,-383.5,-315.0,-1061.0,-307.5,-410.5
2020-05-20,-2504.5,0.0,-889.0,-402.0,0.0,0.0,-417.0,-338.5,-893.5,-307.5,-444.0
2020-05-21,-2450.5,0.0,-949.0,-202.0,0.0,0.0,-417.0,-338.5,-953.5,-307.5,-304.0
2020-05-22,-2636.5,0.0,-949.0,-202.0,0.0,0.0,-417.0,-338.5,-953.5,-307.5,-304.0
2020-05-23,-2636.5,0.0,-949.0,-202.0,0.0,0.0,-417.0,-338.5,-953.5,-307.5,-304.0
2020-05-24,-2653.5,-17.0,-966.0,-219.0,-17.0,-17.0,-434.0,-355.5,-970.5,-307.5,-321.0
2020-05-25,-2791.5,-98.5,-968.5,-219.0,-17.0,-98.5,-434.0,-367.0,-973.0,-307.5,-312.0
2020-05-26,-2869.0,-172.0,-991.0,-219.0,-90.5,-149.5,-434.0,-367.0,-995.5,-307.5,-334.5
2020-05-27,-2793.5,-24.5,-1043.5,-219.0,-143.0,-202.0,-434.0,-389.0,-1048.0,-307.5,-356.5
2020-05-28,-2695.5,-63.5,-1082.5,-219.0,-143.0,-241.0,-434.0,-428.0,-1087.0,-307.5,-395.5
2020-05-29,-2673.0,-156.0,-1119.5,-219.0,-198.5,-333.5,-434.0,-465.0,-1179.5,-307.5,-488.0
2020-05-30,-2673.0,-156.0,-1119.5,-219.0,-198.5,-333.5,-434.0,-465.0,-1179.5,-307.5,-488.0
2020-05-31,-2673.0,-156.0,-1119.5,-219.0,-198.5,-333.5,-434.0,-465.0,-1179.5,-307.5,-488.0
2020-06-01,-2421.0,-273.0,-1236.5,-219.0,-315.5,-450.5,-434.0,-538.0,-1296.5,-307.5,-488.0
2020-06-02,-2482.5,-334.5,-1298.0,-219.0,-377.0,-512.0,-434.0,-599.5,-1358.0,-307.5,-508.5
2020-06-03,-2457.0,-309.0,-1333.0,-219.0,-482.5,-583.0,-434.0,-599.5,-1332.5,-307.5,-544.0
2020-06-04,-2655.0,-471.5,-1356.0,-219.0,-603.0,-709.0,-434.0,-622.5,-1397.5,-307.5,-544.0
2020-06-05,-2719.5,-471.5,-1356.0,-219.0,-603.0,-709.0,-434.0,-622.5,-1397.5,-307.5,-544.0
2020-06-06,-2719.5,-471.5,-1356.0,-219.0,-603.0,-709.0,-434.0,-622.5,-1397.5,-307.5,-544.0
2020-06-07,-2719.5,-471.5,-1356.0,-219.0,-603.0,-709.0,-434.0,-622.5,-1397.5,-307.5,-544.0
2020-06-08,-2879.5,-607.5,-1408.5,-219.0,-687.5,-808.0,-434.0,-638.0,-1486.0,-307.5,-581.0
2020-06-09,-2638.0,-624.0,-1425.0,-219.0,-687.5,-824.5,-434.0,-654.5,-1502.5,-307.5,-581.0
2020-06-10,-2803.0,-776.0,-1469.5,-19.0,-787.0,-907.5,-434.0,-699.0,-1547.0,-107.5,-625.5
2020-06-11,-3277.5,-997.0,-1469.5,-19.0,-939.0,-1128.5,-434.0,-699.0,-1547.0,-107.5,-694.5
2020-06-12,-3632.5,-1152.0,-1505.5,-19.0,-939.0,-1164.5,-434.0,-735.0,-1583.0,-107.5,-694.5
2020-06-13,-3632.5,-1152.0,-1505.5,-19.0,-939.0,-1164.5,-434.0,-735.0,-1583.0,-107.5,-694.5
2020-06-14,-3857.0,-1376.5,-1530.0,-19.0,-1139.0,-1189.0,-434.0,-759.5,-1607.5,-107.5,-719.0
2020-06-15,-3512.5,-1542.0,-1530.0,-19.0,-1194.5,-1299.0,-434.0,-759.5,-1607.5,-107.5,-719.0
2020-06-16,-3596.5,-1686.5,-1636.0,0.0,-1194.5,-1443.5,-282.5,-559.5,-1713.5,-107.5,-863.5
2020-06-17,-3546.0,-1486.5,-1689.5,0.0,-1248.0,-1493.5,-282.5,-559.5,-1767.0,-107.5,-863.5
2020-06-18,-3565.5,-1506.0,-1734.0,0.0,-1267.5,-1447.5,-282.5,-559.5,-1811.5,-107.5,-863.5
2020-06-19,-3381.0,-1319.5,-1547.5,0.0,-1267.5,-1261.0,-82.5,-573.0,-1625.0,-107.5,-663.5
2020-06-20,-3381.0,-1319.5,-1547.5,0.0,-1267.5,-1261.0,-82.5,-573.0,-1625.0,-107.5,-663.5
2020-06-21,-3381.0,-1319.5,-1547.5,0.0,-1267.5,-1261.0,-82.5,-573.0,-1625.0,-107.5,-663.5
2020-06-22,-3686.0,-1442.5,-1547.5,-123.0,-1067.5,-1261.0,-82.5,-573.0,-1425.0,-183.0,-786.5
2020-06-23,-3233.0,-1463.5,-1605.5,-123.0,-1030.5,-1282.0,-82.5,-593.0,-1483.0,-183.0,-786.5
2020-06-24,-2684.0,-1362.5,-1446.0,-163.5,-871.0,-1181.0,-123.0,-593.0,-1382.0,-183.0,-827.0
2020-06-25,-2403.5,-1341.5,-1331.5,-163.5,-920.5,-1181.0,-123.0,-629.0,-1267.5,-183.0,-827.0
2020-06-26,-1898.5,-1463.0,-1354.5,-163.5,-1019.0,-1302.5,-123.0,-652.0,-1290.5,-183.0,-850.0
2020-06-27,-1898.5,-1463.0,-1354.5,-163.5,-1019.0,-1302.5,-123.0,-652.0,-1290.5,-183.0,-850.0
2020-06-28,-1698.5,-1263.0,-1354.5,0.0,-1019.0,-1102.5,-123.0,-652.0,-1290.5,0.0,-650.0
2020-06-29,-1673.5,-1438.0,-1465.5,0.0,-1131.0,-1277.5,-123.0,-715.0,-1401.5,0.0,-650.0
2020-06-30,-1902.5,-1484.5,-1506.5,0.0,-1136.5,-1324.0,-123.0,-715.0,-1489.5,0.0,-650.0
2020-07-01,-2173.0,-1506.5,-1528.5,0.0,-1158.5,-1346.0,-123.0,-737.0,-1511.5,0.0,-650.0
2020-07-02,-2338.5,-1672.0,-1562.0,-132.0,-1158.5,-1471.5,-123.0,-737.0,-1545.0,-92.0,-782.0
2020-07-03,-2338.5,-1672.0,-1584.0,-132.0,-1158.5,-1493.5,-123.0,-759.0,-1545.0,-92.0,-782.0
2020-07-04,-2338.5,-1672.0,-1584.0,-132.0,-1158.5,-1493.5,-123.0,-759.0,-1545.0,-92.0,-782.0
2020-07-05,-2298.0,-1631.5,-1584.0,-132.0,-1118.0,-1523.5,-123.0,-759.0,-1504.5,-92.0,-782.0
2020-07-06,-2298.0,-1631.5,-1584.0,-132.0,-1118.0,-1523.5,-123.0,-759.0,-1504.5,-92.0,-782.0
2020-07-07,-2192.0,-1431.5,-1584.0,-132.0,-918.0,-1575.0,-123.0,-759.0,-1504.5,-92.0,-782.0
2020-07-08,-2272.5,-1529.0,-1612.0,-132.0,-987.5,-1603.0,-123.0,-787.0,-1532.5,-92.0,-782.0
2020-07-09,-2384.0,-1600.5,-1683.5,-160.5,-1016.0,-1674.5,-151.5,-815.5,-1604.0,-92.0,-810.5
2020-07-10,-2499.5,-1716.0,-1726.0,-160.5,-1042.5,-1790.0,-151.5,-858.0,-1646.5,-92.0,-837.0
2020-07-11,-2499.5,-1716.0,-1726.0,-160.5,-1042.5,-1790.0,-151.5,-858.0,-1646.5,-92.0,-837.0
2020-07-12,-2499.5,-1716.0,-1726.0,-160.5,-1042.5,-1790.0,-151.5,-858.0,-1646.5,-92.0,-837.0
2020-07-13,-2833.5,-1861.5,-1769.5,-179.0,-1169.5,-1935.5,-170.0,-901.5,-1690.0,-92.0,-957.5
2020-07-14,-3138.5,-1816.0,-1833.5,-179.0,-1240.5,-1890.0,-170.0,-965.5,-1761.0,-92.0,-1021.5
2020-07-15,-3120.5,-1812.5,-1830.0,-179.0,-1240.5,-1843.0,-170.0,-1047.5,-1757.5,-92.0,-1060.0
2020-07-16,-2895.5,-1612.5,-1630.0,-179.0,-1240.5,-1643.0,-170.0,-847.5,-1557.5,-92.0,-1060.0
2020-07-17,-2949.5,-1666.5,-1662.0,-233.0,-1272.5,-1675.0,-170.0,-879.5,-1611.5,-92.0,-1114.0
2020-07-18,-2949.5,-1666.5,-1662.0,-233.0,-1272.5,-1675.0,-170.0,-879.5,-1611.5,-92.0,-1114.0
2020-07-19,-2987.5,-1704.5,-1700.0,-233.0,-1310.5,-1713.0,-170.0,-879.5,-1649.5,-92.0,-1152.0
2020-07-20,-3510.5,-1759.5,-1755.0,-233.0,-1365.5,-1768.0,-170.0,-903.5,-1704.5,-92.0,-1176.0
2020-07-21,-3536.0,-1785.0,-1780.5,-258.5,-1365.5,-1793.5,-195.5,-929.0,-1730.0,-92.0,-1201.5
2020-07-22,-3251.5,-1633.5,-1814.5,-258.5,-1319.5,-1642.0,-195.5,-963.0,-1764.0,-92.0,-1216.0
2020-07-23,-3232.5,-1528.5,-1614.5,-353.5,-1119.5,-1737.0,-195.5,-763.0,-1564.0,-187.0,-1311.0
2020-07-24,-3129.5,-1288.0,-1574.0,-353.5,-1139.5,-1496.5,-195.5,-783.0,-1323.5,-187.0,-1250.5
2020-07-25,-3129.5,-1288.0,-1574.0,-353.5,-1139.5,-1496.5,-195.5,-783.0,-1323.5,-187.0,-1250.5
2020-07-26,-3190.5,-1288.0,-1574.0,-353.5,-1139.5,-1496.5,-195.5,-783.0,-1323.5,-187.0,-1250.5
2020-07-27,-3380.5,-1429.0,-1590.0,-353.5,-1280.5,-1637.5,-195.5,-799.0,-1339.5,-187.0,-1250.5
2020-07-28,-3649.0,-1297.5,-1658.5,-353.5,-1349.0,-1682.5,-195.5,-822.5,-1208.0,-187.0,-1274.0
2020-07-29,-3783.0,-1346.5,-1751.5,-353.5,-1381.5,-1689.0,-195.5,-873.0,-1301.0,-187.0,-1274.0
2020-07-30,-4153.5,-1410.5,-1815.5,-353.5,-1445.5,-1753.0,-195.5,-937.0,-1365.0,-187.0,-1297.5
2020-07-31,-3736.5,-1272.0,-1615.5,-153.5,-1445.5,-1753.0,0.0,-937.0,-1226.5,-187.0,-1097.5
2020-08-01,-3736.5,-1272.0,-1615.5,-153.5,-1445.5,-1753.0,0.0,-937.0,-1226.5,-187.0,-1097.5
2020-08-02,-3736.5,-1272.0,-1615.5,-153.5,-1445.5,-1753.0,0.0,-937.0,-1226.5,-187.0,-1097.5
2020-08-03,-3721.5,-1228.5,-1691.5,-153.5,-1445.5,-1709.5,0.0,-937.0,-1183.0,-187.0,-1131.0
2020-08-04,-3576.0,-1369.0,-1740.0,-187.0,-1494.0,-1758.0,-33.5,-985.5,-1231.5,-187.0,-1187.0
2020-08-05,-3491.5,-1391.0,-1724.0,-204.0,-1459.0,-1754.0,-50.5,-1016.5,-1253.5,-204.0,-1131.0
2020-08-06,-3593.0,-1441.5,-1774.5,-228.5,-1459.0,-1804.5,-75.0,-1041.0,-1304.0,-228.5,-1155.5
2020-08-07,-3619.5,-1554.0,-1774.5,-304.5,-1571.5,-1917.0,-75.0,-1041.0,-1340.5,-228.5,-1231.5
2020-08-08,-3619.5,-1554.0,-1774.5,-304.5,-1571.5,-1917.0,-75.0,-1041.0,-1340.5,-228.5,-1231.5
2020-08-09,-3619.5,-1554.0,-1774.5,-304.5,-1571.5,-1917.0,-75.0,-1041.0,-1340.5,-228.5,-1231.5
2020-08-10,-3445.5,-1380.0,-1800.5,-330.5,-1571.5,-1743.0,-101.0,-1067.0,-1366.5,-254.5,-1257.5
2020-08-11,-3298.0,-1432.5,-1853.0,-330.5,-1604.5,-1795.5,-101.0,-1086.5,-1419.0,-254.5,-1257.5
2020-08-12,-3571.5,-1478.0,-1898.5,-357.0,-1634.5,-1841.0,-127.5,-1132.0,-1464.5,-281.0,-1299.5
2020-08-13,-3550.5,-1336.0,-1921.0,-403.5,-1492.5,-1699.0,-127.5,-1154.5,-1287.0,-281.0,-1099.5
2020-08-14,-3443.5,-1136.0,-1921.0,-403.5,-1292.5,-1499.0,-127.5,-1154.5,-1287.0,-281.0,-1099.5
2020-08-15,-3443.5,-1136.0,-1921.0,-403.5,-1292.5,-1499.0,-127.5,-1154.5,-1287.0,-281.0,-1099.5
2020-08-16,-3443.5,-1136.0,-1921.0,-403.5,-1292.5,-1499.0,-127.5,-1154.5,-1287.0,-281.0,-1099.5
2020-08-17,-3558.0,-1136.0,-1921.0,-403.5,-1292.5,-1499.0,-127.5,-1154.5,-1287.0,-281.0,-1099.5
2020-08-18,-3664.5,-1224.5,-1959.5,-430.5,-1292.5,-1570.5,-127.5,-1193.0,-1348.5,-281.0,-1148.0
2020-08-19,-3735.5,-1295.5,-1983.0,-501.5,-1340.0,-1641.5,-151.0,-1216.5,-1372.0,-352.0,-1219.0
2020-08-20,-3793.0,-1353.0,-2040.5,-538.5,-1166.5,-1699.0,-188.0,-1263.5,-1429.5,-389.0,-1256.0
2020-08-21,-3775.0,-1335.0,-2060.5,-538.5,-1204.0,-1681.0,-188.0,-1283.5,-1449.5,-389.0,-1218.0
2020-08-22,-3775.0,-1335.0,-2060.5,-538.5,-1204.0,-1681.0,-188.0,-1283.5,-1449.5,-389.0,-1218.0
2020-08-23,-3775.0,-1335.0,-2060.5,-538.5,-1204.0,-1681.0,-188.0,-1283.5,-1449.5,-389.0,-1218.0
2020-08-24,-3464.5,-1186.5,-2060.5,-590.0,-1204.0,-1532.5,-188.0,-1283.5,-1249.5,-440.5,-1269.5
2020-08-25,-3344.0,-1008.0,-2089.0,-590.0,-1004.0,-1354.0,-188.0,-1312.0,-1278.0,-440.5,-1269.5
2020-08-26,-2983.0,-1047.0,-2128.0,-596.5,-1025.0,-1393.0,-194.5,-1351.0,-1317.0,-447.0,-1294.0
2020-08-27,-2993.5,-1075.5,-2156.5,-596.5,-1053.5,-1421.5,-194.5,-1379.5,-1345.5,-447.0,-1331.5
2020-08-28,-2965.0,-1047.0,-2156.5,-596.5,-972.0,-1393.0,-194.5,-1379.5,-1345.5,-447.0,-1331.5
2020-08-29,-2965.0,-1047.0,-2156.5,-596.5,-972.0,-1393.0,-194.5,-1379.5,-1345.5,-447.0,-1331.5
2020-08-30,-3049.0,-1047.0,-2156.5,-596.5,-972.0,-1393.0,-194.5,-1379.5,-1345.5,-447.0,-1331.5
2020-08-31,-3162.5,-1160.5,-2220.0,-596.5,-1024.0,-1456.5,-194.5,-1416.5,-1459.0,-447.0,-1343.0
2020-09-01,-3202.0,-1200.0,-2259.5,-623.5,-1036.5,-1496.0,-221.5,-1456.0,-1498.5,-474.0,-1370.0
2020-09-02,-3308.5,-1260.5,-2347.0,-711.0,-1124.0,-1528.5,-309.0,-1507.0,-1559.0,-502.0,-1457.5
2020-09-03,-3273.0,-1192.5,-2418.5,-711.0,-961.5,-1423.0,-309.0,-1578.5,-1630.5,-502.0,-1552.0
2020-09-04,-2195.0,-1247.0,-2418.5,-844.5,-876.0,-1337.5,-309.0,-1578.5,-1430.5,-502.0,-1685.5
2020-09-05,-2195.0,-1247.0,-2418.5,-844.5,-876.0,-1337.5,-309.0,-1578.5,-1430.5,-502.0,-1685.5
2020-09-06,-2395.0,-1447.0,-2418.5,-844.5,-876.0,-1337.5,-309.0,-1578.5,-1430.5,-502.0,-1685.5
2020-09-07,-2399.0,-1451.0,-2422.5,-936.5,-725.0,-1341.5,-401.0,-1582.5,-1434.5,-502.0,-1626.5
2020-09-08,-2405.5,-1378.0,-2422.5,-936.5,-525.0,-1141.5,-401.0,-1582.5,-1434.5,-502.0,-1626.5
2020-09-09,-2959.0,-1531.5,-2576.0,-1009.0,-597.5,-1295.0,-473.5,-1582.5,-1588.0,-502.0,-1699.0
2020-09-10,-2682.0,-1438.5,-2603.0,-1009.0,-397.5,-1402.0,-473.5,-1609.5,-1695.0,-502.0,-1699.0
2020-09-11,-2405.5,-1562.0,-2726.5,-1009.0,-521.0,-1525.5,-473.5,-1733.0,-1818.5,-502.0,-1699.0
2020-09-12,-2405.5,-1562.0,-2726.5,-1009.0,-521.0,-1525.5,-473.5,-1733.0,-1818.5,-502.0,-1699.0
2020-09-13,-2405.5,-1562.0,-2726.5,-1009.0,-521.0,-1525.5,-473.5,-1733.0,-1818.5,-502.0,-1699.0
2020-09-14,-2410.5,-1407.5,-2824.0,-1009.0,-521.0,-1577.5,-473.5,-1830.5,-1664.0,-502.0,-1499.0
2020-09-15,-2129.5,-1274.5,-2891.0,-1009.0,-521.0,-1444.5,-473.5,-1897.5,-1531.0,-502.0,-1499.0
2020-09-16,-1795.0,-1141.5,-2891.0,-809.0,-521.0,-1311.5,-473.5,-1897.5,-1531.0,-502.0,-1366.0
2020-09-17,-1651.0,-1397.5,-2995.0,-844.5,-645.0,-1567.5,-509.0,-2001.5,-1635.0,-537.5,-1525.5
2020-09-18,-1657.5,-1567.5,-3039.5,-844.5,-796.5,-1567.5,-509.0,-2046.0,-1679.5,-537.5,-1570.0
2020-09-19,-1657.5,-1567.5,-3039.5,-844.5,-796.5,-1567.5,-509.0,-2046.0,-1679.5,-537.5,-1570.0
2020-09-20,-1657.5,-1567.5,-3039.5,-844.5,-796.5,-1567.5,-509.0,-2046.0,-1679.5,-537.5,-1570.0
2020-09-21,-2090.5,-1851.0,-3174.5,-1113.5,-996.5,-1651.0,-578.0,-2076.5,-1814.5,-537.5,-1905.0
2020-09-22,-1693.5,-1817.5,-3341.0,-1113.5,-1063.5,-1617.5,-578.0,-2103.0,-1781.0,-537.5,-1905.0
2020-09-23,-2055.0,-1840.5,-3370.0,-1113.5,-1086.5,-1640.5,-578.0,-2132.0,-1810.0,-537.5,-1905.0
2020-09-24,-1846.5,-2032.0,-3427.5,-1113.5,-1278.0,-1832.0,-578.0,-2132.0,-1867.5,-537.5,-2039.0
2020-09-25,-1880.5,-1942.0,-3520.0,-1113.5,-1188.0,-1742.0,-578.0,-2224.5,-2021.5,-537.5,-2083.0
2020-09-26,-1880.5,-1942.0,-3520.0,-1113.5,-1188.0,-1742.0,-578.0,-2224.5,-2021.5,-537.5,-2083.0
2020-09-27,-1880.5,-1942.0,-3520.0,-1113.5,-1188.0,-1742.0,-578.0,-2224.5,-2021.5,-537.5,-2083.0
2020-09-28,-1931.5,-1993.0,-3571.0,-1113.5,-1239.0,-1793.0,-578.0,-2224.5,-2072.5,-537.5,-2083.0
2020-09-29,-1946.0,-1926.0,-3553.0,-1113.5,-1272.0,-1726.0,-578.0,-2257.5,-2005.5,-537.5,-2065.0
2020-09-30,-1666.0,-1794.5,-3621.5,-1113.5,-1072.0,-1594.5,-578.0,-2280.0,-2074.0,-537.5,-2065.0
2020-10-01,-1735.5,-1633.5,-3660.5,-1113.5,-911.0,-1433.5,-578.0,-2319.0,-1913.0,-537.5,-1966.5
2020-10-02,-1878.5,-1627.5,-3706.5,-1113.5,-771.0,-1339.5,-578.0,-2365.0,-2019.0,-537.5,-1966.5
2020-10-03,-1878.5,-1627.5,-3706.5,-1113.5,-771.0,-1339.5,-578.0,-2365.0,-2019.0,-537.5,-1966.5
2020-10-04,-1982.0,-1731.0,-3706.5,-1113.5,-874.5,-1339.5,-578.0,-2365.0,-2019.0,-537.5,-1966.5
2020-10-05,-2161.5,-1910.5,-3761.5,-1113.5,-929.5,-1448.5,-578.0,-2403.5,-2128.0,-537.5,-1966.5
2020-10-06,-2533.0,-2137.5,-3822.5,-1113.5,-1173.5,-1719.0,-578.0,-2464.5,-2189.0,-537.5,-2109.5
2020-10-07,-2586.5,-2191.0,-3822.5,-1113.5,-1173.5,-1772.5,-578.0,-2464.5,-2189.0,-537.5,-2109.5
2020-10-08,-2489.0,-2093.5,-3725.0,-1016.0,-1076.0,-1675.0,-480.5,-2484.0,-2091.5,-440.0,-2012.0
2020-10-09,-2687.5,-2132.5,-3725.0,-1016.0,-1076.0,-1714.0,-480.5,-2484.0,-2130.5,-440.0,-2012.0
2020-10-10,-2687.5,-2132.5,-3725.0,-1016.0,-1076.0,-1714.0,-480.5,-2484.0,-2130.5,-440.0,-2012.0
2020-10-11,-2687.5,-2132.5,-3725.0,-1016.0,-1114.0,-1714.0,-480.5,-2484.0,-2168.5,-440.0,-2012.0
2020-10-12,-2557.5,-2002.5,-3725.0,-1016.0,-1184.0,-1584.0,-480.5,-2484.0,-2168.5,-440.0,-2012.0
2020-10-13,-2582.5,-2027.5,-3759.5,-1016.0,-984.0,-1609.0,-480.5,-2518.5,-2261.5,-440.0,-1812.0
2020-10-14,-2432.0,-1877.0,-3809.0,-865.5,-833.5,-1409.0,-530.0,-2518.5,-2311.0,-240.0,-1661.5
2020-10-15,-2251.0,-1754.5,-3931.0,-717.5,-625.5,-1331.0,-530.0,-2529.0,-2433.0,-240.0,-1313.5
2020-10-16,-2014.0,-1600.5,-3777.0,-717.5,-471.5,-1177.0,-530.0,-2529.0,-2279.0,-240.0,-1113.5
2020-10-17,-2014.0,-1600.5,-3777.0,-717.5,-471.5,-1177.0,-530.0,-2529.0,-2279.0,-240.0,-1113.5
2020-10-18,-2014.0,-1600.5,-3777.0,-717.5,-471.5,-1177.0,-530.0,-2529.0,-2279.0,-240.0,-1113.5
2020-10-19,-2101.5,-1400.5,-3777.0,-717.5,-271.5,-977.0,-530.0,-2529.0,-2079.0,-240.0,-1113.5
2020-10-20,-2081.0,-1067.5,-3577.0,-517.5,-245.5,-627.0,-530.0,-2529.0,-1929.0,-40.0,-713.5
2020-10-21,-2016.5,-1254.0,-3604.0,-607.5,-333.5,-725.5,-536.0,-2573.0,-1956.0,-124.0,-803.5
2020-10-22,-1747.0,-1058.0,-3404.0,-607.5,-133.5,-529.5,-536.0,-2373.0,-1790.0,-124.0,-803.5
2020-10-23,-1586.5,-1072.5,-3418.5,-607.5,-148.0,-544.0,-536.0,-2406.0,-1804.5,-124.0,-803.5
2020-10-24,-1586.5,-1072.5,-3418.5,-607.5,-148.0,-544.0,-536.0,-2406.0,-1804.5,-124.0,-803.5
2020-10-25,-1586.5,-1072.5,-3418.5,-607.5,-148.0,-544.0,-536.0,-2406.0,-1804.5,-124.0,-803.5
2020-10-26,-1229.5,-1014.0,-3532.0,-634.5,-62.5,-657.5,-563.0,-2433.0,-1918.0,-124.0,-658.5
2020-10-27,-1079.5,-814.0,-3332.0,-634.5,0.0,-457.5,-563.0,-2233.0,-1718.0,-124.0,-677.0
2020-10-28,-1362.5,-907.5,-3425.5,-690.5,-56.0,-551.0,-619.0,-2270.5,-1811.5,-124.0,-770.5
2020-10-29,-1219.5,-764.5,-3482.5,-690.5,-113.0,-408.0,-619.0,-2270.5,-1868.5,-124.0,-770.5
2020-10-30,-1215.0,-673.0,-3591.0,-799.0,-221.5,-316.5,-727.5,-2313.5,-1777.0,-124.0,-879.0
2020-10-31,-1215.0,-673.0,-3591.0,-799.0,-221.5,-316.5,-727.5,-2313.5,-1777.0,-124.0,-879.0
2020-11-01,-1215.0,-673.0,-3629.5,-837.5,-260.0,-316.5,-766.0,-2352.0,-1777.0,-124.0,-917.5
2020-11-02,-886.5,-556.0,-3629.5,-920.5,-343.0,-116.5,-766.0,-2352.0,-1577.0,-124.0,-1000.5
2020-11-03,-1528.0,-605.0,-3708.5,-920.5,-486.5,-165.5,-766.0,-2378.0,-1720.5,-124.0,-879.5
2020-11-04,-1386.0,-342.0,-3645.5,-720.5,-286.5,0.0,-766.0,-2315.0,-1457.5,0.0,-679.5
2020-11-05,-1609.0,-496.5,-3712.0,-808.5,-374.5,-88.0,-766.0,-2381.5,-1612.0,0.0,-834.0
2020-11-06,-1725.5,-647.0,-3712.0,-808.5,-374.5,-238.5,-766.0,-2381.5,-1762.5,0.0,-834.0
2020-11-07,-1725.5,-647.0,-3712.0,-808.5,-374.5,-238.5,-766.0,-2381.5,-1762.5,0.0,-834.0
2020-11-08,-1821.5,-647.0,-3712.0,-808.5,-374.5,-238.5,-766.0,-2381.5,-1762.5,0.0,-834.0
2020-11-09,-1292.5,-615.0,-3712.0,-808.5,-374.5,-206.5,-766.0,-2381.5,-1730.5,0.0,-834.0
2020-11-10,-1292.5,-686.5,-3811.0,-808.5,-574.5,-305.5,-766.0,-2480.5,-1602.0,0.0,-861.5
2020-11-11,-1884.0,-828.5,-3896.5,-808.5,-651.5,-447.5,-766.0,-2566.0,-1744.0,0.0,-861.5
2020-11-12,-1751.5,-628.5,-3896.5,-808.5,-451.5,-247.5,-766.0,-2566.0,-1544.0,0.0,-861.5
2020-11-13,-1721.5,-428.5,-3978.0,-608.5,-251.5,-292.5,-802.5,-2602.5,-1625.5,0.0,-661.5
2020-11-14,-1721.5,-428.5,-3978.0,-608.5,-251.5,-292.5,-802.5,-2602.5,-1625.5,0.0,-661.5
2020-11-15,-1721.5,-428.5,-3978.0,-608.5,-251.5,-292.5,-802.5,-2602.5,-1625.5,0.0,-661.5
2020-11-16,-1493.0,-428.5,-3978.0,-608.5,-251.5,-292.5,-802.5,-2602.5,-1625.5,0.0,-661.5
2020-11-17,-1268.5,-310.5,-3871.0,-608.5,-242.0,-174.5,-802.5,-2495.5,-1616.0,0.0,-661.5
2020-11-18,-1068.5,-139.5,-3933.0,-608.5,-71.0,-3.5,-802.5,-2524.5,-1678.0,0.0,-461.5
2020-11-19,-1383.5,-225.0,-3974.5,-608.5,-175.5,-45.0,-802.5,-2524.5,-1719.5,0.0,-524.5
2020-11-20,-1196.0,-225.0,-3974.5,-608.5,-175.5,-45.0,-802.5,-2524.5,-1719.5,0.0,-524.5
2020-11-21,-1196.0,-225.0,-3974.5,-608.5,-175.5,-45.0,-802.5,-2524.5,-1719.5,0.0,-524.5
2020-11-22,-1196.0,-225.0,-3974.5,-608.5,-175.5,-45.0,-802.5,-2524.5,-1719.5,0.0,-524.5
2020-11-23,-1071.5,-330.0,-3974.5,-639.0,-175.5,-75.5,-802.5,-2524.5,-1750.0,0.0,-555.0
2020-11-24,-1404.5,-511.5,-4069.5,-704.5,-291.5,-173.0,-868.0,-2590.0,-1877.0,0.0,-620.5
2020-11-25,-1310.0,-511.5,-4069.5,-704.5,-291.5,-173.0,-868.0,-2590.0,-1877.0,0.0,-620.5
2020-11-26,-1367.0,-568.5,-4126.5,-704.5,-291.5,-230.0,-868.0,-2635.0,-1934.0,0.0,-647.0
2020-11-27,-1420.0,-579.0,-4137.0,-704.5,-291.5,-230.0,-868.0,-2645.5,-1944.5,0.0,-647.0
2020-11-28,-1420.0,-579.0,-4137.0,-704.5,-291.5,-230.0,-868.0,-2645.5,-1944.5,0.0,-647.0
2020-11-29,-1420.0,-579.0,-4137.0,-704.5,-291.5,-230.0,-868.0,-2645.5,-1944.5,0.0,-647.0
2020-11-30,-1348.0,-488.0,-3937.0,-761.5,-343.5,-139.0,-868.0,-2445.5,-1744.5,0.0,-738.0
2020-12-01,-1671.5,-569.5,-4006.0,-804.0,-373.5,-220.5,-868.0,-2484.5,-1826.0,0.0,-780.5
2020-12-02,-1640.5,-513.0,-4023.0,-804.0,-317.0,-164.0,-868.0,-2501.5,-1786.5,0.0,-780.5
2020-12-03,-1624.0,-496.5,-4023.0,-787.5,-410.5,-147.5,-868.0,-2501.5,-1786.5,0.0,-764.0
2020-12-04,-1510.0,-547.0,-4073.5,-787.5,-410.5,-198.0,-868.0,-2501.5,-1837.0,0.0,-794.0
2020-12-05,-1510.0,-547.0,-4073.5,-787.5,-410.5,-198.0,-868.0,-2501.5,-1837.0,0.0,-794.0
2020-12-06,-1510.0,-547.0,-4073.5,-787.5,-410.5,-198.0,-868.0,-2501.5,-1837.0,0.0,-794.0
2020-12-07,-1367.5,-617.0,-4138.0,-793.0,-428.0,-268.0,-868.0,-2566.0,-1901.5,0.0,-799.5
2020-12-08,-1485.5,-660.0,-4181.0,-816.0,-428.0,-288.0,-891.0,-2586.0,-1944.5,-24.0,-822.5
2020-12-09,-1844.5,-726.5,-4247.5,-882.5,-228.0,-354.5,-957.5,-2608.5,-2011.0,-90.5,-889.0
2020-12-10,-1725.0,-891.5,-4271.5,-987.0,-369.0,-415.0,-957.5,-2632.5,-2071.5,-195.0,-993.5
2020-12-11,-1605.0,-771.5,-4237.0,-987.0,-334.5,-380.5,-957.5,-2598.0,-2037.0,-195.0,-993.5
2020-12-12,-1605.0,-771.5,-4237.0,-987.0,-334.5,-380.5,-957.5,-2598.0,-2037.0,-195.0,-993.5
2020-12-13,-1605.0,-771.5,-4237.0,-987.0,-334.5,-380.5,-957.5,-2598.0,-2037.0,-195.0,-993.5
2020-12-14,-1633.0,-799.5,-4253.5,-987.0,-379.0,-408.5,-957.5,-2614.5,-2098.0,-195.0,-1038.0
2020-12-15,-1736.0,-924.0,-4326.5,-1017.0,-453.0,-533.0,-987.5,-2657.5,-2171.0,-225.0,-1068.0
2020-12-16,-1840.0,-1003.5,-4376.0,-1017.0,-528.0,-612.5,-987.5,-2707.0,-2250.5,-225.0,-1068.0
2020-12-17,-1917.0,-1080.5,-4405.5,-1017.0,-586.0,-642.0,-987.5,-2736.5,-2280.0,-225.0,-1068.0
2020-12-18,-2033.0,-1137.5,-4418.5,-1017.0,-643.0,-699.0,-987.5,-2749.5,-2318.5,-225.0,-1093.5
2020-12-19,-2033.0,-1137.5,-4418.5,-1017.0,-643.0,-699.0,-987.5,-2749.5,-2318.5,-225.0,-1093.5
2020-12-20,-2033.0,-1137.5,-4418.5,-1017.0,-643.0,-699.0,-987.5,-2749.5,-2318.5,-225.0,-1093.5
2020-12-21,-2477.0,-1392.0,-4458.0,-1056.5,-643.0,-812.0,-1027.0,-2789.0,-2358.0,-225.0,-1133.0
2020-12-22,-2531.0,-1512.0,-4541.5,-1082.5,-723.0,-869.5,-1053.0,-2832.5,-2441.5,-225.0,-1159.0
2020-12-23,-2427.5,-1643.0,-4501.5,-1133.5,-603.0,-886.5,-1053.0,-2886.5,-2401.5,-225.0,-1227.0
2020-12-24,-2443.5,-1659.0,-4539.0,-1154.5,-619.0,-924.0,-1074.0,-2924.0,-2439.0,-225.0,-1248.0
2020-12-25,-2443.5,-1659.0,-4539.0,-1154.5,-619.0,-924.0,-1074.0,-2924.0,-2439.0,-225.0,-1248.0
2020-12-26,-2443.5,-1659.0,-4539.0,-1154.5,-619.0,-924.0,-1074.0,-2924.0,-2439.0,-225.0,-1248.0
2020-12-27,-2597.5,-1626.0,-4582.5,-1154.5,-561.5,-967.5,-1074.0,-2967.5,-2482.5,-225.0,-1248.0
2020-12-28,-2744.0,-1688.5,-4607.5,-1192.0,-586.5,-1030.0,-1074.0,-2967.5,-2507.5,-225.0,-1285.5
2020-12-29,-2727.5,-1605.5,-4615.0,-1199.5,-496.0,-947.0,-1081.5,-2975.0,-2515.0,-225.0,-1293.0
2020-12-30,-2628.5,-1627.5,-4637.0,-1221.5,-496.0,-947.0,-1103.5,-2997.0,-2537.0,-225.0,-1315.0
2020-12-31,-2696.0,-1701.5,-4659.5,-1244.0,-499.5,-998.5,-1126.0,-2997.0,-2559.5,-247.5,-1385.5
2021-01-01,-2696.0,-1701.5,-4659.5,-1244.0,-499.5,-998.5,-1126.0,-2997.0,-2559.5,-247.5,-1385.5
2021-01-02,-2696.0,-1701.5,-4659.5,-1244.0,-499.5,-998.5,-1126.0,-2997.0,-2559.5,-247.5,-1385.5
2021-01-03,-2696.0,-1701.5,-4659.5,-1244.0,-499.5,-998.5,-1126.0,-2997.0,-2559.5,-247.5,-1385.5
2021-01-04,-2974.0,-1557.0,-4680.5,-1244.0,-520.5,-833.0,-1126.0,-3018.0,-2580.5,-247.5,-1406.5
2021-01-05,-2733.0,-1692.5,-4570.0,-1301.5,-769.0,-881.5,-1126.0,-2818.0,-2574.5,-247.5,-1513.5
2021-01-06,-2260.5,-1831.0,-4596.5,-1301.5,-769.0,-1020.0,-1126.0,-2844.5,-2601.0,-247.5,-1540.0
2021-01-07,-2647.0,-1887.0,-4652.5,-1301.5,-769.0,-1076.0,-1126.0,-2900.5,-2657.0,-247.5,-1540.0
2021-01-08,-2714.5,-1954.5,-4652.5,-1301.5,-769.0,-1143.5,-1126.0,-2900.5,-2657.0,-247.5,-1540.0
2021-01-09,-2714.5,-1954.5,-4652.5,-1301.5,-769.0,-1143.5,-1126.0,-2900.5,-2657.0,-247.5,-1540.0
2021-01-10,-2714.5,-1954.5,-4652.5,-1301.5,-769.0,-1143.5,-1126.0,-2900.5,-2657.0,-247.5,-1540.0
2021-01-11,-2757.5,-1812.5,-4710.5,-1130.0,-598.5,-1201.5,-1154.5,-2958.5,-2715.0,-247.5,-1368.5
2021-01-12,-2711.5,-1691.5,-4589.5,-1130.0,-665.5,-1031.5,-1154.5,-2800.5,-2594.0,-247.5,-1417.5
2021-01-13,-2846.0,-1505.5,-4438.0,-1130.0,-679.5,-845.5,-1154.5,-2619.0,-2442.5,-247.5,-1417.5
2021-01-14,-3083.0,-1591.0,-4438.0,-1130.0,-721.0,-887.0,-1154.5,-2619.0,-2528.0,-247.5,-1417.5
2021-01-15,-3046.5,-1506.0,-4438.0,-1130.0,-643.0,-758.5,-1154.5,-2619.0,-2528.0,-247.5,-1289.0
2021-01-16,-3046.5,-1506.0,-4438.0,-1130.0,-643.0,-758.5,-1154.5,-2619.0,-2528.0,-247.5,-1289.0
2021-01-17,-3046.5,-1506.0,-4438.0,-1130.0,-643.0,-758.5,-1154.5,-2619.0,-2528.0,-247.5,-1289.0
2021-01-18,-3042.0,-1317.0,-4249.0,-1130.0,-643.0,-569.5,-1154.5,-2430.0,-2339.0,-247.5,-1100.0
2021-01-19,-3099.0,-1374.0,-4306.0,-1146.0,-700.0,-626.5,-1170.5,-2465.0,-2396.0,-247.5,-1116.0
2021-01-20,-3185.0,-1174.0,-4306.0,-946.0,-700.0,-626.5,-1170.5,-2465.0,-2396.0,-47.5,-916.0
2021-01-21,-3035.0,-1024.0,-4356.0,-946.0,-532.0,-476.5,-1170.5,-2483.0,-2446.0,-47.5,-716.0
2021-01-22,-3063.0,-1047.5,-4379.5,-946.0,-532.0,-500.0,-1170.5,-2506.5,-2469.5,-47.5,-739.5
2021-01-23,-3063.0,-1047.5,-4379.5,-946.0,-532.0,-500.0,-1170.5,-2506.5,-2469.5,-47.5,-739.5
2021-01-24,-3063.0,-1047.5,-4379.5,-946.0,-532.0,-500.0,-1170.5,-2506.5,-2469.5,-47.5,-739.5
2021-01-25,-3195.0,-1076.0,-4408.0,-946.0,-532.0,-528.5,-1170.5,-2522.5,-2498.0,-47.5,-739.5
2021-01-26,-3005.5,-1106.5,-4438.5,-946.0,-562.5,-559.0,-1170.5,-2553.0,-2528.5,-47.5,-739.5
2021-01-27,-2702.0,-603.0,-4047.5,-801.0,-404.0,-0.5,-970.5,-2362.0,-2225.0,0.0,-594.5
2021-01-28,-2132.5,-403.0,-3847.5,-801.0,-404.0,0.0,-970.5,-2162.0,-2025.0,0.0,-394.5
2021-01-29,-2606.0,-140.5,-3447.5,-801.0,-404.0,0.0,-970.5,-1762.0,-1625.0,0.0,-475.5
2021-01-30,-2606.0,-140.5,-3447.5,-801.0,-404.0,0.0,-970.5,-1762.0,-1625.0,0.0,-475.5
2021-01-31,-2206.0,-140.5,-3447.5,-801.0,-404.0,0.0,-970.5,-1762.0,-1625.0,0.0,-475.5
2021-02-01,-2806.0,0.0,-3447.5,-1001.0,-520.0,0.0,-970.5,-1762.0,-1425.0,-200.0,-475.5
2021-02-02,-2816.0,-54.0,-3528.5,-1028.0,-520.0,-54.0,-997.5,-1843.0,-1479.0,-200.0,-502.5
2021-02-03,-2873.5,-111.5,-3328.5,-1028.0,-379.0,-54.0,-997.5,-1643.0,-1536.5,-200.0,-502.5
2021-02-04,-2837.0,-10.0,-3468.5,-1028.0,-481.0,0.0,-997.5,-1739.0,-1369.0,-200.0,-535.0
2021-02-05,-2888.5,-61.5,-3468.5,-1028.0,-532.5,-51.5,-997.5,-1739.0,-1369.0,-200.0,-535.0
2021-02-06,-2888.5,-61.5,-3468.5,-1028.0,-532.5,-51.5,-997.5,-1739.0,-1369.0,-200.0,-535.0
2021-02-07,-2888.5,-61.5,-3468.5,-1028.0,-532.5,-51.5,-997.5,-1739.0,-1369.0,-200.0,-535.0
2021-02-08,-3001.5,-174.5,-3506.0,-1028.0,-608.0,-164.5,-997.5,-1776.5,-1406.5,-200.0,-567.0
2021-02-09,-3053.0,-149.0,-3517.5,-1059.5,-571.0,-139.0,-997.5,-1788.0,-1449.5,-200.0,-544.0
2021-02-10,-2617.5,-177.0,-3482.0,-1059.5,-571.0,-167.0,-997.5,-1752.5,-1414.0,-200.0,-607.5
2021-02-11,-2698.5,-292.0,-3504.0,-1059.5,-631.0,-222.0,-997.5,-1774.5,-1436.0,-200.0,-607.5
2021-02-12,-2760.5,-92.0,-3535.0,-1059.5,-431.0,-253.0,-997.5,-1774.5,-1498.0,-200.0,-407.5
2021-02-13,-2760.5,-92.0,-3535.0,-1059.5,-431.0,-253.0,-997.5,-1774.5,-1498.0,-200.0,-407.5
2021-02-14,-2760.5,-92.0,-3535.0,-1059.5,-431.0,-253.0,-997.5,-1774.5,-1498.0,-200.0,-407.5
2021-02-15,-2772.0,-103.5,-3546.5,-1059.5,-431.0,-264.5,-997.5,-1786.0,-1509.5,-200.0,-419.0
2021-02-16,-2852.5,-184.0,-3588.5,-1059.5,-453.0,-306.5,-997.5,-1808.0,-1551.5,-200.0,-477.5
2021-02-17,-3047.0,-245.0,-3649.5,-1059.5,-453.0,-367.5,-997.5,-1869.0,-1612.5,-200.0,-500.5
2021-02-18,-3326.0,-425.0,-3728.5,-1059.5,-588.0,-547.5,-997.5,-1902.5,-1736.5,-200.0,-500.5
2021-02-19,-3630.0,-588.5,-3849.0,-1059.5,-751.5,-711.0,-997.5,-1940.0,-1900.0,-200.0,-500.5
2021-02-20,-3630.0,-588.5,-3849.0,-1059.5,-751.5,-711.0,-997.5,-1940.0,-1900.0,-200.0,-500.5
2021-02-21,-3630.0,-588.5,-3849.0,-1059.5,-751.5,-711.0,-997.5,-1940.0,-1900.0,-200.0,-500.5
2021-02-22,-4036.5,-870.5,-3911.0,-1151.5,-817.5,-993.0,-997.5,-1940.0,-2024.0,-200.0,-592.5
2021-02-23,-4433.5,-1039.0,-3945.0,-1215.5,-881.5,-1161.5,-997.5,-1974.0,-2192.5,-200.0,-656.5
2021-02-24,-4887.0,-1378.5,-4050.5,-1339.0,-881.5,-1390.5,-997.5,-2009.5,-2298.0,-200.0,-850.0
2021-02-25,-5401.5,-1624.0,-4141.5,-1339.0,-972.5,-1545.0,-997.5,-2009.5,-2389.0,-200.0,-1095.5
2021-02-26,-5337.5,-1424.0,-4141.5,-1339.0,-972.5,-1345.0,-997.5,-2009.5,-2389.0,-200.0,-1095.5
2021-02-27,-5337.5,-1424.0,-4141.5,-1339.0,-972.5,-1345.0,-997.5,-2009.5,-2389.0,-200.0,-1095.5
2021-02-28,-5537.5,-1624.0,-4141.5,-1339.0,-972.5,-1345.0,-997.5,-2009.5,-2389.0,-200.0,-1095.5
2021-03-01,-5930.5,-1817.0,-4199.5,-1339.0,-972.5,-1538.0,-997.5,-2067.5,-2447.0,-200.0,-1095.5
2021-03-02,-6022.0,-1908.5,-4199.5,-1339.0,-972.5,-1629.5,-997.5,-2067.5,-2447.0,-200.0,-1095.5
2021-03-03,-5451.0,-1626.5,-4038.5,-1139.0,-611.5,-1508.5,-997.5,-1906.5,-2365.0,0.0,-916.5
2021-03-04,-5632.5,-1952.5,-4164.5,-1139.0,-611.5,-1634.5,-997.5,-1951.5,-2491.0,0.0,-916.5
2021-03-05,-5725.0,-2245.0,-4164.5,-1139.0,-611.5,-1727.0,-997.5,-1951.5,-2491.0,0.0,-1009.0
2021-03-06,-5725.0,-2245.0,-4164.5,-1139.0,-611.5,-1727.0,-997.5,-1951.5,-2491.0,0.0,-1009.0
2021-03-07,-5525.0,-2045.0,-4164.5,-1139.0,-611.5,-1527.0,-997.5,-1951.5,-2491.0,0.0,-1009.0
2021-03-08,-5404.0,-1845.0,-3964.5,-1139.0,-611.5,-1327.0,-997.5,-1951.5,-2291.0,0.0,-809.0
2021-03-09,-6217.0,-2108.0,-4066.0,-1139.0,-611.5,-1428.5,-997.5,-2053.0,-2392.5,0.0,-970.5
2021-03-10,-6218.0,-1908.0,-4066.0,-1139.0,-611.5,-1428.5,-997.5,-2053.0,-2392.5,0.0,-770.5
2021-03-11,-6436.5,-2126.5,-4084.5,-1157.5,-811.5,-1447.0,-1016.0,-2071.5,-2411.0,0.0,-789.0
2021-03-12,-6365.5,-1966.5,-4124.5,-1157.5,-611.5,-1287.0,-1016.0,-2111.5,-2251.0,0.0,-789.0
2021-03-13,-6365.5,-1966.5,-4124.5,-1157.5,-611.5,-1287.0,-1016.0,-2111.5,-2251.0,0.0,-789.0
2021-03-14,-6365.5,-1966.5,-4124.5,-1157.5,-611.5,-1287.0,-1016.0,-2111.5,-2251.0,0.0,-789.0
2021-03-15,-6019.0,-1878.5,-4236.5,-1192.5,-611.5,-1153.0,-1051.0,-2177.5,-2435.5,0.0,-942.5
2021-03-16,-6233.0,-1919.5,-4277.5,-1192.5,-611.5,-1153.0,-1051.0,-2177.5,-2476.5,0.0,-942.5
2021-03-17,-6340.0,-2003.0,-4361.0,-1212.0,-611.5,-1236.5,-1070.5,-2261.0,-2560.0,0.0,-962.0
2021-03-18,-6959.0,-2150.5,-4361.0,-1212.0,-759.0,-1301.0,-1070.5,-2261.0,-2624.5,0.0,-1026.5
2021-03-19,-7275.0,-2172.5,-4383.0,-1212.0,-781.0,-1323.0,-1070.5,-2283.0,-2646.5,0.0,-1026.5
2021-03-20,-7275.0,-2172.5,-4383.0,-1212.0,-781.0,-1323.0,-1070.5,-2283.0,-2646.5,0.0,-1026.5
2021-03-21,-7301.0,-2198.5,-4409.0,-1212.0,-807.0,-1349.0,-1070.5,-2309.0,-2672.5,0.0,-1026.5
2021-03-22,-7383.0,-2280.5,-4491.0,-1212.0,-807.0,-1431.0,-1070.5,-2391.0,-2754.5,0.0,-1026.5
2021-03-23,-6938.0,-1932.0,-4342.5,-1012.0,-732.0,-1082.5,-1070.5,-2242.5,-2606.0,0.0,-885.5
2021-03-24,-6518.0,-1972.0,-4234.5,-1059.0,-925.0,-1034.5,-1117.5,-2087.5,-2558.0,0.0,-932.5
2021-03-25,-6509.0,-1963.0,-4051.0,-1123.5,-1099.5,-917.5,-1117.5,-2104.0,-2374.5,0.0,-1013.5
2021-03-26,-6473.0,-1883.0,-3971.0,-923.5,-977.5,-837.5,-917.5,-1981.0,-2294.5,0.0,-848.5
2021-03-27,-6473.0,-1883.0,-3971.0,-923.5,-977.5,-837.5,-917.5,-1981.0,-2294.5,0.0,-848.5
2021-03-28,-6473.0,-1883.0,-3971.0,-923.5,-977.5,-837.5,-917.5,-1981.0,-2294.5,0.0,-848.5
2021-03-29,-6197.0,-2008.5,-4049.5,-1023.0,-1077.0,-863.5,-917.5,-2007.0,-2373.0,0.0,-948.0
2021-03-30,-6468.5,-2186.5,-4092.5,-1066.0,-1200.0,-961.5,-960.5,-2050.0,-2471.0,-43.0,-846.0
2021-03-31,-6655.0,-2223.0,-4129.0,-1066.0,-1219.5,-998.0,-960.5,-2086.5,-2507.5,-43.0,-863.0
2021-04-01,-6892.5,-2361.0,-4199.0,-1127.0,-1280.5,-1136.0,-960.5,-2124.0,-2645.5,-43.0,-956.5
2021-04-02,-6892.5,-2361.0,-4199.0,-1127.0,-1280.5,-1136.0,-960.5,-2124.0,-2645.5,-43.0,-956.5
2021-04-03,-6892.5,-2361.0,-4199.0,-1127.0,-1280.5,-1136.0,-960.5,-2124.0,-2645.5,-43.0,-956.5
2021-04-04,-6904.5,-2373.0,-4211.0,-1127.0,-1280.5,-1148.0,-960.5,-2136.0,-2657.5,-43.0,-956.5
2021-04-05,-7011.0,-2469.0,-4241.0,-1127.0,-1280.5,-1244.0,-960.5,-2166.0,-2753.5,-43.0,-956.5
2021-04-06,-7051.0,-2306.0,-4259.0,-1127.0,-1317.5,-1044.0,-960.5,-2184.0,-2553.5,-43.0,-956.5
2021-04-07,-7160.5,-2415.5,-4277.5,-1212.5,-1368.0,-1167.0,-987.0,-2202.5,-2604.0,-43.0,-1042.0
2021-04-08,-7235.5,-2490.5,-4305.5,-1212.5,-1452.5,-1242.0,-987.0,-2230.5,-2679.0,-43.0,-1042.0
2021-04-09,-7243.0,-2519.5,-4334.5,-1212.5,-1481.5,-1271.0,-987.0,-2230.5,-2708.0,-43.0,-1042.0
2021-04-10,-7243.0,-2519.5,-4334.5,-1212.5,-1481.5,-1271.0,-987.0,-2230.5,-2708.0,-43.0,-1042.0
2021-04-11,-7243.0,-2519.5,-4334.5,-1212.5,-1481.5,-1271.0,-987.0,-2230.5,-2708.0,-43.0,-1042.0
2021-04-12,-7380.5,-2622.0,-4364.0,-1212.5,-1575.5,-1321.0,-987.0,-2260.0,-2772.5,-43.0,-1071.5
2021-04-13,-7489.5,-2731.0,-4410.0,-1247.5,-1644.5,-1430.0,-987.0,-2306.0,-2833.0,-43.0,-1106.5
2021-04-14,-7677.5,-2821.5,-4468.5,-1247.5,-1670.0,-1473.5,-987.0,-2339.0,-2923.5,-43.0,-1156.5
2021-04-15,-7437.0,-2581.0,-4551.5,-1247.5,-1627.5,-1457.0,-987.0,-2422.0,-2782.5,-43.0,-1114.0
2021-04-16,-7565.0,-2627.0,-4595.5,-1247.5,-1658.5,-1457.0,-987.0,-2466.0,-2826.5,-43.0,-1114.0
2021-04-17,-7565.0,-2627.0,-4595.5,-1247.5,-1658.5,-1457.0,-987.0,-2466.0,-2826.5,-43.0,-1114.0
2021-04-18,-7565.0,-2627.0,-4595.5,-1271.0,-1658.5,-1457.0,-1010.5,-2489.5,-2826.5,-66.5,-1137.5
2021-04-19,-7636.5,-2659.5,-4628.0,-1271.0,-1691.0,-1489.5,-1010.5,-2305.0,-2859.0,-66.5,-1137.5
2021-04-20,-7233.0,-2666.0,-4735.0,-1219.0,-1664.5,-1496.0,-1010.5,-2363.5,-2966.0,-66.5,-1085.5
2021-04-21,-6996.5,-2532.0,-4801.0,-1219.0,-1730.5,-1330.5,-1010.5,-2395.0,-3032.0,-66.5,-1117.0
2021-04-22,-7242.5,-2755.5,-4829.0,-1307.0,-1846.5,-1446.5,-1010.5,-2423.0,-3060.0,-66.5,-1246.5
2021-04-23,-7225.0,-2738.0,-4829.0,-1307.0,-1846.5,-1429.0,-1010.5,-2423.0,-3060.0,-66.5,-1246.5
2021-04-24,-7225.0,-2738.0,-4829.0,-1307.0,-1846.5,-1429.0,-1010.5,-2423.0,-3060.0,-66.5,-1246.5
2021-04-25,-7225.0,-2738.0,-4829.0,-1307.0,-1846.5,-1429.0,-1010.5,-2423.0,-3060.0,-66.5,-1246.5
2021-04-26,-7417.5,-2810.5,-4839.0,-1307.0,-1954.0,-1501.5,-1010.5,-2433.0,-3070.0,-66.5,-1246.5
2021-04-27,-7252.5,-2610.5,-4639.0,-1307.0,-1954.0,-1301.5,-1010.5,-2233.0,-2870.0,-66.5,-1046.5
2021-04-28,-7139.0,-2635.0,-4695.5,-1329.0,-1936.0,-1304.0,-1032.5,-2289.5,-2926.5,-88.5,-1068.5
2021-04-29,-7333.5,-2635.0,-4695.5,-1329.0,-1936.0,-1304.0,-1032.5,-2289.5,-2926.5,-88.5,-1068.5
2021-04-30,-7223.5,-2635.5,-4635.0,-1268.5,-1936.5,-1304.0,-972.0,-2289.5,-2866.0,-88.5,-1008.0
2021-05-01,-7223.5,-2635.5,-4635.0,-1268.5,-1936.5,-1304.0,-972.0,-2289.5,-2866.0,-88.5,-1008.0
2021-05-02,-7223.5,-2647.0,-4646.5,-1268.5,-1936.5,-1304.0,-972.0,-2301.0,-2877.5,-88.5,-1008.0
2021-05-03,-7100.0,-2713.0,-4656.5,-1268.5,-1992.5,-1304.0,-972.0,-2311.0,-2887.5,-88.5,-1018.0
2021-05-04,-7410.0,-2513.0,-4656.5,-1305.0,-1792.5,-1304.0,-972.0,-2311.0,-2687.5,-88.5,-1054.5
2021-05-05,-7530.5,-2344.0,-4687.5,-1305.0,-1592.5,-1335.0,-972.0,-2342.0,-2718.5,-88.5,-1054.5
2021-05-06,-7667.5,-2304.0,-4755.5,-1343.0,-1522.5,-1295.0,-1010.0,-2410.0,-2586.5,-88.5,-1184.5
2021-05-07,-7761.5,-2134.5,-4786.0,-1143.0,-1353.0,-1325.5,-1010.0,-2440.5,-2417.0,-88.5,-984.5
2021-05-08,-7761.5,-2134.5,-4786.0,-1143.0,-1353.0,-1325.5,-1010.0,-2440.5,-2417.0,-88.5,-984.5
2021-05-09,-7761.5,-2134.5,-4786.0,-1143.0,-1353.0,-1325.5,-1010.0,-2440.5,-2417.0,-88.5,-984.5
2021-05-10,-8126.5,-2236.5,-4888.0,-1143.0,-1431.5,-1427.5,-1010.0,-2465.0,-2519.0,-88.5,-1063.0
2021-05-11,-8193.5,-2303.5,-4888.0,-1143.0,-1431.5,-1494.5,-1010.0,-2465.0,-2586.0,-88.5,-1063.0
2021-05-12,-7908.0,-1972.5,-4757.0,-1143.0,-1431.5,-1163.5,-1010.0,-2265.0,-2455.0,-88.5,-1063.0
2021-05-13,-7478.5,-1728.0,-4557.0,-1143.0,-1431.5,-963.5,-1010.0,-2065.0,-2255.0,-88.5,-924.0
2021-05-14,-7920.0,-1846.5,-4582.5,-1143.0,-1431.5,-1082.0,-1010.0,-2090.5,-2280.5,-88.5,-924.0
2021-05-15,-7920.0,-1846.5,-4582.5,-1143.0,-1431.5,-1082.0,-1010.0,-2090.5,-2280.5,-88.5,-924.0
2021-05-16,-7920.0,-1846.5,-4582.5,-1143.0,-1431.5,-1082.0,-1010.0,-2090.5,-2280.5,-88.5,-924.0
2021-05-17,-7777.5,-1704.0,-4616.0,-1200.5,-1489.0,-939.5,-1043.5,-2124.0,-2314.0,-88.5,-981.5
2021-05-18,-7924.5,-1785.0,-4697.0,-1200.5,-1570.0,-1020.5,-1043.5,-2124.0,-2395.0,-88.5,-981.5
2021-05-19,-7755.5,-1735.0,-4774.5,-1227.0,-1596.5,-898.0,-1070.0,-2201.5,-2472.5,-88.5,-1008.0
2021-05-20,-7878.0,-1607.0,-4774.5,-1027.0,-1668.5,-770.0,-1070.0,-2201.5,-2472.5,-88.5,-808.0
2021-05-21,-7896.5,-1625.5,-4793.0,-1027.0,-1687.0,-788.5,-1070.0,-2220.0,-2491.0,-88.5,-808.0
2021-05-22,-7896.5,-1625.5,-4793.0,-1027.0,-1687.0,-788.5,-1070.0,-2220.0,-2491.0,-88.5,-808.0
2021-05-23,-7922.0,-1651.0,-4818.5,-1027.0,-1687.0,-814.0,-1070.0,-2245.5,-2516.5,-88.5,-808.0
2021-05-24,-8096.0,-1812.0,-4818.5,-1027.0,-1848.0,-882.0,-1070.0,-2245.5,-2516.5,-88.5,-808.0
2021-05-25,-8106.0,-1822.0,-4852.0,-1027.0,-1881.5,-915.5,-1070.0,-2245.5,-2550.0,-88.5,-784.5
2021-05-26,-8178.0,-1909.0,-4887.0,-1091.5,-1881.5,-990.0,-1082.5,-2280.5,-2585.0,-140.5,-849.0
2021-05-27,-8216.5,-1944.5,-4956.0,-1154.5,-1945.0,-977.5,-1104.0,-2322.0,-2656.0,-140.5,-914.0
2021-05-28,-8180.5,-1908.5,-5009.0,-1093.0,-1909.0,-1030.5,-1104.0,-2347.5,-2620.0,-79.0,-852.5
2021-05-29,-8180.5,-1908.5,-5009.0,-1093.0,-1909.0,-1030.5,-1104.0,-2347.5,-2620.0,-79.0,-852.5
2021-05-30,-8180.5,-1908.5,-5009.0,-1093.0,-1909.0,-1030.5,-1104.0,-2347.5,-2620.0,-79.0,-852.5
2021-05-31,-8118.0,-1846.5,-5023.0,-1107.0,-1909.0,-1078.0,-1118.0,-2361.5,-2634.0,-93.0,-866.5
2021-06-01,-8088.5,-1725.0,-5091.5,-1107.0,-1709.0,-956.5,-1118.0,-2400.0,-2485.5,-93.0,-693.5
2021-06-02,-8248.5,-1787.5,-5109.0,-1107.0,-1709.0,-974.0,-1118.0,-2417.5,-2503.0,-93.0,-738.5
2021-06-03,-8328.0,-1875.5,-5120.5,-1107.0,-1785.5,-985.5,-1118.0,-2429.0,-2514.5,-93.0,-738.5
2021-06-04,-8350.0,-1817.0,-5194.5,-1139.0,-1785.5,-1127.0,-1150.0,-2477.5,-2588.5,-93.0,-787.0
2021-06-05,-8350.0,-1817.0,-5194.5,-1139.0,-1785.5,-1127.0,-1150.0,-2477.5,-2588.5,-93.0,-787.0
2021-06-06,-8350.0,-1817.0,-5194.5,-1139.0,-1785.5,-1127.0,-1150.0,-2477.5,-2588.5,-93.0,-787.0
2021-06-07,-8403.5,-1870.5,-5248.0,-1170.0,-1785.5,-1180.5,-1181.0,-2500.0,-2642.0,-93.0,-818.0
2021-06-08,-8335.5,-1969.0,-5287.0,-1340.0,-1910.0,-1154.5,-1181.0,-2539.0,-2681.0,-93.0,-877.5
2021-06-09,-8354.5,-1988.0,-5306.0,-1404.0,-1788.0,-1173.5,-1181.0,-2558.0,-2700.0,-93.0,-905.0
2021-06-10,-8063.0,-2015.0,-5333.0,-1416.5,-1788.0,-1200.5,-1193.5,-2585.0,-2727.0,-93.0,-917.5
2021-06-11,-8011.5,-2064.0,-5349.0,-1416.5,-1788.0,-1249.5,-1193.5,-2601.0,-2776.0,-93.0,-917.5
2021-06-12,-8011.5,-2064.0,-5349.0,-1416.5,-1788.0,-1249.5,-1193.5,-2601.0,-2776.0,-93.0,-917.5
2021-06-13,-8011.5,-2064.0,-5349.0,-1416.5,-1788.0,-1249.5,-1193.5,-2601.0,-2776.0,-93.0,-917.5
2021-06-14,-8120.0,-2143.5,-5379.5,-1436.0,-1788.0,-1260.5,-1213.0,-2612.0,-2806.5,-93.0,-948.0
2021-06-15,-8152.5,-2175.5,-5364.0,-1427.5,-1804.0,-1292.5,-1213.0,-2596.5,-2822.5,-93.0,-939.5
2021-06-16,-8159.0,-2182.0,-5382.0,-1427.5,-1804.0,-1269.5,-1213.0,-2614.5,-2766.5,-93.0,-957.5
2021-06-17,-8033.5,-2010.0,-5410.0,-1255.5,-1804.0,-1097.5,-1241.0,-2642.5,-2594.5,-93.0,-785.5
2021-06-18,-8076.5,-2041.0,-5441.0,-1286.5,-1835.0,-1128.5,-1272.0,-2673.5,-2625.5,-124.0,-816.5
2021-06-19,-8076.5,-2041.0,-5441.0,-1286.5,-1835.0,-1128.5,-1272.0,-2673.5,-2625.5,-124.0,-816.5
2021-06-20,-8076.5,-2041.0,-5441.0,-1286.5,-1835.0,-1128.5,-1272.0,-2673.5,-2625.5,-124.0,-816.5
2021-06-21,-7997.0,-2136.0,-5426.0,-1396.5,-1820.0,-1223.5,-1272.0,-2658.5,-2610.5,-234.0,-911.5
2021-06-22,-7842.0,-1955.5,-5445.5,-1403.5,-1620.0,-1243.0,-1279.0,-2678.0,-2630.0,-234.0,-718.5
2021-06-23,-7945.0,-2058.5,-5519.5,-1457.0,-1679.0,-1346.0,-1332.5,-2698.5,-2733.0,-234.0,-801.0
2021-06-24,-7783.0,-1904.5,-5365.5,-1457.0,-1725.0,-1192.0,-1332.5,-2523.0,-2579.0,-234.0,-609.0
2021-06-25,-7741.5,-1899.5,-5365.5,-1493.0,-1720.0,-1192.0,-1332.5,-2523.0,-2579.0,-234.0,-645.0
2021-06-26,-7741.5,-1899.5,-5365.5,-1493.0,-1720.0,-1192.0,-1332.5,-2523.0,-2579.0,-234.0,-645.0
2021-06-27,-7741.5,-1899.5,-5365.5,-1493.0,-1720.0,-1192.0,-1332.5,-2523.0,-2579.0,-234.0,-645.0
2021-06-28,-7855.0,-1745.5,-5379.5,-1493.0,-1720.0,-1238.0,-1332.5,-2537.0,-2379.0,-234.0,-491.0
2021-06-29,-7669.0,-1559.5,-5418.0,-1493.0,-1534.0,-1052.0,-1332.5,-2549.0,-2193.0,-234.0,-330.5
2021-06-30,-7688.5,-1579.0,-5430.5,-1493.0,-1534.0,-1028.0,-1332.5,-2561.5,-2205.5,-234.0,-374.0
2021-07-01,-7705.0,-1674.0,-5449.0,-1588.0,-1629.0,-1123.0,-1351.0,-2580.0,-2224.0,-252.5,-469.0
2021-07-02,-7717.0,-1686.0,-5461.0,-1588.0,-1629.0,-1135.0,-1351.0,-2592.0,-2236.0,-252.5,-469.0
2021-07-03,-7717.0,-1686.0,-5461.0,-1588.0,-1629.0,-1135.0,-1351.0,-2592.0,-2236.0,-252.5,-469.0
2021-07-04,-7717.0,-1686.0,-5461.0,-1588.0,-1629.0,-1135.0,-1351.0,-2592.0,-2236.0,-252.5,-469.0
2021-07-05,-7775.0,-1744.0,-5519.0,-1588.0,-1672.0,-1176.0,-1351.0,-2650.0,-2294.0,-252.5,-497.0
2021-07-06,-7854.5,-1778.0,-5533.0,-1588.0,-1706.0,-1210.0,-1351.0,-2664.0,-2328.0,-252.5,-497.0
2021-07-07,-7703.5,-1601.5,-5358.5,-1588.0,-1506.0,-1035.5,-1351.0,-2664.0,-2153.5,-252.5,-497.0
2021-07-08,-7554.5,-1640.5,-5397.5,-1627.0,-1506.0,-1074.5,-1390.0,-2664.0,-2192.5,-252.5,-536.0
2021-07-09,-7376.5,-1462.5,-5219.5,-1427.0,-1506.0,-896.5,-1190.0,-2486.0,-2014.5,-252.5,-336.0
2021-07-10,-7376.5,-1462.5,-5219.5,-1427.0,-1506.0,-896.5,-1190.0,-2486.0,-2014.5,-252.5,-336.0
2021-07-11,-7376.5,-1462.5,-5219.5,-1427.0,-1506.0,-896.5,-1190.0,-2486.0,-2014.5,-252.5,-336.0
2021-07-12,-7551.0,-1610.0,-5265.5,-1427.0,-1552.0,-966.0,-1190.0,-2506.5,-2060.5,-252.5,-405.5
2021-07-13,-7643.0,-1690.5,-5310.0,-1427.0,-1552.0,-1046.5,-1190.0,-2528.0,-2141.0,-252.5,-405.5
2021-07-14,-7696.5,-1688.0,-5351.0,-1427.0,-1593.0,-1136.5,-1190.0,-2569.0,-2231.0,-252.5,-362.0
2021-07-15,-7545.5,-1737.0,-5400.0,-1427.0,-1593.0,-1185.5,-1190.0,-2569.0,-2280.0,-252.5,-362.0
2021-07-16,-7672.5,-1800.5,-5443.5,-1447.0,-1636.5,-1249.0,-1210.0,-2612.5,-2343.5,-252.5,-382.0
2021-07-17,-7672.5,-1800.5,-5443.5,-1447.0,-1636.5,-1249.0,-1210.0,-2612.5,-2343.5,-252.5,-382.0
2021-07-18,-7672.5,-1800.5,-5443.5,-1447.0,-1636.5,-1249.0,-1210.0,-2612.5,-2343.5,-252.5,-382.0
2021-07-19,-7934.5,-1886.0,-5468.0,-1471.5,-1636.5,-1334.5,-1234.5,-2637.0,-2221.5,-252.5,-467.5
2021-07-20,-8014.5,-1909.5,-5491.5,-1471.5,-1636.5,-1358.0,-1234.5,-2660.5,-2245.0,-252.5,-467.5
2021-07-21,-8174.5,-2026.0,-5515.5,-1588.0,-1683.5,-1474.5,-1258.5,-2684.5,-2361.5,-252.5,-584.0
2021-07-22,-8331.0,-2106.0,-5595.5,-1616.5,-1738.5,-1554.5,-1287.0,-2736.0,-2441.5,-252.5,-612.5
2021-07-23,-8357.5,-2132.5,-5622.0,-1616.5,-1754.5,-1581.0,-1287.0,-2752.0,-2468.0,-252.5,-612.5
2021-07-24,-8357.5,-2132.5,-5622.0,-1616.5,-1754.5,-1581.0,-1287.0,-2752.0,-2468.0,-252.5,-612.5
2021-07-25,-8382.0,-2157.0,-5646.5,-1641.0,-1779.0,-1605.5,-1311.5,-2776.5,-2492.5,-277.0,-637.0
2021-07-26,-8459.5,-2234.5,-5672.0,-1654.0,-1792.0,-1657.5,-1311.5,-2776.5,-2484.0,-324.0,-650.0
2021-07-27,-8662.5,-2293.0,-5686.5,-1668.5,-1806.5,-1701.5,-1326.0,-2791.0,-2498.5,-324.0,-664.5
2021-07-28,-8756.5,-2387.0,-5686.5,-1768.5,-1806.5,-1701.5,-1326.0,-2791.0,-2498.5,-424.0,-764.5
2021-07-29,-8894.0,-2422.0,-5721.5,-1768.5,-1829.5,-1736.5,-1326.0,-2826.0,-2533.5,-424.0,-764.5
2021-07-30,-8749.5,-2222.0,-5755.5,-1768.5,-1863.5,-1826.0,-1326.0,-2826.0,-2623.0,-424.0,-564.5
2021-07-31,-8749.5,-2222.0,-5755.5,-1768.5,-1863.5,-1826.0,-1326.0,-2826.0,-2623.0,-424.0,-564.5
2021-08-01,-8749.5,-2222.0,-5755.5,-1768.5,-1863.5,-1826.0,-1326.0,-2826.0,-2623.0,-424.0,-564.5
2021-08-02,-8629.0,-2247.0,-5780.5,-1768.5,-1888.5,-1851.0,-1326.0,-2851.0,-2648.0,-424.0,-564.5
2021-08-03,-8757.0,-2304.5,-5810.0,-1797.5,-1946.0,-1947.0,-1355.0,-2880.5,-2677.5,-424.0,-593.5
2021-08-04,-8765.0,-2399.0,-5861.5,-1809.0,-1989.0,-1981.5,-1366.5,-2909.0,-2729.0,-435.5,-622.0
2021-08-05,-8646.0,-2280.5,-5921.5,-1851.5,-2049.0,-2045.5,-1366.5,-2948.5,-2789.0,-435.5,-664.5
2021-08-06,-8710.5,-2294.0,-5931.5,-1851.5,-2019.5,-2059.0,-1366.5,-2958.5,-2819.5,-435.5,-665.5
2021-08-07,-8710.5,-2294.0,-5931.5,-1851.5,-2019.5,-2059.0,-1366.5,-2958.5,-2819.5,-435.5,-665.5
2021-08-08,-8710.5,-2294.0,-5931.5,-1851.5,-2019.5,-2059.0,-1366.5,-2958.5,-2819.5,-435.5,-665.5
2021-08-09,-8539.0,-2287.5,-5953.0,-1823.5,-2041.0,-2031.0,-1366.5,-2973.0,-2841.0,-435.5,-637.5
2021-08-10,-8660.0,-2352.5,-5993.0,-1876.5,-2070.0,-2048.0,-1394.5,-3007.0,-2906.0,-463.5,-690.5
2021-08-11,-8521.5,-2438.5,-6022.5,-1933.0,-2126.5,-2134.0,-1394.5,-3007.0,-2935.5,-463.5,-747.0
2021-08-12,-8386.5,-2512.5,-6051.0,-1978.5,-2200.5,-2208.0,-1394.5,-3035.5,-2964.0,-463.5,-821.0
2021-08-13,-8467.0,-2515.0,-6080.5,-1991.5,-2173.5,-2210.5,-1407.5,-3065.0,-2993.5,-476.5,-834.0
2021-08-14,-8467.0,-2515.0,-6080.5,-1991.5,-2173.5,-2210.5,-1407.5,-3065.0,-2993.5,-476.5,-834.0
2021-08-15,-8511.0,-2559.0,-6080.5,-1991.5,-2173.5,-2210.5,-1407.5,-3065.0,-2993.5,-476.5,-834.0
2021-08-16,-8341.5,-2679.0,-6101.5,-1991.5,-2272.5,-2330.5,-1407.5,-3065.0,-3014.5,-476.5,-855.0
2021-08-17,-8141.5,-2479.0,-5901.5,-1791.5,-2272.5,-2130.5,-1207.5,-2865.0,-2814.5,-276.5,-655.0
2021-08-18,-8162.5,-2500.0,-5922.5,-1791.5,-2272.5,-2151.5,-1207.5,-2886.0,-2835.5,-276.5,-655.0
2021-08-19,-7875.5,-2140.5,-5913.5,-1837.5,-2318.5,-1746.0,-1253.5,-2831.0,-2876.0,-322.5,-657.5
2021-08-20,-7915.5,-2140.5,-5913.5,-1837.5,-2318.5,-1746.0,-1253.5,-2831.0,-2876.0,-322.5,-657.5
2021-08-21,-7915.5,-2140.5,-5913.5,-1837.5,-2318.5,-1746.0,-1253.5,-2831.0,-2876.0,-322.5,-657.5
2021-08-22,-7980.5,-2164.5,-5937.5,-1849.5,-2318.5,-1770.0,-1265.5,-2855.0,-2900.0,-334.5,-669.5
2021-08-23,-8042.5,-2204.5,-5955.0,-1849.5,-2358.5,-1810.0,-1265.5,-2872.5,-2917.5,-334.5,-692.0
2021-08-24,-8104.5,-2254.0,-6015.5,-1882.0,-2375.5,-1859.5,-1298.0,-2933.0,-2967.0,-334.5,-724.5
2021-08-25,-8140.0,-2289.5,-6055.5,-1898.5,-2399.0,-1878.5,-1314.5,-2973.0,-3016.0,-351.0,-741.0
2021-08-26,-8113.5,-2263.0,-6068.0,-1928.0,-2429.0,-1852.0,-1314.5,-2985.5,-3028.5,-351.0,-783.0
2021-08-27,-8230.0,-2306.0,-6111.0,-1948.5,-2451.5,-1895.0,-1335.0,-3006.0,-3071.5,-351.0,-803.5
2021-08-28,-8230.0,-2306.0,-6111.0,-1948.5,-2451.5,-1895.0,-1335.0,-3006.0,-3071.5,-351.0,-803.5
2021-08-29,-8230.0,-2306.0,-6111.0,-1948.5,-2451.5,-1895.0,-1335.0,-3006.0,-3071.5,-351.0,-803.5
2021-08-30,-7898.0,-2323.0,-6157.5,-1948.5,-2451.5,-1907.5,-1335.0,-2835.5,-3118.0,-351.0,-803.5
2021-08-31,-7968.0,-2393.0,-6174.5,-1948.5,-2521.5,-1924.5,-1335.0,-2852.5,-3135.0,-351.0,-856.5
2021-09-01,-7956.0,-2446.0,-6192.5,-2001.5,-2539.5,-1977.5,-1353.0,-2870.5,-3153.0,-369.0,-909.5
2021-09-02,-7954.0,-2246.0,-5992.5,-2001.5,-2339.5,-1777.5,-1353.0,-2670.5,-2953.0,-369.0,-909.5
2021-09-03,-8046.0,-2338.0,-5992.5,-2027.0,-2371.0,-1777.5,-1353.0,-2670.5,-2984.5,-369.0,-935.0
2021-09-04,-8046.0,-2338.0,-5992.5,-2027.0,-2371.0,-1777.5,-1353.0,-2670.5,-2984.5,-369.0,-935.0
2021-09-05,-8046.0,-2338.0,-5992.5,-2027.0,-2371.0,-1777.5,-1353.0,-2670.5,-2984.5,-369.0,-935.0
2021-09-06,-7962.5,-2254.5,-5909.0,-2019.0,-2371.0,-1681.0,-1345.0,-2587.0,-2901.0,-369.0,-838.5
2021-09-07,-7882.0,-2260.5,-5894.0,-2021.5,-2377.0,-1733.5,-1345.0,-2572.0,-2886.0,-369.0,-841.0
2021-09-08,-8064.5,-2060.5,-5904.5,-2021.5,-2177.0,-1533.5,-1345.0,-2582.5,-2686.0,-369.0,-841.0
2021-09-09,-7886.0,-1882.0,-5726.0,-1821.5,-1998.5,-1355.0,-1345.0,-2404.0,-2507.5,-369.0,-641.0
2021-09-10,-7964.5,-1915.5,-5759.5,-1836.0,-1998.5,-1388.5,-1359.5,-2437.5,-2541.0,-369.0,-655.5
2021-09-11,-7964.5,-1915.5,-5759.5,-1836.0,-1998.5,-1388.5,-1359.5,-2437.5,-2541.0,-369.0,-655.5
2021-09-12,-7973.0,-1924.0,-5768.0,-1844.5,-1998.5,-1397.0,-1368.0,-2446.0,-2549.5,-369.0,-664.0
2021-09-13,-8059.5,-1985.0,-5829.0,-1844.5,-1998.5,-1458.0,-1368.0,-2477.0,-2610.5,-369.0,-664.0
2021-09-14,-8239.5,-2165.0,-5853.0,-2007.0,-2178.5,-1543.0,-1368.0,-2501.0,-2671.5,-369.0,-826.5
2021-09-15,-7976.5,-2107.0,-5653.0,-2091.0,-2236.5,-1685.0,-1368.0,-2301.0,-2471.5,-453.0,-910.5
2021-09-16,-7655.5,-1751.0,-5453.0,-1891.0,-2080.5,-1285.0,-1168.0,-2301.0,-2271.5,-453.0,-510.5
2021-09-17,-7824.0,-1786.5,-5453.0,-1891.0,-2116.0,-1285.0,-1168.0,-2301.0,-2307.0,-453.0,-510.5
2021-09-18,-7824.0,-1786.5,-5453.0,-1891.0,-2116.0,-1285.0,-1168.0,-2301.0,-2307.0,-453.0,-510.5
2021-09-19,-7624.0,-1586.5,-5453.0,-1691.0,-2116.0,-1085.0,-1168.0,-2301.0,-2307.0,-253.0,-310.5
2021-09-20,-7656.5,-1491.0,-5557.5,-1691.0,-2157.0,-989.5,-1168.0,-2301.0,-2211.5,-253.0,-310.5
2021-09-21,-7622.0,-1656.5,-5574.0,-1691.0,-2157.0,-1155.0,-1168.0,-2317.5,-2228.0,-253.0,-310.5
2021-09-22,-7688.0,-1722.5,-5640.0,-1691.0,-2187.5,-1221.0,-1168.0,-2383.5,-2294.0,-253.0,-310.5
2021-09-23,-7931.0,-1929.5,-5706.5,-1736.5,-2254.0,-1428.0,-1195.0,-2450.0,-2410.5,-280.0,-395.5
2021-09-24,-7972.0,-1796.0,-5706.5,-1736.5,-2054.0,-1494.5,-1195.0,-2450.0,-2410.5,-280.0,-395.5
2021-09-25,-7972.0,-1796.0,-5706.5,-1736.5,-2054.0,-1494.5,-1195.0,-2450.0,-2410.5,-280.0,-395.5
2021-09-26,-8002.5,-1826.5,-5737.0,-1736.5,-2054.0,-1525.0,-1195.0,-2480.5,-2441.0,-280.0,-395.5
2021-09-27,-8364.5,-1988.5,-5754.5,-1736.5,-1925.5,-1687.0,-1195.0,-2498.0,-2458.5,-280.0,-486.0
2021-09-28,-8516.5,-1996.0,-5411.0,-1736.5,-1987.5,-1638.0,-1195.0,-2298.0,-2377.0,-280.0,-348.0
2021-09-29,-8741.0,-2138.5,-5248.5,-1848.5,-1987.5,-1780.5,-1232.5,-2135.5,-2214.5,-280.0,-490.5
2021-09-30,-8724.0,-2222.5,-5269.0,-1869.0,-2051.0,-1864.5,-1253.0,-2156.0,-2298.5,-280.0,-511.0
2021-10-01,-8346.5,-2093.5,-5317.5,-1869.0,-1851.0,-1913.0,-1253.0,-2204.5,-2347.0,-280.0,-311.0
2021-10-02,-8346.5,-2093.5,-5317.5,-1869.0,-1851.0,-1913.0,-1253.0,-2204.5,-2347.0,-280.0,-311.0
2021-10-03,-8346.5,-2093.5,-5317.5,-1869.0,-1851.0,-1913.0,-1253.0,-2204.5,-2347.0,-280.0,-311.0
2021-10-04,-8061.5,-2323.5,-5492.5,-2230.5,-1931.5,-1900.0,-1329.0,-2249.5,-2522.0,-376.5,-817.0
2021-10-05,-8007.5,-2357.0,-5332.5,-2230.5,-1931.5,-1893.5,-1329.0,-2089.5,-2362.0,-376.5,-857.0
2021-10-06,-8240.5,-2387.5,-5493.5,-2287.5,-1985.0,-1854.5,-1386.0,-2089.5,-2323.0,-376.5,-914.0
2021-10-07,-8323.0,-2458.0,-5564.0,-2320.0,-2055.5,-1925.0,-1418.5,-2160.0,-2393.5,-376.5,-946.5
2021-10-08,-8311.0,-2567.0,-5623.5,-2237.5,-1973.0,-1984.5,-1418.5,-2219.5,-2453.0,-376.5,-894.5
2021-10-09,-8311.0,-2567.0,-5623.5,-2237.5,-1973.0,-1984.5,-1418.5,-2219.5,-2453.0,-376.5,-894.5
2021-10-10,-8311.0,-2567.0,-5623.5,-2237.5,-1973.0,-1984.5,-1418.5,-2219.5,-2453.0,-376.5,-894.5
2021-10-11,-8355.0,-2630.5,-5628.0,-2237.5,-1977.5,-2048.0,-1418.5,-2224.0,-2516.5,-376.5,-894.5
2021-10-12,-8072.0,-2347.5,-5795.0,-2297.5,-1594.0,-2025.0,-1418.5,-2240.5,-2493.5,-376.5,-954.5
2021-10-13,-8144.5,-2347.5,-5795.0,-2297.5,-1594.0,-2025.0,-1418.5,-2240.5,-2493.5,-376.5,-954.5
2021-10-14,-8038.0,-2147.5,-5822.0,-2297.5,-1394.0,-1825.0,-1418.5,-2267.5,-2520.5,-376.5,-754.5
2021-10-15,-7849.0,-1958.5,-5863.0,-2108.5,-1205.0,-1636.0,-1418.5,-2308.5,-2561.5,-187.5,-565.5
2021-10-16,-7849.0,-1958.5,-5863.0,-2108.5,-1205.0,-1636.0,-1418.5,-2308.5,-2561.5,-187.5,-565.5
2021-10-17,-7849.0,-1958.5,-5863.0,-2108.5,-1205.0,-1636.0,-1418.5,-2308.5,-2561.5,-187.5,-565.5
2021-10-18,-7560.5,-1804.0,-5952.0,-2138.5,-1005.0,-1481.5,-1448.5,-2354.0,-2650.5,-217.5,-595.5
2021-10-19,-7380.0,-1617.5,-5765.5,-2138.5,-1005.0,-1536.5,-1448.5,-2367.5,-2464.0,-217.5,-395.5
2021-10-20,-7321.0,-1551.0,-5792.0,-2192.5,-1005.0,-1521.0,-1448.5,-2367.5,-2490.5,-217.5,-329.0
2021-10-21,-7521.5,-1379.0,-5854.5,-2227.0,-805.0,-1555.5,-1483.0,-2367.5,-2553.0,-252.0,-391.5
2021-10-22,-7419.5,-1432.5,-5908.0,-2255.5,-805.0,-1609.0,-1511.5,-2421.0,-2606.5,-252.0,-420.0
2021-10-23,-7419.5,-1432.5,-5908.0,-2255.5,-805.0,-1609.0,-1511.5,-2421.0,-2606.5,-252.0,-420.0
2021-10-24,-7419.5,-1432.5,-5908.0,-2255.5,-805.0,-1609.0,-1511.5,-2421.0,-2606.5,-252.0,-420.0
2021-10-25,-7608.0,-1254.0,-5729.5,-2255.5,-826.5,-1609.0,-1511.5,-2442.5,-2428.0,-252.0,-420.0
2021-10-26,-7188.5,-1011.5,-5552.5,-1990.0,-869.5,-1432.0,-1311.5,-2265.5,-2251.0,0.0,-154.5
2021-10-27,-7426.5,-1249.5,-5552.5,-2050.0,-1053.5,-1492.0,-1311.5,-2265.5,-2251.0,0.0,-268.5
2021-10-28,-7555.0,-1378.0,-5552.5,-2134.0,-1053.5,-1536.5,-1311.5,-2265.5,-2251.0,0.0,-352.5
2021-10-29,-7557.5,-1380.5,-5585.5,-2009.5,-980.5,-1539.0,-1311.5,-2265.5,-2284.0,-75.5,-228.0
2021-10-30,-7557.5,-1380.5,-5585.5,-2009.5,-980.5,-1539.0,-1311.5,-2265.5,-2284.0,-75.5,-228.0
2021-10-31,-7557.5,-1380.5,-5585.5,-2009.5,-980.5,-1539.0,-1311.5,-2265.5,-2284.0,-75.5,-228.0
2021-11-01,-7412.5,-1422.5,-5627.5,-2040.5,-980.5,-1581.0,-1342.5,-2296.5,-2326.0,-75.5,-270.0
2021-11-02,-7437.5,-1447.5,-5652.5,-2040.5,-980.5,-1606.0,-1342.5,-2321.5,-2351.0,-75.5,-270.0
2021-11-03,-7517.0,-1478.0,-5683.0,-2040.5,-980.5,-1620.5,-1342.5,-2352.0,-2381.5,-75.5,-270.0
2021-11-04,-7517.0,-1478.0,-5683.0,-2040.5,-980.5,-1620.5,-1342.5,-2352.0,-2381.5,-75.5,-270.0
2021-11-05,-7531.0,-1492.0,-5697.0,-2040.5,-980.5,-1634.5,-1342.5,-2366.0,-2395.5,-75.5,-270.0
2021-11-06,-7531.0,-1492.0,-5697.0,-2040.5,-980.5,-1634.5,-1342.5,-2366.0,-2395.5,-75.5,-270.0
2021-11-07,-7531.0,-1492.0,-5697.0,-2040.5,-980.5,-1634.5,-1342.5,-2366.0,-2395.5,-75.5,-270.0
2021-11-08,-7626.5,-1543.0,-5697.0,-2091.5,-1031.5,-1685.5,-1342.5,-2366.0,-2395.5,-75.5,-321.0
2021-11-09,-7775.0,-1623.5,-5697.0,-2091.5,-1112.0,-1716.5,-1342.5,-2366.0,-2431.5,-75.5,-321.0
2021-11-10,-8240.5,-1935.5,-5697.0,-2091.5,-1112.0,-1843.5,-1342.5,-2366.0,-2431.5,-75.5,-321.0
2021-11-11,-8095.0,-1789.0,-5697.0,-2091.5,-1112.0,-1643.5,-1342.5,-2366.0,-2285.0,-75.5,-374.5
2021-11-12,-8258.0,-1871.0,-5779.0,-2091.5,-1194.0,-1697.5,-1342.5,-2448.0,-2367.0,-75.5,-374.5
2021-11-13,-8258.0,-1871.0,-5779.0,-2091.5,-1194.0,-1697.5,-1342.5,-2448.0,-2367.0,-75.5,-374.5
2021-11-14,-8258.0,-1871.0,-5779.0,-2091.5,-1194.0,-1697.5,-1342.5,-2448.0,-2367.0,-75.5,-374.5
2021-11-15,-8282.5,-1895.5,-5803.5,-2091.5,-1218.5,-1722.0,-1342.5,-2472.5,-2391.5,-75.5,-374.5
2021-11-16,-8323.5,-1946.0,-5818.5,-2091.5,-1254.0,-1772.5,-1342.5,-2487.5,-2442.0,-75.5,-374.5
2021-11-17,-8505.5,-2062.0,-5835.0,-2091.5,-1254.0,-1888.5,-1342.5,-2504.0,-2458.5,-75.5,-374.5
2021-11-18,-8593.0,-2116.5,-5889.5,-2091.5,-1254.0,-1943.0,-1342.5,-2515.5,-2513.0,-75.5,-429.0
2021-11-19,-8655.0,-2141.0,-5914.0,-2116.0,-1254.0,-1967.5,-1367.0,-2540.0,-2537.5,-75.5,-453.5
2021-11-20,-8655.0,-2141.0,-5914.0,-2116.0,-1254.0,-1967.5,-1367.0,-2540.0,-2537.5,-75.5,-453.5
2021-11-21,-8655.0,-2141.0,-5914.0,-2116.0,-1254.0,-1967.5,-1367.0,-2540.0,-2537.5,-75.5,-453.5
2021-11-22,-8862.5,-2148.5,-5783.5,-2142.0,-1261.5,-1975.0,-1367.0,-2373.0,-2407.0,-75.5,-588.0
2021-11-23,-8783.0,-2340.5,-5887.0,-2142.0,-1421.0,-2167.0,-1367.0,-2476.5,-2510.5,-75.5,-588.0
2021-11-24,-8771.5,-2140.5,-5925.0,-2142.0,-1421.0,-2205.0,-1367.0,-2514.5,-2548.5,-75.5,-588.0
2021-11-25,-8805.0,-2218.5,-5978.0,-2142.0,-1454.5,-2258.0,-1367.0,-2567.5,-2601.5,-75.5,-588.0
2021-11-26,-8509.0,-2123.0,-6009.5,-2173.5,-1454.5,-2162.5,-1398.5,-2599.0,-2537.5,-75.5,-661.5
2021-11-27,-8509.0,-2123.0,-6009.5,-2173.5,-1454.5,-2162.5,-1398.5,-2599.0,-2537.5,-75.5,-661.5
2021-11-28,-8371.5,-2123.0,-6038.0,-2202.0,-1454.5,-2191.0,-1427.0,-2627.5,-2566.0,-104.0,-690.0
2021-11-29,-8576.0,-2371.0,-6177.0,-2250.0,-1502.5,-2282.0,-1475.0,-2658.0,-2705.0,-152.0,-798.5
2021-11-30,-8738.5,-2188.0,-6228.0,-2050.0,-1302.5,-2299.0,-1475.0,-2709.0,-2756.0,-152.0,-598.5
2021-12-01,-8965.0,-2156.0,-6377.0,-2133.0,-1454.0,-2533.0,-1558.0,-2775.0,-2990.0,-235.0,-766.5
2021-12-02,-9460.5,-2651.5,-6525.5,-2356.0,-1454.0,-3028.5,-1583.5,-2859.5,-3336.0,-333.5,-989.5
2021-12-03,-9588.0,-2867.0,-6608.5,-2356.0,-1622.0,-3244.0,-1583.5,-2895.0,-3498.5,-333.5,-1152.0
2021-12-04,-9588.0,-2867.0,-6608.5,-2356.0,-1622.0,-3244.0,-1583.5,-2895.0,-3498.5,-333.5,-1152.0
2021-12-05,-9588.0,-2867.0,-6608.5,-2356.0,-1622.0,-3244.0,-1583.5,-2895.0,-3498.5,-333.5,-1152.0
2021-12-06,-9281.0,-2502.0,-6443.5,-2391.0,-1622.0,-3079.0,-1618.5,-2730.0,-3333.5,-333.5,-1187.0
2021-12-07,-9518.0,-2702.0,-6443.5,-2391.0,-1822.0,-3279.0,-1618.5,-2730.0,-3333.5,-333.5,-1187.0
2021-12-08,-9478.0,-2662.0,-6475.0,-2422.5,-1897.0,-3354.0,-1650.0,-2761.5,-3408.5,-333.5,-1103.5
2021-12-09,-9616.5,-2769.5,-6475.0,-2483.5,-1897.0,-3354.0,-1650.0,-2761.5,-3516.0,-333.5,-1211.0
2021-12-10,-9763.5,-2658.5,-6614.0,-2291.5,-1742.0,-3443.0,-1708.0,-2819.5,-3655.0,-333.5,-1019.0
2021-12-11,-9763.5,-2658.5,-6614.0,-2291.5,-1742.0,-3443.0,-1708.0,-2819.5,-3655.0,-333.5,-1019.0
2021-12-12,-9763.5,-2658.5,-6614.0,-2291.5,-1742.0,-3443.0,-1708.0,-2819.5,-3655.0,-333.5,-1019.0
2021-12-13,-9196.5,-2645.5,-6427.5,-2291.5,-1826.5,-3541.0,-1708.0,-2833.0,-3468.5,-333.5,-903.5
2021-12-14,-9079.5,-2528.5,-6498.0,-2291.5,-1839.0,-3411.5,-1708.0,-2903.5,-3539.0,-333.5,-958.5
2021-12-15,-9573.0,-2602.0,-6529.5,-2432.0,-1912.5,-3544.5,-1708.0,-2935.0,-3570.5,-333.5,-1099.0
2021-12-16,-9880.0,-2586.0,-6603.0,-2505.5,-1962.5,-3528.5,-1781.5,-3008.5,-3644.0,-333.5,-1172.5
2021-12-17,-9709.5,-2464.0,-6603.0,-2305.5,-1840.5,-3328.5,-1781.5,-3008.5,-3722.0,-333.5,-972.5
2021-12-18,-9709.5,-2464.0,-6603.0,-2305.5,-1840.5,-3328.5,-1781.5,-3008.5,-3722.0,-333.5,-972.5
2021-12-19,-9745.5,-2500.0,-6639.0,-2305.5,-1840.5,-3364.5,-1781.5,-3044.5,-3758.0,-333.5,-1008.5
2021-12-20,-9810.0,-2615.0,-6754.0,-2358.0,-1903.0,-3479.5,-1834.0,-3159.5,-3873.0,-333.5,-1061.0
2021-12-21,-9556.5,-2415.0,-6754.0,-2358.0,-1903.0,-3479.5,-1834.0,-3159.5,-3673.0,-333.5,-1061.0
2021-12-22,-9534.0,-2345.5,-6850.5,-2488.5,-1703.0,-3410.0,-1881.0,-3256.0,-3769.5,-464.0,-1191.5
2021-12-23,-9324.5,-2418.0,-6879.5,-2488.5,-1703.0,-3482.5,-1881.0,-3285.0,-3842.0,-464.0,-1264.0
2021-12-24,-9324.5,-2418.0,-6879.5,-2488.5,-1703.0,-3482.5,-1881.0,-3285.0,-3842.0,-464.0,-1264.0
2021-12-25,-9324.5,-2418.0,-6879.5,-2488.5,-1703.0,-3482.5,-1881.0,-3285.0,-3842.0,-464.0,-1264.0
2021-12-26,-9382.0,-2475.5,-6879.5,-2488.5,-1703.0,-3540.0,-1881.0,-3285.0,-3842.0,-464.0,-1264.0
2021-12-27,-9659.5,-2669.5,-6879.5,-2398.5,-1794.0,-3734.0,-1881.0,-3285.0,-3842.0,-464.0,-1174.0
2021-12-28,-9202.5,-2511.0,-6879.5,-2398.5,-1794.0,-3575.5,-1881.0,-3316.0,-3842.0,-464.0,-1174.0
2021-12-29,-8982.5,-2320.0,-6688.5,-2424.0,-1594.0,-3384.5,-1906.5,-3325.0,-3651.0,-489.5,-983.0
2021-12-30,-8948.5,-2242.0,-6688.5,-2424.0,-1594.0,-3384.5,-1906.5,-3325.0,-3451.0,-489.5,-905.0
2021-12-31,-8782.0,-2075.5,-6722.0,-2424.0,-1594.0,-3218.0,-1906.5,-3358.5,-3484.5,-489.5,-905.0
2022-01-01,-8782.0,-2075.5,-6722.0,-2424.0,-1594.0,-3218.0,-1906.5,-3358.5,-3484.5,-489.5,-905.0
2022-01-02,-8782.0,-2075.5,-6722.0,-2424.0,-1594.0,-3218.0,-1906.5,-3358.5,-3484.5,-489.5,-905.0
2022-01-03,-9095.5,-2143.5,-6790.0,-2467.0,-1594.0,-3286.0,-1949.5,-3383.5,-3552.5,-489.5,-948.0
2022-01-04,-9323.5,-2296.5,-6856.5,-2467.0,-1633.5,-3428.5,-1949.5,-3450.0,-3619.0,-489.5,-967.0
2022-01-05,-9691.0,-2489.5,-6856.5,-2467.0,-1720.0,-3621.5,-1949.5,-3450.0,-3704.0,-489.5,-1053.5
2022-01-06,-10102.5,-2556.5,-6923.5,-2467.0,-1787.0,-3621.5,-1949.5,-3517.0,-3771.0,-489.5,-1053.5
2022-01-07,-10502.5,-2556.5,-6923.5,-2467.0,-1787.0,-3621.5,-1949.5,-3517.0,-3771.0,-489.5,-1053.5
2022-01-08,-10502.5,-2556.5,-6923.5,-2467.0,-1787.0,-3621.5,-1949.5,-3517.0,-3771.0,-489.5,-1053.5
2022-01-09,-10502.5,-2556.5,-6923.5,-2467.0,-1787.0,-3621.5,-1949.5,-3517.0,-3771.0,-489.5,-1053.5
2022-01-10,-10910.0,-2764.0,-6956.5,-2500.0,-1787.0,-3829.0,-1982.5,-3550.0,-3878.5,-489.5,-1161.0
2022-01-11,-11243.0,-2628.0,-7020.5,-2500.0,-1787.0,-3893.0,-1982.5,-3578.0,-3942.5,-489.5,-1161.0
2022-01-12,-11272.5,-2657.5,-7050.0,-2500.0,-1787.0,-3922.5,-1982.5,-3607.5,-3972.0,-489.5,-1161.0
2022-01-13,-11424.5,-2741.0,-7071.0,-2500.0,-1870.5,-4006.0,-1982.5,-3628.5,-3993.0,-489.5,-1223.5
2022-01-14,-11701.5,-2733.0,-7167.0,-2749.5,-1909.0,-3998.0,-2078.5,-3667.0,-4089.0,-489.5,-1473.0
2022-01-15,-11701.5,-2733.0,-7167.0,-2749.5,-1909.0,-3998.0,-2078.5,-3667.0,-4089.0,-489.5,-1473.0
2022-01-16,-11701.5,-2733.0,-7167.0,-2749.5,-1909.0,-3998.0,-2078.5,-3667.0,-4089.0,-489.5,-1473.0
2022-01-17,-11747.0,-2628.0,-7062.0,-2791.5,-1762.0,-3893.0,-2120.5,-3762.0,-3984.0,-489.5,-1537.5
2022-01-18,-11742.5,-2228.0,-7062.0,-2791.5,-1762.0,-3693.0,-2120.5,-3762.0,-3984.0,-489.5,-1337.5
2022-01-19,-11006.0,-2228.5,-7062.0,-2986.5,-1562.0,-3498.5,-2120.5,-3762.0,-3859.0,-489.5,-1532.5
2022-01-20,-10811.0,-1908.0,-6941.5,-2986.5,-1593.0,-3178.0,-2120.5,-3610.5,-3738.5,-489.5,-1381.0
2022-01-21,-11344.0,-2396.5,-7110.5,-3106.0,-1593.0,-3666.5,-2120.5,-3682.5,-3907.5,-489.5,-1597.5
2022-01-22,-11344.0,-2396.5,-7110.5,-3106.0,-1593.0,-3666.5,-2120.5,-3682.5,-3907.5,-489.5,-1597.5
2022-01-23,-11344.0,-2396.5,-7110.5,-3106.0,-1593.0,-3666.5,-2120.5,-3682.5,-3907.5,-489.5,-1597.5
2022-01-24,-11363.5,-2511.0,-7225.0,-3106.0,-1630.5,-3781.0,-2120.5,-3759.5,-4022.0,-489.5,-1597.5
2022-01-25,-11696.5,-2844.0,-7359.5,-3138.5,-1663.0,-4114.0,-2153.0,-3894.0,-4156.5,-489.5,-2028.5
2022-01-26,-12249.5,-2857.5,-7173.0,-2938.5,-1663.0,-4127.5,-1953.0,-3707.5,-3970.0,-489.5,-1828.5
2022-01-27,-12049.5,-2957.5,-7273.0,-2938.5,-1663.0,-4227.5,-1953.0,-3807.5,-4070.0,-489.5,-1928.5
2022-01-28,-12212.0,-2787.0,-7102.5,-2823.0,-1663.0,-4057.0,-1837.5,-3837.0,-3899.5,-289.5,-1613.0
2022-01-29,-12212.0,-2787.0,-7102.5,-2823.0,-1663.0,-4057.0,-1837.5,-3837.0,-3899.5,-289.5,-1613.0
2022-01-30,-12212.0,-2787.0,-7102.5,-2823.0,-1663.0,-4057.0,-1837.5,-3837.0,-3899.5,-289.5,-1613.0
2022-01-31,-12636.0,-2856.5,-7172.0,-2823.0,-1708.5,-4126.5,-1837.5,-3906.5,-3969.0,-289.5,-1613.0
2022-02-01,-12541.5,-2693.0,-7008.5,-2823.0,-1545.0,-3963.0,-1837.5,-3943.0,-3805.5,-289.5,-1613.0
2022-02-02,-11944.5,-2444.5,-6848.0,-2535.0,-1496.5,-3802.5,-1637.5,-3782.5,-3645.0,-289.5,-1325.0
2022-02-03,-11480.0,-2220.5,-6737.5,-2384.0,-1451.5,-3578.5,-1686.5,-3872.0,-3334.5,-289.5,-1174.0
2022-02-04,-12166.5,-2220.5,-6537.5,-2584.0,-1251.5,-3378.5,-1686.5,-3672.0,-3134.5,-489.5,-1374.0
2022-02-05,-12166.5,-2220.5,-6537.5,-2584.0,-1251.5,-3378.5,-1686.5,-3672.0,-3134.5,-489.5,-1374.0
2022-02-06,-12166.5,-2220.5,-6537.5,-2584.0,-1251.5,-3378.5,-1686.5,-3672.0,-3134.5,-489.5,-1374.0
2022-02-07,-12566.5,-2201.0,-6630.0,-2584.0,-1119.5,-3403.0,-1686.5,-3764.5,-3227.0,-489.5,-1486.5
2022-02-08,-12855.0,-2419.5,-6727.5,-2584.0,-1278.0,-3500.5,-1686.5,-3802.0,-3324.5,-489.5,-1486.5
2022-02-09,-12779.0,-2098.5,-6582.5,-2408.0,-1278.0,-3379.5,-1686.5,-3602.0,-3179.5,-489.5,-1310.5
2022-02-10,-12780.5,-2028.5,-6582.5,-2408.0,-1278.0,-3309.5,-1686.5,-3602.0,-3227.0,-489.5,-1310.5
2022-02-11,-12775.5,-1827.5,-6382.5,-2208.0,-1277.0,-3108.5,-1486.5,-3402.0,-3105.0,-489.5,-1110.5
2022-02-12,-12775.5,-1827.5,-6382.5,-2208.0,-1277.0,-3108.5,-1486.5,-3402.0,-3105.0,-489.5,-1110.5
2022-02-13,-12775.5,-1827.5,-6446.5,-2208.0,-1277.0,-3108.5,-1486.5,-3466.0,-3169.0,-489.5,-1110.5
2022-02-14,-12772.0,-1729.0,-6446.5,-2176.0,-1378.5,-3010.0,-1486.5,-3466.0,-3169.0,-489.5,-1212.0
2022-02-15,-12779.0,-1723.0,-6440.5,-2176.0,-1372.5,-3004.0,-1486.5,-3266.0,-3163.0,-489.5,-1212.0
2022-02-16,-12838.5,-1549.5,-6467.0,-2176.0,-1172.5,-2804.0,-1486.5,-3292.5,-2989.5,-489.5,-1238.5
2022-02-17,-12833.0,-1410.5,-6328.0,-2176.0,-972.5,-2665.0,-1486.5,-3153.5,-2850.5,-489.5,-1238.5
2022-02-18,-13534.5,-1796.0,-6421.0,-2233.0,-1229.5,-2850.5,-1543.5,-3189.5,-2943.5,-489.5,-1295.5
2022-02-19,-13534.5,-1796.0,-6421.0,-2233.0,-1229.5,-2850.5,-1543.5,-3189.5,-2943.5,-489.5,-1295.5
2022-02-20,-13571.5,-1833.0,-6458.0,-2233.0,-1266.5,-2887.5,-1543.5,-3226.5,-2980.5,-489.5,-1295.5
2022-02-21,-13571.5,-1833.0,-6458.0,-2233.0,-1266.5,-2887.5,-1543.5,-3226.5,-2980.5,-489.5,-1295.5
2022-02-22,-13163.0,-1896.5,-6381.5,-2233.0,-1626.5,-2811.0,-1543.5,-3076.5,-2904.0,-489.5,-1369.0
2022-02-23,-12563.0,-1696.5,-6181.5,-2233.0,-1426.5,-2611.0,-1543.5,-2876.5,-2704.0,-489.5,-1369.0
2022-02-24,-13043.5,-2177.0,-6297.0,-2233.0,-1426.5,-3044.0,-1543.5,-2992.0,-2819.5,-489.5,-1416.5
2022-02-25,-13161.0,-2294.5,-6393.5,-2233.0,-1744.0,-3065.0,-1543.5,-3088.5,-2937.0,-489.5,-1416.5
2022-02-26,-13161.0,-2294.5,-6393.5,-2233.0,-1744.0,-3065.0,-1543.5,-3088.5,-2937.0,-489.5,-1416.5
2022-02-27,-13161.0,-2294.5,-6393.5,-2233.0,-1744.0,-3065.0,-1543.5,-3088.5,-2937.0,-489.5,-1416.5
2022-02-28,-13410.0,-2285.5,-6371.5,-2325.0,-1544.0,-3056.0,-1635.5,-3014.5,-2915.0,-489.5,-1521.5
2022-03-01,-13902.0,-1951.0,-6437.0,-2325.0,-1209.5,-3121.5,-1635.5,-3080.0,-2980.5,-489.5,-1521.5
2022-03-02,-13593.0,-1988.0,-6474.0,-2325.0,-1209.5,-3158.5,-1635.5,-3117.0,-3017.5,-489.5,-1521.5
2022-03-03,-13972.5,-1890.5,-6576.5,-2125.0,-1009.5,-3032.5,-1635.5,-3219.5,-3120.0,-489.5,-1359.5
2022-03-04,-13622.5,-1540.5,-6626.5,-2175.0,-659.5,-2682.5,-1685.5,-3269.5,-3170.0,-489.5,-1409.5
2022-03-05,-13622.5,-1540.5,-6626.5,-2175.0,-659.5,-2682.5,-1685.5,-3269.5,-3170.0,-489.5,-1409.5
2022-03-06,-13622.5,-1540.5,-6626.5,-2175.0,-659.5,-2682.5,-1685.5,-3269.5,-3170.0,-489.5,-1409.5
2022-03-07,-13737.0,-1526.0,-6508.5,-2278.5,-541.5,-2564.5,-1685.5,-3069.5,-3155.5,-489.5,-1513.0
2022-03-08,-12901.5,-1126.0,-6508.5,-2278.5,-541.5,-2364.5,-1685.5,-3069.5,-3155.5,-489.5,-1513.0
2022-03-09,-12901.5,-726.0,-6108.5,-2278.5,-141.5,-1764.5,-1685.5,-2669.5,-2755.5,-489.5,-1513.0
2022-03-10,-12922.0,-710.5,-5908.5,-2278.5,-326.0,-1749.0,-1685.5,-2669.5,-2555.5,-489.5,-1513.0
2022-03-11,-13108.0,-871.0,-5941.5,-2406.0,-326.0,-1909.5,-1685.5,-2702.5,-2588.5,-489.5,-1640.5
2022-03-12,-13108.0,-871.0,-5941.5,-2406.0,-326.0,-1909.5,-1685.5,-2702.5,-2588.5,-489.5,-1640.5
2022-03-13,-13108.0,-871.0,-5941.5,-2406.0,-326.0,-1909.5,-1685.5,-2702.5,-2588.5,-489.5,-1640.5
2022-03-14,-13512.0,-1275.0,-6027.5,-2406.0,-326.0,-2313.5,-1685.5,-2788.5,-2674.5,-489.5,-1758.5
2022-03-15,-13668.5,-1312.0,-6064.5,-2406.0,-326.0,-2350.5,-1685.5,-2825.5,-2711.5,-489.5,-1758.5
2022-03-16,-13576.0,-1150.0,-6102.5,-2406.0,-326.0,-2188.5,-1685.5,-2863.5,-2549.5,-489.5,-1758.5
2022-03-17,-13539.0,-1113.0,-6265.5,-2406.0,-160.0,-2151.5,-1685.5,-3026.5,-2712.5,-489.5,-1758.5
2022-03-18,-13567.0,-1141.0,-6293.5,-2406.0,-160.0,-2179.5,-1685.5,-3054.5,-2740.5,-489.5,-1758.5
2022-03-19,-13567.0,-1141.0,-6293.5,-2406.0,-160.0,-2179.5,-1685.5,-3054.5,-2740.5,-489.5,-1758.5
2022-03-20,-13567.0,-1141.0,-6293.5,-2406.0,-160.0,-2179.5,-1685.5,-3054.5,-2740.5,-489.5,-1758.5
2022-03-21,-13607.0,-1181.0,-6333.5,-2406.0,-160.0,-2219.5,-1685.5,-3094.5,-2780.5,-489.5,-1758.5
2022-03-22,-13527.5,-1252.0,-6418.5,-2458.0,-198.0,-2290.5,-1737.5,-3179.5,-2865.5,-489.5,-1735.5
2022-03-23,-13835.0,-1503.0,-6218.5,-2458.0,-336.5,-2403.0,-1737.5,-2979.5,-2665.5,-489.5,-1735.5
2022-03-24,-13787.0,-1385.0,-6300.5,-2458.0,-387.5,-2285.0,-1737.5,-3045.0,-2747.5,-489.5,-1590.5
2022-03-25,-14111.0,-1508.5,-6351.0,-2458.0,-451.0,-2408.5,-1737.5,-3045.0,-2811.0,-489.5,-1590.5
2022-03-26,-14111.0,-1508.5,-6351.0,-2458.0,-451.0,-2408.5,-1737.5,-3045.0,-2811.0,-489.5,-1590.5
2022-03-27,-14111.0,-1508.5,-6351.0,-2458.0,-451.0,-2408.5,-1737.5,-3045.0,-2811.0,-489.5,-1590.5
2022-03-28,-13827.5,-1793.5,-6376.5,-2458.0,-736.0,-2550.5,-1737.5,-3070.5,-2836.5,-489.5,-1707.0
2022-03-29,-14182.5,-1833.0,-6422.5,-2578.5,-736.0,-2590.0,-1737.5,-3116.5,-2955.5,-610.0,-1827.5
2022-03-30,-14293.5,-2013.5,-6463.0,-2701.5,-916.5,-2770.5,-1737.5,-3157.0,-2996.0,-610.0,-1967.5
2022-03-31,-14610.5,-2177.0,-6485.0,-2843.0,-1080.0,-2792.5,-1737.5,-3179.0,-2818.0,-751.5,-2109.0
2022-04-01,-14493.5,-2246.0,-6537.0,-2860.0,-1151.5,-2844.5,-1737.5,-3231.0,-2870.0,-751.5,-2158.0
2022-04-02,-14493.5,-2246.0,-6537.0,-2860.0,-1151.5,-2844.5,-1737.5,-3231.0,-2870.0,-751.5,-2158.0
2022-04-03,-14493.5,-2246.0,-6537.0,-2860.0,-1151.5,-2844.5,-1737.5,-3231.0,-2870.0,-751.5,-2158.0
2022-04-04,-14269.0,-2265.5,-6427.5,-2860.0,-977.0,-2897.0,-1737.5,-3083.5,-2760.5,-751.5,-2185.0
2022-04-05,-14458.0,-2009.0,-6227.5,-2860.0,-920.5,-2793.0,-1737.5,-3083.5,-2560.5,-751.5,-1985.0
2022-04-06,-14848.0,-1943.0,-6260.5,-2893.0,-854.5,-2626.0,-1770.5,-3116.5,-2593.5,-784.5,-2119.0
2022-04-07,-14777.0,-2060.5,-6378.0,-2932.0,-893.5,-2743.5,-1809.5,-3234.0,-2711.0,-784.5,-2158.0
2022-04-08,-14973.0,-2220.5,-6418.5,-2932.0,-934.0,-2903.5,-1809.5,-3274.5,-2751.5,-784.5,-2158.0
2022-04-09,-14973.0,-2220.5,-6418.5,-2932.0,-934.0,-2903.5,-1809.5,-3274.5,-2751.5,-784.5,-2158.0
2022-04-10,-15197.5,-2313.5,-6511.5,-2956.5,-1002.5,-2996.5,-1834.0,-3367.5,-2844.5,-784.5,-2251.0
2022-04-11,-15108.0,-2224.0,-6511.5,-2956.5,-1002.5,-2907.0,-1834.0,-3367.5,-2844.5,-784.5,-2051.0
2022-04-12,-14865.0,-2202.0,-6371.0,-2956.5,-1180.5,-2885.0,-1834.0,-3167.5,-2704.0,-784.5,-2169.5
2022-04-13,-14758.0,-2025.0,-6394.0,-2956.5,-1003.5,-2708.0,-1834.0,-3190.5,-2527.0,-784.5,-1992.5
2022-04-14,-14985.5,-2172.0,-6421.5,-2984.0,-1123.0,-2827.5,-1861.5,-3218.0,-2554.5,-812.0,-2020.0
2022-04-15,-14985.5,-2172.0,-6421.5,-2984.0,-1123.0,-2827.5,-1861.5,-3218.0,-2554.5,-812.0,-2020.0
2022-04-16,-14985.5,-2172.0,-6421.5,-2984.0,-1123.0,-2827.5,-1861.5,-3218.0,-2554.5,-812.0,-2020.0
2022-04-17,-14985.5,-2172.0,-6421.5,-2984.0,-1123.0,-2827.5,-1861.5,-3218.0,-2554.5,-812.0,-2020.0
2022-04-18,-14499.0,-1885.5,-6221.5,-2784.0,-823.5,-2528.0,-1861.5,-3018.0,-2354.5,-812.0,-1820.0
2022-04-19,-14649.0,-1941.0,-6277.0,-2784.0,-645.0,-2583.5,-1861.5,-3073.5,-2410.0,-1012.0,-1820.0
2022-04-20,-14810.0,-2102.0,-6328.0,-2952.0,-587.0,-2751.5,-1861.5,-3124.5,-2461.0,-1180.0,-1988.0
2022-04-21,-15054.5,-2486.0,-6370.5,-2952.0,-895.0,-3059.5,-1861.5,-3167.0,-2503.5,-1180.0,-1988.0
2022-04-22,-15198.0,-2524.0,-6399.0,-2952.0,-895.0,-3097.5,-1861.5,-3195.5,-2532.0,-1180.0,-2016.5
2022-04-23,-15198.0,-2524.0,-6399.0,-2952.0,-895.0,-3097.5,-1861.5,-3195.5,-2532.0,-1180.0,-2016.5
2022-04-24,-15198.0,-2524.0,-6399.0,-2952.0,-895.0,-3097.5,-1861.5,-3195.5,-2532.0,-1180.0,-2016.5
2022-04-25,-14798.0,-2324.0,-6399.0,-2952.0,-895.0,-2897.5,-1861.5,-3195.5,-2532.0,-1180.0,-2016.5
2022-04-26,-15096.0,-2464.0,-6438.0,-2952.0,-924.0,-3037.5,-1861.5,-3234.5,-2672.0,-1180.0,-2146.5
2022-04-27,-15077.0,-2299.0,-6473.0,-2952.0,-924.0,-2872.5,-1861.5,-3269.5,-2707.0,-1180.0,-2146.5
2022-04-28,-15365.5,-1961.0,-6335.0,-2552.0,-786.0,-2534.5,-1661.5,-3131.5,-2369.0,-980.0,-1746.5
2022-04-29,-15712.5,-1994.5,-6368.5,-2552.0,-819.5,-2568.0,-1661.5,-3165.0,-2402.5,-980.0,-1746.5
2022-04-30,-15712.5,-1994.5,-6368.5,-2552.0,-819.5,-2568.0,-1661.5,-3165.0,-2402.5,-980.0,-1746.5
2022-05-01,-15782.5,-2064.5,-6438.5,-2552.0,-819.5,-2638.0,-1661.5,-3235.0,-2472.5,-980.0,-1816.5
2022-05-02,-16016.0,-2098.0,-6472.0,-2552.0,-819.5,-2671.5,-1661.5,-3268.5,-2506.0,-980.0,-1816.5
2022-05-03,-16017.0,-2187.5,-6309.5,-2552.0,-871.5,-2600.0,-1661.5,-3106.0,-2434.5,-980.0,-1777.5
2022-05-04,-16776.0,-2291.0,-6413.0,-2552.0,-871.5,-2703.5,-1661.5,-3157.0,-2538.0,-980.0,-1834.5
2022-05-05,-16925.5,-2440.5,-6413.0,-2552.0,-871.5,-2853.0,-1661.5,-3157.0,-2687.5,-980.0,-1834.5
2022-05-06,-17175.0,-2640.5,-6213.0,-2552.0,-671.5,-3053.0,-1661.5,-2957.0,-2287.5,-980.0,-1834.5
2022-05-07,-17175.0,-2640.5,-6213.0,-2552.0,-671.5,-3053.0,-1661.5,-2957.0,-2287.5,-980.0,-1834.5
2022-05-08,-17175.0,-2640.5,-6213.0,-2552.0,-671.5,-3053.0,-1661.5,-2957.0,-2287.5,-980.0,-1834.5
2022-05-09,-16975.0,-2440.5,-6013.0,-2552.0,-671.5,-2853.0,-1661.5,-2757.0,-2087.5,-980.0,-1634.5
2022-05-10,-16879.0,-2505.5,-5711.5,-2450.5,-838.0,-2718.0,-1560.0,-2357.0,-1786.0,-780.0,-1533.0
2022-05-11,-17291.5,-2769.5,-5817.5,-2450.5,-944.0,-2982.0,-1560.0,-2357.0,-1892.0,-780.0,-1639.0
2022-05-12,-17522.5,-2569.5,-5909.5,-2250.5,-1036.0,-2982.0,-1560.0,-2357.0,-1692.0,-780.0,-1639.0
2022-05-13,-17966.5,-2813.5,-6011.5,-2250.5,-1178.0,-3124.0,-1560.0,-2357.0,-1794.0,-780.0,-1781.0
2022-05-14,-17966.5,-2813.5,-6011.5,-2250.5,-1178.0,-3124.0,-1560.0,-2357.0,-1794.0,-780.0,-1781.0
2022-05-15,-18031.0,-2878.0,-6076.0,-2250.5,-1178.0,-3124.0,-1560.0,-2421.5,-1858.5,-780.0,-1781.0
2022-05-16,-17272.5,-2317.0,-6115.0,-2250.5,-578.0,-3163.0,-1560.0,-2460.5,-1897.5,-780.0,-1581.0
2022-05-17,-17228.0,-2117.0,-5915.0,-2050.5,-733.5,-2963.0,-1360.0,-2260.5,-1697.5,-580.0,-1381.0
2022-05-18,-17503.5,-1957.0,-5755.0,-2117.5,-533.5,-2803.0,-1360.0,-2100.5,-1537.5,-580.0,-1448.0
2022-05-19,-16972.5,-1601.0,-5668.0,-1917.5,-602.5,-2716.0,-1360.0,-1944.5,-1450.5,-380.0,-1248.0
2022-05-20,-17778.5,-2082.5,-5831.5,-1917.5,-1008.5,-2978.5,-1360.0,-2032.5,-1614.0,-380.0,-1323.5
2022-05-21,-17778.5,-2082.5,-5831.5,-1917.5,-1008.5,-2978.5,-1360.0,-2032.5,-1614.0,-380.0,-1323.5
2022-05-22,-17778.5,-2082.5,-5831.5,-1917.5,-1008.5,-2978.5,-1360.0,-2032.5,-1614.0,-380.0,-1323.5
2022-05-23,-17852.5,-2018.5,-5875.0,-1917.5,-901.0,-3022.0,-1360.0,-2076.0,-1657.5,-380.0,-1259.5
2022-05-24,-17681.5,-1314.0,-5570.5,-1778.0,-196.5,-2517.5,-1220.5,-1771.5,-1353.0,-380.0,-920.0
2022-05-25,-17354.0,-1559.0,-5721.0,-1778.0,-387.5,-2668.0,-1220.5,-1922.0,-1503.5,-380.0,-964.5
2022-05-26,-17637.0,-1642.0,-5766.5,-1794.5,-387.5,-2734.5,-1237.0,-1967.5,-1549.0,-396.5,-964.5
2022-05-27,-17842.0,-1686.5,-5811.0,-1794.5,-432.0,-2779.0,-1237.0,-2012.0,-1593.5,-396.5,-964.5
2022-05-28,-17842.0,-1686.5,-5811.0,-1794.5,-432.0,-2779.0,-1237.0,-2012.0,-1593.5,-396.5,-964.5
2022-05-29,-17842.0,-1686.5,-5811.0,-1794.5,-432.0,-2779.0,-1237.0,-2012.0,-1593.5,-396.5,-964.5
2022-05-30,-17670.0,-1514.5,-5839.0,-1794.5,-432.0,-2607.0,-1237.0,-2040.0,-1621.5,-396.5,-764.5
2022-05-31,-17435.5,-1183.0,-5707.5,-1794.5,-100.5,-2275.5,-1237.0,-1908.5,-1490.0,-396.5,-764.5
2022-06-01,-17635.5,-1089.0,-5813.5,-1794.5,-100.5,-2181.5,-1237.0,-2014.5,-1596.0,-396.5,-820.5
2022-06-02,-17894.5,-1027.5,-5877.5,-1794.5,0.0,-2120.0,-1237.0,-2078.5,-1734.5,-396.5,-620.5
2022-06-03,-18580.0,-1113.0,-5924.5,-1794.5,-38.5,-2205.5,-1237.0,-2125.5,-1781.5,-396.5,-659.0
2022-06-04,-18580.0,-1113.0,-5924.5,-1794.5,-38.5,-2205.5,-1237.0,-2125.5,-1781.5,-396.5,-659.0
2022-06-05,-18580.0,-1113.0,-5924.5,-1794.5,-38.5,-2205.5,-1237.0,-2125.5,-1781.5,-396.5,-659.0
2022-06-06,-18502.0,-771.0,-5524.5,-1794.5,-96.5,-1863.5,-1237.0,-1725.5,-1439.5,-396.5,-459.0
2022-06-07,-18604.0,-873.0,-5626.5,-1794.5,-198.5,-1965.5,-1237.0,-1766.0,-1541.5,-396.5,-459.0
2022-06-08,-18461.0,-717.5,-5671.0,-1794.5,-43.0,-1810.0,-1237.0,-1810.5,-1586.0,-396.5,-259.0
2022-06-09,-18525.5,-766.0,-5671.0,-1794.5,0.0,-1741.5,-1237.0,-1810.5,-1586.0,-396.5,-259.0
2022-06-10,-18602.5,-770.0,-5514.5,-1794.5,0.0,-1745.5,-1237.0,-1654.0,-1429.5,-396.5,-259.0
2022-06-11,-18602.5,-770.0,-5514.5,-1794.5,0.0,-1745.5,-1237.0,-1654.0,-1429.5,-396.5,-259.0
2022-06-12,-18602.5,-770.0,-5514.5,-1794.5,0.0,-1745.5,-1237.0,-1654.0,-1429.5,-396.5,-259.0
2022-06-13,-18679.0,-747.5,-5314.5,-1881.5,0.0,-1836.0,-1237.0,-1654.0,-1316.5,-396.5,-436.5
2022-06-14,-18852.0,-895.5,-5366.5,-1881.5,-52.0,-1836.0,-1237.0,-1706.0,-1464.5,-396.5,-488.5
2022-06-15,-18640.5,-820.0,-5491.0,-1681.5,0.0,-1760.5,-1237.0,-1830.5,-1589.0,-396.5,-359.5
2022-06-16,-19118.0,-897.5,-5568.5,-1759.0,-77.5,-1838.0,-1314.5,-1908.0,-1666.5,-396.5,-437.0
2022-06-17,-18938.5,-765.0,-5636.0,-1759.0,0.0,-1705.5,-1314.5,-1975.5,-1734.0,-396.5,-475.0
2022-06-18,-18938.5,-765.0,-5636.0,-1759.0,0.0,-1705.5,-1314.5,-1975.5,-1734.0,-396.5,-475.0
2022-06-19,-18938.5,-765.0,-5636.0,-1759.0,0.0,-1705.5,-1314.5,-1975.5,-1734.0,-396.5,-475.0
2022-06-20,-18810.0,-691.0,-5656.0,-1685.0,0.0,-1730.5,-1339.5,-1995.5,-1754.0,-396.5,-401.0
2022-06-21,-18487.5,-515.0,-5707.5,-1742.5,0.0,-1782.0,-1339.5,-2047.0,-1805.5,-396.5,-458.5
2022-06-22,-18145.0,-532.0,-5794.0,-1813.5,-48.0,-1799.0,-1339.5,-2085.5,-1751.5,-396.5,-589.0
2022-06-23,-17850.0,-132.0,-5832.5,-1813.5,0.0,-1637.5,-1339.5,-2124.0,-1790.0,-396.5,-589.0
2022-06-24,-18160.0,-442.0,-5992.5,-1813.5,-122.0,-1947.5,-1339.5,-2208.5,-1950.0,-396.5,-589.0
2022-06-25,-18160.0,-442.0,-5992.5,-1813.5,-122.0,-1947.5,-1339.5,-2208.5,-1950.0,-396.5,-589.0
2022-06-26,-18160.0,-442.0,-5992.5,-1813.5,-122.0,-1947.5,-1339.5,-2208.5,-1950.0,-396.5,-589.0
2022-06-27,-18270.5,-198.5,-5637.0,-1925.5,-78.5,-1704.0,-1339.5,-2053.0,-1594.5,-508.5,-745.5
2022-06-28,-18085.5,-345.5,-5784.0,-1925.5,-225.5,-1790.5,-1339.5,-2139.5,-1741.5,-508.5,-745.5
2022-06-29,-18034.0,-518.5,-5878.0,-1925.5,-398.5,-1830.5,-1339.5,-2233.5,-1835.5,-508.5,-839.5
2022-06-30,-18388.0,-772.5,-5939.0,-1925.5,-591.5,-1891.5,-1339.5,-2294.5,-1896.5,-508.5,-839.5
2022-07-01,-17988.0,-851.5,-5939.0,-1925.5,-670.5,-1970.5,-1339.5,-2294.5,-1975.5,-508.5,-839.5
2022-07-02,-17988.0,-851.5,-5939.0,-1925.5,-670.5,-1970.5,-1339.5,-2294.5,-1975.5,-508.5,-839.5
2022-07-03,-17788.0,-651.5,-5739.0,-1725.5,-470.5,-1970.5,-1139.5,-2094.5,-1775.5,-308.5,-639.5
2022-07-04,-17883.5,-584.0,-5671.5,-1655.5,-503.0,-1870.5,-1069.5,-2027.0,-1708.0,-308.5,-602.0
2022-07-05,-18039.5,-791.5,-5802.5,-1673.0,-682.5,-2027.5,-1069.5,-2107.5,-1856.5,-308.5,-689.5
2022-07-06,-18114.0,-866.0,-5860.0,-1673.0,-740.0,-2102.0,-1069.5,-2107.5,-1931.0,-308.5,-747.0
2022-07-07,-17885.5,-1116.5,-5903.0,-1673.0,-862.0,-2102.0,-1069.5,-2107.5,-1974.0,-308.5,-826.0
2022-07-08,-18190.0,-1344.5,-5903.0,-1743.5,-1015.5,-2330.0,-1069.5,-2107.5,-1974.0,-379.0,-979.5
2022-07-09,-18190.0,-1344.5,-5903.0,-1743.5,-1015.5,-2330.0,-1069.5,-2107.5,-1974.0,-379.0,-979.5
2022-07-10,-18190.0,-1344.5,-5903.0,-1743.5,-1015.5,-2330.0,-1069.5,-2107.5,-1974.0,-379.0,-979.5
2022-07-11,-18314.5,-1484.5,-5903.0,-1743.5,-1155.5,-2470.0,-1069.5,-2107.5,-2041.5,-379.0,-979.5
2022-07-12,-18460.0,-1630.0,-5985.5,-1767.0,-1242.0,-2556.5,-1093.0,-2131.0,-2124.0,-402.5,-1003.0
2022-07-13,-18357.0,-1457.5,-6013.0,-1794.5,-1242.0,-2584.0,-1120.5,-2158.5,-2151.5,-402.5,-1030.5
2022-07-14,-18228.5,-1546.0,-6011.5,-1794.5,-1330.5,-2582.5,-1120.5,-2157.0,-2150.0,-402.5,-997.0
2022-07-15,-18183.5,-1501.0,-5966.5,-1794.5,-1383.0,-2537.5,-1120.5,-2157.0,-2105.0,-402.5,-899.5
2022-07-16,-18183.5,-1501.0,-5966.5,-1794.5,-1383.0,-2537.5,-1120.5,-2157.0,-2105.0,-402.5,-899.5
2022-07-17,-18299.5,-1501.0,-5966.5,-1794.5,-1383.0,-2537.5,-1120.5,-2157.0,-2105.0,-402.5,-899.5
2022-07-18,-17892.0,-1586.0,-6051.5,-1794.5,-1399.0,-2622.5,-1120.5,-2202.0,-2190.0,-402.5,-899.5
2022-07-19,-18154.5,-1586.0,-6051.5,-1794.5,-1399.0,-2622.5,-1120.5,-2202.0,-2190.0,-402.5,-899.5
2022-07-20,-18372.5,-1658.5,-6124.0,-1794.5,-1471.5,-2695.0,-1120.5,-2267.5,-2262.5,-402.5,-865.5
2022-07-21,-18616.5,-1628.5,-6124.0,-1690.5,-1545.5,-2665.0,-1120.5,-2267.5,-2336.5,-498.5,-835.5
2022-07-22,-18685.5,-1664.0,-5959.5,-1890.5,-1545.5,-2500.5,-1120.5,-2103.0,-2172.0,-498.5,-871.0
2022-07-23,-18685.5,-1664.0,-5959.5,-1890.5,-1545.5,-2500.5,-1120.5,-2103.0,-2172.0,-498.5,-871.0
2022-07-24,-18685.5,-1664.0,-5959.5,-1890.5,-1545.5,-2500.5,-1120.5,-2103.0,-2172.0,-498.5,-871.0
2022-07-25,-18812.5,-1794.0,-5959.5,-1955.0,-1675.5,-2566.0,-1120.5,-2103.0,-2236.5,-498.5,-1001.0
2022-07-26,-19037.5,-1658.0,-6023.5,-1955.0,-1675.5,-2366.0,-1120.5,-2130.5,-2100.5,-498.5,-1001.0
2022-07-27,-19464.0,-1726.0,-6023.5,-1955.0,-1743.5,-2434.0,-1120.5,-2130.5,-2168.5,-498.5,-1069.0
2022-07-28,-19743.5,-2052.5,-6056.0,-1955.0,-1943.5,-2466.5,-1120.5,-2163.0,-2201.0,-498.5,-1069.0
2022-07-29,-19614.0,-1881.5,-5885.0,-1955.0,-1777.5,-2295.5,-1120.5,-1992.0,-2030.0,-498.5,-1069.0
2022-07-30,-19614.0,-1881.5,-5885.0,-1955.0,-1777.5,-2295.5,-1120.5,-1992.0,-2030.0,-498.5,-1069.0
2022-07-31,-19614.0,-1881.5,-5885.0,-1955.0,-1777.5,-2295.5,-1120.5,-1992.0,-2030.0,-498.5,-1069.0
2022-08-01,-19060.5,-1616.5,-5731.5,-1755.0,-1624.0,-2342.0,-1120.5,-2038.5,-1876.5,-498.5,-685.5
2022-08-02,-18660.5,-1715.0,-5765.5,-1789.0,-1728.5,-2406.5,-1154.5,-2072.5,-1910.5,-498.5,-719.5
2022-08-03,-18276.0,-1530.5,-5581.0,-1789.0,-1544.0,-2222.0,-1154.5,-1888.0,-1726.0,-498.5,-719.5
2022-08-04,-18138.0,-1382.5,-5433.0,-1789.0,-1374.5,-2074.0,-1154.5,-1740.0,-1578.0,-498.5,-719.5
2022-08-05,-18253.5,-1098.0,-5262.5,-1818.5,-1374.5,-1903.5,-1184.0,-1769.5,-1407.5,-528.0,-635.0
2022-08-06,-18253.5,-1098.0,-5262.5,-1818.5,-1374.5,-1903.5,-1184.0,-1769.5,-1407.5,-528.0,-635.0
2022-08-07,-18253.5,-1098.0,-5262.5,-1818.5,-1374.5,-1903.5,-1184.0,-1769.5,-1407.5,-528.0,-635.0
2022-08-08,-18054.0,-811.0,-5115.5,-1818.5,-1219.0,-1512.0,-1184.0,-1578.0,-1260.5,-528.0,-635.0
2022-08-09,-17550.0,-833.0,-5137.5,-1818.5,-1219.0,-1534.0,-1184.0,-1600.0,-1282.5,-528.0,-657.0
2022-08-10,-17734.5,-935.5,-5240.0,-1818.5,-1292.0,-1636.5,-1184.0,-1650.0,-1385.0,-528.0,-657.0
2022-08-11,-17924.0,-1026.0,-5281.0,-1818.5,-1382.5,-1727.0,-1184.0,-1691.0,-1475.5,-528.0,-657.0
2022-08-12,-17524.0,-826.0,-5295.0,-1618.5,-1488.5,-1584.0,-1184.0,-1705.0,-1595.5,-328.0,-457.0
2022-08-13,-17524.0,-826.0,-5295.0,-1618.5,-1488.5,-1584.0,-1184.0,-1705.0,-1595.5,-328.0,-457.0
2022-08-14,-17524.0,-826.0,-5295.0,-1618.5,-1488.5,-1584.0,-1184.0,-1705.0,-1595.5,-328.0,-457.0
2022-08-15,-17262.0,-835.0,-5323.0,-1627.5,-1497.5,-1612.0,-1193.0,-1733.0,-1604.5,-337.0,-466.0
2022-08-16,-17142.5,-618.0,-5356.0,-1558.5,-1228.5,-1412.0,-1193.0,-1766.0,-1456.5,-337.0,-397.0
2022-08-17,-16836.0,-799.5,-5356.0,-1558.5,-1410.0,-1500.0,-1193.0,-1766.0,-1456.5,-337.0,-397.0
2022-08-18,-16556.0,-646.5,-5156.0,-1358.5,-1257.0,-1347.0,-993.0,-1801.0,-1303.5,-337.0,-244.0
2022-08-19,-16904.5,-646.5,-5156.0,-1358.5,-1257.0,-1347.0,-993.0,-1801.0,-1303.5,-337.0,-244.0
2022-08-20,-16904.5,-646.5,-5156.0,-1358.5,-1257.0,-1347.0,-993.0,-1801.0,-1303.5,-337.0,-244.0
2022-08-21,-16904.5,-646.5,-5156.0,-1358.5,-1257.0,-1347.0,-993.0,-1801.0,-1303.5,-337.0,-244.0
2022-08-22,-17388.0,-735.5,-5193.0,-1372.5,-1346.0,-1436.0,-1007.0,-1838.0,-1392.5,-337.0,-281.0
2022-08-23,-17217.5,-765.0,-5222.5,-1372.5,-1375.5,-1465.5,-1007.0,-1867.5,-1422.0,-337.0,-281.0
2022-08-24,-17017.5,-625.5,-5254.5,-1172.5,-1175.5,-1497.5,-1007.0,-1899.5,-1454.0,-337.0,-81.0
2022-08-25,-16470.0,-78.0,-4907.0,-972.5,-860.0,-950.0,-807.0,-1552.0,-1106.5,-137.0,0.0
2022-08-26,-16573.0,-110.5,-4968.0,-972.5,-892.5,-1204.5,-807.0,-1613.0,-1251.5,-137.0,0.0
2022-08-27,-16573.0,-110.5,-4968.0,-972.5,-892.5,-1204.5,-807.0,-1613.0,-1251.5,-137.0,0.0
2022-08-28,-16731.5,-110.5,-4968.0,-972.5,-892.5,-1204.5,-807.0,-1613.0,-1251.5,-137.0,0.0
2022-08-29,-16894.0,-273.0,-5053.0,-1050.0,-892.5,-1289.5,-807.0,-1698.0,-1414.0,-137.0,-135.0
2022-08-30,-16908.5,-310.5,-5090.5,-1050.0,-892.5,-1327.0,-807.0,-1735.5,-1451.5,-137.0,-172.5
2022-08-31,-16323.5,0.0,-4890.5,-1050.0,-955.5,-927.0,-807.0,-1535.5,-1314.5,-137.0,-172.5
2022-09-01,-15905.0,-157.5,-4890.5,-1050.0,-1113.0,-1084.5,-807.0,-1535.5,-1378.5,-137.0,-236.5
2022-09-02,-15969.0,-21.5,-4754.5,-1050.0,-1113.0,-948.5,-807.0,-1399.5,-1242.5,-137.0,-100.5
2022-09-03,-15969.0,-21.5,-4754.5,-1050.0,-1113.0,-948.5,-807.0,-1399.5,-1242.5,-137.0,-100.5
2022-09-04,-16025.5,-78.0,-4811.0,-1106.5,-1113.0,-1005.0,-863.5,-1456.0,-1299.0,-137.0,-157.0
2022-09-05,-16069.5,-122.0,-4855.0,-1150.5,-1113.0,-1049.0,-907.5,-1500.0,-1343.0,-137.0,-201.0
2022-09-06,-16002.0,0.0,-4655.0,-980.0,-713.0,-649.0,-937.0,-1529.5,-1143.0,-137.0,-30.5
2022-09-07,-16227.0,-114.5,-4687.5,-1062.0,-745.5,-681.5,-937.0,-1562.0,-1257.5,-137.0,-112.5
2022-09-08,-16322.5,0.0,-4687.5,-1062.0,-545.5,-481.5,-937.0,-1562.0,-1257.5,-137.0,-112.5
2022-09-09,-16545.0,-22.5,-4765.5,-1062.0,-545.5,-504.0,-937.0,-1562.0,-1335.5,-137.0,-57.0
2022-09-10,-16545.0,-22.5,-4765.5,-1062.0,-545.5,-504.0,-937.0,-1562.0,-1335.5,-137.0,-57.0
2022-09-11,-16545.0,-22.5,-4765.5,-1062.0,-545.5,-504.0,-937.0,-1562.0,-1335.5,-137.0,-57.0
2022-09-12,-16076.5,0.0,-4565.5,-1062.0,-559.0,-154.5,-937.0,-1362.0,-1135.5,-137.0,-57.0
2022-09-13,-16593.5,-316.5,-4628.5,-1163.0,-794.5,-471.0,-937.0,-1425.0,-1198.5,-137.0,-221.0
2022-09-14,-16457.5,-457.0,-4669.5,-1235.5,-935.0,-584.5,-937.0,-1466.0,-1339.0,-137.0,-320.5
2022-09-15,-16131.5,-644.0,-4469.5,-1235.5,-1009.0,-658.5,-937.0,-1266.0,-1213.0,-137.0,-320.5
2022-09-16,-15724.0,-444.0,-4269.5,-1235.5,-1071.5,-458.5,-937.0,-1066.0,-1013.0,-137.0,-120.5
2022-09-17,-15724.0,-444.0,-4269.5,-1235.5,-1071.5,-458.5,-937.0,-1066.0,-1013.0,-137.0,-120.5
2022-09-18,-15724.0,-444.0,-4269.5,-1235.5,-1071.5,-458.5,-937.0,-1066.0,-1013.0,-137.0,-120.5
2022-09-19,-15404.5,-702.5,-4286.0,-1365.5,-1218.0,-506.5,-937.0,-1082.5,-1029.5,-137.0,-250.5
2022-09-20,-15256.0,-657.0,-4298.0,-1365.5,-1172.5,-673.0,-937.0,-1094.5,-1090.0,-137.0,-50.5
2022-09-21,-15399.5,-705.5,-4346.5,-1365.5,-1221.0,-721.5,-937.0,-1106.0,-1138.5,-137.0,-62.0
2022-09-22,-15508.0,-814.0,-4455.0,-1414.5,-1270.0,-781.0,-986.0,-1214.5,-1247.0,-186.0,-111.0
2022-09-23,-15508.0,-814.0,-4455.0,-1414.5,-1270.0,-781.0,-986.0,-1214.5,-1247.0,-186.0,-111.0
2022-09-24,-15508.0,-814.0,-4455.0,-1414.5,-1270.0,-781.0,-986.0,-1214.5,-1247.0,-186.0,-111.0
2022-09-25,-15508.0,-814.0,-4455.0,-1414.5,-1270.0,-781.0,-986.0,-1214.5,-1247.0,-186.0,-111.0
2022-09-26,-15587.5,-931.5,-4455.0,-1414.5,-1270.0,-898.5,-986.0,-1214.5,-1247.0,-186.0,-228.5
2022-09-27,-15836.0,-1061.0,-4555.0,-1598.0,-1399.5,-957.0,-1044.5,-1314.5,-1347.0,-369.5,-358.0
2022-09-28,-16326.5,-1319.5,-4620.5,-1598.0,-1409.5,-1215.5,-1044.5,-1380.0,-1412.5,-369.5,-358.0
2022-09-29,-15962.5,-955.5,-4220.5,-1398.0,-1123.0,-1176.5,-844.5,-1418.5,-1012.5,-369.5,-158.0
2022-09-30,-16492.5,-1244.0,-4313.0,-1398.0,-1383.5,-1269.0,-844.5,-1511.0,-1105.0,-369.5,-382.0
2022-10-01,-16492.5,-1244.0,-4313.0,-1398.0,-1383.5,-1269.0,-844.5,-1511.0,-1105.0,-369.5,-382.0
2022-10-02,-16492.5,-1244.0,-4313.0,-1398.0,-1383.5,-1269.0,-844.5,-1511.0,-1105.0,-369.5,-382.0
2022-10-03,-16573.0,-1324.5,-4313.0,-1398.0,-1383.5,-1349.5,-844.5,-1511.0,-1185.5,-369.5,-382.0
2022-10-04,-16747.0,-1368.0,-4356.5,-1398.0,-1383.5,-1393.0,-844.5,-1554.5,-1229.0,-369.5,-382.0
2022-10-05,-16992.5,-1380.0,-4403.0,-1444.5,-1395.5,-1405.0,-891.0,-1601.0,-1275.5,-369.5,-428.5
2022-10-06,-16766.0,-887.0,-3838.5,-1287.0,-1273.5,-912.0,-733.5,-1679.0,-711.0,-369.5,-100.0
2022-10-07,-16887.0,-1008.0,-3946.0,-1287.0,-1287.0,-1019.5,-733.5,-1720.0,-818.5,-369.5,-100.0
2022-10-08,-16887.0,-1008.0,-3946.0,-1287.0,-1287.0,-1019.5,-733.5,-1720.0,-818.5,-369.5,-100.0
2022-10-09,-16887.0,-1008.0,-3946.0,-1287.0,-1287.0,-1019.5,-733.5,-1720.0,-818.5,-369.5,-100.0
2022-10-10,-17271.0,-945.0,-4032.0,-1424.0,-1613.5,-956.5,-733.5,-1754.5,-904.5,-369.5,-37.0
2022-10-11,-16776.5,-1270.5,-4169.0,-1424.0,-1907.0,-1282.0,-733.5,-1828.5,-1041.5,-369.5,-37.0
2022-10-12,-16580.0,-1025.5,-4213.5,-1424.0,-1617.5,-1037.0,-733.5,-1873.0,-886.0,-369.5,0.0
2022-10-13,-17205.0,-1306.5,-4294.5,-1424.0,-1651.0,-1318.0,-733.5,-1954.0,-967.0,-369.5,-33.5
2022-10-14,-17859.0,-1437.5,-4651.5,-1168.0,-1678.5,-1387.0,-877.5,-2039.5,-1324.0,-369.5,0.0
2022-10-15,-17859.0,-1437.5,-4651.5,-1168.0,-1678.5,-1387.0,-877.5,-2039.5,-1324.0,-369.5,0.0
2022-10-16,-17876.5,-1455.0,-4669.0,-1168.0,-1696.0,-1404.5,-877.5,-2057.0,-1341.5,-369.5,0.0
2022-10-17,-17979.0,-1255.0,-4469.0,-1168.0,-1496.0,-1204.5,-877.5,-2057.0,-1141.5,-369.5,0.0
2022-10-18,-18148.0,-1424.0,-4599.5,-1220.0,-1665.0,-1335.0,-929.5,-2132.0,-1272.0,-421.5,-107.5
2022-10-19,-17722.0,-1293.0,-4634.5,-1054.0,-1534.0,-1204.0,-929.5,-2167.0,-1307.0,-421.5,0.0
2022-10-20,-17784.5,-1129.0,-4670.5,-1054.0,-1570.0,-1240.0,-929.5,-2203.0,-1143.0,-421.5,-36.0
2022-10-21,-17965.0,-1221.5,-4763.0,-854.0,-1662.5,-1332.5,-929.5,-2239.0,-1235.5,-221.5,0.0
2022-10-22,-17965.0,-1221.5,-4763.0,-854.0,-1662.5,-1332.5,-929.5,-2239.0,-1235.5,-221.5,0.0
2022-10-23,-17765.0,-1021.5,-4763.0,-854.0,-1662.5,-1132.5,-929.5,-2239.0,-1235.5,-221.5,0.0
2022-10-24,-17896.5,-1191.0,-4837.5,-928.5,-1757.5,-1227.5,-1004.0,-2239.0,-1310.0,-221.5,-74.5
2022-10-25,-18357.5,-1225.5,-4963.0,-912.5,-1808.0,-1278.0,-1079.0,-2363.5,-1435.5,-296.5,-58.5
2022-10-26,-17904.5,-1172.5,-5008.5,-712.5,-1955.0,-1225.0,-1079.0,-2409.0,-1481.0,-296.5,0.0
2022-10-27,-18017.5,-772.5,-5008.5,-512.5,-1555.0,-1225.0,-1079.0,-2409.0,-1481.0,-296.5,0.0
2022-10-28,-18221.5,-806.0,-5042.0,-512.5,-1588.5,-1258.5,-1079.0,-2442.5,-1514.5,-296.5,0.0
2022-10-29,-18221.5,-806.0,-5042.0,-512.5,-1588.5,-1258.5,-1079.0,-2442.5,-1514.5,-296.5,0.0
2022-10-30,-18221.5,-806.0,-5042.0,-512.5,-1588.5,-1258.5,-1079.0,-2442.5,-1514.5,-296.5,0.0
2022-10-31,-18033.0,-617.5,-4898.0,-512.5,-1344.0,-1114.5,-1079.0,-2242.5,-1370.5,-296.5,-12.0
2022-11-01,-18519.5,-743.0,-4957.5,-512.5,-1417.5,-1166.5,-1079.0,-2242.5,-1482.0,-296.5,-64.0
2022-11-02,-18405.0,-628.5,-5027.0,-633.5,-1500.5,-1264.0,-1114.5,-2326.5,-1551.5,-417.5,-185.0
2022-11-03,-18561.0,-724.5,-5123.0,-670.0,-1554.0,-1360.0,-1151.0,-2416.0,-1647.5,-417.5,-238.5
2022-11-04,-18629.0,-913.0,-5140.5,-851.5,-1652.5,-1559.0,-1151.0,-2433.5,-1746.0,-417.5,-528.5
2022-11-05,-18629.0,-913.0,-5140.5,-851.5,-1652.5,-1559.0,-1151.0,-2433.5,-1746.0,-417.5,-528.5
2022-11-06,-18629.0,-913.0,-5140.5,-851.5,-1652.5,-1559.0,-1151.0,-2433.5,-1746.0,-417.5,-528.5
2022-11-07,-18750.0,-814.0,-5241.5,-874.0,-1511.5,-1623.5,-1173.5,-2534.5,-1847.0,-417.5,-551.0
2022-11-08,-18775.0,-1114.0,-5327.0,-874.0,-1747.5,-1859.5,-1173.5,-2569.0,-1932.5,-417.5,-551.0
2022-11-09,-19314.0,-1376.0,-5389.0,-936.0,-2009.5,-1921.5,-1235.5,-2614.0,-1994.5,-417.5,-813.0
2022-11-10,-19644.5,-1306.5,-5450.5,-736.0,-1878.5,-2022.0,-1235.5,-2675.5,-2056.0,-417.5,-613.0
2022-11-11,-19596.5,-1205.0,-5549.0,-736.0,-1777.0,-1920.5,-1235.5,-2774.0,-2154.5,-417.5,-711.5
2022-11-12,-19596.5,-1205.0,-5549.0,-736.0,-1777.0,-1920.5,-1235.5,-2774.0,-2154.5,-417.5,-711.5
2022-11-13,-19633.0,-1241.5,-5585.5,-772.5,-1813.5,-1957.0,-1272.0,-2810.5,-2191.0,-417.5,-748.0
2022-11-14,-19726.5,-1319.0,-5663.0,-824.5,-1891.0,-2034.5,-1324.0,-2836.0,-2268.5,-417.5,-825.5
2022-11-15,-19455.5,-949.5,-5493.5,-624.5,-1891.0,-1665.0,-1324.0,-2666.5,-2099.0,-417.5,-625.5
2022-11-16,-19633.5,-1028.5,-5504.5,-635.5,-1891.0,-1744.0,-1335.0,-2677.5,-2178.0,-417.5,-636.5
2022-11-17,-20083.0,-1114.5,-5590.5,-653.0,-1891.0,-1788.5,-1352.5,-2719.0,-2264.0,-417.5,-654.0
2022-11-18,-20433.5,-1267.5,-5590.5,-653.0,-2044.0,-1941.5,-1352.5,-2719.0,-2264.0,-417.5,-744.0
2022-11-19,-20433.5,-1267.5,-5590.5,-653.0,-2044.0,-1941.5,-1352.5,-2719.0,-2264.0,-417.5,-744.0
2022-11-20,-20433.5,-1267.5,-5590.5,-653.0,-2044.0,-1941.5,-1352.5,-2719.0,-2264.0,-417.5,-744.0
2022-11-21,-20282.5,-1116.5,-5605.0,-453.0,-1893.0,-1790.5,-1352.5,-2733.5,-2258.5,-417.5,-593.0
2022-11-22,-20662.5,-1337.5,-5663.0,-479.5,-2018.5,-2011.5,-1379.0,-2760.0,-2316.5,-417.5,-619.5
2022-11-23,-20440.0,-1048.0,-5463.0,-279.5,-2085.5,-1611.5,-1379.0,-2560.0,-2116.5,-417.5,-419.5
2022-11-24,-20441.0,-1083.5,-5498.5,-279.5,-2121.0,-1647.0,-1379.0,-2595.5,-2152.0,-417.5,-430.0
2022-11-25,-20241.0,-883.5,-5298.5,-79.5,-2121.0,-1447.0,-1179.0,-2395.5,-1952.0,-417.5,-230.0
2022-11-26,-20241.0,-883.5,-5298.5,-79.5,-2121.0,-1447.0,-1179.0,-2395.5,-1952.0,-417.5,-230.0
2022-11-27,-20427.0,-883.5,-5298.5,-79.5,-2121.0,-1447.0,-1179.0,-2395.5,-1952.0,-417.5,-230.0
2022-11-28,-20607.5,-989.5,-5314.5,-79.5,-2227.0,-1463.0,-1179.0,-2411.5,-1968.0,-417.5,-230.0
2022-11-29,-20851.0,-1070.0,-5324.0,-160.0,-2236.5,-1543.5,-1179.0,-2421.0,-1977.5,-498.0,-310.5
2022-11-30,-20749.0,-1121.0,-5339.0,-160.0,-2236.5,-1594.5,-1179.0,-2436.0,-1992.5,-498.0,-361.5
2022-12-01,-20977.0,-1121.0,-5339.0,-160.0,-2236.5,-1594.5,-1179.0,-2436.0,-1992.5,-498.0,-361.5
2022-12-02,-20965.5,-1072.0,-5290.0,-160.0,-2257.5,-1545.5,-1179.0,-2466.5,-1943.5,-498.0,-361.5
2022-12-03,-20965.5,-1072.0,-5290.0,-160.0,-2257.5,-1545.5,-1179.0,-2466.5,-1943.5,-498.0,-361.5
2022-12-04,-20965.5,-1072.0,-5290.0,-160.0,-2257.5,-1545.5,-1179.0,-2466.5,-1943.5,-498.0,-361.5
2022-12-05,-20565.5,-1115.5,-5333.5,-160.0,-2262.0,-1550.0,-1179.0,-2471.0,-1987.0,-498.0,-400.5
2022-12-06,-20767.0,-1195.5,-5365.5,-192.0,-2340.0,-1582.0,-1211.0,-2503.0,-2019.0,-498.0,-459.0
2022-12-07,-20756.5,-1278.0,-5464.0,-192.0,-2412.0,-1680.5,-1211.0,-2529.5,-2117.5,-498.0,-496.5
2022-12-08,-20940.0,-1461.5,-5501.0,-261.0,-2518.0,-1864.0,-1211.0,-2566.5,-2154.5,-498.0,-643.0
2022-12-09,-20726.5,-1369.5,-5508.5,-261.0,-2618.5,-1671.5,-1211.0,-2574.0,-2162.0,-498.0,-643.0
2022-12-10,-20726.5,-1369.5,-5508.5,-261.0,-2618.5,-1671.5,-1211.0,-2574.0,-2162.0,-498.0,-643.0
2022-12-11,-20726.5,-1369.5,-5508.5,-261.0,-2618.5,-1671.5,-1211.0,-2574.0,-2162.0,-498.0,-643.0
2022-12-12,-20955.5,-1179.0,-5318.0,-41.5,-2599.0,-1481.0,-991.5,-2383.5,-1971.5,-498.0,-423.5
2022-12-13,-20451.0,-779.0,-5318.0,-41.5,-2399.0,-1081.0,-991.5,-2383.5,-1971.5,-498.0,-423.5
2022-12-14,-20676.0,-939.0,-5410.0,-109.5,-2491.0,-1241.0,-991.5,-2420.5,-2063.5,-498.0,-528.5
2022-12-15,-20696.0,-928.0,-5435.0,-109.5,-2516.0,-1230.0,-991.5,-2445.5,-2088.5,-498.0,-492.5
2022-12-16,-20906.5,-1138.5,-5465.0,-109.5,-2633.0,-1440.5,-991.5,-2475.5,-2118.5,-498.0,-556.0
2022-12-17,-20906.5,-1138.5,-5465.0,-109.5,-2633.0,-1440.5,-991.5,-2475.5,-2118.5,-498.0,-556.0
2022-12-18,-20906.5,-1138.5,-5465.0,-109.5,-2633.0,-1440.5,-991.5,-2475.5,-2118.5,-498.0,-556.0
2022-12-19,-21107.0,-1178.5,-5505.0,-109.5,-2673.0,-1480.5,-991.5,-2475.5,-2158.5,-498.0,-556.0
2022-12-20,-20893.0,-1034.5,-5505.0,0.0,-2673.0,-1336.5,-991.5,-2475.5,-2214.5,-498.0,-356.0
2022-12-21,-20953.0,-1053.0,-5395.5,0.0,-2801.0,-1312.5,-991.5,-2366.0,-2147.5,-498.0,-484.0
2022-12-22,-21135.5,-1035.5,-5408.5,-69.5,-2983.5,-1238.5,-991.5,-2379.0,-2160.5,-567.5,-553.5
2022-12-23,-20978.0,-800.5,-5373.5,-91.0,-2805.0,-1060.0,-1013.0,-2344.0,-2125.5,-567.5,-518.5
2022-12-24,-20978.0,-800.5,-5373.5,-91.0,-2805.0,-1060.0,-1013.0,-2344.0,-2125.5,-567.5,-518.5
2022-12-25,-20978.0,-800.5,-5373.5,-91.0,-2805.0,-1060.0,-1013.0,-2344.0,-2125.5,-567.5,-518.5
2022-12-26,-20978.0,-800.5,-5373.5,-91.0,-2805.0,-1060.0,-1013.0,-2344.0,-2125.5,-567.5,-518.5
2022-12-27,-21090.0,-866.0,-5439.0,-91.0,-2831.5,-1125.5,-1013.0,-2409.5,-2191.0,-567.5,-518.5
2022-12-28,-21085.0,-941.5,-5514.5,-91.0,-2877.5,-1201.0,-1013.0,-2490.5,-2266.5,-567.5,-518.5
2022-12-29,-21039.5,-935.0,-5346.0,-122.5,-2871.0,-1032.5,-1044.5,-2290.5,-2098.0,-567.5,-350.0
2022-12-30,-21143.0,-962.0,-5373.0,-122.5,-2898.0,-1059.5,-1044.5,-2317.5,-2125.0,-567.5,-350.0
2022-12-31,-21143.0,-962.0,-5373.0,-122.5,-2898.0,-1059.5,-1044.5,-2317.5,-2125.0,-567.5,-350.0
2023-01-01,-21143.0,-962.0,-5373.0,-122.5,-2898.0,-1059.5,-1044.5,-2317.5,-2125.0,-567.5,-350.0
2023-01-02,-21143.0,-962.0,-5373.0,-122.5,-2898.0,-1059.5,-1044.5,-2317.5,-2125.0,-567.5,-350.0
2023-01-03,-21347.5,-1104.5,-5023.5,-214.5,-2748.5,-910.0,-1044.5,-2117.5,-1775.5,-567.5,-323.0
2023-01-04,-21253.5,-1139.5,-5068.5,-249.5,-2783.5,-955.0,-1089.5,-2162.5,-1820.5,-612.5,-358.0
2023-01-05,-20904.0,-1198.5,-5127.5,-308.5,-2828.5,-978.0,-1148.5,-2185.5,-1879.5,-671.5,-417.0
2023-01-06,-21460.5,-1035.5,-5161.0,-308.5,-2665.5,-978.0,-1148.5,-2219.0,-1913.0,-671.5,-417.0
2023-01-07,-21460.5,-1035.5,-5161.0,-308.5,-2665.5,-978.0,-1148.5,-2219.0,-1913.0,-671.5,-417.0
2023-01-08,-21460.5,-1035.5,-5161.0,-308.5,-2665.5,-978.0,-1148.5,-2219.0,-1913.0,-671.5,-417.0
2023-01-09,-21324.0,-1099.0,-5161.0,-308.5,-2665.5,-1041.5,-1148.5,-2219.0,-1913.0,-671.5,-480.5
2023-01-10,-21309.0,-922.0,-4984.0,-108.5,-2665.5,-864.5,-948.5,-2042.0,-1736.0,-671.5,-303.5
2023-01-11,-20968.0,-781.0,-5043.0,-135.5,-2692.5,-723.5,-975.5,-2069.0,-1795.0,-698.5,-362.5
2023-01-12,-20639.5,-581.0,-5043.0,-135.5,-2692.5,-523.5,-975.5,-2069.0,-1795.0,-698.5,-362.5
2023-01-13,-20717.5,-603.5,-5065.5,-158.0,-2701.5,-532.5,-998.0,-2091.5,-1817.5,-698.5,-385.0
2023-01-14,-20717.5,-603.5,-5065.5,-158.0,-2701.5,-532.5,-998.0,-2091.5,-1817.5,-698.5,-385.0
2023-01-15,-20717.5,-603.5,-5065.5,-158.0,-2701.5,-532.5,-998.0,-2091.5,-1817.5,-698.5,-385.0
2023-01-16,-20744.0,-630.0,-5092.0,-158.0,-2728.0,-559.0,-998.0,-2118.0,-1844.0,-698.5,-407.5
2023-01-17,-20410.5,-442.5,-4904.5,0.0,-2540.5,-371.5,-1010.5,-2130.5,-1656.5,-698.5,-220.0
2023-01-18,-20414.0,-242.5,-4704.5,0.0,-2569.0,-171.5,-1010.5,-1930.5,-1456.5,-698.5,-20.0
2023-01-19,-20334.0,-162.5,-4504.5,0.0,-2738.5,0.0,-1010.5,-1730.5,-1256.5,-698.5,-20.0
2023-01-20,-20740.5,-192.0,-4534.0,-15.5,-2752.5,-29.5,-1026.0,-1760.0,-1286.0,-698.5,-35.5
2023-01-21,-20740.5,-192.0,-4534.0,-15.5,-2752.5,-29.5,-1026.0,-1760.0,-1286.0,-698.5,-35.5
2023-01-22,-20740.5,-192.0,-4534.0,-15.5,-2752.5,-29.5,-1026.0,-1760.0,-1286.0,-698.5,-35.5
2023-01-23,-21194.5,-504.5,-4628.0,-51.0,-2969.0,-342.0,-1061.5,-1854.0,-1380.0,-734.0,-71.0
2023-01-24,-21043.0,-451.0,-4654.5,-171.0,-2995.5,-288.5,-1061.5,-1880.5,-1406.5,-734.0,-217.5
2023-01-25,-21332.0,-536.0,-4689.0,-171.0,-3030.0,-373.5,-1061.5,-1880.5,-1491.5,-734.0,-217.5
2023-01-26,-21675.0,-702.0,-4689.0,-171.0,-3196.0,-373.5,-1061.5,-1880.5,-1491.5,-734.0,-217.5
2023-01-27,-21850.0,-779.5,-4717.0,-171.0,-3196.0,-451.0,-1061.5,-1908.5,-1519.5,-734.0,-245.5
2023-01-28,-21850.0,-779.5,-4717.0,-171.0,-3196.0,-451.0,-1061.5,-1908.5,-1519.5,-734.0,-245.5
2023-01-29,-21850.0,-779.5,-4717.0,-171.0,-3196.0,-451.0,-1061.5,-1908.5,-1519.5,-734.0,-245.5
2023-01-30,-21945.5,-875.0,-4737.5,-246.0,-3271.0,-471.5,-1061.5,-1929.0,-1540.0,-734.0,-320.5
2023-01-31,-21952.5,-869.0,-4737.5,0.0,-3465.0,-347.5,-1061.5,-1929.0,-1340.0,-734.0,-57.0
2023-02-01,-21864.0,-1178.0,-4849.0,0.0,-3547.0,-612.0,-1061.5,-2011.0,-1498.5,-734.0,-152.5
2023-02-02,-22099.0,-1430.0,-4866.0,-67.5,-3631.5,-847.0,-1061.5,-2028.0,-1583.0,-734.0,-220.0
2023-02-03,-22449.0,-1716.5,-4981.0,-67.5,-3631.5,-962.0,-1061.5,-2028.0,-1698.0,-734.0,-220.0
2023-02-04,-22449.0,-1716.5,-4981.0,-67.5,-3631.5,-962.0,-1061.5,-2028.0,-1698.0,-734.0,-220.0
2023-02-05,-22449.0,-1716.5,-4981.0,-67.5,-3631.5,-962.0,-1061.5,-2028.0,-1698.0,-734.0,-220.0
2023-02-06,-22236.5,-1504.0,-4898.0,0.0,-3619.0,-749.5,-1061.5,-1828.0,-1615.0,-734.0,0.0
2023-02-07,-22451.0,-1594.5,-4898.0,0.0,-3709.5,-840.0,-1061.5,-1828.0,-1665.5,-734.0,0.0
2023-02-08,-22169.5,-1361.0,-4743.5,-26.0,-3650.0,-685.5,-1087.5,-1673.5,-1511.0,-734.0,-26.0
2023-02-09,-22455.0,-1415.0,-4743.5,-26.0,-3650.0,-739.5,-1087.5,-1673.5,-1565.0,-734.0,-26.0
2023-02-10,-22219.0,-1103.5,-4632.0,-51.0,-3513.5,-403.0,-1112.5,-1562.0,-1453.5,-734.0,-51.0
2023-02-11,-22219.0,-1103.5,-4632.0,-51.0,-3513.5,-403.0,-1112.5,-1562.0,-1453.5,-734.0,-51.0
2023-02-12,-22219.0,-1103.5,-4632.0,-51.0,-3513.5,-403.0,-1112.5,-1562.0,-1453.5,-734.0,-51.0
2023-02-13,-22448.5,-1142.0,-4653.5,-51.0,-3513.5,-441.5,-1112.5,-1583.5,-1475.0,-734.0,-51.0
2023-02-14,-22200.0,-799.0,-4710.5,-65.0,-3333.0,-302.5,-1126.5,-1640.5,-1532.0,-748.0,-88.5
2023-02-15,-21918.0,-836.5,-4748.0,-65.0,-3370.5,-323.0,-1126.5,-1678.0,-1569.5,-748.0,-88.5
2023-02-16,-21861.5,-1067.0,-4782.5,-261.0,-3483.5,-553.5,-1126.5,-1712.5,-1604.0,-748.0,-284.5
2023-02-17,-21656.0,-667.0,-4582.5,-261.0,-3355.5,-411.0,-1126.5,-1512.5,-1404.0,-748.0,-356.5
2023-02-18,-21656.0,-667.0,-4582.5,-261.0,-3355.5,-411.0,-1126.5,-1512.5,-1404.0,-748.0,-356.5
2023-02-19,-21656.0,-667.0,-4582.5,-261.0,-3355.5,-411.0,-1126.5,-1512.5,-1404.0,-748.0,-356.5
2023-02-20,-21596.5,-702.0,-4617.5,-296.0,-3338.5,-411.0,-1161.5,-1547.5,-1439.0,-783.0,-391.5
2023-02-21,-21615.0,-502.0,-4417.5,-96.0,-3355.0,-427.5,-961.5,-1564.0,-1239.0,-783.0,-191.5
2023-02-22,-21750.5,-637.5,-4417.5,-96.0,-3410.5,-507.5,-961.5,-1564.0,-1239.0,-783.0,-191.5
2023-02-23,-21905.5,-647.5,-4452.0,-118.5,-3386.0,-495.0,-984.0,-1598.5,-1273.5,-783.0,-214.0
2023-02-24,-21863.5,-713.5,-4452.0,-118.5,-3452.0,-561.0,-984.0,-1598.5,-1273.5,-783.0,-214.0
2023-02-25,-21863.5,-713.5,-4452.0,-118.5,-3452.0,-561.0,-984.0,-1598.5,-1273.5,-783.0,-214.0
2023-02-26,-21863.5,-713.5,-4452.0,-118.5,-3452.0,-561.0,-984.0,-1598.5,-1273.5,-783.0,-214.0
2023-02-27,-21496.5,-551.0,-4210.5,-197.5,-3289.5,-319.5,-984.0,-1357.0,-1032.0,-783.0,-338.0
2023-02-28,-21521.5,-660.0,-4256.0,-275.0,-3289.5,-365.0,-998.0,-1371.0,-1086.5,-860.5,-415.5
2023-03-01,-21750.0,-718.0,-4256.0,-275.0,-3347.5,-365.0,-998.0,-1371.0,-1086.5,-860.5,-473.5
2023-03-02,-21409.5,-849.5,-4256.0,-275.0,-3430.5,-496.5,-998.0,-1371.0,-1135.0,-860.5,-473.5
2023-03-03,-21731.5,-956.0,-4300.0,-275.0,-3474.5,-496.5,-998.0,-1399.5,-1179.0,-860.5,-473.5
2023-03-04,-21731.5,-956.0,-4300.0,-275.0,-3474.5,-496.5,-998.0,-1399.5,-1179.0,-860.5,-473.5
2023-03-05,-21731.5,-956.0,-4300.0,-275.0,-3474.5,-496.5,-998.0,-1399.5,-1179.0,-860.5,-473.5
2023-03-06,-21836.0,-1004.0,-4348.0,-275.0,-3495.5,-544.5,-998.0,-1447.5,-1227.0,-860.5,-497.0
2023-03-07,-21691.0,-828.0,-4372.0,-99.0,-3295.5,-368.5,-1022.0,-1471.5,-1251.0,-860.5,-321.0
2023-03-08,-21555.0,-892.5,-4434.0,-99.0,-3328.0,-430.5,-1022.0,-1503.0,-1313.0,-860.5,-333.5
2023-03-09,-21764.0,-981.5,-4474.0,-99.0,-3328.0,-519.5,-1022.0,-1543.0,-1353.0,-860.5,-333.5
2023-03-10,-21790.5,-796.0,-4590.0,-133.5,-3328.0,-635.5,-1056.5,-1659.0,-1469.0,-860.5,-402.0
2023-03-11,-21790.5,-796.0,-4590.0,-133.5,-3328.0,-635.5,-1056.5,-1659.0,-1469.0,-860.5,-402.0
2023-03-12,-21790.5,-796.0,-4590.0,-133.5,-3328.0,-635.5,-1056.5,-1659.0,-1469.0,-860.5,-402.0
2023-03-13,-21641.5,-903.0,-4487.5,-276.0,-3423.0,-530.5,-1056.5,-1687.0,-1433.5,-860.5,-544.5
2023-03-14,-21370.5,-720.0,-4635.5,-293.0,-3423.0,-611.5,-1073.5,-1704.0,-1581.5,-877.5,-625.5
2023-03-15,-21545.0,-513.5,-4666.5,-293.0,-3585.5,-242.5,-1073.5,-1735.0,-1612.5,-877.5,-788.0
2023-03-16,-21636.5,-342.0,-4750.5,-293.0,-3385.5,-71.0,-1073.5,-1819.0,-1696.5,-877.5,-588.0
2023-03-17,-21604.0,-153.5,-4762.0,-293.0,-3197.0,0.0,-1073.5,-1830.5,-1508.0,-877.5,-399.5
2023-03-18,-21604.0,-153.5,-4762.0,-293.0,-3197.0,0.0,-1073.5,-1830.5,-1508.0,-877.5,-399.5
2023-03-19,-21604.0,-153.5,-4762.0,-293.0,-3197.0,0.0,-1073.5,-1830.5,-1508.0,-877.5,-399.5
2023-03-20,-21330.0,-313.0,-4815.5,-293.0,-3303.0,-159.5,-1073.5,-1824.5,-1561.5,-877.5,-399.5
2023-03-21,-21548.5,-370.5,-4815.5,-293.0,-3360.5,-217.0,-1073.5,-1824.5,-1561.5,-877.5,-399.5
2023-03-22,-21574.0,-524.5,-4904.5,-337.0,-3404.5,-371.0,-1117.5,-1869.5,-1650.5,-877.5,-508.5
2023-03-23,-21919.5,-771.5,-4951.5,-337.0,-3451.5,-418.0,-1117.5,-1869.5,-1697.5,-877.5,-708.5
2023-03-24,-22087.5,-839.5,-5019.5,-337.0,-3470.0,-486.0,-1117.5,-1888.0,-1765.5,-877.5,-758.0
2023-03-25,-22087.5,-839.5,-5019.5,-337.0,-3470.0,-486.0,-1117.5,-1888.0,-1765.5,-877.5,-758.0
2023-03-26,-22087.5,-839.5,-5019.5,-337.0,-3470.0,-486.0,-1117.5,-1888.0,-1765.5,-877.5,-758.0
2023-03-27,-22193.0,-876.0,-5056.0,-337.0,-3470.0,-522.5,-1117.5,-1924.5,-1802.0,-877.5,-758.0
2023-03-28,-22193.0,-876.0,-5056.0,-337.0,-3470.0,-522.5,-1117.5,-1924.5,-1802.0,-877.5,-758.0
2023-03-29,-22390.0,-761.5,-4884.5,-165.5,-3572.0,-408.0,-946.0,-1953.0,-1630.5,-877.5,-586.5
2023-03-30,-22428.5,-794.0,-4917.0,-165.5,-3604.5,-408.0,-946.0,-1953.0,-1663.0,-877.5,-586.5
2023-03-31,-22242.5,-608.0,-4931.0,-179.5,-3404.5,-422.0,-960.0,-1967.0,-1677.0,-877.5,-600.5
2023-04-01,-22242.5,-608.0,-4931.0,-179.5,-3404.5,-422.0,-960.0,-1967.0,-1677.0,-877.5,-600.5
2023-04-02,-22242.5,-608.0,-4931.0,-179.5,-3404.5,-422.0,-960.0,-1967.0,-1677.0,-877.5,-600.5
2023-04-03,-22474.0,-839.5,-5011.0,-179.5,-3518.5,-539.5,-960.0,-1990.0,-1794.5,-877.5,-600.5
2023-04-04,-22352.0,-894.0,-5056.5,-209.5,-3518.5,-364.0,-990.0,-1805.5,-1840.0,-877.5,-646.0
2023-04-05,-21952.0,-919.5,-5082.0,-209.5,-3544.0,-389.5,-990.0,-1805.5,-1865.5,-877.5,-646.0
2023-04-06,-22025.0,-770.5,-4882.0,-9.5,-3595.0,-240.5,-790.0,-1805.5,-1665.5,-677.5,-446.0
2023-04-07,-22062.5,-808.0,-4919.5,-47.0,-3632.5,-278.0,-827.5,-1805.5,-1703.0,-715.0,-483.5
2023-04-08,-22062.5,-808.0,-4919.5,-47.0,-3632.5,-278.0,-827.5,-1805.5,-1703.0,-715.0,-483.5
2023-04-09,-22062.5,-808.0,-4919.5,-47.0,-3632.5,-278.0,-827.5,-1805.5,-1703.0,-715.0,-483.5
2023-04-10,-21821.5,-868.5,-4980.0,-69.0,-3671.0,-294.5,-849.5,-1866.0,-1763.5,-715.0,-527.5
2023-04-11,-21937.5,-926.0,-5037.5,-69.0,-3718.0,-352.0,-849.5,-1893.5,-1821.0,-715.0,-568.0
2023-04-12,-22146.5,-937.5,-5049.0,-69.0,-3729.5,-363.5,-849.5,-1905.0,-1832.5,-715.0,-568.0
2023-04-13,-22284.5,-982.5,-5094.0,-69.0,-3774.5,-408.5,-849.5,-1950.0,-1877.5,-715.0,-568.0
2023-04-14,-22443.5,-957.0,-4894.0,0.0,-3666.5,-383.0,-649.5,-1988.5,-1677.5,-515.0,-368.0
2023-04-15,-22443.5,-957.0,-4894.0,0.0,-3666.5,-383.0,-649.5,-1988.5,-1677.5,-515.0,-368.0
2023-04-16,-22443.5,-957.0,-4894.0,0.0,-3666.5,-383.0,-649.5,-1988.5,-1677.5,-515.0,-368.0
2023-04-17,-22474.5,-772.0,-4709.0,0.0,-3681.5,-198.0,-449.5,-2003.5,-1492.5,-515.0,-168.0
2023-04-18,-22525.5,-792.5,-4729.5,0.0,-3702.0,-218.5,-449.5,-2024.0,-1513.0,-515.0,-168.0
2023-04-19,-22700.5,-967.5,-4778.5,-99.0,-3737.0,-302.5,-457.5,-2032.0,-1597.0,-606.0,-308.0
2023-04-20,-22366.0,-812.0,-4578.5,-99.0,-3737.0,-147.0,-457.5,-1832.0,-1397.0,-606.0,-308.0
2023-04-21,-22548.0,-956.0,-4615.5,-99.0,-3809.0,-238.0,-457.5,-1869.0,-1434.0,-606.0,-362.0
2023-04-22,-22548.0,-956.0,-4615.5,-99.0,-3809.0,-238.0,-457.5,-1869.0,-1434.0,-606.0,-362.0
2023-04-23,-22548.0,-956.0,-4615.5,-99.0,-3809.0,-238.0,-457.5,-1869.0,-1434.0,-606.0,-362.0
2023-04-24,-22481.5,-889.5,-4677.0,-143.5,-3833.5,-171.5,-502.0,-1930.5,-1367.5,-626.0,-406.5
2023-04-25,-22445.5,-715.5,-4503.0,-143.5,-3659.5,0.0,-502.0,-1730.5,-1193.5,-626.0,-406.5
2023-04-26,-22642.0,-891.0,-4547.5,-274.5,-3801.0,-10.5,-502.0,-1775.0,-1238.0,-626.0,-557.5
2023-04-27,-22872.5,-773.0,-4547.5,-274.5,-3683.0,-92.5,-502.0,-1775.0,-1238.0,-626.0,-557.5
2023-04-28,-22585.0,-650.0,-4624.5,-305.5,-3483.0,0.0,-533.0,-1775.0,-1315.0,-626.0,-588.5
2023-04-29,-22585.0,-650.0,-4624.5,-305.5,-3483.0,0.0,-533.0,-1775.0,-1315.0,-626.0,-588.5
2023-04-30,-22585.0,-650.0,-4624.5,-305.5,-3483.0,0.0,-533.0,-1775.0,-1315.0,-626.0,-588.5
2023-05-01,-22733.5,-784.0,-4673.5,-321.0,-3601.5,-134.0,-548.5,-1829.5,-1364.0,-626.0,-648.5
2023-05-02,-22748.5,-799.0,-4688.5,-321.0,-3616.5,-149.0,-548.5,-1844.5,-1379.0,-626.0,-648.5
2023-05-03,-22411.0,-1043.0,-4751.0,-395.0,-3717.0,-276.0,-558.0,-1871.0,-1441.5,-690.5,-739.5
2023-05-04,-22337.0,-969.0,-4779.0,-395.0,-3615.0,-202.0,-558.0,-1899.0,-1469.5,-690.5,-637.5
2023-05-05,-22581.0,-1152.0,-4735.0,-447.0,-3623.0,-158.0,-558.0,-1912.5,-1425.5,-690.5,-878.0
2023-05-06,-22581.0,-1152.0,-4735.0,-447.0,-3623.0,-158.0,-558.0,-1912.5,-1425.5,-690.5,-878.0
2023-05-07,-22581.0,-1152.0,-4735.0,-447.0,-3623.0,-158.0,-558.0,-1912.5,-1425.5,-690.5,-878.0
2023-05-08,-22708.0,-1243.5,-4786.5,-447.0,-3459.5,-249.5,-558.0,-1934.0,-1277.0,-690.5,-954.5
2023-05-09,-22742.0,-1292.0,-4798.5,-447.0,-3496.0,-298.0,-558.0,-1946.0,-1289.0,-690.5,-954.5
2023-05-10,-22452.0,-1208.0,-4838.0,-447.0,-3539.0,-180.5,-558.0,-1985.5,-1328.5,-690.5,-954.5
2023-05-11,-22641.0,-1360.0,-4923.0,-447.0,-3555.5,-265.5,-558.0,-2002.0,-1413.5,-690.5,-985.5
2023-05-12,-22569.5,-1288.5,-4971.0,-504.5,-3436.0,-194.0,-583.5,-2050.0,-1461.5,-716.0,-923.5
2023-05-13,-22569.5,-1288.5,-4971.0,-504.5,-3436.0,-194.0,-583.5,-2050.0,-1461.5,-716.0,-923.5
2023-05-14,-22569.5,-1288.5,-4971.0,-504.5,-3436.0,-194.0,-583.5,-2050.0,-1461.5,-716.0,-923.5
2023-05-15,-22739.5,-1313.0,-4995.5,-504.5,-3436.0,-218.5,-583.5,-2050.0,-1486.0,-716.0,-923.5
2023-05-16,-22751.5,-1376.5,-5031.0,-504.5,-3482.5,-282.0,-583.5,-2085.5,-1549.5,-716.0,-940.5
2023-05-17,-22882.0,-1434.0,-5040.0,-504.5,-3540.0,-327.0,-583.5,-2127.0,-1558.5,-716.0,-940.5
2023-05-18,-22745.5,-1258.5,-4864.5,-504.5,-3364.5,-151.5,-583.5,-1951.5,-1383.0,-716.0,-940.5
2023-05-19,-22669.0,-1295.0,-4901.0,-504.5,-3401.0,-188.0,-583.5,-1951.5,-1419.5,-716.0,-977.0
2023-05-20,-22669.0,-1295.0,-4901.0,-504.5,-3401.0,-188.0,-583.5,-1951.5,-1419.5,-716.0,-977.0
2023-05-21,-22669.0,-1295.0,-4901.0,-504.5,-3401.0,-188.0,-583.5,-1951.5,-1419.5,-716.0,-977.0
2023-05-22,-22639.5,-1313.0,-4919.0,-504.5,-3401.0,-206.0,-583.5,-1969.5,-1437.5,-716.0,-995.0
2023-05-23,-22794.5,-1412.5,-4946.0,-504.5,-3500.5,-305.5,-583.5,-1996.5,-1464.5,-716.0,-1067.5
2023-05-24,-22611.0,-1212.5,-4746.0,-504.5,-3300.5,-105.5,-583.5,-1796.5,-1264.5,-716.0,-1067.5
2023-05-25,-22594.0,-1195.5,-4628.0,-504.5,-3399.0,-77.5,-583.5,-1678.5,-1146.5,-716.0,-1085.5
2023-05-26,-22845.5,-1247.0,-4679.5,-538.0,-3599.0,0.0,-617.0,-1730.0,-1198.0,-749.5,-1119.0
2023-05-27,-22845.5,-1247.0,-4679.5,-538.0,-3599.0,0.0,-617.0,-1730.0,-1198.0,-749.5,-1119.0
2023-05-28,-22845.5,-1247.0,-4679.5,-538.0,-3599.0,0.0,-617.0,-1730.0,-1198.0,-749.5,-1119.0
2023-05-29,-22817.0,-1218.5,-4679.5,-556.5,-3599.0,0.0,-635.5,-1730.0,-1198.0,-749.5,-1119.0
2023-05-30,-22799.5,-970.5,-4326.5,-356.5,-3304.0,0.0,-435.5,-1346.0,-845.0,-549.5,-824.0
2023-05-31,-22923.5,-1070.0,-4426.0,-356.5,-3359.0,-76.5,-435.5,-1370.5,-944.5,-549.5,-824.0
2023-06-01,-23255.0,-1218.5,-4508.5,-400.0,-3464.0,-225.0,-479.0,-1370.5,-1027.0,-549.5,-933.5
2023-06-02,-23321.0,-1061.5,-4351.5,-400.0,-3307.0,-25.0,-479.0,-1413.5,-870.0,-549.5,-970.0
2023-06-03,-23321.0,-1061.5,-4351.5,-400.0,-3307.0,-25.0,-479.0,-1413.5,-870.0,-549.5,-970.0
2023-06-04,-23321.0,-1061.5,-4351.5,-400.0,-3307.0,-25.0,-479.0,-1413.5,-870.0,-549.5,-970.0
2023-06-05,-23121.0,-861.5,-4151.5,-425.0,-3107.0,0.0,-504.0,-1213.5,-670.0,-549.5,-995.0
2023-06-06,-23169.0,-909.5,-4210.5,-425.0,-3151.5,-48.0,-504.0,-1213.5,-732.5,-549.5,-980.5
2023-06-07,-23214.5,-785.0,-4236.0,-500.5,-2977.0,0.0,-529.5,-1239.0,-608.0,-599.5,-1056.0
2023-06-08,-23055.5,-585.0,-4236.0,-500.5,-2977.0,0.0,-529.5,-1239.0,-608.0,-599.5,-1056.0
2023-06-09,-23123.0,-542.0,-4036.0,-500.5,-2777.0,0.0,-529.5,-1239.0,-408.0,-599.5,-1056.0
2023-06-10,-23123.0,-542.0,-4036.0,-500.5,-2777.0,0.0,-529.5,-1239.0,-408.0,-599.5,-1056.0
2023-06-11,-23123.0,-542.0,-4036.0,-500.5,-2777.0,0.0,-529.5,-1239.0,-408.0,-599.5,-1056.0
2023-06-12,-23007.5,-386.0,-3880.0,-500.5,-2803.5,0.0,-529.5,-1083.0,-252.0,-599.5,-1082.5
2023-06-13,-22848.0,-551.0,-3920.0,-500.5,-2803.5,-165.0,-529.5,-1123.0,-292.0,-599.5,-1082.5
2023-06-14,-22720.0,-672.0,-3983.5,-500.5,-2892.5,-254.5,-529.5,-1186.5,-355.5,-599.5,-1082.5
2023-06-15,-22754.0,-472.0,-4030.0,-300.5,-2892.5,-254.5,-529.5,-1186.5,-402.0,-599.5,-882.5
2023-06-16,-22883.5,-453.0,-4061.5,-300.5,-3042.0,-419.0,-529.5,-1218.0,-433.5,-599.5,-882.5
2023-06-17,-22883.5,-453.0,-4061.5,-300.5,-3042.0,-419.0,-529.5,-1218.0,-433.5,-599.5,-882.5
2023-06-18,-22903.5,-473.0,-4081.5,-300.5,-3062.0,-439.0,-529.5,-1238.0,-453.5,-599.5,-882.5
2023-06-19,-22957.5,-527.0,-4135.5,-314.0,-3102.5,-474.0,-543.0,-1292.0,-507.5,-599.5,-915.0
2023-06-20,-22879.5,-600.5,-4209.0,-338.5,-3151.0,-523.0,-567.5,-1341.0,-581.0,-624.0,-967.5
2023-06-21,-22698.0,-419.0,-4027.5,-338.5,-2969.5,-341.5,-567.5,-1159.5,-399.5,-624.0,-767.5
2023-06-22,-22661.5,-382.5,-4074.0,-138.5,-3133.0,-271.0,-567.5,-1172.0,-246.0,-624.0,-601.5
2023-06-23,-22391.5,-255.0,-4074.0,-138.5,-3133.0,-143.5,-567.5,-1172.0,-246.0,-624.0,-601.5
2023-06-24,-22391.5,-255.0,-4074.0,-138.5,-3133.0,-143.5,-567.5,-1172.0,-246.0,-624.0,-601.5
2023-06-25,-22404.5,-268.0,-4087.0,-138.5,-3146.0,-156.5,-567.5,-1185.0,-259.0,-624.0,-601.5
2023-06-26,-22324.5,0.0,-3988.5,-183.0,-2803.0,0.0,-612.0,-1229.5,-160.5,-668.5,-703.0
2023-06-27,-22582.5,-97.5,-3988.5,-183.0,-2900.5,-37.5,-612.0,-1229.5,-198.0,-668.5,-703.0
2023-06-28,-22772.0,-233.5,-4015.5,-252.5,-2988.0,-173.5,-612.0,-1256.5,-264.5,-738.0,-790.5
2023-06-29,-22791.5,-334.5,-4071.5,-252.5,-3068.0,-229.5,-612.0,-1277.5,-365.5,-738.0,-825.5
2023-06-30,-22640.0,-170.5,-3871.5,-288.5,-2868.0,-29.5,-612.0,-1077.5,-165.5,-738.0,-861.5
2023-07-01,-22640.0,-170.5,-3871.5,-288.5,-2868.0,-29.5,-612.0,-1077.5,-165.5,-738.0,-861.5
2023-07-02,-22640.0,-170.5,-3871.5,-288.5,-2868.0,-29.5,-612.0,-1077.5,-165.5,-738.0,-861.5
2023-07-03,-22643.5,-174.0,-3887.0,-288.5,-2883.5,-29.5,-612.0,-1093.0,-181.0,-738.0,-861.5
2023-07-04,-22676.0,-206.5,-3919.5,-288.5,-2883.5,-45.0,-612.0,-1125.5,-213.5,-738.0,-877.0
2023-07-05,-22731.5,-237.5,-3950.5,-307.5,-2895.5,-73.5,-631.0,-1137.5,-244.5,-738.0,-896.0
2023-07-06,-22405.0,0.0,-3571.0,-307.5,-2495.5,0.0,-631.0,-1158.0,0.0,-738.0,-896.0
2023-07-07,-22553.5,-64.0,-3593.0,-307.5,-2495.5,-64.0,-631.0,-1180.0,-64.0,-738.0,-918.0
2023-07-08,-22553.5,-64.0,-3593.0,-307.5,-2495.5,-64.0,-631.0,-1180.0,-64.0,-738.0,-918.0
2023-07-09,-22553.5,-83.5,-3612.5,-307.5,-2495.5,-64.0,-631.0,-1199.5,-83.5,-738.0,-918.0
2023-07-10,-22488.5,-157.5,-3686.5,-307.5,-2495.5,-138.0,-631.0,-1233.0,-157.5,-738.0,-951.5
2023-07-11,-22325.0,-276.5,-3762.5,-307.5,-2614.5,-257.0,-631.0,-1309.0,-276.5,-738.0,-1018.5
2023-07-12,-22676.0,-90.0,-3576.0,-350.5,-2628.0,-70.5,-631.0,-1122.5,-90.0,-738.0,-818.5
2023-07-13,-22526.5,0.0,-3401.5,-350.5,-2428.0,0.0,-631.0,-948.0,0.0,-738.0,-843.5
2023-07-14,-22733.0,-82.0,-3483.5,-350.5,-2487.0,-82.0,-631.0,-1030.0,-82.0,-738.0,-856.5
2023-07-15,-22733.0,-82.0,-3483.5,-350.5,-2487.0,-82.0,-631.0,-1030.0,-82.0,-738.0,-856.5
2023-07-16,-22733.0,-82.0,-3483.5,-350.5,-2487.0,-82.0,-631.0,-1030.0,-82.0,-738.0,-856.5
2023-07-17,-22733.0,-82.0,-3483.5,-350.5,-2487.0,-82.0,-631.0,-1030.0,-82.0,-738.0,-856.5
2023-07-18,-22964.0,-177.0,-3494.0,-361.0,-2582.0,-177.0,-641.5,-1040.5,-92.5,-738.0,-951.5
2023-07-19,-23060.0,-255.5,-3508.0,-425.5,-2660.5,-255.5,-641.5,-1054.5,-106.5,-738.0,-1016.0
2023-07-20,-23375.5,-118.0,-3370.5,-425.5,-2723.0,-118.0,-641.5,-1117.0,0.0,-738.0,-1050.0
2023-07-21,-23501.0,-83.5,-3170.5,-425.5,-2688.5,-29.0,-641.5,-917.0,0.0,-738.0,-1161.0
2023-07-22,-23501.0,-83.5,-3170.5,-425.5,-2688.5,-29.0,-641.5,-917.0,0.0,-738.0,-1161.0
2023-07-23,-23501.0,-83.5,-3170.5,-425.5,-2688.5,-29.0,-641.5,-917.0,0.0,-738.0,-1161.0
2023-07-24,-23601.0,-179.0,-3205.5,-486.0,-2749.0,-64.0,-641.5,-917.0,-35.0,-738.0,-1221.5
2023-07-25,-23047.0,0.0,-3228.0,-286.0,-2417.5,0.0,-641.5,-939.5,-57.5,-538.0,-867.5
2023-07-26,-23115.5,-7.5,-3046.0,-442.5,-2286.5,0.0,-641.5,-757.5,0.0,-538.0,-1024.0
2023-07-27,-22868.0,-181.5,-3092.5,-442.5,-2306.5,-46.5,-641.5,-804.0,-46.5,-538.0,-1024.0
2023-07-28,-23074.5,-313.5,-3092.5,-442.5,-2306.5,-46.5,-641.5,-804.0,-46.5,-538.0,-1024.0
2023-07-29,-23074.5,-313.5,-3092.5,-442.5,-2306.5,-46.5,-641.5,-804.0,-46.5,-538.0,-1024.0
2023-07-30,-23144.0,-348.0,-3127.0,-442.5,-2306.5,-81.0,-641.5,-838.5,-81.0,-538.0,-1024.0
2023-07-31,-23209.5,-263.0,-3042.0,-442.5,-2332.0,-81.0,-641.5,-717.5,0.0,-538.0,-1060.0
2023-08-01,-23414.5,-441.0,-3062.5,-442.5,-2408.5,-182.5,-641.5,-738.0,-20.5,-538.0,-1116.0
2023-08-02,-23913.5,-587.5,-3147.0,-442.5,-2449.5,-329.0,-641.5,-822.5,-167.0,-538.0,-1200.5
2023-08-03,-24123.0,-689.5,-3192.5,-494.0,-2301.0,-431.0,-687.0,-622.5,-263.0,-583.5,-1252.0
2023-08-04,-23860.0,-743.0,-3192.5,-494.0,-2301.0,-484.5,-687.0,-622.5,-316.5,-583.5,-1252.0
2023-08-05,-23860.0,-743.0,-3192.5,-494.0,-2301.0,-484.5,-687.0,-622.5,-316.5,-583.5,-1252.0
2023-08-06,-23860.0,-743.0,-3192.5,-494.0,-2301.0,-484.5,-687.0,-622.5,-316.5,-583.5,-1252.0
2023-08-07,-23978.5,-1028.5,-3293.5,-494.0,-2539.5,-503.5,-687.0,-676.5,-417.5,-583.5,-1252.0
2023-08-08,-23863.5,-913.5,-3178.5,-515.5,-2403.0,-388.5,-708.5,-514.0,-302.5,-605.0,-1289.5
2023-08-09,-23486.5,-966.0,-3231.0,-568.0,-2437.0,-407.0,-761.0,-532.5,-355.0,-605.0,-1342.0
2023-08-10,-23293.5,-1137.0,-3319.0,-568.0,-2499.5,-548.5,-761.0,-585.0,-443.0,-605.0,-1377.5
2023-08-11,-23134.0,-968.0,-3350.0,-568.0,-2530.5,-579.5,-761.0,-616.0,-274.0,-605.0,-1377.5
2023-08-12,-23134.0,-968.0,-3350.0,-568.0,-2530.5,-579.5,-761.0,-616.0,-274.0,-605.0,-1377.5
2023-08-13,-23134.0,-968.0,-3350.0,-568.0,-2530.5,-579.5,-761.0,-616.0,-274.0,-605.0,-1377.5
2023-08-14,-23268.5,-1086.5,-3468.5,-568.0,-2649.0,-698.0,-761.0,-646.0,-392.5,-605.0,-1407.5
2023-08-15,-23437.0,-1207.5,-3516.5,-568.0,-2739.5,-792.5,-761.0,-694.0,-440.5,-605.0,-1407.5
2023-08-16,-23620.0,-892.0,-3366.0,-603.0,-2589.0,-827.5,-761.0,-543.5,-290.0,-605.0,-1442.5
2023-08-17,-23666.0,-938.0,-3366.0,-603.0,-2635.0,-873.5,-761.0,-543.5,-336.0,-605.0,-1488.5
2023-08-18,-23227.5,-579.5,-3207.5,-603.0,-2255.0,-515.0,-761.0,-585.0,-221.5,-605.0,-1530.0
2023-08-19,-23227.5,-579.5,-3207.5,-603.0,-2255.0,-515.0,-761.0,-585.0,-221.5,-605.0,-1530.0
2023-08-20,-23227.5,-579.5,-3207.5,-603.0,-2255.0,-515.0,-761.0,-585.0,-221.5,-605.0,-1530.0
2023-08-21,-23472.5,-824.5,-3282.0,-712.0,-2500.0,-686.0,-761.0,-620.0,-296.0,-714.0,-1639.0
2023-08-22,-23339.0,-691.0,-3311.0,-578.5,-2366.5,-552.5,-761.0,-649.0,-325.0,-780.5,-1505.5
2023-08-23,-23398.5,-550.5,-3169.0,-611.5,-2193.0,-410.5,-794.0,-507.0,-183.0,-780.5,-1538.5
2023-08-24,-23608.5,-676.5,-3239.5,-611.5,-2274.5,-536.5,-794.0,-577.5,-309.0,-780.5,-1583.0
2023-08-25,-23291.5,-714.0,-3077.0,-611.5,-2274.5,-374.0,-794.0,-615.0,-146.5,-780.5,-1583.0
2023-08-26,-23291.5,-714.0,-3077.0,-611.5,-2274.5,-374.0,-794.0,-615.0,-146.5,-780.5,-1583.0
2023-08-27,-23291.5,-714.0,-3077.0,-611.5,-2274.5,-374.0,-794.0,-615.0,-146.5,-780.5,-1583.0
2023-08-28,-22778.5,-401.0,-2877.0,-298.5,-1961.5,-61.0,-594.0,-415.0,0.0,-780.5,-1270.0
2023-08-29,-22534.0,-493.0,-2969.0,-338.0,-2011.5,-153.0,-633.5,-425.5,-92.0,-780.5,-1309.5
2023-08-30,-22164.0,-123.0,-2799.0,-138.0,-1825.5,0.0,-633.5,-255.5,0.0,-780.5,-1109.5
2023-08-31,-22120.5,-79.5,-2816.5,-155.5,-1782.0,-17.5,-651.0,-273.0,0.0,-780.5,-1127.0
2023-09-01,-22100.5,-94.0,-2831.0,-155.5,-1782.0,-32.0,-651.0,-287.5,-14.5,-780.5,-1127.0
2023-09-02,-22100.5,-94.0,-2831.0,-155.5,-1782.0,-32.0,-651.0,-287.5,-14.5,-780.5,-1127.0
2023-09-03,-22100.5,-94.0,-2831.0,-155.5,-1782.0,-32.0,-651.0,-287.5,-14.5,-780.5,-1127.0
2023-09-04,-22049.5,-43.0,-2885.5,-155.5,-1782.0,-57.0,-651.0,-333.0,-69.0,-780.5,-1152.0
2023-09-05,-21873.5,0.0,-2712.5,0.0,-1582.0,-139.5,-451.0,-333.0,0.0,-780.5,-952.0
2023-09-06,-21629.5,0.0,-2512.5,0.0,-1605.0,0.0,-451.0,-133.0,0.0,-780.5,-952.0
2023-09-07,-21029.5,0.0,-2112.5,0.0,-1405.0,0.0,-251.0,0.0,0.0,-780.5,-552.0
2023-09-08,-20985.5,0.0,-2135.5,0.0,-1428.0,0.0,-251.0,-23.0,0.0,-780.5,-552.0
2023-09-09,-20985.5,0.0,-2135.5,0.0,-1428.0,0.0,-251.0,-23.0,0.0,-780.5,-552.0
2023-09-10,-21017.5,-32.0,-2167.5,0.0,-1428.0,-32.0,-251.0,-55.0,-32.0,-780.5,-552.0
2023-09-11,-21142.5,-122.0,-2190.5,0.0,-1394.0,-21.0,-251.0,-78.0,-21.0,-780.5,-552.0
2023-09-12,-20815.5,-214.0,-2214.5,0.0,-1418.0,-45.0,-251.0,-102.0,-45.0,-780.5,-552.0
2023-09-13,-21073.5,0.0,-2028.0,-71.0,-1090.5,0.0,-251.0,0.0,0.0,-780.5,-623.0
2023-09-14,-21149.0,-75.5,-2047.0,-71.0,-1064.0,-75.5,-251.0,-19.0,-19.0,-780.5,-623.0
2023-09-15,-21579.0,-248.5,-2047.0,-71.0,-1237.0,-75.5,-251.0,-19.0,-19.0,-780.5,-796.0
2023-09-16,-21579.0,-248.5,-2047.0,-71.0,-1237.0,-75.5,-251.0,-19.0,-19.0,-780.5,-796.0
2023-09-17,-21579.0,-248.5,-2047.0,-71.0,-1237.0,-75.5,-251.0,-19.0,-19.0,-780.5,-796.0
2023-09-18,-21514.0,-297.0,-2088.5,-78.0,-1296.5,-87.0,-277.0,-60.5,-97.5,-806.5,-803.0
2023-09-19,-21412.5,-97.0,-2116.0,-78.0,-1096.5,-119.0,-277.0,-88.0,0.0,-806.5,-803.0
2023-09-20,-21335.0,-131.5,-2150.5,-98.0,-1111.0,-153.5,-297.0,-122.5,-34.5,-806.5,-823.0
2023-09-21,-21615.5,-201.5,-2177.0,-98.0,-1137.5,-223.5,-297.0,-149.0,-104.5,-806.5,-823.0
2023-09-22,-21757.5,-171.0,-2211.5,-132.5,-1307.0,-158.5,-331.5,-178.5,-139.0,-806.5,-857.5
2023-09-23,-21757.5,-171.0,-2211.5,-132.5,-1307.0,-158.5,-331.5,-178.5,-139.0,-806.5,-857.5
2023-09-24,-21757.5,-171.0,-2211.5,-132.5,-1307.0,-158.5,-331.5,-178.5,-139.0,-806.5,-857.5
2023-09-25,-21703.5,-36.0,-2276.5,-132.5,-1132.5,-23.5,-331.5,-204.0,-204.0,-806.5,-857.5
2023-09-26,-22055.0,-257.5,-2322.5,-236.5,-1152.0,-69.5,-358.0,-250.0,-250.0,-806.5,-961.5
2023-09-27,-21714.5,-286.5,-2351.5,-236.5,-982.5,-98.5,-358.0,-279.0,-279.0,-806.5,-979.5
2023-09-28,-21317.5,0.0,-2351.5,-236.5,-831.5,0.0,-358.0,-279.0,-328.0,-806.5,-979.5
2023-09-29,-21257.0,0.0,-2410.5,-236.5,-869.0,-83.0,-358.0,-338.0,-149.5,-806.5,-1038.5
2023-09-30,-21257.0,0.0,-2410.5,-236.5,-869.0,-83.0,-358.0,-338.0,-149.5,-806.5,-1038.5
2023-10-01,-21257.0,0.0,-2410.5,-236.5,-869.0,-83.0,-358.0,-338.0,-149.5,-806.5,-1038.5
2023-10-02,-21340.5,0.0,-2429.0,-236.5,-669.0,-101.5,-358.0,-356.5,-168.0,-806.5,-1057.0
2023-10-03,-21455.5,-246.0,-2477.0,-236.5,-775.5,-149.5,-358.0,-404.5,-216.0,-806.5,-1057.0
2023-10-04,-21731.0,-446.0,-2477.0,-236.5,-775.5,-149.5,-358.0,-404.5,-216.0,-806.5,-1057.0
2023-10-05,-21912.0,-596.0,-2489.5,-374.0,-788.0,-162.0,-358.0,-417.0,-228.5,-806.5,-1194.5
2023-10-06,-22374.0,-673.0,-2566.5,-374.0,-814.5,-239.0,-358.0,-443.5,-305.5,-806.5,-1194.5
2023-10-07,-22374.0,-673.0,-2566.5,-374.0,-814.5,-239.0,-358.0,-443.5,-305.5,-806.5,-1194.5
2023-10-08,-22374.0,-673.0,-2566.5,-374.0,-814.5,-239.0,-358.0,-443.5,-305.5,-806.5,-1194.5
2023-10-09,-22099.5,-607.0,-2625.0,-374.0,-614.5,-173.0,-358.0,-502.0,-364.0,-806.5,-1270.0
2023-10-10,-22123.5,-631.0,-2649.0,-374.0,-614.5,-197.0,-358.0,-526.0,-388.0,-806.5,-1270.0
2023-10-11,-22395.5,-758.5,-2702.0,-374.0,-742.0,-250.0,-358.0,-546.5,-441.0,-806.5,-1270.0
2023-10-12,-22666.0,-855.5,-2746.0,-391.5,-816.0,-329.5,-375.5,-590.5,-485.0,-806.5,-1287.5
2023-10-13,-22824.5,-1014.0,-2773.0,-523.0,-974.5,-488.0,-375.5,-617.5,-512.0,-806.5,-1419.0
2023-10-14,-22824.5,-1014.0,-2773.0,-523.0,-974.5,-488.0,-375.5,-617.5,-512.0,-806.5,-1419.0
2023-10-15,-22824.5,-1014.0,-2773.0,-523.0,-974.5,-488.0,-375.5,-617.5,-512.0,-806.5,-1419.0
2023-10-16,-22343.0,-996.0,-2773.0,-523.0,-893.0,-406.5,-375.5,-617.5,-512.0,-806.5,-1419.0
2023-10-17,-22352.0,-856.5,-2793.0,-523.0,-733.5,-226.5,-375.5,-637.5,-372.5,-806.5,-1419.0
2023-10-18,-22120.0,-712.0,-2648.5,-536.5,-589.0,-26.5,-389.0,-451.0,-228.0,-806.5,-1474.5
2023-10-19,-22028.5,-668.0,-2715.0,-336.5,-414.5,0.0,-389.0,-517.5,-294.5,-806.5,-1300.0
2023-10-20,-22130.5,-687.5,-2734.5,-336.5,-434.0,-19.5,-389.0,-537.0,-314.0,-806.5,-1300.0
2023-10-21,-22130.5,-687.5,-2734.5,-336.5,-434.0,-19.5,-389.0,-537.0,-314.0,-806.5,-1300.0
2023-10-22,-22130.5,-687.5,-2734.5,-336.5,-434.0,-19.5,-389.0,-537.0,-314.0,-806.5,-1300.0
2023-10-23,-21858.0,-369.5,-2616.5,-336.5,-116.0,0.0,-389.0,-357.0,-196.0,-806.5,-1362.0
2023-10-24,-22078.5,-522.0,-2677.5,-428.0,-228.5,-61.0,-389.0,-418.0,-257.0,-806.5,-1514.5
2023-10-25,-21965.0,-322.0,-2477.5,-428.0,-28.5,0.0,-389.0,-218.0,-57.0,-806.5,-1568.5
2023-10-26,-21987.5,0.0,-2477.5,-28.0,0.0,0.0,-389.0,-218.0,-57.0,-806.5,-1168.5
2023-10-27,-21998.5,-13.5,-2491.0,-28.0,0.0,-13.5,-389.0,-231.5,-70.5,-806.5,-1168.5
2023-10-28,-21998.5,-13.5,-2491.0,-28.0,0.0,-13.5,-389.0,-231.5,-70.5,-806.5,-1168.5
2023-10-29,-21998.5,-13.5,-2491.0,-28.0,0.0,-13.5,-389.0,-231.5,-70.5,-806.5,-1168.5
2023-10-30,-21728.0,0.0,-2291.0,0.0,0.0,0.0,-189.0,-231.5,0.0,-606.5,-968.5
2023-10-31,-21589.0,0.0,-2329.5,0.0,0.0,-38.5,-189.0,-231.5,-38.5,-606.5,-844.5
2023-11-01,-21656.0,-55.5,-2385.0,-40.0,-40.0,-83.0,-229.0,-287.0,-94.0,-646.5,-884.5
2023-11-02,-21679.0,-55.5,-2385.0,-40.0,-40.0,-83.0,-229.0,-287.0,-94.0,-646.5,-884.5
2023-11-03,-21676.0,-90.0,-2419.5,-240.0,0.0,0.0,-229.0,-321.5,0.0,-646.5,-1084.5
2023-11-04,-21676.0,-90.0,-2419.5,-240.0,0.0,0.0,-229.0,-321.5,0.0,-646.5,-1084.5
2023-11-05,-21676.0,-90.0,-2419.5,-240.0,0.0,0.0,-229.0,-321.5,0.0,-646.5,-1084.5
2023-11-06,-21771.5,-185.5,-2464.0,-263.0,-58.5,-74.0,-252.0,-366.0,-95.5,-669.5,-1121.5
2023-11-07,-22038.0,-313.5,-2480.5,-263.0,-152.0,-91.5,-252.0,-382.5,-145.5,-669.5,-1199.5
2023-11-08,-22095.5,-371.0,-2523.0,-278.5,-231.5,-134.0,-267.5,-398.0,-188.0,-685.0,-1215.0
2023-11-09,-22212.5,-488.0,-2535.0,-278.5,-250.0,-251.5,-267.5,-410.0,-200.0,-685.0,-1332.0
2023-11-10,-22200.5,-299.0,-2546.0,-78.5,-50.0,-62.5,-267.5,-421.0,-211.0,-685.0,-1132.0
2023-11-11,-22200.5,-299.0,-2546.0,-78.5,-50.0,-62.5,-267.5,-421.0,-211.0,-685.0,-1132.0
2023-11-12,-22200.5,-299.0,-2546.0,-78.5,-50.0,-62.5,-267.5,-421.0,-211.0,-685.0,-1132.0
2023-11-13,-22181.0,-299.0,-2546.0,-78.5,-50.0,-62.5,-267.5,-421.0,-211.0,-685.0,-1132.0
2023-11-14,-22177.5,-260.5,-2381.0,-179.5,-50.0,-224.0,-285.0,-256.0,-89.0,-685.0,-1233.0
2023-11-15,-22051.5,-384.5,-2408.0,-276.5,0.0,-251.0,-285.0,-283.0,0.0,-782.0,-1330.0
2023-11-16,-22237.0,-469.0,-2442.0,-322.5,-84.5,-322.5,-331.0,-317.0,-34.0,-803.0,-1376.0
2023-11-17,-22297.5,-529.5,-2502.5,-359.0,-84.5,-383.0,-367.5,-353.5,-94.5,-820.0,-1436.5
2023-11-18,-22297.5,-529.5,-2502.5,-359.0,-84.5,-383.0,-367.5,-353.5,-94.5,-820.0,-1436.5
2023-11-19,-22297.5,-529.5,-2502.5,-359.0,-84.5,-383.0,-367.5,-353.5,-94.5,-820.0,-1436.5
2023-11-20,-22509.5,-616.0,-2527.5,-359.0,-160.0,-469.5,-367.5,-378.5,-149.5,-820.0,-1447.5
2023-11-21,-22552.0,-658.5,-2570.0,-359.0,-182.5,-512.0,-367.5,-421.0,-192.0,-820.0,-1467.5
2023-11-22,-22690.0,-784.0,-2587.5,-426.5,-240.5,-637.5,-367.5,-438.5,-209.5,-820.0,-1535.0
2023-11-23,-22648.0,-753.5,-2557.0,-396.0,-240.5,-632.5,-337.0,-408.0,-179.0,-778.0,-1504.5
2023-11-24,-22648.0,-789.0,-2565.5,-396.0,-240.5,-641.0,-337.0,-416.5,-187.5,-778.0,-1504.5
2023-11-25,-22648.0,-789.0,-2565.5,-396.0,-240.5,-641.0,-337.0,-416.5,-187.5,-778.0,-1504.5
2023-11-26,-22583.5,-789.0,-2565.5,-396.0,-240.5,-641.0,-337.0,-416.5,-187.5,-778.0,-1504.5
2023-11-27,-22631.0,-874.0,-2615.0,-412.5,-240.5,-690.5,-353.5,-466.0,-237.0,-794.5,-1537.0
2023-11-28,-22524.5,-767.5,-2631.5,-412.5,-134.0,-584.0,-353.5,-482.5,-253.5,-794.5,-1337.0
2023-11-29,-22595.5,-838.5,-2702.5,-412.5,-182.0,-637.5,-353.5,-523.0,-324.5,-794.5,-1337.0
2023-11-30,-22654.5,-915.0,-2779.0,-412.5,-229.0,-714.0,-353.5,-542.5,-401.0,-794.5,-1337.0
2023-12-01,-22453.5,-1045.5,-2820.0,-453.0,-359.5,-795.5,-353.5,-583.5,-442.0,-794.5,-1397.0
2023-12-02,-22453.5,-1045.5,-2820.0,-453.0,-359.5,-795.5,-353.5,-583.5,-442.0,-794.5,-1397.0
2023-12-03,-22453.5,-1045.5,-2820.0,-453.0,-359.5,-795.5,-353.5,-583.5,-442.0,-794.5,-1397.0
2023-12-04,-22579.5,-1120.5,-2844.5,-453.0,-384.0,-870.5,-353.5,-608.0,-466.5,-794.5,-1397.0
2023-12-05,-22420.0,-936.0,-2860.0,-453.0,-199.5,-686.0,-353.5,-623.5,-482.0,-794.5,-1412.5
2023-12-06,-22147.0,-1091.0,-2931.5,-537.0,-280.5,-750.5,-397.5,-651.0,-590.5,-794.5,-1524.0
2023-12-07,-22504.0,-1111.5,-2952.0,-557.5,-301.0,-761.5,-418.0,-671.5,-611.0,-794.5,-1544.5
2023-12-08,-22193.0,-935.5,-2976.0,-557.5,-125.0,-585.5,-418.0,-695.5,-435.0,-794.5,-1344.5
2023-12-09,-22193.0,-935.5,-2976.0,-557.5,-125.0,-585.5,-418.0,-695.5,-435.0,-794.5,-1344.5
2023-12-10,-22228.5,-971.0,-3011.5,-557.5,-125.0,-621.0,-418.0,-731.0,-470.5,-794.5,-1380.0
2023-12-11,-22314.0,-1035.5,-3030.0,-557.5,-125.0,-685.5,-418.0,-749.5,-535.0,-794.5,-1426.0
2023-12-12,-22114.0,-835.5,-2830.0,-357.5,-125.0,-485.5,-218.0,-549.5,-335.0,-794.5,-1226.0
2023-12-13,-22241.5,-963.0,-2886.5,-453.0,-125.0,-613.0,-242.5,-581.5,-391.5,-865.5,-1321.5
2023-12-14,-22041.5,-763.0,-2686.5,-453.0,0.0,-413.0,-242.5,-381.5,-191.5,-865.5,-1321.5
2023-12-15,-21873.5,-500.5,-2486.5,-453.0,0.0,-150.0,-242.5,-181.5,0.0,-865.5,-1058.5
2023-12-16,-21873.5,-500.5,-2486.5,-453.0,0.0,-150.0,-242.5,-181.5,0.0,-865.5,-1058.5
2023-12-17,-21873.5,-500.5,-2486.5,-453.0,0.0,-150.0,-242.5,-181.5,0.0,-865.5,-1058.5
2023-12-18,-21946.0,-515.0,-2501.0,-453.0,-14.5,-164.5,-242.5,-196.0,-14.5,-865.5,-1058.5
2023-12-19,-21959.0,-528.0,-2537.0,-410.0,-70.5,-136.0,-264.0,-210.5,-92.0,-865.5,-1015.5
2023-12-20,-22189.0,-603.0,-2564.0,-458.0,-118.5,-211.0,-264.0,-237.5,-119.0,-865.5,-1063.5
2023-12-21,-22280.0,-759.5,-2585.5,-458.0,-118.5,-232.5,-264.0,-259.0,-140.5,-865.5,-1063.5
2023-12-22,-22097.5,-831.0,-2598.5,-516.5,-190.0,-245.5,-264.0,-272.0,-153.5,-865.5,-1122.0
2023-12-23,-22097.5,-831.0,-2598.5,-516.5,-190.0,-245.5,-264.0,-272.0,-153.5,-865.5,-1122.0
2023-12-24,-22097.5,-831.0,-2598.5,-516.5,-190.0,-245.5,-264.0,-272.0,-153.5,-865.5,-1122.0
2023-12-25,-22097.5,-831.0,-2598.5,-516.5,-190.0,-245.5,-264.0,-272.0,-153.5,-865.5,-1122.0
2023-12-26,-22214.0,-843.0,-2610.5,-516.5,-190.0,-257.5,-264.0,-284.0,-165.5,-865.5,-1122.0
2023-12-27,-22397.5,-962.0,-2629.0,-535.0,-285.5,-376.5,-282.5,-284.0,-189.0,-865.5,-1140.5
2023-12-28,-22303.5,-868.0,-2636.5,-483.5,-293.0,-282.5,-282.5,-291.5,-196.5,-865.5,-1096.5
2023-12-29,-22451.0,-971.0,-2656.0,-503.0,-312.5,-385.5,-302.0,-311.0,-261.0,-885.0,-1161.0
2023-12-30,-22451.0,-971.0,-2656.0,-503.0,-312.5,-385.5,-302.0,-311.0,-261.0,-885.0,-1161.0
2023-12-31,-22451.0,-971.0,-2656.0,-503.0,-312.5,-385.5,-302.0,-311.0,-261.0,-885.0,-1161.0
2024-01-01,-22451.0,-971.0,-2656.0,-503.0,-312.5,-385.5,-302.0,-311.0,-261.0,-885.0,-1161.0
2024-01-02,-22610.5,-971.0,-2656.0,-503.0,-312.5,-385.5,-302.0,-311.0,-261.0,-885.0,-1161.0
2024-01-03,-22662.0,-1022.5,-2656.0,-503.0,-312.5,-437.0,-302.0,-311.0,-312.5,-885.0,-1212.5
2024-01-04,-22262.0,-822.5,-2676.0,-303.0,-312.5,-457.0,-302.0,-331.0,-332.5,-885.0,-1012.5
2024-01-05,-22058.0,-831.0,-2699.5,-326.5,-321.0,-480.5,-325.5,-354.5,-356.0,-885.0,-1021.0
2024-01-06,-22058.0,-831.0,-2699.5,-326.5,-321.0,-480.5,-325.5,-354.5,-356.0,-885.0,-1021.0
2024-01-07,-22058.0,-831.0,-2699.5,-326.5,-321.0,-480.5,-325.5,-354.5,-356.0,-885.0,-1021.0
2024-01-08,-21810.0,-916.5,-2737.0,-326.5,-321.0,-518.0,-325.5,-392.0,-393.5,-885.0,-1021.0
2024-01-09,-21916.0,-1008.5,-2737.0,-326.5,-321.0,-610.0,-325.5,-392.0,-393.5,-885.0,-1021.0
2024-01-10,-21943.0,-968.0,-2769.0,-246.5,-241.0,-569.5,-357.5,-424.0,-465.0,-885.0,-941.0
2024-01-11,-22062.5,-1140.5,-2795.0,-246.5,-267.0,-636.0,-357.5,-450.0,-491.0,-885.0,-941.0
2024-01-12,-22112.5,-1190.5,-2845.0,-246.5,-280.0,-686.0,-357.5,-463.0,-541.0,-885.0,-941.0
2024-01-13,-22112.5,-1190.5,-2845.0,-246.5,-280.0,-686.0,-357.5,-463.0,-541.0,-885.0,-941.0
2024-01-14,-22112.5,-1190.5,-2845.0,-246.5,-280.0,-686.0,-357.5,-463.0,-541.0,-885.0,-941.0
2024-01-15,-22136.0,-1214.0,-2869.5,-245.5,-280.0,-709.5,-357.5,-487.5,-565.5,-885.0,-940.0
2024-01-16,-22349.0,-1251.5,-2907.0,-245.5,-280.0,-747.0,-357.5,-525.0,-603.0,-885.0,-940.0
2024-01-17,-22289.0,-1359.5,-2907.0,-245.5,-340.0,-795.0,-357.5,-525.0,-651.0,-885.0,-940.0
2024-01-18,-22217.0,-1072.0,-2725.5,-245.5,-140.0,-748.5,-357.5,-525.0,-469.5,-885.0,-740.0
2024-01-19,-21817.0,-1072.0,-2725.5,-245.5,-140.0,-748.5,-357.5,-525.0,-469.5,-885.0,-740.0
2024-01-20,-21817.0,-1072.0,-2725.5,-245.5,-140.0,-748.5,-357.5,-525.0,-469.5,-885.0,-740.0
2024-01-21,-21817.0,-1072.0,-2725.5,-245.5,-140.0,-748.5,-357.5,-525.0,-469.5,-885.0,-740.0
2024-01-22,-21845.5,-1100.5,-2754.0,-274.0,-140.0,-777.0,-386.0,-553.5,-498.0,-885.0,-768.5
2024-01-23,-21925.5,-1168.0,-2777.5,-274.0,-140.0,-844.5,-386.0,-577.0,-521.5,-885.0,-768.5
2024-01-24,-21987.0,-1229.5,-2839.0,-274.0,-201.5,-906.0,-386.0,-638.5,-583.0,-885.0,-808.0
2024-01-25,-21760.0,-960.0,-2704.0,-274.0,-26.0,-636.5,-386.0,-663.0,-448.0,-885.0,-808.0
2024-01-26,-21643.0,-768.0,-2712.0,-74.0,-34.0,-436.5,-386.0,-663.0,-456.0,-685.0,-616.0
2024-01-27,-21643.0,-768.0,-2712.0,-74.0,-34.0,-436.5,-386.0,-663.0,-456.0,-685.0,-616.0
2024-01-28,-21643.0,-768.0,-2712.0,-74.0,-34.0,-436.5,-386.0,-663.0,-456.0,-685.0,-616.0
2024-01-29,-21166.5,-905.0,-2776.0,-105.5,-114.0,-462.0,-417.5,-694.5,-520.0,-716.5,-647.5
2024-01-30,-20967.0,-746.5,-2617.5,-105.5,0.0,-303.5,-417.5,-494.5,-361.5,-716.5,-647.5
2024-01-31,-21019.0,-795.5,-2666.5,-122.0,-49.0,-352.5,-434.0,-511.0,-410.5,-716.5,-664.0
2024-02-01,-21159.5,-825.0,-2696.0,-122.0,-78.5,-382.0,-434.0,-540.5,-440.0,-716.5,-664.0
2024-02-02,-21346.0,-967.5,-2789.0,-122.0,-128.0,-496.0,-434.0,-582.0,-533.0,-716.5,-692.5
2024-02-03,-21346.0,-967.5,-2789.0,-122.0,-128.0,-496.0,-434.0,-582.0,-533.0,-716.5,-692.5
2024-02-04,-21346.0,-967.5,-2789.0,-122.0,-128.0,-496.0,-434.0,-582.0,-533.0,-716.5,-692.5
2024-02-05,-21233.5,-1081.5,-2828.0,-122.0,-242.0,-571.0,-434.0,-582.0,-572.0,-716.5,-692.5
2024-02-06,-21162.0,-1119.5,-2866.0,-122.0,-258.5,-592.5,-434.0,-620.0,-610.0,-716.5,-692.5
2024-02-07,-21353.0,-1289.5,-2952.5,-122.0,-428.5,-679.0,-434.0,-663.5,-696.5,-716.5,-735.5
2024-02-08,-21294.5,-1229.5,-2985.0,-122.0,-428.5,-679.0,-434.0,-696.0,-729.0,-716.5,-735.5
2024-02-09,-21363.5,-1298.5,-3019.5,-156.5,-428.5,-748.0,-468.5,-696.0,-798.0,-751.0,-770.0
2024-02-10,-21363.5,-1298.5,-3019.5,-156.5,-428.5,-748.0,-468.5,-696.0,-798.0,-751.0,-770.0
2024-02-11,-21363.5,-1298.5,-3019.5,-156.5,-428.5,-748.0,-468.5,-696.0,-798.0,-751.0,-770.0
2024-02-12,-21451.0,-1362.0,-3029.5,-210.0,-428.5,-811.5,-468.5,-706.0,-808.0,-751.0,-823.5
2024-02-13,-21941.5,-1390.0,-3057.5,-10.0,-228.5,-839.5,-468.5,-734.0,-836.0,-551.0,-623.5
2024-02-14,-21541.5,-1576.0,-3057.5,0.0,-414.5,-886.5,-468.5,-734.0,-883.0,-551.0,-423.5
2024-02-15,-21302.0,-1593.5,-3075.0,-17.5,-432.0,-904.0,-486.0,-751.5,-900.5,-551.0,-441.0
2024-02-16,-21529.5,-1657.5,-3139.0,-64.5,-479.0,-949.5,-514.5,-815.5,-964.5,-551.0,-488.0
2024-02-17,-21529.5,-1657.5,-3139.0,-64.5,-479.0,-949.5,-514.5,-815.5,-964.5,-551.0,-488.0
2024-02-18,-21529.5,-1657.5,-3139.0,-64.5,-479.0,-949.5,-514.5,-815.5,-964.5,-551.0,-488.0
2024-02-19,-21578.0,-1724.5,-3206.0,-100.0,-507.0,-998.0,-550.0,-882.5,-1031.5,-569.5,-544.0
2024-02-20,-21578.0,-1353.0,-3234.5,-172.5,-335.5,-1026.5,-550.0,-882.5,-860.0,-569.5,-372.5
2024-02-21,-21679.0,-1219.0,-3300.5,-212.0,-175.0,-892.5,-589.5,-909.0,-926.0,-569.5,-212.0
2024-02-22,-22119.5,-1313.0,-3300.5,-12.0,0.0,-692.5,-589.5,-909.0,-726.0,-569.5,-12.0
2024-02-23,-22238.5,-1331.5,-3319.0,-12.0,-18.5,-711.0,-589.5,-927.5,-744.5,-569.5,-12.0
2024-02-24,-22238.5,-1331.5,-3319.0,-12.0,-18.5,-711.0,-589.5,-927.5,-744.5,-569.5,-12.0
2024-02-25,-22238.5,-1331.5,-3319.0,-12.0,-18.5,-711.0,-589.5,-927.5,-744.5,-569.5,-12.0
2024-02-26,-22124.0,-1167.5,-3155.0,0.0,0.0,-547.0,-389.5,-983.5,-580.5,-569.5,0.0
2024-02-27,-22202.5,-988.0,-3232.0,-24.0,0.0,-347.0,-413.5,-1028.0,-657.5,-569.5,-24.0
2024-02-28,-22375.0,-1124.0,-3292.5,-24.0,-110.5,-382.0,-413.5,-1053.5,-718.0,-569.5,-24.0
2024-02-29,-22170.0,-1190.5,-3377.0,-92.5,-144.5,-396.5,-482.0,-1138.0,-802.5,-638.0,-76.0
2024-03-01,-21770.0,-1050.5,-3392.0,-92.5,0.0,-256.5,-482.0,-1153.0,-662.5,-638.0,-91.0
2024-03-02,-21770.0,-1050.5,-3392.0,-92.5,0.0,-256.5,-482.0,-1153.0,-662.5,-638.0,-91.0
2024-03-03,-21770.0,-1050.5,-3392.0,-92.5,0.0,-256.5,-482.0,-1153.0,-662.5,-638.0,-91.0
2024-03-04,-21627.0,-907.5,-3406.0,-92.5,0.0,-113.5,-482.0,-1167.0,-519.5,-638.0,-91.0
2024-03-05,-21873.0,-1094.0,-3406.0,-166.5,-120.0,-300.0,-482.0,-1167.0,-565.5,-638.0,-165.0
2024-03-06,-21927.5,-1130.0,-3442.0,-166.5,-156.0,-336.0,-482.0,-1167.0,-601.5,-638.0,-165.0
2024-03-07,-21997.5,-1120.5,-3283.0,-221.5,-144.5,-326.5,-482.0,-1167.0,-394.0,-638.0,-220.0
2024-03-08,-22278.0,-968.5,-3332.5,-244.0,-165.5,-374.5,-504.5,-1216.5,-443.5,-638.0,-241.0
2024-03-09,-22278.0,-968.5,-3332.5,-244.0,-165.5,-374.5,-504.5,-1216.5,-443.5,-638.0,-241.0
2024-03-10,-22278.0,-968.5,-3332.5,-244.0,-165.5,-374.5,-504.5,-1216.5,-443.5,-638.0,-241.0
2024-03-11,-22152.0,-908.5,-3180.0,-244.0,-260.5,-222.0,-504.5,-1311.5,-291.0,-638.0,-288.5
2024-03-12,-22752.0,-1128.0,-3199.5,-244.0,-260.5,-222.0,-504.5,-1331.0,-310.5,-638.0,-308.0
2024-03-13,-22829.5,-1205.5,-3277.0,-244.0,-303.0,-299.5,-504.5,-1366.0,-388.0,-638.0,-350.5
2024-03-14,-22670.5,-1046.5,-3318.0,-244.0,-344.0,-140.5,-504.5,-1166.0,-429.0,-638.0,0.0
2024-03-15,-22278.5,-837.5,-3358.0,-195.0,-335.0,-180.5,-504.5,-1206.0,-469.0,-638.0,0.0
2024-03-16,-22278.5,-837.5,-3358.0,-195.0,-335.0,-180.5,-504.5,-1206.0,-469.0,-638.0,0.0
2024-03-17,-22329.5,-888.5,-3409.0,-195.0,-386.0,-180.5,-504.5,-1257.0,-520.0,-638.0,0.0
2024-03-18,-22679.5,-888.5,-3409.0,-195.0,-410.0,-180.5,-504.5,-1257.0,-520.0,-638.0,0.0
2024-03-19,-22318.5,-1046.5,-3492.0,-195.0,-417.0,-270.5,-504.5,-1289.0,-603.0,-638.0,0.0
2024-03-20,-22462.0,-1068.5,-3514.0,-217.0,-466.0,-292.5,-526.5,-1311.0,-625.0,-638.0,-22.0
2024-03-21,-22571.5,-1159.0,-3542.5,-279.0,-556.5,-383.0,-526.5,-1339.5,-653.5,-638.0,-84.0
2024-03-22,-22656.5,-1244.0,-3568.5,-202.0,-641.5,-545.0,-526.5,-1365.5,-679.5,-638.0,-7.0
2024-03-23,-22656.5,-1244.0,-3568.5,-202.0,-641.5,-545.0,-526.5,-1365.5,-679.5,-638.0,-7.0
2024-03-24,-22675.5,-1263.0,-3587.5,-202.0,-641.5,-564.0,-526.5,-1384.5,-698.5,-638.0,-7.0
2024-03-25,-22870.5,-1398.0,-3635.0,-202.0,-720.5,-716.0,-526.5,-1432.0,-729.0,-638.0,-159.0
2024-03-26,-22736.0,-1263.5,-3460.0,-227.0,-561.0,-541.0,-551.5,-1257.0,-594.5,-638.0,0.0
2024-03-27,-22771.0,-1298.5,-3495.0,-227.0,-561.0,-576.0,-551.5,-1292.0,-629.5,-638.0,-35.0
2024-03-28,-22886.5,-1270.5,-3427.0,-227.0,-514.5,-651.5,-551.5,-1224.0,-561.5,-638.0,0.0
2024-03-29,-22886.5,-1270.5,-3427.0,-227.0,-514.5,-651.5,-551.5,-1224.0,-561.5,-638.0,0.0
2024-03-30,-22886.5,-1270.5,-3427.0,-227.0,-514.5,-651.5,-551.5,-1224.0,-561.5,-638.0,0.0
2024-03-31,-22943.0,-1270.5,-3427.0,-227.0,-514.5,-651.5,-551.5,-1224.0,-561.5,-638.0,0.0
2024-04-01,-22923.0,-1333.0,-3483.0,-227.0,-687.0,-584.5,-551.5,-1280.0,-617.5,-638.0,0.0
2024-04-02,-23111.5,-1452.5,-3508.0,-252.0,-712.0,-704.0,-576.5,-1305.0,-642.5,-638.0,-25.0
2024-04-03,-23167.0,-1508.0,-3563.5,-252.0,-712.0,-759.5,-576.5,-1318.0,-698.0,-638.0,-25.0
2024-04-04,-23477.0,-1614.0,-3627.0,-291.0,-754.5,-826.5,-615.5,-1381.5,-804.0,-638.0,-64.0
2024-04-05,-23386.5,-1646.5,-3659.5,-291.0,-754.5,-859.0,-615.5,-1414.0,-836.5,-638.0,-99.5
2024-04-06,-23386.5,-1646.5,-3659.5,-291.0,-754.5,-859.0,-615.5,-1414.0,-836.5,-638.0,-99.5
2024-04-07,-23386.5,-1646.5,-3659.5,-291.0,-754.5,-859.0,-615.5,-1414.0,-836.5,-638.0,-99.5
2024-04-08,-23297.0,-1511.5,-3717.0,-291.0,-819.5,-659.0,-615.5,-1425.0,-959.0,-638.0,-99.5
2024-04-09,-23401.0,-1656.0,-3729.0,-291.0,-906.0,-803.5,-615.5,-1437.0,-1017.0,-638.0,-186.0
2024-04-10,-23232.0,-1794.5,-3824.5,-359.0,-1044.5,-942.0,-683.5,-1464.5,-1155.5,-638.0,-254.0
2024-04-11,-23282.5,-2045.0,-3824.5,-359.0,-1095.0,-992.5,-683.5,-1464.5,-1206.0,-638.0,-254.0
2024-04-12,-23560.0,-2246.0,-3885.5,-545.0,-1352.0,-1063.5,-683.5,-1464.5,-1338.0,-638.0,-511.0
2024-04-13,-23560.0,-2246.0,-3885.5,-545.0,-1352.0,-1063.5,-683.5,-1464.5,-1338.0,-638.0,-511.0
2024-04-14,-23560.0,-2246.0,-3885.5,-545.0,-1352.0,-1063.5,-683.5,-1464.5,-1338.0,-638.0,-511.0
2024-04-15,-23695.5,-2419.0,-3959.0,-545.0,-1403.5,-1236.5,-683.5,-1486.5,-1480.5,-638.0,-511.0
2024-04-16,-23471.0,-2373.5,-3759.0,-545.0,-1481.0,-1113.5,-683.5,-1286.5,-1280.5,-638.0,-588.0
2024-04-17,-23729.0,-2413.5,-3799.0,-571.0,-1481.0,-1153.5,-709.5,-1326.5,-1320.5,-638.0,-614.0
2024-04-18,-24114.0,-2488.0,-3873.5,-571.0,-1518.0,-1228.0,-709.5,-1401.0,-1395.0,-638.0,-614.0
2024-04-19,-23826.5,-2556.0,-3941.5,-571.0,-1518.0,-1296.0,-709.5,-1401.0,-1463.0,-638.0,-682.0
2024-04-20,-23826.5,-2556.0,-3941.5,-571.0,-1518.0,-1296.0,-709.5,-1401.0,-1463.0,-638.0,-682.0
2024-04-21,-23826.5,-2556.0,-3941.5,-571.0,-1518.0,-1296.0,-709.5,-1401.0,-1463.0,-638.0,-682.0
2024-04-22,-23646.5,-2474.0,-4074.0,-571.0,-1565.5,-1395.5,-709.5,-1533.5,-1595.5,-638.0,-733.0
2024-04-23,-23546.5,-2374.0,-3874.0,-571.0,-1465.5,-1295.5,-709.5,-1333.5,-1395.5,-638.0,-733.0
2024-04-24,-23400.5,-2193.5,-3693.5,-571.0,-1465.5,-1115.0,-709.5,-1153.0,-1215.0,-638.0,-733.0
2024-04-25,-23736.0,-2301.0,-3736.0,-571.0,-1508.0,-1222.5,-709.5,-1195.5,-1322.5,-638.0,-733.0
2024-04-26,-23469.5,-2382.5,-3801.0,-587.5,-1536.5,-1287.5,-709.5,-1260.5,-1387.5,-638.0,-749.5
2024-04-27,-23469.5,-2382.5,-3801.0,-587.5,-1536.5,-1287.5,-709.5,-1260.5,-1387.5,-638.0,-749.5
2024-04-28,-23469.5,-2382.5,-3801.0,-587.5,-1536.5,-1287.5,-709.5,-1260.5,-1387.5,-638.0,-749.5
2024-04-29,-23575.5,-2267.0,-3885.5,-596.5,-1375.0,-1312.0,-718.5,-1345.0,-1472.0,-638.0,-758.5
2024-04-30,-23728.0,-2219.5,-3685.5,-596.5,-1527.5,-1112.0,-718.5,-1145.0,-1272.0,-638.0,-558.5
2024-05-01,-23826.5,-2318.0,-3784.0,-596.5,-1527.5,-1210.5,-718.5,-1153.0,-1370.5,-638.0,-558.5
2024-05-02,-24073.5,-2511.0,-3877.5,-621.0,-1726.5,-1403.5,-743.0,-1246.5,-1464.0,-638.0,-583.0
2024-05-03,-24263.5,-2530.0,-3896.5,-621.0,-1745.5,-1422.5,-743.0,-1265.5,-1483.0,-638.0,-583.0
2024-05-04,-24263.5,-2530.0,-3896.5,-621.0,-1745.5,-1422.5,-743.0,-1265.5,-1483.0,-638.0,-583.0
2024-05-05,-24263.5,-2530.0,-3896.5,-621.0,-1745.5,-1422.5,-743.0,-1265.5,-1483.0,-638.0,-583.0
2024-05-06,-23923.0,-2625.5,-3948.0,-666.0,-1745.5,-1511.5,-788.0,-1317.0,-1534.5,-683.0,-672.0
2024-05-07,-23891.0,-2593.5,-3983.0,-563.5,-1745.5,-1479.5,-788.0,-1352.0,-1467.0,-683.0,-580.5
2024-05-08,-23974.0,-2616.0,-4005.5,-563.5,-1745.5,-1502.0,-788.0,-1352.0,-1489.5,-683.0,-580.5
2024-05-09,-24102.0,-2684.5,-4016.5,-622.0,-1745.5,-1560.5,-788.0,-1363.0,-1500.5,-741.5,-649.0
2024-05-10,-24053.0,-2745.5,-4029.5,-622.0,-1806.5,-1573.5,-788.0,-1376.0,-1513.5,-741.5,-649.0
2024-05-11,-24053.0,-2745.5,-4029.5,-622.0,-1806.5,-1573.5,-788.0,-1376.0,-1513.5,-741.5,-649.0
2024-05-12,-24053.0,-2745.5,-4029.5,-622.0,-1806.5,-1573.5,-788.0,-1376.0,-1513.5,-741.5,-649.0
2024-05-13,-24103.5,-2783.0,-4067.0,-622.0,-1827.0,-1594.5,-788.0,-1409.5,-1551.0,-741.5,-649.0
2024-05-14,-24362.0,-2753.0,-3903.0,-642.0,-1867.5,-1471.0,-808.0,-1245.5,-1387.0,-761.5,-669.0
2024-05-15,-24501.0,-2818.0,-3903.0,-642.0,-1932.5,-1536.0,-808.0,-1245.5,-1386.5,-761.5,-669.0
2024-05-16,-24522.0,-2839.0,-3924.0,-663.0,-1932.5,-1557.0,-829.0,-1266.5,-1407.5,-761.5,-690.0
2024-05-17,-24337.0,-2654.0,-3939.0,-663.0,-1732.5,-1372.0,-829.0,-1281.5,-1422.5,-761.5,-705.0
2024-05-18,-24337.0,-2654.0,-3939.0,-663.0,-1732.5,-1372.0,-829.0,-1281.5,-1422.5,-761.5,-705.0
2024-05-19,-24337.0,-2654.0,-3939.0,-663.0,-1732.5,-1372.0,-829.0,-1281.5,-1422.5,-761.5,-705.0
2024-05-20,-24312.5,-2518.0,-4003.0,-463.0,-1780.5,-1220.5,-829.0,-1313.0,-1286.5,-561.5,-553.0
2024-05-21,-24367.5,-2359.5,-4017.0,-477.0,-1580.5,-1234.5,-843.0,-1327.0,-1328.0,-561.5,-567.0
2024-05-22,-24291.0,-2235.0,-4049.0,-493.0,-1580.5,-1110.0,-859.0,-1359.0,-1360.0,-577.5,-399.0
2024-05-23,-24506.0,-2385.0,-4097.5,-594.5,-1702.0,-1260.0,-859.0,-1407.5,-1408.5,-577.5,-500.5
2024-05-24,-24506.0,-2185.0,-3897.5,-594.5,-1502.0,-1060.0,-859.0,-1207.5,-1208.5,-577.5,-500.5
2024-05-25,-24506.0,-2185.0,-3897.5,-594.5,-1502.0,-1060.0,-859.0,-1207.5,-1208.5,-577.5,-500.5
2024-05-26,-24506.0,-2185.0,-3897.5,-594.5,-1502.0,-1060.0,-859.0,-1207.5,-1208.5,-577.5,-500.5
2024-05-27,-24529.0,-2208.0,-3920.5,-594.5,-1502.0,-1083.0,-859.0,-1230.5,-1231.5,-577.5,-523.5
2024-05-28,-24688.0,-2295.5,-3920.5,-594.5,-1502.0,-1170.5,-859.0,-1230.5,-1231.5,-577.5,-562.0
2024-05-29,-24822.0,-2517.5,-3720.5,-631.5,-1724.0,-1024.5,-859.0,-1030.5,-1068.5,-577.5,-730.0
2024-05-30,-24984.5,-2598.0,-3757.0,-631.5,-1724.0,-1105.0,-859.0,-1030.5,-1149.0,-577.5,-730.0
2024-05-31,-24829.0,-2557.5,-3800.0,-631.5,-1524.0,-1064.5,-859.0,-1030.5,-1238.0,-577.5,-689.5
2024-06-01,-24829.0,-2557.5,-3800.0,-631.5,-1524.0,-1064.5,-859.0,-1030.5,-1238.0,-577.5,-689.5
2024-06-02,-24829.0,-2557.5,-3800.0,-631.5,-1524.0,-1064.5,-859.0,-1030.5,-1238.0,-577.5,-689.5
2024-06-03,-24403.0,-2798.0,-3878.5,-650.0,-1632.0,-1215.5,-877.5,-1109.0,-1316.5,-577.5,-708.0
2024-06-04,-24199.5,-2666.0,-3878.5,-650.0,-1632.0,-1215.5,-877.5,-1109.0,-1116.5,-577.5,-508.0
2024-06-05,-24669.0,-2557.0,-3899.0,-650.0,-1652.5,-1306.5,-877.5,-1129.5,-937.0,-577.5,-528.5
2024-06-06,-24776.0,-2664.0,-3899.0,-650.0,-1710.5,-1413.5,-877.5,-1129.5,-986.0,-577.5,-635.5
2024-06-07,-24992.5,-2880.5,-3915.0,-702.5,-1726.5,-1630.0,-877.5,-1145.5,-1002.0,-630.0,-688.0
2024-06-08,-24992.5,-2880.5,-3915.0,-702.5,-1726.5,-1630.0,-877.5,-1145.5,-1002.0,-630.0,-688.0
2024-06-09,-24992.5,-2880.5,-3915.0,-702.5,-1726.5,-1630.0,-877.5,-1145.5,-1002.0,-630.0,-688.0
2024-06-10,-25041.5,-2950.5,-3934.5,-702.5,-1746.0,-1700.0,-877.5,-1165.0,-1021.5,-630.0,-688.0
2024-06-11,-24733.5,-3040.5,-3950.5,-702.5,-1820.0,-1716.0,-877.5,-1181.0,-1037.5,-630.0,-688.0
2024-06-12,-24745.0,-3052.0,-3962.0,-702.5,-1820.0,-1727.5,-877.5,-1192.5,-1049.0,-630.0,-688.0
2024-06-13,-24635.5,-2838.0,-4005.5,-502.5,-1820.0,-1713.5,-877.5,-1236.0,-1092.5,-430.0,-488.0
2024-06-14,-24532.0,-2932.0,-4037.0,-534.0,-1851.5,-1797.5,-909.0,-1267.5,-1124.0,-461.5,-519.5
2024-06-15,-24532.0,-2932.0,-4037.0,-534.0,-1851.5,-1797.5,-909.0,-1267.5,-1124.0,-461.5,-519.5
2024-06-16,-24532.0,-2932.0,-4037.0,-534.0,-1851.5,-1797.5,-909.0,-1267.5,-1124.0,-461.5,-519.5
2024-06-17,-24639.0,-2984.5,-4052.0,-549.0,-1851.5,-1812.5,-924.0,-1282.5,-1176.5,-461.5,-534.5
2024-06-18,-24439.0,-2784.5,-4075.5,-549.0,-1851.5,-1836.0,-924.0,-1306.0,-1200.0,-461.5,-334.5
2024-06-19,-24406.5,-2775.5,-4066.5,-553.0,-1851.5,-1803.5,-924.0,-1273.5,-1191.0,-461.5,-362.0
2024-06-20,-24233.5,-2788.0,-4079.0,-553.0,-1851.5,-1816.0,-924.0,-1286.0,-1203.5,-461.5,-362.0
2024-06-21,-24150.5,-2711.0,-4129.5,-353.0,-1884.5,-1739.0,-924.0,-1336.5,-1254.0,-261.5,-162.0
2024-06-22,-24150.5,-2711.0,-4129.5,-353.0,-1884.5,-1739.0,-924.0,-1336.5,-1254.0,-261.5,-162.0
2024-06-23,-24150.5,-2711.0,-4129.5,-353.0,-1884.5,-1739.0,-924.0,-1336.5,-1254.0,-261.5,-162.0
2024-06-24,-24000.0,-2511.0,-3929.5,-378.0,-1684.5,-1764.0,-949.0,-1136.5,-1054.0,-261.5,-187.0
2024-06-25,-24246.0,-2757.0,-4038.5,-465.5,-1825.0,-2010.0,-1036.5,-1193.5,-1163.0,-261.5,-274.5
2024-06-26,-24189.5,-2932.0,-4164.5,-500.5,-1916.0,-2136.0,-1071.5,-1319.5,-1338.0,-261.5,-344.5
2024-06-27,-24268.0,-2581.0,-3964.5,-500.5,-1565.0,-1985.0,-1071.5,-1319.5,-1138.0,-261.5,-344.5
2024-06-28,-24509.0,-2735.0,-4023.5,-500.5,-1565.0,-2139.0,-1071.5,-1378.5,-1197.0,-261.5,-344.5
2024-06-29,-24509.0,-2735.0,-4023.5,-500.5,-1565.0,-2139.0,-1071.5,-1378.5,-1197.0,-261.5,-344.5
2024-06-30,-24538.5,-2764.5,-4053.0,-500.5,-1565.0,-2168.5,-1071.5,-1408.0,-1226.5,-261.5,-344.5
2024-07-01,-24676.5,-2876.5,-4089.0,-500.5,-1641.0,-2280.5,-1071.5,-1444.0,-1262.5,-261.5,-344.5
2024-07-02,-24505.5,-2926.5,-4139.0,-500.5,-1641.0,-2330.5,-1071.5,-1494.0,-1312.5,-261.5,-344.5
2024-07-03,-24577.0,-2990.0,-4202.5,-545.0,-1682.0,-2394.0,-1116.0,-1557.5,-1376.0,-261.5,-408.0
2024-07-04,-24515.0,-2928.0,-4140.5,-470.0,-1607.0,-2332.0,-1041.0,-1586.5,-1314.0,-186.5,-333.0
2024-07-05,-24081.0,-2894.0,-4106.5,-470.0,-1573.0,-2298.0,-1041.0,-1586.5,-1280.0,-186.5,-299.0
2024-07-06,-24081.0,-2894.0,-4106.5,-470.0,-1573.0,-2298.0,-1041.0,-1586.5,-1280.0,-186.5,-299.0
2024-07-07,-24081.0,-2894.0,-4106.5,-470.0,-1573.0,-2298.0,-1041.0,-1586.5,-1280.0,-186.5,-299.0
2024-07-08,-24011.5,-2797.0,-3959.0,-465.5,-1476.0,-2147.0,-1058.5,-1439.0,-1132.5,-240.5,-294.5
2024-07-09,-24047.5,-2804.5,-3976.5,-465.5,-1466.0,-2154.5,-1058.5,-1456.5,-1150.0,-240.5,-294.5
2024-07-10,-24252.0,-2944.0,-4031.5,-465.5,-1583.5,-2187.5,-1058.5,-1489.5,-1205.0,-240.5,-294.5
2024-07-11,-24598.0,-3071.5,-4052.0,-465.5,-1604.0,-2294.5,-1058.5,-1510.0,-1225.5,-240.5,-315.0
2024-07-12,-24373.5,-3130.0,-4110.5,-465.5,-1709.0,-2375.0,-1058.5,-1565.5,-1284.0,-240.5,-315.0
2024-07-13,-24373.5,-3130.0,-4110.5,-465.5,-1709.0,-2375.0,-1058.5,-1565.5,-1284.0,-240.5,-315.0
2024-07-14,-24373.5,-3130.0,-4110.5,-465.5,-1709.0,-2375.0,-1058.5,-1565.5,-1284.0,-240.5,-315.0
2024-07-15,-24550.0,-3147.5,-4128.0,-483.0,-1709.0,-2392.5,-1076.0,-1583.0,-1301.5,-240.5,-332.5
2024-07-16,-24697.0,-3204.0,-4149.5,-483.0,-1730.5,-2414.0,-1076.0,-1604.5,-1323.0,-240.5,-332.5
2024-07-17,-24818.0,-3325.0,-3949.5,-483.0,-1730.5,-2214.0,-1076.0,-1604.5,-1123.0,-240.5,-332.5
2024-07-18,-25247.0,-3387.0,-3949.5,-483.0,-1730.5,-2276.0,-1076.0,-1604.5,-1185.0,-240.5,-394.5
2024-07-19,-24861.0,-3121.0,-3749.5,-483.0,-1730.5,-2010.0,-1076.0,-1404.5,-985.0,-240.5,-394.5
2024-07-20,-24861.0,-3121.0,-3749.5,-483.0,-1730.5,-2010.0,-1076.0,-1404.5,-985.0,-240.5,-394.5
2024-07-21,-24861.0,-3121.0,-3749.5,-483.0,-1730.5,-2010.0,-1076.0,-1404.5,-985.0,-240.5,-394.5
2024-07-22,-25002.0,-3106.5,-3549.5,-483.0,-1530.5,-1810.0,-1076.0,-1204.5,-861.0,-240.5,-194.5
2024-07-23,-24863.0,-3174.0,-3617.0,-483.0,-1565.0,-1877.5,-1076.0,-1272.0,-928.5,-240.5,-194.5
2024-07-24,-25227.5,-3452.5,-3735.5,-561.5,-1597.5,-2156.0,-1076.0,-1358.0,-1047.0,-240.5,-305.5
2024-07-25,-25909.0,-3328.5,-3735.5,-361.5,-1724.0,-1882.5,-1076.0,-1358.0,-847.0,-240.5,0.0
2024-07-26,-25958.0,-3328.5,-3735.5,-361.5,-1724.0,-1882.5,-1076.0,-1358.0,-847.0,-240.5,0.0
2024-07-27,-25958.0,-3328.5,-3735.5,-361.5,-1724.0,-1882.5,-1076.0,-1358.0,-847.0,-240.5,0.0
2024-07-28,-25958.0,-3328.5,-3735.5,-361.5,-1724.0,-1882.5,-1076.0,-1358.0,-847.0,-240.5,0.0
2024-07-29,-26278.0,-3266.0,-3873.0,-383.0,-1545.5,-2020.0,-1097.5,-1428.5,-984.5,-262.0,-21.5
2024-07-30,-26144.0,-3332.0,-3939.0,-383.0,-1545.5,-2086.0,-1097.5,-1428.5,-1050.5,-262.0,-87.5
2024-07-31,-26527.0,-3048.0,-3739.0,-183.0,-1461.5,-1686.0,-1097.5,-1228.5,-850.5,-262.0,0.0
2024-08-01,-26523.5,-3122.5,-3678.5,-238.5,-1461.5,-1760.5,-1153.0,-1084.0,-878.5,-262.0,-55.5
2024-08-02,-26723.5,-3122.5,-3678.5,-238.5,-1461.5,-1760.5,-1153.0,-1084.0,-878.5,-262.0,-55.5
2024-08-03,-26723.5,-3122.5,-3678.5,-238.5,-1461.5,-1760.5,-1153.0,-1084.0,-878.5,-262.0,-55.5
2024-08-04,-27226.5,-3244.0,-3678.5,-238.5,-1583.0,-1882.0,-1153.0,-1084.0,-878.5,-262.0,-177.0
2024-08-05,-27304.0,-3321.5,-3508.0,-147.5,-1522.0,-1959.5,-953.0,-1113.5,-708.0,-371.0,-225.0
2024-08-06,-27160.0,-2921.5,-3308.0,-147.5,-1322.0,-1559.5,-953.0,-913.5,-308.0,-371.0,-25.0
2024-08-07,-27267.5,-3429.0,-3619.0,-344.0,-1518.5,-1870.5,-953.0,-1224.5,-619.0,-371.0,-221.5
2024-08-08,-27424.5,-3229.0,-3419.0,-344.0,-1518.5,-1670.5,-953.0,-1224.5,-419.0,-371.0,-221.5
2024-08-09,-27737.5,-3229.0,-3419.0,-344.0,-1518.5,-1670.5,-953.0,-1224.5,-419.0,-371.0,-221.5
2024-08-10,-27737.5,-3229.0,-3419.0,-344.0,-1518.5,-1670.5,-953.0,-1224.5,-419.0,-371.0,-221.5
2024-08-11,-27737.5,-3229.0,-3419.0,-344.0,-1518.5,-1670.5,-953.0,-1224.5,-419.0,-371.0,-221.5
2024-08-12,-27649.0,-3393.0,-3294.5,-419.5,-1518.5,-1834.5,-1028.5,-1224.5,-583.0,-371.0,-297.0
2024-08-13,-27501.0,-3245.0,-3146.5,-471.5,-1518.5,-1686.5,-1080.5,-1076.5,-435.0,-371.0,-349.0
2024-08-14,-27456.0,-3200.0,-3170.5,-271.5,-1649.5,-1641.5,-1080.5,-1100.5,-459.0,-171.0,-149.0
2024-08-15,-27293.5,-3023.0,-3011.5,-312.5,-1649.5,-1464.5,-1121.5,-941.5,-300.0,-212.0,-190.0
2024-08-16,-27238.5,-2960.0,-2948.5,-312.5,-1649.5,-1353.0,-1121.5,-941.5,-237.0,-212.0,-190.0
2024-08-17,-27238.5,-2960.0,-2948.5,-312.5,-1649.5,-1353.0,-1121.5,-941.5,-237.0,-212.0,-190.0
2024-08-18,-27286.0,-2960.0,-2948.5,-312.5,-1649.5,-1353.0,-1121.5,-941.5,-237.0,-212.0,-190.0
2024-08-19,-27407.5,-3082.5,-2948.5,-312.5,-1714.0,-1475.5,-1121.5,-941.5,-359.5,-212.0,-190.0
2024-08-20,-27076.5,-3010.5,-2948.5,-112.5,-1714.0,-1275.5,-1121.5,-941.5,-359.5,-12.0,0.0
2024-08-21,-27098.5,-2682.5,-2774.0,0.0,-1714.0,-1101.0,-1121.5,-767.0,-185.0,-12.0,0.0
2024-08-22,-27501.5,-2597.5,-2616.0,-73.0,-1714.0,-1239.5,-1121.5,-567.0,-27.0,-12.0,-115.0
2024-08-23,-27260.5,-2397.5,-2416.0,-73.0,-1714.0,-1039.5,-1121.5,-367.0,0.0,-12.0,0.0
2024-08-24,-27260.5,-2397.5,-2416.0,-73.0,-1714.0,-1039.5,-1121.5,-367.0,0.0,-12.0,0.0
2024-08-25,-27260.5,-2397.5,-2416.0,-73.0,-1714.0,-1039.5,-1121.5,-367.0,0.0,-12.0,0.0
2024-08-26,-26818.0,-2397.5,-2416.0,-73.0,-1714.0,-1039.5,-1121.5,-367.0,0.0,-12.0,0.0
2024-08-27,-26955.0,-2531.0,-2416.0,-73.0,-1771.0,-1173.0,-1121.5,-367.0,-57.0,-12.0,0.0
2024-08-28,-27064.0,-2640.0,-2438.5,-73.0,-1857.5,-1282.0,-1121.5,-389.5,-166.0,-12.0,0.0
2024-08-29,-27083.5,-2821.0,-2438.5,-175.5,-1936.0,-1463.0,-1121.5,-389.5,-268.5,-12.0,-102.5
2024-08-30,-27014.0,-2774.5,-2392.0,-89.0,-2051.0,-1263.0,-1235.0,-229.5,-222.0,0.0,-16.0
2024-08-31,-27014.0,-2774.5,-2392.0,-89.0,-2051.0,-1263.0,-1235.0,-229.5,-222.0,0.0,-16.0
2024-09-01,-27028.5,-2789.0,-2406.5,-89.0,-2051.0,-1277.5,-1235.0,-244.0,-236.5,0.0,-16.0
2024-09-02,-27101.5,-2862.0,-2479.5,-89.0,-2051.0,-1350.5,-1235.0,-317.0,-309.5,0.0,-16.0
2024-09-03,-27839.5,-3011.5,-2629.0,-89.0,-2147.0,-1500.0,-1235.0,-466.5,-459.0,0.0,-165.5
2024-09-04,-27570.0,-2942.0,-2464.5,-89.0,-2219.0,-1430.5,-1235.0,-302.0,-389.5,0.0,-60.5
2024-09-05,-27739.5,-2906.0,-2525.5,-89.0,-2019.0,-1291.5,-1235.0,-302.0,-450.5,0.0,-60.5
2024-09-06,-27904.5,-2766.5,-2586.0,-89.0,-1879.5,-1152.0,-1235.0,-362.5,-311.0,0.0,-121.0
2024-09-07,-27904.5,-2766.5,-2586.0,-89.0,-1879.5,-1152.0,-1235.0,-362.5,-311.0,0.0,-121.0
2024-09-08,-28017.0,-2879.0,-2586.0,-89.0,-1992.0,-1264.5,-1235.0,-362.5,-423.5,0.0,-121.0
2024-09-09,-28217.0,-3079.0,-2586.0,-89.0,-2192.0,-1464.5,-1235.0,-362.5,-423.5,0.0,-121.0
2024-09-10,-27545.5,-2279.0,-2444.5,-89.0,-1792.0,-1064.5,-1235.0,-221.0,-282.0,0.0,0.0
2024-09-11,-28088.5,-2515.5,-2490.0,-89.0,-1792.0,-1301.0,-1235.0,-266.5,-327.5,0.0,0.0
2024-09-12,-27598.5,-2140.5,-2515.0,-89.0,-1417.0,-926.0,-1235.0,-291.5,-352.5,0.0,0.0
2024-09-13,-27394.5,-1913.5,-2591.0,-89.0,-1247.0,-956.0,-1235.0,-367.5,-382.5,0.0,-76.0
2024-09-14,-27394.5,-1913.5,-2591.0,-89.0,-1247.0,-956.0,-1235.0,-367.5,-382.5,0.0,-76.0
2024-09-15,-27394.5,-1913.5,-2591.0,-89.0,-1247.0,-956.0,-1235.0,-367.5,-382.5,0.0,-76.0
2024-09-16,-27367.5,-1969.0,-2646.5,-126.5,-1247.0,-1011.5,-1272.5,-423.0,-438.0,-37.5,-113.5
2024-09-17,-27339.5,-2066.0,-2668.5,-126.5,-1247.0,-1108.5,-1272.5,-445.0,-460.0,-37.5,-135.5
2024-09-18,-27798.0,-2524.5,-2722.0,-204.0,-1247.0,-1121.0,-1272.5,-457.5,-513.5,-37.5,-413.0
2024-09-19,-27998.0,-2324.5,-2522.0,-204.0,-1047.0,-921.0,-1272.5,-257.5,-313.5,-37.5,-413.0
2024-09-20,-27885.5,-2412.0,-2522.0,-204.0,-1134.5,-1008.5,-1272.5,-257.5,-401.0,-37.5,-413.0
2024-09-21,-27885.5,-2412.0,-2522.0,-204.0,-1134.5,-1008.5,-1272.5,-257.5,-401.0,-37.5,-413.0
2024-09-22,-27885.5,-2412.0,-2522.0,-204.0,-1134.5,-1008.5,-1272.5,-257.5,-401.0,-37.5,-413.0
2024-09-23,-27720.0,-2469.5,-2538.0,-245.5,-1192.0,-1066.0,-1272.5,-273.5,-474.0,-37.5,-470.5
2024-09-24,-27275.0,-2435.0,-2538.0,-45.5,-1053.0,-970.5,-1272.5,-273.5,-541.5,-37.5,-331.5
2024-09-25,-27126.0,-2235.0,-2582.5,0.0,-853.0,-1015.0,-1272.5,-318.0,-586.0,-37.5,-131.5
2024-09-26,-27198.0,-2307.0,-2582.5,0.0,-925.0,-1015.0,-1272.5,-318.0,-586.0,-37.5,-131.5
2024-09-27,-27294.0,-2403.0,-2678.5,0.0,-1021.0,-1111.0,-1272.5,-362.0,-682.0,-37.5,-175.5
2024-09-28,-27294.0,-2403.0,-2678.5,0.0,-1021.0,-1111.0,-1272.5,-362.0,-682.0,-37.5,-175.5
2024-09-29,-27294.0,-2403.0,-2678.5,0.0,-1021.0,-1111.0,-1272.5,-362.0,-682.0,-37.5,-175.5
2024-09-30,-27175.0,-2484.0,-2678.5,0.0,-1102.0,-1192.0,-1272.5,-362.0,-682.0,-37.5,-256.5
2024-10-01,-26775.0,-2535.0,-2729.5,0.0,-1153.0,-992.0,-1272.5,-362.0,-733.0,-37.5,-307.5
2024-10-02,-26619.0,-2627.5,-2822.0,-44.0,-1197.0,-1036.0,-1316.5,-454.5,-825.5,-81.5,-351.5
2024-10-03,-26683.0,-2767.0,-2891.5,-44.0,-1240.0,-1105.5,-1316.5,-524.0,-965.0,-81.5,-351.5
2024-10-04,-26534.0,-2650.5,-2775.0,-97.0,-1123.5,-1189.0,-1369.5,-524.0,-848.5,-81.5,-488.0
2024-10-05,-26534.0,-2650.5,-2775.0,-97.0,-1123.5,-1189.0,-1369.5,-524.0,-848.5,-81.5,-488.0
2024-10-06,-26534.0,-2650.5,-2775.0,-97.0,-1123.5,-1189.0,-1369.5,-524.0,-848.5,-81.5,-488.0
2024-10-07,-26245.5,-2526.0,-2575.0,-97.0,-999.0,-989.0,-1369.5,-324.0,-648.5,-81.5,-288.0
2024-10-08,-26160.0,-2538.5,-2587.5,-97.0,-999.0,-928.5,-1369.5,-206.5,-661.0,-81.5,-288.0
2024-10-09,-25960.0,-2338.5,-2611.0,0.0,-1022.5,-952.0,-1369.5,-230.0,-684.5,-81.5,-88.0
2024-10-10,-25664.5,-2043.0,-2411.0,0.0,-799.5,-656.5,-1169.5,-30.0,-461.5,0.0,0.0
2024-10-11,-25426.5,-1877.5,-2486.5,-41.0,-634.0,-732.0,-1210.5,-64.5,-537.0,0.0,-41.0
2024-10-12,-25426.5,-1877.5,-2486.5,-41.0,-634.0,-732.0,-1210.5,-64.5,-537.0,0.0,-41.0
2024-10-13,-25426.5,-1877.5,-2486.5,-41.0,-634.0,-732.0,-1210.5,-64.5,-537.0,0.0,-41.0
2024-10-14,-25541.0,-1811.0,-2620.0,-90.0,-540.0,-616.5,-1259.5,-149.0,-670.5,-49.0,-125.5
2024-10-15,-25843.5,-1792.0,-2647.5,-90.0,-493.5,-597.5,-1259.5,-176.5,-698.0,-49.0,-125.5
2024-10-16,-25465.0,-1392.0,-2447.5,-90.0,-93.5,-197.5,-1259.5,0.0,-498.0,-49.0,0.0
2024-10-17,-25120.5,-1407.5,-2523.0,-230.0,-309.0,-273.0,-1259.5,-23.5,-573.5,-49.0,-140.0
2024-10-18,-24833.0,-1477.0,-2592.5,-230.0,-309.0,-342.5,-1259.5,-23.5,-643.0,-49.0,-140.0
2024-10-19,-24833.0,-1477.0,-2592.5,-230.0,-309.0,-342.5,-1259.5,-23.5,-643.0,-49.0,-140.0
2024-10-20,-24833.0,-1477.0,-2592.5,-230.0,-309.0,-342.5,-1259.5,-23.5,-643.0,-49.0,-140.0
2024-10-21,-24367.0,-1319.0,-2592.5,-230.0,-109.0,-184.5,-1259.5,-23.5,-685.0,-49.0,-140.0
2024-10-22,-24416.0,-1485.0,-2677.0,-230.0,-234.5,-228.5,-1259.5,-23.5,-769.5,-49.0,-140.0
2024-10-23,-24887.0,-1106.0,-2698.0,-30.0,-157.5,-49.5,-1259.5,-44.5,-790.5,-49.0,0.0
2024-10-24,-24967.5,-1146.5,-2738.5,-30.0,-157.5,-90.0,-1259.5,-85.0,-831.0,-49.0,0.0
2024-10-25,-25031.5,-1047.5,-2768.0,0.0,0.0,0.0,-1259.5,-114.5,-860.5,-49.0,0.0
2024-10-26,-25031.5,-1047.5,-2768.0,0.0,0.0,0.0,-1259.5,-114.5,-860.5,-49.0,0.0
2024-10-27,-25031.5,-1047.5,-2794.5,0.0,-26.5,0.0,-1259.5,-141.0,-887.0,-49.0,-26.5
2024-10-28,-24847.5,-815.0,-2702.5,0.0,0.0,-92.0,-1259.5,0.0,-795.0,-49.0,0.0
2024-10-29,-24918.5,-760.0,-2752.5,0.0,0.0,-37.0,-1259.5,0.0,-645.0,-49.0,0.0
2024-10-30,-25060.0,-797.5,-2790.0,0.0,-37.5,-74.5,-1259.5,-37.5,-682.5,-49.0,0.0
2024-10-31,-25255.0,-932.5,-2832.0,0.0,-148.5,-116.5,-1259.5,-79.5,-724.5,-49.0,-93.0
2024-11-01,-24884.5,-983.5,-2883.0,0.0,-148.5,-167.5,-1259.5,-130.5,-775.5,-49.0,-93.0
2024-11-02,-24884.5,-983.5,-2883.0,0.0,-148.5,-167.5,-1259.5,-130.5,-775.5,-49.0,-93.0
2024-11-03,-24884.5,-983.5,-2883.0,0.0,-148.5,-167.5,-1259.5,-130.5,-775.5,-49.0,-93.0
2024-11-04,-25229.5,-1165.0,-2953.5,0.0,-330.0,-238.0,-1259.5,-201.0,-846.0,-49.0,-271.0
2024-11-05,-25239.5,-889.5,-2990.5,0.0,-217.5,-162.5,-1259.5,-238.0,-894.0,-49.0,-158.5
2024-11-06,-25673.0,-817.5,-3054.0,0.0,-17.5,-26.0,-1259.5,-238.0,-757.5,-49.0,0.0
2024-11-07,-25473.0,-617.5,-2854.0,0.0,0.0,0.0,-1259.5,-38.0,-557.5,-49.0,0.0
2024-11-08,-25681.5,-618.0,-2838.0,0.0,0.0,-73.0,-1259.5,-62.5,-541.5,-49.0,0.0
2024-11-09,-25681.5,-618.0,-2838.0,0.0,0.0,-73.0,-1259.5,-62.5,-541.5,-49.0,0.0
2024-11-10,-25681.5,-618.0,-2838.0,0.0,0.0,-73.0,-1259.5,-62.5,-541.5,-49.0,0.0
2024-11-11,-25912.0,-736.0,-2956.0,-32.5,-70.5,-153.0,-1292.0,-110.0,-659.5,-49.0,-32.5
2024-11-12,-25868.5,-888.0,-3032.5,-32.5,-186.5,-246.5,-1292.0,-137.0,-736.0,-49.0,-118.0
2024-11-13,-25548.0,-688.0,-2832.5,-32.5,0.0,-46.5,-1292.0,-137.0,-536.0,-49.0,0.0
2024-11-14,-25928.5,-857.0,-2896.5,-137.5,-169.0,-194.5,-1292.0,-158.0,-600.0,-49.0,-105.0
2024-11-15,-26457.5,-1007.5,-3047.0,-137.5,-319.5,-345.0,-1292.0,-158.0,-750.5,-49.0,-105.0
2024-11-16,-26457.5,-1007.5,-3047.0,-137.5,-319.5,-345.0,-1292.0,-158.0,-750.5,-49.0,-105.0
2024-11-17,-26457.5,-1007.5,-3047.0,-137.5,-319.5,-345.0,-1292.0,-158.0,-750.5,-49.0,-105.0
2024-11-18,-26362.5,-912.5,-2847.0,-137.5,-319.5,-250.0,-1292.0,0.0,-550.5,-49.0,-105.0
2024-11-19,-26533.5,-912.0,-2647.0,-137.5,-230.5,-249.5,-1292.0,0.0,-350.5,-49.0,0.0
2024-11-20,-25978.5,-947.0,-2682.0,-137.5,-230.5,-284.5,-1292.0,-35.0,-385.5,-49.0,0.0
2024-11-21,-26096.0,-1336.5,-2871.5,-137.5,-303.0,-406.5,-1292.0,-109.0,-575.0,-49.0,0.0
2024-11-22,-25914.0,-1459.5,-2994.5,-137.5,-362.5,-466.0,-1292.0,-109.0,-698.0,-49.0,0.0
2024-11-23,-25914.0,-1459.5,-2994.5,-137.5,-362.5,-466.0,-1292.0,-109.0,-698.0,-49.0,0.0
2024-11-24,-25914.0,-1459.5,-2994.5,-137.5,-362.5,-466.0,-1292.0,-109.0,-698.0,-49.0,0.0
2024-11-25,-25721.0,-1270.5,-3005.5,-148.5,-162.5,-277.0,-1303.0,-120.0,-509.0,-49.0,-11.0
2024-11-26,-25425.0,-1441.0,-2902.5,0.0,-259.5,-333.0,-1103.0,-161.0,-406.0,-49.0,0.0
2024-11-27,-25648.0,-1241.0,-2702.5,0.0,-259.5,-333.0,-1103.0,-161.0,-206.0,-49.0,-61.0
2024-11-28,-25733.5,-1285.5,-2715.5,0.0,-272.5,-377.5,-1103.0,-174.0,-250.5,-49.0,-61.0
2024-11-29,-26133.5,-1364.0,-2737.5,0.0,-351.0,-456.0,-1103.0,-196.0,-272.5,-49.0,-61.0
2024-11-30,-26133.5,-1364.0,-2737.5,0.0,-351.0,-456.0,-1103.0,-196.0,-272.5,-49.0,-61.0
2024-12-01,-26134.5,-1371.0,-2737.5,0.0,-358.0,-463.0,-1103.0,-196.0,-279.5,-49.0,-61.0
2024-12-02,-26173.0,-1425.5,-2803.5,-38.0,-377.5,-517.5,-1141.0,-243.5,-345.5,-49.0,-99.0
2024-12-03,-26383.0,-1388.5,-2803.5,-38.0,-377.5,-480.5,-1141.0,-243.5,-381.0,-49.0,-26.5
2024-12-04,-26206.5,-1212.0,-2827.0,-38.0,-177.5,-304.0,-1141.0,-267.0,-404.5,-49.0,-26.5
2024-12-05,-26326.5,-1332.0,-2864.0,-87.0,-211.5,-390.0,-1141.0,-304.0,-441.5,-49.0,-125.5
2024-12-06,-26502.5,-1457.0,-2906.5,-87.0,-260.0,-509.0,-1141.0,-346.5,-484.0,-49.0,-125.5
2024-12-07,-26502.5,-1457.0,-2906.5,-87.0,-260.0,-509.0,-1141.0,-346.5,-484.0,-49.0,-125.5
2024-12-08,-26502.5,-1457.0,-2906.5,-87.0,-260.0,-509.0,-1141.0,-346.5,-484.0,-49.0,-125.5
2024-12-09,-26601.5,-1527.5,-2977.0,-129.5,-302.5,-579.5,-1183.5,-374.5,-554.5,-91.5,-196.0
2024-12-10,-26458.5,-1235.0,-2684.5,-129.5,-329.0,-287.0,-1183.5,-82.0,-262.0,-91.5,-196.0
2024-12-11,-26351.0,-1117.0,-2736.0,0.0,-211.0,-169.0,-1183.5,-133.5,-313.5,0.0,0.0
2024-12-12,-26130.5,-1035.5,-2759.0,0.0,-106.5,0.0,-1183.5,-156.5,-136.5,0.0,-23.0
2024-12-13,-26289.5,-1194.5,-2832.0,0.0,-293.0,-220.0,-1183.5,-179.5,-253.0,0.0,-73.0
2024-12-14,-26289.5,-1194.5,-2832.0,0.0,-293.0,-220.0,-1183.5,-179.5,-253.0,0.0,-73.0
2024-12-15,-26289.5,-1194.5,-2832.0,0.0,-293.0,-220.0,-1183.5,-179.5,-253.0,0.0,-73.0
2024-12-16,-26308.0,-1213.0,-2850.5,0.0,-293.0,-238.5,-1183.5,-198.0,-271.5,0.0,-91.5
2024-12-17,-26272.0,-1300.5,-2938.0,0.0,-293.0,-326.0,-1183.5,-285.5,-359.0,0.0,-122.5
2024-12-18,-26263.0,-1502.5,-3003.0,-84.5,-333.5,-528.0,-1183.5,-350.5,-424.0,-84.5,-247.5
2024-12-19,-25718.5,-1158.0,-2858.5,-84.5,-333.5,-183.5,-1183.5,-206.0,-279.5,-84.5,0.0
2024-12-20,-25675.0,-958.0,-2858.5,-84.5,-333.5,0.0,-1183.5,-206.0,-79.5,-84.5,0.0
2024-12-21,-25675.0,-958.0,-2858.5,-84.5,-333.5,0.0,-1183.5,-206.0,-79.5,-84.5,0.0
2024-12-22,-25675.0,-958.0,-2858.5,-84.5,-333.5,0.0,-1183.5,-206.0,-79.5,-84.5,0.0
2024-12-23,-25241.5,-586.0,-2723.0,0.0,-333.5,0.0,-983.5,-270.5,0.0,-84.5,0.0
2024-12-24,-25041.5,-386.0,-2523.0,0.0,-133.5,0.0,-983.5,-70.5,0.0,-84.5,0.0
2024-12-25,-25168.5,-386.0,-2523.0,0.0,-133.5,0.0,-983.5,-70.5,0.0,-84.5,0.0
2024-12-26,-24633.0,-467.0,-2523.0,0.0,-133.5,-81.0,-983.5,-70.5,0.0,-84.5,-81.0
2024-12-27,-24507.0,-267.0,-2323.0,0.0,-133.5,0.0,-983.5,-70.5,0.0,-84.5,-81.0
2024-12-28,-24507.0,-267.0,-2323.0,0.0,-133.5,0.0,-983.5,-70.5,0.0,-84.5,-81.0
2024-12-29,-24507.0,-267.0,-2323.0,0.0,-133.5,0.0,-983.5,-70.5,0.0,-84.5,-81.0
2024-12-30,-24906.0,-466.0,-2123.0,-199.0,-332.5,-199.0,-983.5,0.0,0.0,-283.5,-280.0
2024-12-31,-24984.5,-392.5,-1977.5,-199.0,-187.0,-125.5,-983.5,-54.5,0.0,-283.5,-301.0
2025-01-01,-24984.5,-392.5,-1977.5,-199.0,-187.0,-125.5,-983.5,-54.5,0.0,-283.5,-301.0
2025-01-02,-25142.5,-550.5,-2047.0,-268.5,-256.5,-283.5,-1053.0,-124.0,-158.0,-283.5,-370.5
2025-01-03,-25397.0,-747.5,-2151.5,-336.0,-361.0,-320.5,-1120.5,-161.0,-262.5,-283.5,-475.0
2025-01-04,-25397.0,-747.5,-2151.5,-336.0,-361.0,-320.5,-1120.5,-161.0,-262.5,-283.5,-475.0
2025-01-05,-25397.0,-747.5,-2151.5,-336.0,-361.0,-320.5,-1120.5,-161.0,-262.5,-283.5,-475.0
2025-01-06,-25431.0,-747.5,-2151.5,-336.0,-361.0,-320.5,-1120.5,-161.0,-262.5,-283.5,-475.0
2025-01-07,-25475.5,-747.5,-1951.5,-567.5,-361.0,-603.0,-1152.0,0.0,-62.5,-283.5,-706.5
2025-01-08,-25616.0,-631.5,-1630.5,-567.5,-288.5,-363.0,-1152.0,0.0,0.0,-283.5,-753.0
2025-01-09,-25374.5,-631.5,-1630.5,-567.5,-288.5,-363.0,-1152.0,0.0,0.0,-283.5,-753.0
2025-01-10,-25044.5,-732.0,-1658.0,-640.5,-361.5,-390.5,-1152.0,0.0,-27.5,-283.5,-853.5
2025-01-11,-25044.5,-732.0,-1658.0,-640.5,-361.5,-390.5,-1152.0,0.0,-27.5,-283.5,-853.5
2025-01-12,-25044.5,-732.0,-1658.0,-640.5,-361.5,-390.5,-1152.0,0.0,-27.5,-283.5,-853.5
2025-01-13,-25307.0,-861.5,-1481.0,-640.5,-384.5,-520.0,-1152.0,0.0,0.0,-283.5,-876.5
2025-01-14,-24507.0,-661.5,-1481.0,-640.5,-384.5,-320.0,-1152.0,0.0,0.0,-283.5,-676.5
2025-01-15,-24689.5,-539.0,-1358.5,-440.5,-384.5,-197.5,-952.0,-77.5,0.0,-283.5,-499.5
2025-01-16,-24233.5,-283.0,-1226.5,-440.5,-52.5,0.0,-952.0,0.0,0.0,-283.5,-499.5
2025-01-17,-24246.0,-95.5,-1039.0,-453.0,0.0,0.0,-964.5,0.0,0.0,-283.5,-312.0
2025-01-18,-24246.0,-95.5,-1039.0,-453.0,0.0,0.0,-964.5,0.0,0.0,-283.5,-312.0
2025-01-19,-24246.0,-95.5,-1039.0,-453.0,0.0,0.0,-964.5,0.0,0.0,-283.5,-312.0
2025-01-20,-24357.0,0.0,-1039.0,-602.5,0.0,0.0,-964.5,0.0,0.0,-433.0,-261.5
2025-01-21,-23624.0,0.0,-1062.0,-602.5,-109.5,0.0,-964.5,-23.0,-109.5,-433.0,-284.5
2025-01-22,-23523.0,0.0,-879.0,-402.5,0.0,0.0,-764.5,0.0,0.0,-433.0,-84.5
2025-01-23,-23655.0,-109.5,-965.5,-431.0,-87.0,-109.5,-793.0,-86.5,-109.5,-461.5,-113.0
2025-01-24,-23782.5,-237.0,-1029.0,-431.0,-264.5,-173.0,-793.0,-109.0,-173.0,-461.5,-113.0
2025-01-25,-23782.5,-237.0,-1029.0,-431.0,-264.5,-173.0,-793.0,-109.0,-173.0,-461.5,-113.0
2025-01-26,-23982.5,-237.0,-1029.0,-431.0,-264.5,-173.0,-793.0,-109.0,-173.0,-461.5,-113.0
2025-01-27,-24694.5,-606.0,-1121.5,-466.5,-300.0,-542.0,-828.5,-144.5,-265.5,-461.5,-148.5
2025-01-28,-24668.0,-488.0,-921.5,-466.5,-300.0,-424.0,-828.5,0.0,-147.5,-461.5,-148.5
2025-01-29,-24043.0,-111.0,-818.5,-266.5,-100.0,-321.0,-828.5,0.0,-44.5,-261.5,0.0
2025-01-30,-24093.0,0.0,-869.0,-369.0,0.0,-274.0,-828.5,0.0,-197.5,-261.5,-102.5
2025-01-31,-24220.5,-45.5,-914.5,-369.0,0.0,-319.5,-828.5,-45.5,-243.0,-261.5,-102.5
2025-02-01,-24220.5,-45.5,-914.5,-369.0,0.0,-319.5,-828.5,-45.5,-243.0,-261.5,-102.5
2025-02-02,-24277.0,-102.0,-971.0,-369.0,0.0,-376.0,-828.5,-102.0,-299.5,-261.5,-102.5
2025-02-03,-24659.0,-284.0,-1153.0,-456.5,0.0,-470.5,-916.0,-189.5,-481.5,-261.5,-284.5
2025-02-04,-24911.5,-336.5,-1205.5,-456.5,0.0,-523.0,-916.0,-242.0,-534.0,-261.5,-284.5
2025-02-05,-24364.5,-301.0,-1258.5,-621.0,0.0,-687.5,-969.0,-242.0,-387.0,-261.5,-449.0
2025-02-06,-24254.0,-155.0,-1112.5,-621.0,-54.0,-541.5,-969.0,-77.5,-241.0,-261.5,-449.0
2025-02-07,-24709.0,-382.0,-942.0,-621.0,-116.5,-371.0,-969.0,-107.0,-303.5,-261.5,-449.0
2025-02-08,-24709.0,-382.0,-942.0,-621.0,-116.5,-371.0,-969.0,-107.0,-303.5,-261.5,-449.0
2025-02-09,-24509.0,-382.0,-942.0,-621.0,-116.5,-371.0,-969.0,-107.0,-303.5,-261.5,-449.0
2025-02-10,-24468.0,-92.0,-742.0,-698.0,0.0,-171.0,-969.0,0.0,-103.5,-261.5,-526.0
2025-02-11,-24444.5,0.0,-585.5,-698.0,0.0,0.0,-969.0,0.0,0.0,-261.5,-567.0
2025-02-12,-24068.5,0.0,-585.5,-698.0,0.0,0.0,-969.0,0.0,0.0,-261.5,-567.0
2025-02-13,-24535.0,-147.0,-625.5,-805.0,-107.0,-40.0,-969.0,-40.0,-40.0,-368.5,-714.0
2025-02-14,-24609.0,-221.0,-641.0,-805.0,-107.0,-114.0,-969.0,-55.5,-114.0,-368.5,-772.5
2025-02-15,-24609.0,-221.0,-641.0,-805.0,-107.0,-114.0,-969.0,-55.5,-114.0,-368.5,-772.5
2025-02-16,-24702.5,-314.5,-641.0,-805.0,-107.0,-114.0,-969.0,-55.5,-114.0,-368.5,-866.0
2025-02-17,-24689.5,-315.5,-642.0,-805.0,-145.0,-115.0,-969.0,-18.5,-115.0,-368.5,-866.0
2025-02-18,-24909.5,-475.5,-726.0,-867.5,-186.0,-275.0,-969.0,-62.5,-199.0,-368.5,-928.5
2025-02-19,-24641.5,-369.0,-726.0,-867.5,-26.5,-128.0,-969.0,-62.5,-252.0,-368.5,-981.5
2025-02-20,-24744.0,-525.0,-579.5,-1023.5,-129.0,-230.5,-1022.5,0.0,-105.5,-368.5,-1137.5
2025-02-21,-24991.5,-657.5,-637.5,-1023.5,-165.0,-363.0,-1022.5,-22.0,-238.0,-368.5,-1159.5
2025-02-22,-24991.5,-657.5,-637.5,-1023.5,-165.0,-363.0,-1022.5,-22.0,-238.0,-368.5,-1159.5
2025-02-23,-25063.0,-729.0,-637.5,-1023.5,-236.5,-434.5,-1022.5,-22.0,-309.5,-368.5,-1231.0
2025-02-24,-25325.5,-591.5,-700.0,-823.5,-236.5,-297.0,-1022.5,-22.0,-372.0,-368.5,-1031.0
2025-02-25,-25376.0,-465.0,-399.0,-823.5,-236.5,-196.0,-1022.5,0.0,-71.0,-368.5,-1005.5
2025-02-26,-25246.0,-617.5,-460.5,-847.5,-365.0,-257.5,-1046.5,-61.5,-132.5,-368.5,-1029.5
2025-02-27,-25261.5,-378.5,-292.5,-976.5,-397.0,-218.5,-1046.5,0.0,0.0,-368.5,-958.5
2025-02-28,-25407.5,-511.0,-225.0,-1081.5,-597.0,-246.0,-1151.5,0.0,0.0,-368.5,-1091.0
2025-03-01,-25407.5,-511.0,-225.0,-1081.5,-597.0,-246.0,-1151.5,0.0,0.0,-368.5,-1091.0
2025-03-02,-25407.5,-511.0,-225.0,-1081.5,-597.0,-246.0,-1151.5,0.0,0.0,-368.5,-1091.0
2025-03-03,-25910.0,-923.0,-242.5,-1029.5,-397.0,-548.5,-951.5,-175.5,-17.5,-368.5,-1142.5
2025-03-04,-25352.0,-1455.0,-366.0,-1029.5,-542.0,-880.5,-951.5,-240.0,-263.5,-368.5,-1142.5
2025-03-05,-25678.5,-1381.5,-492.5,-829.5,-542.0,-1007.0,-951.5,-240.0,-390.0,-368.5,-1069.0
2025-03-06,-26130.0,-1779.5,-492.5,-829.5,-740.0,-1007.0,-951.5,-240.0,-390.0,-368.5,-1269.0
2025-03-07,-26253.0,-1824.5,-537.5,-829.5,-785.0,-1052.0,-951.5,-285.0,-435.0,-368.5,-1269.0
2025-03-08,-26253.0,-1824.5,-537.5,-829.5,-785.0,-1052.0,-951.5,-285.0,-435.0,-368.5,-1269.0
2025-03-09,-26253.0,-1824.5,-537.5,-829.5,-785.0,-1052.0,-951.5,-285.0,-435.0,-368.5,-1269.0
2025-03-10,-25853.0,-1479.0,-192.0,-629.5,-585.0,-706.5,-751.5,-139.5,-89.5,-368.5,-923.5
2025-03-11,-26248.0,-1327.5,-293.5,-629.5,-633.5,-555.0,-751.5,-139.5,0.0,-368.5,-923.5
2025-03-12,-26374.5,-1454.0,-420.0,-682.5,-707.0,-681.5,-804.5,-266.0,-126.5,-368.5,-976.5
2025-03-13,-26174.5,-1149.5,-515.5,-482.5,-602.5,-481.5,-804.5,-266.0,-22.0,-368.5,-776.5
2025-03-14,-26792.5,-1232.0,-598.0,-482.5,-685.0,-564.0,-804.5,-348.5,-104.5,-368.5,-834.0
2025-03-15,-26792.5,-1232.0,-598.0,-482.5,-685.0,-564.0,-804.5,-348.5,-104.5,-368.5,-834.0
2025-03-16,-26792.5,-1232.0,-598.0,-482.5,-685.0,-564.0,-804.5,-348.5,-104.5,-368.5,-834.0
2025-03-17,-26851.5,-1291.0,-663.5,-348.0,-685.0,-629.5,-870.0,-414.0,-170.0,-434.0,-699.5
2025-03-18,-26318.0,-1299.0,-748.0,-471.5,-685.0,-473.0,-870.0,-498.5,-254.5,-434.0,-666.5
2025-03-19,-26771.0,-1319.5,-968.5,-541.0,-685.0,-624.0,-939.5,-611.0,-475.0,-434.0,-853.5
2025-03-20,-26656.0,-1156.5,-899.5,-341.0,-638.0,-461.0,-739.5,-479.0,-406.0,-434.0,-653.5
2025-03-21,-26728.0,-1137.5,-1057.0,-341.0,-819.0,-642.0,-739.5,-479.0,-587.0,-434.0,-548.5
2025-03-22,-26728.0,-1137.5,-1057.0,-341.0,-819.0,-642.0,-739.5,-479.0,-587.0,-434.0,-548.5
2025-03-23,-26728.0,-1137.5,-1057.0,-341.0,-819.0,-642.0,-739.5,-479.0,-587.0,-434.0,-548.5
2025-03-24,-26840.5,-1232.5,-1152.0,-341.0,-819.0,-737.0,-739.5,-509.0,-682.0,-434.0,-578.5
2025-03-25,-26994.5,-1351.0,-1194.5,-341.0,-819.0,-833.5,-739.5,-551.5,-724.5,-434.0,-697.0
2025-03-26,-26827.0,-1183.5,-1227.0,-341.0,-619.0,-666.0,-739.5,-584.0,-757.0,-434.0,-749.0
2025-03-27,-26879.5,-1237.5,-1281.0,-341.0,-673.0,-720.0,-739.5,-584.0,-811.0,-434.0,-749.0
2025-03-28,-26919.0,-1237.5,-1081.0,-141.0,-873.0,-520.0,-539.5,-384.0,-611.0,-234.0,-549.0
2025-03-29,-26919.0,-1237.5,-1081.0,-141.0,-873.0,-520.0,-539.5,-384.0,-611.0,-234.0,-549.0
2025-03-30,-26919.0,-1237.5,-1081.0,-141.0,-873.0,-520.0,-539.5,-384.0,-611.0,-234.0,-549.0
2025-03-31,-27298.0,-1616.5,-1154.5,-224.0,-1078.0,-899.0,-539.5,-384.0,-858.5,-234.0,-632.0
2025-04-01,-27581.5,-1900.0,-1338.5,-323.5,-1078.0,-1182.5,-539.5,-481.5,-1142.0,-234.0,-793.5
2025-04-02,-27649.0,-1900.0,-1138.5,-323.5,-1278.0,-1182.5,-539.5,-481.5,-942.0,-234.0,-993.5
2025-04-03,-28141.0,-1992.0,-1230.5,-323.5,-1278.0,-1274.5,-539.5,-573.5,-1034.0,-234.0,-993.5
2025-04-04,-28341.0,-1992.0,-1230.5,-123.5,-1278.0,-1474.5,-539.5,-573.5,-1034.0,-234.0,-593.5
2025-04-05,-28341.0,-1992.0,-1230.5,-123.5,-1278.0,-1474.5,-539.5,-573.5,-1034.0,-234.0,-593.5
2025-04-06,-28541.0,-1992.0,-1230.5,-123.5,-1278.0,-1474.5,-539.5,-573.5,-1034.0,-234.0,-593.5
2025-04-07,-29341.0,-2392.0,-1430.5,-123.5,-1278.0,-1674.5,-539.5,-773.5,-1234.0,-234.0,-593.5
2025-04-08,-29439.0,-2392.0,-1230.5,-123.5,-1278.0,-1474.5,-539.5,-573.5,-1034.0,-234.0,-393.5
2025-04-09,-28886.0,-1792.0,-830.5,0.0,-1278.0,-874.5,-339.5,-373.5,-434.0,-234.0,0.0
2025-04-10,-28686.0,-1392.0,-430.5,0.0,-1278.0,-474.5,-339.5,-373.5,-34.0,-234.0,0.0
2025-04-11,-29086.0,-1192.0,-430.5,0.0,-1078.0,-474.5,-339.5,-373.5,-34.0,-234.0,0.0
2025-04-12,-29086.0,-1192.0,-430.5,0.0,-1078.0,-474.5,-339.5,-373.5,-34.0,-234.0,0.0
2025-04-13,-29086.0,-1192.0,-230.5,0.0,-878.0,-274.5,-139.5,-173.5,0.0,-234.0,0.0
2025-04-14,-28566.0,-1072.0,-310.5,0.0,-878.0,-354.5,-139.5,-253.5,-80.0,-234.0,0.0
2025-04-15,-28506.5,-1130.0,-368.5,0.0,-936.0,-412.5,-139.5,-311.5,-138.0,-234.0,0.0
2025-04-16,-28908.0,-1002.0,-440.5,0.0,-936.0,-412.5,-139.5,-383.5,-10.0,-234.0,0.0
2025-04-17,-28433.0,-402.0,-240.5,0.0,-536.0,-212.5,-139.5,-383.5,0.0,-234.0,0.0
2025-04-18,-28433.0,-402.0,-240.5,0.0,-536.0,-212.5,-139.5,-383.5,0.0,-234.0,0.0
2025-04-19,-28433.0,-402.0,-240.5,0.0,-536.0,-212.5,-139.5,-383.5,0.0,-234.0,0.0
2025-04-20,-28633.0,-402.0,-240.5,0.0,-536.0,-212.5,-139.5,-383.5,0.0,-234.0,0.0
2025-04-21,-28767.0,-536.0,-374.5,0.0,-593.0,-346.5,-139.5,-440.5,-134.0,-234.0,-77.0
2025-04-22,-29294.5,-569.5,-486.0,0.0,-677.5,-295.5,-139.5,-467.5,-245.5,-234.0,-77.0
2025-04-23,-29494.0,-515.0,-286.0,-145.5,-823.0,-241.0,-139.5,-267.5,-45.5,-234.0,-222.5
2025-04-24,-29412.0,-253.5,0.0,-145.5,-761.5,0.0,-139.5,0.0,0.0,-234.0,-222.5
2025-04-25,-29642.0,-353.0,0.0,-145.5,-861.0,0.0,-139.5,0.0,-99.5,-234.0,-222.5
2025-04-26,-29642.0,-353.0,0.0,-145.5,-861.0,0.0,-139.5,0.0,-99.5,-234.0,-222.5
2025-04-27,-29642.0,-353.0,0.0,-145.5,-861.0,0.0,-139.5,0.0,-99.5,-234.0,-222.5
2025-04-28,-29573.0,-226.0,0.0,-145.5,-934.0,-273.0,-139.5,0.0,-222.0,-234.0,-373.0
2025-04-29,-29458.5,-368.5,-57.0,-145.5,-1076.5,-415.5,-139.5,-57.0,-364.5,-234.0,-373.0
2025-04-30,-30033.5,-506.5,0.0,-145.5,-1076.5,-415.5,-139.5,0.0,-206.0,-234.0,-511.0
2025-05-01,-30397.5,-813.0,-113.5,-252.0,-1337.5,-722.0,-139.5,-45.5,-426.0,-234.0,-617.5
2025-05-02,-30735.0,-613.0,-186.0,-324.5,-1137.5,-522.0,-212.0,-118.0,-498.5,-234.0,-690.0
2025-05-03,-30735.0,-613.0,-186.0,-324.5,-1137.5,-522.0,-212.0,-118.0,-498.5,-234.0,-690.0
2025-05-04,-30889.0,-767.0,-186.0,-324.5,-1291.5,-522.0,-212.0,-118.0,-498.5,-234.0,-690.0
2025-05-05,-30623.0,-446.0,0.0,-403.5,-1091.5,-201.0,-212.0,0.0,-177.5,-234.0,-569.0
2025-05-06,-31108.0,-662.0,-115.0,-504.5,-1206.5,-417.0,-212.0,-115.0,-292.5,-234.0,-725.5
2025-05-07,-31061.0,-359.0,0.0,-504.5,-1206.5,-314.0,-212.0,0.0,-92.5,-234.0,-725.5
2025-05-08,-31034.0,0.0,0.0,-504.5,-1231.5,-339.0,-212.0,-25.0,0.0,-234.0,-725.5
2025-05-09,-30901.0,0.0,0.0,-304.5,-1031.5,-139.0,-212.0,0.0,0.0,-234.0,-594.0
2025-05-10,-30901.0,0.0,0.0,-304.5,-1031.5,-139.0,-212.0,0.0,0.0,-234.0,-594.0
2025-05-11,-31183.5,-28.5,-28.5,-304.5,-1031.5,-167.5,-212.0,-28.5,-28.5,-234.0,-622.5
2025-05-12,-30887.5,0.0,0.0,0.0,-1240.0,-271.5,-12.0,0.0,0.0,-34.0,-222.5
2025-05-13,-30922.5,0.0,0.0,0.0,-1240.0,-71.5,-12.0,0.0,0.0,-34.0,-22.5
2025-05-14,-30492.5,0.0,0.0,0.0,-1210.0,0.0,-12.0,0.0,0.0,-34.0,0.0
2025-05-15,-30529.0,0.0,-95.5,0.0,-1309.5,-95.5,-12.0,-95.5,-95.5,-34.0,-73.5
2025-05-16,-30715.5,-186.5,-148.5,0.0,-1443.0,-282.0,-12.0,-95.5,-148.5,-34.0,-73.5
2025-05-17,-30715.5,-186.5,-148.5,0.0,-1443.0,-282.0,-12.0,-95.5,-148.5,-34.0,-73.5
2025-05-18,-30788.5,-186.5,-148.5,0.0,-1443.0,-282.0,-12.0,-95.5,-148.5,-34.0,-73.5
2025-05-19,-31116.0,-296.5,-198.5,-74.5,-1501.5,-392.0,-12.0,-145.5,-353.0,-108.5,-156.5
2025-05-20,-30940.0,-96.5,-39.5,-74.5,-1501.5,-192.0,-12.0,-186.5,-194.0,-108.5,-156.5
2025-05-21,-30781.0,-399.5,-39.5,-218.5,-1660.5,-351.0,-12.0,-186.5,-194.0,-252.5,-300.5
2025-05-22,-30806.5,-425.0,-65.0,-218.5,-1686.0,-376.5,-12.0,-212.0,-219.5,-252.5,-338.0
2025-05-23,-30690.0,-308.5,-197.5,-65.5,-1854.0,-260.0,-59.0,-344.5,-103.0,-252.5,-221.5
2025-05-24,-30690.0,-308.5,-197.5,-65.5,-1854.0,-260.0,-59.0,-344.5,-103.0,-252.5,-221.5
2025-05-25,-30690.0,-308.5,-197.5,-65.5,-1854.0,-260.0,-59.0,-344.5,-103.0,-252.5,-221.5
2025-05-26,-30660.5,-347.5,-236.5,-65.5,-1857.5,-305.0,-59.0,-321.0,-142.0,-252.5,-266.5
2025-05-27,-30902.5,-438.0,-327.0,-65.5,-1948.0,-395.5,-59.0,-411.5,-232.5,-252.5,-342.0
2025-05-28,-31203.5,-469.5,-357.5,-65.5,-1971.0,-427.0,-59.0,-442.0,-263.0,-252.5,-342.0
2025-05-29,-31243.0,-647.0,-416.0,-65.5,-2148.5,-604.5,-59.0,-442.0,-321.5,-252.5,-342.0
2025-05-30,-30905.5,-447.0,-216.0,-65.5,-2148.5,-604.5,-59.0,-442.0,-121.5,-252.5,-342.0
2025-05-31,-30905.5,-447.0,-216.0,-65.5,-2148.5,-604.5,-59.0,-442.0,-121.5,-252.5,-342.0
2025-06-01,-30905.5,-447.0,-216.0,-65.5,-2148.5,-604.5,-59.0,-442.0,-121.5,-252.5,-342.0
2025-06-02,-30623.0,-247.0,-216.0,-65.5,-1948.5,-404.5,-59.0,-442.0,0.0,-252.5,-142.0
2025-06-03,-30741.0,-365.0,-334.0,-65.5,-2066.5,-477.5,-59.0,-560.0,-118.0,-252.5,-142.0
2025-06-04,-30521.5,-183.5,-350.0,-81.0,-2066.5,-293.5,-72.0,-576.0,0.0,-252.5,-157.5
2025-06-05,-30711.5,-573.0,-350.0,-81.0,-2266.5,-623.5,-72.0,-576.0,0.0,-252.5,-157.5
2025-06-06,-30759.5,-373.0,-350.0,-81.0,-2266.5,-423.5,-72.0,-576.0,0.0,-252.5,-157.5
2025-06-07,-30759.5,-373.0,-350.0,-81.0,-2266.5,-423.5,-72.0,-576.0,0.0,-252.5,-157.5
2025-06-08,-30759.5,-373.0,-350.0,-81.0,-2266.5,-423.5,-72.0,-576.0,0.0,-252.5,-157.5
2025-06-09,-30763.0,-259.0,-175.5,0.0,-2300.5,-483.0,0.0,-635.5,0.0,-252.5,-18.0
2025-06-10,-30402.0,0.0,0.0,0.0,-2300.5,-83.0,0.0,-435.5,0.0,-252.5,-18.0
2025-06-11,-29971.0,0.0,-48.0,0.0,-2100.5,0.0,0.0,-435.5,-48.0,-252.5,-18.0
2025-06-12,-29677.5,0.0,0.0,0.0,-2021.5,0.0,0.0,-505.5,0.0,-252.5,-88.0
2025-06-13,-29796.5,-119.0,0.0,0.0,-2140.5,-119.0,0.0,-505.5,0.0,-252.5,-88.0
2025-06-14,-29796.5,-119.0,0.0,0.0,-2140.5,-119.0,0.0,-505.5,0.0,-252.5,-88.0
2025-06-15,-29796.5,-119.0,0.0,0.0,-2140.5,-119.0,0.0,-505.5,0.0,-252.5,-88.0
2025-06-16,-29996.5,0.0,0.0,0.0,-2140.5,-119.0,0.0,-305.5,0.0,-252.5,-88.0
2025-06-17,-30250.5,-112.5,0.0,0.0,-2140.5,-141.5,0.0,-191.0,0.0,-252.5,-88.0
2025-06-18,-30309.5,-171.5,-59.0,0.0,-2199.5,-200.5,0.0,-250.0,-59.0,-252.5,-147.0
2025-06-19,-30272.5,-266.0,-153.5,0.0,-2199.5,-295.0,0.0,-344.5,-153.5,-252.5,-147.0
2025-06-20,-30720.0,-535.0,-226.0,0.0,-2320.5,-564.0,0.0,-417.0,-310.5,-252.5,-231.5
2025-06-21,-30720.0,-535.0,-226.0,0.0,-2320.5,-564.0,0.0,-417.0,-310.5,-252.5,-231.5
2025-06-22,-30749.0,-564.0,-255.0,0.0,-2349.5,-593.0,0.0,-446.0,-339.5,-252.5,-231.5
2025-06-23,-30659.5,-224.0,-55.0,0.0,-2209.5,-253.0,0.0,-246.0,-199.5,-252.5,-31.5
2025-06-24,-30624.5,-189.0,0.0,0.0,-2144.5,-318.5,0.0,-311.5,-65.0,-282.5,0.0
2025-06-25,-30674.0,-282.0,-93.0,0.0,-2187.0,-382.5,0.0,-362.0,-158.0,-282.5,-50.5
2025-06-26,-30556.5,-164.5,-93.0,0.0,-2069.5,-265.0,0.0,-362.0,-158.0,-282.5,0.0
2025-06-27,-30318.0,0.0,0.0,0.0,-2149.0,0.0,-39.0,-176.5,-52.0,-82.5,0.0
2025-06-28,-30318.0,0.0,0.0,0.0,-2149.0,0.0,-39.0,-176.5,-52.0,-82.5,0.0
2025-06-29,-30318.0,0.0,0.0,0.0,-2149.0,0.0,-39.0,-176.5,-52.0,-82.5,0.0
2025-06-30,-30483.5,-117.5,-65.0,-52.5,-2253.0,-65.0,-39.0,-241.5,-169.5,-82.5,-85.0
2025-07-01,-30503.0,-2.0,0.0,-52.5,-2093.0,-156.0,-39.0,-41.5,-54.0,-82.5,0.0
2025-07-02,-30596.5,-104.0,-102.0,-132.0,-2115.5,-258.0,-118.5,-143.5,-156.0,-116.0,-79.5
2025-07-03,-30626.5,-134.0,-132.0,-132.0,-2145.5,-288.0,-118.5,-173.5,-186.0,-116.0,-109.5
2025-07-04,-30626.5,-134.0,-132.0,-132.0,-2145.5,-288.0,-118.5,-173.5,-186.0,-116.0,-109.5
2025-07-05,-30626.5,-134.0,-132.0,-132.0,-2145.5,-288.0,-118.5,-173.5,-186.0,-116.0,-109.5
2025-07-06,-30478.0,0.0,-132.0,-132.0,-1945.5,-139.5,-118.5,-173.5,-37.5,-116.0,-161.0
2025-07-07,-30632.5,-66.5,-198.5,-165.0,-1990.5,-206.0,-151.5,-240.0,-104.0,-149.0,-215.5
2025-07-08,-30712.0,-146.0,-278.0,-165.0,-2070.0,-285.5,-151.5,-319.5,-183.5,-149.0,-258.5
2025-07-09,-30668.0,-52.0,-184.0,-245.5,-2123.0,-191.5,-232.0,-231.5,-89.5,-149.0,-339.0
2025-07-10,-30595.5,0.0,0.0,-282.5,-2123.0,0.0,-269.0,-31.5,0.0,-149.0,-376.0
2025-07-11,-30730.5,-88.0,-31.0,-282.5,-2123.0,-88.0,-269.0,-62.5,-88.0,-149.0,-407.0
2025-07-12,-30730.5,-88.0,-31.0,-282.5,-2123.0,-88.0,-269.0,-62.5,-88.0,-149.0,-407.0
2025-07-13,-30730.5,-88.0,-31.0,-282.5,-2123.0,-88.0,-269.0,-62.5,-88.0,-149.0,-407.0
2025-07-14,-30330.5,-122.5,-65.5,-294.5,-2123.0,-122.5,-281.0,-97.0,-122.5,-149.0,-419.0
2025-07-15,-30271.5,0.0,-121.5,-330.5,-2179.0,0.0,-317.0,-153.0,-178.5,-149.0,-455.0
2025-07-16,-30058.0,-138.0,-170.0,-330.5,-2254.5,-75.5,-317.0,-153.0,-241.0,-149.0,-579.0
2025-07-17,-30091.5,-20.5,-52.5,-386.5,-2393.0,-158.0,-373.0,-190.0,-123.5,-205.0,-379.0
2025-07-18,-30122.5,-51.5,-83.5,-386.5,-2424.0,-189.0,-373.0,-221.0,-154.5,-205.0,-379.0
2025-07-19,-30122.5,-51.5,-83.5,-386.5,-2424.0,-189.0,-373.0,-221.0,-154.5,-205.0,-379.0
2025-07-20,-30122.5,-51.5,-83.5,-386.5,-2424.0,-189.0,-373.0,-221.0,-154.5,-205.0,-379.0
2025-07-21,-30299.5,-197.0,-158.0,-386.5,-2498.5,-302.5,-373.0,-263.5,-300.0,-205.0,-445.0
2025-07-22,-30568.0,-283.5,-158.0,-386.5,-2585.0,-389.0,-373.0,-263.5,-300.0,-205.0,-421.5
2025-07-23,-30804.5,-413.0,-238.5,-386.5,-2673.0,-479.5,-373.0,-344.0,-429.5,-205.0,-470.5
2025-07-24,-30863.5,-427.0,-252.5,-400.5,-2673.0,-493.5,-387.0,-358.0,-443.5,-205.0,-484.5
2025-07-25,-30945.5,-509.0,-252.5,-400.5,-2673.0,-575.5,-387.0,-358.0,-525.5,-205.0,-484.5
2025-07-26,-30945.5,-509.0,-252.5,-400.5,-2673.0,-575.5,-387.0,-358.0,-525.5,-205.0,-484.5
2025-07-27,-30945.5,-509.0,-252.5,-400.5,-2673.0,-575.5,-387.0,-358.0,-525.5,-205.0,-484.5
2025-07-28,-31010.0,-573.5,-317.0,-437.0,-2701.0,-640.0,-423.5,-422.5,-590.0,-205.0,-521.0
2025-07-29,-30745.0,-308.5,-52.0,-237.0,-2670.5,-375.0,-223.5,-248.5,-325.0,-205.0,-256.0
2025-07-30,-30686.5,0.0,0.0,-37.0,-2498.5,-220.0,-23.5,-65.5,-170.0,-5.0,-101.0
2025-07-31,-31045.5,-96.5,-47.0,-37.0,-2498.5,-316.5,-23.5,-65.5,-266.5,-5.0,-101.0
2025-08-01,-31181.0,-288.5,0.0,-172.5,-2498.5,-373.0,-23.5,0.0,-123.0,-5.0,-236.5
2025-08-02,-31181.0,-288.5,0.0,-172.5,-2498.5,-373.0,-23.5,0.0,-123.0,-5.0,-236.5
2025-08-03,-31181.0,-288.5,0.0,-172.5,-2498.5,-373.0,-23.5,0.0,-123.0,-5.0,-236.5
2025-08-04,-31252.0,-359.5,-71.0,-172.5,-2498.5,-444.0,-23.5,-71.0,-194.0,-5.0,-236.5
2025-08-05,-31085.5,-463.0,-104.5,-172.5,-2532.0,-547.5,-23.5,-104.5,-227.5,-5.0,-236.5
2025-08-06,-31025.0,-362.0,-129.5,-172.5,-2532.0,-446.5,-23.5,-129.5,-326.5,-5.0,-36.5
2025-08-07,-31065.0,-350.0,0.0,-172.5,-2364.5,-434.5,-23.5,0.0,-159.0,-5.0,-36.5
2025-08-08,-31232.5,-525.5,-26.0,-172.5,-2365.0,-555.5,-23.5,-111.5,-185.0,-5.0,-62.0
2025-08-09,-31232.5,-525.5,-26.0,-172.5,-2365.0,-555.5,-23.5,-111.5,-185.0,-5.0,-62.0
2025-08-10,-31232.5,-525.5,-26.0,-172.5,-2365.0,-555.5,-23.5,-111.5,-185.0,-5.0,-62.0
2025-08-11,-30862.5,-679.5,-56.0,-251.5,-2449.0,-555.5,-23.5,-141.5,-215.0,-5.0,-141.0
2025-08-12,-30868.5,-520.5,-97.0,-251.5,-2249.0,-396.5,-23.5,-141.5,-256.0,-5.0,-141.0
2025-08-13,-30910.0,-562.0,-138.5,-251.5,-2290.5,-438.0,-23.5,-183.0,-297.5,-5.0,-154.0
2025-08-14,-30976.5,-421.0,0.0,-284.5,-2286.5,-264.0,-56.5,-38.0,-93.5,-5.0,-187.0
2025-08-15,-30517.5,-427.5,0.0,-291.0,-2293.0,-270.5,-56.5,-38.0,-93.5,-5.0,-193.5
2025-08-16,-30517.5,-427.5,0.0,-291.0,-2293.0,-270.5,-56.5,-38.0,-93.5,-5.0,-193.5
2025-08-17,-30517.5,-427.5,0.0,-291.0,-2293.0,-270.5,-56.5,-38.0,-93.5,-5.0,-193.5
2025-08-18,-30806.0,-685.0,-159.0,-420.0,-2507.5,-356.5,-185.5,-96.5,-252.5,-48.0,-322.5
2025-08-19,-30803.0,-626.0,-180.5,-420.0,-2648.5,-297.5,-185.5,-118.0,-74.0,-48.0,-322.5
2025-08-20,-30987.5,-806.0,-215.0,-420.0,-2828.5,-332.0,-185.5,-152.5,-108.5,-48.0,-502.5
2025-08-21,-30789.0,-1113.0,-15.0,-220.0,-2628.5,-395.0,0.0,0.0,0.0,-48.0,-608.0
2025-08-22,-30620.0,-1149.0,0.0,-220.0,-2476.5,-431.0,0.0,-19.5,0.0,-48.0,-508.5
2025-08-23,-30620.0,-1149.0,0.0,-220.0,-2476.5,-431.0,0.0,-19.5,0.0,-48.0,-508.5
2025-08-24,-30620.0,-1149.0,0.0,-220.0,-2476.5,-431.0,0.0,-19.5,0.0,-48.0,-508.5
2025-08-25,-30775.0,-1263.0,-117.5,-220.0,-2556.0,-545.0,0.0,-137.0,-117.5,-48.0,-543.0
2025-08-26,-30857.5,-1345.5,-140.0,-280.0,-2578.5,-627.5,0.0,-159.5,-140.0,-48.0,-603.0
2025-08-27,-30701.0,-1189.0,0.0,-280.0,-2422.0,-471.0,0.0,0.0,0.0,-48.0,-603.0
2025-08-28,-30539.0,-924.0,0.0,-280.0,-2157.0,-206.0,0.0,0.0,0.0,-48.0,-603.0
2025-08-29,-30809.5,-916.5,0.0,-102.5,-2303.0,-75.0,0.0,0.0,0.0,-48.0,-549.0
2025-08-30,-30809.5,-916.5,0.0,-102.5,-2303.0,-75.0,0.0,0.0,0.0,-48.0,-549.0
2025-08-31,-30926.0,-963.0,-46.5,-149.0,-2349.5,-121.5,-46.5,-46.5,-46.5,-48.0,-595.5
2025-09-01,-30957.5,-997.5,-81.0,-149.0,-2349.5,-156.0,-46.5,-81.0,-81.0,-48.0,-595.5
2025-09-02,-31498.0,-1138.0,-127.0,-195.0,-2490.0,-296.5,-92.5,-127.0,-127.0,-48.0,-641.5
2025-09-03,-31477.5,-1288.5,-89.0,-253.0,-2541.5,-339.0,-150.5,-31.0,-89.0,-106.0,-732.0
2025-09-04,-31716.5,-1379.0,-127.0,-253.0,-2632.0,-391.5,-150.5,-69.0,-127.0,-106.0,-732.0
2025-09-05,-31598.5,-1556.5,-200.0,-253.0,-2685.5,-569.0,-150.5,-88.5,-200.0,-106.0,-785.5
2025-09-06,-31598.5,-1556.5,-200.0,-253.0,-2685.5,-569.0,-150.5,-88.5,-200.0,-106.0,-785.5
2025-09-07,-31598.5,-1556.5,-200.0,-253.0,-2685.5,-569.0,-150.5,-88.5,-200.0,-106.0,-785.5
2025-09-08,-31824.5,-1614.5,-258.0,-279.0,-2743.5,-595.0,-176.5,-146.5,-258.0,-106.0,-843.5
2025-09-09,-31739.0,-1426.0,-69.5,-279.0,-2555.0,-452.5,-176.5,0.0,-69.5,-106.0,-643.5
2025-09-10,-31280.0,-1248.0,-91.5,-79.0,-2377.0,-252.5,-176.5,-39.0,-91.5,-106.0,-443.5
2025-09-11,-31129.0,-1096.0,-139.5,-127.0,-2425.0,-300.5,-224.5,-64.0,-139.5,-106.0,-491.5
2025-09-12,-31154.0,-1121.0,-164.5,-154.0,-2450.0,-325.5,-251.5,-89.0,-164.5,-133.0,-518.5
2025-09-13,-31154.0,-1121.0,-164.5,-154.0,-2450.0,-325.5,-251.5,-89.0,-164.5,-133.0,-518.5
2025-09-14,-31154.0,-1121.0,-164.5,-154.0,-2450.0,-325.5,-251.5,-89.0,-164.5,-133.0,-518.5
2025-09-15,-31193.5,-1160.5,-164.5,-193.5,-2450.0,-365.0,-251.5,-89.0,-204.0,-133.0,-558.0
2025-09-16,-31057.0,-1081.5,0.0,0.0,-2450.0,-236.5,-51.5,0.0,-31.5,-133.0,-407.5
2025-09-17,-30640.5,-939.5,-19.5,-75.0,-2450.0,-56.0,-51.5,-19.5,-51.0,-133.0,-521.0
2025-09-18,-30729.0,-1028.0,-108.0,-75.0,-2450.0,-144.5,-51.5,-57.0,-139.5,-133.0,-521.0
2025-09-19,-30794.0,-1093.0,-173.0,-75.0,-2515.0,-209.5,-51.5,-82.5,-204.5,-133.0,-521.0
2025-09-20,-30794.0,-1093.0,-173.0,-75.0,-2515.0,-209.5,-51.5,-82.5,-204.5,-133.0,-521.0
2025-09-21,-30794.0,-1093.0,-173.0,-75.0,-2515.0,-209.5,-51.5,-82.5,-204.5,-133.0,-521.0
2025-09-22,-30701.0,-946.5,-173.0,-75.0,-2368.5,-63.0,-51.5,-82.5,-4.5,-133.0,-574.5
2025-09-23,-30834.0,-1079.5,-189.0,-75.0,-2384.5,-196.0,-51.5,-98.5,-20.5,-133.0,-574.5
2025-09-24,-30925.0,-1110.5,-220.0,-106.0,-2415.5,-227.0,-82.5,-98.5,-51.5,-133.0,-605.5
2025-09-25,-30925.0,-1110.5,-220.0,-106.0,-2415.5,-227.0,-82.5,-98.5,-51.5,-133.0,-605.5
2025-09-26,-30945.5,-1064.0,-293.5,-106.0,-2454.5,-180.5,-82.5,-172.0,-5.0,-133.0,-679.0
2025-09-27,-30945.5,-1064.0,-293.5,-106.0,-2454.5,-180.5,-82.5,-172.0,-5.0,-133.0,-679.0
2025-09-28,-30945.5,-1064.0,-293.5,-106.0,-2454.5,-180.5,-82.5,-172.0,-5.0,-133.0,-679.0
2025-09-29,-30832.5,-917.5,-93.5,-106.0,-2254.5,-34.0,-82.5,0.0,0.0,-133.0,-679.0
2025-09-30,-30963.0,-972.5,-134.0,-106.0,-2254.5,-34.0,-82.5,0.0,-40.5,-133.0,-734.0
2025-10-01,-30739.0,-923.5,0.0,-106.0,-2300.0,0.0,-82.5,-45.5,0.0,-133.0,-839.5
2025-10-02,-30735.5,-890.0,-53.5,-106.0,-2266.5,-53.5,-82.5,-99.0,-53.5,-133.0,-752.5
2025-10-03,-30987.5,-1051.5,-85.5,-204.0,-2364.5,-151.5,-114.5,-131.0,-85.5,-133.0,-850.5
2025-10-04,-30987.5,-1051.5,-85.5,-204.0,-2364.5,-151.5,-114.5,-131.0,-85.5,-133.0,-850.5
2025-10-05,-30987.5,-1051.5,-85.5,-204.0,-2364.5,-151.5,-114.5,-131.0,-85.5,-133.0,-850.5
2025-10-06,-31246.0,-1286.0,-204.5,-239.5,-2599.0,-386.0,-150.0,-166.5,-204.5,-133.0,-886.0
2025-10-07,-31057.0,-1073.5,-134.0,-39.5,-2509.5,-373.5,-150.0,-166.5,-175.0,-133.0,-563.0
2025-10-08,-31066.5,-910.5,-171.0,-39.5,-2328.0,-210.5,-150.0,-203.5,-212.0,-133.0,-563.0
2025-10-09,-30731.5,-810.0,-21.5,-39.5,-2396.5,-110.0,-150.0,-3.5,-111.5,-133.0,-658.0
2025-10-10,-31509.0,-1137.0,-72.0,-90.0,-2680.0,-437.0,-200.5,-3.5,-274.5,-133.0,-777.5
2025-10-11,-31509.0,-1137.0,-72.0,-90.0,-2680.0,-437.0,-200.5,-3.5,-274.5,-133.0,-777.5
2025-10-12,-31698.0,-1326.0,-72.0,-279.0,-2680.0,-626.0,-200.5,-3.5,-274.5,-133.0,-966.5
2025-10-13,-31629.5,-1257.5,-203.5,-279.0,-2680.0,-557.5,-200.5,-135.0,-406.0,-133.0,-966.5
2025-10-14,-31376.5,-1257.5,-203.5,-279.0,-2680.0,-557.5,-200.5,-135.0,-406.0,-133.0,-966.5
2025-10-15,-31738.5,-1164.5,0.0,-129.0,-2930.0,-464.5,-250.5,0.0,-113.0,0.0,-816.5
2025-10-16,-32405.0,-1300.0,0.0,-129.0,-2930.0,-600.0,-250.5,0.0,-113.0,0.0,-816.5
2025-10-17,-32690.0,-1500.0,0.0,-129.0,-2930.0,-600.0,-250.5,0.0,-113.0,0.0,-1016.5
2025-10-18,-32690.0,-1500.0,0.0,-129.0,-2930.0,-600.0,-250.5,0.0,-113.0,0.0,-1016.5
2025-10-19,-32490.0,-1300.0,-45.0,-174.0,-2975.0,-600.0,-295.5,-45.0,-158.0,-45.0,-816.5
2025-10-20,-32980.5,-1537.5,-223.0,-174.0,-3145.5,-692.5,-295.5,-223.0,-421.0,-45.0,-849.0
2025-10-21,-33013.0,-1477.0,-114.5,-174.0,-3085.0,-584.0,-295.5,-223.0,-360.5,-45.0,-849.0
2025-10-22,-33310.5,-1422.5,-200.0,-319.5,-3230.5,-469.5,-381.0,-223.0,-506.0,-45.0,-994.5
2025-10-23,-32989.0,-1422.5,-200.0,-319.5,-3230.5,-469.5,-381.0,-223.0,-506.0,-45.0,-994.5
2025-10-24,-33136.5,-1484.5,-200.0,-319.5,-3230.5,-531.5,-381.0,-223.0,-506.0,-45.0,-994.5
2025-10-25,-33136.5,-1484.5,-200.0,-319.5,-3230.5,-531.5,-381.0,-223.0,-506.0,-45.0,-994.5
2025-10-26,-33136.5,-1484.5,-200.0,-319.5,-3230.5,-531.5,-381.0,-223.0,-506.0,-45.0,-994.5
2025-10-27,-33136.5,-1484.5,-200.0,-319.5,-3230.5,-531.5,-381.0,-223.0,-506.0,-45.0,-994.5
2025-10-28,-33162.0,-1510.0,-225.5,-319.5,-3230.5,-557.0,-381.0,-248.5,-531.5,-45.0,-994.5
2025-10-29,-33556.5,-1634.0,-225.5,-319.5,-3290.0,-681.0,-381.0,-248.5,-531.5,-45.0,-994.5
2025-10-30,-33057.5,-1034.0,0.0,-319.5,-3191.0,-281.0,-381.0,-48.5,-232.5,-45.0,-1095.5
2025-10-31,-32457.5,-1078.5,0.0,-519.5,-2991.0,-125.5,-381.0,0.0,-77.0,-45.0,-1095.5
2025-11-01,-32457.5,-1078.5,0.0,-519.5,-2991.0,-125.5,-381.0,0.0,-77.0,-45.0,-1095.5
2025-11-02,-32457.5,-1078.5,0.0,-519.5,-2991.0,-125.5,-381.0,0.0,-77.0,-45.0,-1095.5
2025-11-03,-32769.5,-1322.0,-118.0,-698.0,-3181.5,-369.0,-434.0,-53.0,-195.0,-45.0,-1274.0
2025-11-04,-33148.5,-1685.5,-175.0,-820.0,-3391.5,-732.5,-434.0,-110.0,-252.0,-45.0,-1453.0
2025-11-05,-33325.5,-1862.5,-352.0,-916.5,-3568.5,-909.5,-530.5,-110.0,-429.0,-141.5,-1549.5
2025-11-06,-34068.0,-2131.0,-420.5,-916.5,-3589.5,-1178.0,-530.5,-178.5,-497.5,-141.5,-1749.5
2025-11-07,-34247.5,-2110.5,-289.0,-916.5,-3389.5,-1157.5,-530.5,-47.0,-477.0,-141.5,-1749.5
2025-11-08,-34247.5,-2110.5,-289.0,-916.5,-3389.5,-1157.5,-530.5,-47.0,-477.0,-141.5,-1749.5
2025-11-09,-34247.5,-2110.5,-289.0,-916.5,-3389.5,-1157.5,-530.5,-47.0,-477.0,-141.5,-1749.5
2025-11-10,-34780.5,-1910.5,-89.0,-916.5,-3389.5,-957.5,-530.5,-47.0,-277.0,-141.5,-1749.5
2025-11-11,-34513.5,-1737.0,0.0,-799.0,-3216.0,-884.0,-530.5,-91.0,-203.5,-141.5,-1632.0
2025-11-12,-34120.0,-1506.5,0.0,-599.0,-2854.0,-853.5,-330.5,-210.5,-194.0,-141.5,-1341.0
2025-11-13,-34328.0,-1473.5,-28.0,-599.0,-2882.0,-820.5,-330.5,-238.5,-22.0,-141.5,-1369.0
2025-11-14,-34637.5,-1583.0,-28.0,-599.0,-2882.0,-930.0,-330.5,-238.5,-131.5,-141.5,-1369.0
2025-11-15,-34637.5,-1583.0,-28.0,-599.0,-2882.0,-930.0,-330.5,-238.5,-131.5,-141.5,-1369.0
2025-11-16,-34798.5,-1744.0,-28.0,-599.0,-3043.0,-1091.0,-330.5,-238.5,-292.5,-141.5,-1369.0
2025-11-17,-35673.0,-2418.5,-305.0,-599.0,-3125.5,-1568.0,-330.5,-422.5,-569.5,-141.5,-1369.0
2025-11-18,-35365.5,-2111.0,-397.5,-491.5,-3125.5,-1460.5,-423.0,-515.0,-662.0,-141.5,-1261.5
2025-11-19,-35775.0,-1911.0,-197.5,-491.5,-3125.5,-1460.5,-423.0,-315.0,-462.0,-141.5,-1061.5
2025-11-20,-36822.0,-1845.0,0.0,-491.5,-3059.5,-1260.5,-423.0,-115.0,-262.0,-141.5,-1195.5
2025-11-21,-36041.0,-1657.0,-124.5,-491.5,-3059.5,-1385.0,-423.0,-115.0,-386.5,-141.5,-1195.5
2025-11-22,-36041.0,-1657.0,-124.5,-491.5,-3059.5,-1385.0,-423.0,-115.0,-386.5,-141.5,-1195.5
2025-11-23,-36041.0,-1657.0,-124.5,-491.5,-3059.5,-1385.0,-423.0,-115.0,-386.5,-141.5,-1195.5
2025-11-24,-36241.0,-1759.5,-227.0,-491.5,-3059.5,-1385.0,-423.0,-217.5,-489.0,-141.5,-1195.5
2025-11-25,-36190.0,-1647.0,-297.0,-291.5,-2859.5,-1472.5,-423.0,-217.5,-376.5,-141.5,-995.5
2025-11-26,-36404.0,-1247.0,-392.0,-362.5,-2459.5,-1515.5,-423.0,-312.5,-471.5,-141.5,-1066.5
2025-11-27,-36369.0,-1212.0,-357.0,-327.5,-2459.5,-1515.5,-388.0,-277.5,-436.5,-141.5,-1031.5
2025-11-28,-36184.5,-1027.5,-372.5,-327.5,-2459.5,-1331.0,-388.0,-293.0,-452.0,-141.5,-1031.5
2025-11-29,-36184.5,-1027.5,-372.5,-327.5,-2459.5,-1331.0,-388.0,-293.0,-452.0,-141.5,-1031.5
2025-11-30,-36334.5,-1027.5,-372.5,-327.5,-2459.5,-1331.0,-388.0,-293.0,-452.0,-141.5,-1031.5
2025-12-01,-35734.5,-827.5,-372.5,-327.5,-2259.5,-1131.0,-388.0,-293.0,-452.0,-141.5,-1031.5
2025-12-02,-34950.5,-386.0,-244.5,-327.5,-2418.0,-803.0,-388.0,-165.0,-210.5,-141.5,-1031.5
2025-12-03,-34202.5,-186.0,-44.5,-327.5,-2418.0,-603.0,-388.0,0.0,-10.5,-141.5,-1066.5
2025-12-04,-34513.5,-485.0,-241.5,-454.0,-2558.5,-790.0,-430.5,-157.5,-291.5,-141.5,-1334.0
2025-12-05,-34293.0,-186.5,-371.5,-266.5,-2400.5,-691.5,-443.0,-275.0,-421.5,-141.5,-946.5
2025-12-06,-34293.0,-186.5,-371.5,-266.5,-2400.5,-691.5,-443.0,-275.0,-421.5,-141.5,-946.5
2025-12-07,-34293.0,-186.5,-371.5,-266.5,-2400.5,-691.5,-443.0,-275.0,-421.5,-141.5,-946.5
2025-12-08,-34361.5,-337.5,-407.0,-266.5,-2451.5,-791.5,-443.0,-310.5,-457.0,-141.5,-997.5
2025-12-09,-34272.0,-145.0,-214.5,-266.5,-2451.5,-799.0,-443.0,-363.0,-264.5,-141.5,-1005.0
2025-12-10,-35216.0,-477.5,-256.5,-308.5,-2568.5,-916.0,-485.0,-363.0,-306.5,-183.5,-1047.0
2025-12-11,-34932.5,-460.0,-306.5,-308.5,-2501.0,-966.0,-485.0,-413.0,-156.5,-183.5,-1229.5
2025-12-12,-35548.0,-738.5,-339.5,-461.0,-2746.5,-1092.0,-485.0,-446.0,-189.5,-183.5,-1382.0
2025-12-13,-35548.0,-738.5,-339.5,-461.0,-2746.5,-1092.0,-485.0,-446.0,-189.5,-183.5,-1382.0
2025-12-14,-35548.0,-738.5,-339.5,-461.0,-2746.5,-1092.0,-485.0,-446.0,-189.5,-183.5,-1382.0
2025-12-15,-36028.5,-1219.0,-397.5,-517.5,-2931.0,-1325.5,-485.0,-504.0,-312.5,-183.5,-1797.5
2025-12-16,-35455.5,-1657.0,-379.0,-517.5,-2931.0,-1373.5,-485.0,-607.0,-393.5,-183.5,-2045.5
2025-12-17,-35766.0,-1634.5,-434.5,-317.5,-2931.0,-1551.0,-485.0,-662.5,-249.0,-183.5,-1901.0
2025-12-18,-35986.5,-1855.0,-535.5,-317.5,-3032.0,-1670.5,-485.0,-662.5,-350.0,-183.5,-2002.0
2025-12-19,-35986.5,-1855.0,-535.5,-317.5,-3032.0,-1670.5,-485.0,-662.5,-350.0,-183.5,-2002.0
2025-12-20,-35986.5,-1855.0,-535.5,-317.5,-3032.0,-1670.5,-485.0,-662.5,-350.0,-183.5,-2002.0
2025-12-21,-35986.5,-1855.0,-535.5,-317.5,-3032.0,-1670.5,-485.0,-662.5,-350.0,-183.5,-2002.0
2025-12-22,-35921.5,-1977.5,-658.0,-341.5,-2832.0,-1734.0,-509.0,-785.0,-472.5,-207.5,-1861.0
2025-12-23,-36084.5,-2002.0,-682.5,-341.5,-2832.0,-1758.5,-509.0,-809.5,-497.0,-207.5,-1861.0
2025-12-24,-36124.0,-2041.5,-722.0,-341.5,-2832.0,-1798.0,-509.0,-849.0,-536.5,-207.5,-1882.5
2025-12-25,-36124.0,-2041.5,-722.0,-341.5,-2832.0,-1798.0,-509.0,-849.0,-536.5,-207.5,-1882.5
2025-12-26,-36123.0,-2040.5,-722.0,-341.5,-2832.0,-1760.0,-509.0,-849.0,-536.5,-207.5,-1887.0
2025-12-27,-36123.0,-2040.5,-722.0,-341.5,-2832.0,-1760.0,-509.0,-849.0,-536.5,-207.5,-1887.0
2025-12-28,-36123.0,-2040.5,-722.0,-341.5,-2832.0,-1760.0,-509.0,-849.0,-536.5,-207.5,-1887.0
2025-12-29,-35650.0,-2040.5,-722.0,-358.5,-2832.0,-1760.0,-526.0,-849.0,-536.5,-207.5,-1887.0
2025-12-30,-35692.0,-2189.5,-762.5,-358.5,-2940.5,-1909.0,-526.0,-889.5,-577.0,-207.5,-1910.5
2025-12-31,-35891.0,-2220.5,-793.5,-358.5,-2940.5,-1940.0,-526.0,-920.5,-608.0,-207.5,-1910.5
2026-01-01,-35999.0,-2328.5,-793.5,-358.5,-3048.5,-2048.0,-526.0,-920.5,-608.0,-207.5,-1910.5
2026-01-02,-35962.5,-2292.0,-626.0,-358.5,-2979.5,-2011.5,-526.0,-753.0,-440.5,-207.5,-1943.0
2026-01-03,-35962.5,-2292.0,-626.0,-358.5,-2979.5,-2011.5,-526.0,-753.0,-440.5,-207.5,-1943.0
2026-01-04,-35962.5,-2292.0,-626.0,-358.5,-2979.5,-2011.5,-526.0,-753.0,-440.5,-207.5,-1943.0
2026-01-05,-35562.5,-1892.0,-426.0,-358.5,-2779.5,-1611.5,-526.0,-553.0,-240.5,-207.5,-1943.0
2026-01-06,-35828.0,-1757.5,-491.5,-358.5,-2845.0,-1677.0,-526.0,-618.5,-306.0,-207.5,-1943.0
2026-01-07,-36098.0,-1873.5,-560.5,-358.5,-2928.5,-1793.0,-526.0,-655.0,-375.0,-207.5,-1979.5
2026-01-08,-35876.5,-1763.0,-450.0,-158.5,-2728.5,-1629.0,-326.0,-491.0,-264.5,-207.5,-1833.0
2026-01-09,-35699.0,-1585.5,-450.0,-158.5,-2528.5,-1546.5,-326.0,-491.0,-182.0,-207.5,-1633.0
2026-01-10,-35699.0,-1585.5,-450.0,-158.5,-2528.5,-1546.5,-326.0,-491.0,-182.0,-207.5,-1633.0
2026-01-11,-35699.0,-1585.5,-450.0,-158.5,-2528.5,-1546.5,-326.0,-491.0,-182.0,-207.5,-1633.0
2026-01-12,-36024.0,-1652.5,-517.0,-158.5,-2528.5,-1546.5,-326.0,-491.0,-249.0,-207.5,-1633.0
2026-01-13,-35615.0,-1682.5,-347.0,-158.5,-2328.5,-1376.5,-126.0,-321.0,-79.0,-207.5,-1633.0
2026-01-14,-35499.0,-1783.5,-448.0,-158.5,-2429.5,-1477.5,-126.0,-353.5,-180.0,-207.5,-1633.0
2026-01-15,-35265.0,-1549.5,-414.0,-158.5,-2429.5,-1243.5,-126.0,-319.5,0.0,-207.5,-1633.0
2026-01-16,-34938.5,-1367.5,-448.5,-158.5,-2429.5,-1278.0,-126.0,-354.0,-34.5,-207.5,-1651.0
2026-01-17,-34938.5,-1367.5,-448.5,-158.5,-2429.5,-1278.0,-126.0,-354.0,-34.5,-207.5,-1651.0
2026-01-18,-35138.5,-1367.5,-448.5,-158.5,-2429.5,-1278.0,-126.0,-354.0,-34.5,-207.5,-1651.0
2026-01-19,-35209.5,-1354.5,-482.0,-158.5,-2429.5,-1431.0,-126.0,-387.5,-68.0,-207.5,-1485.0
2026-01-20,-34881.0,-999.5,-215.5,-25.5,-2229.5,-1097.5,0.0,-254.5,0.0,-207.5,-1463.5
2026-01-21,-34993.0,-1375.5,-335.5,-25.5,-2260.5,-1473.5,0.0,-285.5,-120.0,-207.5,-1719.5
2026-01-22,-34816.5,-1175.5,-335.5,-25.5,-2260.5,-1273.5,0.0,-285.5,0.0,-207.5,-1719.5
2026-01-23,-34036.5,-1236.0,-396.0,-25.5,-2321.0,-1273.5,0.0,-285.5,-60.5,-207.5,-1719.5
2026-01-24,-34036.5,-1236.0,-396.0,-25.5,-2321.0,-1273.5,0.0,-285.5,-60.5,-207.5,-1719.5
2026-01-25,-34036.5,-1236.0,-396.0,-25.5,-2321.0,-1273.5,0.0,-285.5,-60.5,-207.5,-1719.5
2026-01-26,-34351.5,-1274.0,-444.0,0.0,-2369.0,-1311.5,-21.5,-333.5,-98.5,-207.5,-1672.0
2026-01-27,-34455.5,-1419.0,-530.0,-12.5,-2501.5,-1456.5,-34.0,-419.5,-243.5,-207.5,-1778.5
2026-01-28,-34255.5,-1219.0,-530.0,-12.5,-2301.5,-1256.5,-34.0,-419.5,-243.5,-207.5,-1778.5
2026-01-29,-34938.0,-819.0,-330.0,-12.5,-2101.5,-1256.5,-34.0,-419.5,-43.5,-207.5,-1778.5
2026-01-30,-35038.0,-919.0,-430.0,-12.5,-2201.5,-1356.5,-34.0,-419.5,-143.5,-207.5,-1878.5
2026-01-31,-35038.0,-919.0,-430.0,-12.5,-2201.5,-1356.5,-34.0,-419.5,-143.5,-207.5,-1878.5
2026-02-01,-35238.0,-919.0,-430.0,-12.5,-2201.5,-1356.5,-34.0,-419.5,-143.5,-207.5,-1878.5
2026-02-02,-35515.5,-1596.5,-561.5,-358.5,-2347.5,-1834.0,-34.0,-551.0,-421.0,-353.5,-2224.5
2026-02-03,-35383.5,-1464.5,-629.5,-358.5,-2415.5,-1702.0,-34.0,-551.0,-289.0,-353.5,-2024.5
2026-02-04,-35487.5,-1424.5,-495.5,-502.5,-2415.5,-1862.0,-34.0,-617.0,-249.0,-353.5,-2168.5
2026-02-05,-35831.5,-1519.0,-390.0,-597.0,-2515.0,-1956.5,-128.5,-811.0,-143.5,-353.5,-2362.5
2026-02-06,-36154.5,-1519.0,-390.0,-597.0,-2515.0,-1956.5,-128.5,-811.0,-143.5,-353.5,-2362.5
2026-02-07,-36154.5,-1519.0,-390.0,-597.0,-2515.0,-1956.5,-128.5,-811.0,-143.5,-353.5,-2362.5
2026-02-08,-36154.5,-1519.0,-390.0,-597.0,-2515.0,-1956.5,-128.5,-811.0,-143.5,-353.5,-2362.5
2026-02-09,-36342.5,-1491.0,-249.0,-597.0,-2487.0,-2128.5,-128.5,-870.0,-115.5,-353.5,-2275.5
2026-02-10,-36077.0,-1091.0,-49.0,-597.0,-2087.0,-1928.5,-128.5,-670.0,0.0,-353.5,-2075.5
2026-02-11,-35906.0,-691.0,0.0,-597.0,-1687.0,-1528.5,-128.5,-470.0,0.0,-353.5,-2075.5
2026-02-12,-36274.5,-585.5,0.0,-597.0,-1781.5,-1328.5,-128.5,-270.0,0.0,-353.5,-1875.5
2026-02-13,-36182.5,-693.5,0.0,-597.0,-1581.5,-1236.5,-128.5,-270.0,0.0,-353.5,-1675.5
2026-02-14,-36182.5,-693.5,0.0,-597.0,-1581.5,-1236.5,-128.5,-270.0,0.0,-353.5,-1675.5
2026-02-15,-36238.5,-749.5,-56.0,-653.0,-1581.5,-1292.5,-184.5,-326.0,-56.0,-353.5,-1731.5
2026-02-16,-36089.5,-785.5,-92.0,-653.0,-1581.5,-1328.5,-184.5,-362.0,-92.0,-353.5,-1767.5
2026-02-17,-36251.5,-818.5,-246.5,-727.5,-1582.0,-1609.0,-259.0,-442.0,-246.5,-353.5,-1794.5
2026-02-18,-35797.5,-764.5,-192.5,-727.5,-1382.0,-1818.5,-259.0,-588.0,-192.5,-353.5,-1684.5
2026-02-19,-35651.5,-764.5,-192.5,-727.5,-1382.0,-1818.5,-259.0,-588.0,-192.5,-353.5,-1684.5
2026-02-20,-35269.5,-872.5,-300.5,-727.5,-1382.0,-1855.0,-259.0,-624.5,-300.5,-353.5,-1684.5
2026-02-21,-35269.5,-872.5,-300.5,-727.5,-1382.0,-1855.0,-259.0,-624.5,-300.5,-353.5,-1684.5
2026-02-22,-35469.5,-872.5,-300.5,-727.5,-1382.0,-1855.0,-259.0,-624.5,-300.5,-353.5,-1684.5
2026-02-23,-36269.5,-672.5,-352.0,-779.0,-1182.0,-1855.0,-310.5,-676.0,-352.0,-353.5,-1736.0
2026-02-24,-36124.5,-498.0,-302.5,-779.0,-1093.5,-1680.5,-310.5,-626.5,-177.5,-353.5,-1811.0
2026-02-25,-36096.0,-629.5,-326.0,-789.0,-1143.5,-1773.0,-320.5,-650.0,-201.0,-353.5,-1821.0
2026-02-26,-36022.0,-522.0,-418.5,-789.0,-943.5,-1665.5,-320.5,-742.5,-293.5,-353.5,-1821.0
2026-02-27,-35936.5,-421.0,-511.0,-852.5,-842.5,-1758.0,-384.0,-835.0,-386.0,-417.0,-1884.5
2026-02-28,-35936.5,-421.0,-511.0,-852.5,-842.5,-1758.0,-384.0,-835.0,-386.0,-417.0,-1884.5
2026-03-01,-35936.5,-421.0,-511.0,-852.5,-842.5,-1758.0,-384.0,-835.0,-386.0,-417.0,-1884.5
2026-03-02,-36025.0,-509.5,-599.5,-852.5,-842.5,-1846.5,-384.0,-923.5,-474.5,-417.0,-1973.0
2026-03-03,-36101.5,-269.0,-759.0,-852.5,-714.5,-1606.0,-384.0,-1083.0,-434.0,-417.0,-1573.0
2026-03-04,-36301.5,-269.0,-759.0,-852.5,-714.5,-1606.0,-384.0,-1083.0,-434.0,-417.0,-1573.0
2026-03-05,-36211.5,-179.5,-759.0,-852.5,-714.5,-1316.5,-384.0,-1083.0,-544.5,-417.0,-1683.5
2026-03-06,-35447.0,0.0,-559.0,-452.5,-514.5,-716.5,-184.0,-883.0,-144.5,-417.0,-1283.5
2026-03-07,-35447.0,0.0,-559.0,-452.5,-514.5,-716.5,-184.0,-883.0,-144.5,-417.0,-1283.5
2026-03-08,-35647.0,-200.0,-559.0,-652.5,-514.5,-916.5,-184.0,-883.0,-144.5,-417.0,-1483.5
2026-03-09,-35803.0,-108.0,-467.0,-652.5,-314.5,-824.5,-184.0,-683.0,-52.5,-417.0,-1483.5
2026-03-10,-35117.5,-103.5,-373.5,-652.5,-240.5,-675.5,-184.0,-789.5,0.0,-417.0,-1628.0
2026-03-11,-34796.5,0.0,-52.5,-652.5,-119.5,-554.5,-184.0,-668.5,0.0,-417.0,-1628.0
2026-03-12,-35085.0,-140.0,-192.5,-652.5,-259.5,-694.5,-184.0,-709.5,-140.0,-417.0,-1628.0
2026-03-13,-35045.0,-195.5,-82.0,-652.5,-100.5,-750.0,-184.0,-699.0,-29.5,-417.0,-1569.0
2026-03-14,-35045.0,-195.5,-82.0,-652.5,-100.5,-750.0,-184.0,-699.0,-29.5,-417.0,-1569.0
2026-03-15,-35075.5,-226.0,-112.5,-683.0,-100.5,-780.5,-214.5,-729.5,-60.0,-417.0,-1599.5
2026-03-16,-35513.0,-610.5,-168.0,-683.0,-300.5,-848.0,-214.5,-785.0,-115.5,-417.0,-1728.5
2026-03-17,-35113.0,-410.5,0.0,-683.0,-300.5,-648.0,-214.5,-585.0,0.0,-417.0,-1528.5
2026-03-18,-34468.0,-533.5,-133.5,-483.0,-347.5,-771.0,-214.5,-654.0,-180.5,-417.0,-1440.0
2026-03-19,-34391.0,-796.0,-279.0,-483.0,-432.5,-916.5,-214.5,-714.5,-326.0,-417.0,-1440.0
2026-03-20,-34901.5,-902.5,-118.0,-593.5,-739.0,-1023.0,-214.5,-553.5,-275.5,-417.0,-1507.5
2026-03-21,-34901.5,-902.5,-118.0,-593.5,-739.0,-1023.0,-214.5,-553.5,-275.5,-417.0,-1507.5
2026-03-22,-34901.5,-902.5,-118.0,-593.5,-739.0,-1023.0,-214.5,-553.5,-275.5,-417.0,-1507.5
2026-03-23,-35057.0,-502.5,0.0,-593.5,-739.0,-823.0,-214.5,-353.5,-75.5,-417.0,-1107.5
2026-03-24,-35158.0,-662.5,-160.0,-665.5,-827.0,-983.0,-286.5,-513.5,-235.5,-417.0,-1179.5
2026-03-25,-35171.0,-320.5,-272.5,-665.5,-885.0,-895.5,-286.5,-626.0,0.0,-417.0,-979.5
2026-03-26,-35990.0,-636.5,-588.5,-665.5,-1064.0,-1211.5,-286.5,-846.0,-316.0,-417.0,-979.5
2026-03-27,-36614.5,-483.0,-455.5,-665.5,-760.5,-991.0,-286.5,-913.0,-266.0,-417.0,-1143.0
2026-03-28,-36614.5,-483.0,-455.5,-665.5,-760.5,-991.0,-286.5,-913.0,-266.0,-417.0,-1143.0
2026-03-29,-36917.5,-586.0,-558.5,-665.5,-760.5,-1094.0,-286.5,-913.0,-369.0,-417.0,-1246.0
2026-03-30,-37117.5,-586.0,-558.5,-665.5,-760.5,-1094.0,-286.5,-913.0,-369.0,-417.0,-1246.0
2026-03-31,-37050.5,-348.5,-558.5,-465.5,-523.0,-1098.0,-286.5,-913.0,-169.0,-417.0,-1050.0
2026-04-01,-37447.0,-434.0,-644.0,-551.0,-408.5,-983.5,-372.0,-998.5,-254.5,-417.0,-935.5
2026-04-02,-37430.5,-360.0,-444.0,-351.0,-208.5,-909.5,-172.0,-798.5,-180.5,-417.0,-735.5
2026-04-03,-37537.0,-414.0,-498.0,-183.5,-208.5,-963.5,-4.5,-852.5,-234.5,-217.0,-568.0
2026-04-04,-37537.0,-414.0,-498.0,-183.5,-208.5,-963.5,-4.5,-852.5,-234.5,-217.0,-568.0
2026-04-05,-37711.5,-414.0,-298.0,-183.5,-208.5,-963.5,-4.5,-652.5,-34.5,-217.0,-368.0
2026-04-06,-36983.5,-14.0,-298.0,0.0,0.0,-763.5,-4.5,-652.5,0.0,-217.0,0.0
2026-04-07,-37676.5,-317.0,-479.5,0.0,-300.0,-944.5,-4.5,-652.5,-181.5,-217.0,-378.0
2026-04-08,-37929.5,-445.0,-607.5,0.0,-376.0,-1072.5,-4.5,-780.5,-309.5,-217.0,-454.0
2026-04-09,-38068.5,-445.5,-608.0,0.0,-539.0,-1221.5,0.0,-943.5,-310.0,-217.0,-254.0
2026-04-10,-38025.0,-299.5,-462.0,0.0,-339.0,-1075.5,0.0,-743.5,-164.0,-217.0,-254.0
2026-04-11,-38025.0,-299.5,-462.0,0.0,-339.0,-1075.5,0.0,-743.5,-164.0,-217.0,-254.0
2026-04-12,-38025.0,-299.5,-462.0,0.0,-339.0,-1075.5,0.0,-743.5,-164.0,-217.0,-254.0
2026-04-13,-37888.5,-126.0,-288.5,0.0,-139.0,-902.0,0.0,-570.0,0.0,-217.0,-280.5
2026-04-14,-37966.0,-159.0,-321.5,0.0,-139.0,-935.0,0.0,-603.0,-33.0,-217.0,-280.5
2026-04-15,-37978.0,-67.5,-430.0,0.0,0.0,-843.5,0.0,-683.5,-141.5,-217.0,-334.0
2026-04-16,-37925.5,0.0,-324.5,-109.0,0.0,-738.0,-109.0,-723.0,-36.0,-217.0,-443.0
2026-04-17,-37879.0,0.0,-456.5,-182.0,0.0,-656.5,-182.0,-782.0,-168.0,-217.0,-337.5
2026-04-18,-37879.0,0.0,-456.5,-182.0,0.0,-656.5,-182.0,-782.0,-168.0,-217.0,-337.5
2026-04-19,-37679.0,0.0,-456.5,-182.0,0.0,-456.5,-182.0,-782.0,-168.0,-217.0,-337.5
2026-04-20,-37769.5,-90.5,-479.5,-182.0,0.0,-547.0,-182.0,-805.0,-277.5,-217.0,-424.0
2026-04-21,-37824.5,-145.5,-534.5,-227.0,0.0,-602.0,-227.0,-860.0,-332.5,-217.0,-469.0
2026-04-22,-37860.0,-181.0,-394.0,-227.0,-35.5,-637.5,-227.0,-660.0,-192.0,-217.0,-469.0
2026-04-23,-37940.0,-309.0,-522.0,-227.0,-137.5,-765.5,-227.0,-788.0,-320.0,-217.0,-469.0
2026-04-24,-37982.5,-351.5,-564.5,-227.0,-137.5,-808.0,-227.0,-830.5,-362.5,-217.0,-469.0
2026-04-25,-37982.5,-351.5,-564.5,-227.0,-137.5,-808.0,-227.0,-830.5,-362.5,-217.0,-469.0
2026-04-26,-37982.5,-351.5,-564.5,-227.0,-137.5,-808.0,-227.0,-830.5,-362.5,-217.0,-469.0
2026-04-27,-37926.0,-274.5,-417.0,-227.0,0.0,-660.5,-227.0,-630.5,-285.5,-217.0,-539.5
2026-04-28,-38097.5,-617.5,-417.0,-352.0,-200.0,-660.5,-227.0,-630.5,-285.5,-217.0,-664.5
2026-04-29,-38728.0,-803.0,-647.5,-419.0,-385.5,-891.0,-294.0,-675.5,-516.0,-217.0,-731.5
2026-04-30,-38269.0,-1242.0,-745.5,-560.0,-526.5,-1130.0,-294.0,-675.5,-614.0,-217.0,-872.5
2026-05-01,-38334.5,-1307.5,-811.0,-625.5,-526.5,-1195.5,-359.5,-741.0,-679.5,-217.0,-938.0
2026-05-02,-38334.5,-1307.5,-811.0,-625.5,-526.5,-1195.5,-359.5,-741.0,-679.5,-217.0,-938.0
2026-05-03,-38334.5,-1307.5,-811.0,-625.5,-526.5,-1195.5,-359.5,-741.0,-679.5,-217.0,-938.0
2026-05-04,-37582.5,-1355.5,-811.0,-570.5,-471.5,-1195.5,-359.5,-741.0,-782.5,-217.0,-883.0
2026-05-05,-37770.0,-1143.5,-811.0,-558.5,-471.5,-983.5,-359.5,-741.0,-570.5,-217.0,-871.0
2026-05-06,-37770.0,-1143.5,-811.0,-558.5,-471.5,-983.5,-359.5,-741.0,-570.5,-217.0,-871.0
2026-05-07,-37170.0,-743.5,-611.0,-558.5,-271.5,-583.5,-359.5,-541.0,-170.5,-217.0,-471.0
2026-05-08,-36970.0,-543.5,-411.0,-558.5,-71.5,-383.5,-359.5,-541.0,0.0,-217.0,-471.0
2026-05-09,-36970.0,-543.5,-411.0,-558.5,-71.5,-383.5,-359.5,-541.0,0.0,-217.0,-471.0
2026-05-10,-37026.0,-599.5,-467.0,-558.5,-127.5,-439.5,-359.5,-597.0,-56.0,-217.0,-471.0
2026-05-11,-36673.5,-399.5,-546.0,-558.5,-206.5,-239.5,-359.5,-676.0,-135.0,-217.0,-271.0
2026-05-12,-36209.0,-199.5,-346.0,-558.5,-206.5,-39.5,-359.5,-676.0,0.0,-217.0,-71.0
2026-05-13,-37000.0,-199.5,-346.0,-558.5,-206.5,-39.5,-359.5,-676.0,0.0,-217.0,-71.0
2026-05-14,-36438.5,0.0,-72.5,-485.0,-6.5,0.0,-286.0,-602.5,0.0,-217.0,0.0
2026-05-15,-36937.0,-185.5,-146.0,-485.0,0.0,-8.5,-286.0,-676.0,-208.5,-217.0,0.0
2026-05-16,-36937.0,-185.5,-146.0,-485.0,0.0,-8.5,-286.0,-676.0,-208.5,-217.0,0.0
2026-05-17,-37137.0,-185.5,-146.0,-485.0,0.0,-8.5,-286.0,-676.0,-208.5,-217.0,0.0
2026-05-18,-36921.0,0.0,0.0,-285.0,-61.0,0.0,-86.0,-537.0,0.0,-217.0,0.0
2026-05-19,-36684.5,-288.5,0.0,-285.0,0.0,0.0,-86.0,-337.0,-88.5,-217.0,0.0
2026-05-20,-36643.5,-247.5,0.0,-285.0,0.0,0.0,-86.0,-137.0,-47.5,-217.0,-159.0
2026-05-21,-37183.0,-460.0,-212.5,-285.0,-97.5,-97.5,-86.0,-137.0,-260.0,-217.0,-159.0
2026-05-22,-36964.5,-637.5,-390.0,-285.0,-275.0,-275.0,-86.0,-207.5,-437.5,-217.0,-266.0
2026-05-23,-36964.5,-637.5,-390.0,-285.0,-275.0,-275.0,-86.0,-207.5,-437.5,-217.0,-266.0
2026-05-24,-36964.5,-637.5,-390.0,-285.0,-275.0,-275.0,-86.0,-207.5,-437.5,-217.0,-266.0
2026-05-25,-37211.0,-723.5,-502.5,-325.0,-361.0,-361.0,-126.0,-320.0,-550.0,-257.0,-340.5
2026-05-26,-37554.5,-1067.0,-563.0,-357.0,-389.5,-504.5,-158.0,-380.5,-610.5,-257.0,-372.5
2026-05-27,-38019.0,-902.5,-618.5,-157.0,-127.0,-258.0,-158.0,-436.0,-748.0,-257.0,0.0
2026-05-28,-37640.5,-924.0,-691.5,-208.5,-148.5,-279.5,-209.5,-509.0,-821.0,-257.0,0.0
2026-05-29,-37949.5,-1233.0,-752.0,-208.5,-457.5,-511.5,-209.5,-569.5,-881.5,-257.0,-196.5
2026-05-30,-37949.5,-1233.0,-752.0,-208.5,-457.5,-511.5,-209.5,-569.5,-881.5,-257.0,-196.5
2026-05-31,-37949.5,-1233.0,-752.0,-208.5,-457.5,-511.5,-209.5,-569.5,-881.5,-257.0,-196.5
2026-06-01,-38044.0,-1033.0,-779.5,-236.0,-485.0,-311.5,-237.0,-597.0,-681.5,-257.0,-224.0
2026-06-02,-37580.0,-769.0,-915.5,-236.0,-421.0,-47.5,-237.0,-733.0,-617.5,-257.0,-72.0
2026-06-03,-36846.5,-458.0,-715.5,-36.0,-355.0,0.0,-37.0,-533.0,-417.5,-257.0,0.0
2026-06-04,-37347.5,-328.5,-515.5,0.0,-253.0,0.0,0.0,-333.0,-315.5,-257.0,0.0
2026-06-05,-38021.0,-251.5,-638.5,0.0,-355.5,0.0,0.0,-333.0,-438.5,-257.0,0.0
2026-06-06,-38021.0,-251.5,-638.5,0.0,-355.5,0.0,0.0,-333.0,-438.5,-257.0,0.0
2026-06-07,-38021.0,-251.5,-638.5,0.0,-355.5,0.0,0.0,-333.0,-438.5,-257.0,0.0
2026-06-08,-38267.5,-498.0,-685.0,0.0,-555.5,-46.5,0.0,-379.5,-485.0,-257.0,-200.0
2026-06-09,-38597.5,-228.0,-615.0,0.0,-685.5,0.0,0.0,-309.5,-415.0,-257.0,0.0
2026-06-10,-38359.5,-28.0,-615.0,-200.0,-685.5,0.0,-200.0,-109.5,-215.0,-257.0,0.0
2026-06-11,-38634.0,-102.5,-689.5,0.0,-685.5,0.0,-200.0,-184.0,-89.5,-257.0,0.0
2026-06-12,-38361.0,0.0,-601.5,-94.0,-49.5,0.0,-294.0,-132.0,-1.5,-257.0,0.0
2026-06-13,-38361.0,0.0,-601.5,-94.0,-49.5,0.0,-294.0,-132.0,-1.5,-257.0,0.0
2026-06-14,-38361.0,0.0,-601.5,-94.0,-49.5,0.0,-294.0,-132.0,-1.5,-257.0,0.0
2026-06-15,-38408.5,0.0,-467.0,0.0,-49.5,0.0,-94.0,0.0,0.0,-57.0,0.0
2026-06-16,-38265.0,0.0,-159.5,0.0,-49.5,0.0,0.0,0.0,0.0,-57.0,0.0
2026-06-17,-37727.0,0.0,0.0,0.0,0.0,0.0,0.0,0.0,0.0,-57.0,0.0
2026-06-18,-37507.0,0.0,0.0,0.0,0.0,0.0,0.0,0.0,0.0,-57.0,0.0
2026-06-19,-37707.0,0.0,0.0,0.0,0.0,0.0,0.0,0.0,0.0,-57.0,0.0
2026-06-20,-37707.0,0.0,0.0,0.0,0.0,0.0,0.0,0.0,0.0,-57.0,0.0
2026-06-21,-37307.0,0.0,0.0,0.0,0.0,0.0,0.0,0.0,0.0,-57.0,0.0
2026-06-22,-38006.0,-349.5,0.0,0.0,-149.5,-149.5,0.0,0.0,0.0,-57.0,-149.5
2026-06-23,-37406.0,-518.0,0.0,0.0,-149.5,-149.5,0.0,0.0,0.0,-57.0,-149.5
2026-06-24,-37248.5,-960.5,-93.5,0.0,-592.0,-243.0,0.0,-93.5,-242.5,-57.0,-149.5
2026-06-25,-38141.0,-1253.0,-386.0,-200.0,-792.0,-335.5,0.0,-93.5,-535.0,-57.0,-349.5
2026-06-26,-37779.0,-1091.0,-509.0,-200.0,-830.0,-458.5,0.0,-216.5,-658.0,-57.0,-472.5
2026-06-27,-37779.0,-1091.0,-509.0,-200.0,-830.0,-458.5,0.0,-216.5,-658.0,-57.0,-472.5
2026-06-28,-37979.0,-1091.0,-509.0,-200.0,-830.0,-458.5,0.0,-216.5,-658.0,-57.0,-472.5
2026-06-29,-37252.5,-964.5,-382.5,-273.5,-830.0,-332.0,-73.5,-90.0,-331.5,-130.5,-346.0
2026-06-30,-36549.5,-461.5,-279.5,-273.5,-630.0,-229.0,-73.5,-99.5,-28.5,-130.5,-155.5
2026-07-01,-36734.5,-635.0,-344.0,-458.5,-803.5,-278.5,-73.5,-164.0,-217.0,-130.5,-464.5
2026-07-02,-37325.5,-435.0,-344.0,-458.5,-803.5,-78.5,-73.5,-164.0,-217.0,-130.5,-264.5
2026-07-03,-37325.5,-435.0,-344.0,-458.5,-803.5,-78.5,-73.5,-164.0,-217.0,-130.5,-264.5
2026-07-04,-37325.5,-435.0,-344.0,-458.5,-803.5,-78.5,-73.5,-164.0,-217.0,-130.5,-264.5
2026-07-05,-36925.5,-528.5,-344.0,-458.5,-897.0,-78.5,-73.5,-164.0,-310.5,-130.5,-264.5
2026-07-06,-37014.5,-617.5,-433.0,-458.5,-986.0,-78.5,-73.5,-164.0,-399.5,-130.5,-264.5
2026-07-07,-36699.5,-17.5,-33.0,-458.5,-386.0,0.0,-73.5,0.0,0.0,-130.5,0.0
2026-07-08,-37202.0,-116.5,-33.0,-458.5,-386.0,0.0,-73.5,0.0,0.0,-130.5,0.0
2026-07-09,-36646.5,-50.5,0.0,-441.5,-720.0,0.0,0.0,0.0,0.0,0.0,0.0
2026-07-10,-36246.5,0.0,0.0,-441.5,-320.0,0.0,0.0,0.0,0.0,0.0,0.0
2026-07-11,-36246.5,0.0,0.0,-441.5,-320.0,0.0,0.0,0.0,0.0,0.0,0.0
2026-07-12,-36246.5,0.0,0.0,-441.5,-320.0,0.0,0.0,0.0,0.0,0.0,0.0
2026-07-13,-36319.0,-109.0,-109.0,-550.5,-429.0,-109.0,-109.0,-109.0,-109.0,0.0,-109.0
2026-07-14,-35570.0,0.0,0.0,-350.5,-229.0,0.0,0.0,0.0,0.0,0.0,0.0
2026-07-15,-35761.0,-405.5,-251.0,-350.5,-490.0,-251.0,0.0,-144.5,-251.0,0.0,-84.5
2026-07-16,-36440.0,-785.0,-230.5,-730.0,-609.5,-230.5,0.0,-4.5,-230.5,0.0,-464.0
2026-07-17,-36640.0,-985.0,-230.5,-730.0,-609.5,-230.5,0.0,-4.5,-230.5,0.0,-464.0
2026-07-18,-36640.0,-985.0,-230.5,-730.0,-609.5,-230.5,0.0,-4.5,-230.5,0.0,-464.0
2026-07-19,-36240.0,-985.0,-230.5,-730.0,-609.5,-230.5,0.0,-4.5,-230.5,0.0,-464.0
2026-07-20,-35407.5,-752.5,0.0,-730.0,-377.0,0.0,0.0,0.0,0.0,0.0,-264.0
2026-07-21,-35273.5,-552.5,0.0,-730.0,-377.0,0.0,0.0,0.0,0.0,0.0,-264.0
2026-07-22,-35372.5,-1127.5,-81.5,-1130.0,-658.5,-575.0,0.0,0.0,-175.0,0.0,-664.0
2026-07-23,-35339.0,-1094.0,0.0,-1330.0,-625.0,-575.0,0.0,0.0,0.0,0.0,-664.0
2026-07-24,-35249.0,-1025.0,0.0,-1330.0,-556.0,-375.0,0.0,0.0,0.0,0.0,-464.0
2026-07-25,-35249.0,-1025.0,0.0,-1330.0,-556.0,-375.0,0.0,0.0,0.0,0.0,-464.0
2026-07-26,-35459.5,-1235.5,-89.5,-1330.0,-766.5,-585.5,0.0,-89.5,-210.5,0.0,-553.5
2026-07-27,-35258.5,-1081.0,-5.5,-1304.5,-411.5,-431.0,-45.0,-5.5,0.0,0.0,-328.0
2026-07-28,-36136.5,-1501.0,0.0,-1334.5,-609.5,-851.0,-75.0,-153.0,-228.0,0.0,-423.5
2026-07-29,-36598.0,-1958.0,-81.5,-1334.5,-866.5,-1108.0,-75.0,-234.5,-485.0,0.0,-799.0
2026-07-30,-36526.5,-2158.0,-81.5,-1334.5,-866.5,-1108.0,-75.0,-234.5,-485.0,0.0,-799.0
2026-07-31,-36193.0,-2148.5,-272.0,-1334.5,-857.0,-1098.5,-75.0,-297.0,-475.5,0.0,-599.0
2026-08-01,-36193.0,-2148.5,-272.0,-1334.5,-857.0,-1098.5,-75.0,-297.0,-475.5,0.0,-599.0
2026-08-02,-36193.0,-2148.5,-272.0,-1334.5,-857.0,-1098.5,-75.0,-297.0,-475.5,0.0,-599.0
2026-08-03,-36023.5,-2103.5,-227.0,-1220.0,-1012.0,-1053.5,0.0,-252.0,-430.5,-85.5,-484.5
2026-08-04,-36231.0,-2111.0,-227.0,-1386.0,-881.0,-1261.0,0.0,-252.0,-430.5,-85.5,-450.5
2026-08-05,-35407.5,-1931.0,0.0,-1541.0,-901.0,-1481.0,0.0,0.0,-95.5,-85.5,-405.5
2026-08-06,-35663.0,-2186.5,-85.0,-1541.0,-1156.5,-1736.5,0.0,-85.0,-180.5,-85.5,-617.0
2026-08-07,-35921.5,-2245.0,-143.5,-1541.0,-1156.5,-1795.0,0.0,-143.5,-239.0,-85.5,-675.5
2026-08-08,-35921.5,-2245.0,-143.5,-1541.0,-1156.5,-1795.0,0.0,-143.5,-239.0,-85.5,-675.5
2026-08-09,-35921.5,-2245.0,-143.5,-1541.0,-1156.5,-1795.0,0.0,-143.5,-239.0,-85.5,-675.5
2026-08-10,-35826.5,-2350.0,-316.0,-1758.0,-1261.5,-1679.5,-84.5,-143.5,-411.5,-85.5,-892.5
2026-08-11,-35631.0,-2181.0,-408.5,-1758.0,-1292.5,-1772.0,-84.5,-174.5,-504.0,-85.5,-892.5
2026-08-12,-36020.0,-2457.5,-530.0,-1913.0,-1519.5,-1853.0,-84.5,-215.0,-625.5,-85.5,-1088.0
2026-08-13,-36114.0,-2548.5,-575.0,-1913.0,-1704.0,-1944.0,-84.5,-260.0,-670.5,-85.5,-1133.0
2026-08-14,-35596.0,-1781.0,0.0,-1745.5,-1504.0,-1576.5,0.0,0.0,0.0,-85.5,-965.5
2026-08-15,-35596.0,-1781.0,0.0,-1745.5,-1504.0,-1576.5,0.0,0.0,0.0,-85.5,-965.5
2026-08-16,-35596.0,-1781.0,0.0,-1745.5,-1504.0,-1576.5,0.0,0.0,0.0,-85.5,-965.5
2026-08-17,-35416.5,-1849.5,-68.5,-1778.5,-1504.0,-1645.0,-33.0,-68.5,-68.5,-118.5,-998.5
2026-08-18,-35773.5,-1706.0,0.0,-1835.0,-1104.0,-1501.5,-89.5,-125.0,0.0,-118.5,-855.0
2026-08-19,-35571.5,-1390.0,0.0,-1835.0,-988.0,-1501.5,-89.5,0.0,0.0,-118.5,-739.0
2026-08-20,-35654.0,-1472.5,-5.5,-1937.5,-968.0,-1507.0,-192.0,-61.5,-5.5,-221.0,-841.5
2026-08-21,-35254.0,-1272.5,-73.0,-1937.5,-1035.5,-1307.0,-192.0,-61.5,0.0,,-841.5
2026-08-22,-35254.0,-1272.5,-73.0,-1937.5,-1035.5,-1307.0,-192.0,-61.5,0.0,,-841.5
2026-08-23,-35436.0,-1454.5,-73.0,-1937.5,-1217.5,-1307.0,-192.0,-61.5,0.0,,-1023.5
2026-08-24,-35260.5,-1367.0,-144.5,-1937.5,-1130.0,-1419.5,-192.0,-133.0,0.0,,-1023.5
2026-08-25,-35423.0,-1507.5,0.0,-2053.5,-1166.5,-1349.0,-192.0,0.0,0.0,,-953.0
2026-08-26,-35081.0,-1180.0,-72.5,-2053.5,-839.0,-1221.5,-192.0,0.0,0.0,,-953.0
2026-08-27,-34983.0,-882.0,-174.5,-1853.5,-439.0,-1123.5,-192.0,0.0,-102.0,,-553.0
2026-08-28,-35237.5,-1241.5,-216.0,-1640.5,-598.5,-1110.5,-179.0,-41.5,0.0,,-712.5
2026-08-29,-35237.5,-1241.5,-216.0,-1640.5,-598.5,-1110.5,-179.0,-41.5,0.0,,-712.5
2026-08-30,-35237.5,-1324.5,-299.0,-1723.5,-598.5,-1193.5,-262.0,-41.5,-83.0,,-795.5
2026-08-31,-34483.0,-1170.0,-144.5,-1723.5,-644.0,-1039.0,-262.0,-130.0,0.0,,-795.5
2026-09-01,-35520.5,-1319.5,-144.5,-1723.5,-714.0,-1388.5,-262.0,-130.0,-176.5,,-1065.5
2026-09-02,-35261.5,-1161.5,-95.5,-1852.5,-480.0,-1154.5,-391.0,-184.0,-218.5,,-1085.5
2026-09-03,-35530.0,-1263.5,-197.5,-1892.0,-519.5,-1256.5,-430.5,-286.0,-320.5,,-1125.0
