date,SND baseline,First physical touch core,First touch + width ≤0.5 ATR,First touch + impulse volume <0.75,First touch + normal RVOL,First touch + opposing room,First touch + width + low volume,Sensitivity · first touch + width ≤0.4,Sensitivity · first touch + width ≤0.6,Sensitivity · first touch + volume <0.5,Sensitivity · first touch + volume <1.0
2019-05-06,,,,,,,,,,,
2019-05-07,,,,,,,,,,,
2019-05-08,,,,,,,,,,,
2019-05-09,,,,,,,,,,,
2019-05-10,,,,,,,,,,,
2019-05-11,,,,,,,,,,,
2019-05-12,,,,,,,,,,,
2019-05-13,,,,,,,,,,,
2019-05-14,,,,,,,,,,,
2019-05-15,,,,,,,,,,,
2019-05-16,,,,,,,,,,,
2019-05-17,,,,,,,,,,,
2019-05-18,,,,,,,,,,,
2019-05-19,,,,,,,,,,,
2019-05-20,,,,,,,,,,,
2019-05-21,,,,,,,,,,,
2019-05-22,,,,,,,,,,,
2019-05-23,,,,,,,,,,,
2019-05-24,,,,,,,,,,,
2019-05-25,0.9285714285714286,4.145833333333333,,-10.232142857142858,,-5.484375,,,,-13.35,-8.43421052631579
2019-05-26,0.9285714285714286,4.145833333333333,5.605263157894737,-10.232142857142858,,-5.484375,,9.071428571428571,4.038461538461538,-13.35,-8.43421052631579
2019-05-27,1.052325581395349,4.145833333333333,5.605263157894737,-10.232142857142858,,-5.484375,,9.071428571428571,4.038461538461538,-13.35,-8.43421052631579
2019-05-28,2.284090909090909,2.89375,3.977272727272727,-10.232142857142858,,-5.425675675675675,,6.352941176470588,3.033333333333333,-13.35,-8.2
2019-05-29,2.0572916666666665,2.327777777777778,2.59,-10.308823529411764,,-4.6125,,5.157894736842105,2.0681818181818183,-13.25,-8.521739130434783
2019-05-30,0.6078431372549019,1.951086956521739,2.59,-10.308823529411764,,-4.865853658536586,,5.157894736842105,2.0681818181818183,-13.25,-8.791666666666666
2019-05-31,-0.2688679245283019,0.9270833333333334,2.59,-10.308823529411764,,-5.691860465116279,,5.157894736842105,1.5735294117647058,-13.25,-8.791666666666666
2019-06-01,-0.2688679245283019,0.9270833333333334,2.59,-10.308823529411764,,-5.691860465116279,,5.157894736842105,1.5735294117647058,-13.25,-8.791666666666666
2019-06-02,-0.4305555555555556,0.7244897959183674,2.144230769230769,-10.308823529411764,,-5.767045454545454,-4.916666666666667,4.45,1.2714285714285714,-13.25,-8.791666666666666
2019-06-03,0.793859649122807,2.3872549019607843,5.768518518518518,-10.308823529411764,,-3.641304347826087,-4.916666666666667,9.0,3.5337837837837838,-13.25,-4.44
2019-06-04,-0.5208333333333334,1.5330188679245282,5.3125,-10.308823529411764,,-3.7127659574468086,-4.916666666666667,8.272727272727273,3.2565789473684212,-13.25,-4.44
2019-06-05,-0.819672131147541,1.3954545454545455,4.808333333333334,-10.308823529411764,,-2.0625,-4.916666666666667,7.489130434782608,2.98125,-13.25,-4.44
2019-06-06,0.2782258064516129,0.9181034482758621,4.1640625,-10.308823529411764,,-2.4019607843137254,-4.916666666666667,6.45,2.2267441860465116,-13.25,-4.44
2019-06-07,0.7757352941176471,2.814516129032258,6.321428571428571,-10.308823529411764,,-0.022727272727272728,-4.916666666666667,8.901785714285714,3.994565217391304,-13.25,-4.5673076923076925
2019-06-08,0.7757352941176471,2.814516129032258,6.321428571428571,-10.308823529411764,,-0.022727272727272728,-4.916666666666667,8.901785714285714,3.994565217391304,-13.25,-4.5673076923076925
2019-06-09,0.7757352941176471,2.814516129032258,6.321428571428571,-10.308823529411764,8.267857142857142,-0.022727272727272728,-4.916666666666667,8.901785714285714,3.994565217391304,-13.25,-4.5673076923076925
2019-06-10,1.0357142857142858,2.814516129032258,6.321428571428571,-10.308823529411764,8.267857142857142,-0.022727272727272728,-4.916666666666667,8.901785714285714,3.994565217391304,-13.25,-4.5673076923076925
2019-06-11,1.9075342465753424,2.376923076923077,5.296052631578948,-9.98611111111111,8.267857142857142,-0.36637931034482757,-4.875,8.008333333333333,3.3418367346938775,-12.0,-4.564814814814815
2019-06-12,1.7833333333333334,2.2238805970149254,5.32051282051282,-10.078947368421053,8.133333333333333,-0.44583333333333336,-4.875,8.008333333333333,3.1029411764705883,-12.0,-4.821428571428571
2019-06-13,1.5584415584415585,1.5714285714285714,4.9,-10.078947368421053,6.921875,-0.6229508196721312,-4.875,8.008333333333333,2.556603773584906,-12.0,-4.821428571428571
2019-06-14,1.5759493670886076,1.5625,4.4939024390243905,-10.078947368421053,5.823529411764706,-0.38306451612903225,-4.875,8.008333333333333,2.2916666666666665,-12.0,-4.163793103448276
2019-06-15,1.5759493670886076,1.5625,4.4939024390243905,-10.078947368421053,5.823529411764706,-0.38306451612903225,-4.875,8.008333333333333,2.2916666666666665,-12.0,-4.163793103448276
2019-06-16,1.5759493670886076,1.5625,4.4939024390243905,-10.078947368421053,5.823529411764706,-0.38306451612903225,-4.875,8.008333333333333,2.2916666666666665,-12.0,-4.163793103448276
2019-06-17,1.5061728395061729,1.5608108108108107,4.226190476190476,-9.0875,5.823529411764706,-0.32421875,-4.875,7.532258064516129,2.263392857142857,-12.0,-3.75
2019-06-18,1.3764705882352941,1.2467105263157894,3.778409090909091,-9.297619047619047,5.823529411764706,-0.4307692307692308,-4.875,7.171875,1.9913793103448276,-12.1875,-4.0546875
2019-06-19,1.4073033707865168,0.61875,3.122340425531915,-9.125,5.152777777777778,-1.0326086956521738,-4.931818181818182,6.404411764705882,1.5737704918032787,-12.1875,-4.098484848484849
2019-06-20,0.6263736263736264,0.4420731707317073,3.0208333333333335,-9.125,4.7894736842105265,-1.1901408450704225,-4.931818181818182,6.171428571428572,1.3134920634920635,-12.1875,-4.098484848484849
2019-06-21,0.4483695652173913,0.2469879518072289,3.0208333333333335,-9.41304347826087,3.7625,-1.3923611111111112,-4.931818181818182,6.171428571428572,1.3134920634920635,-12.1875,-4.4411764705882355
2019-06-22,0.4483695652173913,0.2469879518072289,3.0208333333333335,-9.41304347826087,3.7625,-1.3923611111111112,-4.931818181818182,6.171428571428572,1.3134920634920635,-12.1875,-4.4411764705882355
2019-06-23,0.4483695652173913,0.2469879518072289,3.0208333333333335,-9.41304347826087,3.7625,-1.3923611111111112,-4.931818181818182,6.171428571428572,1.3134920634920635,-12.1875,-4.4411764705882355
2019-06-24,0.4401041666666667,0.4764705882352941,2.9754901960784315,-8.96875,4.329545454545454,-1.162162162162162,-4.931818181818182,5.8618421052631575,1.356060606060606,-10.694444444444445,-4.2785714285714285
2019-06-25,1.7396907216494846,0.07758620689655173,2.580188679245283,-8.96875,3.8152173913043477,-1.575657894736842,-4.931818181818182,5.519230769230769,1.0955882352941178,-10.694444444444445,-4.2785714285714285
2019-06-26,1.8535353535353536,0.24157303370786518,2.435185185185185,-7.711538461538462,2.9583333333333335,-1.146103896103896,-4.931818181818182,5.25,1.0036231884057971,-7.409090909090909,-3.6486486486486487
2019-06-27,1.6782178217821782,-0.016129032258064516,2.340909090909091,-7.814814814814815,1.8796296296296295,-1.415625,-4.931818181818182,5.054878048780488,0.6335616438356164,-7.409090909090909,-3.8289473684210527
2019-06-28,1.8480392156862746,-0.21842105263157896,2.340909090909091,-7.814814814814815,1.6160714285714286,-1.415625,-4.931818181818182,5.054878048780488,0.6335616438356164,-7.409090909090909,-3.8289473684210527
2019-06-29,1.8480392156862746,-0.21842105263157896,2.340909090909091,-7.814814814814815,1.6160714285714286,-1.415625,-4.931818181818182,5.054878048780488,0.6335616438356164,-7.409090909090909,-3.8289473684210527
2019-06-30,1.8480392156862746,-0.21842105263157896,2.340909090909091,-7.814814814814815,1.6160714285714286,-1.415625,-4.931818181818182,5.054878048780488,0.6335616438356164,-7.409090909090909,-3.8289473684210527
2019-07-01,2.125,0.1211340206185567,2.1919642857142856,-7.814814814814815,2.8879310344827585,-0.9847560975609756,-4.931818181818182,4.791666666666667,0.543918918918919,-7.409090909090909,-3.8289473684210527
2019-07-02,2.3154205607476634,0.385,2.7629310344827585,-7.830357142857143,2.5166666666666666,-0.5148809523809523,-5.208333333333333,4.488372093023256,0.8701298701298701,-7.409090909090909,-3.9423076923076925
2019-07-03,2.1136363636363638,0.22572815533980584,2.377049180327869,-7.830357142857143,2.0390625,-0.6724137931034483,-5.208333333333333,3.864130434782609,0.646875,-7.409090909090909,-3.96875
2019-07-04,1.90625,0.22380952380952382,2.3055555555555554,-7.830357142857143,2.0390625,-0.6544943820224719,-5.208333333333333,3.7083333333333335,0.6341463414634146,-7.409090909090909,-4.012195121951219
2019-07-05,1.4051724137931034,0.04009433962264151,2.3055555555555554,-7.830357142857143,1.393939393939394,-0.8611111111111112,-5.208333333333333,3.7083333333333335,0.6341463414634146,-7.409090909090909,-4.012195121951219
2019-07-06,1.4051724137931034,0.04009433962264151,2.3055555555555554,-7.830357142857143,1.393939393939394,-0.8611111111111112,-5.208333333333333,3.7083333333333335,0.6341463414634146,-7.409090909090909,-4.012195121951219
2019-07-07,1.4051724137931034,0.04009433962264151,2.3055555555555554,-7.830357142857143,1.393939393939394,-0.8611111111111112,-5.208333333333333,3.7083333333333335,0.6341463414634146,-7.409090909090909,-4.012195121951219
2019-07-08,1.3347457627118644,-0.028037383177570093,2.15625,-7.810344827586207,1.393939393939394,-0.9313186813186813,-5.365384615384615,3.7083333333333335,0.5391566265060241,-7.409090909090909,-4.089285714285714
2019-07-09,0.9648760330578512,-0.22477064220183487,2.0384615384615383,-7.810344827586207,1.393939393939394,-1.14247311827957,-5.365384615384615,3.520408163265306,0.41964285714285715,-7.409090909090909,-4.122093023255814
2019-07-10,0.6350806451612904,-0.40848214285714285,1.8977272727272727,-7.810344827586207,1.393939393939394,-1.2657894736842106,-5.365384615384615,3.305,0.16091954022988506,-7.409090909090909,-4.122093023255814
2019-07-11,0.34523809523809523,-0.4823008849557522,1.7388059701492538,-7.841666666666667,1.393939393939394,-1.34375,-5.607142857142857,3.0686274509803924,0.05965909090909091,-7.409090909090909,-4.2272727272727275
2019-07-12,0.234375,-0.5460526315789473,1.599264705882353,-7.841666666666667,1.393939393939394,-1.4097938144329898,-5.607142857142857,2.9038461538461537,-0.028089887640449437,-7.409090909090909,-4.305555555555555
2019-07-13,0.234375,-0.5460526315789473,1.599264705882353,-7.841666666666667,1.393939393939394,-1.4097938144329898,-5.607142857142857,2.9038461538461537,-0.028089887640449437,-7.409090909090909,-4.305555555555555
2019-07-14,0.1434108527131783,-0.6413043478260869,1.599264705882353,-7.959677419354839,1.0147058823529411,-1.4097938144329898,-5.607142857142857,2.9038461538461537,-0.028089887640449437,-7.409090909090909,-4.461956521739131
2019-07-15,0.07633587786259542,-0.7029914529914529,1.4321428571428572,-7.959677419354839,0.7222222222222222,-1.4671717171717171,-5.607142857142857,2.638888888888889,-0.12087912087912088,-7.409090909090909,-4.461956521739131
2019-07-16,0.39849624060150374,-0.32983193277310924,1.3274647887323943,-7.371212121212121,1.8157894736842106,-1.0123762376237624,-5.633333333333334,2.638888888888889,0.34408602150537637,-7.409090909090909,-4.290816326530612
2019-07-17,0.32649253731343286,-0.075,1.2430555555555556,-7.371212121212121,1.8157894736842106,-1.0490196078431373,-5.633333333333334,2.5045454545454544,0.2898936170212766,-7.409090909090909,-4.290816326530612
2019-07-18,0.8833333333333333,-0.18032786885245902,1.0337837837837838,-7.371212121212121,1.6346153846153846,-1.1538461538461537,-5.633333333333334,2.3660714285714284,0.1484375,-7.409090909090909,-4.290816326530612
2019-07-19,0.391304347826087,-0.40524193548387094,0.9133333333333333,-7.75,1.6346153846153846,-1.3985849056603774,-5.633333333333334,2.1842105263157894,0.06443298969072164,-8.479166666666666,-4.61
2019-07-20,0.391304347826087,-0.40524193548387094,0.9133333333333333,-7.75,1.6346153846153846,-1.3985849056603774,-5.633333333333334,2.1842105263157894,0.06443298969072164,-8.479166666666666,-4.61
2019-07-21,0.391304347826087,-0.40524193548387094,0.9133333333333333,-7.75,1.6346153846153846,-1.3985849056603774,-5.633333333333334,2.1842105263157894,0.06443298969072164,-8.479166666666666,-4.61
2019-07-22,0.2375886524822695,-0.5570866141732284,0.6153846153846154,-7.6571428571428575,1.425,-1.4768518518518519,-5.5625,1.7333333333333334,-0.1425,-8.479166666666666,-4.607843137254902
2019-07-23,-0.09246575342465753,-0.8920454545454546,0.3611111111111111,-7.6571428571428575,0.8895348837209303,-1.8274336283185841,-5.5625,1.4126984126984128,-0.32038834951456313,-8.479166666666666,-4.778846153846154
2019-07-24,-0.3875838926174497,-1.162313432835821,0.2530487804878049,-8.208333333333334,0.38333333333333336,-2.126086956521739,-5.5625,1.4126984126984128,-0.49523809523809526,-9.942307692307692,-5.2075471698113205
2019-07-25,-0.6185064935064936,-1.3902877697841727,0.24107142857142858,-8.223684210526315,-0.22395833333333334,-2.35,-5.573529411764706,1.3615384615384616,-0.6834862385321101,-9.942307692307692,-5.138392857142857
2019-07-26,-0.38225806451612904,-1.1232142857142857,0.6617647058823529,-7.089743589743589,-0.3877551020408163,-2.0330578512396693,-3.263888888888889,1.8863636363636365,-0.35,-6.660714285714286,-4.416666666666667
2019-07-27,-0.38225806451612904,-1.1232142857142857,0.6617647058823529,-7.089743589743589,-0.3877551020408163,-2.0330578512396693,-3.263888888888889,1.8863636363636365,-0.35,-6.660714285714286,-4.416666666666667
2019-07-28,-0.38225806451612904,-1.1232142857142857,0.6617647058823529,-7.089743589743589,-0.3877551020408163,-2.0330578512396693,-3.263888888888889,1.8863636363636365,-0.35,-6.660714285714286,-4.416666666666667
2019-07-29,-0.23076923076923078,-1.2007042253521127,0.4942528735632184,-7.089743589743589,-0.6323529411764706,-2.1077235772357725,-3.263888888888889,1.7835820895522387,-0.46205357142857145,-6.660714285714286,-4.416666666666667
2019-07-30,-0.19025157232704404,-1.1362068965517242,0.3398876404494382,-6.463414634146342,-0.6323529411764706,-2.1370967741935485,-3.460526315789474,1.5471014492753623,-0.5657894736842105,-5.109375,-4.1
2019-07-31,0.2822085889570552,-0.5939597315436241,1.1451612903225807,-7.104651162790698,1.1132075471698113,-1.4173228346456692,-3.8125,2.8485915492957745,0.09957627118644068,-6.573529411764706,-4.686507936507937
2019-08-01,2.036144578313253,0.5637254901960784,3.1354166666666665,-7.104651162790698,0.6136363636363636,-0.04007633587786259,-3.8125,5.361486486486487,1.7045454545454546,-6.573529411764706,-4.686507936507937
2019-08-02,2.473529411764706,1.2094155844155845,4.134020618556701,-7.104651162790698,0.6136363636363636,-0.04007633587786259,-3.8125,5.361486486486487,2.5102459016393444,-6.573529411764706,-4.686507936507937
2019-08-03,2.473529411764706,1.2094155844155845,4.134020618556701,-7.104651162790698,0.6136363636363636,-0.04007633587786259,-3.8125,5.361486486486487,2.5102459016393444,-6.573529411764706,-4.686507936507937
2019-08-04,3.3875739644970415,2.2107843137254903,5.112244897959184,-4.034883720930233,2.388392857142857,1.1288461538461538,1.130952380952381,6.623333333333333,3.3028455284552845,-4.984375,-2.5912698412698414
2019-08-05,2.8026315789473686,1.853225806451613,5.081632653061225,-4.034883720930233,1.9254385964912282,0.7253787878787878,1.130952380952381,6.583333333333333,3.4364754098360657,-4.984375,-2.4838709677419355
2019-08-06,2.5248538011695905,1.5467741935483872,4.829081632653061,-4.9186046511627906,1.4525862068965518,0.4567669172932331,-0.07954545454545454,6.6824324324324325,3.2336065573770494,-4.984375,-3.096774193548387
2019-08-07,1.5380116959064327,0.5608974358974359,2.948019801980198,-4.875,1.4525862068965518,-0.5827067669172933,-0.07954545454545454,4.88,1.8991935483870968,-4.866666666666666,-3.0368852459016393
2019-08-08,1.5263157894736843,0.582258064516129,3.75,-4.875,1.4525862068965518,0.2840909090909091,-0.07954545454545454,5.892857142857143,2.5524193548387095,-4.866666666666666,-3.5458333333333334
2019-08-09,1.8034682080924855,0.5512820512820513,3.6715686274509802,-4.875,1.3559322033898304,0.25,-0.07954545454545454,5.762820512820513,2.498,-4.866666666666666,-3.5458333333333334
2019-08-10,1.8034682080924855,0.5512820512820513,3.6715686274509802,-4.875,1.3559322033898304,0.25,-0.07954545454545454,5.762820512820513,2.498,-4.866666666666666,-3.5458333333333334
2019-08-11,1.2325581395348837,-0.26121794871794873,2.717821782178218,-4.384146341463414,0.8875,-0.7030075187969925,-0.07954545454545454,4.538961038961039,1.7116935483870968,-4.866666666666666,-3.1822033898305087
2019-08-12,2.276627218934911,0.42045454545454547,3.23,-3.5064102564102564,1.6598360655737705,-0.21374045801526717,1.0125,4.967532467532467,2.432377049180328,-4.75,-1.3991228070175439
2019-08-13,1.4220588235294118,-0.08279220779220779,3.0693069306930694,-3.0723684210526314,1.6598360655737705,-0.041666666666666664,1.0125,4.967532467532467,2.4897540983606556,-4.75,-1.2763157894736843
2019-08-14,0.5176470588235295,0.04411764705882353,3.295,-3.0723684210526314,1.6598360655737705,0.10687022900763359,1.0125,5.2894736842105265,2.6714876033057853,-4.75,-1.2763157894736843
2019-08-15,1.495639534883721,1.3133116883116882,3.126237623762376,-3.0723684210526314,1.6598360655737705,0.22388059701492538,1.0125,5.042207792207792,2.669421487603306,-4.75,-0.8303571428571429
2019-08-16,1.04,1.1105769230769231,2.783980582524272,-3.41025641025641,1.4274193548387097,0.007352941176470588,0.19047619047619047,4.814102564102564,2.3902439024390243,-4.75,-1.3017241379310345
2019-08-17,1.04,1.1105769230769231,2.783980582524272,-3.41025641025641,1.4274193548387097,0.007352941176470588,0.19047619047619047,4.814102564102564,2.3902439024390243,-4.75,-1.3017241379310345
2019-08-18,0.09,0.35161290322580646,2.715686274509804,-3.263157894736842,1.2023809523809523,0.11481481481481481,0.65,4.766025641025641,1.4364754098360655,-4.423076923076923,-1.1666666666666667
2019-08-19,0.16428571428571428,0.4411764705882353,2.6359223300970873,-3.0,1.0766129032258065,0.25757575757575757,0.65,4.636075949367089,1.6301652892561984,-4.423076923076923,-0.9553571428571429
2019-08-20,0.03571428571428571,0.03870967741935484,2.1322115384615383,-4.094594594594595,0.9126984126984127,0.26515151515151514,-1.375,4.1234177215189876,1.103658536585366,-4.423076923076923,-1.855263157894737
2019-08-21,0.0,0.0457516339869281,2.406862745098039,-3.861111111111111,0.9126984126984127,0.39341085271317827,-0.7894736842105263,4.32051282051282,1.1864754098360655,-3.75,-2.0714285714285716
2019-08-22,-0.16473988439306358,0.07450331125827815,2.5816831683168315,-3.4411764705882355,0.44672131147540983,0.6082677165354331,-0.2361111111111111,4.5064935064935066,1.322314049586777,-3.75,-2.1527777777777777
2019-08-23,-0.7779329608938548,-0.5693548387096774,2.3009708737864076,-3.4411764705882355,-0.06048387096774194,0.22093023255813954,-0.2361111111111111,4.091772151898734,1.1077235772357723,-3.75,-2.1527777777777777
2019-08-24,-0.7779329608938548,-0.5693548387096774,2.3009708737864076,-3.4411764705882355,-0.06048387096774194,0.22093023255813954,-0.2361111111111111,4.091772151898734,1.1077235772357723,-3.75,-2.1527777777777777
2019-08-25,-1.0977653631284916,-0.5693548387096774,2.3009708737864076,-3.4411764705882355,-0.06048387096774194,0.22093023255813954,-0.2361111111111111,4.091772151898734,1.1077235772357723,-3.75,-2.1527777777777777
2019-08-26,-0.44305555555555554,-0.8120915032679739,2.56,-4.5285714285714285,-0.4032258064516129,-0.125,-0.2361111111111111,4.503289473684211,1.01875,-6.653846153846154,-2.8518518518518516
2019-08-27,-0.5522598870056498,-0.8926174496644296,2.642857142857143,-3.953125,-0.3951612903225806,-0.3709677419354839,0.828125,4.760135135135135,1.0614406779661016,-6.145833333333333,-2.6153846153846154
2019-08-28,-0.26857142857142857,-0.9060402684563759,2.4475,-4.485294117647059,-0.1557377049180328,-0.3870967741935484,0.36764705882352944,4.447368421052632,0.8270833333333333,-7.134615384615385,-2.7735849056603774
2019-08-29,-0.42428571428571427,-0.9898648648648649,2.3069306930693068,-4.485294117647059,-0.1557377049180328,-0.11788617886178862,0.36764705882352944,4.447368421052632,0.8520833333333333,-7.134615384615385,-2.7735849056603774
2019-08-30,-0.6709039548022598,-1.2733333333333334,2.3069306930693068,-4.485294117647059,-0.6209677419354839,-0.24193548387096775,0.36764705882352944,4.447368421052632,0.7169421487603306,-7.134615384615385,-2.7735849056603774
2019-08-31,-0.6235795454545454,-1.221476510067114,2.42,-4.485294117647059,-0.6209677419354839,-0.17073170731707318,0.36764705882352944,4.626666666666667,0.7979166666666667,-7.134615384615385,-2.7735849056603774
2019-09-01,-1.0589080459770115,-1.8530405405405406,1.36,-4.485294117647059,-0.6209677419354839,-0.9282786885245902,0.36764705882352944,3.2133333333333334,0.029411764705882353,-7.134615384615385,-4.75
2019-09-02,-0.8706896551724138,-1.7936241610738255,1.0735294117647058,-4.685714285714286,-0.5163934426229508,-1.127016129032258,-0.2916666666666667,3.17,-0.19008264462809918,-7.134615384615385,-4.877358490566038
2019-09-03,-1.015625,-1.9983221476510067,0.9166666666666666,-4.685714285714286,-2.056451612903226,-2.002,-0.2916666666666667,2.986842105263158,-0.32231404958677684,-7.134615384615385,-4.877358490566038
2019-09-04,-0.8531073446327684,-1.2111486486486487,1.9558823529411764,-1.864864864864865,-0.06666666666666667,-1.0625,4.4875,4.381578947368421,0.6625,-6.982142857142857,-2.9727272727272727
2019-09-05,-1.235632183908046,-2.238095238095238,0.8137254901960784,-2.1052631578947367,-1.8771186440677967,-2.2172131147540983,3.75,3.22972972972973,-0.30833333333333335,-7.25,-3.1830357142857144
2019-09-06,-1.2669491525423728,-2.316666666666667,0.6442307692307693,-2.1052631578947367,-1.9583333333333333,-2.310483870967742,3.75,3.0966666666666667,-0.4344262295081967,-7.25,-3.1830357142857144
2019-09-07,-1.2669491525423728,-2.316666666666667,0.6442307692307693,-2.1052631578947367,-1.9583333333333333,-2.310483870967742,3.75,3.0966666666666667,-0.4344262295081967,-7.25,-3.1830357142857144
2019-09-08,-1.3942857142857144,-2.316666666666667,0.6442307692307693,-2.1052631578947367,-1.9583333333333333,-2.310483870967742,3.75,3.0966666666666667,-0.4344262295081967,-7.25,-3.1830357142857144
2019-09-09,-1.6077586206896552,-1.99496644295302,0.7745098039215687,-2.0405405405405403,-2.057377049180328,-2.25,4.1625,3.152027027027027,-0.3416666666666667,-7.446428571428571,-3.159090909090909
2019-09-10,-1.3764367816091954,-2.3333333333333335,0.8431372549019608,-2.5789473684210527,-2.627049180327869,-2.270661157024793,4.1625,3.2866666666666666,-0.1869747899159664,-7.446428571428571,-2.7045454545454546
2019-09-11,-1.6494252873563218,-1.7114093959731544,1.7058823529411764,-2.5789473684210527,-2.4833333333333334,-1.5454545454545454,4.1625,4.25,0.652542372881356,-7.446428571428571,-2.924107142857143
2019-09-12,-1.717142857142857,-1.7766666666666666,1.6699029126213591,-2.5789473684210527,-2.3262711864406778,-1.6577868852459017,4.1625,3.96474358974359,0.6302521008403361,-7.446428571428571,-3.3214285714285716
2019-09-13,-1.8412921348314606,-1.8651315789473684,1.4761904761904763,-2.7756410256410255,-2.3262711864406778,-1.7681451612903225,3.4761904761904763,3.8354430379746836,0.4793388429752066,-7.633333333333334,-3.4517543859649122
2019-09-14,-1.8412921348314606,-1.8651315789473684,1.4761904761904763,-2.7756410256410255,-2.3262711864406778,-1.7681451612903225,3.4761904761904763,3.8354430379746836,0.4793388429752066,-7.633333333333334,-3.4517543859649122
2019-09-15,-1.8480113636363635,-2.0596026490066226,1.5552884615384615,-3.1052631578947367,-2.6958333333333333,-2.0060975609756095,3.4761904761904763,3.9711538461538463,0.46218487394957986,-7.633333333333334,-3.659090909090909
2019-09-16,-1.573699421965318,-2.0678807947019866,1.587378640776699,-2.824324324324324,-2.6958333333333333,-2.1088709677419355,3.4761904761904763,3.9006410256410255,0.37184873949579833,-7.214285714285714,-3.640909090909091
2019-09-17,-1.7691176470588235,-1.5318791946308725,2.3465346534653464,-3.0878378378378377,-2.683333333333333,-1.959016393442623,3.925,4.032467532467533,1.0064102564102564,-7.214285714285714,-3.8181818181818183
2019-09-18,-1.0905172413793103,-1.630794701986755,2.1092233009708736,-3.0878378378378377,-2.6991525423728815,-2.0725806451612905,3.925,3.871794871794872,0.9279661016949152,-7.214285714285714,-3.8181818181818183
2019-09-19,-0.8117816091954023,-1.2731788079470199,2.0024038461538463,-2.9054054054054053,-1.7838983050847457,-1.9613821138211383,3.3095238095238093,3.7088607594936707,0.8445378151260504,-7.214285714285714,-3.6954545454545453
2019-09-20,-1.2932960893854748,-1.3896103896103895,1.7429906542056075,-2.9054054054054053,-1.8958333333333333,-2.0873015873015874,3.3095238095238093,3.307926829268293,0.6454918032786885,-7.214285714285714,-3.7276785714285716
2019-09-21,-1.2932960893854748,-1.3896103896103895,1.7429906542056075,-2.9054054054054053,-1.8958333333333333,-2.0873015873015874,3.3095238095238093,3.307926829268293,0.6454918032786885,-7.214285714285714,-3.7276785714285716
2019-09-22,-1.3285714285714285,-1.5394736842105263,1.7283653846153846,-3.0208333333333335,-2.3060344827586206,-2.2358870967741935,3.3095238095238093,3.348101265822785,0.6050420168067226,-7.865384615384615,-3.8181818181818183
2019-09-23,-1.9275568181818181,-1.1875,1.6850961538461537,-3.0208333333333335,-2.413793103448276,-2.097560975609756,3.3095238095238093,3.3797468354430378,0.8970588235294118,-7.865384615384615,-3.8181818181818183
2019-09-24,-2.525,-1.7016129032258065,1.5357142857142858,-4.021428571428571,-2.4224137931034484,-2.8188976377952755,3.3095238095238093,3.3734177215189876,0.6859504132231405,-11.1875,-4.892857142857143
2019-09-25,-2.5345303867403315,-1.606907894736842,1.5285714285714285,-0.8642857142857143,-2.1863636363636365,-2.692,3.3095238095238093,3.3639240506329116,0.8686440677966102,-11.1875,-2.919642857142857
2019-09-26,-2.7266483516483517,-1.6019736842105263,1.3271028037383177,-0.8642857142857143,-2.3794642857142856,-2.795275590551181,3.3095238095238093,3.215625,0.7,-11.1875,-2.919642857142857
2019-09-27,-2.5201612903225805,-1.9161392405063291,0.8549107142857143,-0.8642857142857143,-2.5905172413793105,-3.1146616541353382,3.3095238095238093,2.7951807228915664,0.302,-11.1875,-3.163793103448276
2019-09-28,-2.5201612903225805,-1.9161392405063291,0.8549107142857143,-0.8642857142857143,-2.5905172413793105,-3.1146616541353382,3.3095238095238093,2.7951807228915664,0.302,-11.1875,-3.163793103448276
2019-09-29,-2.724184782608696,-2.1490384615384617,0.9166666666666666,-0.8642857142857143,-3.31140350877193,-3.4103053435114505,3.3095238095238093,2.902439024390244,0.3528225806451613,-11.1875,-3.163793103448276
2019-09-30,-3.054054054054054,-2.4823717948717947,0.3482142857142857,-0.6470588235294118,-3.276315789473684,-3.859848484848485,3.8875,2.7981927710843375,-0.06653225806451613,-11.1875,-3.1551724137931036
2019-10-01,-2.441576086956522,-2.4313725490196076,0.49770642201834864,-0.6470588235294118,-3.209090909090909,-3.8313953488372094,3.8875,3.09375,0.05785123966942149,-11.1875,-3.1228070175438596
2019-10-02,-2.574324324324324,-2.5359477124183005,0.35091743119266056,-0.6470588235294118,-3.209090909090909,-3.955426356589147,3.8875,2.89375,-0.0743801652892562,-11.1875,-3.075892857142857
2019-10-03,-1.8278688524590163,-1.7565359477124183,1.2568181818181818,-0.6470588235294118,-2.912037037037037,-3.0310077519379846,3.8875,4.092592592592593,0.7459016393442623,-11.1875,-1.2675438596491229
2019-10-04,-1.891304347826087,-1.7565359477124183,1.2568181818181818,-0.6470588235294118,-2.912037037037037,-3.0310077519379846,3.8875,4.092592592592593,0.7459016393442623,-11.1875,-1.2675438596491229
2019-10-05,-1.891304347826087,-1.7565359477124183,1.2568181818181818,-0.6470588235294118,-2.912037037037037,-3.0310077519379846,3.8875,4.092592592592593,0.7459016393442623,-11.1875,-1.2675438596491229
2019-10-06,-1.8818681318681318,-1.7203947368421053,1.334862385321101,-0.44696969696969696,-2.912037037037037,-2.998046875,4.473684210526316,4.092592592592593,0.8119834710743802,-11.1875,-1.1607142857142858
2019-10-07,-1.5708333333333333,-1.4635761589403973,1.3981481481481481,0.125,-2.5136363636363637,-2.702755905511811,4.473684210526316,4.2125,0.8979166666666667,-11.1875,-0.7232142857142857
2019-10-08,-1.851388888888889,-1.3708053691275168,1.4236111111111112,0.125,-2.549107142857143,-2.6488095238095237,4.473684210526316,4.246875,1.055084745762712,-11.1875,-0.7232142857142857
2019-10-09,-2.052197802197802,-1.6858552631578947,1.1204545454545454,0.3939393939393939,-2.549107142857143,-2.904296875,5.208333333333333,4.209375,0.7833333333333333,-11.1875,-0.5772727272727273
2019-10-10,-2.3128415300546448,-2.078525641025641,0.9797297297297297,0.3939393939393939,-3.2838983050847457,-3.331439393939394,5.208333333333333,3.950617283950617,0.5409836065573771,-11.1875,-0.4444444444444444
2019-10-11,-2.681451612903226,-2.2373417721518987,0.9797297297297297,0.3939393939393939,-3.325,-3.5,5.208333333333333,3.950617283950617,0.4898373983739837,-11.1875,-0.4444444444444444
2019-10-12,-2.633783783783784,-2.178343949044586,0.9797297297297297,0.765625,-3.1864406779661016,-3.5,5.208333333333333,3.950617283950617,0.4898373983739837,-11.1875,-0.2358490566037736
2019-10-13,-2.616120218579235,-2.1516129032258067,1.0756880733944953,0.765625,-3.1491228070175437,-3.4886363636363638,5.208333333333333,4.158227848101266,0.5681818181818182,-11.1875,-0.2358490566037736
2019-10-14,-2.8391891891891894,-2.4203821656050954,1.2072072072072073,0.4838709677419355,-3.6508620689655173,-3.783582089552239,5.208333333333333,3.8796296296296298,0.18089430894308944,-11.1875,0.22115384615384615
2019-10-15,-2.992021276595745,-2.7735849056603774,1.078125,0.4838709677419355,-3.805084745762712,-3.9191176470588234,5.208333333333333,3.9875,0.07258064516129033,-11.1875,0.22115384615384615
2019-10-16,-3.4193121693121693,-2.743710691823899,1.2159090909090908,0.0078125,-3.7916666666666665,-3.8841911764705883,5.208333333333333,4.1044303797468356,0.09552845528455285,-11.1875,-0.06132075471698113
2019-10-17,-3.2247340425531914,-2.6265822784810124,1.225,0.421875,-3.7916666666666665,-3.7555555555555555,4.565789473684211,4.117088607594937,0.10365853658536585,-10.083333333333334,0.18867924528301888
2019-10-18,-3.3251295336787563,-2.4328125,1.162162162162162,0.421875,-3.254032258064516,-3.5127737226277373,4.565789473684211,3.99375,0.308,-10.083333333333334,0.06018518518518518
2019-10-19,-3.3251295336787563,-2.4328125,1.162162162162162,0.421875,-3.254032258064516,-3.5127737226277373,4.565789473684211,3.99375,0.308,-10.083333333333334,0.06018518518518518
2019-10-20,-3.2697368421052633,-2.3487261146496814,1.3842592592592593,0.5806451612903226,-3.19672131147541,-3.4814814814814814,5.069444444444445,4.415584415584416,0.48360655737704916,-10.083333333333334,0.14622641509433962
2019-10-21,-2.6733870967741935,-1.5996732026143792,1.5,2.96875,-1.6822033898305084,-2.8740601503759398,5.069444444444445,4.569078947368421,0.9713114754098361,-10.083333333333334,1.8537735849056605
2019-10-22,-1.9598930481283423,-0.737012987012987,2.4059633027522938,3.40625,0.3220338983050847,-1.873134328358209,5.069444444444445,4.365384615384615,1.8760162601626016,-8.5,2.1179245283018866
2019-10-23,-1.9415760869565217,-0.6903973509933775,2.3425925925925926,4.2,0.6535087719298246,-1.8454198473282444,5.705882352941177,4.4868421052631575,2.029166666666667,-8.5,2.2401960784313726
2019-10-24,-2.2934782608695654,-0.935,2.02803738317757,3.103448275862069,0.8125,-2.1365384615384615,3.8125,4.066666666666666,1.7436974789915967,-12.95,1.565
2019-10-25,-1.814516129032258,-0.32401315789473684,2.8256880733944953,2.1416666666666666,0.8125,-1.4147727272727273,3.8125,3.9177631578947367,2.4669421487603307,-12.95,1.0294117647058822
2019-10-26,-1.814516129032258,-0.32401315789473684,2.8256880733944953,2.1416666666666666,0.8125,-1.4147727272727273,3.8125,3.9177631578947367,2.4669421487603307,-12.95,1.0294117647058822
2019-10-27,-1.95,-0.24,3.0023364485981308,2.1416666666666666,1.087962962962963,-1.3346153846153845,3.8125,4.036666666666667,2.619747899159664,-12.95,1.0294117647058822
2019-10-28,-2.01775956284153,-0.30067567567567566,3.125,1.8839285714285714,1.087962962962963,-1.3115384615384615,4.533333333333333,4.226351351351352,2.7266949152542375,-17.625,0.9739583333333334
2019-10-29,-2.2845303867403315,-0.42586206896551726,3.0485436893203883,5.638888888888889,-0.6792452830188679,-1.564453125,9.166666666666666,2.9280821917808217,2.6478260869565218,-15.857142857142858,3.369565217391304
2019-10-30,-3.579608938547486,-1.2095070422535212,1.195,5.638888888888889,1.0384615384615385,-2.482,9.166666666666666,0.275,0.8960176991150443,-15.857142857142858,3.369565217391304
2019-10-31,-4.046348314606742,-1.7189655172413794,0.05198019801980198,5.116071428571429,0.7641509433962265,-2.142578125,8.03125,0.19718309859154928,-0.11403508771929824,-15.0,3.106382978723404
2019-11-01,-3.8027777777777776,-1.7380136986301369,0.007352941176470588,4.7844827586206895,0.7641509433962265,-2.1608527131782944,7.294117647058823,0.13194444444444445,-0.15217391304347827,-15.0,2.9479166666666665
2019-11-02,-4.38268156424581,-2.439655172413793,-0.9826732673267327,1.3839285714285714,-1.1442307692307692,-2.958984375,1.5,-1.2746478873239437,-1.030701754385965,-15.0,0.8829787234042553
2019-11-03,-3.5545977011494254,-1.9680851063829787,-0.87,1.3839285714285714,-0.696078431372549,-2.439516129032258,1.5,-1.1178571428571429,-0.9314159292035398,-15.0,0.8829787234042553
2019-11-04,-3.315340909090909,-1.6853146853146854,-0.5594059405940595,2.5089285714285716,-0.30660377358490565,-2.076,3.3,-1.0173611111111112,-0.5978260869565217,-15.0,1.4791666666666667
2019-11-05,-2.742897727272727,-1.2623239436619718,0.0525,2.2586206896551726,-0.30660377358490565,-1.694,2.796875,-0.8013698630136986,-0.06140350877192982,-15.0,1.3520408163265305
2019-11-06,-2.9673295454545454,-1.6684027777777777,-0.5465686274509803,3.433333333333333,0.24545454545454545,-2.2265625,4.838235294117647,-2.1216216216216215,-0.5862068965517241,-15.0,1.9509803921568627
2019-11-07,-3.104285714285714,-1.4079861111111112,-0.6802884615384616,3.433333333333333,-0.07894736842105263,-1.93359375,4.838235294117647,-2.2066666666666666,-0.2629310344827586,-15.0,1.9509803921568627
2019-11-08,-2.734375,-1.6037414965986394,-0.8066037735849056,2.9838709677419355,-0.326271186440678,-2.0,4.838235294117647,-2.2598684210526314,-0.4684873949579832,-15.0,1.5613207547169812
2019-11-09,-2.734375,-1.4315068493150684,-0.8066037735849056,2.9838709677419355,0.12931034482758622,-1.806640625,4.838235294117647,-2.2598684210526314,-0.4684873949579832,-15.0,1.5613207547169812
2019-11-10,-3.3693181818181817,-1.7482758620689656,-1.0571428571428572,2.765625,-0.7105263157894737,-2.0216535433070866,4.347222222222222,-2.63,-0.8495762711864406,-13.777777777777779,0.5801886792452831
2019-11-11,-2.9571428571428573,-1.40625,-1.0330188679245282,2.765625,-0.19915254237288135,-1.9523809523809523,4.347222222222222,-2.6578947368421053,-0.8298319327731093,-13.777777777777779,0.8413461538461539
2019-11-12,-2.177142857142857,-1.5222602739726028,-1.0700934579439252,2.340909090909091,-0.5163934426229508,-2.076171875,4.347222222222222,-2.688311688311688,-0.8645833333333334,-13.777777777777779,0.6132075471698113
2019-11-13,-2.7427745664739884,-2.454861111111111,-0.9198113207547169,2.340909090909091,-0.5163934426229508,-2.1488095238095237,4.347222222222222,-2.5,-0.8104166666666667,-13.777777777777779,0.6132075471698113
2019-11-14,-2.492816091954023,-2.57312925170068,-0.8504672897196262,2.5606060606060606,-0.8064516129032258,-2.134765625,5.5588235294117645,-2.470779220779221,-0.8176229508196722,-13.777777777777779,0.8113207547169812
2019-11-15,-2.204285714285714,-2.62248322147651,-0.9495412844036697,2.057142857142857,-0.8611111111111112,-2.1980769230769233,4.315789473684211,-2.5664556962025316,-0.905241935483871,-13.777777777777779,0.5545454545454546
2019-11-16,-2.1436781609195403,-2.554054054054054,-0.8402777777777778,2.057142857142857,-0.6693548387096774,-2.116279069767442,4.315789473684211,-2.4358974358974357,-0.8089430894308943,-13.777777777777779,0.5545454545454546
2019-11-17,-2.2122093023255816,-2.5340136054421767,-0.7967289719626168,2.057142857142857,-0.6693548387096774,-2.116279069767442,4.315789473684211,-2.396103896103896,-0.7704918032786885,-13.777777777777779,0.5545454545454546
2019-11-18,-2.1666666666666665,-2.405821917808219,-0.616822429906542,2.157142857142857,-0.7419354838709677,-2.0384615384615383,4.5,-2.3506493506493507,-0.5206611570247934,-12.8,0.9386792452830188
2019-11-19,-1.7189349112426036,-2.1575342465753424,-0.6481481481481481,2.157142857142857,-0.3888888888888889,-2.125,4.5,-2.371794871794872,-0.4318181818181818,-12.8,1.6226415094339623
2019-11-20,-0.6852941176470588,-1.4932432432432432,-0.602803738317757,1.8,2.019230769230769,-2.3214285714285716,5.055555555555555,-2.331168831168831,-0.38958333333333334,-12.8,1.8066037735849056
2019-11-21,-0.03787878787878788,-0.9594594594594594,-0.23130841121495327,1.8,2.6961538461538463,-1.8345864661654134,5.055555555555555,-1.8149350649350648,-0.15702479338842976,-12.8,1.8066037735849056
2019-11-22,-0.040419161676646706,-0.9848993288590604,-0.27314814814814814,1.8,2.6961538461538463,-1.8563432835820894,5.055555555555555,-1.8525641025641026,-0.19467213114754098,-12.8,1.8066037735849056
2019-11-23,0.26656626506024095,-0.9848993288590604,-0.27314814814814814,1.8,2.6961538461538463,-1.8563432835820894,5.055555555555555,-1.8525641025641026,-0.19467213114754098,-12.8,1.8066037735849056
2019-11-24,-0.7789634146341463,-0.5255102040816326,-0.27314814814814814,3.073529411764706,3.6706349206349205,-1.3579545454545454,5.055555555555555,-1.8525641025641026,0.03512396694214876,-9.61111111111111,2.639423076923077
2019-11-25,-1.0406626506024097,-0.32653061224489793,-0.0023148148148148147,3.073529411764706,3.9556451612903225,-1.2614503816793894,5.055555555555555,-1.7088607594936709,0.2768595041322314,-9.61111111111111,2.965686274509804
2019-11-26,-1.0461309523809523,-0.3422818791946309,0.023148148148148147,3.4558823529411766,3.65234375,-1.2102272727272727,5.194444444444445,-1.6518987341772151,0.39669421487603307,-8.4375,3.2205882352941178
2019-11-27,-0.7113095238095238,-0.07,0.13317757009345793,3.4558823529411766,3.2954545454545454,-1.2349624060150375,5.194444444444445,-1.6518987341772151,0.4979166666666667,-8.4375,3.2205882352941178
2019-11-28,-0.31736526946107785,0.36577181208053694,0.1087962962962963,3.092857142857143,4.045454545454546,-1.1268939393939394,5.194444444444445,-1.6625,0.60625,-8.4375,2.980769230769231
2019-11-29,-0.31736526946107785,0.36577181208053694,0.06422018348623854,3.092857142857143,3.9141791044776117,-1.1541353383458646,5.194444444444445,-1.6625,0.5102459016393442,-8.4375,2.8160377358490565
2019-11-30,-0.28313253012048195,0.40878378378378377,0.12037037037037036,3.092857142857143,3.9141791044776117,-1.1174242424242424,5.194444444444445,-1.6075949367088607,0.5640495867768595,-8.4375,2.8160377358490565
2019-12-01,0.05,0.803082191780822,0.44285714285714284,3.5220588235294117,3.9141791044776117,-0.8837209302325582,6.176470588235294,-1.4967948717948718,0.8622881355932204,-8.4375,3.0913461538461537
2019-12-02,0.10692771084337349,0.8057432432432432,0.5913461538461539,3.1214285714285714,3.9813432835820897,-0.7558139534883721,6.176470588235294,-1.2664473684210527,0.9978632478632479,-8.666666666666666,2.6805555555555554
2019-12-03,-1.0476190476190477,0.05102040816326531,0.6456310679611651,3.360294117647059,2.5265151515151514,-1.634765625,6.875,-1.2166666666666666,1.0495689655172413,-9.125,2.8254716981132075
2019-12-04,-0.9640718562874252,0.1541095890410959,0.9705882352941176,4.095588235294118,2.640151515151515,-1.5885826771653544,8.4375,-1.069078947368421,1.3413043478260869,-8.857142857142858,3.581730769230769
2019-12-05,-0.8997005988023952,0.2910958904109589,1.1310679611650485,3.4444444444444446,2.6838235294117645,-1.439453125,6.652777777777778,-1.0625,1.480603448275862,-8.875,3.4136363636363636
2019-12-06,-0.9270833333333334,0.25170068027210885,1.0673076923076923,3.4444444444444446,2.6838235294117645,-1.4709302325581395,6.652777777777778,-1.12012987012987,1.420940170940171,-8.875,3.2544642857142856
2019-12-07,-0.9270833333333334,0.25170068027210885,1.0673076923076923,3.4444444444444446,2.6838235294117645,-1.4709302325581395,6.652777777777778,-1.12012987012987,1.420940170940171,-8.875,3.2544642857142856
2019-12-08,-1.155688622754491,0.003424657534246575,1.0841346153846154,3.1824324324324325,2.7095588235294117,-1.4573643410852712,5.973684210526316,-1.0974025974025974,1.435897435897436,-8.583333333333334,3.087719298245614
2019-12-09,-1.526946107784431,0.22413793103448276,0.9660194174757282,4.3428571428571425,2.9558823529411766,-1.603846153846154,5.973684210526316,-1.2861842105263157,1.334051724137931,-8.583333333333334,2.90625
2019-12-10,-0.9805389221556886,0.04482758620689655,0.17233009708737865,4.3428571428571425,3.7681159420289854,-1.9465648854961832,5.973684210526316,-2.361842105263158,0.6293103448275862,-8.583333333333334,2.955357142857143
2019-12-11,-1.036144578313253,-0.012152777777777778,0.5097087378640777,4.944444444444445,3.7681159420289854,-1.9923076923076923,6.975,-1.9046052631578947,0.9288793103448276,-8.583333333333334,2.8794642857142856
2019-12-12,-0.4696969696969697,0.4206896551724138,0.6397058823529411,6.041666666666667,3.8541666666666665,-1.498091603053435,7.881578947368421,-1.8782894736842106,0.9762931034482759,-8.375,3.59375
2019-12-13,-0.36377245508982037,0.3852739726027397,0.587378640776699,6.041666666666667,3.8541666666666665,-1.5227272727272727,7.881578947368421,-1.9155844155844155,0.9273504273504274,-8.375,3.59375
2019-12-14,-0.36377245508982037,0.5568965517241379,0.587378640776699,6.041666666666667,4.253521126760563,-1.3473282442748091,7.881578947368421,-1.9155844155844155,0.9273504273504274,-8.375,3.59375
2019-12-15,-0.6551204819277109,0.7185314685314685,0.6862745098039216,6.041666666666667,4.253521126760563,-1.197674418604651,7.881578947368421,-1.8157894736842106,1.1347826086956523,-8.375,3.8863636363636362
2019-12-16,-0.48042168674698793,0.5123239436619719,0.2426470588235294,6.65,4.392857142857143,-0.9765625,7.881578947368421,-1.7666666666666666,0.741304347826087,-8.375,4.2407407407407405
2019-12-17,-0.7546583850931677,0.8165467625899281,0.4671717171717172,6.65,4.464788732394366,-0.7560483870967742,7.881578947368421,-1.6746575342465753,0.953125,-8.375,4.2407407407407405
2019-12-18,-1.103030303030303,0.4787234042553192,0.47029702970297027,7.110294117647059,3.982142857142857,-0.7599206349206349,8.819444444444445,-1.5574324324324325,0.9473684210526315,-8.375,4.490566037735849
2019-12-19,-0.6395705521472392,0.5443262411347518,0.5618811881188119,7.110294117647059,4.0285714285714285,-0.6865079365079365,8.819444444444445,-1.38013698630137,1.0285087719298245,-8.375,4.55188679245283
2019-12-20,-0.6554878048780488,0.5176056338028169,0.5245098039215687,6.757142857142857,4.0285714285714285,-0.7066929133858267,8.819444444444445,-1.4054054054054055,0.991304347826087,-8.375,4.407407407407407
2019-12-21,-0.6554878048780488,0.5176056338028169,0.5245098039215687,6.757142857142857,4.0285714285714285,-0.7066929133858267,8.819444444444445,-1.4054054054054055,0.991304347826087,-8.375,4.407407407407407
2019-12-22,-0.7854938271604939,0.38392857142857145,0.73,6.757142857142857,4.286231884057971,-0.5972222222222222,8.819444444444445,-1.356164383561644,0.834070796460177,-8.375,4.407407407407407
2019-12-23,-0.12341772151898735,0.9452554744525548,0.855,7.463235294117647,4.602941176470588,0.0040650406504065045,8.819444444444445,-1.3513513513513513,1.0401785714285714,-7.107142857142857,5.451923076923077
2019-12-24,-0.08598726114649681,0.8876811594202898,0.845,4.659090909090909,4.602941176470588,-0.0040650406504065045,8.819444444444445,-1.364864864864865,1.03125,-7.107142857142857,3.5980392156862746
2019-12-25,0.08598726114649681,1.0291970802919708,1.0404040404040404,4.659090909090909,5.0227272727272725,0.14754098360655737,8.819444444444445,-1.2671232876712328,1.2072072072072073,-7.107142857142857,3.5980392156862746
2019-12-26,-0.0915032679738562,1.5286259541984732,1.5877659574468086,4.659090909090909,5.4453125,0.665948275862069,8.819444444444445,-0.9607142857142857,1.7004716981132075,-7.107142857142857,4.153061224489796
2019-12-27,0.17419354838709677,1.8139097744360901,1.5877659574468086,4.659090909090909,4.988636363636363,0.6029411764705882,8.819444444444445,-0.9607142857142857,1.6308411214953271,-7.107142857142857,4.112745098039215
2019-12-28,0.17419354838709677,1.8139097744360901,1.5877659574468086,4.659090909090909,4.988636363636363,0.6029411764705882,8.819444444444445,-0.9607142857142857,1.6308411214953271,-7.107142857142857,4.112745098039215
2019-12-29,0.423841059602649,2.05,1.9175824175824177,4.659090909090909,5.161538461538462,0.8362068965517241,8.819444444444445,-0.7830882352941176,1.9206730769230769,-7.107142857142857,4.35
2019-12-30,-0.40728476821192056,1.9923664122137406,1.8369565217391304,4.360294117647059,5.161538461538462,0.8362068965517241,8.06578947368421,-0.8514492753623188,1.85,-7.107142857142857,4.1568627450980395
2019-12-31,-0.12416107382550336,2.105769230769231,1.9972527472527473,4.360294117647059,5.037878787878788,0.9543478260869566,8.06578947368421,-0.6764705882352942,1.9903846153846154,-7.107142857142857,4.1568627450980395
2020-01-01,-0.7465986394557823,1.3468992248062015,0.9083333333333333,4.360294117647059,5.037878787878788,0.08552631578947369,8.06578947368421,-2.1791044776119404,1.0388349514563107,-7.107142857142857,2.24
2020-01-02,-0.915,1.1590909090909092,0.7554347826086957,4.360294117647059,4.720588235294118,-0.09401709401709402,8.06578947368421,-2.1911764705882355,0.8136792452830188,-7.107142857142857,2.0294117647058822
2020-01-03,-0.7203947368421053,0.9384328358208955,0.7554347826086957,3.8285714285714287,4.720588235294118,-0.32142857142857145,8.06578947368421,-2.1911764705882355,0.6845794392523364,-7.107142857142857,1.7163461538461537
2020-01-04,-0.7203947368421053,0.9384328358208955,0.7554347826086957,3.8285714285714287,4.720588235294118,-0.32142857142857145,8.06578947368421,-2.1911764705882355,0.6845794392523364,-7.107142857142857,1.7163461538461537
2020-01-05,-0.8509933774834437,0.8026315789473685,0.7554347826086957,3.3823529411764706,4.507462686567164,-0.4851694915254237,8.06578947368421,-2.1911764705882355,0.6845794392523364,-7.107142857142857,1.3774509803921569
2020-01-06,0.6006711409395973,0.6492537313432836,0.720108695652174,3.3823529411764706,4.643939393939394,-0.6470588235294118,8.06578947368421,-2.238970588235294,0.49537037037037035,-7.107142857142857,1.3774509803921569
2020-01-07,0.4867549668874172,0.5652985074626866,0.9587912087912088,3.3823529411764706,4.391791044776119,-0.6911764705882353,8.06578947368421,-2.1544117647058822,0.6962616822429907,-7.107142857142857,1.1153846153846154
2020-01-08,1.14,1.6173076923076923,1.1055555555555556,3.3823529411764706,6.2153846153846155,-0.23060344827586207,8.06578947368421,-2.003731343283582,0.8490566037735849,-7.107142857142857,0.9056603773584906
2020-01-09,1.47,1.6297709923664123,0.9320652173913043,3.3823529411764706,5.920454545454546,-0.20085470085470086,8.06578947368421,-2.1449275362318843,0.6458333333333334,-7.107142857142857,0.5272727272727272
2020-01-10,1.7796052631578947,1.5643939393939394,0.8467741935483871,3.085714285714286,5.591911764705882,-0.2584745762711864,7.3125,-2.2142857142857144,0.5756880733944955,-7.107142857142857,0.39285714285714285
2020-01-11,1.7796052631578947,1.5643939393939394,0.8467741935483871,3.085714285714286,5.591911764705882,-0.2584745762711864,7.3125,-2.2142857142857144,0.5756880733944955,-7.107142857142857,0.39285714285714285
2020-01-12,1.8513513513513513,1.640625,0.7555555555555555,3.3529411764705883,5.684615384615385,-0.23684210526315788,8.013157894736842,-2.0698529411764706,0.6309523809523809,-7.107142857142857,0.05555555555555555
2020-01-13,2.0238095238095237,1.7618110236220472,0.9241573033707865,3.3529411764705883,5.823076923076923,0.0,8.013157894736842,-2.0942028985507246,0.7740384615384616,-7.107142857142857,-0.18636363636363637
2020-01-14,1.7983333333333333,1.5076923076923077,0.7527472527472527,2.5714285714285716,5.3977272727272725,-0.24130434782608695,7.2875,-2.157142857142857,0.6037735849056604,-7.107142857142857,-0.6116071428571429
2020-01-15,1.7066666666666668,1.297709923664122,0.8388888888888889,2.8529411764705883,5.3977272727272725,-0.46336206896551724,8.039473684210526,-2.0869565217391304,0.6761904761904762,-7.125,-0.4954545454545455
2020-01-16,1.9554794520547945,1.0634615384615385,0.8361111111111111,2.8529411764705883,5.1640625,-0.7434782608695653,8.039473684210526,-2.0905797101449277,0.37740384615384615,-7.125,-0.37962962962962965
2020-01-17,1.8445945945945945,1.0229007633587786,0.7802197802197802,2.8529411764705883,5.019230769230769,-0.7737068965517241,8.039473684210526,-2.1214285714285714,0.3333333333333333,-7.125,-0.37962962962962965
2020-01-18,1.8445945945945945,1.0229007633587786,0.7802197802197802,2.8529411764705883,5.019230769230769,-0.7737068965517241,8.039473684210526,-2.1214285714285714,0.3333333333333333,-7.125,-0.37962962962962965
2020-01-19,1.3333333333333333,0.43846153846153846,0.8848314606741573,0.6060606060606061,3.89453125,-1.154867256637168,8.039473684210526,-2.0698529411764706,-0.056372549019607844,-7.125,-1.8396226415094339
2020-01-20,0.7881944444444444,-0.3546511627906977,-0.1206896551724138,1.1363636363636365,2.1984126984126986,-1.9797297297297298,7.8375,-1.9402985074626866,-0.95,-5.535714285714286,-1.509433962264151
2020-01-21,0.8871527777777778,-0.35384615384615387,-0.00872093023255814,0.8161764705882353,2.1984126984126986,-1.9642857142857142,7.8375,-1.9402985074626866,-1.00990099009901,-5.535714285714286,-1.509433962264151
2020-01-22,0.7704081632653061,-0.4621212121212121,-0.07471264367816093,0.6285714285714286,2.07421875,-2.0287610619469025,7.190476190476191,-1.9963235294117647,-1.1359223300970873,-5.5625,-1.587962962962963
2020-01-23,0.5544217687074829,-1.202290076335878,-1.197674418604651,1.4044117647058822,2.07421875,-2.908482142857143,7.190476190476191,-1.9705882352941178,-2.093137254901961,-5.5625,-1.2268518518518519
2020-01-24,0.013333333333333334,-1.3120300751879699,-1.3636363636363635,1.1071428571428572,1.8923076923076922,-3.0065789473684212,6.454545454545454,-2.0964285714285715,-2.2163461538461537,-5.5625,-1.4866071428571428
2020-01-25,0.013333333333333334,-1.3120300751879699,-1.3636363636363635,1.1071428571428572,1.8923076923076922,-3.0065789473684212,6.454545454545454,-2.0964285714285715,-2.2163461538461537,-5.5625,-1.4866071428571428
2020-01-26,-0.23833333333333334,-1.3011363636363635,-1.3477011494252873,1.1071428571428572,1.8923076923076922,-3.0088495575221237,6.454545454545454,-2.0869565217391304,-2.2111650485436893,-5.5625,-1.4866071428571428
2020-01-27,-1.1414473684210527,-1.9962406015037595,-2.0494186046511627,-1.0857142857142856,1.9765625,-3.7850877192982457,3.9523809523809526,-2.0661764705882355,-2.9635922330097086,-5.5625,-3.1315789473684212
2020-01-28,-1.923202614379085,-2.7593283582089554,-2.0494186046511627,-1.5138888888888888,0.9801587301587301,-4.658695652173913,3.9523809523809526,-2.0661764705882355,-3.0388349514563107,-6.777777777777778,-3.3620689655172415
2020-01-29,-2.1493506493506493,-3.3402255639097747,-2.0,-2.418918918918919,0.48828125,-5.203947368421052,4.6,-2.1066176470588234,-3.1092233009708736,-6.5,-3.8983050847457625
2020-01-30,-1.8912337662337662,-2.6511194029850746,-2.1598837209302326,-2.608108108108108,0.48828125,-5.383620689655173,4.25,-2.3043478260869565,-3.230769230769231,-6.5,-4.016949152542373
2020-01-31,-2.856918238993711,-2.716666666666667,-2.2672413793103448,-2.8421052631578947,0.3038461538461538,-5.435897435897436,3.5,-2.4357142857142855,-3.3095238095238093,-6.5,-4.141666666666667
2020-02-01,-2.856918238993711,-2.716666666666667,-2.2672413793103448,-2.8421052631578947,0.3038461538461538,-5.435897435897436,3.5,-2.4357142857142855,-3.3095238095238093,-6.5,-4.141666666666667
2020-02-02,-3.0923566878980893,-3.0037593984962405,-2.3441176470588236,-3.4276315789473686,0.41935483870967744,-5.656521739130435,2.602272727272727,-2.536764705882353,-3.691747572815534,-6.5,-4.555084745762712
2020-02-03,-3.2596153846153846,-3.298507462686567,-2.5595238095238093,-3.8974358974358974,1.93359375,-5.974137931034483,2.9523809523809526,-1.044776119402985,-3.8823529411764706,-8.5,-4.845833333333333
2020-02-04,-3.6217532467532467,-3.8181818181818183,-3.197530864197531,-5.32051282051282,1.2063492063492063,-6.62280701754386,1.225,-0.92578125,-4.58,-9.45,-5.796610169491525
2020-02-05,-2.8725806451612903,-3.345864661654135,-3.234375,-5.32051282051282,3.25,-6.052173913043478,1.225,-1.0234375,-5.051980198019802,-9.45,-5.796610169491525
2020-02-06,-3.496794871794872,-3.4109848484848486,-3.1677215189873418,-5.184210526315789,3.2083333333333335,-6.239224137931035,1.225,-1.10546875,-5.09,-9.45,-5.7155172413793105
2020-02-07,-3.1082802547770703,-2.9530075187969924,-2.409375,-5.184210526315789,3.0655737704918034,-6.497863247863248,1.225,-1.10546875,-4.47029702970297,-9.45,-5.711864406779661
2020-02-08,-3.1025641025641026,-2.945075757575758,-2.3892405063291138,-5.216216216216216,3.0655737704918034,-6.519396551724138,1.5,-1.0595238095238095,-4.475,-10.055555555555555,-5.741379310344827
2020-02-09,-3.3006535947712417,-3.2115384615384617,-2.301948051948052,-5.216216216216216,2.6822033898305087,-6.532894736842105,1.5,-1.0,-4.448979591836735,-10.055555555555555,-5.741379310344827
2020-02-10,-3.357843137254902,-3.2557692307692307,-2.53525641025641,-5.048611111111111,2.8706896551724137,-6.583333333333333,1.5,-1.242063492063492,-4.611111111111111,-10.055555555555555,-5.644736842105263
2020-02-11,-3.7743506493506493,-3.6306818181818183,-2.5384615384615383,-5.304054054054054,1.9125,-6.952586206896552,1.5,-1.246031746031746,-4.646464646464646,-10.055555555555555,-6.343220338983051
2020-02-12,-3.3088235294117645,-2.9615384615384617,-1.5746753246753247,-5.201388888888889,3.5,-6.386956521739131,1.5,-0.17857142857142858,-3.9591836734693877,-10.055555555555555,-6.241228070175438
2020-02-13,-3.193548387096774,-2.3912213740458017,-1.6168831168831168,-2.7430555555555554,2.8333333333333335,-6.6923076923076925,1.875,-0.23015873015873015,-4.121212121212121,-10.055555555555555,-4.68859649122807
2020-02-14,-3.1977848101265822,-2.4141791044776117,-1.733974358974359,-2.7430555555555554,2.9672131147540983,-6.610416666666667,1.875,-0.23015873015873015,-4.1004901960784315,-10.055555555555555,-5.142241379310345
2020-02-15,-3.1977848101265822,-2.4141791044776117,-1.733974358974359,-2.7430555555555554,2.9672131147540983,-6.610416666666667,1.875,-0.23015873015873015,-4.1004901960784315,-10.055555555555555,-5.142241379310345
2020-02-16,-3.0641025641025643,-2.3958333333333335,-1.8125,-2.7071428571428573,3.245833333333333,-6.683760683760684,2.2205882352941178,-0.1693548387096774,-4.2075,-10.8125,-5.142241379310345
2020-02-17,-3.412974683544304,-2.667293233082707,-1.9577922077922079,-2.7071428571428573,2.9364406779661016,-6.696581196581197,2.2205882352941178,-0.18548387096774194,-4.294554455445544,-10.8125,-5.609649122807017
2020-02-18,-3.5838607594936707,-3.2442748091603053,-1.983974358974359,-2.2573529411764706,0.30701754385964913,-6.497844827586207,2.2205882352941178,-0.24603174603174602,-4.291666666666667,-10.8125,-5.388392857142857
2020-02-19,-3.6859375,-3.296153846153846,-2.4651898734177213,-2.2573529411764706,0.08035714285714286,-6.784188034188034,2.2205882352941178,-0.7301587301587301,-4.5661764705882355,-10.8125,-5.407894736842105
2020-02-20,-3.7127329192546585,-3.325,-2.5126582278481013,-2.2573529411764706,-0.07017543859649122,-6.816239316239316,2.2205882352941178,-0.6653225806451613,-4.602941176470588,-10.8125,-5.407894736842105
2020-02-21,-3.6150306748466257,-3.4656488549618323,-2.5126582278481013,-2.2573529411764706,-0.07017543859649122,-6.942796610169491,2.2205882352941178,-0.6653225806451613,-4.602941176470588,-10.8125,-5.407894736842105
2020-02-22,-3.6150306748466257,-3.4656488549618323,-2.5126582278481013,-2.2573529411764706,-0.07017543859649122,-6.942796610169491,2.2205882352941178,-0.6653225806451613,-4.602941176470588,-10.8125,-5.407894736842105
2020-02-23,-3.278125,-3.5653846153846156,-2.6666666666666665,-2.2573529411764706,-0.07017543859649122,-6.942796610169491,2.2205882352941178,-0.8319672131147541,-4.742574257425742,-10.8125,-5.407894736842105
2020-02-24,-2.9444444444444446,-2.9442307692307694,-1.4647435897435896,-1.9921875,0.13636363636363635,-6.277310924369748,2.640625,0.9833333333333333,-3.8143564356435644,-10.8125,-5.368181818181818
2020-02-25,-3.5884146341463414,-3.1846153846153844,-1.6012658227848102,-1.9921875,0.21296296296296297,-6.5399159663865545,2.640625,0.7663934426229508,-3.8970588235294117,-10.8125,-5.368181818181818
2020-02-26,-3.0207100591715976,-2.257518796992481,-0.390625,4.409090909090909,-0.16981132075471697,-5.6652892561983474,8.367647058823529,2.2903225806451615,-2.9344660194174756,1.5,-1.5357142857142858
2020-02-27,-2.432584269662921,-0.8120437956204379,-0.46296296296296297,1.338235294117647,-0.08173076923076923,-4.810975609756097,8.367647058823529,2.1825396825396823,-2.9393203883495147,1.5,-3.276315789473684
2020-02-28,-1.2981283422459893,1.1046099290780143,-0.8597560975609756,1.338235294117647,-0.08173076923076923,-4.198,8.367647058823529,1.6328125,-3.2283653846153846,1.5,0.2245762711864407
2020-02-29,-1.3743243243243244,0.9464285714285714,-0.8597560975609756,1.338235294117647,-0.08173076923076923,-4.198,8.367647058823529,1.6328125,-3.2283653846153846,1.5,0.2245762711864407
2020-03-01,-1.2030386740331491,1.2169117647058822,-0.8024691358024691,1.696969696969697,0.235,-4.115853658536586,8.367647058823529,1.6328125,-3.2063106796116503,3.0,0.5131578947368421
2020-03-02,0.7827868852459017,2.411870503597122,-1.3493975903614457,-1.375,2.1911764705882355,-2.6706349206349205,2.640625,0.8712121212121212,-3.592857142857143,3.0,0.28448275862068967
2020-03-03,-0.6182795698924731,0.6648936170212766,-2.0602409638554215,-1.8709677419354838,2.305,-3.76171875,1.8833333333333333,-0.022727272727272728,-4.154761904761905,3.0,0.043859649122807015
2020-03-04,-0.3418918918918919,1.0392857142857144,-0.8950617283950617,-1.4741379310344827,4.453125,-3.0396825396825395,3.3461538461538463,1.5871212121212122,-3.279126213592233,4.714285714285714,1.8363636363636364
2020-03-05,-1.0949197860962567,1.3767605633802817,-1.4939024390243902,-1.4741379310344827,5.735,-2.6015625,3.3461538461538463,0.8171641791044776,-3.7283653846153846,4.714285714285714,1.4454545454545455
2020-03-06,-2.5416666666666665,1.1810344827586208,-2.25,-1.4741379310344827,5.735,-2.7270992366412212,3.3461538461538463,0.20955882352941177,-4.285377358490566,4.714285714285714,1.4454545454545455
2020-03-07,-2.5222513089005236,1.2326388888888888,-2.2018072289156625,-1.3035714285714286,5.979591836734694,-2.7,4.145833333333333,0.30597014925373134,-4.266666666666667,6.541666666666667,1.587962962962963
2020-03-08,-2.9646596858638743,1.4348591549295775,-2.2018072289156625,-1.3035714285714286,6.348958333333333,-2.537109375,4.145833333333333,0.30597014925373134,-4.266666666666667,6.541666666666667,1.587962962962963
2020-03-09,-3.8645833333333335,0.22727272727272727,-2.1646341463414633,-1.3035714285714286,3.8214285714285716,-3.8449612403100777,4.145833333333333,0.39015151515151514,-4.621428571428571,6.541666666666667,1.849056603773585
2020-03-10,-3.1692708333333335,0.8828671328671329,-2.740740740740741,1.3392857142857142,5.171568627450981,-3.1884615384615387,2.159090909090909,-0.28846153846153844,-5.09375,6.541666666666667,3.4583333333333335
2020-03-11,-3.447704081632653,1.2801418439716312,-2.721875,0.3055555555555556,5.130208333333333,-2.814453125,2.159090909090909,-0.2265625,-5.080882352941177,6.541666666666667,4.768518518518518
2020-03-12,-4.185929648241206,0.8680555555555556,-3.2921686746987953,3.8660714285714284,5.130208333333333,-3.1736641221374047,10.3125,-0.76171875,-5.464285714285714,19.892857142857142,5.450892857142857
2020-03-13,-4.185929648241206,0.8680555555555556,-3.2921686746987953,3.8660714285714284,5.130208333333333,-3.1736641221374047,10.3125,-0.76171875,-5.464285714285714,19.892857142857142,5.450892857142857
2020-03-14,-4.185929648241206,0.8680555555555556,-3.2921686746987953,3.8660714285714284,5.130208333333333,-3.1736641221374047,10.3125,-0.76171875,-5.464285714285714,19.892857142857142,5.450892857142857
2020-03-15,-4.251262626262626,0.8129370629370629,-3.4390243902439024,3.8660714285714284,5.130208333333333,-3.2653846153846153,10.3125,-0.76171875,-5.600961538461538,19.892857142857142,5.450892857142857
2020-03-16,-4.5111940298507465,-0.3975694444444444,-4.168674698795181,3.8660714285714284,5.037234042553192,-4.458333333333333,10.3125,-0.76171875,-6.1571428571428575,19.892857142857142,5.450892857142857
2020-03-17,-3.8756218905472637,-1.0381944444444444,-4.228125,3.8660714285714284,2.8489583333333335,-4.443181818181818,10.3125,-0.7540322580645161,-6.262254901960785,19.892857142857142,3.6008771929824563
2020-03-18,-4.268472906403941,0.4405594405594406,-4.23051948051948,7.181034482758621,5.041666666666667,-2.854961832061069,10.3125,-0.6583333333333333,-5.2625,29.90625,5.394736842105263
2020-03-19,-3.2512254901960786,0.4665492957746479,-4.243421052631579,7.625,5.041666666666667,-2.851923076923077,10.3125,-0.614406779661017,-5.282828282828283,29.90625,5.549107142857143
2020-03-20,-3.0729665071770333,1.217241379310345,-1.5705128205128205,7.625,3.107142857142857,-1.293560606060606,10.3125,2.6844262295081966,-4.046568627450981,29.90625,3.8771929824561404
2020-03-21,-3.0729665071770333,1.217241379310345,-1.5705128205128205,7.625,3.107142857142857,-1.293560606060606,10.3125,2.6844262295081966,-4.046568627450981,29.90625,3.8771929824561404
2020-03-22,-2.641826923076923,1.8697916666666667,-0.20454545454545456,7.625,5.045,-0.5954198473282443,10.3125,4.508333333333334,-3.0297029702970297,29.90625,5.697368421052632
2020-03-23,0.4007009345794392,4.655821917808219,2.4198717948717947,7.625,6.9068627450980395,2.4365671641791047,10.3125,4.661016949152542,-0.014563106796116505,29.90625,7.323275862068965
2020-03-24,0.34375,4.741554054054054,2.634375,7.625,5.1745283018867925,2.5625,10.3125,4.790322580645161,0.19523809523809524,29.90625,7.323275862068965
2020-03-25,0.4697309417040359,4.10551948051948,1.2652439024390243,7.625,1.1294642857142858,1.8767857142857143,10.3125,3.9444444444444446,0.125,29.90625,4.958333333333333
2020-03-26,-0.5390625,3.5947712418300655,0.7530120481927711,7.625,0.75,1.644927536231884,10.3125,3.23828125,-0.2037037037037037,29.90625,4.237288135593221
2020-03-27,0.5837004405286343,4.220779220779221,0.7530120481927711,7.625,2.5223214285714284,2.352517985611511,10.3125,3.23828125,0.7155963302752294,29.90625,4.237288135593221
2020-03-28,0.5837004405286343,4.220779220779221,0.7530120481927711,7.625,2.5223214285714284,2.352517985611511,10.3125,3.23828125,0.7155963302752294,29.90625,4.237288135593221
2020-03-29,0.25442477876106195,4.284313725490196,0.8292682926829268,8.11111111111111,2.5223214285714284,2.352517985611511,11.75,3.376984126984127,0.7731481481481481,29.90625,4.405172413793103
2020-03-30,-1.248913043478261,4.876623376623376,0.774390243902439,8.11111111111111,4.1535087719298245,2.320143884892086,11.75,3.3055555555555554,0.7314814814814815,29.90625,4.405172413793103
2020-03-31,-1.3235930735930737,4.725806451612903,0.5421686746987951,8.11111111111111,4.1535087719298245,2.1714285714285713,11.75,2.96484375,0.555045871559633,29.90625,4.405172413793103
2020-04-01,-1.8181818181818181,4.221153846153846,-0.14759036144578314,5.416666666666667,3.185344827586207,2.0760869565217392,8.166666666666666,3.0595238095238093,-0.12272727272727273,23.11111111111111,2.7745901639344264
2020-04-02,-1.8365384615384615,3.5573248407643314,-0.14759036144578314,6.094827586206897,2.406779661016949,1.6992753623188406,8.166666666666666,3.0595238095238093,-0.325,23.11111111111111,2.221311475409836
2020-04-03,-2.163135593220339,3.3591772151898733,-0.47619047619047616,6.094827586206897,2.406779661016949,1.4874100719424461,8.166666666666666,2.578125,-0.5720720720720721,23.11111111111111,2.221311475409836
2020-04-04,-2.163135593220339,3.3591772151898733,-0.47619047619047616,6.094827586206897,2.406779661016949,1.4874100719424461,8.166666666666666,2.578125,-0.5720720720720721,23.11111111111111,2.221311475409836
2020-04-05,-3.3934599156118144,3.125796178343949,-0.3885542168674699,6.094827586206897,2.406779661016949,1.686131386861314,8.166666666666666,2.742063492063492,-0.36009174311926606,23.11111111111111,2.221311475409836
2020-04-06,-3.278969957081545,3.3,-0.3323170731707317,6.094827586206897,2.6594827586206895,1.7040441176470589,8.166666666666666,2.626984126984127,-0.6628440366972477,23.11111111111111,2.4625
2020-04-07,-2.752127659574468,3.211783439490446,-0.8958333333333334,6.094827586206897,1.6754385964912282,2.2153284671532845,8.166666666666666,2.375,-1.0,23.11111111111111,2.3958333333333335
2020-04-08,-1.7521367521367521,2.3535031847133756,-1.1686746987951808,6.094827586206897,0.8928571428571429,2.458955223880597,8.166666666666666,2.6733870967741935,-1.1064814814814814,23.11111111111111,2.156779661016949
2020-04-09,-2.322340425531915,2.4046875,-1.7886904761904763,5.25,-0.5482456140350878,2.766544117647059,6.125,2.831967213114754,-1.856818181818182,17.65,1.2333333333333334
2020-04-10,-2.322340425531915,2.4046875,-1.7886904761904763,5.25,-0.5482456140350878,2.766544117647059,6.125,2.831967213114754,-1.856818181818182,17.65,1.2333333333333334
2020-04-11,-2.322340425531915,2.4046875,-1.7886904761904763,5.25,-0.5482456140350878,2.766544117647059,6.125,2.831967213114754,-1.856818181818182,17.65,1.2333333333333334
2020-04-12,-2.59656652360515,2.5427215189873418,-1.7650602409638554,5.25,-0.49107142857142855,2.814814814814815,6.125,2.941666666666667,-1.8394495412844036,17.65,1.478813559322034
2020-04-13,-2.4054347826086957,2.925806451612903,-2.0512048192771086,7.074074074074074,-0.8287037037037037,3.9389312977099236,7.2727272727272725,2.3852459016393444,-1.9560185185185186,17.65,3.896551724137931
2020-04-14,-3.027056277056277,2.5673076923076925,-2.488235294117647,5.223214285714286,-2.293859649122807,3.507575757575758,7.2727272727272725,1.6547619047619047,-2.2954545454545454,11.977272727272727,3.0720338983050848
2020-04-15,-2.6014957264957266,3.088050314465409,-2.4464285714285716,5.223214285714286,-3.25,4.352611940298507,7.2727272727272725,1.778225806451613,-1.3318181818181818,11.977272727272727,2.525
2020-04-16,-2.6832627118644066,3.743710691823899,-2.424698795180723,5.223214285714286,-1.4830508474576272,4.417293233082707,7.2727272727272725,1.8770491803278688,-1.305045871559633,11.977272727272727,4.122950819672131
2020-04-17,-1.8266806722689075,4.3453125,-2.9302325581395348,5.223214285714286,0.20833333333333334,5.130597014925373,7.2727272727272725,0.99609375,-1.7232142857142858,11.977272727272727,3.6370967741935485
2020-04-18,-1.8266806722689075,4.3453125,-2.9302325581395348,5.223214285714286,0.20833333333333334,5.130597014925373,7.2727272727272725,0.99609375,-1.7232142857142858,11.977272727272727,3.6370967741935485
2020-04-19,-1.4233193277310925,5.061320754716981,-3.011764705882353,5.268518518518518,0.4406779661016949,5.847014925373134,7.6,0.9484126984126984,-1.7747747747747749,12.775,3.6311475409836067
2020-04-20,-0.6885416666666667,5.811708860759493,-3.1511627906976742,5.846153846153846,2.0125,6.037878787878788,7.6,0.69921875,-1.775,12.775,3.8541666666666665
2020-04-21,0.6989583333333333,6.3796875,-3.2819767441860463,6.31,3.8588709677419355,6.62037037037037,9.083333333333334,0.5234375,-2.022727272727273,14.833333333333334,4.445833333333334
2020-04-22,1.3651452282157677,6.767080745341615,-2.0552325581395348,6.31,5.384920634920635,7.401851851851852,9.083333333333334,2.171875,-1.385135135135135,14.833333333333334,6.216666666666667
2020-04-23,1.2572916666666667,6.659375,-1.9017857142857142,5.03,4.888888888888889,7.277985074626866,11.34375,2.4475806451612905,-1.2545871559633028,14.833333333333334,5.915254237288136
2020-04-24,1.4927685950413223,6.072085889570552,-2.2674418604651163,8.682692307692308,3.8576923076923078,7.1,8.027777777777779,1.8203125,-1.5495495495495495,14.833333333333334,7.483333333333333
2020-04-25,1.6670124481327802,6.072085889570552,-2.2674418604651163,8.682692307692308,3.8576923076923078,7.1,8.027777777777779,1.8203125,-1.5495495495495495,14.833333333333334,7.483333333333333
2020-04-26,2.1413502109704643,6.363354037267081,-2.2674418604651163,9.74,3.8576923076923078,7.4793233082706765,8.027777777777779,1.8203125,-1.3954545454545455,14.833333333333334,8.366379310344827
2020-04-27,2.548523206751055,6.8602484472049685,-1.7556818181818181,10.833333333333334,4.693181818181818,8.080827067669173,8.027777777777779,2.7,-0.8693693693693694,18.75,8.081896551724139
2020-04-28,3.0928270042194095,7.148148148148148,-2.0112359550561796,13.818181818181818,5.875,8.131481481481481,8.027777777777779,2.5884615384615386,-1.1852678571428572,18.75,9.15625
2020-04-29,2.2742616033755274,6.282208588957055,-2.313888888888889,15.023809523809524,5.470149253731344,8.02962962962963,10.46875,2.4653846153846155,-1.4336283185840708,18.75,9.1875
2020-04-30,2.975531914893617,6.259090909090909,-2.1684782608695654,12.119565217391305,6.067164179104478,7.976277372262774,4.7,2.764925373134328,-1.3326086956521739,18.75,9.301724137931034
2020-05-01,2.168067226890756,5.861607142857143,-2.4166666666666665,10.5625,5.800724637681159,7.4625,1.9772727272727273,2.764925373134328,-1.3632478632478633,18.75,8.8875
2020-05-02,2.360169491525424,6.179216867469879,-2.266304347826087,11.728260869565217,5.800724637681159,7.633093525179856,3.8,3.053030303030303,-1.0304347826086957,18.75,9.313559322033898
2020-05-03,2.6691810344827585,7.251533742331288,-0.8681318681318682,14.107142857142858,5.919117647058823,8.950367647058824,3.8,1.76171875,0.09649122807017543,24.928571428571427,10.109649122807017
2020-05-04,3.6093073593073592,8.131172839506172,0.42032967032967034,15.7125,7.654411764705882,10.018518518518519,3.8,3.273076923076923,1.2942477876106195,32.083333333333336,10.105263157894736
2020-05-05,2.5625,7.12962962962963,0.40555555555555556,15.7125,5.8786764705882355,8.816666666666666,3.8,3.6785714285714284,1.2901785714285714,32.083333333333336,9.573275862068966
2020-05-06,2.4321120689655173,7.259316770186335,0.4803370786516854,15.7125,6.272388059701493,8.985074626865671,3.8,3.9233870967741935,1.2972972972972974,32.083333333333336,9.850877192982455
2020-05-07,2.8890086206896552,6.9453125,-0.16761363636363635,15.7125,6.450757575757576,9.327067669172932,3.8,3.9233870967741935,0.7863636363636364,32.083333333333336,10.125
2020-05-08,2.4340425531914893,6.7669753086419755,-0.4166666666666667,15.7125,5.926470588235294,9.077777777777778,3.8,3.4453125,0.5691964285714286,32.083333333333336,9.820175438596491
2020-05-09,2.4340425531914893,6.7669753086419755,-0.4166666666666667,15.7125,5.926470588235294,9.077777777777778,3.8,3.4453125,0.5691964285714286,32.083333333333336,9.820175438596491
2020-05-10,2.6276824034334765,7.0109375,-0.13636363636363635,15.7125,6.186567164179104,9.406015037593985,3.8,3.899193548387097,0.8113636363636364,32.083333333333336,9.820175438596491
2020-05-11,2.7435064935064934,8.079113924050633,1.0795454545454546,17.30263157894737,7.173076923076923,10.73091603053435,3.8,5.625,1.740909090909091,32.083333333333336,11.131818181818181
2020-05-12,2.3469827586206895,7.880503144654088,0.4738372093023256,17.30263157894737,5.1893939393939394,10.471590909090908,3.8,4.908333333333333,1.2152777777777777,32.083333333333336,11.131818181818181
2020-05-13,1.8514957264957266,7.15566037735849,0.005747126436781609,13.097222222222221,5.576923076923077,10.58969465648855,2.825,4.583333333333333,0.9976851851851852,32.083333333333336,9.063636363636364
2020-05-14,1.0021186440677967,6.586477987421383,-0.5758426966292135,11.355263157894736,5.1923076923076925,10.128846153846155,0.75,3.8870967741935485,0.5138888888888888,24.642857142857142,9.263636363636364
2020-05-15,0.6510416666666666,7.1703125,-0.5758426966292135,11.355263157894736,5.1923076923076925,10.128846153846155,0.75,3.8870967741935485,0.5138888888888888,24.642857142857142,9.263636363636364
2020-05-16,0.6510416666666666,7.1703125,-0.5758426966292135,11.355263157894736,5.1923076923076925,10.128846153846155,0.75,3.8870967741935485,0.5138888888888888,24.642857142857142,9.263636363636364
2020-05-17,0.8270042194092827,7.368670886075949,-0.3936781609195402,11.355263157894736,5.1923076923076925,10.419921875,0.75,4.032786885245901,0.6839622641509434,24.642857142857142,9.263636363636364
2020-05-18,-0.39644351464435146,6.83179012345679,-1.0082417582417582,11.355263157894736,4.477941176470588,9.668560606060606,0.75,3.75,0.13636363636363635,24.642857142857142,8.21551724137931
2020-05-19,0.3260416666666667,7.866564417177914,-0.7698863636363636,11.355263157894736,6.827464788732394,10.915413533834586,0.75,4.116666666666666,1.0940366972477065,24.642857142857142,10.051724137931034
2020-05-20,-0.1115702479338843,8.432515337423313,0.2784090909090909,9.95,6.902777777777778,11.609022556390977,-0.7083333333333334,3.8565573770491803,1.9403669724770642,24.642857142857142,9.597457627118644
2020-05-21,-0.03469387755102041,8.886363636363637,-0.06111111111111111,14.238095238095237,7.56,12.116666666666667,-0.7083333333333334,3.8565573770491803,1.635135135135135,24.642857142857142,10.262096774193548
2020-05-22,-0.4109311740890688,9.161144578313253,-0.06111111111111111,14.238095238095237,8.177631578947368,12.116666666666667,-0.7083333333333334,3.8565573770491803,1.635135135135135,24.642857142857142,10.262096774193548
2020-05-23,-0.4109311740890688,9.161144578313253,-0.06111111111111111,14.238095238095237,8.177631578947368,12.116666666666667,-0.7083333333333334,3.8565573770491803,1.635135135135135,24.642857142857142,10.262096774193548
2020-05-24,-0.565843621399177,8.850609756097562,-1.0814606741573034,13.204545454545455,7.961038961038961,11.778195488721805,-1.3076923076923077,2.0778688524590163,0.825,24.642857142857142,9.964285714285714
2020-05-25,-0.32676348547717843,8.837878787878788,-0.9472222222222222,13.204545454545455,8.226973684210526,11.740671641791044,-1.3076923076923077,2.1844262295081966,0.9166666666666666,24.642857142857142,9.87890625
2020-05-26,-0.9177215189873418,7.897239263803681,-2.1264044943820224,4.525,7.544871794871795,10.93984962406015,-9.75,0.6864406779661016,-0.020454545454545454,12.083333333333334,6.682539682539683
2020-05-27,-1.1088362068965518,7.234567901234568,-2.297752808988764,10.026315789473685,7.028125,10.149621212121213,-9.75,0.576271186440678,-0.1590909090909091,12.083333333333334,8.330645161290322
2020-05-28,-1.7632743362831858,5.569182389937107,-2.146067415730337,10.026315789473685,7.028125,9.566793893129772,-9.75,0.8050847457627118,-0.03636363636363636,12.083333333333334,4.868852459016393
2020-05-29,-1.683695652173913,5.212732919254658,-2.327777777777778,10.026315789473685,6.598765432098766,9.075187969924812,-9.75,0.48333333333333334,-0.4486607142857143,12.083333333333334,3.9801587301587302
2020-05-30,-1.683695652173913,5.212732919254658,-2.327777777777778,10.026315789473685,6.598765432098766,9.075187969924812,-9.75,0.48333333333333334,-0.4486607142857143,12.083333333333334,3.9801587301587302
2020-05-31,-2.8995535714285716,4.3710191082802545,-3.0172413793103448,10.026315789473685,5.43125,8.170542635658915,-9.75,-0.42105263157894735,-0.9472477064220184,12.083333333333334,2.680327868852459
2020-06-01,-1.1443181818181818,5.658653846153846,-3.022727272727273,10.026315789473685,4.530120481927711,8.918604651162791,-9.75,-0.09649122807017543,-0.9704545454545455,12.083333333333334,2.680327868852459
2020-06-02,-1.5192307692307692,5.087579617834395,-4.408333333333333,10.026315789473685,2.885294117647059,7.784351145038168,-9.75,-2.309322033898305,-2.1205357142857144,12.083333333333334,0.8729508196721312
2020-06-03,-0.8,4.916666666666667,-4.030898876404494,10.026315789473685,1.3895348837209303,7.2288461538461535,-9.75,-1.4166666666666667,-1.5111607142857142,12.083333333333334,1.0245901639344261
2020-06-04,0.0375,4.522292993630574,-3.4517045454545454,10.026315789473685,0.6657303370786517,6.930769230769231,-9.75,-0.9078947368421053,-1.2075892857142858,12.083333333333334,1.0245901639344261
2020-06-05,-0.1085972850678733,4.522292993630574,-3.4517045454545454,10.026315789473685,0.6657303370786517,6.930769230769231,-9.75,-0.9078947368421053,-1.2075892857142858,12.083333333333334,1.0245901639344261
2020-06-06,0.4006849315068493,4.522292993630574,-3.4517045454545454,10.026315789473685,0.6657303370786517,6.930769230769231,-9.75,-0.9078947368421053,-1.2075892857142858,12.083333333333334,1.0245901639344261
2020-06-07,1.0810185185185186,5.527597402597403,-3.4517045454545454,10.026315789473685,1.353448275862069,8.206692913385826,-9.75,-0.9078947368421053,-0.8355855855855856,12.083333333333334,1.0245901639344261
2020-06-08,0.17087155963302753,4.530448717948718,-3.443820224719101,5.027777777777778,-0.011494252873563218,7.158203125,-9.75,-0.631578947368421,-1.0044247787610618,12.083333333333334,-0.5416666666666666
2020-06-09,0.7383177570093458,3.8365384615384617,-3.4972222222222222,5.027777777777778,-0.011494252873563218,6.3125,-9.75,-0.7629310344827587,-1.0679824561403508,12.083333333333334,-2.2457627118644066
2020-06-10,1.0188679245283019,3.759677419354839,-3.1448863636363638,5.027777777777778,-0.5702247191011236,6.561507936507937,-19.727272727272727,-0.4661016949152542,-0.7477678571428571,12.083333333333334,-3.4322033898305087
2020-06-11,-0.097926267281106,2.9889240506329116,-3.1448863636363638,5.027777777777778,-1.3928571428571428,5.5523255813953485,-19.727272727272727,-0.4661016949152542,-0.7477678571428571,12.083333333333334,-3.95
2020-06-12,-0.9075342465753424,2.4827044025157234,-3.311797752808989,5.027777777777778,-1.3928571428571428,5.371153846153846,-19.727272727272727,-0.7583333333333333,-0.9004424778761062,12.083333333333334,-3.95
2020-06-13,-0.9075342465753424,2.4827044025157234,-3.311797752808989,5.027777777777778,-1.3928571428571428,5.371153846153846,-19.727272727272727,-0.7583333333333333,-0.9004424778761062,12.083333333333334,-3.95
2020-06-14,-1.1382488479262673,2.808176100628931,-2.730337078651685,5.027777777777778,-2.464673913043478,6.589147286821706,-19.727272727272727,-0.9467213114754098,-0.4424778761061947,12.083333333333334,-4.086065573770492
2020-06-15,-0.8165887850467289,2.935126582278481,-2.730337078651685,5.027777777777778,-1.6793478260869565,6.2109375,-19.727272727272727,-0.9467213114754098,-0.4424778761061947,12.083333333333334,-2.4875
2020-06-16,-0.5533175355450237,1.2120253164556962,-3.2527472527472527,3.486842105263158,-2.7967032967032965,4.083984375,-10.865384615384615,0.6814516129032258,-1.780701754385965,-5.5,-5.270491803278689
2020-06-17,-1.375,1.8333333333333333,-3.5081521739130435,3.486842105263158,-3.057065217391304,3.858527131782946,-10.865384615384615,0.6814516129032258,-1.9978260869565216,-5.5,-5.270491803278689
2020-06-18,-1.541866028708134,1.0854430379746836,-5.989010989010989,3.486842105263158,-2.163978494623656,2.505859375,-10.865384615384615,-2.629166666666667,-3.2057522123893807,-5.5,-3.8625
2020-06-19,-1.0849056603773586,1.6546875,-4.85752688172043,8.3125,-2.163978494623656,3.1846153846153844,-2.9464285714285716,-2.69672131147541,-2.3391304347826085,-5.5,-2.1598360655737703
2020-06-20,-1.5639810426540284,1.0361635220125787,-5.997282608695652,8.3125,-3.2744565217391304,2.434108527131783,-2.9464285714285716,-4.408333333333333,-3.236842105263158,-5.5,-3.8625
2020-06-21,-4.694581280788177,-1.517741935483871,-8.352777777777778,8.3125,-4.40934065934066,-0.688,-2.9464285714285716,-4.408333333333333,-6.027027027027027,-5.5,-5.622881355932203
2020-06-22,-5.485074626865671,-2.0698051948051948,-8.89367816091954,4.761363636363637,-2.4805555555555556,-0.8852459016393442,-2.9464285714285716,-5.026315789473684,-5.422018348623853,-10.875,-6.44672131147541
2020-06-23,-4.648717948717949,-1.7201986754966887,-7.997126436781609,4.761363636363637,0.07102272727272728,-0.2706611570247934,-2.9464285714285716,-4.350877192982456,-5.675925925925926,-10.875,-4.508474576271187
2020-06-24,-2.271573604060914,-1.0980392156862746,-6.53125,3.6739130434782608,1.4297752808988764,0.4796747967479675,-4.1,-3.6919642857142856,-4.738636363636363,-10.875,-4.1525423728813555
2020-06-25,-2.8743589743589744,-1.6506410256410255,-5.686813186813187,3.6739130434782608,0.028089887640449437,-0.3360655737704918,-4.1,-3.942982456140351,-5.035714285714286,-10.875,-4.1525423728813555
2020-06-26,-1.5714285714285714,-2.0142405063291138,-5.75,3.6739130434782608,-0.5194444444444445,-0.8205645161290323,-4.1,-4.073275862068965,-5.092920353982301,-10.875,-4.275
2020-06-27,-1.0666666666666667,-2.0142405063291138,-5.75,3.6739130434782608,-0.5194444444444445,-0.8205645161290323,-4.1,-4.073275862068965,-5.092920353982301,-10.875,-4.275
2020-06-28,1.2552356020942408,-1.9792993630573248,-5.730769230769231,7.6875,-1.5823863636363635,0.046370967741935484,-4.1,-4.0131578947368425,-5.071428571428571,4.964285714285714,-2.5655737704918034
2020-06-29,1.3884615384615384,-2.3734375,-6.005376344086022,7.6875,-2.1694444444444443,-0.49803149606299213,-4.1,-4.168103448275862,-5.307017543859649,4.964285714285714,-2.5655737704918034
2020-06-30,1.6139896373056994,-1.9386792452830188,-5.538043478260869,11.476190476190476,-1.5112359550561798,-0.374031007751938,-2.1607142857142856,-4.168103448275862,-4.948660714285714,11.0,-1.0833333333333333
2020-07-01,0.8285340314136126,-1.2229299363057324,-5.596774193548387,11.476190476190476,-1.154494382022472,0.15625,-2.1607142857142856,-4.283898305084746,-4.732142857142857,11.0,-0.24553571428571427
2020-07-02,0.8138020833333334,-1.5534591194968554,-5.478494623655914,7.608695652173913,-1.154494382022472,-0.11627906976744186,-2.1607142857142856,-3.8793103448275863,-4.633928571428571,2.857142857142857,-1.375
2020-07-03,0.8138020833333334,-1.5534591194968554,-5.537234042553192,7.608695652173913,-1.154494382022472,-0.2,-2.1607142857142856,-4.0,-4.633928571428571,2.857142857142857,-1.375
2020-07-04,1.686842105263158,-1.1566455696202531,-5.537234042553192,7.608695652173913,-1.154494382022472,-0.2,-2.1607142857142856,-4.0,-4.633928571428571,2.857142857142857,-1.375
2020-07-05,2.074074074074074,-0.7085987261146497,-5.454301075268817,7.608695652173913,-0.9166666666666666,0.07945736434108527,-2.1607142857142856,-3.8405172413793105,-4.031531531531532,2.857142857142857,-1.375
2020-07-06,1.3,-1.0568181818181819,-4.991666666666666,7.608695652173913,-0.9166666666666666,-0.3273809523809524,-2.1607142857142856,-3.5580357142857144,-3.6064814814814814,2.857142857142857,-1.1535087719298245
2020-07-07,0.4472972972972973,0.6447368421052632,-4.648876404494382,7.608695652173913,0.9111111111111111,-0.5275590551181102,-2.1607142857142856,-3.5580357142857144,-3.308411214953271,2.857142857142857,-0.5401785714285714
2020-07-08,0.7008196721311475,0.2733333333333333,-4.176136363636363,9.386363636363637,1.5795454545454546,-0.966,0.09615384615384616,-3.741228070175439,-2.630952380952381,8.583333333333334,0.5555555555555556
2020-07-09,0.3918918918918919,0.03453947368421053,-4.480555555555555,8.358695652173912,1.401685393258427,-1.2322834645669292,-0.9285714285714286,-3.9224137931034484,-2.9158878504672896,8.583333333333334,0.2863636363636364
2020-07-10,0.07845744680851063,-0.3387096774193548,-4.614130434782608,8.358695652173912,1.238888888888889,-1.648076923076923,-0.9285714285714286,-4.145833333333333,-3.0573394495412844,8.583333333333334,0.044642857142857144
2020-07-11,0.5187165775401069,-0.3387096774193548,-4.614130434782608,8.358695652173912,1.238888888888889,-1.648076923076923,-0.9285714285714286,-4.145833333333333,-3.0573394495412844,8.583333333333334,0.044642857142857144
2020-07-12,0.4391891891891892,-0.44607843137254904,-4.3,8.358695652173912,1.7893258426966292,-2.436046511627907,-0.9285714285714286,-3.6422413793103448,-2.764018691588785,8.583333333333334,-1.7727272727272727
2020-07-13,0.5307486631016043,-0.35714285714285715,-4.083333333333333,9.902173913043478,2.042134831460674,-2.3153846153846156,-1.4833333333333334,-3.3060344827586206,-2.5817757009345796,19.25,-1.9824561403508771
2020-07-14,-0.7366310160427807,-0.7630718954248366,-4.342391304347826,9.902173913043478,2.3551136363636362,-3.019230769230769,-1.4833333333333334,-3.7291666666666665,-3.8481308411214954,19.25,-1.9870689655172413
2020-07-15,-0.49594594594594593,-1.3870967741935485,-4.186842105263158,9.902173913043478,1.2327586206896552,-2.7954545454545454,-1.4833333333333334,-4.270161290322581,-3.727272727272727,19.25,-4.043103448275862
2020-07-16,-0.9556451612903226,-1.3870967741935485,-2.6559139784946235,9.902173913043478,0.08430232558139535,-2.7954545454545454,-1.4833333333333334,-1.9,-2.400462962962963,19.25,-3.6578947368421053
2020-07-17,-1.0949197860962567,-1.5512820512820513,-2.797872340425532,8.364583333333334,-0.10057471264367816,-2.8947368421052633,-1.4833333333333334,-2.1311475409836067,-2.626146788990826,19.25,-4.060344827586207
2020-07-18,-1.6384408602150538,-2.206451612903226,-2.797872340425532,8.364583333333334,-0.10057471264367816,-3.6742424242424243,-1.4833333333333334,-2.1311475409836067,-2.626146788990826,19.25,-4.060344827586207
2020-07-19,-2.640710382513661,-2.896103896103896,-2.8404255319148937,8.364583333333334,-1.311046511627907,-3.7045454545454546,-1.4833333333333334,-1.9166666666666667,-2.6628440366972477,19.25,-4.313559322033898
2020-07-20,-5.6530054644808745,-3.6907894736842106,-2.9210526315789473,8.364583333333334,-2.976470588235294,-4.6461538461538465,-1.4833333333333334,-1.8333333333333333,-2.5275229357798166,19.25,-5.021186440677966
2020-07-21,-6.968232044198895,-4.218543046357616,-4.1078947368421055,7.52,-4.2023809523809526,-5.513461538461539,-2.1875,-3.7125,-3.2546296296296298,19.25,-6.932203389830509
2020-07-22,-5.501358695652174,-3.3782467532467533,-4.2421875,9.541666666666666,-3.4404761904761907,-4.511278195488722,-2.1875,-3.930327868852459,-3.3807339449541285,19.25,-6.254166666666666
2020-07-23,-5.741891891891892,-2.5620915032679736,-2.863157894736842,3.3958333333333335,-1.5873493975903614,-4.742481203007519,-1.1,-1.7416666666666667,-2.1597222222222223,8.125,-8.7125
2020-07-24,-5.347883597883598,-1.7419871794871795,-2.595360824742268,3.3958333333333335,-1.6875,-3.7536764705882355,-1.1,-1.8770491803278688,-1.018018018018018,8.125,-8.073770491803279
2020-07-25,-5.347883597883598,-1.7419871794871795,-2.595360824742268,3.3958333333333335,-1.6875,-3.7536764705882355,-1.1,-1.8770491803278688,-1.018018018018018,8.125,-8.073770491803279
2020-07-26,-5.753989361702128,-2.0275974025974026,-3.0763157894736843,3.3958333333333335,-2.4186746987951806,-4.111940298507463,-1.1,-2.8916666666666666,-1.408256880733945,8.125,-7.658333333333333
2020-07-27,-6.838709677419355,-2.5279605263157894,-2.848404255319149,3.3958333333333335,-3.677710843373494,-4.71969696969697,-1.1,-2.7708333333333335,-0.969626168224299,8.125,-7.658333333333333
2020-07-28,-6.886363636363637,-1.769736842105263,-2.71505376344086,3.3958333333333335,-3.7886904761904763,-4.584615384615384,-1.1,-2.538135593220339,0.10747663551401869,8.125,-7.691666666666666
2020-07-29,-7.11578947368421,-1.9003267973856208,-3.185483870967742,6.178571428571429,-4.22093023255814,-4.588461538461538,2.6458333333333335,-3.25,-0.3014018691588785,8.125,-8.333333333333334
2020-07-30,-7.052083333333333,-1.8075657894736843,-3.223404255319149,7.75,-4.520348837209302,-4.5,5.181818181818182,-3.675,-0.5420560747663551,8.125,-8.580357142857142
2020-07-31,-5.844387755102041,-1.3344155844155845,-2.136842105263158,12.142857142857142,-4.520348837209302,-4.5,13.083333333333334,-3.675,0.10321100917431193,8.125,-6.675438596491228
2020-08-01,-5.844387755102041,-1.9967320261437909,-3.223404255319149,12.142857142857142,-5.75,-5.31640625,13.083333333333334,-3.675,-0.8217592592592593,8.125,-6.675438596491228
2020-08-02,-6.793589743589743,-2.6677631578947367,-4.333333333333333,12.142857142857142,-7.008928571428571,-6.145669291338582,13.083333333333334,-5.432203389830509,-1.764018691588785,8.125,-6.46875
2020-08-03,-6.291237113402062,-2.0641447368421053,-4.470744680851064,12.142857142857142,-6.843373493975903,-5.423228346456693,13.083333333333334,-5.432203389830509,-1.3541666666666667,8.125,-6.397321428571429
2020-08-04,-5.563144329896907,-2.3193548387096774,-4.630208333333333,10.829545454545455,-6.9676470588235295,-5.37890625,10.788461538461538,-5.651639344262295,-1.3394495412844036,8.125,-6.6594827586206895
2020-08-05,-6.156410256410257,-2.330188679245283,-4.365,9.98913043478261,-6.683139534883721,-5.240458015267175,9.410714285714286,-5.718253968253968,-1.3893805309734513,5.75,-5.970833333333333
2020-08-06,-5.912820512820513,-2.3946540880503147,-4.39,9.0625,-6.571428571428571,-5.318702290076335,7.966666666666667,-5.641129032258065,-1.4115044247787611,3.5,-6.054166666666666
2020-08-07,-5.860552763819095,-2.7142857142857144,-4.39,7.18,-7.0726744186046515,-5.661654135338346,7.966666666666667,-5.641129032258065,-1.5592105263157894,3.5,-6.577868852459017
2020-08-08,-5.860552763819095,-2.7142857142857144,-4.39,7.18,-7.0726744186046515,-5.661654135338346,7.966666666666667,-5.641129032258065,-1.5592105263157894,3.5,-6.577868852459017
2020-08-09,-5.657360406091371,-3.261006289308176,-5.444444444444445,7.18,-7.0726744186046515,-6.370229007633588,7.966666666666667,-7.372950819672131,-2.314732142857143,3.5,-6.577868852459017
2020-08-10,-5.019230769230769,-2.856687898089172,-5.52,6.403846153846154,-6.488095238095238,-5.926356589147287,6.65625,-7.463709677419355,-2.2544642857142856,1.6666666666666667,-6.681451612903226
2020-08-11,-4.419689119170984,-2.684294871794872,-5.275252525252525,7.34,-6.4375,-5.740234375,8.233333333333333,-7.168032786885246,-2.0067567567567566,1.6666666666666667,-6.275
2020-08-12,-4.055699481865285,-2.184294871794872,-4.873737373737374,7.61,-6.373529411764705,-5.246124031007752,8.683333333333334,-6.870967741935484,-1.6486486486486487,2.4166666666666665,-6.188524590163935
2020-08-13,-3.6230366492146597,-2.355095541401274,-4.9375,6.423076923076923,-5.410919540229885,-4.624045801526718,8.683333333333334,-6.940476190476191,-0.834070796460177,2.4166666666666665,-4.475806451612903
2020-08-14,-3.3255208333333335,-1.7072784810126582,-4.9375,6.423076923076923,-4.213068181818182,-3.831439393939394,8.683333333333334,-6.940476190476191,-0.834070796460177,2.4166666666666665,-4.475806451612903
2020-08-15,-3.3255208333333335,-1.7072784810126582,-4.9375,6.423076923076923,-4.213068181818182,-3.831439393939394,8.683333333333334,-6.940476190476191,-0.834070796460177,2.4166666666666665,-4.475806451612903
2020-08-16,-2.322192513368984,-1.3611111111111112,-4.55,6.423076923076923,-3.973529411764706,-3.498031496062992,8.683333333333334,-6.881147540983607,-0.30324074074074076,2.4166666666666665,-4.1440677966101696
2020-08-17,-3.462162162162162,-2.414429530201342,-4.55,6.423076923076923,-6.317073170731708,-4.84349593495935,8.683333333333334,-6.881147540983607,-1.0660377358490567,2.4166666666666665,-5.939655172413793
2020-08-18,-3.152173913043478,-3.2088815789473686,-5.575520833333333,6.548076923076923,-6.521875,-5.722,10.5,-6.891129032258065,-2.1064814814814814,2.4166666666666665,-5.966101694915254
2020-08-19,-3.5497237569060776,-3.9288079470198674,-5.442105263157894,1.287037037037037,-7.891025641025641,-6.618951612903226,9.016666666666667,-6.968253968253968,-1.955607476635514,-1.25,-7.887931034482759
2020-08-20,-3.1947513812154695,-4.4506578947368425,-5.626288659793815,0.5803571428571429,-7.382911392405063,-6.742063492063492,7.296875,-7.115384615384615,-2.18348623853211,-2.6875,-8.067796610169491
2020-08-21,-3.110655737704918,-4.334415584415584,-5.670918367346939,0.5803571428571429,-7.525,-6.56640625,7.296875,-7.159090909090909,-2.2545454545454544,-2.6875,-7.616666666666666
2020-08-22,-3.081043956043956,-4.30718954248366,-5.641752577319588,0.9166666666666666,-7.512658227848101,-6.551181102362205,8.35,-7.138461538461539,-2.197247706422018,-2.6875,-7.601694915254237
2020-08-23,-2.7319444444444443,-4.121666666666667,-5.747368421052632,0.9166666666666666,-7.512658227848101,-6.381048387096774,8.35,-7.16015625,-2.2266355140186915,-2.6875,-7.810344827586207
2020-08-24,-1.635989010989011,-3.381666666666667,-5.6888297872340425,-0.03571428571428571,-7.23051948051948,-5.532,8.35,-7.16015625,-1.1869158878504673,-4.461538461538462,-8.060344827586206
2020-08-25,-1.520718232044199,-3.3003355704697985,-5.5611702127659575,-0.03571428571428571,-5.6644736842105265,-4.608,8.35,-7.1,-1.074766355140187,-4.461538461538462,-8.008771929824562
2020-08-26,-0.7941988950276243,-3.2783333333333333,-5.502631578947368,-0.14655172413793102,-5.7272727272727275,-4.571428571428571,7.625,-6.992424242424242,-1.0648148148148149,-4.375,-7.745689655172414
2020-08-27,-0.8853591160220995,-3.085570469798658,-5.457894736842105,-0.14655172413793102,-5.5519480519480515,-4.352,7.625,-6.928030303030303,-0.7757009345794392,-4.375,-7.399122807017544
2020-08-28,-0.8021978021978022,-2.97,-5.457894736842105,-0.14655172413793102,-4.958333333333333,-4.204365079365079,7.625,-6.928030303030303,-0.7757009345794392,-4.375,-7.399122807017544
2020-08-29,-0.8021978021978022,-2.97,-5.457894736842105,-0.14655172413793102,-4.958333333333333,-4.204365079365079,7.625,-6.928030303030303,-0.7757009345794392,-4.375,-7.399122807017544
2020-08-30,-1.7252747252747254,-2.63265306122449,-5.0,-0.14655172413793102,-4.376666666666667,-3.8313008130081303,7.625,-6.57421875,-0.23557692307692307,-4.375,-7.399122807017544
2020-08-31,-1.8579234972677596,-2.7905405405405403,-5.010869565217392,-0.14655172413793102,-4.371621621621622,-3.839430894308943,7.625,-6.484126984126984,-0.48095238095238096,-4.375,-7.3201754385964914
2020-09-01,-2.0355191256830603,-3.010135135135135,-4.981182795698925,-0.5916666666666667,-3.8472222222222223,-3.7113821138211383,6.382352941176471,-6.588461538461538,-0.7904761904761904,-4.983333333333333,-7.245614035087719
2020-09-02,-1.8052486187845305,-2.6655405405405403,-5.21578947368421,-1.8636363636363635,-3.6180555555555554,-3.3313008130081303,3.2375,-6.700757575757576,-0.7546728971962616,-5.546875,-7.6125
2020-09-03,-1.4799465240641712,-2.3717105263157894,-5.47680412371134,-1.8636363636363635,-2.4222972972972974,-2.8333333333333335,3.2375,-7.029411764705882,-1.0688073394495412,-5.546875,-8.129032258064516
2020-09-04,1.3244949494949494,-2.4697452229299364,-5.47680412371134,-3.7720588235294117,-1.7960526315789473,-2.417307692307692,3.2375,-7.029411764705882,-0.15,-5.546875,-9.05952380952381
2020-09-05,1.3244949494949494,-2.4697452229299364,-5.47680412371134,-3.7720588235294117,-1.7960526315789473,-2.417307692307692,3.2375,-7.029411764705882,-0.15,-5.546875,-9.05952380952381
2020-09-06,1.2423076923076923,-2.7256493506493507,-5.315789473684211,-3.7720588235294117,-1.2736486486486487,-2.0846456692913384,3.2375,-7.018656716417911,0.25934579439252337,-5.546875,-8.90725806451613
2020-09-07,0.6096938775510204,-2.6506410256410255,-5.141752577319588,-4.978571428571429,-0.25,-2.003875968992248,0.8928571428571429,-6.72463768115942,0.3119266055045872,-5.546875,-8.16796875
2020-09-08,1.0140306122448979,-1.9419354838709677,-5.015789473684211,-8.066176470588236,1.7702702702702702,-0.9140625,0.8928571428571429,-6.593283582089552,0.5257009345794392,-12.583333333333334,-8.07258064516129
2020-09-09,0.8166666666666667,-1.7353896103896105,-5.703608247422681,-8.871428571428572,2.339041095890411,-0.655511811023622,-0.7954545454545454,-6.593283582089552,-0.18807339449541285,-12.583333333333334,-8.100806451612904
2020-09-10,2.3881909547738696,-0.9182692307692307,-5.657216494845361,-8.871428571428572,3.6587837837837838,-0.927734375,-0.7954545454545454,-6.526119402985074,-0.509090909090909,-12.583333333333334,-8.100806451612904
2020-09-11,3.0073529411764706,-1.2893081761006289,-6.105,-8.871428571428572,2.7142857142857144,-1.3778625954198473,-0.7954545454545454,-7.128571428571429,-1.0420353982300885,-12.583333333333334,-8.100806451612904
2020-09-12,3.592821782178218,-0.5907643312101911,-6.042929292929293,-8.871428571428572,4.065789473684211,-1.2942307692307693,-0.7954545454545454,-7.054347826086956,-0.9419642857142857,-12.583333333333334,-8.032786885245901
2020-09-13,2.7675,-0.06451612903225806,-6.042929292929293,-8.871428571428572,4.49,-0.877906976744186,-0.7954545454545454,-7.054347826086956,-0.9419642857142857,-12.583333333333334,-8.032786885245901
2020-09-14,2.9502487562189055,0.9,-6.0,-11.704545454545455,4.49,-0.5234375,-4.6625,-9.07857142857143,0.22098214285714285,-12.583333333333334,-5.295833333333333
2020-09-15,3.4889162561576357,0.6751592356687898,-6.0075,-11.704545454545455,4.912162162162162,0.18846153846153846,-4.6625,-9.291666666666666,1.0350877192982457,-12.583333333333334,-5.295833333333333
2020-09-16,4.339460784313726,1.160828025477707,-5.843434343434343,-8.419117647058824,5.184027777777778,0.5190839694656488,-4.6625,-9.291666666666666,1.241150442477876,-12.583333333333334,-4.05241935483871
2020-09-17,4.199029126213592,-0.24528301886792453,-7.3106060606060606,-11.882352941176471,4.206081081081081,-1.1522556390977443,-10.55,-9.784246575342467,-0.04424778761061947,-12.90625,-6.734375
2020-09-18,4.123205741626794,-0.7701863354037267,-7.46,-11.882352941176471,3.098684210526316,-1.1522556390977443,-10.55,-9.952702702702704,-0.23903508771929824,-12.90625,-6.973076923076923
2020-09-19,4.123205741626794,-0.7701863354037267,-7.46,-11.882352941176471,3.098684210526316,-1.1522556390977443,-10.55,-9.952702702702704,-0.23903508771929824,-12.90625,-6.973076923076923
2020-09-20,4.89975845410628,-0.39308176100628933,-7.46,-10.703125,1.8066666666666666,-1.1522556390977443,-10.55,-9.952702702702704,-1.1261061946902655,-11.25,-6.218253968253968
2020-09-21,2.669392523364486,-1.203416149068323,-7.845,-14.029411764705882,0.22666666666666666,-1.376865671641791,-11.69047619047619,-10.02364864864865,-1.4668141592920354,-11.25,-8.473484848484848
2020-09-22,2.314252336448598,-1.404320987654321,-9.381188118811881,-13.840909090909092,-1.3006756756756757,-1.6166666666666667,-11.2625,-10.066666666666666,-1.75,-11.25,-8.292307692307693
2020-09-23,0.8029953917050692,-1.559375,-10.295454545454545,-13.840909090909092,-1.1066666666666667,-1.677007299270073,-11.2625,-10.02,-2.421875,-11.25,-8.292307692307693
2020-09-24,0.1187214611872146,-1.778125,-10.469696969696969,-13.840909090909092,-1.7039473684210527,-1.9324817518248176,-11.2625,-10.0,-2.575892857142857,-11.25,-9.146153846153846
2020-09-25,0.04035874439461883,-1.469325153374233,-10.720297029702971,-13.840909090909092,-1.0696202531645569,-1.5696428571428571,-11.2625,-10.345394736842104,-3.1782608695652175,-11.25,-9.340909090909092
2020-09-26,-0.4099099099099099,-2.095679012345679,-10.720297029702971,-17.3984375,-1.0696202531645569,-2.300359712230216,-11.2625,-10.345394736842104,-3.1782608695652175,-19.196428571428573,-11.023076923076923
2020-09-27,-0.4769585253456221,-1.5949367088607596,-10.482142857142858,-17.3984375,-0.37012987012987014,-1.7203703703703703,-11.2625,-10.199324324324325,-2.767857142857143,-19.196428571428573,-11.023076923076923
2020-09-28,-0.06712962962962964,-1.6298076923076923,-10.533163265306122,-17.3984375,-0.6743421052631579,-1.763157894736842,-11.2625,-10.199324324324325,-2.626126126126126,-19.196428571428573,-11.023076923076923
2020-09-29,0.5254629629629629,-1.335987261146497,-10.224747474747474,-17.3984375,-0.7467105263157895,-1.4179104477611941,-11.2625,-10.27364864864865,-2.205357142857143,-19.196428571428573,-10.559701492537313
2020-09-30,1.5353881278538812,-0.39012738853503187,-10.2975,-16.358333333333334,0.5616883116883117,-0.45555555555555555,-11.2625,-10.286666666666667,-2.34070796460177,-17.134615384615383,-9.86923076923077
2020-10-01,1.3459821428571428,0.12106918238993711,-10.3825,-16.358333333333334,1.5664556962025316,0.22058823529411764,-11.2625,-10.4,-1.6,-17.134615384615383,-8.973484848484848
2020-10-02,1.0043668122270741,0.13650306748466257,-10.507425742574258,-16.358333333333334,2.3919753086419755,0.5539568345323741,-11.2625,-10.56578947368421,-2.0256410256410255,-17.134615384615383,-8.973484848484848
2020-10-03,0.9199561403508771,0.012345679012345678,-10.507425742574258,-16.358333333333334,2.16875,0.6666666666666666,-11.2625,-10.56578947368421,-2.2176724137931036,-17.134615384615383,-8.973484848484848
2020-10-04,0.6899563318777293,-0.3052147239263804,-10.507425742574258,-16.358333333333334,1.5030864197530864,0.6666666666666666,-11.2625,-10.56578947368421,-2.2176724137931036,-17.134615384615383,-8.973484848484848
2020-10-05,0.0665938864628821,-1.4603658536585367,-10.674019607843137,-16.358333333333334,-0.07098765432098765,0.4550359712230216,-11.2625,-10.678571428571429,-2.641949152542373,-17.134615384615383,-8.973484848484848
2020-10-06,-0.5590128755364807,-1.8328313253012047,-10.730582524271844,-16.358333333333334,-1.1204819277108433,-0.4084507042253521,-11.2625,-10.753205128205128,-2.758403361344538,-17.134615384615383,-9.761029411764707
2020-10-07,-0.4364224137931034,-1.7893939393939393,-10.589108910891088,-16.43103448275862,-0.9603658536585366,-0.3475177304964539,-11.105263157894736,-10.707792207792208,-2.5,-17.134615384615383,-9.694029850746269
2020-10-08,0.02282608695652174,-1.1579754601226995,-9.995,-14.258333333333333,-0.20426829268292682,0.4136690647482014,-8.1125,-10.697368421052632,-1.918103448275862,-12.428571428571429,-8.76865671641791
2020-10-09,-0.4051724137931034,-1.2698170731707317,-9.995,-14.258333333333333,-0.20426829268292682,0.2714285714285714,-8.1125,-10.697368421052632,-2.0683760683760686,-12.428571428571429,-8.76865671641791
2020-10-10,-0.4051724137931034,-1.2698170731707317,-9.995,-14.258333333333333,-0.20426829268292682,0.2714285714285714,-8.1125,-10.697368421052632,-2.0683760683760686,-12.428571428571429,-8.76865671641791
2020-10-11,0.32158590308370044,-0.846875,-9.97704081632653,-14.431034482758621,0.346875,0.8143382352941176,-8.052631578947368,-10.692567567567568,-2.0625,-12.428571428571429,-8.23828125
2020-10-12,1.291111111111111,-0.5864779874213837,-9.8515625,-14.431034482758621,0.353125,1.1333333333333333,-8.052631578947368,-10.54513888888889,-1.7717391304347827,-12.428571428571429,-7.987903225806452
2020-10-13,1.1850220264317182,-0.671875,-10.263297872340425,-14.431034482758621,1.5833333333333333,0.8540145985401459,-8.052631578947368,-10.359154929577464,-2.210526315789474,-12.428571428571429,-6.064516129032258
2020-10-14,1.0254424778761062,-0.8214285714285714,-11.590425531914894,-11.07258064516129,2.4518072289156625,0.8540145985401459,-8.8875,-11.935714285714285,-3.3048245614035086,-4.933333333333334,-4.69921875
2020-10-15,1.4989270386266094,-0.2634730538922156,-11.576530612244898,-7.814516129032258,3.718390804597701,1.2112676056338028,-8.8875,-11.782142857142857,-3.4809322033898304,-4.933333333333334,-1.5346153846153847
2020-10-16,1.9653361344537814,0.1952662721893491,-10.575,-7.814516129032258,4.5,1.7291666666666667,-8.8875,-11.782142857142857,-2.78125,-4.933333333333334,0.003787878787878788
2020-10-17,2.0537974683544302,0.30952380952380953,-10.48989898989899,-7.814516129032258,4.767045454545454,1.8741258741258742,-8.8875,-11.782142857142857,-2.6449579831932772,-4.933333333333334,0.29615384615384616
2020-10-18,3.21137339055794,0.4789156626506024,-10.422680412371134,-7.814516129032258,5.1976744186046515,2.095744680851064,-8.8875,-11.778985507246377,-2.4551282051282053,-4.933333333333334,0.48828125
2020-10-19,3.0263713080168775,1.158132530120482,-10.3984375,-7.65,6.287356321839081,2.895390070921986,-8.68421052631579,-11.764705882352942,-1.4914529914529915,-4.933333333333334,0.6984126984126984
2020-10-20,2.4590336134453783,1.715151515151515,-9.1796875,-4.17741935483871,6.033707865168539,3.625,-8.68421052631579,-11.686567164179104,-0.6991525423728814,1.625,3.988095238095238
2020-10-21,2.5762711864406778,0.8169642857142857,-10.150510204081632,-3.8484848484848486,4.318681318681318,3.5868794326241136,-8.0,-13.308823529411764,-1.6333333333333333,1.96875,3.9038461538461537
2020-10-22,2.9540598290598292,0.6845238095238095,-9.43298969072165,-3.8484848484848486,5.527472527472527,3.4290780141843973,-8.0,-11.691176470588236,-1.9600840336134453,1.96875,3.4921875
2020-10-23,3.2690677966101696,0.6338235294117647,-9.315656565656566,-3.8484848484848486,5.330645161290323,3.3304195804195804,-8.0,-11.76086956521739,-1.987603305785124,1.96875,3.4921875
2020-10-24,3.4127659574468083,0.6338235294117647,-9.315656565656566,-3.8484848484848486,5.330645161290323,3.3304195804195804,-8.0,-11.76086956521739,-1.987603305785124,1.96875,3.4921875
2020-10-25,3.8497854077253217,1.0610119047619047,-9.329081632653061,-3.8484848484848486,6.222527472527473,3.877659574468085,-8.0,-11.816176470588236,-1.9375,1.96875,3.4921875
2020-10-26,5.126059322033898,0.8387573964497042,-9.462121212121213,-4.132352941176471,6.991847826086956,3.5839160839160837,-8.25,-11.841911764705882,-2.9583333333333335,1.96875,4.734615384615385
2020-10-27,5.826508620689655,1.6039156626506024,-8.146907216494846,-4.132352941176471,8.438888888888888,4.367021276595745,-8.25,-10.149253731343284,-1.7669491525423728,1.96875,4.5227272727272725
2020-10-28,6.041125541125541,1.5150602409638554,-8.29896907216495,-4.814285714285714,8.57865168539326,4.26241134751773,-9.108695652173912,-10.102272727272727,-1.8919491525423728,1.96875,3.9328358208955225
2020-10-29,5.495633187772926,1.5286144578313252,-9.623711340206185,-7.897058823529412,8.166666666666666,4.7027972027972025,-14.068181818181818,-10.102272727272727,-2.7435897435897436,1.96875,2.477272727272727
2020-10-30,5.410944206008583,1.772189349112426,-9.977272727272727,-8.965277777777779,7.399456521739131,4.919520547945205,-15.15625,-10.272388059701493,-2.29375,1.96875,1.6066176470588236
2020-10-31,5.410944206008583,1.772189349112426,-9.977272727272727,-8.965277777777779,7.399456521739131,4.919520547945205,-15.15625,-10.272388059701493,-2.29375,1.96875,1.6066176470588236
2020-11-01,5.425324675324675,1.6631736526946108,-9.887755102040817,-9.243243243243244,7.112903225806452,4.836805555555555,-15.32,-10.404411764705882,-2.516949152542373,1.96875,1.5698529411764706
2020-11-02,5.796336206896552,2.463636363636364,-9.841145833333334,-9.912162162162161,7.002717391304348,5.739510489510489,-15.260416666666666,-10.352272727272727,-1.4764957264957266,1.96875,1.3917910447761195
2020-11-03,4.1424050632911396,2.3674698795180724,-10.555851063829786,-9.95138888888889,5.904255319148936,5.477586206896552,-15.554347826086957,-10.473076923076922,-2.0129310344827585,2.6666666666666665,1.849264705882353
2020-11-04,4.63655462184874,3.3117469879518073,-10.059139784946236,-6.833333333333333,6.894736842105263,6.558620689655172,-15.704545454545455,-9.8,-0.6616379310344828,10.15,3.5
2020-11-05,4.241561181434599,3.1852409638554215,-10.305851063829786,-7.0,7.098404255319149,6.689236111111111,-15.704545454545455,-10.155303030303031,-1.1602564102564104,10.15,2.880434782608696
2020-11-06,3.9623430962343096,2.699404761904762,-10.305851063829786,-7.0,7.098404255319149,6.082191780821918,-15.704545454545455,-10.155303030303031,-1.773109243697479,10.15,2.880434782608696
2020-11-07,3.9623430962343096,2.699404761904762,-10.305851063829786,-7.0,7.098404255319149,6.082191780821918,-15.704545454545455,-10.155303030303031,-1.773109243697479,10.15,2.880434782608696
2020-11-08,3.411764705882353,2.2078313253012047,-10.276881720430108,-6.828571428571428,7.098404255319149,5.5625,-15.833333333333334,-10.111538461538462,-1.6779661016949152,11.803571428571429,3.113970588235294
2020-11-09,4.178125,2.477272727272727,-10.214285714285714,-6.828571428571428,7.352150537634409,5.896853146853147,-15.833333333333334,-10.1171875,-1.3311965811965811,11.803571428571429,3.113970588235294
2020-11-10,4.80801687763713,2.3984848484848484,-10.625,-6.639705882352941,6.508152173913044,5.75,-15.9625,-10.702380952380953,-0.5926724137931034,13.73076923076923,3.2686567164179103
2020-11-11,3.471875,1.5286144578313252,-10.854395604395604,-6.136363636363637,5.317934782608695,4.716783216783217,-15.9625,-11.02734375,-1.952991452991453,13.73076923076923,1.803030303030303
2020-11-12,3.5103734439834025,1.5286144578313252,-10.854395604395604,-6.136363636363637,5.317934782608695,4.716783216783217,-15.9625,-11.02734375,-1.0889830508474576,13.73076923076923,1.803030303030303
2020-11-13,3.5142857142857142,2.1182634730538923,-11.059139784946236,-3.014705882352941,6.336021505376344,4.527777777777778,-16.071428571428573,-11.138461538461538,-1.4104166666666667,13.73076923076923,3.2686567164179103
2020-11-14,3.5142857142857142,2.1182634730538923,-11.059139784946236,-3.014705882352941,6.336021505376344,4.527777777777778,-16.071428571428573,-11.138461538461538,-1.4104166666666667,13.73076923076923,3.2686567164179103
2020-11-15,3.77880658436214,2.1182634730538923,-11.059139784946236,-3.014705882352941,6.336021505376344,4.527777777777778,-16.071428571428573,-11.138461538461538,-1.4104166666666667,13.73076923076923,3.2686567164179103
2020-11-16,4.523958333333334,2.441717791411043,-11.090659340659341,-2.696969696969697,6.336021505376344,4.877659574468085,-16.071428571428573,-11.186507936507937,-1.1837606837606838,13.73076923076923,3.7423076923076923
2020-11-17,5.161087866108787,3.0401234567901234,-10.373626373626374,-1.7258064516129032,6.64247311827957,5.5875,-16.2875,-10.15079365079365,-1.0427350427350428,19.454545454545453,4.424603174603175
2020-11-18,5.699790794979079,3.7453703703703702,-10.398351648351648,-1.1666666666666667,6.629032258064516,6.4035714285714285,-16.17105263157895,-10.169354838709678,-1.061965811965812,23.25,6.305555555555555
2020-11-19,4.961618257261411,3.425925925925926,-10.516483516483516,-1.1666666666666667,6.202127659574468,6.235611510791367,-16.17105263157895,-10.172131147540984,-1.1538461538461537,23.25,5.503968253968254
2020-11-20,5.328512396694215,3.425925925925926,-10.516483516483516,-1.1666666666666667,6.202127659574468,6.235611510791367,-16.17105263157895,-10.172131147540984,-1.1538461538461537,23.25,5.503968253968254
2020-11-21,5.328512396694215,3.425925925925926,-10.516483516483516,-1.1666666666666667,6.202127659574468,6.235611510791367,-16.17105263157895,-10.172131147540984,-1.1538461538461537,23.25,5.503968253968254
2020-11-22,4.765756302521009,3.0046875,-10.516483516483516,-0.31896551724137934,6.202127659574468,5.7846715328467155,-16.17105263157895,-10.172131147540984,-2.0258620689655173,28.694444444444443,6.008064516129032
2020-11-23,4.814618644067797,2.11875,-10.592696629213483,-0.8166666666666667,5.193548387096774,5.0588235294117645,-16.17105263157895,-10.275423728813559,-2.0521739130434784,28.694444444444443,5.670634920634921
2020-11-24,3.330168776371308,1.6734375,-10.907303370786517,-1.8,4.682795698924731,4.84375,-17.723684210526315,-10.681034482758621,-2.413793103448276,32.6875,5.431451612903226
2020-11-25,3.5972222222222223,1.7735849056603774,-10.869318181818182,-1.8,4.888586956521739,4.985185185185185,-17.723684210526315,-10.618421052631579,-2.3108695652173914,32.6875,5.827868852459017
2020-11-26,3.385593220338983,1.486024844720497,-10.824175824175825,-1.8,4.4945054945054945,4.600364963503649,-17.723684210526315,-10.4625,-2.4936440677966103,32.6875,5.432539682539683
2020-11-27,3.259493670886076,1.4444444444444444,-10.763586956521738,-1.8,4.4945054945054945,4.600364963503649,-17.723684210526315,-10.37704918032787,-2.5168067226890756,32.6875,5.432539682539683
2020-11-28,3.4512711864406778,1.4444444444444444,-10.763586956521738,-1.8,4.4945054945054945,4.600364963503649,-17.723684210526315,-10.37704918032787,-2.5168067226890756,32.6875,5.432539682539683
2020-11-29,3.7553879310344827,1.8401898734177216,-10.769662921348315,-1.8,4.887640449438202,4.940298507462686,-17.723684210526315,-10.415254237288135,-2.110869565217391,32.6875,5.612903225806452
2020-11-30,4.012987012987013,2.238993710691824,-9.53125,-2.3,4.665730337078652,5.387037037037037,-17.958333333333332,-8.530172413793103,-1.0789473684210527,39.285714285714285,5.015873015873016
2020-12-01,3.5586956521739133,2.200636942675159,-9.53448275862069,-1.6607142857142858,5.103448275862069,5.244402985074627,-18.633333333333333,-8.574561403508772,-1.1919642857142858,48.166666666666664,5.549180327868853
2020-12-02,3.6277777777777778,2.206168831168831,-9.328488372093023,-1.6607142857142858,4.546511627906977,5.138257575757576,-18.633333333333333,-8.241071428571429,-0.6964285714285714,48.166666666666664,6.538135593220339
2020-12-03,1.327906976744186,2.5016666666666665,-9.328488372093023,1.0178571428571428,3.5470588235294116,4.99031007751938,-18.633333333333333,-8.241071428571429,-1.6036036036036037,42.464285714285715,7.809322033898305
2020-12-04,1.5783410138248848,2.3026315789473686,-9.403409090909092,1.0178571428571428,3.5470588235294116,4.721374045801527,-18.633333333333333,-8.241071428571429,-1.7986725663716814,42.464285714285715,7.429166666666666
2020-12-05,2.048611111111111,2.980132450331126,-9.403409090909092,1.0178571428571428,3.5470588235294116,4.721374045801527,-18.633333333333333,-8.241071428571429,-1.7986725663716814,42.464285714285715,7.429166666666666
2020-12-06,2.0868544600938965,3.054054054054054,-9.711764705882352,2.759259259259259,2.6904761904761907,4.84765625,-16.678571428571427,-8.669811320754716,-1.8295454545454546,42.464285714285715,7.176724137931035
2020-12-07,2.436619718309859,2.519867549668874,-9.637640449438202,2.5625,1.3958333333333333,3.678030303030303,-16.678571428571427,-8.62719298245614,-2.0482456140350878,42.464285714285715,7.008474576271187
2020-12-08,3.491706161137441,2.8857615894039736,-9.01685393258427,3.4464285714285716,1.8493975903614457,4.215648854961832,-14.910714285714286,-8.650862068965518,-1.5635964912280702,35.65625,7.427966101694915
2020-12-09,1.994047619047619,2.3733333333333335,-9.136111111111111,2.1083333333333334,1.8493975903614457,4.370229007633588,-15.125,-8.612068965517242,-1.3859649122807018,25.2,6.639344262295082
2020-12-10,1.6358173076923077,2.235,-8.778409090909092,0.3548387096774194,1.7652439024390243,4.6461538461538465,-15.125,-8.03125,-1.1194690265486726,18.15909090909091,5.689516129032258
2020-12-11,1.9150717703349283,2.6175496688741724,-8.485955056179776,0.3548387096774194,1.9518072289156627,4.74236641221374,-15.125,-7.587719298245614,-0.9583333333333334,18.15909090909091,5.689516129032258
2020-12-12,1.9150717703349283,2.6175496688741724,-8.485955056179776,0.3548387096774194,1.9518072289156627,4.74236641221374,-15.125,-7.587719298245614,-0.9583333333333334,18.15909090909091,5.689516129032258
2020-12-13,1.9550970873786409,2.134228187919463,-8.120689655172415,0.3548387096774194,1.9518072289156627,4.9788461538461535,-15.125,-6.9772727272727275,-1.6651785714285714,18.15909090909091,4.14344262295082
2020-12-14,1.2169117647058822,1.5939597315436242,-7.921511627906977,0.3548387096774194,1.6636904761904763,4.359615384615385,-15.125,-6.638888888888889,-2.554054054054054,18.15909090909091,3.717741935483871
2020-12-15,0.14460784313725492,0.7201986754966887,-8.064606741573034,-3.3548387096774195,1.194767441860465,3.3181818181818183,-15.117647058823529,-6.785714285714286,-2.807017543859649,15.395833333333334,2.442622950819672
2020-12-16,-0.46551724137931033,1.304635761589404,-7.6722222222222225,-2.875,1.4626436781609196,3.9867424242424243,-14.953125,-6.18859649122807,-2.6530172413793105,18.40909090909091,3.9439655172413794
2020-12-17,-0.6391625615763546,1.6019736842105263,-7.5054945054945055,-2.875,2.0,3.8171641791044775,-14.953125,-5.952586206896552,-2.5662393162393164,18.40909090909091,4.4035087719298245
2020-12-18,-0.9203431372549019,1.4052287581699345,-7.494565217391305,-2.875,1.6534090909090908,3.577777777777778,-14.953125,-5.961864406779661,-2.6848739495798317,18.40909090909091,4.107758620689655
2020-12-19,-0.9203431372549019,1.4052287581699345,-7.494565217391305,-2.875,1.6534090909090908,3.577777777777778,-14.953125,-5.961864406779661,-2.6848739495798317,18.40909090909091,4.107758620689655
2020-12-20,0.14668367346938777,2.410472972972973,-6.911111111111111,1.7232142857142858,2.82183908045977,4.005725190839694,-13.65,-5.801724137931035,-2.1538461538461537,18.40909090909091,7.377272727272727
2020-12-21,-2.008974358974359,1.4472789115646258,-6.346590909090909,0.9827586206896551,3.244186046511628,3.5,-14.03125,-5.913793103448276,-2.530701754385965,18.40909090909091,6.892857142857143
2020-12-22,-1.2268041237113403,1.1097972972972974,-6.508333333333334,0.5166666666666667,2.9127906976744184,3.366279069767442,-13.970588235294118,-5.936440677966102,-2.7219827586206895,18.40909090909091,6.543859649122807
2020-12-23,-1.505181347150259,1.2966666666666666,-5.774193548387097,-0.3225806451612903,4.779411764705882,4.07421875,-13.970588235294118,-6.184426229508197,-2.2436974789915967,18.40909090909091,7.0
2020-12-24,-1.481578947368421,0.956081081081081,-5.420212765957447,-0.640625,4.256024096385542,3.576171875,-13.777777777777779,-5.641129032258065,-1.754201680672269,18.40909090909091,7.198275862068965
2020-12-25,-1.481578947368421,0.956081081081081,-5.420212765957447,-0.640625,4.256024096385542,3.576171875,-13.777777777777779,-5.641129032258065,-1.754201680672269,18.40909090909091,7.198275862068965
2020-12-26,-1.481578947368421,0.956081081081081,-5.420212765957447,-0.640625,4.256024096385542,3.576171875,-13.777777777777779,-5.641129032258065,-1.754201680672269,18.40909090909091,7.198275862068965
2020-12-27,-1.734375,1.2315436241610738,-5.323684210526316,-0.640625,4.909638554216867,3.5775193798449614,-13.777777777777779,-5.8046875,-1.7083333333333333,18.40909090909091,7.198275862068965
2020-12-28,-2.078125,0.7969798657718121,-5.60904255319149,-1.1893939393939394,4.957831325301205,3.0755813953488373,-13.777777777777779,-5.634920634920635,-2.1092436974789917,18.40909090909091,6.837719298245614
2020-12-29,-2.808201058201058,0.6385135135135135,-5.341397849462366,-1.2647058823529411,4.298192771084337,2.91015625,-13.25,-5.515873015873016,-1.86864406779661,18.40909090909091,6.655172413793103
2020-12-30,-2.4135135135135135,0.02040816326530612,-5.25,-1.542857142857143,3.4104938271604937,2.3174603174603177,-13.1375,-5.380952380952381,-2.6666666666666665,18.40909090909091,5.616379310344827
2020-12-31,-2.2336065573770494,-0.2534246575342466,-5.123655913978495,-1.8125,2.55625,1.754,-13.047619047619047,-5.096774193548387,-2.3297413793103448,15.9375,4.841666666666667
2021-01-01,-2.2336065573770494,-0.2534246575342466,-5.123655913978495,-1.8125,2.55625,1.754,-13.047619047619047,-5.096774193548387,-2.3297413793103448,15.9375,4.841666666666667
2021-01-02,-1.9615384615384615,0.10172413793103448,-5.123655913978495,-1.8125,3.2436708860759493,1.754,-13.047619047619047,-5.096774193548387,-2.3297413793103448,15.9375,4.841666666666667
2021-01-03,-1.4847222222222223,0.7307692307692307,-4.880434782608695,-1.8125,3.6378205128205128,2.225609756097561,-13.047619047619047,-4.864754098360656,-1.8925438596491229,15.9375,4.841666666666667
2021-01-04,-1.225,2.0440140845070425,-4.714285714285714,-1.8125,5.2006578947368425,4.06404958677686,-13.047619047619047,-4.6125,-1.7323008849557522,15.9375,5.9576271186440675
2021-01-05,-0.39809782608695654,1.695578231292517,-3.976063829787234,-2.5405405405405403,3.430379746835443,3.9858870967741935,-13.047619047619047,-2.8975409836065573,-1.6334745762711864,15.9375,4.885245901639344
2021-01-06,0.6209239130434783,0.8868243243243243,-4.63563829787234,-3.9652777777777777,2.8493589743589745,3.01,-16.1375,-2.9549180327868854,-2.1588983050847457,12.954545454545455,3.8688524590163933
2021-01-07,0.11005434782608696,0.8293918918918919,-4.881578947368421,-3.9652777777777777,2.8493589743589745,2.942,-16.1375,-3.3588709677419355,-2.2309322033898304,12.954545454545455,3.8688524590163933
2021-01-08,-0.07297297297297298,0.5973154362416108,-4.881578947368421,-3.9652777777777777,2.8493589743589745,2.6507936507936507,-16.1375,-3.3588709677419355,-2.2309322033898304,12.954545454545455,3.8688524590163933
2021-01-09,-0.07297297297297298,0.5973154362416108,-4.881578947368421,-3.9652777777777777,3.133116883116883,2.6507936507936507,-16.1375,-3.3588709677419355,-2.0876068376068377,12.954545454545455,3.8688524590163933
2021-01-10,-0.42896174863387976,0.16326530612244897,-4.881578947368421,-3.9652777777777777,3.6348684210526314,2.1693548387096775,-16.1375,-3.3588709677419355,-2.0876068376068377,12.954545454545455,3.8688524590163933
2021-01-11,-0.4781420765027322,0.7363013698630136,-4.953125,-1.5,3.396103896103896,2.069672131147541,-16.047619047619047,-3.492063492063492,-1.938034188034188,12.954545454545455,3.5766129032258065
2021-01-12,-0.7554054054054054,0.6266891891891891,-3.941919191919192,-3.673611111111111,1.9837662337662338,1.9308943089430894,-15.6125,-2.1363636363636362,-1.1791666666666667,4.25,1.967741935483871
2021-01-13,-1.6527777777777777,0.8586206896551725,-2.61340206185567,-5.892857142857143,0.5566666666666666,2.409090909090909,-15.6125,-0.6716417910447762,-0.04025423728813559,4.25,-0.8666666666666667
2021-01-14,-2.9860335195530725,0.032758620689655175,-3.4789473684210526,-5.892857142857143,-0.7567567567567568,1.6145833333333333,-15.6125,-0.6716417910447762,-1.055084745762712,4.25,-2.5762711864406778
2021-01-15,-2.8365384615384617,0.32142857142857145,-3.4789473684210526,-5.892857142857143,-0.2236842105263158,2.1322314049586777,-15.6125,-0.6716417910447762,-1.055084745762712,4.25,-1.4625
2021-01-16,-2.8365384615384617,0.32142857142857145,-3.4789473684210526,-5.892857142857143,-0.2236842105263158,2.1322314049586777,-15.6125,-0.6716417910447762,-1.055084745762712,4.25,-1.4625
2021-01-17,-2.669491525423729,-0.3613013698630137,-3.4789473684210526,-5.892857142857143,-1.56,1.3166666666666667,-15.6125,-0.6716417910447762,-1.9188034188034189,4.25,-1.4625
2021-01-18,-2.7614942528735633,-0.8603448275862069,-3.5,-9.007352941176471,-1.8055555555555556,0.6512605042016807,-15.6125,0.717391304347826,-1.7521367521367521,-6.388888888888889,-3.220833333333333
2021-01-19,-3.092857142857143,-0.4225352112676056,-3.694736842105263,-8.4140625,-1.6126760563380282,0.8256302521008403,-16.69736842105263,0.782608695652174,-1.896551724137931,-1.9375,-2.6939655172413794
2021-01-20,-4.132183908045977,-0.4142857142857143,-4.797872340425532,-5.128787878787879,-3.0642857142857145,0.0021551724137931034,-16.69736842105263,-0.6764705882352942,-2.6578947368421053,9.38888888888889,-0.9533898305084746
2021-01-21,-4.138571428571429,0.17198581560283688,-4.986702127659575,-5.128787878787879,-1.7607142857142857,0.7051282051282052,-16.69736842105263,-0.5661764705882353,-2.81359649122807,9.38888888888889,0.7291666666666666
2021-01-22,-4.1709039548022595,0.0880281690140845,-5.057894736842106,-5.128787878787879,-1.7607142857142857,0.5995762711864406,-16.69736842105263,-0.7282608695652174,-2.891304347826087,9.38888888888889,0.5245901639344263
2021-01-23,-4.1709039548022595,0.0880281690140845,-5.057894736842106,-5.128787878787879,-1.7607142857142857,0.5995762711864406,-16.69736842105263,-0.7282608695652174,-2.891304347826087,9.38888888888889,0.5245901639344263
2021-01-24,-5.361111111111111,-0.1213768115942029,-4.605978260869565,-4.8671875,-2.4776119402985075,1.108695652173913,-16.875,-0.5404411764705882,-2.4620535714285716,9.38888888888889,-0.6864406779661016
2021-01-25,-6.185672514619883,-0.9492753623188406,-5.8478260869565215,-4.8671875,-4.03030303030303,0.11521739130434783,-16.875,-2.1286764705882355,-3.482142857142857,9.38888888888889,-0.5387931034482759
2021-01-26,-4.8898809523809526,-0.7262773722627737,-5.565934065934066,-4.120967741935484,-3.837121212121212,0.3925438596491228,-16.220588235294116,-2.077205882352941,-3.22972972972973,9.38888888888889,0.2767857142857143
2021-01-27,-4.284682080924855,0.5726950354609929,-3.0376344086021505,-1.6742424242424243,-2.139705882352941,2.158119658119658,-9.76388888888889,-0.6535714285714286,-1.55,18.45,1.5172413793103448
2021-01-28,-2.6364942528735633,0.9712230215827338,-1.3940217391304348,-0.03225806451612903,-1.3825757575757576,2.667391304347826,-7.59375,1.082142857142857,-1.0973451327433628,18.45,4.25
2021-01-29,-3.9293785310734464,1.875,0.7632978723404256,-0.03225806451612903,-1.3825757575757576,3.711864406779661,-7.59375,3.829861111111111,0.6608695652173913,18.45,3.478448275862069
2021-01-30,-3.9293785310734464,1.875,0.978494623655914,0.6083333333333333,-1.1076923076923078,3.711864406779661,-6.816666666666666,4.154929577464789,0.6608695652173913,18.45,3.8771929824561404
2021-01-31,-3.77,1.4839285714285715,0.978494623655914,2.060344827586207,-0.4765625,2.888888888888889,-6.816666666666666,4.154929577464789,-0.21052631578947367,18.45,4.6875
2021-02-01,-3.736842105263158,2.407608695652174,1.434065934065934,-1.3416666666666666,-0.2701612903225806,3.236607142857143,-6.816666666666666,4.4,1.3191964285714286,7.681818181818182,3.672727272727273
2021-02-02,-4.230769230769231,1.2682481751824817,0.6358695652173914,-5.125,-1.9139344262295082,1.837837837837838,-7.234375,3.323943661971831,-0.09684684684684684,-1.55,1.6090909090909091
2021-02-03,-3.785928143712575,1.6341911764705883,2.0842391304347827,-3.7844827586206895,-0.036290322580645164,2.2545454545454544,-7.234375,5.200704225352113,0.3431818181818182,-1.55,3.1273584905660377
2021-02-04,-3.3278443113772456,2.541970802919708,1.2682291666666667,-3.7844827586206895,-0.83203125,3.7,-7.234375,4.341216216216216,1.7886363636363636,-1.55,2.7685185185185186
2021-02-05,-3.4613095238095237,2.3369565217391304,1.2682291666666667,-3.7844827586206895,-1.2153846153846153,3.434684684684685,-7.234375,4.341216216216216,1.7886363636363636,-1.55,2.7685185185185186
2021-02-06,-3.194610778443114,2.3369565217391304,1.2682291666666667,-3.7844827586206895,-1.2153846153846153,3.434684684684685,-7.234375,4.341216216216216,1.7886363636363636,-1.55,2.7685185185185186
2021-02-07,-4.925925925925926,2.2372262773722627,1.2682291666666667,-3.7844827586206895,-1.2153846153846153,3.3204545454545453,-7.234375,4.341216216216216,1.658256880733945,-1.55,2.7685185185185186
2021-02-08,-5.210365853658536,2.0706521739130435,1.5885416666666667,-3.7844827586206895,-0.2537878787878788,3.1986607142857144,-7.234375,4.756756756756757,0.8967889908256881,-1.55,2.7268518518518516
2021-02-09,-3.6080246913580245,2.697080291970803,1.9947368421052631,-4.183333333333334,0.6192307692307693,3.981981981981982,-7.234375,5.328767123287672,1.3634259259259258,-1.55,2.8348214285714284
2021-02-10,-2.6564417177914113,1.8381294964028776,2.13659793814433,-4.183333333333334,-0.93359375,2.9026548672566372,-7.234375,5.423333333333333,0.5963302752293578,-1.55,2.2280701754385963
2021-02-11,-3.053125,0.6950354609929078,2.46875,-7.775862068965517,-2.96484375,2.8333333333333335,-6.5,5.52,0.8773148148148148,-1.55,0.48214285714285715
2021-02-12,-3.2267080745341614,1.3943661971830985,2.283505154639175,-7.775862068965517,-1.3807692307692307,2.6739130434782608,-6.5,5.52,0.5795454545454546,-1.55,2.2280701754385963
2021-02-13,-3.2267080745341614,1.3943661971830985,2.283505154639175,-7.775862068965517,-1.3807692307692307,2.6739130434782608,-6.5,5.52,0.5795454545454546,-1.55,2.2280701754385963
2021-02-14,-3.9609375,1.3943661971830985,2.283505154639175,-7.775862068965517,-1.3807692307692307,2.6739130434782608,-6.5,5.52,0.5795454545454546,-1.55,2.2280701754385963
2021-02-15,-4.6984375,0.9383802816901409,1.672680412371134,-7.775862068965517,-1.4765625,2.110869565217391,-6.5,4.73,0.48409090909090907,-1.55,2.0905172413793105
2021-02-16,-5.540372670807454,0.05244755244755245,1.7757731958762886,-7.775862068965517,-3.0317460317460316,1.184782608695652,-6.5,4.776666666666666,0.575,-1.55,-0.13559322033898305
2021-02-17,-5.1984375,0.1381118881118881,1.6581632653061225,-7.775862068965517,-2.2745901639344264,1.0905172413793103,-6.5,4.2564935064935066,0.481981981981982,-1.55,0.2033898305084746
2021-02-18,-6.574074074074074,-0.477891156462585,1.23,-7.775862068965517,-3.22265625,0.30416666666666664,-6.5,3.9871794871794872,-0.07456140350877193,-1.55,0.2033898305084746
2021-02-19,-7.287425149700598,-1.0066225165562914,0.6092233009708737,-7.775862068965517,-4.235294117647059,-0.3649193548387097,-6.5,3.699367088607595,-0.7648305084745762,-1.55,0.2033898305084746
2021-02-20,-7.287425149700598,-1.0066225165562914,0.6092233009708737,-7.775862068965517,-4.235294117647059,-0.3649193548387097,-6.5,3.699367088607595,-0.7648305084745762,-1.55,0.2033898305084746
2021-02-21,-7.706325301204819,-0.6677852348993288,0.6092233009708737,-7.508928571428571,-4.235294117647059,-0.24390243902439024,-6.5,3.699367088607595,-0.6410256410256411,-1.55,0.4698275862068966
2021-02-22,-7.927710843373494,-0.9917218543046358,0.7769607843137255,-7.982142857142857,-3.8676470588235294,-0.978,-4.625,4.166666666666667,-0.6336206896551724,-1.55,0.2413793103448276
2021-02-23,-9.186764705882354,-1.5194805194805194,0.6043689320388349,-8.810344827586206,-4.27536231884058,-1.61328125,-4.625,3.8987341772151898,-1.3256302521008403,-1.55,-0.3050847457627119
2021-02-24,-10.232558139534884,-2.405448717948718,0.36893203883495146,-10.575,-4.27536231884058,-2.2674418604651163,-4.625,4.009615384615385,-1.5294117647058822,-1.55,-1.7203389830508475
2021-02-25,-11.375714285714286,-3.138535031847134,-0.021844660194174758,-10.575,-4.864285714285714,-2.8442307692307693,-4.625,4.12987012987013,-1.8676470588235294,-1.55,-3.6762295081967213
2021-02-26,-11.06638418079096,-2.4857594936708862,-0.021844660194174758,-10.575,-4.864285714285714,-2.0591603053435112,-4.625,4.12987012987013,-1.8676470588235294,-1.55,-3.6762295081967213
2021-02-27,-11.06638418079096,-2.4857594936708862,-0.021844660194174758,-10.575,-4.864285714285714,-2.0591603053435112,-4.625,4.12987012987013,-1.8676470588235294,-1.55,-3.6762295081967213
2021-02-28,-11.834745762711865,-3.4503205128205128,-1.0024509803921569,-9.956896551724139,-4.557971014492754,-2.462890625,-4.625,2.8684210526315788,-2.7309322033898304,-1.55,-3.0296610169491527
2021-03-01,-11.963483146067416,-3.8076923076923075,-0.9579207920792079,-9.553571428571429,-4.404411764705882,-2.8984375,-4.625,2.7434210526315788,-2.6538461538461537,-1.55,-2.7155172413793105
2021-03-02,-12.377118644067796,-4.282051282051282,-0.8825,-9.553571428571429,-4.891791044776119,-3.4765625,-4.625,2.8933333333333335,-2.871739130434783,-1.55,-2.7155172413793105
2021-03-03,-10.689944134078212,-3.3663522012578615,-0.07598039215686274,-6.276785714285714,-1.4565217391304348,-3.044573643410853,-4.625,3.8636363636363638,-2.4512711864406778,7.625,-1.2923728813559323
2021-03-04,-11.32554945054945,-4.180124223602484,-0.441747572815534,-6.276785714285714,-1.4565217391304348,-3.3115384615384613,-4.625,3.5256410256410255,-2.7478991596638656,7.625,-1.0560344827586208
2021-03-05,-11.330645161290322,-5.026073619631902,-0.441747572815534,-6.276785714285714,-1.4565217391304348,-3.6393129770992365,-4.625,3.5256410256410255,-2.7478991596638656,7.625,-1.8220338983050848
2021-03-06,-11.330645161290322,-5.026073619631902,-0.441747572815534,-6.276785714285714,-1.4565217391304348,-3.6393129770992365,-4.625,3.5256410256410255,-2.7478991596638656,7.625,-1.8220338983050848
2021-03-07,-11.297554347826088,-4.303459119496855,-0.13383838383838384,-6.407407407407407,-1.349264705882353,-2.690944881889764,-4.625,4.152027027027027,-2.5630434782608695,7.625,-1.8060344827586208
2021-03-08,-10.533602150537634,-3.5617088607594938,1.1045918367346939,-6.211538461538462,-1.349264705882353,-1.8248031496062993,-4.096153846153846,4.345890410958904,-1.519736842105263,9.805555555555555,0.11637931034482758
2021-03-09,-11.691176470588236,-4.1572327044025155,0.9260204081632653,-5.34375,-2.861940298507463,-1.9625984251968505,-1.8181818181818181,3.7533783783783785,-1.6732456140350878,17.357142857142858,-0.7149122807017544
2021-03-10,-11.949468085106384,-3.0477707006369426,1.059278350515464,-3.3043478260869565,-1.8653846153846154,-1.752,-1.8181818181818181,3.969178082191781,-1.4330357142857142,28.958333333333332,1.956140350877193
2021-03-11,-12.781746031746032,-4.099683544303797,0.7860824742268041,-3.5520833333333335,-3.669230769230769,-1.964,-2.4375,3.606164383561644,-1.6696428571428572,28.958333333333332,1.7629310344827587
2021-03-12,-12.462041884816754,-3.5484375,0.5739795918367347,-3.5520833333333335,-2.0984848484848486,-1.3031496062992125,-2.4375,3.2871621621621623,-0.9385964912280702,28.958333333333332,1.7629310344827587
2021-03-13,-12.462041884816754,-3.5484375,0.5739795918367347,-3.5520833333333335,-2.0984848484848486,-1.3031496062992125,-2.4375,3.2871621621621623,-0.9385964912280702,28.958333333333332,1.7629310344827587
2021-03-14,-12.586436170212766,-3.5270700636942673,0.6649484536082474,-3.5520833333333335,-1.7884615384615385,-1.221774193548387,-2.4375,3.4452054794520546,-0.6830357142857143,28.958333333333332,2.1842105263157894
2021-03-15,-11.45187165775401,-2.8503184713375798,0.4639175257731959,-3.65625,-1.257936507936508,-0.18089430894308944,-2.6458333333333335,3.287671232876712,-1.170353982300885,37.75,1.0635593220338984
2021-03-16,-11.809139784946236,-2.780844155844156,0.5184210526315789,-3.65625,-0.6958333333333333,0.14705882352941177,-2.6458333333333335,3.782142857142857,-1.0272727272727273,37.75,1.0635593220338984
2021-03-17,-11.82620320855615,-2.801948051948052,0.23177083333333334,-3.9,-0.21982758620689655,-0.07916666666666666,-3.1923076923076925,3.3485915492957745,-1.2612612612612613,37.75,0.8833333333333333
2021-03-18,-12.895287958115183,-3.075806451612903,0.3026315789473684,-3.9,-0.9830508474576272,-0.11041666666666666,-3.1923076923076925,3.4892857142857143,-1.3909090909090909,37.75,0.5583333333333333
2021-03-19,-13.510309278350515,-3.1266025641025643,0.18489583333333334,-3.9,-1.15,-0.20041322314049587,-3.1923076923076925,3.285211267605634,-1.4774774774774775,37.75,0.5583333333333333
2021-03-20,-13.510309278350515,-3.1266025641025643,0.18489583333333334,-3.9,-1.15,-0.20041322314049587,-3.1923076923076925,3.285211267605634,-1.4774774774774775,37.75,0.5583333333333333
2021-03-21,-12.6282722513089,-2.425324675324675,0.2552083333333333,-3.2395833333333335,-1.3442622950819672,0.16041666666666668,-1.8125,3.380281690140845,-1.4166666666666667,37.75,0.902542372881356
2021-03-22,-12.76842105263158,-2.316993464052288,0.2657894736842105,-2.8152173913043477,-0.711864406779661,0.058333333333333334,-0.7954545454545454,3.109154929577465,-1.4227272727272726,37.75,1.1422413793103448
2021-03-23,-11.74609375,-0.75,0.8457446808510638,2.641304347826087,-1.0403225806451613,1.5426829268292683,-0.7954545454545454,4.472222222222222,-0.9380733944954128,37.75,2.8940677966101696
2021-03-24,-10.394132653061224,-0.8073248407643312,1.6196808510638299,2.0760869565217392,-2.390625,1.875,-1.9772727272727273,5.890845070422535,-0.5409090909090909,37.75,2.6737288135593222
2021-03-25,-10.16375,-0.7593167701863354,2.5416666666666665,0.6458333333333334,-3.640151515151515,2.2913385826771653,-1.9772727272727273,5.694444444444445,0.28794642857142855,37.75,1.9221311475409837
2021-03-26,-9.828048780487805,-0.4984848484848485,2.84,4.62,-2.597826086956522,2.5267175572519083,6.520833333333333,6.286666666666667,0.6228448275862069,48.125,3.1706349206349205
2021-03-27,-9.592821782178218,-0.6058282208588958,3.1198979591836733,4.62,-3.0588235294117645,2.7344961240310077,6.520833333333333,6.756849315068493,0.8245614035087719,48.125,3.1706349206349205
2021-03-28,-9.369346733668342,-0.4192546583850932,3.2809278350515463,5.59375,-2.917910447761194,3.0236220472440944,6.520833333333333,6.756849315068493,0.9424778761061947,48.125,3.524193548387097
2021-03-29,-8.761363636363637,-1.0667701863354038,2.885204081632653,3.6770833333333335,-4.335820895522388,2.615079365079365,7.454545454545454,6.63013698630137,0.6228070175438597,48.125,2.782258064516129
2021-03-30,-9.6,-1.5322085889570551,2.7780612244897958,3.2395833333333335,-5.101449275362318,2.19140625,6.5,6.486301369863014,0.28695652173913044,38.17857142857143,3.6640625
2021-03-31,-9.848258706467663,-1.4259259259259258,2.6792929292929295,3.869565217391304,-5.217391304347826,2.25,8.275,6.07,0.22413793103448276,46.416666666666664,4.146825396825397
2021-04-01,-10.285539215686274,-1.8072289156626506,2.2573529411764706,2.4375,-5.578571428571428,1.6590909090909092,8.275,5.6688311688311686,-0.35833333333333334,46.416666666666664,3.3
2021-04-02,-10.285539215686274,-1.8072289156626506,2.2573529411764706,2.4375,-5.578571428571428,1.6590909090909092,8.275,5.6688311688311686,-0.35833333333333334,46.416666666666664,3.3
2021-04-03,-10.285539215686274,-1.8072289156626506,2.2573529411764706,2.4375,-5.578571428571428,1.6590909090909092,8.275,5.6688311688311686,-0.35833333333333334,46.416666666666664,3.3
2021-04-04,-9.82625,-2.3064024390243905,2.301470588235294,2.4375,-5.507246376811594,0.9942748091603053,8.275,5.7272727272727275,-0.32083333333333336,46.416666666666664,3.515625
2021-04-05,-10.857868020304569,-2.240625,1.645,3.7934782608695654,-3.875,0.8255813953488372,8.275,4.233766233766234,-0.7649572649572649,46.416666666666664,4.491935483870968
2021-04-06,-12.03643216080402,-1.2984375,1.6875,3.7934782608695654,-4.093283582089552,2.154296875,8.275,4.288961038961039,0.202991452991453,46.416666666666664,4.782786885245901
2021-04-07,-11.340452261306533,-1.4565217391304348,1.875,1.78,-4.404411764705882,1.8634615384615385,6.318181818181818,4.532467532467533,0.2264957264957265,46.416666666666664,3.9523809523809526
2021-04-08,-11.3025,-1.470679012345679,1.7178217821782178,1.78,-4.882142857142857,1.8206106870229009,6.318181818181818,4.294871794871795,-0.09243697478991597,46.416666666666664,3.9523809523809526
2021-04-09,-11.264925373134329,-1.5506134969325154,1.5588235294117647,1.78,-5.017605633802817,1.696969696969697,6.318181818181818,4.294871794871795,-0.2125,46.416666666666664,3.9523809523809526
2021-04-10,-11.264925373134329,-1.5506134969325154,1.5588235294117647,1.78,-5.017605633802817,1.696969696969697,6.318181818181818,4.294871794871795,-0.2125,46.416666666666664,3.9523809523809526
2021-04-11,-11.384517766497462,-2.0234375,1.88,-1.7934782608695652,-6.398550724637682,1.9461538461538461,8.375,4.7894736842105265,0.029661016949152543,46.416666666666664,2.6762295081967213
2021-04-12,-11.850253807106599,-2.738993710691824,1.1505102040816326,-1.7934782608695652,-6.594202898550725,1.1,8.375,3.6033333333333335,-0.7628205128205128,46.416666666666664,2.8360655737704916
2021-04-13,-11.7260101010101,-3.6666666666666665,0.14285714285714285,-2.4479166666666665,-7.095588235294118,-0.03461538461538462,8.375,2.0592105263157894,-1.6688034188034189,46.416666666666664,2.5080645161290325
2021-04-14,-11.661167512690355,-3.6366459627329193,-0.15099009900990099,-2.4479166666666665,-6.977941176470588,-0.04198473282442748,8.375,1.794871794871795,-1.661764705882353,46.416666666666664,2.0390625
2021-04-15,-11.143401015228426,-3.134259259259259,-0.5456730769230769,-2.4479166666666665,-7.238970588235294,-0.462406015037594,8.375,1.2160493827160495,-1.0430327868852458,46.416666666666664,1.3461538461538463
2021-04-16,-11.29625,-3.216666666666667,-0.7429245283018868,-2.4479166666666665,-7.253571428571429,-0.462406015037594,8.375,0.9216867469879518,-1.2036290322580645,46.416666666666664,1.3461538461538463
2021-04-17,-11.29625,-3.216666666666667,-0.7429245283018868,-2.4479166666666665,-7.253571428571429,-0.462406015037594,8.375,0.9216867469879518,-1.2036290322580645,46.416666666666664,1.3461538461538463
2021-04-18,-11.47969543147208,-3.835889570552147,-1.6658653846153846,-2.82,-7.253571428571429,-1.1908396946564885,6.545454545454546,-0.3628048780487805,-1.9979508196721312,38.107142857142854,-0.29296875
2021-04-19,-11.516497461928934,-3.7839506172839505,-1.5631067961165048,-2.6041666666666665,-7.181159420289855,-1.1057692307692308,8.0,0.975609756097561,-1.9132231404958677,38.107142857142854,-0.17063492063492064
2021-04-20,-10.170854271356784,-4.367378048780488,-2.0235849056603774,-5.6875,-6.792253521126761,-1.105263157894737,8.0,0.6041666666666666,-2.2983870967741935,27.791666666666668,-1.3452380952380953
2021-04-21,-10.003787878787879,-4.416158536585366,-2.099056603773585,-5.6875,-8.440140845070422,-1.0549242424242424,8.0,0.5238095238095238,-2.3629032258064515,27.791666666666668,-3.1825396825396823
2021-04-22,-10.44875,-4.965361445783133,-2.1202830188679247,-7.22,-9.003424657534246,-1.394736842105263,8.0,0.49702380952380953,-2.381048387096774,27.791666666666668,-3.9609375
2021-04-23,-10.301980198019802,-4.854166666666667,-2.1202830188679247,-7.22,-9.003424657534246,-1.3092592592592593,8.0,0.49702380952380953,-2.381048387096774,27.791666666666668,-3.9609375
2021-04-24,-10.301980198019802,-4.854166666666667,-2.1202830188679247,-7.22,-9.003424657534246,-1.3092592592592593,8.0,0.49702380952380953,-2.381048387096774,27.791666666666668,-3.9609375
2021-04-25,-10.075,-4.797904191616767,-2.0047619047619047,-7.22,-9.003424657534246,-1.212686567164179,8.0,0.5993975903614458,-2.2845528455284554,27.791666666666668,-3.9609375
2021-04-26,-10.866995073891626,-4.894345238095238,-1.9071428571428573,-7.22,-9.402027027027026,-1.3592592592592592,8.0,0.7228915662650602,-2.201219512195122,27.791666666666668,-3.9609375
2021-04-27,-11.433417085427136,-5.975460122699387,-2.871359223300971,-11.0,-10.915492957746478,-2.769083969465649,-2.2222222222222223,0.7865853658536586,-2.7100840336134455,13.35,-3.5873015873015874
2021-04-28,-12.837179487179487,-6.543674698795181,-4.038095238095238,-11.0,-10.493150684931507,-3.488721804511278,-3.1,-0.7589285714285714,-3.725206611570248,9.291666666666666,-5.349206349206349
2021-04-29,-12.184278350515465,-7.469325153374233,-6.058252427184466,-11.0,-10.493150684931507,-4.578846153846154,-3.1,-3.216463414634146,-5.468487394957983,9.291666666666666,-4.782258064516129
2021-04-30,-11.83974358974359,-7.425304878048781,-5.709134615384615,-9.35,-10.35472972972973,-4.578846153846154,-0.06818181818181818,-3.216463414634146,-5.170833333333333,9.291666666666666,-4.226190476190476
2021-05-01,-12.931701030927835,-7.425304878048781,-5.709134615384615,-9.35,-10.35472972972973,-4.578846153846154,-0.06818181818181818,-3.216463414634146,-5.170833333333333,9.291666666666666,-4.226190476190476
2021-05-02,-11.56413612565445,-8.169753086419753,-5.70952380952381,-5.572916666666667,-9.702054794520548,-4.578846153846154,-0.06818181818181818,-3.246987951807229,-6.052083333333333,31.15,-4.364754098360656
2021-05-03,-11.214659685863875,-8.156441717791411,-5.423076923076923,-5.228260869565218,-9.949324324324325,-4.405038759689923,1.275,-2.8536585365853657,-5.86875,31.15,-4.225409836065574
2021-05-04,-11.813802083333334,-7.366564417177914,-6.446601941747573,-5.770833333333333,-9.681506849315069,-4.405038759689923,1.275,-4.1234567901234565,-4.795833333333333,31.15,-4.451612903225806
2021-05-05,-12.22265625,-7.203703703703703,-6.095,-5.770833333333333,-7.71875,-5.21484375,1.275,-3.8164556962025316,-5.670168067226891,31.15,-4.258196721311475
2021-05-06,-12.129441624365482,-6.795454545454546,-6.3088235294117645,-6.3,-6.6891891891891895,-4.7461832061068705,-0.5681818181818182,-4.1419753086419755,-4.989754098360656,31.15,-5.154761904761905
2021-05-07,-12.305555555555555,-6.206586826347305,-6.395631067961165,-2.2115384615384617,-5.3980263157894735,-4.825757575757576,-0.5681818181818182,-4.277439024390244,-4.225806451612903,31.15,-3.51171875
2021-05-08,-12.305555555555555,-6.206586826347305,-6.395631067961165,-2.2115384615384617,-5.3980263157894735,-4.825757575757576,-0.5681818181818182,-4.277439024390244,-4.225806451612903,31.15,-3.51171875
2021-05-09,-12.268041237113403,-6.012269938650307,-6.336633663366337,-2.2115384615384617,-5.033783783783784,-4.53515625,-0.5681818181818182,-4.15,-4.141393442622951,31.15,-3.3134920634920637
2021-05-10,-13.00897435897436,-6.403374233128834,-6.7181372549019605,-1.67,-5.736666666666666,-5.033203125,-0.5681818181818182,-4.23125,-4.383196721311475,31.15,-4.119047619047619
2021-05-11,-14.44559585492228,-6.604037267080745,-7.03,-1.67,-5.736666666666666,-5.267857142857143,-0.5681818181818182,-4.5673076923076925,-4.8429752066115705,31.15,-3.6733870967741935
2021-05-12,-13.222081218274111,-5.218944099378882,-6.202970297029703,-1.67,-5.408783783783784,-3.706692913385827,-0.5681818181818182,-3.144230769230769,-4.176229508196721,31.15,-3.6733870967741935
2021-05-13,-11.914141414141413,-5.0184049079754605,-5.0594059405940595,-1.67,-6.852739726027397,-2.797244094488189,-0.5681818181818182,-1.8386075949367089,-3.128099173553719,31.15,-4.165322580645161
2021-05-14,-12.83457711442786,-5.316666666666666,-5.134803921568627,-1.67,-6.852739726027397,-3.2131782945736433,-0.5681818181818182,-1.975,-3.206967213114754,31.15,-4.165322580645161
2021-05-15,-12.83457711442786,-5.316666666666666,-5.134803921568627,-1.67,-6.852739726027397,-3.2131782945736433,-0.5681818181818182,-1.975,-3.206967213114754,31.15,-4.165322580645161
2021-05-16,-12.87,-5.314024390243903,-5.128712871287129,-1.67,-6.852739726027397,-3.193359375,-0.5681818181818182,-1.9272151898734178,-3.1859504132231407,31.15,-4.139344262295082
2021-05-17,-12.3125,-4.634146341463414,-5.1375,-2.611111111111111,-7.0,-2.453488372093023,-1.9166666666666667,-2.0,-3.1770833333333335,31.15,-4.131147540983607
2021-05-18,-12.19375,-4.695121951219512,-5.2375,-2.611111111111111,-7.348684210526316,-2.5310077519379846,-1.9166666666666667,-1.655844155844156,-3.2604166666666665,31.15,-4.008333333333334
2021-05-19,-11.01865671641791,-3.9939024390243905,-5.23,-2.9910714285714284,-6.8141891891891895,-1.369140625,-2.7884615384615383,-1.9166666666666667,-3.092436974789916,31.15,-4.159836065573771
2021-05-20,-10.62,-3.1435185185185186,-4.770618556701031,0.5603448275862069,-6.457746478873239,-0.23412698412698413,-2.7884615384615383,-1.698051948051948,-2.489130434782609,31.15,-2.4798387096774195
2021-05-21,-10.61318407960199,-3.1809815950920246,-4.816326530612245,0.5603448275862069,-6.496527777777778,-0.3051181102362205,-2.7884615384615383,-1.794871794871795,-2.5474137931034484,31.15,-2.4798387096774195
2021-05-22,-10.61318407960199,-3.1809815950920246,-4.816326530612245,0.5603448275862069,-6.496527777777778,-0.3051181102362205,-2.7884615384615383,-1.794871794871795,-2.5474137931034484,31.15,-2.4798387096774195
2021-05-23,-9.811868686868687,-2.4390625,-4.630102040816326,2.2232142857142856,-6.123239436619718,0.7217741935483871,-2.7884615384615383,-1.9335443037974684,-2.141304347826087,31.15,-1.7663934426229508
2021-05-24,-9.39102564102564,-2.430817610062893,-4.502577319587629,3.490740740740741,-6.711805555555555,1.1454918032786885,-2.7884615384615383,-1.7403846153846154,-1.4464285714285714,31.15,-1.2625
2021-05-25,-8.3828125,-1.421474358974359,-4.218421052631579,6.0,-6.8493150684931505,1.995798319327731,-2.7884615384615383,-1.5526315789473684,-1.1454545454545455,31.15,0.5550847457627118
2021-05-26,-7.306578947368421,-0.9076433121019108,-3.8828125,4.419642857142857,-6.3125,2.3125,-3.0357142857142856,-1.7371794871794872,-0.8828828828828829,21.625,2.0889830508474576
2021-05-27,-7.536649214659686,-1.6367924528301887,-4.113636363636363,3.075,-6.570945945945946,1.5185950413223142,-3.55,-1.953125,-1.1608695652173913,21.625,1.4637096774193548
2021-05-28,-7.365284974093265,-1.5046583850931676,-4.294554455445544,3.967741935483871,-6.161184210526316,1.2784552845528456,-3.55,-2.0864197530864197,-0.9871794871794872,22.928571428571427,1.9285714285714286
2021-05-29,-6.8828125,-0.8890625,-4.294554455445544,3.967741935483871,-6.161184210526316,1.2784552845528456,-3.55,-2.0864197530864197,-0.9871794871794872,22.928571428571427,1.9285714285714286
2021-05-30,-5.9523809523809526,-0.28955696202531644,-4.0475,3.967741935483871,-6.161184210526316,2.097107438016529,-3.55,-1.75,-0.7456896551724138,22.928571428571427,1.9285714285714286
2021-05-31,-5.515789473684211,0.1949685534591195,-4.076732673267327,3.625,-6.161184210526316,2.2602459016393444,-3.765625,-1.8148148148148149,-0.7991452991452992,19.1875,1.7890625
2021-06-01,-6.868489583333333,-0.30974842767295596,-5.161764705882353,0.5161290322580645,-7.41554054054054,2.225806451612903,-3.765625,-3.0462962962962963,-0.5149572649572649,7.642857142857143,1.7421875
2021-06-02,-6.848167539267016,0.5254777070063694,-4.7225,0.5161290322580645,-7.41554054054054,2.706967213114754,-3.765625,-2.876543209876543,-0.05217391304347826,7.642857142857143,1.3692307692307693
2021-06-03,-6.85,1.1767515923566878,-4.732673267326732,0.5161290322580645,-7.826666666666667,3.0389344262295084,-3.765625,-2.9115853658536586,-0.10129310344827586,7.642857142857143,2.11328125
2021-06-04,-6.66243654822335,1.3209876543209877,-4.951923076923077,0.0,-7.826666666666667,2.380952380952381,-4.485294117647059,-3.130952380952381,-0.4096638655462185,7.642857142857143,1.6818181818181819
2021-06-05,-7.206632653061225,0.7080745341614907,-4.951923076923077,0.0,-7.826666666666667,1.6,-4.485294117647059,-3.130952380952381,-0.4096638655462185,7.642857142857143,1.6818181818181819
2021-06-06,-7.671875,0.0875,-5.970873786407767,0.0,-7.826666666666667,0.8064516129032258,-4.485294117647059,-3.130952380952381,-1.2605932203389831,7.642857142857143,0.16923076923076924
2021-06-07,-5.815159574468085,0.7468553459119497,-5.737864077669903,-0.4696969696969697,-7.826666666666667,1.0,-5.097222222222222,-2.6927710843373496,-1.0572033898305084,7.642857142857143,1.1730769230769231
2021-06-08,-5.692204301075269,-0.18711656441717792,-5.814285714285714,-2.8714285714285714,-8.542763157894736,1.0703125,-5.097222222222222,-2.8588235294117648,-1.2020833333333334,7.642857142857143,-0.7985074626865671
2021-06-09,-5.183783783783784,0.42746913580246915,-5.816666666666666,-3.5214285714285714,-6.4243421052631575,1.068359375,-4.852941176470588,-2.861764705882353,-1.2041666666666666,7.642857142857143,-0.8656716417910447
2021-06-10,-4.538770053475936,-0.14969135802469136,-5.7004716981132075,-3.5972222222222223,-7.843333333333334,0.337890625,-4.930555555555555,-2.752906976744186,-1.9833333333333334,7.642857142857143,-0.9448529411764706
2021-06-11,-4.354497354497354,-0.2972560975609756,-5.72196261682243,-3.5972222222222223,-7.843333333333334,0.14423076923076922,-4.930555555555555,-2.8132183908045976,-2.151639344262295,7.642857142857143,-0.9448529411764706
2021-06-12,-4.354497354497354,-0.2972560975609756,-5.72196261682243,-3.5972222222222223,-7.843333333333334,0.14423076923076922,-4.930555555555555,-2.8132183908045976,-2.151639344262295,7.642857142857143,-0.9448529411764706
2021-06-13,-5.327540106951871,-0.5796875,-5.3485576923076925,-3.2,-7.843333333333334,-0.3799212598425197,-4.1911764705882355,-2.4911764705882353,-1.4427966101694916,7.642857142857143,0.19230769230769232
2021-06-14,-5.1,-0.6956521739130435,-5.247619047619048,-3.3819444444444446,-7.843333333333334,-0.419921875,-4.5,-2.5261627906976742,-1.3865546218487395,7.642857142857143,-0.041044776119402986
2021-06-15,-4.925271739130435,-0.5357142857142857,-4.822115384615385,-2.9930555555555554,-7.644230769230769,-0.21875,-4.1911764705882355,-1.973529411764706,-1.1029411764705883,7.642857142857143,0.16791044776119404
2021-06-16,-3.278688524590164,-0.09662576687116564,-4.8619047619047615,-2.9930555555555554,-6.875,0.12115384615384615,-4.1911764705882355,-2.0552325581395348,-0.5916666666666667,7.642857142857143,0.5149253731343284
2021-06-17,-2.0724043715846996,0.4954268292682927,-4.890476190476191,-0.5723684210526315,-6.82,0.8606870229007634,-4.736111111111111,-2.0901162790697674,0.21487603305785125,7.642857142857143,1.7463768115942029
2021-06-18,-2.1662162162162164,0.3984848484848485,-4.990566037735849,-0.9551282051282052,-6.934210526315789,0.7367424242424242,-5.302631578947368,-2.2442528735632186,0.0860655737704918,4.75,1.5
2021-06-19,-2.1073369565217392,0.4801829268292683,-4.914285714285715,-0.9551282051282052,-6.8533333333333335,0.8416030534351145,-5.302631578947368,-2.119186046511628,0.19421487603305784,4.75,1.5
2021-06-20,-1.9052197802197801,0.7391975308641975,-4.611650485436893,-0.9551282051282052,-6.8533333333333335,1.1724806201550388,-5.302631578947368,-1.681547619047619,0.542016806722689,4.75,1.5
2021-06-21,-2.941666666666667,-0.6335403726708074,-5.311274509803922,-4.92948717948718,-7.4520547945205475,-0.55078125,-5.302631578947368,-2.5060240963855422,-0.019067796610169493,-1.8888888888888888,-0.18571428571428572
2021-06-22,-3.6983240223463687,0.05188679245283019,-5.9950495049504955,-4.416666666666667,-4.894366197183099,-0.8273809523809523,-4.25,-3.5572289156626504,-0.3103448275862069,-1.8888888888888888,1.5070422535211268
2021-06-23,-4.011173184357542,-0.300314465408805,-7.198529411764706,-4.16875,-4.080985915492958,-1.687007874015748,-5.119047619047619,-3.5813253012048194,-1.5190677966101696,-1.8888888888888888,1.4756944444444444
2021-06-24,-3.7005649717514126,-0.06761006289308176,-6.83578431372549,-6.839743589743589,-5.264084507042254,-1.3956692913385826,-10.375,-3.2650602409638556,-1.2055084745762712,-14.625,1.6631944444444444
2021-06-25,-3.543296089385475,-0.05124223602484472,-6.83578431372549,-7.11875,-5.085616438356165,-1.3956692913385826,-10.375,-3.2650602409638556,-1.2055084745762712,-14.625,1.393835616438356
2021-06-26,-3.543296089385475,-0.05124223602484472,-6.83578431372549,-7.11875,-5.085616438356165,-1.3956692913385826,-10.375,-3.2650602409638556,-1.2055084745762712,-14.625,1.393835616438356
2021-06-27,-4.362994350282486,0.34276729559748426,-6.58,-6.0256410256410255,-4.465277777777778,-1.3035714285714286,-10.375,-3.1463414634146343,-0.8879310344827587,-14.625,2.1041666666666665
2021-06-28,-3.9389204545454546,1.3955696202531647,-6.435,-5.618421052631579,-3.7142857142857144,-1.106,-9.789473684210526,-2.9695121951219514,0.4,-13.642857142857142,2.5
2021-06-29,-2.930635838150289,2.1130573248407645,-6.445,-5.618421052631579,-2.2464285714285714,-0.21774193548387097,-9.789473684210526,-2.8549382716049383,1.3793859649122806,-13.642857142857142,3.75
2021-06-30,-2.300578034682081,2.5064102564102564,-6.283163265306122,-4.945945945945946,-1.8369565217391304,0.4426229508196721,-9.789473684210526,-2.734375,1.981981981981982,-13.642857142857142,4.160714285714286
2021-07-01,-2.2951977401129944,2.1740506329113924,-6.313131313131313,-5.910256410256411,-2.454225352112676,0.05241935483870968,-9.7625,-2.814814814814815,1.8816964285714286,-13.09375,3.3854166666666665
2021-07-02,-2.316011235955056,2.1226415094339623,-6.31,-5.910256410256411,-2.454225352112676,0.004,-9.7625,-2.8536585365853657,1.8119469026548674,-13.09375,3.3854166666666665
2021-07-03,-2.2951977401129944,2.1740506329113924,-6.313131313131313,-5.910256410256411,-2.454225352112676,0.05241935483870968,-9.7625,-2.814814814814815,1.8816964285714286,-13.09375,3.3854166666666665
2021-07-04,-2.0171428571428573,2.5096153846153846,-6.224489795918367,-5.910256410256411,-2.454225352112676,0.44672131147540983,-9.7625,-2.6625,2.352272727272727,-13.09375,3.3854166666666665
2021-07-05,-2.0568181818181817,1.7784810126582278,-6.237623762376238,-5.910256410256411,-2.4280821917808217,-0.532258064516129,-9.7625,-2.8072289156626504,1.1482300884955752,-13.09375,3.10472972972973
2021-07-06,-1.96045197740113,2.017405063291139,-6.215346534653466,-5.074324324324325,-2.2837837837837838,-0.17479674796747968,-9.578947368421053,-2.7801204819277108,1.2105263157894737,-13.09375,3.7847222222222223
2021-07-07,-1.3072625698324023,2.7955974842767297,-5.161764705882353,-5.074324324324325,-0.3664383561643836,0.8394308943089431,-9.578947368421053,-2.643292682926829,2.3048245614035086,-13.09375,3.7847222222222223
2021-07-08,-0.8652777777777778,2.7641509433962264,-5.21078431372549,-5.453947368421052,-0.1701388888888889,0.7987804878048781,-10.075,-2.643292682926829,2.2609649122807016,-13.09375,3.4657534246575343
2021-07-09,-0.36675824175824173,3.282608695652174,-4.2548076923076925,-2.75,-0.1701388888888889,1.498,-4.833333333333333,-1.5208333333333333,2.9892241379310347,-13.09375,4.77027027027027
2021-07-10,-0.36675824175824173,3.282608695652174,-4.2548076923076925,-2.75,-0.1701388888888889,1.498,-4.833333333333333,-1.5208333333333333,2.9892241379310347,-13.09375,4.77027027027027
2021-07-11,0.011235955056179775,3.6693037974683542,-4.193627450980392,-2.75,0.49642857142857144,1.725609756097561,-4.833333333333333,-1.3780487804878048,3.353982300884956,-13.09375,5.107638888888889
2021-07-12,-0.17372881355932204,3.5474683544303796,-4.235148514851486,-2.361842105263158,0.6607142857142857,1.9173553719008265,-4.833333333333333,-1.253125,3.4486607142857144,-13.09375,4.801369863013699
2021-07-13,0.09691011235955056,3.6019108280254777,-4.2075,-2.361842105263158,0.855072463768116,1.75,-4.833333333333333,-1.1962025316455696,3.524774774774775,-13.09375,5.288732394366197
2021-07-14,-0.7248603351955307,2.8259493670886076,-4.037878787878788,-2.361842105263158,0.25,1.3135245901639345,-4.833333333333333,-0.9423076923076923,2.484234234234234,-13.09375,5.295774647887324
2021-07-15,0.054775280898876406,2.8525641025641026,-4.104591836734694,-2.361842105263158,0.48880597014925375,1.103658536585366,-4.833333333333333,-0.6776315789473685,2.484090909090909,-13.09375,5.295774647887324
2021-07-16,-0.2969613259668508,2.615506329113924,-4.24,-2.5576923076923075,0.15942028985507245,0.832,-5.068181818181818,-0.9391025641025641,2.15625,-13.09375,5.083333333333333
2021-07-17,-0.2969613259668508,2.615506329113924,-4.24,-2.3157894736842106,0.15942028985507245,0.832,-4.75,-0.7987012987012987,2.15625,-13.285714285714286,5.320422535211268
2021-07-18,-0.1005586592178771,2.7356687898089174,-4.1186868686868685,-2.3157894736842106,0.4007352941176471,0.969758064516129,-4.75,-2.05,2.3220720720720722,-13.285714285714286,5.320422535211268
2021-07-19,-1.9594972067039107,2.5,-3.7783505154639174,-3.3223684210526314,0.21212121212121213,0.6565040650406504,-5.090909090909091,-1.847972972972973,3.3840909090909093,-13.285714285714286,4.291666666666667
2021-07-20,-2.8435754189944134,2.021103896103896,-3.5963541666666665,-3.3223684210526314,0.734375,-0.11270491803278689,-5.090909090909091,-1.7939189189189189,3.610091743119266,-13.285714285714286,4.573943661971831
2021-07-21,-2.6033519553072626,2.3685064935064934,-3.5755208333333335,-3.5125,1.2936507936507937,-0.11382113821138211,-5.391304347826087,-1.7668918918918919,3.1463963963963963,-13.285714285714286,4.600694444444445
2021-07-22,-3.106741573033708,2.0387096774193547,-3.871212121212121,-3.774390243902439,0.8307692307692308,-0.5060483870967742,-5.760416666666667,-2.0592105263157894,2.712719298245614,-13.285714285714286,4.342465753424658
2021-07-23,-3.1634078212290504,1.9407051282051282,-3.965,-3.774390243902439,0.696969696969697,-0.608,-5.760416666666667,-2.1363636363636362,2.5739130434782607,-13.285714285714286,4.342465753424658
2021-07-24,-3.1634078212290504,1.9407051282051282,-3.965,-3.774390243902439,0.696969696969697,-0.608,-5.760416666666667,-2.1363636363636362,2.5739130434782607,-13.285714285714286,4.342465753424658
2021-07-25,-2.7400568181818183,2.108064516129032,-4.0375,-3.9761904761904763,1.3461538461538463,-0.41935483870967744,-6.02,-2.2305194805194803,2.510869565217391,-13.15625,4.118243243243243
2021-07-26,-3.4096045197740112,1.1898734177215189,-5.165,-3.9431818181818183,1.208955223880597,-1.4126984126984128,-6.02,-3.575657894736842,1.6637931034482758,-14.305555555555555,2.6433333333333335
2021-07-27,-4.255586592178771,1.0961538461538463,-5.0561224489795915,-3.8579545454545454,0.9810606060606061,-1.6028225806451613,-5.87,-3.3885135135135136,1.8771929824561404,-14.71875,2.6933333333333334
2021-07-28,-3.974860335195531,0.7848101265822784,-5.0561224489795915,-4.883333333333334,0.9810606060606061,-1.6028225806451613,-5.87,-3.3885135135135136,1.8771929824561404,-18.63888888888889,2.0
2021-07-29,-4.666201117318436,0.6713836477987422,-5.487373737373737,-5.681818181818182,0.8106060606060606,-1.7162698412698412,-7.375,-3.5296052631578947,1.4456521739130435,-18.63888888888889,1.6233333333333333
2021-07-30,-4.2154696132596685,1.2921875,-5.6025,-5.681818181818182,0.5447761194029851,-2.0390625,-7.375,-3.5296052631578947,1.0384615384615385,-18.63888888888889,2.9177631578947367
2021-07-31,-4.2154696132596685,1.3364779874213837,-5.601010101010101,-5.681818181818182,0.5447761194029851,-2.0390625,-7.375,-3.5,1.0969827586206897,-18.63888888888889,2.9177631578947367
2021-08-01,-4.60754189944134,1.5636942675159236,-5.607142857142857,-5.681818181818182,0.9772727272727273,-2.0390625,-7.375,-3.47972972972973,1.15,-18.63888888888889,3.0233333333333334
2021-08-02,-3.405027932960894,0.8471337579617835,-5.6767676767676765,-5.3895348837209305,-0.7272727272727273,-2.12015503875969,-7.375,-3.6,0.17173913043478262,-18.63888888888889,3.310810810810811
2021-08-03,-3.4452247191011236,0.125,-5.66919191919192,-5.596590909090909,-2.599264705882353,-2.353846153846154,-7.66,-3.59,0.1782608695652174,-18.63888888888889,3.0733333333333333
2021-08-04,-3.153735632183908,-0.30063291139240506,-5.53,-5.295454545454546,-3.534090909090909,-2.681640625,-7.13,-3.3266666666666667,-0.6195652173913043,-17.35,3.75
2021-08-05,-2.527142857142857,-0.4591194968553459,-5.5661764705882355,-8.051136363636363,-5.1940298507462686,-2.7906976744186047,-7.13,-3.3421052631578947,-1.603448275862069,-17.35,2.1333333333333333
2021-08-06,-2.6508379888268156,-0.49228395061728397,-5.560679611650485,-8.051136363636363,-4.900735294117647,-2.778409090909091,-7.13,-3.3636363636363638,-1.7055084745762712,-17.35,2.0448717948717947
2021-08-07,-2.6508379888268156,-0.49228395061728397,-5.560679611650485,-8.051136363636363,-4.900735294117647,-2.778409090909091,-7.13,-3.3636363636363638,-1.7055084745762712,-17.35,2.0448717948717947
2021-08-08,-1.6685714285714286,-0.1796875,-5.165841584158416,-8.051136363636363,-4.454545454545454,-2.4288461538461537,-7.13,-3.2467105263157894,-1.2952586206896552,-17.35,2.6151315789473686
2021-08-09,-0.9815340909090909,0.049689440993788817,-5.220588235294118,-7.561111111111111,-4.548507462686567,-2.0634615384615387,-7.13,-3.2987012987012987,-1.0991379310344827,-17.35,2.762987012987013
2021-08-10,-2.1123595505617976,-1.1728395061728396,-6.0,-7.640625,-4.6268115942028984,-3.4282945736434107,-7.12037037037037,-4.69620253164557,-1.9110169491525424,-15.625,2.328125
2021-08-11,-2.946327683615819,-2.2065217391304346,-7.114077669902913,-8.061224489795919,-4.964285714285714,-4.501923076923077,-7.12037037037037,-6.038461538461538,-2.8834745762711864,-15.625,1.10625
2021-08-12,-1.3177966101694916,-2.0683229813664594,-7.128640776699029,-8.355,-5.340277777777778,-4.3307692307692305,-7.12037037037037,-6.0576923076923075,-2.8961864406779663,-15.625,0.6280487804878049
2021-08-13,-1.5279329608938548,-2.038109756097561,-7.133333333333334,-8.318627450980392,-5.082191780821918,-4.242481203007519,-7.098214285714286,-6.090625,-2.970833333333333,-14.923076923076923,0.5421686746987951
2021-08-14,-1.5279329608938548,-2.038109756097561,-7.133333333333334,-8.318627450980392,-5.082191780821918,-4.242481203007519,-7.098214285714286,-6.090625,-2.970833333333333,-14.923076923076923,0.5421686746987951
2021-08-15,-2.0720338983050848,-2.638888888888889,-7.040865384615385,-8.071428571428571,-4.820422535211268,-4.888461538461539,-6.7407407407407405,-5.955696202531645,-2.8550420168067228,-14.923076923076923,0.9104938271604939
2021-08-16,-1.1779661016949152,-2.759259259259259,-6.817961165048544,-8.071428571428571,-5.017857142857143,-5.038461538461538,-6.7407407407407405,-5.955696202531645,-2.625,-14.923076923076923,0.7713414634146342
2021-08-17,-1.1091954022988506,-2.339622641509434,-5.5245098039215685,-5.760204081632653,-4.898550724637682,-4.814453125,-2.5462962962962963,-4.253205128205129,-1.4615384615384615,-6.714285714285714,2.152439024390244
2021-08-18,-0.8318713450292398,-2.8259493670886076,-5.572815533980583,-7.963541666666667,-4.4411764705882355,-5.438976377952756,-2.5462962962962963,-4.332278481012659,-1.5381355932203389,-6.714285714285714,0.9444444444444444
2021-08-19,0.059322033898305086,-1.5797546012269938,-5.335714285714285,-8.270408163265307,-4.643382352941177,-3.654580152671756,-3.2767857142857144,-3.81875,-1.5909090909090908,-7.8,0.8958333333333334
2021-08-20,-0.05337078651685393,-1.5797546012269938,-5.335714285714285,-8.270408163265307,-4.643382352941177,-3.654580152671756,-3.2767857142857144,-3.81875,-1.5909090909090908,-7.8,0.8958333333333334
2021-08-21,0.018361581920903956,-1.5108024691358024,-5.264423076923077,-8.270408163265307,-4.643382352941177,-3.5846153846153848,-3.2767857142857144,-3.7056962025316458,-1.4979166666666666,-7.8,0.8958333333333334
2021-08-22,0.324438202247191,-1.087962962962963,-5.278301886792453,-8.225,-3.5643939393939394,-3.3893129770992365,-3.3706896551724137,-3.7623456790123457,-1.5717213114754098,-7.6875,0.8147058823529412
2021-08-23,0.17837078651685392,-1.1805555555555556,-5.202830188679245,-8.225,-3.5597014925373136,-3.3882575757575757,-3.3706896551724137,-3.823170731707317,-1.5061475409836065,-7.6875,0.5441176470588235
2021-08-24,0.2053072625698324,-1.0648148148148149,-5.224537037037037,-7.905,-3.6323529411764706,-3.268796992481203,-3.591666666666667,-3.8839285714285716,-1.5528455284552845,-6.466666666666667,0.7323529411764705
2021-08-25,0.2125,-1.0582822085889572,-5.090277777777778,-7.591836734693878,-3.289855072463768,-3.361940298507463,-3.5083333333333333,-3.8294117647058825,-1.4754098360655739,-6.578125,1.0421686746987953
2021-08-26,0.18406593406593408,-1.0742424242424242,-4.9485981308411215,-8.520408163265307,-3.823529411764706,-3.020220588235294,-3.5083333333333333,-3.7529411764705882,-1.68801652892562,-9.066666666666666,0.41369047619047616
2021-08-27,-0.13378378378378378,-1.1901197604790419,-5.055045871559633,-8.555,-3.931159420289855,-3.1322463768115942,-3.725806451612903,-3.828488372093023,-1.8353658536585367,-9.066666666666666,0.28823529411764703
2021-08-28,-0.13378378378378378,-1.1901197604790419,-5.055045871559633,-8.555,-3.931159420289855,-3.1322463768115942,-3.725806451612903,-3.828488372093023,-1.8353658536585367,-9.066666666666666,0.28823529411764703
2021-08-29,-0.30601092896174864,-1.3924242424242423,-5.037037037037037,-8.58673469387755,-3.931159420289855,-3.0036764705882355,-3.6166666666666667,-3.791176470588235,-1.7930327868852458,-9.214285714285714,0.375
2021-08-30,0.5321229050279329,-1.845679012345679,-4.935185185185185,-8.58673469387755,-5.459558823529412,-3.575187969924812,-3.6166666666666667,-2.5319767441860463,-2.5922131147540983,-9.214285714285714,-0.6707317073170732
2021-08-31,0.7923728813559322,-1.8688271604938271,-4.93287037037037,-8.58673469387755,-5.803571428571429,-3.5733082706766917,-3.6166666666666667,-2.5290697674418605,-2.5901639344262297,-9.214285714285714,-0.7195121951219512
2021-09-01,1.0568181818181819,-1.7608024691358024,-4.962962962962963,-8.769607843137255,-5.385714285714286,-3.701492537313433,-3.7903225806451615,-2.566860465116279,-2.6168032786885247,-9.2,-1.0178571428571428
2021-09-02,1.1647058823529413,-1.3575949367088607,-3.7641509433962264,-8.625,-3.9014084507042255,-2.482824427480916,-3.3833333333333333,-1.1352941176470588,-1.51875,-9.2,-0.7469512195121951
2021-09-03,0.8837209302325582,-1.628125,-3.7641509433962264,-8.705882352941176,-4.065972222222222,-2.482824427480916,-3.3833333333333333,-1.1352941176470588,-1.6363636363636365,-9.2,-0.891566265060241
2021-09-04,0.8837209302325582,-1.628125,-3.7641509433962264,-8.705882352941176,-4.065972222222222,-2.482824427480916,-3.3833333333333333,-1.1352941176470588,-1.6363636363636365,-9.2,-0.891566265060241
2021-09-05,1.0514705882352942,-1.4794303797468353,-3.579326923076923,-8.57,-4.065972222222222,-2.313953488372093,-2.9655172413793105,-1.0148809523809523,-1.4390756302521008,-9.2,-0.7134146341463414
2021-09-06,1.0970588235294119,-0.9209677419354839,-2.9903846153846154,-6.928571428571429,-3.2464788732394365,-2.0892857142857144,-2.7333333333333334,-0.2857142857142857,-0.9243697478991597,-9.2,0.24375
2021-09-07,1.373546511627907,-0.8623417721518988,-2.7735849056603774,-6.301020408163265,-3.97972972972973,-2.1875,-2.7333333333333334,-0.08139534883720931,-0.768595041322314,-9.2,0.4
2021-09-08,-0.0043859649122807015,-0.1449044585987261,-2.7214285714285715,-6.302083333333333,-2.5933333333333333,-1.311023622047244,-2.6120689655172415,0.014705882352941176,0.17083333333333334,-9.2,0.48417721518987344
2021-09-09,0.3669590643274854,0.5796178343949044,-1.778301886792453,-4.13265306122449,-1.3668831168831168,-0.4153543307086614,-2.6120689655172415,1.1453488372093024,1.11875,-9.2,1.728125
2021-09-10,0.13352272727272727,0.4669811320754717,-1.900462962962963,-4.195,-1.3668831168831168,-0.5387596899224806,-2.7666666666666666,0.9289772727272727,0.9631147540983607,-9.2,1.617283950617284
2021-09-11,0.13352272727272727,0.4669811320754717,-1.900462962962963,-4.195,-1.3668831168831168,-0.5387596899224806,-2.7666666666666666,0.9289772727272727,0.9631147540983607,-9.2,1.617283950617284
2021-09-12,0.41761363636363635,0.694620253164557,-1.8154205607476634,-4.085,-1.3668831168831168,-0.5290697674418605,-2.5833333333333335,0.9431818181818182,1.06198347107438,-9.2,1.775
2021-09-13,0.26420454545454547,0.606687898089172,-2.1728971962616823,-4.255102040816326,-1.3141891891891893,-0.646484375,-2.5833333333333335,0.6867816091954023,0.8833333333333333,-9.2,1.7436708860759493
2021-09-14,-0.22869318181818182,0.054140127388535034,-2.2009345794392523,-5.681372549019608,-2.4006410256410255,-1.068359375,-2.5833333333333335,0.6522988505747126,0.3958333333333333,-9.2,0.81875
2021-09-15,0.16285714285714287,-0.3069620253164557,-1.1355140186915889,-8.355,-2.7373417721518987,-2.294921875,-2.189655172413793,1.9626436781609196,0.5168067226890757,-11.25,-0.7911392405063291
2021-09-16,1.2028571428571428,0.90625,-0.056074766355140186,-6.045,-1.534375,-0.6065891472868217,1.793103448275862,2.1656976744186047,1.4873949579831933,-10.966666666666667,1.9125
2021-09-17,0.7053072625698324,0.7903726708074534,-0.056074766355140186,-6.045,-1.7345679012345678,-0.6065891472868217,1.793103448275862,2.1656976744186047,1.3270833333333334,-10.966666666666667,1.9125
2021-09-18,0.7053072625698324,0.7903726708074534,-0.056074766355140186,-6.045,-1.7345679012345678,-0.6065891472868217,1.793103448275862,2.1656976744186047,1.3270833333333334,-10.966666666666667,1.9125
2021-09-19,1.047752808988764,1.7279874213836477,-0.12857142857142856,-2.945,-1.8734177215189873,0.5452755905511811,1.793103448275862,2.1279761904761907,1.2860169491525424,-0.6333333333333333,3.8525641025641026
2021-09-20,0.5210674157303371,1.4606918238993711,-0.5333333333333333,-2.933673469387755,-3.3987341772151898,0.990234375,1.9821428571428572,2.298780487804878,1.7584033613445378,-0.6333333333333333,2.6842105263157894
2021-09-21,0.9176136363636364,1.2884615384615385,-0.2645631067961165,-2.4893617021276597,-3.103896103896104,0.764,3.1634615384615383,2.323170731707317,2.1767241379310347,-0.6333333333333333,3.3595890410958904
2021-09-22,0.2714285714285714,0.5909090909090909,-1.358910891089109,-2.4893617021276597,-3.0833333333333335,-0.11788617886178862,3.1634615384615383,0.8611111111111112,1.25,-0.6333333333333333,2.102112676056338
2021-09-23,-0.5323033707865169,-0.09554140127388536,-1.6553398058252426,-2.5364583333333335,-3.56,-0.921875,2.5462962962962963,0.4397590361445783,0.7200854700854701,-1.4375,1.7089041095890412
2021-09-24,-0.6402777777777777,0.32547169811320753,-1.6553398058252426,-2.5364583333333335,-2.1973684210526314,-1.1724806201550388,2.5462962962962963,0.4397590361445783,0.7200854700854701,-1.4375,1.7089041095890412
2021-09-25,-0.6402777777777777,0.32547169811320753,-1.6553398058252426,-2.5364583333333335,-2.1973684210526314,-1.1724806201550388,2.5462962962962963,0.4397590361445783,0.7200854700854701,-1.4375,1.7089041095890412
2021-09-26,-0.41201117318435754,-0.2563291139240506,-1.7354368932038835,-2.5364583333333335,-2.1973684210526314,-1.1124031007751938,2.5462962962962963,0.34036144578313254,-0.26495726495726496,-1.4375,0.6725352112676056
2021-09-27,-1.9107142857142858,-1.340625,-1.6495098039215685,-2.5364583333333335,-2.5096153846153846,-2.4236641221374047,2.5462962962962963,0.3072289156626506,-1.1346153846153846,-1.4375,-1.0950704225352113
2021-09-28,-2.25,-1.295031055900621,0.09375,-2.5364583333333335,-2.8702531645569622,-2.3106060606060606,2.5462962962962963,1.5873493975903614,-0.7205882352941176,-1.4375,0.18055555555555555
2021-09-29,-2.8152173913043477,-1.4425465838509317,0.9547619047619048,-2.771276595744681,-2.3279220779220777,-2.490530303030303,2.1944444444444446,2.6458333333333335,0.03958333333333333,-0.9166666666666666,-0.14930555555555555
2021-09-30,-2.692513368983957,-1.6558641975308641,0.9142857142857143,-2.9270833333333335,-2.7051282051282053,-2.742481203007519,1.75,2.5952380952380953,-0.25826446280991733,-0.9166666666666666,-0.2876712328767123
2021-10-01,-1.6653439153439153,-1.2348484848484849,0.6768867924528302,-2.9270833333333335,-1.4050632911392404,-2.9029850746268657,1.75,2.2794117647058822,-0.45491803278688525,-0.9166666666666666,1.0675675675675675
2021-10-02,-1.6653439153439153,-1.2348484848484849,0.6768867924528302,-2.9270833333333335,-1.4050632911392404,-2.9029850746268657,1.75,2.2794117647058822,-0.45491803278688525,-0.9166666666666666,1.0675675675675675
2021-10-03,-1.5445945945945947,-1.0854037267080745,0.9877450980392157,-2.9270833333333335,-1.1776315789473684,-2.812977099236641,1.75,2.75,-0.2245762711864407,-0.9166666666666666,1.2916666666666667
2021-10-04,-0.553475935828877,-1.663109756097561,0.19471153846153846,-6.299019607843137,-1.5033333333333334,-2.6136363636363638,0.3793103448275862,2.558641975308642,-0.8151260504201681,-3.875,-2.0779220779220777
2021-10-05,-0.8085106382978723,-2.2893939393939395,0.125,-6.299019607843137,-2.875,-3.225563909774436,0.3793103448275862,3.460843373493976,-0.8760504201680672,-3.875,-2.3076923076923075
2021-10-06,-1.768041237113402,-2.210059171597633,-0.4528301886792453,-6.4754901960784315,-3.1933333333333334,-2.8676470588235294,0.06896551724137931,3.460843373493976,-0.5348360655737705,-3.875,-2.423076923076923
2021-10-07,-2.439432989690722,-2.945266272189349,-1.625,-8.754901960784315,-3.5681818181818183,-3.78125,-3.939655172413793,1.963855421686747,-1.5532786885245902,-3.875,-3.9134615384615383
2021-10-08,-2.3718274111675126,-3.2107558139534884,-1.8703703703703705,-7.793269230769231,-2.9935897435897436,-3.9420289855072466,-3.939655172413793,1.5676470588235294,-1.7681451612903225,-3.875,-3.490625
2021-10-09,-2.3718274111675126,-3.2107558139534884,-1.8703703703703705,-7.793269230769231,-2.9935897435897436,-3.9420289855072466,-3.939655172413793,1.5676470588235294,-1.7681451612903225,-3.875,-3.490625
2021-10-10,-1.958762886597938,-2.8482142857142856,-1.6886792452830188,-7.793269230769231,-2.7697368421052633,-3.744485294117647,-3.939655172413793,1.7083333333333333,-1.6086065573770492,-3.875,-3.1346153846153846
2021-10-11,-1.8445595854922279,-2.81437125748503,-1.5142857142857142,-7.793269230769231,-2.762987012987013,-3.7092592592592593,-3.939655172413793,1.8095238095238095,-1.5516528925619835,-3.875,-3.1346153846153846
2021-10-12,-0.9677835051546392,-1.962797619047619,-2.074766355140187,-8.212264150943396,-0.00641025641025641,-3.2427007299270074,-3.939655172413793,1.9789156626506024,-1.0670731707317074,-3.875,-3.8474025974025974
2021-10-13,-1.5438144329896908,-1.8278443113772456,-1.8632075471698113,-8.212264150943396,-0.00641025641025641,-3.0863970588235294,-3.939655172413793,1.9789156626506024,-0.875,-3.875,-3.8474025974025974
2021-10-14,-0.9468911917098446,-1.0451807228915662,-1.8023809523809524,-8.177884615384615,1.5746753246753247,-2.1333333333333333,-3.7232142857142856,2.1036585365853657,-0.731404958677686,-3.875,-2.418831168831169
2021-10-15,-0.45489690721649484,-0.47305389221556887,-1.9602803738317758,-6.240566037735849,2.766025641025641,-1.4227941176470589,-3.7232142857142856,1.8095238095238095,-0.8861788617886179,1.911764705882353,-1.1762820512820513
2021-10-16,-0.45489690721649484,-0.47305389221556887,-1.9602803738317758,-6.240566037735849,2.766025641025641,-1.4227941176470589,-3.7232142857142856,1.8095238095238095,-0.8861788617886179,1.911764705882353,-1.1762820512820513
2021-10-17,0.2238219895287958,-0.2196969696969697,-1.8632075471698113,-6.125,2.766025641025641,-1.125,-3.4074074074074074,1.9789156626506024,-1.4049586776859504,1.911764705882353,-0.6447368421052632
2021-10-18,1.1822916666666667,0.3158682634730539,-2.1319444444444446,-6.2924528301886795,3.9968354430379747,-0.4540441176470588,-3.8214285714285716,1.8244047619047619,-1.6483739837398375,0.9722222222222222,-0.8311688311688312
2021-10-19,2.0907894736842105,1.230421686746988,-1.146788990825688,-5.505,4.3493589743589745,-0.22962962962962963,-3.5185185185185186,1.8869047619047619,-0.42008196721311475,0.9722222222222222,1.2566666666666666
2021-10-20,2.643979057591623,1.6818181818181819,-0.9182242990654206,-5.76,4.8256578947368425,0.12407407407407407,-3.105769230769231,2.2469512195121952,-0.20416666666666666,0.9722222222222222,1.8651315789473684
2021-10-21,2.1435897435897435,2.2559880239520957,-1.0763888888888888,-5.985294117647059,6.165584415584416,0.09375,-3.6296296296296298,2.373456790123457,-0.3512396694214876,0.013157894736842105,1.4166666666666667
2021-10-22,2.35678391959799,2.0710059171597632,-1.3,-6.144230769230769,6.165584415584416,-0.10144927536231885,-4.008928571428571,1.9939759036144578,-0.5630081300813008,0.013157894736842105,1.2183544303797469
2021-10-23,2.4305555555555554,2.15625,-1.1995412844036697,-6.0245098039215685,6.407894736842105,-0.012773722627737226,-3.7037037037037037,2.167682926829268,-0.4672131147540984,0.6944444444444444,1.391025641025641
2021-10-24,2.6804123711340204,2.4451219512195124,-1.0925925925925926,-6.137755102040816,6.668918918918919,0.18097014925373134,-3.7037037037037037,2.167682926829268,-0.5104166666666666,2.1176470588235294,1.513157894736842
2021-10-25,2.690051020408163,3.167682926829268,-0.19724770642201836,-6.114583333333333,6.621621621621622,0.34774436090225563,-3.5673076923076925,2.125,0.29132231404958675,2.1176470588235294,1.63
2021-10-26,3.9396984924623117,4.168181818181818,0.6036036036036037,-2.260204081632653,6.084415584415584,0.9981481481481481,0.26851851851851855,3.1279761904761907,1.0060975609756098,12.152777777777779,4.0131578947368425
2021-10-27,3.650497512437811,3.5316265060240966,0.7752293577981652,-2.815,4.9743589743589745,0.9123134328358209,0.26851851851851855,3.417682926829268,1.1673553719008265,12.152777777777779,3.1794871794871793
2021-10-28,2.9713930348258706,2.5269461077844313,0.9398148148148148,-3.5833333333333335,5.259740259740259,1.0883458646616542,0.26851851851851855,3.417682926829268,1.5630252100840336,12.152777777777779,1.358974358974359
2021-10-29,2.9215686274509802,2.475,0.7798165137614679,-2.2735849056603774,5.5886075949367084,1.0551470588235294,0.26851851851851855,3.417682926829268,1.4125,9.526315789473685,2.103125
2021-10-30,2.9215686274509802,2.475,0.7798165137614679,-2.2735849056603774,5.5886075949367084,1.0551470588235294,0.26851851851851855,3.417682926829268,1.4125,9.526315789473685,2.103125
2021-10-31,2.652227722772277,2.5636094674556213,0.9027777777777778,-2.2735849056603774,5.82051282051282,1.1555555555555554,0.26851851851851855,3.6141975308641974,1.5294117647058822,9.526315789473685,2.103125
2021-11-01,3.295343137254902,2.6407185628742513,0.8449074074074074,-2.25,6.4366666666666665,1.3656716417910448,0.22321428571428573,3.5609756097560976,1.476890756302521,9.526315789473685,2.021875
2021-11-02,3.269704433497537,2.9009146341463414,0.9858490566037735,-2.1839622641509435,6.8141891891891895,1.4116541353383458,0.4444444444444444,3.626543209876543,1.6153846153846154,10.375,2.2564102564102564
2021-11-03,2.767156862745098,2.4616564417177913,1.1357142857142857,-1.8173076923076923,7.524647887323944,1.6098484848484849,0.4444444444444444,3.682098765432099,1.7564655172413792,10.375,2.561688311688312
2021-11-04,2.98375,2.55,1.1947115384615385,-1.8173076923076923,7.421428571428572,1.699612403100775,0.4444444444444444,3.790625,1.9210526315789473,10.375,2.6722972972972974
2021-11-05,2.93407960199005,2.4906832298136647,1.1166666666666667,-1.8173076923076923,7.421428571428572,1.6326923076923077,0.4444444444444444,3.6574074074074074,1.8434782608695652,10.375,2.6722972972972974
2021-11-06,2.93407960199005,2.4906832298136647,1.1166666666666667,-1.8173076923076923,7.421428571428572,1.6326923076923077,0.4444444444444444,3.6574074074074074,1.8434782608695652,10.375,2.6722972972972974
2021-11-07,2.5326633165829144,2.501572327044025,1.2307692307692308,-2.127450980392157,7.684782608695652,1.5368217054263567,0.4444444444444444,3.79375,1.9539473684210527,10.375,2.517123287671233
2021-11-08,2.663659793814433,2.594551282051282,1.4653465346534653,-2.193877551020408,7.636029411764706,1.416015625,1.04,4.162337662337662,2.3204545454545453,12.546875,2.602112676056338
2021-11-09,1.8851010101010102,2.579113924050633,1.6275,-1.6510416666666667,7.144366197183099,1.6182170542635659,1.04,4.162337662337662,2.290909090909091,12.546875,3.0428571428571427
2021-11-10,0.36683417085427134,1.8144654088050314,1.7878787878787878,-1.202127659574468,7.88768115942029,1.4127906976744187,1.04,4.404605263157895,2.4426605504587156,12.546875,3.676470588235294
2021-11-11,0.93,2.2974683544303796,1.9768041237113403,-1.0869565217391304,7.805147058823529,2.232283464566929,1.3541666666666667,4.722972972972973,3.25,13.816666666666666,3.3786764705882355
2021-11-12,0.5173267326732673,2.0,1.5075,-1.0869565217391304,6.897887323943662,1.9883720930232558,1.3541666666666667,4.0064935064935066,2.796875,13.816666666666666,3.3786764705882355
2021-11-13,0.6293532338308457,2.15,1.5075,-1.0869565217391304,6.897887323943662,1.9883720930232558,1.3541666666666667,4.0064935064935066,2.796875,13.816666666666666,3.3786764705882355
2021-11-14,0.21085858585858586,2.5569620253164556,1.628787878787879,-1.0869565217391304,7.703571428571428,2.4921259842519685,1.3541666666666667,4.0064935064935066,2.9166666666666665,13.816666666666666,3.5858208955223883
2021-11-15,-0.3560606060606061,1.8465189873417722,0.494949494949495,-3.3333333333333335,7.422535211267606,1.608267716535433,-2.9347826086956523,2.5487012987012987,1.9054054054054055,7.660714285714286,2.125
2021-11-16,-0.4025,1.7421383647798743,0.5252525252525253,-3.3333333333333335,7.072916666666667,1.48046875,-2.9347826086956523,2.5876623376623376,1.7566964285714286,7.660714285714286,2.125
2021-11-17,-1.6071428571428572,0.2532258064516129,0.40463917525773196,-2.8863636363636362,7.496478873239437,-0.57,-2.022727272727273,2.151315789473684,1.915137614678899,10.01923076923077,2.246031746031746
2021-11-18,-1.7283163265306123,0.07643312101910828,0.12121212121212122,-2.8863636363636362,7.496478873239437,-0.7755905511811023,-2.022727272727273,2.0487012987012987,1.635135135135135,10.01923076923077,1.7576923076923077
2021-11-19,-1.8580402010050252,-0.0015822784810126582,-0.0025,-3.0944444444444446,7.496478873239437,-0.865234375,-2.467391304347826,1.8653846153846154,1.5111607142857142,10.01923076923077,1.5454545454545454
2021-11-20,-1.7206632653061225,0.07532051282051282,0.11989795918367346,-3.028409090909091,7.496478873239437,-0.7837301587301587,-2.3068181818181817,2.0723684210526314,1.6477272727272727,11.354166666666666,1.6615384615384616
2021-11-21,-1.5786082474226804,0.20616883116883117,0.211340206185567,-3.028409090909091,8.003623188405797,-0.6350806451612904,-2.3068181818181817,2.216666666666667,1.7431192660550459,11.354166666666666,1.86328125
2021-11-22,-1.895,0.33814102564102566,1.2083333333333333,-3.0232558139534884,7.63013698630137,-0.4583333333333333,-1.725,3.835616438356164,2.5688073394495414,11.354166666666666,1.05
2021-11-23,-1.6237373737373737,-0.16346153846153846,0.8776041666666666,-2.8988095238095237,6.698630136986301,-1.1358267716535433,-1.381578947368421,3.4006849315068495,2.3188073394495414,13.136363636363637,1.1953125
2021-11-24,-1.6616161616161615,0.40032679738562094,0.7447916666666666,-2.6097560975609757,7.0,-1.4233870967741935,-1.381578947368421,3.2260273972602738,2.2018348623853212,13.136363636363637,1.5725806451612903
2021-11-25,-1.4668367346938775,0.28594771241830064,0.6927083333333334,-2.41875,6.923611111111111,-1.4637096774193548,-0.8888888888888888,2.9628378378378377,2.1559633027522938,13.136363636363637,1.7663934426229508
2021-11-26,-0.6905940594059405,0.5865384615384616,0.5231958762886598,-2.7439024390243905,6.923611111111111,-1.0531496062992125,-1.6710526315789473,2.7133333333333334,2.3628318584070795,13.136363636363637,1.126984126984127
2021-11-27,-0.6905940594059405,0.5865384615384616,0.5231958762886598,-2.7439024390243905,6.923611111111111,-1.0531496062992125,-1.6710526315789473,2.7133333333333334,2.3628318584070795,13.136363636363637,1.126984126984127
2021-11-28,-1.172029702970297,0.6451612903225806,0.6289473684210526,-3.017857142857143,6.923611111111111,-1.1161417322834646,-2.3,1.4246575342465753,2.4864864864864864,10.854166666666666,0.88671875
2021-11-29,-1.4829268292682927,0.07096774193548387,-0.01288659793814433,-3.505813953488372,7.176056338028169,-1.396484375,-3.3333333333333335,1.332191780821918,1.9026548672566372,8.173076923076923,0.4461538461538462
2021-11-30,-1.8900966183574879,0.832258064516129,-0.18112244897959184,-0.5773809523809523,8.711267605633802,-1.265748031496063,-3.05,1.0912162162162162,1.7412280701754386,9.604166666666666,2.4296875
2021-12-01,-2.384433962264151,0.28662420382165604,-1.9225,-1.5290697674418605,6.235915492957746,-2.9057692307692307,-4.880952380952381,-0.6966666666666667,-0.1581196581196581,5.673076923076923,1.0833333333333333
2021-12-02,-3.2895348837209304,-0.9796875,-2.6127450980392157,-3.6555555555555554,6.55,-4.633333333333334,-5.238636363636363,-1.2272727272727273,-1.4645833333333333,1.75,-0.4007352941176471
2021-12-03,-3.48868778280543,-1.6226993865030674,-2.9902912621359223,-3.6555555555555554,5.13013698630137,-5.313405797101449,-5.238636363636363,-1.439102564102564,-2.1065573770491803,1.75,-1.55
2021-12-04,-3.48868778280543,-1.6226993865030674,-2.9902912621359223,-3.6555555555555554,5.13013698630137,-5.313405797101449,-5.238636363636363,-1.439102564102564,-2.1065573770491803,1.75,-1.55
2021-12-05,-3.711187214611872,-1.9021739130434783,-3.462871287128713,-3.8295454545454546,5.13013698630137,-5.704379562043796,-5.678571428571429,-2.026315789473684,-2.4895833333333335,1.75,-2.2717391304347827
2021-12-06,-3.165158371040724,-0.7546875,-2.7475,-4.198863636363637,5.471014492753623,-4.946691176470588,-6.215909090909091,-1.0533333333333332,-1.8802521008403361,1.75,-2.5072463768115942
2021-12-07,-3.3034090909090907,-2.0046875,-2.7222222222222223,-4.198863636363637,2.572463768115942,-6.417279411764706,-6.215909090909091,-0.9966216216216216,-2.7436440677966103,1.75,-2.5072463768115942
2021-12-08,-3.618181818181818,-2.4375,-3.8214285714285716,-6.829545454545454,0.7463235294117647,-7.4037037037037035,-6.630434782608695,-2.4486301369863015,-3.8504273504273505,1.75,-3.3035714285714284
2021-12-09,-3.806451612903226,-2.66875,-3.7265625,-7.357954545454546,0.7463235294117647,-7.389097744360902,-6.6022727272727275,-2.2816901408450705,-4.166666666666667,1.75,-3.9119718309859155
2021-12-10,-4.051801801801802,-2.2652439024390243,-4.2725,-4.951086956521739,1.832142857142857,-7.553308823529412,-7.260416666666667,-2.6164383561643834,-4.603305785123967,1.75,-2.48972602739726
2021-12-11,-4.050904977375565,-2.253067484662577,-4.2727272727272725,-4.966666666666667,1.832142857142857,-7.5777777777777775,-7.391304347826087,-2.59375,-4.60625,1.75,-2.4652777777777777
2021-12-12,-3.908256880733945,-2.091614906832298,-4.046391752577319,-4.966666666666667,1.832142857142857,-7.462406015037594,-7.391304347826087,-2.4119718309859155,-4.4258474576271185,1.75,-2.4652777777777777
2021-12-13,-2.2255813953488373,-1.4922360248447204,-2.931122448979592,-3.308139534883721,2.626865671641791,-7.568181818181818,-7.391304347826087,-2.3380281690140845,-3.3771186440677967,1.75,-0.5347222222222222
2021-12-14,-2.529816513761468,-1.2929447852760736,-4.225,-2.386904761904762,2.966417910447761,-6.442164179104478,-7.391304347826087,-4.126712328767123,-4.447916666666667,5.115384615384615,-0.3287671232876712
2021-12-15,-4.280133928571429,-2.5945121951219514,-5.3825,-6.440476190476191,1.2173913043478262,-8.430970149253731,-12.272727272727273,-4.283783783783784,-5.4125,5.115384615384615,-4.086805555555555
2021-12-16,-4.589285714285714,-2.408132530120482,-5.637254901960785,-6.982954545454546,1.1123188405797102,-8.187956204379562,-12.78125,-4.654605263157895,-5.524793388429752,5.115384615384615,-4.472972972972973
2021-12-17,-4.134868421052632,-2.0163690476190474,-5.637254901960785,-4.605555555555555,1.9401408450704225,-7.403985507246377,-12.78125,-4.654605263157895,-5.799180327868853,5.115384615384615,-3.08
2021-12-18,-4.593612334801762,-2.627245508982036,-5.637254901960785,-6.982954545454546,1.9401408450704225,-8.187956204379562,-12.78125,-4.654605263157895,-5.799180327868853,-2.7916666666666665,-4.472972972972973
2021-12-19,-4.662946428571429,-3.0575757575757576,-5.353960396039604,-6.982954545454546,2.2607142857142857,-8.796296296296296,-12.78125,-4.827922077922078,-6.44375,-2.7916666666666665,-4.653333333333333
2021-12-20,-4.84070796460177,-2.8870481927710845,-5.784313725490196,-7.411111111111111,1.7887323943661972,-8.545955882352942,-13.32,-5.397435897435898,-6.797520661157025,-2.7916666666666665,-4.9375
2021-12-21,-4.115638766519824,-2.0984848484848486,-5.57,-7.411111111111111,2.032142857142857,-8.427238805970148,-13.32,-5.105263157894737,-5.745833333333334,-2.7916666666666665,-4.9375
2021-12-22,-3.562222222222222,-1.2839506172839505,-5.72,-8.545454545454545,3.9927536231884058,-7.564885496183206,-13.72,-5.302631578947368,-5.7100840336134455,-7.104166666666667,-5.378378378378378
2021-12-23,-3.0055555555555555,-1.9197530864197532,-5.806930693069307,-8.545454545454545,2.5808823529411766,-7.53030303030303,-13.72,-5.422077922077922,-5.9152892561983474,-7.104166666666667,-5.713815789473684
2021-12-24,-3.0055555555555555,-1.9197530864197532,-5.806930693069307,-8.545454545454545,2.5808823529411766,-7.53030303030303,-13.72,-5.422077922077922,-5.9152892561983474,-7.104166666666667,-5.713815789473684
2021-12-25,-2.950892857142857,-1.8369565217391304,-5.7125,-8.545454545454545,2.5808823529411766,-7.471374045801527,-13.72,-5.292763157894737,-5.8375,-7.104166666666667,-5.713815789473684
2021-12-26,-2.3020361990950224,-1.5314465408805031,-5.681818181818182,-8.545454545454545,1.7115384615384615,-7.182170542635659,-13.72,-5.246666666666667,-5.813025210084033,-7.104166666666667,-5.1866666666666665
2021-12-27,-2.621559633027523,-2.144904458598726,-7.6484375,-7.355555555555555,1.4884615384615385,-8.1875,-13.72,-6.668918918918919,-6.314655172413793,-7.104166666666667,-5.581081081081081
2021-12-28,-1.068287037037037,-1.1863057324840764,-8.675531914893616,-6.25,1.4884615384615385,-7.01171875,-13.510416666666666,-8.085616438356164,-7.1381578947368425,-7.104166666666667,-4.746527777777778
2021-12-29,-0.6011627906976744,-0.3105095541401274,-7.471052631578948,-6.306818181818182,3.5153846153846153,-5.9375,-13.614583333333334,-8.006849315068493,-5.932017543859649,-7.538461538461538,-3.232876712328767
2021-12-30,-1.3935185185185186,-0.47596153846153844,-7.292553191489362,-6.306818181818182,2.0078125,-5.793307086614173,-13.614583333333334,-7.78125,-4.842105263157895,-7.538461538461538,-4.013513513513513
2021-12-31,-0.9988532110091743,0.056962025316455694,-7.3921052631578945,-6.306818181818182,2.0078125,-5.058139534883721,-13.614583333333334,-7.904109589041096,-4.945652173913044,-7.538461538461538,-4.013513513513513
2022-01-01,-0.9988532110091743,0.056962025316455694,-7.3921052631578945,-6.306818181818182,2.0078125,-5.058139534883721,-13.614583333333334,-7.904109589041096,-4.945652173913044,-7.538461538461538,-4.013513513513513
2022-01-02,-1.6913145539906103,0.8104575163398693,-6.682065217391305,-2.3597560975609757,2.6785714285714284,-5.23015873015873,-12.554347826086957,-7.701388888888889,-4.296875,-4.145833333333333,-0.6376811594202898
2022-01-03,-2.5781990521327014,0.706953642384106,-7.921195652173913,-2.8154761904761907,2.6785714285714284,-5.57,-12.927083333333334,-9.112676056338028,-5.314732142857143,-4.145833333333333,-0.6594202898550725
2022-01-04,-2.6033653846153846,0.30333333333333334,-7.407608695652174,-2.1890243902439024,2.74609375,-6.346774193548387,-12.25,-9.192567567567568,-5.837837837837838,-4.145833333333333,-0.38405797101449274
2022-01-05,-3.257142857142857,-0.105,-7.180555555555555,-1.8375,2.6626984126984126,-6.840725806451613,-12.068181818181818,-8.958333333333334,-5.956818181818182,-4.145833333333333,-0.7753623188405797
2022-01-06,-4.265476190476191,0.03547297297297297,-7.303370786516854,-2.9423076923076925,1.4761904761904763,-6.709016393442623,-12.068181818181818,-9.137323943661972,-6.045871559633028,-4.145833333333333,-1.1865671641791045
2022-01-07,-5.168632075471698,0.03547297297297297,-7.303370786516854,-2.9423076923076925,1.4761904761904763,-6.709016393442623,-12.068181818181818,-9.137323943661972,-6.045871559633028,-4.145833333333333,-1.1865671641791045
2022-01-08,-5.168632075471698,0.03547297297297297,-7.303370786516854,-2.9423076923076925,1.4761904761904763,-6.709016393442623,-12.068181818181818,-9.137323943661972,-6.045871559633028,-4.145833333333333,-1.1865671641791045
2022-01-09,-5.1375598086124405,0.2534246575342466,-7.360795454545454,-2.9423076923076925,1.5362903225806452,-6.55625,-12.068181818181818,-9.235714285714286,-5.86214953271028,-4.145833333333333,-1.1865671641791045
2022-01-10,-6.822115384615385,-1.4461805555555556,-6.83235294117647,-2.5961538461538463,-1.6355932203389831,-7.6440677966101696,-12.26086956521739,-9.353571428571428,-6.658653846153846,-4.145833333333333,-1.5183823529411764
2022-01-11,-7.342417061611374,-0.9606164383561644,-7.125,-2.5961538461538463,-1.6355932203389831,-7.848739495798319,-12.26086956521739,-9.419014084507042,-6.9,-4.145833333333333,-1.5183823529411764
2022-01-12,-7.701190476190476,-1.7465753424657535,-7.1395348837209305,-2.5961538461538463,-3.3879310344827585,-8.813025210084033,-12.26086956521739,-9.43661971830986,-6.911904761904762,-4.145833333333333,-3.033582089552239
2022-01-13,-8.432783018867925,-2.6615646258503403,-7.105882352941176,-5.151315789473684,-5.639830508474576,-9.875,-12.26086956521739,-9.428571428571429,-6.882211538461538,-13.113636363636363,-4.91044776119403
2022-01-14,-8.876728110599078,-2.5816666666666666,-7.494252873563219,-7.817073170731708,-5.866666666666666,-9.601626016260163,-13.2,-9.566901408450704,-7.205188679245283,-13.113636363636363,-6.482142857142857
2022-01-15,-8.876728110599078,-2.5816666666666666,-7.494252873563219,-7.817073170731708,-5.866666666666666,-9.601626016260163,-13.2,-9.566901408450704,-7.205188679245283,-13.113636363636363,-6.482142857142857
2022-01-16,-9.675233644859814,-3.1598639455782314,-7.232142857142857,-7.6375,-7.661016949152542,-10.485416666666667,-13.125,-9.514492753623188,-6.983009708737864,-12.925,-6.358695652173913
2022-01-17,-10.108796296296296,-3.390939597315436,-7.537790697674419,-7.963414634146342,-6.104838709677419,-9.657786885245901,-13.44,-9.820422535211268,-7.238095238095238,-12.925,-8.157142857142857
2022-01-18,-10.234953703703704,-2.271812080536913,-7.470588235294118,-7.4875,-6.104838709677419,-9.05,-13.44,-9.820422535211268,-7.180288461538462,-12.925,-7.307971014492754
2022-01-19,-7.955479452054795,-2.812913907284768,-7.274096385542169,-9.49375,-6.204918032786885,-7.963114754098361,-13.28125,-9.820422535211268,-6.278846153846154,-12.444444444444445,-8.389705882352942
2022-01-20,-7.638513513513513,-1.553921568627451,-6.151785714285714,-9.371794871794872,-6.354838709677419,-6.326612903225806,-13.23913043478261,-8.376760563380282,-5.390476190476191,-12.444444444444445,-6.963768115942029
2022-01-21,-8.644273127753303,-3.070063694267516,-6.991279069767442,-10.63125,-6.354838709677419,-8.037109375,-13.23913043478261,-8.760416666666666,-6.079439252336448,-12.444444444444445,-8.29225352112676
2022-01-22,-8.644273127753303,-3.070063694267516,-6.991279069767442,-10.63125,-6.354838709677419,-8.037109375,-13.23913043478261,-8.760416666666666,-6.079439252336448,-12.444444444444445,-8.29225352112676
2022-01-23,-8.414414414414415,-3.685483870967742,-8.220238095238095,-10.63125,-6.282786885245901,-8.037109375,-13.23913043478261,-8.732394366197184,-7.045238095238095,-12.444444444444445,-8.29225352112676
2022-01-24,-9.445701357466064,-4.8685064935064934,-9.955357142857142,-14.68421052631579,-6.4491525423728815,-9.17578125,-18.386363636363637,-10.67142857142857,-8.433333333333334,-34.964285714285715,-10.456521739130435
2022-01-25,-9.488888888888889,-5.110576923076923,-10.505813953488373,-14.322368421052632,-5.254310344827586,-10.084615384615384,-18.293478260869566,-11.309027777777779,-8.904205607476635,-34.964285714285715,-12.571428571428571
2022-01-26,-10.205434782608696,-4.711783439490445,-9.207386363636363,-10.585526315789474,-5.254310344827586,-9.81439393939394,-13.364583333333334,-9.743243243243244,-7.885321100917431,-34.964285714285715,-10.542857142857143
2022-01-27,-9.850877192982455,-5.087096774193548,-9.588068181818182,-12.902777777777779,-6.09375,-10.340384615384615,-13.364583333333334,-10.28,-8.192660550458715,-34.5,-12.322463768115941
2022-01-28,-9.903191489361703,-4.3953125,-8.155913978494624,-10.703947368421053,-6.09375,-9.325925925925926,-10.115384615384615,-9.94620253164557,-7.0855263157894735,-15.285714285714286,-9.618055555555555
2022-01-29,-9.903191489361703,-4.3953125,-8.155913978494624,-10.703947368421053,-6.09375,-9.325925925925926,-10.115384615384615,-9.94620253164557,-7.0855263157894735,-15.285714285714286,-9.618055555555555
2022-01-30,-10.34375,-4.290880503144654,-8.016304347826088,-10.868055555555555,-6.09375,-9.238805970149254,-10.3125,-10.003246753246753,-6.962389380530974,-15.285714285714286,-9.45774647887324
2022-01-31,-11.107905982905983,-4.403125,-8.169354838709678,-10.868055555555555,-6.385964912280702,-9.335185185185185,-10.3125,-10.16025641025641,-7.0964912280701755,-15.285714285714286,-9.45774647887324
2022-02-01,-10.73611111111111,-3.796875,-7.126344086021505,-10.868055555555555,-4.783898305084746,-8.612132352941176,-10.3125,-10.331168831168831,-6.245614035087719,-15.285714285714286,-9.45774647887324
2022-02-02,-9.26255230125523,-2.964723926380368,-6.131578947368421,-6.506578947368421,-4.229508196721311,-7.905797101449275,-5.9,-9.05379746835443,-5.446120689655173,-15.285714285714286,-7.226027397260274
2022-02-03,-8.159090909090908,-2.181137724550898,-5.36340206185567,-4.29375,-3.623076923076923,-6.845070422535211,-6.615384615384615,-9.4125,-3.9453781512605044,-15.285714285714286,-6.026666666666666
2022-02-04,-9.383603238866396,-2.155325443786982,-4.288265306122449,-6.628048780487805,-2.053030303030303,-6.0979020979020975,-6.615384615384615,-8.061728395061728,-3.0791666666666666,-25.875,-7.2631578947368425
2022-02-05,-9.383603238866396,-2.155325443786982,-4.288265306122449,-6.628048780487805,-2.053030303030303,-6.0979020979020975,-6.615384615384615,-8.061728395061728,-3.0791666666666666,-25.875,-7.2631578947368425
2022-02-06,-9.26530612244898,-2.0163690476190474,-4.288265306122449,-6.15625,-1.6923076923076923,-5.961267605633803,-6.615384615384615,-8.061728395061728,-3.0791666666666666,-25.875,-7.02
2022-02-07,-9.899793388429751,-1.7290419161676647,-4.665,-6.15625,-0.05952380952380952,-6.023214285714285,-6.615384615384615,-8.424698795180722,-3.2871900826446283,-25.875,-7.667763157894737
2022-02-08,-9.49485596707819,-1.4491017964071857,-5.051470588235294,-6.15625,-1.2769230769230768,-5.917857142857143,-6.615384615384615,-8.547619047619047,-3.630081300813008,-25.875,-7.667763157894737
2022-02-09,-9.637860082304528,-0.9211309523809523,-4.257211538461538,-3.8597560975609757,-1.2769230769230768,-6.156028368794326,-6.615384615384615,-7.270588235294118,-3.636178861788618,-25.875,-6.157894736842105
2022-02-10,-9.154858299595142,-0.46875,-3.977722772277228,-3.8597560975609757,-0.6774193548387096,-5.676056338028169,-6.615384615384615,-7.036585365853658,-3.553719008264463,-25.875,-6.157894736842105
2022-02-11,-9.035,0.12645348837209303,-2.9583333333333335,-1.3869047619047619,-0.6384615384615384,-4.832191780821918,-2.6666666666666665,-5.746987951807229,-3.0,-25.875,-4.779220779220779
2022-02-12,-9.035,0.12645348837209303,-2.9583333333333335,-1.3869047619047619,-0.6384615384615384,-4.832191780821918,-2.6666666666666665,-5.746987951807229,-3.0,-25.875,-4.779220779220779
2022-02-13,-9.022088353413654,0.19883040935672514,-3.1519607843137254,-1.3869047619047619,-0.45703125,-4.781034482758621,-2.6666666666666665,-5.984939759036145,-3.160569105691057,-25.875,-4.779220779220779
2022-02-14,-8.756889763779528,0.6271676300578035,-3.108910891089109,-0.9602272727272727,-0.9431818181818182,-4.209183673469388,-2.6666666666666665,-5.966463414634147,-3.0041322314049586,-25.875,-5.234375
2022-02-15,-8.3466796875,0.9741379310344828,-2.9393203883495147,-0.9602272727272727,-0.8586956521739131,-3.768581081081081,-2.6666666666666665,-4.646341463414634,-2.863821138211382,-25.875,-5.234375
2022-02-16,-8.195945945945946,1.6293103448275863,-2.8308823529411766,-0.9602272727272727,0.5821428571428572,-2.9285714285714284,-2.6666666666666665,-4.737804878048781,-1.9369918699186992,-25.875,-5.1234177215189876
2022-02-17,-8.0968992248062,2.087142857142857,-2.0097087378640777,-0.6976744186046512,1.982394366197183,-2.356418918918919,-2.298076923076923,-3.6957831325301207,-1.2620967741935485,-25.875,-5.032051282051282
2022-02-18,-9.206603773584906,0.9636871508379888,-2.414285714285714,-1.3295454545454546,0.1678082191780822,-2.923841059602649,-3.2685185185185186,-3.8660714285714284,-1.6111111111111112,-25.875,-5.329113924050633
2022-02-19,-9.206603773584906,0.9636871508379888,-2.414285714285714,-1.3295454545454546,0.1678082191780822,-2.923841059602649,-3.2685185185185186,-3.8660714285714284,-1.6111111111111112,-25.875,-5.329113924050633
2022-02-20,-9.16147859922179,0.9014285714285715,-3.2742718446601944,-1.058139534883721,-0.036231884057971016,-3.1037414965986394,-3.2685185185185186,-5.141566265060241,-2.3125,-25.875,-4.654605263157895
2022-02-21,-9.38921568627451,1.4839181286549707,-2.855,-1.058139534883721,1.1704545454545454,-2.519230769230769,-3.2685185185185186,-4.6875,-1.9421487603305785,-25.875,-4.654605263157895
2022-02-22,-8.510658914728682,0.6892655367231638,-2.216019417475728,-1.058139534883721,-1.4678571428571427,-2.0753424657534247,-3.2685185185185186,-3.426829268292683,-1.4334677419354838,-25.875,-5.071428571428571
2022-02-23,-7.199233716475096,1.4829545454545454,-0.9975490196078431,-1.058139534883721,0.2,-1.217241379310345,-3.2685185185185186,-1.9074074074074074,-0.4166666666666667,-25.875,-5.071428571428571
2022-02-24,-8.753861003861005,-0.15254237288135594,-1.395631067961165,-0.7083333333333334,0.2,-3.0396551724137932,-2.7884615384615383,-2.3963414634146343,-1.165289256198347,-25.875,-4.967105263157895
2022-02-25,-8.844106463878328,-0.47375690607734805,-1.8461538461538463,-0.7083333333333334,-1.9828767123287672,-3.0907534246575343,-2.7884615384615383,-2.9487951807228914,-1.6239837398373984,-25.875,-4.967105263157895
2022-02-26,-9.14026717557252,-0.47375690607734805,-1.7257281553398058,-0.3780487804878049,-1.9828767123287672,-3.013793103448276,-2.33,-2.8109756097560976,-1.5204918032786885,-27.535714285714285,-4.843333333333334
2022-02-27,-8.92023346303502,0.21368715083798884,-1.0825,0.2125,-1.6770833333333333,-2.737762237762238,-1.4270833333333333,-2.6574074074074074,-0.9747899159663865,-28.125,-4.232876712328767
2022-02-28,-8.983653846153846,-0.26639344262295084,-0.6966019417475728,-3.3536585365853657,-1.6770833333333333,-2.5574324324324325,-3.0865384615384617,-1.8403614457831325,-0.6516393442622951,-28.125,-6.153333333333333
2022-03-01,-9.53088803088803,0.5601092896174863,-0.297029702970297,-2.4,1.652027027027027,-2.029310344827586,-1.55,-1.8597560975609757,0.03991596638655462,-25.45,-5.171232876712328
2022-03-02,-8.039883268482491,1.8533519553072626,0.2575,0.4189189189189189,1.652027027027027,-0.46099290780141844,-1.0833333333333333,-1.5895061728395061,1.3728448275862069,-19.5,-3.8
2022-03-03,-8.597058823529412,2.7125,0.1568627450980392,3.039473684210526,4.253472222222222,0.75,-1.0833333333333333,-1.9548192771084338,1.6175213675213675,-19.5,-1.4821428571428572
2022-03-04,-7.8187984496124034,3.6243169398907105,-0.08737864077669903,2.3205128205128207,6.416666666666667,1.9496527777777777,-2.04,-2.2291666666666665,1.3919491525423728,-19.5,-1.8133802816901408
2022-03-05,-7.8187984496124034,3.6243169398907105,-0.08737864077669903,2.3205128205128207,6.416666666666667,1.9496527777777777,-2.04,-2.2291666666666665,1.3919491525423728,-19.5,-1.8133802816901408
2022-03-06,-8.5800395256917,2.6708333333333334,-0.905940594059406,2.8421052631578947,6.416666666666667,1.3961267605633803,-1.3958333333333333,-3.2896341463414633,0.7047413793103449,-19.5,-1.5892857142857142
2022-03-07,-8.272549019607844,3.230769230769231,-0.3155339805825243,1.4423076923076923,8.424342105263158,2.4982517482517483,-1.3958333333333333,-2.0451807228915664,0.7478991596638656,-19.5,-2.295774647887324
2022-03-08,-6.5836538461538465,4.21978021978022,-0.1642156862745098,1.894736842105263,9.036666666666667,3.4597902097902096,-0.7717391304347826,-1.8780487804878048,1.0720338983050848,-19.5,-2.967391304347826
2022-03-09,-6.269083969465649,5.552989130434782,1.7620192307692308,2.77027027027027,11.110759493670885,5.443493150684931,-0.7717391304347826,0.5476190476190477,3.222457627118644,-19.5,-2.1884057971014492
2022-03-10,-6.027671755725191,5.351648351648351,3.492574257425743,0.18571428571428572,9.076923076923077,5.841379310344828,0.5357142857142857,0.9146341463414634,4.780434782608696,-19.5,-3.6865671641791047
2022-03-11,-6.286654135338346,4.857336956521739,3.2965686274509802,-1.5902777777777777,9.076923076923077,5.215986394557823,0.5357142857142857,0.7048192771084337,4.5969827586206895,-19.5,-4.569852941176471
2022-03-12,-6.286654135338346,4.857336956521739,3.2965686274509802,-1.5902777777777777,9.076923076923077,5.215986394557823,0.5357142857142857,0.7048192771084337,4.5969827586206895,-19.5,-4.569852941176471
2022-03-13,-7.380188679245283,4.929166666666666,2.43,-1.5902777777777777,9.743506493506494,5.625862068965517,0.5357142857142857,0.7957317073170732,3.8596491228070176,-19.5,-5.583333333333333
2022-03-14,-8.394886363636363,3.5013966480446927,2.3762626262626263,-1.5902777777777777,9.953947368421053,3.786206896551724,0.5357142857142857,0.7098765432098766,3.825221238938053,-19.5,-6.153846153846154
2022-03-15,-7.967898832684825,3.664772727272727,2.3484848484848486,0.37142857142857144,11.01736111111111,4.145833333333333,0.5357142857142857,0.6759259259259259,3.8008849557522124,-19.5,-5.15234375
2022-03-16,-7.21875,4.102857142857143,2.5535714285714284,1.5075757575757576,11.524647887323944,4.685314685314685,2.526315789473684,0.90625,4.842920353982301,-19.5,-4.725806451612903
2022-03-17,-7.450389105058366,3.794943820224719,1.6544117647058822,-1.5703125,11.834507042253522,4.003401360544218,2.526315789473684,-0.10714285714285714,4.351293103448276,-19.5,-6.442622950819672
2022-03-18,-7.47577519379845,3.695530726256983,1.5024271844660195,-1.5703125,11.834507042253522,3.8817567567567566,2.526315789473684,-0.27058823529411763,4.194444444444445,-19.5,-6.442622950819672
2022-03-19,-7.434824902723736,3.817415730337079,1.6936274509803921,-1.5703125,11.834507042253522,4.030612244897959,2.526315789473684,-0.05952380952380952,4.385775862068965,-19.5,-6.25
2022-03-20,-7.424901185770751,4.1875,2.3025,-0.7741935483870968,12.45,4.482758620689655,4.125,0.6402439024390244,4.967105263157895,-19.5,-5.911016949152542
2022-03-21,-8.068725099601593,3.5056818181818183,2.0816831683168315,-0.7741935483870968,12.45,4.315068493150685,4.125,0.39156626506024095,3.914473684210526,-19.5,-5.911016949152542
2022-03-22,-7.8612204724409445,3.0889830508474576,2.1386138613861387,0.49193548387096775,10.598591549295774,3.807823129251701,3.986111111111111,0.4608433734939759,3.9649122807017543,-4.25,-4.533333333333333
2022-03-23,-8.844117647058823,2.5847457627118646,3.272277227722772,0.49193548387096775,9.489583333333334,3.6969178082191783,3.986111111111111,1.8403614457831325,5.20575221238938,-4.25,-4.064655172413793
2022-03-24,-8.614864864864865,2.8694444444444445,2.8106796116504853,0.49193548387096775,9.01027397260274,4.018456375838926,3.986111111111111,1.3953488372093024,4.758695652173913,-4.25,-2.720833333333333
2022-03-25,-9.09980988593156,2.4986263736263736,2.5408653846153846,0.49193548387096775,8.45945945945946,3.556291390728477,3.986111111111111,1.3953488372093024,4.443965517241379,-4.25,-2.720833333333333
2022-03-26,-9.024809160305344,2.6712707182320443,2.5408653846153846,0.49193548387096775,8.45945945945946,3.7716666666666665,3.986111111111111,1.3953488372093024,4.443965517241379,-4.25,-2.720833333333333
2022-03-27,-8.560576923076923,3.2430167597765363,2.5408653846153846,-0.9916666666666667,9.198630136986301,4.47804054054054,3.986111111111111,1.3953488372093024,4.443965517241379,-4.25,-3.5296610169491527
2022-03-28,-8.89423076923077,1.9930555555555556,2.395238095238095,-0.9916666666666667,6.9605263157894735,3.4628378378378377,3.986111111111111,1.427325581395349,4.297008547008547,-4.25,-4.441666666666666
2022-03-29,-9.96168582375479,1.330601092896175,1.2666666666666666,-2.575,5.72,2.630794701986755,4.970588235294118,1.1982758620689655,2.9470338983050848,-20.083333333333332,-7.156779661016949
2022-03-30,-10.239463601532567,0.6243169398907104,1.0636792452830188,-4.475806451612903,4.39935064935065,2.0065359477124183,4.970588235294118,0.9545454545454546,1.9279661016949152,-20.083333333333332,-9.15948275862069
2022-03-31,-11.123091603053435,-0.2773224043715847,1.1179245283018868,-6.546875,3.2531645569620253,1.399671052631579,4.970588235294118,1.0198863636363635,2.8004201680672267,-32.75,-10.203389830508474
2022-04-01,-10.776415094339622,-0.4583333333333333,0.8564814814814815,-6.606060606060606,2.7314814814814814,1.2126623376623376,4.970588235294118,0.7083333333333334,2.5392561983471076,-32.75,-10.270491803278688
2022-04-02,-10.776415094339622,-0.4583333333333333,0.8564814814814815,-6.606060606060606,2.7314814814814814,1.2126623376623376,4.970588235294118,0.7083333333333334,2.5392561983471076,-32.75,-10.270491803278688
2022-04-03,-10.301526717557252,-0.27853260869565216,1.1933962264150944,-6.140625,2.7314814814814814,1.4523026315789473,6.625,0.8567415730337079,2.8676470588235294,-32.75,-10.083333333333334
2022-04-04,-9.510576923076924,0.08378378378378379,2.0046728971962615,-6.140625,4.052469135802469,1.759933774834437,6.625,2.058988764044944,3.5770833333333334,-32.75,-10.15
2022-04-05,-9.132183908045977,1.28475935828877,2.912037037037037,-6.140625,4.816265060240964,2.743377483443709,6.625,2.058988764044944,4.764583333333333,-32.75,-7.7625
2022-04-06,-8.920112781954888,1.623015873015873,3.0694444444444446,-6.454545454545454,5.485294117647059,3.253267973856209,5.264705882352941,2.25,4.90625,-29.5,-8.59274193548387
2022-04-07,-7.974813432835821,1.2916666666666667,2.4572072072072073,-6.838235294117647,5.194767441860465,2.8141025641025643,3.888888888888889,1.5380434782608696,4.308943089430894,-29.5,-8.765873015873016
2022-04-08,-8.248154981549815,0.865979381443299,2.2544642857142856,-6.838235294117647,4.902298850574713,2.2721518987341773,3.888888888888889,1.303763440860215,4.110887096774194,-29.5,-8.765873015873016
2022-04-09,-8.248154981549815,0.865979381443299,2.2544642857142856,-6.838235294117647,4.902298850574713,2.2721518987341773,3.888888888888889,1.303763440860215,4.110887096774194,-29.5,-8.765873015873016
2022-04-10,-7.969330855018588,1.1670984455958548,1.9690265486725664,-6.713235294117647,4.457386363636363,2.6512738853503186,4.125,0.9707446808510638,4.169354838709677,-29.5,-8.65079365079365
2022-04-11,-7.265037593984962,1.0466321243523315,2.2723214285714284,-6.713235294117647,4.457386363636363,3.1202531645569622,4.125,1.131720430107527,4.463414634146342,-29.5,-6.953125
2022-04-12,-6.628228782287823,1.167948717948718,3.004424778761062,-6.713235294117647,3.3694444444444445,3.2421875,4.125,2.3655913978494625,5.112903225806452,-29.5,-7.757692307692308
2022-04-13,-6.150369003690037,1.8358974358974358,2.995575221238938,-6.713235294117647,4.816666666666666,4.05625,4.125,2.3548387096774195,5.864,-29.5,-5.825757575757576
2022-04-14,-6.126865671641791,1.4458762886597938,3.328125,-3.6640625,4.366666666666666,3.704113924050633,6.382352941176471,2.413978494623656,6.1875,-26.875,-4.2734375
2022-04-15,-6.126865671641791,1.4458762886597938,3.328125,-3.6640625,4.366666666666666,3.704113924050633,6.382352941176471,2.413978494623656,6.1875,-26.875,-4.2734375
2022-04-16,-6.126865671641791,1.4458762886597938,3.328125,-3.6640625,4.366666666666666,3.704113924050633,6.382352941176471,2.413978494623656,6.1875,-26.875,-4.2734375
2022-04-17,-6.1335227272727275,1.2,2.9652777777777777,-3.1048387096774195,3.6724137931034484,3.4594155844155843,8.09375,3.022222222222222,5.95625,-26.875,-3.8911290322580645
2022-04-18,-5.181390977443609,0.8965968586387435,3.8555045871559632,0.1171875,5.272471910112359,3.7580645161290325,8.09375,4.087912087912088,6.733471074380165,-26.875,-3.8911290322580645
2022-04-19,-6.925855513307985,0.756578947368421,3.536036036036036,3.0681818181818183,5.094444444444444,2.9516129032258065,8.09375,3.7016129032258065,5.987603305785124,-37.32142857142857,-2.2817460317460316
2022-04-20,-7.72007722007722,-0.5132275132275133,2.8142201834862384,0.5073529411764706,5.588888888888889,1.4029605263157894,8.09375,2.641304347826087,5.367647058823529,-43.15625,-4.895161290322581
2022-04-21,-7.10823754789272,-0.23677248677248677,3.425925925925926,2.3333333333333335,3.752688172043011,2.0099337748344372,8.09375,2.801630434782609,5.9491525423728815,-43.15625,-3.254166666666667
2022-04-22,-7.299242424242424,-0.3337696335078534,3.2637614678899083,2.3333333333333335,3.752688172043011,1.8594771241830066,8.09375,2.618279569892473,5.779411764705882,-43.15625,-3.4344262295081966
2022-04-23,-7.299242424242424,-0.3337696335078534,3.2637614678899083,2.3333333333333335,3.752688172043011,1.8594771241830066,8.09375,2.618279569892473,5.779411764705882,-43.15625,-3.4344262295081966
2022-04-24,-7.374038461538461,-0.03439153439153439,3.8598130841121496,2.3333333333333335,3.9972826086956523,2.263245033112583,8.09375,3.0652173913043477,6.367521367521367,-43.15625,-3.4344262295081966
2022-04-25,-6.0813725490196076,1.4054054054054055,4.5738095238095235,2.9140625,4.21978021978022,4.082214765100671,9.716666666666667,3.8805555555555555,7.0630434782608695,-43.15625,0.10344827586206896
2022-04-26,-5.670318725099602,1.0692934782608696,3.5336538461538463,-0.21774193548387097,4.016304347826087,3.6824324324324325,3.267857142857143,2.657303370786517,5.643478260869565,-43.15625,-2.694915254237288
2022-04-27,-6.006944444444445,1.7797297297297296,3.8461538461538463,-0.21774193548387097,4.016304347826087,4.546979865771812,3.267857142857143,3.0224719101123596,5.926086956521739,-43.15625,-1.8793103448275863
2022-04-28,-6.332329317269076,2.2568306010928962,3.7995049504950495,4.370967741935484,4.664893617021277,5.178571428571429,6.769230769230769,4.054597701149425,6.772123893805309,-43.15625,-1.1710526315789473
2022-04-29,-6.973107569721115,2.1535326086956523,3.5980392156862746,4.370967741935484,4.439473684210526,5.030405405405405,6.769230769230769,3.8181818181818183,6.565789473684211,-43.15625,-1.1710526315789473
2022-04-30,-6.973107569721115,2.1535326086956523,3.5980392156862746,4.370967741935484,4.439473684210526,5.030405405405405,6.769230769230769,3.8181818181818183,6.565789473684211,-43.15625,-1.1710526315789473
2022-05-01,-6.318273092369478,2.1639344262295084,3.631188118811881,4.370967741935484,4.7287234042553195,5.062925170068027,6.769230769230769,3.8591954022988504,6.621681415929204,-43.15625,-1.7543103448275863
2022-05-02,-7.005040322580645,1.6346153846153846,2.6825,4.370967741935484,3.942934782608696,4.4229452054794525,6.769230769230769,3.8764367816091956,5.801339285714286,-43.15625,-1.7543103448275863
2022-05-03,-8.177710843373495,0.7021857923497268,2.6925,-0.29310344827586204,3.360215053763441,4.090136054421769,-1.0,3.8879310344827585,5.356194690265487,-43.15625,-3.9008620689655173
2022-05-04,-10.507936507936508,-0.19583333333333333,1.6388888888888888,-3.111111111111111,3.258426966292135,3.0381944444444446,1.1363636363636365,4.156976744186046,3.5878378378378377,-43.15625,-5.793859649122807
2022-05-05,-9.59475806451613,-0.6145251396648045,0.6352040816326531,0.6153846153846154,2.159090909090909,1.8246527777777777,1.1363636363636365,3.0294117647058822,2.0135135135135136,-35.035714285714285,-4.111607142857143
2022-05-06,-10.017,-1.1666666666666667,1.6388888888888888,0.6153846153846154,3.258426966292135,1.1224137931034484,1.1363636363636365,4.156976744186046,3.747787610619469,-35.035714285714285,-4.111607142857143
2022-05-07,-10.017,-1.1666666666666667,1.6388888888888888,0.6153846153846154,3.258426966292135,1.1224137931034484,1.1363636363636365,4.156976744186046,3.747787610619469,-35.035714285714285,-4.111607142857143
2022-05-08,-9.29133064516129,-1.2415254237288136,2.149484536082474,0.6153846153846154,2.574712643678161,1.2152777777777777,1.1363636363636365,4.806547619047619,4.231981981981982,-35.035714285714285,-3.1636363636363636
2022-05-09,-8.442622950819672,-0.06,3.7213541666666665,0.6153846153846154,3.5676470588235296,2.263986013986014,1.1363636363636365,6.220238095238095,5.622727272727273,-35.035714285714285,-1.3214285714285714
2022-05-10,-8.266129032258064,-1.1497175141242937,4.489690721649485,-0.7870370370370371,2.5,2.2810344827586206,4.865384615384615,7.323529411764706,6.277027027027027,-18.15625,-1.9517543859649122
2022-05-11,-9.206122448979592,-2.1051136363636362,3.9030612244897958,-0.7870370370370371,1.8764044943820224,1.1371527777777777,4.865384615384615,7.323529411764706,6.013513513513513,-18.15625,-2.831896551724138
2022-05-12,-9.570564516129032,-2.12,2.413265306122449,-0.7870370370370371,1.3850574712643677,0.4454225352112676,-3.0625,6.220238095238095,6.422727272727273,-18.15625,-4.478813559322034
2022-05-13,-10.340637450199203,-2.785310734463277,1.8737373737373737,-0.7870370370370371,0.5625,-0.05419580419580419,-3.0625,6.220238095238095,5.905405405405405,-18.15625,-5.5875
2022-05-14,-10.340637450199203,-2.785310734463277,2.2193877551020407,-0.7870370370370371,0.5625,-0.05419580419580419,-3.0625,6.680722891566265,6.25,-18.15625,-5.5875
2022-05-15,-10.776639344262295,-3.3017241379310347,1.871212121212121,-1.49,1.1794117647058824,-0.41007194244604317,-3.0625,6.217261904761905,5.903153153153153,-18.15625,-4.991228070175438
2022-05-16,-9.170408163265305,-1.697142857142857,1.6778350515463918,-1.49,4.673529411764706,-0.5802919708029197,-3.0625,4.794642857142857,5.805045871559633,-18.15625,-3.1810344827586206
2022-05-17,-9.031893004115226,-1.6307471264367817,2.845360824742268,2.4134615384615383,2.5823529411764707,-0.5802919708029197,4.865384615384615,6.142857142857143,5.981481481481482,-5.027777777777778,-1.228448275862069
2022-05-18,-9.492886178861788,-1.5704022988505748,2.9536082474226806,1.0833333333333333,2.5823529411764707,-0.5036496350364964,4.865384615384615,6.267857142857143,6.078703703703703,-5.027777777777778,-1.7754237288135593
2022-05-19,-7.103305785123967,0.5635838150289018,3.8418367346938775,5.842592592592593,3.732142857142857,0.4908759124087591,7.645833333333333,7.323529411764706,6.848623853211009,5.475,0.4025423728813559
2022-05-20,-8.591093117408906,-0.809322033898305,2.9183168316831685,5.842592592592593,1.2701149425287357,-0.45714285714285713,7.645833333333333,6.649425287356322,5.935267857142857,5.475,-0.23333333333333334
2022-05-21,-8.550813008130081,-0.7088068181818182,3.1325,5.842592592592593,1.5,-0.3273381294964029,7.645833333333333,6.941860465116279,6.155405405405405,5.475,-0.23333333333333334
2022-05-22,-8.550813008130081,-0.7088068181818182,3.1325,5.842592592592593,1.5,-0.3273381294964029,7.645833333333333,6.941860465116279,6.155405405405405,5.475,-0.23333333333333334
2022-05-23,-9.689049586776859,-0.3567251461988304,2.6108247422680413,5.842592592592593,4.370481927710843,-0.7757352941176471,7.645833333333333,5.955357142857143,5.770833333333333,5.475,0.8975409836065574
2022-05-24,-10.403455284552846,1.0866477272727273,3.055,7.844827586206897,6.988636363636363,0.3339285714285714,11.535714285714286,6.350574712643678,6.085585585585585,5.475,3.5078125
2022-05-25,-8.725708502024291,1.7556818181818181,2.8514851485148514,7.844827586206897,5.708791208791209,1.3428571428571427,11.535714285714286,6.079545454545454,5.875,5.475,3.53125
2022-05-26,-9.024193548387096,1.8536931818181819,3.014423076923077,7.308333333333334,7.4532967032967035,1.1637323943661972,10.216666666666667,6.15934065934066,6.087719298245614,4.2272727272727275,3.373134328358209
2022-05-27,-9.287698412698413,1.7175141242937852,2.7738095238095237,7.308333333333334,7.130434782608695,1.0,10.216666666666667,5.850543478260869,5.841304347826087,4.2272727272727275,3.373134328358209
2022-05-28,-9.287698412698413,1.7175141242937852,2.7738095238095237,7.308333333333334,7.130434782608695,1.0,10.216666666666667,5.850543478260869,5.841304347826087,4.2272727272727275,3.373134328358209
2022-05-29,-9.044897959183674,1.7514619883040936,2.8025,9.473214285714286,6.1098901098901095,1.010948905109489,15.326923076923077,5.6960227272727275,6.006818181818182,4.2272727272727275,4.3515625
2022-05-30,-7.785123966942149,1.2838235294117648,2.99,9.473214285714286,4.417613636363637,1.8641304347826086,15.326923076923077,5.909090909090909,6.177272727272728,4.2272727272727275,5.823076923076923
2022-05-31,-7.93904958677686,2.353801169590643,3.8325,9.473214285714286,6.161111111111111,3.176258992805755,15.326923076923077,6.8664772727272725,6.943181818181818,4.2272727272727275,5.823076923076923
2022-06-01,-7.663179916317992,2.3573529411764707,3.8535353535353534,6.12037037037037,5.106741573033708,3.0611510791366907,15.326923076923077,6.925287356321839,6.990825688073395,4.2272727272727275,4.2109375
2022-06-02,-8.826446280991735,1.5088235294117647,3.782828282828283,7.3173076923076925,3.9488636363636362,2.023381294964029,18.6875,6.844827586206897,6.525,4.2272727272727275,6.1640625
2022-06-03,-10.035425101214575,1.242732558139535,3.51,7.3173076923076925,3.688202247191011,1.6914893617021276,18.6875,6.5,6.254504504504505,4.2272727272727275,5.773076923076923
2022-06-04,-10.035425101214575,1.242732558139535,3.51,7.3173076923076925,3.688202247191011,1.6914893617021276,18.6875,6.5,6.254504504504505,4.2272727272727275,5.773076923076923
2022-06-05,-9.965020576131687,1.2218934911242603,2.979591836734694,9.68,3.0948275862068964,1.29136690647482,18.6875,5.425287356321839,6.361111111111111,4.2272727272727275,6.671875
2022-06-06,-11.71652719665272,1.0441176470588236,4.92,9.68,2.7301136363636362,1.7765957446808511,18.6875,7.550561797752809,7.72972972972973,4.2272727272727275,8.107692307692307
2022-06-07,-12.030590717299578,-0.4375,2.41,9.68,-0.125,-0.7178571428571429,18.6875,5.1335227272727275,5.468468468468468,4.2272727272727275,8.365079365079366
2022-06-08,-11.835470085470085,-0.020833333333333332,1.1875,9.68,1.8304597701149425,-0.21785714285714286,18.6875,4.825842696629214,4.367117117117117,4.2272727272727275,9.796875
2022-06-09,-11.5758547008547,0.3106508875739645,1.3661616161616161,12.739583333333334,2.946022727272727,0.6,18.6875,5.068181818181818,4.556818181818182,4.2272727272727275,10.964285714285714
2022-06-10,-11.543067226890756,0.2936046511627907,2.113861386138614,12.739583333333334,3.1,0.5734265734265734,18.6875,5.825,5.174107142857143,4.2272727272727275,10.964285714285714
2022-06-11,-11.543067226890756,0.2936046511627907,2.113861386138614,12.739583333333334,3.1,0.5734265734265734,18.6875,5.825,5.174107142857143,4.2272727272727275,10.964285714285714
2022-06-12,-10.877136752136753,1.5029761904761905,2.590909090909091,12.739583333333334,3.1,2.0431654676258995,18.6875,6.4460227272727275,5.659090909090909,4.2272727272727275,12.09274193548387
2022-06-13,-10.615466101694915,1.660294117647059,3.787878787878788,10.49,3.6467391304347827,1.8507194244604317,18.6875,6.732758620689655,6.283783783783784,4.2272727272727275,10.328125
2022-06-14,-11.225531914893617,0.7485294117647059,3.717171717171717,10.49,3.327956989247312,1.2864963503649636,18.6875,6.652298850574713,4.887387387387387,4.2272727272727275,9.76923076923077
2022-06-15,-10.808262711864407,0.8668639053254438,3.951530612244898,13.932692307692308,2.781578947368421,1.4375,18.6875,6.953488372093023,5.1068181818181815,4.2272727272727275,10.286764705882353
2022-06-16,-11.661764705882353,0.7204142011834319,3.6989795918367347,11.981481481481481,2.3489583333333335,1.255514705882353,14.26923076923077,6.665697674418604,4.881818181818182,4.2272727272727275,9.576086956521738
2022-06-17,-11.098140495867769,1.0930232558139534,3.2875,11.981481481481481,3.3556701030927836,1.7050359712230216,14.26923076923077,6.130681818181818,4.493303571428571,4.2272727272727275,9.167857142857143
2022-06-18,-11.098140495867769,1.0930232558139534,3.2875,11.981481481481481,3.3556701030927836,1.7050359712230216,14.26923076923077,6.130681818181818,4.493303571428571,4.2272727272727275,9.167857142857143
2022-06-19,-11.061203319502075,1.2163742690058479,3.522727272727273,11.981481481481481,3.3556701030927836,1.8623188405797102,14.26923076923077,6.431034482758621,4.713963963963964,4.2272727272727275,9.167857142857143
2022-06-20,-11.14451476793249,1.6597633136094674,3.851010101010101,14.314814814814815,3.626315789473684,2.0588235294117645,15.307692307692308,6.804597701149425,5.006756756756757,4.2272727272727275,9.670289855072463
2022-06-21,-9.815400843881857,2.923076923076923,2.555,12.776785714285714,5.2265625,2.2664233576642334,15.307692307692308,5.298295454545454,3.8392857142857144,4.2272727272727275,9.121428571428572
2022-06-22,-9.155462184873949,2.4941520467836256,2.5325,11.112068965517242,5.2421875,1.7482014388489209,15.307692307692308,5.578488372093023,4.368421052631579,4.2272727272727275,7.1535714285714285
2022-06-23,-7.789583333333334,4.0248538011695905,2.5925,11.112068965517242,6.614583333333333,2.773381294964029,15.307692307692308,5.293103448275862,4.478070175438597,4.2272727272727275,7.1535714285714285
2022-06-24,-8.297131147540984,3.047142857142857,1.7402912621359223,11.112068965517242,5.857142857142857,1.6118881118881119,15.307692307692308,4.699438202247191,3.6794871794871793,4.2272727272727275,7.1535714285714285
2022-06-25,-8.297131147540984,3.047142857142857,1.7402912621359223,11.112068965517242,5.857142857142857,1.6118881118881119,15.307692307692308,4.699438202247191,3.6794871794871793,4.2272727272727275,7.1535714285714285
2022-06-26,-8.951446280991735,3.928779069767442,1.8823529411764706,11.112068965517242,7.542105263157895,2.1382978723404253,15.307692307692308,4.8977272727272725,3.8211206896551726,4.2272727272727275,8.101449275362318
2022-06-27,-8.446280991735538,4.779239766081871,3.813106796116505,11.258620689655173,7.533163265306122,3.164285714285714,15.307692307692308,6.042613636363637,5.866379310344827,4.613636363636363,7.728571428571429
2022-06-28,-7.802469135802469,4.848837209302325,3.2333333333333334,13.857142857142858,7.626262626262626,3.5,15.307692307692308,5.716292134831461,5.315677966101695,4.613636363636363,8.855072463768115
2022-06-29,-7.073347107438017,4.793352601156069,2.8632075471698113,16.99074074074074,7.5025,3.4357142857142855,15.307692307692308,5.252777777777778,4.163135593220339,12.15,9.067857142857143
2022-06-30,-7.915650406504065,4.28343023255814,2.8476190476190477,17.971153846153847,6.9646464646464645,3.4280575539568345,15.307692307692308,5.26123595505618,4.160256410256411,12.15,9.694852941176471
2022-07-01,-7.073886639676114,4.030346820809249,2.8476190476190477,17.971153846153847,6.5,3.1214285714285714,15.307692307692308,5.26123595505618,3.7902542372881354,12.15,9.694852941176471
2022-07-02,-7.073886639676114,4.030346820809249,2.8476190476190477,17.971153846153847,6.5,3.1214285714285714,15.307692307692308,5.26123595505618,3.7902542372881354,12.15,9.694852941176471
2022-07-03,-7.181632653061224,4.775147928994083,3.375,21.00925925925926,6.694444444444445,3.3568840579710146,21.357142857142858,5.683908045977011,4.282608695652174,20.136363636363637,11.363970588235293
2022-07-04,-7.04835390946502,4.266467065868263,2.6990291262135924,21.508928571428573,6.373711340206185,3.366788321167883,22.266666666666666,5.935393258426966,3.6745689655172415,20.136363636363637,10.021739130434783
2022-07-05,-6.7331223628691985,3.386764705882353,2.160377358490566,21.785714285714285,5.0561224489795915,2.1375,25.035714285714285,5.543956043956044,3.0708333333333333,23.8,10.210714285714285
2022-07-06,-7.130341880341881,3.5550595238095237,2.4903846153846154,23.314814814814813,4.961734693877551,2.324275362318841,28.46153846153846,6.400568181818182,3.305084745762712,23.8,10.07857142857143
2022-07-07,-6.223290598290598,3.2662721893491122,2.4783653846153846,23.314814814814813,4.5,2.9466911764705883,28.46153846153846,6.706896551724138,3.294491525423729,23.8,9.380281690140846
2022-07-08,-6.758403361344538,2.531791907514451,2.4783653846153846,21.223214285714285,3.6151960784313726,2.0482142857142858,28.46153846153846,6.706896551724138,3.294491525423729,18.431818181818183,7.962837837837838
2022-07-09,-6.3400423728813555,2.8333333333333335,2.982843137254902,22.462962962962962,3.99009900990099,2.414855072463768,31.854166666666668,7.411764705882353,3.752155172413793,18.431818181818183,8.82986111111111
2022-07-10,-6.585470085470085,2.6020710059171597,2.982843137254902,22.462962962962962,3.99009900990099,2.1213235294117645,31.854166666666668,7.411764705882353,3.752155172413793,18.431818181818183,7.545774647887324
2022-07-11,-7.4342672413793105,2.1354166666666665,2.34,22.462962962962962,4.178217821782178,1.537037037037037,31.854166666666668,6.309523809523809,2.880434782608696,18.431818181818183,8.5
2022-07-12,-7.978448275862069,1.168639053254438,2.022277227722772,21.241071428571427,2.873762376237624,0.5611111111111111,28.5,6.306547619047619,1.7521739130434784,15.916666666666666,7.170289855072464
2022-07-13,-7.173404255319149,2.113905325443787,2.022277227722772,21.241071428571427,3.5,0.9018518518518519,28.5,6.306547619047619,1.7521739130434784,18.613636363636363,7.170289855072464
2022-07-14,-6.75625,1.819767441860465,1.9902912621359223,21.241071428571427,2.9684466019417477,0.8941605839416058,28.5,6.1686046511627906,1.7286324786324787,18.613636363636363,7.307142857142857
2022-07-15,-6.607438016528926,1.9281609195402298,2.1666666666666665,21.241071428571427,2.6875,1.0431654676258992,28.5,6.1686046511627906,1.888655462184874,18.613636363636363,7.890845070422535
2022-07-16,-6.607438016528926,1.9281609195402298,2.1666666666666665,21.241071428571427,2.6875,1.0431654676258992,28.5,6.1686046511627906,1.888655462184874,18.613636363636363,7.890845070422535
2022-07-17,-7.950836820083682,1.1242690058479532,1.2259615384615385,18.324074074074073,1.2720588235294117,-0.03467153284671533,28.5,5.064705882352941,1.0572033898305084,18.613636363636363,6.575
2022-07-18,-6.9,1.0441176470588236,1.0738095238095238,19.79,0.3217821782178218,-0.14338235294117646,28.5,5.126470588235295,0.9243697478991597,30.475,6.768382352941177
2022-07-19,-7.115957446808511,1.5449101796407185,1.3293269230769231,24.114583333333332,0.035,0.4777777777777778,28.5,5.491071428571429,1.1483050847457628,43.19444444444444,8.123134328358208
2022-07-20,-7.120171673819742,2.4775449101796405,1.1518691588785046,24.114583333333332,1.2004950495049505,1.3400735294117647,28.5,5.291176470588235,0.9958677685950413,43.19444444444444,8.253676470588236
2022-07-21,-7.335836909871245,2.6651785714285716,1.2971698113207548,24.259615384615383,0.8259803921568627,1.5784671532846715,28.5,5.523809523809524,0.8078512396694215,34.075,8.435714285714285
2022-07-22,-7.3575949367088604,2.5146198830409356,2.0347222222222223,19.65740740740741,0.8100961538461539,2.147482014388489,28.5,6.351744186046512,1.4634146341463414,34.075,7.845890410958904
2022-07-23,-7.3575949367088604,2.5146198830409356,2.0347222222222223,19.65740740740741,0.8100961538461539,2.147482014388489,28.5,6.351744186046512,1.4634146341463414,34.075,7.845890410958904
2022-07-24,-8.27127659574468,1.9411764705882353,2.0347222222222223,19.65740740740741,0.8100961538461539,1.4384057971014492,28.5,6.351744186046512,1.4634146341463414,34.075,7.845890410958904
2022-07-25,-7.873940677966102,1.9705882352941178,2.235981308411215,17.803571428571427,0.32142857142857145,1.7208029197080292,28.5,6.655882352941177,1.7848360655737705,34.075,7.845890410958904
2022-07-26,-8.390889830508474,1.8742690058479532,2.0810185185185186,17.803571428571427,0.32142857142857145,1.8621323529411764,28.5,6.7,2.4455645161290325,34.075,7.845890410958904
2022-07-27,-8.683262711864407,0.6952662721893491,1.4693396226415094,11.48076923076923,-0.6658653846153846,0.375,22.541666666666668,6.030120481927711,0.8217213114754098,26.75,4.704861111111111
2022-07-28,-8.504219409282701,-0.1695906432748538,1.474056603773585,11.48076923076923,-1.4663461538461537,0.3787313432835821,22.541666666666668,6.036144578313253,0.8258196721311475,26.75,4.704861111111111
2022-07-29,-8.128125,0.3265895953757225,2.238425925925926,11.48076923076923,-0.6556603773584906,1.0018382352941178,22.541666666666668,6.9,1.502016129032258,26.75,4.704861111111111
2022-07-30,-8.015690376569038,0.5319767441860465,2.586448598130841,11.48076923076923,-0.6556603773584906,1.2685185185185186,22.541666666666668,7.398809523809524,1.798780487804878,26.75,5.264084507042254
2022-07-31,-7.590717299578059,0.6330409356725146,2.768867924528302,11.48076923076923,-0.6556603773584906,1.4029850746268657,22.541666666666668,7.6897590361445785,1.9508196721311475,26.75,5.264084507042254
2022-08-01,-6.475531914893617,1.6598837209302326,2.7009345794392523,14.75925925925926,0.3136792452830189,0.9699248120300752,22.541666666666668,6.430722891566265,2.2868852459016393,26.75,7.583333333333333
2022-08-02,-4.114628820960698,1.6744186046511629,3.0542452830188678,13.625,-0.17592592592592593,1.125,19.5,6.533132530120482,2.59297520661157,26.75,7.743055555555555
2022-08-03,-2.9358695652173914,2.6300578034682083,3.8518518518518516,13.625,0.6659090909090909,2.3721804511278197,19.5,7.464705882352941,3.9405737704918034,26.75,7.743055555555555
2022-08-04,-2.0934782608695652,3.5942857142857143,3.5454545454545454,13.625,0.5225225225225225,3.6259259259259258,19.5,6.994252873563219,2.8841463414634148,26.75,7.743055555555555
2022-08-05,-2.3044871794871793,4.308659217877095,4.243303571428571,12.64655172413793,0.5225225225225225,4.195255474452555,17.053571428571427,6.747159090909091,3.52,22.6,7.996666666666667
2022-08-06,-2.3044871794871793,4.308659217877095,4.243303571428571,12.64655172413793,0.5225225225225225,4.195255474452555,17.053571428571427,6.747159090909091,3.52,22.6,7.996666666666667
2022-08-07,-2.7435622317596566,3.771067415730337,3.380630630630631,12.64655172413793,0.5225225225225225,3.4908088235294117,17.053571428571427,5.675287356321839,2.7419354838709675,22.6,6.753378378378378
2022-08-08,-2.5432900432900434,4.759831460674158,2.684684684684685,11.703703703703704,1.990909090909091,4.466666666666667,15.666666666666666,4.477011494252873,2.118951612903226,14.0,6.236111111111111
2022-08-09,-0.5595238095238095,5.470338983050848,3.063063063063063,11.703703703703704,2.4954128440366974,5.402985074626866,15.666666666666666,4.301136363636363,2.4576612903225805,14.0,6.819444444444445
2022-08-10,-0.462882096069869,4.6158192090395485,2.9623893805309733,8.307692307692308,2.559090909090909,4.983333333333333,15.666666666666666,3.9277777777777776,1.2182539682539681,14.0,7.014285714285714
2022-08-11,0.0927947598253275,5.021067415730337,3.2039473684210527,8.307692307692308,2.7433035714285716,5.098540145985401,15.666666666666666,3.619565217391304,1.244140625,14.0,8.144927536231885
2022-08-12,0.9577922077922078,5.551675977653631,3.115217391304348,11.703703703703704,2.2302631578947367,5.5,15.666666666666666,3.5053763440860215,0.7576335877862596,22.6,9.457142857142857
2022-08-13,1.1021739130434782,5.764044943820225,3.425438596491228,11.703703703703704,2.2302631578947367,5.5,15.666666666666666,3.8940217391304346,1.0115384615384615,22.6,9.457142857142857
2022-08-14,-0.5613839285714286,4.2844827586206895,3.6283185840707963,11.703703703703704,-0.41216216216216217,5.679856115107913,15.666666666666666,4.1510989010989015,1.1705426356589148,22.6,8.144927536231885
2022-08-15,-0.07589285714285714,3.6839080459770117,2.5964912280701755,7.833333333333333,0.24774774774774774,4.825,6.958333333333333,2.8668478260869565,0.36046511627906974,12.15,6.630434782608695
2022-08-16,0.8130630630630631,3.8257142857142856,1.7654867256637168,10.351851851851851,0.5535714285714286,5.003597122302159,6.958333333333333,1.8379120879120878,0.313953488372093,12.15,7.615942028985507
2022-08-17,0.3088235294117647,2.30316091954023,1.4181818181818182,6.903846153846154,0.05088495575221239,4.437956204379562,6.958333333333333,1.002808988764045,-0.023809523809523808,2.388888888888889,6.257352941176471
2022-08-18,2.791095890410959,4.174418604651163,3.127314814814815,10.351851851851851,2.546875,5.998161764705882,14.115384615384615,1.3153409090909092,1.242,2.388888888888889,7.822463768115942
2022-08-19,1.9684684684684686,4.174418604651163,3.127314814814815,10.351851851851851,2.546875,5.998161764705882,14.115384615384615,1.3153409090909092,1.242,2.388888888888889,7.822463768115942
2022-08-20,1.9684684684684686,4.174418604651163,3.127314814814815,10.351851851851851,2.546875,5.998161764705882,14.115384615384615,1.3153409090909092,1.242,2.388888888888889,7.822463768115942
2022-08-21,2.164383561643836,4.035294117647059,3.3598130841121496,10.351851851851851,2.0855855855855854,6.203703703703703,14.115384615384615,1.5804597701149425,1.4274193548387097,2.388888888888889,7.5783582089552235
2022-08-22,0.6793981481481481,1.7320359281437125,1.7976190476190477,7.798076923076923,-1.5300925925925926,4.065789473684211,8.895833333333334,-0.3911764705882353,-0.16056910569105692,2.388888888888889,4.840909090909091
2022-08-23,0.3204225352112676,2.4207317073170733,2.4199029126213594,7.798076923076923,-0.7971698113207547,4.5896946564885495,8.895833333333334,0.32831325301204817,0.3367768595041322,2.388888888888889,5.257692307692308
2022-08-24,1.4820574162679425,3.1373456790123457,2.56,11.961538461538462,0.14903846153846154,4.794573643410852,10.454545454545455,0.425,0.4025423728813559,3.71875,7.011904761904762
2022-08-25,3.2666666666666666,4.844879518072289,4.388349514563107,15.222222222222221,1.8271028037383177,6.87593984962406,17.916666666666668,2.7710843373493974,2.012396694214876,14.416666666666666,9.462121212121213
2022-08-26,2.9511627906976745,4.635294117647059,4.014285714285714,15.222222222222221,1.614864864864865,5.7463503649635035,17.916666666666668,2.347058823529412,1.3790322580645162,14.416666666666666,9.462121212121213
2022-08-27,2.9511627906976745,4.635294117647059,4.014285714285714,15.222222222222221,1.614864864864865,5.7463503649635035,17.916666666666668,2.347058823529412,1.3790322580645162,14.416666666666666,9.462121212121213
2022-08-28,2.192757009345794,4.178571428571429,4.1875,15.222222222222221,1.614864864864865,5.194444444444445,17.916666666666668,2.5416666666666665,1.5040650406504066,14.416666666666666,8.069230769230769
2022-08-29,1.2651869158878504,2.6923076923076925,3.1166666666666667,13.294642857142858,0.12385321100917432,3.651851851851852,17.916666666666668,1.238235294117647,0.304,14.416666666666666,6.82089552238806
2022-08-30,1.6751152073732718,2.3308383233532934,3.4759615384615383,13.294642857142858,0.12385321100917432,3.212406015037594,17.916666666666668,1.6607142857142858,0.5826612903225806,14.416666666666666,6.958955223880597
2022-08-31,3.687793427230047,3.155688622754491,4.7451923076923075,13.294642857142858,-0.7962962962962963,4.518939393939394,17.916666666666668,3.232142857142857,1.6935483870967742,14.416666666666666,5.549242424242424
2022-09-01,6.369047619047619,2.9226190476190474,4.971153846153846,13.294642857142858,-1.334862385321101,4.214285714285714,17.916666666666668,3.5542168674698793,1.612,14.416666666666666,5.356060606060606
2022-09-02,6.158018867924528,3.3076923076923075,5.571428571428571,13.294642857142858,-1.334862385321101,4.690298507462686,17.916666666666668,4.321428571428571,2.138888888888889,14.416666666666666,6.291044776119403
2022-09-03,6.158018867924528,3.3076923076923075,5.571428571428571,13.294642857142858,-1.334862385321101,4.690298507462686,17.916666666666668,4.321428571428571,2.138888888888889,14.416666666666666,6.291044776119403
2022-09-04,5.896428571428571,2.154191616766467,3.4302884615384617,11.862068965517242,-1.0787037037037037,3.2518939393939394,14.365384615384615,1.6234939759036144,0.5665322580645161,14.416666666666666,4.376865671641791
2022-09-05,6.063397129186603,2.341867469879518,3.745145631067961,10.733333333333333,-0.6179245283018868,3.4980916030534353,11.767857142857142,1.6024096385542168,0.806910569105691,14.416666666666666,3.988970588235294
2022-09-06,5.7995283018867925,3.658682634730539,4.932038834951456,12.7265625,0.535377358490566,4.431297709923665,10.0,1.6927710843373494,1.8008130081300813,14.416666666666666,3.717391304347826
2022-09-07,5.395539906103286,3.4819277108433737,4.728365384615385,11.098484848484848,-0.5613207547169812,4.076923076923077,10.0,1.4791666666666667,1.314,14.416666666666666,3.0785714285714287
2022-09-08,5.428571428571429,4.146341463414634,4.053921568627451,11.098484848484848,0.1976190476190476,4.9375,10.0,0.5609756097560976,0.6991869918699187,14.416666666666666,3.0785714285714287
2022-09-09,4.82981220657277,4.028614457831325,3.6359223300970873,11.098484848484848,0.1976190476190476,4.775,10.0,0.5609756097560976,0.3790322580645161,14.416666666666666,3.426056338028169
2022-09-10,4.82981220657277,4.028614457831325,3.6359223300970873,11.098484848484848,0.1976190476190476,4.775,10.0,0.5609756097560976,0.3790322580645161,14.416666666666666,3.426056338028169
2022-09-11,5.080952380952381,4.033742331288344,2.6911764705882355,12.8046875,-0.3470873786407767,5.162790697674419,10.0,0.5609756097560976,-0.0778688524590164,14.416666666666666,4.811594202898551
2022-09-12,6.608333333333333,5.559815950920245,3.926470588235294,12.8046875,-0.16019417475728157,6.4179389312977095,10.0,2.097560975609756,1.359504132231405,14.416666666666666,5.264705882352941
2022-09-13,4.8971291866028706,4.357361963190184,4.3125,8.1015625,-1.6862745098039216,4.92175572519084,10.0,2.534375,1.6407563025210083,14.416666666666666,3.156716417910448
2022-09-14,6.3954326923076925,4.113636363636363,4.495,8.1796875,-1.9567307692307692,4.7481060606060606,13.482142857142858,2.7625,1.353305785123967,14.416666666666666,2.948529411764706
2022-09-15,6.813106796116505,3.1646341463414633,5.891414141414141,8.1796875,-3.2740384615384617,4.026923076923077,13.482142857142858,4.4905063291139244,2.152892561983471,14.416666666666666,3.2761194029850746
2022-09-16,7.727163461538462,3.7515151515151515,6.8325,8.1796875,-3.5070754716981134,4.759541984732825,13.482142857142858,5.684375,2.9549180327868854,14.416666666666666,4.698529411764706
2022-09-17,7.727163461538462,3.7515151515151515,6.8325,8.1796875,-3.5070754716981134,4.759541984732825,13.482142857142858,5.684375,2.9549180327868854,14.416666666666666,4.698529411764706
2022-09-18,7.490291262135922,3.548780487804878,7.073979591836735,7.25,-3.5070754716981134,4.892307692307693,15.48076923076923,5.958333333333333,3.0875,14.416666666666666,4.2164179104477615
2022-09-19,7.519512195121951,2.2106060606060605,7.327319587628866,6.080645161290323,-5.028301886792453,4.9437984496124034,15.48076923076923,6.262987012987013,3.2605042016806722,14.416666666666666,3.675373134328358
2022-09-20,7.115763546798029,2.4294478527607364,7.791666666666667,7.466666666666667,-4.502314814814815,4.433070866141732,15.48076923076923,6.435064935064935,2.826923076923077,14.416666666666666,6.234848484848484
2022-09-21,6.006127450980392,1.0601851851851851,7.739583333333333,7.466666666666667,-5.652777777777778,3.634920634920635,15.48076923076923,6.6103896103896105,2.784188034188034,14.416666666666666,6.0559701492537314
2022-09-22,6.564356435643564,1.703125,8.092105263157896,6.435483870967742,-5.364485981308412,4.741869918699187,12.625,6.454545454545454,3.0301724137931036,10.525,5.606617647058823
2022-09-23,6.564356435643564,1.703125,8.092105263157896,6.435483870967742,-5.364485981308412,4.741869918699187,12.625,6.454545454545454,3.0301724137931036,10.525,5.606617647058823
2022-09-24,6.564356435643564,1.703125,8.092105263157896,6.435483870967742,-5.364485981308412,4.741869918699187,12.625,6.454545454545454,3.0301724137931036,10.525,5.606617647058823
2022-09-25,6.976010101010101,0.9663461538461539,6.423913043478261,8.516666666666667,-5.728365384615385,3.8781512605042017,12.625,5.59,1.5376106194690264,17.916666666666668,6.962121212121212
2022-09-26,6.4051282051282055,1.0746753246753247,7.466292134831461,8.516666666666667,-5.170792079207921,3.7796610169491527,12.625,6.335616438356165,2.2477272727272726,17.916666666666668,5.981343283582089
2022-09-27,5.5786802030456855,1.2159090909090908,7.432584269662922,5.1171875,-4.955445544554456,3.7012711864406778,9.833333333333334,6.294520547945205,2.2204545454545452,6.318181818181818,5.632352941176471
2022-09-28,5.285897435897436,1.185897435897436,7.325,5.1171875,-4.0495049504950495,2.793388429752066,9.833333333333334,6.179054054054054,2.18018018018018,6.318181818181818,5.632352941176471
2022-09-29,5.089195979899498,2.540625,9.339673913043478,7.992424242424242,-2.1966019417475726,3.227642276422764,15.46875,5.84,4.299107142857143,6.318181818181818,7.0
2022-09-30,3.6654411764705883,1.6088957055214723,8.648936170212766,7.992424242424242,-3.395238095238095,2.806,15.46875,5.087662337662338,3.817982456140351,6.318181818181818,5.225352112676056
2022-10-01,3.1908866995073892,1.001543209876543,7.666666666666667,5.1171875,-4.389423076923077,2.806,9.833333333333334,3.838815789473684,2.9668141592920354,-3.05,3.8714285714285714
2022-10-02,3.4775,0.803125,7.464285714285714,4.153225806451613,-4.274271844660194,2.4254032258064515,8.035714285714286,3.4864864864864864,2.7162162162162162,-3.05,3.7095588235294117
2022-10-03,3.6846733668341707,1.238709677419355,8.560344827586206,4.583333333333333,-3.54040404040404,2.825,8.035714285714286,4.200704225352113,3.135514018691589,-3.05,4.553846153846154
2022-10-04,3.4175,1.3387096774193548,8.64080459770115,4.583333333333333,-3.2831632653061225,2.9541666666666666,8.035714285714286,3.8402777777777777,3.2803738317757007,-3.05,5.07421875
2022-10-05,2.2103960396039604,2.108064516129032,8.620689655172415,3.685483870967742,-2.6944444444444446,2.8333333333333335,5.95,3.469178082191781,3.264018691588785,-3.05,5.328125
2022-10-06,3.56,4.405448717948718,11.343406593406593,7.1328125,-1.303030303030303,5.717741935483871,9.882352941176471,2.8566666666666665,5.6891891891891895,0.5277777777777778,9.09375
2022-10-07,3.20935960591133,3.941823899371069,10.521505376344086,7.1328125,-1.3575,5.200396825396825,9.882352941176471,2.549342105263158,5.1128318584070795,0.5277777777777778,9.09375
2022-10-08,3.20935960591133,3.941823899371069,10.521505376344086,7.1328125,-1.3575,5.200396825396825,9.882352941176471,2.549342105263158,5.1128318584070795,0.5277777777777778,9.09375
2022-10-09,3.586683417085427,4.437898089171974,10.521505376344086,7.1328125,-0.6709183673469388,5.848790322580645,9.882352941176471,2.549342105263158,5.459821428571429,0.5277777777777778,9.09375
2022-10-10,2.987437185929648,5.134615384615385,10.50268817204301,5.359375,-1.8575,6.451612903225806,11.234375,2.476973684210526,5.444196428571429,2.0625,9.61923076923077
2022-10-11,3.9911616161616164,3.4716981132075473,9.705263157894738,5.975806451612903,-3.1971153846153846,5.0859375,12.9,2.142857142857143,4.868421052631579,2.0625,9.984375
2022-10-12,4.184010152284264,4.4921875,9.463157894736842,5.975806451612903,-1.3932038834951457,5.944230769230769,12.9,1.844155844155844,5.495652173913044,2.0625,10.421875
2022-10-13,2.43407960199005,3.4305555555555554,8.708333333333334,5.975806451612903,-1.3009708737864079,4.619318181818182,12.9,1.26875,4.905172413793103,2.0625,9.3984375
2022-10-14,0.768957345971564,2.8838235294117647,6.50990099009901,8.95,-1.3808411214953271,4.1989051094890515,7.147058823529412,0.7164634146341463,3.227272727272727,2.0625,10.727941176470589
2022-10-15,1.0488095238095239,2.8838235294117647,6.50990099009901,8.95,-1.3808411214953271,4.1989051094890515,7.147058823529412,0.7164634146341463,3.227272727272727,2.0625,10.727941176470589
2022-10-16,0.036904761904761905,3.119047619047619,6.982323232323233,8.95,-1.3878504672897196,4.511111111111111,7.147058823529412,0.8950617283950617,3.5651260504201683,2.0625,10.727941176470589
2022-10-17,0.41785714285714287,3.6923076923076925,7.9125,8.95,-0.44907407407407407,5.213235294117647,7.147058823529412,0.8950617283950617,4.36875,2.0625,10.727941176470589
2022-10-18,0.5370813397129187,3.4068047337278107,7.69949494949495,7.979166666666667,-0.8958333333333334,5.037037037037037,5.305555555555555,0.8364197530864198,4.161764705882353,-1.0555555555555556,9.547101449275363
2022-10-19,2.1297619047619047,3.7276785714285716,7.4475,9.092857142857143,0.052752293577981654,5.451492537313433,5.305555555555555,0.6128048780487805,4.32563025210084,4.8125,10.430147058823529
2022-10-20,2.1350710900473935,4.347305389221557,6.51010101010101,12.301470588235293,-0.11342592592592593,4.738721804511278,5.305555555555555,-0.6172839506172839,4.323529411764706,4.8125,10.742424242424242
2022-10-21,1.683411214953271,4.022189349112426,5.923267326732673,14.807142857142857,-0.5318181818181819,4.325925925925926,5.305555555555555,-0.8292682926829268,3.8698347107438016,15.38888888888889,12.074626865671641
2022-10-22,1.683411214953271,4.022189349112426,5.923267326732673,14.807142857142857,-0.5318181818181819,4.325925925925926,5.305555555555555,-0.8292682926829268,3.8698347107438016,15.38888888888889,12.074626865671641
2022-10-23,2.4822274881516586,5.028273809523809,5.923267326732673,16.191176470588236,0.06018518518518518,5.309259259259259,5.305555555555555,-0.8292682926829268,4.170833333333333,15.38888888888889,13.446153846153846
2022-10-24,2.6910377358490565,4.1437125748503,5.93,14.664285714285715,-0.3761467889908257,4.216666666666667,3.0657894736842106,-0.6697530864197531,3.3495762711864407,15.38888888888889,12.678030303030303
2022-10-25,2.585280373831776,4.193786982248521,5.198529411764706,14.087837837837839,-0.2958715596330275,4.281481481481482,1.0375,-1.3869047619047619,3.0798319327731094,10.1,13.115671641791044
2022-10-26,4.276744186046511,5.316568047337278,5.134803921568627,16.348684210526315,-0.05227272727272727,4.531021897810219,1.0375,-1.4642857142857142,3.0252100840336134,10.1,13.855072463768115
2022-10-27,3.7127906976744187,5.994082840236686,4.3825,18.493589743589745,1.0113636363636365,3.964814814814815,1.0375,-2.542682926829268,2.3461538461538463,10.1,15.085714285714285
2022-10-28,3.2085253456221197,5.860294117647059,4.173267326732673,18.493589743589745,0.8513513513513513,3.8125,1.0375,-2.713855421686747,2.184322033898305,10.1,15.085714285714285
2022-10-29,3.2085253456221197,5.860294117647059,4.173267326732673,18.493589743589745,0.8513513513513513,3.8125,1.0375,-2.713855421686747,2.184322033898305,10.1,15.085714285714285
2022-10-30,1.9694835680751173,5.234848484848484,3.517857142857143,16.348684210526315,0.16435185185185186,4.042910447761194,1.0375,-2.493827160493827,1.5739130434782609,10.1,12.899253731343284
2022-10-31,1.4593023255813953,6.067771084337349,4.3813131313131315,17.25,1.7800925925925926,4.785185185185185,1.986842105263158,-1.0493827160493827,2.3275862068965516,10.1,12.871323529411764
2022-11-01,-0.5559360730593608,5.134036144578313,3.181122448979592,17.25,0.5911214953271028,3.9384328358208953,1.986842105263158,-2.2436708860759493,1.0517241379310345,10.1,12.307971014492754
2022-11-02,-0.6095890410958904,5.0636363636363635,2.0927835051546393,14.814102564102564,-0.5887850467289719,3.0223880597014925,1.0,-3.712025316455696,0.11521739130434783,3.375,11.109154929577464
2022-11-03,-0.7052752293577982,3.958588957055215,0.7190721649484536,14.724358974358974,-0.823394495412844,2.0279850746268657,0.825,-3.990740740740741,-1.0434782608695652,5.0227272727272725,10.282142857142857
2022-11-04,-0.8344444444444444,3.2797619047619047,0.6224489795918368,12.0875,-1.2522522522522523,1.2665441176470589,0.825,-4.048780487804878,-1.4465811965811965,5.0227272727272725,7.982638888888889
2022-11-05,-0.8344444444444444,3.2797619047619047,0.6224489795918368,12.0875,-1.2522522522522523,1.2665441176470589,0.825,-4.048780487804878,-1.4465811965811965,5.0227272727272725,7.982638888888889
2022-11-06,-1.3068181818181819,2.5,-0.13157894736842105,12.0875,-1.988532110091743,-0.17669172932330826,0.825,-5.346875,-2.129385964912281,5.0227272727272725,7.982638888888889
2022-11-07,-2.73972602739726,2.8363636363636364,-0.5416666666666666,11.518292682926829,-1.3175675675675675,-0.333955223880597,0.25,-5.768518518518518,-2.4543478260869565,5.0227272727272725,7.979166666666667
2022-11-08,-2.3647727272727272,2.2243975903614457,-0.45789473684210524,11.518292682926829,-2.033482142857143,-0.832089552238806,0.25,-5.74375,-2.401315789473684,5.0227272727272725,7.979166666666667
2022-11-09,-3.1447963800904977,1.7181818181818183,-0.574468085106383,10.505952380952381,-2.824324324324324,-0.7367424242424242,-1.1704545454545454,-5.841772151898734,-2.3169642857142856,5.0227272727272725,5.993243243243243
2022-11-10,-4.7122222222222225,1.2991071428571428,-0.8184210526315789,10.505952380952381,-1.7567567567567568,-1.6717557251908397,-1.1704545454545454,-6.065625,-2.074324324324324,-4.475,5.993243243243243
2022-11-11,-4.544956140350878,1.5730994152046784,-1.309278350515464,10.505952380952381,-1.2653508771929824,-1.2555970149253732,-1.1704545454545454,-6.5182926829268295,-2.4734513274336285,-4.475,5.1875
2022-11-12,-4.544956140350878,1.5730994152046784,-1.309278350515464,10.505952380952381,-1.2653508771929824,-1.2555970149253732,-1.1704545454545454,-6.5182926829268295,-2.4734513274336285,-4.475,5.1875
2022-11-13,-5.222466960352423,1.4926900584795322,-1.3671875,10.178571428571429,-1.3859649122807018,-1.2969924812030076,-1.7954545454545454,-6.651234567901234,-2.5951327433628317,-4.472222222222222,5.006578947368421
2022-11-14,-5.716814159292035,0.6352941176470588,-1.5824742268041236,8.738095238095237,-2.905701754385965,-2.3227611940298507,-2.847826086956522,-6.604938271604938,-3.5929203539823007,-4.472222222222222,3.99025974025974
2022-11-15,-5.744517543859649,2.242690058479532,-0.6944444444444444,10.86046511627907,-2.1473214285714284,-0.6066176470588235,-2.847826086956522,-5.424698795180723,-2.7934782608695654,-4.472222222222222,5.221153846153846
2022-11-16,-6.74890350877193,1.564327485380117,-1.7601010101010102,8.406976744186046,-2.881818181818182,-1.4595588235294117,-7.434782608695652,-5.280120481927711,-3.8021739130434784,-4.472222222222222,4.224025974025974
2022-11-17,-6.87987012987013,1.2902298850574712,-2.1299019607843137,8.017045454545455,-2.881818181818182,-1.6113138686131387,-7.489583333333333,-5.4,-4.069915254237288,-4.472222222222222,4.0576923076923075
2022-11-18,-7.5405982905982905,0.8409090909090909,-2.1299019607843137,8.017045454545455,-3.513392857142857,-2.1384892086330933,-7.489583333333333,-5.4,-4.069915254237288,-4.472222222222222,3.4367088607594938
2022-11-19,-7.5405982905982905,0.8409090909090909,-2.1299019607843137,8.017045454545455,-3.513392857142857,-2.1384892086330933,-7.489583333333333,-5.4,-4.069915254237288,-4.472222222222222,3.4367088607594938
2022-11-20,-6.649563318777292,1.1127167630057804,-1.9875,8.366279069767442,-3.2018348623853212,-1.8584558823529411,-7.510869565217392,-5.307228915662651,-3.7891304347826087,-4.472222222222222,3.7662337662337664
2022-11-21,-6.663043478260869,1.6157142857142857,-1.9125,10.448863636363637,-2.331081081081081,-1.1775362318840579,-7.510869565217392,-5.216867469879518,-3.605603448275862,-4.472222222222222,4.56875
2022-11-22,-7.788461538461538,0.5790960451977402,-2.022277227722772,7.875,-3.763392857142857,-1.822695035460993,-7.75,-5.183734939759036,-3.6858974358974357,-4.472222222222222,3.153125
2022-11-23,-8.51931330472103,-0.15142857142857144,-2.836734693877551,7.875,-5.621559633027523,-2.3967391304347827,-12.434782608695652,-6.3,-4.4298245614035086,-17.53125,2.173076923076923
2022-11-24,-8.408695652173913,-0.16279069767441862,-2.734536082474227,7.875,-5.794811320754717,-1.6388888888888888,-12.434782608695652,-6.218354430379747,-4.020089285714286,-17.53125,2.079113924050633
2022-11-25,-7.9393939393939394,0.4161849710982659,-1.6862244897959184,9.922222222222222,-5.794811320754717,-0.8915441176470589,-7.75,-4.890625,-3.099557522123894,-17.53125,3.303125
2022-11-26,-7.629347826086956,0.4161849710982659,-1.6862244897959184,9.922222222222222,-5.794811320754717,-0.8915441176470589,-7.75,-4.890625,-3.099557522123894,-17.53125,3.303125
2022-11-27,-7.74780701754386,0.9014705882352941,-1.2786458333333333,11.028409090909092,-5.794811320754717,-0.5876865671641791,-7.75,-4.471153846153846,-2.4454545454545453,-17.53125,4.253205128205129
2022-11-28,-8.111842105263158,0.695906432748538,-1.1666666666666667,11.028409090909092,-6.1782407407407405,-0.5074626865671642,-7.75,-4.333333333333333,-2.3477272727272727,-17.53125,4.5519480519480515
2022-11-29,-9.928728070175438,-0.5310650887573964,-2.2578125,9.88888888888889,-5.930555555555555,-2.3176691729323307,-7.75,-5.676282051282051,-3.041284403669725,-20.055555555555557,3.9775641025641026
2022-11-30,-10.484848484848484,-0.21726190476190477,-2.3359375,9.88888888888889,-5.2995283018867925,-1.9318181818181819,-7.75,-5.699367088607595,-2.8425925925925926,-20.055555555555557,4.0094936708860756
2022-12-01,-10.83982683982684,-0.625748502994012,-3.0763157894736843,9.88888888888889,-5.2995283018867925,-2.4656488549618323,-7.75,-6.644230769230769,-3.5046728971962615,-20.055555555555557,3.1891025641025643
2022-12-02,-10.676282051282051,-0.47058823529411764,-2.732142857142857,9.88888888888889,-5.348130841121495,-2.2276119402985075,-7.75,-6.66875,-3.1863636363636365,-20.055555555555557,3.1891025641025643
2022-12-03,-10.600858369098713,-0.3062130177514793,-2.4690721649484537,10.755681818181818,-5.348130841121495,-2.031954887218045,-6.858695652173913,-6.3955696202531644,-2.956422018348624,-20.055555555555557,3.5974025974025974
2022-12-04,-10.551724137931034,-0.17708333333333334,-2.265625,11.517441860465116,-5.348130841121495,-1.8806818181818181,-6.170454545454546,-6.19551282051282,-2.7800925925925926,-20.055555555555557,3.9342105263157894
2022-12-05,-10.007675438596491,-2.104790419161677,-3.497422680412371,10.0,-7.306603773584905,-3.4389312977099236,-5.761904761904762,-6.035256410256411,-3.871559633027523,-20.055555555555557,2.59
2022-12-06,-10.044247787610619,-2.001497005988024,-3.4948453608247423,10.609756097560975,-7.52122641509434,-3.437022900763359,-6.2272727272727275,-6.032051282051282,-3.525462962962963,-20.055555555555557,2.710526315789474
2022-12-07,-9.639130434782608,-2.7970588235294116,-3.8825,10.609756097560975,-8.72196261682243,-4.507518796992481,-6.2272727272727275,-6.1234177215189876,-3.873873873873874,-20.055555555555557,2.4318181818181817
2022-12-08,-9.554347826086957,-3.2514619883040936,-3.6775,9.535714285714286,-9.04816513761468,-5.074626865671642,-6.2272727272727275,-6.278125,-3.689189189189189,-20.055555555555557,1.1057692307692308
2022-12-09,-8.973175965665236,-2.9310344827586206,-3.6782178217821784,9.535714285714286,-9.422727272727272,-4.292279411764706,-6.2272727272727275,-6.246913580246914,-3.689732142857143,-20.055555555555557,1.1057692307692308
2022-12-10,-8.973175965665236,-2.9310344827586206,-3.6782178217821784,9.535714285714286,-9.422727272727272,-4.292279411764706,-6.2272727272727275,-6.246913580246914,-3.689732142857143,-20.055555555555557,1.1057692307692308
2022-12-11,-10.064935064935066,-3.9811046511627906,-4.715,9.535714285714286,-9.447247706422019,-5.66044776119403,-6.2272727272727275,-7.575,-4.623873873873874,-20.055555555555557,1.1057692307692308
2022-12-12,-9.56578947368421,-2.5219298245614037,-3.3799019607843137,13.040697674418604,-8.432242990654206,-3.7969924812030076,-1.1354166666666667,-5.844512195121951,-3.420353982300885,-20.055555555555557,3.5641025641025643
2022-12-13,-8.681521739130435,-0.9470588235294117,-3.2103960396039604,14.214285714285714,-6.9714285714285715,-1.8665413533834587,-1.1354166666666667,-5.66358024691358,-2.875,-20.055555555555557,4.3125
2022-12-14,-9.794181034482758,-0.8625730994152047,-4.610294117647059,13.093023255813954,-6.990566037735849,-2.1574074074074074,-1.1354166666666667,-7.1265432098765435,-3.8659090909090907,-20.055555555555557,3.5288461538461537
2022-12-15,-10.669527896995708,-1.4069767441860466,-5.713235294117647,13.093023255813954,-6.878571428571429,-2.8363970588235294,-1.1354166666666667,-8.515432098765432,-4.888636363636364,-20.055555555555557,2.4775641025641026
2022-12-16,-10.979872881355933,-1.9842857142857142,-5.803398058252427,13.093023255813954,-7.365566037735849,-3.5323741007194243,-1.1354166666666667,-8.59451219512195,-4.97972972972973,-20.055555555555557,2.0443037974683542
2022-12-17,-10.979872881355933,-1.9842857142857142,-5.803398058252427,13.093023255813954,-7.365566037735849,-3.5323741007194243,-1.1354166666666667,-8.59451219512195,-4.97972972972973,-20.055555555555557,2.0443037974683542
2022-12-18,-11.756410256410257,-1.2674418604651163,-5.779411764705882,14.952380952380953,-6.802884615384615,-3.3840579710144927,-1.1354166666666667,-8.598765432098766,-4.95,-20.055555555555557,2.9038461538461537
2022-12-19,-12.555793991416309,-1.5338235294117648,-5.916666666666667,14.952380952380953,-7.355392156862745,-2.96875,-1.1354166666666667,-8.63125,-4.901376146788991,-20.055555555555557,1.6428571428571428
2022-12-20,-12.10022026431718,-0.9619883040935673,-5.735148514851486,16.930232558139537,-7.188118811881188,-2.2445255474452557,-1.1354166666666667,-8.667721518987342,-4.935779816513762,-20.055555555555557,3.0162337662337664
2022-12-21,-11.94078947368421,-0.6947674418604651,-4.7025,17.916666666666668,-7.504901960784314,-1.9257246376811594,-0.11956521739130435,-7.381410256410256,-4.1307339449541285,-19.5,2.4711538461538463
2022-12-22,-12.12823275862069,-0.6328571428571429,-4.72029702970297,16.691860465116278,-8.23798076923077,-1.622340425531915,-0.11956521739130435,-7.370253164556962,-4.152272727272727,-21.194444444444443,2.0
2022-12-23,-11.638297872340425,0.037921348314606744,-4.45873786407767,16.068181818181817,-7.240566037735849,-0.9755244755244755,-0.5625,-6.972222222222222,-3.921875,-21.194444444444443,2.1666666666666665
2022-12-24,-11.638297872340425,0.037921348314606744,-4.45873786407767,16.068181818181817,-7.240566037735849,-0.9755244755244755,-0.5625,-6.972222222222222,-3.921875,-21.194444444444443,2.1666666666666665
2022-12-25,-11.518162393162394,0.3700564971751412,-4.45873786407767,16.068181818181817,-7.240566037735849,-0.5686619718309859,-0.5625,-6.972222222222222,-3.921875,-21.194444444444443,2.928125
2022-12-26,-11.178260869565218,0.7485632183908046,-4.051980198019802,19.017857142857142,-6.822815533980583,-0.36524822695035464,0.6847826086956522,-6.515822784810126,-3.5386363636363636,-14.142857142857142,3.883116883116883
2022-12-27,-10.355434782608695,1.310693641618497,-4.012254901960785,19.017857142857142,-6.902912621359223,0.32142857142857145,0.6847826086956522,-6.434375,-3.5067567567567566,-14.142857142857142,3.883116883116883
2022-12-28,-11.233552631578947,0.041176470588235294,-6.3431372549019605,17.04268292682927,-8.685643564356436,-0.08812949640287769,-3.8295454545454546,-6.536585365853658,-5.648648648648648,-14.142857142857142,2.6184210526315788
2022-12-29,-10.015418502202643,0.9088235294117647,-5.063725490196078,16.261904761904763,-7.291666666666667,0.8507194244604317,-4.3478260869565215,-4.811728395061729,-4.472972972972973,-14.142857142857142,5.2006578947368425
2022-12-30,-10.153930131004367,0.8245614035087719,-5.145631067961165,16.261904761904763,-7.351941747572815,0.7482142857142857,-4.3478260869565215,-4.9176829268292686,-4.553571428571429,-14.142857142857142,5.2006578947368425
2022-12-31,-10.153930131004367,0.8245614035087719,-5.145631067961165,16.261904761904763,-7.351941747572815,0.7482142857142857,-4.3478260869565215,-4.9176829268292686,-4.553571428571429,-14.142857142857142,5.2006578947368425
2023-01-01,-10.021929824561404,1.0661764705882353,-5.145631067961165,16.261904761904763,-7.351941747572815,1.0431654676258992,-4.3478260869565215,-4.9176829268292686,-4.231981981981982,-14.142857142857142,5.2006578947368425
2023-01-02,-9.725663716814159,1.2011834319526626,-4.982843137254902,16.261904761904763,-7.351941747572815,1.2083333333333333,-4.3478260869565215,-4.709876543209877,-4.072727272727272,-14.142857142857142,5.2006578947368425
2023-01-03,-9.63495575221239,0.8102941176470588,-2.983173076923077,15.720238095238095,-6.632352941176471,1.8065693430656935,-3.4886363636363638,-3.1882716049382718,-2.232142857142857,-14.142857142857142,5.6103896103896105
2023-01-04,-9.972222222222221,-0.7559880239520959,-6.089108910891089,13.428571428571429,-7.475247524752476,-0.16165413533834586,-8.476190476190476,-3.021875,-5.089449541284404,-15.1875,3.2927631578947367
2023-01-05,-8.966517857142858,-0.5772727272727273,-5.9075,12.430232558139535,-7.631188118811881,0.1571969696969697,-9.431818181818182,-2.909375,-4.912037037037037,-16.77777777777778,2.866883116883117
2023-01-06,-10.029605263157896,-0.08233532934131736,-6.014851485148514,12.430232558139535,-6.691747572815534,0.1571969696969697,-9.431818181818182,-3.080246913580247,-5.020642201834862,-16.77777777777778,2.866883116883117
2023-01-07,-10.029605263157896,-0.08233532934131736,-6.014851485148514,12.430232558139535,-6.691747572815534,0.1571969696969697,-9.431818181818182,-3.080246913580247,-5.020642201834862,-16.77777777777778,2.866883116883117
2023-01-08,-9.31,-0.27424242424242423,-5.702020202020202,14.357142857142858,-5.313131313131313,-0.08269230769230769,-9.431818181818182,-2.903125,-4.712616822429907,-16.77777777777778,2.5233333333333334
2023-01-09,-10.150669642857142,0.532608695652174,-5.166666666666667,14.357142857142858,-3.9921052631578946,0.9543650793650794,-9.431818181818182,-2.503205128205128,-4.189903846153846,-16.77777777777778,2.0723684210526314
2023-01-10,-10.603139013452914,0.32547169811320753,-4.013020833333333,16.348837209302324,-5.634408602150538,0.6955645161290323,-4.673913043478261,-1.0833333333333333,-4.12621359223301,-16.77777777777778,2.6136363636363638
2023-01-11,-8.552272727272728,1.6629746835443038,-3.9394736842105265,15.670454545454545,-5.599462365591398,2.4166666666666665,-5.041666666666667,-0.756578947368421,-4.0588235294117645,-16.45,2.4166666666666665
2023-01-12,-6.526995305164319,2.8360927152317883,-2.175,14.0375,-5.696629213483146,3.6281512605042017,-2.227272727272727,-0.19932432432432431,-2.4278350515463916,-16.45,0.8175675675675675
2023-01-13,-6.647674418604651,2.7434210526315788,-2.2747252747252746,13.420731707317072,-5.683333333333334,3.560416666666667,-2.619565217391304,-0.3466666666666667,-2.517857142857143,-16.45,0.6566666666666666
2023-01-14,-6.63785046728972,2.8195364238410594,-2.202777777777778,13.420731707317072,-5.648876404494382,3.6638655462184873,-2.619565217391304,-0.23310810810810811,-2.4536082474226806,-16.45,0.6566666666666666
2023-01-15,-6.489336492890995,2.171666666666667,-3.351123595505618,13.420731707317072,-6.849431818181818,2.847457627118644,-2.619565217391304,-0.23310810810810811,-3.5208333333333335,-16.45,0.6566666666666666
2023-01-16,-6.2105263157894735,2.6824324324324325,-2.7982954545454546,14.40625,-6.180232558139535,3.3162393162393164,-1.5568181818181819,0.0945945945945946,-3.0105263157894737,-15.38888888888889,1.239864864864865
2023-01-17,-6.462740384615385,2.873310810810811,-1.5168539325842696,14.317073170731707,-5.851744186046512,3.5576923076923075,-1.7608695652173914,0.24662162162162163,-1.8203125,-15.38888888888889,1.6216216216216217
2023-01-18,-6.320913461538462,3.0153061224489797,-0.19101123595505617,14.317073170731707,-5.808139534883721,4.566239316239316,-1.7608695652173914,1.8412162162162162,-1.65,-15.38888888888889,3.2162162162162162
2023-01-19,-5.722222222222222,3.6020408163265305,1.46875,12.175,-6.255813953488372,5.866379310344827,-1.7608695652173914,3.435810810810811,-0.11170212765957446,-29.8125,1.8904109589041096
2023-01-20,-6.577014218009479,3.454697986577181,1.2722222222222221,11.689024390243903,-6.264367816091954,5.641949152542373,-2.0104166666666665,3.151315789473684,-0.2630208333333333,-29.8125,1.760135135135135
2023-01-21,-7.08452380952381,2.802364864864865,1.2722222222222221,11.689024390243903,-6.264367816091954,4.835470085470085,-2.0104166666666665,3.151315789473684,-0.2630208333333333,-29.8125,1.760135135135135
2023-01-22,-6.869565217391305,3.421232876712329,1.7050561797752808,12.9125,-5.784883720930233,5.286637931034483,-0.4782608695652174,3.151315789473684,0.12631578947368421,-29.8125,2.2945205479452055
2023-01-23,-6.885922330097087,2.4194630872483223,1.8406593406593406,12.26875,-6.45,3.9855371900826446,0.3645833333333333,3.3084415584415585,0.2860824742268041,-24.305555555555557,1.9417808219178083
2023-01-24,-7.544471153846154,2.4211409395973154,1.945054945054945,8.26875,-5.845505617977528,3.987603305785124,0.3645833333333333,3.4318181818181817,0.38402061855670105,-24.305555555555557,-0.11986301369863013
2023-01-25,-7.929425837320574,0.7936241610738255,1.736413043478261,5.916666666666667,-8.380681818181818,3.5772357723577235,0.3645833333333333,3.4318181818181817,-0.05303030303030303,-24.305555555555557,-1.5104166666666667
2023-01-26,-8.261961722488039,0.348993288590604,1.9395604395604396,5.916666666666667,-9.133522727272727,3.7438524590163933,0.3645833333333333,3.6973684210526314,0.11734693877551021,-24.305555555555557,-1.5104166666666667
2023-01-27,-8.517605633802816,0.08774834437086093,1.766304347826087,5.916666666666667,-9.133522727272727,3.370967741935484,0.3645833333333333,3.4675324675324677,-0.025252525252525252,-24.305555555555557,-1.6815068493150684
2023-01-28,-8.517605633802816,0.08774834437086093,1.766304347826087,5.916666666666667,-9.133522727272727,3.370967741935484,0.3645833333333333,3.4675324675324677,-0.025252525252525252,-24.305555555555557,-1.6815068493150684
2023-01-29,-9.088095238095239,-0.5472972972972973,1.0055555555555555,5.916666666666667,-10.767441860465116,2.8360655737704916,0.3645833333333333,2.1973684210526314,-0.7680412371134021,-24.305555555555557,-1.6443661971830985
2023-01-30,-8.315533980582524,-0.44594594594594594,1.2222222222222223,4.83125,-10.776162790697674,2.9651639344262297,0.3645833333333333,2.0357142857142856,-0.3020833333333333,-24.305555555555557,-1.806338028169014
2023-01-31,-8.568840579710145,-0.8070469798657718,1.6448863636363635,10.5875,-11.421511627906977,3.9049586776859506,1.1521739130434783,2.685810810810811,1.1131578947368421,-22.607142857142858,0.8888888888888888
2023-02-01,-7.753521126760563,-1.4724025974025974,1.5222222222222221,11.326923076923077,-11.454022988505747,3.106,2.034090909090909,2.7364864864864864,0.7602040816326531,-22.607142857142858,0.589041095890411
2023-02-02,-8.183962264150944,-1.6895424836601307,1.525,12.788461538461538,-11.373563218390805,2.9384920634920637,2.034090909090909,2.739864864864865,0.8316326530612245,-22.607142857142858,2.142361111111111
2023-02-03,-8.842592592592593,-2.5753205128205128,0.8668478260869565,12.788461538461538,-11.373563218390805,2.443359375,2.034090909090909,2.739864864864865,0.24,-22.607142857142858,2.142361111111111
2023-02-04,-8.842592592592593,-2.5753205128205128,0.8668478260869565,12.788461538461538,-11.373563218390805,2.443359375,2.034090909090909,2.739864864864865,0.24,-22.607142857142858,2.142361111111111
2023-02-05,-8.642523364485982,-2.9493464052287583,1.4472222222222222,13.421052631578947,-12.470588235294118,2.738095238095238,2.6666666666666665,3.517361111111111,0.7602040816326531,-22.607142857142858,2.3309859154929575
2023-02-06,-8.163915094339623,-1.2828947368421053,2.357142857142857,13.974358974358974,-11.139880952380953,4.517857142857143,2.6666666666666665,5.145833333333333,1.6035353535353536,-22.607142857142858,4.116438356164384
2023-02-07,-7.469047619047619,-0.7235099337748344,2.727777777777778,15.157894736842104,-10.240963855421686,4.404761904761905,4.35,5.535211267605634,1.6616161616161615,-22.607142857142858,7.381944444444445
2023-02-08,-6.069711538461538,-0.1804635761589404,3.8846153846153846,12.18421052631579,-10.671686746987952,5.374015748031496,3.5238095238095237,6.958333333333333,2.725,-22.607142857142858,5.8125
2023-02-09,-6.904589371980676,-0.7046979865771812,4.525280898876405,12.18421052631579,-11.70625,4.838,3.5238095238095237,7.860714285714286,2.977272727272727,-22.607142857142858,6.682142857142857
2023-02-10,-6.185141509433962,0.32954545454545453,4.93010752688172,11.551282051282051,-10.460843373493976,5.992248062015504,2.7954545454545454,8.18918918918919,3.4029126213592233,-22.607142857142858,6.411971830985915
2023-02-11,-6.127962085308057,0.45098039215686275,5.182065217391305,12.335526315789474,-10.365853658536585,6.181640625,3.7976190476190474,8.551369863013699,3.6151960784313726,-22.607142857142858,6.764285714285714
2023-02-12,-5.962918660287081,0.7135761589403974,5.727777777777778,13.371621621621621,-10.140625,6.587301587301587,5.2875,8.847222222222221,4.075,-22.607142857142858,7.533088235294118
2023-02-13,-7.194711538461538,-0.6416666666666667,4.719101123595506,10.965277777777779,-10.140625,5.008,5.2875,7.626760563380282,3.1515151515151514,-22.607142857142858,6.152985074626866
2023-02-14,-6.081753554502369,0.75,4.362637362637362,10.92361111111111,-8.792682926829269,5.78740157480315,5.2125,7.102739726027397,3.23,-20.65625,5.867647058823529
2023-02-15,-4.453883495145631,0.9205298013245033,4.73314606741573,11.485714285714286,-8.912650602409638,5.881889763779528,5.947368421052632,7.229166666666667,3.5433673469387754,-20.65625,6.085820895522388
2023-02-16,-3.449275362318841,0.6552287581699346,4.488888888888889,8.0,-8.671686746987952,5.49031007751938,5.947368421052632,6.8938356164383565,3.3333333333333335,-20.65625,5.141304347826087
2023-02-17,-2.8832547169811322,1.9370967741935483,5.538461538461538,8.0,-7.714705882352941,5.950381679389313,5.947368421052632,8.152027027027026,4.3,-20.65625,4.553571428571429
2023-02-18,-2.8832547169811322,1.9370967741935483,5.538461538461538,8.0,-7.714705882352941,5.950381679389313,5.947368421052632,8.152027027027026,4.3,-20.65625,4.553571428571429
2023-02-19,-3.285885167464115,1.4786184210526316,5.680555555555555,5.513513513513513,-8.917682926829269,5.5,5.947368421052632,8.363013698630137,4.35969387755102,-20.65625,3.6305970149253732
2023-02-20,-2.266990291262136,2.13255033557047,5.873595505617978,5.398648648648648,-8.148148148148149,6.568548387096774,5.723684210526316,8.304794520547945,4.52319587628866,-20.305555555555557,3.5671641791044775
2023-02-21,-2.8658536585365852,1.8571428571428572,5.873595505617978,5.398648648648648,-7.83641975308642,4.928861788617886,10.4375,6.821917808219178,4.52319587628866,-20.305555555555557,3.5671641791044775
2023-02-22,-3.19390243902439,1.5067567567567568,6.142045454545454,5.398648648648648,-7.959876543209877,4.747967479674797,10.4375,7.163194444444445,4.755208333333333,-20.305555555555557,3.7007575757575757
2023-02-23,-4.001201923076923,0.7866666666666666,4.75561797752809,2.391891891891892,-7.713414634146342,3.9536290322580645,4.875,5.458904109589041,3.497422680412371,-20.305555555555557,2.015151515151515
2023-02-24,-3.863095238095238,0.5629139072847682,4.75561797752809,2.391891891891892,-8.018072289156626,3.658,4.875,5.458904109589041,3.497422680412371,-20.305555555555557,2.015151515151515
2023-02-25,-3.436602870813397,0.5629139072847682,4.75561797752809,2.391891891891892,-8.018072289156626,3.658,4.875,5.458904109589041,3.497422680412371,-20.305555555555557,2.015151515151515
2023-02-26,-3.0634146341463415,0.9261744966442953,4.900568181818182,2.391891891891892,-7.561728395061729,3.752016129032258,4.875,5.645833333333333,3.6171875,-20.305555555555557,2.015151515151515
2023-02-27,-1.574390243902439,1.707236842105263,6.186111111111111,2.4121621621621623,-6.267857142857143,4.970238095238095,4.875,7.1891891891891895,4.823979591836735,-17.8125,1.6604477611940298
2023-02-28,-1.875,1.5065359477124183,5.950549450549451,1.294871794871795,-6.267857142857143,4.992063492063492,4.309523809523809,7.195945945945946,4.622448979591836,-18.125,1.462686567164179
2023-03-01,-1.8671497584541064,1.3084415584415585,5.950549450549451,1.294871794871795,-6.535294117647059,4.992063492063492,4.309523809523809,7.195945945945946,4.622448979591836,-18.125,1.0147058823529411
2023-03-02,-1.0776699029126213,0.7271241830065359,5.875,1.294871794871795,-6.9,4.31,4.309523809523809,7.607638888888889,4.2109375,-18.125,1.0147058823529411
2023-03-03,-1.832535885167464,0.3741935483870968,5.561797752808989,1.294871794871795,-7.075581395348837,4.31,4.309523809523809,7.308219178082192,3.9407216494845363,-18.125,1.0147058823529411
2023-03-04,-1.832535885167464,0.3741935483870968,5.561797752808989,1.294871794871795,-7.075581395348837,4.31,4.309523809523809,7.308219178082192,3.9407216494845363,-18.125,1.0147058823529411
2023-03-05,-2.8028846153846154,0.5212418300653595,5.939655172413793,1.294871794871795,-7.132352941176471,4.362903225806452,4.309523809523809,7.440972222222222,4.252631578947368,-18.125,1.3208955223880596
2023-03-06,-2.582125603864734,0.6258169934640523,5.78125,1.75,-6.797058823529412,4.264,5.325,7.22945205479452,4.125,-18.125,1.606060606060606
2023-03-07,-2.279268292682927,1.490066225165563,6.348837209302325,3.8625,-5.258928571428571,5.405241935483871,4.5,7.2465753424657535,4.60904255319149,-18.125,3.175373134328358
2023-03-08,-1.4855072463768115,1.8717105263157894,6.0625,4.846153846153846,-4.821428571428571,5.895161290322581,4.5,7.1858108108108105,4.3828125,-18.125,4.175373134328358
2023-03-09,-2.5182038834951457,1.2847682119205297,5.877840909090909,4.846153846153846,-4.274096385542169,4.76008064516129,4.5,6.966216216216216,4.213541666666667,-18.125,4.175373134328358
2023-03-10,-2.533333333333333,1.85,5.0467032967032965,4.29375,-4.274096385542169,4.190944881889764,3.5113636363636362,5.941558441558442,3.5,-18.125,3.5579710144927534
2023-03-11,-2.533333333333333,1.85,5.0467032967032965,4.29375,-4.274096385542169,4.190944881889764,3.5113636363636362,5.941558441558442,3.5,-18.125,3.5579710144927534
2023-03-12,-2.0072115384615383,1.2598684210526316,4.136363636363637,1.631578947368421,-4.445121951219512,3.524193548387097,-1.625,4.89527027027027,2.6171875,-18.125,2.0261194029850746
2023-03-13,-2.8617788461538463,-0.4,4.563186813186813,-0.23717948717948717,-6.168674698795181,2.316,-1.625,4.6433333333333335,2.69,-18.125,0.9485294117647058
2023-03-14,-1.6614832535885167,0.711038961038961,4.209239130434782,0.4166666666666667,-5.753086419753086,2.653225806451613,-1.9523809523809523,4.776666666666666,2.386138613861386,-17.25,1.125
2023-03-15,-2.050724637681159,1.328525641025641,4.176630434782608,0.4166666666666667,-6.601851851851852,4.064,-1.9523809523809523,4.736666666666666,2.3564356435643563,-17.25,-0.33455882352941174
2023-03-16,-1.7548076923076923,2.5693548387096774,3.8413978494623655,0.4166666666666667,-4.645061728395062,5.637096774193548,-1.9523809523809523,4.319078947368421,2.0686274509803924,-17.25,1.6029411764705883
2023-03-17,-1.6373239436619718,3.1369426751592355,3.7393617021276597,0.4166666666666667,-3.397590361445783,6.295634920634921,-1.9523809523809523,4.188311688311688,2.9350961538461537,-17.25,2.9035714285714285
2023-03-18,-1.6373239436619718,3.1369426751592355,3.7393617021276597,0.4166666666666667,-3.397590361445783,6.295634920634921,-1.9523809523809523,4.188311688311688,2.9350961538461537,-17.25,2.9035714285714285
2023-03-19,-1.1777251184834123,3.28525641025641,3.9946236559139785,0.4166666666666667,-3.1951219512195124,6.506,-1.9523809523809523,4.188311688311688,3.157766990291262,-17.25,2.9035714285714285
2023-03-20,-1.0210280373831775,2.2832278481012658,3.5911458333333335,-2.2039473684210527,-3.7951807228915664,5.208661417322834,-1.9523809523809523,4.120253164556962,3.1095238095238096,-17.25,1.4963768115942029
2023-03-21,-1.397887323943662,2.1875,3.0526315789473686,-2.2039473684210527,-3.4115853658536586,4.926587301587301,-1.9523809523809523,3.4711538461538463,2.8446601941747574,-17.25,2.496268656716418
2023-03-22,-1.0293427230046948,1.627388535031847,2.597938144329897,-1.868421052631579,-2.5987654320987654,3.9901574803149606,-2.8636363636363638,3.2246835443037973,2.4285714285714284,-15.5,2.1691176470588234
2023-03-23,-2.199766355140187,0.09294871794871795,2.1979166666666665,-1.6283783783783783,-4.040625,3.126984126984127,-2.488095238095238,3.081168831168831,2.0576923076923075,-15.5,0.44776119402985076
2023-03-24,-2.556451612903226,-0.12341772151898735,1.8061224489795917,-1.6283783783783783,-4.104938271604938,2.8125,-2.488095238095238,2.923076923076923,1.6981132075471699,-15.5,0.07720588235294118
2023-03-25,-2.556451612903226,-0.12341772151898735,1.8061224489795917,-1.6283783783783783,-4.104938271604938,2.8125,-2.488095238095238,2.923076923076923,1.6981132075471699,-15.5,0.07720588235294118
2023-03-26,-2.556451612903226,-0.12341772151898735,1.8061224489795917,-1.6283783783783783,-4.104938271604938,2.8125,-2.488095238095238,2.923076923076923,1.6981132075471699,-15.5,0.07720588235294118
2023-03-27,-2.5651162790697675,-0.03205128205128205,1.9947916666666667,-1.6283783783783783,-3.990625,2.9722222222222223,-2.488095238095238,3.1907894736842106,1.8701923076923077,-15.5,0.07720588235294118
2023-03-28,-2.6132075471698113,0.21266233766233766,2.4388297872340425,-1.6283783783783783,-3.75,3.3245967741935485,-2.488095238095238,3.8767123287671232,2.2769607843137254,-15.5,0.07720588235294118
2023-03-29,-3.17018779342723,0.5633116883116883,2.4547872340425534,1.0855263157894737,-4.5519480519480515,3.082,2.2386363636363638,2.3116438356164384,2.2916666666666665,-15.5,0.09926470588235294
2023-03-30,-3.017605633802817,0.5454545454545454,2.425531914893617,1.0855263157894737,-4.587662337662338,3.215725806451613,2.2386363636363638,2.53125,2.264705882352941,-15.5,0.09926470588235294
2023-03-31,-2.5569767441860467,1.1346153846153846,2.3263157894736843,0.8782051282051282,-3.246794871794872,3.134,1.8369565217391304,2.4006849315068495,2.174757281553398,-15.5,-0.0036231884057971015
2023-04-01,-2.5569767441860467,1.1346153846153846,2.3263157894736843,0.8782051282051282,-3.246794871794872,3.134,1.8369565217391304,2.4006849315068495,2.174757281553398,-15.5,-0.0036231884057971015
2023-04-02,-2.5569767441860467,1.1346153846153846,2.3263157894736843,0.8782051282051282,-3.246794871794872,3.134,1.8369565217391304,2.4006849315068495,2.174757281553398,-15.5,-0.0036231884057971015
2023-04-03,-2.619767441860465,0.8439490445859873,0.06578947368421052,2.111842105263158,-5.0,2.033464566929134,1.8369565217391304,0.8732876712328768,-0.09134615384615384,-15.5,-0.20522388059701493
2023-04-04,-2.5079908675799087,0.7768987341772152,0.0625,2.2364864864864864,-4.9,2.856589147286822,2.1630434782608696,2.4121621621621623,-0.09285714285714286,-14.722222222222221,-0.2835820895522388
2023-04-05,-2.403669724770642,0.8829113924050633,0.23697916666666666,3.1180555555555554,-4.77,2.8468992248062017,3.602272727272727,2.6027397260273974,0.06666666666666667,-12.875,0.1590909090909091
2023-04-06,-1.3127906976744186,0.8386075949367089,1.453125,5.736486486486487,-6.280405405405405,3.372137404580153,7.793478260869565,2.8715277777777777,1.1785714285714286,-0.3333333333333333,1.6492537313432836
2023-04-07,-1.3935185185185186,0.7154088050314465,1.2448453608247423,5.092105263157895,-6.446666666666666,3.2045454545454546,6.6875,2.8715277777777777,0.9905660377358491,-2.175,1.349264705882353
2023-04-08,-1.3935185185185186,0.7154088050314465,1.2448453608247423,5.092105263157895,-6.446666666666666,3.2045454545454546,6.6875,2.8715277777777777,0.9905660377358491,-2.175,1.349264705882353
2023-04-09,-1.733568075117371,0.9208860759493671,1.2448453608247423,5.092105263157895,-6.446666666666666,3.4713740458015265,6.6875,2.8715277777777777,0.9905660377358491,-2.175,1.8432835820895523
2023-04-10,-1.1974299065420562,0.16823899371069181,0.02040816326530612,2.1710526315789473,-6.529220779220779,2.753846153846154,2.0625,1.2054794520547945,-0.12850467289719625,-2.175,0.19402985074626866
2023-04-11,-2.2546511627906978,-0.4559748427672956,0.027777777777777776,2.5945945945945947,-6.573717948717949,1.9903846153846154,2.739130434782609,1.1858108108108107,-0.12037037037037036,-0.9166666666666666,0.332089552238806
2023-04-12,-3.5046511627906978,-1.121069182389937,-0.03,2.5945945945945947,-6.563291139240507,1.176923076923077,2.739130434782609,1.0933333333333333,-0.1720183486238532,-0.9166666666666666,0.332089552238806
2023-04-13,-3.610599078341014,-1.184375,-0.14108910891089108,2.9791666666666665,-6.70625,1.0305343511450382,3.375,0.930921052631579,-0.2727272727272727,-0.9166666666666666,0.5075757575757576
2023-04-14,-3.8873873873873874,-1.084355828220859,0.8406862745098039,5.601351351351352,-5.884146341463414,1.1026119402985075,7.576086956521739,0.6602564102564102,0.6306306306306306,9.175,1.992537313432836
2023-04-15,-3.8873873873873874,-1.084355828220859,0.8406862745098039,5.601351351351352,-5.884146341463414,1.1026119402985075,7.576086956521739,0.6602564102564102,0.6306306306306306,9.175,1.992537313432836
2023-04-16,-3.8625,-1.015527950310559,0.99,5.601351351351352,-5.865625,1.2196969696969697,7.576086956521739,0.8519736842105263,0.7637614678899083,9.175,2.1931818181818183
2023-04-17,-4.712328767123288,-1.0232919254658386,0.9775,5.930555555555555,-7.2215189873417724,1.2102272727272727,12.195652173913043,0.8355263157894737,0.7522935779816514,9.175,2.3230769230769233
2023-04-18,-4.887731481481482,-1.7080745341614907,-0.125,5.930555555555555,-7.170886075949367,0.375,12.195652173913043,-0.6151315789473685,-0.2591743119266055,9.175,0.796875
2023-04-19,-5.427752293577981,-2.4693251533742333,-1.3564356435643565,4.315789473684211,-6.4006410256410255,-0.6902985074626866,11.520833333333334,-1.9835526315789473,-1.5337837837837838,4.204545454545454,-0.2835820895522388
2023-04-20,-3.728211009174312,-1.901840490797546,-0.2225,4.641891891891892,-6.392857142857143,0.0,12.358695652173912,-0.48,-0.5045454545454545,4.204545454545454,-0.17045454545454544
2023-04-21,-4.052690582959642,-2.287425149700599,-0.39950980392156865,4.641891891891892,-6.686708860759493,-0.33211678832116787,12.358695652173912,-0.7077922077922078,-0.6607142857142857,4.204545454545454,-0.5708955223880597
2023-04-22,-4.052690582959642,-2.287425149700599,-0.39950980392156865,4.641891891891892,-6.686708860759493,-0.33211678832116787,12.358695652173912,-0.7077922077922078,-0.6607142857142857,4.204545454545454,-0.5708955223880597
2023-04-23,-3.104357798165138,-1.4021739130434783,0.06377551020408163,5.414285714285715,-5.675675675675675,0.8454198473282443,14.380952380952381,-0.10273972602739725,-0.25,7.111111111111111,-0.3153846153846154
2023-04-24,-3.314516129032258,-1.3450920245398772,-0.1125,6.3125,-5.662162162162162,0.881578947368421,12.16304347826087,-0.3333333333333333,0.17410714285714285,5.4,0.46923076923076923
2023-04-25,-2.5538990825688073,-0.5506134969325154,0.9207920792079208,6.3125,-4.196666666666666,1.855263157894737,12.16304347826087,0.9868421052631579,1.3303571428571428,5.4,0.46923076923076923
2023-04-26,-2.1977272727272728,-0.5727272727272728,0.6868932038834952,4.371621621621622,-3.9802631578947367,1.8022388059701493,12.16304347826087,0.6762820512820513,1.111842105263158,5.4,-0.6716417910447762
2023-04-27,-2.3238636363636362,0.019696969696969695,0.8308823529411765,4.371621621621622,-3.121794871794872,1.7988721804511278,12.16304347826087,0.8668831168831169,1.2455752212389382,5.4,-0.4696969696969697
2023-04-28,-1.6333333333333333,0.3854166666666667,0.44471153846153844,3.848684210526316,-1.8164556962025316,2.3425925925925926,11.010416666666666,0.8668831168831169,0.8891304347826087,5.4,-0.6940298507462687
2023-04-29,-1.6333333333333333,0.3854166666666667,0.44471153846153844,3.848684210526316,-1.8164556962025316,2.3425925925925926,11.010416666666666,0.8668831168831169,0.8891304347826087,5.4,-0.6940298507462687
2023-04-30,-1.4338565022421526,0.677710843373494,0.5485436893203883,4.966216216216216,-1.358974358974359,2.4365671641791047,11.010416666666666,1.013157894736842,0.9868421052631579,5.4,-0.13636363636363635
2023-05-01,-1.7355555555555555,0.25449101796407186,0.3047619047619048,0.1736111111111111,-0.8639240506329114,1.4522058823529411,10.26,0.629746835443038,-0.10434782608695652,5.4,-2.626923076923077
2023-05-02,-2.0380184331797233,1.1770186335403727,0.7867647058823529,0.1736111111111111,-0.4512987012987013,2.4599236641221376,10.26,1.0811688311688312,0.5382882882882883,5.4,-1.9838709677419355
2023-05-03,-0.7255813953488373,1.1944444444444444,0.5528846153846154,0.08108108108108109,-0.5551948051948052,2.850378787878788,9.682692307692308,1.0064102564102564,0.6316964285714286,1.9772727272727273,-2.10546875
2023-05-04,0.26291079812206575,2.3214285714285716,0.9805825242718447,0.08108108108108109,0.10576923076923077,3.566287878787879,9.682692307692308,0.8164556962025317,1.0292792792792793,1.9772727272727273,-1.2884615384615385
2023-05-05,-0.30275229357798167,1.7106060606060607,1.1714285714285715,-0.6052631578947368,0.05246913580246913,3.6772388059701493,9.682692307692308,0.721875,1.2057522123893805,1.9772727272727273,-3.0
2023-05-06,-0.30275229357798167,1.7106060606060607,1.1714285714285715,-0.6052631578947368,0.05246913580246913,3.6772388059701493,9.682692307692308,0.721875,1.2057522123893805,1.9772727272727273,-3.0
2023-05-07,-0.8011627906976744,1.0864197530864197,0.7990196078431373,-1.5675675675675675,-0.02531645569620253,2.950381679389313,9.682692307692308,-0.5348101265822784,0.8613636363636363,1.9772727272727273,-5.136363636363637
2023-05-08,-0.5921658986175116,1.0701219512195121,0.5360576923076923,-1.5675675675675675,1.5625,2.9022556390977443,9.682692307692308,-0.654320987654321,1.734375,1.9772727272727273,-7.123134328358209
2023-05-09,-1.3252314814814814,0.21296296296296297,-0.2696078431372549,-1.25,0.9746835443037974,2.1553030303030303,10.59,-1.7246835443037976,1.009090909090909,1.9772727272727273,-7.034090909090909
2023-05-10,0.006787330316742082,0.6197604790419161,-0.45,-1.25,0.69375,2.7224264705882355,10.59,-1.9024390243902438,1.0558035714285714,1.9772727272727273,-7.034090909090909
2023-05-11,-0.9634703196347032,-0.7772727272727272,-1.3990384615384615,-0.9285714285714286,-0.2692307692307692,1.1814814814814816,11.552083333333334,-2.7848101265822787,0.18018018018018017,1.9772727272727273,-7.079545454545454
2023-05-12,-0.7894144144144144,-0.5505952380952381,-1.599056603773585,-1.6554054054054055,0.49050632911392406,1.414855072463768,10.58,-3.0123456790123457,-0.035398230088495575,0.75,-6.322463768115942
2023-05-13,-0.7894144144144144,-0.5505952380952381,-1.599056603773585,-1.6554054054054055,0.49050632911392406,1.414855072463768,10.58,-3.0123456790123457,-0.035398230088495575,0.75,-6.322463768115942
2023-05-14,-0.2762557077625571,-0.44126506024096385,-1.5119047619047619,-1.6554054054054055,0.49050632911392406,1.5772058823529411,10.58,-2.915625,0.060267857142857144,0.75,-6.322463768115942
2023-05-15,-1.2546511627906978,-1.5864197530864197,-1.383495145631068,-1.5069444444444444,-0.6688311688311688,0.9981203007518797,11.3125,-2.659090909090909,0.20909090909090908,1.4545454545454546,-6.231343283582089
2023-05-16,-1.9205069124423964,-1.646341463414634,-1.3605769230769231,-1.5069444444444444,-0.717948717948718,0.8240740740740741,11.3125,-2.6121794871794872,0.08928571428571429,1.4545454545454546,-6.264705882352941
2023-05-17,-2.3299086757990866,-1.112121212121212,-1.2032710280373833,1.3257575757575757,-0.3487654320987654,1.511111111111111,11.3125,-2.590625,0.19782608695652174,1.4545454545454546,-5.046153846153846
2023-05-18,-2.51036866359447,-1.7924242424242425,-1.3055555555555556,1.3257575757575757,-0.05555555555555555,1.6333333333333333,11.3125,-2.7098765432098766,0.09051724137931035,1.4545454545454546,-4.5625
2023-05-19,-2.3127853881278537,-1.891566265060241,-1.4610091743119267,1.3257575757575757,-0.2774390243902439,1.4871323529411764,11.3125,-2.7098765432098766,-0.06623931623931624,1.4545454545454546,-4.773076923076923
2023-05-20,-2.3127853881278537,-1.891566265060241,-1.4610091743119267,1.3257575757575757,-0.2774390243902439,1.4871323529411764,11.3125,-2.7098765432098766,-0.06623931623931624,1.4545454545454546,-4.773076923076923
2023-05-21,-2.4711981566820276,-1.7969696969696969,-1.3125,1.9140625,-0.38580246913580246,1.4871323529411764,12.565217391304348,-2.525,0.08405172413793104,3.35,-4.57421875
2023-05-22,-2.360599078341014,-2.4575757575757575,-2.321759259259259,-1.25,-0.2875,1.4816176470588236,8.590909090909092,-2.534375,-0.8556034482758621,3.35,-6.27734375
2023-05-23,-2.4055299539170507,-2.3484848484848486,-2.4243119266055047,-1.25,-0.5555555555555556,1.3996350364963503,8.590909090909092,-2.669753086419753,-0.9636752136752137,3.35,-6.7384615384615385
2023-05-24,-1.6406976744186046,-1.7331288343558282,-1.3611111111111112,-0.9166666666666666,0.5277777777777778,2.099264705882353,9.535714285714286,-1.2375,0.03879310344827586,3.35,-6.66796875
2023-05-25,-1.667808219178082,-1.4345238095238095,-0.7857142857142857,-0.9166666666666666,0.31547619047619047,2.375,9.535714285714286,-0.47619047619047616,0.5291666666666667,3.35,-6.703846153846154
2023-05-26,-2.1919642857142856,-1.5508720930232558,-0.9978070175438597,-1.4274193548387097,-0.8647058823529412,2.8444055944055946,8.340909090909092,-0.7645348837209303,0.3094262295081967,1.5227272727272727,-6.856060606060606
2023-05-27,-2.1919642857142856,-1.5508720930232558,-0.9978070175438597,-1.4274193548387097,-0.8647058823529412,2.8444055944055946,8.340909090909092,-0.7645348837209303,0.3094262295081967,1.5227272727272727,-6.856060606060606
2023-05-28,-3.0382882882882885,-2.0714285714285716,-2.1126126126126126,-0.15833333333333333,-1.9104938271604939,2.0428571428571427,8.340909090909092,-2.246987951807229,-0.6974789915966386,1.5227272727272727,-6.1015625
2023-05-29,-2.9850230414746544,-1.6822289156626506,-1.9426605504587156,0.853448275862069,-1.9104938271604939,2.323741007194245,8.238636363636363,-2.1890243902439024,-0.4724576271186441,6.166666666666667,-5.673387096774194
2023-05-30,-2.4182027649769586,-0.7426470588235294,-0.31194690265486724,4.158333333333333,0.2620481927710843,2.813380281690141,12.228260869565217,0.14705882352941177,0.9897540983606558,15.55,-2.73828125
2023-05-31,-3.4724770642201834,-0.6485294117647059,-0.7391304347826086,4.158333333333333,0.4307228915662651,3.007042253521127,12.228260869565217,0.0029069767441860465,0.774390243902439,15.55,-2.73828125
2023-06-01,-3.4625,-0.7675438596491229,-0.8987068965517241,3.3225806451612905,0.0625,2.432758620689655,10.8125,0.17058823529411765,0.6129032258064516,15.55,-3.484848484848485
2023-06-02,-3.579954954954955,-0.3031609195402299,-0.21638655462184875,3.3225806451612905,0.9626436781609196,3.1010273972602738,10.8125,-0.08045977011494253,1.2165354330708662,15.55,-3.705223880597015
2023-06-03,-3.579954954954955,-0.3031609195402299,-0.21638655462184875,3.3225806451612905,0.9626436781609196,3.1010273972602738,10.8125,-0.08045977011494253,1.2165354330708662,15.55,-3.705223880597015
2023-06-04,-3.375,-0.16715116279069767,-0.014957264957264958,3.3225806451612905,1.0959302325581395,3.310763888888889,10.8125,0.2,1.428,15.55,-3.5833333333333335
2023-06-05,-3.279816513761468,-0.097953216374269,0.9423076923076923,0.08333333333333333,1.0959302325581395,3.417832167832168,10.791666666666666,1.5176470588235293,2.324,15.55,-5.184615384615385
2023-06-06,-3.736111111111111,-0.05,0.9633620689655172,0.08333333333333333,1.014367816091954,3.4667832167832167,10.791666666666666,1.7439759036144578,2.340725806451613,15.55,-5.0546875
2023-06-07,-3.3116438356164384,0.5745614035087719,1.0258620689655173,-1.1015625,1.9719101123595506,4.388111888111888,9.85,1.8313253012048192,2.9563492063492065,11.863636363636363,-5.473484848484849
2023-06-08,-2.914746543778802,0.6279761904761905,1.5663716814159292,-0.5806451612903226,1.9719101123595506,5.570921985815603,10.979166666666666,2.625,3.5,11.863636363636363,-5.109375
2023-06-09,-3.014705882352941,0.7470588235294118,2.4298245614035086,-0.5806451612903226,3.061111111111111,6.235915492957746,10.979166666666666,2.625,4.278225806451613,11.863636363636363,-5.109375
2023-06-10,-3.014705882352941,0.7470588235294118,2.4298245614035086,-0.5806451612903226,3.061111111111111,6.235915492957746,10.979166666666666,2.625,4.278225806451613,11.863636363636363,-5.109375
2023-06-11,-3.4135944700460827,1.093939393939394,2.0337837837837838,1.775,3.6704545454545454,5.9928057553956835,10.979166666666666,2.8354430379746836,4.272916666666666,11.863636363636363,-4.059523809523809
2023-06-12,-3.7893518518518516,1.0060240963855422,3.4031531531531534,2.1293103448275863,3.480337078651685,6.796428571428572,11.826086956521738,3.8333333333333335,5.539583333333334,13.9,-3.685483870967742
2023-06-13,-2.988532110091743,-0.11363636363636363,3.3325892857142856,2.1293103448275863,4.443181818181818,4.889285714285714,11.826086956521738,3.731707317073171,5.456611570247934,13.9,-2.4139344262295084
2023-06-14,-2.4625,-0.9939759036144579,3.424107142857143,2.1293103448275863,2.769662921348315,3.9571428571428573,11.826086956521738,3.856707317073171,5.541322314049586,13.9,-4.120833333333334
2023-06-15,-2.6376146788990824,-0.9651515151515152,3.267857142857143,5.391666666666667,1.75,3.3315217391304346,11.826086956521738,3.9753086419753085,4.608333333333333,13.9,-4.093220338983051
2023-06-16,-2.8817567567567566,-0.8808823529411764,3.0723684210526314,5.391666666666667,0.8707865168539326,2.6773049645390072,11.826086956521738,3.6897590361445785,4.403688524590164,13.9,-4.093220338983051
2023-06-17,-2.8817567567567566,-0.8808823529411764,3.0723684210526314,5.391666666666667,0.8707865168539326,2.6773049645390072,11.826086956521738,3.6897590361445785,4.403688524590164,13.9,-4.093220338983051
2023-06-18,-3.5924657534246576,-0.47904191616766467,3.2767857142857144,5.391666666666667,1.353932584269663,3.2409420289855073,11.826086956521738,3.576219512195122,4.616666666666666,13.9,-4.093220338983051
2023-06-19,-3.202272727272727,-0.4630177514792899,2.9565217391304346,5.0,1.4333333333333333,3.2985611510791366,11.052083333333334,3.1323529411764706,4.284552845528455,13.9,-4.225409836065574
2023-06-20,-2.9536199095022626,-0.2261904761904762,3.023913043478261,5.314516129032258,1.4083333333333334,3.72992700729927,11.458333333333334,3.1088235294117648,4.347560975609756,11.522727272727273,-3.762295081967213
2023-06-21,-1.7773972602739727,1.0491071428571428,3.9827586206896552,5.314516129032258,2.6483516483516483,4.530797101449275,11.458333333333334,4.080459770114943,5.233870967741935,11.522727272727273,-0.48360655737704916
2023-06-22,-1.3045454545454545,1.3441176470588236,4.075431034482759,8.2734375,1.8118279569892473,4.996402877697841,11.458333333333334,4.114942528735632,6.078,11.522727272727273,1.2620967741935485
2023-06-23,-0.6785714285714286,1.6991279069767442,4.075431034482759,8.2734375,1.8118279569892473,5.377659574468085,11.458333333333334,4.114942528735632,6.078,11.522727272727273,1.2620967741935485
2023-06-24,-0.6785714285714286,1.6991279069767442,4.075431034482759,8.2734375,1.8118279569892473,5.377659574468085,11.458333333333334,4.114942528735632,6.078,11.522727272727273,1.2620967741935485
2023-06-25,-0.47635135135135137,1.7674418604651163,4.176724137931035,8.2734375,1.7234042553191489,5.460992907801418,11.458333333333334,4.25,6.172,11.522727272727273,1.2620967741935485
2023-06-26,-0.287117903930131,2.575284090909091,4.485294117647059,7.348484848484849,3.4381443298969074,6.339655172413793,10.11,3.9488636363636362,6.412109375,8.708333333333334,0.4296875
2023-06-27,-0.42400881057268724,1.9956896551724137,3.8290598290598292,5.056451612903226,3.461340206185567,5.896853146853147,7.260869565217392,4.158045977011494,5.639763779527559,8.708333333333334,-0.9395161290322581
2023-06-28,-0.75,1.6789772727272727,3.8525641025641026,3.8125,3.145408163265306,5.309931506849315,7.260869565217392,3.9573863636363638,5.462890625,5.365384615384615,-1.59375
2023-06-29,-1.1883116883116882,0.8587570621468926,3.641949152542373,4.161290322580645,1.6994949494949494,5.130952380952381,7.909090909090909,3.9176136363636362,5.0442307692307695,5.365384615384615,-1.7578125
2023-06-30,-0.8493589743589743,1.3072625698324023,4.451680672268908,3.46875,2.6825,5.77195945945946,7.909090909090909,4.997191011235955,5.769083969465649,5.365384615384615,-2.0076923076923077
2023-07-01,-0.8493589743589743,1.3072625698324023,4.451680672268908,3.46875,2.6825,5.77195945945946,7.909090909090909,4.997191011235955,5.769083969465649,5.365384615384615,-2.0076923076923077
2023-07-02,-0.3624454148471616,2.0100574712643677,4.911637931034483,3.46875,3.2853535353535355,6.340277777777778,7.909090909090909,5.184659090909091,6.413385826771654,5.365384615384615,-2.0076923076923077
2023-07-03,-0.6449115044247787,2.1690751445086707,5.084782608695652,4.064516129032258,3.175,5.852836879432624,9.0,4.094827586206897,6.583333333333333,5.365384615384615,-1.7103174603174602
2023-07-04,-1.5947136563876652,2.1364942528735633,5.010775862068965,4.064516129032258,3.335858585858586,5.888297872340425,9.0,3.8202247191011236,6.503937007874016,5.365384615384615,-1.8046875
2023-07-05,-1.5358695652173913,1.6192528735632183,3.980769230769231,0.532258064516129,3.532828282828283,5.25886524822695,3.7857142857142856,3.7111111111111112,5.55078125,-2.5208333333333335,-3.515625
2023-07-06,-0.7381465517241379,2.7855113636363638,5.665966386554622,1.175,5.685,6.643356643356643,4.9125,3.5576923076923075,7.069230769230769,-1.0454545454545454,-3.2738095238095237
2023-07-07,-1.0446808510638297,2.574438202247191,5.527083333333334,1.175,5.685,6.3310344827586205,4.9125,3.3994565217391304,6.71969696969697,-1.0454545454545454,-3.39453125
2023-07-08,-1.0446808510638297,2.574438202247191,5.527083333333334,1.175,5.685,6.3310344827586205,4.9125,3.3994565217391304,6.71969696969697,-1.0454545454545454,-3.39453125
2023-07-09,-1.5844155844155845,2.7201704545454546,5.794491525423729,1.5948275862068966,5.997448979591836,6.432291666666667,5.75,3.702777777777778,6.980769230769231,-1.0454545454545454,-3.149193548387097
2023-07-10,-1.2083333333333333,2.6885714285714286,5.773504273504273,1.5948275862068966,6.3671875,6.419580419580419,5.75,3.710674157303371,6.97093023255814,-1.0454545454545454,-3.1434426229508197
2023-07-11,-0.38973799126637554,2.341292134831461,5.40546218487395,1.5948275862068966,5.6313131313131315,5.919520547945205,5.75,3.2747252747252746,6.40530303030303,-1.0454545454545454,-3.5753968253968256
2023-07-12,-0.8623348017621145,2.991573033707865,6.378151260504202,0.825,5.849489795918367,6.712328767123288,5.75,4.5467032967032965,7.28219696969697,-1.0454545454545454,-1.95703125
2023-07-13,-0.18444444444444444,3.4293785310734464,6.21875,-2.5948275862068964,6.384020618556701,7.272413793103448,0.5138888888888888,5.717032967032967,7.131578947368421,-11.15,-3.71484375
2023-07-14,-0.6293478260869565,3.1270718232044197,5.6875,-2.5948275862068964,5.8975,6.802013422818792,0.5138888888888888,5.044736842105263,6.624087591240876,-11.15,-3.7576923076923077
2023-07-15,-0.6293478260869565,3.1270718232044197,5.6875,-2.5948275862068964,5.8975,6.802013422818792,0.5138888888888888,5.044736842105263,6.624087591240876,-11.15,-3.7576923076923077
2023-07-16,-0.5668859649122807,2.6452513966480447,5.022540983606557,-6.258928571428571,6.032828282828283,6.26530612244898,-5.338235294117647,5.178191489361702,6.037037037037037,-11.15,-5.37890625
2023-07-17,-0.459070796460177,2.717696629213483,5.148760330578512,-6.258928571428571,6.198979591836735,6.3784246575342465,-5.338235294117647,5.344086021505376,6.1585820895522385,-11.15,-5.37890625
2023-07-18,-0.5881696428571429,2.992857142857143,5.352083333333334,-4.851851851851852,5.892857142857143,6.428819444444445,-5.411764705882353,5.330645161290323,6.53030303030303,-7.333333333333333,-5.189516129032258
2023-07-19,-1.5560538116591929,2.3242857142857143,4.460416666666666,-5.830357142857143,5.3825,5.616319444444445,-5.411764705882353,4.18010752688172,5.71969696969697,-7.333333333333333,-5.619047619047619
2023-07-20,-1.8721719457013575,3.146551724137931,5.144628099173554,-5.830357142857143,5.43,6.409722222222222,-5.411764705882353,4.043010752688172,6.332706766917293,-7.333333333333333,-5.4603174603174605
2023-07-21,-2.0991189427312777,3.190677966101695,5.922131147540983,-5.830357142857143,5.439320388349515,6.626712328767123,-5.411764705882353,5.0638297872340425,7.031716417910448,-7.333333333333333,-6.2421875
2023-07-22,-2.0991189427312777,3.190677966101695,5.922131147540983,-5.830357142857143,5.439320388349515,6.626712328767123,-5.411764705882353,5.0638297872340425,7.031716417910448,-7.333333333333333,-6.2421875
2023-07-23,-2.296171171171171,3.0901162790697674,6.329831932773109,-5.423076923076923,5.612745098039215,6.625886524822695,-4.65,5.568681318681318,7.046511627906977,-7.0,-6.084677419354839
2023-07-24,-2.6381278538812785,2.306686046511628,5.497881355932203,-6.342592592592593,4.507425742574258,5.926785714285714,-4.65,4.519444444444445,6.28515625,-7.0,-6.468253968253968
2023-07-25,-0.9288990825688074,4.4273255813953485,5.638888888888889,-0.21296296296296297,6.7818627450980395,6.551418439716312,-4.65,4.693820224719101,6.421259842519685,4.888888888888889,-2.4603174603174605
2023-07-26,-0.5573394495412844,4.039017341040463,6.3088235294117645,-3.0,6.779126213592233,7.204545454545454,-4.65,5.59065934065934,7.0271317829457365,4.888888888888889,-3.64453125
2023-07-27,-0.6550925925925926,3.180635838150289,6.436974789915967,-2.537037037037037,5.711165048543689,6.503496503496503,-3.875,5.220430107526882,7.145348837209302,4.888888888888889,-3.4563492063492065
2023-07-28,-1.1227064220183487,2.7830459770114944,6.436974789915967,-2.537037037037037,5.711165048543689,6.503496503496503,-3.875,5.220430107526882,7.145348837209302,4.888888888888889,-3.4563492063492065
2023-07-29,-1.1227064220183487,2.7830459770114944,6.436974789915967,-2.537037037037037,5.711165048543689,6.503496503496503,-3.875,5.220430107526882,7.145348837209302,4.888888888888889,-3.4563492063492065
2023-07-30,-0.9546511627906977,3.1228070175438596,6.552966101694915,-2.3365384615384617,6.475,6.998214285714286,-3.576923076923077,5.445054945054945,7.2578125,4.888888888888889,-3.0778688524590163
2023-07-31,-1.072093023255814,3.395348837209302,6.918067226890757,-2.3365384615384617,6.358910891089109,7.10251798561151,-3.576923076923077,6.1923076923076925,7.589147286821706,4.888888888888889,-3.318548387096774
2023-08-01,-2.3122119815668203,3.608187134502924,7.215811965811966,-0.9895833333333334,6.477722772277228,7.299270072992701,-3.4791666666666665,6.294444444444444,7.874015748031496,9.53125,-3.1375
2023-08-02,-3.5829545454545455,2.946220930232558,6.915254237288136,-0.9895833333333334,5.76980198019802,6.447463768115942,-3.4791666666666665,5.914835164835165,7.292635658914729,9.53125,-4.614754098360656
2023-08-03,-3.5045454545454544,3.2002923976608186,6.5918803418803416,-0.94,6.544554455445544,5.875899280575539,-4.961538461538462,7.087912087912088,6.75,5.944444444444445,-3.1166666666666667
2023-08-04,-2.8549107142857144,3.0261627906976742,6.5918803418803416,-0.94,6.544554455445544,5.642857142857143,-4.961538461538462,7.087912087912088,6.492307692307692,5.944444444444445,-3.1166666666666667
2023-08-05,-2.8549107142857144,3.0261627906976742,6.5918803418803416,-0.94,6.544554455445544,5.642857142857143,-4.961538461538462,7.087912087912088,6.492307692307692,5.944444444444445,-3.1166666666666667
2023-08-06,-2.618181818181818,3.350591715976331,6.930434782608696,-0.94,5.851010101010101,6.100364963503649,-4.961538461538462,7.367977528089888,6.061023622047244,5.944444444444445,-2.564655172413793
2023-08-07,-2.8102272727272726,2.6031976744186047,6.431623931623932,-0.94,4.688725490196078,6.2536764705882355,-4.961538461538462,7.052777777777778,5.622093023255814,5.944444444444445,-2.564655172413793
2023-08-08,-3.2523041474654377,2.725,7.031779661016949,-1.3173076923076923,5.461538461538462,6.29074074074074,-5.375,8.175,6.173076923076923,4.275,-2.7916666666666665
2023-08-09,-1.9481566820276497,3.035502958579882,7.230769230769231,-2.1607142857142856,5.377403846153846,6.635338345864661,-6.34375,8.16388888888889,6.346899224806202,4.275,-2.9221311475409837
2023-08-10,-1.6682027649769586,2.331845238095238,7.0,-1.2211538461538463,4.45952380952381,5.791044776119403,-5.916666666666667,8.13888888888889,6.144230769230769,6.166666666666667,-3.847457627118644
2023-08-11,-1.2771493212669682,2.801470588235294,6.810924369747899,-1.2211538461538463,4.27122641509434,5.633333333333334,-5.916666666666667,7.8791208791208796,6.691287878787879,6.166666666666667,-3.847457627118644
2023-08-12,-1.2771493212669682,2.801470588235294,6.810924369747899,-1.2211538461538463,4.27122641509434,5.633333333333334,-5.916666666666667,7.8791208791208796,6.691287878787879,6.166666666666667,-3.847457627118644
2023-08-13,-0.9006849315068494,2.8905325443786984,6.9724576271186445,-1.2211538461538463,4.27122641509434,5.766791044776119,-5.916666666666667,7.8791208791208796,6.83587786259542,6.166666666666667,-3.847457627118644
2023-08-14,-1.1912442396313363,2.727810650887574,6.565126050420168,-1.2211538461538463,3.8948598130841123,5.561567164179104,-5.916666666666667,7.997222222222222,6.625954198473282,6.166666666666667,-3.957627118644068
2023-08-15,-1.2967289719626167,2.570359281437126,6.510683760683761,-1.2211538461538463,3.8485576923076925,5.458333333333333,-5.916666666666667,8.05056179775281,6.577519379844961,6.166666666666667,-3.957627118644068
2023-08-16,-2.0528169014084505,2.9367647058823527,6.34957627118644,-1.8240740740740742,3.692857142857143,4.6965648854961835,-5.916666666666667,7.822222222222222,6.430769230769231,6.166666666666667,-4.183333333333334
2023-08-17,-2.3514150943396226,2.9088235294117646,6.55982905982906,-1.8240740740740742,3.6476190476190475,4.6603053435114505,-5.916666666666667,7.822222222222222,6.394230769230769,6.166666666666667,-4.2625
2023-08-18,-1.2988372093023255,3.8945086705202314,7.1155462184873945,-1.8240740740740742,5.305555555555555,5.893656716417911,-5.916666666666667,7.508241758241758,6.680451127819549,6.166666666666667,-4.532786885245901
2023-08-19,-1.2988372093023255,3.8945086705202314,7.1155462184873945,-1.8240740740740742,5.305555555555555,5.893656716417911,-5.916666666666667,7.508241758241758,6.680451127819549,6.166666666666667,-4.532786885245901
2023-08-20,-1.3867924528301887,3.9694767441860463,7.252118644067797,-1.8240740740740742,5.305555555555555,6.0056390977443606,-5.916666666666667,7.691666666666666,6.799242424242424,6.166666666666667,-4.458333333333333
2023-08-21,-1.5841121495327102,3.5057471264367814,6.991596638655462,-3.705357142857143,4.547727272727273,5.651851851851852,-5.916666666666667,7.647222222222222,6.569548872180451,0.1,-4.7625
2023-08-22,-1.7009345794392523,3.295714285714286,6.029411764705882,-1.2333333333333334,4.207207207207207,5.365808823529412,-5.916666666666667,6.375,5.708646616541353,-2.9318181818181817,-3.532258064516129
2023-08-23,-1.8796728971962617,3.6907514450867054,6.182203389830509,-1.7258064516129032,5.4818181818181815,5.871268656716418,-6.578125,6.581460674157303,5.84280303030303,-2.9318181818181817,-3.653225806451613
2023-08-24,-1.7910798122065728,3.495639534883721,6.101694915254237,-1.225,5.966216216216216,4.847014925373134,-5.9,6.474719101123595,5.518796992481203,-1.55,-3.7419354838709675
2023-08-25,-1.0229357798165137,3.3285714285714287,6.677083333333333,-1.225,5.966216216216216,5.373161764705882,-5.9,6.194444444444445,6.038888888888889,-1.55,-3.7419354838709675
2023-08-26,-1.0229357798165137,3.3285714285714287,6.677083333333333,-1.225,5.966216216216216,5.373161764705882,-5.9,6.194444444444445,6.038888888888889,-1.55,-3.7419354838709675
2023-08-27,-1.0933179723502304,3.2658045977011496,6.677083333333333,-0.9482758620689655,5.966216216216216,5.307407407407408,-5.660714285714286,6.194444444444445,6.038888888888889,-1.55,-3.7419354838709675
2023-08-28,0.04838709677419355,3.513157894736842,6.194444444444445,0.9666666666666667,6.1022727272727275,5.9440298507462686,-5.660714285714286,5.2897727272727275,5.596590909090909,-12.833333333333334,-3.6557377049180326
2023-08-29,0.8852272727272728,3.51453488372093,6.173728813559322,0.29838709677419356,6.06981981981982,5.842592592592593,-6.6,5.369318181818182,5.582706766917293,-12.833333333333334,-3.9153225806451615
2023-08-30,2.490867579908676,4.992774566473988,7.182773109243698,4.225806451612903,7.38063063063063,7.705882352941177,-5.517857142857143,6.126373626373627,7.175925925925926,-12.833333333333334,-1.4426229508196722
2023-08-31,2.740867579908676,4.691860465116279,6.55982905982906,3.8203125,6.931818181818182,6.90625,-5.733333333333333,6.336111111111111,6.8059701492537314,-12.833333333333334,-1.2868852459016393
2023-09-01,2.748873873873874,4.622832369942197,6.442796610169491,3.8203125,6.931818181818182,6.802919708029197,-5.733333333333333,6.186813186813187,6.701851851851852,-12.833333333333334,-1.2868852459016393
2023-09-02,2.748873873873874,4.622832369942197,6.442796610169491,3.8203125,6.931818181818182,6.802919708029197,-5.733333333333333,6.186813186813187,6.701851851851852,-12.833333333333334,-1.2868852459016393
2023-09-03,2.3088235294117645,4.068313953488372,5.6431623931623935,4.346774193548387,6.077981651376147,6.117647058823529,-5.25,5.144444444444445,6.005597014925373,-12.833333333333334,-1.1
2023-09-04,2.5559360730593608,4.4073529411764705,5.662393162393163,4.346774193548387,6.459905660377358,6.294776119402985,-5.25,4.7853260869565215,6.03544776119403,-12.833333333333334,-1.4291666666666667
2023-09-05,3.0756880733944953,4.944444444444445,6.455508474576271,9.083333333333334,6.642857142857143,5.335820895522388,2.8035714285714284,4.978021978021978,6.2631578947368425,-11.3125,0.8813559322033898
2023-09-06,3.2857142857142856,4.944444444444445,7.241596638655462,9.083333333333334,6.471698113207547,5.335820895522388,2.8035714285714284,6.010869565217392,6.962686567164179,-11.3125,0.8813559322033898
2023-09-07,4.846064814814815,6.534883720930233,8.014583333333333,12.016129032258064,6.471698113207547,6.727941176470588,9.283333333333333,8.01063829787234,7.651851851851852,-11.3125,4.131147540983607
2023-09-08,4.857954545454546,6.968390804597701,7.853305785123967,12.016129032258064,6.303738317757009,7.271739130434782,9.283333333333333,7.8052631578947365,8.186131386861314,-11.3125,4.131147540983607
2023-09-09,4.857954545454546,6.968390804597701,7.853305785123967,12.016129032258064,6.303738317757009,7.271739130434782,9.283333333333333,7.8052631578947365,8.186131386861314,-11.3125,4.131147540983607
2023-09-10,4.585253456221198,6.502906976744186,7.195378151260504,12.016129032258064,6.488207547169812,6.6875,9.283333333333333,6.962365591397849,7.611111111111111,-11.3125,4.420833333333333
2023-09-11,3.911697247706422,6.72093023255814,7.328389830508475,12.016129032258064,6.586448598130841,7.388888888888889,9.283333333333333,7.130434782608695,7.8,-11.3125,4.420833333333333
2023-09-12,4.470657276995305,6.845029239766082,7.55982905982906,12.016129032258064,6.955188679245283,7.688432835820896,9.283333333333333,7.425824175824176,8.005597014925373,-11.3125,4.420833333333333
2023-09-13,3.9264018691588785,7.093390804597701,8.483050847457626,7.645161290322581,8.190909090909091,8.261029411764707,9.283333333333333,8.268817204301076,8.527573529411764,-11.3125,2.1625
2023-09-14,4.071596244131455,6.901162790697675,8.60897435897436,7.645161290322581,9.073394495412844,8.588235294117647,9.283333333333333,8.42663043478261,8.637037037037038,-11.3125,2.1625
2023-09-15,3.019675925925926,6.361271676300578,8.60897435897436,7.645161290322581,8.204545454545455,8.588235294117647,9.283333333333333,8.42663043478261,8.637037037037038,-11.3125,0.7090163934426229
2023-09-16,3.0802325581395347,6.4563953488372094,8.769396551724139,7.645161290322581,8.371559633027523,8.725925925925926,9.283333333333333,8.62912087912088,8.776119402985074,-11.3125,0.7090163934426229
2023-09-17,3.251179245283019,6.730769230769231,9.241150442477876,8.125,8.717289719626168,8.988721804511279,10.428571428571429,9.230113636363637,9.183206106870228,-11.3125,1.0084745762711864
2023-09-18,3.235781990521327,6.764705882352941,9.466517857142858,8.14516129032258,8.429545454545455,9.061567164179104,10.375,9.272727272727273,9.164122137404581,-11.40625,1.3940677966101696
2023-09-19,3.0318396226415096,6.859467455621302,8.61036036036036,8.14516129032258,8.591743119266056,8.327067669172932,10.375,8.17816091954023,9.305769230769231,-11.40625,-0.30603448275862066
2023-09-20,3.1285377358490565,6.729041916167665,8.664414414414415,4.596774193548387,9.448598130841122,7.992424242424242,9.016666666666667,7.9602272727272725,8.64922480620155,-11.40625,-1.9429824561403508
2023-09-21,1.8215962441314555,6.137724550898204,8.46875,4.596774193548387,9.238425925925926,7.244318181818182,9.016666666666667,7.72191011235955,8.25,-11.40625,-1.9429824561403508
2023-09-22,1.4608294930875576,6.1191176470588236,8.241150442477876,3.9140625,8.3,7.378731343283582,7.375,7.472222222222222,8.056818181818182,-11.40625,-2.206896551724138
2023-09-23,1.4976851851851851,6.193786982248521,8.372767857142858,3.9140625,8.435779816513762,7.4830827067669174,7.375,7.629213483146067,8.16793893129771,-11.40625,-2.206896551724138
2023-09-24,1.3564593301435406,5.4393939393939394,8.15137614678899,4.758064516129032,7.056603773584905,6.558139534883721,9.35,7.96875,7.974609375,-9.857142857142858,-1.3794642857142858
2023-09-25,2.092857142857143,6.070359281437126,7.711711711711712,4.758064516129032,8.261682242990654,7.116412213740458,9.35,7.735955056179775,7.8062015503875966,-9.857142857142858,-1.3794642857142858
2023-09-26,1.707142857142857,5.81437125748503,7.558035714285714,4.0703125,8.660377358490566,7.517307692307693,7.9375,7.544444444444444,7.885658914728682,-5.708333333333333,-1.5267857142857142
2023-09-27,2.5642857142857145,6.1030303030303035,7.747747747747748,4.0703125,9.837264150943396,7.680232558139535,7.9375,7.5,8.293307086614174,-5.708333333333333,-1.375
2023-09-28,3.1338862559241707,6.629518072289157,6.909090909090909,4.782258064516129,9.516355140186915,8.139312977099237,7.9375,6.46067415730337,7.312992125984252,-5.708333333333333,-1.0727272727272728
2023-09-29,3.201388888888889,6.8579881656804735,6.522321428571429,4.782258064516129,9.25462962962963,7.704887218045113,7.9375,5.9945054945054945,7.891472868217054,-5.708333333333333,-1.5526315789473684
2023-09-30,3.201388888888889,6.8579881656804735,6.522321428571429,4.782258064516129,9.25462962962963,7.704887218045113,7.9375,5.9945054945054945,7.891472868217054,-5.708333333333333,-1.5526315789473684
2023-10-01,3.239485981308411,6.950598802395209,6.650900900900901,4.782258064516129,9.413551401869158,7.704887218045113,7.9375,6.147222222222222,8.013671875,-5.708333333333333,-1.5526315789473684
2023-10-02,3.1203271028037385,7.591317365269461,6.775,4.782258064516129,10.252314814814815,7.693609022556391,7.9375,6.294943820224719,8.131889763779528,-5.708333333333333,-1.5789473684210527
2023-10-03,2.926605504587156,6.865384615384615,6.697727272727272,5.258333333333334,9.814814814814815,7.620300751879699,9.1,6.025,8.06496062992126,-5.708333333333333,-1.4375
2023-10-04,1.5529953917050692,5.212574850299402,5.11214953271028,5.258333333333334,8.11320754716981,6.336538461538462,9.1,6.207865168539326,6.729838709677419,-5.708333333333333,-1.4375
2023-10-05,1.478110599078341,4.955089820359281,5.156542056074766,2.870967741935484,7.978971962616822,6.5852713178294575,9.1,6.26123595505618,6.9939024390243905,-5.708333333333333,-2.46875
2023-10-06,0.40427927927927926,4.668639053254438,4.708715596330276,2.870967741935484,7.782407407407407,6.190839694656488,9.1,6.044444444444444,6.574,-5.708333333333333,-2.46875
2023-10-07,0.40427927927927926,4.754464285714286,4.842592592592593,2.870967741935484,7.782407407407407,6.190839694656488,9.1,6.22191011235955,6.705645161290323,-5.708333333333333,-2.46875
2023-10-08,0.25904977375565613,5.034638554216867,5.283018867924528,2.870967741935484,7.782407407407407,6.573643410852713,9.1,6.482954545454546,7.118852459016393,-5.708333333333333,-2.209090909090909
2023-10-09,0.5148401826484018,5.625757575757576,5.46875,2.870967741935484,9.523809523809524,7.34765625,9.1,6.7354651162790695,7.552521008403361,-5.708333333333333,-2.3287037037037037
2023-10-10,1.2672018348623852,5.0182926829268295,4.5,3.683333333333333,9.680288461538462,6.576771653543307,9.1,5.576470588235294,6.72457627118644,-5.708333333333333,-4.259433962264151
2023-10-11,0.2990867579908676,4.072727272727272,3.395631067961165,3.683333333333333,7.952830188679245,5.681102362204724,9.1,4.482142857142857,5.760593220338983,-5.708333333333333,-4.100961538461538
2023-10-12,0.1536697247706422,4.051829268292683,3.650990099009901,3.282258064516129,7.957142857142857,5.782,7.984375,4.823170731707317,6.023706896551724,-5.708333333333333,-4.144230769230769
2023-10-13,-0.20795454545454545,3.5256024096385543,3.482843137254902,1.125,7.067757009345795,5.066929133858268,7.984375,4.602409638554217,5.8568376068376065,-5.708333333333333,-5.306603773584905
2023-10-14,-0.20795454545454545,3.5256024096385543,3.482843137254902,1.125,7.067757009345795,5.066929133858268,7.984375,4.602409638554217,5.8568376068376065,-5.708333333333333,-5.306603773584905
2023-10-15,-0.20795454545454545,3.5256024096385543,3.482843137254902,1.125,7.067757009345795,5.066929133858268,7.984375,4.602409638554217,5.8568376068376065,-5.708333333333333,-5.306603773584905
2023-10-16,1.4113636363636364,3.842814371257485,3.5693069306930694,1.3306451612903225,7.892523364485982,5.761811023622047,8.866666666666667,4.722560975609756,5.952586206896552,-5.708333333333333,-4.4951923076923075
2023-10-17,1.6018099547511313,4.46875,3.5396039603960396,2.45,9.004672897196262,6.7795275590551185,8.866666666666667,4.685975609756097,6.502118644067797,-5.708333333333333,-3.950980392156863
2023-10-18,2.840497737556561,4.516467065868263,3.61,2.153225806451613,9.97196261682243,7.138,7.890625,6.204268292682927,6.587606837606837,-5.708333333333333,-4.161764705882353
2023-10-19,3.3164414414414414,4.517857142857143,2.254950495049505,5.2109375,10.726415094339623,7.257936507936508,7.890625,4.524096385542169,5.4025423728813555,-5.708333333333333,-1.3365384615384615
2023-10-20,3.0591517857142856,4.433431952662722,2.1372549019607843,5.2109375,10.535046728971963,7.124015748031496,7.890625,4.354166666666667,5.275210084033613,-5.708333333333333,-1.3365384615384615
2023-10-21,3.0591517857142856,4.433431952662722,2.1372549019607843,5.2109375,10.535046728971963,7.124015748031496,7.890625,4.354166666666667,5.275210084033613,-5.708333333333333,-1.3365384615384615
2023-10-22,3.311936936936937,4.772455089820359,2.3316831683168315,6.354838709677419,10.919811320754716,7.319444444444445,7.890625,4.354166666666667,5.468220338983051,-5.708333333333333,-0.7696078431372549
2023-10-23,2.6422222222222222,4.041666666666667,2.9684466019417477,3.2333333333333334,10.754672897196262,7.75390625,7.890625,5.4941176470588236,5.9625,-26.85,-4.945
2023-10-24,2.314732142857143,3.6101190476190474,1.7888349514563107,4.316666666666666,9.70754716981132,7.059055118110236,7.890625,4.064705882352941,4.95,-26.85,-4.716346153846154
2023-10-25,2.024663677130045,4.780120481927711,3.014705882352941,4.316666666666666,10.745283018867925,8.093253968253968,7.890625,5.580357142857143,6.027310924369748,-26.85,-5.136792452830188
2023-10-26,2.4263392857142856,6.102678571428571,3.014705882352941,10.296875,12.398148148148149,9.189922480620154,7.890625,5.580357142857143,6.027310924369748,-26.85,-1.3136363636363637
2023-10-27,2.3700440528634363,6.0266272189349115,2.9199029126213594,10.296875,12.398148148148149,9.067307692307692,7.890625,5.435294117647059,5.920833333333333,-26.85,-1.3136363636363637
2023-10-28,2.5455555555555556,6.165178571428571,3.1176470588235294,10.296875,12.398148148148149,9.271317829457365,7.890625,5.705357142857143,6.1155462184873945,-26.85,-1.3136363636363637
2023-10-29,2.703125,5.983433734939759,2.755,10.296875,12.752358490566039,9.271317829457365,7.890625,5.045180722891566,5.8568376068376065,-26.85,-1.0046296296296295
2023-10-30,3.7984234234234235,6.934451219512195,3.8575,13.015151515151516,13.632075471698114,10.09108527131783,13.308823529411764,5.2317073170731705,6.799145299145299,-5.708333333333333,1.3657407407407407
2023-10-31,5.307077625570776,8.420245398773005,4.128787878787879,13.015151515151516,15.210280373831775,10.6751968503937,13.308823529411764,5.890625,7.386956521739131,-5.708333333333333,3.358490566037736
2023-11-01,5.658256880733945,8.61574074074074,4.0375,13.6015625,14.602380952380953,10.988095238095237,13.470588235294118,4.2407407407407405,7.5630434782608695,-5.25,3.5336538461538463
2023-11-02,5.072093023255814,8.835403726708075,4.0375,13.6015625,14.602380952380953,11.29,13.470588235294118,4.2407407407407405,7.864035087719298,-5.25,3.5336538461538463
2023-11-03,4.9411764705882355,8.516666666666667,3.7892156862745097,10.159090909090908,15.408018867924529,11.671875,13.470588235294118,3.930722891566265,8.36965811965812,-5.25,1.580188679245283
2023-11-04,4.9411764705882355,8.516666666666667,3.7892156862745097,10.159090909090908,15.408018867924529,11.671875,13.470588235294118,3.930722891566265,8.36965811965812,-5.25,1.580188679245283
2023-11-05,5.280963302752293,9.675,4.414141414141414,10.159090909090908,17.181372549019606,11.838582677165354,13.470588235294118,4.361111111111111,9.032894736842104,-5.25,1.580188679245283
2023-11-06,4.798165137614679,9.0171875,3.6829896907216493,10.136363636363637,16.386138613861387,11.182539682539682,13.426470588235293,3.121875,8.109649122807017,-5.375,1.5849056603773586
2023-11-07,3.2771493212669682,8.67283950617284,3.9088541666666665,11.637096774193548,15.933823529411764,11.098425196850394,16.966666666666665,3.134375,8.12061403508772,-5.375,1.3443396226415094
2023-11-08,2.7104072398190047,8.967791411042946,4.189473684210526,11.03125,15.545673076923077,11.672,15.421875,3.4082278481012658,8.393805309734514,-5.714285714285714,1.5330188679245282
2023-11-09,2.103881278538813,8.090490797546012,4.2894736842105265,11.03125,15.60576923076923,11.23611111111111,15.421875,3.528481012658228,7.660714285714286,-5.714285714285714,0.41363636363636364
2023-11-10,2.0930493273542603,8.565151515151515,4.1875,13.727272727272727,16.409523809523808,11.798828125,15.421875,3.415625,7.54424778761062,-5.714285714285714,2.1919642857142856
2023-11-11,2.0930493273542603,8.565151515151515,4.1875,13.727272727272727,16.409523809523808,11.798828125,15.421875,3.415625,7.54424778761062,-5.714285714285714,2.1919642857142856
2023-11-12,2.4054054054054053,9.089506172839506,4.959677419354839,13.727272727272727,17.473039215686274,12.556,15.421875,3.6487341772151898,8.288636363636364,-5.714285714285714,2.5045454545454544
2023-11-13,2.8545454545454545,9.641509433962264,5.332417582417582,13.727272727272727,18.275,13.144308943089431,15.421875,4.055194805194805,8.664351851851851,-5.714285714285714,2.5045454545454544
2023-11-14,3.248873873873874,8.770440251572326,5.412087912087912,12.352941176470589,18.064432989690722,12.329365079365079,14.0,4.14935064935065,8.454128440366972,-5.714285714285714,1.8705357142857142
2023-11-15,3.5877777777777777,8.471875,5.206521739130435,10.614285714285714,18.997448979591837,12.404761904761905,14.0,3.923076923076923,9.372727272727273,-11.0625,1.4151785714285714
2023-11-16,2.201111111111111,7.132075471698113,4.206043956043956,9.41891891891892,16.798969072164947,10.784,11.31578947368421,3.9711538461538463,8.858796296296296,-11.0,1.3508771929824561
2023-11-17,2.048458149779736,6.855590062111801,3.7903225806451615,8.467948717948717,16.798969072164947,10.375984251968504,9.369047619047619,3.64375,8.422727272727272,-10.75,0.7923728813559322
2023-11-18,2.048458149779736,6.855590062111801,3.7903225806451615,8.467948717948717,16.798969072164947,10.375984251968504,9.369047619047619,3.64375,8.422727272727272,-10.75,0.7923728813559322
2023-11-19,2.6345291479820627,7.810509554140127,4.282967032967033,10.125,18.838709677419356,11.408536585365853,9.369047619047619,3.911392405063291,8.92361111111111,-5.888888888888889,1.7456896551724137
2023-11-20,1.8433333333333333,7.064873417721519,4.258152173913044,8.833333333333334,17.71505376344086,10.429435483870968,9.369047619047619,3.8875,8.643181818181818,-2.46875,0.5087719298245614
2023-11-21,1.915158371040724,6.568910256410256,3.291208791208791,9.557142857142857,17.02747252747253,9.764227642276422,10.6625,2.768987341772152,7.876146788990826,-2.46875,0.6228070175438597
2023-11-22,2.0875,6.57051282051282,3.6222222222222222,8.354166666666666,17.156593406593405,9.766260162601625,10.6625,3.144230769230769,8.530373831775702,-2.46875,0.42105263157894735
2023-11-23,1.4895833333333333,6.832258064516129,2.888888888888889,8.31578947368421,17.156593406593405,9.200819672131148,10.386363636363637,3.5348101265822787,7.913551401869159,0.1388888888888889,0.6652542372881356
2023-11-24,1.4895833333333333,6.632165605095541,2.8104395604395602,8.31578947368421,17.156593406593405,9.091463414634147,10.386363636363637,3.4375,7.800925925925926,0.1388888888888889,0.6652542372881356
2023-11-25,1.4895833333333333,6.632165605095541,2.8104395604395602,8.31578947368421,17.156593406593405,9.091463414634147,10.386363636363637,3.4375,7.800925925925926,0.1388888888888889,0.6652542372881356
2023-11-26,0.45348837209302323,5.708064516129032,1.7305555555555556,4.430555555555555,15.78370786516854,7.948347107438017,6.119047619047619,2.2151898734177213,6.9392523364485985,0.1388888888888889,-2.057017543859649
2023-11-27,-0.2266355140186916,5.693910256410256,1.9666666666666666,4.75,16.433908045977013,8.12396694214876,6.666666666666667,1.9197530864197532,7.13785046728972,-0.7,-1.9612068965517242
2023-11-28,-0.8502358490566038,4.912337662337662,0.9517045454545454,2.0285714285714285,15.977011494252874,7.1533613445378155,6.666666666666667,0.7879746835443038,5.485576923076923,-0.7,-1.9612068965517242
2023-11-29,-1.1150234741784038,4.5112903225806456,0.6333333333333333,2.3455882352941178,15.451149425287356,6.94375,7.4375,0.634375,4.8880952380952385,-0.7,-1.8421052631578947
2023-11-30,-1.2883720930232558,4.256369426751593,0.2826086956521739,2.3455882352941178,14.839887640449438,6.575819672131147,7.4375,0.603125,4.507009345794392,-0.7,-1.8421052631578947
2023-12-01,-0.8096330275229358,3.7453416149068324,0.05851063829787234,1.7,13.5,6.092,7.4375,0.3384146341463415,4.236238532110092,-0.7,-2.288135593220339
2023-12-02,-0.8096330275229358,3.7453416149068324,0.05851063829787234,1.7,13.5,6.092,7.4375,0.3384146341463415,4.236238532110092,-0.7,-2.288135593220339
2023-12-03,-0.9308755760368663,3.609375,0.35597826086956524,1.7,13.5,6.241935483870968,7.4375,0.63125,4.570093457943925,-0.7,-2.1120689655172415
2023-12-04,-1.6342592592592593,2.4145569620253164,-0.7252747252747253,-1.1911764705882353,12.293010752688172,6.272177419354839,2.5657894736842106,0.4722222222222222,3.681603773584906,-0.7,-3.9035087719298245
2023-12-05,-1.8298611111111112,2.35062893081761,-1.9093406593406594,-1.1911764705882353,13.26595744680851,6.16,2.5657894736842106,-0.8580246913580247,2.6650943396226414,-0.7,-3.9698275862068964
2023-12-06,-2.610981308411215,-0.0234375,-4.5,-5.214285714285714,11.647368421052631,3.530241935483871,-3.8552631578947367,-3.540625,0.26401869158878505,-0.7,-8.23728813559322
2023-12-07,-3.5478971962616823,-0.6446540880503144,-4.486263736263736,-5.354166666666667,11.660526315789474,2.7947154471544717,-4.175,-3.525,-0.6650943396226415,-0.7,-8.270833333333334
2023-12-08,-2.782258064516129,-0.09006211180124224,-4.567934782608695,-5.354166666666667,12.327319587628866,3.454,-4.175,-3.6296296296296298,0.16203703703703703,-0.7,-6.495901639344262
2023-12-09,-2.721064814814815,0.009375,-4.4423076923076925,-5.354166666666667,12.327319587628866,3.6108870967741935,-4.175,-3.475,0.3130841121495327,-0.7,-6.495901639344262
2023-12-10,-2.5492957746478875,0.1819620253164557,-4.510989010989011,-5.354166666666667,12.278645833333334,3.451219512195122,-4.175,-3.553125,0.09669811320754718,-0.7,-6.67741935483871
2023-12-11,-3.5011682242990654,0.2689873417721519,-4.480769230769231,-5.354166666666667,12.534210526315789,3.2600806451612905,-4.175,-3.51875,-0.09345794392523364,-0.7,-6.936507936507937
2023-12-12,-2.4656398104265405,-0.13709677419354838,-4.455555555555556,-1.5902777777777777,11.285714285714286,3.341463414634146,0.7857142857142857,-3.4778481012658227,0.25,-0.7,-4.785714285714286
2023-12-13,-2.5766509433962264,-0.30288461538461536,-4.5625,-2.763157894736842,11.26388888888889,3.1048387096774195,0.19318181818181818,-3.515625,0.07009345794392523,-3.8636363636363638,-5.373076923076923
2023-12-14,-1.1011904761904763,0.8926282051282052,-3.4381720430107525,-2.763157894736842,13.33611111111111,3.88,0.19318181818181818,-2.2376543209876543,0.9953703703703703,-3.8636363636363638,-4.10546875
2023-12-15,-0.6880841121495327,1.7120253164556962,-2.3377659574468086,-2.763157894736842,14.472826086956522,4.854330708661418,0.19318181818181818,-0.9908536585365854,1.9036697247706422,-3.8636363636363638,-1.9886363636363635
2023-12-16,-0.6880841121495327,1.7120253164556962,-2.3377659574468086,-2.763157894736842,14.472826086956522,4.854330708661418,0.19318181818181818,-0.9908536585365854,1.9036697247706422,-3.8636363636363638,-1.9886363636363635
2023-12-17,-0.8559523809523809,1.9139610389610389,-2.1630434782608696,-2.8194444444444446,15.46875,5.018145161290323,0.8214285714285714,-0.75625,2.327830188679245,-2.95,-1.99609375
2023-12-18,-1.2763157894736843,1.2175324675324675,-2.092391304347826,-2.8194444444444446,14.25,5.088709677419355,0.8214285714285714,-0.675,1.3160377358490567,-2.95,-1.99609375
2023-12-19,-1.492822966507177,1.2708333333333333,-2.1005434782608696,-1.8918918918918919,13.856741573033707,5.3,0.7857142857142857,-0.5569620253164557,1.102803738317757,-2.95,-1.4807692307692308
2023-12-20,-1.3654761904761905,1.2468152866242037,-2.0806451612903225,-2.473684210526316,13.735955056179776,5.238095238095238,0.7857142857142857,-0.553125,1.3037383177570094,-2.95,-1.821969696969697
2023-12-21,-1.2560096153846154,0.6512738853503185,-2.010752688172043,-2.074324324324324,15.025862068965518,4.934,1.6875,-0.503125,1.3644859813084111,-2.95,-1.5846153846153845
2023-12-22,-0.8133971291866029,0.41823899371069184,-2.0585106382978724,-2.789473684210526,14.286516853932584,4.843253968253968,1.6875,-0.5771604938271605,1.2916666666666667,-2.95,-2.003787878787879
2023-12-23,-0.8133971291866029,0.41823899371069184,-2.0585106382978724,-2.789473684210526,14.286516853932584,4.843253968253968,1.6875,-0.5771604938271605,1.2916666666666667,-2.95,-2.003787878787879
2023-12-24,-0.9609756097560975,-0.00641025641025641,-1.75,-2.789473684210526,13.612068965517242,4.412601626016261,1.6875,-0.425,1.6226415094339623,-2.95,-2.003787878787879
2023-12-25,-0.10572139303482588,0.7173202614379085,-1.5333333333333334,-1.5,13.883720930232558,4.675619834710743,2.473684210526316,-0.14102564102564102,1.875,-2.95,-1.25390625
2023-12-26,-1.2613636363636365,0.7728758169934641,-1.4388888888888889,-1.5,13.205357142857142,4.7458677685950414,2.473684210526316,-0.03205128205128205,1.9567307692307692,-2.95,-1.130952380952381
2023-12-27,-2.71356783919598,-0.7630718954248366,-1.5247252747252746,-1.7094594594594594,11.738095238095237,2.803719008264463,1.8875,-0.03205128205128205,2.079326923076923,-2.95,-1.2578125
2023-12-28,-2.669642857142857,-0.84375,-1.2555555555555555,-0.9868421052631579,11.916666666666666,3.5351239669421486,1.8875,0.30194805194805197,1.1966019417475728,-2.95,-0.453125
2023-12-29,-3.0,-1.1596774193548387,-1.348901098901099,-1.2115384615384615,11.661764705882353,3.034274193548387,1.3333333333333333,0.17307692307692307,0.8666666666666667,-3.5681818181818183,-0.928030303030303
2023-12-30,-3.0,-1.1596774193548387,-1.348901098901099,-1.2115384615384615,11.661764705882353,3.034274193548387,1.3333333333333333,0.17307692307692307,0.8666666666666667,-3.5681818181818183,-0.928030303030303
2023-12-31,-2.818527918781726,-1.7679738562091503,-1.261111111111111,-1.2115384615384615,10.610119047619047,3.1341463414634148,1.3333333333333333,0.29545454545454547,0.9639423076923077,-3.5681818181818183,-0.8
2024-01-01,-2.6335978835978837,-0.9899328859060402,-1.0170454545454546,-1.2115384615384615,11.379518072289157,3.384297520661157,1.3333333333333333,0.6233333333333333,1.2181372549019607,-3.5681818181818183,-0.8
2024-01-02,-2.339095744680851,-0.32094594594594594,-1.0170454545454546,-1.2115384615384615,11.379518072289157,3.384297520661157,1.3333333333333333,0.6233333333333333,1.2181372549019607,-3.5681818181818183,-0.8
2024-01-03,-2.0161290322580645,0.011904761904761904,-0.9568965517241379,0.5657894736842105,11.59451219512195,3.2231404958677685,1.3333333333333333,0.7162162162162162,1.0269607843137254,-3.5681818181818183,-0.13846153846153847
2024-01-04,0.30601092896174864,0.9606164383561644,-0.6366279069767442,3.1153846153846154,11.901234567901234,3.4875,1.3333333333333333,0.7601351351351351,1.3193069306930694,-3.5681818181818183,1.378787878787879
2024-01-05,0.8449197860962567,0.918918918918919,-0.764367816091954,2.74375,11.563253012048193,3.3615702479338845,0.7386363636363636,0.5933333333333334,1.1911764705882353,-3.5681818181818183,1.275735294117647
2024-01-06,0.8449197860962567,0.918918918918919,-0.764367816091954,2.74375,11.563253012048193,3.3615702479338845,0.7386363636363636,0.5933333333333334,1.1911764705882353,-3.5681818181818183,1.275735294117647
2024-01-07,0.11216216216216217,0.7103448275862069,-0.4331395348837209,2.74375,10.484756097560975,3.167372881355932,0.7386363636363636,0.9966216216216216,1.4925742574257426,-3.5681818181818183,1.8582089552238805
2024-01-08,0.8382352941176471,0.4948630136986301,-0.5116279069767442,2.74375,10.484756097560975,3.110169491525424,0.7386363636363636,0.9054054054054054,1.4257425742574257,-3.5681818181818183,1.8582089552238805
2024-01-09,1.288978494623656,0.6206896551724138,-0.20833333333333334,2.74375,11.689873417721518,2.944915254237288,0.7386363636363636,1.0582191780821917,1.7222222222222223,-3.5681818181818183,1.8582089552238805
2024-01-10,1.9435483870967742,1.0948275862068966,-0.13855421686746988,3.8658536585365852,12.664556962025317,3.4243697478991595,0.4090909090909091,1.15625,1.5833333333333333,-3.5681818181818183,2.547794117647059
2024-01-11,2.015873015873016,1.0393835616438356,-0.13253012048192772,5.60625,13.676282051282051,3.810924369747899,0.4090909090909091,1.1631944444444444,1.5883838383838385,-3.5681818181818183,3.5671641791044775
2024-01-12,1.8638743455497382,0.856418918918919,-0.4235294117647059,5.60625,13.420886075949367,3.541322314049587,0.4090909090909091,1.0582191780821917,1.3094059405940595,-3.5681818181818183,3.5671641791044775
2024-01-13,1.8638743455497382,0.856418918918919,-0.4235294117647059,5.60625,13.420886075949367,3.541322314049587,0.4090909090909091,1.0582191780821917,1.3094059405940595,-3.5681818181818183,3.5671641791044775
2024-01-14,0.6097883597883598,0.8065068493150684,-0.4235294117647059,5.60625,13.070512820512821,3.23125,0.4090909090909091,1.0582191780821917,1.3094059405940595,-3.5681818181818183,3.5671641791044775
2024-01-15,0.5775401069518716,0.25,-0.45,5.4817073170731705,12.365131578947368,2.3833333333333333,0.4090909090909091,1.0273972602739727,0.5075757575757576,-3.5681818181818183,3.5220588235294117
2024-01-16,-0.6155913978494624,-0.3775862068965517,-1.5205882352941176,5.7875,11.722972972972974,1.3822314049586777,0.75,-0.5068493150684932,-0.4116161616161616,-3.5681818181818183,3.9888059701492535
2024-01-17,-0.7117486338797814,-0.9143356643356644,-1.1566265060240963,3.371794871794872,10.277397260273972,0.6428571428571429,0.75,-0.0528169014084507,-0.32142857142857145,-3.5681818181818183,2.769230769230769
2024-01-18,-0.22883597883597884,0.1558219178082192,0.05357142857142857,3.371794871794872,11.780821917808218,0.8975409836065574,0.75,0.08571428571428572,0.696969696969697,-3.5681818181818183,4.242424242424242
2024-01-19,0.825,0.1558219178082192,0.05357142857142857,3.371794871794872,11.780821917808218,0.8975409836065574,0.75,0.08571428571428572,0.696969696969697,-3.5681818181818183,4.242424242424242
2024-01-20,0.825,0.1558219178082192,0.05357142857142857,3.371794871794872,11.780821917808218,0.8975409836065574,0.75,0.08571428571428572,0.696969696969697,-3.5681818181818183,4.242424242424242
2024-01-21,0.11141304347826086,-0.9595070422535211,-0.6728395061728395,3.371794871794872,10.159420289855072,-0.4194915254237288,0.75,-1.2352941176470589,0.10416666666666667,-3.5681818181818183,4.7846153846153845
2024-01-22,0.6401098901098901,-0.5303571428571429,-0.478125,4.17948717948718,11.302238805970148,-0.2841880341880342,0.06818181818181818,-1.0111940298507462,0.27631578947368424,-3.5681818181818183,5.920634920634921
2024-01-23,0.10851648351648352,-1.475177304964539,-1.875,4.17948717948718,9.958333333333334,-1.4152542372881356,0.06818181818181818,-2.6791044776119404,-0.9,-3.5681818181818183,6.451612903225806
2024-01-24,0.0013812154696132596,-2.8892857142857142,-2.2042682926829267,-1.0,6.462121212121212,-3.106837606837607,0.06818181818181818,-3.0471014492753623,-1.1984536082474226,-3.5681818181818183,2.9549180327868854
2024-01-25,0.6480978260869565,-1.8263888888888888,-1.2678571428571428,-1.0,7.5625,-1.834710743801653,0.06818181818181818,-3.1268115942028984,-0.42424242424242425,-3.5681818181818183,2.9549180327868854
2024-01-26,0.9608108108108108,-1.143835616438356,-1.3,1.6578947368421053,7.394927536231884,-1.0,0.06818181818181818,-3.1268115942028984,-0.46,5.0625,4.384920634920635
2024-01-27,0.9608108108108108,-1.143835616438356,-1.3,1.6578947368421053,7.394927536231884,-1.0,0.06818181818181818,-3.1268115942028984,-0.46,5.0625,4.384920634920635
2024-01-28,0.23480662983425415,-1.5416666666666667,-2.505952380952381,-1.0,6.794776119402985,-1.475,-4.690476190476191,-3.1268115942028984,-1.4747474747474747,-3.5681818181818183,2.842741935483871
2024-01-29,1.1736111111111112,-3.0993150684931505,-2.626470588235294,-1.388157894736842,3.837121212121212,-1.4090909090909092,-5.193181818181818,-3.307142857142857,-1.5875,-4.583333333333333,1.5887096774193548
2024-01-30,1.9245810055865922,-2.3664383561643834,-1.3676470588235294,-0.8851351351351351,5.2611940298507465,-0.5702479338842975,-4.488095238095238,-1.5036231884057971,-0.5175,-3.1818181818181817,1.9426229508196722
2024-01-31,1.8232044198895028,-2.5,-1.617816091954023,-1.0789473684210527,4.753623188405797,-0.7601626016260162,-4.659090909090909,-1.6,-0.7475490196078431,-3.1818181818181817,1.778225806451613
2024-02-01,1.4590395480225988,-2.5344827586206895,-1.6075581395348837,1.5945945945945945,3.0905797101449277,-1.578512396694215,-4.659090909090909,-1.5869565217391304,-1.7375,-3.1818181818181817,3.44672131147541
2024-02-02,0.8967391304347826,-2.9446308724832213,-2.0758426966292136,1.5945945945945945,2.692857142857143,-2.0,-4.659090909090909,-1.8345070422535212,-2.1383495145631066,-3.1818181818181817,3.161290322580645
2024-02-03,0.8967391304347826,-2.9446308724832213,-2.0758426966292136,1.5945945945945945,2.692857142857143,-2.0,-4.659090909090909,-1.8345070422535212,-2.1383495145631066,-3.1818181818181817,3.161290322580645
2024-02-04,1.1819444444444445,-2.696551724137931,-1.867816091954023,1.9583333333333333,3.202205882352941,-1.743801652892562,-4.333333333333333,-1.565217391304348,-1.7424242424242424,-2.35,3.575
2024-02-05,2.2855113636363638,-2.6853146853146854,-1.9971264367816093,1.9583333333333333,3.051470588235294,-1.9979166666666666,-4.333333333333333,-1.4669117647058822,-1.7040816326530612,-2.35,4.370689655172414
2024-02-06,2.6519886363636362,-2.63556338028169,-1.971264367816092,2.2357142857142858,3.6769230769230767,-1.9264705882352942,-4.1625,-1.608695652173913,-1.6811224489795917,-1.75,4.583333333333333
2024-02-07,2.4417613636363638,-2.8221830985915495,-2.3194444444444446,2.2357142857142858,2.4734848484848486,-1.7665289256198347,-4.1625,-1.7852112676056338,-2.0,-1.75,5.325892857142857
2024-02-08,2.603448275862069,-3.2534965034965033,-2.412087912087912,-0.6397058823529411,0.9730769230769231,-2.5903361344537816,-4.1625,-1.9097222222222223,-2.0857843137254903,-1.75,3.6045454545454545
2024-02-09,2.377840909090909,-3.446551724137931,-2.573369565217391,-1.1142857142857143,0.9730769230769231,-2.8326446280991737,-4.785714285714286,-1.9097222222222223,-2.3774038461538463,-3.3,3.232142857142857
2024-02-10,2.377840909090909,-3.446551724137931,-2.573369565217391,-1.1142857142857143,0.9730769230769231,-2.8326446280991737,-4.785714285714286,-1.9097222222222223,-2.3774038461538463,-3.3,3.232142857142857
2024-02-11,2.335714285714286,-3.446551724137931,-2.573369565217391,-1.1142857142857143,0.9730769230769231,-2.8326446280991737,-4.785714285714286,-1.9097222222222223,-2.3774038461538463,-3.3,3.232142857142857
2024-02-12,2.0997109826589595,-3.8785211267605635,-3.602777777777778,-0.4485294117647059,0.9730769230769231,-2.4684873949579833,-4.5875,-3.2142857142857144,-3.1014851485148514,-3.3,3.7227272727272727
2024-02-13,0.3160919540229885,-3.540492957746479,-3.568681318681319,3.9191176470588234,1.19921875,-2.4520833333333334,-4.5875,-3.176056338028169,-4.096534653465347,11.55,6.422727272727273
2024-02-14,2.0218023255813953,-3.897887323943662,-3.4194444444444443,7.765151515151516,0.40625,-2.369747899159664,-3.8194444444444446,-2.9785714285714286,-4.160891089108911,14.0,8.819444444444445
2024-02-15,2.8938953488372094,-3.773049645390071,-3.216292134831461,8.3046875,0.2653846153846154,-2.207627118644068,-3.485294117647059,-2.8840579710144927,-3.9875,16.8125,9.391509433962264
2024-02-16,2.157303370786517,-3.9166666666666665,-3.4592391304347827,7.340909090909091,-0.09328358208955224,-2.3604166666666666,-4.083333333333333,-3.2083333333333335,-4.182038834951456,16.8125,8.782407407407407
2024-02-17,2.157303370786517,-3.9166666666666665,-3.4592391304347827,7.340909090909091,-0.09328358208955224,-2.3604166666666666,-4.083333333333333,-3.2083333333333335,-4.182038834951456,16.8125,8.782407407407407
2024-02-18,2.8160919540229883,-3.6932624113475176,-3.397222222222222,7.340909090909091,0.4846153846153846,-2.051282051282051,-4.083333333333333,-3.1214285714285714,-4.0325,16.8125,9.05188679245283
2024-02-19,2.782857142857143,-3.727272727272727,-3.4565217391304346,6.414285714285715,0.4356060606060606,-2.059322033898305,-4.5625,-3.204861111111111,-4.073529411764706,13.916666666666666,8.395454545454545
2024-02-20,3.1954022988505746,-1.9895104895104896,-3.516304347826087,6.3428571428571425,2.1742424242424243,-1.6767241379310345,-4.5625,-3.1267605633802815,-3.116504854368932,13.916666666666666,10.379464285714286
2024-02-21,2.73728813559322,-1.6163194444444444,-4.040760869565218,5.5,3.2904411764705883,-1.1016949152542372,-6.644736842105263,-3.5785714285714287,-3.5849514563106797,13.03125,11.540178571428571
2024-02-22,1.4680555555555554,-1.832167832167832,-4.038461538461538,8.2,4.692028985507246,-0.21822033898305085,-6.644736842105263,-3.568840579710145,-2.5728155339805827,13.03125,13.092105263157896
2024-02-23,1.125,-1.8836805555555556,-4.095108695652174,8.2,4.492857142857143,-0.29411764705882354,-6.644736842105263,-3.65,-2.637019230769231,13.03125,13.092105263157896
2024-02-24,0.9583333333333334,-1.8836805555555556,-4.095108695652174,8.2,4.492857142857143,-0.29411764705882354,-6.644736842105263,-3.65,-2.637019230769231,13.03125,13.092105263157896
2024-02-25,1.1214285714285714,-1.6339285714285714,-3.955056179775281,8.683823529411764,4.492857142857143,-0.08836206896551724,-6.555555555555555,-3.4440298507462686,-2.4702970297029703,16.071428571428573,13.863636363636363
2024-02-26,1.1377840909090908,-1.4285714285714286,-2.908333333333333,11.292857142857143,5.2355072463768115,0.15948275862068967,-0.9473684210526315,-3.6838235294117645,-1.5612745098039216,16.071428571428573,13.863636363636363
2024-02-27,1.1228571428571428,-0.5377697841726619,-2.941666666666667,10.645833333333334,6.884057971014493,1.2630434782608695,-1.5,-3.713235294117647,-1.5906862745098038,16.071428571428573,13.401785714285714
2024-02-28,0.8031609195402298,-0.7517985611510791,-2.884831460674157,10.645833333333334,6.423913043478261,1.4690265486725664,-1.5,-3.7573529411764706,-1.5272277227722773,16.071428571428573,13.401785714285714
2024-02-29,0.8053977272727273,-0.5178571428571429,-3.0604395604395602,9.97972972972973,7.1231884057971016,1.7654867256637168,-2.9204545454545454,-3.960714285714286,-1.7087378640776698,8.694444444444445,13.473214285714286
2024-03-01,1.9307909604519775,-0.017482517482517484,-3.108695652173913,9.97972972972973,8.45,2.3232758620689653,-2.9204545454545454,-4.01056338028169,-1.0,8.694444444444445,13.105263157894736
2024-03-02,1.9307909604519775,-0.017482517482517484,-3.108695652173913,9.97972972972973,8.45,2.3232758620689653,-2.9204545454545454,-4.01056338028169,-1.0,8.694444444444445,13.105263157894736
2024-03-03,2.3261494252873565,0.24822695035460993,-3.008241758241758,9.97972972972973,8.75,2.692982456140351,-2.9204545454545454,-3.892857142857143,-0.8928571428571429,8.694444444444445,13.105263157894736
2024-03-04,2.2657142857142856,0.10106382978723404,-3.0,9.97972972972973,8.676470588235293,2.5109649122807016,-2.9204545454545454,-3.882142857142857,-0.13679245283018868,8.694444444444445,13.477678571428571
2024-03-05,0.7696629213483146,-0.010714285714285714,-2.6657303370786516,10.395833333333334,8.389705882352942,1.958695652173913,-2.011904761904762,-3.739130434782609,0.16105769230769232,8.694444444444445,14.324074074074074
2024-03-06,1.6377840909090908,-0.06607142857142857,-2.752808988764045,10.985714285714286,8.275735294117647,1.85,-1.6,-3.6433823529411766,0.08653846153846154,8.694444444444445,14.787735849056604
2024-03-07,0.5400552486187845,-0.6423611111111112,-1.7055555555555555,9.916666666666666,7.0661764705882355,1.088235294117647,-1.6,-3.5186567164179103,0.23349056603773585,8.694444444444445,12.382075471698114
2024-03-08,-0.22849462365591397,-0.11148648648648649,-1.9375,9.344594594594595,6.714285714285714,0.8647540983606558,-2.0595238095238093,-3.7753623188405796,0.0,8.694444444444445,11.74090909090909
2024-03-09,-0.13378378378378378,0.008503401360544218,-1.7637362637362637,9.344594594594595,6.714285714285714,1.0185950413223142,-2.0595238095238093,-3.5698529411764706,0.1658878504672897,8.694444444444445,12.287037037037036
2024-03-10,0.09836065573770492,0.23103448275862068,-1.6805555555555556,9.344594594594595,6.714285714285714,1.3067226890756303,-2.0595238095238093,-3.485074626865672,0.47619047619047616,8.694444444444445,12.952830188679245
2024-03-11,-0.10215053763440861,-0.24829931972789115,-1.9230769230769231,6.826388888888889,5.868055555555555,1.0979166666666667,-7.1625,-5.602941176470588,0.24764150943396226,8.694444444444445,10.617924528301886
2024-03-12,-1.3797297297297297,-0.5689655172413793,-1.7584269662921348,8.632352941176471,5.868055555555555,1.6853448275862069,-6.894736842105263,-5.593283582089552,0.43028846153846156,14.21875,11.552884615384615
2024-03-13,-2.118279569892473,-1.5154109589041096,-3.2805555555555554,8.632352941176471,4.184027777777778,0.48504273504273504,-6.894736842105263,-7.347014925373134,-0.8952380952380953,14.21875,10.933962264150944
2024-03-14,-2.1657608695652173,-1.86986301369863,-4.6194444444444445,8.632352941176471,2.1056338028169015,0.0405982905982906,-6.894736842105263,-7.347014925373134,-2.0428571428571427,14.21875,12.226415094339623
2024-03-15,-1.077127659574468,-1.1233333333333333,-4.736413043478261,9.085714285714285,2.081081081081081,-0.12815126050420167,-6.894736842105263,-7.423913043478261,-2.191588785046729,14.21875,14.045454545454545
2024-03-16,-1.077127659574468,-1.1233333333333333,-4.736413043478261,9.085714285714285,2.081081081081081,-0.12815126050420167,-6.894736842105263,-7.423913043478261,-2.191588785046729,14.21875,14.045454545454545
2024-03-17,-1.0254010695187166,-1.245,-4.934782608695652,9.085714285714285,1.8344594594594594,-0.06779661016949153,-6.894736842105263,-7.688405797101449,-2.3621495327102804,14.21875,14.045454545454545
2024-03-18,-1.9472972972972973,-1.2345890410958904,-4.844444444444444,8.984848484848484,2.078767123287671,-0.1934782608695652,-6.680555555555555,-7.694852941176471,-2.0576923076923075,14.21875,15.75925925925926
2024-03-19,-0.3557692307692308,-1.5085034013605443,-5.155555555555556,10.015625,2.3595890410958904,-0.25869565217391305,-6.680555555555555,-7.847014925373134,-2.326923076923077,14.21875,16.50943396226415
2024-03-20,-0.5,-1.0655172413793104,-5.158333333333333,9.378787878787879,1.9966216216216217,-0.2608695652173913,-6.907894736842105,-7.850746268656716,-2.329326923076923,14.21875,16.0
2024-03-21,-1.2950819672131149,-1.1310344827586207,-5.2444444444444445,9.325757575757576,1.8682432432432432,-0.5926724137931034,-6.907894736842105,-7.9664179104477615,-2.4038461538461537,14.21875,15.967592592592593
2024-03-22,-1.4946524064171123,-1.3859060402684564,-5.329670329670329,10.183823529411764,1.2275641025641026,-1.2584033613445378,-6.907894736842105,-8.040441176470589,-2.5047619047619047,14.21875,16.37727272727273
2024-03-23,-1.4946524064171123,-1.3859060402684564,-5.329670329670329,10.183823529411764,1.2275641025641026,-1.2584033613445378,-6.907894736842105,-8.040441176470589,-2.5047619047619047,14.21875,16.37727272727273
2024-03-24,-1.5372340425531914,-1.44,-5.375,10.183823529411764,1.2275641025641026,-1.3270833333333334,-6.907894736842105,-8.06159420289855,-2.5707547169811322,14.21875,16.37727272727273
2024-03-25,-1.718586387434555,-1.825657894736842,-5.508064516129032,10.183823529411764,0.703125,-1.863821138211382,-6.907894736842105,-8.2,-2.6580188679245285,14.21875,13.978813559322035
2024-03-26,-0.8955026455026455,-0.9917763157894737,-4.420212765957447,10.088235294117647,2.296875,-0.6741803278688525,-7.078947368421052,-6.756944444444445,-1.8773148148148149,14.21875,15.358333333333333
2024-03-27,-1.2367724867724867,-1.4161184210526316,-4.518421052631579,9.613636363636363,2.3734177215189876,-1.2028688524590163,-7.078947368421052,-6.852739726027397,-1.9862385321100917,14.21875,14.7
2024-03-28,-1.1400523560209423,-0.9787581699346405,-3.9742268041237114,10.21875,2.7222222222222223,-1.0901639344262295,-6.930555555555555,-6.086666666666667,-1.365909090909091,17.642857142857142,15.704166666666667
2024-03-29,-1.1400523560209423,-0.9787581699346405,-3.9742268041237114,10.21875,2.7222222222222223,-1.0901639344262295,-6.930555555555555,-6.086666666666667,-1.365909090909091,17.642857142857142,15.704166666666667
2024-03-30,-1.1400523560209423,-0.9787581699346405,-3.9742268041237114,10.21875,2.7222222222222223,-1.0901639344262295,-6.930555555555555,-6.086666666666667,-1.365909090909091,17.642857142857142,15.704166666666667
2024-03-31,-1.28125,-0.9787581699346405,-3.9742268041237114,10.21875,2.7222222222222223,-1.0901639344262295,-6.930555555555555,-6.086666666666667,-1.365909090909091,17.642857142857142,15.704166666666667
2024-04-01,-0.7971938775510204,-1.1455696202531647,-4.135,10.21875,1.5982142857142858,-0.7896825396825397,-6.930555555555555,-6.211538461538462,-1.5774336283185841,17.642857142857142,15.704166666666667
2024-04-02,-1.1351010101010102,-1.3522012578616351,-4.217821782178218,9.530303030303031,1.4323529411764706,-1.0511811023622046,-7.223684210526316,-6.291139240506329,-1.4601769911504425,17.642857142857142,15.925
2024-04-03,-2.2853535353535355,-2.1421875,-4.3504901960784315,6.703125,1.4323529411764706,-1.181640625,-7.223684210526316,-6.246835443037975,-1.6030701754385965,17.642857142857142,14.5
2024-04-04,-3.5653266331658293,-2.4316770186335406,-4.502427184466019,6.4609375,1.2470238095238095,-1.3410852713178294,-7.631578947368421,-6.41875,-1.9310344827586208,17.642857142857142,14.487068965517242
2024-04-05,-3.304726368159204,-2.5169753086419755,-4.615384615384615,6.4609375,1.2470238095238095,-1.4557692307692307,-7.631578947368421,-6.540123456790123,-2.0534188034188032,17.642857142857142,13.940677966101696
2024-04-06,-3.304726368159204,-2.5169753086419755,-4.615384615384615,6.4609375,1.2470238095238095,-1.4557692307692307,-7.631578947368421,-6.540123456790123,-2.0534188034188032,17.642857142857142,13.940677966101696
2024-04-07,-3.981060606060606,-2.28125,-4.478155339805825,6.4609375,1.2470238095238095,-1.321705426356589,-7.631578947368421,-6.3875,-1.9094827586206897,17.642857142857142,13.940677966101696
2024-04-08,-3.5229591836734695,-1.571875,-4.666666666666667,6.4609375,0.85,-0.19140625,-7.631578947368421,-6.3765432098765435,-2.3760504201680672,17.642857142857142,13.940677966101696
2024-04-09,-3.700507614213198,-2.15,-4.571428571428571,5.558333333333334,-0.13095238095238096,-0.9140625,-7.166666666666667,-6.253086419753086,-2.319327731092437,17.642857142857142,12.745689655172415
2024-04-10,-2.9987179487179487,-2.04375,-4.856132075471698,4.282258064516129,-0.7819767441860465,-1.186046511627907,-8.578947368421053,-6.262345679012346,-2.7458677685950414,17.642857142857142,11.953389830508474
2024-04-11,-2.969543147208122,-2.6703125,-4.709134615384615,4.282258064516129,-1.0,-1.197265625,-8.578947368421053,-6.259375,-2.7708333333333335,17.642857142857142,11.953389830508474
2024-04-12,-3.61875,-3.2377300613496933,-4.954761904761905,1.2421875,-2.4375,-1.4631782945736433,-8.578947368421053,-6.259375,-3.2663934426229506,17.642857142857142,9.454918032786885
2024-04-13,-3.61875,-3.2377300613496933,-4.954761904761905,1.2421875,-2.4375,-1.4631782945736433,-8.578947368421053,-6.259375,-3.2663934426229506,17.642857142857142,9.454918032786885
2024-04-14,-3.595959595959596,-3.2049689440993787,-4.884615384615385,1.2661290322580645,-2.4375,-1.3937007874015748,-8.578947368421053,-6.1835443037974684,-3.1921487603305785,17.642857142857142,9.604166666666666
2024-04-15,-3.332920792079208,-3.581288343558282,-5.0576923076923075,1.2661290322580645,-2.699438202247191,-1.8972868217054264,-8.578947368421053,-6.163461538461538,-3.596311475409836,17.642857142857142,9.604166666666666
2024-04-16,-2.955,-3.091463414634146,-4.057142857142857,1.2661290322580645,-2.797752808988764,-1.225,-8.578947368421053,-4.819620253164557,-2.5799180327868854,17.642857142857142,8.815573770491802
2024-04-17,-3.876923076923077,-4.140432098765432,-5.1119047619047615,0.8203125,-3.965909090909091,-1.58203125,-8.8,-4.947530864197531,-3.487704918032787,17.642857142857142,6.963114754098361
2024-04-18,-5.80050505050505,-4.317073170731708,-5.364485981308412,0.8203125,-4.129213483146067,-1.8442307692307693,-8.8,-5.27710843373494,-3.7318548387096775,17.642857142857142,6.963114754098361
2024-04-19,-4.998756218905473,-4.496969696969697,-5.62962962962963,0.8203125,-4.129213483146067,-2.0896946564885495,-8.8,-5.27710843373494,-3.974,17.642857142857142,6.30241935483871
2024-04-20,-4.998756218905473,-4.496969696969697,-5.62962962962963,0.8203125,-4.129213483146067,-2.0896946564885495,-8.8,-5.27710843373494,-3.974,17.642857142857142,6.30241935483871
2024-04-21,-4.9525,-4.4375,-5.549065420560748,1.3064516129032258,-4.129213483146067,-1.9961538461538462,-8.513157894736842,-5.1676829268292686,-3.8911290322580645,17.642857142857142,6.639344262295082
2024-04-22,-4.238916256157635,-3.933734939759036,-5.8931818181818185,1.3064516129032258,-4.299450549450549,-2.1030534351145036,-8.513157894736842,-5.626470588235295,-4.228346456692913,17.642857142857142,6.120967741935484
2024-04-23,-3.8223039215686274,-3.447289156626506,-4.747706422018348,1.3064516129032258,-3.412087912087912,-1.4866412213740459,-8.513157894736842,-4.136904761904762,-3.2242063492063493,17.642857142857142,6.545081967213115
2024-04-24,-4.080845771144278,-3.7837423312883436,-4.581018518518518,1.3064516129032258,-4.474719101123595,-1.869140625,-8.513157894736842,-2.8823529411764706,-3.068,17.642857142857142,6.545081967213115
2024-04-25,-5.1048780487804875,-4.7024539877300615,-4.7407407407407405,-1.9833333333333334,-4.668539325842697,-3.046511627906977,-8.513157894736842,-3.0959302325581395,-3.4384920634920637,3.9166666666666665,5.139830508474576
2024-04-26,-4.390625,-4.8629518072289155,-4.95,-2.185483870967742,-4.775,-3.2480916030534353,-8.513157894736842,-3.3948863636363638,-3.638671875,3.9166666666666665,4.916666666666667
2024-04-27,-4.390625,-4.8629518072289155,-4.95,-2.185483870967742,-4.775,-3.2480916030534353,-8.513157894736842,-3.3948863636363638,-3.638671875,3.9166666666666665,4.916666666666667
2024-04-28,-5.56280193236715,-4.560185185185185,-4.74537037037037,-1.7333333333333334,-4.379213483146067,-3.199612403100775,-8.11111111111111,-3.2528735632183907,-3.4424603174603177,7.85,5.266949152542373
2024-04-29,-6.300724637681159,-4.579819277108434,-5.711711711711712,-1.8225806451612903,-4.313888888888889,-3.9089147286821704,-7.921052631578948,-4.673076923076923,-4.304263565891473,7.85,5.104166666666667
2024-04-30,-6.543478260869565,-4.289156626506024,-4.631818181818182,-1.6083333333333334,-4.943820224719101,-2.966796875,-7.902777777777778,-3.4835164835164836,-3.365234375,7.85,6.908333333333333
2024-05-01,-6.4110576923076925,-4.443452380952381,-4.857142857142857,-1.6083333333333334,-4.832386363636363,-3.1865384615384613,-7.902777777777778,-3.3653846153846154,-3.578846153846154,7.85,6.908333333333333
2024-05-02,-6.620145631067961,-4.59375,-4.859375,-1.9516129032258065,-5.555555555555555,-3.463740458015267,-8.131578947368421,-3.6114130434782608,-3.580769230769231,7.85,6.941666666666666
2024-05-03,-7.013221153846154,-4.622781065088757,-4.900442477876106,-1.9516129032258065,-5.5989010989010985,-3.509469696969697,-8.131578947368421,-3.674731182795699,-3.6259541984732824,7.85,6.941666666666666
2024-05-04,-7.013221153846154,-4.622781065088757,-4.900442477876106,-1.9516129032258065,-5.5989010989010985,-3.509469696969697,-8.131578947368421,-3.674731182795699,-3.6259541984732824,7.85,6.941666666666666
2024-05-05,-7.354368932038835,-4.336826347305389,-4.770089285714286,-1.9516129032258065,-5.084269662921348,-3.25,-8.131578947368421,-3.674731182795699,-3.503846153846154,7.85,6.941666666666666
2024-05-06,-6.734146341463415,-4.482142857142857,-4.830357142857143,-2.59375,-5.048295454545454,-3.481060606060606,-8.85,-3.747311827956989,-3.5557692307692306,2.7916666666666665,6.0
2024-05-07,-6.130434782608695,-3.835294117647059,-4.6840909090909095,-0.9621212121212122,-4.1773255813953485,-3.0321969696969697,-8.85,-3.7418478260869565,-2.9864341085271318,2.7916666666666665,6.972222222222222
2024-05-08,-6.472222222222222,-4.126488095238095,-4.681192660550459,-0.9621212121212122,-4.1773255813953485,-3.093984962406015,-8.85,-3.6444444444444444,-2.970703125,2.7916666666666665,6.972222222222222
2024-05-09,-6.5829326923076925,-4.100591715976331,-4.573394495412844,-1.3257575757575757,-4.1773255813953485,-3.077651515151515,-8.407894736842104,-3.6648351648351647,-2.765748031496063,0.7916666666666666,6.496153846153846
2024-05-10,-6.4035714285714285,-4.230994152046784,-4.590909090909091,-1.3257575757575757,-4.4289772727272725,-3.1033834586466167,-8.407894736842104,-3.6956521739130435,-2.794921875,0.7916666666666666,6.496153846153846
2024-05-11,-6.4035714285714285,-4.230994152046784,-4.590909090909091,-1.3257575757575757,-4.4289772727272725,-3.1033834586466167,-8.407894736842104,-3.6956521739130435,-2.794921875,0.7916666666666666,6.496153846153846
2024-05-12,-6.2548076923076925,-4.09319526627219,-4.587155963302752,-0.53125,-4.4289772727272725,-2.9083969465648853,-8.407894736842104,-3.681318681318681,-2.77755905511811,0.7916666666666666,7.015625
2024-05-13,-5.299019607843137,-4.097058823529411,-4.588636363636364,-3.774193548387097,-5.617977528089888,-2.881679389312977,-8.407894736842104,-3.7115384615384617,-2.79296875,-19.05,5.5396825396825395
2024-05-14,-6.780048076923077,-3.401734104046243,-3.7411504424778763,-7.32258064516129,-4.855113636363637,-2.1809701492537314,-8.4875,-2.720744680851064,-1.9384615384615385,-17.541666666666668,3.7936507936507935
2024-05-15,-7.65311004784689,-3.5186781609195403,-3.6964285714285716,-7.275,-5.067415730337078,-2.3407407407407406,-8.473684210526315,-2.6559139784946235,-1.8692307692307693,-17.541666666666668,3.995967741935484
2024-05-16,-7.334558823529412,-3.434593023255814,-3.5681818181818183,-6.841666666666667,-4.913793103448276,-2.2667910447761193,-8.276315789473685,-2.478021978021978,-1.73046875,-17.541666666666668,4.205645161290323
2024-05-17,-6.814320388349515,-2.8635057471264367,-3.6036036036036037,-6.841666666666667,-3.721590909090909,-1.5533088235294117,-8.276315789473685,-2.532608695652174,-1.7751937984496124,-17.541666666666668,4.01984126984127
2024-05-18,-6.814320388349515,-2.8635057471264367,-3.6036036036036037,-6.841666666666667,-3.721590909090909,-1.5533088235294117,-8.276315789473685,-2.532608695652174,-1.7751937984496124,-17.541666666666668,4.01984126984127
2024-05-19,-6.795566502463054,-2.7338235294117648,-3.425233644859813,-6.696428571428571,-3.645348837209302,-1.406015037593985,-8.205882352941176,-2.2670454545454546,-1.564,-19.2,4.6875
2024-05-20,-6.669512195121952,-3.4064327485380117,-3.5252293577981653,-1.8303571428571428,-4.921511627906977,-0.7185185185185186,-8.205882352941176,-2.3916666666666666,-1.6791338582677164,0.6666666666666666,4.450819672131147
2024-05-21,-6.62192118226601,-3.334795321637427,-3.3171296296296298,-1.375,-4.747058823529412,-1.2857142857142858,-7.455882352941177,-2.3222222222222224,-1.5826771653543308,0.6666666666666666,3.0708333333333333
2024-05-22,-5.322303921568627,-2.6494252873563218,-3.4022727272727273,-5.232142857142857,-5.994047619047619,-1.5349264705882353,-7.486111111111111,-2.4456521739130435,-2.4765625,-0.5714285714285714,2.713709677419355
2024-05-23,-5.450721153846154,-2.992897727272727,-3.5067567567567566,-6.801724137931035,-6.529411764705882,-1.9891304347826086,-7.486111111111111,-2.5806451612903225,-2.5736434108527133,-0.5714285714285714,1.8650793650793651
2024-05-24,-5.398809523809524,-2.4110169491525424,-2.5825892857142856,-6.801724137931035,-5.290697674418604,-1.2553956834532374,-7.486111111111111,-1.4893617021276595,-1.7846153846153847,-0.5714285714285714,1.8650793650793651
2024-05-25,-5.398809523809524,-2.4110169491525424,-2.5825892857142856,-6.801724137931035,-5.290697674418604,-1.2553956834532374,-7.486111111111111,-1.4893617021276595,-1.7846153846153847,-0.5714285714285714,1.8650793650793651
2024-05-26,-5.753623188405797,-2.907142857142857,-3.375,-10.616071428571429,-6.529411764705882,-1.8722627737226278,-13.808823529411764,-1.2173913043478262,-2.453125,-0.5714285714285714,0.28225806451612906
2024-05-27,-5.646844660194175,-3.5057471264367814,-3.1875,-10.564814814814815,-7.768072289156627,-2.6861313868613137,-13.921875,-1.1126373626373627,-2.2777777777777777,-0.5714285714285714,0.2903225806451613
2024-05-28,-5.6414634146341465,-3.3858381502890174,-2.9622641509433962,-10.564814814814815,-7.277777777777778,-2.8568840579710146,-13.921875,-0.9833333333333333,-2.0705645161290325,-0.5714285714285714,-0.01984126984126984
2024-05-29,-6.5,-3.902941176470588,-1.6674757281553398,-10.365384615384615,-8.651898734177216,-2.291970802919708,-13.464285714285714,0.617816091954023,-1.0901639344262295,6.05,-0.9556451612903226
2024-05-30,-7.802184466019417,-4.578402366863905,-1.7718446601941749,-10.365384615384615,-10.044871794871796,-3.119485294117647,-13.464285714285714,0.7122093023255814,-2.010330578512397,6.05,-0.8483606557377049
2024-05-31,-7.18075117370892,-4.380813953488372,-1.9615384615384615,-10.365384615384615,-8.651898734177216,-2.906474820143885,-13.464285714285714,0.7122093023255814,-2.339430894308943,6.05,-0.4921875
2024-06-01,-7.18075117370892,-4.380813953488372,-1.9615384615384615,-10.365384615384615,-8.651898734177216,-2.906474820143885,-13.464285714285714,0.7122093023255814,-2.339430894308943,6.05,-0.4921875
2024-06-02,-7.587677725118484,-4.852941176470588,-1.912621359223301,-10.365384615384615,-9.76923076923077,-3.4708029197080292,-13.464285714285714,0.8029411764705883,-2.96900826446281,6.05,-0.4921875
2024-06-03,-5.938967136150235,-4.953488372093023,-2.2287735849056602,-9.298076923076923,-9.569620253164556,-3.341240875912409,-13.183333333333334,0.32954545454545453,-3.0528455284552845,6.05,-0.05859375
2024-06-04,-5.3584905660377355,-4.4393063583815024,-2.0785714285714287,-9.298076923076923,-9.461538461538462,-3.233455882352941,-13.183333333333334,0.32954545454545453,-2.0934959349593494,6.05,1.4807692307692308
2024-06-05,-6.391148325358851,-4.225,-2.9615384615384617,-8.57,-9.792207792207792,-3.712121212121212,-13.183333333333334,0.21067415730337077,-2.243801652892562,6.05,1.7461538461538462
2024-06-06,-6.063106796116505,-5.0461309523809526,-2.7769607843137254,-8.458333333333334,-10.164473684210526,-3.9656488549618323,-13.321428571428571,0.5,-2.2604166666666665,6.05,1.0846153846153845
2024-06-07,-6.525240384615385,-5.623529411764705,-2.8276699029126213,-9.17,-10.136363636363637,-4.719924812030075,-13.321428571428571,0.4034090909090909,-2.3078512396694215,0.6666666666666666,0.6704545454545454
2024-06-08,-6.525240384615385,-5.623529411764705,-2.8276699029126213,-9.17,-10.136363636363637,-4.719924812030075,-13.321428571428571,0.4034090909090909,-2.3078512396694215,0.6666666666666666,0.6704545454545454
2024-06-09,-6.9620098039215685,-5.904191616766467,-3.6386138613861387,-9.17,-9.773333333333333,-5.374045801526718,-13.321428571428571,0.9651162790697675,-2.9873949579831933,0.6666666666666666,1.0461538461538462
2024-06-10,-5.639162561576355,-5.456586826347305,-3.6386138613861387,-9.17,-9.773026315789474,-5.556390977443609,-13.321428571428571,0.9651162790697675,-2.9873949579831933,0.6666666666666666,1.21484375
2024-06-11,-4.689655172413793,-5.494011976047904,-3.3675,-9.17,-9.980263157894736,-5.365530303030303,-13.321428571428571,1.0755813953488371,-2.7521186440677967,0.6666666666666666,1.5714285714285714
2024-06-12,-5.13490099009901,-6.0406626506024095,-3.22,-9.17,-9.84,-6.057251908396947,-13.321428571428571,-0.15406976744186046,-2.6271186440677967,0.6666666666666666,-1.6557377049180328
2024-06-13,-5.805418719211823,-6.025602409638554,-3.2375,-6.15,-10.3125,-5.806818181818182,-13.321428571428571,-0.1744186046511628,-2.641949152542373,14.857142857142858,-2.091666666666667
2024-06-14,-5.469660194174757,-6.2336309523809526,-3.3613861386138613,-6.519230769230769,-10.386986301369863,-6.0335820895522385,-13.483333333333333,-0.35344827586206895,-2.7521008403361344,11.03125,-2.3155737704918034
2024-06-15,-5.371951219512195,-6.118263473053892,-3.14,-6.519230769230769,-10.177083333333334,-6.0335820895522385,-13.483333333333333,-0.061046511627906974,-2.559322033898305,11.03125,-2.3155737704918034
2024-06-16,-4.562807881773399,-6.118263473053892,-3.14,-6.519230769230769,-10.151408450704226,-6.0335820895522385,-13.483333333333333,-0.061046511627906974,-2.559322033898305,11.03125,-4.020833333333333
2024-06-17,-5.7155172413793105,-5.872727272727273,-2.8282828282828283,-6.555555555555555,-10.246428571428572,-5.840909090909091,-13.109375,0.0377906976744186,-2.430084745762712,11.03125,-4.077868852459017
2024-06-18,-4.893564356435643,-5.2,-2.835858585858586,-6.384615384615385,-10.039855072463768,-5.846590909090909,-13.25,0.029069767441860465,-2.4364406779661016,11.03125,-2.2581967213114753
2024-06-19,-4.564676616915423,-4.898484848484848,-2.62,-5.269230769230769,-9.664179104477611,-5.42175572519084,-13.25,0.38372093023255816,-2.258403361344538,11.03125,-1.9435483870967742
2024-06-20,-3.9425,-4.765432098765432,-2.5525,-7.02,-9.603174603174603,-4.926356589147287,-13.25,0.4622093023255814,-2.2016806722689077,11.03125,-2.6065573770491803
2024-06-21,-3.6262135922330097,-4.418674698795181,-2.75,-2.9038461538461537,-9.7109375,-4.488721804511278,-13.25,0.16477272727272727,-2.37396694214876,20.916666666666668,-0.9516129032258065
2024-06-22,-3.597560975609756,-4.387878787878788,-2.6831683168316833,-2.9038461538461537,-9.7109375,-4.450757575757576,-13.25,0.27586206896551724,-2.314583333333333,20.916666666666668,-0.9516129032258065
2024-06-23,-3.18407960199005,-4.052469135802469,-2.4974747474747474,-2.9038461538461537,-9.387096774193548,-3.99609375,-13.25,0.5617647058823529,-2.2058823529411766,20.916666666666668,0.29310344827586204
2024-06-24,-3.16,-3.8984375,-2.395408163265306,-2.9038461538461537,-9.209016393442623,-4.81496062992126,-13.25,0.7172619047619048,-1.9636752136752136,20.916666666666668,-1.456140350877193
2024-06-25,-3.650990099009901,-4.5015432098765435,-2.744949494949495,-4.258928571428571,-10.031746031746032,-5.558139534883721,-14.264705882352942,0.5863095238095238,-2.260593220338983,20.916666666666668,-1.9166666666666667
2024-06-26,-3.2575,-5.096625766871166,-3.6875,-4.7155172413793105,-11.123015873015873,-5.709615384615384,-14.444444444444445,-0.5617647058823529,-3.2354166666666666,20.916666666666668,-3.0219298245614037
2024-06-27,-3.4027093596059115,-3.971212121212121,-2.660891089108911,-4.7155172413793105,-8.080769230769231,-5.0896946564885495,-14.444444444444445,-0.5617647058823529,-2.3822314049586777,20.916666666666668,-3.0219298245614037
2024-06-28,-3.9190821256038646,-4.3586309523809526,-2.895631067961165,-4.7155172413793105,-8.080769230769231,-5.550373134328358,-14.444444444444445,-0.8879310344827587,-2.5833333333333335,20.916666666666668,-3.0219298245614037
2024-06-29,-3.8009708737864076,-4.3586309523809526,-2.895631067961165,-4.7155172413793105,-8.080769230769231,-5.550373134328358,-14.444444444444445,-0.8879310344827587,-2.5833333333333335,20.916666666666668,-3.0219298245614037
2024-06-30,-3.998762376237624,-4.364329268292683,-2.8217821782178216,-4.7155172413793105,-7.080645161290323,-6.0458015267175576,-14.444444444444445,-0.7529411764705882,-2.5165289256198347,20.916666666666668,-3.0219298245614037
2024-07-01,-3.8930348258706466,-4.341463414634147,-2.876237623762376,-4.4375,-7.491935483870968,-6.017175572519084,-14.558823529411764,-0.8176470588235294,-2.56198347107438,20.916666666666668,-2.8526785714285716
2024-07-02,-3.3131188118811883,-4.324695121951219,-2.849009900990099,-4.4375,-7.491935483870968,-5.9961832061068705,-14.558823529411764,-1.0232558139534884,-2.5392561983471076,20.916666666666668,-2.8526785714285716
2024-07-03,-2.75,-4.195121951219512,-2.821078431372549,-4.379310344827586,-7.361111111111111,-5.9375,-13.902777777777779,-1.0114942528735633,-2.3636363636363638,20.916666666666668,-2.9655172413793105
2024-07-04,-2.82125,-3.8833333333333333,-2.3349514563106797,-2.9833333333333334,-6.66015625,-5.537593984962406,-11.197368421052632,-0.9801136363636364,-1.9569672131147542,22.575,-2.0129310344827585
2024-07-05,-1.7190594059405941,-3.7575301204819276,-2.1490384615384617,-2.9833333333333334,-6.296153846153846,-5.369402985074627,-11.197368421052632,-0.9801136363636364,-1.8028455284552845,22.575,-1.6906779661016949
2024-07-06,-1.7190594059405941,-3.7575301204819276,-2.1490384615384617,-2.9833333333333334,-6.296153846153846,-5.369402985074627,-11.197368421052632,-0.9801136363636364,-1.8028455284552845,22.575,-1.6906779661016949
2024-07-07,-1.9502487562189055,-4.214939024390244,-1.9093137254901962,-2.9833333333333334,-5.88671875,-6.161654135338346,-11.197368421052632,-0.9281609195402298,-1.3375,22.575,-1.6906779661016949
2024-07-08,-1.5339195979899498,-3.5,-1.1274509803921569,-2.7265625,-4.384615384615385,-5.127862595419847,-11.075,-0.011494252873563218,-0.4852941176470588,18.068181818181817,-0.9041666666666667
2024-07-09,-2.03875,-3.098159509202454,-0.7524752475247525,-1.717741935483871,-3.29296875,-4.627862595419847,-9.868421052631579,0.04597701149425287,0.023504273504273504,18.068181818181817,-0.3432203389830508
2024-07-10,-2.4116915422885574,-2.724242424242424,-0.9951923076923077,-1.717741935483871,-3.7007575757575757,-4.526515151515151,-9.868421052631579,-0.1404494382022472,0.004201680672268907,18.068181818181817,-0.3432203389830508
2024-07-11,-2.5441176470588234,-2.5167682926829267,-0.8004807692307693,1.325,-1.9384615384615385,-4.662878787878788,-9.868421052631579,-0.25277777777777777,0.4766949152542373,18.068181818181817,1.6896551724137931
2024-07-12,-1.9745145631067962,-2.6787878787878787,-1.0714285714285714,1.325,-2.6641791044776117,-4.893656716417911,-9.868421052631579,-0.5489130434782609,0.226890756302521,18.068181818181817,1.6896551724137931
2024-07-13,-1.9745145631067962,-2.6787878787878787,-1.0714285714285714,1.325,-2.6641791044776117,-4.893656716417911,-9.868421052631579,-0.5489130434782609,0.226890756302521,18.068181818181817,1.6896551724137931
2024-07-14,-1.695,-2.2080745341614905,-0.7354368932038835,1.325,-2.3143939393939394,-4.378846153846154,-9.868421052631579,-0.4340659340659341,0.8469827586206896,18.068181818181817,1.6896551724137931
2024-07-15,-2.68407960199005,-2.4339622641509435,-1.7912621359223302,1.0,-1.7538461538461538,-4.957364341085271,-9.8125,-1.629120879120879,-0.09051724137931035,18.068181818181817,2.2025862068965516
2024-07-16,-2.4321608040201004,-2.5015822784810124,-1.7181372549019607,1.4666666666666666,-1.8901515151515151,-4.923828125,-9.644736842105264,-1.5444444444444445,-0.010869565217391304,18.068181818181817,2.469298245614035
2024-07-17,-1.7777777777777777,-2.6320754716981134,-0.37623762376237624,1.4666666666666666,-1.6346153846153846,-3.8818897637795278,-9.644736842105264,-1.15625,1.1929824561403508,18.068181818181817,2.469298245614035
2024-07-18,-3.587121212121212,-2.6132075471698113,-0.04,1.4666666666666666,-1.6346153846153846,-3.858267716535433,-9.644736842105264,-1.15625,1.219298245614035,18.068181818181817,2.5219298245614037
2024-07-19,-2.5733830845771144,-1.7546583850931676,0.9504950495049505,1.4666666666666666,-1.6346153846153846,-2.7674418604651163,-9.644736842105264,-0.019662921348314606,2.0782608695652174,18.068181818181817,2.5219298245614037
2024-07-20,-2.5733830845771144,-1.7546583850931676,0.9504950495049505,1.4666666666666666,-1.6346153846153846,-2.7674418604651163,-9.644736842105264,-0.019662921348314606,2.0782608695652174,18.068181818181817,2.5219298245614037
2024-07-21,-3.0982142857142856,-2.0605095541401273,1.672680412371134,1.4666666666666666,-1.3095238095238095,-2.4384920634920637,-9.644736842105264,0.7588235294117647,2.75,18.068181818181817,3.0223214285714284
2024-07-22,-3.6941624365482233,-2.3180379746835444,1.672680412371134,1.4666666666666666,-0.5241935483870968,-2.058,-9.644736842105264,0.7588235294117647,2.3861607142857144,18.068181818181817,4.723684210526316
2024-07-23,-3.6931818181818183,-3.1028481012658227,0.3943298969072165,1.4666666666666666,-0.7896825396825397,-3.05,-9.644736842105264,-0.7,1.2790178571428572,18.068181818181817,4.723684210526316
2024-07-24,-3.7474874371859297,-3.5760869565217392,0.0025252525252525255,0.1532258064516129,-0.7103174603174603,-3.646484375,-9.644736842105264,-0.9447674418604651,1.2190265486725664,18.068181818181817,3.6228813559322033
2024-07-25,-6.09875,-2.919753086419753,0.33762886597938147,3.6451612903225805,-1.4880952380952381,-2.306201550387597,-9.644736842105264,-0.5803571428571429,2.4129464285714284,18.068181818181817,7.033333333333333
2024-07-26,-6.190298507462686,-2.919753086419753,0.33762886597938147,3.6451612903225805,-1.4880952380952381,-2.306201550387597,-9.644736842105264,-0.5803571428571429,2.4129464285714284,18.068181818181817,7.033333333333333
2024-07-27,-6.190298507462686,-2.919753086419753,0.33762886597938147,3.6451612903225805,-1.4880952380952381,-2.306201550387597,-9.644736842105264,-0.5803571428571429,2.4129464285714284,18.068181818181817,7.033333333333333
2024-07-28,-6.016414141414141,-3.40224358974359,0.8152173913043478,3.9166666666666665,-2.908333333333333,-2.2460629921259843,-9.930555555555555,-0.08227848101265822,2.9205607476635516,18.068181818181817,7.228813559322034
2024-07-29,-6.375,-3.3117088607594938,-0.9973404255319149,3.443548387096774,-0.14754098360655737,-3.5193798449612403,-9.973684210526315,-1.771875,1.3188073394495412,15.666666666666666,5.351694915254237
2024-07-30,-5.82286432160804,-3.25,-0.842391304347826,3.443548387096774,-0.14754098360655737,-3.4468503937007875,-9.973684210526315,-1.7436708860759493,1.4953271028037383,15.666666666666666,4.7125
2024-07-31,-6.164572864321608,-1.732258064516129,0.7694444444444445,7.064516129032258,2.2083333333333335,-1.13,-9.847222222222221,0.11688311688311688,2.9214285714285713,15.666666666666666,8.114754098360656
2024-08-01,-5.566502463054187,-1.875,1.184782608695652,5.9765625,2.406779661016949,-1.3203125,-10.789473684210526,1.1634615384615385,2.798611111111111,15.666666666666666,7.536290322580645
2024-08-02,-6.029411764705882,-1.875,1.184782608695652,5.9765625,2.406779661016949,-1.3203125,-10.789473684210526,1.1634615384615385,2.798611111111111,15.666666666666666,7.536290322580645
2024-08-03,-6.029411764705882,-1.875,1.184782608695652,5.9765625,2.406779661016949,-1.3203125,-10.789473684210526,1.1634615384615385,2.798611111111111,15.666666666666666,7.536290322580645
2024-08-04,-8.018203883495145,-1.982371794871795,1.4972222222222222,6.895161290322581,1.3541666666666667,-1.4586614173228347,-10.13888888888889,1.5328947368421053,3.0943396226415096,19.136363636363637,7.39344262295082
2024-08-05,-8.283980582524272,-2.3333333333333335,2.638888888888889,6.5,1.8024193548387097,-1.889763779527559,-4.342105263157895,1.59,3.6142857142857143,13.0,6.149193548387097
2024-08-06,-7.658653846153846,-0.9729299363057324,3.875,6.5,3.361111111111111,-0.224609375,-4.342105263157895,2.8848684210526314,5.57311320754717,13.0,7.638888888888889
2024-08-07,-7.536904761904762,-2.356012658227848,2.160326086956522,4.34375,1.7734375,-1.1923076923076923,-4.342105263157895,0.8878205128205128,4.081018518518518,16.84090909090909,6.840163934426229
2024-08-08,-7.989336492890995,-1.5398089171974523,3.317934782608696,4.34375,2.3225806451612905,-0.3730769230769231,-4.342105263157895,0.9837662337662337,5.06712962962963,16.84090909090909,6.840163934426229
2024-08-09,-8.64906103286385,-1.5398089171974523,3.317934782608696,4.34375,2.3225806451612905,-0.3730769230769231,-4.342105263157895,0.9837662337662337,5.06712962962963,16.84090909090909,6.840163934426229
2024-08-10,-8.64906103286385,-1.5398089171974523,3.317934782608696,4.34375,2.3225806451612905,-0.3730769230769231,-4.342105263157895,0.9837662337662337,5.06712962962963,16.84090909090909,6.840163934426229
2024-08-11,-8.570754716981131,-1.448051948051948,3.640449438202247,4.34375,2.5708333333333333,-0.296875,-4.342105263157895,1.2333333333333334,5.390476190476191,16.84090909090909,6.840163934426229
2024-08-12,-7.9014423076923075,-2.119205298013245,3.4573863636363638,3.4765625,2.957627118644068,-1.4424603174603174,-5.802631578947368,0.14583333333333334,3.8653846153846154,19.525,6.385245901639344
2024-08-13,-7.211538461538462,-1.4046052631578947,4.156593406593407,2.5073529411764706,3.6315789473684212,-0.59251968503937,-6.488095238095238,1.1266666666666667,4.488207547169812,19.525,5.76984126984127
2024-08-14,-6.985714285714286,-1.172077922077922,4.1401098901098905,5.757352941176471,2.439655172413793,-0.32751937984496127,-6.2875,1.1066666666666667,4.474056603773585,26.84090909090909,7.523809523809524
2024-08-15,-7.0059241706161135,-1.1903225806451614,5.040760869565218,5.007142857142857,0.7280701754385965,-0.3557692307692308,-6.964285714285714,2.236842105263158,5.2453271028037385,22.895833333333332,7.317460317460317
2024-08-16,-6.747674418604651,-0.9745222929936306,5.2686170212765955,5.007142857142857,0.7280701754385965,0.07251908396946564,-6.964285714285714,2.236842105263158,5.4380733944954125,22.895833333333332,7.317460317460317
2024-08-17,-6.747674418604651,-0.9745222929936306,5.2686170212765955,5.007142857142857,0.7280701754385965,0.07251908396946564,-6.964285714285714,2.236842105263158,5.4380733944954125,22.895833333333332,7.317460317460317
2024-08-18,-7.0129716981132075,-1.4444444444444444,5.793956043956044,2.213235294117647,1.190909090909091,-0.517578125,-6.964285714285714,2.510135135135135,4.997619047619048,15.886363636363637,6.416666666666667
2024-08-19,-7.203791469194313,-2.3782894736842106,5.936111111111111,2.492424242424242,-1.2136363636363636,-0.9341085271317829,-6.9625,2.6404109589041096,4.6119047619047615,15.886363636363637,6.6440677966101696
2024-08-20,-6.663875598086125,-2.585,6.252840909090909,5.765151515151516,-1.2136363636363636,-0.6567460317460317,-6.907894736842105,2.9401408450704225,4.856796116504855,25.704545454545453,7.157894736842105
2024-08-21,-6.323170731707317,-0.9916666666666667,7.519886363636363,9.628787878787879,-0.11320754716981132,0.636,-6.907894736842105,4.51056338028169,5.939320388349515,25.704545454545453,9.394736842105264
2024-08-22,-7.200721153846154,-1.356907894736842,7.199438202247191,8.272058823529411,-2.0384615384615383,-0.7066929133858267,-6.907894736842105,4.51056338028169,5.680288461538462,25.704545454545453,8.101694915254237
2024-08-23,-6.558333333333334,-0.6944444444444444,8.230555555555556,8.272058823529411,-2.0384615384615383,0.080078125,-6.907894736842105,5.836805555555555,6.578571428571428,25.704545454545453,9.633333333333333
2024-08-24,-6.558333333333334,-0.6944444444444444,8.230555555555556,8.272058823529411,-2.0384615384615383,0.080078125,-6.907894736842105,5.836805555555555,6.578571428571428,25.704545454545453,9.633333333333333
2024-08-25,-6.534688995215311,-0.6233552631578947,8.452247191011235,8.272058823529411,-2.0384615384615383,0.17125984251968504,-6.907894736842105,6.080985915492958,6.752403846153846,25.704545454545453,9.991525423728813
2024-08-26,-5.144927536231884,-0.34,8.452247191011235,8.272058823529411,-2.0384615384615383,0.524,-6.907894736842105,6.080985915492958,6.752403846153846,25.704545454545453,10.495689655172415
2024-08-27,-5.202439024390244,-0.045,7.411931818181818,9.083333333333334,-0.46078431372549017,-0.594,-6.907894736842105,4.739285714285714,5.75,25.704545454545453,12.153508771929825
2024-08-28,-5.096813725490196,-0.14,7.4914772727272725,9.083333333333334,-1.2836538461538463,-0.708,-6.907894736842105,4.514084507042254,5.611650485436893,25.704545454545453,12.153508771929825
2024-08-29,-5.608208955223881,-0.8842281879194631,7.824712643678161,7.3088235294117645,-3.9615384615384617,-1.6068548387096775,-6.907894736842105,4.514084507042254,5.6004901960784315,25.704545454545453,11.295454545454545
2024-08-30,-5.355392156862745,-0.7091503267973857,7.736263736263736,7.885135135135135,-4.87962962962963,-0.794,-8.952380952380953,5.486301369863014,5.6084905660377355,31.895833333333332,11.456896551724139
2024-08-31,-5.355392156862745,-0.7091503267973857,7.736263736263736,7.885135135135135,-4.87962962962963,-0.794,-8.952380952380953,5.486301369863014,5.6084905660377355,31.895833333333332,11.456896551724139
2024-09-01,-6.596733668341709,0.030201342281879196,8.269662921348315,8.36111111111111,-4.107843137254902,-0.25203252032520324,-8.9375,6.091549295774648,6.024038461538462,31.895833333333332,11.820175438596491
2024-09-02,-7.255,-0.6577181208053692,7.686813186813187,8.36111111111111,-4.107843137254902,-0.54,-8.9375,5.424657534246576,4.666666666666667,31.895833333333332,10.245535714285714
2024-09-03,-7.88681592039801,-1.5251677852348993,6.827956989247312,8.36111111111111,-4.7548076923076925,-0.7678571428571429,-8.9375,4.42,3.0707547169811322,31.895833333333332,8.780172413793103
2024-09-04,-6.915841584158416,-0.9266666666666666,7.55,8.36111111111111,-4.889423076923077,-0.06692913385826772,-8.9375,5.373376623376624,3.5625,31.895833333333332,10.607758620689655
2024-09-05,-6.732843137254902,-0.08443708609271523,7.313157894736842,9.35,-2.8125,1.3326771653543308,-8.9375,5.5493421052631575,3.3541666666666665,37.18181818181818,11.25438596491228
2024-09-06,-6.966507177033493,0.37254901960784315,6.921875,9.35,-1.4166666666666667,1.8527131782945736,-8.9375,5.084415584415584,3.9272727272727272,37.18181818181818,10.538793103448276
2024-09-07,-6.966507177033493,0.37254901960784315,6.921875,9.35,-1.4166666666666667,1.8527131782945736,-8.9375,5.084415584415584,3.9272727272727272,37.18181818181818,10.538793103448276
2024-09-08,-7.152644230769231,0.23519736842105263,7.097368421052631,9.35,-2.2777777777777777,1.701171875,-8.9375,5.279605263157895,3.5045454545454544,37.18181818181818,10.538793103448276
2024-09-09,-8.41425120772947,-0.12748344370860928,7.257978723404255,9.35,-3.4444444444444446,0.982421875,-8.9375,5.456666666666667,3.610091743119266,37.18181818181818,10.538793103448276
2024-09-10,-6.636255924170616,2.50974025974026,7.9868421052631575,9.35,0.25,2.5697674418604652,-8.9375,6.391447368421052,4.2727272727272725,37.18181818181818,12.055084745762711
2024-09-11,-8.182464454976303,1.0608552631578947,8.061170212765957,6.6838235294117645,0.25,1.611328125,-8.9375,6.463333333333333,4.302752293577981,30.9,10.538793103448276
2024-09-12,-7.198356807511737,2.5866013071895426,8.095744680851064,7.363636363636363,3.7456896551724137,3.377906976744186,-8.578947368421053,6.506666666666667,4.33256880733945,36.083333333333336,11.0
2024-09-13,-6.565366972477064,3.2436305732484074,7.53125,7.363636363636363,4.875,3.1875,-8.578947368421053,5.8441558441558445,4.082589285714286,36.083333333333336,9.983050847457626
2024-09-14,-6.565366972477064,3.2436305732484074,7.53125,7.363636363636363,4.875,3.1875,-8.578947368421053,5.8441558441558445,4.082589285714286,36.083333333333336,9.983050847457626
2024-09-15,-6.408139534883721,3.4548387096774196,7.689473684210526,7.828125,4.875,3.269083969465649,-8.63888888888889,6.019736842105263,4.3954545454545455,36.083333333333336,10.28448275862069
2024-09-16,-6.716743119266055,2.613782051282051,7.442708333333333,7.0227272727272725,4.875,3.1231060606060606,-9.171052631578947,5.733766233766234,4.211711711711712,30.6,8.237068965517242
2024-09-17,-6.635746606334842,2.2740384615384617,7.3578947368421055,7.3046875,4.875,2.612781954887218,-9.171052631578947,5.37987012987013,4.109090909090909,30.6,8.429824561403509
2024-09-18,-8.028153153153154,0.8286163522012578,7.067708333333333,5.909090909090909,4.875,2.612781954887218,-9.171052631578947,5.37987012987013,3.8873873873873874,30.6,5.7923728813559325
2024-09-19,-8.784246575342467,1.2387820512820513,8.460526315789474,2.96875,6.754032258064516,3.146153846153846,-9.171052631578947,7.098684210526316,5.0613636363636365,22.88888888888889,4.168103448275862
2024-09-20,-8.450226244343892,0.9522292993630573,8.460526315789474,2.96875,5.9523809523809526,2.7881679389312977,-9.171052631578947,7.098684210526316,4.621621621621622,22.88888888888889,4.168103448275862
2024-09-21,-8.450226244343892,0.9522292993630573,8.460526315789474,2.96875,5.9523809523809526,2.7881679389312977,-9.171052631578947,7.098684210526316,4.621621621621622,22.88888888888889,4.168103448275862
2024-09-22,-8.871004566210045,0.3173076923076923,7.486702127659575,3.467741935483871,4.435483870967742,2.9057692307692307,-8.98611111111111,5.86,3.7545454545454544,22.88888888888889,4.4605263157894735
2024-09-23,-8.041666666666666,0.9274193548387096,8.154891304347826,4.209677419354839,5.023809523809524,3.6589147286821704,-7.375,6.216216216216216,3.9541284403669725,22.88888888888889,4.642241379310345
2024-09-24,-7.076834862385321,1.6136363636363635,9.241477272727273,8.0,6.959677419354839,4.552734375,-6.7,7.4714285714285715,4.57311320754717,22.88888888888889,6.443965517241379
2024-09-25,-6.585253456221198,1.130718954248366,7.764044943820225,10.875,5.836065573770492,3.75968992248062,-6.7,6.954861111111111,3.3878504672897196,22.88888888888889,8.029661016949152
2024-09-26,-6.2827102803738315,1.4172185430463575,8.281609195402298,10.875,5.161290322580645,4.4603174603174605,-6.7,7.575,3.7333333333333334,22.88888888888889,8.029661016949152
2024-09-27,-6.4467592592592595,1.0849673202614378,7.556179775280899,10.875,4.25,4.015625,-6.7,7.158450704225352,3.2149532710280373,22.88888888888889,7.529166666666667
2024-09-28,-6.408139534883721,1.1891447368421053,7.809659090909091,10.875,4.25,4.163385826771654,-6.7,7.4714285714285715,3.384433962264151,22.88888888888889,7.529166666666667
2024-09-29,-6.144366197183099,1.5783333333333334,8.10632183908046,10.875,4.920634920634921,4.678,-6.7,7.840579710144928,3.5880952380952382,22.88888888888889,7.529166666666667
2024-09-30,-6.2959905660377355,1.4848993288590604,8.591176470588236,10.875,4.2109375,4.590725806451613,-6.7,8.447761194029852,3.900485436893204,22.88888888888889,6.741803278688525
2024-10-01,-5.183962264150943,1.5268456375838926,8.873493975903614,12.341666666666667,4.198412698412699,5.745901639344262,-6.019230769230769,9.33984375,4.03960396039604,22.88888888888889,6.844262295081967
2024-10-02,-4.962264150943396,1.0083892617449663,7.942771084337349,10.358333333333333,3.253968253968254,5.355371900826446,-10.596153846153847,8.84375,3.2747524752475248,16.27777777777778,5.868852459016393
2024-10-03,-6.079439252336448,0.4205298013245033,7.232142857142857,10.358333333333333,2.642857142857143,4.887295081967213,-10.596153846153847,8.049242424242424,2.3689320388349513,16.27777777777778,5.683333333333334
2024-10-04,-5.6782407407407405,0.795751633986928,7.741279069767442,9.169354838709678,3.457692307692308,4.508130081300813,-11.732142857142858,8.049242424242424,2.8785714285714286,16.27777777777778,4.399193548387097
2024-10-05,-5.6782407407407405,0.795751633986928,7.741279069767442,9.169354838709678,3.457692307692308,4.508130081300813,-11.732142857142858,8.049242424242424,2.8785714285714286,16.27777777777778,4.399193548387097
2024-10-06,-5.921361502347418,0.48509933774834435,6.964705882352941,9.724137931034482,2.7976190476190474,3.9262295081967213,-11.961538461538462,7.038461538461538,2.1971153846153846,21.6875,4.508333333333334
2024-10-07,-5.183962264150943,0.9283333333333333,8.244117647058824,9.724137931034482,3.7063492063492065,4.85625,-11.961538461538462,8.711538461538462,3.2427884615384617,21.6875,6.073770491803279
2024-10-08,-4.5,1.3427152317880795,8.298850574712644,9.724137931034482,4.870833333333334,5.159836065573771,-11.961538461538462,9.719696969696969,3.3820754716981134,21.6875,6.073770491803279
2024-10-09,-3.289855072463768,2.4433333333333334,8.281609195402298,12.733333333333333,4.845833333333333,5.502049180327869,-11.961538461538462,9.696969696969697,3.3679245283018866,21.6875,7.881147540983607
2024-10-10,-3.088516746411483,3.552287581699346,9.767241379310345,15.548387096774194,7.579166666666667,6.929435483870968,-3.9642857142857144,11.811538461538461,4.651869158878505,30.38888888888889,9.40079365079365
2024-10-11,-2.483490566037736,4.040322580645161,9.123595505617978,14.421875,8.669354838709678,6.51984126984127,-5.066666666666666,11.371212121212121,4.220183486238532,30.38888888888889,8.93359375
2024-10-12,-2.483490566037736,4.040322580645161,9.123595505617978,14.421875,8.669354838709678,6.51984126984127,-5.066666666666666,11.371212121212121,4.220183486238532,30.38888888888889,8.93359375
2024-10-13,-2.09688995215311,4.123376623376624,9.326704545454545,15.169354838709678,8.669354838709678,6.642,-4.803571428571429,11.680769230769231,4.340277777777778,30.38888888888889,9.214285714285714
2024-10-14,-1.9812206572769953,4.408227848101266,8.403846153846153,13.9296875,9.157692307692308,7.021484375,-6.116666666666666,10.861940298507463,3.7184684684684686,24.9,8.28076923076923
2024-10-15,-2.3848837209302327,4.85126582278481,7.153846153846154,13.9296875,9.23134328358209,6.217307692307692,-6.116666666666666,10.5,2.6936936936936937,24.9,8.28076923076923
2024-10-16,-0.5046296296296297,6.273584905660377,8.16304347826087,13.9296875,11.86231884057971,7.933206106870229,-6.116666666666666,11.797101449275363,3.873873873873874,24.9,11.655303030303031
2024-10-17,-0.5897727272727272,5.321428571428571,6.594086021505376,11.386363636363637,9.871527777777779,6.629770992366412,-6.116666666666666,10.177536231884059,2.609375,24.9,10.436567164179104
2024-10-18,0.06334841628959276,5.074074074074074,6.154255319148936,11.386363636363637,9.871527777777779,6.316287878787879,-6.116666666666666,10.177536231884059,2.2787610619469025,24.9,10.436567164179104
2024-10-19,0.06334841628959276,5.074074074074074,6.154255319148936,11.386363636363637,9.871527777777779,6.316287878787879,-6.116666666666666,10.177536231884059,2.2787610619469025,24.9,10.436567164179104
2024-10-20,0.38940092165898615,5.1242138364779874,5.145161290322581,11.386363636363637,8.602112676056338,5.601145038167939,-6.116666666666666,8.856617647058824,1.7612612612612613,24.9,9.079545454545455
2024-10-21,1.1534883720930234,5.833333333333333,5.6291208791208796,11.386363636363637,10.253521126760564,6.461832061068702,-6.116666666666666,9.636363636363637,1.893181818181818,24.9,9.079545454545455
2024-10-22,1.9229857819905214,6.265923566878981,5.8805555555555555,12.96875,9.465277777777779,7.588582677165355,-6.116666666666666,10.609375,2.06651376146789,24.9,10.23046875
2024-10-23,2.410377358490566,7.123397435897436,5.700549450549451,12.96875,10.58445945945946,7.273809523809524,-6.116666666666666,10.284615384615385,1.0527522935779816,24.9,8.805555555555555
2024-10-24,2.325117370892019,6.949044585987261,5.418478260869565,12.96875,10.58445945945946,7.057086614173229,-6.116666666666666,9.821969696969697,0.8590909090909091,24.9,8.805555555555555
2024-10-25,2.1347926267281108,7.128125,5.201612903225806,15.606060606060606,11.427631578947368,7.445736434108527,-6.116666666666666,9.455223880597014,0.7184684684684685,24.9,10.23046875
2024-10-26,2.1347926267281108,7.128125,5.201612903225806,15.606060606060606,11.427631578947368,7.445736434108527,-6.116666666666666,9.455223880597014,0.7184684684684685,24.9,10.23046875
2024-10-27,2.9398584905660377,7.110576923076923,5.925824175824176,16.4296875,10.213333333333333,8.168650793650794,-5.785714285714286,9.931818181818182,1.2408256880733946,28.86111111111111,10.19140625
2024-10-28,3.0292056074766354,7.965189873417722,6.577127659574468,16.4296875,12.045454545454545,8.001968503937007,-5.785714285714286,11.099264705882353,1.9129464285714286,28.86111111111111,11.66796875
2024-10-29,3.7758215962441315,7.2405063291139244,5.247340425531915,13.733870967741936,11.705128205128204,6.591796875,-5.785714285714286,9.772388059701493,1.674778761061947,28.86111111111111,8.818548387096774
2024-10-30,3.4845238095238096,7.5,4.828804347826087,15.116666666666667,11.319620253164556,6.898,-4.096153846153846,8.541666666666666,1.6772727272727272,28.86111111111111,9.418032786885245
2024-10-31,3.463443396226415,6.930379746835443,4.502659574468085,15.116666666666667,10.354938271604938,6.624015748031496,-4.096153846153846,7.981617647058823,1.4598214285714286,28.86111111111111,8.516129032258064
2024-11-01,4.296728971962617,6.684375,4.143229166666667,15.116666666666667,10.354938271604938,6.323643410852713,-4.096153846153846,7.389285714285714,1.2105263157894737,28.86111111111111,8.516129032258064
2024-11-02,5.576190476190476,7.1084905660377355,4.143229166666667,15.116666666666667,11.24375,6.84765625,-4.096153846153846,7.389285714285714,1.2105263157894737,28.86111111111111,9.651639344262295
2024-11-03,5.872572815533981,7.541935483870968,3.324468085106383,14.571428571428571,11.14102564102564,7.381048387096774,-12.770833333333334,7.7101449275362315,0.47098214285714285,39.28125,10.564655172413794
2024-11-04,4.685679611650485,5.593949044585988,1.8657894736842104,14.571428571428571,8.373456790123457,5.483870967741935,-12.770833333333334,5.667857142857143,-1.6294642857142858,39.28125,7.0625
2024-11-05,4.922330097087379,8.139423076923077,3.379032258064516,20.089285714285715,10.280864197530864,7.099593495934959,-12.770833333333334,7.849264705882353,-0.4594594594594595,39.28125,9.6375
2024-11-06,4.230676328502415,7.5359375,1.9623655913978495,20.089285714285715,11.375,6.786290322580645,-12.770833333333334,7.849264705882353,-0.7388392857142857,39.28125,11.118852459016393
2024-11-07,5.496359223300971,8.110248447204969,3.00531914893617,20.089285714285715,12.44277108433735,7.532,-12.770833333333334,9.184782608695652,0.15265486725663716,39.28125,11.118852459016393
2024-11-08,4.872037914691943,7.960365853658536,3.0260416666666665,20.5,12.967261904761905,7.0703125,-12.770833333333334,8.878571428571428,0.21956521739130436,39.28125,11.079365079365079
2024-11-09,4.872037914691943,7.960365853658536,3.0260416666666665,20.5,12.967261904761905,7.0703125,-12.770833333333334,8.878571428571428,0.21956521739130436,39.28125,11.079365079365079
2024-11-10,4.684523809523809,8.564814814814815,2.4281914893617023,22.580357142857142,12.967261904761905,7.833333333333333,-10.5,8.878571428571428,0.9491150442477876,39.28125,11.866935483870968
2024-11-11,3.7476415094339623,7.696319018404908,1.0026315789473683,23.77777777777778,12.255813953488373,6.928571428571429,-10.575,7.590579710144928,-0.22587719298245615,39.28125,12.221311475409836
2024-11-12,3.7618483412322274,7.0920245398773005,0.71875,20.846153846153847,12.201149425287356,6.43,-10.575,7.568840579710145,-0.45217391304347826,30.607142857142858,9.721774193548388
2024-11-13,4.155952380952381,7.251552795031056,0.9421052631578948,22.5,13.198863636363637,6.628048780487805,-9.472222222222221,6.608208955223881,-0.27631578947368424,39.125,11.665322580645162
2024-11-14,3.1339712918660285,6.4907407407407405,0.2736842105263158,19.615384615384617,11.835164835164836,5.528225806451613,-9.472222222222221,6.356617647058823,-0.8333333333333334,39.125,10.646825396825397
2024-11-15,1.8419811320754718,5.952743902439025,-0.5077319587628866,19.615384615384617,10.771505376344086,4.843253968253968,-9.472222222222221,6.356617647058823,-1.4676724137931034,39.125,10.646825396825397
2024-11-16,1.9632701421800949,5.952743902439025,-0.5077319587628866,19.615384615384617,10.771505376344086,4.843253968253968,-9.472222222222221,6.356617647058823,-1.4676724137931034,39.125,10.646825396825397
2024-11-17,2.261904761904762,6.404320987654321,-0.5077319587628866,19.615384615384617,11.23913043478261,5.415322580645161,-9.472222222222221,6.356617647058823,-0.956140350877193,39.125,10.646825396825397
2024-11-18,1.7,6.4753086419753085,0.5178571428571429,16.4,11.23913043478261,4.952,-9.472222222222221,7.713768115942029,-0.0782608695652174,26.95,9.205645161290322
2024-11-19,1.3325471698113207,5.464506172839506,0.654639175257732,13.885416666666666,11.47340425531915,4.222222222222222,-9.472222222222221,8.014705882352942,0.03289473684210526,26.95,9.580645161290322
2024-11-20,3.609004739336493,5.1578125,-0.34375,16.07608695652174,11.47340425531915,4.707661290322581,-9.472222222222221,6.286764705882353,-0.8207964601769911,26.95,10.858333333333333
2024-11-21,2.7207943925233646,3.2347560975609757,-2.3005050505050506,16.07608695652174,10.856770833333334,3.3551587301587302,-9.472222222222221,4.2101449275362315,-2.478448275862069,26.95,9.347457627118644
2024-11-22,3.1313953488372093,2.825301204819277,-2.863861386138614,16.07608695652174,10.438144329896907,3.094488188976378,-9.472222222222221,4.2101449275362315,-2.957627118644068,26.95,9.347457627118644
2024-11-23,3.1313953488372093,2.825301204819277,-2.863861386138614,16.07608695652174,10.438144329896907,3.094488188976378,-9.472222222222221,4.2101449275362315,-2.957627118644068,26.95,9.347457627118644
2024-11-24,2.1121495327102804,2.825301204819277,-2.863861386138614,16.07608695652174,10.438144329896907,3.094488188976378,-9.472222222222221,4.2101449275362315,-2.957627118644068,26.95,9.347457627118644
2024-11-25,2.8564814814814814,3.7966867469879517,-2.889705882352941,15.177083333333334,11.762886597938145,4.3641732283464565,-9.075,4.071428571428571,-1.8991596638655461,26.95,9.1
2024-11-26,3.811627906976744,3.61144578313253,-2.230769230769231,18.57,11.589285714285714,4.609126984126984,0.8409090909090909,3.9392857142857145,-1.0,26.95,10.088709677419354
2024-11-27,3.3539719626168223,4.787878787878788,-1.2571428571428571,21.479166666666668,12.11340206185567,5.413306451612903,0.8409090909090909,3.9392857142857145,0.2604166666666667,26.95,10.423387096774194
2024-11-28,2.991822429906542,4.567484662576687,-1.5857843137254901,22.488095238095237,12.770833333333334,4.392,7.333333333333333,2.7427536231884058,-0.12076271186440678,8.6875,10.220338983050848
2024-11-29,2.0381944444444446,4.274242424242424,-1.6771844660194175,22.488095238095237,12.10969387755102,4.0137795275590555,7.333333333333333,2.5464285714285713,-0.21218487394957983,8.6875,10.220338983050848
2024-11-30,2.0813953488372094,4.344512195121951,-1.6225490196078431,22.488095238095237,12.10969387755102,4.103174603174603,7.333333333333333,2.6884057971014492,-0.15254237288135594,8.6875,10.220338983050848
2024-12-01,2.2593457943925235,4.57361963190184,-1.29,22.488095238095237,11.952020202020202,4.4,7.333333333333333,3.3134328358208953,0.1282051282051282,8.6875,10.220338983050848
2024-12-02,3.967857142857143,4.865030674846626,-0.8813131313131313,20.602272727272727,12.464285714285714,4.78,4.7,4.136363636363637,0.4892241379310345,8.6875,11.557017543859649
2024-12-03,2.8261904761904764,4.794753086419753,-1.7474226804123711,20.602272727272727,12.963917525773196,4.6875,4.7,2.98046875,0.03728070175438596,8.6875,11.473214285714286
2024-12-04,3.6850961538461537,5.260869565217392,-1.5541237113402062,20.602272727272727,12.963917525773196,4.838709677419355,4.7,2.753846153846154,0.20175438596491227,8.6875,11.473214285714286
2024-12-05,3.8115942028985508,4.4003067484662575,-1.4183673469387754,18.641304347826086,12.1953125,3.898,4.7,2.890151515151515,-0.5723684210526315,8.6875,10.745689655172415
2024-12-06,3.354066985645933,3.9681818181818183,-1.6025,18.641304347826086,11.81958762886598,3.341796875,4.7,2.4926470588235294,-0.7456896551724138,8.6875,10.745689655172415
2024-12-07,3.640625,4.335365853658536,-1.6025,18.641304347826086,12.528645833333334,3.811023622047244,4.7,2.4926470588235294,-0.26304347826086955,8.6875,10.745689655172415
2024-12-08,4.141304347826087,4.975460122699387,-1.6025,18.641304347826086,13.713157894736842,4.634920634920635,4.7,2.4926470588235294,-0.26304347826086955,8.6875,10.745689655172415
2024-12-09,2.3024390243902437,2.3194444444444446,-2.636138613861386,16.979166666666668,11.50531914893617,2.7460629921259843,2.340909090909091,1.2463235294117647,-1.1745689655172413,2.7,8.133333333333333
2024-12-10,4.014778325123153,3.9279141104294477,-0.9441747572815534,16.979166666666668,11.244736842105263,4.791015625,2.340909090909091,3.625,0.2775423728813559,2.7,8.133333333333333
2024-12-11,3.103233830845771,3.1395705521472395,-1.0625,20.3,9.892105263157895,3.787109375,2.340909090909091,3.387323943661972,0.1638655462184874,18.916666666666668,9.639344262295081
2024-12-12,3.144278606965174,2.7098765432098766,-0.8155339805825242,20.3,9.75268817204301,4.631889763779528,2.340909090909091,3.8142857142857145,1.0423728813559323,18.916666666666668,10.241666666666667
2024-12-13,2.6820388349514563,2.1526946107784433,-1.1476190476190475,20.3,8.4765625,3.650763358778626,2.340909090909091,3.5985915492957745,0.5351239669421488,18.916666666666668,9.663934426229508
2024-12-14,2.6820388349514563,2.1526946107784433,-1.1476190476190475,20.3,8.4765625,3.650763358778626,2.340909090909091,3.5985915492957745,0.5351239669421488,18.916666666666668,9.663934426229508
2024-12-15,2.6683168316831685,2.346969696969697,-0.9004854368932039,21.927083333333332,8.4765625,3.9224806201550386,4.45,4.105072463768116,0.7773109243697479,26.45,10.1375
2024-12-16,2.591708542713568,2.600609756097561,-0.883495145631068,21.927083333333332,8.4765625,4.259765625,4.45,4.130434782608695,0.792016806722689,26.45,10.166666666666666
2024-12-17,3.8341708542713566,3.754601226993865,-1.0384615384615385,24.565217391304348,8.4765625,3.9057692307692307,4.45,3.4859154929577465,0.64375,26.45,12.427966101694915
2024-12-18,4.3159203980099505,2.4759036144578315,-2.2904761904761903,21.78125,7.223958333333333,2.306390977443609,4.45,1.5972222222222223,-0.45661157024793386,15.0,10.995901639344263
2024-12-19,5.33743842364532,3.732142857142857,-1.5724299065420562,21.78125,7.760526315789473,3.8722222222222222,4.45,2.5304054054054053,0.4979508196721312,15.0,13.821428571428571
2024-12-20,5.3914634146341465,4.3017751479289945,-1.5724299065420562,21.78125,7.760526315789473,4.579044117647059,4.45,2.5304054054054053,1.306910569105691,15.0,13.821428571428571
2024-12-21,5.3914634146341465,4.3017751479289945,-1.5724299065420562,21.78125,7.760526315789473,4.579044117647059,4.45,2.5304054054054053,1.306910569105691,15.0,13.821428571428571
2024-12-22,5.012254901960785,4.552710843373494,-1.5117924528301887,24.704545454545453,8.326086956521738,4.898496240601504,4.45,2.6746575342465753,1.6301652892561984,15.0,14.991666666666667
2024-12-23,4.959756097560976,5.6030303030303035,-0.8486238532110092,24.704545454545453,7.738888888888889,5.225378787878788,13.136363636363637,2.1733333333333333,2.4487704918032787,15.0,14.073770491803279
2024-12-24,5.109068627450981,5.6030303030303035,0.27546296296296297,21.11904761904762,7.738888888888889,6.198473282442748,13.136363636363637,3.85472972972973,3.479338842975207,15.0,14.073770491803279
2024-12-25,4.974264705882353,5.8567073170731705,0.27546296296296297,21.11904761904762,8.230337078651685,6.198473282442748,13.136363636363637,3.85472972972973,3.479338842975207,15.0,14.073770491803279
2024-12-26,6.522058823529412,5.938650306748467,0.7334905660377359,21.11904761904762,8.971264367816092,6.303846153846154,13.136363636363637,4.208904109589041,3.9411764705882355,15.0,13.770491803278688
2024-12-27,6.764563106796117,6.512195121951219,1.661214953271028,21.11904761904762,8.971264367816092,7.019083969465649,13.136363636363637,4.208904109589041,4.741666666666666,15.0,13.770491803278688
2024-12-28,6.764563106796117,6.512195121951219,1.661214953271028,21.11904761904762,8.971264367816092,7.019083969465649,13.136363636363637,4.208904109589041,4.741666666666666,15.0,13.770491803278688
2024-12-29,6.53921568627451,6.800613496932515,1.661214953271028,21.11904761904762,9.546511627906977,7.384615384615385,13.136363636363637,4.208904109589041,4.741666666666666,15.0,14.675
2024-12-30,4.603448275862069,6.425465838509317,2.8341121495327104,15.636363636363637,8.686046511627907,5.85,13.136363636363637,5.503378378378378,5.7875,-1.3571428571428572,13.905172413793103
2024-12-31,3.967233009708738,6.898148148148148,3.946261682242991,17.428571428571427,9.675287356321839,6.206439393939394,16.65,5.839041095890411,6.425619834710743,2.0833333333333335,14.10344827586207
2025-01-01,4.204207920792079,7.466981132075472,4.352380952380952,17.428571428571427,10.037790697674419,6.569230769230769,16.65,6.492957746478873,7.180084745762712,2.0833333333333335,14.10344827586207
2025-01-02,3.4443069306930694,6.60377358490566,3.5,17.035714285714285,9.061764705882354,6.234732824427481,15.825,5.920138888888889,6.016949152542373,2.0833333333333335,14.93859649122807
2025-01-03,2.773170731707317,5.909937888198757,2.9410377358490565,14.727272727272727,8.25287356321839,6.047348484848484,11.318181818181818,5.585616438356165,5.48125,2.0833333333333335,13.546610169491526
2025-01-04,2.773170731707317,5.909937888198757,2.9410377358490565,14.727272727272727,8.25287356321839,6.047348484848484,11.318181818181818,5.585616438356165,5.48125,2.0833333333333335,13.546610169491526
2025-01-05,2.1002475247524752,5.5927672955974845,2.0166666666666666,14.727272727272727,7.714705882352941,5.330152671755725,11.318181818181818,4.274305555555555,4.686974789915967,2.0833333333333335,12.056034482758621
2025-01-06,1.8409090909090908,5.814935064935065,2.18,14.727272727272727,7.714705882352941,5.25984251968504,11.318181818181818,3.608695652173913,4.947368421052632,2.0833333333333335,12.056034482758621
2025-01-07,1.21125,5.132258064516129,3.2975,4.706521739130435,7.946428571428571,4.174418604651163,9.0625,5.228260869565218,5.927631578947368,2.0833333333333335,8.194915254237289
2025-01-08,0.12125,4.495222929936306,3.7888349514563107,0.375,6.9676470588235295,3.9288461538461537,0.7954545454545454,4.524647887323944,6.247844827586207,-17.5,6.012931034482759
2025-01-09,0.1306532663316583,4.019354838709678,4.237623762376238,1.369047619047619,6.13855421686747,4.28515625,2.925,4.835714285714285,6.68859649122807,-17.5,6.478070175438597
2025-01-10,0.9455445544554455,3.6480891719745223,4.061274509803922,-0.3522727272727273,5.630952380952381,4.145348837209302,2.925,4.835714285714285,6.510869565217392,-17.5,5.406779661016949
2025-01-11,0.9455445544554455,3.6480891719745223,4.061274509803922,-0.3522727272727273,5.630952380952381,4.145348837209302,2.925,4.835714285714285,6.510869565217392,-17.5,5.406779661016949
2025-01-12,1.2601522842639594,3.549342105263158,4.908163265306122,0.7976190476190477,5.325,3.816,5.972222222222222,5.682835820895522,7.346846846846847,-15.75,6.337719298245614
2025-01-13,1.3686224489795917,3.0811258278145695,5.891414141414141,0.7976190476190477,4.9525316455696204,3.247983870967742,5.972222222222222,7.102941176470588,8.194196428571429,-15.75,6.030172413793103
2025-01-14,2.4564102564102566,2.435,4.9311224489795915,0.7976190476190477,2.4837662337662336,2.4613821138211383,5.972222222222222,5.7164179104477615,7.367117117117117,-15.75,4.381578947368421
2025-01-15,1.1108247422680413,2.895,5.8225,8.892857142857142,4.04054054054054,3.214,15.375,5.159420289855072,8.11283185840708,-15.75,7.038793103448276
2025-01-16,1.5215736040609138,3.9019607843137254,6.762376237623762,8.892857142857142,6.038961038961039,4.41015625,15.375,6.514285714285714,8.517391304347827,-15.75,7.038793103448276
2025-01-17,1.4675,4.4564516129032254,7.54126213592233,8.204545454545455,7.072784810126582,5.063461538461539,13.409090909090908,7.830985915492958,9.173076923076923,-15.75,8.366666666666667
2025-01-18,1.4675,4.4564516129032254,7.54126213592233,8.204545454545455,7.072784810126582,5.063461538461539,13.409090909090908,7.830985915492958,9.173076923076923,-15.75,8.366666666666667
2025-01-19,0.3055555555555556,3.9983660130718954,7.54126213592233,8.204545454545455,5.881410256410256,4.525390625,13.409090909090908,7.830985915492958,9.433189655172415,-15.75,8.366666666666667
2025-01-20,0.14676616915422885,5.151960784313726,8.108910891089108,4.5978260869565215,8.842948717948717,5.344230769230769,13.409090909090908,7.830985915492958,9.969298245614034,-27.55,8.504032258064516
2025-01-21,3.2055837563451774,4.209150326797386,8.099009900990099,0.26136363636363635,7.746753246753247,5.092307692307692,13.409090909090908,7.816901408450704,9.497826086956522,-27.55,6.705645161290323
2025-01-22,3.666243654822335,4.730645161290322,9.115196078431373,4.5978260869565215,8.531645569620252,5.906488549618321,20.625,9.260416666666666,10.098290598290598,-27.55,8.186507936507937
2025-01-23,3.5114795918367347,4.058064516129032,8.665865384615385,-0.3695652173913043,6.901898734177215,4.9602272727272725,17.942307692307693,8.625,9.592436974789916,-25.333333333333332,6.373015873015873
2025-01-24,3.1381909547738696,3.5775316455696204,8.202830188679245,-0.3695652173913043,5.567073170731708,4.649253731343284,17.942307692307693,8.36,9.171487603305785,-25.333333333333332,6.373015873015873
2025-01-25,3.1381909547738696,3.5775316455696204,8.407142857142857,-0.3695652173913043,5.799382716049383,4.649253731343284,17.942307692307693,8.652027027027026,9.358333333333333,-25.333333333333332,6.689516129032258
2025-01-26,2.2066326530612246,2.8967741935483873,8.284653465346535,-0.3695652173913043,3.901898734177215,5.068181818181818,17.942307692307693,7.513888888888889,9.28448275862069,-25.333333333333332,5.790983606557377
2025-01-27,0.5685279187817259,1.5192307692307692,7.995098039215686,-1.09375,3.4155844155844157,3.43609022556391,15.392857142857142,7.167808219178082,8.239224137931034,-25.333333333333332,5.411290322580645
2025-01-28,0.9949238578680203,2.004777070063694,9.159313725490197,-1.09375,3.7072368421052633,3.9906716417910446,15.392857142857142,8.794520547945206,8.833333333333334,-25.333333333333332,5.411290322580645
2025-01-29,3.014925373134328,3.5671875,9.774271844660195,2.95,5.83,4.4981481481481485,15.392857142857142,10.167808219178083,9.372881355932204,-7.428571428571429,8.66015625
2025-01-30,1.9304878048780487,4.442901234567901,9.872549019607844,0.8653846153846154,8.275974025974026,4.825367647058823,15.392857142857142,10.81338028169014,8.940677966101696,-7.428571428571429,7.7384615384615385
2025-01-31,1.603864734299517,4.25,9.463942307692308,0.8653846153846154,8.275974025974026,4.590579710144928,15.392857142857142,10.205479452054794,8.602083333333333,-7.428571428571429,7.7384615384615385
2025-02-01,1.603864734299517,4.25,9.463942307692308,0.8653846153846154,8.275974025974026,4.590579710144928,15.392857142857142,10.205479452054794,8.602083333333333,-7.428571428571429,7.7384615384615385
2025-02-02,2.3345588235294117,4.717391304347826,9.62378640776699,0.8653846153846154,9.972602739726028,4.675182481751825,15.392857142857142,10.444444444444445,8.733193277310924,-7.428571428571429,9.548387096774194
2025-02-03,1.436881188118812,3.3171875,8.834134615384615,-2.980769230769231,9.32986111111111,4.084558823529412,11.45,10.09375,8.170168067226891,-7.428571428571429,7.059523809523809
2025-02-04,1.90375,3.003205128205128,8.88701923076923,-2.980769230769231,8.05281690140845,3.414814814814815,11.45,9.595890410958905,7.438559322033898,-7.428571428571429,5.560483870967742
2025-02-05,2.743811881188119,2.444620253164557,7.670673076923077,-5.705357142857143,8.05281690140845,2.0496323529411766,9.078125,8.340277777777779,7.1533613445378155,-7.428571428571429,4.1015625
2025-02-06,3.56875,2.926751592356688,8.295673076923077,-7.101851851851852,6.876760563380282,2.8759259259259258,9.078125,9.520547945205479,7.699579831932773,-7.428571428571429,3.9153225806451615
2025-02-07,2.3719512195121952,2.1761006289308176,8.943396226415095,-7.101851851851852,6.347222222222222,3.4562043795620436,9.078125,9.192567567567568,7.375,-7.428571428571429,3.9153225806451615
2025-02-08,2.3719512195121952,2.1761006289308176,8.943396226415095,-7.101851851851852,6.347222222222222,3.4562043795620436,9.078125,9.192567567567568,7.375,-7.428571428571429,3.9153225806451615
2025-02-09,3.490049751243781,2.6129032258064515,9.872549019607844,-6.75,7.0321428571428575,3.832089552238806,10.766666666666667,9.777777777777779,8.137931034482758,-7.428571428571429,4.245901639344262
2025-02-10,3.4665841584158414,4.064935064935065,11.339108910891088,-7.925925925925926,9.423913043478262,4.964285714285714,10.766666666666667,11.354166666666666,9.410869565217391,-7.428571428571429,4.3875
2025-02-11,2.6914634146341463,3.8983870967741936,11.014705882352942,-7.925925925925926,8.091911764705882,4.964285714285714,10.766666666666667,12.10472972972973,9.142241379310345,-7.428571428571429,2.379166666666667
2025-02-12,4.5588235294117645,4.9935064935064934,11.555,-6.211538461538462,9.765384615384615,5.604961832061068,10.766666666666667,12.414383561643836,9.583333333333334,-7.428571428571429,3.309322033898305
2025-02-13,4.599282296650718,5.00487012987013,12.22979797979798,-7.962962962962963,10.2578125,6.073076923076923,10.766666666666667,11.97635135135135,10.1570796460177,-13.1875,1.9959016393442623
2025-02-14,4.380331753554502,4.703525641025641,12.03,-7.962962962962963,10.2578125,5.700757575757576,10.766666666666667,11.713333333333333,9.658695652173913,-13.1875,1.4919354838709677
2025-02-15,4.380331753554502,4.703525641025641,12.03,-7.962962962962963,10.2578125,5.700757575757576,10.766666666666667,11.713333333333333,9.658695652173913,-13.1875,1.4919354838709677
2025-02-16,3.9523809523809526,4.125806451612903,11.141414141414142,-7.962962962962963,10.2578125,5.423076923076923,10.766666666666667,10.52027027027027,8.866228070175438,-13.1875,0.7261904761904762
2025-02-17,4.411483253588517,4.1477272727272725,10.025,-7.962962962962963,9.412698412698413,5.459302325581396,10.766666666666667,9.41891891891892,7.915217391304348,-13.1875,-0.875
2025-02-18,2.545238095238095,3.6703821656050954,9.588235294117647,-8.794642857142858,8.9453125,4.861742424242424,10.766666666666667,9.233333333333333,7.57051282051282,-13.1875,-1.3571428571428572
2025-02-19,3.496394230769231,5.317741935483871,10.946428571428571,-8.794642857142858,10.7578125,5.925572519083969,10.766666666666667,9.993150684931507,8.368421052631579,-13.1875,-1.75
2025-02-20,2.8125,5.211290322580645,12.321428571428571,-10.808333333333334,10.421875,5.761450381679389,8.421875,11.20945945945946,9.550438596491228,-13.1875,-2.878787878787879
2025-02-21,2.1860189573459716,4.693037974683544,11.785,-10.808333333333334,9.984615384615385,5.138059701492537,8.421875,10.913333333333334,8.739316239316238,-13.1875,-3.0
2025-02-22,2.1860189573459716,4.693037974683544,11.785,-10.808333333333334,9.984615384615385,5.138059701492537,8.421875,10.913333333333334,8.739316239316238,-13.1875,-3.0
2025-02-23,1.5817307692307692,3.893312101910828,11.95959595959596,-10.991379310344827,7.8961538461538465,4.197368421052632,9.35,11.135135135135135,7.691810344827586,-13.1875,-3.451492537313433
2025-02-24,0.235781990521327,4.874203821656051,11.353092783505154,-10.991379310344827,8.916666666666666,4.888059701492537,2.875,11.568493150684931,7.100877192982456,-13.1875,-3.1931818181818183
2025-02-25,0.6296296296296297,4.524844720496894,11.5175,-10.991379310344827,8.916666666666666,5.149635036496351,2.875,11.776315789473685,7.35042735042735,-13.1875,-2.5
2025-02-26,1.1181192660550459,4.16358024691358,11.163366336633663,-11.025,7.875,5.087591240875913,1.8833333333333333,11.308441558441558,7.277777777777778,-13.1875,-2.639705882352941
2025-02-27,1.9639639639639639,5.0807926829268295,11.985294117647058,-12.75,8.369047619047619,5.476449275362318,1.8833333333333333,12.381410256410257,8.183333333333334,-13.1875,-2.057142857142857
2025-02-28,1.6061946902654867,4.565476190476191,11.964285714285714,-13.9921875,6.67578125,5.26241134751773,-1.515625,12.61111111111111,8.258130081300813,-13.1875,-2.920138888888889
2025-03-01,1.6155555555555556,4.61377245508982,11.964285714285714,-13.9921875,6.837301587301587,5.325,-1.515625,12.61111111111111,8.354508196721312,-13.1875,-2.920138888888889
2025-03-02,1.7163677130044843,4.864329268292683,12.516990291262136,-13.830645161290322,7.104838709677419,5.640510948905109,-0.35,13.231012658227849,8.76875,-13.1875,-2.693661971830986
2025-03-03,1.0418502202643172,3.412202380952381,12.080188679245284,-12.204545454545455,8.579365079365079,4.369565217391305,5.921875,11.820987654320987,8.698770491803279,-13.1875,-3.469178082191781
2025-03-04,1.8495670995670996,1.280701754385965,11.5,-12.204545454545455,5.75,2.4910714285714284,5.921875,11.567901234567902,7.661290322580645,-13.1875,-3.469178082191781
2025-03-05,1.4025974025974026,1.8683431952662721,11.18632075471698,-8.431818181818182,6.111111111111111,2.380434782608696,5.921875,12.094936708860759,7.359756097560975,-13.1875,-2.3194444444444446
2025-03-06,0.7891949152542372,1.0606508875739644,11.60576923076923,-8.431818181818182,4.924603174603175,2.8740740740740742,5.921875,12.685064935064934,7.6570247933884295,-13.1875,-3.6575342465753424
2025-03-07,0.5241596638655462,0.9220588235294118,11.280952380952382,-8.431818181818182,4.49609375,2.6875,5.921875,12.23397435897436,7.409836065573771,-13.1875,-3.6575342465753424
2025-03-08,0.5241596638655462,0.9220588235294118,11.280952380952382,-8.431818181818182,4.49609375,2.6875,5.921875,12.23397435897436,7.409836065573771,-13.1875,-3.6575342465753424
2025-03-09,0.7414893617021276,1.1497005988023952,11.958333333333334,-8.03125,4.904761904761905,3.013157894736842,7.733333333333333,12.740131578947368,7.892857142857143,-12.035714285714286,-3.3107142857142855
2025-03-10,1.2882978723404255,1.3083832335329342,12.218137254901961,-4.757575757575758,6.7023809523809526,3.212406015037594,13.5,11.93,8.115546218487395,-12.035714285714286,-0.8082191780821918
2025-03-11,0.21548117154811716,1.400297619047619,12.091584158415841,-8.03125,5.380952380952381,3.3134328358208953,13.5,12.60958904109589,8.745798319327731,-30.708333333333332,-2.2083333333333335
2025-03-12,-0.5169491525423728,0.7859281437125748,11.465686274509803,-8.590909090909092,4.032258064516129,2.1809701492537314,11.147058823529411,11.739864864864865,7.470588235294118,-30.708333333333332,-2.4166666666666665
2025-03-13,0.24364406779661016,2.2,11.467821782178218,-5.397058823529412,6.483606557377049,3.8339694656488548,11.147058823529411,12.058219178082192,8.470338983050848,-30.708333333333332,-0.6805555555555556
2025-03-14,-1.0435684647302905,1.9266467065868262,10.844660194174757,-5.397058823529412,5.623015873015873,3.4661654135338344,11.147058823529411,11.186666666666667,7.985416666666667,-30.708333333333332,-1.0650684931506849
2025-03-15,-1.0435684647302905,1.9266467065868262,10.844660194174757,-5.397058823529412,5.623015873015873,3.4661654135338344,11.147058823529411,11.186666666666667,7.985416666666667,-30.708333333333332,-1.0650684931506849
2025-03-16,-1.009375,1.9939759036144578,11.041666666666666,-5.397058823529412,5.623015873015873,3.5625,11.147058823529411,11.462837837837839,8.130252100840336,-30.708333333333332,-0.9513888888888888
2025-03-17,-1.2123430962343096,2.0798192771084336,11.3725,-3.2291666666666665,5.623015873015873,3.701923076923077,8.708333333333334,11.934027777777779,8.363247863247864,-31.0,0.1952054794520548
2025-03-18,-0.11506276150627615,2.664156626506024,11.275,-3.7708333333333335,6.040322580645161,5.16015625,8.708333333333334,11.79861111111111,8.27991452991453,-29.125,1.260135135135135
2025-03-19,-2.183609958506224,1.5461309523809523,9.264705882352942,-4.608108108108108,6.040322580645161,3.224609375,6.421052631578948,9.876712328767123,6.607142857142857,-29.125,-2.67
2025-03-20,-2.0185185185185186,1.4026162790697674,9.24056603773585,-1.855263157894737,6.21875,2.9867424242424243,11.1,10.355263157894736,5.907786885245901,-29.125,-1.319078947368421
2025-03-21,-2.1144578313253013,1.4328571428571428,8.340277777777779,-1.855263157894737,4.659090909090909,2.2667910447761193,11.1,10.355263157894736,5.082661290322581,-29.125,-0.6121794871794872
2025-03-22,-2.1144578313253013,1.4328571428571428,8.340277777777779,-1.855263157894737,4.659090909090909,2.2667910447761193,11.1,10.355263157894736,5.082661290322581,-29.125,-0.6121794871794872
2025-03-23,-3.058641975308642,0.376453488372093,7.933333333333334,-4.608108108108108,4.659090909090909,1.6496212121212122,6.421052631578948,11.070945945945946,4.648760330578512,-29.125,-1.0166666666666666
2025-03-24,-3.6864754098360657,-0.47832369942196534,6.466981132075472,-4.608108108108108,3.1923076923076925,0.5281954887218046,6.421052631578948,9.516891891891891,3.401639344262295,-29.125,-2.55
2025-03-25,-3.6963562753036436,-0.8068181818181818,6.150462962962963,-4.608108108108108,3.1923076923076925,0.16296296296296298,6.421052631578948,8.986842105263158,3.1754032258064515,-29.125,-3.2115384615384617
2025-03-26,-4.441295546558704,-0.10028248587570622,5.944954128440367,-4.608108108108108,4.659090909090909,1.0753676470588236,6.421052631578948,8.659090909090908,3.02,-29.125,-3.0256410256410255
2025-03-27,-4.8221544715447155,-0.8177966101694916,4.779816513761468,-4.608108108108108,4.186567164179104,0.14154411764705882,6.421052631578948,8.659090909090908,2.004,-29.125,-3.0256410256410255
2025-03-28,-4.785714285714286,-0.8086592178770949,5.6454545454545455,-1.855263157894737,2.6544117647058822,0.8704379562043796,11.1,9.830128205128204,2.7817460317460316,-10.678571428571429,-1.7215189873417722
2025-03-29,-4.785714285714286,-0.8086592178770949,5.6454545454545455,-1.855263157894737,2.6544117647058822,0.8704379562043796,11.1,9.830128205128204,2.7817460317460316,-10.678571428571429,-1.7215189873417722
2025-03-30,-4.026,-0.2542134831460674,4.779816513761468,0.7837837837837838,4.17910447761194,1.6084558823529411,11.1,8.659090909090908,2.004,4.125,-0.46794871794871795
2025-03-31,-4.645582329317269,-1.5167597765363128,3.810185185185185,-0.32894736842105265,1.5634328358208955,-0.05474452554744526,11.1,9.131578947368421,0.72,4.125,-0.8653846153846154
2025-04-01,-5.132411067193676,-2.2581967213114753,2.8783783783783785,-1.5961538461538463,1.5634328358208955,-1.0585106382978724,11.1,8.272435897435898,-0.4011627906976744,4.125,-1.853125
2025-04-02,-4.934055118110236,-1.8265027322404372,4.092342342342342,-0.7236842105263158,0.5895522388059702,-0.5053956834532374,13.513157894736842,8.831168831168831,0.994140625,4.125,-2.66875
2025-04-03,-5.4015748031496065,-1.5480769230769231,4.1863636363636365,0.16891891891891891,1.4115384615384616,-0.7032374100719424,16.13888888888889,8.474025974025974,1.0511811023622046,4.125,-2.0673076923076925
2025-04-04,-5.639846743295019,-1.5147849462365592,4.1863636363636365,2.7960526315789473,1.4115384615384616,-1.4125,16.13888888888889,8.474025974025974,1.0511811023622046,4.125,0.484375
2025-04-05,-5.639846743295019,-1.5147849462365592,4.1863636363636365,2.7960526315789473,1.4115384615384616,-1.4125,16.13888888888889,8.474025974025974,1.0511811023622046,4.125,0.484375
2025-04-06,-5.957854406130268,-1.5147849462365592,4.1863636363636365,2.7960526315789473,1.4115384615384616,-1.4125,16.13888888888889,8.474025974025974,1.0511811023622046,4.125,0.484375
2025-04-07,-7.376908396946565,-2.59005376344086,2.368181818181818,6.166666666666667,1.4115384615384616,-1.1340579710144927,18.014705882352942,5.876623376623376,-0.5236220472440944,4.125,1.9807692307692308
2025-04-08,-7.213207547169811,-2.933423913043478,1.834862385321101,6.166666666666667,0.8951612903225806,-1.2977941176470589,18.014705882352942,6.56,-1.007936507936508,4.125,3.5608974358974357
2025-04-09,-6.526951672862453,-1.282085561497326,3.6036036036036037,8.702702702702704,0.8951612903225806,0.8884892086330936,22.569444444444443,7.7894736842105265,1.3410852713178294,4.125,7.132716049382716
2025-04-10,-6.768587360594796,0.05614973262032086,5.479910714285714,9.958333333333334,1.5081967213114753,2.4089285714285715,22.569444444444443,7.7894736842105265,2.975,4.125,9.1
2025-04-11,-7.2951263537906135,0.5815789473684211,5.383771929824562,9.958333333333334,3.096774193548387,2.375,22.569444444444443,7.7894736842105265,2.929924242424242,4.125,10.222222222222221
2025-04-12,-7.2951263537906135,0.5815789473684211,5.383771929824562,9.958333333333334,3.096774193548387,2.375,22.569444444444443,7.7894736842105265,2.929924242424242,4.125,10.222222222222221
2025-04-13,-6.870909090909091,0.9223684210526316,5.533185840707965,12.391891891891891,4.895161290322581,3.5602836879432624,26.644736842105264,8.046666666666667,3.0400763358778624,4.125,11.598765432098766
2025-04-14,-7.353260869565218,0.7081151832460733,5.133771929824562,12.391891891891891,4.895161290322581,2.5673758865248226,26.644736842105264,7.4144736842105265,2.7140151515151514,4.125,11.598765432098766
2025-04-15,-6.990842490842491,0.2393617021276596,4.45945945945946,9.958333333333334,4.357142857142857,1.9692028985507246,22.569444444444443,7.746621621621622,2.0775193798449614,4.125,10.772151898734178
2025-04-16,-8.530109489051094,-0.10215053763440861,3.5727272727272728,9.958333333333334,1.8083333333333333,1.0727611940298507,22.569444444444443,5.908783783783784,2.375,4.125,10.772151898734178
2025-04-17,-7.612727272727272,1.0013368983957218,3.6628440366972477,10.42142857142857,3.5791666666666666,1.1278195488721805,24.264705882352942,4.61986301369863,2.4429133858267718,4.125,9.834415584415584
2025-04-18,-7.612727272727272,1.0013368983957218,3.6628440366972477,10.42142857142857,3.5791666666666666,1.1278195488721805,24.264705882352942,4.61986301369863,2.4429133858267718,4.125,9.834415584415584
2025-04-19,-7.612727272727272,1.0013368983957218,3.6628440366972477,10.42142857142857,3.5791666666666666,1.1278195488721805,24.264705882352942,4.61986301369863,2.4429133858267718,4.125,9.834415584415584
2025-04-20,-7.88929889298893,0.5095108695652174,3.6628440366972477,12.926470588235293,0.8017241379310345,0.4346153846153846,24.264705882352942,4.61986301369863,2.4429133858267718,19.9,9.76
2025-04-21,-9.454044117647058,-0.10109289617486339,3.125,12.926470588235293,1.2763157894736843,-0.5173076923076924,24.264705882352942,4.386986301369863,2.3464566929133857,19.9,9.4
2025-04-22,-10.417870036101084,-0.5665760869565217,1.7863636363636364,10.287878787878787,-0.8392857142857143,-1.0171755725190839,19.53125,2.9895833333333335,1.375,19.9,8.175675675675675
2025-04-23,-10.501798561151078,-0.12158469945355191,3.1458333333333335,8.515151515151516,-1.3863636363636365,-0.3942307692307692,21.783333333333335,5.121428571428571,2.6451612903225805,28.4375,7.385135135135135
2025-04-24,-10.052678571428572,0.9412568306010929,5.291666666666667,8.515151515151516,0.8009259259259259,0.8492366412213741,21.783333333333335,8.024647887323944,4.514112903225806,28.4375,7.385135135135135
2025-04-25,-10.38918439716312,0.6657608695652174,5.291666666666667,8.515151515151516,-0.11818181818181818,0.8492366412213741,21.783333333333335,8.024647887323944,4.08,28.4375,7.385135135135135
2025-04-26,-10.070284697508896,0.6657608695652174,5.291666666666667,8.515151515151516,-0.11818181818181818,0.8492366412213741,21.783333333333335,8.024647887323944,4.08,28.4375,7.385135135135135
2025-04-27,-8.96286231884058,1.7055555555555555,5.827830188679245,9.3359375,0.20833333333333334,2.328740157480315,24.607142857142858,8.392857142857142,4.522357723577236,28.4375,7.72945205479452
2025-04-28,-8.790322580645162,1.7115384615384615,4.930952380952381,9.3359375,-0.44298245614035087,0.7893700787401575,24.607142857142858,7.065217391304348,3.5737704918032787,28.4375,6.608108108108108
2025-04-29,-9.882299270072993,0.2907303370786517,4.25,6.411290322580645,-3.3879310344827585,-0.17857142857142858,24.607142857142858,5.584558823529412,2.5888429752066116,4.583333333333333,4.461267605633803
2025-04-30,-10.960332103321033,-0.8042857142857143,5.2139423076923075,8.333333333333334,-7.080357142857143,-0.37398373983739835,24.607142857142858,6.557142857142857,3.87603305785124,4.583333333333333,4.211267605633803
2025-05-01,-11.313186813186814,-1.5411931818181819,4.887019230769231,6.346774193548387,-9.086206896551724,-1.4233870967741935,24.607142857142858,6.6521739130434785,3.1290983606557377,4.583333333333333,3.4131944444444446
2025-05-02,-11.844545454545454,-0.9675141242937854,4.495238095238095,5.015625,-7.237288135593221,-0.612,20.55,6.039285714285715,2.8089430894308944,4.583333333333333,2.8698630136986303
2025-05-03,-11.784671532846716,-0.8125,4.810096153846154,5.015625,-7.237288135593221,-0.38911290322580644,20.55,6.536231884057971,3.0635245901639343,4.583333333333333,2.8698630136986303
2025-05-04,-11.452205882352942,-0.7371428571428571,5.796568627450981,6.588709677419355,-8.4,-0.008130081300813009,25.142857142857142,7.275735294117647,3.872916666666667,4.583333333333333,4.232394366197183
2025-05-05,-10.422445255474452,0.326271186440678,7.936893203883495,5.1484375,-6.622950819672131,1.486,25.142857142857142,9.132352941176471,5.340163934426229,4.583333333333333,4.945205479452055
2025-05-06,-12.260909090909092,-0.384180790960452,7.5625,6.338709677419355,-9.056451612903226,1.2698412698412698,29.115384615384617,8.05,4.266393442622951,4.583333333333333,5.0
2025-05-07,-12.287003610108304,0.05898876404494382,7.898058252427185,6.338709677419355,-8.762295081967213,1.0992063492063493,29.115384615384617,8.423913043478262,4.524793388429752,4.583333333333333,5.0
2025-05-08,-11.458333333333334,1.7402234636871508,7.919902912621359,6.338709677419355,-8.454918032786885,0.326,29.115384615384617,8.456521739130435,5.461065573770492,4.583333333333333,5.0
2025-05-09,-11.096774193548388,2.6222527472527473,8.395238095238096,9.265625,-6.705645161290323,1.117063492063492,29.115384615384617,9.764285714285714,5.903225806451613,4.583333333333333,5.743333333333333
2025-05-10,-11.496402877697841,2.6222527472527473,8.395238095238096,9.265625,-6.705645161290323,1.117063492063492,29.115384615384617,9.764285714285714,5.903225806451613,4.583333333333333,5.743333333333333
2025-05-11,-12.078237410071942,1.7569060773480663,7.307142857142857,10.806451612903226,-8.454918032786885,0.21031746031746032,29.115384615384617,8.132142857142858,4.981854838709677,4.583333333333333,6.066666666666666
2025-05-12,-11.672101449275363,2.1304945054945055,7.586538461538462,16.21212121212121,-9.841269841269842,-0.996031746031746,34.17857142857143,8.565217391304348,5.5,28.4375,8.888157894736842
2025-05-13,-12.327338129496402,2.251381215469613,8.466666666666667,16.21212121212121,-9.841269841269842,-0.20078740157480315,34.17857142857143,9.871428571428572,6.25,28.4375,10.071428571428571
2025-05-14,-10.91117216117216,3.292817679558011,8.740384615384615,20.863636363636363,-8.753968253968255,0.7440944881889764,34.17857142857143,10.304347826086957,6.46,55.75,12.519480519480519
2025-05-15,-10.68592057761733,3.7445355191256833,8.19811320754717,20.863636363636363,-9.25,0.654296875,34.17857142857143,9.450704225352112,6.323412698412699,55.75,12.262820512820513
2025-05-16,-10.943548387096774,3.2,7.873831775700935,20.863636363636363,-10.121212121212121,-0.07307692307692308,34.17857142857143,9.450704225352112,6.06496062992126,55.75,12.262820512820513
2025-05-17,-10.81474820143885,3.4714673913043477,7.873831775700935,20.863636363636363,-10.121212121212121,-0.07307692307692308,34.17857142857143,9.450704225352112,6.06496062992126,55.75,13.029220779220779
2025-05-18,-11.048913043478262,3.5123626373626373,8.028571428571428,20.863636363636363,-9.984615384615385,-0.0703125,34.17857142857143,9.321428571428571,6.166,55.75,13.029220779220779
2025-05-19,-11.162769784172662,3.610054347826087,8.349514563106796,20.681818181818183,-9.965909090909092,0.12307692307692308,34.17857142857143,9.41304347826087,5.684,32.5,12.73076923076923
2025-05-20,-11.36913357400722,3.9065934065934065,8.947619047619048,20.681818181818183,-11.5234375,0.32945736434108525,34.17857142857143,8.985714285714286,6.48015873015873,32.5,13.24025974025974
2025-05-21,-10.703900709219859,3.5027472527472527,8.410194174757281,21.515625,-11.96484375,0.11046511627906977,38.86538461538461,7.666666666666667,5.993951612903226,11.6,13.493421052631579
2025-05-22,-10.383928571428571,3.838888888888889,8.651960784313726,21.515625,-11.8828125,0.5334645669291339,38.86538461538461,7.641304347826087,6.530737704918033,11.6,13.391447368421053
2025-05-23,-10.068021201413428,4.094262295081967,7.773809523809524,22.5,-12.795454545454545,0.9692307692307692,34.410714285714285,6.402777777777778,6.84,11.6,13.620253164556962
2025-05-24,-9.97695035460993,4.313186813186813,7.773809523809524,22.5,-12.442307692307692,1.253875968992248,34.410714285714285,6.402777777777778,7.183467741935484,11.6,14.253205128205128
2025-05-25,-9.648381294964029,3.9791666666666665,8.149038461538462,20.151515151515152,-12.442307692307692,0.7322834645669292,34.410714285714285,6.402777777777778,7.495934959349594,11.6,13.13961038961039
2025-05-26,-9.678571428571429,3.558988764044944,6.577669902912621,20.151515151515152,-12.097014925373134,0.16,34.410714285714285,5.864583333333333,6.163934426229508,11.6,12.848684210526315
2025-05-27,-10.397977941176471,3.7331460674157304,6.375,21.15625,-11.639705882352942,0.04365079365079365,37.98076923076923,5.585616438356165,5.995934959349594,11.6,12.347402597402597
2025-05-28,-10.922794117647058,2.973314606741573,5.473300970873787,23.919354838709676,-11.084507042253522,-0.234251968503937,37.98076923076923,4.284722222222222,5.022916666666666,11.6,12.203333333333333
2025-05-29,-10.76660516605166,2.8792613636363638,4.957920792079208,26.466666666666665,-10.774305555555555,-0.8313492063492064,45.520833333333336,3.6630434782608696,4.5741525423728815,11.6,13.445205479452055
2025-05-30,-10.06959706959707,3.4279661016949152,5.889705882352941,26.466666666666665,-10.774305555555555,-0.8313492063492064,45.520833333333336,3.6630434782608696,5.376050420168068,11.6,13.445205479452055
2025-05-31,-10.06959706959707,3.4279661016949152,5.889705882352941,26.466666666666665,-10.774305555555555,-0.8313492063492064,45.520833333333336,3.6630434782608696,5.376050420168068,11.6,13.445205479452055
2025-06-01,-9.390037593984962,4.752923976608187,6.156565656565657,27.428571428571427,-12.334507042253522,0.3780487804878049,40.56818181818182,5.082089552238806,5.5905172413793105,11.6,14.389285714285714
2025-06-02,-10.05916030534351,7.058383233532934,6.920103092783505,27.428571428571427,-10.04642857142857,2.6041666666666665,40.56818181818182,5.6477272727272725,7.644736842105263,11.6,15.595070422535212
2025-06-03,-9.698275862068966,6.446428571428571,6.8232323232323235,24.74074074074074,-10.441780821917808,2.803719008264463,40.56818181818182,4.547101449275362,7.549568965517241,11.6,15.514492753623188
2025-06-04,-8.543774319066149,8.122781065088757,6.675,22.767241379310345,-9.211805555555555,3.5060975609756095,36.645833333333336,4.367857142857143,8.201271186440678,11.6,16.610714285714284
2025-06-05,-8.607142857142858,7.02046783625731,6.96969696969697,22.767241379310345,-10.288194444444445,2.3286290322580645,36.645833333333336,4.757246376811594,8.463675213675213,11.6,16.610714285714284
2025-06-06,-8.567490494296578,7.561046511627907,6.96969696969697,22.767241379310345,-10.288194444444445,3.11,36.645833333333336,4.757246376811594,8.463675213675213,11.6,16.610714285714284
2025-06-07,-8.567490494296578,7.561046511627907,6.96969696969697,22.767241379310345,-10.288194444444445,3.11,36.645833333333336,4.757246376811594,8.463675213675213,11.6,16.610714285714284
2025-06-08,-9.435576923076923,6.673076923076923,5.388020833333333,20.008928571428573,-11.841549295774648,1.7704918032786885,30.886363636363637,3.8134328358208953,7.171052631578948,11.6,14.776119402985074
2025-06-09,-8.784046692607005,6.601190476190476,6.755154639175258,21.0,-12.079710144927537,0.9208333333333333,36.645833333333336,3.2717391304347827,7.176086956521739,11.6,15.358695652173912
2025-06-10,-7.7451923076923075,8.168154761904763,8.526041666666666,22.637931034482758,-11.716911764705882,3.1145833333333335,42.38636363636363,5.720588235294118,8.671052631578947,11.6,15.974264705882353
2025-06-11,-7.357558139534884,7.951807228915663,8.7734375,19.875,-11.17910447761194,3.1145833333333335,42.38636363636363,5.720588235294118,8.073008849557523,11.6,14.720149253731343
2025-06-12,-5.56949806949807,9.229041916167665,10.036458333333334,19.875,-9.684782608695652,3.9669421487603307,42.38636363636363,5.8125,9.942982456140351,11.6,14.411764705882353
2025-06-13,-5.776923076923077,8.819940476190476,10.036458333333334,19.875,-10.396428571428572,3.44672131147541,42.38636363636363,5.8125,9.942982456140351,11.6,14.411764705882353
2025-06-14,-5.776923076923077,8.819940476190476,10.036458333333334,19.875,-10.396428571428572,3.44672131147541,42.38636363636363,5.8125,9.942982456140351,11.6,14.411764705882353
2025-06-15,-5.729571984435798,9.159090909090908,10.486842105263158,18.817307692307693,-10.396428571428572,3.7458677685950414,49.9,6.388059701492537,10.320796460176991,22.6875,13.829545454545455
2025-06-16,-7.212745098039216,9.970679012345679,12.111702127659575,22.04,-10.396428571428572,3.1512605042016806,49.9,8.640151515151516,11.683035714285714,22.6875,14.226190476190476
2025-06-17,-6.849409448818897,9.8078125,14.351648351648352,24.40625,-10.396428571428572,3.722457627118644,59.30555555555556,10.68359375,13.541284403669724,22.6875,16.495833333333334
2025-06-18,-7.277888446215139,9.34775641025641,14.113636363636363,21.119565217391305,-11.315217391304348,2.879385964912281,54.21875,9.487903225806452,13.320754716981131,22.6875,14.3375
2025-06-19,-7.14616935483871,9.041935483870967,14.471590909090908,21.119565217391305,-10.302238805970148,3.258771929824561,54.21875,8.453125,13.72877358490566,22.6875,13.926724137931034
2025-06-20,-7.920634920634921,7.968553459119497,13.747222222222222,21.119565217391305,-10.880434782608695,2.0084745762711864,54.21875,7.6477272727272725,12.630733944954128,22.6875,12.974576271186441
2025-06-21,-7.920634920634921,7.968553459119497,13.747222222222222,21.119565217391305,-10.880434782608695,2.0084745762711864,54.21875,7.6477272727272725,12.630733944954128,22.6875,12.974576271186441
2025-06-22,-7.785856573705179,8.227848101265822,14.27247191011236,21.119565217391305,-10.932142857142857,2.3076923076923075,54.21875,7.65530303030303,13.05324074074074,22.6875,13.456896551724139
2025-06-23,-7.271825396825397,9.67879746835443,15.8125,24.40625,-9.65625,4.137711864406779,54.21875,9.638461538461538,13.898148148148149,22.6875,16.78125
2025-06-24,-7.475393700787402,9.14375,16.38888888888889,24.185185185185187,-10.307432432432432,3.1504237288135593,45.54545454545455,9.242424242424242,14.404545454545454,15.15,17.810344827586206
2025-06-25,-7.353682170542636,8.910493827160494,15.820652173913043,24.185185185185187,-10.22972972972973,3.081932773109244,45.54545454545455,8.599264705882353,13.973214285714286,15.15,16.795833333333334
2025-06-26,-7.160433070866142,9.273148148148149,14.895604395604396,21.26923076923077,-7.976666666666667,2.7125,40.1,7.235074626865671,13.198198198198199,-6.0625,16.795833333333334
2025-06-27,-6.536538461538462,9.911676646706587,15.199468085106384,22.625,-8.285714285714286,3.828,34.68181818181818,8.369565217391305,13.2,15.15,18.86111111111111
2025-06-28,-6.536538461538462,9.911676646706587,15.199468085106384,22.625,-8.285714285714286,3.828,34.68181818181818,8.369565217391305,13.2,15.15,18.86111111111111
2025-06-29,-5.8984375,11.317484662576687,15.758064516129032,25.0,-7.14,5.520661157024794,34.68181818181818,8.369565217391305,14.658482142857142,15.15,19.83467741935484
2025-06-30,-5.690196078431373,11.899691358024691,16.57608695652174,25.87037037037037,-7.62987012987013,6.531512605042017,34.68181818181818,8.605072463768115,15.538288288288289,15.15,20.451612903225808
2025-07-01,-5.552529182879377,12.180981595092025,15.773936170212766,25.87037037037037,-5.2243589743589745,6.047520661157025,34.68181818181818,9.910714285714286,14.889380530973451,15.15,22.9484126984127
2025-07-02,-4.758720930232558,12.003030303030304,15.393229166666666,22.71551724137931,-5.300632911392405,5.908536585365853,26.28846153846154,9.565972222222221,14.58695652173913,9.833333333333334,21.630769230769232
2025-07-03,-4.534722222222222,12.132716049382717,15.079896907216495,19.955357142857142,-5.421875,6.599593495934959,26.28846153846154,9.229452054794521,14.331896551724139,9.833333333333334,18.609375
2025-07-04,-4.534722222222222,12.132716049382717,15.079896907216495,19.955357142857142,-5.421875,6.599593495934959,26.28846153846154,9.229452054794521,14.331896551724139,9.833333333333334,18.609375
2025-07-05,-4.154382470119522,12.132716049382717,15.079896907216495,19.955357142857142,-5.421875,6.599593495934959,26.28846153846154,9.229452054794521,14.331896551724139,9.833333333333334,18.609375
2025-07-06,-2.283132530120482,13.825617283950617,16.278645833333332,19.955357142857142,-4.12037037037037,7.951612903225806,26.28846153846154,10.746527777777779,15.698717948717949,9.833333333333334,17.926923076923078
2025-07-07,-2.4258130081300813,13.70496894409938,14.890625,18.698275862068964,-4.292168674698795,6.877016129032258,23.232142857142858,8.655405405405405,14.55982905982906,6.071428571428571,15.727272727272727
2025-07-08,-3.772727272727273,11.6671875,12.393229166666666,15.794642857142858,-4.658823529411765,4.170731707317073,17.326923076923077,6.676666666666667,11.756465517241379,6.071428571428571,11.1953125
2025-07-09,-4.061475409836065,10.578703703703704,10.579081632653061,13.4,-4.85632183908046,2.88,12.333333333333334,6.809375,10.260593220338983,6.071428571428571,8.865384615384615
2025-07-10,-3.157949790794979,10.7109375,11.719072164948454,12.370967741935484,-6.075581395348837,3.7096774193548385,10.40625,7.959876543209877,11.202991452991453,6.071428571428571,7.042307692307692
2025-07-11,-3.4118257261410787,10.307098765432098,11.441326530612244,12.370967741935484,-6.075581395348837,3.3015873015873014,10.40625,7.673780487804878,10.644957983193278,6.071428571428571,6.700757575757576
2025-07-12,-3.440376569037657,10.4359375,10.528350515463918,9.45,-7.323529411764706,2.528,4.433333333333334,6.533950617283951,9.88771186440678,6.071428571428571,5.265384615384615
2025-07-13,-4.60531914893617,10.188291139240507,11.0546875,9.45,-7.323529411764706,2.870967741935484,4.433333333333334,7.115625,10.314102564102564,6.071428571428571,3.78515625
2025-07-14,-3.9141630901287554,10.19811320754717,11.061855670103093,8.951612903225806,-7.065476190476191,2.942,3.78125,7.172839506172839,10.326271186440678,6.071428571428571,3.6346153846153846
2025-07-15,-2.9641304347826085,10.184375,11.03061224489796,8.109375,-7.226744186046512,3.435546875,2.5,7.182926829268292,9.546610169491526,6.071428571428571,3.3068181818181817
2025-07-16,-3.532608695652174,7.927672955974843,9.762755102040817,8.109375,-10.108823529411765,2.359375,2.5,7.182926829268292,8.434322033898304,6.071428571428571,2.297794117647059
2025-07-17,-3.5590128755364807,8.143518518518519,10.054455445544555,7.015151515151516,-10.551136363636363,2.0057692307692307,0.8055555555555556,6.873493975903615,8.710743801652892,1.8125,3.713768115942029
2025-07-18,-3.610042735042735,7.998466257668712,9.803921568627452,7.015151515151516,-10.606741573033707,1.8721374045801527,0.8055555555555556,6.607142857142857,8.512295081967213,1.8125,3.713768115942029
2025-07-19,-3.1963519313304722,7.998466257668712,9.803921568627452,7.015151515151516,-10.606741573033707,1.8721374045801527,0.8055555555555556,6.607142857142857,8.512295081967213,1.8125,3.713768115942029
2025-07-20,-2.933982683982684,8.513975155279503,10.67,7.015151515151516,-10.403409090909092,2.4205426356589146,0.8055555555555556,7.030120481927711,9.2125,1.8125,4.334558823529412
2025-07-21,-2.2136563876651985,8.11574074074074,10.747524752475247,7.015151515151516,-10.116666666666667,1.7692307692307692,0.8055555555555556,6.854166666666667,8.84959349593496,1.8125,3.7392857142857143
2025-07-22,-2.3761061946902653,7.680555555555555,9.855,9.5078125,-9.68131868131868,1.226923076923077,0.8055555555555556,5.731927710843373,8.102459016393443,1.8125,4.946428571428571
2025-07-23,-3.0944444444444446,6.473765432098766,7.4525,9.5078125,-10.502747252747254,-0.12790697674418605,0.8055555555555556,2.8373493975903616,5.884146341463414,1.8125,4.53169014084507
2025-07-24,-2.7144444444444447,6.737654320987654,7.3094059405940595,9.007575757575758,-10.066666666666666,-0.18076923076923077,0.39473684210526316,2.7202380952380953,6.2317073170731705,1.8125,4.371527777777778
2025-07-25,-2.8711453744493394,6.405487804878049,7.3094059405940595,9.007575757575758,-10.066666666666666,-0.48863636363636365,0.39473684210526316,2.7202380952380953,5.804,1.8125,4.371527777777778
2025-07-26,-2.8711453744493394,6.405487804878049,7.3094059405940595,9.007575757575758,-10.066666666666666,-0.48863636363636365,0.39473684210526316,2.7202380952380953,5.804,1.8125,4.371527777777778
2025-07-27,-3.1052036199095023,6.16875,7.3094059405940595,9.007575757575758,-9.994252873563218,0.5538461538461539,0.39473684210526316,2.7202380952380953,6.344758064516129,1.8125,5.492957746478873
2025-07-28,-3.494369369369369,6.372670807453416,7.131067961165049,7.9714285714285715,-9.444767441860465,0.8473282442748091,-0.5119047619047619,2.613372093023256,6.606,1.8125,5.092465753424658
2025-07-29,-1.6024774774774775,7.530674846625767,7.574519230769231,10.527777777777779,-8.955056179775282,1.8171641791044777,4.056818181818182,2.703488372093023,6.976190476190476,1.8125,7.6433333333333335
2025-07-30,-0.6538461538461539,9.501524390243903,8.780952380952382,14.784722222222221,-6.522471910112359,3.5391791044776117,8.228260869565217,3.985632183908046,8.464285714285714,12.722222222222221,9.142857142857142
2025-07-31,-0.6961883408071748,8.545454545454545,8.902380952380952,16.242857142857144,-7.732954545454546,2.414814814814815,10.25,4.453488372093023,8.303149606299213,12.722222222222221,9.740131578947368
2025-08-01,-0.9867256637168141,7.868263473053892,9.406542056074766,13.909722222222221,-7.732954545454546,2.1893382352941178,10.25,5.167613636363637,8.73062015503876,12.722222222222221,8.733766233766234
2025-08-02,-0.6488888888888888,8.379518072289157,9.406542056074766,13.909722222222221,-6.936781609195402,2.1893382352941178,10.25,5.167613636363637,8.73062015503876,12.722222222222221,8.733766233766234
2025-08-03,-1.262443438914027,7.549079754601227,7.680952380952381,15.435714285714285,-8.180232558139535,1.031954887218045,10.25,4.077586206896552,7.6646825396825395,12.722222222222221,8.16
2025-08-04,-0.3287671232876712,8.04320987654321,7.890476190476191,17.375,-7.690476190476191,1.5890151515151516,10.25,4.330459770114943,7.839285714285714,12.722222222222221,9.455479452054794
2025-08-05,-0.056712962962962965,6.830745341614906,6.7785714285714285,17.375,-7.797058823529412,0.8068181818181818,10.25,2.9885057471264367,6.912698412698413,12.722222222222221,9.455479452054794
2025-08-06,0.020930232558139535,5.979813664596273,5.882211538461538,17.375,-7.741071428571429,1.2649253731343284,10.25,2.9885057471264367,5.825396825396825,12.722222222222221,10.679054054054054
2025-08-07,-0.37962962962962965,4.95679012345679,6.055288461538462,14.871212121212121,-7.841176470588235,0.551094890510949,10.25,2.7698863636363638,5.968253968253968,12.722222222222221,10.0625
2025-08-08,-0.75,4.282934131736527,5.710648148148148,14.871212121212121,-7.576704545454546,0.10638297872340426,10.25,2.065934065934066,5.684615384615385,12.722222222222221,9.75
2025-08-09,-0.11238532110091744,4.394578313253012,5.897196261682243,14.871212121212121,-7.576704545454546,0.20892857142857144,10.25,2.2472222222222222,5.839147286821706,12.722222222222221,10.083333333333334
2025-08-10,-0.8023255813953488,3.567484662576687,5.009433962264151,9.379032258064516,-6.540697674418604,0.5845323741007195,5.976190476190476,1.148876404494382,4.803571428571429,1.8125,7.514285714285714
2025-08-11,0.14018691588785046,2.4515151515151516,3.9245283018867925,7.8515625,-6.869318181818182,-0.1358695652173913,5.976190476190476,-0.14325842696629212,3.890873015873016,1.8125,5.521428571428571
2025-08-12,-0.8785046728971962,2.2363636363636363,3.696261682242991,4.879032258064516,-5.903409090909091,-0.2823741007194245,5.976190476190476,-0.14325842696629212,3.6988188976377954,1.8125,3.9926470588235294
2025-08-13,-0.9071428571428571,1.8159509202453987,3.9858490566037736,4.879032258064516,-5.573863636363637,-0.08876811594202899,5.976190476190476,0.16193181818181818,3.9424603174603177,1.8125,4.503731343283582
2025-08-14,-0.6155660377358491,2.769578313253012,4.828703703703703,4.2109375,-4.686111111111111,1.2,4.954545454545454,0.9532967032967034,4.846899224806202,1.8125,4.194852941176471
2025-08-15,0.46261682242990654,2.7335329341317367,4.828703703703703,3.984848484848485,-4.670329670329671,1.1684397163120568,4.954545454545454,0.9532967032967034,4.846899224806202,1.8125,4.086956521739131
2025-08-16,0.636150234741784,2.7335329341317367,4.828703703703703,3.984848484848485,-4.670329670329671,1.1684397163120568,4.954545454545454,0.9532967032967034,4.846899224806202,1.8125,4.086956521739131
2025-08-17,1.4526699029126213,3.1770186335403725,5.107476635514018,5.2734375,-4.446629213483146,1.6277777777777778,4.954545454545454,1.2416666666666667,5.773809523809524,7.392857142857143,4.8283582089552235
2025-08-18,0.32057416267942584,1.7136363636363636,3.555045871559633,2.9785714285714286,-5.408602150537634,0.5643382352941176,1.78,1.1318681318681318,4.44140625,3.78125,3.7
2025-08-19,-0.05314009661835749,2.7936746987951806,3.425,5.1838235294117645,-5.25531914893617,1.3460144927536233,1.78,1.002717391304348,5.059615384615385,14.607142857142858,4.797101449275362
2025-08-20,-0.43301435406698563,2.3283132530120483,3.3840909090909093,5.1838235294117645,-6.077127659574468,1.3134057971014492,1.78,0.9538043478260869,5.025,14.607142857142858,3.7644927536231885
2025-08-21,-0.23684210526315788,1.052710843373494,4.986111111111111,6.053030303030303,-4.163978494623656,0.6727941176470589,6.72,2.8222222222222224,5.1434108527131785,14.607142857142858,2.220149253731343
2025-08-22,0.1643192488262911,0.9166666666666666,5.448198198198198,6.053030303030303,-3.276315789473684,0.5212765957446809,6.72,2.684065934065934,5.231203007518797,14.607142857142858,2.8768115942028984
2025-08-23,0.1643192488262911,0.9166666666666666,5.448198198198198,6.053030303030303,-3.276315789473684,0.5212765957446809,6.72,2.684065934065934,5.231203007518797,14.607142857142858,2.8768115942028984
2025-08-24,0.09642857142857143,1.0491071428571428,5.780092592592593,6.053030303030303,-3.327956989247312,0.6857142857142857,6.72,2.6420454545454546,5.501923076923077,14.607142857142858,3.25
2025-08-25,0.30357142857142855,0.9733727810650887,5.655092592592593,6.053030303030303,-3.2688172043010755,0.5975177304964538,6.72,2.4886363636363638,5.398076923076923,14.607142857142858,3.6044776119402986
2025-08-26,0.8398058252427184,0.8323353293413174,5.69212962962963,4.992647058823529,-3.375,0.4226618705035971,6.72,2.534090909090909,5.428846153846154,14.607142857142858,3.110294117647059
2025-08-27,1.3219512195121952,1.8323353293413174,6.888888888888889,4.992647058823529,-1.5194444444444444,1.6241007194244603,6.72,3.6292134831460676,6.423076923076923,14.607142857142858,3.110294117647059
2025-08-28,0.8939024390243903,2.0148809523809526,6.263888888888889,4.992647058823529,-0.04619565217391304,2.5407801418439715,6.72,3.6292134831460676,5.903846153846154,14.607142857142858,3.110294117647059
2025-08-29,0.22857142857142856,1.989825581395349,6.684684684684685,7.180555555555555,-0.8218085106382979,2.9427083333333335,9.50925925925926,4.524725274725275,6.2631578947368425,14.607142857142858,3.359154929577465
2025-08-30,0.22857142857142856,1.989825581395349,6.684684684684685,7.180555555555555,-0.8218085106382979,2.9427083333333335,9.50925925925926,4.524725274725275,6.2631578947368425,14.607142857142858,3.359154929577465
2025-08-31,-0.7214285714285714,1.2732558139534884,6.417410714285714,6.358108108108108,-2.132978723404255,2.0868055555555554,8.339285714285714,4.2228260869565215,5.336466165413534,14.607142857142858,1.6232394366197183
2025-09-01,-0.5204326923076923,1.5338235294117648,6.913636363636364,6.358108108108108,-1.554945054945055,2.236013986013986,8.339285714285714,4.780555555555556,5.736641221374046,14.607142857142858,1.6232394366197183
2025-09-02,-2.3361244019138754,0.5902366863905325,6.777272727272727,6.111111111111111,-2.2768817204301075,1.1013986013986015,7.75,4.613888888888889,4.8961538461538465,14.607142857142858,1.4285714285714286
2025-09-03,-1.8151658767772512,1.2673410404624277,6.647826086956521,5.162162162162162,-1.4175257731958764,2.0493197278911564,6.482758620689655,4.928191489361702,4.855555555555555,9.15625,0.7604166666666666
2025-09-04,-2.2785714285714285,0.42528735632183906,6.426724137931035,5.162162162162162,-1.845959595959596,1.1904761904761905,6.482758620689655,4.676315789473684,4.680147058823529,9.15625,0.7604166666666666
2025-09-05,-1.9511627906976745,-0.08333333333333333,6.008474576271187,5.162162162162162,-2.095,0.575,6.482758620689655,4.526041666666667,4.3478260869565215,9.15625,0.3835616438356164
2025-09-06,-1.9511627906976745,-0.08333333333333333,6.008474576271187,5.162162162162162,-2.095,0.575,6.482758620689655,4.526041666666667,4.3478260869565215,9.15625,0.3835616438356164
2025-09-07,-1.9798578199052133,-0.41235632183908044,5.359913793103448,3.4642857142857144,-1.9444444444444444,0.7837837837837838,3.142857142857143,4.9388297872340425,4.022222222222222,9.15625,-0.5880281690140845
2025-09-08,-3.4194711538461537,-1.728448275862069,4.211538461538462,3.0069444444444446,-2.1930693069306932,-0.6598639455782312,2.586206896551724,3.528947368421053,3.0441176470588234,9.15625,-0.9691780821917808
2025-09-09,-4.25,-1.7514285714285713,5.177966101694915,3.0069444444444446,-2.2279411764705883,-0.8439597315436241,2.586206896551724,4.427835051546392,3.8850364963503647,9.15625,0.3952702702702703
2025-09-10,-3.908536585365854,-2.2844827586206895,4.444444444444445,5.628378378378378,-1.7775,-0.6173469387755102,2.586206896551724,4.587628865979381,2.5277777777777777,9.15625,2.25
2025-09-11,-3.218599033816425,-1.497142857142857,4.203389830508475,4.848684210526316,-1.4225,-0.3758503401360544,1.7,4.413265306122449,2.332720588235294,9.15625,1.8952702702702702
2025-09-12,-3.2632211538461537,-1.5596590909090908,4.063025210084033,4.378205128205129,-1.5321782178217822,-0.4577702702702703,1.2096774193548387,4.242424242424242,2.2244525547445257,6.638888888888889,1.69
2025-09-13,-3.2632211538461537,-1.5596590909090908,4.063025210084033,4.378205128205129,-1.5321782178217822,-0.4577702702702703,1.2096774193548387,4.242424242424242,2.2244525547445257,6.638888888888889,1.69
2025-09-14,-2.823170731707317,-2.14,3.25,4.378205128205129,-1.5321782178217822,-0.4577702702702703,1.2096774193548387,3.2653061224489797,1.505514705882353,6.638888888888889,1.69
2025-09-15,-2.345771144278607,-1.953757225433526,2.7884615384615383,3.775,-1.5321782178217822,-0.5187074829931972,1.2096774193548387,2.7087628865979383,0.9393382352941176,6.638888888888889,1.4078947368421053
2025-09-16,-1.8321078431372548,-1.5284090909090908,3.7457627118644066,6.121951219512195,-1.2525,0.1174496644295302,4.296875,4.043814432989691,1.7773722627737227,6.638888888888889,2.75
2025-09-17,-0.9019607843137255,-0.8516949152542372,4.098290598290598,5.083333333333333,-1.2525,1.0402684563758389,4.296875,4.4765625,2.0661764705882355,6.638888888888889,1.9620253164556962
2025-09-18,-0.022277227722772276,-0.3457142857142857,4.02991452991453,5.083333333333333,-0.6607142857142857,1.6683673469387754,4.296875,4.707894736842105,2.335185185185185,6.638888888888889,2.5288461538461537
2025-09-19,-0.18226600985221675,-0.5284090909090909,3.7203389830508473,5.083333333333333,-0.9823232323232324,1.4375,4.296875,4.526041666666667,2.079044117647059,6.638888888888889,2.5288461538461537
2025-09-20,-0.11138613861386139,-0.44857142857142857,3.876068376068376,5.083333333333333,-0.8443877551020408,1.5459183673469388,4.296875,4.726315789473684,2.2018518518518517,6.638888888888889,2.5288461538461537
2025-09-21,-0.3413705583756345,-1.444767441860465,3.0474137931034484,2.768292682926829,-1.5911458333333333,0.3975694444444444,4.296875,3.7127659574468086,1.7086466165413534,6.638888888888889,1.2629870129870129
2025-09-22,-0.1951530612244898,-1.1338235294117647,2.5331858407079646,1.2171052631578947,-1.1789473684210525,1.1336805555555556,2.4224137931034484,4.149456521739131,1.984732824427481,9.34375,0.043333333333333335
2025-09-23,-0.41237113402061853,-1.2514705882352941,2.925675675675676,1.2171052631578947,-1.0394736842105263,0.8879310344827587,2.4224137931034484,4.384615384615385,2.313953488372093,9.34375,0.3904109589041096
2025-09-24,-0.9497422680412371,-1.698224852071006,2.7611607142857144,0.7884615384615384,-1.8404255319148937,0.3784722222222222,1.825,4.384615384615385,2.1769230769230767,9.34375,-1.1917808219178083
2025-09-25,-1.6143617021276595,-2.682926829268293,2.165137614678899,-1.3445945945945945,-1.4483695652173914,-0.7086330935251799,2.560344827586207,3.441011235955056,1.8253968253968254,-3.607142857142857,-3.8214285714285716
2025-09-26,-1.6256476683937824,-2.480654761904762,1.795045045045045,-1.3445945945945945,-1.64247311827957,-0.5262237762237763,2.560344827586207,2.9615384615384617,1.948076923076923,-3.607142857142857,-4.225694444444445
2025-09-27,-1.6256476683937824,-2.480654761904762,1.795045045045045,-1.3445945945945945,-1.64247311827957,-0.5262237762237763,2.560344827586207,2.9615384615384617,1.948076923076923,-3.607142857142857,-4.225694444444445
2025-09-28,-1.2157894736842105,-2.16969696969697,2.126146788990826,-0.6527777777777778,-1.1071428571428572,-0.30319148936170215,2.560344827586207,3.393258426966292,2.456692913385827,-3.607142857142857,-3.7392857142857143
2025-09-29,-0.8763297872340425,-2.0884146341463414,2.560747663551402,-0.6527777777777778,-0.8972222222222223,0.5390070921985816,2.560344827586207,3.393258426966292,2.834,-3.607142857142857,-4.992647058823529
2025-09-30,-0.9852150537634409,-1.9691358024691359,2.9023809523809523,0.47794117647058826,-0.7808988764044944,0.9202898550724637,4.222222222222222,4.104651162790698,3.130081300813008,-1.4166666666666667,-4.884328358208955
2025-10-01,-0.2992021276595745,-1.6939393939393939,3.710280373831776,0.47794117647058826,-0.8583333333333333,1.1808510638297873,4.222222222222222,3.968390804597701,3.818,-1.4166666666666667,-5.447761194029851
2025-10-02,-0.28534031413612565,-1.5639880952380953,3.396788990825688,0.47794117647058826,-0.6505376344086021,0.9772727272727273,4.222222222222222,3.5786516853932584,3.547244094488189,-1.4166666666666667,-4.727941176470588
2025-10-03,-0.9256410256410257,-2.008771929824561,3.2204545454545452,-0.9097222222222222,-1.1526315789473685,0.6258620689655172,3.5,3.361111111111111,3.39453125,-1.4166666666666667,-5.292857142857143
2025-10-04,-1.3199481865284974,-2.4718934911242605,3.2204545454545452,-0.9097222222222222,-2.228723404255319,0.11538461538461539,3.5,3.361111111111111,2.859126984126984,-1.4166666666666667,-4.996376811594203
2025-10-05,-0.9391534391534392,-2.316265060240964,3.621495327102804,-0.4642857142857143,-2.032608695652174,0.35535714285714287,4.2407407407407405,3.8591954022988504,3.1991869918699187,1.6,-4.7388059701492535
2025-10-06,-1.3979057591623036,-2.75,3.4050925925925926,-0.9444444444444444,-2.8138297872340425,-0.1954225352112676,3.455357142857143,4.159883720930233,3.0141129032258065,1.6,-4.682835820895522
2025-10-07,-1.0236842105263158,-2.3973214285714284,3.358490566037736,3.0357142857142856,-2.0342105263157895,-0.4858156028368794,5.269230769230769,3.873456790123457,2.7764227642276422,1.6,-1.671641791044776
2025-10-08,-1.2329842931937174,-2.4779411764705883,2.2196261682242993,3.6691176470588234,-1.056701030927835,-0.6083916083916084,6.22,2.3810975609756095,1.7983870967741935,1.6,-1.4166666666666667
2025-10-09,-0.0025906735751295338,-1.912280701754386,3.0347222222222223,3.6691176470588234,-1.3813131313131313,0.050347222222222224,6.22,3.7896341463414633,2.538,1.6,-1.873134328358209
2025-10-10,-1.917487684729064,-2.7869318181818183,2.7752293577981653,2.842857142857143,-2.703883495145631,-1.0486577181208054,5.009615384615385,3.7896341463414633,1.841796875,1.6,-2.6847826086956523
2025-10-11,-1.917487684729064,-2.7869318181818183,2.7752293577981653,2.842857142857143,-2.703883495145631,-1.0486577181208054,5.009615384615385,3.7896341463414633,1.841796875,1.6,-2.6847826086956523
2025-10-12,-3.3682266009852215,-3.244285714285714,2.9883177570093458,0.3142857142857143,-2.703883495145631,-1.5777027027027026,5.45,4.1,2.007936507936508,1.6,-3.967391304347826
2025-10-13,-3.3284313725490198,-3.46,2.635514018691589,0.8529411764705882,-2.48019801980198,-1.8327702702702702,6.427083333333333,3.628125,1.7083333333333333,1.6,-3.761029411764706
2025-10-14,-3.2636138613861387,-3.101156069364162,2.8891509433962264,0.8529411764705882,-2.1275,-1.58843537414966,6.427083333333333,3.628125,1.972,1.6,-2.9356060606060606
2025-10-15,-3.9591346153846154,-3.1357142857142857,3.682242990654206,3.7714285714285714,-2.712121212121212,-0.9847972972972973,6.552083333333333,5.484939759036145,2.6527777777777777,27.2,-3.170289855072464
2025-10-16,-5.408767772511848,-3.434285714285714,3.8632075471698113,3.7714285714285714,-2.5816326530612246,-1.337837837837838,6.552083333333333,5.740853658536586,2.798,27.2,-3.170289855072464
2025-10-17,-5.998831775700935,-3.9829545454545454,3.8632075471698113,3.7714285714285714,-2.5816326530612246,-1.337837837837838,6.552083333333333,5.740853658536586,2.798,27.2,-4.553571428571429
2025-10-18,-5.998831775700935,-3.9829545454545454,3.8632075471698113,3.7714285714285714,-2.5816326530612246,-1.337837837837838,6.552083333333333,5.740853658536586,2.798,27.2,-4.553571428571429
2025-10-19,-5.16627358490566,-3.071220930232558,4.079326923076923,3.0416666666666665,-2.4817708333333335,-0.9809027777777778,5.39,5.796296296296297,3.3057851239669422,18.916666666666668,-2.6920289855072466
2025-10-20,-5.689858490566038,-3.45,3.1041666666666665,3.0416666666666665,-2.8891752577319587,-0.9948275862068966,5.39,4.476470588235294,2.130952380952381,18.916666666666668,-3.097826086956522
2025-10-21,-5.258333333333334,-2.9238505747126435,4.016355140186916,3.0416666666666665,-2.1237113402061856,-0.3107638888888889,5.39,5.069277108433735,2.908,18.916666666666668,-2.7830882352941178
2025-10-22,-5.744131455399061,-2.696022727272727,3.682242990654206,1.1824324324324325,-2.8156565656565657,0.13448275862068965,3.96,5.216463414634147,2.363095238095238,18.916666666666668,-3.6956521739130435
2025-10-23,-4.819575471698113,-2.4913793103448274,3.682242990654206,1.1824324324324325,-2.8156565656565657,0.4230769230769231,3.96,5.216463414634147,2.7318548387096775,18.916666666666668,-3.6956521739130435
2025-10-24,-5.119158878504673,-2.6542857142857144,3.682242990654206,1.1824324324324325,-2.8156565656565657,0.2048611111111111,3.96,5.216463414634147,2.7318548387096775,18.916666666666668,-3.6956521739130435
2025-10-25,-5.119158878504673,-2.6542857142857144,3.682242990654206,1.1824324324324325,-2.8156565656565657,0.2048611111111111,3.96,5.216463414634147,2.7318548387096775,18.916666666666668,-3.6956521739130435
2025-10-26,-5.039099526066351,-2.5130813953488373,4.0985576923076925,1.7714285714285714,-2.701530612244898,0.4379432624113475,5.0978260869565215,5.822784810126582,3.0661157024793386,18.916666666666668,-3.533582089552239
2025-10-27,-5.748798076923077,-3.341715976331361,2.9084158415841586,-1.1176470588235294,-2.9473684210526314,-0.5126811594202898,0.7840909090909091,4.8441558441558445,2.0211864406779663,18.916666666666668,-5.76953125
2025-10-28,-6.008495145631068,-4.548192771084337,2.0555555555555554,-4.181818181818182,-3.935483870967742,-1.1838235294117647,-3.9404761904761907,3.536184210526316,1.2780172413793103,2.7,-7.323770491803279
2025-10-29,-6.094660194174757,-4.631024096385542,2.316326530612245,-4.181818181818182,-4.210106382978723,-1.2849264705882353,-3.9404761904761907,3.536184210526316,1.7236842105263157,2.7,-7.323770491803279
2025-10-30,-4.532608695652174,-2.2320359281437128,3.0782828282828283,-2.1953125,-3.6067708333333335,0.3905109489051095,-3.9404761904761907,3.96,2.384782608695652,2.7,-7.040983606557377
2025-10-31,-3.0248815165876777,-2.323529411764706,3.787128712871287,-5.159090909090909,-2.538659793814433,0.9442446043165468,-3.9404761904761907,4.866883116883117,3.0085470085470085,2.7,-6.817460317460317
2025-11-01,-3.0248815165876777,-2.323529411764706,3.787128712871287,-5.159090909090909,-2.538659793814433,0.9442446043165468,-3.9404761904761907,4.866883116883117,3.0085470085470085,2.7,-6.817460317460317
2025-11-02,-2.8839712918660285,-2.1398809523809526,4.222222222222222,-5.159090909090909,-2.538659793814433,1.217153284671533,-3.9404761904761907,5.47,3.369565217391304,2.7,-6.817460317460317
2025-11-03,-3.9716981132075473,-2.5414201183431953,3.7575,-7.414285714285715,-3.313775510204082,0.7010869565217391,-4.965909090909091,5.34,2.976293103448276,2.7,-7.980769230769231
2025-11-04,-4.984741784037559,-3.8926470588235293,3.5618811881188117,-8.902777777777779,-4.2975,-0.9748201438848921,-4.965909090909091,5.059210526315789,3.1573275862068964,2.7,-10.57089552238806
2025-11-05,-5.356635071090047,-4.501488095238095,1.8564356435643565,-9.966216216216216,-6.02,-1.6788321167883211,-6.8478260869565215,4.0641891891891895,1.6724137931034482,-5.791666666666667,-11.125
2025-11-06,-6.6875,-4.835843373493976,1.6792929292929293,-9.966216216216216,-6.247448979591836,-2.233455882352941,-6.8478260869565215,4.414383561643835,1.5153508771929824,-5.791666666666667,-12.408088235294118
2025-11-07,-6.979166666666667,-4.689349112426036,2.297029702970297,-9.966216216216216,-5.174242424242424,-2.1115107913669067,-6.8478260869565215,5.173333333333333,1.564102564102564,-5.791666666666667,-12.408088235294118
2025-11-08,-6.979166666666667,-4.689349112426036,2.297029702970297,-9.966216216216216,-5.174242424242424,-2.1115107913669067,-6.8478260869565215,5.173333333333333,1.564102564102564,-5.791666666666667,-12.408088235294118
2025-11-09,-7.946009389671362,-4.3102409638554215,2.47,-9.145833333333334,-4.847938144329897,-2.1115107913669067,-6.8478260869565215,5.445945945945946,1.706896551724138,-5.791666666666667,-12.003731343283581
2025-11-10,-9.14018691588785,-4.212121212121212,3.675,-9.145833333333334,-5.940104166666667,-1.9782608695652173,-6.8478260869565215,5.445945945945946,2.7456896551724137,-5.791666666666667,-12.003731343283581
2025-11-11,-8.30299539170507,-3.4763313609467454,4.616336633663367,-7.118421052631579,-4.6275,-1.5392857142857144,-6.8478260869565215,5.429054054054054,3.1864406779661016,-5.791666666666667,-10.867647058823529
2025-11-12,-7.209862385321101,-3.230654761904762,4.297029702970297,-4.052631578947368,-2.8661616161616164,-2.066546762589928,-1.7826086956521738,3.691780821917808,2.36228813559322,-5.791666666666667,-8.242857142857142
2025-11-13,-8.54372197309417,-3.0764705882352943,4.117647058823529,-4.074324324324325,-2.974747474747475,-1.8971631205673758,-1.7826086956521738,3.4527027027027026,3.0395833333333333,-5.791666666666667,-8.396428571428572
2025-11-14,-9.155555555555555,-3.378654970760234,4.117647058823529,-4.074324324324325,-2.974747474747475,-2.2693661971830985,-1.7826086956521738,3.4527027027027026,2.56198347107438,-5.791666666666667,-8.396428571428572
2025-11-15,-9.155555555555555,-3.378654970760234,4.117647058823529,-4.074324324324325,-2.974747474747475,-2.2693661971830985,-1.7826086956521738,3.4527027027027026,2.56198347107438,-5.791666666666667,-8.396428571428572
2025-11-16,-9.032805429864254,-3.1706586826347305,5.096938775510204,-2.536764705882353,-2.7890625,-2.551418439716312,1.175,3.954861111111111,2.6186440677966103,-2.65,-7.809701492537314
2025-11-17,-10.870535714285714,-5.272058823529412,3.6806930693069306,-2.536764705882353,-2.484375,-4.38986013986014,1.175,2.75,0.6770833333333334,-2.65,-7.809701492537314
2025-11-18,-9.685840707964601,-3.7936046511627906,3.3935643564356437,-0.9027777777777778,-1.563157894736842,-3.8663194444444446,-1.0833333333333333,2.358108108108108,0.4354166666666667,-2.65,-5.580882352941177
2025-11-19,-10.839130434782609,-2.3197674418604652,3.3935643564356437,-3.7857142857142856,-2.5885416666666665,-3.622413793103448,-6.1375,2.358108108108108,0.7037815126050421,-2.65,-3.3345588235294117
2025-11-20,-13.366379310344827,-2.059171597633136,3.803030303030303,-3.7857142857142856,-3.0364583333333335,-2.8882978723404253,-6.1375,3.8412162162162162,1.3060344827586208,-2.65,-5.126865671641791
2025-11-21,-11.29375,-1.4682080924855492,3.1425,-3.7857142857142856,-3.0364583333333335,-3.306338028169014,-6.1375,3.8412162162162162,0.7628205128205128,-2.65,-5.126865671641791
2025-11-22,-11.29375,-1.4682080924855492,3.1425,-3.7857142857142856,-3.0364583333333335,-3.306338028169014,-6.1375,3.8412162162162162,0.7628205128205128,-2.65,-5.126865671641791
2025-11-23,-11.15677966101695,-1.165680473372781,3.845360824742268,-3.7857142857142856,-2.706989247311828,-2.989130434782609,-6.1375,4.830985915492958,1.2982456140350878,-2.65,-4.943181818181818
2025-11-24,-11.454255319148936,-1.2321428571428572,3.4329896907216493,-3.014705882352941,-2.614130434782609,-2.729779411764706,-6.1375,4.267605633802817,0.9473684210526315,-2.65,-4.5576923076923075
2025-11-25,-11.580168776371307,-1.3630952380952381,2.0412371134020617,-0.07142857142857142,-2.4038461538461537,-3.653703703703704,-6.1375,2.9,0.558695652173913,-2.65,-2.9734848484848486
2025-11-26,-12.269874476987448,-0.9613095238095238,1.2040816326530612,-1.0555555555555556,-1.6620879120879122,-4.830223880597015,-6.1375,2.1597222222222223,-0.13577586206896552,-2.65,-3.458955223880597
2025-11-27,-11.828723404255319,-0.8954545454545455,0.7291666666666666,-3.1214285714285714,-0.8792134831460674,-5.440839694656488,-10.210526315789474,1.1866197183098592,-0.5592105263157895,-2.65,-3.7115384615384617
2025-11-28,-11.339662447257384,-0.3323353293413174,0.6417525773195877,-3.1214285714285714,-0.8792134831460674,-4.665413533834586,-10.210526315789474,1.0625,-0.6217391304347826,-2.65,-3.7115384615384617
2025-11-29,-11.188297872340426,-0.19427710843373494,0.890625,-2.5294117647058822,-0.625,-4.524621212121212,-9.48611111111111,1.4049295774647887,-0.4232456140350877,-2.65,-3.40625
2025-11-30,-11.391949152542374,-0.09090909090909091,1.081578947368421,-2.5294117647058822,-0.625,-4.427480916030534,-9.48611111111111,1.6714285714285715,-0.2743362831858407,-2.65,-3.40625
2025-12-01,-9.052350427350428,0.9466463414634146,1.3377659574468086,-1.9090909090909092,1.3247126436781609,-3.151923076923077,-8.691176470588236,2.028985507246377,-0.07142857142857142,-2.65,-3.0952380952380953
2025-12-02,-7.358050847457627,2.76840490797546,1.8559782608695652,-1.0625,0.7264705882352941,-1.75390625,-7.421875,2.2941176470588234,0.8370535714285714,3.9375,-2.4549180327868854
2025-12-03,-5.2893617021276595,3.682098765432099,3.1494565217391304,-1.0625,1.2891566265060241,-0.767578125,-7.421875,4.044117647058823,1.8995535714285714,3.9375,-2.6975806451612905
2025-12-04,-6.202127659574468,3.2667682926829267,2.3973684210526316,-2.860294117647059,0.7559523809523809,-0.7984496124031008,-8.235294117647058,2.9014084507042255,0.9375,3.9375,-4.219230769230769
2025-12-05,-5.613541666666666,4.053254437869822,1.643939393939394,-0.09722222222222222,1.6569767441860466,-0.4041353383458647,-8.125,1.989864864864865,0.3645833333333333,3.9375,-1.1838235294117647
2025-12-06,-5.613541666666666,4.053254437869822,1.643939393939394,-0.09722222222222222,1.6569767441860466,-0.4041353383458647,-8.125,1.989864864864865,0.3645833333333333,3.9375,-1.1838235294117647
2025-12-07,-5.185924369747899,4.275449101796407,1.9768041237113403,0.2714285714285714,2.0416666666666665,-0.3087121212121212,-7.838235294117647,2.4479166666666665,0.6165254237288136,3.9375,-0.7803030303030303
2025-12-08,-5.5094537815126055,3.2395833333333335,0.8307291666666666,0.2714285714285714,0.6234939759036144,-1.2366412213740459,-7.838235294117647,0.9049295774647887,-0.33547008547008544,3.9375,-2.6818181818181817
2025-12-09,-6.338983050847458,3.2633136094674557,1.9081632653061225,-2.661764705882353,-0.45987654320987653,-2.0132575757575757,-7.838235294117647,0.8214285714285714,0.5714285714285714,3.9375,-4.190298507462686
2025-12-10,-8.514583333333333,1.8191176470588235,1.9387755102040816,-2.573529411764706,-0.8858024691358025,-2.274621212121212,-7.661764705882353,1.0144927536231885,0.5966386554621849,-1.05,-4.145522388059701
2025-12-11,-7.742827868852459,1.9215116279069768,1.8112244897959184,-2.242424242424242,-0.31097560975609756,-2.3693181818181817,-7.296875,0.8333333333333334,1.3208333333333333,2.0625,-5.227941176470588
2025-12-12,-8.823293172690763,1.0928571428571427,1.6262626262626263,-4.419117647058823,-1.7648809523809523,-2.8041044776119404,-7.296875,0.5857142857142857,1.1735537190082646,2.0625,-6.257246376811594
2025-12-13,-8.823293172690763,1.0928571428571427,1.6262626262626263,-4.419117647058823,-1.7648809523809523,-2.8041044776119404,-7.296875,0.5857142857142857,1.1735537190082646,2.0625,-6.257246376811594
2025-12-14,-8.779233870967742,1.2126436781609196,1.6262626262626263,-3.9545454545454546,-1.7648809523809523,-2.6766917293233083,-7.296875,0.5857142857142857,1.3479166666666667,2.0625,-6.0588235294117645
2025-12-15,-9.98293172690763,-0.39285714285714285,0.46683673469387754,-7.610294117647059,-2.8294117647058825,-4.068181818181818,-14.45,-1.2571428571428571,0.11666666666666667,2.0625,-9.928571428571429
2025-12-16,-9.515810276679842,-2.0041899441340782,0.6410891089108911,-6.704545454545454,-2.8294117647058825,-4.860074626865671,-14.45,-1.8274647887323943,-0.1350806451612903,2.0625,-10.735915492957746
2025-12-17,-9.837890625,-1.6847222222222222,0.8125,-3.5661764705882355,-2.8294117647058825,-5.192164179104478,-14.45,-1.954225352112676,0.8044354838709677,2.0625,-9.452054794520548
2025-12-18,-10.102140077821012,-2.1049723756906076,0.6325,-3.5661764705882355,-3.041176470588235,-5.395522388059701,-14.45,-1.8,0.6592741935483871,2.0625,-10.006756756756756
2025-12-19,-10.102140077821012,-2.1049723756906076,0.6325,-3.5661764705882355,-3.041176470588235,-5.395522388059701,-14.45,-1.8,0.6592741935483871,2.0625,-10.006756756756756
2025-12-20,-10.102140077821012,-2.1049723756906076,0.6325,-3.5661764705882355,-3.041176470588235,-5.395522388059701,-14.45,-1.8,0.6592741935483871,2.0625,-10.006756756756756
2025-12-21,-10.404527559055119,-2.537709497206704,0.6325,-3.5661764705882355,-3.996987951807229,-6.03219696969697,-14.45,-1.8,-0.1483739837398374,2.0625,-9.777397260273972
2025-12-22,-9.97549019607843,-2.4944444444444445,0.0970873786407767,-3.807142857142857,-2.6957831325301207,-5.812977099236641,-14.296875,-2.4554794520547945,-0.5674603174603174,-0.75,-8.463815789473685
2025-12-23,-10.0771484375,-2.4763888888888888,0.12864077669902912,-3.463235294117647,-2.5396341463414633,-5.788167938931298,-14.216666666666667,-2.5878378378378377,-0.5416666666666666,-0.75,-8.37
2025-12-24,-10.075581395348838,-2.5576923076923075,-0.06190476190476191,-3.463235294117647,-2.5396341463414633,-5.849624060150376,-14.216666666666667,-2.7796052631578947,-0.6875,-0.75,-8.401315789473685
2025-12-25,-10.234189723320158,-2.7457865168539324,0.2936893203883495,-3.463235294117647,-2.330246913580247,-6.211240310077519,-14.216666666666667,-2.358108108108108,-0.8971774193548387,-0.75,-8.131756756756756
2025-12-26,-10.151960784313726,-2.7125,0.2936893203883495,-3.463235294117647,-2.330246913580247,-6.017307692307693,-14.216666666666667,-2.358108108108108,-0.8971774193548387,-0.75,-8.053333333333333
2025-12-27,-10.151960784313726,-2.7125,0.2936893203883495,-3.463235294117647,-2.330246913580247,-6.017307692307693,-14.216666666666667,-2.358108108108108,-0.8971774193548387,-0.75,-8.053333333333333
2025-12-28,-10.49702380952381,-3.154494382022472,-0.6838235294117647,-3.463235294117647,-3.609375,-6.68359375,-14.216666666666667,-3.76027397260274,-1.717479674796748,-0.75,-8.053333333333333
2025-12-29,-9.299603174603174,-3.016949152542373,-0.4900990099009901,-3.607142857142857,-3.609375,-6.68359375,-13.859375,-3.76027397260274,-1.5655737704918034,-0.75,-7.79054054054054
2025-12-30,-9.906,-3.617142857142857,-1.4848484848484849,-3.607142857142857,-4.05379746835443,-7.575396825396825,-13.859375,-3.7777777777777777,-2.404166666666667,-0.75,-7.236486486486487
2025-12-31,-10.394153225806452,-3.8453757225433525,-1.385204081632653,-3.607142857142857,-4.434210526315789,-7.546,-13.859375,-3.6725352112676055,-2.3298319327731094,-0.75,-7.931506849315069
2026-01-01,-10.227551020408164,-3.7339181286549707,-1.2345360824742269,-2.340909090909091,-4.56,-7.647177419354839,-13.716666666666667,-3.4964285714285714,-2.2139830508474576,-0.75,-7.464788732394366
2026-01-02,-10.03024193548387,-3.564655172413793,-0.36363636363636365,-2.340909090909091,-3.9935064935064934,-7.322834645669292,-13.716666666666667,-2.236111111111111,-1.4791666666666667,-0.75,-7.586805555555555
2026-01-03,-10.03024193548387,-3.564655172413793,-0.36363636363636365,-2.340909090909091,-3.9935064935064934,-7.322834645669292,-13.716666666666667,-2.236111111111111,-1.4791666666666667,-0.75,-7.586805555555555
2026-01-04,-9.664959016393443,-2.958823529411765,0.24479166666666666,-1.859375,-2.606164383561644,-6.607723577235772,-13.428571428571429,-2.017605633802817,-1.0085470085470085,-0.75,-7.443661971830986
2026-01-05,-9.308884297520661,-2.4360119047619047,0.9289473684210526,-5.145161290322581,-1.9014084507042253,-5.073770491803279,-13.428571428571429,-0.6006944444444444,-0.2847826086956522,-0.75,-10.0
2026-01-06,-9.837809917355372,-2.5059171597633134,0.7708333333333334,-5.145161290322581,-3.5902777777777777,-6.010245901639344,-13.428571428571429,-0.7876712328767124,-0.4051724137931034,-0.75,-10.0
2026-01-07,-11.042181069958847,-3.146449704142012,-0.3671875,-5.145161290322581,-3.6944444444444446,-6.897540983606557,-13.428571428571429,-2.4075342465753424,-1.1456521739130434,-0.75,-9.716911764705882
2026-01-08,-9.253177966101696,-1.874251497005988,0.461734693877551,-1.1048387096774193,-0.35144927536231885,-5.008403361344538,-4.482142857142857,-1.25,0.043478260869565216,-0.75,-7.761029411764706
2026-01-09,-8.65702479338843,-1.3191176470588235,0.461734693877551,-1.1048387096774193,1.082142857142857,-4.622916666666667,-4.482142857142857,-1.25,0.39870689655172414,-0.75,-6.199275362318841
2026-01-10,-8.300829875518673,-0.7677514792899408,0.461734693877551,2.0083333333333333,1.082142857142857,-3.8676470588235294,-4.482142857142857,-1.25,0.39870689655172414,-0.75,-4.900735294117647
2026-01-11,-8.54936974789916,-0.9879518072289156,1.15625,2.0083333333333333,1.082142857142857,-4.262931034482759,-4.482142857142857,-0.3835616438356164,0.9824561403508771,-0.75,-4.900735294117647
2026-01-12,-9.722803347280335,-1.1826347305389222,0.7989690721649485,2.0083333333333333,1.082142857142857,-4.262931034482759,-4.482142857142857,-0.3835616438356164,0.6826086956521739,-0.75,-4.900735294117647
2026-01-13,-8.354525862068966,-1.5696969696969696,0.16842105263157894,-0.49166666666666664,4.358695652173913,-3.965217391304348,4.446428571428571,-1.2605633802816902,0.1504424778761062,-25.9375,-6.1856060606060606
2026-01-14,-6.668103448275862,-1.4563253012048192,-0.3556701030927835,-0.49166666666666664,3.5246478873239435,-3.7823275862068964,4.446428571428571,-1.46875,-0.29130434782608694,-25.9375,-6.1856060606060606
2026-01-15,-5.573593073593074,-0.14820359281437126,-0.17857142857142858,-0.49166666666666664,3.5246478873239435,-2.7266949152542375,4.446428571428571,-1.2157534246575343,0.7136752136752137,-25.9375,-4.742307692307692
2026-01-16,-4.784042553191489,0.39201183431952663,-0.3475,-0.49166666666666664,3.5246478873239435,-2.825,4.446428571428571,-1.4133333333333333,0.5567226890756303,-25.9375,-4.806818181818182
2026-01-17,-5.2318376068376065,-0.20089285714285715,-0.12373737373737374,0.2672413793103448,3.8964285714285714,-2.825,6.519230769230769,-1.1283783783783783,0.7521186440677966,-27.083333333333332,-6.4192307692307695
2026-01-18,-4.650862068965517,0.5214723926380368,0.8078947368421052,0.2672413793103448,5.343283582089552,-2.502136752136752,6.519230769230769,0.07857142857142857,1.9491150442477876,-27.083333333333332,-6.265625
2026-01-19,-4.693376068376068,0.37347560975609756,0.060526315789473685,0.2672413793103448,5.042307692307692,-3.5889830508474576,6.519230769230769,-0.15845070422535212,1.546875,-27.083333333333332,-4.892307692307693
2026-01-20,-3.2993697478991595,1.2664670658682635,1.8545918367346939,5.068965517241379,7.8203125,-2.638655462184874,13.857142857142858,0.7568493150684932,3.3267543859649122,-27.083333333333332,-3.553030303030303
2026-01-21,-4.1234567901234565,0.13742690058479531,1.2175,5.068965517241379,7.461538461538462,-4.08130081300813,13.857142857142858,0.5371621621621622,2.752155172413793,-27.083333333333332,-5.253623188405797
2026-01-22,-3.4710743801652892,0.9035087719298246,1.2175,5.068965517241379,7.461538461538462,-3.016260162601626,13.857142857142858,0.5371621621621622,3.5833333333333335,-27.083333333333332,-5.253623188405797
2026-01-23,-1.836734693877551,0.7223837209302325,0.905940594059406,5.068965517241379,6.890151515151516,-3.016260162601626,13.857142857142858,0.5371621621621622,3.2966101694915255,-27.083333333333332,-5.253623188405797
2026-01-24,-1.836734693877551,0.7223837209302325,0.905940594059406,5.068965517241379,6.890151515151516,-3.016260162601626,13.857142857142858,0.5371621621621622,3.2966101694915255,-27.083333333333332,-5.253623188405797
2026-01-25,-1.836734693877551,0.7223837209302325,0.905940594059406,5.068965517241379,6.890151515151516,-3.016260162601626,13.857142857142858,0.5371621621621622,3.2966101694915255,-27.083333333333332,-5.253623188405797
2026-01-26,-2.379,0.6742857142857143,0.7867647058823529,5.935483870967742,6.334558823529412,-2.994047619047619,12.216666666666667,0.38,3.1632231404958677,-27.083333333333332,-4.704861111111111
2026-01-27,-1.8125,0.6073446327683616,0.3547619047619048,5.5546875,5.632142857142857,-3.029296875,11.0625,-0.1858974358974359,2.482,-27.083333333333332,-5.226666666666667
2026-01-28,-2.4448979591836735,-0.5285714285714286,-1.1004901960784315,5.5546875,6.445652173913044,-3.840551181102362,11.0625,-1.4870129870129871,1.3176229508196722,-27.083333333333332,-4.614864864864865
2026-01-29,-5.021255060728745,0.7456896551724138,-0.8910891089108911,8.959677419354838,6.445652173913044,-4.524,11.0625,-2.5633333333333335,1.512396694214876,-27.083333333333332,-4.743055555555555
2026-01-30,-5.202620967741935,0.45571428571428574,-1.3725490196078431,8.959677419354838,5.639285714285714,-4.884920634920635,11.0625,-2.5633333333333335,1.0901639344262295,-27.083333333333332,-5.363013698630137
2026-01-31,-5.202620967741935,0.45571428571428574,-1.3725490196078431,8.959677419354838,5.639285714285714,-4.884920634920635,11.0625,-2.5633333333333335,1.0901639344262295,-27.083333333333332,-5.363013698630137
2026-02-01,-5.058401639344262,1.1715116279069768,-0.81,12.655172413793103,7.205882352941177,-4.014227642276423,13.566666666666666,-2.239864864864865,1.6,-27.083333333333332,-4.257042253521127
2026-02-02,-4.810975609756097,0.25722543352601157,-1.1825,8.5,7.791044776119403,-4.477642276422764,13.566666666666666,-2.7432432432432434,0.6756198347107438,-38.5625,-5.510714285714286
2026-02-03,-4.149193548387097,1.1502890173410405,-0.6439393939393939,10.456896551724139,8.734848484848484,-3.2215447154471546,17.982142857142858,-2.7432432432432434,1.9524793388429753,-35.333333333333336,-3.392857142857143
2026-02-04,-2.8851626016260163,2.041907514450867,0.3787878787878788,7.708333333333333,9.03076923076923,-2.80327868852459,17.982142857142858,-2.7636986301369864,2.3811475409836067,-35.333333333333336,-2.992857142857143
2026-02-05,-3.180722891566265,1.7095375722543353,0.2474747474747475,5.935483870967742,6.726923076923077,-3.3291666666666666,13.633333333333333,-4.993150684931507,2.7520661157024793,-35.333333333333336,-4.256944444444445
2026-02-06,-3.798804780876494,1.7095375722543353,0.2474747474747475,5.935483870967742,6.726923076923077,-3.3291666666666666,13.633333333333333,-4.993150684931507,2.7520661157024793,-35.333333333333336,-4.256944444444445
2026-02-07,-3.798804780876494,1.7095375722543353,0.2474747474747475,5.935483870967742,6.726923076923077,-3.3291666666666666,13.633333333333333,-4.993150684931507,2.7520661157024793,-35.333333333333336,-4.256944444444445
2026-02-08,-2.7813765182186234,1.1380813953488371,-0.7704081632653061,5.935483870967742,6.726923076923077,-4.197478991596639,13.633333333333333,-4.993150684931507,1.9416666666666667,-35.333333333333336,-4.256944444444445
2026-02-09,-3.7024291497975708,0.727810650887574,-0.8556701030927835,4.318965517241379,5.879032258064516,-5.318376068376068,13.633333333333333,-5.166666666666667,1.7668067226890756,-35.333333333333336,-4.46875
2026-02-10,-3.9938775510204083,1.2440119760479043,-0.24473684210526317,0.9017857142857143,6.185483870967742,-4.673913043478261,7.464285714285714,-2.98943661971831,2.6336206896551726,-35.333333333333336,-5.246428571428571
2026-02-11,-3.260330578512397,2.3569277108433737,1.9869791666666667,0.9017857142857143,9.484126984126984,-3.1052631578947367,7.464285714285714,-1.3838028169014085,3.6163793103448274,-35.333333333333336,-5.119565217391305
2026-02-12,-3.340816326530612,2.9865269461077846,2.997422680412371,0.9017857142857143,8.59765625,-1.7478070175438596,7.464285714285714,0.024305555555555556,4.950431034482759,-35.333333333333336,-3.617857142857143
2026-02-13,-3.102409638554217,2.6161764705882353,3.9872448979591835,0.9017857142857143,10.003846153846155,-1.3211206896551724,7.464285714285714,0.024305555555555556,5.25635593220339,-35.333333333333336,-2.158450704225352
2026-02-14,-2.7903225806451615,3.1079881656804735,3.9872448979591835,0.9017857142857143,11.41796875,-0.6326086956521739,7.464285714285714,0.024305555555555556,5.989316239316239,-35.333333333333336,-2.158450704225352
2026-02-15,-1.1683884297520661,5.088414634146342,5.276315789473684,-0.09482758620689655,12.451612903225806,1.240990990990991,5.1,0.9392857142857143,7.116228070175438,-35.333333333333336,-2.517361111111111
2026-02-16,-1.4958677685950412,4.091049382716049,5.573684210526316,-2.0925925925925926,12.451612903225806,0.6,8.767857142857142,1.3428571428571427,7.364035087719298,-35.333333333333336,-3.563380281690141
2026-02-17,-0.9885892116182573,3.3106060606060606,3.631443298969072,-3.3482142857142856,12.25,-0.6629464285714286,5.7,-0.647887323943662,5.709051724137931,-35.333333333333336,-5.090277777777778
2026-02-18,2.134375,3.2350299401197606,2.7925,-3.3482142857142856,13.528225806451612,-2.4260869565217393,5.7,-3.0,4.951680672268908,-35.333333333333336,-3.304054054054054
2026-02-19,0.8358369098712446,2.7377300613496933,3.4494949494949494,-3.3482142857142856,13.528225806451612,-1.9013157894736843,5.7,-3.0,5.521186440677966,-35.333333333333336,-3.304054054054054
2026-02-20,1.6276371308016877,2.3772727272727274,2.8465346534653464,-3.3482142857142856,13.528225806451612,-2.0434782608695654,5.7,-3.206081081081081,4.979166666666667,-35.333333333333336,-3.304054054054054
2026-02-21,1.6276371308016877,2.3772727272727274,2.8465346534653464,-3.3482142857142856,13.528225806451612,-2.0434782608695654,5.7,-3.206081081081081,4.979166666666667,-35.333333333333336,-3.304054054054054
2026-02-22,1.6276371308016877,2.7042682926829267,3.3875,-3.3482142857142856,13.528225806451612,-2.0434782608695654,5.7,-2.547945205479452,5.451680672268908,-35.333333333333336,-3.304054054054054
2026-02-23,-0.16772151898734178,2.9892638036809815,3.48,-7.839285714285714,13.528225806451612,-1.6776315789473684,3.734375,-2.8614864864864864,4.802966101694915,-35.333333333333336,-5.003378378378378
2026-02-24,0.5871848739495799,2.2696969696969695,4.2025,-6.814814814814815,10.841269841269842,-0.7051282051282052,3.734375,-1.885135135135135,5.845833333333333,-35.333333333333336,-5.030405405405405
2026-02-25,0.5640495867768595,1.7336309523809523,3.796116504854369,-7.648148148148148,10.28125,-1.0729166666666667,2.328125,-2.1915584415584415,5.465447154471545,-35.333333333333336,-5.33445945945946
2026-02-26,0.3343621399176955,1.4955621301775148,3.389423076923077,-7.648148148148148,11.661538461538461,-1.3822314049586777,2.328125,-2.657051282051282,5.110887096774194,-35.333333333333336,-5.33445945945946
2026-02-27,0.5,1.773391812865497,2.8891509433962264,-8.508928571428571,12.067164179104477,-1.7357723577235773,0.3235294117647059,-3.16875,4.662698412698413,-34.4375,-5.6866666666666665
2026-02-28,0.8089430894308943,1.773391812865497,2.8891509433962264,-8.508928571428571,12.067164179104477,-1.7357723577235773,0.3235294117647059,-3.16875,4.662698412698413,-34.4375,-5.6866666666666665
2026-03-01,-0.4139344262295082,1.1955882352941176,2.8891509433962264,-8.508928571428571,10.734848484848484,-2.569672131147541,0.3235294117647059,-3.16875,4.662698412698413,-34.4375,-5.6866666666666665
2026-03-02,-2.238541666666667,-0.37424242424242427,1.9038461538461537,-8.508928571428571,12.503968253968255,-4.3844537815126055,0.3235294117647059,-4.637820512820513,3.4631147540983607,-34.4375,-6.194078947368421
2026-03-03,-3.8913934426229506,-0.24702380952380953,0.1738095238095238,-8.508928571428571,13.103846153846154,-4.110655737704918,0.3235294117647059,-6.8544303797468356,2.7641129032258065,-34.4375,-3.288961038961039
2026-03-04,-3.725,0.6625766871165644,1.1675,-6.730769230769231,14.634920634920634,-3.457627118644068,1.671875,-6.17,4.095338983050848,-34.4375,-1.6369863013698631
2026-03-05,-3.9802904564315353,0.021604938271604937,1.8932291666666667,-11.197916666666666,13.380952380952381,-2.6709401709401708,2.2,-5.611111111111111,4.28695652173913,-34.4375,-5.190140845070423
2026-03-06,-2.3266129032258065,1.8393939393939394,2.904639175257732,-2.644230769230769,14.734375,-0.10416666666666667,8.3125,-4.164383561643835,5.923076923076923,-34.4375,-2.308219178082192
2026-03-07,-2.3266129032258065,1.8393939393939394,2.904639175257732,-2.644230769230769,14.734375,-0.10416666666666667,8.3125,-4.164383561643835,5.923076923076923,-34.4375,-2.308219178082192
2026-03-08,-2.6128048780487805,1.7116564417177915,3.1197916666666665,-6.25,15.373015873015873,-0.5252100840336135,8.3125,-3.9756944444444446,6.127155172413793,-34.4375,-3.328767123287671
2026-03-09,-3.07429718875502,1.412037037037037,2.623684210526316,-6.25,16.6953125,-0.10714285714285714,8.3125,-2.2222222222222223,5.743478260869566,-34.4375,-3.369718309859155
2026-03-10,0.19779116465863453,2.4222560975609757,3.268041237113402,-5.6826923076923075,17.37313432835821,0.985655737704918,10.266666666666667,-2.8817567567567566,6.2243589743589745,-38.916666666666664,-4.091549295774648
2026-03-11,0.27530364372469635,3.347560975609756,5.075757575757576,-5.6826923076923075,17.77238805970149,1.6727642276422765,10.266666666666667,-1.7033333333333334,6.896186440677966,-38.916666666666664,-2.88768115942029
2026-03-12,0.9487704918032787,3.792944785276074,4.49,-2.86,18.559701492537314,1.6158536585365855,10.266666666666667,-1.7566666666666666,6.388655462184874,-38.916666666666664,-1.8088235294117647
2026-03-13,1.00199203187251,3.5148809523809526,4.8485576923076925,-2.86,18.9,1.3359375,10.266666666666667,-1.6012658227848102,6.630081300813008,-38.916666666666664,-1.3169014084507042
2026-03-14,1.00199203187251,3.5148809523809526,4.8485576923076925,-2.86,18.9,1.3359375,10.266666666666667,-1.6012658227848102,6.630081300813008,-38.916666666666664,-1.3169014084507042
2026-03-15,1.9291497975708503,4.972560975609756,4.980769230769231,-2.4375,20.51086956521739,2.145669291338583,8.671875,-1.4272151898734178,7.063524590163935,-38.916666666666664,1.4558823529411764
2026-03-16,-0.11734693877551021,5.2313664596273295,4.762376237623762,-2.4375,18.789285714285715,2.102,8.671875,-1.141025641025641,7.411016949152542,-38.916666666666664,2.3656716417910446
2026-03-17,1.3547717842323652,5.855345911949685,6.0272277227722775,-6.891304347826087,18.789285714285715,3.6411290322580645,8.671875,0.4967948717948718,7.711538461538462,-38.916666666666664,2.821969696969697
2026-03-18,3.1116803278688523,6.0107361963190185,5.752427184466019,-2.4375,19.175,3.4864341085271318,8.671875,0.053125,7.1875,-38.916666666666664,4.132352941176471
2026-03-19,3.2428861788617884,5.11144578313253,4.95,-2.4375,18.306338028169016,2.877862595419847,8.671875,-0.32098765432098764,6.473360655737705,-38.916666666666664,4.132352941176471
2026-03-20,2.144268774703557,4.677941176470588,5.609813084112149,-4.55,15.493243243243244,2.3981481481481484,8.671875,0.6566265060240963,6.52,-38.916666666666664,3.482394366197183
2026-03-21,2.144268774703557,4.677941176470588,5.609813084112149,-4.55,15.493243243243244,2.3981481481481484,8.671875,0.6566265060240963,6.52,-38.916666666666664,3.482394366197183
2026-03-22,2.0481927710843375,5.159638554216867,6.422330097087379,-4.239583333333333,14.335616438356164,2.672932330827068,10.05,1.4651898734177216,7.241735537190083,-52.375,2.599264705882353
2026-03-23,2.030632411067194,6.399700598802395,7.512135922330097,-4.239583333333333,14.335616438356164,3.5169172932330826,10.05,2.8860759493670884,8.169421487603305,-52.375,5.382142857142857
2026-03-24,1.8941176470588235,6.038922155688622,6.927184466019417,-5.51,13.547297297297296,3.06390977443609,7.171875,2.1234177215189876,7.671487603305785,-52.375,5.021428571428571
2026-03-25,1.8468992248062015,6.938235294117647,6.2595238095238095,-5.51,12.98,3.318014705882353,7.171875,1.376543209876543,8.86491935483871,-52.375,6.359154929577465
2026-03-26,0.2538167938931298,5.970760233918129,4.622685185185185,-5.51,11.480519480519481,1.9873188405797102,7.171875,0.018072289156626505,7.411417322834645,-52.375,6.482142857142857
2026-03-27,-0.9135687732342007,6.237215909090909,5.1431818181818185,-5.51,12.946875,2.7077464788732395,7.171875,-0.38095238095238093,7.4326923076923075,-52.375,5.166666666666667
2026-03-28,-0.9135687732342007,6.237215909090909,5.1431818181818185,-5.51,12.946875,2.7077464788732395,7.171875,-0.38095238095238093,7.4326923076923075,-52.375,5.166666666666667
2026-03-29,-2.3559479553903344,5.911016949152542,4.632882882882883,-5.385416666666667,12.946875,2.3286713286713288,8.216666666666667,-0.38095238095238093,6.982824427480916,-52.375,4.390410958904109
2026-03-30,-2.649628252788104,6.404285714285714,4.859090909090909,-5.385416666666667,13.79746835443038,2.8900709219858154,8.216666666666667,-0.14156626506024098,7.1923076923076925,-52.375,4.614583333333333
2026-03-31,-2.1081818181818184,7.050561797752809,5.045871559633028,-1.17,14.563253012048193,2.9858156028368796,8.216666666666667,0.04573170731707317,8.080769230769231,-52.375,5.8141891891891895
2026-04-01,-2.5949820788530467,7.034722222222222,4.611363636363636,-2.769230769230769,15.714285714285714,3.7482394366197185,5.03125,-0.46987951807228917,7.692748091603053,-52.375,6.4144736842105265
2026-04-02,-2.630824372759857,7.17877094972067,4.802752293577981,1.037037037037037,16.69277108433735,3.9078014184397163,10.617647058823529,-0.2774390243902439,7.33587786259542,-52.375,7.944078947368421
2026-04-03,-2.8016014234875444,6.988888888888889,4.513636363636364,3.853448275862069,16.69277108433735,3.6901408450704225,13.907894736842104,-0.5993975903614458,7.075757575757576,-1.5833333333333333,8.814102564102564
2026-04-04,-2.8016014234875444,6.988888888888889,4.513636363636364,3.853448275862069,16.69277108433735,3.6901408450704225,13.907894736842104,-0.5993975903614458,7.075757575757576,-1.5833333333333333,8.814102564102564
2026-04-05,-3.8102836879432624,5.877777777777778,4.513636363636364,3.853448275862069,15.676829268292684,2.2816901408450705,13.907894736842104,-0.5993975903614458,7.075757575757576,-1.5833333333333333,9.968354430379748
2026-04-06,-2.048758865248227,6.689606741573034,4.946261682242991,10.056451612903226,18.743827160493826,3.2625,13.907894736842104,-0.2125,8.205769230769231,-1.5833333333333333,12.191358024691358
2026-04-07,-2.7596153846153846,6.095833333333333,4.462264150943396,10.056451612903226,16.987951807228917,3.0088652482269502,13.907894736842104,0.015822784810126583,7.833333333333333,-1.5833333333333333,9.960365853658537
2026-04-08,-3.589160839160839,5.4636871508379885,3.369047619047619,7.058333333333334,15.325301204819278,1.9734042553191489,9.125,-1.8322784810126582,6.962890625,-1.5833333333333333,8.709876543209877
2026-04-09,-4.171654929577465,4.938888888888889,3.243119266055046,10.056451612903226,12.829411764705883,1.1443661971830985,13.907894736842104,-2.7591463414634148,6.486641221374046,-1.5833333333333333,8.709876543209877
2026-04-10,-4.066433566433567,5.285714285714286,3.8423423423423424,10.056451612903226,13.843023255813954,1.6354166666666667,13.907894736842104,-1.5210843373493976,6.93796992481203,-1.5833333333333333,8.709876543209877
2026-04-11,-4.066433566433567,5.285714285714286,3.8423423423423424,10.056451612903226,13.843023255813954,1.6354166666666667,13.907894736842104,-1.5210843373493976,6.93796992481203,-1.5833333333333333,8.709876543209877
2026-04-12,-3.535335689045936,5.5,4.181818181818182,10.056451612903226,13.843023255813954,1.6354166666666667,13.907894736842104,-1.5210843373493976,7.244318181818182,-1.5833333333333333,8.709876543209877
2026-04-13,-3.98859649122807,6.095833333333333,4.197727272727272,10.75,13.843023255813954,1.6475694444444444,9.125,-1.5,7.257575757575758,-1.5833333333333333,8.653125
2026-04-14,-4.374113475177305,6.319832402234637,4.548165137614679,10.75,14.773809523809524,1.8968531468531469,9.125,-1.5030120481927711,7.572519083969466,-1.5833333333333333,8.653125
2026-04-15,-4.743006993006993,5.824175824175824,3.7901785714285716,10.75,15.776470588235295,1.36986301369863,9.125,-2.1666666666666665,6.171052631578948,-1.5833333333333333,8.216049382716049
2026-04-16,-5.222027972027972,5.583333333333333,4.376106194690266,8.298387096774194,16.75581395348837,1.836734693877551,5.4875,-2.2228915662650603,6.647388059701493,-1.5833333333333333,7.560975609756097
2026-04-17,-5.069827586206896,5.588235294117647,3.6939655172413794,6.8984375,16.974431818181817,2.0716666666666668,3.488095238095238,-2.5176470588235293,6.0200729927007295,-1.5833333333333333,8.008928571428571
2026-04-18,-4.741349480968858,5.588235294117647,3.6939655172413794,6.8984375,16.974431818181817,2.0716666666666668,3.488095238095238,-2.5176470588235293,6.0200729927007295,-1.5833333333333333,8.008928571428571
2026-04-19,-4.3173076923076925,6.154054054054054,3.871739130434783,6.8984375,16.974431818181817,3.2701342281879193,3.488095238095238,-2.3482142857142856,6.1875,-1.5833333333333333,7.105421686746988
2026-04-20,-5.158035714285714,5.031593406593407,2.6830357142857144,5.141666666666667,15.946022727272727,1.8473154362416107,0.35526315789473684,-3.316265060240964,4.876865671641791,-1.5833333333333333,6.614197530864198
2026-04-21,-5.148181818181818,6.012569832402234,3.0,4.25,16.307471264367816,2.9845890410958904,-0.7875,-3.460843373493976,5.157894736842105,-1.5833333333333333,8.117088607594937
2026-04-22,-5.493682310469314,5.295580110497237,3.5685840707964602,4.25,15.566666666666666,2.1486486486486487,-0.7875,-2.2291666666666665,4.897388059701493,-1.5833333333333333,8.117088607594937
2026-04-23,-6.995519713261649,5.05327868852459,3.2130434782608694,4.25,15.167582417582418,1.6821192052980132,-0.7875,-2.8879310344827585,4.577205882352941,-1.5833333333333333,8.117088607594937
2026-04-24,-7.046428571428572,4.9103260869565215,3.002155172413793,4.25,15.167582417582418,1.53125,-0.7875,-3.096590909090909,4.388686131386861,-1.5833333333333333,8.117088607594937
2026-04-25,-7.046428571428572,4.9103260869565215,3.002155172413793,4.25,15.167582417582418,1.53125,-0.7875,-3.096590909090909,4.388686131386861,-1.5833333333333333,8.117088607594937
2026-04-26,-6.625912408759124,5.125,3.2653508771929824,3.2672413793103448,15.77808988764045,1.7010135135135136,-0.2631578947368421,-2.88953488372093,4.663533834586466,-1.5833333333333333,8.125
2026-04-27,-6.264440433212997,5.773743016759776,4.327433628318584,3.607142857142857,17.548295454545453,2.7260273972602738,0.06944444444444445,-1.255952380952381,5.5397727272727275,-1.5833333333333333,8.587837837837839
2026-04-28,-6.885304659498208,4.209944751381215,4.327433628318584,1.3275862068965518,15.275568181818182,2.0551724137931036,0.06944444444444445,-1.255952380952381,5.5397727272727275,-1.5833333333333333,7.64
2026-04-29,-6.7437722419928825,2.5502717391304346,2.3599137931034484,0.16666666666666666,12.794444444444444,1.226510067114094,-1.6973684210526316,-1.5058823529411764,3.8222222222222224,-1.5833333333333333,7.098684210526316
2026-04-30,-5.688380281690141,1.6115591397849462,2.3685344827586206,-2.1129032258064515,12.566666666666666,0.755,-1.6973684210526316,-1.5058823529411764,3.8296296296296295,-1.5833333333333333,6.828947368421052
2026-05-01,-5.783333333333333,1.427807486631016,2.0683760683760686,-3.0703125,12.566666666666666,0.5331125827814569,-3.25,-1.869186046511628,3.5606617647058822,-1.5833333333333333,6.314935064935065
2026-05-02,-5.451584507042254,1.427807486631016,2.0683760683760686,-3.0703125,12.566666666666666,0.5331125827814569,-3.25,-1.869186046511628,3.5606617647058822,-1.5833333333333333,6.314935064935065
2026-05-03,-5.070143884892087,3.3282967032967035,2.6760869565217393,2.4916666666666667,13.52808988764045,2.171768707482993,-3.25,-1.130952380952381,4.684210526315789,34.125,8.79
2026-05-04,-3.9550359712230216,2.833791208791209,2.9978070175438596,3.2983870967741935,14.219101123595506,1.7465517241379311,-3.25,-1.130952380952381,3.8295454545454546,34.125,7.823333333333333
2026-05-05,-4.120036101083032,3.324585635359116,2.453125,5.814516129032258,14.219101123595506,3.029310344827586,-3.25,-0.7469879518072289,4.515267175572519,34.125,8.863333333333333
2026-05-06,-3.589814814814815,3.646067415730337,2.018181818181818,7.583333333333333,14.946022727272727,3.3784722222222223,-0.9342105263157895,0.43209876543209874,4.176356589147287,34.125,10.434931506849315
2026-05-07,-1.8736162361623616,4.716666666666667,2.900900900900901,7.583333333333333,15.901685393258427,4.7020547945205475,-0.9342105263157895,1.646341463414634,5.6393129770992365,34.125,12.823333333333334
2026-05-08,-1.4990808823529411,5.2430939226519335,3.767857142857143,7.583333333333333,16.836111111111112,5.350340136054422,-0.9342105263157895,1.646341463414634,6.354166666666667,34.125,12.823333333333334
2026-05-09,-1.4990808823529411,5.2430939226519335,3.767857142857143,7.583333333333333,16.836111111111112,5.350340136054422,-0.9342105263157895,1.646341463414634,6.354166666666667,34.125,12.823333333333334
2026-05-10,-1.275186567164179,5.067039106145251,2.9144144144144146,7.583333333333333,16.741477272727273,5.784246575342466,-0.9342105263157895,1.6646341463414633,6.128846153846154,34.125,12.57876712328767
2026-05-11,-1.1046296296296296,4.533707865168539,1.6428571428571428,7.583333333333333,14.019886363636363,5.784246575342466,-0.9342105263157895,-0.03614457831325301,5.017175572519084,34.125,12.57876712328767
2026-05-12,-0.5611111111111111,3.994350282485876,0.7567567567567568,7.583333333333333,12.020348837209303,5.13448275862069,-0.9342105263157895,-1.2560975609756098,4.286538461538462,34.125,13.760135135135135
2026-05-13,-1.3485130111524164,3.7385714285714284,-0.14545454545454545,7.583333333333333,12.717647058823529,4.475694444444445,-0.9342105263157895,-2.506172839506173,3.544573643410853,34.125,12.57876712328767
2026-05-14,-0.4740740740740741,5.4,0.18693693693693694,8.524193548387096,12.717647058823529,5.760344827586207,0.95,-2.027439024390244,4.248062015503876,34.125,14.066666666666666
2026-05-15,-1.361913357400722,4.761173184357542,-0.14285714285714285,8.524193548387096,13.152298850574713,5.614864864864865,0.95,-2.4457831325301207,3.3874045801526718,34.125,14.522727272727273
2026-05-16,-1.2653985507246377,4.945224719101123,0.10810810810810811,9.741666666666667,13.152298850574713,5.843537414965986,2.473684210526316,-2.1341463414634148,3.628846153846154,34.125,15.082236842105264
2026-05-17,-1.9255514705882353,5.074858757062147,0.2727272727272727,9.741666666666667,13.152298850574713,6.006849315068493,2.473684210526316,-1.9382716049382716,3.796511627906977,34.125,15.523333333333333
2026-05-18,-1.239814814814815,6.23132183908046,2.515909090909091,14.316666666666666,13.105882352941176,8.184482758620689,9.697368421052632,-0.5864197530864198,5.709302325581396,34.125,17.26689189189189
2026-05-19,-1.6186131386861313,5.1875,2.622685185185185,14.316666666666666,13.105882352941176,9.817708333333334,9.697368421052632,1.5886075949367089,5.197265625,34.125,17.875
2026-05-20,-1.7841726618705036,5.24438202247191,3.5160550458715596,14.316666666666666,13.105882352941176,9.823630136986301,9.697368421052632,2.81875,5.275,34.125,16.576666666666668
2026-05-21,-3.4292114695340503,4.950842696629214,3.036697247706422,14.316666666666666,12.386627906976743,9.61472602739726,9.697368421052632,3.0854430379746836,4.873076923076923,34.125,16.576666666666668
2026-05-22,-3.00531914893617,4.402777777777778,2.1824324324324325,14.316666666666666,11.096590909090908,8.885135135135135,9.697368421052632,2.60625,4.1268939393939394,34.125,15.654605263157896
2026-05-23,-2.6601423487544484,4.402777777777778,2.1824324324324325,14.316666666666666,11.096590909090908,8.885135135135135,9.697368421052632,2.60625,4.1268939393939394,34.125,15.654605263157896
2026-05-24,-1.2545126353790614,3.868715083798883,2.4363636363636365,15.698275862068966,10.074712643678161,8.885135135135135,11.666666666666666,2.9651898734177213,4.354961832061068,34.125,16.206666666666667
2026-05-25,-1.9826642335766422,3.194602272727273,1.6846846846846846,14.508333333333333,9.285294117647059,8.170689655172414,10.0,1.915625,3.2846153846153845,16.083333333333332,15.99671052631579
2026-05-26,-2.671245421245421,2.5923295454545454,1.5458715596330275,14.141666666666667,9.411764705882353,7.994827586206896,9.421052631578947,1.7275641025641026,3.19140625,16.083333333333332,15.851973684210526
2026-05-27,-3.591726618705036,2.723314606741573,1.7314814814814814,16.911290322580644,9.446022727272727,8.41609589041096,9.421052631578947,1.9902597402597402,3.015625,16.083333333333332,18.009615384615383
2026-05-28,-3.098181818181818,2.3926553672316384,1.8217592592592593,17.10483870967742,8.850574712643677,8.71896551724138,9.736842105263158,2.116883116883117,3.091796875,40.0,18.655844155844157
2026-05-29,-3.620503597122302,1.4944444444444445,1.5275229357798166,17.10483870967742,6.838888888888889,7.811224489795919,9.736842105263158,1.7019230769230769,2.8333333333333335,40.0,16.939873417721518
2026-05-30,-3.620503597122302,1.4944444444444445,1.5275229357798166,17.10483870967742,6.838888888888889,7.811224489795919,9.736842105263158,1.7019230769230769,2.8333333333333335,40.0,16.939873417721518
2026-05-31,-3.511861313868613,1.75,1.9513888888888888,17.10483870967742,6.838888888888889,8.167808219178083,9.736842105263158,2.2987012987012987,3.201171875,40.0,17.724358974358974
2026-06-01,-3.5839483394833946,1.6647727272727273,2.586448598130841,16.140625,6.042134831460674,8.197552447552448,8.5625,3.1973684210526314,3.884920634920635,40.0,15.178571428571429
2026-06-02,-2.3245454545454547,2.3480662983425415,1.8977272727272727,16.140625,6.126344086021505,8.8125,8.5625,2.2151898734177213,4.0115384615384615,40.0,15.75632911392405
2026-06-03,-1.1462093862815885,2.9763888888888888,2.7815315315315314,18.681818181818183,6.412234042553192,9.248299319727892,12.916666666666666,3.4375,5.2057692307692305,40.0,18.75
2026-06-04,-3.4181654676258995,1.660220994475138,2.7815315315315314,16.140625,5.828947368421052,7.596283783783784,12.916666666666666,3.4375,4.059615384615385,40.0,16.8875
2026-06-05,-4.46875,1.8225806451612903,2.15,16.140625,5.234375,7.599673202614379,12.916666666666666,3.4375,3.4794776119402986,40.0,17.091463414634145
2026-06-06,-4.13588850174216,2.372972972972973,2.15,19.887096774193548,5.234375,8.307565789473685,12.916666666666666,3.4375,3.4794776119402986,40.0,18.537037037037038
2026-06-07,-3.918727915194346,2.1475409836065573,1.7809734513274336,19.887096774193548,4.2368421052631575,8.111666666666666,12.916666666666666,2.2151898734177213,3.183712121212121,40.0,18.537037037037038
2026-06-08,-5.66546762589928,1.4861111111111112,1.1824324324324325,19.887096774193548,2.885869565217391,7.612244897959184,12.916666666666666,2.628205128205128,2.6942307692307694,40.0,18.194444444444443
2026-06-09,-6.73936170212766,1.3370165745856353,0.0518018018018018,22.390625,1.5217391304347827,8.01006711409396,12.916666666666666,2.2721518987341773,1.728846153846154,40.0,19.56547619047619
2026-06-10,-5.744736842105263,2.2637362637362637,0.6824324324324325,18.681818181818183,2.3333333333333335,9.09,7.784090909090909,3.7974683544303796,3.013358778625954,40.0,19.11046511627907
2026-06-11,-6.318661971830986,2.236111111111111,-0.1550925925925926,21.073529411764707,1.5,9.891156462585034,7.784090909090909,3.388157894736842,3.118217054263566,40.0,20.404761904761905
2026-06-12,-5.639455782312925,3.475806451612903,0.24330357142857142,19.12857142857143,4.928571428571429,10.894039735099337,5.4021739130434785,3.588607594936709,3.3552631578947367,40.0,20.546511627906977
2026-06-13,-5.606655290102389,3.577027027027027,0.38288288288288286,20.139705882352942,4.928571428571429,11.068333333333333,6.340909090909091,3.8301282051282053,3.496212121212121,40.0,20.96764705882353
2026-06-14,-4.944444444444445,4.718232044198895,0.6386363636363637,20.139705882352942,6.094444444444444,11.445945945945946,6.340909090909091,4.240259740259741,3.734732824427481,40.0,22.25
2026-06-15,-5.6818965517241375,4.512362637362638,0.33783783783783783,22.42142857142857,6.094444444444444,11.149328859060402,10.41304347826087,3.766025641025641,3.4583333333333335,60.0,22.25
2026-06-16,-6.524054982817869,5.758333333333334,2.3035714285714284,22.42142857142857,6.426966292134831,12.76530612244898,14.145833333333334,4.8354430379746836,5.306818181818182,60.0,22.823170731707318
2026-06-17,-5.673469387755102,8.154166666666667,4.738839285714286,22.42142857142857,9.05,15.197635135135135,14.145833333333334,6.484177215189874,7.3731060606060606,60.0,22.823170731707318
2026-06-18,-4.371644295302014,10.672222222222222,4.093181818181818,24.705882352941178,14.08611111111111,17.70408163265306,14.145833333333334,5.607142857142857,8.061538461538461,60.0,25.065625
2026-06-19,-4.691471571906354,10.672222222222222,4.093181818181818,24.705882352941178,14.08611111111111,17.70408163265306,14.145833333333334,5.607142857142857,8.061538461538461,60.0,25.065625
2026-06-20,-4.691471571906354,10.672222222222222,4.093181818181818,24.705882352941178,14.08611111111111,17.70408163265306,14.145833333333334,5.607142857142857,8.061538461538461,60.0,25.065625
2026-06-21,-3.8135593220338984,9.668539325842696,3.213302752293578,24.705882352941178,14.08611111111111,17.14041095890411,14.145833333333334,4.365131578947368,7.348837209302325,60.0,23.14423076923077
2026-06-22,-4.827118644067797,9.13623595505618,4.021028037383178,26.545454545454547,13.744444444444444,17.294827586206896,16.32608695652174,5.5641891891891895,8.094488188976378,60.0,22.647435897435898
2026-06-23,-3.788135593220339,7.7897727272727275,4.633333333333334,26.545454545454547,14.224719101123595,17.35211267605634,16.32608695652174,6.5,6.911290322580645,60.0,21.642857142857142
2026-06-24,-2.1403061224489797,7.4303977272727275,5.803398058252427,26.545454545454547,12.602777777777778,18.394642857142856,16.32608695652174,7.482394366197183,7.266260162601626,60.0,21.642857142857142
2026-06-25,-2.5960884353741496,6.198571428571428,3.737864077669903,22.823529411764707,10.028409090909092,17.401079136690647,16.32608695652174,8.067857142857143,5.922131147540983,60.0,21.6875
2026-06-26,-1.9538590604026846,6.549157303370786,3.110576923076923,22.823529411764707,9.594444444444445,16.8375,16.32608695652174,7.088028169014085,5.373983739837398,60.0,20.607142857142858
2026-06-27,-1.4552364864864864,6.877118644067797,3.6407766990291264,22.823529411764707,9.594444444444445,17.32913669064748,16.32608695652174,7.088028169014085,5.840163934426229,60.0,21.55592105263158
2026-06-28,-1.4552364864864864,6.877118644067797,3.6407766990291264,22.823529411764707,9.594444444444445,17.32913669064748,16.32608695652174,7.088028169014085,5.840163934426229,60.0,21.55592105263158
2026-06-29,-0.3400673400673401,6.563559322033898,4.173809523809524,18.801470588235293,8.659883720930232,17.67142857142857,14.114583333333334,7.760273972602739,6.256048387096774,35.8125,21.098684210526315
2026-06-30,1.5058724832214765,8.225988700564972,5.071428571428571,20.666666666666668,9.264705882352942,17.757194244604317,16.58695652173913,8.280821917808218,7.76,35.8125,21.598684210526315
2026-07-01,1.1638795986622072,7.442737430167598,3.8119047619047617,14.833333333333334,6.826704545454546,17.189285714285713,12.795454545454545,6.469178082191781,6.71,35.8125,18.01298701298701
2026-07-02,0.35016556291390727,8.152234636871508,4.108173076923077,13.088709677419354,6.826704545454546,18.09642857142857,9.8875,6.934027777777778,6.981854838709677,14.416666666666666,18.463815789473685
2026-07-03,0.35016556291390727,8.152234636871508,4.108173076923077,13.088709677419354,6.826704545454546,18.09642857142857,9.8875,6.934027777777778,6.981854838709677,14.416666666666666,18.463815789473685
2026-07-04,0.6454849498327759,8.244350282485875,3.1771844660194173,13.088709677419354,6.826704545454546,18.358695652173914,9.8875,5.623239436619718,6.225609756097561,14.416666666666666,17.376666666666665
2026-07-05,0.09797297297297297,6.889204545454546,3.1771844660194173,7.094827586206897,4.068965517241379,17.76277372262774,9.8875,5.623239436619718,5.032520325203252,14.416666666666666,15.113013698630137
2026-07-06,1.1374570446735395,7.671511627906977,3.6262135922330097,7.094827586206897,5.470238095238095,18.977443609022558,9.8875,5.623239436619718,5.408536585365853,14.416666666666666,18.200704225352112
2026-07-07,2.098976109215017,9.73121387283237,6.189320388349515,7.094827586206897,9.273255813953488,20.962406015037594,9.8875,8.04642857142857,8.300403225806452,14.416666666666666,21.25347222222222
2026-07-08,1.4636824324324325,9.446531791907514,6.441919191919192,3.7767857142857144,10.590361445783133,22.443181818181817,5.144736842105263,9.623134328358208,8.78048780487805,14.416666666666666,20.1443661971831
2026-07-09,2.2898671096345513,9.11,6.783163265306122,3.808333333333333,7.285714285714286,22.661654135338345,9.8875,9.623134328358208,9.073770491803279,35.8125,19.708904109589042
2026-07-10,2.9155737704918034,10.137005649717514,7.724747474747475,3.808333333333333,9.44186046511628,23.807407407407407,9.8875,10.952205882352942,10.540322580645162,35.8125,20.79391891891892
2026-07-11,2.9155737704918034,10.137005649717514,7.724747474747475,3.808333333333333,9.44186046511628,23.807407407407407,9.8875,10.952205882352942,10.540322580645162,35.8125,20.79391891891892
2026-07-12,2.727574750830565,9.757142857142858,6.989690721649485,3.808333333333333,8.376470588235295,23.513157894736842,9.8875,9.969696969696969,10.00204918032787,35.8125,21.26027397260274
2026-07-13,2.717821782178218,9.54,6.597938144329897,1.9274193548387097,7.645348837209302,23.227443609022558,6.821428571428571,9.393939393939394,9.690573770491802,35.8125,20.236486486486488
2026-07-14,4.0,9.873546511627907,8.092105263157896,4.9921875,7.645348837209302,23.984615384615385,11.056818181818182,11.132575757575758,10.925,35.8125,21.316666666666666
2026-07-15,3.5836092715231787,8.339595375722544,6.21578947368421,7.141666666666667,4.908045977011494,22.61346153846154,14.8875,10.182835820895523,9.439583333333333,35.8125,21.77027027027027
2026-07-16,2.366776315789474,7.067528735632184,7.018421052631579,1.7941176470588236,3.5738636363636362,22.378846153846155,15.659090909090908,11.667910447761194,10.075,48.65,17.772727272727273
2026-07-17,2.0311475409836066,6.4557142857142855,7.018421052631579,1.7941176470588236,3.5738636363636362,22.378846153846155,15.659090909090908,11.667910447761194,10.075,48.65,17.772727272727273
2026-07-18,1.7088815789473684,5.918103448275862,7.018421052631579,1.7941176470588236,3.5738636363636362,21.777131782945737,15.659090909090908,11.667910447761194,10.075,48.65,17.772727272727273
2026-07-19,2.5322847682119205,6.286549707602339,7.215425531914893,1.7941176470588236,3.5057471264367814,22.654761904761905,15.659090909090908,12.018939393939394,10.709745762711865,48.65,18.575657894736842
2026-07-20,3.962295081967213,7.085755813953488,8.652631578947368,2.5303030303030303,4.73314606741573,23.608267716535433,17.476190476190474,12.681818181818182,11.827731092436975,48.65,20.1875
2026-07-21,4.254111842105263,7.8617647058823525,9.061170212765957,2.5303030303030303,5.104651162790698,24.928,17.476190476190474,11.338461538461539,12.180084745762711,48.65,20.1875
2026-07-22,4.16801948051948,6.433526011560693,9.51086956521739,-3.3285714285714287,3.96875,22.956349206349206,17.476190476190474,12.919354838709678,12.083333333333334,48.65,17.10576923076923
2026-07-23,4.222843450479234,6.5397727272727275,10.828804347826088,-6.013888888888889,3.9782608695652173,22.94291338582677,17.476190476190474,14.875,13.11965811965812,48.65,16.678125
2026-07-24,4.297955974842767,6.660112359550562,11.78763440860215,-6.013888888888889,4.26063829787234,23.544921875,17.476190476190474,14.875,13.1890756302521,48.65,17.70679012345679
2026-07-25,4.297955974842767,6.660112359550562,11.78763440860215,-6.013888888888889,4.26063829787234,23.544921875,17.476190476190474,14.875,13.1890756302521,48.65,17.70679012345679
2026-07-26,3.890378548895899,5.885593220338983,10.627717391304348,-6.013888888888889,2.356382978723404,22.146484375,17.476190476190474,12.540322580645162,12.082627118644067,48.65,17.589506172839506
2026-07-27,4.422118380062305,7.209497206703911,10.73421052631579,-3.7171052631578947,5.197916666666667,21.894736842105264,15.659090909090908,12.607692307692307,12.850409836065573,48.65,19.047619047619047
2026-07-28,3.9992283950617282,6.482044198895028,12.223684210526315,-3.2302631578947367,5.028061224489796,20.715073529411764,16.5,11.466417910447761,12.653225806451612,48.65,18.655882352941177
2026-07-29,2.586687306501548,6.43232044198895,12.310526315789474,-1.412162162162162,4.391414141414141,20.64889705882353,16.5,10.698529411764707,11.916,48.65,17.075581395348838
2026-07-30,2.7815384615384615,6.060773480662983,12.789893617021276,-0.5416666666666666,4.391414141414141,21.044444444444444,18.845238095238095,11.347014925373134,12.276209677419354,48.65,17.66176470588235
2026-07-31,3.2545592705167175,5.987771739130435,11.53125,-0.5416666666666666,4.3088235294117645,20.621376811594203,18.845238095238095,10.720588235294118,12.023622047244094,48.65,18.61918604651163
2026-08-01,3.2545592705167175,5.987771739130435,11.53125,-0.5416666666666666,4.3088235294117645,20.621376811594203,18.845238095238095,10.720588235294118,12.023622047244094,48.65,18.61918604651163
2026-08-02,2.1376923076923076,6.18543956043956,11.53125,-1.3428571428571427,4.079207920792079,20.621376811594203,18.845238095238095,10.720588235294118,12.527777777777779,48.65,18.514705882352942
2026-08-03,2.678680981595092,5.695355191256831,11.409090909090908,0.11805555555555555,3.2475728155339807,19.87230215827338,19.695652173913043,10.584507042253522,11.771653543307087,33.416666666666664,18.8953488372093
2026-08-04,2.324773413897281,5.553475935828877,11.409090909090908,-2.1283783783783785,3.7735849056603774,18.721830985915492,19.695652173913043,10.584507042253522,11.771653543307087,33.416666666666664,18.65909090909091
2026-08-05,2.6305970149253732,4.912698412698413,11.851485148514852,-4.1118421052631575,2.685185185185185,16.538732394366196,19.695652173913043,11.219178082191782,11.42578125,33.416666666666664,16.642045454545453
2026-08-06,1.9391691394658754,3.668848167539267,10.338235294117647,-4.1118421052631575,0.5659090909090909,14.727430555555555,19.695652173913043,10.353333333333333,10.232558139534884,33.416666666666664,15.097222222222221
2026-08-07,1.5464601769911503,3.4973958333333335,9.95388349514563,-4.1118421052631575,0.5659090909090909,14.424137931034483,19.695652173913043,9.832236842105264,9.928846153846154,33.416666666666664,14.60989010989011
2026-08-08,1.6338757396449703,3.662303664921466,10.325980392156863,-4.1118421052631575,0.8279816513761468,14.71875,19.695652173913043,10.336666666666666,10.222868217054264,33.416666666666664,14.60989010989011
2026-08-09,1.1291291291291292,3.155263157894737,10.9275,-4.1118421052631575,1.2126168224299065,14.122377622377622,19.695652173913043,11.16095890410959,10.69488188976378,33.416666666666664,13.661111111111111
2026-08-10,0.5726047904191617,2.316062176165803,8.975247524752476,-6.61875,0.6959459459459459,13.730902777777779,17.114583333333332,11.16095890410959,9.15625,33.416666666666664,11.219780219780219
2026-08-11,2.0555555555555554,2.7256410256410257,8.351941747572816,-6.61875,0.5513392857142857,13.226027397260275,17.114583333333332,10.800675675675675,8.659615384615385,33.416666666666664,11.219780219780219
2026-08-12,0.6283783783783784,0.798469387755102,6.434466019417476,-9.24390243902439,-1.342920353982301,11.484375,16.26086956521739,10.030405405405405,7.140384615384615,33.416666666666664,7.543956043956044
2026-08-13,1.2545731707317074,1.050257731958763,6.572815533980583,-9.24390243902439,-2.7433035714285716,11.276223776223777,16.26086956521739,10.222972972972974,7.829457364341085,33.416666666666664,6.675
2026-08-14,2.0014925373134327,2.967171717171717,9.913551401869158,-7.029761904761905,-1.834070796460177,12.387931034482758,19.072916666666668,13.50974025974026,10.479323308270677,33.416666666666664,7.521978021978022
2026-08-15,2.30688622754491,2.967171717171717,9.913551401869158,-7.029761904761905,-1.834070796460177,12.387931034482758,19.072916666666668,13.50974025974026,10.479323308270677,33.416666666666664,7.521978021978022
2026-08-16,2.007575757575758,2.1435897435897435,8.569711538461538,-9.640243902439025,-1.578125,11.455985915492958,15.554347826086957,12.943333333333333,9.417307692307693,33.416666666666664,6.4944444444444445
2026-08-17,1.9447852760736197,2.764397905759162,7.918269230769231,-9.803571428571429,-2.4932432432432434,10.427304964539006,14.21875,11.006578947368421,9.567829457364342,26.285714285714285,5.318181818181818
2026-08-18,1.3302752293577982,3.032722513089005,7.5738095238095235,-10.232558139534884,-0.6792035398230089,10.790780141843971,12.52,9.319078947368421,9.965116279069768,26.285714285714285,6.957865168539326
2026-08-19,2.4490881458966567,4.393229166666667,9.138095238095238,-10.232558139534884,0.2631578947368421,11.216071428571428,12.52,10.496753246753247,11.238372093023257,26.285714285714285,7.4423076923076925
2026-08-20,1.9916413373860182,4.616580310880829,9.86320754716981,-11.164772727272727,1.1293859649122806,11.74645390070922,10.067307692307692,10.555194805194805,11.813461538461539,16.59375,7.467032967032967
2026-08-21,2.5838368580060425,5.108247422680412,9.455607476635514,-11.164772727272727,0.8260869565217391,12.367957746478874,10.067307692307692,10.555194805194805,12.486641221374045,,7.467032967032967
2026-08-22,2.5838368580060425,5.108247422680412,9.455607476635514,-11.164772727272727,0.8260869565217391,12.367957746478874,10.067307692307692,10.555194805194805,12.486641221374045,,7.467032967032967
2026-08-23,2.6893939393939394,4.860824742268041,10.26923076923077,-10.959302325581396,0.40869565217391307,12.76063829787234,11.27,11.743243243243244,13.21875,,6.9527777777777775
2026-08-24,3.4757575757575756,6.033854166666667,10.315533980582524,-10.839285714285714,0.9051724137931034,13.055755395683454,12.40625,11.82876712328767,13.796875,,7.21067415730337
2026-08-25,3.993846153846154,5.239583333333333,11.379807692307692,-14.601190476190476,-0.38362068965517243,12.51268115942029,12.40625,13.304054054054054,14.542635658914728,,5.3
2026-08-26,3.9256134969325154,6.085051546391752,11.492718446601941,-14.329268292682928,1.1016949152542372,12.95863309352518,14.065217391304348,14.180555555555555,15.319767441860465,,5.3
2026-08-27,4.5359327217125385,7.649484536082475,11.29126213592233,-11.607142857142858,4.141025641025641,14.14568345323741,14.065217391304348,14.806338028169014,15.15891472868217,,8.613888888888889
2026-08-28,4.0843373493975905,6.620558375634518,10.878571428571428,-8.659090909090908,3.4012605042016806,14.091071428571428,13.75,14.116438356164384,15.740458015267176,,7.559782608695652
2026-08-29,4.0843373493975905,6.620558375634518,10.878571428571428,-8.659090909090908,3.4012605042016806,14.091071428571428,13.75,14.116438356164384,15.740458015267176,,7.559782608695652
2026-08-30,4.265197568389058,5.902284263959391,10.614285714285714,-9.289772727272727,3.5466101694915255,13.080357142857142,12.59375,14.503472222222221,14.66030534351145,,7.258152173913044
2026-08-31,4.721036585365853,5.711340206185567,12.11298076923077,-9.289772727272727,3.1630434782608696,12.967153284671532,12.59375,15.04225352112676,15.238372093023257,,6.575
2026-09-01,2.0213414634146343,4.501282051282051,11.259708737864077,-11.831395348837209,2.5717391304347825,10.157608695652174,8.793478260869565,13.82857142857143,13.673076923076923,,2.852777777777778
2026-09-02,3.1896024464831805,4.551020408163265,10.326190476190476,-15.301136363636363,3.091880341880342,10.53623188405797,1.5729166666666667,12.014285714285714,12.920454545454545,,2.1277173913043477
2026-09-03,3.8921875,4.158031088082901,10.62864077669903,-15.4,3.361111111111111,10.107407407407408,0.72,10.972222222222221,13.2,,1.379120879120879
