sess,entry,exit,high,low,bars,prior_day_ret,trend,mfe,mae,pnl,mfe_usd,mae_usd,prior_night,vol20,dow,year,month
2020-01-01,8773.0,8818.0,8822.75,8769.25,144,,,49.75,3.75,89.5,99.5,7.5,,,2,2020,1
2020-01-02,8898.0,8745.5,8907.75,8735.25,144,0.7680535086724838,,9.75,162.75,-305.5,19.5,325.5,89.5,,3,2020,1
2020-01-05,8784.5,8747.25,8795.0,8723.0,144,0.43034655722753445,,10.5,61.5,-75.0,21.0,123.0,-305.5,,6,2020,1
2020-01-06,8851.75,8875.75,8894.5,8846.0,144,1.4275088682915715,,42.75,5.75,47.5,85.5,11.5,-75.0,,0,2020,1
2020-01-07,8843.0,8867.5,8874.5,8678.25,144,-0.05075140271237899,,31.5,164.75,48.5,63.0,329.5,47.5,,1,2020,1
2020-01-08,8948.5,8980.5,8993.75,8932.5,144,0.7758717977654817,,45.25,16.0,63.5,90.5,32.0,48.5,,2,2020,1
2020-01-09,9008.5,9041.0,9046.25,9008.5,144,0.047211730726504086,,37.75,0.0,64.5,75.5,0.0,63.5,,3,2020,1
2020-01-12,8978.75,9025.5,9028.75,8978.75,144,-0.6140569247365391,,50.0,0.0,93.0,100.0,0.0,64.5,,6,2020,1
2020-01-13,9088.5,9076.0,9114.75,9041.5,144,0.7513377138262722,,26.25,47.0,-25.5,52.5,94.0,93.0,,0,2020,1
2020-01-14,9062.5,9054.75,9064.0,9025.75,144,-0.2864540296369733,,1.5,36.75,-16.0,3.0,73.5,-25.5,,1,2020,1
2020-01-15,9060.5,9099.25,9109.75,9060.5,144,-0.016567263088140827,,49.25,0.0,77.0,98.5,0.0,-16.0,,2,2020,1
2020-01-16,9136.5,9168.75,9172.5,9134.0,144,0.46450265233763943,,36.0,2.5,64.0,72.0,5.0,77.0,,3,2020,1
2020-01-19,9173.75,9162.25,9187.0,9160.0,144,0.07356547327121987,,13.25,13.75,-23.5,26.5,27.5,64.0,,6,2020,1
2020-01-20,9176.0,9131.5,9179.25,9114.5,144,0.0954510745063919,,3.25,61.5,-89.5,6.5,123.0,-23.5,,0,2020,1
2020-01-21,9179.0,9227.5,9237.5,9174.5,144,0.28677555033593816,,58.5,4.5,96.5,117.0,9.0,-89.5,,1,2020,1
2020-01-22,9189.25,9205.0,9209.0,9174.0,144,-0.24936304006071275,,19.75,15.25,31.0,39.5,30.5,96.5,,2,2020,1
2020-01-23,9251.0,9273.75,9287.5,9249.5,144,0.3725559513773735,,36.5,1.5,45.0,73.0,3.0,31.0,,3,2020,1
2020-01-26,9098.25,8959.25,9098.25,8942.75,144,-1.3075948343263866,,0.0,155.5,-278.5,0.0,311.0,45.0,,6,2020,1
2020-01-27,8954.0,8993.0,9040.75,8952.5,144,0.15647265919696007,,86.75,1.5,77.5,173.5,3.0,-278.5,,0,2020,1
2020-01-28,9120.75,9143.75,9151.0,9091.75,144,0.8255991134506147,,30.25,29.0,45.5,60.5,58.0,77.5,,1,2020,1
2020-01-29,9110.5,9041.25,9137.0,9003.75,144,-0.43174117389879196,,26.5,106.75,-139.0,53.0,213.5,45.5,113.74087297102359,2,2020,1
2020-01-30,9226.5,9158.0,9249.0,9138.25,144,1.01913994531444,,22.5,88.25,-137.5,45.0,176.5,-139.0,115.88945504002373,3,2020,1
2020-02-02,8983.75,9037.75,9091.75,8975.0,144,-2.0366487869959427,,108.0,8.75,107.5,216.0,17.5,-137.5,98.05609296938692,6,2020,2
2020-02-03,9100.25,9221.25,9237.25,9073.25,144,0.9926450257147668,,137.0,27.0,241.5,274.0,54.0,107.5,99.34433406353034,0,2020,2
2020-02-04,9355.5,9440.5,9461.75,9318.25,144,0.893821559732122,,106.25,37.25,169.5,212.5,74.5,241.5,112.09998767547704,1,2020,2
2020-02-05,9392.0,9402.25,9460.75,9375.0,144,-0.8617954954002305,,68.75,17.0,20.0,137.5,34.0,169.5,117.03061621464252,2,2020,2
2020-02-06,9464.5,9402.0,9477.0,9395.0,144,0.606641123882512,,12.5,69.5,-125.5,25.0,139.0,20.0,116.64826797279346,3,2020,2
2020-02-09,9401.25,9420.0,9440.0,9330.75,144,-0.005312790543232637,,38.75,70.5,37.0,77.5,141.0,-125.5,120.60190056981952,6,2020,2
2020-02-10,9523.0,9568.25,9582.5,9517.0,144,1.548507462686577,,59.5,6.0,90.0,119.0,12.0,37.0,119.25636913367508,0,2020,2
2020-02-11,9536.0,9576.0,9584.5,9524.25,144,-0.5377607225833358,,48.5,11.75,79.5,97.0,23.5,90.0,120.29742472196503,1,2020,2
2020-02-12,9621.25,9541.25,9626.25,9511.25,144,0.4175147434893889,,5.0,110.0,-160.5,10.0,220.0,79.5,120.9116249689482,2,2020,2
2020-02-13,9625.25,9641.0,9659.25,9600.75,144,0.5733134375245363,,34.0,24.5,31.0,68.0,49.0,-160.5,126.49084375017655,3,2020,2
2020-02-16,9632.0,9673.0,9687.25,9630.75,144,0.11695906432749315,,55.25,1.25,81.5,110.5,2.5,31.0,125.92937400321699,6,2020,2
2020-02-17,9642.5,9566.5,9642.5,9534.0,144,0.09837932998497667,,0.0,108.5,-152.5,0.0,217.0,81.5,126.82581040234092,0,2020,2
2020-02-18,9642.5,9670.0,9677.75,9640.5,144,0.5451936872309826,,35.25,2.0,54.5,70.5,4.0,-152.5,130.19423495604354,1,2020,2
2020-02-19,9740.0,9720.75,9763.0,9686.5,144,0.39214674544001404,,23.0,53.5,-39.0,46.0,107.0,54.5,129.0246686939321,2,2020,2
2020-02-20,9618.25,9580.0,9623.5,9538.5,144,-0.7264296754250332,,5.25,79.75,-77.0,10.5,159.5,-39.0,129.25646425858776,3,2020,2
2020-02-23,9365.75,9147.0,9365.75,9123.75,144,-1.4364295211032663,,0.0,242.0,-438.0,0.0,484.0,-77.0,130.01553297890783,6,2020,2
2020-02-24,9092.75,9108.5,9224.5,9053.25,144,-0.2114397122223166,,131.75,39.5,31.0,263.5,79.0,-438.0,150.9615147889303,0,2020,2
2020-02-25,8867.5,8805.5,8947.75,8709.25,144,-3.4937358408166586,,80.25,158.25,-124.5,160.5,316.5,31.0,149.86954634298667,1,2020,2
2020-02-26,8817.5,8757.0,8878.25,8697.0,144,-0.11810691487865732,,60.75,120.5,-121.5,121.5,241.0,-124.5,151.13138889895214,2,2020,2
2020-02-27,8353.75,8300.75,8447.25,8129.0,144,-2.6017903551833643,,93.5,224.75,-106.5,187.0,449.5,-121.5,150.47076127939275,3,2020,2
2020-03-01,8376.25,8501.75,8677.5,8248.5,144,3.8534583103596143,,301.25,127.75,250.5,602.5,255.5,-106.5,149.37022179100737,6,2020,3
2020-03-02,8830.25,8902.25,8910.25,8738.75,144,3.6489957963568465,,80.0,91.5,143.5,160.0,183.0,250.5,158.91705052438022,0,2020,3
2020-03-03,8559.0,8756.0,8781.25,8507.25,144,-3.4292936385339146,,222.25,51.75,393.5,444.5,103.5,143.5,152.01965766238743,1,2020,3
2020-03-04,8889.75,8718.5,8899.75,8710.0,144,2.261162883768786,,10.0,179.75,-343.0,20.0,359.5,393.5,173.30981537484584,2,2020,3
2020-03-05,8675.5,8412.75,8726.0,8377.75,144,-0.5191154960277666,,50.5,297.75,-526.0,101.0,595.5,-343.0,188.69666552153848,3,2020,3
2020-03-08,8418.25,8093.25,8418.25,8093.25,140,1.7144220161602997,,0.0,325.0,-650.5,0.0,650.0,-526.0,218.79612446052917,6,2020,3
2020-03-09,7894.5,8323.5,8333.0,7815.5,144,-1.1125654450261813,,438.5,79.0,857.5,877.0,158.0,-650.5,256.091800974408,0,2020,3
2020-03-10,8324.25,8184.75,8334.5,8085.0,144,1.5630690785480184,,10.25,239.25,-279.5,20.5,478.5,857.5,329.70502266978616,1,2020,3
2020-03-11,7999.0,7636.75,8108.25,7601.5,144,-2.0241923135813855,-11.80448238543046,109.25,397.5,-725.0,218.5,795.0,-279.5,332.5694416999728,2,2020,3
2020-03-12,7167.75,7557.75,7611.25,6942.5,144,-3.5050998372038955,-19.648093841642233,443.5,225.25,779.5,887.0,450.5,-725.0,364.1154386064658,3,2020,3
2020-03-16,7059.75,7098.0,7294.25,6986.25,110,-6.124725367584927,-22.68780213778402,234.5,73.5,76.0,469.0,147.0,779.5,412.17693170083623,0,2020,3
2020-03-17,7368.0,7077.25,7394.5,7077.25,119,3.654970760233911,-16.843899540237082,26.5,290.75,-582.0,53.0,581.5,76.0,412.08670204217947,1,2020,3
2020-03-18,7249.5,7200.0,7441.5,6896.25,144,3.8179728467782503,-18.973422273352647,192.0,353.25,-99.5,384.0,706.5,-582.0,428.57884108564645,2,2020,3
2020-03-19,7197.5,7646.25,7649.0,7150.25,143,1.2467875251788607,-17.962158980010155,451.5,47.25,897.0,903.0,94.5,-99.5,427.58149346368066,3,2020,3
2020-03-22,6852.75,6787.5,6852.75,6628.75,143,1.2467875251788607,-17.962158980010155,0.0,224.0,-131.0,0.0,448.0,897.0,480.18147542580743,6,2020,3
2020-03-23,7005.25,7359.5,7359.5,7005.25,144,-0.05716123039548604,-20.92301986719024,354.25,0.0,708.0,708.5,0.0,-131.0,480.59812720028475,0,2020,3
2020-03-24,7550.75,7679.5,7757.75,7377.25,144,2.2638563622170205,-14.53141771755485,207.0,173.5,257.0,414.0,347.0,708.0,498.01283736888803,1,2020,3
2020-03-25,7486.0,7370.25,7549.75,7321.75,144,-1.2179381102101594,-15.027834384133298,63.75,164.25,-232.0,127.5,328.5,257.0,500.7751695069723,2,2020,3
2020-03-26,7875.5,7678.75,7900.25,7652.75,144,4.5095304509530365,-10.159213904540165,24.75,222.75,-394.0,49.5,445.5,-232.0,503.13363820632867,3,2020,3
2020-03-29,7446.25,7554.75,7689.75,7391.25,144,-1.0744611365120837,-13.22032771781294,243.5,55.0,216.5,487.0,110.0,-394.0,511.03147176233574,6,2020,3
2020-03-30,7855.25,7929.5,7957.0,7812.75,144,2.686118998661846,-9.592733395976483,101.75,42.5,148.0,203.5,85.0,216.5,512.1031782088244,0,2020,3
2020-03-31,7778.75,7596.5,7778.75,7526.5,144,-0.5736503282554706,-10.066820024099021,0.0,252.25,-365.0,0.0,504.5,148.0,510.2987360360596,1,2020,3
2020-04-01,7473.0,7525.0,7596.25,7459.0,144,-1.2824326557593801,-13.562174921193904,123.25,14.0,103.5,246.5,28.0,-365.0,516.7475326501327,2,2020,4
2020-04-02,7624.5,7548.75,7651.25,7509.25,144,2.499327233584503,-11.489798277724105,26.75,115.25,-152.0,53.5,230.5,103.5,509.1456588970235,3,2020,4
2020-04-05,7531.0,7835.0,7869.0,7531.0,144,-1.0305883902406943,-12.340512401755642,338.0,0.0,607.5,676.0,0.0,-152.0,504.4236751768769,6,2020,4
2020-04-06,8034.25,8216.25,8265.25,7947.75,144,3.273590047773256,-5.823064314572601,231.0,86.5,363.5,462.0,173.0,607.5,506.44057166816617,0,2020,4
2020-04-07,8012.75,8012.75,8143.25,7953.0,144,-2.921823121038336,-5.760444820545752,130.5,59.75,-0.5,261.0,119.5,363.5,482.6066939575451,1,2020,4
2020-04-08,8193.75,8161.75,8273.0,8135.0,144,1.1859655607922903,-3.549987638378216,79.25,58.75,-64.5,158.5,117.5,-0.5,448.93993268353256,2,2020,4
2020-04-12,8276.0,8135.75,8309.0,8075.0,144,-0.7061379684953795,-3.184632414081645,33.0,201.0,-281.0,66.0,402.0,-64.5,442.9214585240284,6,2020,4
2020-04-13,8335.75,8445.75,8487.75,8319.0,144,1.5569191317886144,-1.9255805397144443,152.0,16.75,219.5,304.0,33.5,-281.0,410.9193639684196,0,2020,4
2020-04-14,8705.75,8581.5,8706.0,8555.25,144,2.2947535864730417,2.451386778619913,0.25,150.5,-249.0,0.5,301.0,219.5,379.5426437451431,1,2020,4
2020-04-15,8577.75,8665.5,8696.5,8500.5,144,0.45357445936851093,1.4086371043119161,118.75,77.25,175.0,237.5,154.5,-249.0,385.93911436909315,2,2020,4
2020-04-16,8879.75,8917.25,8967.75,8858.0,144,0.748977357838343,3.4630264784172526,88.0,21.75,74.5,176.0,43.5,175.0,356.87610632144856,3,2020,4
2020-04-19,8800.75,8746.5,8838.0,8733.0,144,-0.36448915009041905,4.456345938516404,37.25,67.75,-109.0,74.5,135.5,74.5,354.2179636741672,6,2020,4
2020-04-20,8698.25,8662.25,8763.0,8602.25,144,-0.27470169113228415,3.4173329004866027,64.75,96.0,-72.5,129.5,192.0,-109.0,301.91038666953364,0,2020,4
2020-04-21,8444.75,8547.75,8567.5,8399.5,144,-2.783490224475016,-0.1600342675606492,122.75,45.25,205.5,245.5,90.5,-72.5,300.3976432646357,1,2020,4
2020-04-22,8634.25,8656.5,8678.0,8582.25,144,0.9365973215067269,3.118965674506047,43.75,52.0,44.0,87.5,104.0,205.5,260.64600413910847,2,2020,4
2020-04-23,8587.0,8622.0,8636.75,8498.0,144,-0.5589811559960856,3.0951240116764644,49.75,89.0,69.5,99.5,178.0,44.0,254.84931564399085,3,2020,4
2020-04-26,8766.75,8889.0,8898.0,8728.75,144,1.4662926222633432,5.017013929631053,131.25,38.0,244.0,262.5,76.0,69.5,248.50084586322194,6,2020,4
2020-04-27,8818.5,8937.5,8946.0,8777.0,144,-0.3922675321010316,5.849428468266149,127.5,41.5,237.5,255.0,83.0,244.0,232.0195587830791,0,2020,4
2020-04-28,8757.75,8815.5,8859.5,8733.5,144,-2.6618745437187674,4.200983515888956,101.75,24.25,115.0,203.5,48.5,237.5,232.81657988300793,1,2020,4
2020-04-29,9109.75,9095.5,9144.75,9044.0,144,1.1625282167042839,7.948414074844856,35.0,65.75,-29.0,70.0,131.5,115.0,232.27583845845635,2,2020,4
2020-04-30,8847.25,8762.0,8861.5,8725.0,144,-0.3743345164152645,8.350879647863408,14.25,122.25,-171.0,28.5,244.5,-29.0,211.24937091155155,3,2020,4
2020-05-03,8654.25,8649.25,8696.5,8556.75,144,-0.8986974574825113,5.343286217158449,42.25,97.5,-10.5,84.5,195.0,-171.0,218.1111558719302,6,2020,5
2020-05-04,8805.5,8878.25,8917.25,8796.75,144,1.7011706360648082,6.8421116401924165,111.75,8.75,145.0,223.5,17.5,-10.5,213.06289379083887,0,2020,5
2020-05-05,8930.0,9001.25,9009.75,8877.75,144,0.123494905835142,8.196721311475418,79.75,52.25,142.0,159.5,104.5,145.0,172.76188358851786,1,2020,5
2020-05-06,8949.75,9094.0,9100.25,8930.0,144,-0.1724617524339389,8.878672243280494,150.5,19.75,288.0,301.0,39.5,142.0,157.736161708488,2,2020,5
2020-05-07,9115.0,9203.5,9238.0,9102.75,144,0.04677139791453566,10.25541514056323,123.0,12.25,176.5,246.0,24.5,288.0,167.29544461662323,3,2020,5
2020-05-10,9199.0,9215.5,9285.0,9173.0,144,0.5513702369254192,11.60331531950758,86.0,26.0,32.5,172.0,52.0,176.5,167.39587494131504,6,2020,5
2020-05-11,9281.25,9278.5,9311.25,9223.75,144,1.4114114114114118,12.306863455872087,30.0,57.5,-6.0,60.0,115.0,32.5,147.17129967275682,0,2020,5
2020-05-12,9047.75,9136.0,9159.75,8998.0,144,-2.3363733905579442,9.909184325270083,112.0,49.75,176.0,224.0,99.5,-6.0,144.237888299339,1,2020,5
2020-05-13,9011.5,9032.5,9038.25,8943.5,144,-1.4415303242072963,8.532882176802081,26.75,68.0,41.5,53.5,136.0,176.0,125.63429593781086,2,2020,5
2020-05-14,9085.75,9111.25,9143.0,9052.5,144,1.7069144024400407,9.56194513673616,57.25,33.25,50.5,114.5,66.5,41.5,124.21482611313253,3,2020,5
2020-05-17,9121.5,9207.75,9244.0,9110.0,144,2.0616543450969527,10.222451467352967,122.5,11.5,172.0,245.0,23.0,50.5,124.38326539581713,6,2020,5
2020-05-18,9317.0,9316.5,9417.25,9295.75,144,0.5529332434254908,12.144112404017203,100.25,21.25,-1.5,200.5,42.5,172.0,117.7876629899394,0,2020,5
2020-05-19,9291.0,9405.75,9410.0,9273.25,144,-0.38330608196852634,11.59040041508601,119.0,17.75,229.0,238.0,35.5,-1.5,113.54575648516962,1,2020,5
2020-05-20,9496.25,9423.75,9503.25,9410.5,144,0.8295886622882831,13.441710387839567,7.0,85.75,-145.5,14.0,171.5,229.0,114.85179236967214,2,2020,5
2020-05-21,9361.0,9288.25,9408.25,9241.25,144,-1.1124584805187965,11.946979771235666,47.25,119.75,-146.0,94.5,239.5,-145.5,126.6832430866345,3,2020,5
2020-05-24,9404.5,9502.75,9506.5,9390.5,144,0.5102449710148838,11.905183972550759,102.0,14.0,196.0,204.0,28.0,-146.0,137.05914973585584,6,2020,5
2020-05-25,9530.0,9581.5,9604.0,9503.75,144,0.15234292918679948,12.800505516663584,74.0,26.25,102.5,148.0,52.5,196.0,134.37492717256274,0,2020,5
2020-05-26,9409.75,9503.5,9508.0,9375.0,144,-1.7863214332417887,10.712508343534255,98.25,34.75,187.0,196.5,69.5,102.5,129.04641147970537,1,2020,5
2020-05-27,9437.0,9376.75,9481.75,9358.5,144,0.7851725243029684,10.610948309063485,44.75,78.5,-121.0,89.5,157.0,187.0,131.41355974255657,2,2020,5
2020-05-28,9454.75,9429.0,9463.5,9381.25,144,0.3437158615544389,9.874656532290494,8.75,73.5,-52.0,17.5,147.0,-121.0,136.62175021415482,3,2020,5
2020-05-31,9541.0,9503.75,9588.25,9450.0,144,1.0697452735264568,10.763791354330365,47.25,91.0,-75.0,94.5,182.0,-52.0,128.03971423371968,6,2020,5
2020-06-01,9589.0,9662.25,9666.75,9553.5,144,0.7693721608066584,10.76865526459958,77.75,35.5,146.0,155.5,71.0,-75.0,131.02573823088093,0,2020,6
2020-06-02,9657.0,9689.5,9699.0,9635.25,144,0.5284119009813404,10.792103294272092,42.0,21.75,64.5,84.0,43.5,146.0,131.0562228687808,1,2020,6
2020-06-03,9684.0,9654.5,9707.5,9646.5,144,0.2040869048541616,10.72402803897321,23.5,37.5,-59.5,47.0,75.0,64.5,129.9446744620671,2,2020,6
2020-06-04,9642.25,9667.25,9704.0,9611.0,144,-0.5551969012265956,9.389424647417233,61.75,31.25,49.5,123.5,62.5,-59.5,121.62960111922185,3,2020,6
2020-06-07,9819.0,9813.0,9875.75,9797.25,144,1.5045757716767527,11.039656292897648,56.75,21.75,-12.5,113.5,43.5,49.5,117.8447322583941,6,2020,6
2020-06-08,9887.25,9826.75,9907.25,9813.0,144,0.8817533129459765,11.364802578275523,20.0,74.25,-121.5,40.0,148.5,-12.5,118.46412681527359,0,2020,6
2020-06-09,9960.0,9988.25,10016.25,9957.5,144,1.0752960868352313,11.594580291817525,56.25,2.5,56.0,112.5,5.0,-121.5,123.52040104243576,1,2020,6
2020-06-10,10086.25,9988.0,10107.0,9922.25,144,0.5080566831868083,12.42355966803057,20.75,164.0,-197.0,41.5,328.0,56.0,119.0949422232441,2,2020,6
2020-06-11,9618.0,9786.75,9790.75,9594.75,144,-3.367164479814644,6.384335523495777,172.75,23.25,337.0,345.5,46.5,-197.0,129.18512573251718,3,2020,6
2020-06-14,9540.25,9522.5,9598.0,9381.0,144,-1.3858050685246148,6.649826445624041,57.75,159.25,-36.0,115.5,318.5,337.0,147.75349314598984,6,2020,6
2020-06-15,9816.25,9906.75,9959.25,9799.5,144,2.683048489144424,7.418415228900943,143.0,16.75,180.5,286.0,33.5,-36.0,144.5475700245423,0,2020,6
2020-06-16,9962.75,9998.5,10049.5,9926.0,144,-0.33793932111745306,8.886146656208261,86.75,36.75,71.0,173.5,73.5,180.5,148.78946623722345,1,2020,6
2020-06-17,9998.5,10015.0,10042.5,9879.0,144,-0.3644351255553846,8.706782545039404,44.0,119.5,32.5,88.0,239.0,71.0,141.6398694985946,2,2020,6
2020-06-18,9995.75,10072.5,10087.0,9995.25,144,0.41124401313974435,8.626948641532417,91.25,0.5,153.0,182.5,1.0,32.5,136.09783632604723,3,2020,6
2020-06-21,9884.5,10016.75,10038.0,9841.25,144,0.41124401313974435,8.626948641532417,153.5,43.25,264.0,307.0,86.5,153.0,132.0990358146412,6,2020,6
2020-06-22,10120.5,10186.75,10197.5,9972.5,144,1.2461838746809395,9.31004987845132,77.0,148.0,132.0,154.0,296.0,264.0,136.973864199285,0,2020,6
2020-06-23,10183.5,10137.5,10241.75,10106.0,144,0.16206261510129938,9.758086085469841,58.25,77.5,-92.5,116.5,155.0,132.0,137.7432083529652,1,2020,6
2020-06-24,10005.75,10000.0,10048.0,9894.0,144,-1.7089183407509423,7.256834155186742,42.25,111.75,-12.0,84.5,223.5,-92.5,137.28187483384215,2,2020,6
2020-06-25,10088.0,10094.5,10120.5,10033.0,144,0.9027708312493665,7.914342505878613,32.5,55.0,12.5,65.0,110.0,-12.0,132.8140369880104,3,2020,6
2020-06-28,9796.5,9857.0,9882.0,9777.75,144,-2.300761956764541,5.033294519078568,85.5,18.75,120.5,171.0,37.5,12.5,131.20001554476787,6,2020,6
2020-06-29,9984.0,9979.0,10028.25,9951.0,144,1.1563484802277202,5.947971222653892,44.25,33.0,-10.5,88.5,66.0,120.5,129.08408112544305,0,2020,6
2020-07-01,10256.25,10312.0,10336.0,10247.75,144,1.1405345485897334,8.52378784971286,79.75,8.5,111.0,159.5,17.0,-10.5,127.97782240027274,2,2020,7
2020-07-02,10350.0,10361.25,10389.75,10340.0,144,-0.32068283744032255,8.883452749306509,39.75,10.0,22.0,79.5,20.0,111.0,128.74072271123262,3,2020,7
2020-07-05,10334.0,10476.0,10504.25,10334.0,144,-0.28248587570621764,8.390479714674882,170.25,0.0,283.5,340.5,0.0,22.0,126.39750112036884,6,2020,7
2020-07-06,10599.0,10549.25,10664.75,10533.25,144,1.1604584527220574,10.762116354863348,65.75,65.75,-100.0,131.5,131.5,283.5,136.4863859607673,0,2020,7
2020-07-07,10527.75,10536.5,10585.75,10505.25,144,-0.5954912803062484,9.58985477116807,58.0,22.5,17.0,116.0,45.0,-100.0,140.43563800208477,1,2020,7
2020-07-08,10674.0,10707.0,10714.0,10645.5,144,0.7637017070979413,10.56725878710958,40.0,28.5,65.5,80.0,57.0,17.0,134.27891975091862,2,2020,7
2020-07-09,10727.5,10706.75,10757.5,10650.25,144,0.06521334078628538,11.057689822210515,30.0,77.25,-42.0,60.0,154.5,65.5,134.25392280851105,3,2020,7
2020-07-12,10847.5,10895.5,10917.0,10846.5,144,0.8058130327448954,11.461039880720914,69.5,1.0,95.5,139.0,2.0,-42.0,122.09249082474086,6,2020,7
2020-07-13,10601.25,10632.0,10693.0,10584.75,144,-3.0948571428571436,8.751471746318384,91.75,16.5,61.0,183.5,33.0,95.5,105.70625572784213,0,2020,7
2020-07-14,10686.5,10676.25,10740.0,10661.75,144,1.7178528031259743,9.095462362678797,53.5,24.75,-21.0,107.0,49.5,61.0,103.09991002599557,1,2020,7
2020-07-15,10692.75,10514.5,10698.5,10496.75,144,-0.3496585001981356,8.847483158163282,5.75,196.0,-357.0,11.5,392.0,-21.0,101.38191212076796,2,2020,7
2020-07-16,10534.0,10605.5,10623.0,10523.5,144,0.39966891332623433,7.736120352620457,89.0,10.5,142.5,178.0,21.0,-357.0,137.3264933997575,3,2020,7
2020-07-19,10622.0,10630.25,10657.0,10545.5,144,-0.12214601146293136,7.56752189424077,35.0,76.5,16.0,70.0,153.0,142.5,139.3354056338799,6,2020,7
2020-07-20,10952.25,11046.5,11057.75,10931.75,144,2.59621473299092,10.283607307064191,105.5,20.5,188.0,211.0,41.0,16.0,136.95135517478636,0,2020,7
2020-07-21,10850.5,10833.0,10916.25,10782.0,144,-1.6157254857402603,8.806889008629359,65.75,68.5,-35.5,131.5,137.0,188.0,131.2085122399095,1,2020,7
2020-07-22,10849.75,10895.5,10938.5,10806.0,144,0.19607390832967475,8.779548363022549,88.75,43.75,91.0,177.5,87.5,-35.5,129.80090776991776,2,2020,7
2020-07-23,10566.25,10466.0,10597.75,10378.0,144,-2.49475455949828,5.5725342151473845,31.5,188.25,-201.0,63.0,376.5,91.0,127.65801354028892,3,2020,7
2020-07-26,10488.25,10547.25,10552.5,10400.5,144,0.5232837253960732,4.258573610864924,64.25,87.75,117.5,128.5,175.5,-201.0,137.71690069429408,6,2020,7
2020-07-27,10683.0,10637.5,10758.5,10625.5,144,1.0809016995757093,5.84378417528324,75.5,57.5,-91.5,151.0,115.0,117.5,139.28996638969392,0,2020,7
2020-07-28,10557.75,10586.5,10606.5,10512.0,144,-0.9947089947089927,4.251423670040366,48.75,45.75,57.0,97.5,91.5,-91.5,139.9612352346928,1,2020,7
2020-07-29,10699.5,10578.0,10702.75,10520.75,144,0.5760559057534698,5.203759587887524,3.25,178.75,-243.5,6.5,357.5,57.0,140.06177913222496,2,2020,7
2020-07-30,10905.0,10879.25,10939.25,10844.25,144,1.308380258363706,5.486926410680382,34.25,60.75,-52.0,68.5,121.5,-243.5,150.13813814722675,3,2020,7
2020-08-02,10928.75,10945.0,10955.0,10876.25,144,0.01835620210177691,7.065697417945782,26.25,52.5,32.0,52.5,105.0,-52.0,150.56296986555756,6,2020,8
2020-08-03,11052.5,11005.25,11092.0,10986.5,144,0.46418494584508085,8.099426401213595,39.5,66.0,-95.0,79.0,132.0,32.0,135.33151060694567,0,2020,8
2020-08-04,11079.25,11136.5,11143.5,11055.75,144,0.6286881525192856,8.223438672408378,64.25,23.5,114.0,128.5,47.0,-95.0,135.16690218899143,1,2020,8
2020-08-05,11093.5,11096.25,11128.5,11065.75,144,0.09008197459687839,8.120837272349979,35.0,27.75,5.0,70.0,55.5,114.0,138.00202849386312,2,2020,8
2020-08-06,11260.25,11208.25,11283.25,11184.0,144,1.4010586777790213,9.128311641969344,23.0,76.25,-104.5,46.0,152.5,5.0,136.96704367340172,3,2020,8
2020-08-09,11140.0,11121.0,11159.25,11073.75,144,-0.936950570849937,7.5468342881883865,19.25,66.25,-38.5,38.5,132.5,-104.5,138.41806192986883,6,2020,8
2020-08-10,11072.5,11134.5,11157.5,11058.25,144,-0.5319745909182716,6.751501275795357,85.0,14.25,123.5,170.0,28.5,-38.5,136.0579863804205,0,2020,8
2020-08-11,10923.25,10967.75,10985.0,10878.25,144,-1.43734838695051,4.473709632536105,61.75,45.0,88.5,123.5,90.0,123.5,138.72664336365716,1,2020,8
2020-08-12,11115.75,11111.75,11150.0,11094.25,144,1.72252515343021,6.837186989758126,34.25,21.5,-8.5,68.5,43.0,88.5,140.73372346759174,2,2020,8
2020-08-13,11181.0,11166.0,11237.25,11146.0,144,-0.031324115093744886,6.7609705977228485,56.25,35.0,-30.5,112.5,70.0,-8.5,115.01721839062073,3,2020,8
2020-08-16,11145.25,11198.0,11209.0,11145.0,144,-0.2837037864403036,6.349167775711373,63.75,0.25,105.0,127.5,0.5,-30.5,110.57131540084724,6,2020,8
2020-08-17,11285.25,11325.25,11326.25,11272.5,144,0.49426694868084375,7.237924359214376,41.0,12.75,79.5,82.0,25.5,105.0,113.15393567125577,0,2020,8
2020-08-18,11413.5,11426.5,11444.75,11392.25,144,0.5648720211826941,7.973595082908624,31.25,21.25,25.5,62.5,42.5,79.5,106.10023500643626,1,2020,8
2020-08-19,11327.5,11311.0,11333.25,11221.5,144,-0.6473273062406748,6.990374954275591,5.75,106.0,-33.5,11.5,212.0,25.5,106.03515740198206,2,2020,8
2020-08-20,11479.0,11491.75,11524.25,11461.25,144,1.6771163347143236,8.165309513428154,45.25,17.75,25.0,90.5,35.5,-33.5,103.96404996060166,3,2020,8
2020-08-23,11580.0,11662.75,11675.5,11566.75,144,0.6358192705498089,8.525154955427116,95.5,13.25,165.0,191.0,26.5,25.0,93.5962071881118,6,2020,8
2020-08-24,11634.75,11652.75,11690.0,11631.5,144,-0.5219362981026321,8.799557549245819,55.25,3.25,35.5,110.5,6.5,165.0,97.16898939476499,0,2020,8
2020-08-25,11739.25,11757.25,11769.75,11726.5,144,1.07410922267277,9.238690571653407,30.5,12.75,35.5,61.0,25.5,35.5,94.56833716808599,1,2020,8
2020-08-26,11983.75,11969.25,11983.75,11934.5,144,1.6675517790759375,11.14811403527105,0.0,49.25,-29.5,0.0,98.5,35.5,94.15686798887077,2,2020,8
2020-08-27,11951.75,11950.25,12016.0,11922.25,144,-0.7116993382444758,10.404627220090523,64.25,29.5,-3.5,128.5,59.0,-29.5,73.575525106769,3,2020,8
2020-08-30,12003.0,12038.5,12092.0,11995.0,144,0.09599732876999223,10.582376538940386,89.0,8.0,70.5,178.0,16.0,-3.5,71.78210358255598,6,2020,8
2020-08-31,12109.0,12238.0,12248.75,12093.0,144,0.6240898689411356,11.113153022360468,139.75,16.0,257.5,279.5,32.0,70.5,72.50569850563078,0,2020,8
2020-09-01,12326.75,12458.5,12466.0,12314.5,144,0.7808177067322397,12.531149956864883,139.25,12.25,263.0,278.5,24.5,257.5,83.44731634548299,1,2020,9
2020-09-02,12408.25,12297.25,12438.5,12291.25,144,-0.17293732027588993,13.099317253119391,30.25,117.0,-222.5,60.5,234.0,263.0,95.76128145715128,2,2020,9
2020-09-03,11748.75,11791.75,11799.0,11582.25,144,-3.689312446316828,6.963313041783703,50.25,166.5,85.5,100.5,333.0,-222.5,113.45566024709925,3,2020,9
2020-09-06,11531.5,11428.0,11548.5,11308.0,144,-0.8045927949462128,5.226386491611579,17.0,223.5,-207.5,34.0,447.0,85.5,108.55499455163368,6,2020,9
2020-09-07,11505.0,11285.5,11585.5,11264.0,144,0.421130725086738,3.8991883031123775,80.5,241.0,-439.5,161.0,482.0,-207.5,121.57458183094185,0,2020,9
2020-09-08,11014.25,11285.5,11295.0,10935.0,144,-0.8021150743860894,-0.21289898274584607,280.75,79.25,542.0,561.5,158.5,-439.5,160.47264892383228,1,2020,9
2020-09-09,11374.75,11377.5,11455.75,11262.75,144,0.821268871474734,2.444543413813438,81.0,112.0,5.0,162.0,224.0,542.0,199.08874475839573,2,2020,9
2020-09-10,11187.25,11325.0,11356.75,11179.5,144,-3.136395207501297,0.23151600308328746,169.5,7.75,275.0,339.0,15.5,5.0,198.9537502457344,3,2020,9
2020-09-13,11094.75,11192.0,11277.75,11094.75,144,-1.429556015029232,-0.5576362431708559,183.0,0.0,194.0,366.0,0.0,275.0,205.17734786995206,6,2020,9
2020-09-14,11279.0,11392.0,11401.0,11247.25,144,0.2823916572165519,1.032050233762627,122.0,31.75,225.5,244.0,63.5,194.0,207.34841482774567,0,2020,9
2020-09-15,11461.0,11520.75,11545.75,11403.5,144,0.05685918603888229,2.325853934333244,84.75,57.5,119.0,169.5,115.0,225.5,210.75673648470686,1,2020,9
2020-09-16,11269.25,11177.0,11302.5,11016.0,144,-1.8924693672873194,0.5302424048260201,33.25,253.25,-185.0,66.5,506.5,119.0,210.90816160494808,2,2020,9
2020-09-17,11062.25,11127.0,11166.0,11036.5,144,1.105917227226083,-1.0006658006643687,103.75,25.75,129.0,207.5,51.5,-185.0,217.37092207367076,3,2020,9
2020-09-20,10927.0,10736.75,10990.25,10708.25,144,1.105917227226083,-1.0006658006643687,63.25,218.75,-381.0,126.5,437.5,129.0,217.72003238103736,6,2020,9
2020-09-21,10972.75,11047.5,11069.0,10897.25,144,1.9125302100762243,-2.108500968758642,96.25,75.5,149.0,192.5,151.0,-381.0,237.91198477588293,0,2020,9
2020-09-22,11160.25,11221.0,11222.5,11076.0,144,0.8809776593101226,-0.4144510652948852,62.25,84.25,121.0,124.5,168.5,149.0,239.18879352379446,1,2020,9
2020-09-23,10803.25,10769.5,10847.0,10714.25,144,-2.979019098000535,-3.5082400213301557,43.75,89.0,-68.0,87.5,178.0,121.0,239.79030724232447,2,2020,9
2020-09-24,10910.75,10867.75,10976.5,10844.75,144,1.476281542982405,-3.032898971116005,65.75,66.0,-86.5,131.5,132.0,-68.0,240.6015432859459,3,2020,9
2020-09-27,11140.0,11270.75,11297.0,11136.0,144,2.189077558513075,-0.8450016832347917,157.0,4.0,261.0,314.0,8.0,-86.5,242.21882233785382,6,2020,9
2020-09-28,11388.5,11370.5,11449.0,11334.0,144,0.16311775338360146,1.0408272539842667,60.5,54.5,-36.5,121.0,109.0,261.0,247.0828901507814,0,2020,9
2020-09-29,11321.25,11234.75,11426.75,11167.5,144,-0.3172924378635589,0.5293121608468843,105.5,153.75,-173.5,211.0,307.5,-36.5,242.91285393174053,1,2020,9
2020-09-30,11372.25,11543.75,11555.0,11372.25,144,0.733215547703181,1.2516382467119502,182.75,0.0,342.5,365.5,0.0,-173.5,241.15328167611122,2,2020,9
2020-10-01,11567.75,11326.0,11604.75,11300.0,144,0.1449463482173785,2.628828655460569,37.0,267.75,-484.0,74.0,535.5,342.5,244.89449393135544,3,2020,10
2020-10-04,11285.25,11343.75,11365.75,11268.0,144,-0.6428524090396959,-0.40523483690958484,80.5,17.25,116.5,161.0,34.5,-484.0,271.43145276962935,6,2020,10
2020-10-05,11475.0,11419.25,11491.25,11403.0,144,1.4502991103949148,1.5857437788181494,16.25,72.0,-112.0,32.5,144.0,116.5,267.08211210274476,0,2020,10
2020-10-06,11217.25,11316.5,11358.0,11208.5,144,-1.4982091377653495,-0.4146189272723366,140.75,8.75,198.0,281.5,17.5,-112.0,245.89900044744508,1,2020,10
2020-10-07,11474.5,11539.25,11572.75,11470.0,144,0.8278072987571994,1.218706823506177,98.25,4.5,129.0,196.5,9.0,198.0,220.1872946762416,2,2020,10
2020-10-08,11561.0,11569.75,11602.25,11553.0,144,-0.3067816017456315,1.558201465765796,41.25,8.0,17.0,82.5,16.0,129.0,221.17652511773903,3,2020,10
2020-10-11,11728.75,11835.5,11879.5,11691.75,144,0.9416277015234176,2.918567216066603,150.75,37.0,213.0,301.5,74.0,17.0,213.94899170744304,6,2020,10
2020-10-12,12098.75,12206.5,12211.75,12022.0,144,1.364113326337879,5.893789625214918,113.0,76.75,215.0,226.0,153.5,213.0,214.78529058720838,0,2020,10
2020-10-13,12080.0,12113.25,12177.75,12073.0,144,-0.6336796625861507,5.6951099735111255,97.75,7.0,66.0,195.5,14.0,215.0,214.280882746283,1,2020,10
2020-10-14,11951.0,11771.0,11983.75,11737.0,144,-1.1043679299810094,4.6823324173711045,32.75,214.0,-360.5,65.5,428.0,66.0,213.37226395742195,2,2020,10
2020-10-15,11891.25,11895.75,11941.5,11825.75,144,0.9744809137616217,3.7805798236116406,50.25,65.5,8.5,100.5,131.0,-360.5,225.57263388517387,3,2020,10
2020-10-18,11815.75,11927.25,11949.0,11815.0,144,-1.1286445814609691,3.119009429705333,133.25,0.75,222.5,266.5,1.5,8.5,223.90731605780658,6,2020,10
2020-10-19,11697.75,11725.0,11747.75,11667.5,144,-2.353163440950501,1.3127070706542732,50.0,30.25,54.0,100.0,60.5,222.5,209.0797883458294,0,2020,10
2020-10-20,11673.0,11677.0,11743.75,11581.25,144,-0.0278575408220072,1.505491822860483,70.75,91.75,7.5,141.5,183.5,54.0,207.47194483769803,1,2020,10
2020-10-21,11686.25,11657.5,11701.5,11591.0,144,-0.14567890655126092,1.2737768491752899,15.25,95.25,-58.0,30.5,190.5,7.5,206.46354813992298,2,2020,10
2020-10-22,11666.75,11654.25,11682.25,11602.0,144,-0.28023188653817366,1.1975418740214794,15.5,64.75,-25.5,31.0,129.5,-58.0,206.23469480692435,3,2020,10
2020-10-25,11650.25,11563.0,11651.0,11543.5,144,0.01926741024598222,1.3335600613900933,0.75,106.75,-175.0,1.5,213.5,-25.5,204.9150321346309,6,2020,10
2020-10-26,11497.5,11527.0,11548.0,11478.0,144,-0.7018680488068196,-0.32948929159802853,50.5,19.5,58.5,101.0,39.0,-175.0,202.22372153788376,0,2020,10
2020-10-27,11560.75,11471.75,11566.5,11438.75,144,0.44214222241487633,0.4048867192476324,5.75,122.0,-178.5,11.5,244.0,58.5,202.2336113326159,1,2020,10
2020-10-28,11181.75,11260.75,11296.0,11166.25,144,-2.3113021358712293,-3.4410766879170773,114.25,15.5,157.5,228.5,31.0,-178.5,202.47920458524536,2,2020,10
2020-10-29,11218.5,11179.0,11238.0,11039.25,144,1.2109567004781274,-1.812076551033226,19.5,179.25,-79.5,39.0,358.5,157.5,190.4918478018084,3,2020,10
2020-11-01,11039.0,11196.5,11211.5,10982.0,144,-1.700566855618535,-4.0833758834112,172.5,57.0,314.5,345.0,114.0,-79.5,153.98696117050392,6,2020,11
2020-11-02,11075.25,11142.5,11182.75,11065.0,144,-0.6373429084380655,-3.8809718364040124,107.5,10.25,134.0,215.0,20.5,314.5,166.15153197893582,0,2020,11
2020-11-03,11256.5,11522.75,11768.25,11230.0,144,1.016264722378013,-2.185723738317924,511.75,26.5,532.0,1023.5,53.0,134.0,163.89587516083742,1,2020,11
2020-11-04,11817.75,12105.75,12112.75,11771.25,144,1.1351909184726505,2.1770399676439345,295.0,46.5,575.5,590.0,93.0,532.0,194.38923242867773,2,2020,11
2020-11-05,12087.75,11940.0,12089.0,11869.5,144,0.3013300083125614,4.81945817472329,1.25,218.25,-296.0,2.5,436.5,575.5,225.55727916476226,3,2020,11
2020-11-08,12134.75,12310.25,12408.0,12122.0,144,0.3780639800581742,4.9154501581048615,273.25,12.75,350.5,546.5,25.5,-296.0,240.85781320980746,6,2020,11
2020-11-09,11863.25,11570.25,11901.25,11553.25,144,-3.000102532554083,2.7303843213565937,38.0,310.0,-586.5,76.0,620.0,350.5,247.05875606294222,0,2020,11
2020-11-10,11634.75,11741.25,11773.75,11575.0,144,-0.6179438932603531,1.025974754265535,139.0,59.75,212.5,278.0,119.5,-586.5,285.38322687959516,1,2020,11
2020-11-11,11899.75,11939.25,11966.0,11782.0,144,1.3759412931714898,3.36734538509893,66.25,117.75,78.5,132.5,235.5,212.5,288.05932320306954,2,2020,11
2020-11-12,11861.25,11911.75,11936.5,11804.5,144,-0.7845111488683276,2.9873046411458937,75.25,56.75,100.5,150.5,113.5,78.5,271.93711057018885,3,2020,11
2020-11-15,11953.5,11992.75,12065.25,11953.5,144,0.3595382771598654,3.9012376637415302,111.75,0.0,78.0,223.5,0.0,100.5,271.7028611127275,6,2020,11
2020-11-16,12060.25,12018.75,12093.0,11991.5,144,0.8266890474192268,4.530480769732748,32.75,68.75,-83.5,65.5,137.5,78.0,269.3438164268272,0,2020,11
2020-11-17,11973.0,12011.5,12022.75,11917.0,144,-0.41779255871959853,4.129581547270522,49.75,56.0,76.5,99.5,112.0,-83.5,271.32579464935736,1,2020,11
2020-11-18,11876.75,11844.0,11902.25,11804.5,144,-0.5602358007400166,3.2427185983177065,25.5,72.25,-66.0,51.0,144.5,76.5,271.1172498346328,2,2020,11
2020-11-19,11960.25,12003.25,12013.5,11923.5,144,0.9372367312552754,3.908025840738971,53.25,36.75,85.5,106.5,73.5,-66.0,271.30525631705535,3,2020,11
2020-11-22,11907.75,11950.0,11977.25,11882.5,144,-0.6592260352560775,3.110798148903604,69.5,25.25,84.0,139.0,50.5,85.5,270.6223285999181,6,2020,11
2020-11-23,11915.0,11939.5,11979.0,11913.25,144,-0.35157476195458726,2.9601725307786264,64.0,1.75,48.5,128.0,3.5,84.0,264.69290050726204,0,2020,11
2020-11-24,12099.0,12098.25,12173.5,12090.75,144,1.0565516664225783,4.296897436129976,74.5,8.25,-2.0,149.0,16.5,48.5,264.7399220287515,1,2020,11
2020-11-25,12168.25,12189.5,12222.5,12166.25,144,0.33848630575219474,4.843165493691282,54.25,2.0,42.0,108.5,4.0,-2.0,258.649909448843,2,2020,11
2020-11-26,12149.0,12196.25,12206.75,12137.0,144,-0.34838207266840726,4.705153800969142,57.75,12.0,94.0,115.5,24.0,42.0,258.2521156992869,3,2020,11
2020-11-29,12286.25,12264.25,12336.75,12193.0,144,0.38437947250051785,5.50314803274814,50.5,93.25,-44.5,101.0,186.5,94.0,255.51361458216286,6,2020,11
2020-11-30,12327.5,12390.0,12401.75,12312.0,144,0.02444838335065036,5.25965979014531,74.25,15.5,124.5,148.5,31.0,-44.5,251.38727069686925,0,2020,11
2020-12-01,12458.25,12446.75,12472.25,12405.75,144,0.6019715578539087,6.540511793218728,14.0,52.5,-23.5,28.0,105.0,124.5,251.2702675774056,1,2020,12
2020-12-02,12471.75,12474.75,12496.5,12455.5,144,0.5427654809224913,6.302639326216619,24.75,16.25,5.5,49.5,32.5,-23.5,227.07402427402383,2,2020,12
2020-12-03,12488.0,12506.75,12520.75,12474.0,144,0.062175334443126395,6.1417546642588805,32.75,14.0,37.0,65.5,28.0,5.5,189.26994610872575,3,2020,12
2020-12-06,12523.75,12513.75,12569.0,12475.0,144,0.43486973947894914,6.3720050837485775,45.25,48.75,-20.5,90.5,97.5,37.0,174.65358758953306,6,2020,12
2020-12-07,12572.25,12589.5,12599.5,12554.75,144,0.5146516127745304,6.725107182600354,27.25,17.5,34.0,54.5,35.0,-20.5,157.7720269883098,0,2020,12
2020-12-08,12657.5,12637.0,12674.75,12626.0,144,0.479058580316849,6.821685047204151,17.25,31.5,-41.5,34.5,63.0,34.0,71.06259286898496,1,2020,12
2020-12-09,12344.0,12360.75,12376.75,12303.5,144,-2.185056902523508,4.272160445065576,32.75,40.5,33.0,65.5,81.0,-41.5,61.19750166899193,2,2020,12
2020-12-10,12393.75,12286.75,12414.5,12282.5,144,1.0884852932183664,4.489467407747649,20.75,111.25,-214.5,41.5,222.5,33.0,60.150091875503676,3,2020,12
2020-12-13,12392.75,12420.0,12445.0,12386.5,144,0.37307380373072796,4.103315979976752,52.25,6.25,54.0,104.5,12.5,-214.5,78.59912866130097,6,2020,12
2020-12-14,12463.0,12505.75,12519.0,12417.0,144,0.2576230250578737,4.583553258397144,56.0,46.0,85.0,112.0,92.0,54.0,77.72198683025324,0,2020,12
2020-12-15,12598.5,12632.75,12644.0,12577.75,144,0.29866199426569207,5.52777504278803,45.5,20.75,68.0,91.0,41.5,85.0,76.03927309378709,1,2020,12
2020-12-16,12676.75,12727.75,12745.25,12667.5,144,0.41619596884476806,5.930847961102437,68.5,9.25,101.5,137.0,18.5,68.0,75.72732855101677,2,2020,12
2020-12-17,12749.75,12746.5,12783.75,12710.0,143,0.12171898619863786,6.408993280244646,34.0,39.75,-7.0,68.0,79.5,101.5,75.07697803973534,3,2020,12
2020-12-20,12756.0,12502.75,12783.5,12463.0,144,0.12171898619863786,6.408993280244646,27.5,293.0,-507.0,55.0,586.0,-7.0,74.15947875675529,6,2020,12
2020-12-21,12697.5,12729.25,12741.75,12639.75,144,0.8206493661328196,5.694799730029243,44.25,57.75,63.0,88.5,115.5,-507.0,138.42348019184104,0,2020,12
2020-12-22,12706.0,12732.5,12739.0,12629.25,144,-0.0412768299394628,5.823794174749186,33.0,76.75,52.5,66.0,153.5,63.0,138.7652220194427,1,2020,12
2020-12-23,12660.0,12665.5,12678.0,12631.5,144,-0.5053484347962822,5.190308829050738,18.0,28.5,10.5,36.0,57.0,52.5,139.3806294591218,2,2020,12
2020-12-27,12677.0,12785.5,12797.75,12651.75,144,0.35545725626493496,5.519996245889258,120.75,25.25,216.5,241.5,50.5,10.5,139.0201992139043,6,2020,12
2020-12-28,12843.0,12886.5,12899.0,12840.25,144,0.13654806491885108,6.422588937722873,56.0,2.75,86.5,112.0,5.5,216.5,146.1195684686813,0,2020,12
2020-12-29,12860.0,12889.0,12895.75,12827.75,144,-0.3490604456338309,6.352462578884244,35.75,32.25,57.5,71.5,64.5,86.5,146.89137366739646,1,2020,12
2020-12-30,12840.0,12854.25,12859.5,12833.75,144,-0.41483319440944744,6.110202756349503,19.5,6.25,28.0,39.0,12.5,57.5,144.84133560555136,2,2020,12
2021-01-03,12888.25,12940.0,12960.0,12824.25,144,0.22193668963905733,6.119605122930105,71.75,64.0,103.0,143.5,128.0,28.0,144.77465247756584,6,2021,1
2021-01-04,12684.5,12705.25,12727.75,12640.75,144,-1.8981347250410785,4.442591455434153,43.25,43.75,41.0,86.5,87.5,103.0,146.3509188470246,0,2021,1
2021-01-05,12801.25,12540.0,12844.5,12491.25,144,1.1145804513655655,5.0956800799257795,43.25,310.0,-523.0,86.5,620.0,41.0,146.38964543120406,1,2021,1
2021-01-06,12659.25,12672.75,12762.25,12646.25,144,0.16073979996824583,3.5126584744695544,103.0,13.0,26.5,206.0,26.0,-523.0,189.16547337130373,2,2021,1
2021-01-07,12927.0,12976.25,12992.5,12919.25,144,1.557650756236506,5.786881878305894,65.5,7.75,98.0,131.0,15.5,26.5,189.07491379428353,3,2021,1
2021-01-10,13098.75,13052.5,13105.5,13021.75,144,0.5588094095055229,6.879988504982326,6.75,77.0,-93.0,13.5,154.0,98.0,190.54817735873726,6,2021,1
2021-01-11,12915.0,12946.0,12959.0,12886.75,144,-0.5264375795441367,4.9843820849448495,44.0,28.25,61.5,88.0,56.5,-93.0,191.26030072019364,0,2021,1
2021-01-12,12885.75,12892.75,12935.0,12872.5,144,-0.15694328728371731,4.607182065623383,49.25,13.25,13.5,98.5,26.5,61.5,185.80911965608246,1,2021,1
2021-01-13,12975.25,12943.5,13016.75,12922.5,144,0.6090228480546189,4.9753184958286845,41.5,52.75,-64.0,83.0,105.5,13.5,185.42312032923923,2,2021,1
2021-01-14,12908.0,12870.75,12927.75,12829.25,144,-0.6795910902335223,4.09646528032801,19.75,78.75,-75.0,39.5,157.5,-64.0,184.783392039664,3,2021,1
2021-01-17,12774.0,12786.75,12796.25,12727.0,144,-0.7021082643185461,3.0469466728981542,22.25,47.0,25.0,44.5,94.0,-75.0,184.44093869968512,6,2021,1
2021-01-18,12812.0,12926.5,12949.25,12810.25,144,0.09179508212731058,2.9751640332796647,137.25,1.75,228.5,274.5,3.5,25.0,182.6721538425428,0,2021,1
2021-01-19,13029.75,13095.5,13099.25,13018.0,144,0.6862460017446947,4.20976219893654,69.5,11.75,131.0,139.0,23.5,228.5,190.91107567605766,1,2021,1
2021-01-20,13290.25,13352.5,13392.25,13287.0,144,1.1361257540868142,6.421537745563133,102.0,3.25,124.0,204.0,6.5,131.0,152.49770274369777,2,2021,1
2021-01-21,13394.75,13319.75,13400.5,13311.0,144,0.4329166588579181,7.0450803806881845,5.75,83.75,-150.5,11.5,167.5,124.0,153.91430245432014,3,2021,1
2021-01-24,13366.0,13490.5,13498.0,13365.5,144,0.05618819298771616,6.41434145494153,132.0,0.5,248.5,264.0,1.0,-150.5,158.78995353014372,6,2021,1
2021-01-25,13460.25,13436.25,13474.5,13380.75,144,-0.17410309125595047,7.088543510768464,14.25,79.5,-48.5,28.5,159.0,248.5,166.96322278621074,0,2021,1
2021-01-26,13553.0,13525.0,13586.75,13506.0,144,-0.06299329306703738,6.891891356302349,33.75,47.0,-56.5,67.5,94.0,-48.5,161.74852761064153,1,2021,1
2021-01-27,13053.75,12960.75,13129.0,12906.25,144,-2.0127336208667024,3.8052359724177753,75.25,147.5,-186.5,150.5,295.0,-56.5,161.62517350501517,2,2021,1
2021-01-28,13159.25,13037.75,13187.25,12933.0,144,0.22995058912960165,4.12644034896108,28.0,226.25,-243.5,56.0,452.5,-186.5,166.87730089089865,3,2021,1
2021-01-31,12850.0,13037.75,13063.5,12726.75,144,-1.4968918042790103,1.8355916151676421,213.5,123.25,375.0,427.0,246.5,-243.5,175.03014777911514,6,2021,1
2021-02-01,13232.75,13362.75,13378.5,13230.0,144,1.3714898670650788,4.109658028829344,145.75,2.75,259.5,291.5,5.5,375.0,194.34644865616428,0,2021,2
2021-02-02,13503.75,13542.5,13584.25,13476.0,144,0.7208522908124015,5.581279960557661,80.5,27.75,77.0,161.0,55.5,259.5,202.92573667542297,1,2021,2
2021-02-03,13427.5,13448.75,13457.5,13345.75,144,-1.0531177829099292,4.8678416512235145,30.0,81.75,42.0,60.0,163.5,77.0,160.22488102663687,2,2021,2
2021-02-04,13563.0,13590.75,13618.75,13528.25,144,0.7509852033608544,5.857927723644418,55.75,34.75,55.0,111.5,69.5,42.0,160.2062322199271,3,2021,2
2021-02-07,13620.75,13643.0,13687.0,13604.75,144,0.0478284063942791,5.971271803345135,66.25,16.0,44.0,132.5,32.0,55.0,159.65044876063965,6,2021,2
2021-02-08,13685.0,13665.0,13698.0,13657.0,144,0.1335357711233387,6.405105267966316,13.0,28.0,-40.5,26.0,56.0,44.0,156.72982116401846,0,2021,2
2021-02-09,13698.75,13741.0,13769.25,13679.0,144,0.25649481514051775,6.118665497956033,70.5,19.75,84.0,141.0,39.5,-40.5,157.75235422382082,1,2021,2
2021-02-10,13667.25,13705.5,13717.25,13613.5,144,-0.6712630295974242,5.660403646659784,50.0,53.75,76.0,100.0,107.5,84.0,157.96595860800932,2,2021,2
2021-02-11,13710.25,13704.75,13742.0,13662.75,144,0.06561081849496553,6.008370230154303,31.75,47.5,-11.5,63.5,95.0,76.0,156.13972108339357,3,2021,2
2021-02-14,13829.0,13843.5,13866.75,13819.0,144,0.8051265198816937,6.384536507149918,37.75,10.0,28.5,75.5,20.0,-11.5,154.13054958634714,6,2021,2
2021-02-15,13872.0,13869.0,13900.75,13846.0,144,0.14800375424157686,6.674182525397754,28.75,26.0,-6.5,57.5,52.0,28.5,154.10074242452376,0,2021,2
2021-02-16,13757.75,13740.0,13785.5,13694.25,144,-0.5167678519803376,5.641410174101691,27.75,63.5,-36.0,55.5,127.0,-6.5,148.78397223739117,1,2021,2
2021-02-17,13699.0,13605.0,13724.75,13571.25,144,0.45094588649361445,4.954010079017168,25.75,127.75,-188.5,51.5,255.5,-36.0,148.09414457666676,2,2021,2
2021-02-18,13638.5,13691.0,13694.75,13550.5,144,0.6958929395477709,4.316498612670117,56.25,88.0,104.5,112.5,176.0,-188.5,154.2001348214304,3,2021,2
2021-02-21,13584.5,13409.0,13629.0,13364.0,144,-0.8615654205607504,3.7082695086001483,44.5,220.5,-351.5,89.0,441.0,104.5,150.19447042873568,6,2021,2
2021-02-22,13226.5,12981.25,13335.75,12946.75,144,-1.2284140763558327,0.8911187516328356,109.25,279.75,-491.0,218.5,559.5,-351.5,163.34806235056524,0,2021,2
2021-02-23,13171.5,13215.75,13262.5,13027.5,144,1.4402738250903768,0.4763546394580098,91.0,144.0,88.0,182.0,288.0,-491.0,196.66236595803088,1,2021,2
2021-02-24,13308.25,13257.0,13354.25,13185.75,144,1.6826647290527408,1.144278095981499,46.0,122.5,-103.0,92.0,245.0,88.0,198.0290116969838,2,2021,2
2021-02-25,12800.5,12791.5,12915.5,12663.25,144,-2.691373947348452,-2.4735097864853284,115.0,137.25,-18.5,230.0,274.5,-103.0,195.10606258621146,3,2021,2
2021-02-28,12955.75,13096.0,13132.75,12946.75,144,-0.4497374922791897,-2.0050070073782678,177.0,9.0,280.0,354.0,18.0,-18.5,187.3845100462231,6,2021,2
2021-03-01,13311.75,13227.5,13328.0,13162.0,144,1.3436653051876135,0.7956512346698474,16.25,149.75,-169.0,32.5,299.5,280.0,178.3464454517193,0,2021,3
2021-03-02,13061.0,13152.0,13191.0,13059.0,144,-1.8010904305320596,-0.8946651001678796,130.0,2.0,181.5,260.0,4.0,-169.0,170.40702820939583,1,2021,3
2021-03-03,12682.75,12592.5,12709.0,12511.0,144,-2.5551862596299824,-3.760988904650131,26.25,171.75,-181.0,52.5,343.5,181.5,175.29095174354504,2,2021,3
2021-03-04,12437.0,12412.5,12474.0,12305.5,144,-1.5220009080679886,-5.310514925086995,37.0,131.5,-49.5,74.0,263.0,-181.0,178.10068670632097,3,2021,3
2021-03-07,12714.0,12460.25,12761.25,12376.25,144,0.6238575856314155,-3.869660880801873,47.25,337.75,-508.0,94.5,675.5,-49.5,176.91902697353697,6,2021,3
2021-03-08,12346.5,12560.0,12577.75,12325.5,144,-2.651260337936767,-6.5531320711428425,231.25,21.0,426.5,462.5,42.0,-508.0,204.37932998793136,0,2021,3
2021-03-09,12811.5,12763.0,12827.75,12719.5,144,1.4117180529394258,-2.8521914336248733,16.25,92.0,-97.5,32.5,184.0,426.5,232.1835990853154,1,2021,3
2021-03-10,12794.5,12998.0,13017.0,12724.25,144,-1.6618148869310456,-3.1003923171789016,222.5,70.25,406.5,445.0,140.5,-97.5,230.53046807423578,2,2021,3
2021-03-11,13051.75,12830.0,13095.0,12785.0,144,0.7335199305086304,-0.89696931024974,43.25,266.75,-444.0,86.5,533.5,406.5,251.06847461871504,3,2021,3
2021-03-14,12939.0,12984.25,13009.25,12872.75,144,0.5205804083059817,-1.73500409208035,70.25,66.25,90.0,140.5,132.5,-444.0,267.0719533936007,6,2021,3
2021-03-15,13082.25,13133.5,13177.75,13056.75,144,0.9825875448824295,-0.7265742156676303,95.5,25.5,102.0,191.0,51.0,90.0,268.4517059380562,0,2021,3
2021-03-16,13168.0,13112.75,13184.0,13110.0,144,-0.1518689371072801,-0.23800094380993508,16.0,58.0,-111.0,32.0,116.0,102.0,270.5365173813732,1,2021,3
2021-03-17,13198.5,13050.25,13279.75,13017.0,144,1.4364725764326236,0.09585096823121475,81.25,181.5,-297.0,162.5,363.0,-111.0,270.8821007375717,2,2021,3
2021-03-18,12813.5,12882.5,12917.5,12730.5,144,-1.519873792758475,-2.9779116861691435,104.0,83.0,137.5,208.0,166.0,-297.0,274.82432666399046,3,2021,3
2021-03-21,12820.75,12919.5,12933.75,12789.5,144,-1.519873792758475,-2.9779116861691435,113.0,31.25,197.0,226.0,62.5,137.5,275.9423995958881,6,2021,3
2021-03-22,13068.75,13033.5,13105.25,13002.5,144,1.0983273711689057,-0.8993230530810248,36.5,66.25,-71.0,73.0,132.5,197.0,272.201815367704,0,2021,3
2021-03-23,13050.0,13121.25,13145.0,13016.25,144,-0.8235787547184237,-1.410372549093919,95.0,33.75,142.0,190.0,67.5,-71.0,249.89089592944555,1,2021,3
2021-03-24,12804.0,12831.5,12859.5,12752.0,144,-2.1478846300971632,-3.028536271281279,55.5,52.0,54.5,111.0,104.0,142.0,251.2596306088269,2,2021,3
2021-03-25,12799.25,12815.25,12880.5,12761.5,144,0.43839817563449124,-3.134395764532971,81.25,37.75,31.5,162.5,75.5,54.5,250.4711297577132,3,2021,3
2021-03-28,12967.0,12934.25,12986.25,12807.0,144,1.5532269121535602,-1.7068594006939275,19.25,160.0,-66.0,38.5,320.0,31.5,250.48899019822457,6,2021,3
2021-03-29,12974.75,12894.75,12984.0,12853.5,144,0.1139766251328167,-1.7757095787636512,9.25,121.25,-160.5,18.5,242.5,-66.0,242.39015417732045,0,2021,3
2021-03-30,12891.75,12924.0,12933.0,12858.5,144,0.17089369635296947,-2.2467591831041633,41.25,33.25,64.0,82.5,66.5,-160.5,242.10628782677887,1,2021,3
2021-03-31,13093.75,13216.25,13236.5,13090.0,144,0.8983478881113394,-0.8272010756494086,142.75,3.75,244.5,285.5,7.5,64.0,238.59381912848397,2,2021,3
2021-04-01,13333.0,13361.5,13372.25,13323.0,144,0.46215951105410547,0.9079192736645814,39.25,10.0,56.5,78.5,20.0,244.5,242.11693972128413,3,2021,4
2021-04-04,13344.0,13377.5,13384.0,13304.25,144,0.46215951105410547,0.9079192736645814,40.0,39.75,66.5,80.0,79.5,56.5,242.03109168473625,6,2021,4
2021-04-05,13603.0,13551.0,13622.5,13524.5,144,1.209038916522287,2.9084011427363388,19.5,78.5,-104.5,39.0,157.0,66.5,209.19787912782215,0,2021,4
2021-04-06,13580.0,13574.0,13607.75,13549.0,144,0.029481132075481753,2.7989070231149826,27.75,31.0,-12.5,55.5,62.0,-104.5,190.21102547046598,1,2021,4
2021-04-07,13621.75,13713.75,13735.75,13614.75,144,0.38184132371659185,3.024745022370179,114.0,7.0,183.5,228.0,14.0,-12.5,188.57703995979983,2,2021,4
2021-04-08,13787.0,13732.0,13841.0,13706.75,144,0.1657347879141069,4.081112035469103,54.0,80.25,-110.5,108.0,160.5,183.5,169.96563894226554,3,2021,4
2021-04-11,13817.25,13814.5,13832.0,13768.25,144,1.0227002940263352,4.5725563440722095,14.75,49.0,-6.0,29.5,98.0,-110.5,136.6817543554521,6,2021,4
2021-04-12,13825.5,13816.0,13833.0,13772.5,144,0.197685806521819,4.341365316217782,7.5,53.0,-19.5,15.0,106.0,-6.0,135.84467474985792,0,2021,4
2021-04-13,13977.0,14003.5,14007.0,13958.25,144,0.7061917887189573,5.407556021511062,30.0,18.75,52.5,60.0,37.5,-19.5,134.55520291530496,1,2021,4
2021-04-14,13827.5,13874.0,13896.0,13789.5,144,-1.2497094738347703,4.059123457218083,68.5,38.0,92.5,137.0,76.0,52.5,131.69241226193847,2,2021,4
2021-04-15,13999.75,13992.25,14018.25,13953.0,144,0.624596166271818,5.532553133336493,18.5,46.75,-15.5,37.0,93.5,92.5,109.39505906286794,3,2021,4
2021-04-18,13989.25,14021.25,14052.5,13973.25,144,-0.05520434511619987,5.543417715663135,63.25,16.0,63.5,126.5,32.0,-15.5,107.44728205521336,6,2021,4
2021-04-19,13899.5,13842.5,13933.75,13827.25,144,-0.4385886396591543,4.532432758557814,34.25,72.25,-114.5,68.5,144.5,63.5,100.5116483168412,0,2021,4
2021-04-20,13742.25,13764.5,13780.75,13710.0,144,-0.5369853139922554,3.7133267970343997,38.5,32.25,44.0,77.0,64.5,-114.5,103.11868481460905,1,2021,4
2021-04-21,13895.25,13913.25,13937.5,13878.0,144,1.2475449188913856,4.572889787304213,42.25,17.25,35.5,84.5,34.5,44.0,99.38209094197981,2,2021,4
2021-04-22,13757.25,13769.75,13790.75,13738.0,144,-1.0808769311008382,3.299801558906368,33.5,19.25,24.5,67.0,38.5,35.5,99.0971745308611,3,2021,4
2021-04-25,13915.0,13883.5,13944.5,13875.25,144,1.0761273931585214,4.563919008675921,29.5,39.75,-63.5,59.0,79.5,24.5,99.05283013571434,6,2021,4
2021-04-26,14023.25,14013.5,14050.0,14007.5,144,0.5759603825381765,5.18687211390072,26.75,15.75,-20.0,53.5,31.5,-63.5,98.94555586945648,0,2021,4
2021-04-27,13954.0,13928.0,13979.5,13904.75,144,-0.5205176655139199,4.698270638069224,25.5,49.25,-52.5,51.0,98.5,-20.0,90.36882030994136,1,2021,4
2021-04-28,13970.75,14021.5,14038.0,13952.5,144,-0.31385067881418705,4.277939430095845,67.25,18.25,101.0,134.5,36.5,-52.5,91.33980440323374,2,2021,4
2021-04-29,13948.0,13885.25,13952.0,13865.5,144,-0.6231195143228452,4.6889171798678575,4.0,82.5,-126.0,8.0,165.0,101.0,77.06830531554766,3,2021,4
2021-05-02,13879.25,13860.5,13914.25,13844.75,144,0.05955603681646604,3.9585748245606567,35.0,34.5,-38.0,70.0,69.0,-126.0,81.92989220572703,6,2021,5
2021-05-03,13786.25,13753.5,13792.5,13723.5,144,-0.8965145526410367,3.4061937612477555,6.25,62.75,-66.0,12.5,125.5,-38.0,80.85292039773239,0,2021,5
2021-05-04,13526.75,13599.75,13612.25,13507.75,144,-1.0177233692673093,1.5593569100969207,85.5,19.0,145.5,171.0,38.0,-66.0,78.77330482232877,1,2021,5
2021-05-05,13486.0,13512.75,13570.25,13451.0,144,-0.9869024470778198,1.1494942150494847,84.25,35.0,53.0,168.5,70.0,145.5,85.35243883914167,2,2021,5
2021-05-06,13605.75,13633.5,13660.75,13588.25,144,0.8287139175735536,1.8554830522409693,55.0,17.5,55.0,110.0,35.0,53.0,75.44360040523787,3,2021,5
2021-05-09,13718.25,13673.25,13751.75,13639.0,144,-0.05833242188924004,2.6161829834495665,33.5,79.25,-90.5,67.0,158.5,55.0,71.7888854833902,6,2021,5
2021-05-10,13316.0,13183.75,13344.5,13140.75,144,-2.1520146520146555,-0.0853178811092925,28.5,175.25,-265.0,57.0,350.5,-90.5,75.02489060655978,0,2021,5
2021-05-11,13321.5,13276.0,13352.0,13184.75,144,1.7557906777237564,-0.24415661308577752,30.5,136.75,-91.5,61.0,273.5,-265.0,96.04679163933834,1,2021,5
2021-05-12,12968.5,12955.5,13069.25,12914.75,144,-1.0260412700830002,-2.7887310987436797,100.75,53.75,-26.5,201.5,107.5,-91.5,96.57207221334174,2,2021,5
2021-05-13,13095.5,13238.75,13260.5,13071.0,144,-0.17719348385253353,-2.048581600194732,165.0,24.5,286.0,330.0,49.0,-26.5,93.1116866145731,3,2021,5
2021-05-16,13380.5,13346.25,13452.5,13332.0,144,1.1563314816914083,-0.011355130203005714,72.0,48.5,-69.0,144.0,97.0,286.0,115.90120566104632,6,2021,5
2021-05-17,13310.0,13405.5,13433.0,13290.25,144,-0.05821158973974283,-0.7233987467455294,123.0,19.75,190.5,246.0,39.5,-69.0,115.42715577139388,0,2021,5
2021-05-18,13182.25,13031.75,13223.25,13022.75,144,-0.996590611067405,-1.5001425778447097,41.0,159.5,-301.5,82.0,319.0,190.5,121.4318386889055,1,2021,5
2021-05-19,13221.0,13169.5,13259.0,13151.25,144,1.8984538960663988,-1.5007076210903136,38.0,69.75,-103.5,76.0,139.5,-301.5,138.42753186757074,2,2021,5
2021-05-20,13493.25,13516.25,13546.75,13486.5,144,1.4670478483298277,0.3024244152774802,53.5,6.75,45.5,107.0,13.5,-103.5,139.19567824507055,3,2021,5
2021-05-23,13390.0,13496.0,13497.75,13356.25,144,-1.0551948051948035,-0.37497761798941376,107.75,33.75,211.5,215.5,67.5,45.5,139.6505130297545,6,2021,5
2021-05-24,13654.5,13717.75,13738.5,13632.0,144,0.9530683248204941,1.2355897352148704,84.0,22.5,126.0,168.0,45.0,211.5,148.58619685131183,0,2021,5
2021-05-25,13671.0,13688.0,13720.75,13663.5,144,-0.32479381067075375,1.2666394031893846,49.75,7.5,33.5,99.5,15.0,126.0,151.52812835975527,1,2021,5
2021-05-26,13703.75,13629.25,13717.0,13620.25,144,0.11508110477860267,1.5082420462336765,13.25,83.5,-149.5,26.5,167.0,33.5,151.20367929246595,2,2021,5
2021-05-27,13694.5,13710.0,13716.0,13662.5,144,-0.24295787512330635,1.0662022582537567,21.5,32.0,30.5,43.0,64.0,-149.5,153.06581616725308,3,2021,5
2021-05-30,13698.75,13669.25,13722.0,13660.75,144,-0.09486627503921818,1.2765633212469263,23.25,38.0,-59.5,46.5,76.0,30.5,150.75392986062087,6,2021,5
2021-05-31,13658.25,13738.25,13748.75,13654.25,144,-0.17363967026740035,0.8786430810320489,90.5,4.0,159.5,181.0,8.0,-59.5,151.10639986098312,0,2021,5
2021-06-01,13653.0,13637.5,13661.0,13616.5,144,-0.7344386271087799,0.7700779822067183,8.0,36.5,-31.5,16.0,73.0,159.5,154.4766206122772,1,2021,6
2021-06-02,13678.5,13642.5,13707.0,13631.0,144,0.051217326089747495,0.8421426019289635,28.5,47.5,-72.5,57.0,95.0,-31.5,151.28207358928432,2,2021,6
2021-06-03,13530.0,13537.0,13546.75,13467.75,144,-0.20286968389214843,-0.34482987238863005,16.75,62.25,13.5,33.5,124.5,-72.5,151.5770496271918,3,2021,6
2021-06-06,13772.25,13707.0,13786.75,13691.5,144,1.1498897869213875,1.2638022639721802,14.5,80.75,-131.0,29.0,161.5,13.5,150.9791202015764,6,2021,6
2021-06-07,13823.5,13846.25,13866.75,13791.75,144,0.4603766718223934,1.3996263450952062,43.25,31.75,45.0,86.5,63.5,-131.0,152.4059222326314,0,2021,6
2021-06-08,13813.0,13827.5,13845.5,13803.5,144,-0.5043591036818174,1.324058685626861,32.5,9.5,28.5,65.0,19.0,45.0,140.42383916295378,1,2021,6
2021-06-09,13815.75,13782.0,13839.5,13764.0,144,-0.40010813733440953,1.236869323596368,23.75,51.75,-68.0,47.5,103.5,28.5,138.62335139734407,2,2021,6
2021-06-10,13974.5,13958.75,13986.0,13947.5,144,0.9345118666739038,2.1628370239292316,11.5,27.0,-32.0,23.0,54.0,-68.0,139.52620957330808,3,2021,6
2021-06-13,13996.5,14030.25,14037.5,13995.0,144,0.24713024480220724,2.315238918941054,41.0,1.5,67.0,82.0,3.0,-32.0,123.52427845739882,6,2021,6
2021-06-14,14121.25,14136.75,14163.0,14110.25,144,0.8259008205494078,3.226704273380654,41.75,11.0,30.5,83.5,22.0,67.0,123.65748535454888,0,2021,6
2021-06-15,14047.75,14043.0,14057.75,14031.75,144,-0.5755472125805738,2.4632947689935625,10.0,16.0,-10.0,20.0,32.0,30.5,115.60465752773636,1,2021,6
2021-06-16,13948.5,13918.0,13950.0,13850.5,144,-0.5387816067427664,2.027191929318062,1.5,98.0,-61.5,3.0,196.0,-10.0,92.75863912099452,2,2021,6
2021-06-17,14171.25,14198.25,14213.25,14171.25,144,1.5849110728628713,3.286990906880205,42.0,0.0,53.5,84.0,0.0,-61.5,90.58297664514389,3,2021,6
2021-06-20,14022.25,14111.5,14126.75,13983.75,144,1.5849110728628713,3.286990906880205,104.5,38.5,178.0,209.0,77.0,53.5,90.7711516600079,6,2021,6
2021-06-21,14137.0,14107.25,14154.5,14066.25,144,0.5462050314912981,2.974119536930786,17.5,70.75,-60.0,35.0,141.5,178.0,87.07498281124661,0,2021,6
2021-06-22,14273.5,14265.0,14313.5,14251.5,144,0.9773371104815798,3.8522498164485386,40.0,22.0,-17.5,80.0,44.0,-60.0,83.61666920190613,1,2021,6
2021-06-23,14274.25,14346.75,14358.75,14269.0,144,0.03506741710939121,3.8469211234462897,84.5,5.25,144.5,169.0,10.5,-17.5,83.26038737156526,2,2021,6
2021-06-24,14364.75,14384.0,14392.0,14332.25,144,0.03135943134897623,4.426480971089708,27.25,32.5,38.0,54.5,65.0,144.5,82.23187690273957,3,2021,6
2021-06-27,14347.75,14373.25,14386.75,14333.25,144,-0.28337969401946994,4.268316625776425,39.0,14.5,50.5,78.0,29.0,38.0,82.34562510348778,6,2021,6
2021-06-28,14506.75,14500.75,14507.0,14468.75,144,0.8163265306122547,5.445373864661507,0.25,38.0,-12.5,0.5,76.0,50.5,81.07200746704615,0,2021,6
2021-06-29,14584.0,14540.25,14599.0,14526.5,144,0.4015648966789076,5.727268800546481,15.0,57.5,-88.0,30.0,115.0,-12.5,73.87718738412704,1,2021,6
2021-06-30,14558.0,14545.0,14606.5,14531.0,144,-0.10474620509650645,5.466261492513946,48.5,27.0,-26.5,97.0,54.0,-88.0,76.4862216694164,2,2021,6
2021-07-01,14542.25,14568.25,14590.25,14513.5,144,0.1376675672420058,5.399078720293504,48.0,28.75,51.5,96.0,57.5,-26.5,74.71042342552342,3,2021,7
2021-07-04,14702.25,14698.25,14722.0,14674.75,144,0.5827266823883237,6.460253982379305,19.75,27.5,-8.5,39.5,55.0,51.5,75.3621083066351,6,2021,7
2021-07-05,14695.25,14710.25,14723.5,14671.0,144,-0.07991022850925011,6.179510565013957,28.25,24.25,29.5,56.5,48.5,-8.5,68.00365218520444,0,2021,7
2021-07-06,14758.5,14837.75,14859.25,14754.0,144,0.24422923627482884,6.668971917211675,100.75,4.5,158.0,201.5,9.0,29.5,67.7330479859989,1,2021,7
2021-07-07,14811.75,14622.0,14821.75,14602.0,144,-0.46566361267545986,6.723809063736863,10.0,209.75,-380.0,20.0,419.5,158.0,74.96109078434553,2,2021,7
2021-07-08,14712.75,14698.5,14743.0,14640.5,144,0.8856227623893043,6.031292680142819,30.25,72.25,-29.0,60.5,144.5,-380.0,115.77376702681352,3,2021,7
2021-07-11,14823.75,14836.25,14852.75,14785.25,144,0.7928541046363202,6.524765511013553,29.0,38.5,24.5,58.0,77.0,-29.0,115.72493192230013,6,2021,7
2021-07-12,14880.0,14921.75,14926.75,14850.75,144,-0.013449446891500294,6.788927305817749,46.75,29.25,83.0,93.5,58.5,24.5,114.92119725684778,0,2021,7
2021-07-13,14868.0,14916.0,14931.5,14841.0,144,0.08247353272852198,6.602728694244764,63.5,27.0,95.5,127.0,54.0,83.0,116.1692135817854,1,2021,7
2021-07-14,14896.25,14948.5,14962.5,14874.75,144,-0.4993570152145188,6.604092961603336,66.25,21.5,104.0,132.5,43.0,95.5,117.79432342680565,2,2021,7
2021-07-15,14778.0,14810.75,14817.5,14735.75,144,-0.6899214396025033,5.6618883867831205,39.5,42.25,65.0,79.0,84.5,104.0,118.23440978790686,3,2021,7
2021-07-18,14675.75,14631.75,14683.25,14601.0,144,-1.0536430763006144,4.665014176935278,7.5,74.75,-88.5,15.0,149.5,65.0,118.43663640151729,6,2021,7
2021-07-19,14593.5,14595.0,14644.0,14578.0,144,0.17379633134873007,3.687288470985184,50.5,15.5,2.5,101.0,31.0,-88.5,114.6561535750765,0,2021,7
2021-07-20,14729.5,14737.25,14765.5,14687.25,144,0.8703846483337552,4.656152639806699,36.0,42.25,15.0,72.0,84.5,2.5,113.5900292140206,1,2021,7
2021-07-21,14838.0,14847.75,14878.5,14823.25,144,0.8587267038498103,5.216233169092432,40.5,14.75,19.0,81.0,29.5,15.0,113.41125385075306,2,2021,7
2021-07-22,14978.25,15005.5,15015.75,14964.25,144,0.5997405616671392,5.6399322659009155,37.5,14.0,54.0,75.0,28.0,19.0,109.04876987167836,3,2021,7
2021-07-25,15098.0,15083.25,15127.75,15038.75,144,0.7557305395215375,6.541219870947423,29.75,59.25,-30.0,59.5,118.5,54.0,109.36069004132946,6,2021,7
2021-07-26,15125.0,15098.75,15125.25,15052.5,144,0.2769485903814317,6.408102269471705,0.25,72.5,-53.0,0.5,145.0,-30.0,109.11585766852035,0,2021,7
2021-07-27,14876.25,14986.25,14998.5,14866.5,144,-1.0277883517320174,4.9913004700028685,122.25,9.75,219.5,244.5,19.5,-53.0,109.77148512873627,1,2021,7
2021-07-28,14984.25,15004.25,15024.75,14944.5,144,0.05167269514776418,5.119772863953398,40.5,39.75,39.5,81.0,79.5,219.5,118.03561850916888,2,2021,7
2021-07-29,14910.0,14859.75,14936.75,14811.5,144,0.34538568067674635,5.057357054564848,26.75,98.5,-101.0,53.5,197.0,39.5,117.72842019263054,3,2021,7
2021-08-01,14972.25,15041.5,15056.0,14970.0,144,0.5800756620428782,4.284412287081629,83.75,2.25,138.0,167.5,4.5,-101.0,120.3921115618284,6,2021,8
2021-08-02,14963.75,14969.25,14993.25,14941.75,144,-0.4824488437863872,4.060046578264909,29.5,22.0,10.5,59.0,44.0,138.0,123.56145658186263,0,2021,8
2021-08-03,15039.0,15052.75,15073.5,15021.25,144,0.385359669024421,4.473170491186229,34.5,17.75,27.0,69.0,35.5,10.5,123.54365039382445,1,2021,8
2021-08-04,15081.0,15112.75,15115.25,15069.5,144,0.15786237724122465,4.440225757509597,34.25,11.5,63.0,68.5,23.0,27.0,119.08505087585597,2,2021,8
2021-08-05,15168.0,15155.25,15170.0,15141.5,144,0.4320834368015891,4.90645987646956,2.0,26.5,-26.0,4.0,53.0,63.0,75.9687046022723,3,2021,8
2021-08-08,15091.25,15099.75,15114.25,15003.5,144,-0.08769607518697153,4.2089847221824295,23.0,87.75,16.5,46.0,175.5,-26.0,75.84285606297678,6,2021,8
2021-08-09,15127.75,15143.75,15148.0,15092.75,144,0.047964010452838934,4.189344856379873,20.25,35.0,31.5,40.5,70.0,16.5,75.91152658470908,0,2021,8
2021-08-10,15045.25,14994.25,15051.75,14975.0,144,-0.6471102893837566,3.463807007380093,6.5,70.25,-102.5,13.0,140.5,31.5,74.98238389606443,1,2021,8
2021-08-11,15007.75,15009.75,15014.75,14982.5,144,-0.505017054674306,3.104334606501724,7.0,25.25,3.5,14.0,50.5,-102.5,78.86370654823584,2,2021,8
2021-08-12,15077.0,15086.75,15096.25,15061.5,144,0.5100085001416677,3.27620446376522,19.25,15.5,19.0,38.5,31.0,3.5,76.40668112837105,3,2021,8
2021-08-15,15120.0,15101.75,15123.0,15087.25,144,0.24852953359291163,3.3923207556004087,3.0,32.75,-37.0,6.0,65.5,19.0,75.51505165406252,6,2021,8
2021-08-16,15133.75,15074.75,15134.75,15057.75,144,0.363075698796389,3.253939501859482,1.0,76.0,-118.5,2.0,152.0,-37.0,72.70196913281933,0,2021,8
2021-08-17,14971.0,14992.75,15023.0,14951.75,144,-0.11486981421056086,2.1693294140525454,52.0,19.25,43.0,104.0,38.5,-118.5,78.62931019061895,1,2021,8
2021-08-18,14840.75,14780.25,14874.75,14711.0,144,-0.8194942835683894,1.0460675796589713,34.0,129.75,-121.5,68.0,259.5,43.0,78.98274295192886,2,2021,8
2021-08-19,14943.0,14896.5,14956.75,14851.75,144,1.044028562726318,1.3873848727271154,13.75,91.25,-93.5,27.5,182.5,-121.5,84.28530417575736,3,2021,8
2021-08-22,15092.25,15130.25,15153.75,15087.5,144,0.7329615654322552,2.2806102693916586,61.5,4.75,75.5,123.0,9.5,-93.5,86.09306470020466,6,2021,8
2021-08-23,15327.5,15349.25,15384.0,15322.0,144,1.1849476937315195,3.6101607204684916,56.5,5.5,43.0,113.0,11.0,75.5,87.60907111769423,0,2021,8
2021-08-24,15361.25,15371.5,15390.25,15346.75,144,0.151633731168066,3.774748397974692,29.0,14.5,20.0,58.0,29.0,43.0,87.08412070490986,1,2021,8
2021-08-25,15367.0,15328.25,15368.5,15295.5,144,-0.019524258891667756,3.6311547124602273,1.5,71.5,-78.0,3.0,143.0,20.0,71.41520551638362,2,2021,8
2021-08-26,15286.5,15326.75,15337.0,15265.5,144,-0.4010368269183773,2.853466091942014,50.5,21.0,80.0,101.0,42.0,-78.0,72.51621869405596,3,2021,8
2021-08-29,15431.75,15447.25,15459.75,15420.0,144,0.8071367884451952,3.6927234591803693,28.0,11.75,30.5,56.0,23.5,80.0,71.77015121387929,6,2021,8
2021-08-30,15603.75,15632.25,15677.25,15589.5,144,0.9284570467301911,4.660501240554926,73.5,14.25,56.5,147.0,28.5,30.5,64.52527044744355,0,2021,8
2021-08-31,15601.25,15608.0,15648.5,15577.75,144,-0.14736740937705273,4.3741119652913385,47.25,23.5,13.0,94.5,47.0,56.5,65.93749033424679,1,2021,8
2021-09-01,15609.0,15638.5,15651.75,15600.5,144,-0.1183621241202859,4.368132070161268,42.75,8.5,58.5,85.5,17.0,13.0,65.6715511586173,2,2021,9
2021-09-02,15599.25,15616.0,15631.75,15595.5,144,-0.4036761655550891,4.1521364361118085,32.5,3.75,33.0,65.0,7.5,58.5,65.43684681471574,3,2021,9
2021-09-05,15653.75,15693.25,15708.75,15642.0,144,0.6219565112578929,4.284683026864178,55.0,11.75,78.5,110.0,23.5,33.0,65.73749130563044,6,2021,9
2021-09-06,15701.0,15640.0,15704.0,15621.5,144,0.08764521218109778,4.448750466467244,3.0,79.5,-122.5,6.0,159.0,78.5,68.04612889720237,0,2021,9
2021-09-07,15671.0,15662.75,15691.0,15605.0,144,0.11817122051707152,4.107129632181916,20.0,66.0,-17.0,40.0,132.0,-122.5,73.03018031500434,1,2021,9
2021-09-08,15610.0,15589.0,15612.5,15547.0,144,-0.2760755776841539,3.6198550306974386,2.5,63.0,-42.5,5.0,126.0,-17.0,69.49960242218691,2,2021,9
2021-09-09,15561.25,15610.25,15625.75,15553.5,144,-0.4222581212712573,3.092834719286164,64.5,7.75,97.5,129.0,15.5,-42.5,70.07721305441325,3,2021,9
2021-09-12,15449.75,15503.75,15510.0,15413.0,144,-1.2230215827338076,2.212190422874083,60.25,36.75,107.5,120.5,73.5,97.5,73.54577432492349,6,2021,9
2021-09-13,15452.75,15430.0,15469.75,15398.5,144,-0.6947012945244024,2.0584899779299892,17.0,54.25,-46.0,34.0,108.5,107.5,76.75509583631596,0,2021,9
2021-09-14,15395.5,15436.0,15439.75,15377.0,144,-0.7032371489862688,1.6618827140616466,44.25,18.5,80.5,88.5,37.0,-46.0,72.0780780966391,1,2021,9
2021-09-15,15510.5,15466.75,15529.5,15461.5,144,0.5968987218581745,2.321520548609657,19.0,49.0,-88.0,38.0,98.0,80.5,73.43545321895702,2,2021,9
2021-09-16,15505.5,15491.25,15541.5,15475.0,144,0.44008672297188856,2.3097230000260316,36.0,30.5,-29.0,72.0,61.0,-88.0,70.53951393591915,3,2021,9
2021-09-19,15285.0,15151.5,15338.0,15133.25,144,0.44008672297188856,2.3097230000260316,53.0,151.75,-267.5,106.0,303.5,-29.0,66.72151471838549,6,2021,9
2021-09-20,14991.25,15124.25,15163.5,14981.5,144,-0.47095501053016076,-1.109040550582363,172.25,9.75,265.5,344.5,19.5,-267.5,90.78496861438974,0,2021,9
2021-09-21,14992.25,15070.75,15098.75,14929.25,144,-0.4193810399986786,-1.0379859021054538,106.5,63.0,156.5,213.0,126.0,265.5,108.23566818946975,1,2021,9
2021-09-22,15177.75,15280.5,15308.0,15174.5,144,0.6639334738659297,-0.13305273696725406,130.25,3.25,205.0,260.5,6.5,156.5,112.99710056829797,2,2021,9
2021-09-23,15298.75,15214.25,15333.0,15206.0,144,0.5818157912037325,0.7205374570854017,34.25,92.75,-169.5,68.5,185.5,205.0,117.90919789129414,3,2021,9
2021-09-26,15318.75,15273.75,15399.5,15265.0,144,0.7168105219893084,0.7545779593501667,80.75,53.75,-90.5,161.5,107.5,-169.5,125.56907042487956,6,2021,9
2021-09-27,15172.5,14951.75,15192.25,14944.0,144,0.060915377016801386,-0.10992066909605303,19.75,228.5,-442.0,39.5,457.0,-90.5,127.93053985001286,0,2021,9
2021-09-28,14770.0,14904.5,14926.25,14757.0,144,-1.57820181651529,-2.962073744091842,156.25,13.0,268.5,312.5,26.0,-442.0,162.97205927785015,1,2021,9
2021-09-29,14762.0,14811.0,14884.0,14754.5,144,-0.5078368848171921,-3.1097546148148636,122.0,7.5,97.5,244.0,15.0,268.5,174.55094830057934,2,2021,9
2021-09-30,14700.5,14616.5,14732.0,14552.25,144,-0.9031060094530696,-3.5258860565201333,31.5,148.25,-168.5,63.0,296.5,97.5,175.43303378242425,3,2021,9
2021-10-03,14781.0,14698.0,14835.75,14633.5,144,0.4146909362837681,-2.884518658441082,54.75,147.5,-166.5,109.5,295.0,-168.5,179.40731370411368,6,2021,10
2021-10-04,14488.5,14541.5,14549.25,14410.0,144,-1.6134516644564556,-4.800932299083227,60.75,78.5,105.5,121.5,157.0,-166.5,181.6625631276439,0,2021,10
2021-10-05,14661.75,14448.75,14674.75,14422.25,144,1.0408768180878214,-3.487468284295192,13.0,239.5,-426.5,26.0,479.0,105.5,181.9496821709376,1,2021,10
2021-10-06,14767.0,14890.0,14910.75,14765.0,144,1.5958820390104433,-2.833525479732102,143.75,2.0,245.5,287.5,4.0,-426.5,204.73100933715554,2,2021,10
2021-10-07,14894.0,14878.25,14935.5,14835.5,144,0.028557989517530302,-1.943767809692687,41.5,58.5,-32.0,83.0,117.0,245.5,213.5674104721725,3,2021,10
2021-10-10,14810.0,14749.25,14828.75,14703.5,144,-0.8119736820076717,-2.407413386291113,18.75,106.5,-122.0,37.5,213.0,-32.0,211.9910251327684,6,2021,10
2021-10-11,14688.25,14724.25,14735.75,14587.0,144,-0.3288470013899758,-3.1095251246229028,47.5,101.25,71.5,95.0,202.5,-122.0,210.9521818477252,0,2021,10
2021-10-12,14595.0,14717.25,14730.25,14590.25,144,-0.7418824844594218,-3.3986288114442598,135.25,4.75,244.0,270.5,9.5,71.5,212.15035631412562,1,2021,10
2021-10-13,14770.0,14883.25,14896.75,14766.75,144,0.13392781460321856,-2.596481692439312,126.75,3.25,226.0,253.5,6.5,244.0,219.46585125805106,2,2021,10
2021-10-14,15064.5,15078.0,15112.25,15020.75,144,0.7841954456341504,-0.8096905602726245,47.75,43.75,26.5,95.5,87.5,226.0,225.2830544121397,3,2021,10
2021-10-17,15146.25,15070.75,15166.75,15038.5,144,0.30817151567366086,-0.15420009730273687,20.5,107.75,-151.5,41.0,215.5,26.5,225.2673324133606,6,2021,10
2021-10-18,15290.25,15332.5,15340.0,15269.5,144,1.3878755720634128,0.8149282267619462,49.75,20.75,84.0,99.5,41.5,-151.5,219.39774623416602,0,2021,10
2021-10-19,15410.5,15402.25,15415.0,15366.25,144,0.45661355816115634,1.529611058900393,4.5,44.25,-17.0,9.0,88.5,84.0,211.77025007254775,1,2021,10
2021-10-20,15358.25,15358.5,15367.25,15300.75,144,-0.235099552500162,1.3692618071936336,9.0,57.5,0.0,18.0,115.0,-17.0,208.46680917190565,2,2021,10
2021-10-21,15385.5,15430.25,15434.5,15373.0,144,0.8356682087704348,1.9179697082954084,49.0,12.5,89.0,98.0,25.0,0.0,202.25538181636637,3,2021,10
2021-10-24,15325.5,15373.5,15395.0,15296.5,144,-0.5219646620197804,1.0050469605657586,69.5,29.0,95.5,139.0,58.0,89.0,200.50812262061118,6,2021,10
2021-10-25,15543.5,15598.75,15613.25,15523.75,144,0.6231641810421795,2.0031138052384545,69.75,19.75,110.0,139.5,39.5,95.5,200.7898793711841,0,2021,10
2021-10-26,15523.25,15521.5,15593.0,15517.5,144,-0.33978715219900035,2.2357367336060197,69.75,5.75,-4.0,139.5,11.5,110.0,172.59592870419362,1,2021,10
2021-10-27,15596.0,15647.25,15664.0,15591.25,144,0.09312481936996075,2.419963251046875,68.0,4.75,102.0,136.0,9.5,-4.0,163.19185512441268,2,2021,10
2021-10-28,15677.0,15628.5,15692.5,15618.0,144,0.5903376092922352,3.4567410158406364,15.5,59.0,-97.5,31.0,118.0,102.0,163.3141366717592,3,2021,10
2021-10-31,15875.0,15898.75,15912.75,15855.0,144,1.3322457857531278,3.8461714970540406,37.75,20.0,47.0,75.5,40.0,-97.5,159.83691318274828,6,2021,10
2021-11-01,15891.25,15863.5,15896.75,15849.5,144,0.22543826459830996,4.089578435160757,5.5,41.75,-56.0,11.0,83.5,47.0,153.80271026288992,0,2021,11
2021-11-02,15958.5,15977.5,15987.25,15937.5,144,0.6066526952712703,4.446877161390117,28.75,21.0,37.5,57.5,42.0,-56.0,153.8586565137317,1,2021,11
2021-11-03,16130.0,16192.25,16215.75,16128.0,144,0.9355297945901953,5.43781229817466,85.75,2.0,124.0,171.5,4.0,37.5,112.00461397920856,2,2021,11
2021-11-04,16335.5,16405.75,16412.25,16302.25,144,0.9579876079667482,6.642315156203837,76.75,33.25,140.0,153.5,66.5,124.0,103.52727837831435,3,2021,11
2021-11-07,16300.0,16344.0,16356.5,16265.0,144,-0.36104932817403457,6.600060304292188,56.5,35.0,87.5,113.0,70.0,140.0,104.47171614214132,6,2021,11
2021-11-08,16313.25,16362.0,16364.0,16282.0,144,-0.1269113149847123,6.33119684416914,50.75,31.25,97.0,101.5,62.5,87.5,96.80926377486567,0,2021,11
2021-11-09,16202.25,16150.25,16243.0,16132.5,144,-0.9694064484611631,5.516961376976104,40.75,69.75,-104.5,81.5,139.5,97.0,97.16472719318598,1,2021,11
2021-11-10,15990.25,16075.0,16095.75,15976.0,144,-0.765456634475048,3.908641424549719,105.5,14.25,169.0,211.0,28.5,-104.5,93.45776910061088,2,2021,11
2021-11-11,16042.0,16059.75,16093.75,16033.0,144,-0.49371982176403817,4.142326817538788,51.75,9.0,35.0,103.5,18.0,169.0,88.26921663447058,3,2021,11
2021-11-14,16211.0,16229.0,16241.25,16206.0,144,0.7467446599978222,5.147876632812953,30.25,5.0,35.5,60.5,10.0,35.0,88.22669663996233,6,2021,11
2021-11-15,16199.0,16166.0,16226.5,16150.75,144,-0.32325595714549626,5.0666073029680625,27.5,48.25,-66.5,55.0,96.5,35.5,75.99781852824836,0,2021,11
2021-11-16,16296.75,16314.25,16332.25,16273.25,144,0.9144643188710777,5.738364062023749,35.5,23.5,34.5,71.0,47.0,-66.5,79.680327592594,1,2021,11
2021-11-17,16322.0,16400.5,16410.25,16320.0,144,-0.012258469836501362,5.70581019899965,88.25,2.0,156.5,176.5,4.0,34.5,78.52513844891322,2,2021,11
2021-11-18,16505.5,16543.75,16589.75,16490.0,144,0.5076838638858439,6.67572392241742,84.25,15.5,76.0,168.5,31.0,156.5,81.67059559113343,3,2021,11
2021-11-21,16599.75,16633.0,16649.0,16582.5,144,0.1344431184761019,7.1233609017185895,49.25,17.25,66.0,98.5,34.5,76.0,81.40837196698953,6,2021,11
2021-11-22,16399.75,16324.75,16414.75,16274.5,144,-1.5310875379391131,5.778285098908786,15.0,125.25,-150.5,30.0,250.5,66.0,80.82337793641496,0,2021,11
2021-11-23,16299.0,16229.0,16356.25,16226.75,144,-0.15461629135220534,5.155322643783644,57.25,72.25,-140.5,114.5,144.5,-150.5,90.91251940305288,1,2021,11
2021-11-24,16361.0,16409.75,16435.75,16352.25,144,1.0124550491565465,5.389248940777569,74.75,8.75,97.0,149.5,17.5,-140.5,98.88145480960065,2,2021,11
2021-11-25,16406.0,16176.75,16413.5,16122.5,144,0.10831426392066135,5.5438125601334765,7.5,283.5,-459.0,15.0,567.0,97.0,98.69491801559593,3,2021,11
2021-11-28,16046.25,16213.25,16252.75,16037.0,144,-1.2645959292933995,3.1548053400882736,206.5,9.25,333.5,413.0,18.5,-459.0,145.264502401291,6,2021,11
2021-11-29,16418.75,16312.5,16441.0,16238.0,144,0.9329248579829752,5.19183635748699,22.25,180.75,-213.0,44.5,361.5,333.5,162.12118599174002,0,2021,11
2021-11-30,16235.75,16368.0,16403.75,16182.25,144,-1.256458072208122,3.4964497193099353,168.0,53.5,264.0,336.0,107.0,-213.0,169.8948978509638,1,2021,11
2021-12-01,15890.5,15938.25,15993.25,15868.75,144,-2.8337974722281722,1.644345631111488,102.75,21.75,95.0,205.5,43.5,264.0,178.6064679532541,2,2021,12
2021-12-02,16019.0,15934.75,16031.0,15861.75,144,1.056922129010851,2.2963995236851,12.0,157.25,-169.0,24.0,314.5,95.0,177.9116335209848,3,2021,12
2021-12-05,15703.75,15600.75,15809.0,15591.75,144,-2.058017074842655,0.4872272673362765,105.25,112.0,-206.5,210.5,224.0,-169.0,181.0288778213661,6,2021,12
2021-12-06,15849.0,16146.25,16167.25,15825.0,144,0.6911673578340327,1.210462566885906,318.25,24.0,594.0,636.5,48.0,-206.5,186.44608893443518,0,2021,12
2021-12-07,16363.75,16356.25,16417.75,16327.25,144,1.251609100919704,4.05715141874381,54.0,36.5,-15.5,108.0,73.0,594.0,228.73417546644782,1,2021,12
2021-12-08,16380.75,16325.25,16420.0,16317.25,144,0.35516908804213987,4.267104987318326,39.25,63.5,-111.5,78.5,127.0,-15.5,226.99608592730348,2,2021,12
2021-12-09,16159.0,16198.5,16203.5,16141.25,144,-1.1523276099531743,2.5480718396927005,44.5,17.75,78.5,89.0,35.5,-111.5,226.41081083543216,3,2021,12
2021-12-12,16321.0,16393.25,16404.5,16321.0,144,0.3735013833384482,3.470917451747213,83.5,0.0,144.0,167.0,0.0,78.5,226.8443284327497,6,2021,12
2021-12-13,16092.5,15984.25,16133.5,15960.75,144,-1.4578420262779113,1.7519358958060227,41.0,131.75,-217.0,82.0,263.5,144.0,228.65246554542102,0,2021,12
2021-12-14,15932.0,15902.75,15966.75,15850.75,144,0.27857345210740014,0.5861672115774708,34.75,81.25,-59.0,69.5,162.5,-217.0,234.07338452311322,1,2021,12
2021-12-15,16288.0,16416.25,16434.0,16280.75,144,2.3583201093531514,2.6496233123742163,146.0,7.25,256.0,292.0,14.5,-59.0,234.55092029349674,2,2021,12
2021-12-16,15877.5,15732.0,15902.0,15673.0,144,-2.8205677885645986,-0.1270915178529286,24.5,204.5,-291.5,49.0,409.0,256.0,238.8784581396109,3,2021,12
2021-12-19,15810.0,15567.75,15851.75,15503.5,144,-2.8205677885645986,-0.1270915178529286,41.75,306.5,-485.0,83.5,613.0,-291.5,247.75685767767507,6,2021,12
2021-12-20,15679.25,15756.25,15827.25,15671.0,144,0.3097515567824338,-1.7432203120711143,148.0,8.25,153.5,296.0,16.5,-485.0,269.1300996290005,0,2021,12
2021-12-21,15980.25,15960.0,15995.0,15882.25,144,1.3434421939188201,0.2860697259249312,14.75,98.0,-41.0,29.5,196.0,153.5,270.7127823474831,1,2021,12
2021-12-22,16181.5,16197.25,16203.75,16145.25,144,1.2889786840827533,1.3141132289236523,22.25,36.25,31.0,44.5,72.5,-41.0,269.2456262167355,2,2021,12
2021-12-26,16304.25,16340.25,16363.0,16304.25,144,0.6843389872400962,1.9101129568771302,58.75,0.0,71.5,117.5,0.0,31.0,268.23385687434046,6,2021,12
2021-12-27,16569.25,16648.0,16652.75,16533.25,144,1.3045207071634035,3.37676735865422,83.5,36.0,157.0,167.0,72.0,71.5,247.5452962271965,0,2021,12
2021-12-28,16518.25,16543.75,16564.0,16498.25,144,-0.6400313238859701,2.791918110465863,45.75,20.0,50.5,91.5,40.0,157.0,238.40541956706292,1,2021,12
2021-12-29,16487.5,16523.25,16539.0,16441.75,144,-0.042433886489356976,2.6053549488489924,51.5,45.75,71.0,103.0,91.5,50.5,233.13424526609003,2,2021,12
2021-12-30,16430.25,16401.25,16446.0,16351.0,144,-0.2852720706503553,2.0966843824419934,15.75,79.25,-58.5,31.5,158.5,71.0,226.17333827701347,3,2021,12
2022-01-02,16355.0,16427.25,16440.5,16355.0,144,-0.5104061919127267,1.3332745705141535,85.5,0.0,144.0,171.0,0.0,-58.5,225.57288908349253,6,2022,1
2022-01-03,16496.5,16545.25,16560.75,16477.25,144,0.6516000061039806,2.227213535814232,64.25,19.25,97.0,128.5,38.5,144.0,224.25816156009958,0,2022,1
2022-01-04,16265.75,16225.75,16270.0,16171.75,144,-1.434001120549977,0.7686917935099569,4.25,94.0,-80.5,8.5,188.0,97.0,218.80608453966468,1,2022,1
2022-01-05,15761.5,15723.5,15813.0,15621.0,144,-2.692859678091386,-2.4149876316382546,51.5,140.5,-76.5,103.0,281.0,-80.5,174.55533544288724,2,2022,1
2022-01-06,15800.75,15793.5,15853.25,15667.0,144,0.42538954210877833,-2.4763304005938735,52.5,133.75,-15.0,105.0,267.5,-76.5,175.2748424467607,3,2022,1
2022-01-09,15589.5,15541.0,15668.75,15514.25,144,-1.094716801523088,-3.5485291382771234,79.25,75.25,-97.5,158.5,150.5,-15.0,173.6054207254575,6,2022,1
2022-01-10,15616.75,15714.25,15736.5,15564.25,144,1.474556982604458,-3.410596190462045,119.75,52.5,194.5,239.5,105.0,-97.5,173.69077180589144,0,2022,1
2022-01-11,15826.75,15874.25,15897.75,15762.5,144,1.7153870864118126,-1.9998966269753393,71.0,64.25,94.5,142.0,128.5,194.5,176.42804370412065,1,2022,1
2022-01-12,15901.5,15902.5,15923.25,15820.0,144,-0.27291549030679096,-1.6070447016178213,21.75,81.5,1.5,43.5,163.0,94.5,170.83228155431448,2,2022,1
2022-01-13,15506.0,15491.25,15554.5,15414.0,144,-2.838557993730406,-4.016982718442696,48.5,92.0,-30.0,97.0,184.0,1.5,170.15877067269275,3,2022,1
2022-01-16,15616.75,15604.0,15653.75,15507.5,144,1.322351641567976,-3.3612156366080503,37.0,109.25,-26.0,74.0,218.5,-30.0,160.00793360264802,6,2022,1
2022-01-17,15558.75,15321.0,15602.75,15270.0,144,-0.2708810848066179,-3.501909799875802,44.0,288.75,-476.0,88.0,577.5,-26.0,145.37333064616027,0,2022,1
2022-01-18,15240.0,15265.5,15276.5,15050.75,144,-0.8698485095292363,-5.483996919874179,36.5,189.25,50.5,73.0,378.5,-476.0,143.77270987660734,1,2022,1
2022-01-19,15042.0,15139.0,15165.75,14993.25,144,-1.5048551638310759,-6.430314151469951,123.75,48.75,193.5,247.5,97.5,50.5,140.09363410158727,2,2022,1
2022-01-20,14737.0,14799.0,14816.5,14602.75,144,-2.188710341985989,-7.520584917068184,79.5,134.25,123.5,159.0,268.5,193.5,145.90121703254874,3,2022,1
2022-01-23,14409.75,14340.5,14579.75,14292.0,144,-2.249762647497622,-9.978566102215714,170.0,117.75,-139.0,340.0,235.5,123.5,147.8934449278653,6,2022,1
2022-01-24,14494.25,14274.0,14499.25,14151.75,144,2.2214784018039557,-9.232064944320662,5.0,342.5,-441.0,10.0,685.0,-139.0,151.44195301031644,0,2022,1
2022-01-25,13945.0,14409.25,14449.5,13943.75,144,-0.478216533633391,-11.22535235565062,504.5,1.25,928.0,1009.0,2.5,-441.0,177.46530239072518,1,2022,1
2022-01-26,14178.25,14095.0,14282.25,13845.25,144,-2.2624043659223214,-11.017967159996278,104.0,333.0,-167.0,208.0,666.0,928.0,276.76032762548965,2,2022,1
2022-01-27,14142.0,14031.25,14183.5,13996.0,144,-2.4122233268798032,-11.771801984070041,41.5,146.0,-222.0,83.0,292.0,-167.0,279.6845497492148,3,2022,1
2022-01-30,14450.0,14498.0,14548.0,14353.5,144,2.6034724813847276,-8.739083179956742,98.0,96.5,95.5,196.0,193.0,-222.0,284.17633864797466,6,2022,1
2022-01-31,14865.75,14876.75,14966.25,14817.5,144,2.8334282411002443,-5.614864680798226,100.5,48.25,21.5,201.0,96.5,95.5,283.1131724612131,0,2022,1
2022-02-01,15128.5,15213.5,15253.0,15103.75,144,0.3195369224077371,-4.835073381656674,124.5,24.75,169.5,249.0,49.5,21.5,282.25939334516204,1,2022,2
2022-02-02,14857.0,14785.0,14870.0,14751.75,144,-0.3510796110103853,-3.899373868424938,13.0,105.25,-144.5,26.0,210.5,169.5,284.19317350777624,2,2022,2
2022-02-03,14776.75,14623.0,14825.75,14584.5,144,-1.3669284912781854,-7.570889562077776,49.0,192.25,-308.0,98.0,384.5,-144.5,285.6743856303241,3,2022,2
2022-02-06,14674.5,14651.5,14744.0,14600.0,144,1.1175589344445847,-6.241916993712426,69.5,74.5,-46.5,139.0,149.0,-308.0,294.1793793535537,6,2022,2
2022-02-07,14603.0,14571.25,14622.25,14536.5,144,-0.9604106818065894,-6.754116956814404,19.25,66.5,-64.0,38.5,133.0,-46.5,293.5916370438797,0,2022,2
2022-02-08,14744.75,14870.25,14880.0,14740.0,144,1.5001205607798607,-5.524809977149481,135.25,4.75,250.5,270.5,9.5,-64.0,289.9504222594287,1,2022,2
2022-02-09,15058.75,15000.75,15061.5,14966.5,144,0.8294791876131136,-3.373132171217974,2.75,92.25,-116.5,5.5,184.5,250.5,295.2232429160934,2,2022,2
2022-02-10,14700.0,14610.5,14712.25,14527.5,144,-0.2747112987739775,-5.38435103597934,12.25,172.5,-179.5,24.5,345.0,-116.5,296.12748854789584,3,2022,2
2022-02-13,14250.25,14099.75,14296.5,14030.75,144,-3.1445043451642007,-8.178486370264226,46.25,219.5,-301.5,92.5,439.0,-179.5,298.34088922608396,6,2022,2
2022-02-14,14250.25,14520.25,14542.75,14223.25,144,0.33958545940810936,-7.851384564173747,292.5,27.0,539.5,585.0,54.0,-301.5,304.688240147549,0,2022,2
2022-02-15,14594.0,14593.25,14668.5,14546.0,144,0.9397457158651257,-5.445554167502731,74.5,48.0,-2.0,149.0,96.0,539.5,312.4844364545469,1,2022,2
2022-02-16,14593.25,14507.0,14619.75,14442.25,144,0.6011437233016448,-5.337073279364956,26.5,151.0,-173.0,53.0,302.0,-2.0,312.3655921478784,2,2022,2
2022-02-17,14156.0,14262.75,14299.0,14128.5,144,-2.057008521892445,-7.90632811814308,143.0,27.5,213.0,286.0,55.0,-173.0,311.752865812177,3,2022,2
2022-02-20,13953.25,13978.0,14157.0,13809.25,144,-1.4027244887183654,-8.663537609016492,203.75,144.0,49.0,407.5,288.0,213.0,314.3835279266058,6,2022,2
2022-02-21,13700.0,13922.0,13966.5,13592.25,144,-0.9251577998196536,-10.147977712079692,266.5,107.75,443.5,533.0,215.5,49.0,312.95295173556036,0,2022,2
2022-02-22,13925.5,14004.25,14069.0,13912.0,144,-0.10986438052699166,-8.996367533778916,143.5,13.5,157.0,287.0,27.0,443.5,309.074359771918,1,2022,2
2022-02-23,13484.75,13140.5,13517.75,13025.75,144,-3.483386923901388,-11.044771991105462,33.0,459.0,-689.0,66.0,918.0,157.0,232.23595504527168,2,2022,2
2022-02-24,13911.0,13905.75,13940.75,13759.25,144,6.82856869681614,-7.783638025111328,29.75,151.75,-11.0,59.5,303.5,-689.0,278.0706023088759,3,2022,2
2022-02-27,14005.0,14005.0,14049.0,13691.0,144,1.334381307943766,-6.099742704555178,44.0,314.0,-0.5,88.0,628.0,-11.0,273.78834867178153,6,2022,2
2022-02-28,14218.0,14151.5,14327.5,14080.5,144,1.3619127307685552,-5.551331000317184,109.5,137.5,-133.5,219.0,275.0,-0.5,272.7765557046742,0,2022,2
2022-03-01,14026.5,14096.25,14144.5,13912.0,144,-1.2063279307243269,-6.875490417736174,118.0,114.5,139.0,236.0,229.0,-133.5,274.0446503669371,1,2022,3
2022-03-02,14195.25,14188.75,14254.75,14158.25,144,1.2067035134798898,-5.108618206321602,59.5,37.0,-13.5,119.0,74.0,139.0,273.0329939576418,2,2022,3
2022-03-03,14065.25,13914.0,14086.0,13746.75,144,-2.2036024108978203,-6.18659478109983,20.75,318.5,-303.0,41.5,637.0,-13.5,271.427905519563,3,2022,3
2022-03-06,13778.5,13591.0,13778.5,13527.0,144,-0.7194502754005461,-7.226650911605126,0.0,251.5,-375.5,0.0,503.0,-303.0,271.1434170906219,6,2022,3
2022-03-07,13282.5,13344.75,13380.0,13105.25,144,-3.6909840214012,-10.280420413401803,97.5,177.25,124.0,195.0,354.5,-375.5,283.05852565744846,0,2022,3
2022-03-08,13194.25,13519.75,13568.25,13192.0,144,-0.2408369082561923,-10.330282894258392,374.0,2.25,650.5,748.0,4.5,124.0,284.9347155143843,1,2022,3
2022-03-09,13774.25,13584.25,13780.0,13575.0,144,1.0052375264173463,-6.698897606784793,5.75,199.25,-380.5,11.5,398.5,650.5,317.08275941115033,2,2022,3
2022-03-10,13575.25,13654.5,13684.25,13454.75,144,0.1972059419809158,-7.355368548915653,109.0,120.5,158.0,218.0,241.0,-380.5,327.54750961140206,3,2022,3
2022-03-13,13330.75,13413.25,13446.5,13288.0,144,-2.9974838639098556,-8.961917395286179,115.75,42.75,164.5,231.5,85.5,158.0,327.1764965097906,6,2022,3
2022-03-14,13082.0,13008.75,13143.0,12943.0,144,-1.5132075471698148,-10.257327202630906,61.0,139.0,-147.0,122.0,278.0,164.5,320.7661582671614,0,2022,3
2022-03-15,13443.5,13676.25,13707.0,13391.75,144,2.280111725474554,-7.093378843407583,263.5,51.75,465.0,527.0,103.5,-147.0,299.13172595644915,1,2022,3
2022-03-16,14000.0,13928.0,14025.75,13852.0,144,2.490776601016864,-3.3852033568615436,25.75,148.0,-144.5,51.5,296.0,465.0,317.1836218974744,2,2022,3
2022-03-17,14052.75,14029.5,14073.75,13971.0,144,1.7927281899751346,-2.0233512429127853,21.0,81.75,-47.0,42.0,163.5,-144.5,316.3487197698135,3,2022,3
2022-03-20,14404.5,14367.25,14434.75,14307.5,144,1.7927281899751346,-2.0233512429127853,30.25,97.0,-75.0,60.5,194.0,-47.0,313.252608465638,6,2022,3
2022-03-21,14389.0,14418.5,14448.25,14292.5,144,0.0017395539783526814,-0.1384134016413685,59.25,96.5,58.5,118.5,193.0,-75.0,313.56860556302,0,2022,3
2022-03-22,14652.75,14592.0,14677.0,14582.75,144,1.8397873560223044,1.9642467639136463,24.25,70.0,-122.0,48.5,140.0,58.5,296.1850983759987,1,2022,3
2022-03-23,14463.5,14541.75,14570.0,14448.0,144,-0.6004197777242593,0.692370056877234,106.5,15.5,156.0,213.0,31.0,-122.0,293.9631141827151,2,2022,3
2022-03-24,14763.0,14762.0,14819.0,14693.5,144,1.6766219682233574,3.1028067660660685,56.0,69.5,-2.5,112.0,139.0,156.0,252.7175391722212,3,2022,3
2022-03-27,14755.25,14712.5,14777.25,14658.75,144,-0.05249610512768621,3.129369425787787,22.0,96.5,-86.0,44.0,193.0,-2.5,252.69082940058965,6,2022,3
2022-03-28,14982.25,15054.0,15083.0,14956.25,144,1.5826752973870706,4.837919890314368,100.75,26.0,143.0,201.5,52.0,-86.0,253.57369296352076,0,2022,3
2022-03-29,15220.0,15181.0,15262.5,15147.0,144,0.6122920517560138,6.659859620417352,42.5,73.0,-78.5,85.0,146.0,143.0,253.20397435976187,1,2022,3
2022-03-30,15100.0,15135.5,15181.0,15096.0,144,-0.5654187890476892,5.55467476665803,81.0,4.0,70.5,162.0,8.0,-78.5,252.40758991632646,2,2022,3
2022-03-31,14921.5,14943.75,14959.25,14876.0,144,-1.3908920608080133,4.112589043201065,37.75,45.5,44.0,75.5,91.0,70.5,252.743227042367,3,2022,3
2022-04-03,14847.5,14917.75,14925.25,14802.0,144,-0.2550506745419123,4.042543956067046,77.75,45.5,140.0,155.5,91.0,44.0,241.69154303302423,6,2022,4
2022-04-04,15160.0,15138.0,15199.25,15129.0,144,1.8008492355201966,6.052526213276499,39.25,31.0,-44.5,78.5,62.0,140.0,223.07975326279495,0,2022,4
2022-04-05,14860.75,14709.25,14864.0,14681.75,144,-1.813938862316078,3.6782400651516944,3.25,179.0,-303.5,6.5,358.0,-44.5,223.50025756490518,1,2022,4
2022-04-06,14492.0,14581.25,14585.75,14433.5,144,-0.6591562799616479,1.3526260187141537,93.75,58.5,178.0,187.5,117.0,-303.5,186.45694260973073,2,2022,4
2022-04-07,14534.5,14574.0,14642.5,14517.5,144,0.5270615884426677,1.5585828550997771,108.0,17.0,78.5,216.0,34.0,178.0,167.58729853893746,3,2022,4
2022-04-10,14334.0,14215.75,14379.75,14155.75,144,-0.9106303566491558,0.06431896062235598,45.75,178.25,-237.0,91.5,356.5,78.5,165.22654901679695,6,2022,4
2022-04-11,14004.5,14030.25,14046.0,13902.5,144,-1.110679474502052,-2.218269258302452,41.5,102.0,51.0,83.0,204.0,-237.0,171.327971108662,0,2022,4
2022-04-12,13954.0,13999.0,14100.0,13941.25,144,-1.815204760731015,-2.500062940408021,146.0,12.75,89.5,292.0,25.5,51.0,167.9337588706364,1,2022,4
2022-04-13,14210.5,14238.75,14296.0,14210.5,144,1.9242828731657502,-0.4347567357540161,85.5,0.0,56.0,171.0,0.0,89.5,131.73550804148203,2,2022,4
2022-04-17,13894.0,13795.75,13894.5,13729.25,144,-2.3217800899887564,-2.564546714316973,0.5,164.75,-197.0,1.0,329.5,56.0,128.27046876773602,6,2022,4
2022-04-18,13960.75,13861.25,14019.5,13828.0,144,0.4819494584837436,-2.3228653316446413,58.75,132.75,-199.5,117.5,265.5,-197.0,135.55401914094307,0,2022,4
2022-04-19,14099.0,14206.0,14215.25,14044.25,144,2.430630630630626,-0.1832376527038937,116.25,54.75,213.5,232.5,109.5,-199.5,141.70293937076886,1,2022,4
2022-04-20,14070.25,14136.5,14178.5,14054.5,144,-1.7367202301592832,-1.5715792899320902,108.25,15.75,132.0,216.5,31.5,213.5,149.676622915432,2,2022,4
2022-04-21,13719.0,13666.5,13761.0,13612.25,144,-3.1873985747548184,-3.4180694524120425,42.0,106.75,-105.5,84.0,213.5,132.0,149.78153169480578,3,2022,4
2022-04-24,13323.5,13248.5,13360.0,13200.0,144,-2.6756766602309523,-5.749670503966653,36.5,123.5,-150.5,73.0,247.0,-105.5,147.78225447205125,6,2022,4
2022-04-25,13528.0,13504.0,13584.5,13432.25,144,1.826733138933312,-4.369301354900745,56.5,95.75,-48.5,113.0,191.5,-150.5,151.42180542410244,0,2022,4
2022-04-26,12861.75,13144.25,13184.0,12860.0,144,-3.230065456709308,-7.896748926385366,322.25,1.75,564.5,644.5,3.5,-48.5,150.66539041339607,1,2022,4
2022-04-27,13188.0,13285.75,13347.25,13133.0,144,-0.14590972795515134,-7.782568917950938,159.25,55.0,195.0,318.5,110.0,564.5,195.7081003083822,2,2022,4
2022-04-28,13250.0,13316.75,13420.75,13117.0,144,1.8997880714501925,-4.3630835677549555,170.75,133.0,133.0,341.5,266.0,195.0,198.53869270245536,3,2022,4
2022-05-01,12892.5,12909.0,12980.25,12806.25,144,-3.2417685794919993,-8.442770455858039,87.75,86.25,32.5,175.5,172.5,133.0,199.75872947132999,6,2022,5
2022-05-02,13055.5,13081.5,13171.5,13028.5,144,1.7931544721778714,-6.77347754204225,116.0,27.0,51.5,232.0,54.0,32.5,199.73119271186778,0,2022,5
2022-05-03,13120.25,13125.0,13147.75,13080.75,144,0.13386624849400786,-6.512370983822457,27.5,39.5,9.0,55.0,79.0,51.5,198.11346429973435,1,2022,5
2022-05-04,13496.75,13420.5,13547.75,13378.0,144,3.2501716639963485,-3.322559248240564,51.0,118.75,-153.0,102.0,237.5,9.0,197.49369576880437,2,2022,5
2022-05-05,12890.0,12817.25,12890.75,12748.0,144,-3.618137530447818,-7.999939905479902,0.75,142.0,-146.0,1.5,284.0,-153.0,186.81133883088972,3,2022,5
2022-05-08,12606.5,12455.75,12636.75,12432.0,144,-0.5211802970335855,-9.086937183106059,30.25,174.5,-302.0,60.5,349.0,-146.0,187.77190109839455,6,2022,5
2022-05-09,12205.0,12353.0,12418.75,12101.75,144,-2.0242996284767556,-12.419275909349903,213.75,103.25,295.5,427.5,206.5,-302.0,200.23021454263463,0,2022,5
2022-05-10,12330.5,12510.5,12527.25,12320.0,144,-1.2362472494498955,-11.134406060974767,196.75,10.5,359.5,393.5,21.0,295.5,202.52828912212945,1,2022,5
2022-05-11,12003.25,11834.75,12072.25,11791.0,144,-2.2270305578803384,-13.506075594151401,69.0,212.25,-337.5,138.0,424.5,359.5,215.83915033142037,2,2022,5
2022-05-12,11890.25,12137.5,12180.75,11890.0,144,1.3336725823208884,-13.440361655268351,290.5,0.25,494.0,581.0,0.5,-337.5,231.39661070847265,3,2022,5
2022-05-15,12410.0,12294.75,12499.0,12230.75,144,2.0791263136204385,-10.03479185001186,89.0,179.25,-231.0,178.0,358.5,494.0,254.54001210646217,6,2022,5
2022-05-16,12238.0,12532.0,12544.0,12230.0,144,-0.5198497309371497,-10.801910651514401,306.0,8.0,587.5,612.0,16.0,-231.0,256.3276724388039,0,2022,5
2022-05-17,12574.25,12511.75,12593.5,12459.25,144,0.5824309989392207,-8.328976646089004,19.25,115.0,-125.5,38.5,230.0,587.5,277.1366409610211,1,2022,5
2022-05-18,11904.25,11727.5,11953.0,11704.25,144,-3.4584520849756384,-12.698955246196553,48.75,200.0,-354.0,97.5,400.0,-125.5,278.88228392903284,2,2022,5
2022-05-19,11899.25,12054.25,12096.5,11883.0,144,0.10324483775812077,-12.986095797530083,197.25,16.25,309.5,394.5,32.5,-354.0,293.3277435422346,3,2022,5
2022-05-22,11858.5,11895.75,12045.75,11857.0,144,-1.5903374009937021,-13.05647857616713,187.25,1.5,74.0,374.5,3.0,309.5,297.2627880034414,6,2022,5
2022-05-23,11934.0,11825.75,11936.0,11753.75,144,1.2578616352201255,-11.382650814619112,2.0,180.25,-217.0,4.0,360.5,74.0,293.1385786889701,0,2022,5
2022-05-24,11810.5,11786.75,11892.0,11732.0,144,-0.29407408974548854,-13.049318054849323,81.5,78.5,-48.0,163.0,157.0,-217.0,299.09655521604606,1,2022,5
2022-05-25,11882.25,11937.75,11993.75,11848.5,144,1.9842539845100093,-11.667947323427374,111.5,33.75,110.5,223.0,67.5,-48.0,275.34873103795223,2,2022,5
2022-05-26,12251.75,12362.75,12373.75,12222.0,144,3.028077391194861,-9.110296488851354,122.0,29.75,221.5,244.0,59.5,110.5,273.3465062882641,3,2022,5
2022-05-29,12705.5,12869.75,12882.5,12673.0,144,2.2042674941065155,-5.9183959629022675,177.0,32.5,328.0,354.0,65.0,221.5,275.8554589101443,6,2022,5
2022-05-30,12814.0,12641.0,12825.5,12616.5,144,0.3547141709291157,-4.835850762811056,11.5,197.5,-346.5,23.0,395.0,328.0,283.7107624157503,0,2022,5
2022-05-31,12646.5,12629.0,12726.0,12581.75,144,-0.2563546370609959,-5.759160352704917,79.5,64.75,-35.5,159.0,129.5,-346.5,296.97675236854553,1,2022,5
2022-06-01,12549.25,12621.0,12646.5,12494.25,144,-1.4411372025445734,-6.178310925503738,97.25,55.0,143.0,194.5,110.0,-35.5,297.2807197175583,2,2022,6
2022-06-02,12894.5,12828.0,12945.0,12802.25,144,3.129374125174955,-3.3806560486238424,50.5,92.25,-133.5,101.0,184.5,143.0,295.35647507447857,3,2022,6
2022-06-05,12548.0,12713.5,12751.75,12527.0,144,-0.9409768799810592,-5.615408587635107,203.75,21.0,330.5,407.5,42.0,-133.5,294.9573508420997,6,2022,6
2022-06-06,12604.75,12528.75,12614.5,12470.25,144,-1.1085821920496008,-4.957822098904508,9.75,134.5,-152.5,19.5,269.0,330.5,290.2716286877735,0,2022,6
2022-06-07,12683.75,12681.5,12711.25,12624.25,144,2.032871104332634,-3.792116493964015,27.5,59.5,-5.0,55.0,119.0,-152.5,289.34004307443485,1,2022,6
2022-06-08,12617.75,12662.0,12684.75,12566.75,144,-0.4280669914978441,-4.107881862491047,67.0,51.0,88.0,134.0,102.0,-5.0,280.0741384460832,2,2022,6
2022-06-09,12298.25,12303.25,12339.5,12258.25,144,-2.1606537771576617,-6.348805387299949,41.25,40.0,9.5,82.5,80.0,88.0,266.4693425636724,3,2022,6
2022-06-12,11803.75,11493.75,11803.75,11434.0,144,-1.698258143542264,-9.242647924190805,0.0,369.75,-620.5,0.0,739.5,9.5,245.34837074314515,6,2022,6
2022-06-13,11333.5,11384.75,11505.25,11315.0,144,-1.4891204814023506,-12.918303596208291,171.75,18.5,102.0,343.5,37.0,-620.5,279.97680355042957,0,2022,6
2022-06-14,11334.0,11398.25,11428.75,11325.5,144,-0.5906635633042057,-12.22437429839408,94.75,8.5,128.0,189.5,17.0,102.0,246.1041325921761,1,2022,6
2022-06-15,11605.75,11288.75,11737.75,11233.0,144,1.2198049184978244,-9.612987857204658,132.0,372.75,-634.5,264.0,745.5,128.0,246.69908155910366,2,2022,6
2022-06-16,11173.0,11250.75,11264.0,11129.5,144,-1.4473829810777938,-12.768944953014216,91.0,43.5,155.0,182.0,87.0,-634.5,274.12839265186443,3,2022,6
2022-06-19,11331.25,11382.5,11437.5,11274.0,144,-1.4473829810777938,-12.768944953014216,106.25,57.25,102.0,212.5,114.5,155.0,266.5015108083966,6,2022,6
2022-06-20,11427.0,11504.5,11546.75,11398.5,144,0.5608709996700822,-10.000744088336278,119.75,28.5,154.5,239.5,57.0,102.0,267.12260638535497,0,2022,6
2022-06-21,11579.0,11378.0,11580.5,11320.5,144,0.8579578860266057,-8.427979041460375,1.5,258.5,-402.5,3.0,517.0,154.5,265.8909687011616,1,2022,6
2022-06-22,11543.5,11638.25,11650.5,11460.5,144,0.7671853886055624,-8.237616027792694,107.0,83.0,189.0,214.0,166.0,-402.5,280.3204744949121,2,2022,6
2022-06-23,11690.0,11852.5,11875.0,11684.25,144,0.617403048427545,-6.5185835518914885,185.0,5.75,324.5,370.0,11.5,189.0,282.825009828004,3,2022,6
2022-06-26,12140.0,12220.0,12262.75,12072.0,144,2.517090049793236,-2.903328172322861,122.75,68.0,159.5,245.5,136.0,324.5,288.3187323906798,6,2022,6
2022-06-27,12075.0,12086.75,12158.5,11970.0,144,-1.1773392952373118,-3.4352440915717763,83.5,105.0,23.0,167.0,210.0,159.5,280.15068783555904,0,2022,6
2022-06-28,11680.75,11623.0,11723.5,11616.0,144,-3.2288147887178043,-6.073756289407484,42.75,64.75,-116.0,85.5,129.5,23.0,269.62808083299524,1,2022,6
2022-06-29,11695.0,11505.75,11697.0,11461.5,144,0.1756829137653959,-5.56564275428324,2.0,233.5,-379.0,4.0,467.0,-116.0,270.72521512645096,2,2022,6
2022-06-30,11511.0,11519.75,11556.25,11381.75,144,-0.14711290915777608,-6.408773546339974,45.25,129.25,17.0,90.5,258.5,-379.0,280.41091089215564,3,2022,6
2022-07-03,11613.0,11569.0,11648.75,11501.0,144,1.1563588850174167,-5.485276367717629,35.75,112.0,-88.5,71.5,224.0,17.0,279.61566079738435,6,2022,7
2022-07-04,11553.5,11536.25,11748.75,11506.75,144,-0.15559493452046436,-5.714475793137542,195.25,46.75,-35.0,390.5,93.5,-88.5,266.8761922196962,0,2022,7
2022-07-05,11813.75,11804.5,11874.0,11730.5,144,3.129910948140391,-3.3044303965848454,60.25,83.25,-19.0,120.5,166.5,-35.0,265.7298737241895,1,2022,7
2022-07-06,11903.5,11909.75,11963.5,11837.25,144,0.5115954590617866,-2.521423964250402,60.0,66.25,12.0,120.0,132.5,-19.0,265.64722848168395,2,2022,7
2022-07-07,12115.75,12084.0,12130.5,12051.5,144,1.8227200268478905,-0.32953157240969144,14.75,64.25,-64.0,29.5,128.5,12.0,264.22726959948704,3,2022,7
2022-07-10,12148.75,12051.5,12155.0,11996.5,144,1.1483492479560597,0.04139842735357835,6.25,152.25,-195.0,12.5,304.5,-64.0,263.9264189225155,6,2022,7
2022-07-11,11900.0,11807.25,11909.25,11759.25,144,-1.325671133977846,-1.9796552605330198,9.25,140.75,-186.0,18.5,281.5,-195.0,230.52218183027304,0,2022,7
2022-07-12,11779.5,11814.5,11842.5,11760.25,144,-1.3773470370292862,-2.6956495878582953,63.0,19.25,69.5,126.0,38.5,-186.0,230.94590959333902,1,2022,7
2022-07-13,11730.5,11665.25,11765.25,11601.25,144,1.8298756983845088,-2.6710557798775847,34.75,129.25,-131.0,69.5,258.5,69.5,229.0320176996634,2,2022,7
2022-07-14,11808.0,11816.75,11868.25,11764.0,144,1.3528022331973366,-2.023545900723278,60.25,44.0,17.0,120.5,88.0,-131.0,184.1834754574333,3,2022,7
2022-07-17,12040.75,12149.75,12180.5,12028.5,144,0.7129078252117838,-0.1552798258870336,139.75,12.25,217.5,279.5,24.5,17.0,179.79539540968867,6,2022,7
2022-07-18,11911.5,11979.75,11994.0,11889.5,144,-1.7959503484679784,-0.8675417015306941,82.5,22.0,136.0,165.0,44.0,217.5,185.92102702350172,0,2022,7
2022-07-19,12333.25,12316.0,12405.0,12276.0,144,1.7267111645454136,2.134129844269128,71.75,57.25,-35.0,143.5,114.5,136.0,185.04259111435877,1,2022,7
2022-07-20,12431.25,12469.5,12490.75,12395.25,144,1.442376157054226,3.754936599291714,59.5,36.0,76.0,119.0,72.0,-35.0,162.15889502843217,2,2022,7
2022-07-21,12560.0,12567.75,12589.75,12523.0,144,1.2957103376456836,5.129459651911561,29.75,37.0,15.0,59.5,74.0,76.0,156.9592031305218,3,2022,7
2022-07-24,12440.0,12493.25,12494.5,12385.0,144,-1.4535575473943019,3.206322095934633,54.5,55.0,106.0,109.0,110.0,15.0,136.13870635649891,6,2022,7
2022-07-25,12318.5,12325.0,12334.0,12277.5,144,-0.559367391698018,2.6423110377089554,15.5,41.0,12.5,31.0,82.0,106.0,132.8011448706198,0,2022,7
2022-07-26,12192.75,12296.75,12331.25,12190.25,144,-1.368245306837157,0.6318940076638357,138.5,2.5,207.5,277.0,5.0,12.5,132.6096368650245,1,2022,7
2022-07-27,12582.75,12527.5,12592.75,12479.75,144,2.5441983336720098,4.8191204433220225,10.0,103.0,-111.0,20.0,206.0,207.5,140.84858191091513,2,2022,7
2022-07-28,12923.75,12895.5,12939.5,12853.75,144,1.045075058996181,5.700929887718953,15.75,70.0,-57.0,31.5,140.0,-111.0,114.39155689767345,3,2022,7
2022-07-31,12980.0,12941.75,12997.75,12903.25,144,1.3180504569241691,7.441226934209211,17.75,76.75,-77.0,35.5,153.5,-57.0,115.04425635837978,6,2022,7
2022-08-01,12975.25,12829.5,12976.5,12827.0,144,0.5020255470915558,7.1643667836346125,1.25,148.25,-292.0,2.5,296.5,-77.0,114.62041473352025,0,2022,8
2022-08-02,12921.5,12971.5,12995.5,12867.25,144,0.44891851448782827,6.673050649473944,74.0,54.25,99.5,148.0,108.5,-292.0,131.64981459998532,1,2022,8
2022-08-03,13248.0,13296.0,13320.75,13227.75,144,2.1434206222461727,9.291473712772614,72.75,20.25,95.5,145.5,40.5,99.5,134.09938135184422,2,2022,8
2022-08-04,13322.0,13322.25,13385.0,13305.25,144,0.42185351889865164,9.528213019978127,63.0,16.75,0.0,126.0,33.5,95.5,136.0720977624497,3,2022,8
2022-08-07,13226.0,13276.5,13306.25,13168.0,144,0.8251862862805659,8.501892107618382,80.25,58.0,100.5,160.5,116.0,0.0,135.35728549598682,6,2022,8
2022-08-08,13210.75,13165.25,13233.5,13162.25,144,-0.6276032341355875,8.044063519073386,22.75,48.5,-91.5,45.5,97.0,100.5,129.11951572905332,0,2022,8
2022-08-09,13048.5,13073.0,13103.0,12981.75,144,-0.528565431439143,6.780409546470545,54.5,66.75,48.5,109.0,133.5,-91.5,123.0329010340002,1,2022,8
2022-08-10,13380.25,13428.0,13482.25,13370.0,144,0.39916045125745203,9.607936044204068,102.0,10.25,95.0,204.0,20.5,48.5,122.65839383811999,2,2022,8
2022-08-11,13347.5,13395.25,13408.0,13312.25,144,-1.278748679552999,8.84512480338242,60.5,35.25,95.0,121.0,70.5,95.0,118.66595086517795,3,2022,8
2022-08-14,13572.0,13521.0,13577.0,13495.75,144,1.3187592098636403,10.864283405014064,5.0,76.25,-102.5,10.0,152.5,95.0,119.55860707751563,6,2022,8
2022-08-15,13673.5,13654.75,13688.0,13626.5,144,1.1063499686010836,11.521596167997284,14.5,47.0,-38.0,29.0,94.0,-102.5,114.749830867895,0,2022,8
2022-08-16,13663.0,13566.0,13673.25,13559.25,144,0.08613106582613383,11.074186940612375,10.25,103.75,-194.5,20.5,207.5,-38.0,111.73336447472657,1,2022,8
2022-08-17,13502.5,13513.75,13529.25,13411.25,144,-0.15905307934159785,9.650833268335802,26.75,91.25,22.0,53.5,182.5,-194.5,120.28046993327057,2,2022,8
2022-08-18,13534.75,13394.5,13535.0,13371.25,144,0.2761048827944146,9.752684290158875,0.25,163.5,-281.0,0.5,327.0,22.0,119.06989046685757,3,2022,8
2022-08-21,13227.5,13068.25,13229.0,13046.25,144,-1.016828986156204,7.427922066614112,1.5,181.25,-319.0,3.0,362.5,-281.0,134.1173754393398,6,2022,8
2022-08-22,12935.5,12951.5,12965.75,12823.5,144,-1.2557099443817998,4.432815643253107,30.25,112.0,31.5,60.5,224.0,-319.0,146.51197858339447,0,2022,8
2022-08-23,12890.5,12887.0,12919.25,12825.75,144,0.0019382098693565553,4.023687440624135,28.75,64.75,-7.5,57.5,129.5,31.5,146.9270562844742,1,2022,8
2022-08-24,12945.25,13003.5,13085.75,12925.0,144,0.4445997631389975,4.036836794323739,140.5,20.25,116.0,281.0,40.5,-7.5,135.39992177172581,2,2022,8
2022-08-25,13155.5,13084.75,13183.0,13075.75,144,1.1589244873248639,5.577341610920006,27.5,79.75,-142.0,55.0,159.5,116.0,139.39977299309462,3,2022,8
2022-08-28,12484.25,12480.75,12533.75,12401.5,144,-4.010573156353403,1.0097169598750622,49.5,82.75,-7.5,99.0,165.5,-142.0,141.29795646080657,6,2022,8
2022-08-29,12502.0,12636.0,12659.0,12483.5,144,-0.06398592309692086,-0.15701911398069424,157.0,18.5,267.5,314.0,37.0,-7.5,141.2484373458042,0,2022,8
2022-08-30,12360.5,12382.25,12480.0,12347.5,144,-1.6675621355938919,-1.4057585501548675,119.5,13.0,43.0,239.0,26.0,267.5,143.80266769723744,1,2022,8
2022-08-31,12290.0,12152.0,12293.5,12113.0,144,-1.564879378055617,-2.093411737789619,3.5,177.0,-276.5,7.0,354.0,43.0,142.0699327425535,2,2022,8
2022-09-01,12300.0,12288.5,12319.5,12244.25,144,0.9262301815493368,-2.1476425074639316,19.5,55.75,-23.5,39.0,111.5,-276.5,151.11854008656493,3,2022,9
2022-09-04,12111.5,12113.75,12149.25,12055.0,144,-2.37605804111245,-3.5397627413895516,37.75,56.5,4.0,75.5,113.0,-23.5,150.9474878192657,6,2022,9
2022-09-05,12135.0,12195.5,12244.75,12112.5,144,0.17749891643104032,-3.3623383697927167,109.75,22.5,120.5,219.5,45.0,4.0,147.9607789424723,0,2022,9
2022-09-06,12019.25,12055.5,12077.75,11922.25,144,-0.8760899589783766,-4.31328474508682,58.5,97.0,72.0,117.0,194.0,120.5,151.48205556399984,1,2022,9
2022-09-07,12262.75,12262.25,12332.75,12225.0,144,1.8480833921674433,-2.487902440188161,70.0,37.75,-1.5,140.0,75.5,72.0,152.1916619716212,2,2022,9
2022-09-08,12346.25,12452.0,12466.0,12329.25,144,1.2298279472754858,-2.0995822280113763,119.75,17.0,211.0,239.5,34.0,-1.5,149.65298456587385,3,2022,9
2022-09-11,12614.75,12665.5,12697.0,12573.25,144,1.395264556656195,-0.1578093837107386,82.25,41.5,101.0,164.5,83.0,211.0,156.8711673887038,6,2022,9
2022-09-12,12771.75,12788.75,12810.5,12736.0,144,0.733201581027676,0.8608124350215407,38.75,35.75,33.5,77.5,71.5,101.0,158.19440696414281,0,2022,9
2022-09-13,12045.0,12097.75,12137.75,12009.5,144,-2.7050505050505103,-4.733929129528303,92.75,35.5,105.0,185.5,71.0,33.5,158.45793896505353,1,2022,9
2022-09-14,12160.0,12151.25,12187.75,12124.75,144,0.3887349571978005,-4.002625839606289,27.75,35.25,-18.0,55.5,70.5,105.0,154.35734983268017,2,2022,9
2022-09-15,11880.0,11793.5,11885.0,11782.5,144,-1.0100381616061083,-5.595516276560108,5.0,97.5,-173.5,10.0,195.0,-18.0,154.36314625276535,3,2022,9
2022-09-18,11920.5,11818.0,11950.5,11801.5,144,-1.0100381616061083,-5.595516276560108,30.0,119.0,-205.5,60.0,238.0,-173.5,145.63629897435376,6,2022,9
2022-09-19,12043.75,11964.0,12092.5,11943.25,144,1.7576885655061547,-4.824627174231722,48.75,100.5,-160.0,97.5,201.0,-205.5,134.02086198561926,0,2022,9
2022-09-20,11948.0,11937.75,11953.25,11862.5,144,0.07552394738499224,-5.633055551928823,5.25,85.5,-21.0,10.5,171.0,-160.0,139.32587699347164,1,2022,9
2022-09-21,11663.75,11701.0,11795.75,11550.25,144,-2.165054021859525,-7.3787198379884344,132.0,113.5,74.0,264.0,227.0,-21.0,139.41159007546113,2,2022,9
2022-09-22,11580.0,11454.25,11600.0,11417.5,144,-0.6785921360620173,-8.466606371378072,20.0,162.5,-252.0,40.0,325.0,74.0,137.91586632512778,3,2022,9
2022-09-25,11362.5,11306.0,11422.25,11256.5,144,-0.7590960649157985,-9.900025784720945,59.75,106.0,-113.5,119.5,212.0,-252.0,145.84733140838526,6,2022,9
2022-09-26,11316.0,11419.25,11510.75,11297.75,144,-0.2884827130588019,-10.231887574851362,194.75,18.25,206.0,389.5,36.5,-113.5,147.84097742257777,0,2022,9
2022-09-27,11357.5,11151.25,11393.0,11141.75,144,-1.1987532965715642,-10.046902371788413,35.5,215.75,-413.0,71.0,431.5,206.0,142.28580392997748,1,2022,9
2022-09-28,11540.0,11441.25,11566.25,11360.0,144,1.9680522460506555,-8.186565471108054,26.25,180.0,-198.0,52.5,360.0,-413.0,167.0869534104922,2,2022,9
2022-09-29,11224.75,11291.75,11350.25,11180.5,144,-1.3634866615435337,-10.577757182502667,125.5,44.25,133.5,251.0,88.5,-198.0,161.99820296274243,3,2022,9
2022-10-02,11028.75,11004.5,11061.0,10890.5,144,-1.4167914366801537,-11.961466203301052,32.25,138.25,-49.0,64.5,276.5,133.5,166.2127263320617,6,2022,10
2022-10-03,11315.0,11509.25,11517.5,11282.75,144,1.6726699684826762,-9.706686179602986,202.5,32.25,388.0,405.0,64.5,-49.0,166.1522981610863,0,2022,10
2022-10-04,11632.0,11529.5,11645.5,11508.75,144,1.107131227613145,-6.7776221458340284,13.5,123.25,-205.5,27.0,246.5,388.0,188.01503999190567,1,2022,10
2022-10-05,11628.75,11545.25,11730.0,11535.75,144,1.3059092393078675,-6.766868496515843,101.25,93.0,-167.5,202.5,186.0,-205.5,191.53694675880215,2,2022,10
2022-10-06,11498.25,11515.25,11563.75,11453.0,144,-0.4141322634916511,-7.35873059188481,65.5,45.25,33.5,131.0,90.5,-167.5,193.91353709429637,3,2022,10
2022-10-09,11066.75,11076.0,11091.5,10985.5,144,-2.1748231716722133,-10.683246208121954,24.75,81.25,18.0,49.5,162.5,33.5,185.8993502437613,6,2022,10
2022-10-10,10989.0,10884.25,11031.5,10853.5,144,-1.1544693491763458,-11.350767029904564,42.5,135.5,-210.0,85.0,271.0,18.0,183.37547761212153,0,2022,10
2022-10-11,10876.5,10950.5,10976.75,10836.0,144,-0.6936972000274766,-12.154285718914782,100.25,40.5,147.5,200.5,81.0,-210.0,185.6614260733202,1,2022,10
2022-10-12,10855.0,10861.75,10886.0,10803.0,144,-0.26689367968156796,-11.915426454349532,31.0,52.0,13.0,62.0,104.0,147.5,187.89627597777394,2,2022,10
2022-10-13,11070.0,11042.75,11185.25,10988.0,144,5.307295749887153,-9.602153217283982,115.25,82.0,-55.0,230.5,164.0,13.0,188.3821354252266,3,2022,10
2022-10-16,10720.5,10882.0,10899.75,10705.0,144,-3.870664788354461,-11.95769709679534,179.25,15.5,322.5,358.5,31.0,-55.0,186.40309144432123,6,2022,10
2022-10-17,11161.75,11290.5,11363.25,11159.25,144,0.9976365784928554,-8.665392233465418,201.5,2.5,257.0,403.0,5.0,322.5,200.36022001175255,0,2022,10
2022-10-18,11323.75,11290.0,11382.5,11174.5,144,-1.7582321217170183,-7.606524036695128,58.75,149.25,-68.0,117.5,298.5,257.0,207.19926050213493,1,2022,10
2022-10-19,11141.75,11085.25,11155.25,11008.0,144,0.22462319459106705,-7.718672558574724,13.5,133.75,-113.5,27.0,267.5,-68.0,207.6613687688381,2,2022,10
2022-10-20,11062.75,11000.5,11086.0,10967.0,144,-0.21375213752137245,-7.9257094240109405,23.25,95.75,-125.0,46.5,191.5,-113.5,208.0477171986728,3,2022,10
2022-10-23,11393.75,11350.75,11530.75,11260.75,144,2.806954002173123,-5.402016435087409,137.0,133.0,-86.5,274.0,266.0,-125.0,202.33478640479416,6,2022,10
2022-10-24,11459.75,11453.25,11513.5,11430.5,144,1.0630103219842812,-4.0164275716992215,53.75,29.25,-13.5,107.5,58.5,-86.5,201.69659340076538,0,2022,10
2022-10-25,11520.0,11518.5,11568.75,11436.75,144,1.7128715020732432,-1.7442843199799274,48.75,83.25,-3.5,97.5,166.5,-13.5,195.2745216759971,1,2022,10
2022-10-26,11423.0,11392.5,11537.75,11387.75,144,-0.18519325460804037,-3.5672112099722764,114.75,35.25,-61.5,229.5,70.5,-3.5,171.92429484483782,2,2022,10
2022-10-27,11124.5,11117.25,11190.75,11062.0,144,-1.3990307655198153,-4.991451026595206,66.25,62.5,-15.0,132.5,125.0,-61.5,166.22784577358362,3,2022,10
2022-10-30,11593.5,11506.5,11600.0,11484.25,144,3.3131925709571686,-1.7696597414810222,6.5,109.25,-174.5,13.0,218.5,-15.0,163.6100466610197,6,2022,10
2022-10-31,11451.75,11569.75,11576.75,11446.5,144,-0.3481818379648782,-2.623154820103868,125.0,5.25,235.5,250.0,10.5,-174.5,167.94951269887466,0,2022,10
2022-11-01,11319.0,11354.25,11390.25,11318.75,144,-2.281106487570339,-3.3619788246251225,71.25,0.25,70.0,142.5,0.5,235.5,151.80749582768854,1,2022,11
2022-11-02,10944.75,10915.25,10995.75,10891.0,144,-3.4532215357458096,-6.392320897093384,51.0,53.75,-59.5,102.0,107.5,70.0,145.86098960816656,2,2022,11
2022-11-03,10724.5,10804.5,10831.0,10692.75,144,-0.9672876699679089,-7.877387461291663,106.5,31.75,159.5,213.0,63.5,-59.5,141.25306470825217,3,2022,11
2022-11-06,10829.25,10949.75,10969.5,10775.75,144,-0.35674266505065777,-6.062264120842576,140.25,53.5,240.5,280.5,107.0,159.5,145.31552557687772,6,2022,11
2022-11-07,11014.5,11035.25,11075.75,10954.75,144,0.685620257793218,-4.757292803442359,61.25,59.75,41.0,122.5,119.5,240.5,154.06287165002675,0,2022,11
2022-11-08,11079.0,11071.75,11164.75,11019.75,144,0.15573511488287117,-3.8346515119468294,85.75,59.25,-15.0,171.5,118.5,41.0,143.97677992612114,1,2022,11
2022-11-09,10841.75,10885.25,10892.0,10834.5,144,-1.694953712107461,-5.861631699848857,50.25,7.25,86.5,100.5,14.5,-15.0,141.89676334352524,2,2022,11
2022-11-10,11670.0,11699.0,11777.25,11620.25,144,2.3906487331322834,1.1803247306962694,107.25,49.75,57.5,214.5,99.5,86.5,142.4542031671933,3,2022,11
2022-11-13,11796.0,11770.5,11825.5,11745.5,144,1.9226633403587323,3.1710198108734655,29.5,50.5,-51.5,59.0,101.0,57.5,141.09006781783788,6,2022,11
2022-11-14,11769.0,11872.25,11882.5,11761.5,144,-0.15305797070640503,2.3157351750122013,113.5,7.5,206.0,227.0,15.0,-51.5,125.09874783756354,0,2022,11
2022-11-15,11889.0,11911.0,11962.25,11838.5,144,-0.9586989976292482,3.785981864421184,73.25,50.5,43.5,146.5,101.0,206.0,120.40277525652668,1,2022,11
2022-11-16,11773.75,11668.25,11828.25,11663.75,144,-0.7083051420838982,2.3891752352546147,54.5,110.0,-211.5,109.0,220.0,43.5,118.90629880177431,2,2022,11
2022-11-17,11746.5,11809.0,11819.0,11672.0,144,1.3938187169941996,2.240884132235732,72.5,74.5,124.5,145.0,149.0,-211.5,126.51836771165301,3,2022,11
2022-11-20,11720.0,11619.25,11755.25,11611.25,144,-1.096092925026404,2.314267412279891,35.25,108.75,-202.0,70.5,217.5,124.5,124.1465469982107,6,2022,11
2022-11-21,11587.75,11608.0,11625.5,11525.5,144,-0.5322231044917025,1.4390429025279872,37.75,62.25,40.0,75.5,124.5,-202.0,132.20837818821425,0,2022,11
2022-11-22,11741.0,11758.25,11781.5,11720.25,144,1.1577610880371791,3.05795379306415,40.5,20.75,34.0,81.0,41.5,40.0,131.9752244492164,1,2022,11
2022-11-23,11878.0,11928.25,11929.75,11872.0,144,1.0085320964275946,4.111017833066222,51.75,6.0,100.0,103.5,12.0,34.0,131.80743529862033,2,2022,11
2022-11-24,11912.25,11862.5,11923.75,11845.25,144,-0.03357394661742674,4.518975766691891,11.5,67.0,-100.0,23.0,134.0,100.0,131.01913028256592,3,2022,11
2022-11-27,11735.25,11676.5,11748.0,11642.75,144,-0.12078062424512037,3.4401486293785366,12.75,92.5,-118.0,25.5,185.0,-100.0,134.08534939005312,6,2022,11
2022-11-28,11625.5,11667.25,11704.25,11611.5,144,-0.7903618575639815,1.996087412166614,78.75,14.0,83.0,157.5,28.0,-118.0,130.05756822511933,0,2022,11
2022-11-29,11519.25,11561.5,11586.5,11497.75,144,-0.8518144077093504,1.2968849444255026,67.25,21.5,84.0,134.5,43.0,83.0,121.83587698643046,1,2022,11
2022-11-30,12074.75,12005.75,12087.5,11992.5,144,4.486540378863402,5.880115280357856,12.75,82.25,-138.5,25.5,164.5,84.0,122.139251309832,2,2022,11
2022-12-01,12039.0,12055.0,12061.75,11997.5,144,0.02488232732702489,5.855761951262339,22.75,41.5,31.5,45.5,83.0,-138.5,126.29490082217966,3,2022,12
2022-12-04,12000.0,11971.0,12015.0,11942.75,144,1.4118987822636875,5.327254928693881,15.0,57.25,-58.5,30.0,114.5,31.5,122.19984440941074,6,2022,12
2022-12-05,11813.0,11816.75,11844.25,11781.25,144,-0.9940649707442906,3.391967888021563,31.25,31.75,7.0,62.5,63.5,-58.5,111.18184192431872,0,2022,12
2022-12-06,11568.5,11532.75,11596.0,11512.0,144,-2.0044071531485685,1.250913994737135,27.5,56.5,-72.0,55.0,113.0,7.0,110.81063446495693,1,2022,12
2022-12-07,11500.0,11534.0,11549.25,11434.25,144,-0.013032995199513397,0.7796404589829331,49.25,65.75,67.5,98.5,131.5,-72.0,111.94729434214254,2,2022,12
2022-12-08,11638.75,11697.75,11716.5,11624.25,144,0.6938740218753958,1.9141473455021485,77.75,14.5,117.5,155.5,29.0,67.5,111.22857865911216,3,2022,12
2022-12-11,11555.0,11608.75,11614.25,11523.0,144,-0.26720682670344775,1.1597017098048612,59.25,32.0,107.0,118.5,64.0,117.5,113.74605545503074,6,2022,12
2022-12-12,11699.0,11770.25,11775.25,11680.5,144,1.1898592035933353,2.3449864083132432,76.25,18.5,142.0,152.5,37.0,107.0,115.52619889695552,0,2022,12
2022-12-13,11831.5,11829.75,11895.5,11815.75,144,-2.701536691593398,3.405903706158764,64.0,15.75,-4.0,128.0,31.5,142.0,110.50862076398327,1,2022,12
2022-12-14,11765.25,11583.25,11779.25,11577.75,144,-0.5756491926096841,2.5524266236830906,14.0,187.5,-364.5,28.0,375.0,-4.0,110.12591776306736,2,2022,12
2022-12-15,11333.0,11237.0,11381.5,11205.5,144,-1.9462565343240978,-0.8760934790868702,48.5,127.5,-192.5,97.0,255.0,-364.5,129.34994100053578,3,2022,12
2022-12-18,11327.0,11400.5,11411.0,11322.25,144,-1.9462565343240978,-0.8760934790868702,84.0,4.75,146.5,168.0,9.5,-192.5,131.91706675028817,6,2022,12
2022-12-19,11182.25,11161.0,11227.75,11042.75,144,-1.4642094369949565,-2.2910256734958723,45.5,139.5,-43.0,91.0,279.0,146.5,129.86588223402265,0,2022,12
2022-12-20,11201.5,11220.25,11263.25,11197.25,144,0.37723986167872425,-2.433381568809767,61.75,4.25,37.0,123.5,8.5,-43.0,129.69842550681696,1,2022,12
2022-12-21,11359.75,11329.0,11384.25,11319.5,144,1.060866076801359,-1.1149617893121744,24.5,40.25,-62.0,49.0,80.5,37.0,129.75194958478508,2,2022,12
2022-12-22,11053.5,11095.0,11111.5,11009.75,144,-1.3188431670088319,-3.602843978780035,58.0,43.75,82.5,116.0,87.5,-62.0,127.66856761902955,3,2022,12
2022-12-26,11101.75,11137.75,11184.0,11101.75,144,0.7479142512901049,-3.3910150461333166,82.25,0.0,71.5,164.5,0.0,82.5,127.9081573259747,0,2022,12
2022-12-27,10918.0,10930.25,10954.25,10891.5,144,-1.2056641331885665,-4.82111818351404,36.25,26.5,24.0,72.5,53.0,71.5,126.2906630711366,1,2022,12
2022-12-28,10786.75,10848.5,10854.75,10777.5,144,-1.1903123709921526,-6.055549837680186,68.0,9.25,123.0,136.0,18.5,24.0,124.98379895010386,2,2022,12
2022-12-29,11032.75,11003.5,11036.25,10943.25,144,1.3457961095928228,-3.7460285884917455,3.5,89.5,-59.0,7.0,179.0,123.0,126.6701684649837,3,2022,12
2023-01-02,11117.0,11143.5,11170.75,10951.75,144,1.0218576730971929,-3.804617692515111,53.75,165.25,52.5,107.5,330.5,-59.0,123.26034439348278,0,2023,1
2023-01-03,10941.75,10995.25,11051.25,10923.25,144,-1.5917981923647684,-4.482992648005535,109.5,18.5,106.5,219.0,37.0,52.5,123.58630853737286,1,2023,1
2023-01-04,10983.75,11003.25,11016.25,10931.25,144,-0.3376005437861096,-3.951681053024625,32.5,52.5,38.5,65.0,105.0,106.5,124.54875128787283,2,2023,1
2023-01-05,10837.75,10790.5,10885.0,10778.0,144,-0.9338735150724475,-5.382078800391399,47.25,59.75,-95.0,94.5,119.5,38.5,124.64970918538069,3,2023,1
2023-01-08,11128.75,11161.0,11186.75,11120.25,144,2.05454295027776,-2.709310555067046,58.0,8.5,64.0,116.0,17.0,-95.0,125.60625612980967,6,2023,1
2023-01-09,11181.25,11196.75,11205.75,11123.75,144,-0.10491539800884242,-2.0203714253560823,24.5,57.5,30.5,49.0,115.0,64.0,125.53138368341864,0,2023,1
2023-01-10,11281.75,11292.75,11324.25,11239.5,144,1.2788297585928365,-1.1719601762975596,42.5,42.25,21.5,85.0,84.5,30.5,123.26580981124097,1,2023,1
2023-01-11,11471.75,11463.25,11491.5,11448.75,144,1.3445192626117652,0.5153205721385223,19.75,23.0,-17.5,39.5,46.0,21.5,121.20003039777272,2,2023,1
2023-01-12,11529.75,11513.5,11536.25,11471.5,144,0.3568242640499486,0.9845583937051261,6.5,58.25,-33.0,13.0,116.5,-17.5,116.95337296276837,3,2023,1
2023-01-15,11612.5,11553.0,11638.25,11510.25,144,1.6040089281806669,1.6052095674464306,25.75,102.25,-119.5,51.5,204.5,-33.0,117.15939154124935,6,2023,1
2023-01-16,11571.5,11570.25,11601.5,11530.0,144,-0.22647858159700052,1.1137220613148369,30.0,41.5,-3.0,60.0,83.0,-119.5,86.11410346621193,0,2023,1
2023-01-17,11622.0,11638.0,11693.25,11582.0,144,0.2457214294951937,1.502192288469817,71.25,40.0,31.5,142.5,80.0,-3.0,72.07806440534479,1,2023,1
2023-01-18,11470.0,11413.0,11486.75,11395.5,144,-1.8405694863079636,0.11206411637225688,16.75,74.5,-114.5,33.5,149.0,31.5,65.60947059364926,2,2023,1
2023-01-19,11405.5,11407.5,11433.0,11365.25,144,-0.41200964277887664,-0.9855685845220008,27.5,40.25,3.5,55.0,80.5,-114.5,70.55708308656325,3,2023,1
2023-01-22,11677.75,11668.25,11705.75,11650.25,144,2.165685909916215,1.6589146746862626,28.0,27.5,-19.5,56.0,55.0,3.5,70.25375060225745,6,2023,1
2023-01-23,11933.0,11900.25,11944.5,11883.75,144,1.9416438824333637,3.6849039125001593,11.5,49.25,-66.0,23.0,98.5,-19.5,68.67223352924175,0,2023,1
2023-01-24,11973.0,11767.75,11976.5,11752.75,144,0.3836424957841533,3.411300413063234,3.5,220.25,-411.0,7.0,440.5,-66.0,68.38282332805343,1,2023,1
2023-01-25,11875.0,11942.25,11963.5,11867.25,144,1.387406616862319,3.1415392886751325,88.5,7.75,134.0,177.0,15.5,-411.0,113.0780907393786,2,2023,1
2023-01-26,12050.25,12048.5,12059.5,12016.0,144,0.723929188075978,5.070892851950282,9.25,34.25,-4.0,18.5,68.5,134.0,118.00734533337982,3,2023,1
2023-01-29,12213.25,12079.0,12252.0,12055.5,144,1.4609446335187126,6.03900965481583,38.75,157.75,-269.0,77.5,315.5,-4.0,113.42670656929909,6,2023,1
2023-01-30,11984.25,11885.75,12004.5,11881.75,144,-0.9248722352113603,3.811254471987846,20.25,102.5,-197.5,40.5,205.0,-269.0,125.96412135374516,0,2023,1
2023-01-31,12121.25,12111.5,12147.75,12084.75,144,1.499050044887995,5.315354660261318,26.5,36.5,-20.0,53.0,73.0,-197.5,129.34241326193444,1,2023,1
2023-02-01,12514.0,12574.0,12606.5,12501.25,144,2.276891405043746,7.491914468622429,92.5,12.75,119.5,185.0,25.5,-20.0,124.49597330203511,2,2023,2
2023-02-02,12739.5,12653.25,12761.5,12581.75,144,1.3681346843827713,11.010889948095603,22.0,157.75,-173.0,44.0,315.5,119.5,128.84675720446072,3,2023,2
2023-02-05,12578.25,12492.25,12605.0,12466.0,144,0.38967752196905625,8.847860465036073,26.75,112.25,-172.5,53.5,224.5,-173.0,131.48965338523183,6,2023,2
2023-02-06,12517.0,12531.75,12573.75,12475.75,144,0.03397553761292915,7.777331812841726,56.75,41.25,29.0,113.5,82.5,-172.5,131.12824929494744,0,2023,2
2023-02-07,12746.0,12757.25,12809.0,12717.5,144,2.1453134996801015,9.844958406883663,63.0,28.5,22.0,126.0,57.0,29.0,131.07178627719514,1,2023,2
2023-02-08,12557.25,12718.75,12721.25,12541.5,144,-1.3391013666306129,7.736898137590753,164.0,15.75,322.5,328.0,31.5,22.0,131.08900903383804,2,2023,2
2023-02-09,12445.75,12323.5,12451.5,12300.0,144,-2.3206460867343903,6.591062990150576,5.75,145.75,-245.0,11.5,291.5,322.5,156.93767410227403,3,2023,2
2023-02-12,12353.25,12392.75,12399.25,12265.0,144,0.08715038508309014,5.740698788359722,46.0,88.25,78.5,92.0,176.5,-245.0,162.98360225882587,6,2023,2
2023-02-13,12547.75,12583.0,12598.25,12505.0,144,1.1490082244799193,7.352414498673343,50.5,42.75,70.0,101.0,85.5,78.5,165.02802592925013,0,2023,2
2023-02-14,12618.75,12579.25,12624.5,12531.0,144,1.262676874974944,7.987076774186375,5.75,87.75,-79.5,11.5,175.5,70.0,166.86634069786132,1,2023,2
2023-02-15,12743.75,12726.25,12792.5,12720.5,144,1.4398661701153115,8.733612895017506,48.75,23.25,-35.5,97.5,46.5,-79.5,166.06441957074495,2,2023,2
2023-02-16,12461.0,12357.25,12464.0,12337.75,144,-0.3373522836154552,6.4561552540857825,3.0,123.25,-208.0,6.0,246.5,-35.5,165.37821684025727,3,2023,2
2023-02-19,12383.0,12381.25,12407.0,12346.25,144,0.01614237575415789,5.539262257838007,24.0,36.75,-4.0,48.0,73.5,-208.0,168.79507195350658,6,2023,2
2023-02-20,12370.0,12267.0,12379.5,12227.25,144,-0.21986445054058557,5.172451183373461,9.5,142.75,-206.5,19.0,285.5,-4.0,169.00813395249725,0,2023,2
2023-02-21,12111.25,12101.5,12145.0,12064.5,144,-1.0692016763773848,2.807796668646678,33.75,46.75,-20.0,67.5,93.5,-206.5,172.3555077525275,1,2023,2
2023-02-22,12175.5,12188.5,12226.0,12150.5,144,-0.14232673267327023,2.755209078440024,50.5,25.0,25.5,101.0,50.0,-20.0,151.68040327228198,2,2023,2
2023-02-23,12191.25,12121.25,12214.25,12108.0,144,-0.3774816870370734,3.5454519233868886,23.0,83.25,-140.5,46.0,166.5,25.5,146.8829533120988,3,2023,2
2023-02-26,12002.25,12053.25,12078.25,11987.75,144,0.031265632816412925,1.751643809244352,76.0,14.5,101.5,152.0,29.0,-140.5,147.88041043178663,6,2023,2
2023-02-27,12092.0,12092.25,12129.0,12026.75,144,-0.3915507470376056,2.4221074945817156,37.0,65.25,0.0,74.0,130.5,101.5,142.8073117507422,0,2023,2
2023-02-28,12042.75,12133.0,12138.0,11989.25,144,0.07050431320503314,2.1349329068857337,95.25,53.5,180.0,190.5,107.0,0.0,137.84329393993207,1,2023,2
2023-03-01,11968.5,11881.75,11991.75,11831.5,144,-0.7218569146839826,1.1615795249521055,23.25,137.0,-174.0,46.5,274.0,180.0,145.40953056435936,2,2023,3
2023-03-02,12050.75,12093.25,12105.0,12012.25,144,1.7626718394197605,1.8600045417439537,54.25,38.5,84.5,108.5,77.0,-174.0,145.73980735327055,3,2023,3
2023-03-05,12307.75,12328.0,12378.5,12276.0,144,1.4648316782726933,3.7678284123558115,70.75,31.75,40.0,141.5,63.5,84.5,143.94211190248444,6,2023,3
2023-03-06,12322.5,12362.0,12381.75,12312.5,144,-0.301351023379981,3.643142122826859,59.25,10.0,78.5,118.5,20.0,40.0,139.7663910922342,0,2023,3
2023-03-07,12174.75,12196.75,12202.0,12138.5,144,-1.2556545023023724,2.158598296223424,27.25,36.25,43.5,54.5,72.5,78.5,140.88937429584132,1,2023,3
2023-03-08,12223.0,12157.75,12242.0,12136.0,144,0.3754539299563042,2.449155491784838,19.0,87.0,-131.0,38.0,174.0,43.5,141.19194428712615,2,2023,3
2023-03-09,12008.75,11994.0,12024.75,11921.5,144,-1.9577421659691785,0.3609365961957156,16.0,87.25,-30.0,32.0,174.5,-131.0,120.87973579684801,3,2023,3
2023-03-12,11888.0,11898.75,12095.75,11850.25,144,-1.4727908137793344,-1.1561004867066682,207.75,37.75,21.0,415.5,75.5,-30.0,109.50680103849349,6,2023,3
2023-03-13,11956.25,11962.0,12013.25,11931.75,144,1.3508060234054708,-0.5657784079022177,57.0,24.5,11.0,114.0,49.0,21.0,107.62416024490524,0,2023,3
2023-03-14,12203.25,12121.0,12245.25,12114.0,144,1.0226261204380416,1.4760723077057447,42.0,89.25,-165.0,84.0,178.5,11.0,105.84363777712255,1,2023,3
2023-03-15,12265.5,12274.75,12332.0,12248.5,144,1.4435804103242855,1.7794914635953063,66.5,17.0,18.0,133.0,34.0,-165.0,109.92867304709326,2,2023,3
2023-03-16,12580.75,12600.25,12636.0,12500.0,144,2.9767993780432933,4.136968468634361,55.25,80.75,38.5,110.5,161.5,18.0,110.3469975505498,3,2023,3
2023-03-19,12689.25,12653.25,12750.0,12525.5,144,2.9767993780432933,4.136968468634361,60.75,163.75,-72.5,121.5,327.5,38.5,102.14900107711588,6,2023,3
2023-03-20,12698.75,12717.75,12742.0,12676.25,144,0.5505604626292238,4.771463994043712,43.25,22.5,37.5,86.5,45.0,-72.5,103.03063864695778,0,2023,3
2023-03-21,12873.5,12839.0,12888.0,12809.5,144,0.794489452467606,5.994661991278916,14.5,64.0,-69.5,29.0,128.0,37.5,93.11485197268333,1,2023,3
2023-03-22,12698.25,12834.25,12855.0,12695.0,144,-1.3497766556612945,4.284802730395598,156.75,3.25,271.5,313.5,6.5,-69.5,94.25052003207081,2,2023,3
2023-03-23,12872.0,12796.25,12921.0,12786.0,144,-0.060287825748739365,5.267233210276756,49.0,86.0,-152.0,98.0,172.0,271.5,112.70596350915201,3,2023,3
2023-03-26,12916.0,12917.75,12976.25,12848.75,144,0.5262439823026099,5.416878718572882,60.25,67.25,3.0,120.5,134.5,-152.0,113.5252435410408,6,2023,3
2023-03-27,12812.0,12764.5,12833.5,12751.5,144,-0.9249762950635732,4.440735456649514,21.5,60.5,-95.5,43.0,121.0,3.0,111.30530559066612,0,2023,3
2023-03-28,12747.0,12851.75,12856.5,12742.0,144,-0.3404754916348729,3.696304672614814,109.5,5.0,209.0,219.0,10.0,-95.5,113.40842294440405,1,2023,3
2023-03-29,12965.0,13008.0,13012.25,12931.25,144,0.6343479019961684,5.389970928165555,47.25,33.75,85.5,94.5,67.5,209.0,116.02815844712683,2,2023,3
2023-03-30,13080.0,13081.0,13138.75,13071.5,144,0.15499722535832205,6.0558841968627375,58.75,8.5,1.5,117.5,17.0,85.5,110.10155599072583,3,2023,3
2023-04-02,13262.5,13219.5,13275.5,13199.5,144,1.5983043079743409,7.470519082304183,13.0,63.0,-86.5,26.0,126.0,1.5,108.75323346675111,6,2023,4
2023-04-03,13261.75,13344.5,13348.75,13226.25,144,0.4428379478056854,6.932661536316598,87.0,35.5,165.0,174.0,71.0,-86.5,110.40812744206445,0,2023,4
2023-04-04,13232.0,13190.25,13247.25,13176.5,144,-0.4666829754803259,6.344521426532146,15.25,55.5,-84.0,30.5,111.0,165.0,115.20120841836955,1,2023,4
2023-04-05,13075.25,13010.25,13080.0,12983.75,144,-0.7173219978745982,4.990194921587476,4.75,91.5,-130.5,9.5,183.0,-84.0,116.48791161589071,2,2023,4
2023-04-06,13164.25,13170.25,13176.0,13144.5,144,1.223846759784042,5.509077393349449,11.75,19.75,11.5,23.5,39.5,-130.5,116.45864411658617,3,2023,4
2023-04-09,13178.0,13155.0,13206.25,13107.25,144,1.223846759784042,5.509077393349449,28.25,70.75,-46.5,56.5,141.5,11.5,116.28808091613637,6,2023,4
2023-04-10,13168.75,13207.75,13209.25,13144.25,144,0.9257484570859065,5.2723121643829085,40.5,24.5,77.5,81.0,49.0,-46.5,116.65220461742354,0,2023,4
2023-04-11,13076.0,13090.25,13097.75,13038.25,144,-0.6269235153311348,4.431949132848256,21.75,37.75,28.0,43.5,75.5,77.5,117.99724294281306,1,2023,4
2023-04-12,12955.0,12997.0,13018.0,12925.25,144,-1.5068310943052055,3.3226543600669123,63.0,29.75,83.5,126.0,59.5,28.0,111.43129521203441,2,2023,4
2023-04-13,13181.0,13168.25,13217.5,13161.0,144,1.4008289837273535,5.154735186857495,36.5,20.0,-26.0,73.0,40.0,83.5,112.62028657115202,3,2023,4
2023-04-16,13210.0,13164.0,13218.0,13156.25,144,0.3158475559868368,4.791055900621122,8.0,53.75,-92.5,16.0,107.5,-26.0,112.79761510636737,6,2023,4
2023-04-17,13185.75,13273.5,13283.5,13160.0,144,0.20322500997131954,4.804877942186669,97.75,25.75,175.0,195.5,51.5,-92.5,113.6577821680874,0,2023,4
2023-04-18,13174.0,13076.25,13186.5,13065.0,144,-0.6871105589126736,4.706804672071763,12.5,109.0,-196.0,25.0,218.0,175.0,119.45001156616888,1,2023,4
2023-04-19,13166.0,13046.5,13166.0,13024.75,144,0.7508454175503054,4.551874653535859,0.0,141.25,-239.5,0.0,282.5,-196.0,127.32731081330255,2,2023,4
2023-04-20,13090.0,13068.0,13108.0,13037.25,144,0.19921081867984025,3.6610523370405046,18.0,52.75,-44.5,36.0,105.5,-239.5,123.31415539609642,3,2023,4
2023-04-23,13071.25,13070.5,13083.0,13014.25,144,0.23166318852787526,3.6548060531302218,11.75,57.0,-2.0,23.5,114.0,-44.5,119.32856013192264,6,2023,4
2023-04-24,13050.25,13003.25,13059.75,12967.5,144,-0.1376409864270678,3.3256548197606373,9.5,82.75,-94.5,19.0,165.5,-2.0,119.3049057093453,0,2023,4
2023-04-25,12929.75,12971.0,12996.75,12923.25,144,-1.3839165415559962,1.267549121728595,67.0,6.5,82.0,134.0,13.0,-94.5,119.26754532739004,1,2023,4
2023-04-26,12962.0,12987.5,13016.0,12936.0,144,-0.5231660231660218,1.7942850279490274,54.0,26.0,50.5,108.0,52.0,82.0,109.99773921121712,2,2023,4
2023-04-27,13220.0,13188.25,13236.0,13174.5,144,1.4608055518279262,4.452962516928594,16.0,45.5,-64.0,32.0,91.0,50.5,108.5560248273479,3,2023,4
2023-04-30,13316.25,13318.5,13367.25,13295.0,144,0.7809988464665851,5.08341565465662,51.0,21.25,4.0,102.0,42.5,-64.0,108.91151345545558,6,2023,4
2023-05-01,13288.5,13311.5,13334.5,13268.0,144,0.018795579279751173,4.789841367864445,46.0,20.5,45.5,92.0,41.0,4.0,107.95224333984565,0,2023,5
2023-05-02,13163.25,13208.0,13216.75,13156.5,144,-0.8739944365085295,3.724883508886201,53.5,6.75,89.0,107.0,13.5,45.5,100.38149271129292,1,2023,5
2023-05-03,13067.75,13115.25,13172.0,13043.0,144,-0.7481627396014878,2.9413151405711435,104.25,24.75,94.5,208.5,49.5,89.0,102.29529944955276,2,2023,5
2023-05-04,13059.0,13123.5,13128.0,13055.75,144,-0.2656169383348339,2.3778848703877697,69.0,3.25,128.5,138.0,6.5,94.5,101.23051794374007,3,2023,5
2023-05-07,13315.5,13314.75,13336.0,13294.25,144,1.4061191871527434,4.341564495009931,20.5,21.25,-2.0,41.0,42.5,128.5,105.42019618250518,6,2023,5
2023-05-08,13336.0,13299.75,13347.25,13284.5,144,0.4022253965867195,4.394586443595494,11.25,51.5,-73.0,22.5,103.0,-2.0,104.79655729580347,0,2023,5
2023-05-09,13261.5,13236.75,13286.5,13202.0,144,-0.11294330246216511,3.4975477260146937,25.0,59.5,-50.0,50.0,119.0,-73.0,104.70865281190565,1,2023,5
2023-05-10,13408.5,13453.75,13464.0,13403.5,144,0.3291750051433562,4.410655831195864,55.5,5.0,90.0,111.0,10.0,-50.0,104.95829685616737,2,2023,5
2023-05-11,13444.0,13475.5,13494.75,13444.0,144,0.14895360095330545,4.467993615542709,50.75,0.0,62.5,101.5,0.0,90.0,105.26151643457,3,2023,5
2023-05-14,13379.25,13431.75,13447.5,13350.0,144,-0.5234727404354822,3.8504246920183505,68.25,29.25,104.5,136.5,58.5,62.5,106.24317625146561,6,2023,5
2023-05-15,13466.75,13465.5,13492.0,13438.25,144,0.4117986844802246,4.202721940311616,25.25,28.5,-3.0,50.5,57.0,104.5,106.5258153787393,0,2023,5
2023-05-16,13500.5,13511.0,13523.0,13474.0,144,0.34049679039911407,4.091710649442093,22.5,26.5,20.5,45.0,53.0,-3.0,99.01194438843697,1,2023,5
2023-05-17,13641.5,13665.75,13677.0,13628.25,144,0.88539741219964,5.133814027242067,35.5,13.25,48.0,71.0,26.5,20.5,87.75067850989733,2,2023,5
2023-05-18,13908.25,13917.25,13960.5,13888.25,144,1.7266318776892886,6.736720444237454,52.25,20.0,17.5,104.5,40.0,48.0,65.45112177881484,3,2023,5
2023-05-21,13813.75,13838.75,13879.25,13794.25,144,-0.28601752082171306,6.229015591702836,65.5,19.5,49.5,131.0,39.0,17.5,63.45766823556254,6,2023,5
2023-05-22,13911.5,13884.25,13977.25,13879.25,144,0.4116043543407999,6.281827127939077,65.75,32.25,-55.0,131.5,64.5,49.5,63.24534515844238,0,2023,5
2023-05-23,13732.0,13709.75,13755.75,13689.25,144,-0.7663804789878048,4.604734678448241,23.75,42.75,-45.0,47.5,85.5,-55.0,59.6684865693246,1,2023,5
2023-05-24,13871.25,13905.5,13907.5,13803.0,144,0.07879643033845696,3.7852128400707397,36.25,68.25,68.0,72.5,136.5,-45.0,60.81137250807431,2,2023,5
2023-05-25,13981.75,13980.25,13996.0,13924.75,144,0.1648184310002021,5.963611029721982,14.25,57.0,-3.5,28.5,114.0,68.0,61.31197187121638,3,2023,5
2023-05-28,14418.25,14396.75,14446.0,14384.0,144,2.24889427878443,8.318533912714908,27.75,34.25,-43.5,55.5,68.5,-3.5,58.015758975244566,6,2023,5
2023-05-29,14402.0,14496.75,14508.5,14378.25,144,0.19299648781165857,8.571056058651184,106.5,23.75,189.0,213.0,47.5,-43.5,60.052192212055594,0,2023,5
2023-05-30,14398.0,14370.5,14430.0,14332.0,144,-0.7787732598208086,8.223383527374196,32.0,66.0,-55.5,64.0,132.0,189.0,70.09322269963793,1,2023,5
2023-05-31,14290.0,14305.0,14333.75,14248.0,144,-0.19713543029604708,7.279429083211686,43.75,42.0,29.5,87.5,84.0,-55.5,71.59215628897658,2,2023,5
2023-06-01,14494.5,14541.75,14564.25,14473.75,144,1.225674470652005,8.27756491996916,69.75,20.75,94.0,139.5,41.5,29.5,69.82498798688337,3,2023,6
2023-06-04,14582.75,14535.0,14584.25,14512.75,144,0.2475375174049832,8.786774787479935,1.5,70.0,-96.0,3.0,140.0,94.0,67.49071573576843,6,2023,6
2023-06-05,14582.0,14577.75,14616.0,14556.5,144,0.13041836839757792,8.57397618554967,34.0,25.5,-9.0,68.0,51.0,-96.0,72.3568050486068,0,2023,6
2023-06-06,14593.5,14562.0,14602.0,14537.5,144,0.15967584087357434,8.26038463465646,8.5,56.0,-63.5,17.0,112.0,-9.0,69.50631834210232,1,2023,6
2023-06-07,14318.75,14345.5,14348.75,14257.0,144,-1.7835115131578982,6.135913659016512,30.0,61.75,53.0,60.0,123.5,-63.5,70.2894204811715,2,2023,6
2023-06-08,14518.75,14499.25,14519.0,14460.25,144,1.1316280448466554,7.138964778988943,0.25,58.5,-39.5,0.5,117.0,53.0,68.82024640895628,3,2023,6
2023-06-11,14561.5,14626.75,14654.0,14553.75,144,-0.03777018558895895,7.321254124195886,92.5,7.75,130.0,185.0,15.5,-39.5,69.13545057577751,6,2023,6
2023-06-12,14825.0,14863.5,14902.25,14809.0,144,1.2309586090167635,8.897558205230816,77.25,16.0,76.5,154.5,32.0,130.0,71.118410341301,0,2023,6
2023-06-13,14928.0,14944.25,14968.0,14897.0,144,-0.0117347280895852,9.431291203004832,40.0,31.0,32.0,80.0,62.0,76.5,72.31373531902123,1,2023,6
2023-06-14,15041.0,14926.75,15044.75,14911.75,144,0.7109203400345487,9.912611559516593,3.75,129.25,-229.0,7.5,258.5,32.0,72.3782598575013,2,2023,6
2023-06-15,15193.75,15213.75,15225.5,15130.25,144,1.5560235325578375,10.847283116909656,31.75,63.5,39.5,63.5,127.0,-229.0,90.68837257913837,3,2023,6
2023-06-18,15302.5,15273.5,15321.75,15252.5,144,1.5560235325578375,10.847283116909656,19.25,50.0,-58.5,38.5,100.0,39.5,90.98124083683686,6,2023,6
2023-06-19,15242.25,15190.75,15257.75,15168.75,144,-0.08851733464469991,10.855957641533177,15.5,73.5,-103.5,31.0,147.0,-58.5,91.4719219214289,0,2023,6
2023-06-20,15247.0,15247.5,15273.0,15215.0,144,0.27115858668858017,10.635996962428539,26.0,32.0,0.5,52.0,64.0,-103.5,93.64272810162983,1,2023,6
2023-06-21,15042.0,15020.5,15057.75,14968.0,144,-1.0278421892216394,8.81482927958226,15.75,74.0,-43.5,31.5,148.0,0.5,93.08774510897591,2,2023,6
2023-06-22,15236.0,15119.0,15236.5,15090.5,144,1.5468820398151006,9.672140601796464,0.5,145.5,-234.5,1.0,291.0,-43.5,92.16831000089475,3,2023,6
2023-06-25,15058.25,15030.75,15114.5,14998.0,144,0.11134376973442883,8.278610763908745,56.25,60.25,-55.5,112.5,120.5,-234.5,105.476812118763,6,2023,6
2023-06-26,14874.75,14917.75,14925.0,14862.5,144,-1.1854881617451407,6.565722312654243,50.25,12.25,85.5,100.5,24.5,-55.5,105.67183561434547,0,2023,6
2023-06-27,15087.0,15043.0,15092.75,15021.25,144,1.2803539407752584,8.068468576725675,5.75,65.75,-88.5,11.5,131.5,85.5,97.24019027780203,1,2023,6
2023-06-28,15160.5,15174.5,15184.75,15114.5,144,0.7318939419142412,7.987101035469313,24.25,46.0,27.5,48.5,92.0,-88.5,98.1079527598901,2,2023,6
2023-06-29,15107.0,15170.0,15180.5,15098.75,144,-0.10417355645214732,7.4343128973458406,73.5,8.25,125.5,147.0,16.5,27.5,98.05152713591052,3,2023,6
2023-07-02,15331.5,15373.25,15392.0,15328.0,144,0.5196125034832022,8.705864167658461,60.5,3.5,83.0,121.0,7.0,125.5,100.27657804922914,6,2023,7
2023-07-03,15356.5,15351.75,15374.75,15333.0,144,0.006512324574248218,8.537508927583826,18.25,23.5,-10.0,36.5,47.0,83.0,101.35822351286646,0,2023,7
2023-07-04,15345.5,15267.25,15356.5,15255.25,144,-0.12204250333582856,8.105242467559082,11.0,90.25,-157.0,22.0,180.5,-10.0,101.35608153020657,1,2023,7
2023-07-05,15355.0,15299.75,15365.75,15263.5,144,0.43154178109061636,7.825074875599269,10.75,91.5,-111.0,21.5,183.0,-157.0,105.83381647907393,2,2023,7
2023-07-06,15214.0,15215.0,15243.75,15176.75,144,0.26158199526191694,6.6006220803904725,29.75,37.25,1.5,59.5,74.5,-111.0,106.36870768080337,3,2023,7
2023-07-09,15195.75,15124.5,15207.0,15078.0,144,-0.24473169850368626,5.9456117716260914,11.25,117.75,-143.0,22.5,235.5,1.5,106.50049110338948,6,2023,7
2023-07-10,15192.75,15221.25,15238.0,15175.75,144,0.1417387721466934,5.717305164786479,45.25,17.0,56.5,90.5,34.0,-143.0,103.10034394245548,0,2023,7
2023-07-11,15260.0,15296.0,15304.25,15253.25,144,0.37495066438626434,5.907506703808441,44.25,6.75,71.5,88.5,13.5,56.5,102.02139545986878,1,2023,7
2023-07-12,15459.75,15543.25,15557.75,15455.75,144,0.1393344350474779,6.9105803559073475,98.0,4.0,166.5,196.0,8.0,71.5,103.83692933988769,2,2023,7
2023-07-13,15699.5,15691.0,15739.25,15681.0,144,0.83461736004109,8.277552055918802,39.75,18.5,-17.5,79.5,37.0,166.5,103.03446983259629,3,2023,7
2023-07-16,15690.25,15689.25,15728.5,15661.0,144,-0.1176732500079547,7.862016572545838,38.25,29.25,-2.5,76.5,58.5,-17.5,102.1631145457312,6,2023,7
2023-07-17,15827.0,15830.75,15843.75,15798.25,144,0.7310987142198799,8.4600517426612,16.75,28.75,7.0,33.5,57.5,-2.5,101.82573800887776,0,2023,7
2023-07-18,15952.0,16002.5,16010.0,15944.5,144,0.9974707556117623,8.945720677707136,58.0,7.5,100.5,116.0,15.0,7.0,99.88896467156859,1,2023,7
2023-07-19,15925.75,15833.0,15925.75,15817.0,144,-0.34659880407800214,8.441881682158204,0.0,108.75,-186.0,0.0,217.5,100.5,102.99675518649775,2,2023,7
2023-07-20,15594.0,15646.75,15664.75,15554.25,144,-1.5520644193573907,5.619988928466646,70.75,39.75,105.0,141.5,79.5,-186.0,110.32970623974012,3,2023,7
2023-07-23,15555.75,15582.5,15594.75,15527.0,144,-0.9593319734829131,4.980412665080225,39.0,28.75,53.0,78.0,57.5,105.0,100.28248259685962,6,2023,7
2023-07-24,15569.25,15621.0,15628.5,15549.0,144,-0.09468177295631763,4.850808861127032,59.25,20.25,103.0,118.5,40.5,53.0,99.88807881561075,0,2023,7
2023-07-25,15725.25,15645.5,15739.5,15619.75,144,0.5019645577740262,5.2351586319093535,14.25,105.5,-160.0,28.5,211.0,103.0,100.67280247363097,1,2023,7
2023-07-26,15639.25,15799.5,15809.75,15631.25,144,-0.03681354738543918,4.57634974387553,170.5,8.0,320.0,341.0,16.0,-160.0,105.48138710841724,2,2023,7
2023-07-27,15584.0,15696.5,15701.75,15546.5,144,-1.7003204875199351,3.9905696332972918,117.75,37.5,224.5,235.5,75.0,320.0,126.79162349884817,3,2023,7
2023-07-30,15849.5,15839.5,15916.5,15791.25,144,0.7084762994027161,5.607959559870768,67.0,58.25,-20.5,134.0,116.5,224.5,132.9001900913455,6,2023,7
2023-07-31,15867.5,15807.5,15889.0,15785.25,144,0.017338944846390092,5.416247313174893,21.5,82.25,-120.5,43.0,164.5,-20.5,132.5477346984255,0,2023,7
2023-08-01,15769.5,15641.75,15790.0,15591.5,144,0.12819295413541987,4.84253981868854,20.5,178.0,-256.0,41.0,356.0,-120.5,136.12212976047024,1,2023,8
2023-08-02,15452.5,15417.25,15507.5,15339.25,144,-1.2749118412024751,2.294483518009671,55.0,113.25,-71.0,110.0,226.5,-256.0,144.24637184162958,2,2023,8
2023-08-03,15444.0,15524.5,15561.0,15429.0,144,0.47368678072046144,1.8104324188802146,117.0,15.0,160.5,234.0,30.0,-71.0,142.75582760710492,3,2023,8
2023-08-06,15369.75,15431.5,15466.25,15365.0,144,-0.987960739439453,1.1478038212709762,96.5,4.75,123.0,193.0,9.5,160.5,146.54089603426854,6,2023,8
2023-08-07,15490.75,15421.5,15498.0,15401.0,144,0.3401636024945365,1.8344838243538053,7.25,89.75,-139.0,14.5,179.5,123.0,143.04067327346547,0,2023,8
2023-08-08,15351.5,15400.75,15432.75,15343.5,144,-0.19019132922606374,0.8134032568968497,81.25,8.0,98.0,162.5,16.0,-139.0,147.9356434577656,1,2023,8
2023-08-09,15202.25,15281.75,15294.0,15198.0,144,-1.1750728317302173,-0.40392171142348277,91.75,4.25,158.5,183.5,8.5,98.0,148.50975512881647,2,2023,8
2023-08-10,15218.75,15158.25,15266.75,15142.75,144,-0.6568090842251406,-0.3868991644052855,48.0,76.0,-121.5,96.0,152.0,158.5,148.11713003743455,3,2023,8
2023-08-13,15105.0,15144.0,15223.5,15020.0,144,0.06460590398569277,-1.1202929216174717,118.5,85.0,77.5,237.0,170.0,-121.5,151.43909666925506,6,2023,8
2023-08-14,15281.75,15212.25,15335.0,15187.25,144,1.3571807804618974,-0.0896886801895258,53.25,94.5,-139.5,106.5,189.0,77.5,151.902704317426,0,2023,8
2023-08-15,15113.0,15118.5,15165.5,15081.75,144,-0.7865353037766809,-1.2507056322775822,52.5,31.25,10.5,105.0,62.5,-139.5,156.17681233309347,1,2023,8
2023-08-16,14942.5,14974.75,14982.5,14887.5,144,-0.9300552064855139,-2.3796571738487593,40.0,55.0,64.0,80.0,110.0,10.5,154.8893047002481,2,2023,8
2023-08-17,14750.0,14731.5,14791.0,14717.75,144,-1.4822348566950638,-3.529669916303557,41.0,32.25,-37.5,82.0,64.5,64.0,148.09505082529714,3,2023,8
2023-08-20,14763.25,14839.0,14846.0,14720.5,144,0.8081601968288776,-3.703186260668778,82.75,42.75,151.0,165.5,85.5,-37.5,147.3926103267981,6,2023,8
2023-08-21,14972.0,15067.75,15074.75,14943.0,144,1.2053887969747157,-2.21256549285207,102.75,29.0,191.0,205.5,58.0,151.0,150.27593041853999,0,2023,8
2023-08-22,14964.0,15055.0,15083.0,14955.25,144,-0.871336988752136,-2.407162777043892,119.0,8.75,181.5,238.0,17.5,191.0,154.03674373685197,1,2023,8
2023-08-23,15341.25,15358.0,15417.75,15295.5,144,1.264262513533776,-0.8900883241240054,76.5,45.75,33.0,153.0,91.5,181.5,151.27723547739822,2,2023,8
2023-08-24,14838.0,14855.25,14888.25,14785.5,144,-3.105590062111796,-3.084102701239577,50.25,52.5,34.0,100.5,105.0,33.0,136.47940610023792,3,2023,8
2023-08-27,14991.75,15011.5,15031.75,14973.25,144,0.5420554474055095,-2.2824201325844395,40.0,18.5,39.0,80.0,37.0,34.0,128.48470111671898,6,2023,8
2023-08-28,15096.0,15109.0,15149.25,15067.75,144,-0.04967463116586357,-1.526299132443476,53.25,28.25,25.5,106.5,56.5,39.0,128.2141788488883,0,2023,8
2023-08-29,15424.25,15373.75,15468.25,15361.25,144,2.2335715588571725,0.5588195861844891,44.0,63.0,-101.5,88.0,126.0,25.5,123.76334324661292,1,2023,8
2023-08-30,15512.5,15467.0,15531.25,15458.5,144,0.5480962573782167,1.0728002574172946,18.75,54.0,-91.5,37.5,108.0,-101.5,108.9671727486865,2,2023,8
2023-08-31,15534.75,15557.0,15569.25,15502.0,144,0.2581936129355089,1.2312182354037748,34.5,32.75,44.0,69.0,65.5,-91.5,110.12532035917309,3,2023,8
2023-09-03,15517.75,15566.5,15568.5,15500.75,144,-0.7260050532510332,1.090797057293802,50.75,17.0,97.0,101.5,34.0,44.0,106.19458307128565,6,2023,9
2023-09-04,15528.75,15467.75,15534.25,15418.5,144,-0.20411443265830886,1.0243823232630511,5.5,110.25,-122.5,11.0,220.5,97.0,105.15019333265495,0,2023,9
2023-09-05,15512.5,15485.75,15532.75,15438.5,144,0.34072925750088245,1.0400111094091447,20.25,74.0,-54.0,40.5,148.0,-122.5,103.821516251893,1,2023,9
2023-09-06,15388.75,15310.5,15395.5,15274.25,144,-0.6564516129032305,0.12172023462355686,6.75,114.5,-157.0,13.5,229.0,-54.0,104.10815163493243,2,2023,9
2023-09-07,15287.0,15234.0,15344.25,15227.5,144,0.5032729186539964,-0.6891046320273486,57.25,59.5,-106.5,114.5,119.0,-157.0,106.20636565320902,3,2023,9
2023-09-10,15308.0,15383.25,15402.5,15297.75,144,0.14732120934344284,-0.5658455275514895,94.5,10.25,150.0,189.0,20.5,-106.5,105.30664496452343,6,2023,9
2023-09-11,15464.0,15436.0,15480.75,15418.5,144,0.35830671703496186,0.5872082970959314,16.75,45.5,-56.5,33.5,91.0,150.0,109.04628121751057,0,2023,9
2023-09-12,15308.0,15295.0,15335.0,15273.0,144,-0.6637563089306853,-0.5285749991143285,27.0,35.0,-26.5,54.0,70.0,-56.5,104.52175233187728,1,2023,9
2023-09-13,15373.25,15400.25,15438.75,15368.0,144,0.3216956791534775,-0.16276873254250646,65.5,5.25,53.5,131.0,10.5,-26.5,104.92619900121267,2,2023,9
2023-09-14,15476.0,15464.25,15524.0,15450.0,144,0.33712053679961773,0.5727612825329853,48.0,26.0,-24.0,96.0,52.0,53.5,104.68265326565246,3,2023,9
2023-09-17,15383.75,15412.75,15428.5,15379.0,144,0.33712053679961773,0.5727612825329853,44.75,4.75,57.5,89.5,9.5,-24.0,104.38774819721033,6,2023,9
2023-09-18,15424.5,15437.5,15441.75,15379.25,144,0.3744525666281362,0.13021979503293757,17.25,45.25,25.5,34.5,90.5,57.5,99.87721409178782,0,2023,9
2023-09-19,15378.75,15406.25,15410.0,15342.0,144,0.1449039400846619,-0.12791498573255788,31.25,36.75,54.5,62.5,73.5,25.5,90.3445852220671,1,2023,9
2023-09-20,15133.0,15042.5,15148.0,15034.25,144,-1.7332230815376937,-1.577187889031395,15.0,98.75,-181.5,30.0,197.5,54.5,80.88609193440507,2,2023,9
2023-09-21,14850.0,14932.0,14936.25,14835.75,144,-0.8473162758114605,-3.3900745596029958,86.25,14.25,163.5,172.5,28.5,-181.5,89.19167709577991,3,2023,9
2023-09-24,14879.0,14856.0,14946.0,14796.75,144,-0.46695342181458654,-3.245592199775804,67.0,82.25,-46.5,134.0,164.5,163.5,97.41437198083776,6,2023,9
2023-09-25,14952.5,14838.5,14952.5,14795.25,144,0.7520952429132644,-2.6978874202815417,0.0,157.25,-228.5,0.0,314.5,-46.5,96.99947096979976,0,2023,9
2023-09-26,14726.5,14760.75,14796.0,14713.0,144,-0.7824620573355867,-4.0395193560098575,69.5,13.5,68.0,139.0,27.0,-228.5,107.49821295944254,1,2023,9
2023-09-27,14771.0,14735.0,14794.0,14678.25,144,-0.061003507701695714,-3.6551167812311047,23.0,92.75,-72.5,46.0,185.5,68.0,108.04144855222525,2,2023,9
2023-09-28,14877.0,14963.0,14967.5,14825.0,144,1.1109031830013105,-2.768943647409572,90.5,52.0,171.5,181.0,104.0,-72.5,107.45303441626548,3,2023,9
2023-10-01,14962.25,14899.0,15011.0,14891.0,144,-0.8948806825756606,-2.616616564820029,48.75,71.25,-127.0,97.5,142.5,171.5,114.85969702206242,6,2023,10
2023-10-02,14992.0,14980.25,15031.0,14943.5,144,0.7681188651337933,-1.7566571077427318,39.0,48.5,-24.0,78.0,97.0,-127.0,114.6182336004363,0,2023,10
2023-10-03,14715.0,14699.0,14733.0,14589.25,144,-1.0719446217950845,-3.408112209326175,18.0,125.75,-32.5,36.0,251.5,-24.0,112.20639758006097,1,2023,10
2023-10-04,14904.25,14873.25,14945.5,14851.0,144,1.1251758087201136,-2.0044770178436977,41.25,53.25,-62.5,82.5,106.5,-32.5,111.94628646199727,2,2023,10
2023-10-05,14856.0,14888.0,14894.75,14835.75,144,-0.2917651793349796,-2.2598756761003758,38.75,20.25,63.5,77.5,40.5,-62.5,107.63528513114616,3,2023,10
2023-10-08,15076.0,15000.25,15076.0,14971.5,144,2.5566205785053864,-0.5750175735449226,0.0,104.5,-152.0,0.0,209.0,63.5,106.50506227158246,6,2023,10
2023-10-09,15199.0,15221.5,15239.25,15187.0,144,1.1873636530167042,0.021564176470678653,40.25,12.0,44.5,80.5,24.0,-152.0,104.96042800678929,0,2023,10
2023-10-10,15278.75,15312.25,15319.25,15273.5,144,0.4605187414680634,0.6252236354039375,40.5,5.25,66.5,81.0,10.5,44.5,105.48078834805081,1,2023,10
2023-10-11,15408.25,15436.0,15448.0,15397.0,144,0.3376780150405434,1.3874259679591328,39.75,11.25,55.0,79.5,22.5,66.5,106.93023734143075,2,2023,10
2023-10-12,15326.0,15229.25,15345.75,15226.5,144,-0.5083479503670496,0.9973944027471093,19.75,99.5,-194.0,39.5,199.0,55.0,106.97698965567058,3,2023,10
2023-10-15,15119.75,15122.25,15188.0,15083.0,144,-1.4388371979338066,-0.23632146052203762,68.25,36.75,4.5,136.5,73.5,-194.0,114.70223464073803,6,2023,10
2023-10-16,15304.75,15263.5,15305.5,15238.5,144,0.7759089336606184,0.9070983015329936,0.75,66.25,-83.0,1.5,132.5,4.5,113.48282967735217,0,2023,10
2023-10-17,15243.0,15165.5,15243.0,15154.0,144,0.6737676492444944,0.591639820448786,0.0,89.0,-155.5,0.0,178.0,-83.0,113.77619709902315,1,2023,10
2023-10-18,15048.0,15042.5,15057.25,14936.75,144,-0.705528568123992,-0.7978759404764113,9.25,111.25,-11.5,18.5,222.5,-155.5,115.6669305194421,2,2023,10
2023-10-19,14850.25,14849.0,14887.75,14796.25,144,-1.3388344849298295,-1.6708507569509812,37.5,54.0,-3.0,75.0,108.0,-11.5,110.55492502538453,3,2023,10
2023-10-22,14678.75,14534.25,14715.75,14520.5,144,-1.349078185977659,-3.083109299301756,37.0,158.25,-289.5,74.0,316.5,-3.0,101.28566948046124,6,2023,10
2023-10-23,14746.0,14806.0,14823.25,14720.0,144,0.7139432954389902,-2.736506126649385,77.25,26.0,119.5,154.5,52.0,-289.5,116.10811658468188,0,2023,10
2023-10-24,14831.5,14751.5,14854.5,14713.0,144,0.46182734762234556,-1.7535663260207945,23.0,118.5,-160.5,46.0,237.0,119.5,113.70117807101569,1,2023,10
2023-10-25,14430.75,14338.25,14430.75,14257.25,144,-1.7976461011430356,-4.122249843780168,0.0,173.5,-185.5,0.0,347.0,-160.5,114.73698469933186,2,2023,10
2023-10-26,14244.0,14328.75,14343.5,14244.0,144,-1.5689197857254311,-5.897070508084212,99.5,0.0,169.0,199.0,0.0,-185.5,119.01398358795348,3,2023,10
2023-10-29,14329.0,14378.0,14391.75,14302.25,144,-0.28308316004682643,-5.357936565852228,62.75,26.75,97.5,125.5,53.5,169.0,118.77262665322023,6,2023,10
2023-10-30,14412.0,14415.25,14426.5,14320.25,144,0.37242651537565674,-4.304163926179061,14.5,91.75,6.0,29.0,183.5,97.5,121.48123907570417,0,2023,10
2023-10-31,14458.0,14431.5,14493.25,14421.25,144,0.48546214262183973,-3.7726845722494406,35.25,36.75,-53.5,70.5,73.5,6.0,121.83069302584578,1,2023,10
2023-11-01,14760.0,14848.75,14863.0,14759.75,144,1.535839115687243,-2.0608232331637,103.0,0.25,177.0,206.0,0.5,-53.5,121.89690154086416,2,2023,11
2023-11-02,14931.25,14948.25,14967.75,14924.25,144,0.5277973258268842,-0.33045428992529713,36.5,7.0,33.5,73.0,14.0,177.0,130.63100905342407,3,2023,11
2023-11-05,15187.0,15217.5,15225.25,15163.0,144,0.818882466281301,0.7901876317851109,38.25,24.0,60.5,76.5,48.0,33.5,129.73956706863896,6,2023,11
2023-11-06,15216.75,15201.25,15227.0,15183.5,144,0.19238041994837918,1.1493718626331306,10.25,33.25,-31.5,20.5,66.5,60.5,127.5388356747196,0,2023,11
2023-11-07,15372.0,15365.25,15376.5,15336.25,144,0.648086018689753,2.048774465554404,4.5,35.75,-14.0,9.0,71.5,-31.5,126.7988746214379,1,2023,11
2023-11-08,15360.0,15394.5,15402.0,15344.5,144,-0.029242616239399943,2.114169535806676,42.0,15.5,68.5,84.0,31.0,-14.0,125.21223035941384,2,2023,11
2023-11-09,15254.75,15231.5,15272.5,15207.0,144,-0.9445598545832268,1.3138228613278624,17.75,47.75,-47.0,35.5,95.5,68.5,125.69004011539855,3,2023,11
2023-11-12,15585.75,15566.25,15601.0,15509.5,144,1.7565892484342482,3.554126197638685,15.25,76.25,-39.5,30.5,152.5,-47.0,119.25274740297543,6,2023,11
2023-11-13,15559.5,15579.75,15607.5,15551.75,144,0.11751827167649775,3.2216795568593026,48.0,7.75,40.0,96.0,15.5,-39.5,119.28138724086516,0,2023,11
2023-11-14,15894.25,15965.0,15970.5,15894.25,144,0.42056000885388745,5.369454189047551,76.25,0.0,141.0,152.5,0.0,40.0,118.87637043318739,1,2023,11
2023-11-15,15844.0,15864.5,15880.75,15824.5,144,-0.41674500219339716,5.397593110437815,36.75,19.5,40.5,73.5,39.0,141.0,118.39131146996775,2,2023,11
2023-11-16,15898.25,15906.5,15919.0,15875.0,144,0.2917796984417409,5.372612963736256,20.75,23.25,16.0,41.5,46.5,40.5,118.60725769929653,3,2023,11
2023-11-19,15891.25,15915.25,15931.75,15837.5,144,0.22064617809298692,5.28766265031515,40.5,53.75,47.5,81.0,107.5,16.0,118.60367439058258,6,2023,11
2023-11-20,16089.75,16081.0,16122.5,16070.25,144,1.2189367725699896,6.4424167283053,32.75,19.5,-18.0,65.5,39.0,47.5,95.9851276857101,0,2023,11
2023-11-21,15970.0,16027.25,16028.25,15942.5,144,-0.15143945544244808,5.70896160097798,58.25,27.5,114.0,116.5,55.0,-18.0,93.70079410436946,1,2023,11
2023-11-22,16039.75,16071.5,16086.75,16034.0,144,-0.13845890570792774,5.9929703493788455,47.0,5.75,63.0,94.0,11.5,114.0,86.06799637495905,2,2023,11
2023-11-23,16062.5,16048.75,16076.25,16026.25,144,-0.004669115358280074,5.991893349874378,13.75,36.25,-28.0,27.5,72.5,63.0,69.49469404206313,3,2023,11
2023-11-26,16008.5,16009.5,16011.25,15938.75,144,-0.10918222513375264,5.577647865252033,2.75,69.75,1.5,5.5,139.5,-28.0,64.56010561362234,6,2023,11
2023-11-27,16004.0,16004.5,16014.0,15949.75,144,0.05156572285767158,5.471942839013666,10.0,54.25,0.5,20.0,108.5,1.5,63.11765851003537,0,2023,11
2023-11-28,16054.75,16118.5,16125.5,16040.5,144,0.46011549838020915,5.645450897766624,70.75,14.25,127.0,141.5,28.5,0.5,63.23444264672593,1,2023,11
2023-11-29,16041.5,16062.25,16072.75,16031.5,144,-0.752450107603464,5.379390794250538,31.25,10.0,41.0,62.5,20.0,127.0,63.77857976501258,2,2023,11
2023-11-30,15955.0,15966.75,16000.75,15945.75,144,-0.32278184936846976,4.929036697503708,45.75,9.25,23.0,91.5,18.5,41.0,54.747091967951455,3,2023,11
2023-12-03,16021.75,15966.75,16027.0,15943.75,144,0.5742617755044366,5.059887413825481,5.25,78.0,-110.5,10.5,156.0,23.0,54.7704299782279,6,2023,12
2023-12-04,15860.75,15775.0,15862.5,15761.25,144,0.05673848287601757,3.924562079558558,1.75,99.5,-172.0,3.5,199.0,-110.5,62.595926385028974,0,2023,12
2023-12-05,15898.75,15971.75,15988.75,15891.0,144,0.7662592616047181,4.0275026959742055,90.0,7.75,145.5,180.0,15.5,-172.0,75.45065919979876,1,2023,12
2023-12-06,15816.25,15846.75,15852.0,15791.25,144,-1.3643096593123905,3.2487953219123122,35.75,25.0,60.5,71.5,50.0,145.5,80.51420273532632,2,2023,12
2023-12-07,16018.5,16031.0,16038.75,15988.25,144,0.6338547468503375,4.5261019477012665,20.25,30.25,24.5,40.5,60.5,60.5,80.2942614453399,3,2023,12
2023-12-10,16092.0,16061.5,16114.0,16048.0,144,0.8930809726748645,4.770290885046524,22.0,44.0,-61.5,44.0,88.0,24.5,78.6206540092492,6,2023,12
2023-12-11,16238.25,16255.25,16281.5,16229.0,144,0.9749650132172327,5.482689253848494,43.25,9.25,33.5,86.5,18.5,-61.5,79.729555208117,0,2023,12
2023-12-12,16380.5,16388.0,16406.75,16377.75,144,0.8178163840502739,6.105422042177633,26.25,2.75,14.5,52.5,5.5,33.5,79.67745834563888,1,2023,12
2023-12-13,16563.25,16634.5,16674.5,16562.0,144,1.0229438219376386,7.1829356148647605,111.25,1.25,142.0,222.5,2.5,14.5,74.81079203740008,2,2023,12
2023-12-14,16525.0,16590.0,16606.5,16519.25,144,-0.37934097033012204,6.8101626450585595,81.5,5.75,129.5,163.0,11.5,142.0,79.6920718502753,3,2023,12
2023-12-17,16820.25,16836.25,16858.75,16802.25,144,-0.37934097033012204,6.8101626450585595,38.5,18.0,31.5,77.0,36.0,129.5,83.11989992268916,6,2023,12
2023-12-18,16920.0,16947.0,16950.75,16911.0,144,0.5431395245303117,9.091857624112286,30.75,9.0,53.5,61.5,18.0,31.5,83.00812816890421,0,2023,12
2023-12-19,17023.0,16972.75,17046.0,16961.5,144,0.4040701961362636,9.368549393673131,23.0,61.5,-101.0,46.0,123.0,53.5,82.45718187098822,1,2023,12
2023-12-20,16793.75,16863.25,16891.0,16790.0,144,-1.3069586718474024,7.510814251403675,97.25,3.75,138.5,194.5,7.5,-101.0,85.12770592345032,2,2023,12
2023-12-21,16954.5,16932.25,16956.25,16891.5,144,0.16841732039178936,8.489486745827413,1.75,63.0,-45.0,3.5,126.0,138.5,88.69229406389123,3,2023,12
2023-12-25,16963.5,17015.5,17037.5,16963.5,144,-0.11176963689574215,8.447093063543765,74.0,0.0,103.5,148.0,0.0,-45.0,89.30304335593242,0,2023,12
2023-12-26,17085.0,17081.25,17103.0,17072.25,144,0.43799053470119365,8.836880693207604,18.0,12.75,-8.0,36.0,25.5,103.5,90.85996672149702,1,2023,12
2023-12-27,17129.0,17147.5,17158.5,17117.75,144,0.14480458694126064,8.792787295776172,29.5,11.25,36.5,59.0,22.5,-8.0,91.01966242174483,2,2023,12
2023-12-28,17089.75,17112.0,17130.5,17082.0,144,-0.3382170712151078,8.372674037037854,40.75,7.75,44.0,81.5,15.5,36.5,88.06673232330826,3,2023,12
2024-01-01,17018.75,16971.0,17038.5,16966.25,144,-0.40962022353561167,7.64532260864863,19.75,52.5,-96.0,39.5,105.0,44.0,88.09980509566807,0,2024,1
2024-01-02,16740.0,16657.75,16740.0,16637.0,144,-0.836199739058241,5.515505813102339,0.0,103.0,-165.0,0.0,206.0,-96.0,92.10709941778572,1,2024,1
2024-01-03,16543.25,16563.75,16587.25,16533.0,144,-0.4184226369656874,4.129549864207571,44.0,10.25,40.5,88.0,20.5,-165.0,96.80092159195902,2,2024,1
2024-01-04,16454.0,16386.0,16469.25,16372.25,144,-0.05621989576527486,3.2960316395920897,15.25,81.75,-136.5,30.5,163.5,40.5,86.22801397885034,3,2024,1
2024-01-07,16472.25,16424.25,16500.0,16378.25,144,0.08967110462643202,3.210390906514937,27.75,94.0,-96.5,55.5,188.0,-136.5,88.69291715030883,6,2024,1
2024-01-08,16790.0,16730.5,16796.0,16719.5,144,1.7532703488372103,5.021583759111992,6.0,70.5,-119.5,12.0,141.0,-96.5,91.08756270176151,0,2024,1
2024-01-09,16829.5,16874.25,16907.25,16806.75,144,0.9763633091367296,4.864934238828567,77.75,22.75,89.0,155.5,45.5,-119.5,94.99948407062102,1,2024,1
2024-01-10,16955.5,17004.0,17049.0,16942.0,144,0.602731591448924,5.198023644484517,93.5,13.5,96.5,187.0,27.0,89.0,96.08246184233717,2,2024,1
2024-01-11,16958.0,16924.0,16978.25,16912.75,144,-0.11333863228237817,5.0133949683447865,20.25,45.25,-68.5,40.5,90.5,96.5,98.09656896194295,3,2024,1
2024-01-14,16962.0,16970.75,17023.25,16938.5,144,-0.21313186247849947,4.73326864126602,61.25,23.5,17.0,122.5,47.0,-68.5,99.53442937787364,6,2024,1
2024-01-15,16966.0,16845.5,16966.0,16812.0,144,0.0574958352375754,4.418790274390494,0.0,154.0,-241.5,0.0,308.0,17.0,94.15586182383676,0,2024,1
2024-01-16,16979.5,16871.75,16981.25,16816.25,144,0.30295864983891363,4.1679456609555965,1.75,163.25,-216.0,3.5,326.5,-241.5,102.86259357946749,1,2024,1
2024-01-17,16859.5,16943.0,16960.0,16833.75,144,0.2600297176820199,3.345151209387165,100.5,25.75,166.5,201.0,51.5,-216.0,110.75488286729095,2,2024,1
2024-01-18,17117.75,17235.25,17244.0,17107.25,144,0.6604203744833503,4.57670547620328,126.25,10.5,234.5,252.5,21.0,166.5,118.07884018739331,3,2024,1
2024-01-21,17465.75,17536.0,17569.25,17464.0,144,1.4659259474709918,6.346364484673583,103.5,1.75,140.0,207.0,3.5,234.5,130.36572038933988,6,2024,1
2024-01-22,17457.0,17448.75,17487.75,17421.5,144,-0.3850981287083499,6.187236306967203,30.75,35.5,-17.0,61.5,71.0,140.0,130.45683647939074,0,2024,1
2024-01-23,17551.5,17651.0,17666.75,17551.5,144,0.23730897342424395,6.311717107760906,115.25,0.0,198.5,230.5,0.0,-17.0,130.22533860884926,1,2024,1
2024-01-24,17618.75,17617.5,17655.25,17588.5,144,-0.3843382176315191,6.628677077806455,36.5,30.25,-3.0,73.0,60.5,198.5,136.17319418956671,2,2024,1
2024-01-25,17574.25,17534.0,17574.25,17465.75,144,-0.4782056707575144,6.438157515981335,0.0,108.5,-81.0,0.0,217.0,-3.0,136.1721312975061,3,2024,1
2024-01-28,17502.5,17563.5,17591.0,17456.25,144,-0.16516922726431682,5.570140491174058,88.5,46.25,121.5,177.0,92.5,-81.0,136.82849426236203,6,2024,1
2024-01-29,17708.0,17699.0,17735.75,17665.5,144,0.9089225421338387,6.415263967125462,27.75,42.5,-18.5,55.5,85.0,121.5,139.52987559734476,0,2024,1
2024-01-30,17427.5,17357.0,17468.75,17333.5,144,-0.4388137872460951,5.456320677175475,41.25,94.0,-141.5,82.5,188.0,-18.5,137.9906461360791,1,2024,1
2024-01-31,17275.0,17352.75,17358.5,17262.75,144,-0.9281742553772343,3.218232920857589,83.5,12.25,155.0,167.0,24.5,-141.5,136.63151318322144,2,2024,1
2024-02-01,17592.0,17609.25,17635.75,17579.0,144,0.7670196016120512,4.2575520219179985,43.75,13.0,34.0,87.5,26.0,155.0,140.830422475887,3,2024,2
2024-02-04,17695.25,17718.75,17728.0,17663.5,144,1.2636899747261898,5.768072055561735,32.75,31.75,46.5,65.5,63.5,34.0,136.98909628141934,6,2024,2
2024-02-05,17702.0,17737.0,17768.25,17693.0,144,-0.1424742558894021,5.368276183992071,66.25,9.0,69.5,132.5,18.0,46.5,134.71489143255167,0,2024,2
2024-02-06,17648.0,17661.75,17711.75,17629.5,144,-0.4495110334526431,4.95700368531351,63.75,18.5,27.0,127.5,37.0,69.5,131.02021489268856,1,2024,2
2024-02-07,17851.0,17838.75,17862.5,17823.5,144,0.3811854727543862,5.793539752665633,11.5,27.5,-25.0,23.0,55.0,27.0,130.2590005982008,2,2024,2
2024-02-08,17857.25,17914.75,17926.5,17851.75,144,0.1668021642230455,5.702938370398858,69.25,5.5,114.5,138.5,11.0,-25.0,129.62847721570725,3,2024,2
2024-02-11,18039.25,18051.25,18059.5,18003.25,144,0.7258920096041122,6.4800604443604914,20.25,36.0,23.5,40.5,72.0,114.5,129.51883626472403,6,2024,2
2024-02-12,17929.75,17852.25,17963.5,17843.25,144,-0.36606672398014073,5.792388731301101,33.75,86.5,-155.5,67.5,173.0,23.5,129.49516095409237,0,2024,2
2024-02-13,17703.0,17785.25,17796.25,17669.25,144,0.2949810673209097,3.9162287170906085,93.25,33.75,164.0,186.5,67.5,-155.5,121.18855198235072,1,2024,2
2024-02-14,17873.25,17897.25,17927.25,17843.75,144,0.4539385847797117,4.801319114283853,54.0,29.5,47.5,108.0,59.0,164.0,109.17721892216764,2,2024,2
2024-02-15,17949.25,18017.75,18026.25,17911.25,144,0.14394924042318014,4.811168468419447,77.0,38.0,136.5,154.0,76.0,47.5,105.83906290610324,3,2024,2
2024-02-18,17728.5,17768.5,17803.25,17725.25,144,-1.0040860724894407,3.6101769080973067,74.75,3.25,79.5,149.5,6.5,136.5,98.71706979251879,6,2024,2
2024-02-19,17788.5,17628.75,17790.0,17613.75,144,-0.004216029343562244,3.615157513853662,1.5,174.75,-320.0,3.0,349.5,79.5,96.4512966816876,0,2024,2
2024-02-20,17574.75,17543.0,17590.75,17513.5,144,-0.2802666779905705,2.400404200264017,16.0,61.25,-64.0,32.0,122.5,-320.0,125.19196838203477,1,2024,2
2024-02-21,17704.0,17889.25,17897.25,17675.5,144,0.23863961131751488,1.791195345295149,193.25,28.5,370.0,386.5,57.0,-64.0,119.52807146616658,2,2024,2
2024-02-22,18025.25,18019.25,18055.5,17999.0,144,0.831191327670977,4.520176525410435,30.25,26.25,-12.5,60.5,52.5,370.0,143.91794765731865,3,2024,2
2024-02-25,17962.75,17993.75,18000.5,17922.0,144,-0.6613920991950017,3.984612173703894,37.75,40.75,61.5,75.5,81.5,-12.5,141.95974225481183,6,2024,2
2024-02-26,17953.75,18014.25,18024.75,17927.75,144,-0.2206249653105452,3.764760818250834,71.0,26.0,120.5,142.0,52.0,61.5,140.60972490138113,0,2024,2
2024-02-27,18014.0,17941.5,18019.75,17892.0,144,-0.004162446408506604,3.8205740772112806,5.75,122.0,-145.5,11.5,244.0,120.5,141.53927295798033,1,2024,2
2024-02-28,17868.25,17868.5,17930.75,17826.25,144,-0.03347560465311039,3.12794080827441,62.5,42.0,0.0,125.0,84.0,-145.5,141.8066790053497,2,2024,2
2024-02-29,18071.5,18065.0,18162.75,18030.25,144,0.2024375701945358,3.8619508576188455,91.25,41.25,-13.5,182.5,82.5,0.0,139.19236972432668,3,2024,2
2024-03-03,18335.0,18328.75,18378.25,18318.5,144,1.3165529245986685,5.212614438569574,43.25,16.5,-13.0,86.5,33.0,-13.5,139.50028060715024,6,2024,3
2024-03-04,18248.5,18134.5,18254.0,18107.25,144,-0.39143480632842786,4.616637243998434,5.5,141.25,-228.5,11.0,282.5,-13.0,139.67947330641633,0,2024,3
2024-03-05,17982.0,18051.25,18075.75,17942.5,144,-1.1139449920727906,2.6339376678441884,93.75,39.5,138.0,187.5,79.0,-228.5,149.99921929621388,1,2024,3
2024-03-06,18040.0,18118.5,18124.5,17915.5,144,-0.3286566504639876,3.1658411836642975,84.5,124.5,156.5,169.0,249.0,138.0,152.75380949681565,2,2024,3
2024-03-07,18275.0,18323.5,18354.5,18248.5,144,0.6957334763299405,4.534157483381018,79.5,26.5,96.5,159.0,53.0,156.5,155.68443749761033,3,2024,3
2024-03-10,18058.0,18026.75,18060.25,17939.5,144,-1.5203209869803724,2.888198341526649,2.25,118.5,-63.0,4.5,237.0,96.5,155.17869792427587,6,2024,3
2024-03-11,18008.0,18032.75,18097.75,17998.0,144,-0.029206013657290253,2.380698043739904,89.75,10.0,49.0,179.5,20.0,-63.0,156.33798575353867,0,2024,3
2024-03-12,18227.5,18209.75,18257.0,18188.5,144,0.8967741042638311,3.662739709510565,29.5,39.0,-36.0,59.0,78.0,49.0,151.00709943226954,1,2024,3
2024-03-13,18093.0,18168.5,18178.25,18090.0,144,-0.5569000605027186,2.6469715744009026,85.25,3.0,150.5,170.5,6.0,-36.0,148.11974840790484,2,2024,3
2024-03-14,18012.75,18038.5,18053.75,17953.5,144,-0.5296259516716306,2.180502452643762,41.0,59.25,51.0,82.0,118.5,150.5,150.9636480293046,3,2024,3
2024-03-17,18072.75,18174.75,18195.5,18062.25,144,-0.5296259516716306,2.180502452643762,122.75,10.5,203.5,245.5,21.0,51.0,148.77889812172884,6,2024,3
2024-03-18,18224.0,18176.75,18252.75,18151.25,144,-0.30216850337717593,3.1033810873018375,28.75,72.75,-95.0,57.5,145.5,203.5,153.93376053218125,0,2024,3
2024-03-19,18275.0,18272.0,18285.0,18227.5,144,0.6972193898641343,3.162492218346502,10.0,47.5,-6.5,20.0,95.0,-95.0,134.36746551704272,1,2024,3
2024-03-20,18537.0,18607.25,18667.25,18526.5,144,0.9089420242384572,4.1792303209494674,130.25,10.5,140.0,260.5,21.0,-6.5,132.7134105586366,2,2024,3
2024-03-21,18579.5,18590.75,18606.25,18532.0,144,-0.6902917686719912,4.4073737048408335,26.75,47.5,22.0,53.5,95.0,140.0,110.67249872341452,3,2024,3
2024-03-24,18566.75,18524.5,18601.25,18516.75,144,0.1874578556979145,4.294743805477075,34.5,50.0,-85.0,69.0,100.0,22.0,110.28152968413914,6,2024,3
2024-03-25,18534.0,18603.5,18613.75,18516.75,144,0.2762917315636271,3.7645572260012417,79.75,17.25,138.5,159.5,34.5,-85.0,112.87210682892376,0,2024,3
2024-03-26,18478.0,18515.75,18525.5,18468.0,144,-0.636822618646915,3.2607113994497228,47.5,10.0,75.0,95.0,20.0,138.5,113.76643605951708,1,2024,3
2024-03-27,18506.0,18478.75,18514.75,18459.25,144,-0.3191274490002005,3.3987730369834823,8.75,46.75,-55.0,17.5,93.5,75.0,107.06736688941012,2,2024,3
2024-03-31,18500.0,18571.25,18611.75,18496.0,144,-0.20135135135135318,2.968147370869101,111.75,4.0,142.0,223.5,8.0,-55.0,108.68078559660265,6,2024,3
2024-04-01,18497.75,18459.5,18514.0,18447.25,144,-0.031079821088331183,2.988790955028242,16.25,50.5,-77.0,32.5,101.0,142.0,110.85142676478932,0,2024,4
2024-04-02,18347.75,18266.75,18347.75,18263.0,144,0.23650034176350143,1.9732944370920658,0.0,84.75,-162.5,0.0,169.5,-77.0,113.32838579242082,1,2024,4
2024-04-03,18389.0,18454.75,18485.25,18377.75,144,0.7126899935583797,2.0924201556776323,96.25,11.25,131.0,192.5,22.5,-162.5,105.94696724503741,2,2024,4
2024-04-04,18088.0,18138.5,18147.75,18054.25,144,-2.511932691529817,0.392026399091594,59.75,33.75,100.5,119.5,67.5,131.0,105.6141780504073,3,2024,4
2024-04-07,18346.5,18306.25,18373.5,18247.25,144,0.854547709949971,1.5246245047114027,27.0,99.25,-81.0,54.0,198.5,100.5,103.03978217429565,6,2024,4
2024-04-08,18317.0,18318.25,18335.0,18266.5,144,-0.18003027781945402,1.4725435309156598,18.0,50.5,2.0,36.0,101.0,-81.0,105.17436649878636,0,2024,4
2024-04-09,18384.0,18356.25,18411.5,18340.75,144,-0.15632646403132,1.7389634923216102,27.5,43.25,-56.0,55.0,86.5,2.0,103.22995536282338,1,2024,4
2024-04-10,18190.75,18160.25,18216.75,18142.5,144,0.2839029768467505,0.7388940235584451,26.0,48.25,-61.5,52.0,96.5,-56.0,104.88823625775741,2,2024,4
2024-04-11,18485.5,18425.0,18507.75,18406.25,144,1.1853109045865784,2.2445193994477863,22.25,79.25,-121.5,44.5,158.5,-61.5,105.82088578546785,3,2024,4
2024-04-14,18151.75,18270.5,18295.75,18147.5,144,-0.62989328705918,0.47861565375206805,144.0,4.25,237.0,288.0,8.5,-121.5,106.16192634491492,6,2024,4
2024-04-15,17882.0,17844.5,17894.0,17795.5,144,-2.5047381410125302,-1.25729032571672,12.0,86.5,-75.5,24.0,173.0,237.0,117.46695784011139,0,2024,4
2024-04-16,17897.75,17929.75,17940.0,17778.0,144,0.050370080172368326,-1.2692085078557236,42.25,119.75,63.5,84.5,239.5,-75.5,110.84891032866591,1,2024,4
2024-04-17,17674.0,17710.5,17771.0,17670.0,144,-1.6859485723036638,-2.492059823133108,97.0,4.0,72.5,194.0,8.0,63.5,108.92923825754224,2,2024,4
2024-04-18,17530.0,17434.5,17543.0,17180.25,144,-0.7242686584054803,-3.0843428599205525,13.0,349.75,-191.5,26.0,699.5,72.5,109.59613660113534,3,2024,4
2024-04-21,17228.25,17293.75,17309.0,17196.0,144,-1.7848466660950635,-5.01896331658207,80.75,32.25,130.5,161.5,64.5,-191.5,115.01989244428425,6,2024,4
2024-04-22,17350.0,17375.25,17404.5,17285.5,144,0.3600659397865691,-4.0329315980730085,54.5,64.5,50.0,109.0,129.0,130.5,118.57258492053222,0,2024,4
2024-04-23,17680.25,17681.25,17747.0,17664.0,144,1.0284730689234634,-2.5636258195324224,66.75,16.25,1.5,133.5,32.5,50.0,116.93283047162267,1,2024,4
2024-04-24,17451.5,17516.75,17525.0,17408.0,144,-0.4102983475269273,-2.252538378399316,73.5,43.5,130.0,147.0,87.0,1.5,113.14864466476682,2,2024,4
2024-04-25,17811.0,17729.25,17822.5,17711.75,144,1.2302639161000384,-2.7427459126209808,11.5,99.25,-164.0,23.0,198.5,130.0,115.55164031266432,3,2024,4
2024-04-28,17864.5,17868.75,17923.75,17852.5,144,0.802384551272084,-1.234974586590909,59.25,12.0,8.0,118.5,24.0,-164.0,121.16094124845064,6,2024,4
2024-04-29,17912.75,17873.75,17921.0,17862.0,144,-0.09067321373769088,-0.8686124678471074,8.25,50.75,-78.5,16.5,101.5,8.0,116.72272587993346,0,2024,4
2024-04-30,17471.5,17436.0,17529.0,17416.75,144,-1.529189151307031,-2.7409568083683666,57.5,54.75,-71.5,115.0,109.5,-78.5,116.77311278038722,1,2024,4
2024-05-01,17484.0,17587.5,17600.0,17484.0,144,-0.3999657172242377,-3.433734956445045,116.0,0.0,206.5,232.0,0.0,-71.5,111.91426170816743,2,2024,5
2024-05-02,17745.0,17759.75,17808.0,17719.0,144,0.37252420696420874,-2.2368921433044586,63.0,26.0,29.0,126.0,52.0,206.5,117.64687349056601,3,2024,5
2024-05-05,18046.75,18043.25,18063.25,17983.75,144,0.242231874373533,-0.3313705786112231,16.5,63.0,-7.5,33.0,126.0,29.0,115.66335850216342,6,2024,5
2024-05-06,18184.75,18173.75,18199.5,18155.0,144,0.6846757126851788,0.7394925326948076,14.75,29.75,-22.5,29.5,59.5,-7.5,114.06151387461242,0,2024,5
2024-05-07,18195.0,18194.0,18216.5,18180.75,144,-0.08236666895462541,0.7063627438066655,21.5,14.25,-2.5,43.0,28.5,-22.5,114.22856530473858,1,2024,5
2024-05-08,18164.0,18130.0,18176.25,18104.25,144,0.5516001935439219,0.6128288757463407,12.25,59.75,-68.5,24.5,119.5,-2.5,113.37462354141634,2,2024,5
2024-05-09,18222.0,18302.5,18307.0,18213.5,144,0.15945674735728943,0.769166513154218,85.0,8.5,160.5,170.0,17.0,-68.5,113.6064884173712,3,2024,5
2024-05-12,18237.5,18288.75,18302.25,18229.0,144,-0.11081166121729158,0.9431833766141873,64.75,8.5,102.0,129.5,17.0,160.5,114.41361945061198,6,2024,5
2024-05-13,18284.75,18300.75,18308.5,18262.75,144,-0.20046639119584153,1.1470855149114056,23.75,22.0,31.5,47.5,44.0,102.0,104.51323260464996,0,2024,5
2024-05-14,18411.0,18412.75,18438.75,18392.75,144,0.7510670898544403,1.7784029393774325,27.75,18.25,3.0,55.5,36.5,31.5,102.4300660014071,1,2024,5
2024-05-15,18694.5,18720.75,18738.75,18687.5,144,0.9940975458216927,3.287639215846627,44.25,7.0,52.0,88.5,14.0,3.0,101.93732271919778,2,2024,5
2024-05-16,18640.0,18654.5,18674.5,18617.0,144,-0.1485665337152331,2.970993988999382,34.5,23.0,28.5,69.0,46.0,52.0,101.44036360552458,3,2024,5
2024-05-19,18633.75,18670.75,18679.25,18631.5,144,-0.06702053509195505,2.8359119324913973,45.5,2.25,73.5,91.0,4.5,28.5,89.05255692419406,6,2024,5
2024-05-20,18747.75,18736.5,18763.5,18729.0,144,0.65839758632249,3.4898636017218765,15.75,18.75,-23.0,31.5,37.5,73.5,86.40143456411373,0,2024,5
2024-05-21,18799.0,18779.0,18824.0,18771.5,144,0.6114121345909496,3.590471472879586,25.0,27.5,-40.5,50.0,55.0,-23.0,86.74427024912144,1,2024,5
2024-05-22,18854.0,18946.25,18971.25,18843.0,144,-0.0757656316461075,3.4594187225283735,117.25,11.0,184.0,234.5,22.0,-40.5,87.70350770156162,2,2024,5
2024-05-23,18685.75,18731.75,18745.75,18678.0,144,-1.5014619497932147,2.870854202510853,60.0,7.75,91.5,120.0,15.5,184.0,92.07777033287495,3,2024,5
2024-05-26,18875.0,18870.0,18889.0,18834.0,144,0.5956108675665206,3.756799866304683,14.0,41.0,-10.5,28.0,82.0,91.5,82.42388434505072,6,2024,5
2024-05-27,18950.0,18969.0,18980.5,18885.0,144,0.3800468768621723,4.074707967775337,30.5,65.0,37.5,61.0,130.0,-10.5,82.81941356444078,0,2024,5
2024-05-28,18950.0,18817.0,18951.0,18797.5,144,0.12024154014877997,3.9492825397800857,1.0,152.5,-266.5,2.0,305.0,37.5,78.64110683485139,1,2024,5
2024-05-29,18754.0,18730.25,18765.5,18657.25,144,0.24246622791825878,3.163682610576979,11.5,96.75,-48.0,23.0,193.5,-266.5,101.61752335415167,2,2024,5
2024-05-30,18591.0,18540.75,18592.75,18502.5,144,-0.8553271426477882,2.016420343239722,1.75,88.5,-101.0,3.5,177.0,-48.0,93.70183324050583,3,2024,5
2024-06-02,18589.25,18667.0,18678.75,18539.0,144,-0.01747123965164521,1.981787350940989,89.5,50.25,155.0,179.0,100.5,-101.0,97.13830007831744,6,2024,6
2024-06-03,18663.0,18543.5,18677.0,18511.25,144,-0.3206369988376867,2.2688550619868852,14.0,151.75,-239.5,28.0,303.5,155.0,102.36935191025827,0,2024,6
2024-06-04,18713.75,18787.0,18790.75,18695.5,144,0.34069722211045317,2.5159275384364355,77.0,18.25,146.0,154.0,36.5,-239.5,117.18203338126715,1,2024,6
2024-06-05,19088.0,19081.75,19112.5,19067.75,144,1.210939572391112,4.502470787951562,24.5,20.25,-13.0,49.0,40.5,146.0,121.25244164660414,2,2024,6
2024-06-06,19068.0,19078.25,19102.75,19058.25,144,-0.19499555043710481,4.375581837447107,34.75,9.75,20.0,69.5,19.5,-13.0,119.90765086866679,3,2024,6
2024-06-09,19026.25,19000.25,19060.0,18973.25,144,0.0,4.171453832030125,33.75,53.0,-52.5,67.5,106.0,20.0,115.02172277672726,6,2024,6
2024-06-10,19106.0,19048.75,19113.5,19037.0,144,0.6530268320299237,4.49476473711059,7.5,69.0,-115.0,15.0,138.0,-52.5,113.63568286877417,0,2024,6
2024-06-11,19250.0,19267.25,19275.75,19232.0,144,0.9680973869241161,5.1007380401313585,25.75,18.0,34.0,51.5,36.0,-115.0,116.2841658904689,1,2024,6
2024-06-12,19603.5,19597.5,19672.0,19582.5,144,0.463875681317405,6.331908519126994,68.5,21.0,-12.5,137.0,42.0,34.0,116.61552607201418,2,2024,6
2024-06-13,19602.5,19556.5,19659.25,19523.75,144,-0.22279654219766742,6.707607648440561,56.75,78.75,-92.5,113.5,157.5,-12.5,115.86387203138538,3,2024,6
2024-06-16,19696.0,19717.25,19749.0,19670.0,144,0.5605853583787734,7.059685604788646,53.0,26.0,42.0,106.0,52.0,-92.5,117.03284514231571,6,2024,6
2024-06-17,19917.0,19963.5,19978.5,19887.0,144,1.1767692795937812,8.16237683097889,61.5,30.0,92.5,123.0,60.0,42.0,116.00572524437607,0,2024,6
2024-06-18,19935.5,19958.75,19962.75,19928.0,144,0.03263584671193698,7.9671880978005705,27.25,7.5,46.0,54.5,15.0,92.5,118.44751224865266,1,2024,6
2024-06-19,19951.75,20045.75,20095.25,19951.0,144,-0.08638713958408761,7.911781807364138,143.5,0.75,187.5,287.0,1.5,46.0,118.83268589425255,2,2024,6
2024-06-20,19778.0,19746.0,19821.25,19685.75,144,-1.0177384424721159,6.770753860666789,43.25,92.25,-64.5,86.5,184.5,187.5,119.12807128641442,3,2024,6
2024-06-23,20014.25,19954.5,20030.0,19917.0,144,-1.0177384424721159,6.770753860666789,15.75,97.25,-120.0,31.5,194.5,-64.5,117.57757797346076,6,2024,6
2024-06-24,19758.5,19838.75,19844.0,19725.25,144,-0.8884650135528527,6.46939766468313,85.5,33.25,160.0,171.0,66.5,-120.0,119.99193777741458,0,2024,6
2024-06-25,19972.0,20022.25,20070.5,19963.5,144,0.6908637057021494,7.425542285869846,98.5,8.5,100.0,197.0,17.0,160.0,125.96402995341664,1,2024,6
2024-06-26,19951.0,19973.0,19983.0,19873.5,144,0.38135380601134194,7.382730462905185,32.0,77.5,43.5,64.0,155.0,100.0,112.99807578706341,2,2024,6
2024-06-27,20066.75,20126.25,20140.75,20060.5,144,0.28638603336585966,7.33642475514642,74.0,6.25,118.5,148.0,12.5,43.5,112.53846126172986,3,2024,6
2024-06-30,19971.25,19935.5,20020.25,19901.0,144,-0.6863392334425344,6.447233787123685,49.0,70.25,-72.0,98.0,140.5,118.5,111.76202101834612,6,2024,6
2024-07-01,20048.0,19956.75,20054.25,19934.0,144,0.39056632116569734,6.742552605273766,6.25,114.0,-183.0,12.5,228.0,-72.0,109.01294889285295,0,2024,7
2024-07-02,20243.5,20270.5,20282.75,20231.25,144,1.3724852367130502,7.513341473518609,39.25,12.25,53.5,78.5,24.5,-183.0,102.74745482825446,1,2024,7
2024-07-03,20420.0,20402.0,20420.5,20390.0,144,1.0029060780312848,8.054731714002905,0.5,30.0,-36.5,1.0,60.0,53.5,98.44940926288236,2,2024,7
2024-07-04,20381.5,20432.0,20459.75,20361.0,144,-0.11761534880302404,7.546314593615144,78.25,20.5,100.5,156.5,41.0,-36.5,98.86046785881169,3,2024,7
2024-07-07,20591.0,20612.25,20620.5,20579.25,144,0.8830076070738491,8.46571143344943,29.5,11.75,42.0,59.0,23.5,100.5,101.0136096875329,6,2024,7
2024-07-08,20680.5,20740.25,20748.75,20672.5,144,0.1660042652190663,8.376160260108033,68.25,8.0,119.0,136.5,16.0,42.0,100.06937067538898,0,2024,7
2024-07-09,20687.75,20727.75,20732.25,20682.0,144,-0.2099116923225397,8.131016338479169,44.5,5.75,79.5,89.0,11.5,119.0,97.57056825433406,1,2024,7
2024-07-10,20894.75,20882.75,20899.5,20853.5,144,0.6539647364871337,8.872138059901747,4.75,41.25,-24.5,9.5,82.5,79.5,98.24837952326412,2,2024,7
2024-07-11,20430.75,20435.25,20459.0,20372.0,144,-2.2254660317308383,6.121484282675493,28.25,58.75,8.5,56.5,117.5,-24.5,98.55886232148401,3,2024,7
2024-07-14,20578.75,20624.25,20632.75,20506.25,144,0.47448424296527847,6.377166165429493,54.0,72.5,90.5,108.0,145.0,8.5,94.47777168257748,6,2024,7
2024-07-15,20625.0,20600.0,20655.0,20541.5,144,-0.08005822416302655,6.367373544282673,30.0,83.5,-50.5,60.0,167.0,90.5,95.29592414103928,0,2024,7
2024-07-16,20592.0,20343.0,20597.75,20307.75,144,-0.23971814956960102,6.136325520969521,5.75,284.25,-498.5,11.5,568.5,-50.5,96.2761379410396,1,2024,7
2024-07-17,20024.25,20061.75,20162.75,20024.25,144,-1.3203356367226027,2.81727299329535,138.5,0.0,74.5,277.0,0.0,-498.5,152.21801150427555,2,2024,7
2024-07-18,19950.0,19849.75,19979.5,19752.0,144,-1.2312886329220785,2.128509376047605,29.5,198.0,-201.0,59.0,396.0,74.5,147.00451792197973,3,2024,7
2024-07-21,19747.75,19847.0,19854.0,19718.75,144,-0.7839041699172045,1.0452702699239147,106.25,29.0,198.0,212.5,58.0,-201.0,153.05540792385227,6,2024,7
2024-07-22,19982.0,19959.25,19998.25,19868.25,144,0.2154848408919996,2.3244818921279498,16.25,113.75,-46.0,32.5,227.5,198.0,157.45906736271755,0,2024,7
2024-07-23,19886.75,19717.25,19886.75,19681.5,144,-0.1666019466122215,1.7787333555030038,0.0,205.25,-339.5,0.0,410.5,-46.0,153.55115725626044,1,2024,7
2024-07-24,19258.0,19143.25,19304.75,19062.0,144,-2.216140529531563,-1.9773725816857324,46.75,196.0,-230.0,93.5,392.0,-339.5,168.5685301060232,2,2024,7
2024-07-25,19000.25,19193.0,19221.5,18994.75,144,-1.176026746803005,-3.0965725283853662,221.25,5.5,385.0,442.5,11.0,-230.0,173.6362728900787,3,2024,7
2024-07-28,19172.75,19269.25,19335.0,19168.0,144,0.06261822451243404,-2.2075495368873432,162.25,4.75,192.5,324.5,9.5,385.0,195.30182276078276,6,2024,7
2024-07-29,19220.0,19226.25,19265.25,19076.25,144,-0.3927974176486604,-2.094950925151484,45.25,143.75,12.0,90.5,287.5,192.5,200.93455336711526,0,2024,7
2024-07-30,18870.0,19200.75,19247.5,18862.0,144,-1.8043007686424972,-3.486816944085114,377.5,8.0,661.0,755.0,16.0,12.0,196.95844472215046,1,2024,7
2024-07-31,19588.0,19589.25,19716.75,19504.75,144,0.6452945124154619,-0.7200293114234424,128.75,83.25,2.0,257.5,166.5,661.0,246.76636483886827,2,2024,7
2024-08-01,18961.0,18683.25,18981.5,18639.0,144,-2.546702346960983,-3.1263491442861557,20.5,322.0,-556.0,41.0,644.0,2.0,246.39626300139497,3,2024,8
2024-08-04,18391.75,17814.75,18394.0,17346.0,144,-0.48254138462568985,-5.489609521687933,2.25,1045.75,-1154.5,4.5,2091.5,-556.0,278.0331424299514,6,2024,8
2024-08-05,18164.5,18088.75,18435.5,18017.75,144,2.6078291814946697,-8.163184702306891,271.0,146.75,-152.0,542.0,293.5,-1154.5,378.25919128221284,0,2024,8
2024-08-06,18040.25,18410.75,18446.0,18027.5,144,0.5199905959147655,-7.321269096141059,405.75,12.75,740.5,811.5,25.5,-152.0,376.2108486362121,1,2024,8
2024-08-07,17881.25,17941.5,18080.0,17745.0,144,-2.6079063592272522,-8.245370277008634,198.75,136.25,120.0,397.5,272.5,740.5,417.4937944701126,2,2024,8
2024-08-08,18551.75,18615.25,18652.5,18430.0,144,1.6117748727726644,-5.425822544851755,100.75,121.75,126.5,201.5,243.5,120.0,419.10353183281194,3,2024,8
2024-08-11,18591.75,18651.75,18692.5,18514.5,144,0.8617419110075408,-4.961655270746935,100.75,77.25,119.5,201.5,154.5,126.5,420.60825238419204,6,2024,8
2024-08-12,18644.0,18743.5,18818.25,18628.75,144,0.017434453161668806,-4.789918133474891,174.25,15.25,198.5,348.5,30.5,119.5,421.09985298526345,0,2024,8
2024-08-13,19100.0,19096.0,19153.25,19064.0,144,1.4849841274057862,-2.5021367734045397,53.25,36.0,-8.5,106.5,72.0,198.5,424.1264358096905,1,2024,8
2024-08-14,19148.25,19166.25,19223.75,19100.25,144,-0.1515389036944148,-2.508114969810582,75.5,48.0,35.5,151.0,96.0,-8.5,408.7448011901802,2,2024,8
2024-08-15,19569.0,19619.5,19683.0,19561.5,144,1.2182046015321246,-0.11114343622663503,114.0,7.5,100.5,228.0,15.0,35.5,408.4994129674323,3,2024,8
2024-08-18,19628.25,19578.75,19688.0,19525.0,144,0.5152987322625702,-0.08564997269445707,59.75,103.25,-99.5,119.5,206.5,100.5,406.0462282470854,6,2024,8
2024-08-19,19854.0,19881.75,19930.75,19845.0,144,1.3032555885690966,1.137141969603217,76.75,9.0,55.0,153.5,18.0,-99.5,404.6386911736652,0,2024,8
2024-08-20,19805.0,19795.5,19855.75,19785.75,144,-0.030275889038866577,0.8183580068836349,50.75,19.25,-19.5,101.5,38.5,55.0,404.59402247971457,1,2024,8
2024-08-21,19917.75,19916.25,19946.0,19865.75,144,0.3225481302288058,1.229620012606647,28.25,52.0,-3.5,56.5,104.0,-19.5,396.2693221256154,2,2024,8
2024-08-22,19621.25,19716.0,19730.75,19610.75,144,-2.0664566456645717,-0.4134787513414562,109.5,10.5,189.0,219.0,21.0,-3.5,391.76622661453274,3,2024,8
2024-08-25,19788.0,19837.0,19846.25,19716.25,144,0.1683054300646747,0.6050589260744088,58.25,71.75,97.5,116.5,143.5,189.0,385.01592243219727,6,2024,8
2024-08-26,19555.25,19632.0,19647.0,19520.5,144,-0.8601824092697274,-0.38056548421046,91.75,34.75,153.0,183.5,69.5,97.5,383.4618762358466,0,2024,8
2024-08-27,19638.0,19667.75,19690.0,19560.0,144,0.6543396419699254,-0.0578000433818282,52.0,78.0,59.0,104.0,156.0,153.0,384.5397625049565,1,2024,8
2024-08-28,19240.75,19487.5,19505.5,19139.0,144,-1.0394639627015922,-1.175825260601926,264.75,101.75,493.0,529.5,203.5,59.0,354.99492583475194,2,2024,8
2024-08-29,19449.0,19529.0,19539.5,19393.5,144,-0.5346839338376763,-1.263528486349641,90.5,55.5,159.5,181.0,111.0,493.0,371.7136843834172,3,2024,8
2024-09-01,19600.0,19589.25,19628.0,19511.5,144,0.26074619425591194,-0.14273144083900569,28.0,88.5,-22.0,56.0,177.0,159.5,346.4566303457422,6,2024,9
2024-09-02,19646.75,19469.0,19683.0,19445.25,144,0.14272061165976346,0.05314133532692278,36.25,201.5,-356.0,72.5,403.0,-22.0,198.29826020416803,0,2024,9
2024-09-03,18991.0,18921.75,19007.0,18824.25,144,-2.391189947504202,-3.0850972182078884,16.0,166.75,-139.0,32.0,333.5,-356.0,217.21318657266772,1,2024,9
2024-09-04,18968.5,18937.5,19008.25,18882.5,144,0.4198008263587294,-3.2608526476104793,39.75,86.0,-62.5,79.5,172.0,-139.0,164.92289067446333,2,2024,9
2024-09-05,18920.0,18760.75,18934.25,18703.75,144,0.4712360680909633,-3.061638912459441,14.25,216.25,-319.0,28.5,432.5,-62.5,166.6386257112897,3,2024,9
2024-09-08,18399.5,18626.25,18639.75,18386.75,144,-2.490788309407155,-5.561815932966074,240.25,12.75,453.0,480.5,25.5,-319.0,185.15587139090744,6,2024,9
2024-09-09,18723.75,18638.5,18742.0,18582.5,144,0.32208280212038254,-4.249230971015649,18.25,141.25,-171.0,36.5,282.5,453.0,207.2008560234297,0,2024,9
2024-09-10,18841.75,18807.25,18857.25,18704.75,144,0.5157661859956919,-3.257294729118876,15.5,137.0,-69.5,31.0,274.0,-171.0,209.5538792040692,1,2024,9
2024-09-11,19246.0,19295.0,19342.5,19228.0,144,1.8648080305775583,-1.086849036758697,96.5,18.0,97.5,193.0,36.0,-69.5,210.58091800140804,2,2024,9
2024-09-12,19410.0,19462.5,19488.5,19410.0,144,0.9982086762376996,0.018099333461196743,78.5,0.0,104.5,157.0,0.0,97.5,211.1731937608508,3,2024,9
2024-09-15,19498.25,19515.25,19546.75,19478.5,144,0.6079575460154363,0.5194752381239232,48.5,19.75,33.5,97.0,39.5,104.5,211.24558388408093,6,2024,9
2024-09-16,19427.25,19541.25,19553.75,19388.75,144,0.01672262313638928,0.1867355401079296,126.5,38.5,227.5,253.0,77.0,33.5,209.03707018260246,0,2024,9
2024-09-17,19440.0,19475.5,19491.0,19422.25,144,-0.594287174899355,0.35051720899124117,51.0,17.75,70.5,102.0,35.5,227.5,213.34938604625918,1,2024,9
2024-09-18,19404.75,19744.75,19750.25,19399.75,144,-0.7361239355699212,0.02214903535393553,345.5,5.0,679.5,691.0,10.0,70.5,212.86037553683906,2,2024,9
2024-09-19,19815.0,19777.0,19838.0,19771.25,144,0.14508661039829285,2.6376922307076223,23.0,43.75,-76.5,46.0,87.5,679.5,254.5694300909715,3,2024,9
2024-09-22,20039.0,20078.25,20164.0,19955.0,144,0.14508661039829285,2.6376922307076223,125.0,84.0,78.0,250.0,168.0,-76.5,255.72023544449786,6,2024,9
2024-09-23,20065.25,20131.25,20179.25,20022.5,144,0.0,3.8874549552812665,114.0,42.75,131.5,228.0,85.5,78.0,255.64953910012278,0,2024,9
2024-09-24,20184.25,20108.75,20192.5,20063.75,144,0.17754932270519497,4.422111541306806,8.25,120.5,-151.5,16.5,241.0,131.5,255.32560610244104,1,2024,9
2024-09-25,20241.75,20469.0,20500.0,20229.0,144,0.26811315368096,4.588918253905372,258.25,12.75,454.0,516.5,25.5,-151.5,260.03622723321485,2,2024,9
2024-09-26,20344.5,20306.75,20382.0,20236.5,144,-0.7888993208393758,5.310869361508042,37.5,108.0,-76.0,75.0,216.0,454.0,256.7280764995481,3,2024,9
2024-09-29,20198.25,20203.5,20286.5,20145.75,144,-0.7557540364136028,4.661670011686003,88.25,52.5,10.0,176.5,105.0,-76.0,257.1363182909222,6,2024,9
2024-09-30,20232.0,20278.25,20331.5,20213.25,144,0.45220278507358547,4.845704922204619,99.5,18.75,92.0,199.0,37.5,10.0,256.80123764868165,0,2024,9
2024-10-01,19972.0,19912.25,19998.5,19880.25,144,-1.3504839028244175,3.3387437658472408,26.5,91.75,-120.0,53.0,183.5,92.0,238.80565071997225,1,2024,10
2024-10-02,20056.5,19917.25,20068.25,19851.0,144,0.33344615346044826,3.4912573103573985,11.75,205.5,-279.0,23.5,411.0,-120.0,237.97381960163054,2,2024,10
2024-10-03,19971.75,20037.25,20070.0,19941.25,144,0.38041908875190433,3.2950757064844627,98.25,30.5,130.5,196.5,61.0,-279.0,248.95428136613,3,2024,10
2024-10-06,20219.0,20095.0,20268.0,20058.0,144,-0.001235941169197563,4.398116965529475,49.0,161.0,-248.5,98.0,322.0,130.5,232.8548946740955,6,2024,10
2024-10-07,20032.0,20073.0,20090.0,19902.5,144,-0.6853056562546533,3.13241704193703,58.0,129.5,81.5,116.0,259.0,-248.5,226.60916388772685,0,2024,10
2024-10-08,20298.0,20262.75,20298.0,20195.5,144,0.9786974742889809,4.566975534160811,0.0,102.5,-71.0,0.0,205.0,81.5,220.85262262661166,1,2024,10
2024-10-09,20447.75,20431.25,20474.5,20406.0,144,0.8664998582539329,5.218738331744133,26.75,41.75,-33.5,53.5,83.5,-71.0,220.898619280429,2,2024,10
2024-10-10,20441.5,20368.5,20468.5,20352.25,144,0.34258770368005287,4.96879889222579,27.0,89.25,-146.5,54.0,178.5,-33.5,221.61922655525012,3,2024,10
2024-10-13,20433.75,20487.75,20500.75,20382.5,144,0.5334185491998822,4.915788777001739,67.0,51.25,107.5,134.0,102.5,-146.5,225.55279461335576,6,2024,10
2024-10-14,20637.5,20585.0,20641.5,20563.0,144,0.34304900004866745,5.577620401314243,4.0,74.5,-105.5,8.0,149.0,107.5,226.0590281553166,0,2024,10
2024-10-15,20340.0,20364.0,20397.5,20306.75,144,-1.3959067941401004,3.908411965345726,57.5,33.25,47.5,115.0,66.5,-105.5,224.00875805247088,1,2024,10
2024-10-16,20332.0,20490.0,20507.0,20276.75,144,-0.03316423666982482,3.6920463692749816,175.0,55.25,315.5,350.0,110.5,47.5,223.82914066431616,2,2024,10
2024-10-17,20385.5,20429.0,20468.0,20321.0,144,-1.0158946191610396,3.5288471510756425,82.5,64.5,86.5,165.0,129.0,315.5,177.91644993618394,3,2024,10
2024-10-20,20495.75,20425.0,20526.0,20395.0,144,0.08062151861623068,3.9238120365413964,30.25,100.75,-142.0,60.5,201.5,86.5,177.62327816862387,6,2024,10
2024-10-21,20539.0,20384.5,20543.75,20376.0,144,0.45403923584339534,3.915156253797969,4.75,163.0,-309.5,9.5,326.0,-142.0,180.31792829099888,0,2024,10
2024-10-22,20522.75,20485.25,20542.5,20467.75,144,0.6739287596034815,3.8158428427201407,19.75,55.0,-75.5,39.5,110.0,-309.5,190.5961285297428,1,2024,10
2024-10-23,20299.5,20377.25,20402.0,20268.0,144,-1.0582463695420818,2.0743532034641188,102.5,31.5,155.0,205.0,63.0,-75.5,188.53881353855562,2,2024,10
2024-10-24,20385.0,20433.75,20446.25,20363.25,144,0.03681433304700832,2.757718677803611,61.25,21.75,97.0,122.5,43.5,155.0,159.00975640374674,3,2024,10
2024-10-27,20524.0,20669.5,20676.75,20522.0,144,0.019520765213987268,3.2431288788587143,152.75,2.0,290.5,305.5,4.0,97.0,161.01418701795365,6,2024,10
2024-10-28,20508.0,20517.5,20555.0,20451.0,144,-0.6072653664804029,3.175152403540671,47.0,57.0,18.5,94.0,114.0,290.5,175.3772531460467,0,2024,10
2024-10-29,20725.0,20730.75,20789.75,20702.75,144,0.8982984739895672,4.070361677224854,64.75,22.25,11.0,129.5,44.5,18.5,173.97178385861108,1,2024,10
2024-10-30,20486.0,20321.0,20496.5,20287.0,144,-0.6086125328203074,3.194372348973462,10.5,199.0,-330.5,21.0,398.0,11.0,172.06998270287687,2,2024,10
2024-10-31,20065.25,20095.0,20127.0,20017.75,144,-1.734529786528849,0.552997521911891,61.75,47.5,59.0,123.5,95.0,-330.5,176.73197630131438,3,2024,10
2024-11-03,20141.75,20198.5,20249.0,20066.25,144,0.3899145426912831,1.1704014526697115,107.25,75.5,113.0,214.5,151.0,59.0,174.53337035770832,6,2024,11
2024-11-04,20128.0,20142.5,20167.75,20041.75,144,-0.17146904238267702,0.8340271636775975,39.75,86.25,28.5,79.5,172.5,113.0,167.0542990042142,0,2024,11
2024-11-05,20365.0,20684.5,20731.5,20323.5,144,0.9378605366646475,2.0400485086840225,366.5,41.5,638.5,733.0,83.0,28.5,166.25254054251928,1,2024,11
2024-11-06,20924.25,20945.25,20965.75,20860.75,144,1.009197597263678,4.67989550798571,41.5,63.5,41.5,83.0,127.0,638.5,216.9689827456545,2,2024,11
2024-11-07,21225.0,21144.75,21263.5,21125.25,144,1.025885153228212,6.133027930139012,38.5,99.75,-161.0,77.0,199.5,41.5,216.25600082942614,3,2024,11
2024-11-10,21242.0,21272.25,21323.5,21242.0,144,0.22538202843824795,5.999129403401704,81.5,0.0,60.0,163.0,0.0,-161.0,216.95497198363756,6,2024,11
2024-11-11,21218.0,21169.0,21249.75,21129.5,144,-0.2948397176116835,5.759270071646672,31.75,88.5,-98.5,63.5,177.0,60.0,216.48590570386094,0,2024,11
2024-11-12,21180.5,21152.0,21184.5,21101.25,144,-0.13787739517782116,5.424403483318518,4.0,79.25,-57.5,8.0,158.5,-98.5,216.24057630820624,1,2024,11
2024-11-13,21166.0,21162.75,21191.25,21089.75,144,0.0011815442783724706,5.069260351437532,25.25,76.25,-7.0,50.5,152.5,-57.5,217.37803597952507,2,2024,11
2024-11-14,20980.0,20827.5,20981.0,20794.0,144,-0.6091070372560625,4.111045174047012,1.0,186.0,-305.5,2.0,372.0,-7.0,207.3624385491561,3,2024,11
2024-11-17,20504.75,20588.25,20657.75,20476.25,144,-1.2850157766697956,1.3966204012964223,153.0,28.5,166.5,306.0,57.0,-305.5,219.03078821072265,6,2024,11
2024-11-18,20634.25,20579.0,20696.75,20491.75,144,0.3611908352386006,1.8678257400399856,62.5,142.5,-111.0,125.0,285.0,166.5,219.27250529637152,0,2024,11
2024-11-19,20766.0,20781.5,20843.5,20750.0,144,1.185313322288284,2.3196443960897595,77.5,16.0,30.5,155.0,32.0,-111.0,207.92950950034134,1,2024,11
2024-11-20,20739.25,20679.75,20763.0,20595.75,144,-0.00481858044619754,2.063575790885741,23.75,143.5,-119.5,47.5,287.0,30.5,206.53566500982956,2,2024,11
2024-11-21,20804.0,20741.75,20844.75,20693.0,144,-0.2479012227398436,2.257487432349281,40.75,111.0,-125.0,81.5,222.0,-119.5,207.04654955881404,3,2024,11
2024-11-24,20909.0,20979.25,20981.25,20908.0,144,0.274163680527173,2.235198086672985,72.25,1.0,140.0,144.5,2.0,-125.0,208.54506013152903,6,2024,11
2024-11-25,20910.0,20894.25,20934.25,20755.25,144,-0.6566425580510127,2.2493084777106542,24.25,154.75,-32.0,48.5,309.5,140.0,200.33447524997817,0,2024,11
2024-11-26,20998.25,20935.0,21019.25,20904.5,144,0.2423735896364354,2.6393965696402066,21.0,93.75,-127.0,42.0,187.5,-32.0,200.4016296288397,1,2024,11
2024-11-27,20814.75,20859.0,20870.0,20806.5,144,-0.5707803450952342,1.6582601563642552,55.25,8.25,88.0,110.5,16.5,-127.0,202.26312331374567,2,2024,11
2024-11-28,20887.0,20895.0,20937.75,20822.25,144,0.0718580085750542,1.8604234988698343,50.75,64.75,15.5,101.5,129.5,88.0,188.52587948831325,3,2024,11
2024-12-01,20994.5,20949.75,21003.5,20939.75,144,0.7680675899479183,2.2434227814117413,9.0,54.75,-90.0,18.0,109.5,15.5,188.19451023930117,6,2024,12
2024-12-02,21215.0,21202.75,21243.75,21189.25,144,0.8280761782561763,3.2270808464552436,28.75,25.75,-25.0,57.5,51.5,-90.0,187.75827825326766,0,2024,12
2024-12-03,21321.25,21406.25,21413.0,21305.5,144,0.5718877020512325,3.4172301299458807,91.75,15.75,169.5,183.5,31.5,-25.0,187.693217988683,1,2024,12
2024-12-04,21511.0,21505.0,21523.75,21489.0,144,0.5567746755065883,4.535929106465297,12.75,22.0,-12.5,25.5,44.0,169.5,120.46280000153756,2,2024,12
2024-12-05,21449.25,21454.0,21495.5,21424.0,144,-0.2786129717556096,4.120404937601196,46.25,25.25,9.0,92.5,50.5,-12.5,119.43862936341174,3,2024,12
2024-12-08,21648.75,21614.75,21706.5,21612.5,144,0.7782327485924334,4.861721192954138,57.75,36.25,-68.5,115.5,72.5,9.0,115.61884692020503,6,2024,12
2024-12-09,21480.0,21491.5,21499.5,21447.75,144,-0.597964376590332,3.9042402427845513,19.5,32.25,22.5,39.0,64.5,-68.5,114.41119286429755,0,2024,12
2024-12-10,21438.25,21448.0,21456.25,21405.75,144,-0.5793500597926382,3.385303668975781,18.0,32.5,19.0,36.0,65.0,22.5,113.68387609599893,1,2024,12
2024-12-11,21756.75,21744.0,21772.75,21728.5,144,0.932133717766126,5.05654053678799,16.0,28.25,-26.0,32.0,56.5,19.0,113.71176338259316,2,2024,12
2024-12-12,21700.5,21791.75,21799.25,21697.5,144,-0.23278594065111458,4.175566267298714,98.75,3.0,182.0,197.5,6.0,-26.0,113.69329413636873,3,2024,12
2024-12-15,21785.25,21862.75,21866.5,21762.25,144,0.01147052076164723,4.759661943130111,81.25,23.0,154.5,162.5,46.0,182.0,100.55273557481591,6,2024,12
2024-12-16,22113.0,22107.25,22125.0,22028.75,144,0.968058631475599,6.053411608967152,12.0,84.25,-12.0,24.0,168.5,154.5,99.5712387135325,0,2024,12
2024-12-17,22018.25,22067.0,22074.0,21901.0,144,-0.08055914856922586,5.4206591116571,55.75,117.25,97.0,111.5,234.5,-12.0,95.91019648334365,1,2024,12
2024-12-18,21197.0,21291.0,21336.5,21154.75,144,-3.498515746732933,1.4975515317162014,139.5,42.25,187.5,279.0,84.5,97.0,97.80505247416201,2,2024,12
2024-12-19,21155.0,20838.75,21165.0,20825.0,144,-1.3562133495315765,0.9507988436533887,10.0,330.0,-633.0,20.0,660.0,187.5,99.98621944521788,3,2024,12
2024-12-22,21566.5,21624.75,21741.5,21565.25,144,-1.3562133495315765,0.9507988436533887,175.0,1.25,116.0,350.0,2.5,-633.0,176.34992687984368,6,2024,12
2024-12-23,21738.75,21799.0,21806.75,21708.5,144,0.6313817546862222,3.9028490511520575,68.0,30.25,120.0,136.0,60.5,116.0,175.44743364804205,0,2024,12
2024-12-25,22050.0,21933.5,22111.0,21894.25,144,1.0102745610116592,5.1471487756143075,61.0,155.75,-233.5,122.0,311.5,120.0,177.19312055969925,2,2024,12
2024-12-26,21984.0,21925.75,22008.75,21897.75,144,0.20831910388634522,4.79485664857886,24.75,86.25,-117.0,49.5,172.5,-233.5,183.01035346035508,3,2024,12
2024-12-29,21710.75,21650.5,21742.5,21612.75,144,-0.6534451781238904,3.212729839502604,31.75,98.0,-121.0,63.5,196.0,-117.0,183.79719229285507,6,2024,12
2024-12-30,21391.25,21497.0,21511.0,21343.25,144,0.016348646565611524,1.727423051770427,119.75,48.0,211.0,239.5,96.0,-121.0,185.473737323757,0,2024,12
2025-01-01,21273.25,21398.0,21424.5,21121.0,144,-1.0964299030574165,0.7481305045726749,151.25,152.25,249.0,302.5,304.5,211.0,191.03206364928678,2,2025,1
2025-01-02,21191.5,21238.0,21287.75,21144.25,144,-0.8361439010680205,0.4429177055581768,96.25,47.25,92.5,192.5,94.5,249.0,198.6681493159673,3,2025,1
2025-01-05,21532.0,21670.75,21692.75,21478.75,144,1.0073378338714356,1.9565300862600665,160.75,53.25,277.0,321.5,106.5,92.5,196.26179314214042,6,2025,1
2025-01-06,21781.0,21767.75,21796.75,21659.0,144,0.07937329606240162,2.953024073493782,15.75,122.0,-27.0,31.5,244.0,277.0,204.86076144285724,0,2025,1
2025-01-07,21386.25,21443.5,21448.25,21344.75,144,-1.9835488200809936,1.0109369598495732,62.0,41.5,114.0,124.0,83.0,-27.0,205.17867694690915,1,2025,1
2025-01-08,21348.75,21327.0,21348.75,21217.5,144,0.021071608349032545,0.9318842973136787,0.0,131.25,-44.0,0.0,262.5,114.0,204.8829495744233,2,2025,1
2025-01-09,21302.0,21316.75,21328.0,21179.0,144,0.021071608349032545,0.9318842973136787,26.0,123.0,29.0,52.0,246.0,-44.0,205.61130933466592,3,2025,1
2025-01-12,21027.5,20751.25,21037.0,20693.5,144,-0.8363511967253712,-0.7431746173433562,9.5,334.0,-553.0,19.0,668.0,29.0,205.59454221713568,6,2025,1
2025-01-13,21020.0,21095.5,21143.75,20997.25,144,0.8776470871507236,-1.0879475843559527,123.75,22.75,150.5,247.5,45.5,-553.0,243.52919958935414,0,2025,1
2025-01-14,20975.75,20965.25,20975.75,20908.75,144,-0.7000059322536667,-1.2386149168573057,0.0,67.0,-21.5,0.0,134.0,150.5,242.41981175551402,1,2025,1
2025-01-15,21386.25,21498.25,21566.75,21352.75,144,0.676398969520875,0.8587084796313427,180.5,33.5,223.5,361.0,67.0,-21.5,239.80640629474414,2,2025,1
2025-01-16,21225.0,21334.25,21356.5,21208.75,144,-1.1491044428937003,0.05716745165960102,131.5,16.25,218.0,263.0,32.5,223.5,245.21323159113646,3,2025,1
2025-01-19,21601.0,21625.0,21637.75,21527.25,144,-0.21596526077516387,1.5710413027275605,36.75,73.75,47.5,73.5,147.5,218.0,249.0432534827295,6,2025,1
2025-01-20,21685.5,21688.25,21746.5,21370.25,144,-0.19794232052845473,1.8201577189804974,61.0,315.25,5.0,122.0,630.5,47.5,245.79412651969304,0,2025,1
2025-01-21,21800.0,21890.25,21907.25,21769.0,144,0.017272549313118724,1.901254167477151,107.25,31.0,180.0,214.5,62.0,5.0,194.74838017027838,1,2025,1
2025-01-22,21982.5,21881.25,21985.0,21855.5,144,0.37874898753094133,3.1530563030527814,2.5,127.0,-203.0,5.0,254.0,180.0,196.63491417773224,2,2025,1
2025-01-23,22018.0,22008.25,22059.0,21971.25,144,0.6989812234455606,3.2846360472376546,41.0,46.75,-20.0,82.0,93.5,-203.0,202.88356136879136,3,2025,1
2025-01-26,21773.75,20887.75,21774.0,20763.75,144,-0.6158068430543118,2.5928837059779886,0.25,1010.0,-1772.5,0.5,2020.0,-20.0,194.05475861752316,6,2025,1
2025-01-27,21340.0,21392.0,21423.25,21218.0,144,0.6379075684951774,-0.45775805314225426,83.25,122.0,103.5,166.5,244.0,-1772.5,448.43782940571054,0,2025,1
2025-01-28,21558.0,21665.75,21697.25,21531.0,144,1.2838868677385262,0.9894872827012957,139.25,27.0,215.0,278.5,54.0,103.5,449.3298365050824,1,2025,1
2025-01-29,21555.75,21620.25,21709.5,21505.5,144,-0.32292040417134515,0.7250283917796585,153.75,50.25,128.5,307.5,100.5,215.0,449.44691961635635,2,2025,1
2025-01-30,21684.0,21781.25,21807.25,21660.5,144,-0.11893764434179888,1.058876723756197,123.25,23.5,194.0,246.5,47.0,128.5,446.2096834213118,3,2025,1
2025-02-02,21280.25,21232.75,21280.25,20940.25,144,-0.8909606530649761,0.7638681203950837,0.0,340.0,-95.5,0.0,680.0,194.0,448.401942428536,6,2025,2
2025-02-03,21592.25,21389.75,21600.0,21240.75,144,0.901463552591264,-0.10609214360495223,7.75,351.5,-405.5,15.5,703.0,-95.5,442.33428654427354,0,2025,2
2025-02-04,21566.0,21479.5,21624.5,21429.0,144,1.1495326012113782,1.0266551752032393,58.5,137.0,-173.5,117.0,274.0,-405.5,449.0560941106296,1,2025,2
2025-02-05,21768.0,21778.75,21833.0,21748.75,144,0.979095612630787,1.3739273144073083,65.0,19.25,21.0,130.0,38.5,-173.5,447.2746536407732,2,2025,2
2025-02-06,21819.75,21853.75,21899.25,21806.0,144,0.43280103780407586,1.7869613001514573,79.5,13.75,67.5,159.0,27.5,21.0,447.8599669539575,3,2025,2
2025-02-09,21464.75,21726.25,21736.5,21415.0,144,-1.3582052043590531,0.40467433506159445,271.75,49.75,522.5,543.5,99.5,67.5,448.46464611582195,6,2025,2
2025-02-10,21832.0,21734.25,21832.0,21719.0,144,0.3606790875048782,1.5089010242904655,0.0,113.0,-196.0,0.0,226.0,522.5,453.78326324358846,0,2025,2
2025-02-11,21802.0,21791.0,21831.25,21735.75,144,0.38698531528937874,1.1722192352229488,29.25,66.25,-22.5,58.5,132.5,-196.0,453.1131285196248,1,2025,2
2025-02-12,21865.0,21834.25,21927.0,21752.75,144,1.1658662212013615,1.139936514269202,62.0,112.25,-62.0,124.0,224.5,-22.5,453.11009685110855,2,2025,2
2025-02-13,22072.5,22105.0,22162.0,22068.0,144,1.0962881671753744,2.4590591274829654,89.5,4.5,64.5,179.0,9.0,-62.0,448.576890082168,3,2025,2
2025-02-16,22238.0,22256.75,22281.75,22196.0,144,0.3889906597010162,2.7621866452448574,43.75,42.0,37.0,87.5,84.0,64.5,444.8243081617493,6,2025,2
2025-02-17,22229.5,22281.5,22320.0,22198.5,144,-0.02585315408479838,2.8597796646628426,90.5,31.0,103.5,181.0,62.0,37.0,444.68441204497987,0,2025,2
2025-02-18,22227.0,22220.5,22291.5,22203.0,144,-0.08536352506430811,2.8092448458421737,64.5,24.0,-13.5,129.0,48.0,103.5,446.10894571547027,1,2025,2
2025-02-19,22215.0,22204.25,22235.0,22140.5,144,0.17674209163571764,2.772918128603652,20.0,74.5,-22.0,40.0,149.0,-13.5,442.58478521664426,2,2025,2
2025-02-20,22134.75,22169.25,22178.0,22104.25,144,-0.29153534443944196,2.258008658008648,43.25,30.5,68.5,86.5,61.0,-22.0,441.68685025050326,3,2025,2
2025-02-23,21700.75,21763.5,21813.0,21677.75,144,-2.271651680075726,0.10302312745711362,112.25,23.0,125.0,224.5,46.0,68.5,442.6174502172752,6,2025,2
2025-02-24,21440.25,21296.5,21453.25,21285.5,144,-1.5227784673378375,-1.102054157667931,13.0,154.75,-288.0,26.0,309.5,125.0,185.09641868638695,0,2025,2
2025-02-25,21225.0,21320.5,21328.0,21198.5,144,-1.1266288786302758,-2.297641289683605,103.0,26.5,190.5,206.0,53.0,-288.0,197.53216093908125,1,2025,2
2025-02-26,21250.75,21322.0,21348.5,21107.75,144,-0.2189420156790689,-2.0639495790163997,97.75,143.0,142.0,195.5,286.0,190.5,196.2883485830823,2,2025,2
2025-02-27,20649.5,20657.75,20687.75,20516.5,144,-3.4300977015533807,-4.655738675714782,38.25,133.0,16.0,76.5,266.0,142.0,196.73204291758435,3,2025,2
2025-03-02,21000.0,21003.5,21036.0,20836.5,144,1.6002331143838866,-3.106640936816052,36.0,163.5,6.5,72.0,327.0,16.0,192.07807314790116,6,2025,3
2025-03-03,20525.0,20462.75,20591.75,20443.5,144,-2.7664652173396864,-5.0412670966419215,66.75,81.5,-125.0,133.5,163.0,6.5,190.64663337124372,0,2025,3
2025-03-04,20553.25,20546.25,20631.25,20440.5,144,0.269140961042158,-5.322234427295203,78.0,112.75,-14.5,156.0,225.5,-125.0,167.44933247812114,1,2025,3
2025-03-05,20608.0,20379.0,20648.5,20351.75,144,1.1593315786252,-4.071549306239197,40.5,256.25,-458.5,81.0,512.5,-14.5,161.28504515135188,2,2025,3
2025-03-06,20212.0,20178.25,20228.0,20113.5,144,-1.0683865885480759,-6.5463374410188235,16.0,98.5,-68.0,32.0,197.0,-458.5,194.97727769098995,3,2025,3
2025-03-09,20149.5,20003.75,20156.0,19933.0,144,0.9357571523038288,-5.778603302518237,6.5,216.5,-292.0,13.0,433.0,-68.0,195.12124435847556,6,2025,3
2025-03-10,19439.0,19543.25,19582.0,19140.0,144,-2.1049454902108744,-9.110776910053609,143.0,299.0,208.0,286.0,598.0,-292.0,162.699211899233,0,2025,3
2025-03-11,19412.0,19560.0,19567.0,19387.0,144,-0.14031925849639082,-9.244175299103096,155.0,25.0,295.5,310.0,50.0,208.0,167.37921607441035,1,2025,3
2025-03-12,19575.0,19606.0,19693.75,19400.5,144,-0.44297210164242484,-8.075873822396817,118.75,174.5,61.5,237.5,349.0,295.5,181.64759657673756,2,2025,3
2025-03-13,19310.0,19443.0,19461.25,19298.25,144,-1.643783127913656,-9.583696135092811,151.25,11.75,265.5,302.5,23.5,61.5,181.6829294185483,3,2025,3
2025-03-16,19669.5,19624.25,19687.5,19551.0,144,1.2342666324171692,-7.327566442423072,18.0,118.5,-91.0,36.0,237.0,265.5,190.66798091805651,6,2025,3
2025-03-17,19830.5,19770.75,19858.0,19710.25,144,0.6585375137988292,-6.58187398668476,27.5,120.25,-120.0,55.0,240.5,-91.0,191.92521844115262,0,2025,3
2025-03-18,19491.5,19557.75,19592.0,19455.5,144,-0.9661283770058926,-7.944850224370192,100.5,36.0,132.0,201.0,72.0,-120.0,192.4248503346585,1,2025,3
2025-03-19,19755.0,19749.5,19885.5,19704.25,144,0.8386520296145061,-6.634629703606887,130.5,50.75,-11.5,261.0,101.5,132.0,194.84863220891273,2,2025,3
2025-03-20,19691.0,19599.0,19728.75,19562.5,144,0.4978681032501875,-6.809321340693819,37.75,128.5,-184.5,75.5,257.0,-11.5,194.79583610323357,3,2025,3
2025-03-23,20052.25,20189.0,20228.0,20048.0,144,0.4978681032501875,-6.809321340693819,175.75,4.25,273.0,351.5,8.5,-184.5,198.4394031197591,6,2025,3
2025-03-24,20358.25,20343.0,20375.0,20292.0,144,0.5418080839247219,-3.5064091766987326,16.75,66.25,-31.0,33.5,132.5,273.0,206.3606880019339,0,2025,3
2025-03-25,20513.0,20432.5,20536.75,20428.0,144,0.4252138323162402,-2.8848829233909967,23.75,85.0,-161.5,47.5,170.0,-31.0,195.39847781285013,1,2025,3
2025-03-26,20057.5,20117.25,20148.0,20003.0,144,-1.598639871815255,-4.592577693898836,90.5,54.5,119.0,181.0,109.0,-161.5,194.10712418119712,2,2025,3
2025-03-27,19998.25,19909.5,20011.25,19845.75,144,-0.1672595643762098,-5.0225553766916615,13.0,152.5,-178.0,26.0,305.0,119.0,193.23863587475665,3,2025,3
2025-03-30,19317.75,19196.0,19365.0,19160.0,144,-2.2575460800562497,-7.4007108565012025,47.25,157.75,-244.0,94.5,315.5,-178.0,196.75348421980112,6,2025,3
2025-03-31,19413.0,19488.0,19511.5,19283.75,144,1.479124003808674,-7.264504932320648,98.5,129.25,149.5,197.0,258.5,-244.0,202.9391599262668,0,2025,3
2025-04-01,19597.75,19516.0,19693.25,19456.0,144,1.1493511519310662,-6.349524456278333,95.5,141.75,-164.0,191.0,283.5,149.5,205.53085790856693,1,2025,4
2025-04-02,19023.5,19033.75,19176.75,18817.5,144,2.1652524834437026,-5.487461228033597,153.25,206.0,20.0,306.5,412.0,-164.0,208.11737578891174,2,2025,4
2025-04-03,18656.5,18573.0,18713.25,18461.25,144,-1.2550366602813945,-10.277755437411706,56.75,195.25,-167.5,113.5,390.5,20.0,181.4559011962612,3,2025,4
2025-04-06,17126.25,16888.75,17126.25,16452.5,144,-3.400264419104282,-15.435955180803074,0.0,673.75,-475.5,0.0,1347.5,-167.5,184.72197458542064,6,2025,4
2025-04-07,17650.25,17724.75,17893.0,17644.0,144,3.7349362003780806,-14.961172531203271,242.75,6.25,148.5,485.5,12.5,-475.5,203.2957707251599,0,2025,4
2025-04-08,17226.0,17270.0,17426.0,16735.0,144,-5.012672874538538,-16.189418210634287,200.0,491.0,87.5,400.0,982.0,148.5,200.27004137834533,1,2025,4
2025-04-09,19266.0,18851.5,19384.5,18706.0,144,11.996048292193917,-6.09660667283205,118.5,560.0,-829.5,237.0,1120.0,87.5,188.15661169971077,2,2025,4
2025-04-10,18470.0,18639.75,18793.25,18071.75,144,-1.6377521153743801,-9.671622695119343,323.25,398.25,339.0,646.5,796.5,-829.5,258.1598902761008,3,2025,4
2025-04-13,19163.75,19066.5,19253.0,18924.75,144,2.1382025522671766,-7.827241775999427,89.25,239.0,-195.0,178.5,478.0,339.0,263.6981665205804,6,2025,4
2025-04-14,18903.75,18980.0,19040.5,18809.75,144,-1.516943754793254,-6.938420955142655,136.75,94.0,152.0,273.5,188.0,-195.0,265.1662971261221,0,2025,4
2025-04-15,18810.0,18678.25,18861.0,18504.5,144,-0.1435192500131688,-6.62176637896007,51.0,305.5,-264.0,102.0,611.0,152.0,269.6565200691232,1,2025,4
2025-04-16,18381.0,18576.5,18652.0,18346.0,144,-1.0613540671787325,-9.14656320780447,271.0,35.0,390.5,542.0,70.0,-264.0,269.271721256468,2,2025,4
2025-04-20,18307.5,18172.5,18384.75,18135.0,144,-0.6784333864907954,-8.913200075157878,77.25,172.5,-270.5,154.5,345.0,390.5,289.00366392687454,6,2025,4
2025-04-21,17912.0,18093.0,18170.75,17863.75,144,-1.1390746742053315,-10.798608095453421,258.75,48.25,361.5,517.5,96.5,-270.5,291.5698108605606,0,2025,4
2025-04-22,18618.25,18845.5,18859.0,18618.25,144,1.2532881598699808,-8.228468285838753,240.75,0.0,454.0,481.5,0.0,361.5,297.5802457011871,1,2025,4
2025-04-23,18832.0,18694.5,18876.5,18595.0,144,-0.8496490579977811,-5.902975590516679,44.5,237.0,-275.5,89.0,474.0,454.0,319.1065075455132,2,2025,4
2025-04-24,19396.75,19396.0,19497.25,19345.0,144,2.3509311011628897,-3.0022033714067864,100.5,51.75,-2.0,201.0,103.5,-275.5,322.45924263059146,3,2025,4
2025-04-27,19524.5,19515.5,19540.0,19392.0,144,1.1799142587004097,-1.7198769913299161,15.5,132.5,-18.5,31.0,265.0,-2.0,320.40616082518886,6,2025,4
2025-04-28,19479.75,19567.0,19631.5,19455.25,144,-0.12405202511733826,-1.4937888715832015,151.75,24.5,174.0,303.5,49.0,-18.5,318.9859044485227,0,2025,4
2025-04-29,19595.0,19589.75,19623.25,19485.0,144,1.1208482929905061,-0.6276468100690713,28.25,110.0,-11.0,56.5,220.0,174.0,318.6218875671319,1,2025,4
2025-04-30,19835.0,20016.25,20023.75,19812.0,144,1.76802020594522,-0.378983350851847,188.75,23.0,362.0,377.5,46.0,-11.0,316.15899564351434,2,2025,4
2025-05-01,19781.75,19919.0,20005.75,19748.25,144,-0.4706707057557047,1.0549059481443912,224.0,33.5,274.0,448.0,67.0,362.0,325.9163195797673,3,2025,5
2025-05-04,20182.0,20011.5,20200.0,19976.25,144,0.46910968705282663,2.8362697111765645,18.0,205.75,-341.5,36.0,411.5,274.0,331.675626256485,6,2025,5
2025-05-05,20009.75,19866.5,20037.5,19823.75,144,0.2761084943966319,2.4420054341666386,27.75,186.0,-287.0,55.5,372.0,-341.5,338.8284381900606,0,2025,5
2025-05-06,19812.5,19990.25,20136.25,19801.25,144,0.4041271485041076,1.6608063661047279,323.75,11.25,355.0,647.5,22.5,-287.0,327.24131105026254,1,2025,5
2025-05-07,19935.5,20246.0,20262.25,19910.25,144,0.2525157351223051,2.194439905315182,326.75,25.25,620.5,653.5,50.5,355.0,334.92809518965163,2,2025,5
2025-05-08,20164.0,20198.75,20232.25,20080.5,144,-0.0483570985740811,3.338638864588961,68.25,83.5,69.0,136.5,167.0,620.5,360.5746728998614,3,2025,5
2025-05-11,20373.75,20907.0,20930.75,20373.75,144,-0.4474217629900634,3.3672047247125914,557.0,0.0,1066.0,1114.0,0.0,69.0,295.3874919402255,6,2025,5
2025-05-12,20957.5,20881.5,20966.75,20818.25,144,0.14819241111443393,7.504217474133901,9.25,139.25,-152.5,18.5,278.5,1066.0,363.8740121395402,0,2025,5
2025-05-13,21248.25,21260.25,21355.5,21237.0,144,1.2676006046395294,9.110933510068019,107.25,11.25,23.5,214.5,22.5,-152.5,361.99121827091756,1,2025,5
2025-05-14,21382.0,21259.0,21412.5,21192.25,144,0.38471011857985626,9.65466346535746,30.5,189.75,-246.5,61.0,379.5,23.5,362.77203495047024,2,2025,5
2025-05-15,21397.25,21439.75,21479.0,21348.75,144,0.5468777505251765,9.655106743410858,81.75,48.5,84.5,163.5,97.0,-246.5,361.80070480860036,3,2025,5
2025-05-18,21313.5,21164.75,21417.5,21112.25,144,0.17584721090020405,9.999956522261755,104.0,201.25,-298.0,208.0,402.5,84.5,356.5138551969171,6,2025,5
2025-05-19,21516.75,21426.25,21562.25,21393.5,144,1.512811140327086,9.93004428511124,45.5,123.25,-181.5,91.0,246.5,-298.0,358.11594987186976,0,2025,5
2025-05-20,21413.75,21269.75,21444.0,21249.75,144,0.16345783371667366,9.40651978127114,30.25,164.0,-288.5,60.5,328.0,-181.5,358.674140154806,1,2025,5
2025-05-21,21147.5,21204.5,21227.5,21113.0,144,-0.6121058320409767,7.698614476007637,80.0,34.5,113.5,160.0,69.0,-288.5,356.7199033887571,2,2025,5
2025-05-22,21222.0,21181.25,21236.25,21094.0,144,0.060223891171884425,7.680428734198674,14.25,128.0,-82.0,28.5,256.0,113.5,348.766793596795,3,2025,5
2025-05-25,20978.75,21250.75,21285.75,20955.25,144,0.6199189429002994,6.490116717178029,307.0,23.5,543.5,614.0,47.0,-82.0,350.0411441981912,6,2025,5
2025-05-26,21284.5,21333.25,21360.0,21142.0,144,0.1105310192371034,7.819654031858336,75.5,142.5,97.0,151.0,285.0,543.5,365.4771970710995,0,2025,5
2025-05-27,21478.5,21429.75,21484.75,21407.0,144,0.9701545191561411,8.544200824785753,6.25,71.5,-98.0,12.5,143.0,97.0,364.94927549484254,1,2025,5
2025-05-28,21518.0,21785.75,21858.75,21490.0,144,-0.6138178774456771,7.905850753653421,340.75,28.0,535.0,681.5,56.0,-98.0,366.6807050741614,2,2025,5
2025-05-29,21370.75,21363.25,21412.5,21268.25,144,-1.2111145714384541,7.894663908632138,41.75,102.5,-15.5,83.5,205.0,535.0,375.5749066781695,3,2025,5
2025-06-01,21304.5,21225.5,21348.5,21163.0,144,-0.06196583694800806,7.506217470999177,44.0,141.5,-158.5,88.0,283.0,-15.5,373.69641052175234,6,2025,6
2025-06-02,21551.75,21451.0,21554.75,21398.25,144,1.1520574971815023,8.128499334655647,3.0,153.5,-202.0,6.0,307.0,-158.5,365.08144278834686,0,2025,6
2025-06-03,21685.75,21736.75,21748.75,21667.0,144,0.7321459650751372,8.839662087551137,63.0,18.75,101.5,126.0,37.5,-202.0,360.99516963527356,1,2025,6
2025-06-04,21745.25,21775.75,21842.5,21712.0,144,0.14498757249379324,8.969233439068013,97.25,33.25,60.5,194.5,66.5,101.5,355.582098744254,2,2025,6
2025-06-05,21487.5,21685.25,21691.25,21471.0,144,-1.030384302398879,7.958308964052829,203.75,16.5,395.0,407.5,33.0,60.5,331.7441904460978,3,2025,6
2025-06-08,21799.25,21779.5,21821.0,21716.5,144,-0.0367014565890611,8.773299560753456,21.75,82.75,-40.0,43.5,165.5,395.0,340.6901316291296,6,2025,6
2025-06-09,21822.0,21828.25,21973.5,21732.0,144,0.09404532525920661,8.662360047750983,151.5,90.0,12.0,303.0,180.0,-40.0,246.32626524057156,0,2025,6
2025-06-10,21950.75,21916.75,22002.0,21866.25,144,0.5873193964234247,9.117432857115904,51.25,84.5,-68.5,102.5,169.0,12.0,243.35903057654934,1,2025,6
2025-06-11,21871.0,21810.0,21895.0,21716.5,144,-0.5870463732570275,8.488660555187932,24.0,154.5,-122.5,48.0,309.0,-68.5,244.11344833477472,2,2025,6
2025-06-12,21911.0,21621.75,21920.0,21470.5,144,0.49245851323338474,8.495963317589839,9.0,440.5,-579.0,18.0,881.0,-122.5,238.68542802741763,3,2025,6
2025-06-15,21566.5,21748.25,21791.5,21505.0,144,-0.12799815498154565,6.775600981838936,225.0,61.5,363.0,450.0,123.0,-579.0,272.8257299951169,6,2025,6
2025-06-16,21934.5,21808.0,21950.0,21777.0,144,0.7112212356895409,7.767498930843897,15.5,157.5,-253.5,31.0,315.0,363.0,276.59644268367435,0,2025,6
2025-06-17,21718.75,21805.5,21839.75,21639.5,144,-0.4990956752672915,6.26195144385544,121.0,79.25,173.0,242.0,158.5,-253.5,279.7968294843129,1,2025,6
2025-06-18,21717.0,21611.5,21753.75,21560.25,144,-0.21244832338079833,5.765076042040684,36.75,156.75,-211.5,73.5,313.5,173.0,272.3235051319816,2,2025,6
2025-06-19,21514.0,21687.75,21731.0,21514.0,144,-0.2608030415430229,4.505009128263038,217.0,0.0,347.0,434.0,0.0,-211.5,277.2782886237313,3,2025,6
2025-06-22,21648.25,21883.75,21944.75,21562.0,144,-0.2608030415430229,4.505009128263038,296.5,86.25,470.5,593.0,172.5,347.0,285.2497647491995,6,2025,6
2025-06-23,22077.25,22314.0,22383.25,22064.5,144,0.9316734684545747,6.858880002943413,306.0,12.75,473.0,612.0,25.5,470.5,278.9176201242752,0,2025,6
2025-06-24,22410.75,22425.25,22453.75,22385.0,144,0.5350892937270091,8.090955558251833,43.0,25.75,28.5,86.0,51.5,473.0,295.1422616387954,1,2025,6
2025-06-25,22466.0,22550.5,22577.25,22438.0,144,-0.16111648166049486,8.002539595842695,111.25,28.0,168.5,222.5,56.0,28.5,292.9462228356669,2,2025,6
2025-06-26,22676.5,22744.75,22759.5,22660.0,144,0.5343029120617127,8.625533018841946,83.0,16.5,136.0,166.0,33.0,168.5,272.7946632349571,3,2025,6
2025-06-29,22751.25,22881.25,22916.0,22750.0,144,0.19707362186085486,8.54886738617504,164.75,1.25,259.5,329.5,2.5,136.0,273.06891842633115,6,2025,6
2025-06-30,22866.75,22831.0,22915.0,22812.75,144,0.05902348916262401,8.718836696689847,48.25,54.0,-72.0,96.5,108.0,259.5,271.89011421992944,0,2025,6
2025-07-01,22696.5,22713.5,22781.0,22675.25,144,-0.4823926676314483,7.316743289393202,84.5,21.25,33.5,169.0,42.5,-72.0,266.4041695975259,1,2025,7
2025-07-02,22846.75,22850.25,22901.25,22827.0,144,0.840901817539752,7.580062552051148,54.5,19.75,6.5,109.0,39.5,33.5,266.5767441588177,2,2025,7
2025-07-03,23059.0,22945.5,23062.25,22909.5,144,0.5538112680969931,8.15394641832392,3.25,149.5,-227.5,6.5,299.0,6.5,267.0433091230117,3,2025,7
2025-07-06,22968.5,22964.25,23027.25,22908.25,144,-0.05672520999235875,7.0691989244697995,58.75,60.25,-9.0,117.5,120.5,-227.5,264.16144759358207,6,2025,7
2025-07-07,22840.25,22924.75,22972.0,22809.5,144,-0.2593355344164383,6.637840024250541,131.75,30.75,168.5,263.5,61.5,-9.0,263.7281233132253,0,2025,7
2025-07-08,22909.0,22924.5,22942.5,22843.25,144,-0.18857641159799599,6.341343087435258,33.5,65.75,30.5,67.0,131.5,168.5,264.9733055075151,1,2025,7
2025-07-09,23043.25,23024.5,23066.0,22978.0,144,0.31551232674020824,6.743339481421207,22.75,65.25,-38.0,45.5,130.5,30.5,263.48100400917747,2,2025,7
2025-07-10,23010.75,22864.25,23048.75,22830.75,144,-0.24813358038335842,6.244783549623678,38.0,180.0,-293.5,76.0,360.0,-38.0,261.08144902753196,3,2025,7
2025-07-13,22864.5,22899.0,22903.5,22802.25,144,0.17455624529516545,5.668691865302544,39.0,62.25,68.5,78.0,124.5,-293.5,230.07384970002443,6,2025,7
2025-07-14,23036.5,23174.0,23181.0,22996.25,144,0.39990846781663425,5.756108311113817,144.5,40.25,274.5,289.0,80.5,68.5,220.05599018383805,0,2025,7
2025-07-15,23018.75,23001.0,23045.75,22928.5,144,-0.6390017348950949,5.547010016480836,27.0,90.25,-36.0,54.0,180.5,274.5,211.60640442750497,1,2025,7
2025-07-16,23069.25,23109.0,23151.75,23017.0,144,0.0,5.3414643944982965,82.5,52.25,79.0,165.0,104.5,-36.0,212.4157960104116,2,2025,7
2025-07-17,23260.0,23277.75,23309.5,23245.5,144,0.6818108029133851,5.858342282778817,49.5,14.5,35.0,99.0,29.0,79.0,201.1482563996803,3,2025,7
2025-07-20,23240.0,23289.25,23309.0,23204.5,144,-0.3165168129439233,5.422243847220298,69.0,35.5,98.0,138.0,71.0,35.0,192.35140539620366,6,2025,7
2025-07-21,23338.0,23282.25,23367.75,23267.25,144,0.37839290513301815,5.647921572283465,29.75,70.75,-112.0,59.5,141.5,98.0,168.93460857291547,0,2025,7
2025-07-22,23190.0,23272.0,23283.25,23170.25,144,-0.5354236271738144,4.874536479704927,93.25,19.75,163.5,186.5,39.5,-112.0,142.01142235379282,1,2025,7
2025-07-23,23401.0,23390.25,23422.5,23347.25,144,0.2708337811405004,5.146898888890128,21.5,53.75,-22.0,43.0,107.5,163.5,145.11458947654893,2,2025,7
2025-07-24,23391.25,23374.0,23442.0,23348.75,144,0.010695644733460519,5.193550462889429,50.75,42.5,-35.0,101.5,85.0,-22.0,142.22980848279516,3,2025,7
2025-07-27,23516.0,23526.5,23585.0,23504.75,144,0.26647546071358885,5.211962390465752,69.0,11.25,20.5,138.0,22.5,-35.0,140.47088104319909,6,2025,7
2025-07-28,23505.25,23598.0,23609.25,23503.0,144,0.07987900992629804,5.333920421196692,104.0,2.25,185.0,208.0,4.5,20.5,128.55964210804,0,2025,7
2025-07-29,23451.5,23492.75,23512.0,23448.25,144,-0.5869763302324582,4.996005075903565,60.5,3.25,82.0,121.0,6.5,185.0,133.05014883592997,1,2025,7
2025-07-30,23698.0,23783.5,23848.0,23688.25,144,-0.012772887417644707,4.9266383666218605,150.0,9.75,170.5,300.0,19.5,82.0,133.75884378041565,2,2025,7
2025-07-31,23323.5,23126.75,23347.5,23062.25,144,-1.6580518154351465,4.13947037092941,24.0,261.25,-394.0,48.0,522.5,170.5,137.73142008614928,3,2025,7
2025-08-03,22850.5,23055.5,23077.75,22822.0,144,-0.8987255422130302,1.8749859470111652,227.25,28.5,409.5,454.5,57.0,-394.0,157.7062892982093,6,2025,8
2025-08-04,23352.5,23348.0,23397.25,23312.25,144,0.8768416380700916,3.513530505982976,44.75,40.25,-9.5,89.5,80.5,409.5,179.6428822179685,0,2025,8
2025-08-05,23092.0,23147.0,23227.25,23045.25,144,-0.9208201723861054,2.6206384426548768,135.25,46.75,109.5,270.5,93.5,-9.5,177.4799673647407,1,2025,8
2025-08-06,23416.75,23601.5,23611.25,23385.25,144,1.1049366064202815,3.7312196884620397,194.5,31.5,369.0,389.0,63.0,109.5,178.27938415809444,2,2025,8
2025-08-07,23519.5,23563.25,23583.25,23503.25,144,-0.4194737511122426,3.8774138669850355,63.75,16.25,87.0,127.5,32.5,369.0,191.88441387844304,3,2025,8
2025-08-10,23767.25,23723.0,23773.5,23667.75,144,0.7306168827720949,4.6004803097907665,6.25,99.5,-89.0,12.5,199.0,87.0,173.13328452532244,6,2025,8
2025-08-11,23632.0,23635.5,23676.75,23596.0,144,-0.32573289902280145,4.0602584106956385,44.75,36.0,6.5,89.5,72.0,-89.0,177.08431496115938,0,2025,8
2025-08-12,23947.25,24006.0,24017.0,23921.0,144,0.8469220073315631,5.1388628977630635,69.75,26.25,117.0,139.5,52.5,6.5,170.7646021343569,1,2025,8
2025-08-13,23930.0,23926.25,23964.25,23897.5,144,-0.42109422113165706,4.972978826527208,34.25,32.5,-8.0,68.5,65.0,117.0,169.85678758728963,2,2025,8
2025-08-14,23891.25,23879.75,23962.75,23872.0,144,0.2651074575880541,4.67899324552139,71.5,19.25,-23.5,143.0,38.5,-8.0,170.5522203561742,3,2025,8
2025-08-17,23795.0,23759.0,23882.0,23738.75,144,-0.4328868534144714,3.970631460290397,87.0,56.25,-72.5,174.0,112.5,-23.5,171.48772397371235,6,2025,8
2025-08-18,23799.0,23787.75,23839.75,23730.75,144,0.11780173547200068,3.7494187822122216,40.75,68.25,-23.0,81.5,136.5,-72.5,173.52881415518638,0,2025,8
2025-08-19,23456.0,23432.75,23489.0,23334.25,144,-1.2298790110468194,2.178774816835505,33.0,121.75,-47.0,66.0,243.5,-23.0,170.32888272243682,1,2025,8
2025-08-20,23322.0,23304.5,23369.5,23267.5,144,-0.4311494829407847,1.4252299974909732,47.5,54.5,-35.5,95.0,109.0,-47.0,169.58983801482532,2,2025,8
2025-08-21,23228.0,23252.75,23262.25,23074.25,144,-0.1816403521028409,0.8443729139606448,34.25,153.75,49.0,68.5,307.5,-35.5,169.8831235228935,3,2025,8
2025-08-24,23600.0,23504.0,23610.0,23486.25,144,1.2905790949827578,2.2069590079180523,10.0,113.75,-192.5,20.0,227.5,49.0,168.94169618695756,6,2025,8
2025-08-25,23510.25,23474.25,23520.5,23371.25,144,-0.0021280217909480648,1.74284226514283,10.25,139.0,-72.5,20.5,278.0,-192.5,177.09598014695445,0,2025,8
2025-08-26,23607.25,23596.25,23629.0,23567.5,144,0.4974382462905158,1.9943314381192234,21.75,39.75,-22.5,43.5,79.5,-72.5,174.92751130261433,1,2025,8
2025-08-27,23543.0,23614.75,23662.0,23486.75,144,0.3334536881677064,1.970398796213968,119.0,56.25,143.0,238.0,112.5,-22.5,174.5903683211828,2,2025,8
2025-08-28,23761.0,23646.25,23762.75,23612.0,144,0.5319261436940836,2.4211535424154773,1.75,149.0,-230.0,3.5,298.0,143.0,173.41742309116145,3,2025,8
2025-08-31,23478.5,23485.5,23555.25,23371.5,144,-0.7557500422797236,0.9877314958721017,76.75,107.0,13.5,153.5,214.0,-230.0,156.06699809612792,6,2025,8
2025-09-01,23502.75,23292.0,23511.0,23267.5,144,0.11394615777815531,0.9904066042575987,8.25,235.25,-422.0,16.5,470.5,13.5,126.87466878359653,0,2025,9
2025-09-02,23381.5,23437.75,23444.5,23299.75,144,0.7662254737502927,-0.05345710764844691,63.0,81.75,112.0,126.0,163.5,-422.0,158.64203954351532,1,2025,9
2025-09-03,23456.0,23516.0,23532.5,23430.5,144,0.1216726791470002,0.6114250510950825,76.5,25.5,119.5,153.0,51.0,112.0,158.74805427734245,2,2025,9
2025-09-04,23694.0,23784.0,23792.0,23691.75,144,0.7921551090810386,1.4441471554703211,98.0,2.25,179.5,196.0,4.5,119.5,134.81307477978132,3,2025,9
2025-09-07,23676.5,23781.25,23792.0,23650.5,144,-0.7706967685187083,1.4664570279992573,115.5,26.0,209.0,231.0,52.0,179.5,140.4883025660667,6,2025,9
2025-09-08,23799.75,23844.5,23885.25,23790.75,144,0.08093591347215767,1.8703513774976255,85.5,9.0,89.0,171.0,18.0,209.0,148.88400642252012,0,2025,9
2025-09-09,23900.25,23909.0,23953.75,23874.0,144,0.13530522341094198,2.0406200098760374,53.5,26.25,17.0,107.0,52.5,89.0,150.49933336099937,1,2025,9
2025-09-10,23856.75,23920.0,23942.0,23851.5,144,-0.5198241556763961,1.978682242563501,85.25,5.25,126.0,170.5,10.5,17.0,147.83987381445385,2,2025,9
2025-09-11,24028.0,24010.75,24039.5,23968.75,144,0.144930558451839,2.484743114314658,11.5,59.25,-35.0,23.0,118.5,126.0,150.98006795949124,3,2025,9
2025-09-14,24112.25,24095.75,24159.25,24075.5,144,0.2870156610719432,2.796213047118168,47.0,36.75,-33.5,94.0,73.5,-35.0,151.07940575109905,6,2025,9
2025-09-15,24294.5,24381.75,24403.75,24284.25,144,0.5531945693871387,3.5314348205281787,109.25,10.25,174.0,218.5,20.5,-33.5,150.40912626286294,0,2025,9
2025-09-16,24294.0,24271.75,24313.0,24217.75,144,-0.238249278577074,3.3012152633779435,19.0,76.25,-45.0,38.0,152.5,174.0,155.3849125643527,1,2025,9
2025-09-17,24260.0,24476.25,24490.75,24248.75,144,-0.2018059573942299,2.9659750286237907,230.75,11.25,432.0,461.5,22.5,-45.0,155.34893660808595,2,2025,9
2025-09-18,24470.5,24463.5,24504.75,24411.0,144,0.08491656691527183,3.793834077981706,34.25,59.5,-14.5,68.5,119.0,432.0,181.55515872013854,3,2025,9
2025-09-21,24851.5,24784.25,24876.0,24748.5,144,0.08491656691527183,3.793834077981706,24.5,103.0,-135.0,49.0,206.0,-14.5,181.77017733506509,6,2025,9
2025-09-22,24999.75,25013.75,25026.25,24974.5,144,0.7384571986983834,5.9104096690990815,26.5,25.25,27.5,53.0,50.5,-135.0,178.53581941949193,0,2025,9
2025-09-23,24839.75,24906.0,24913.25,24810.75,144,-0.679972801087958,5.0408703785253195,73.5,29.0,132.0,147.0,58.0,27.5,176.9003194635774,1,2025,9
2025-09-24,24747.0,24706.25,24792.5,24688.5,144,-0.5846895720313494,4.504602688618986,45.5,58.5,-82.0,91.0,117.0,132.0,177.6188186449906,2,2025,9
2025-09-25,24640.0,24616.5,24671.5,24568.25,144,0.22582548369376454,3.913767435149862,31.5,71.75,-47.5,63.0,143.5,-82.0,178.07326995841953,3,2025,9
2025-09-28,24727.25,24872.0,24899.0,24723.75,144,0.28899682610503685,4.1791972359890295,171.75,3.5,289.0,343.5,7.0,-47.5,168.3686646524289,6,2025,9
2025-09-29,24812.0,24794.5,24856.75,24754.25,144,-0.0563351944067203,4.508215259425974,44.75,57.75,-35.5,89.5,115.5,289.0,177.0609915730793,0,2025,9
2025-09-30,24844.5,24746.0,24877.0,24633.75,144,0.3112346648939335,4.626000734129088,32.5,210.75,-197.5,65.0,421.5,-35.5,139.39014491706342,1,2025,9
2025-10-01,25009.5,25095.0,25124.0,25001.0,144,1.0014739435055597,4.94607937031093,114.5,8.5,170.5,229.0,17.0,-197.5,151.58720783412866,2,2025,10
2025-10-02,25105.0,25192.5,25195.25,25073.0,144,-0.22452041049484395,5.194569051368769,90.25,32.0,174.5,180.5,64.0,170.5,153.08975695392058,3,2025,10
2025-10-05,24994.0,25134.5,25139.75,24994.0,144,-0.5440945351821269,4.585433246048942,145.75,0.0,280.5,291.5,0.0,174.5,152.89001034455404,6,2025,10
2025-10-06,25184.0,25189.5,25196.75,25122.75,144,-0.11997184131988803,5.213815830702018,12.75,61.25,10.5,25.5,122.5,280.5,157.3109788887836,0,2025,10
2025-10-07,25055.0,25088.5,25111.25,25026.25,144,-0.7607801959405247,4.498501904069285,56.25,28.75,66.5,112.5,57.5,10.5,157.6418826260797,1,2025,10
2025-10-08,25354.5,25321.0,25393.0,25294.25,144,0.9938098703162757,5.519622538069879,38.5,60.25,-67.5,77.0,120.5,66.5,157.31286919953314,2,2025,10
2025-10-09,25284.75,25256.0,25356.25,25251.25,144,-0.135220498243116,5.2161434231461135,71.5,33.5,-58.0,143.0,67.0,-67.5,159.16562046133598,3,2025,10
2025-10-12,24482.0,24846.0,24945.0,24482.0,144,-3.5969304613196695,1.4172924011059074,463.0,0.0,727.5,926.0,0.0,-58.0,159.91773378505374,6,2025,10
2025-10-13,24905.0,24638.75,25044.5,24586.0,144,0.38671084300949676,3.394768805342996,139.5,319.0,-533.0,279.0,638.0,727.5,218.35000873778185,0,2025,10
2025-10-14,24752.5,24972.0,24991.0,24740.5,144,0.4809546035675849,2.5910699315797148,238.5,12.0,438.5,477.0,24.0,-533.0,257.73096437952495,1,2025,10
2025-10-15,24939.0,25042.0,25057.5,24874.5,144,-0.30997210251076934,3.1331268581217486,118.5,64.5,205.5,237.0,129.0,438.5,270.25379275784445,2,2025,10
2025-10-16,24793.75,24496.75,24858.5,24410.25,144,-0.8564498258152753,2.6247671587519728,64.75,383.5,-594.5,129.5,767.0,205.5,259.1991004695241,3,2025,10
2025-10-19,25067.0,25087.25,25152.75,24956.0,144,1.0228214509510725,3.149999587210117,85.75,111.0,40.0,171.5,222.0,-594.5,298.3564893493052,6,2025,10
2025-10-20,25326.25,25281.75,25368.0,25252.75,144,0.7205772580243908,4.298243154999448,41.75,73.5,-89.5,83.5,147.0,40.0,295.5502495346603,0,2025,10
2025-10-21,25277.0,25272.0,25338.5,25216.0,144,-0.038536026244018196,4.121316540535425,61.5,61.0,-10.5,123.0,122.0,-89.5,297.1176003219139,1,2025,10
2025-10-22,25014.75,25060.0,25128.25,24951.0,144,-0.8885722484440084,2.99617765650404,113.5,63.75,90.0,227.0,127.5,-10.5,296.5411959931581,2,2025,10
2025-10-23,25285.0,25377.0,25394.0,25275.5,144,0.9443861490031402,3.7553883261886245,109.0,9.5,183.5,218.0,19.0,90.0,295.4807623535796,3,2025,10
2025-10-26,25698.5,25839.5,25840.0,25698.5,144,0.16688590893918498,4.672726925806447,141.5,0.0,281.5,283.0,0.0,183.5,296.27176691075545,6,2025,10
2025-10-27,26002.5,25975.5,26018.5,25942.25,144,0.5626410234062629,6.339359407864964,16.0,60.25,-54.5,32.0,120.5,281.5,295.9639513966452,0,2025,10
2025-10-28,26180.25,26237.5,26310.0,26164.75,144,0.41744237375966886,6.948433850000546,129.75,15.5,114.0,259.5,31.0,-54.5,296.29716591002983,1,2025,10
2025-10-29,26160.5,26206.5,26399.5,26139.25,144,0.054252646006247573,7.1927354363249485,239.0,21.25,91.5,478.0,42.5,114.0,290.55688250957706,2,2025,10
2025-10-30,26156.0,26182.25,26219.5,26127.25,144,-0.972220893180098,5.307728502720654,63.5,28.75,52.0,127.0,57.5,91.5,289.6367177853555,3,2025,10
2025-11-02,26026.0,26138.5,26163.25,26012.5,144,-0.7881905016364987,5.561795140406889,137.25,13.5,224.5,274.5,27.0,52.0,288.4883195665221,6,2025,11
2025-11-03,26105.5,25757.25,26105.5,25644.75,144,-0.47835491647847395,5.820218398518939,0.0,460.75,-697.0,0.0,921.5,224.5,286.4870990022706,0,2025,11
2025-11-04,25545.0,25413.0,25574.5,25282.75,144,-0.6293339548977372,3.4943582738842682,29.5,262.25,-264.5,59.0,524.5,-697.0,332.3909981601408,1,2025,11
2025-11-05,25732.0,25752.0,25777.25,25616.75,144,0.7791012929557972,3.967559173106272,45.25,115.25,39.5,90.5,230.5,-264.5,338.171494760308,2,2025,11
2025-11-06,25311.0,25219.0,25354.75,25162.0,144,-1.6154632650080325,1.884884480514737,43.75,149.0,-184.5,87.5,298.0,39.5,337.8274347324307,3,2025,11
2025-11-09,25319.75,25529.75,25569.5,25268.75,144,0.21405601298274402,1.3873679172075715,249.75,51.0,419.5,499.5,102.0,-184.5,340.3292136802401,6,2025,11
2025-11-10,25721.0,25621.25,25768.75,25596.25,144,0.6813109362151959,3.4126828840608026,47.75,124.75,-200.0,95.5,249.5,419.5,311.57362059813664,0,2025,11
2025-11-11,25676.5,25797.0,25830.5,25629.25,144,0.16402886126869465,2.9706297479719312,154.0,47.25,240.5,308.0,94.5,-200.0,290.47232407345035,1,2025,11
2025-11-12,25626.25,25597.0,25721.75,25502.0,144,-0.5925480536105643,2.6906569064308217,95.5,124.25,-59.0,191.0,248.5,240.5,277.9994367658058,2,2025,11
2025-11-13,25100.0,24943.75,25155.75,24900.0,144,-1.4807328106447915,0.45112962497910747,55.75,200.0,-313.0,111.5,400.0,-59.0,273.6838300225088,3,2025,11
2025-11-16,25144.0,25199.25,25362.0,25021.5,144,1.550191625122599,0.35948892052188874,218.0,122.5,110.0,436.0,245.0,-313.0,248.61269815560613,6,2025,11
2025-11-17,24904.75,24825.5,24959.75,24603.75,144,-0.4390395135562164,-0.6071081412874269,55.0,301.0,-159.0,110.0,602.0,110.0,249.76664898934848,0,2025,11
2025-11-18,24547.0,24700.0,24713.25,24446.5,144,-0.5390753795272762,-1.8784186401071268,166.25,100.5,305.5,332.5,201.0,-159.0,251.53557219396896,1,2025,11
2025-11-19,24968.75,25113.5,25209.0,24950.5,144,0.46219639791553746,-1.3891351163681565,240.25,18.25,289.0,480.5,36.5,305.5,260.90709553402337,2,2025,11
2025-11-20,24096.75,24092.0,24237.75,23904.0,144,-4.260994595666611,-3.752523121804485,141.0,192.75,-10.0,282.0,385.5,289.0,267.78140510695033,3,2025,11
2025-11-23,24449.75,24401.5,24563.25,24361.25,144,0.4586255694084329,-3.0710689241391864,113.5,88.5,-97.0,227.0,177.0,-10.0,265.0822811684585,6,2025,11
2025-11-24,24973.25,24887.0,24986.75,24821.75,144,1.6852042532801814,-0.657832356332233,13.5,151.5,-173.0,27.0,303.0,-97.0,258.1983567867318,0,2025,11
2025-11-25,25070.0,25196.75,25236.0,25061.75,144,0.8951290896838993,-0.146221677637437,166.0,8.25,253.0,332.0,16.5,-173.0,260.6783610020917,1,2025,11
2025-11-26,25316.75,25317.5,25339.5,25292.75,144,0.29339465545952237,0.6358566161829726,22.75,24.0,1.0,45.5,48.0,253.0,266.055475022548,2,2025,11
2025-11-30,25484.0,25313.25,25542.25,25193.5,144,0.49389775034995864,1.2179436132876642,58.25,290.5,-342.0,116.5,581.0,1.0,265.06696646418675,6,2025,11
2025-12-01,25422.75,25489.25,25499.75,25324.0,144,0.5820687197457985,0.8559859859541996,77.0,98.75,132.5,154.0,197.5,-342.0,274.5983801750055,0,2025,12
2025-12-02,25613.5,25624.75,25678.5,25575.25,144,0.42267748041071584,1.5810938537883068,65.0,38.25,22.0,130.0,76.5,132.5,270.8410038050097,1,2025,12
2025-12-03,25649.75,25644.0,25693.5,25602.75,144,0.6363992939792062,1.7341666172678405,43.75,47.0,-12.0,87.5,94.0,22.0,221.6576589318715,2,2025,12
2025-12-04,25631.0,25716.25,25755.5,25608.5,144,-0.3276712009100846,1.5360459401330573,124.5,22.5,170.0,249.0,45.0,-12.0,212.78121330804112,3,2025,12
2025-12-07,25748.5,25793.5,25821.0,25700.0,144,0.18010299944508645,1.8455598348602331,72.5,48.5,89.5,145.0,97.0,170.0,215.61382846727568,6,2025,12
2025-12-08,25713.0,25668.0,25729.5,25601.0,144,-0.47593199309849954,1.5520576568421651,16.5,112.0,-90.5,33.0,224.0,89.5,210.60457303726932,0,2025,12
2025-12-09,25681.0,25650.5,25746.25,25615.75,144,0.3288606977311481,1.6228098787983036,65.25,65.25,-61.5,130.5,130.5,-90.5,191.3908837816912,1,2025,12
2025-12-10,25777.75,25597.5,25792.5,25382.0,144,0.5965551862285423,1.943728002544609,14.75,395.75,-361.0,29.5,791.5,-61.5,185.9004685591898,2,2025,12
2025-12-11,25719.5,25584.0,25733.75,25562.25,144,0.27980345513396454,1.5572192521816852,14.25,157.25,-271.5,28.5,314.5,-361.0,195.85383076752876,3,2025,12
2025-12-14,25214.5,25336.75,25342.5,25131.25,144,-1.3673842662780378,-0.4520286005079921,128.0,83.25,244.0,256.0,166.5,-271.5,203.94752937175315,6,2025,12
2025-12-15,25100.0,24998.25,25123.0,24826.0,144,-1.2722370906801062,-0.9398272066924895,23.0,274.0,-204.0,46.0,548.0,244.0,200.68362768560027,0,2025,12
2025-12-16,25100.0,25239.75,25249.0,25025.5,144,0.5692447752533525,-0.7619706872386001,149.0,74.5,279.0,298.0,149.0,-204.0,204.04014697835171,1,2025,12
2025-12-17,24740.0,24852.75,24872.25,24674.5,144,-2.062050136510296,-2.5645452600567054,132.25,65.5,225.0,264.5,131.0,279.0,211.01609442235244,2,2025,12
2025-12-18,24987.5,25127.25,25161.75,24976.5,144,-0.11478191436271601,-1.1335240289746196,174.25,11.0,279.0,348.5,22.0,225.0,205.74779368261318,3,2025,12
2025-12-21,25635.0,25707.5,25725.75,25631.5,144,-0.11478191436271601,-1.1335240289746196,90.75,3.5,144.5,181.5,7.0,279.0,205.02996411307916,6,2025,12
2025-12-22,25701.25,25706.25,25738.5,25653.75,144,-0.35782859137720724,1.4091062422563638,37.25,47.5,9.5,74.5,95.0,144.5,207.38662723978788,0,2025,12
2025-12-23,25812.0,25793.0,25825.75,25777.5,144,0.6512181093227598,1.8230813975162352,13.75,34.5,-38.5,27.5,69.0,9.5,205.81949648072444,1,2025,12
2025-12-25,25870.0,25884.0,25916.5,25842.5,144,0.25585610032661243,1.9334513411067178,46.5,27.5,27.5,93.0,55.0,-38.5,201.4467149083559,3,2025,12
2025-12-28,25869.0,25747.25,25893.5,25731.5,144,-0.12548625925461465,1.877507133700007,24.5,137.5,-244.0,49.0,275.0,27.5,194.0961424140109,6,2025,12
2025-12-29,25747.5,25728.25,25755.0,25684.0,144,0.1332321935659575,1.3105580626142865,7.5,63.5,-39.0,15.0,127.0,-244.0,202.38940287163467,0,2025,12
2025-12-30,25678.25,25585.0,25690.5,25552.25,144,-0.0564367033180857,1.0068031492346252,12.25,126.0,-187.0,24.5,252.0,-39.0,186.13948328294595,1,2025,12
2026-01-01,25460.0,25730.75,25744.0,25449.25,144,-0.8723081116865927,0.11738374849632471,284.0,10.75,541.0,568.0,21.5,-187.0,189.21165397511857,3,2026,1
2026-01-04,25430.0,25554.25,25559.75,25406.0,144,-1.1737568980116242,-0.16433296292706068,129.75,24.0,248.0,259.5,48.0,541.0,224.77298489107204,6,2026,1
2026-01-05,25581.0,25593.25,25674.5,25527.0,144,-0.218383184494797,0.5858960388333001,93.5,54.0,24.0,187.0,108.0,248.0,229.97883197784688,0,2026,1
2026-01-06,25834.5,25739.75,25844.75,25727.0,144,0.6914105164612216,1.430596473166612,10.25,107.5,-190.0,20.5,215.0,24.0,227.87591267825428,1,2026,1
2026-01-07,25839.25,25772.5,25850.25,25671.0,144,0.1715748046761334,1.48909732951652,11.0,168.25,-134.0,22.0,336.5,-190.0,232.60156100983187,2,2026,1
2026-01-08,25720.5,25727.75,25737.75,25627.0,144,-0.40137670270008474,0.9140426618729824,17.25,93.5,14.0,34.5,187.0,-134.0,233.85695695400955,3,2026,1
2026-01-11,25946.5,25707.75,25955.75,25632.75,144,0.849715141262708,1.9155389659029076,9.25,313.75,-478.0,18.5,627.5,14.0,233.17309331775058,6,2026,1
2026-01-12,25948.0,25878.5,25954.0,25846.0,144,0.8011030946855291,2.0165285487665274,6.0,102.0,-139.5,12.0,204.0,-478.0,244.38868281791136,0,2026,1
2026-01-13,25900.0,25737.5,25926.0,25711.5,144,-0.17822564329823543,1.8252602432579756,26.0,188.5,-325.5,52.0,377.0,-139.5,238.01527344844249,1,2026,1
2026-01-14,25597.25,25818.0,25838.5,25562.5,144,-0.4011266511266487,0.8029477197322832,241.25,34.75,441.0,482.5,69.5,-325.5,243.68857390659824,2,2026,1
2026-01-15,25720.0,25854.75,25864.5,25704.25,144,-0.794599807135965,1.1574761015020307,144.5,15.75,269.0,289.0,31.5,441.0,258.7915285768796,3,2026,1
2026-01-18,25556.0,25269.25,25559.0,25257.5,144,-0.7093637953862308,1.014401328990422,3.0,298.5,-574.0,6.0,597.0,269.0,258.27973920578927,6,2026,1
2026-01-19,25396.25,25175.0,25438.75,25095.25,144,0.4141462064602752,-0.08733298059201422,42.5,301.0,-443.0,85.0,602.0,-574.0,285.6300791325437,0,2026,1
2026-01-20,25147.0,25153.0,25246.75,25103.5,144,-0.3951668812518516,-1.0814346344318215,99.75,43.5,11.5,199.5,87.0,-443.0,291.7312840702265,1,2026,1
2026-01-21,25529.0,25688.75,25715.75,25483.25,144,1.091421427579231,0.18771799231229735,186.75,45.75,319.0,373.5,91.5,11.5,288.4732086438239,2,2026,1
2026-01-22,25609.75,25574.5,25731.75,25540.0,144,-0.2652571439675899,0.9391393415620675,122.0,69.75,-71.0,244.0,139.5,319.0,300.46953935290577,3,2026,1
2026-01-25,25590.25,25651.5,25742.25,25399.5,144,0.4998633186238166,1.2212629550236942,152.0,190.75,122.0,304.0,381.5,-71.0,300.52112632628854,6,2026,1
2026-01-26,25857.25,26006.0,26028.25,25839.75,144,0.37283725265548906,1.634460824554762,171.0,17.5,297.0,342.0,35.0,122.0,302.48233854487927,0,2026,1
2026-01-27,26112.0,26317.25,26349.0,26109.5,144,0.3588919571638982,2.4661869638537004,237.0,2.5,410.0,474.0,5.0,297.0,307.5929673328563,1,2026,1
2026-01-28,26278.0,26192.0,26294.5,26085.75,144,-0.3913801148429208,2.6746530183316963,16.5,192.25,-172.5,33.0,384.5,410.0,321.7859077006587,2,2026,1
2026-01-29,25994.5,25765.5,26019.0,25649.0,144,-0.5395425368065587,1.9649002780156577,24.5,345.5,-458.5,49.0,691.0,-172.5,321.3401174030899,3,2026,1
2026-02-01,25530.0,25407.75,25646.0,25180.25,144,-0.6135266167974662,0.6371803442024149,116.0,349.75,-245.0,232.0,699.5,-458.5,311.7364556210228,6,2026,2
2026-02-02,25873.25,25955.75,26027.75,25866.0,144,1.2293357084830037,1.2548255744283976,154.5,7.25,164.5,309.0,14.5,-245.0,307.0948454125328,0,2026,2
2026-02-03,25390.25,25450.25,25514.5,25355.0,144,-1.8864832558946554,-0.45667423715334277,124.25,35.25,119.5,248.5,70.5,164.5,310.8502812744764,1,2026,2
2026-02-04,25067.25,25033.25,25169.25,24915.5,144,-1.52452235572188,-2.2586700563465123,102.0,151.75,-68.5,204.0,303.5,119.5,311.6960933429599,2,2026,2
2026-02-05,24410.0,24793.5,24830.5,24240.5,144,-0.5318719470348343,-3.639046850095684,420.5,169.5,766.5,841.0,339.0,-68.5,311.04051183085465,3,2026,2
2026-02-08,25150.25,25045.25,25347.0,24967.75,144,1.56300484652665,-1.6585129306130653,196.75,182.5,-210.5,393.5,365.0,766.5,359.67772398576335,6,2026,2
2026-02-09,25361.25,25355.5,25405.75,25278.5,144,1.1194141533058533,-0.9138726053102286,44.5,82.75,-12.0,89.0,165.5,-210.5,345.7810609406813,0,2026,2
2026-02-10,25254.0,25207.25,25345.25,25147.0,144,-0.6196739076892777,-1.373975228321267,91.25,107.0,-94.0,182.5,214.0,-12.0,344.039030642256,1,2026,2
2026-02-11,25281.75,25350.0,25374.0,25205.5,144,-0.5517634793555826,-1.126291744569008,92.25,76.25,136.0,184.5,152.5,-94.0,335.7035777367634,2,2026,2
2026-02-12,24838.75,24729.75,24864.5,24642.75,144,-2.2991113259096307,-3.089387751827588,25.75,196.0,-218.5,51.5,392.0,136.0,322.65511977309376,3,2026,2
2026-02-15,24789.25,24878.25,24922.25,24754.25,144,0.24148487940911512,-2.878101395614563,133.0,35.0,177.5,266.0,70.0,-218.5,320.7299353776763,6,2026,2
2026-02-16,24746.0,24605.5,24842.0,24558.0,144,-0.06764192183824624,-3.0301415361803086,96.0,188.0,-281.5,192.0,376.0,177.5,294.2362548772848,0,2026,2
2026-02-17,24786.0,24921.75,24942.0,24702.0,144,0.47853196127134456,-2.8448660716473895,156.0,84.0,271.0,312.0,168.0,-281.5,282.66161073660237,1,2026,2
2026-02-18,24940.25,24855.0,25054.25,24825.25,144,0.5995868393207981,-2.0770878826502304,114.0,115.0,-171.0,228.0,230.0,271.0,287.4618006659411,2,2026,2
2026-02-19,24844.0,24902.25,24985.25,24825.25,144,0.11677538858017034,-2.3861469441245786,141.25,18.75,116.0,282.5,37.5,-171.0,283.96862780762837,3,2026,2
2026-02-22,25036.0,24970.5,25059.25,24807.0,144,1.4525444816459565,-1.5081391276954181,23.25,229.0,-131.5,46.5,458.0,116.0,283.78747607839813,6,2026,2
2026-02-23,24787.0,24842.25,24890.25,24761.0,144,-0.8536402301726254,-2.6321324184129358,103.25,26.0,110.0,206.5,52.0,-131.5,285.2324294602377,0,2026,2
2026-02-24,25020.5,25073.75,25118.0,24992.25,144,0.9070843286064223,-1.550119277764772,97.5,28.25,106.0,195.0,56.5,110.0,278.6539957404259,1,2026,2
2026-02-25,25398.75,25358.0,25418.5,25264.75,144,0.8892995896304656,-0.17038756534555333,19.75,134.0,-82.0,39.5,268.0,106.0,263.59220273389207,2,2026,2
2026-02-26,25026.0,25001.0,25098.75,24954.0,144,-1.0190894292901875,-1.354017671564689,72.75,72.0,-50.5,145.5,144.0,-82.0,261.3293646762745,3,2026,2
2026-03-01,24684.75,24657.75,24901.25,24477.0,144,0.7344052224371289,-1.6770158851900474,216.5,207.75,-54.5,433.0,415.5,-50.5,238.61632934813775,6,2026,3
2026-03-02,25002.75,24450.75,25011.25,24392.75,144,1.5327963643003484,-1.6105014857365818,8.5,610.0,-1104.5,17.0,1220.0,-54.5,231.16295659123242,0,2026,3
2026-03-03,24711.5,24842.5,24874.75,24498.5,144,0.9048390548100249,-2.6344075237772713,163.25,213.0,261.5,326.5,426.0,-1104.5,340.4965520731219,1,2026,3
2026-03-04,25154.5,25107.25,25243.0,24973.0,144,1.075333715584792,-1.161606871471721,88.5,181.5,-95.0,177.0,363.0,261.5,345.3084233505492,2,2026,3
2026-03-05,25015.75,24947.5,25141.5,24882.0,144,0.24111814789247177,-1.3856714734983844,125.75,133.75,-137.0,251.5,267.5,-95.0,345.52792940658213,3,2026,3
2026-03-08,24500.0,24420.25,24500.0,23999.0,144,-0.07291803809967856,-2.793261525523849,0.0,501.0,-160.0,0.0,1002.0,-137.0,290.9282998573613,6,2026,3
2026-03-09,24978.0,25091.25,25146.75,24832.5,144,2.289982605136598,-1.4455662433713323,168.75,145.5,226.0,337.5,291.0,-160.0,289.8914678942703,0,2026,3
2026-03-10,25015.0,24902.0,25123.5,24895.25,144,-0.023007822659704136,-1.4114684002365152,108.5,119.75,-226.5,217.0,239.5,226.0,297.220208989192,1,2026,3
2026-03-11,24940.0,24917.0,24949.75,24696.25,144,-0.20371479928100733,-1.3643531862049807,9.75,243.75,-46.5,19.5,487.5,-226.5,299.51396044258104,2,2026,3
2026-03-12,24565.0,24532.0,24661.25,24397.5,144,-0.8879650464668098,-2.986180249371828,96.25,167.5,-66.5,192.5,335.0,-46.5,295.8115020360806,3,2026,3
2026-03-15,24287.75,24491.25,24585.25,24270.0,144,-1.0062688929013408,-3.536100272637288,297.5,17.75,406.5,595.0,35.5,-66.5,293.8646707871535,6,2026,3
2026-03-16,24660.0,24630.0,24667.75,24517.5,144,0.05576792431785105,-2.389835675675245,7.75,142.5,-60.5,15.5,285.0,406.5,308.01140614559955,0,2026,3
2026-03-17,24810.0,24949.25,24990.0,24771.75,144,0.0373247251084452,-1.8267683546531854,180.0,38.25,278.0,360.0,76.5,-60.5,303.40666214105937,1,2026,3
2026-03-18,24393.25,24415.75,24507.75,24287.25,144,-1.1249481532438321,-3.1349981199248145,114.5,106.0,44.5,229.0,212.0,278.0,303.79349807671036,2,2026,3
2026-03-19,24390.0,24219.0,24445.0,24157.25,144,0.6029569670438661,-3.3279626645924765,55.0,232.75,-342.5,110.0,465.5,44.5,302.87600706872564,3,2026,3
2026-03-22,23914.0,23883.25,24095.75,23772.75,144,0.6029569670438661,-3.3279626645924765,181.75,141.25,-62.0,363.5,282.5,-342.5,308.28248750985387,6,2026,3
2026-03-23,24408.25,24421.0,24507.0,24193.5,144,-0.39090408050787007,-3.0561331759106802,98.75,214.75,25.0,197.5,429.5,-62.0,307.78091468992756,0,2026,3
2026-03-24,24422.5,24454.5,24534.75,24320.25,144,-0.15151202819978504,-3.6386062288004895,112.25,102.25,63.5,224.5,204.5,25.0,305.996623433383,1,2026,3
2026-03-25,24368.25,24155.5,24421.25,24108.5,144,-0.2374105872842036,-2.909517594083333,53.0,259.75,-426.0,106.0,519.5,63.5,304.9506905783467,2,2026,3
2026-03-26,23830.0,23739.25,23975.75,23709.75,144,-1.527570789865873,-5.101090657242868,145.75,120.25,-182.0,291.5,240.5,-426.0,315.8150316411908,3,2026,3
2026-03-29,23191.5,23404.0,23451.5,23093.75,144,-1.4595840027056717,-6.829902290064749,260.0,97.75,424.5,520.0,195.5,-182.0,316.61637400721037,6,2026,3
2026-03-30,23112.0,23305.75,23405.75,22960.5,144,-1.5876898209196466,-7.332584728256164,293.75,151.5,387.0,587.5,303.0,424.5,336.3795426456941,0,2026,3
2026-03-31,23895.0,24070.5,24181.5,23880.25,144,2.262520850263039,-4.1171479122321,286.5,14.75,350.5,573.0,29.5,387.0,245.42286814909144,1,2026,3
2026-04-01,24181.5,23830.5,24245.75,23752.0,144,0.4618386366938676,-2.8817528981267215,64.25,429.5,-702.5,128.5,859.0,350.5,250.86276915351235,2,2026,4
2026-04-02,24213.75,24139.0,24255.5,24120.25,144,1.9262937519068268,-2.6988114238609473,41.75,93.5,-150.0,83.5,187.0,-702.5,297.8960996458506,3,2026,4
2026-04-05,24093.25,24337.75,24398.25,23981.0,144,1.9262937519068268,-2.6988114238609473,305.0,112.25,488.5,610.0,224.5,-150.0,298.2010746477159,6,2026,4
2026-04-06,24342.0,24386.0,24421.0,24152.5,144,0.4059344735215298,-2.024180786870866,79.0,189.5,87.5,158.0,379.0,488.5,315.87747041501626,0,2026,4
2026-04-07,24490.0,25199.5,25245.25,24360.0,144,0.517659190513009,-1.893292285866055,755.25,130.0,1418.5,1510.5,260.0,87.5,312.6588638301799,1,2026,4
2026-04-08,25038.75,25017.25,25066.25,24953.0,144,-0.4752125559292386,1.0282894921031849,27.5,85.75,-43.5,55.0,171.5,1418.5,437.4030561766019,2,2026,4
2026-04-09,25242.25,25259.0,25304.0,25193.25,144,0.6688329811411098,1.7779164444573503,61.75,49.0,33.0,123.5,98.0,-43.5,437.3518478476905,3,2026,4
2026-04-12,25004.25,25116.5,25134.0,24914.5,144,-0.12245704127987755,1.9912578921806645,129.75,89.75,224.0,259.5,179.5,33.0,435.9587015689493,6,2026,4
2026-04-13,25581.0,25638.0,25674.0,25559.5,144,1.278975233487345,3.053616087146449,93.0,21.5,113.5,186.0,43.0,224.0,431.13081037881614,0,2026,4
2026-04-14,25986.75,25978.75,26058.25,25966.0,144,1.3437271619975544,4.894427818868818,71.5,20.75,-16.5,143.0,41.5,113.5,429.62800540271553,1,2026,4
2026-04-15,26345.25,26453.25,26487.25,26344.0,144,1.3103792798678127,6.315304076730577,142.0,1.25,215.5,284.0,2.5,-16.5,428.3041682336465,2,2026,4
2026-04-16,26464.25,26536.75,26541.25,26443.25,144,0.16830878042322084,6.709816908292177,77.0,21.0,144.5,154.0,42.0,215.5,429.1223724374153,3,2026,4
2026-04-19,26603.25,26695.0,26721.5,26534.75,144,0.5048187241853963,7.934726195217934,118.25,68.5,183.0,236.5,137.0,144.5,416.6070690710852,6,2026,4
2026-04-20,26776.5,26841.25,26857.25,26751.5,144,-0.19032513877874635,7.4217730190517806,80.75,25.0,129.0,161.5,50.0,183.0,414.5817676951836,0,2026,4
2026-04-21,26735.0,26826.0,26864.5,26728.0,144,-0.6201449180755936,6.878717808412627,129.5,7.0,181.5,259.0,14.0,129.0,413.8219042306154,1,2026,4
2026-04-22,27080.75,26941.75,27100.0,26848.0,144,0.73936293885144,8.484223417409286,19.25,232.75,-278.5,38.5,465.5,181.5,413.55843474334847,2,2026,4
2026-04-23,26990.75,27109.25,27154.0,26990.75,144,-0.32852119193040874,7.7209426995195285,163.25,0.0,236.5,326.5,0.0,-278.5,404.0840478949372,3,2026,4
2026-04-26,27404.0,27455.75,27542.0,27343.75,144,0.8204628770408284,9.561309464022806,138.0,60.25,103.0,276.0,120.5,236.5,396.73547464539297,6,2026,4
2026-04-27,27425.75,27285.0,27512.5,27255.75,144,0.1267785479751815,9.372048482008143,86.75,170.0,-282.0,173.5,340.0,103.0,392.4262074447547,0,2026,4
2026-04-28,27196.0,27227.75,27318.25,27191.5,144,0.03037415435593882,8.071244803177047,122.25,4.5,63.0,244.5,9.0,-282.0,400.06816771119077,1,2026,4
2026-04-29,27202.75,27368.25,27623.0,27185.5,144,0.4704714822608258,8.50509494332259,420.25,17.25,330.5,840.5,34.5,63.0,396.56703156757214,2,2026,4
2026-04-30,27630.0,27570.25,27673.75,27545.25,144,0.3338002292034181,9.228730087909366,43.75,84.75,-120.0,87.5,169.5,330.5,350.0769802561476,3,2026,4
2026-05-03,27888.0,27890.75,27966.5,27760.0,144,0.7391658373292254,10.00167946020174,78.5,128.0,5.0,157.0,256.0,-120.0,348.744813204214,6,2026,5
2026-05-04,27754.0,27936.5,27956.25,27727.5,144,-0.2665685359373837,9.523958778721964,202.25,26.5,364.5,404.5,53.0,5.0,341.49762559858846,0,2026,5
2026-05-05,28246.5,28507.0,28538.5,28245.25,144,0.5252250964699057,10.657494700160864,292.0,1.25,520.5,584.0,2.5,364.5,345.0101247560867,1,2026,5
2026-05-06,28663.75,28730.25,28814.75,28637.5,144,1.1315903026673846,12.571875557507294,151.0,26.25,132.5,302.0,52.5,520.5,198.6625858744313,2,2026,5
2026-05-07,28588.0,28852.25,28897.25,28542.0,144,-0.22869366353336362,12.148513258562454,309.25,46.0,528.0,618.5,92.0,132.5,195.59765867450298,3,2026,5
2026-05-10,29294.5,29315.0,29402.5,29222.25,144,1.5981023616594037,14.35568302668091,108.0,72.25,40.5,216.0,144.5,528.0,215.1340386950962,6,2026,5
2026-05-11,29399.75,29221.75,29456.5,29173.75,144,0.4231359836205373,14.317234306823812,56.75,226.0,-356.5,113.5,452.0,40.5,215.22548763172958,0,2026,5
2026-05-12,29148.0,29420.25,29448.25,29056.25,144,-0.13179176900497414,12.961170753088025,300.25,91.75,544.0,600.5,183.5,-356.5,241.18143421608207,1,2026,5
2026-05-13,29537.0,29533.5,29693.5,29481.0,144,0.6453485394294356,13.735372856621385,156.5,56.0,-7.5,313.0,112.0,544.0,258.1418151143404,2,2026,5
2026-05-14,29695.25,29224.75,29733.5,29177.25,144,0.713286120181511,14.115402379177254,38.25,518.0,-941.5,76.5,1036.0,-7.5,259.26014546458117,3,2026,5
2026-05-17,29135.25,29190.5,29283.75,28924.0,144,-0.1605300908531948,12.010438111368593,148.5,211.25,110.0,297.0,422.5,-941.5,351.7618615439174,6,2026,5
2026-05-18,29100.0,28914.5,29190.0,28837.75,144,-0.8146292414404233,11.161387142226564,90.0,262.25,-371.5,180.0,524.5,110.0,350.8919039953383,0,2026,5
2026-05-19,28930.0,29124.75,29155.75,28796.0,144,0.25476382353706306,10.131865048080302,225.75,134.0,389.0,451.5,268.0,-371.5,363.7099625279809,1,2026,5
2026-05-20,29260.0,29381.0,29463.25,29113.0,144,1.1066779025573181,11.553115832855788,203.25,147.0,241.5,406.5,294.0,389.0,370.84528179055457,2,2026,5
2026-05-21,29450.0,29526.5,29665.5,29443.5,144,0.7829345928740183,11.367770923710573,215.5,6.5,152.5,431.0,13.0,241.5,364.74535006595613,3,2026,5
2026-05-24,29675.75,29955.75,29995.0,29672.0,144,-0.09381180169368841,11.387512379164754,319.25,3.75,559.5,638.5,7.5,152.5,363.28640560857775,6,2026,5
2026-05-25,29961.75,29847.75,29990.0,29743.0,144,0.07514904560712576,12.475328101526983,28.25,218.75,-228.5,56.5,437.5,559.5,379.3060006185813,0,2026,5
2026-05-26,30053.75,30213.5,30237.25,30027.0,144,0.5919287010174745,12.432113400780565,183.5,26.75,319.0,367.0,53.5,-228.5,376.68619059398844,1,2026,5
2026-05-27,30114.0,29975.0,30137.5,29763.25,144,-0.4637681159420315,11.863694381574064,23.5,350.75,-278.5,47.0,701.5,319.0,379.77913508691927,2,2026,5
2026-05-28,30323.0,30332.5,30369.5,30216.25,144,0.8393295345838769,12.364716307455016,46.5,106.75,18.5,93.0,213.5,-278.5,385.5877221169892,3,2026,5
2026-05-31,30416.5,30462.25,30595.0,30360.5,144,0.046901227660200995,12.206888354381418,178.5,56.0,91.0,357.0,112.0,18.5,383.0396743227302,6,2026,5
2026-06-01,30542.75,30565.25,30587.75,30317.75,144,0.7522328049302862,12.334066457379379,45.0,225.0,44.5,90.0,450.0,91.0,382.5525110154299,0,2026,6
2026-06-02,30743.0,30734.5,30772.25,30566.25,144,0.4925262012484888,12.313101814489036,29.25,176.75,-17.5,58.5,353.5,44.5,377.1810991804168,1,2026,6
2026-06-03,30460.5,30336.25,30546.0,30245.5,144,-0.3869320999195236,11.528064539439686,85.5,215.0,-249.0,171.0,430.0,-17.5,362.6682150540993,2,2026,6
2026-06-04,30410.0,30199.0,30423.0,30052.25,144,0.7152591368986272,10.488412040655493,13.0,357.75,-422.5,26.0,715.5,-249.0,368.0082548773802,3,2026,6
2026-06-07,28843.5,29239.75,29288.25,28821.0,144,-3.3950925555999434,4.767160818517091,444.75,22.5,792.0,889.5,45.0,-422.5,361.5436968567454,6,2026,6
2026-06-08,29436.75,29680.0,29698.75,29302.5,144,-0.24977774014648402,5.872590187612237,262.0,134.25,486.0,524.0,268.5,792.0,404.46381905066954,0,2026,6
2026-06-09,29102.0,28779.25,29169.0,28684.0,144,-2.0891306358187145,4.214912654330494,67.0,418.0,-646.0,134.0,836.0,486.0,407.11507166763977,1,2026,6
2026-06-10,28458.0,28877.5,28935.0,28264.25,144,-1.1237999514781771,1.7764569288883925,477.0,193.75,838.5,954.0,387.5,-646.0,419.6599469244494,2,2026,6
2026-06-11,29450.0,29622.0,29668.0,29261.0,144,2.4475494074582826,4.695275864250492,218.0,189.0,343.5,436.0,378.0,838.5,459.40158730793775,3,2026,6
2026-06-14,29826.25,30245.5,30324.5,29825.0,144,0.5263559386680994,4.977848808247121,498.25,1.25,838.0,996.5,2.5,343.5,400.32722142083514,6,2026,6
2026-06-15,30528.0,30564.5,30639.0,30452.5,144,0.7739287392132033,7.749413083479628,111.0,75.5,72.5,222.0,151.0,838.0,432.28274129445964,0,2026,6
2026-06-16,30000.0,30141.25,30269.0,29993.0,144,-1.6801212965618983,5.302510020701479,269.0,7.0,282.0,538.0,14.0,72.5,415.4342179860541,1,2026,6
2026-06-17,29850.0,30180.25,30184.5,29786.5,144,-1.752832421606676,3.869821273736318,334.5,63.5,660.0,669.0,127.0,282.0,413.10999873233726,2,2026,6
2026-06-21,30580.75,30699.5,30782.0,30336.75,144,0.01631534294850301,6.868397866606801,201.25,244.0,237.0,402.5,488.0,660.0,427.69822966420475,6,2026,6
2026-06-22,30662.0,29886.75,30699.75,29776.0,144,-0.5466785627382564,6.480129023876557,37.75,886.0,-1551.0,75.5,1772.0,237.0,427.80077138780393,0,2026,6
2026-06-23,29766.25,29808.75,29891.75,29581.5,144,-0.23132959841182243,2.701785285960101,125.5,184.75,84.5,251.0,369.5,-1551.0,568.3046689149461,1,2026,6
2026-06-24,30095.75,30132.25,30217.75,29924.0,144,-0.6655672046177452,1.9790967686650562,122.0,171.75,72.5,244.0,343.5,84.5,563.6096044108995,2,2026,6
2026-06-25,29748.0,29371.75,29893.75,29160.0,144,-1.337357289136143,2.5537519963845456,145.75,588.0,-753.0,291.5,1176.0,72.5,561.1923256030766,3,2026,6
2026-06-28,29280.5,29664.75,29732.0,29280.0,144,-0.14985610408188021,0.8674931258377594,451.5,0.5,768.0,903.0,1.0,-753.0,586.8050935047837,6,2026,6
2026-06-29,30005.5,30082.5,30217.25,29935.25,144,1.3560808588512163,3.1463211045345885,211.75,70.25,153.5,423.5,140.5,768.0,607.5103183009365,0,2026,6
2026-06-30,30502.5,30384.25,30555.75,30298.75,144,1.5534125987003655,4.480039445165396,53.25,203.75,-237.0,106.5,407.5,153.5,607.630173945858,1,2026,6
2026-07-01,30084.75,29958.25,30239.0,29826.0,144,-0.5134607752348197,2.756297210396652,154.25,258.75,-253.5,308.5,517.5,-237.0,612.2668750763751,2,2026,7
2026-07-02,29566.0,29870.75,29901.0,29522.5,144,-1.7855064753703132,0.7347633917282437,335.0,43.5,609.0,670.0,87.0,-253.5,616.657466977371,3,2026,7
2026-07-05,29936.75,29877.75,30010.0,29683.25,144,-0.0576518164499884,1.7736860886521377,73.25,253.5,-118.5,146.5,507.0,609.0,622.6877734128836,6,2026,7
2026-07-06,29960.0,29662.75,29974.0,29557.5,144,0.38711623542029283,1.7617836877065196,14.0,402.5,-595.0,28.0,805.0,-118.5,612.4071057375924,0,2026,7
2026-07-07,29387.0,28959.25,29558.0,28910.25,144,-0.6707497360084469,-0.26029821900236394,171.0,476.75,-856.0,342.0,953.5,-595.0,612.4935209109519,1,2026,7
2026-07-08,29410.0,29644.75,29736.0,29395.0,144,0.8749475630741355,-0.2048599959617481,326.0,15.0,469.0,652.0,30.0,-856.0,636.9153438748024,2,2026,7
2026-07-09,29936.5,29815.0,29964.75,29716.25,144,0.6790771946043606,1.2792023264126762,28.25,220.25,-243.5,56.5,440.5,469.0,626.3399194820988,3,2026,7
2026-07-12,29956.75,29771.0,30042.5,29546.5,144,0.6745150613766793,1.4123452121809654,85.75,410.25,-372.0,171.5,820.5,-243.5,601.1625053966163,6,2026,7
2026-07-13,29440.0,29602.25,29649.75,29303.25,144,-0.8187341175678653,-0.6223402739497841,209.75,136.75,324.0,419.5,273.5,-372.0,600.8782010524262,0,2026,7
2026-07-14,29798.0,29924.75,30062.5,29745.75,144,-0.08302374143555058,0.316887664013521,264.5,52.25,253.0,529.0,104.5,324.0,571.7865785827508,1,2026,7
2026-07-15,29707.75,29530.5,29796.5,29478.0,144,-0.8504281350670162,-0.07561427133159215,88.75,229.75,-355.0,177.5,459.5,253.0,575.4402913833618,2,2026,7
2026-07-16,29186.75,28711.25,29220.0,28554.75,144,-0.8450345734526743,-1.7357944073592813,33.25,632.0,-951.5,66.5,1264.0,-355.0,573.5275747053217,3,2026,7
2026-07-19,28747.5,28952.5,28997.75,28706.75,144,0.5505693586304039,-3.2645248664408655,250.25,40.75,409.5,500.5,81.5,-951.5,576.516295360148,6,2026,7
2026-07-20,28783.25,29154.75,29196.5,28700.0,144,-0.8874619105823989,-3.1561491972111333,413.25,83.25,742.5,826.5,166.5,409.5,584.0996467799146,0,2026,7
2026-07-21,29309.0,29127.75,29337.25,29026.0,144,0.3028514231450341,-1.3820459690564224,28.25,283.0,-363.0,56.5,566.0,742.5,517.3729560557786,1,2026,7
2026-07-22,29107.5,29054.5,29283.0,28922.0,144,0.2432086351956464,-1.8850149303949237,175.5,185.5,-106.5,351.0,371.0,-363.0,521.2546377428415,2,2026,7
2026-07-23,28708.0,28699.75,28734.75,28466.25,144,-0.36127167630057855,-3.668778894442759,26.75,241.75,-17.0,53.5,483.5,-106.5,520.3080666398765,3,2026,7
2026-07-26,28501.5,28744.25,28763.75,28501.5,144,-0.899614576033636,-4.693057949936574,262.25,0.0,485.0,524.5,0.0,-17.0,495.1617492241669,6,2026,7
2026-07-27,28210.5,27956.5,28229.0,27839.25,144,-1.3929086696104598,-4.930669831935042,18.5,371.25,-508.5,37.0,742.5,485.0,474.56198918470835,0,2026,7
2026-07-28,27962.25,28019.0,28177.25,27640.5,144,-0.1082299483895155,-5.777953266107794,215.0,321.75,113.0,430.0,643.5,-508.5,482.55611890715545,1,2026,7
2026-07-29,27208.0,27516.25,27697.0,27204.75,144,-2.0723625291062198,-7.646507052146035,489.0,3.25,616.0,978.0,6.5,113.0,483.0711917676207,2,2026,7
2026-07-30,28317.25,28531.5,28642.0,28304.25,144,1.2671850197745416,-4.552762239003528,324.75,13.0,428.0,649.5,26.0,616.0,504.05034405514016,3,2026,7
2026-08-02,28567.5,28559.25,28698.25,28472.0,144,-0.6062726914833116,-3.9000774639202374,130.75,95.5,-17.0,261.5,191.0,428.0,493.61756118530286,6,2026,8
2026-08-03,28930.0,29077.5,29132.25,28831.5,144,1.7005366411542155,-2.1728074203215653,202.25,98.5,294.5,404.5,197.0,-17.0,493.20654635600783,0,2026,8
2026-08-04,29781.25,29857.5,29990.75,29775.5,144,2.1909233176838905,1.1301622936885192,209.5,5.75,152.0,419.0,11.5,294.5,479.22216238510146,1,2026,8
2026-08-05,29576.0,29526.25,29678.75,29437.75,144,-1.2276999808171873,0.25501634867788336,102.75,138.25,-100.0,205.5,276.5,152.0,433.36279547280003,2,2026,8
2026-08-06,29515.0,29618.25,29650.5,29455.0,144,0.552236643628401,-0.07853881556962872,135.5,60.0,206.0,271.0,120.0,-100.0,424.20645032813906,3,2026,8
